# Blender 4.3.2
# www.blender.org
o finger_inner
v -0.027091 -0.016171 -0.100314
v -0.027109 -0.016208 -0.099500
v -0.027041 -0.016080 -0.098500
v -0.027000 -0.016000 -0.097998
v -0.026068 -0.017057 -0.101053
v -0.026215 -0.017182 -0.100500
v -0.026298 -0.017252 -0.099500
v -0.026222 -0.017187 -0.098500
v -0.026140 -0.017119 -0.097500
v -0.026090 -0.017077 -0.096500
v -0.026295 -0.016500 -0.101223
v -0.026767 -0.016503 -0.100588
v -0.026798 -0.016708 -0.099500
v -0.026722 -0.016580 -0.098500
v -0.026690 -0.016400 -0.097599
v -0.026523 -0.016500 -0.096500
v -0.025500 -0.017193 -0.101174
v -0.025500 -0.017565 -0.100500
v -0.025500 -0.017695 -0.099500
v -0.025500 -0.017573 -0.098500
v -0.025500 -0.017444 -0.097500
v -0.025500 -0.017365 -0.096500
v -0.025500 -0.016500 -0.101586
v -0.024500 -0.017325 -0.101287
v -0.024500 -0.017806 -0.100500
v -0.024500 -0.017918 -0.099500
v -0.024500 -0.017805 -0.098500
v -0.024500 -0.017685 -0.097500
v -0.024500 -0.017610 -0.096500
v -0.024500 -0.016500 -0.101745
v -0.027040 -0.016074 -0.093257
v -0.027093 -0.016172 -0.092500
v -0.027086 -0.016160 -0.091500
v -0.027031 -0.016058 -0.090961
v -0.026081 -0.017068 -0.095500
v -0.026114 -0.017096 -0.094500
v -0.026185 -0.017155 -0.093500
v -0.026268 -0.017224 -0.092500
v -0.026249 -0.017207 -0.091500
v -0.026127 -0.017105 -0.090893
v -0.026509 -0.016500 -0.095500
v -0.026571 -0.016500 -0.094500
v -0.026740 -0.016445 -0.093554
v -0.026768 -0.016672 -0.092500
v -0.026749 -0.016660 -0.091500
v -0.026476 -0.016435 -0.090733
v -0.025500 -0.017348 -0.095500
v -0.025500 -0.017399 -0.094500
v -0.025500 -0.017509 -0.093500
v -0.025500 -0.017638 -0.092500
v -0.025500 -0.017605 -0.091500
v -0.025500 -0.017255 -0.090746
v -0.025495 -0.016449 -0.090218
v -0.025158 -0.016082 -0.089973
v -0.024500 -0.017595 -0.095500
v -0.024500 -0.017641 -0.094500
v -0.024500 -0.017742 -0.093500
v -0.024500 -0.017862 -0.092500
v -0.024500 -0.017832 -0.091500
v -0.024500 -0.017373 -0.090637
v -0.024500 -0.016639 -0.090137
v -0.024500 -0.016138 -0.089957
v -0.027066 -0.015304 -0.101075
v -0.027188 -0.015582 -0.100588
v -0.027330 -0.015500 -0.099500
v -0.027220 -0.015500 -0.098500
v -0.027103 -0.015534 -0.097599
v -0.027098 -0.015305 -0.096500
v -0.027101 -0.014500 -0.101116
v -0.027336 -0.014500 -0.100500
v -0.027455 -0.014500 -0.099500
v -0.027411 -0.014500 -0.098500
v -0.027352 -0.014500 -0.097500
v -0.027309 -0.014500 -0.096500
v -0.027103 -0.013500 -0.101118
v -0.027338 -0.013500 -0.100500
v -0.027456 -0.013500 -0.097500
v -0.027446 -0.013500 -0.096500
v -0.027068 -0.012692 -0.101078
v -0.027189 -0.012415 -0.100590
v -0.027372 -0.012500 -0.097500
v -0.027374 -0.012500 -0.096500
v -0.027091 -0.011829 -0.100316
v -0.027138 -0.011742 -0.099500
v -0.027138 -0.011740 -0.098500
v -0.027139 -0.011738 -0.097500
v -0.027140 -0.011735 -0.096500
v -0.026595 -0.015582 -0.101367
v -0.026991 -0.015971 -0.100980
v -0.026963 -0.015891 -0.097331
v -0.026933 -0.015805 -0.096500
v -0.026500 -0.014500 -0.101555
v -0.026500 -0.013500 -0.101560
v -0.026596 -0.012415 -0.101374
v -0.026993 -0.012025 -0.100983
v -0.026304 -0.011500 -0.101235
v -0.026774 -0.011498 -0.100590
v -0.026830 -0.011242 -0.099500
v -0.026833 -0.011240 -0.098500
v -0.026835 -0.011238 -0.097500
v -0.026837 -0.011235 -0.096500
v -0.026079 -0.010932 -0.101063
v -0.026223 -0.010809 -0.100500
v -0.026330 -0.010718 -0.099500
v -0.026333 -0.010714 -0.098500
v -0.026335 -0.010712 -0.097500
v -0.026337 -0.010709 -0.096500
v -0.025500 -0.015500 -0.101863
v -0.025500 -0.014500 -0.101904
v -0.025500 -0.013500 -0.101909
v -0.025500 -0.012500 -0.101877
v -0.025500 -0.011500 -0.101615
v -0.025500 -0.010786 -0.101194
v -0.025500 -0.010411 -0.100500
v -0.025500 -0.010247 -0.099500
v -0.025500 -0.010241 -0.098500
v -0.025500 -0.010236 -0.097500
v -0.025500 -0.010232 -0.096500
v -0.024500 -0.015500 -0.101921
v -0.024500 -0.014500 -0.101929
v -0.024500 -0.013500 -0.101934
v -0.024500 -0.012500 -0.101937
v -0.024500 -0.011500 -0.101775
v -0.024500 -0.010653 -0.101307
v -0.024416 -0.010135 -0.100405
v -0.024562 -0.010030 -0.099500
v -0.024590 -0.010027 -0.098500
v -0.024630 -0.010025 -0.097500
v -0.024683 -0.010023 -0.096500
v -0.027419 -0.013000 -0.099000
v -0.024026 -0.009998 -0.100008
v -0.024076 -0.009995 -0.099000
v -0.024157 -0.009989 -0.097000
v -0.027095 -0.015293 -0.095500
v -0.027121 -0.015379 -0.094500
v -0.027159 -0.015578 -0.093554
v -0.027307 -0.015500 -0.092500
v -0.027277 -0.015500 -0.091500
v -0.027098 -0.015500 -0.090879
v -0.027305 -0.014500 -0.095500
v -0.027341 -0.014500 -0.094500
v -0.027400 -0.014500 -0.093500
v -0.027449 -0.014500 -0.092500
v -0.027384 -0.014500 -0.091500
v -0.027150 -0.014500 -0.090815
v -0.027445 -0.013500 -0.095500
v -0.027454 -0.013500 -0.094500
v -0.027464 -0.013500 -0.093500
v -0.027469 -0.013500 -0.092500
v -0.027385 -0.013500 -0.091500
v -0.027151 -0.013500 -0.090816
v -0.027375 -0.012500 -0.095500
v -0.027375 -0.012500 -0.094500
v -0.027376 -0.012500 -0.093500
v -0.027378 -0.012500 -0.092500
v -0.027293 -0.012500 -0.091500
v -0.027103 -0.012500 -0.090876
v -0.027141 -0.011733 -0.095500
v -0.027141 -0.011730 -0.094500
v -0.027143 -0.011728 -0.093500
v -0.027144 -0.011725 -0.092500
v -0.027101 -0.011809 -0.091500
v -0.027037 -0.011931 -0.090955
v -0.026928 -0.015793 -0.095500
v -0.026958 -0.015879 -0.094500
v -0.026988 -0.015964 -0.093924
v -0.026417 -0.015464 -0.090325
v -0.026028 -0.015106 -0.089986
v -0.026544 -0.014500 -0.090315
v -0.026044 -0.014500 -0.089977
v -0.026547 -0.013500 -0.090316
v -0.026419 -0.012522 -0.090320
v -0.026840 -0.011233 -0.095500
v -0.026842 -0.011231 -0.094500
v -0.026844 -0.011228 -0.093500
v -0.026846 -0.011225 -0.092500
v -0.026773 -0.011309 -0.091500
v -0.026480 -0.011558 -0.090723
v -0.026339 -0.010707 -0.095500
v -0.026342 -0.010705 -0.094500
v -0.026344 -0.010702 -0.093500
v -0.026346 -0.010699 -0.092500
v -0.026273 -0.010763 -0.091500
v -0.026133 -0.010885 -0.090885
v -0.025495 -0.015464 -0.089939
v -0.025500 -0.014500 -0.089860
v -0.025500 -0.013500 -0.089803
v -0.025569 -0.012522 -0.089820
v -0.025716 -0.011500 -0.090188
v -0.025216 -0.011500 -0.089884
v -0.025500 -0.010227 -0.095500
v -0.025500 -0.010220 -0.094500
v -0.025500 -0.010215 -0.093500
v -0.025500 -0.010211 -0.092500
v -0.025500 -0.010315 -0.091500
v -0.025404 -0.010765 -0.090531
v -0.025007 -0.010995 -0.089995
v -0.024500 -0.015500 -0.089862
v -0.024500 -0.014500 -0.089746
v -0.024500 -0.013500 -0.089612
v -0.024500 -0.012500 -0.089472
v -0.024500 -0.011500 -0.089571
v -0.024698 -0.010020 -0.095500
v -0.024702 -0.010015 -0.094500
v -0.024750 -0.010013 -0.093500
v -0.024816 -0.010012 -0.092500
v -0.024537 -0.010049 -0.091485
v -0.024500 -0.010452 -0.090500
v -0.024500 -0.010895 -0.089869
v -0.026039 -0.013185 -0.089979
v -0.025825 -0.015773 -0.090035
v -0.025948 -0.012203 -0.090032
v -0.024200 -0.009988 -0.095000
v -0.024283 -0.009983 -0.093000
v -0.024228 -0.009984 -0.091808
v -0.025028 -0.008006 -0.031024
v -0.025028 -0.008006 -0.030949
v -0.024500 -0.008037 -0.031158
v -0.024500 -0.008037 -0.030815
v -0.026073 -0.013067 -0.008091
v -0.026072 -0.012096 -0.009088
v -0.026181 -0.012458 -0.008455
v -0.026013 -0.011023 -0.010020
v -0.026110 -0.011414 -0.009453
v -0.026354 -0.011500 -0.008500
v -0.026043 -0.010500 -0.010173
v -0.026168 -0.010500 -0.009500
v -0.026310 -0.010500 -0.008500
v -0.026032 -0.009185 -0.011149
v -0.026067 -0.009511 -0.010526
v -0.026084 -0.008522 -0.011489
v -0.026115 -0.008500 -0.010500
v -0.025500 -0.013113 -0.008153
v -0.025500 -0.012180 -0.009177
v -0.025500 -0.012680 -0.008653
v -0.025500 -0.011135 -0.010149
v -0.025500 -0.011635 -0.009677
v -0.025285 -0.010201 -0.011257
v -0.025571 -0.010520 -0.010646
v -0.025026 -0.009022 -0.013033
v -0.025227 -0.009219 -0.012500
v -0.025614 -0.009561 -0.011536
v -0.025952 -0.009852 -0.010878
v -0.025103 -0.008107 -0.014190
v -0.025259 -0.008464 -0.013420
v -0.025763 -0.008522 -0.012547
v -0.025943 -0.008870 -0.011815
v -0.024500 -0.013125 -0.008173
v -0.024500 -0.012227 -0.009246
v -0.024500 -0.012727 -0.008673
v -0.024500 -0.011265 -0.010308
v -0.024500 -0.011765 -0.009746
v -0.024500 -0.010338 -0.011442
v -0.024500 -0.010838 -0.010808
v -0.024500 -0.009100 -0.013167
v -0.024500 -0.009552 -0.012500
v -0.024500 -0.009952 -0.011942
v -0.024193 -0.008085 -0.015192
v -0.024516 -0.008266 -0.014514
v -0.024500 -0.008769 -0.013667
v -0.026063 -0.008203 -0.012245
v -0.026173 -0.009000 -0.009000
v -0.026056 -0.015044 -0.003202
v -0.026116 -0.015100 -0.002500
v -0.026161 -0.015151 -0.001500
v -0.026179 -0.015178 -0.000500
v -0.026166 -0.014185 -0.005500
v -0.026221 -0.014344 -0.004500
v -0.026219 -0.014570 -0.003521
v -0.026352 -0.014500 -0.002500
v -0.026397 -0.014500 -0.001500
v -0.026416 -0.014500 -0.000500
v -0.026166 -0.013219 -0.007500
v -0.026231 -0.013535 -0.006494
v -0.026403 -0.013500 -0.005500
v -0.026458 -0.013500 -0.004500
v -0.026402 -0.012500 -0.007500
v -0.026465 -0.012500 -0.006500
v -0.026471 -0.012500 -0.005500
v -0.026471 -0.012500 -0.004500
v -0.025500 -0.015079 -0.003349
v -0.025500 -0.015235 -0.002500
v -0.025500 -0.015352 -0.001500
v -0.025500 -0.015412 -0.000500
v -0.025500 -0.014416 -0.005500
v -0.025500 -0.014745 -0.004500
v -0.025500 -0.014950 -0.003849
v -0.025500 -0.013481 -0.007500
v -0.025500 -0.013869 -0.006764
v -0.024500 -0.015090 -0.003394
v -0.024500 -0.015267 -0.002500
v -0.024500 -0.015398 -0.001500
v -0.024500 -0.015465 -0.000500
v -0.024500 -0.014460 -0.005500
v -0.024500 -0.014801 -0.004500
v -0.024500 -0.014975 -0.003894
v -0.024500 -0.013527 -0.007500
v -0.024500 -0.013902 -0.006793
v -0.026080 -0.014071 -0.006157
v -0.026469 -0.013000 -0.003000
v -0.026470 -0.013000 -0.001000
v -0.026451 -0.011000 -0.007000
v -0.026470 -0.011000 -0.005000
v -0.026351 -0.009000 -0.007000
v -0.026466 -0.009000 -0.005000
v -0.025000 -0.014128 -0.006279
v -0.026468 -0.010000 -0.002000
v -0.025092 -0.001101 -0.058202
v -0.025218 -0.001234 -0.057500
v -0.025362 -0.001393 -0.056500
v -0.025098 -0.000216 -0.059167
v -0.025262 -0.000530 -0.058521
v -0.025723 -0.000436 -0.057444
v -0.025861 -0.000722 -0.056500
v -0.024050 -0.001051 -0.060061
v -0.024236 -0.001205 -0.059500
v -0.024559 -0.001378 -0.058521
v -0.024459 -0.001771 -0.057521
v -0.024796 -0.001893 -0.056500
v -0.024206 -0.000500 -0.060263
v -0.024724 -0.000530 -0.059500
v -0.024932 -0.000883 -0.058869
v -0.026058 -0.000141 -0.056787
v -0.024197 -0.002078 -0.056850
v -0.026022 -0.005046 -0.049046
v -0.026139 -0.005428 -0.048472
v -0.026065 -0.004500 -0.049231
v -0.026263 -0.004500 -0.048500
v -0.026030 -0.003210 -0.050190
v -0.026038 -0.002184 -0.051500
v -0.026092 -0.002529 -0.050514
v -0.026017 -0.001027 -0.055093
v -0.026061 -0.001115 -0.054500
v -0.026113 -0.001274 -0.053500
v -0.026114 -0.001543 -0.052442
v -0.026384 -0.001500 -0.049500
v -0.026453 -0.001500 -0.048500
v -0.026153 -0.000542 -0.055456
v -0.026279 -0.000500 -0.054500
v -0.026342 -0.000500 -0.053500
v -0.026366 -0.000500 -0.052500
v -0.026456 -0.000500 -0.049500
v -0.026469 -0.000500 -0.048500
v -0.025500 -0.006222 -0.048253
v -0.025001 -0.005000 -0.050000
v -0.025400 -0.005172 -0.049428
v -0.025500 -0.005714 -0.048753
v -0.025148 -0.004113 -0.051193
v -0.025276 -0.004468 -0.050400
v -0.025734 -0.004500 -0.049730
v -0.025076 -0.003066 -0.053140
v -0.025224 -0.003231 -0.052500
v -0.025408 -0.003545 -0.051516
v -0.025861 -0.003526 -0.050514
v -0.025095 -0.002089 -0.055276
v -0.025226 -0.002238 -0.054500
v -0.025347 -0.002537 -0.053484
v -0.025757 -0.002418 -0.052442
v -0.025900 -0.002684 -0.051500
v -0.025976 -0.002882 -0.050857
v -0.025522 -0.001504 -0.055518
v -0.025726 -0.001615 -0.054500
v -0.025877 -0.001774 -0.053500
v -0.025962 -0.001905 -0.052737
v -0.025949 -0.000903 -0.055760
v -0.024500 -0.006266 -0.048329
v -0.024500 -0.005004 -0.050006
v -0.024500 -0.005366 -0.049500
v -0.024500 -0.005861 -0.048829
v -0.024500 -0.004183 -0.051323
v -0.024500 -0.004683 -0.050506
v -0.024500 -0.003145 -0.053342
v -0.024500 -0.003539 -0.052500
v -0.024500 -0.003894 -0.051824
v -0.024578 -0.002251 -0.055566
v -0.024500 -0.002642 -0.054500
v -0.024500 -0.002916 -0.053842
v -0.024963 -0.001980 -0.055943
v -0.026083 -0.006118 -0.048119
v -0.026009 -0.002030 -0.052070
v -0.026277 -0.003007 -0.049014
v -0.026322 -0.001000 -0.051000
v -0.025978 -0.003877 -0.049928
v -0.026025 -0.007019 -0.047041
v -0.026025 -0.007019 -0.046924
v -0.026158 -0.006471 -0.047425
v -0.026198 -0.006540 -0.046554
v -0.026391 -0.005500 -0.047500
v -0.026464 -0.005500 -0.046500
v -0.026441 -0.005500 -0.045500
v -0.026377 -0.005500 -0.044500
v -0.026225 -0.005589 -0.043429
v -0.026225 -0.005412 -0.042500
v -0.026210 -0.005318 -0.041500
v -0.026195 -0.005269 -0.040500
v -0.026433 -0.004500 -0.047500
v -0.026470 -0.004500 -0.046500
v -0.026470 -0.004500 -0.045500
v -0.026470 -0.004500 -0.044500
v -0.026468 -0.004500 -0.043500
v -0.026459 -0.004500 -0.042500
v -0.026445 -0.004500 -0.041500
v -0.026430 -0.004500 -0.040500
v -0.025500 -0.007046 -0.047093
v -0.025494 -0.007071 -0.046554
v -0.025156 -0.007057 -0.045777
v -0.025500 -0.006722 -0.047593
v -0.025823 -0.006900 -0.046257
v -0.025494 -0.006811 -0.045467
v -0.025500 -0.006551 -0.044500
v -0.025588 -0.006259 -0.043429
v -0.025385 -0.006180 -0.042500
v -0.025241 -0.006112 -0.041500
v -0.025154 -0.006072 -0.040500
v -0.024500 -0.007061 -0.047121
v -0.024500 -0.007187 -0.046500
v -0.024485 -0.007113 -0.045467
v -0.024141 -0.007021 -0.044925
v -0.024500 -0.006766 -0.047621
v -0.024808 -0.006971 -0.045111
v -0.024485 -0.006871 -0.044555
v -0.024500 -0.006615 -0.043500
v -0.024500 -0.006425 -0.042500
v -0.024500 -0.006290 -0.041500
v -0.024500 -0.006212 -0.040500
v -0.026173 -0.006222 -0.045000
v -0.026064 -0.006064 -0.043715
v -0.025933 -0.005947 -0.042774
v -0.025697 -0.005794 -0.041000
v -0.026468 -0.002000 -0.046000
v -0.026470 -0.002000 -0.042000
v -0.026102 -0.007110 -0.032295
v -0.026210 -0.006359 -0.033500
v -0.026249 -0.006586 -0.032577
v -0.026188 -0.005252 -0.039500
v -0.026192 -0.005266 -0.038500
v -0.026207 -0.005313 -0.037500
v -0.026222 -0.005406 -0.036500
v -0.026224 -0.005587 -0.035566
v -0.026378 -0.005500 -0.034500
v -0.026445 -0.005500 -0.033500
v -0.026468 -0.005500 -0.032500
v -0.026423 -0.004500 -0.039500
v -0.026427 -0.004500 -0.038500
v -0.026441 -0.004500 -0.037500
v -0.026457 -0.004500 -0.036500
v -0.026467 -0.004500 -0.035500
v -0.026470 -0.004500 -0.034500
v -0.026470 -0.004500 -0.033500
v -0.026469 -0.004500 -0.032500
v -0.025015 -0.007006 -0.034020
v -0.025239 -0.007097 -0.033500
v -0.025582 -0.007288 -0.032577
v -0.025129 -0.006061 -0.039500
v -0.025162 -0.006079 -0.038500
v -0.025251 -0.006125 -0.037500
v -0.025388 -0.006200 -0.036500
v -0.025587 -0.006283 -0.035566
v -0.025409 -0.006686 -0.034412
v -0.025739 -0.006859 -0.033500
v -0.025970 -0.006977 -0.032962
v -0.024500 -0.007040 -0.034137
v -0.024500 -0.007255 -0.033500
v -0.024500 -0.007623 -0.032500
v -0.024500 -0.006191 -0.039500
v -0.024500 -0.006228 -0.038500
v -0.024500 -0.006320 -0.037500
v -0.024500 -0.006469 -0.036500
v -0.024500 -0.006672 -0.035500
v -0.024500 -0.006894 -0.034637
v -0.026102 -0.006122 -0.034888
v -0.025646 -0.005759 -0.039000
v -0.025819 -0.005860 -0.037000
v -0.025978 -0.005978 -0.035944
v -0.026468 -0.002000 -0.038000
v -0.026467 -0.002000 -0.034000
v -0.026189 -0.007252 -0.031500
v -0.026221 -0.007351 -0.030500
v -0.026146 -0.007234 -0.029500
v -0.026050 -0.007070 -0.028884
v -0.026426 -0.006500 -0.031500
v -0.026453 -0.006500 -0.030500
v -0.026334 -0.006500 -0.029500
v -0.026100 -0.006436 -0.028530
v -0.026052 -0.005419 -0.027558
v -0.026007 -0.005031 -0.026960
v -0.026164 -0.004500 -0.027500
v -0.026061 -0.004476 -0.026576
v -0.025417 -0.007750 -0.031415
v -0.025417 -0.007859 -0.030569
v -0.025500 -0.007592 -0.029500
v -0.025488 -0.007193 -0.028530
v -0.025146 -0.007070 -0.027754
v -0.025813 -0.006727 -0.028217
v -0.025533 -0.006514 -0.027508
v -0.025305 -0.006365 -0.026500
v -0.025176 -0.006210 -0.025500
v -0.025077 -0.006092 -0.024500
v -0.025919 -0.005698 -0.027263
v -0.025811 -0.005419 -0.026576
v -0.025945 -0.004793 -0.026293
v -0.024500 -0.007908 -0.031658
v -0.024500 -0.007949 -0.030315
v -0.024500 -0.007718 -0.029500
v -0.024500 -0.007374 -0.028500
v -0.024500 -0.007104 -0.027631
v -0.024500 -0.006958 -0.027131
v -0.024500 -0.006775 -0.026500
v -0.024500 -0.006527 -0.025500
v -0.024500 -0.006343 -0.024500
v -0.026020 -0.006060 -0.027929
v -0.026467 -0.005000 -0.031000
v -0.026323 -0.005000 -0.029000
v -0.026033 -0.004126 -0.025686
v -0.026329 -0.003000 -0.027000
v -0.026259 -0.003006 -0.024978
v -0.026467 -0.001000 -0.027000
v -0.026468 -0.001000 -0.025000
v -0.025643 -0.004994 -0.024978
v -0.025985 -0.003960 -0.024760
v -0.026453 -0.002000 -0.030000
v -0.026130 -0.003331 -0.023500
v -0.026127 -0.003292 -0.022500
v -0.026137 -0.003301 -0.021500
v -0.026161 -0.003363 -0.020500
v -0.026169 -0.003563 -0.019481
v -0.026300 -0.003500 -0.018500
v -0.026399 -0.003500 -0.017500
v -0.026457 -0.003500 -0.016500
v -0.026363 -0.002500 -0.023500
v -0.026360 -0.002500 -0.022500
v -0.026370 -0.002500 -0.021500
v -0.026395 -0.002500 -0.020500
v -0.026432 -0.002500 -0.019500
v -0.026461 -0.002500 -0.018500
v -0.026470 -0.002500 -0.017500
v -0.026470 -0.002500 -0.016500
v -0.025076 -0.007085 -0.016223
v -0.025023 -0.006028 -0.023800
v -0.025041 -0.006060 -0.019331
v -0.025109 -0.006160 -0.018500
v -0.025220 -0.006328 -0.017500
v -0.025340 -0.006570 -0.016534
v -0.025197 -0.005580 -0.023480
v -0.025193 -0.005425 -0.022500
v -0.025186 -0.005409 -0.021500
v -0.025209 -0.005459 -0.020500
v -0.025234 -0.005600 -0.019599
v -0.025454 -0.005500 -0.018500
v -0.025660 -0.004500 -0.023500
v -0.025600 -0.004500 -0.022500
v -0.025594 -0.004500 -0.021500
v -0.025645 -0.004500 -0.020500
v -0.025792 -0.004425 -0.019481
v -0.025845 -0.004666 -0.018500
v -0.024093 -0.007043 -0.018164
v -0.024276 -0.007142 -0.017500
v -0.024565 -0.007302 -0.016534
v -0.024582 -0.006189 -0.023480
v -0.024436 -0.006211 -0.022500
v -0.024600 -0.006340 -0.019599
v -0.024456 -0.006701 -0.018498
v -0.024776 -0.006828 -0.017500
v -0.024942 -0.006949 -0.016889
v -0.024970 -0.005967 -0.023133
v -0.024936 -0.005925 -0.022500
v -0.024929 -0.005909 -0.021500
v -0.024970 -0.005959 -0.020500
v -0.025000 -0.005999 -0.019998
v -0.026046 -0.004104 -0.018817
v -0.026144 -0.004819 -0.016877
v -0.026469 -0.001000 -0.023000
v -0.026469 -0.001000 -0.021000
v -0.026470 -0.001000 -0.019000
v -0.026470 -0.001000 -0.017000
v -0.024449 -0.006265 -0.021000
v -0.025844 -0.005333 -0.017224
v -0.025919 -0.003811 -0.023000
v -0.025922 -0.003832 -0.021000
v -0.025972 -0.003938 -0.019801
v -0.026117 -0.007244 -0.013500
v -0.026174 -0.007569 -0.012547
v -0.026352 -0.006500 -0.013500
v -0.026396 -0.006500 -0.012500
v -0.026220 -0.005560 -0.015553
v -0.026423 -0.005500 -0.014500
v -0.026438 -0.004500 -0.015500
v -0.026470 -0.004500 -0.014500
v -0.025217 -0.007249 -0.015500
v -0.025491 -0.007479 -0.014464
v -0.025754 -0.006497 -0.015553
v -0.025880 -0.006829 -0.014739
v -0.024516 -0.007762 -0.015515
v -0.024860 -0.007914 -0.014856
v -0.026098 -0.006568 -0.014590
v -0.026234 -0.007000 -0.011000
v -0.026197 -0.007000 -0.009000
v -0.026468 -0.005000 -0.013000
v -0.026422 -0.005000 -0.011000
v -0.026374 -0.005000 -0.009000
v -0.025887 -0.007846 -0.013206
v -0.025968 -0.005934 -0.015921
v -0.026470 -0.002000 -0.014000
v -0.026470 -0.002000 -0.010000
v -0.026333 -0.007000 -0.007000
v -0.026455 -0.007000 -0.005000
v -0.026372 -0.007000 -0.003000
v -0.026348 -0.007000 -0.001000
v -0.026437 -0.005000 -0.007000
v -0.026428 -0.005000 -0.005000
v -0.026253 -0.005000 -0.003000
v -0.026220 -0.005000 -0.001000
v -0.026323 -0.003000 -0.003000
v -0.026294 -0.003000 -0.001000
v -0.026457 -0.001000 -0.003000
v -0.026451 -0.001000 -0.001000
v -0.026465 -0.002000 -0.006000
v -0.023500 -0.017352 -0.101308
v -0.023500 -0.017850 -0.100500
v -0.023500 -0.017951 -0.099500
v -0.023500 -0.017838 -0.098500
v -0.023500 -0.016500 -0.101767
v -0.022500 -0.017356 -0.101311
v -0.022500 -0.017854 -0.100500
v -0.022500 -0.017952 -0.099500
v -0.022500 -0.017839 -0.098500
v -0.022500 -0.016500 -0.101770
v -0.021500 -0.017356 -0.101311
v -0.021500 -0.017854 -0.100500
v -0.021500 -0.017952 -0.099500
v -0.021500 -0.017839 -0.098500
v -0.021500 -0.016500 -0.101770
v -0.020500 -0.017355 -0.101310
v -0.020500 -0.017854 -0.100500
v -0.020500 -0.017952 -0.099500
v -0.020500 -0.017839 -0.098500
v -0.020500 -0.016500 -0.101769
v -0.019500 -0.017355 -0.101310
v -0.019500 -0.017854 -0.100500
v -0.019500 -0.017953 -0.099500
v -0.019500 -0.017841 -0.098500
v -0.019500 -0.016500 -0.101769
v -0.018500 -0.017355 -0.101310
v -0.018500 -0.017854 -0.100500
v -0.018500 -0.017954 -0.099500
v -0.018500 -0.017842 -0.098500
v -0.018500 -0.016500 -0.101769
v -0.017500 -0.017355 -0.101310
v -0.017500 -0.017854 -0.100500
v -0.017500 -0.017954 -0.099500
v -0.017500 -0.017842 -0.098500
v -0.017500 -0.016500 -0.101769
v -0.016500 -0.017355 -0.101310
v -0.016500 -0.017854 -0.100500
v -0.016500 -0.017953 -0.099500
v -0.016500 -0.017841 -0.098500
v -0.016500 -0.016500 -0.101769
v -0.023000 -0.017682 -0.097000
v -0.021000 -0.017683 -0.097000
v -0.019000 -0.017684 -0.097000
v -0.017000 -0.017685 -0.097000
v -0.023500 -0.017868 -0.091500
v -0.023500 -0.017393 -0.090621
v -0.023500 -0.016666 -0.090121
v -0.022500 -0.017867 -0.091500
v -0.022500 -0.017393 -0.090621
v -0.022500 -0.016678 -0.090121
v -0.021500 -0.017867 -0.091500
v -0.021500 -0.017392 -0.090622
v -0.021500 -0.016681 -0.090122
v -0.020500 -0.017867 -0.091500
v -0.020500 -0.017392 -0.090622
v -0.020500 -0.016681 -0.090122
v -0.019500 -0.017867 -0.091500
v -0.019500 -0.017392 -0.090622
v -0.019500 -0.016676 -0.090122
v -0.018500 -0.017867 -0.091500
v -0.018500 -0.017392 -0.090622
v -0.018500 -0.016677 -0.090122
v -0.017500 -0.017867 -0.091500
v -0.017500 -0.017392 -0.090622
v -0.017500 -0.016686 -0.090122
v -0.016500 -0.017867 -0.091500
v -0.016500 -0.017392 -0.090622
v -0.016500 -0.016692 -0.090122
v -0.023000 -0.016172 -0.089947
v -0.021000 -0.016181 -0.089942
v -0.019000 -0.016176 -0.089944
v -0.017000 -0.016189 -0.089938
v -0.022000 -0.017744 -0.094000
v -0.018000 -0.017745 -0.094000
v -0.023500 -0.011500 -0.101790
v -0.023500 -0.010633 -0.101321
v -0.023500 -0.010132 -0.100507
v -0.023500 -0.009993 -0.099500
v -0.023500 -0.009988 -0.098500
v -0.022500 -0.011500 -0.101791
v -0.022500 -0.010632 -0.101322
v -0.022500 -0.010132 -0.100504
v -0.022033 -0.010000 -0.099108
v -0.022033 -0.010000 -0.098978
v -0.022420 -0.009997 -0.099465
v -0.022420 -0.009991 -0.098587
v -0.021500 -0.011500 -0.101791
v -0.021500 -0.010632 -0.101322
v -0.021500 -0.010132 -0.100515
v -0.021982 -0.010000 -0.099108
v -0.021982 -0.010000 -0.098978
v -0.021589 -0.009993 -0.099465
v -0.021589 -0.009979 -0.098587
v -0.020500 -0.011500 -0.101792
v -0.020500 -0.010631 -0.101323
v -0.020500 -0.010131 -0.100558
v -0.020500 -0.009958 -0.099500
v -0.020500 -0.009921 -0.098500
v -0.019500 -0.011500 -0.101793
v -0.019500 -0.010628 -0.101324
v -0.019500 -0.010128 -0.100638
v -0.019500 -0.009891 -0.099500
v -0.019500 -0.009828 -0.098500
v -0.018500 -0.011500 -0.101792
v -0.018500 -0.010627 -0.101323
v -0.018500 -0.010127 -0.100715
v -0.018500 -0.009794 -0.099500
v -0.018500 -0.009693 -0.098500
v -0.017500 -0.011500 -0.101789
v -0.017500 -0.010628 -0.101320
v -0.017500 -0.010128 -0.100761
v -0.017500 -0.009685 -0.099500
v -0.017500 -0.009522 -0.098500
v -0.016500 -0.011500 -0.101786
v -0.016500 -0.010626 -0.101317
v -0.016500 -0.010127 -0.100795
v -0.016500 -0.009568 -0.099500
v -0.016500 -0.009325 -0.098500
v -0.023000 -0.009999 -0.100006
v -0.023000 -0.009980 -0.097000
v -0.021000 -0.009992 -0.100037
v -0.021000 -0.009894 -0.097000
v -0.019000 -0.009943 -0.100177
v -0.019000 -0.009641 -0.097000
v -0.017000 -0.009875 -0.100278
v -0.016750 -0.009132 -0.096934
v -0.022000 -0.014000 -0.101931
v -0.018000 -0.014000 -0.101931
v -0.023500 -0.011500 -0.089243
v -0.023899 -0.010013 -0.091142
v -0.023539 -0.010201 -0.090559
v -0.023500 -0.010742 -0.089639
v -0.023539 -0.009953 -0.091485
v -0.023232 -0.009972 -0.090932
v -0.022561 -0.011545 -0.089057
v -0.022268 -0.011241 -0.088941
v -0.022500 -0.010125 -0.090282
v -0.022561 -0.010658 -0.089413
v -0.022268 -0.010930 -0.088941
v -0.022500 -0.009847 -0.091500
v -0.022500 -0.009922 -0.090782
v -0.021500 -0.011926 -0.089017
v -0.021500 -0.011426 -0.088874
v -0.021514 -0.010287 -0.089539
v -0.021500 -0.010827 -0.088874
v -0.021500 -0.009709 -0.091500
v -0.021514 -0.009842 -0.090466
v -0.020863 -0.011993 -0.089002
v -0.020518 -0.011596 -0.088859
v -0.020500 -0.010139 -0.089182
v -0.020500 -0.010639 -0.088826
v -0.020500 -0.009528 -0.091500
v -0.020500 -0.009581 -0.090500
v -0.019500 -0.011500 -0.088803
v -0.019986 -0.010013 -0.089010
v -0.019592 -0.010408 -0.088743
v -0.019592 -0.009643 -0.089406
v -0.019319 -0.009865 -0.088825
v -0.018500 -0.011500 -0.088778
v -0.018500 -0.010500 -0.088456
v -0.018542 -0.009157 -0.089433
v -0.018500 -0.009666 -0.088660
v -0.018237 -0.008904 -0.089721
v -0.017962 -0.009023 -0.089054
v -0.017577 -0.009414 -0.088461
v -0.017577 -0.008702 -0.089433
v -0.017296 -0.008834 -0.088689
v -0.016586 -0.009596 -0.088030
v -0.016642 -0.008199 -0.089500
v -0.016524 -0.008482 -0.088461
v -0.023000 -0.009951 -0.095000
v -0.023000 -0.009913 -0.093000
v -0.021856 -0.010043 -0.090110
v -0.021000 -0.009800 -0.095000
v -0.021000 -0.009697 -0.093000
v -0.020845 -0.009890 -0.089790
v -0.019000 -0.009467 -0.095000
v -0.018813 -0.009219 -0.092879
v -0.018854 -0.009088 -0.091000
v -0.017000 -0.011000 -0.088503
v -0.017047 -0.008964 -0.095050
v -0.017314 -0.008778 -0.093094
v -0.017004 -0.008404 -0.090984
v -0.021895 -0.013877 -0.089507
v -0.018000 -0.013640 -0.089372
v -0.016310 -0.009327 -0.087845
v -0.016310 -0.008795 -0.087845
v -0.023500 -0.008080 -0.031310
v -0.023500 -0.008080 -0.030686
v -0.022500 -0.008094 -0.031339
v -0.022500 -0.008094 -0.030664
v -0.021500 -0.008093 -0.031337
v -0.021500 -0.008093 -0.030666
v -0.020500 -0.008093 -0.031337
v -0.020500 -0.008093 -0.030668
v -0.019500 -0.008093 -0.031337
v -0.019500 -0.008093 -0.030670
v -0.018500 -0.008092 -0.031337
v -0.018500 -0.008092 -0.030671
v -0.017500 -0.008092 -0.031339
v -0.017500 -0.008092 -0.030672
v -0.016500 -0.008093 -0.031341
v -0.016500 -0.008093 -0.030674
v -0.023500 -0.013130 -0.008191
v -0.023500 -0.012263 -0.009309
v -0.023500 -0.012763 -0.008691
v -0.022500 -0.013133 -0.008207
v -0.022500 -0.012294 -0.009366
v -0.022500 -0.012794 -0.008707
v -0.021500 -0.013121 -0.008193
v -0.021500 -0.012282 -0.009368
v -0.021500 -0.012782 -0.008693
v -0.021500 -0.011387 -0.010471
v -0.021500 -0.011887 -0.009868
v -0.021500 -0.010561 -0.011500
v -0.021500 -0.010974 -0.010971
v -0.021500 -0.009237 -0.013388
v -0.021500 -0.009737 -0.012622
v -0.021500 -0.008932 -0.013888
v -0.020914 -0.013073 -0.008118
v -0.020854 -0.012175 -0.009235
v -0.020755 -0.012505 -0.008471
v -0.020837 -0.011247 -0.010308
v -0.020709 -0.011548 -0.009541
v -0.020493 -0.011500 -0.008500
v -0.020825 -0.010273 -0.011500
v -0.020694 -0.010586 -0.010585
v -0.020479 -0.010500 -0.009500
v -0.020471 -0.010500 -0.008500
v -0.020836 -0.009153 -0.013256
v -0.020752 -0.009492 -0.012446
v -0.020558 -0.009500 -0.011500
v -0.020485 -0.009500 -0.010500
v -0.020615 -0.008571 -0.013554
v -0.020435 -0.008500 -0.012500
v -0.020472 -0.008500 -0.011500
v -0.020508 -0.008500 -0.010500
v -0.022913 -0.010070 -0.012099
v -0.023016 -0.010922 -0.010971
v -0.023000 -0.011860 -0.009837
v -0.023000 -0.008371 -0.014923
v -0.023016 -0.009299 -0.013255
v -0.023993 -0.009999 -0.011998
v -0.021217 -0.010071 -0.012099
v -0.021074 -0.008294 -0.014899
v -0.020511 -0.009000 -0.009000
v -0.021500 -0.015082 -0.003368
v -0.021500 -0.015244 -0.002500
v -0.021500 -0.015363 -0.001500
v -0.021500 -0.015425 -0.000500
v -0.021500 -0.014423 -0.005500
v -0.021500 -0.014759 -0.004500
v -0.021500 -0.014959 -0.003868
v -0.021500 -0.013498 -0.007500
v -0.021500 -0.013877 -0.006772
v -0.020934 -0.015048 -0.003222
v -0.020865 -0.015109 -0.002500
v -0.020816 -0.015163 -0.001500
v -0.020797 -0.015191 -0.000500
v -0.020813 -0.014194 -0.005500
v -0.020752 -0.014357 -0.004500
v -0.020751 -0.014576 -0.003533
v -0.020600 -0.014500 -0.002500
v -0.020550 -0.014500 -0.001500
v -0.020531 -0.014500 -0.000500
v -0.020810 -0.013231 -0.007500
v -0.020738 -0.013541 -0.006500
v -0.020547 -0.013500 -0.005500
v -0.020486 -0.013500 -0.004500
v -0.020473 -0.013500 -0.003500
v -0.020470 -0.013500 -0.002500
v -0.020469 -0.013500 -0.001500
v -0.020469 -0.013500 -0.000500
v -0.020544 -0.012500 -0.007500
v -0.020475 -0.012500 -0.006500
v -0.020469 -0.012500 -0.005500
v -0.020469 -0.012500 -0.004500
v -0.020470 -0.012500 -0.003500
v -0.020470 -0.012500 -0.002500
v -0.020470 -0.012500 -0.001500
v -0.020470 -0.012500 -0.000500
v -0.020469 -0.011500 -0.007500
v -0.020469 -0.011500 -0.006500
v -0.020470 -0.010500 -0.007500
v -0.020471 -0.010500 -0.006500
v -0.023000 -0.014133 -0.006293
v -0.023000 -0.014630 -0.005000
v -0.023000 -0.015110 -0.003266
v -0.023000 -0.015429 -0.001000
v -0.023000 -0.013718 -0.007146
v -0.021204 -0.014099 -0.006220
v -0.020470 -0.011000 -0.005000
v -0.020475 -0.009000 -0.007000
v -0.020470 -0.009000 -0.005000
v -0.020489 -0.010000 -0.002000
v -0.016142 -0.007923 -0.089500
v -0.016071 -0.007955 -0.088899
v -0.016061 -0.007971 -0.090780
v -0.019234 -0.001071 -0.064123
v -0.019540 -0.000531 -0.064287
v -0.018500 -0.001142 -0.064280
v -0.018266 -0.000263 -0.065159
v -0.018560 -0.000558 -0.064799
v -0.017089 -0.001014 -0.065031
v -0.017453 -0.001178 -0.064550
v -0.017043 -0.000049 -0.066027
v -0.017400 -0.000490 -0.065428
v -0.017756 -0.000930 -0.064917
v -0.016500 -0.001061 -0.065147
v -0.016500 -0.001338 -0.064500
v -0.016500 -0.000224 -0.066204
v -0.016500 -0.000724 -0.065647
v -0.020085 -0.000219 -0.064064
v -0.023500 -0.002070 -0.057396
v -0.023500 -0.002254 -0.056500
v -0.023085 -0.001076 -0.061086
v -0.023451 -0.001227 -0.060437
v -0.023500 -0.001616 -0.059500
v -0.023500 -0.001867 -0.058500
v -0.023500 -0.001979 -0.057896
v -0.023284 -0.000500 -0.061282
v -0.023784 -0.000500 -0.060763
v -0.022419 -0.002065 -0.057596
v -0.022500 -0.002273 -0.056500
v -0.022086 -0.001072 -0.062084
v -0.022451 -0.001239 -0.061451
v -0.022500 -0.001641 -0.060500
v -0.022500 -0.001838 -0.059500
v -0.022419 -0.001953 -0.058401
v -0.022699 -0.001999 -0.057993
v -0.022278 -0.000500 -0.062235
v -0.022778 -0.000500 -0.061782
v -0.021045 -0.001030 -0.063038
v -0.021427 -0.001199 -0.062450
v -0.021500 -0.001615 -0.061500
v -0.021500 -0.001801 -0.060500
v -0.021181 -0.000500 -0.063137
v -0.021681 -0.000500 -0.062735
v -0.020500 -0.001145 -0.063239
v -0.020500 -0.001517 -0.062500
v -0.020500 -0.001774 -0.061500
v -0.020500 -0.001814 -0.060500
v -0.020451 -0.000531 -0.063678
v -0.019540 -0.001275 -0.063568
v -0.019500 -0.001694 -0.062500
v -0.019900 -0.000885 -0.063947
v -0.018500 -0.001500 -0.063500
v -0.018500 -0.001762 -0.062500
v -0.017500 -0.001600 -0.063500
v -0.017500 -0.001792 -0.062500
v -0.016500 -0.001681 -0.063500
v -0.016500 -0.001808 -0.062500
v -0.022032 -0.002000 -0.058001
v -0.021985 -0.002000 -0.058001
v -0.021023 -0.002170 -0.057019
v -0.021023 -0.001901 -0.058975
v -0.020909 -0.001998 -0.057985
v -0.019000 -0.002176 -0.056999
v -0.019000 -0.001810 -0.061000
v -0.019000 -0.001901 -0.059000
v -0.019000 -0.002000 -0.057998
v -0.017000 -0.002176 -0.056998
v -0.017000 -0.001810 -0.061000
v -0.017000 -0.001900 -0.059000
v -0.017000 -0.001999 -0.057997
v -0.023000 -0.006264 -0.048327
v -0.023000 -0.004635 -0.050628
v -0.023000 -0.005617 -0.049164
v -0.023000 -0.002668 -0.055000
v -0.023000 -0.003271 -0.053324
v -0.021000 -0.006264 -0.048326
v -0.021000 -0.004633 -0.050626
v -0.021000 -0.005615 -0.049163
v -0.021000 -0.002667 -0.055000
v -0.021000 -0.003268 -0.053322
v -0.019000 -0.006264 -0.048327
v -0.019000 -0.004634 -0.050627
v -0.019000 -0.005615 -0.049163
v -0.019000 -0.002670 -0.055000
v -0.019000 -0.003270 -0.053324
v -0.017000 -0.006264 -0.048327
v -0.017000 -0.004634 -0.050627
v -0.017000 -0.005615 -0.049163
v -0.017000 -0.002670 -0.055000
v -0.017000 -0.003270 -0.053324
v -0.022000 -0.003927 -0.051861
v -0.018000 -0.003927 -0.051861
v -0.023500 -0.007061 -0.047119
v -0.023500 -0.007234 -0.046500
v -0.023500 -0.007207 -0.045500
v -0.023500 -0.007035 -0.044877
v -0.023500 -0.006764 -0.047619
v -0.023500 -0.006896 -0.044377
v -0.022500 -0.007063 -0.047121
v -0.022500 -0.007242 -0.046500
v -0.022500 -0.007216 -0.045500
v -0.022500 -0.007037 -0.044868
v -0.022500 -0.006763 -0.047621
v -0.022500 -0.006898 -0.044368
v -0.021500 -0.007064 -0.047122
v -0.021500 -0.007242 -0.046500
v -0.021500 -0.007215 -0.045500
v -0.021500 -0.007037 -0.044869
v -0.021500 -0.006763 -0.047622
v -0.021500 -0.006897 -0.044369
v -0.020500 -0.007064 -0.047122
v -0.020500 -0.007242 -0.046500
v -0.020500 -0.007216 -0.045500
v -0.020500 -0.007037 -0.044870
v -0.020500 -0.006764 -0.047622
v -0.020500 -0.006897 -0.044370
v -0.019500 -0.007063 -0.047122
v -0.019500 -0.007242 -0.046500
v -0.019500 -0.007216 -0.045500
v -0.019500 -0.007037 -0.044871
v -0.019500 -0.006764 -0.047622
v -0.019500 -0.006896 -0.044371
v -0.018500 -0.007063 -0.047122
v -0.018500 -0.007242 -0.046500
v -0.018500 -0.007216 -0.045500
v -0.018500 -0.007037 -0.044870
v -0.018500 -0.006764 -0.047622
v -0.018500 -0.006896 -0.044370
v -0.017500 -0.007063 -0.047122
v -0.017500 -0.007242 -0.046500
v -0.017500 -0.007215 -0.045500
v -0.017500 -0.007037 -0.044871
v -0.017500 -0.006764 -0.047622
v -0.017500 -0.006896 -0.044371
v -0.016500 -0.007063 -0.047122
v -0.016500 -0.007242 -0.046500
v -0.016500 -0.007215 -0.045500
v -0.016500 -0.007036 -0.044872
v -0.016500 -0.006764 -0.047622
v -0.016500 -0.006896 -0.044372
v -0.023000 -0.006592 -0.043000
v -0.023000 -0.006328 -0.041000
v -0.021000 -0.006592 -0.043000
v -0.021000 -0.006328 -0.041000
v -0.019000 -0.006591 -0.043000
v -0.019000 -0.006327 -0.041000
v -0.017000 -0.006591 -0.043000
v -0.017000 -0.006328 -0.041000
v -0.023000 -0.006289 -0.039000
v -0.023000 -0.006472 -0.037000
v -0.023000 -0.006918 -0.034839
v -0.023000 -0.007513 -0.033000
v -0.021000 -0.006289 -0.039000
v -0.021000 -0.006472 -0.037000
v -0.021000 -0.006918 -0.034840
v -0.021000 -0.007514 -0.033000
v -0.019000 -0.006288 -0.039000
v -0.019000 -0.006472 -0.037000
v -0.019000 -0.006919 -0.034841
v -0.019000 -0.007515 -0.033000
v -0.017000 -0.006289 -0.039000
v -0.017000 -0.006473 -0.037000
v -0.017000 -0.006920 -0.034843
v -0.017000 -0.007518 -0.033000
v -0.023500 -0.007949 -0.031810
v -0.023500 -0.007951 -0.030186
v -0.022500 -0.007953 -0.031839
v -0.022500 -0.007952 -0.030165
v -0.021500 -0.007952 -0.031837
v -0.021500 -0.007951 -0.030166
v -0.020500 -0.007952 -0.031837
v -0.020500 -0.007950 -0.030168
v -0.019500 -0.007952 -0.031837
v -0.019500 -0.007950 -0.030170
v -0.018500 -0.007953 -0.031837
v -0.018500 -0.007950 -0.030171
v -0.017500 -0.007953 -0.031839
v -0.017500 -0.007950 -0.030172
v -0.016500 -0.007954 -0.031841
v -0.016500 -0.007948 -0.030173
v -0.023000 -0.007546 -0.029000
v -0.023000 -0.006963 -0.027086
v -0.023000 -0.006566 -0.025000
v -0.021000 -0.007544 -0.029000
v -0.021000 -0.006962 -0.027087
v -0.021000 -0.006569 -0.025000
v -0.019000 -0.007544 -0.029000
v -0.019000 -0.006964 -0.027085
v -0.019000 -0.006567 -0.025000
v -0.017000 -0.007526 -0.029000
v -0.017000 -0.006919 -0.027146
v -0.017000 -0.006425 -0.025000
v -0.023500 -0.007070 -0.018265
v -0.023500 -0.007301 -0.017500
v -0.023500 -0.007655 -0.016500
v -0.023500 -0.006478 -0.021500
v -0.023500 -0.006594 -0.020500
v -0.023500 -0.006771 -0.019500
v -0.023500 -0.006937 -0.018765
v -0.022500 -0.007076 -0.018283
v -0.022500 -0.007317 -0.017500
v -0.022500 -0.007679 -0.016500
v -0.022500 -0.006486 -0.021500
v -0.022500 -0.006604 -0.020500
v -0.022500 -0.006782 -0.019500
v -0.022500 -0.006943 -0.018783
v -0.019878 -0.007045 -0.018169
v -0.019790 -0.007137 -0.017500
v -0.019813 -0.007239 -0.016500
v -0.019500 -0.006689 -0.019500
v -0.019444 -0.006579 -0.018428
v -0.019399 -0.006500 -0.017500
v -0.019597 -0.006500 -0.016500
v -0.019015 -0.005500 -0.018033
v -0.019220 -0.005500 -0.017500
v -0.019570 -0.005500 -0.016500
v -0.019016 -0.004500 -0.018037
v -0.019223 -0.004500 -0.017500
v -0.019573 -0.004500 -0.016500
v -0.018673 -0.006303 -0.019500
v -0.018863 -0.006201 -0.018687
v -0.018039 -0.005500 -0.020074
v -0.018331 -0.005500 -0.019500
v -0.018792 -0.005500 -0.018533
v -0.018029 -0.004500 -0.020050
v -0.018320 -0.004500 -0.019500
v -0.018790 -0.004500 -0.018537
v -0.017524 -0.006120 -0.021592
v -0.017873 -0.006092 -0.020734
v -0.017265 -0.005500 -0.021402
v -0.017765 -0.005500 -0.020575
v -0.017225 -0.004500 -0.021329
v -0.017725 -0.004500 -0.020551
v -0.016991 -0.006006 -0.021986
v -0.016190 -0.005728 -0.023208
v -0.016458 -0.005437 -0.022587
v -0.016930 -0.005500 -0.021902
v -0.016376 -0.004500 -0.022473
v -0.016877 -0.004500 -0.021829
v -0.023000 -0.006428 -0.023000
v -0.021000 -0.006434 -0.023000
v -0.021000 -0.006545 -0.021000
v -0.021000 -0.006930 -0.018847
v -0.021000 -0.007465 -0.017000
v -0.019000 -0.006413 -0.023000
v -0.018980 -0.006431 -0.020985
v -0.018033 -0.003000 -0.020057
v -0.018713 -0.003000 -0.018694
v -0.019402 -0.003000 -0.017000
v -0.018039 -0.001000 -0.020067
v -0.018719 -0.001000 -0.018700
v -0.019408 -0.001000 -0.017000
v -0.017100 -0.006157 -0.023006
v -0.016384 -0.003000 -0.022481
v -0.017282 -0.003000 -0.021244
v -0.016238 -0.000716 -0.022696
v -0.017289 -0.001000 -0.021255
v -0.023500 -0.007924 -0.015829
v -0.022500 -0.007939 -0.015864
v -0.021500 -0.007935 -0.015858
v -0.020425 -0.007758 -0.015543
v -0.020107 -0.007476 -0.014575
v -0.020272 -0.007500 -0.013500
v -0.020391 -0.007500 -0.012500
v -0.020094 -0.006500 -0.014458
v -0.020265 -0.006500 -0.013500
v -0.020392 -0.006500 -0.012500
v -0.019924 -0.007230 -0.015500
v -0.019991 -0.007126 -0.014958
v -0.019855 -0.006500 -0.015500
v -0.019991 -0.006500 -0.014958
v -0.020098 -0.005000 -0.014480
v -0.020333 -0.005000 -0.013000
v -0.020099 -0.003000 -0.014489
v -0.020334 -0.003000 -0.013000
v -0.020061 -0.000746 -0.014699
v -0.020336 -0.001000 -0.013000
v -0.019929 -0.005000 -0.015240
v -0.020491 -0.006000 -0.010000
v -0.020489 -0.002000 -0.010000
v -0.019936 -0.002051 -0.015234
v -0.021004 -0.006020 -0.003036
v -0.021030 -0.006142 -0.002500
v -0.021005 -0.003042 -0.006024
v -0.021031 -0.002500 -0.006144
v -0.020475 -0.007500 -0.005500
v -0.020518 -0.007500 -0.004500
v -0.020607 -0.007500 -0.003500
v -0.020711 -0.007500 -0.002500
v -0.020544 -0.006500 -0.005500
v -0.020680 -0.006500 -0.004500
v -0.020862 -0.006412 -0.003421
v -0.020921 -0.006642 -0.002500
v -0.020476 -0.005500 -0.007500
v -0.020545 -0.005500 -0.006500
v -0.020519 -0.004500 -0.007500
v -0.020682 -0.004500 -0.006500
v -0.020607 -0.003500 -0.007500
v -0.020862 -0.003425 -0.006414
v -0.020708 -0.002500 -0.007500
v -0.020920 -0.002500 -0.006644
v -0.020482 -0.007000 -0.007000
v -0.020957 -0.006925 -0.001000
v -0.020943 -0.004868 -0.004868
v -0.021124 -0.005154 -0.003125
v -0.021288 -0.005000 -0.001000
v -0.021125 -0.003127 -0.005155
v -0.021369 -0.003000 -0.003000
v -0.021441 -0.003000 -0.001000
v -0.020956 -0.001000 -0.006924
v -0.021288 -0.001000 -0.005000
v -0.021443 -0.001000 -0.003000
v -0.021471 -0.001000 -0.001000
v -0.015500 -0.017355 -0.101310
v -0.015500 -0.017854 -0.100500
v -0.015500 -0.017952 -0.099500
v -0.015500 -0.017840 -0.098500
v -0.015500 -0.016500 -0.101769
v -0.014500 -0.017355 -0.101310
v -0.014500 -0.017854 -0.100500
v -0.014500 -0.017952 -0.099500
v -0.014500 -0.017840 -0.098500
v -0.014500 -0.016500 -0.101769
v -0.013500 -0.017356 -0.101310
v -0.013500 -0.017854 -0.100500
v -0.013500 -0.017952 -0.099500
v -0.013500 -0.017840 -0.098500
v -0.013500 -0.016500 -0.101769
v -0.012500 -0.017356 -0.101311
v -0.012500 -0.017855 -0.100500
v -0.012500 -0.017952 -0.099500
v -0.012500 -0.017840 -0.098500
v -0.012500 -0.016500 -0.101769
v -0.011500 -0.017356 -0.101311
v -0.011500 -0.017855 -0.100500
v -0.011500 -0.017952 -0.099500
v -0.011500 -0.017840 -0.098500
v -0.011500 -0.016500 -0.101769
v -0.010500 -0.017356 -0.101311
v -0.010500 -0.017855 -0.100500
v -0.010500 -0.017952 -0.099500
v -0.010500 -0.017840 -0.098500
v -0.010500 -0.016500 -0.101769
v -0.009500 -0.017356 -0.101311
v -0.009500 -0.017855 -0.100500
v -0.009500 -0.017952 -0.099500
v -0.009500 -0.017840 -0.098500
v -0.009500 -0.016500 -0.101769
v -0.008500 -0.017356 -0.101311
v -0.008500 -0.017855 -0.100500
v -0.008500 -0.017952 -0.099500
v -0.008500 -0.017840 -0.098500
v -0.008500 -0.016500 -0.101770
v -0.015000 -0.017684 -0.097000
v -0.013000 -0.017684 -0.097000
v -0.011000 -0.017683 -0.097000
v -0.009000 -0.017684 -0.097000
v -0.015500 -0.017867 -0.091500
v -0.015500 -0.017392 -0.090622
v -0.015500 -0.016695 -0.090122
v -0.014500 -0.017867 -0.091500
v -0.014500 -0.017392 -0.090623
v -0.014500 -0.016696 -0.090123
v -0.013500 -0.017867 -0.091500
v -0.013500 -0.017392 -0.090622
v -0.013500 -0.016701 -0.090122
v -0.012500 -0.017867 -0.091500
v -0.012500 -0.017392 -0.090622
v -0.012500 -0.016713 -0.090122
v -0.011500 -0.017868 -0.091500
v -0.011500 -0.017392 -0.090622
v -0.011500 -0.016722 -0.090122
v -0.010500 -0.017868 -0.091500
v -0.010500 -0.017392 -0.090623
v -0.010500 -0.016724 -0.090123
v -0.009500 -0.017867 -0.091500
v -0.009500 -0.017392 -0.090624
v -0.009500 -0.016728 -0.090124
v -0.008500 -0.017867 -0.091500
v -0.008500 -0.017392 -0.090625
v -0.008500 -0.016735 -0.090125
v -0.015000 -0.016195 -0.089934
v -0.013000 -0.016207 -0.089927
v -0.011000 -0.016223 -0.089915
v -0.009000 -0.016231 -0.089908
v -0.014000 -0.017745 -0.094000
v -0.010000 -0.017745 -0.094000
v -0.015500 -0.011500 -0.101785
v -0.015500 -0.010624 -0.101316
v -0.015500 -0.010124 -0.100823
v -0.015500 -0.009446 -0.099500
v -0.015519 -0.009122 -0.098499
v -0.015199 -0.008946 -0.098166
v -0.014500 -0.011500 -0.101786
v -0.014500 -0.010624 -0.101317
v -0.014500 -0.010124 -0.100842
v -0.014413 -0.009257 -0.099405
v -0.014689 -0.009055 -0.098832
v -0.014022 -0.008996 -0.099008
v -0.014413 -0.008877 -0.098499
v -0.013500 -0.011500 -0.101793
v -0.013500 -0.010614 -0.101324
v -0.013500 -0.010114 -0.100868
v -0.013500 -0.009230 -0.099594
v -0.013500 -0.008944 -0.099094
v -0.013500 -0.008650 -0.098500
v -0.013477 -0.008213 -0.097473
v -0.013794 -0.008080 -0.096684
v -0.012500 -0.011500 -0.101820
v -0.012500 -0.010577 -0.101350
v -0.012500 -0.010077 -0.100916
v -0.012500 -0.009166 -0.099748
v -0.012500 -0.008838 -0.099248
v -0.012429 -0.008323 -0.098416
v -0.012715 -0.008089 -0.097789
v -0.011500 -0.011500 -0.101865
v -0.011483 -0.010421 -0.101329
v -0.011805 -0.010034 -0.100964
v -0.011138 -0.009977 -0.101023
v -0.011483 -0.009649 -0.100579
v -0.010500 -0.011500 -0.101910
v -0.010500 -0.010500 -0.101530
v -0.010500 -0.009908 -0.101090
v -0.010556 -0.009337 -0.100447
v -0.010260 -0.008931 -0.100079
v -0.009500 -0.011500 -0.101935
v -0.009500 -0.010500 -0.101669
v -0.009500 -0.009774 -0.101205
v -0.009500 -0.009274 -0.100706
v -0.009500 -0.008812 -0.100206
v -0.008500 -0.011500 -0.101941
v -0.008500 -0.010500 -0.101782
v -0.008500 -0.009604 -0.101312
v -0.008500 -0.009104 -0.100894
v -0.008500 -0.008622 -0.100394
v -0.015000 -0.009800 -0.100332
v -0.015158 -0.008679 -0.097136
v -0.013000 -0.009698 -0.100392
v -0.011097 -0.008607 -0.099378
v -0.009000 -0.008217 -0.099742
v -0.014000 -0.014000 -0.101931
v -0.010000 -0.014000 -0.101931
v -0.015956 -0.009994 -0.088003
v -0.015854 -0.008129 -0.088232
v -0.015018 -0.011007 -0.088390
v -0.015918 -0.008039 -0.091726
v -0.013000 -0.011119 -0.088298
v -0.011000 -0.015000 -0.089548
v -0.011000 -0.013091 -0.088923
v -0.009000 -0.015000 -0.089497
v -0.009000 -0.013193 -0.088833
v -0.013916 -0.013708 -0.089272
v -0.015254 -0.008181 -0.094295
v -0.010416 -0.011373 -0.088143
v -0.015574 -0.009596 -0.087777
v -0.015512 -0.008477 -0.087635
v -0.014500 -0.009500 -0.087626
v -0.014546 -0.008501 -0.087189
v -0.014243 -0.008168 -0.086897
v -0.014895 -0.010073 -0.087965
v -0.013000 -0.010238 -0.087879
v -0.013000 -0.008898 -0.087114
v -0.010777 -0.010688 -0.087832
v -0.011071 -0.009036 -0.086915
v -0.010022 -0.008007 -0.085995
v -0.009000 -0.010851 -0.087687
v -0.009000 -0.009290 -0.086700
v -0.009000 -0.008158 -0.085872
v -0.015500 -0.008094 -0.031342
v -0.015500 -0.008094 -0.030681
v -0.014500 -0.008094 -0.031342
v -0.014500 -0.008094 -0.030686
v -0.013500 -0.008095 -0.031342
v -0.013500 -0.008095 -0.030685
v -0.012500 -0.008097 -0.031343
v -0.012500 -0.008097 -0.030685
v -0.011500 -0.008098 -0.031344
v -0.011500 -0.008098 -0.030686
v -0.010500 -0.008099 -0.031346
v -0.010500 -0.008099 -0.030692
v -0.009500 -0.008100 -0.031346
v -0.009500 -0.008100 -0.030699
v -0.008500 -0.008100 -0.031346
v -0.008500 -0.008100 -0.030703
v -0.013128 -0.007949 -0.097122
v -0.013477 -0.007870 -0.096410
v -0.012429 -0.007846 -0.097473
v -0.012500 -0.007451 -0.096500
v -0.011406 -0.007398 -0.097405
v -0.011752 -0.007110 -0.096500
v -0.011010 -0.006995 -0.097007
v -0.011252 -0.006861 -0.096500
v -0.010500 -0.007204 -0.097681
v -0.010500 -0.006871 -0.097181
v -0.010442 -0.006389 -0.096441
v -0.014011 -0.007995 -0.096018
v -0.012048 -0.007984 -0.098026
v -0.010643 -0.007881 -0.098561
v -0.010070 -0.005956 -0.096069
v -0.008946 -0.007298 -0.098683
v -0.009365 -0.006508 -0.097448
v -0.008739 -0.005553 -0.096673
v -0.015500 -0.007538 -0.089500
v -0.015512 -0.007719 -0.088539
v -0.014818 -0.007115 -0.089500
v -0.014776 -0.007183 -0.088500
v -0.014318 -0.006791 -0.089500
v -0.014276 -0.006795 -0.088500
v -0.013590 -0.006291 -0.089500
v -0.013651 -0.006295 -0.088500
v -0.013090 -0.005931 -0.089500
v -0.013151 -0.005869 -0.088500
v -0.012420 -0.005379 -0.089468
v -0.012599 -0.005369 -0.088500
v -0.012034 -0.004970 -0.089113
v -0.012099 -0.004904 -0.088500
v -0.009512 -0.005283 -0.095531
v -0.009853 -0.005107 -0.094771
v -0.009186 -0.004854 -0.095219
v -0.009431 -0.004568 -0.094393
v -0.008891 -0.005074 -0.095885
v -0.008497 -0.004511 -0.095500
v -0.008769 -0.004188 -0.094681
v -0.014259 -0.007877 -0.095000
v -0.014880 -0.007743 -0.092974
v -0.014739 -0.007285 -0.090947
v -0.012859 -0.007118 -0.094857
v -0.013157 -0.006789 -0.093013
v -0.013327 -0.006459 -0.091209
v -0.012127 -0.005905 -0.092299
v -0.012612 -0.005831 -0.090655
v -0.011374 -0.006393 -0.095330
v -0.011925 -0.006052 -0.093233
v -0.010512 -0.005529 -0.094615
v -0.010883 -0.005125 -0.092892
v -0.010008 -0.003992 -0.092017
v -0.010203 -0.003784 -0.091000
v -0.010570 -0.003430 -0.088860
v -0.009752 -0.004224 -0.093092
v -0.008525 -0.003881 -0.094513
v -0.008809 -0.003162 -0.092857
v -0.009253 -0.002723 -0.091022
v -0.009782 -0.002650 -0.089274
v -0.008078 -0.001897 -0.092154
v -0.008466 -0.001496 -0.090585
v -0.008788 -0.001165 -0.088989
v -0.011327 -0.004664 -0.090342
v -0.015187 -0.007853 -0.087745
v -0.014513 -0.007481 -0.087434
v -0.014243 -0.007775 -0.086897
v -0.014117 -0.006895 -0.087789
v -0.013936 -0.007108 -0.087122
v -0.013498 -0.007422 -0.086539
v -0.013060 -0.007069 -0.085954
v -0.013515 -0.006475 -0.087453
v -0.013247 -0.006735 -0.086500
v -0.013060 -0.006925 -0.085954
v -0.013094 -0.005908 -0.087785
v -0.012500 -0.007667 -0.086236
v -0.012500 -0.007167 -0.085874
v -0.012952 -0.006054 -0.087118
v -0.012827 -0.006235 -0.086500
v -0.012418 -0.006477 -0.085583
v -0.012020 -0.006029 -0.084979
v -0.012634 -0.005545 -0.087471
v -0.012265 -0.005490 -0.086590
v -0.012128 -0.005842 -0.085500
v -0.012020 -0.005972 -0.084979
v -0.012078 -0.004921 -0.087500
v -0.012006 -0.004992 -0.086984
v -0.011500 -0.007293 -0.085767
v -0.011500 -0.006646 -0.085267
v -0.011500 -0.006146 -0.084870
v -0.011885 -0.005150 -0.086318
v -0.011753 -0.005342 -0.085500
v -0.011408 -0.005514 -0.084580
v -0.011031 -0.005055 -0.083954
v -0.011641 -0.004421 -0.087500
v -0.011487 -0.004504 -0.086511
v -0.011253 -0.004634 -0.085500
v -0.011112 -0.004835 -0.084500
v -0.011031 -0.004951 -0.083954
v -0.011141 -0.003830 -0.087500
v -0.011089 -0.003882 -0.086704
v -0.010413 -0.007543 -0.085719
v -0.010500 -0.006823 -0.085153
v -0.010500 -0.006323 -0.084699
v -0.010500 -0.005729 -0.084199
v -0.010500 -0.005229 -0.083761
v -0.010989 -0.004016 -0.086037
v -0.010912 -0.004134 -0.085500
v -0.010788 -0.004335 -0.084500
v -0.010461 -0.004591 -0.083507
v -0.010080 -0.004178 -0.082500
v -0.010735 -0.003330 -0.087500
v -0.010771 -0.003529 -0.086422
v -0.010192 -0.003662 -0.083500
v -0.010080 -0.003853 -0.082500
v -0.010235 -0.002688 -0.087500
v -0.010222 -0.002659 -0.086500
v -0.009465 -0.005489 -0.083515
v -0.009181 -0.005062 -0.082924
v -0.009847 -0.004897 -0.083061
v -0.009508 -0.004623 -0.082554
v -0.009911 -0.003162 -0.083500
v -0.009851 -0.003353 -0.082500
v -0.009536 -0.003604 -0.081565
v -0.009185 -0.003202 -0.080500
v -0.009860 -0.002188 -0.087500
v -0.009901 -0.002159 -0.086500
v -0.009578 -0.002500 -0.083500
v -0.009460 -0.002500 -0.082500
v -0.009382 -0.002500 -0.081500
v -0.009264 -0.002500 -0.080500
v -0.009319 -0.001414 -0.087555
v -0.009504 -0.001500 -0.086500
v -0.009451 -0.001500 -0.085500
v -0.009231 -0.001411 -0.084427
v -0.009052 -0.000912 -0.087258
v -0.009102 -0.000816 -0.086500
v -0.009101 -0.000792 -0.085500
v -0.009050 -0.000880 -0.084712
v -0.008500 -0.005679 -0.083365
v -0.008500 -0.005179 -0.082776
v -0.008500 -0.004788 -0.082276
v -0.008736 -0.003893 -0.081139
v -0.008442 -0.003659 -0.080576
v -0.008985 -0.001023 -0.087925
v -0.008992 -0.001019 -0.084046
v -0.008778 -0.000547 -0.087555
v -0.008825 -0.000316 -0.086500
v -0.008864 -0.000292 -0.085500
v -0.008865 -0.000528 -0.084427
v -0.011094 -0.007849 -0.086114
v -0.010007 -0.004008 -0.081991
v -0.010232 -0.003166 -0.085085
v -0.010007 -0.003982 -0.081991
v -0.009049 -0.007040 -0.084925
v -0.008792 -0.006076 -0.083917
v -0.009750 -0.005916 -0.084083
v -0.008670 -0.004125 -0.081430
v -0.009865 -0.002638 -0.084724
v -0.008916 -0.001116 -0.083000
v -0.008842 -0.001208 -0.081000
v -0.011006 -0.000008 -0.072009
v -0.010144 -0.000214 -0.073286
v -0.010486 -0.000286 -0.072405
v -0.009060 -0.003043 -0.079919
v -0.009123 -0.002484 -0.079552
v -0.009115 -0.002149 -0.078500
v -0.009067 -0.002058 -0.077842
v -0.009109 -0.001729 -0.079500
v -0.009096 -0.001469 -0.078427
v -0.009093 -0.001515 -0.077505
v -0.009178 -0.001268 -0.076500
v -0.009263 -0.001208 -0.075500
v -0.009259 -0.001131 -0.074500
v -0.009190 -0.001070 -0.073500
v -0.009126 -0.001038 -0.072500
v -0.009007 -0.000980 -0.078044
v -0.009066 -0.000812 -0.077500
v -0.009177 -0.000462 -0.076521
v -0.009435 -0.000500 -0.075500
v -0.009621 -0.000500 -0.074500
v -0.009738 -0.000528 -0.073571
v -0.009626 -0.000851 -0.072500
v -0.008500 -0.003154 -0.079697
v -0.008500 -0.002851 -0.079197
v -0.008500 -0.002533 -0.078500
v -0.008506 -0.002186 -0.077505
v -0.008176 -0.002068 -0.076771
v -0.008907 -0.001229 -0.079500
v -0.008955 -0.001114 -0.078711
v -0.008843 -0.001859 -0.077176
v -0.008506 -0.001796 -0.076462
v -0.008500 -0.001606 -0.075500
v -0.008500 -0.001433 -0.074500
v -0.008500 -0.001307 -0.073500
v -0.008500 -0.001240 -0.072500
v -0.008642 -0.000500 -0.079500
v -0.008812 -0.000588 -0.078427
v -0.008892 -0.000312 -0.077500
v -0.008964 -0.000103 -0.076868
v -0.015213 -0.000162 -0.067163
v -0.015528 -0.000436 -0.066547
v -0.014184 -0.001022 -0.066069
v -0.014478 -0.000309 -0.067498
v -0.014510 -0.000835 -0.066442
v -0.013500 -0.001068 -0.066213
v -0.013107 -0.000088 -0.069114
v -0.013464 -0.000240 -0.068470
v -0.013500 -0.000643 -0.067500
v -0.013500 -0.000908 -0.066713
v -0.012110 -0.001018 -0.067071
v -0.012466 -0.001129 -0.066529
v -0.012482 -0.000238 -0.069468
v -0.012500 -0.000570 -0.068500
v -0.012466 -0.000863 -0.067443
v -0.012777 -0.000963 -0.066882
v -0.011500 -0.001628 -0.065500
v -0.011500 -0.001795 -0.064500
v -0.011163 -0.000133 -0.071500
v -0.011527 -0.000299 -0.070505
v -0.010500 -0.001751 -0.065500
v -0.010500 -0.001819 -0.064500
v -0.010500 -0.000525 -0.071500
v -0.010500 -0.000716 -0.070500
v -0.009500 -0.001509 -0.067500
v -0.009500 -0.001717 -0.066500
v -0.009500 -0.001813 -0.065500
v -0.009500 -0.001821 -0.064500
v -0.008500 -0.001728 -0.067500
v -0.008500 -0.001812 -0.066500
v -0.008500 -0.001826 -0.065500
v -0.008500 -0.001821 -0.064500
v -0.014130 -0.000105 -0.068117
v -0.015060 -0.001207 -0.065283
v -0.012136 -0.000111 -0.070175
v -0.013000 -0.001549 -0.065000
v -0.010794 -0.000902 -0.068790
v -0.011115 -0.001222 -0.067136
v -0.009118 -0.001073 -0.071000
v -0.009180 -0.001267 -0.069143
v -0.015500 -0.001743 -0.063500
v -0.015500 -0.001812 -0.062500
v -0.014500 -0.001784 -0.063500
v -0.014500 -0.001812 -0.062500
v -0.013500 -0.001807 -0.063500
v -0.013500 -0.001811 -0.062500
v -0.012500 -0.001815 -0.063500
v -0.012500 -0.001811 -0.062500
v -0.015000 -0.002175 -0.056997
v -0.015000 -0.001810 -0.061000
v -0.015000 -0.001899 -0.059000
v -0.015000 -0.001999 -0.057994
v -0.013000 -0.002176 -0.056998
v -0.013000 -0.001811 -0.061000
v -0.013000 -0.001900 -0.059000
v -0.013000 -0.001999 -0.057996
v -0.011000 -0.002176 -0.056998
v -0.011000 -0.001900 -0.059000
v -0.011000 -0.001999 -0.057997
v -0.009000 -0.002176 -0.056998
v -0.009000 -0.001899 -0.059000
v -0.009000 -0.001999 -0.057996
v -0.010000 -0.001812 -0.062000
v -0.015000 -0.006264 -0.048327
v -0.015000 -0.004634 -0.050627
v -0.015000 -0.005615 -0.049163
v -0.015000 -0.002669 -0.055000
v -0.015000 -0.003269 -0.053323
v -0.013000 -0.006264 -0.048326
v -0.013000 -0.004634 -0.050627
v -0.013000 -0.005615 -0.049163
v -0.013000 -0.002670 -0.055000
v -0.013000 -0.003270 -0.053324
v -0.011000 -0.006264 -0.048327
v -0.011000 -0.004634 -0.050628
v -0.011000 -0.005616 -0.049164
v -0.011000 -0.002670 -0.055000
v -0.011000 -0.003270 -0.053324
v -0.009000 -0.006264 -0.048327
v -0.009000 -0.004634 -0.050627
v -0.009000 -0.005616 -0.049164
v -0.009000 -0.002670 -0.055000
v -0.009000 -0.003270 -0.053324
v -0.014000 -0.003927 -0.051861
v -0.010000 -0.003927 -0.051861
v -0.015500 -0.007063 -0.047122
v -0.015500 -0.007242 -0.046500
v -0.015500 -0.007215 -0.045500
v -0.015500 -0.007036 -0.044873
v -0.015500 -0.006764 -0.047622
v -0.015500 -0.006896 -0.044372
v -0.014500 -0.007063 -0.047122
v -0.014500 -0.007242 -0.046500
v -0.014500 -0.007214 -0.045500
v -0.014500 -0.007036 -0.044873
v -0.014500 -0.006764 -0.047622
v -0.014500 -0.006896 -0.044373
v -0.013500 -0.007064 -0.047122
v -0.013500 -0.007241 -0.046500
v -0.013500 -0.007211 -0.045500
v -0.013500 -0.007034 -0.044879
v -0.013500 -0.006763 -0.047622
v -0.013500 -0.006894 -0.044379
v -0.012500 -0.007064 -0.047123
v -0.012500 -0.007240 -0.046500
v -0.012500 -0.007209 -0.045500
v -0.012500 -0.007033 -0.044884
v -0.012500 -0.006764 -0.047623
v -0.012500 -0.006893 -0.044384
v -0.011500 -0.007064 -0.047123
v -0.011500 -0.007240 -0.046500
v -0.011500 -0.007209 -0.045500
v -0.011500 -0.007033 -0.044884
v -0.011500 -0.006765 -0.047623
v -0.011500 -0.006893 -0.044384
v -0.010500 -0.007064 -0.047123
v -0.010500 -0.007240 -0.046500
v -0.010500 -0.007209 -0.045500
v -0.010500 -0.007033 -0.044884
v -0.010500 -0.006764 -0.047623
v -0.010500 -0.006893 -0.044384
v -0.009500 -0.007064 -0.047123
v -0.009500 -0.007240 -0.046500
v -0.009500 -0.007209 -0.045500
v -0.009500 -0.007033 -0.044884
v -0.009500 -0.006764 -0.047623
v -0.009500 -0.006893 -0.044384
v -0.008500 -0.007064 -0.047123
v -0.008500 -0.007241 -0.046500
v -0.008500 -0.007210 -0.045500
v -0.008500 -0.007034 -0.044882
v -0.008500 -0.006764 -0.047623
v -0.008500 -0.006893 -0.044382
v -0.015000 -0.006591 -0.043000
v -0.015000 -0.006327 -0.041000
v -0.013000 -0.006586 -0.043000
v -0.013000 -0.006323 -0.041000
v -0.011000 -0.006585 -0.043000
v -0.011000 -0.006322 -0.041000
v -0.009000 -0.006585 -0.043000
v -0.009000 -0.006322 -0.041000
v -0.015000 -0.006289 -0.039000
v -0.015000 -0.006473 -0.037000
v -0.015000 -0.006920 -0.034843
v -0.015000 -0.007518 -0.033000
v -0.013000 -0.006285 -0.039000
v -0.013000 -0.006469 -0.037000
v -0.013000 -0.006918 -0.034840
v -0.013000 -0.007515 -0.033000
v -0.011000 -0.006284 -0.039000
v -0.011000 -0.006468 -0.037000
v -0.011000 -0.006917 -0.034838
v -0.011000 -0.007514 -0.033000
v -0.009000 -0.006284 -0.039000
v -0.009000 -0.006468 -0.037000
v -0.009000 -0.006917 -0.034838
v -0.009000 -0.007514 -0.033000
v -0.015500 -0.007954 -0.031842
v -0.015500 -0.007943 -0.030181
v -0.015169 -0.005500 -0.024143
v -0.015015 -0.004500 -0.024015
v -0.014500 -0.007954 -0.031842
v -0.014500 -0.007940 -0.030186
v -0.014147 -0.005739 -0.025107
v -0.014488 -0.005443 -0.024704
v -0.014500 -0.004500 -0.024495
v -0.013500 -0.007953 -0.031842
v -0.013500 -0.007940 -0.030185
v -0.013588 -0.005443 -0.025401
v -0.013980 -0.005072 -0.024983
v -0.013477 -0.004500 -0.025381
v -0.013977 -0.004500 -0.024980
v -0.012500 -0.007952 -0.031843
v -0.012500 -0.007938 -0.030185
v -0.012388 -0.005500 -0.026258
v -0.012888 -0.005500 -0.025920
v -0.012336 -0.004500 -0.026230
v -0.012836 -0.004500 -0.025882
v -0.011500 -0.007952 -0.031845
v -0.011500 -0.007935 -0.030186
v -0.011078 -0.005500 -0.027043
v -0.011578 -0.005500 -0.026758
v -0.011059 -0.004500 -0.027034
v -0.011559 -0.004500 -0.026731
v -0.010500 -0.007952 -0.031846
v -0.010500 -0.007931 -0.030192
v -0.010500 -0.005500 -0.027343
v -0.010500 -0.004500 -0.027331
v -0.009500 -0.007952 -0.031846
v -0.009500 -0.007925 -0.030199
v -0.009500 -0.007551 -0.029500
v -0.009500 -0.007126 -0.028816
v -0.009420 -0.006506 -0.028262
v -0.009050 -0.005500 -0.028022
v -0.009550 -0.005500 -0.027800
v -0.009052 -0.004500 -0.028023
v -0.009552 -0.004500 -0.027797
v -0.008500 -0.007953 -0.031846
v -0.008500 -0.007923 -0.030203
v -0.008500 -0.007516 -0.029500
v -0.008500 -0.007093 -0.028888
v -0.008500 -0.006500 -0.028505
v -0.008500 -0.005500 -0.028234
v -0.008500 -0.004500 -0.028238
v -0.015000 -0.007470 -0.029000
v -0.015000 -0.006823 -0.027268
v -0.015083 -0.006180 -0.025081
v -0.014761 -0.003000 -0.024266
v -0.014597 -0.000851 -0.024444
v -0.012960 -0.007267 -0.028691
v -0.013202 -0.006619 -0.027216
v -0.013232 -0.006056 -0.025894
v -0.012345 -0.003000 -0.026236
v -0.013438 -0.003000 -0.025420
v -0.012359 -0.001000 -0.026247
v -0.013464 -0.001070 -0.025417
v -0.011000 -0.007212 -0.028797
v -0.011226 -0.006283 -0.027321
v -0.009701 -0.006177 -0.027870
v -0.008787 -0.002000 -0.028145
v -0.010682 -0.002000 -0.027237
v -0.015724 -0.005437 -0.023525
v -0.015981 -0.005062 -0.022978
v -0.015492 -0.004500 -0.023500
v -0.015977 -0.004500 -0.022973
v -0.015885 -0.006038 -0.023875
v -0.015763 -0.002039 -0.023231
v -0.007500 -0.017357 -0.101311
v -0.007500 -0.017855 -0.100500
v -0.007500 -0.017953 -0.099500
v -0.007500 -0.017841 -0.098500
v -0.007500 -0.016500 -0.101770
v -0.006500 -0.017357 -0.101311
v -0.006500 -0.017855 -0.100500
v -0.006500 -0.017953 -0.099500
v -0.006500 -0.017841 -0.098500
v -0.006500 -0.016500 -0.101770
v -0.005500 -0.017357 -0.101311
v -0.005500 -0.017855 -0.100500
v -0.005500 -0.017953 -0.099500
v -0.005500 -0.017841 -0.098500
v -0.005500 -0.016500 -0.101770
v -0.004500 -0.017356 -0.101311
v -0.004500 -0.017855 -0.100500
v -0.004500 -0.017953 -0.099500
v -0.004500 -0.017840 -0.098500
v -0.004500 -0.016500 -0.101770
v -0.003500 -0.017356 -0.101311
v -0.003500 -0.017855 -0.100500
v -0.003500 -0.017953 -0.099500
v -0.003500 -0.017840 -0.098500
v -0.003500 -0.016500 -0.101770
v -0.002500 -0.017356 -0.101311
v -0.002500 -0.017855 -0.100500
v -0.002500 -0.017953 -0.099500
v -0.002500 -0.017840 -0.098500
v -0.002500 -0.016500 -0.101770
v -0.001500 -0.017356 -0.101311
v -0.001500 -0.017855 -0.100500
v -0.001500 -0.017953 -0.099500
v -0.001500 -0.017840 -0.098500
v -0.001500 -0.016500 -0.101770
v -0.000500 -0.017356 -0.101311
v -0.000500 -0.017854 -0.100500
v -0.000500 -0.017953 -0.099500
v -0.000500 -0.017841 -0.098500
v -0.000500 -0.016500 -0.101770
v -0.007000 -0.017685 -0.097000
v -0.005000 -0.017684 -0.097000
v -0.003000 -0.017684 -0.097000
v -0.001000 -0.017684 -0.097000
v -0.007500 -0.017867 -0.091500
v -0.007500 -0.017392 -0.090624
v -0.007500 -0.016739 -0.090124
v -0.006500 -0.017867 -0.091500
v -0.006500 -0.017392 -0.090624
v -0.006500 -0.016738 -0.090125
v -0.005500 -0.017867 -0.091500
v -0.005500 -0.017392 -0.090625
v -0.005500 -0.016738 -0.090125
v -0.004500 -0.017867 -0.091500
v -0.004500 -0.017392 -0.090625
v -0.004500 -0.016738 -0.090125
v -0.003500 -0.017867 -0.091500
v -0.003500 -0.017392 -0.090625
v -0.003500 -0.016738 -0.090125
v -0.002500 -0.017867 -0.091500
v -0.002500 -0.017392 -0.090625
v -0.002500 -0.016738 -0.090125
v -0.001500 -0.017867 -0.091500
v -0.001500 -0.017392 -0.090625
v -0.001500 -0.016738 -0.090125
v -0.000500 -0.017867 -0.091500
v -0.000500 -0.017392 -0.090625
v -0.000500 -0.016738 -0.090125
v -0.007000 -0.016238 -0.089902
v -0.005000 -0.016238 -0.089902
v -0.003000 -0.016238 -0.089902
v -0.001000 -0.016238 -0.089902
v -0.006000 -0.017746 -0.094000
v -0.002000 -0.017746 -0.094000
v -0.007593 -0.009403 -0.101375
v -0.007988 -0.009005 -0.100995
v -0.007321 -0.008857 -0.101110
v -0.007650 -0.008434 -0.100577
v -0.006500 -0.009500 -0.101627
v -0.006500 -0.008688 -0.101210
v -0.006500 -0.008188 -0.100835
v -0.005500 -0.009500 -0.101682
v -0.005500 -0.008563 -0.101260
v -0.005500 -0.008063 -0.100955
v -0.004500 -0.009500 -0.101685
v -0.004500 -0.008536 -0.101263
v -0.004500 -0.008036 -0.100977
v -0.003500 -0.009500 -0.101682
v -0.003500 -0.008536 -0.101261
v -0.003500 -0.008036 -0.100977
v -0.002500 -0.009500 -0.101681
v -0.002500 -0.008536 -0.101260
v -0.002500 -0.008036 -0.100977
v -0.001500 -0.009500 -0.101680
v -0.001500 -0.008537 -0.101260
v -0.001500 -0.008037 -0.100977
v -0.000500 -0.009500 -0.101679
v -0.000500 -0.008537 -0.101259
v -0.000500 -0.008037 -0.100977
v -0.007000 -0.011000 -0.101909
v -0.005000 -0.011000 -0.101919
v -0.003000 -0.011000 -0.101918
v -0.001000 -0.011000 -0.101918
v -0.006000 -0.014000 -0.101931
v -0.007978 -0.008011 -0.099988
v -0.002000 -0.014000 -0.101931
v -0.006000 -0.013944 -0.089057
v -0.006000 -0.011820 -0.088099
v -0.002000 -0.013946 -0.089055
v -0.002000 -0.011828 -0.088096
v -0.006921 -0.010596 -0.087368
v -0.007138 -0.009348 -0.086518
v -0.007000 -0.008341 -0.085705
v -0.005000 -0.010624 -0.087369
v -0.005000 -0.009184 -0.086351
v -0.005000 -0.008369 -0.085676
v -0.003000 -0.010624 -0.087369
v -0.003000 -0.009184 -0.086351
v -0.003000 -0.008368 -0.085676
v -0.001000 -0.010624 -0.087369
v -0.001000 -0.009184 -0.086351
v -0.001000 -0.008368 -0.085676
v -0.007500 -0.008098 -0.031347
v -0.007500 -0.008098 -0.030704
v -0.006500 -0.008098 -0.031346
v -0.006500 -0.008098 -0.030703
v -0.005500 -0.008082 -0.031314
v -0.005500 -0.008082 -0.030717
v -0.004500 -0.008039 -0.031162
v -0.004500 -0.008039 -0.030829
v -0.003968 -0.008007 -0.031027
v -0.003968 -0.008007 -0.030950
v -0.005597 -0.007401 -0.100404
v -0.005995 -0.007001 -0.099999
v -0.005329 -0.006916 -0.100068
v -0.005597 -0.006549 -0.099680
v -0.005500 -0.005883 -0.099101
v -0.005500 -0.005383 -0.098644
v -0.005500 -0.004839 -0.098144
v -0.005500 -0.004339 -0.097684
v -0.005500 -0.003801 -0.097184
v -0.005500 -0.003301 -0.096715
v -0.005500 -0.002775 -0.096215
v -0.004500 -0.007500 -0.100581
v -0.004500 -0.006868 -0.100104
v -0.004500 -0.006368 -0.099700
v -0.004500 -0.005760 -0.099200
v -0.004500 -0.005260 -0.098776
v -0.004500 -0.004686 -0.098276
v -0.004500 -0.004186 -0.097831
v -0.004500 -0.003642 -0.097331
v -0.004500 -0.003142 -0.096867
v -0.004500 -0.002617 -0.096367
v -0.006906 -0.007736 -0.100247
v -0.007133 -0.006808 -0.099166
v -0.007868 -0.006079 -0.097911
v -0.006403 -0.005608 -0.098394
v -0.007114 -0.004861 -0.097138
v -0.006413 -0.003594 -0.096408
v -0.002000 -0.007182 -0.100345
v -0.002000 -0.005232 -0.098775
v -0.002000 -0.003102 -0.096885
v -0.005500 -0.002275 -0.095726
v -0.005500 -0.001777 -0.095226
v -0.005500 -0.001277 -0.094711
v -0.005500 -0.000804 -0.094211
v -0.005500 -0.000304 -0.093666
v -0.004500 -0.002117 -0.095885
v -0.004500 -0.001621 -0.095385
v -0.004500 -0.001121 -0.094873
v -0.004500 -0.000653 -0.094373
v -0.004500 -0.000153 -0.093830
v -0.007063 -0.002903 -0.095040
v -0.007887 -0.002526 -0.093471
v -0.006384 -0.001620 -0.094380
v -0.006949 -0.001036 -0.092975
v -0.007788 -0.004168 -0.095781
v -0.007642 -0.000565 -0.091031
v -0.002000 -0.001106 -0.094898
v -0.007000 -0.007284 -0.084714
v -0.007000 -0.006294 -0.083656
v -0.007131 -0.005478 -0.082678
v -0.006915 -0.004631 -0.081382
v -0.007000 -0.003891 -0.080191
v -0.005000 -0.007325 -0.084675
v -0.005000 -0.006342 -0.083588
v -0.005000 -0.005718 -0.082794
v -0.005000 -0.004700 -0.081262
v -0.005000 -0.003993 -0.080014
v -0.003000 -0.006342 -0.083588
v -0.003000 -0.005718 -0.082794
v -0.003000 -0.004701 -0.081261
v -0.001000 -0.006342 -0.083588
v -0.001000 -0.005718 -0.082794
v -0.001000 -0.004701 -0.081261
v -0.002000 -0.007325 -0.084675
v -0.002000 -0.003993 -0.080013
v -0.007591 -0.003331 -0.079406
v -0.007319 -0.003112 -0.078736
v -0.007985 -0.002995 -0.079011
v -0.007591 -0.002890 -0.078442
v -0.006500 -0.003666 -0.079500
v -0.006518 -0.003194 -0.078442
v -0.006863 -0.002971 -0.078069
v -0.006853 -0.002637 -0.077175
v -0.006811 -0.002112 -0.075117
v -0.006155 -0.002034 -0.073724
v -0.007916 -0.001969 -0.076104
v -0.007320 -0.001891 -0.074768
v -0.006998 -0.001746 -0.072984
v -0.005000 -0.003537 -0.079000
v -0.005000 -0.002867 -0.077214
v -0.005000 -0.002295 -0.075000
v -0.005000 -0.002055 -0.073562
v -0.005000 -0.001968 -0.072781
v -0.003000 -0.003537 -0.079000
v -0.003000 -0.002867 -0.077214
v -0.003000 -0.002298 -0.075000
v -0.003000 -0.002057 -0.073543
v -0.003000 -0.001971 -0.072771
v -0.001000 -0.003538 -0.079000
v -0.001000 -0.002867 -0.077214
v -0.001000 -0.002299 -0.075000
v -0.001000 -0.002058 -0.073535
v -0.001000 -0.001973 -0.072768
v -0.007500 -0.001681 -0.069500
v -0.007500 -0.001775 -0.068500
v -0.007500 -0.001825 -0.067500
v -0.007500 -0.001831 -0.066500
v -0.006500 -0.001812 -0.069500
v -0.006500 -0.001836 -0.068500
v -0.006500 -0.001836 -0.067500
v -0.006500 -0.001831 -0.066500
v -0.007000 -0.001683 -0.071000
v -0.007000 -0.001823 -0.065000
v -0.005000 -0.001858 -0.071000
v -0.005000 -0.001837 -0.069000
v -0.005000 -0.001833 -0.067000
v -0.005000 -0.001823 -0.065000
v -0.002000 -0.001850 -0.070000
v -0.002000 -0.001828 -0.066000
v -0.007000 -0.002176 -0.056998
v -0.007000 -0.001900 -0.059000
v -0.007000 -0.001999 -0.057996
v -0.004046 -0.002000 -0.058001
v -0.004982 -0.002172 -0.057024
v -0.004982 -0.001903 -0.058975
v -0.005106 -0.002000 -0.057997
v -0.003223 -0.002001 -0.058006
v -0.003017 -0.002171 -0.057021
v -0.003017 -0.001903 -0.058977
v -0.002279 -0.001996 -0.057974
v -0.001000 -0.002131 -0.056929
v -0.001000 -0.001874 -0.059000
v -0.001000 -0.001980 -0.057859
v -0.006000 -0.001812 -0.062000
v -0.002000 -0.001811 -0.062000
v -0.001840 -0.005158 -0.049266
v -0.001799 -0.005307 -0.048500
v -0.001500 -0.004103 -0.051202
v -0.001500 -0.004426 -0.050500
v -0.001422 -0.004549 -0.049472
v -0.001386 -0.004500 -0.048500
v -0.001500 -0.003858 -0.051702
v -0.001004 -0.003990 -0.049011
v -0.001084 -0.003594 -0.048436
v -0.001023 -0.002776 -0.048060
v -0.000926 -0.004036 -0.051074
v -0.000861 -0.004128 -0.050500
v -0.000889 -0.004135 -0.049678
v -0.000556 -0.003692 -0.051444
v -0.000333 -0.003482 -0.050491
v -0.000711 -0.003594 -0.049407
v -0.000890 -0.003323 -0.048727
v -0.000072 -0.002710 -0.050152
v -0.000277 -0.002426 -0.049588
v -0.000827 -0.002466 -0.048436
v -0.007000 -0.006264 -0.048327
v -0.007000 -0.004634 -0.050627
v -0.007000 -0.005615 -0.049163
v -0.007000 -0.002670 -0.055000
v -0.007000 -0.003270 -0.053324
v -0.005000 -0.006264 -0.048328
v -0.005000 -0.004634 -0.050628
v -0.005000 -0.005616 -0.049164
v -0.005000 -0.002670 -0.055000
v -0.005000 -0.003270 -0.053324
v -0.003116 -0.006217 -0.048272
v -0.003087 -0.004636 -0.050607
v -0.002858 -0.005448 -0.049270
v -0.003000 -0.002666 -0.055000
v -0.003000 -0.003264 -0.053319
v -0.003000 -0.003921 -0.051848
v -0.001000 -0.002570 -0.055000
v -0.001000 -0.003152 -0.053194
v -0.000450 -0.001000 -0.048953
v -0.006000 -0.003927 -0.051861
v -0.007500 -0.007064 -0.047122
v -0.007500 -0.007242 -0.046500
v -0.007500 -0.007213 -0.045500
v -0.007500 -0.007035 -0.044877
v -0.007500 -0.006764 -0.047622
v -0.007500 -0.006895 -0.044377
v -0.006500 -0.007063 -0.047122
v -0.006500 -0.007242 -0.046500
v -0.006500 -0.007214 -0.045500
v -0.006500 -0.007036 -0.044873
v -0.006500 -0.006764 -0.047622
v -0.006500 -0.006896 -0.044373
v -0.005500 -0.007060 -0.047118
v -0.005500 -0.007233 -0.046500
v -0.005500 -0.007207 -0.045500
v -0.005500 -0.007034 -0.044879
v -0.005500 -0.006764 -0.047618
v -0.005500 -0.006895 -0.044379
v -0.004500 -0.007061 -0.047120
v -0.004500 -0.007186 -0.046500
v -0.004515 -0.007113 -0.045468
v -0.004858 -0.007021 -0.044924
v -0.004500 -0.006765 -0.047620
v -0.004192 -0.006970 -0.045113
v -0.004515 -0.006871 -0.044554
v -0.003500 -0.007048 -0.047098
v -0.003504 -0.007072 -0.046549
v -0.003840 -0.007056 -0.045780
v -0.003500 -0.006762 -0.047598
v -0.003173 -0.006916 -0.046248
v -0.003504 -0.006823 -0.045468
v -0.003500 -0.006558 -0.044500
v -0.003404 -0.006262 -0.043409
v -0.003598 -0.006182 -0.042500
v -0.003006 -0.005995 -0.043015
v -0.003098 -0.005929 -0.042500
v -0.003248 -0.005829 -0.041500
v -0.003339 -0.005776 -0.040500
v -0.002970 -0.007021 -0.047046
v -0.002970 -0.007021 -0.046915
v -0.002669 -0.006503 -0.047428
v -0.002715 -0.006549 -0.046549
v -0.002758 -0.006301 -0.045500
v -0.002851 -0.006166 -0.044500
v -0.002933 -0.006069 -0.043681
v -0.002108 -0.005753 -0.047500
v -0.002157 -0.005451 -0.046522
v -0.002358 -0.005500 -0.045500
v -0.002518 -0.005500 -0.044500
v -0.002733 -0.005597 -0.043409
v -0.002754 -0.005429 -0.042500
v -0.002783 -0.005329 -0.041500
v -0.002801 -0.005276 -0.040500
v -0.002041 -0.004836 -0.046203
v -0.002097 -0.004502 -0.045480
v -0.002253 -0.004500 -0.044500
v -0.002382 -0.004500 -0.043500
v -0.002477 -0.004500 -0.042500
v -0.002539 -0.004500 -0.041500
v -0.002563 -0.004500 -0.040500
v -0.001899 -0.005253 -0.047500
v -0.001973 -0.005086 -0.046870
v -0.001640 -0.004500 -0.047500
v -0.001884 -0.004502 -0.046522
v -0.001368 -0.003500 -0.047500
v -0.001673 -0.003500 -0.046500
v -0.001173 -0.002466 -0.047583
v -0.001559 -0.002500 -0.046500
v -0.000988 -0.002110 -0.047971
v -0.007000 -0.006589 -0.043000
v -0.007000 -0.006326 -0.041000
v -0.005000 -0.006554 -0.043000
v -0.005000 -0.006288 -0.041000
v -0.003794 -0.006094 -0.041000
v -0.002061 -0.003127 -0.044796
v -0.002353 -0.003000 -0.043000
v -0.002504 -0.003000 -0.041000
v -0.002078 -0.001000 -0.044357
v -0.002310 -0.001000 -0.043000
v -0.002491 -0.001000 -0.041000
v -0.001958 -0.004170 -0.045800
v -0.001925 -0.002780 -0.045318
v -0.001202 -0.001000 -0.047266
v -0.001882 -0.001000 -0.045179
v -0.003980 -0.007008 -0.034026
v -0.003753 -0.007099 -0.033500
v -0.003415 -0.007291 -0.032582
v -0.003410 -0.006286 -0.035574
v -0.003588 -0.006691 -0.034415
v -0.003253 -0.006865 -0.033500
v -0.003024 -0.006982 -0.032969
v -0.003366 -0.005758 -0.039500
v -0.003332 -0.005771 -0.038500
v -0.003243 -0.005819 -0.037500
v -0.003106 -0.005913 -0.036500
v -0.003017 -0.005983 -0.035956
v -0.002895 -0.007112 -0.032303
v -0.002934 -0.006071 -0.035289
v -0.002853 -0.006182 -0.034500
v -0.002785 -0.006365 -0.033500
v -0.002745 -0.006589 -0.032582
v -0.002808 -0.005258 -0.039500
v -0.002803 -0.005271 -0.038500
v -0.002789 -0.005319 -0.037500
v -0.002773 -0.005413 -0.036500
v -0.002770 -0.005590 -0.035574
v -0.002612 -0.005500 -0.034500
v -0.002545 -0.005500 -0.033500
v -0.002522 -0.005500 -0.032500
v -0.002567 -0.004500 -0.039500
v -0.002564 -0.004500 -0.038500
v -0.002550 -0.004500 -0.037500
v -0.002533 -0.004500 -0.036500
v -0.002523 -0.004500 -0.035500
v -0.002520 -0.004500 -0.034500
v -0.002520 -0.004500 -0.033500
v -0.002521 -0.004500 -0.032500
v -0.007000 -0.006288 -0.039000
v -0.007000 -0.006471 -0.037000
v -0.007000 -0.006918 -0.034840
v -0.007000 -0.007516 -0.033000
v -0.005000 -0.006248 -0.039000
v -0.005000 -0.006432 -0.037000
v -0.005000 -0.006893 -0.034797
v -0.005000 -0.007475 -0.033000
v -0.003849 -0.006072 -0.039000
v -0.003674 -0.006165 -0.037000
v -0.002520 -0.002000 -0.038000
v -0.002525 -0.002000 -0.034000
v -0.007500 -0.007953 -0.031847
v -0.007500 -0.007922 -0.030204
v -0.007500 -0.007467 -0.029500
v -0.007500 -0.007045 -0.028954
v -0.007500 -0.006500 -0.028746
v -0.007500 -0.005500 -0.028586
v -0.007500 -0.004500 -0.028592
v -0.006500 -0.007953 -0.031846
v -0.006500 -0.007920 -0.030203
v -0.006568 -0.007342 -0.029426
v -0.006946 -0.007009 -0.028992
v -0.006218 -0.006500 -0.029035
v -0.006718 -0.006500 -0.028930
v -0.006021 -0.005500 -0.029005
v -0.006521 -0.005500 -0.028873
v -0.006030 -0.004500 -0.029008
v -0.006530 -0.004500 -0.028876
v -0.005500 -0.007949 -0.031813
v -0.005500 -0.007921 -0.030218
v -0.005500 -0.007421 -0.029604
v -0.005500 -0.006500 -0.029159
v -0.005500 -0.005500 -0.029113
v -0.005500 -0.004500 -0.029119
v -0.004500 -0.007908 -0.031662
v -0.004500 -0.007917 -0.030329
v -0.004500 -0.007417 -0.029674
v -0.004500 -0.006500 -0.029320
v -0.004500 -0.005500 -0.029295
v -0.004500 -0.004500 -0.029301
v -0.003581 -0.007753 -0.031417
v -0.003581 -0.007826 -0.030570
v -0.003500 -0.007362 -0.029762
v -0.003500 -0.006500 -0.029509
v -0.003500 -0.005500 -0.029497
v -0.003500 -0.004500 -0.029502
v -0.003500 -0.003500 -0.029506
v -0.003500 -0.002500 -0.029510
v -0.003500 -0.001500 -0.029515
v -0.003500 -0.000500 -0.029547
v -0.002806 -0.007256 -0.031500
v -0.002795 -0.007327 -0.030500
v -0.002880 -0.007208 -0.029878
v -0.002563 -0.006500 -0.031500
v -0.002581 -0.006500 -0.030500
v -0.002817 -0.006500 -0.029813
v -0.002516 -0.005500 -0.031500
v -0.002572 -0.005500 -0.030500
v -0.002814 -0.005500 -0.029810
v -0.002518 -0.004500 -0.031500
v -0.002573 -0.004500 -0.030500
v -0.002816 -0.004500 -0.029812
v -0.002817 -0.003500 -0.029814
v -0.002818 -0.002500 -0.029816
v -0.002819 -0.001500 -0.029818
v -0.002840 -0.000500 -0.029837
v -0.006697 -0.003000 -0.028831
v -0.006723 -0.001000 -0.028845
v -0.005000 -0.003000 -0.029217
v -0.005000 -0.001000 -0.029237
v -0.002546 -0.003000 -0.031000
v -0.002568 -0.001000 -0.031000
v -0.026179 -0.015178 0.000500
v -0.026160 -0.015150 0.001500
v -0.026116 -0.015099 0.002500
v -0.026056 -0.015044 0.003195
v -0.026416 -0.014500 0.000500
v -0.026397 -0.014500 0.001500
v -0.026351 -0.014500 0.002500
v -0.026219 -0.014567 0.003517
v -0.026221 -0.014341 0.004500
v -0.026160 -0.014178 0.005500
v -0.026458 -0.013500 0.004500
v -0.026396 -0.013500 0.005500
v -0.026181 -0.013461 0.006456
v -0.026073 -0.013102 0.007091
v -0.026471 -0.012500 0.004500
v -0.026462 -0.012500 0.005500
v -0.026357 -0.012500 0.006500
v -0.026120 -0.012425 0.007455
v -0.025500 -0.015412 0.000500
v -0.025500 -0.015350 0.001500
v -0.025500 -0.015234 0.002500
v -0.025500 -0.015079 0.003346
v -0.025500 -0.014947 0.003846
v -0.025500 -0.014742 0.004500
v -0.025500 -0.014400 0.005500
v -0.025500 -0.014106 0.006170
v -0.025500 -0.013724 0.006670
v -0.025500 -0.013223 0.007236
v -0.025500 -0.012700 0.007736
v -0.024500 -0.015465 0.000500
v -0.024500 -0.015395 0.001500
v -0.024500 -0.015265 0.002500
v -0.024500 -0.015090 0.003394
v -0.024500 -0.014975 0.003894
v -0.024500 -0.014800 0.004500
v -0.024500 -0.014440 0.005500
v -0.024500 -0.014115 0.006203
v -0.024500 -0.013812 0.006703
v -0.024500 -0.013312 0.007410
v -0.024500 -0.012913 0.007910
v -0.026071 -0.014063 0.006093
v -0.026470 -0.013000 0.001000
v -0.026469 -0.013000 0.003000
v -0.026421 -0.011000 0.005000
v -0.026226 -0.011000 0.007000
v -0.026375 -0.009000 0.005000
v -0.026195 -0.009000 0.007000
v -0.026470 -0.010000 0.002000
v -0.026050 -0.011411 0.008424
v -0.026011 -0.011019 0.009022
v -0.026100 -0.010500 0.008500
v -0.026046 -0.010434 0.009413
v -0.026114 -0.009505 0.010454
v -0.026099 -0.009160 0.011500
v -0.026040 -0.009038 0.012056
v -0.026303 -0.008500 0.010500
v -0.026324 -0.008500 0.011500
v -0.026165 -0.008457 0.012434
v -0.026079 -0.008095 0.013074
v -0.025500 -0.012200 0.008204
v -0.025500 -0.011692 0.008704
v -0.025500 -0.011192 0.009223
v -0.025500 -0.010757 0.009723
v -0.025451 -0.010226 0.010454
v -0.025085 -0.010035 0.011048
v -0.025752 -0.009842 0.010757
v -0.025451 -0.009602 0.011429
v -0.025500 -0.009122 0.012148
v -0.025500 -0.008663 0.012648
v -0.025500 -0.008163 0.013122
v -0.024457 -0.012353 0.008539
v -0.024094 -0.012038 0.009043
v -0.024761 -0.011904 0.008898
v -0.024485 -0.011494 0.009492
v -0.024209 -0.011083 0.010101
v -0.024876 -0.010952 0.009942
v -0.024525 -0.010681 0.010460
v -0.024500 -0.010137 0.011162
v -0.024500 -0.009726 0.011662
v -0.024500 -0.009226 0.012228
v -0.024500 -0.008681 0.012728
v -0.024500 -0.008181 0.013130
v -0.026026 -0.012042 0.008040
v -0.026030 -0.010057 0.010090
v -0.026168 -0.009000 0.009000
v -0.026421 -0.003000 0.001000
v -0.026465 -0.003000 0.003000
v -0.026464 -0.001000 0.001000
v -0.026372 -0.001000 0.003000
v -0.026439 -0.006000 0.002000
v -0.026426 -0.006000 0.006000
v -0.026400 -0.002000 0.006000
v -0.026406 -0.007500 0.012500
v -0.026171 -0.007500 0.013225
v -0.026466 -0.006500 0.012500
v -0.026231 -0.006495 0.013536
v -0.026165 -0.005500 0.014182
v -0.026220 -0.004500 0.014338
v -0.026219 -0.003515 0.014567
v -0.026055 -0.003192 0.015043
v -0.026350 -0.002500 0.014500
v -0.026115 -0.002500 0.015098
v -0.026396 -0.001500 0.014500
v -0.026160 -0.001500 0.015150
v -0.026414 -0.000500 0.014500
v -0.026177 -0.000500 0.015175
v -0.025500 -0.007500 0.013492
v -0.025500 -0.006761 0.013870
v -0.025500 -0.006261 0.014116
v -0.025500 -0.005500 0.014407
v -0.025500 -0.004500 0.014737
v -0.025500 -0.003841 0.014946
v -0.025500 -0.003341 0.015078
v -0.025500 -0.002500 0.015232
v -0.025500 -0.001500 0.015350
v -0.025500 -0.000500 0.015407
v -0.024500 -0.007500 0.013532
v -0.024500 -0.006789 0.013902
v -0.024500 -0.006289 0.014130
v -0.024500 -0.005500 0.014452
v -0.024500 -0.004500 0.014797
v -0.024500 -0.003890 0.014974
v -0.024500 -0.003390 0.015089
v -0.024500 -0.002500 0.015263
v -0.024500 -0.001500 0.015395
v -0.024500 -0.000500 0.015460
v -0.026349 -0.007000 0.009000
v -0.026450 -0.007000 0.011000
v -0.026079 -0.006158 0.014069
v -0.026466 -0.005000 0.009000
v -0.026470 -0.005000 0.011000
v -0.026450 -0.005000 0.013000
v -0.026469 -0.003000 0.013000
v -0.026470 -0.001000 0.013000
v -0.026469 -0.002000 0.010000
v -0.023500 -0.013855 0.006736
v -0.023582 -0.013322 0.007594
v -0.023970 -0.012993 0.007991
v -0.022500 -0.013889 0.006774
v -0.022500 -0.013496 0.007500
v -0.021500 -0.015425 0.000500
v -0.021500 -0.015362 0.001500
v -0.021500 -0.015243 0.002500
v -0.021500 -0.015083 0.003361
v -0.021500 -0.014956 0.003861
v -0.021500 -0.014753 0.004500
v -0.021500 -0.014418 0.005500
v -0.021500 -0.014120 0.006265
v -0.021500 -0.013874 0.006765
v -0.021500 -0.013490 0.007500
v -0.020797 -0.015191 0.000500
v -0.020816 -0.015162 0.001500
v -0.020865 -0.015108 0.002500
v -0.020934 -0.015048 0.003217
v -0.020531 -0.014500 0.000500
v -0.020551 -0.014500 0.001500
v -0.020600 -0.014500 0.002500
v -0.020751 -0.014574 0.003530
v -0.020752 -0.014355 0.004500
v -0.020814 -0.014192 0.005500
v -0.020910 -0.014074 0.006166
v -0.020470 -0.013500 0.002500
v -0.020473 -0.013500 0.003500
v -0.020486 -0.013500 0.004500
v -0.020548 -0.013500 0.005500
v -0.020739 -0.013541 0.006500
v -0.020809 -0.013231 0.007500
v -0.020470 -0.012500 0.002500
v -0.020470 -0.012500 0.003500
v -0.020469 -0.012500 0.004500
v -0.020469 -0.012500 0.005500
v -0.020475 -0.012500 0.006500
v -0.020544 -0.012500 0.007500
v -0.023000 -0.015428 0.001000
v -0.023000 -0.015109 0.003262
v -0.023000 -0.014623 0.005000
v -0.023000 -0.014125 0.006255
v -0.020470 -0.013000 0.001000
v -0.020489 -0.010000 0.002000
v -0.020492 -0.010000 0.006000
v -0.023303 -0.013063 0.008097
v -0.023582 -0.012716 0.008458
v -0.023500 -0.012150 0.009184
v -0.023500 -0.011229 0.010266
v -0.023500 -0.010807 0.010766
v -0.023500 -0.010307 0.011314
v -0.023500 -0.009311 0.012267
v -0.023500 -0.008693 0.012767
v -0.023500 -0.008193 0.013132
v -0.022500 -0.013107 0.008168
v -0.022500 -0.012770 0.008668
v -0.022500 -0.012270 0.009345
v -0.022500 -0.011370 0.010413
v -0.022500 -0.010918 0.010913
v -0.022500 -0.010418 0.011391
v -0.022500 -0.009373 0.012296
v -0.022500 -0.008708 0.012796
v -0.022500 -0.008208 0.013134
v -0.021500 -0.013116 0.008185
v -0.021500 -0.012779 0.008685
v -0.021500 -0.012279 0.009370
v -0.021500 -0.011889 0.009870
v -0.021500 -0.011389 0.010428
v -0.021500 -0.010927 0.010928
v -0.021500 -0.010427 0.011388
v -0.021500 -0.009870 0.011888
v -0.021500 -0.009370 0.012284
v -0.021500 -0.008696 0.012784
v -0.021500 -0.008196 0.013124
v -0.020913 -0.013074 0.008118
v -0.020755 -0.012505 0.008471
v -0.020854 -0.012175 0.009236
v -0.020498 -0.011500 0.008500
v -0.020709 -0.011548 0.009541
v -0.020838 -0.011247 0.010273
v -0.020506 -0.010500 0.008500
v -0.020489 -0.010500 0.009500
v -0.020700 -0.010564 0.010564
v -0.020839 -0.010273 0.011245
v -0.020481 -0.009500 0.010500
v -0.020710 -0.009540 0.011547
v -0.020854 -0.009234 0.012176
v -0.020470 -0.008500 0.010500
v -0.020493 -0.008500 0.011500
v -0.020753 -0.008473 0.012506
v -0.020910 -0.008122 0.013077
v -0.023000 -0.011799 0.009764
v -0.023000 -0.009842 0.011853
v -0.020513 -0.009000 0.009000
v -0.020519 -0.007500 0.004500
v -0.020476 -0.007500 0.005500
v -0.020681 -0.006500 0.004500
v -0.020545 -0.006500 0.005500
v -0.020545 -0.005500 0.006500
v -0.020476 -0.005500 0.007500
v -0.020681 -0.004500 0.006500
v -0.020520 -0.004500 0.007500
v -0.020956 -0.006924 0.001000
v -0.020855 -0.006703 0.002910
v -0.020482 -0.007000 0.007000
v -0.021288 -0.005000 0.001000
v -0.021124 -0.005154 0.003126
v -0.020943 -0.004866 0.004866
v -0.021125 -0.003127 0.005155
v -0.020856 -0.002912 0.006705
v -0.021286 -0.001000 0.005000
v -0.020954 -0.001000 0.006918
v -0.021431 -0.002000 0.002000
v -0.021500 -0.007500 0.013503
v -0.021500 -0.006774 0.013879
v -0.021500 -0.006274 0.014123
v -0.021500 -0.005500 0.014421
v -0.021500 -0.004500 0.014752
v -0.021500 -0.003856 0.014955
v -0.021500 -0.003356 0.015081
v -0.021500 -0.002500 0.015241
v -0.021500 -0.001500 0.015362
v -0.021500 -0.000500 0.015420
v -0.020541 -0.007500 0.012500
v -0.020807 -0.007500 0.013236
v -0.020475 -0.006500 0.012500
v -0.020738 -0.006502 0.013543
v -0.020908 -0.006171 0.014075
v -0.020469 -0.005500 0.012500
v -0.020547 -0.005500 0.013500
v -0.020813 -0.005500 0.014193
v -0.020469 -0.004500 0.012500
v -0.020486 -0.004500 0.013500
v -0.020752 -0.004500 0.014354
v -0.020487 -0.003500 0.008500
v -0.020470 -0.003500 0.009500
v -0.020752 -0.003529 0.014574
v -0.020935 -0.003215 0.015048
v -0.020524 -0.002500 0.008500
v -0.020471 -0.002500 0.009500
v -0.020601 -0.002500 0.014500
v -0.020866 -0.002500 0.015107
v -0.020565 -0.001500 0.008500
v -0.020473 -0.001500 0.009500
v -0.020551 -0.001500 0.014500
v -0.020816 -0.001500 0.015162
v -0.020589 -0.000500 0.008500
v -0.020476 -0.000500 0.009500
v -0.020532 -0.000500 0.014500
v -0.020798 -0.000500 0.015188
v -0.023000 -0.007145 0.013719
v -0.023000 -0.006290 0.014131
v -0.023000 -0.005000 0.014625
v -0.023000 -0.003259 0.015108
v -0.023000 -0.001000 0.015426
v -0.020470 -0.003000 0.011000
v -0.020471 -0.003000 0.013000
v -0.020470 -0.001000 0.011000
v -0.020470 -0.001000 0.013000
v -0.020471 -0.006000 0.010000
v -0.026039 0.000500 -0.057123
v -0.026194 0.000500 -0.056500
v -0.026042 0.001500 -0.057133
v -0.026201 0.001500 -0.056500
v -0.025149 0.000500 -0.059253
v -0.025523 0.000500 -0.058500
v -0.025874 0.000500 -0.057623
v -0.025153 0.001500 -0.059257
v -0.025532 0.001500 -0.058500
v -0.025879 0.001500 -0.057633
v -0.025156 0.002500 -0.059259
v -0.025537 0.002500 -0.058500
v -0.025158 0.003500 -0.059261
v -0.025541 0.003500 -0.058500
v -0.025160 0.004500 -0.059265
v -0.025544 0.004500 -0.058500
v -0.025161 0.005500 -0.059269
v -0.025547 0.005500 -0.058500
v -0.025163 0.006500 -0.059271
v -0.025551 0.006500 -0.058500
v -0.025165 0.007500 -0.059273
v -0.025554 0.007500 -0.058500
v -0.024840 0.000500 -0.059753
v -0.024843 0.001500 -0.059757
v -0.024843 0.002500 -0.059759
v -0.024843 0.003500 -0.059761
v -0.024846 0.004500 -0.059765
v -0.024849 0.005500 -0.059769
v -0.024850 0.006500 -0.059771
v -0.024851 0.007500 -0.059774
v -0.026121 0.003000 -0.056817
v -0.026121 0.005000 -0.056818
v -0.026120 0.007000 -0.056818
v -0.024341 0.001000 -0.060443
v -0.024343 0.003000 -0.060447
v -0.025882 0.003000 -0.057634
v -0.025885 0.005000 -0.057636
v -0.025888 0.007000 -0.057637
v -0.024349 0.006000 -0.060454
v -0.026365 0.000500 -0.055500
v -0.026442 0.000500 -0.054500
v -0.026373 0.001500 -0.055500
v -0.026449 0.001500 -0.054500
v -0.026467 0.001000 -0.053000
v -0.026412 0.003000 -0.055000
v -0.026470 0.003000 -0.053000
v -0.026414 0.005000 -0.055000
v -0.026470 0.005000 -0.053000
v -0.026415 0.007000 -0.055000
v -0.026470 0.007000 -0.053000
v -0.026470 0.002000 -0.050000
v -0.026470 0.006000 -0.050000
v -0.026470 0.004000 -0.044000
v -0.026467 0.004000 -0.036000
v -0.026469 0.004000 -0.028000
v -0.026470 0.004000 -0.020000
v -0.026462 0.004000 -0.012000
v -0.026424 0.006500 -0.005500
v -0.026405 0.006500 -0.004500
v -0.026386 0.007500 -0.005500
v -0.026448 0.007500 -0.004500
v -0.026386 0.001000 -0.003000
v -0.026445 0.001000 -0.001000
v -0.026222 0.003000 -0.003000
v -0.026347 0.003000 -0.001000
v -0.026452 0.005000 -0.007000
v -0.026320 0.005000 -0.005000
v -0.026243 0.005000 -0.003000
v -0.026361 0.005000 -0.001000
v -0.026336 0.007000 -0.007000
v -0.026421 0.007000 -0.003000
v -0.026456 0.007000 -0.001000
v -0.026412 0.002000 -0.006000
v -0.025166 0.008500 -0.059277
v -0.025556 0.008500 -0.058500
v -0.025167 0.009500 -0.059281
v -0.025558 0.009500 -0.058500
v -0.025171 0.012500 -0.059289
v -0.025570 0.012500 -0.058500
v -0.025098 0.013500 -0.059158
v -0.025461 0.013500 -0.058500
v -0.025016 0.014015 -0.059020
v -0.025177 0.014143 -0.058500
v -0.025532 0.014307 -0.057461
v -0.025438 0.014755 -0.056422
v -0.025063 0.015008 -0.056036
v -0.024854 0.008500 -0.059777
v -0.024859 0.009500 -0.059781
v -0.024359 0.012500 -0.060436
v -0.024859 0.012500 -0.059789
v -0.024232 0.013300 -0.060259
v -0.024540 0.013580 -0.059696
v -0.024500 0.014100 -0.059228
v -0.024500 0.014379 -0.058500
v -0.024500 0.014678 -0.057500
v -0.024500 0.014899 -0.056543
v -0.024500 0.015009 -0.056043
v -0.026127 0.009000 -0.056826
v -0.026139 0.011000 -0.056841
v -0.026142 0.013000 -0.056841
v -0.026073 0.014156 -0.056801
v -0.025890 0.009000 -0.057652
v -0.025201 0.011000 -0.059192
v -0.025897 0.011000 -0.057682
v -0.025881 0.013000 -0.057682
v -0.024361 0.010000 -0.060473
v -0.026193 0.014553 -0.055521
v -0.026370 0.014500 -0.054500
v -0.026442 0.014500 -0.053500
v -0.026465 0.014500 -0.052500
v -0.026064 0.015057 -0.055202
v -0.026141 0.015146 -0.054500
v -0.026205 0.015286 -0.053500
v -0.026217 0.015546 -0.052492
v -0.025730 0.014922 -0.055869
v -0.025438 0.015092 -0.055521
v -0.025500 0.015353 -0.054500
v -0.025500 0.015649 -0.053500
v -0.025500 0.015906 -0.052801
v -0.024500 0.015143 -0.055500
v -0.024500 0.015413 -0.054500
v -0.024500 0.015730 -0.053500
v -0.024500 0.015951 -0.052878
v -0.026419 0.009000 -0.055000
v -0.026470 0.009000 -0.053000
v -0.026421 0.011000 -0.055000
v -0.026470 0.011000 -0.053000
v -0.026422 0.013000 -0.055000
v -0.026470 0.013000 -0.053000
v -0.026470 0.010000 -0.050000
v -0.026462 0.014000 -0.050000
v -0.026466 0.012000 -0.044000
v -0.026468 0.012000 -0.036000
v -0.026468 0.012000 -0.028000
v -0.026470 0.012000 -0.020000
v -0.026424 0.009000 -0.011000
v -0.026245 0.009000 -0.009000
v -0.026451 0.011000 -0.011000
v -0.026331 0.011000 -0.009000
v -0.026470 0.010000 -0.014000
v -0.026468 0.014000 -0.014000
v -0.026448 0.014000 -0.010000
v -0.026452 0.014500 -0.001500
v -0.026442 0.014500 -0.000500
v -0.026215 0.015266 -0.001500
v -0.026204 0.015232 -0.000500
v -0.025500 0.015955 -0.005308
v -0.025500 0.015859 -0.004500
v -0.025500 0.015764 -0.003500
v -0.025500 0.015681 -0.002500
v -0.025500 0.015604 -0.001500
v -0.025500 0.015530 -0.000500
v -0.024500 0.015983 -0.005207
v -0.024500 0.015924 -0.004500
v -0.024500 0.015841 -0.003500
v -0.024500 0.015759 -0.002500
v -0.024500 0.015677 -0.001500
v -0.024500 0.015596 -0.000500
v -0.026216 0.009000 -0.007000
v -0.026379 0.009000 -0.005000
v -0.026305 0.011000 -0.007000
v -0.026426 0.011000 -0.005000
v -0.026456 0.013000 -0.007000
v -0.026469 0.013000 -0.005000
v -0.026470 0.013000 -0.003000
v -0.026470 0.013000 -0.001000
v -0.026379 0.015000 -0.007000
v -0.026337 0.014992 -0.005017
v -0.026342 0.014911 -0.003000
v -0.026470 0.010000 -0.002000
v -0.026133 0.016178 -0.051500
v -0.026189 0.016509 -0.050452
v -0.026360 0.016500 -0.049500
v -0.026452 0.016500 -0.048500
v -0.026040 0.017046 -0.050087
v -0.026127 0.017214 -0.049500
v -0.026241 0.017544 -0.048536
v -0.025500 0.016119 -0.052301
v -0.025500 0.016448 -0.051500
v -0.025500 0.016829 -0.050708
v -0.025500 0.017113 -0.050208
v -0.025500 0.017525 -0.049500
v -0.025500 0.017912 -0.048894
v -0.025500 0.018280 -0.048394
v -0.024500 0.016155 -0.052378
v -0.024500 0.016543 -0.051500
v -0.024500 0.016889 -0.050790
v -0.024500 0.017159 -0.050290
v -0.024500 0.017627 -0.049500
v -0.024500 0.017967 -0.048952
v -0.024500 0.018322 -0.048452
v -0.026055 0.016056 -0.052152
v -0.026115 0.018160 -0.048227
v -0.026219 0.018496 -0.047481
v -0.026423 0.018500 -0.046500
v -0.026094 0.019108 -0.047135
v -0.026177 0.019465 -0.046435
v -0.026143 0.020181 -0.045500
v -0.026191 0.020520 -0.044424
v -0.026309 0.020500 -0.043500
v -0.026375 0.020500 -0.042500
v -0.026391 0.020500 -0.041500
v -0.026394 0.020500 -0.040500
v -0.026018 0.021013 -0.044040
v -0.026075 0.021064 -0.043500
v -0.026139 0.021126 -0.042500
v -0.026155 0.021146 -0.041500
v -0.026157 0.021148 -0.040500
v -0.025500 0.018780 -0.047735
v -0.025500 0.019188 -0.047235
v -0.025500 0.019687 -0.046608
v -0.025500 0.020077 -0.046108
v -0.025500 0.020413 -0.045500
v -0.025500 0.020836 -0.044600
v -0.025500 0.021033 -0.044100
v -0.025500 0.021164 -0.043500
v -0.025500 0.021304 -0.042500
v -0.025500 0.021349 -0.041500
v -0.025500 0.021355 -0.040500
v -0.024500 0.018822 -0.047769
v -0.024500 0.019214 -0.047269
v -0.024500 0.019714 -0.046630
v -0.024500 0.020093 -0.046130
v -0.024500 0.020467 -0.045500
v -0.024500 0.020874 -0.044639
v -0.024500 0.021046 -0.044139
v -0.024500 0.021197 -0.043500
v -0.024500 0.021351 -0.042500
v -0.024500 0.021403 -0.041500
v -0.024500 0.021409 -0.040500
v -0.026463 0.017000 -0.047000
v -0.026470 0.017000 -0.045000
v -0.026446 0.019000 -0.045000
v -0.026046 0.020041 -0.046058
v -0.026469 0.018000 -0.042000
v -0.026396 0.020500 -0.039500
v -0.026397 0.020500 -0.038500
v -0.026398 0.020500 -0.037500
v -0.026399 0.020500 -0.036500
v -0.026400 0.020500 -0.035500
v -0.026401 0.020500 -0.034500
v -0.026402 0.020500 -0.033500
v -0.026404 0.020500 -0.032500
v -0.026159 0.021150 -0.039500
v -0.026161 0.021153 -0.038500
v -0.026161 0.021154 -0.037500
v -0.026162 0.021156 -0.036500
v -0.026163 0.021157 -0.035500
v -0.026164 0.021159 -0.034500
v -0.026166 0.021161 -0.033500
v -0.026167 0.021163 -0.032500
v -0.025500 0.021359 -0.039500
v -0.025500 0.021364 -0.038500
v -0.025500 0.021368 -0.037500
v -0.025500 0.021372 -0.036500
v -0.025500 0.021376 -0.035500
v -0.025500 0.021380 -0.034500
v -0.025500 0.021384 -0.033500
v -0.025500 0.021389 -0.032500
v -0.024500 0.021414 -0.039500
v -0.024500 0.021419 -0.038500
v -0.024500 0.021424 -0.037500
v -0.024500 0.021428 -0.036500
v -0.024500 0.021433 -0.035500
v -0.024500 0.021438 -0.034500
v -0.024500 0.021443 -0.033500
v -0.024500 0.021448 -0.032500
v -0.026467 0.018000 -0.038000
v -0.026470 0.018000 -0.034000
v -0.026405 0.020500 -0.031500
v -0.026406 0.020500 -0.030500
v -0.026408 0.020500 -0.029500
v -0.026409 0.020500 -0.028500
v -0.026410 0.020500 -0.027500
v -0.026412 0.020500 -0.026500
v -0.026413 0.020500 -0.025500
v -0.026414 0.020500 -0.024500
v -0.026168 0.021165 -0.031500
v -0.026169 0.021167 -0.030500
v -0.026171 0.021169 -0.029500
v -0.026172 0.021171 -0.028500
v -0.026173 0.021173 -0.027500
v -0.026174 0.021175 -0.026500
v -0.026176 0.021177 -0.025500
v -0.026177 0.021179 -0.024500
v -0.025500 0.021393 -0.031500
v -0.025500 0.021398 -0.030500
v -0.025500 0.021402 -0.029500
v -0.025500 0.021406 -0.028500
v -0.025500 0.021411 -0.027500
v -0.025500 0.021415 -0.026500
v -0.025500 0.021420 -0.025500
v -0.025500 0.021425 -0.024500
v -0.024500 0.021453 -0.031500
v -0.024500 0.021458 -0.030500
v -0.024500 0.021463 -0.029500
v -0.024500 0.021468 -0.028500
v -0.024500 0.021473 -0.027500
v -0.024500 0.021478 -0.026500
v -0.024500 0.021483 -0.025500
v -0.024500 0.021488 -0.024500
v -0.026470 0.018000 -0.030000
v -0.026466 0.018000 -0.026000
v -0.026432 0.016500 -0.017500
v -0.026418 0.016500 -0.016500
v -0.026180 0.017558 -0.017498
v -0.026181 0.017307 -0.016500
v -0.026416 0.020500 -0.023500
v -0.026369 0.020500 -0.022500
v -0.026169 0.020459 -0.021551
v -0.026068 0.020099 -0.020878
v -0.026179 0.021182 -0.023500
v -0.026136 0.021133 -0.022500
v -0.026061 0.021055 -0.021918
v -0.025821 0.017930 -0.017162
v -0.025493 0.017782 -0.016555
v -0.025830 0.018883 -0.019141
v -0.025498 0.018679 -0.018552
v -0.025493 0.018169 -0.017498
v -0.025154 0.018032 -0.016925
v -0.025500 0.019778 -0.020239
v -0.025498 0.019250 -0.019484
v -0.025164 0.019046 -0.018920
v -0.025500 0.020701 -0.021355
v -0.025500 0.020201 -0.020739
v -0.025500 0.021428 -0.023500
v -0.025500 0.021313 -0.022500
v -0.025500 0.021098 -0.021855
v -0.024500 0.017839 -0.016390
v -0.024500 0.018787 -0.018384
v -0.024500 0.018333 -0.017500
v -0.024500 0.018046 -0.016890
v -0.024500 0.019881 -0.020166
v -0.024500 0.019448 -0.019500
v -0.024500 0.019067 -0.018884
v -0.024500 0.020750 -0.021334
v -0.024500 0.020250 -0.020666
v -0.024500 0.021491 -0.023500
v -0.024500 0.021358 -0.022500
v -0.024500 0.021112 -0.021834
v -0.026455 0.017000 -0.023000
v -0.026436 0.017000 -0.021000
v -0.026390 0.017000 -0.019000
v -0.026448 0.019000 -0.023000
v -0.026295 0.018992 -0.021007
v -0.026099 0.018617 -0.019264
v -0.026038 0.018057 -0.017829
v -0.026369 0.016500 -0.015500
v -0.026225 0.016587 -0.014433
v -0.026133 0.017157 -0.015500
v -0.026065 0.017063 -0.014721
v -0.025843 0.016979 -0.014054
v -0.025506 0.016873 -0.013570
v -0.025500 0.016629 -0.012500
v -0.025500 0.016481 -0.011500
v -0.025500 0.016376 -0.010500
v -0.025500 0.016298 -0.009500
v -0.025500 0.016227 -0.008500
v -0.025500 0.017411 -0.015500
v -0.025506 0.017112 -0.014433
v -0.025177 0.017012 -0.013950
v -0.024500 0.016897 -0.013432
v -0.024500 0.016702 -0.012500
v -0.024500 0.016541 -0.011500
v -0.024500 0.016423 -0.010500
v -0.024500 0.016336 -0.009500
v -0.024500 0.016257 -0.008500
v -0.024500 0.017504 -0.015500
v -0.024500 0.017181 -0.014500
v -0.024500 0.017017 -0.013932
v -0.026221 0.016334 -0.013000
v -0.026180 0.016186 -0.011000
v -0.026129 0.016111 -0.009000
v -0.025500 0.016150 -0.007500
v -0.025500 0.016072 -0.006500
v -0.025500 0.016017 -0.005808
v -0.024500 0.016174 -0.007500
v -0.024500 0.016090 -0.006500
v -0.024500 0.016025 -0.005707
v -0.026056 0.016043 -0.007000
v -0.026007 0.016005 -0.005948
v -0.019500 0.000500 -0.064438
v -0.019569 0.001473 -0.064224
v -0.018281 0.000500 -0.065164
v -0.018780 0.000500 -0.064878
v -0.018108 0.001264 -0.065059
v -0.018465 0.001558 -0.064805
v -0.017043 0.000084 -0.066027
v -0.017426 0.000450 -0.065683
v -0.017583 0.001558 -0.065292
v -0.017972 0.001930 -0.064985
v -0.016526 0.000450 -0.066247
v -0.016876 0.000751 -0.065921
v -0.016216 0.001500 -0.066143
v -0.016716 0.001500 -0.065821
v -0.018907 0.003000 -0.064352
v -0.018838 0.005000 -0.064233
v -0.018834 0.007000 -0.064224
v -0.016078 0.002260 -0.066051
v -0.017200 0.003009 -0.065250
v -0.017100 0.005000 -0.065123
v -0.017085 0.007000 -0.065106
v -0.020052 0.000810 -0.064038
v -0.023447 0.000500 -0.061438
v -0.023947 0.000500 -0.060939
v -0.023454 0.001500 -0.061444
v -0.023954 0.001500 -0.060946
v -0.023454 0.002500 -0.061450
v -0.023954 0.002500 -0.060946
v -0.023455 0.003500 -0.061454
v -0.023955 0.003500 -0.060948
v -0.023459 0.004500 -0.061456
v -0.023959 0.004500 -0.060952
v -0.023461 0.005500 -0.061457
v -0.023961 0.005500 -0.060955
v -0.023461 0.006500 -0.061460
v -0.023961 0.006500 -0.060955
v -0.023462 0.007500 -0.061463
v -0.023962 0.007500 -0.060955
v -0.022928 0.000500 -0.061938
v -0.022933 0.001500 -0.061944
v -0.022940 0.002500 -0.061950
v -0.022945 0.003500 -0.061954
v -0.022948 0.004500 -0.061956
v -0.022949 0.005500 -0.061957
v -0.022952 0.006500 -0.061960
v -0.022956 0.007500 -0.061963
v -0.021272 0.000500 -0.063198
v -0.021772 0.000500 -0.062833
v -0.021251 0.001500 -0.063172
v -0.021752 0.001500 -0.062827
v -0.020581 0.000500 -0.063698
v -0.020414 0.001473 -0.063721
v -0.022430 0.001000 -0.062330
v -0.022442 0.003000 -0.062335
v -0.022449 0.005000 -0.062339
v -0.022454 0.007000 -0.062340
v -0.021162 0.003000 -0.063181
v -0.021157 0.005000 -0.063154
v -0.021157 0.007000 -0.063154
v -0.019859 0.002596 -0.063933
v -0.019671 0.006000 -0.063860
v -0.018057 0.001000 -0.020100
v -0.018739 0.001000 -0.018720
v -0.019429 0.001000 -0.017000
v -0.018020 0.002781 -0.020036
v -0.018615 0.002857 -0.018807
v -0.019224 0.003086 -0.017321
v -0.018337 0.005000 -0.018885
v -0.019109 0.005000 -0.017150
v -0.018141 0.006861 -0.018781
v -0.018963 0.006955 -0.016963
v -0.016233 0.001000 -0.022764
v -0.017313 0.001000 -0.021290
v -0.016221 0.002710 -0.022673
v -0.017264 0.002989 -0.021196
v -0.017963 0.003728 -0.019933
v -0.017869 0.005000 -0.019769
v -0.017798 0.007203 -0.019293
v -0.016787 0.005871 -0.021193
v -0.020057 0.001000 -0.014761
v -0.020341 0.001000 -0.013000
v -0.020045 0.002636 -0.014619
v -0.020296 0.003000 -0.013000
v -0.020431 0.005000 -0.011000
v -0.020474 0.005000 -0.009000
v -0.020353 0.007000 -0.011000
v -0.020458 0.007000 -0.009000
v -0.020485 0.002000 -0.010000
v -0.020134 0.005776 -0.013197
v -0.019893 0.002346 -0.015278
v -0.019798 0.006341 -0.014539
v -0.020524 0.004500 -0.007500
v -0.020689 0.004500 -0.006500
v -0.020477 0.005500 -0.007500
v -0.020549 0.005500 -0.006500
v -0.020546 0.006500 -0.005500
v -0.020679 0.006500 -0.004500
v -0.020475 0.007500 -0.005500
v -0.020518 0.007500 -0.004500
v -0.020957 0.001000 -0.006925
v -0.021289 0.001000 -0.005000
v -0.020859 0.002914 -0.006709
v -0.021127 0.003131 -0.005157
v -0.020944 0.004867 -0.004867
v -0.021123 0.005152 -0.003123
v -0.021287 0.005000 -0.001000
v -0.020476 0.007000 -0.007000
v -0.020854 0.006700 -0.002908
v -0.020956 0.006923 -0.001000
v -0.021431 0.002000 -0.002000
v -0.019146 0.010500 -0.064056
v -0.019079 0.011101 -0.064028
v -0.018500 0.010500 -0.064307
v -0.018426 0.011460 -0.064109
v -0.017033 0.010061 -0.065016
v -0.017420 0.010437 -0.064759
v -0.017500 0.011500 -0.064382
v -0.016485 0.010437 -0.065156
v -0.016808 0.010728 -0.064929
v -0.016142 0.011092 -0.065055
v -0.016485 0.011455 -0.064723
v -0.018838 0.009000 -0.064220
v -0.018043 0.012017 -0.064010
v -0.017061 0.009000 -0.065075
v -0.017000 0.012193 -0.064143
v -0.023467 0.008500 -0.061468
v -0.023967 0.008500 -0.060962
v -0.023475 0.009500 -0.061473
v -0.023975 0.009500 -0.060971
v -0.023480 0.010500 -0.061476
v -0.023980 0.010500 -0.060977
v -0.023484 0.011500 -0.061474
v -0.023984 0.011500 -0.060981
v -0.023424 0.012500 -0.061369
v -0.023924 0.012500 -0.060936
v -0.023241 0.013187 -0.061179
v -0.023566 0.013577 -0.060510
v -0.023224 0.014043 -0.060094
v -0.023534 0.014172 -0.059570
v -0.023500 0.014478 -0.058500
v -0.022962 0.008500 -0.061968
v -0.022969 0.009500 -0.061974
v -0.022971 0.010500 -0.061976
v -0.022967 0.011500 -0.061974
v -0.022278 0.012500 -0.062181
v -0.022777 0.012500 -0.061869
v -0.022063 0.013038 -0.062035
v -0.022438 0.013303 -0.061507
v -0.022500 0.013850 -0.060702
v -0.022500 0.014071 -0.060202
v -0.022500 0.014259 -0.059500
v -0.022500 0.014481 -0.058500
v -0.021272 0.010500 -0.063154
v -0.021772 0.010500 -0.062859
v -0.021208 0.011500 -0.063112
v -0.021708 0.011500 -0.062836
v -0.021091 0.012087 -0.063046
v -0.021455 0.012452 -0.062649
v -0.021500 0.013142 -0.062157
v -0.021500 0.013580 -0.061500
v -0.021500 0.013939 -0.060795
v -0.020500 0.010500 -0.063520
v -0.020500 0.011500 -0.063423
v -0.020500 0.012269 -0.063163
v -0.020500 0.012769 -0.062840
v -0.020500 0.013261 -0.062340
v -0.020500 0.013722 -0.061500
v -0.020500 0.013961 -0.060838
v -0.019646 0.010500 -0.063867
v -0.019447 0.011460 -0.063808
v -0.019475 0.012563 -0.063279
v -0.019792 0.012938 -0.062945
v -0.019125 0.013026 -0.063028
v -0.019475 0.013264 -0.062567
v -0.019500 0.013777 -0.061500
v -0.019500 0.013966 -0.060850
v -0.018709 0.011767 -0.063931
v -0.018426 0.012410 -0.063632
v -0.018500 0.013078 -0.063092
v -0.018500 0.013413 -0.062500
v -0.018500 0.013803 -0.061500
v -0.018500 0.013968 -0.060852
v -0.017500 0.012613 -0.063686
v -0.017500 0.013143 -0.063186
v -0.017500 0.013492 -0.062500
v -0.017500 0.013817 -0.061500
v -0.017500 0.013968 -0.060851
v -0.016500 0.012773 -0.063778
v -0.016500 0.013186 -0.063278
v -0.016500 0.013542 -0.062500
v -0.016500 0.013824 -0.061500
v -0.016500 0.013968 -0.060849
v -0.022465 0.009000 -0.062351
v -0.022469 0.011000 -0.062347
v -0.023891 0.013966 -0.059950
v -0.023000 0.014867 -0.056697
v -0.021171 0.009000 -0.063169
v -0.021000 0.014080 -0.060317
v -0.021000 0.014374 -0.059000
v -0.021000 0.014865 -0.056691
v -0.019675 0.009000 -0.063867
v -0.019000 0.014078 -0.060351
v -0.017000 0.014075 -0.060350
v -0.018000 0.014668 -0.057614
v -0.020000 0.015563 -0.054097
v -0.018083 0.008834 -0.018161
v -0.018660 0.008885 -0.016841
v -0.018155 0.010861 -0.016792
v -0.018039 0.012112 -0.016088
v -0.017346 0.009094 -0.019335
v -0.017955 0.009835 -0.017907
v -0.016945 0.010993 -0.018982
v -0.017800 0.011204 -0.017288
v -0.016409 0.012703 -0.018645
v -0.017124 0.013112 -0.017119
v -0.016061 0.014119 -0.018091
v -0.016543 0.014830 -0.016800
v -0.016407 0.009423 -0.020572
v -0.020039 0.014500 -0.008191
v -0.020047 0.015934 -0.009096
v -0.020140 0.015560 -0.008429
v -0.019027 0.014114 -0.012081
v -0.019137 0.014469 -0.011516
v -0.019454 0.014500 -0.010500
v -0.019735 0.014500 -0.009500
v -0.019932 0.014500 -0.008691
v -0.019175 0.015500 -0.011335
v -0.019516 0.015500 -0.010500
v -0.019834 0.015560 -0.009458
v -0.019935 0.015267 -0.008715
v -0.018089 0.014500 -0.014199
v -0.018383 0.014500 -0.013500
v -0.018803 0.014469 -0.012448
v -0.018947 0.014781 -0.011860
v -0.018001 0.015004 -0.014002
v -0.018159 0.015402 -0.013495
v -0.018629 0.015500 -0.012500
v -0.018931 0.015500 -0.011835
v -0.020181 0.008984 -0.010996
v -0.020415 0.009000 -0.009000
v -0.020056 0.010766 -0.010642
v -0.020272 0.011000 -0.009000
v -0.020002 0.012009 -0.010008
v -0.020074 0.012868 -0.008879
v -0.019196 0.009098 -0.015290
v -0.019817 0.008984 -0.013052
v -0.018901 0.010875 -0.014864
v -0.019350 0.011183 -0.013194
v -0.018271 0.012936 -0.014931
v -0.019004 0.013011 -0.013008
v -0.019602 0.012976 -0.010976
v -0.019935 0.013303 -0.009344
v -0.017899 0.013408 -0.015421
v -0.017318 0.015079 -0.015291
v -0.017903 0.015671 -0.013825
v -0.020028 0.008779 -0.012163
v -0.019916 0.010838 -0.011291
v -0.021500 0.015968 -0.005257
v -0.021500 0.015880 -0.004500
v -0.021500 0.015782 -0.003500
v -0.021500 0.015699 -0.002500
v -0.021500 0.015620 -0.001500
v -0.021500 0.015544 -0.000500
v -0.020485 0.008500 -0.003500
v -0.020523 0.008500 -0.002500
v -0.020566 0.008500 -0.001500
v -0.020593 0.008500 -0.000500
v -0.020470 0.009500 -0.003500
v -0.020471 0.009500 -0.002500
v -0.020474 0.009500 -0.001500
v -0.020477 0.009500 -0.000500
v -0.020164 0.014500 -0.007500
v -0.020310 0.014500 -0.006500
v -0.020411 0.014500 -0.005500
v -0.020469 0.014500 -0.004500
v -0.020482 0.014500 -0.003500
v -0.020483 0.014500 -0.002500
v -0.020492 0.014500 -0.001500
v -0.020503 0.014500 -0.000500
v -0.020387 0.015500 -0.007500
v -0.020570 0.015500 -0.006500
v -0.020747 0.015581 -0.005524
v -0.020735 0.015418 -0.004500
v -0.020746 0.015362 -0.003500
v -0.020750 0.015319 -0.002500
v -0.020759 0.015281 -0.001500
v -0.020770 0.015246 -0.000500
v -0.023000 0.015953 -0.004857
v -0.023000 0.015800 -0.003000
v -0.023000 0.015636 -0.001000
v -0.020498 0.009000 -0.007000
v -0.020471 0.009000 -0.005000
v -0.020431 0.011000 -0.007000
v -0.020472 0.011000 -0.005000
v -0.020470 0.011000 -0.003000
v -0.020470 0.011000 -0.001000
v -0.020327 0.013000 -0.007000
v -0.020460 0.013000 -0.005000
v -0.020471 0.013000 -0.003000
v -0.020469 0.013000 -0.001000
v -0.023000 0.016870 -0.050866
v -0.023000 0.017802 -0.049228
v -0.023000 0.018321 -0.048456
v -0.021000 0.016868 -0.050863
v -0.021000 0.017799 -0.049226
v -0.021000 0.018320 -0.048453
v -0.019000 0.016868 -0.050864
v -0.019000 0.017799 -0.049227
v -0.019000 0.018320 -0.048453
v -0.017000 0.016868 -0.050864
v -0.017000 0.017799 -0.049227
v -0.017000 0.018320 -0.048453
v -0.022000 0.016159 -0.052389
v -0.018000 0.016158 -0.052387
v -0.023500 0.020467 -0.045500
v -0.023500 0.020874 -0.044640
v -0.023500 0.021046 -0.044140
v -0.022500 0.020464 -0.045500
v -0.022500 0.020873 -0.044641
v -0.022500 0.021047 -0.044141
v -0.021500 0.020464 -0.045500
v -0.021500 0.020873 -0.044641
v -0.021500 0.021047 -0.044141
v -0.020500 0.020464 -0.045500
v -0.020500 0.020873 -0.044640
v -0.020500 0.021047 -0.044140
v -0.019500 0.020463 -0.045500
v -0.019500 0.020872 -0.044640
v -0.019500 0.021046 -0.044140
v -0.018500 0.020463 -0.045500
v -0.018500 0.020872 -0.044640
v -0.018500 0.021046 -0.044140
v -0.017500 0.020463 -0.045500
v -0.017500 0.020872 -0.044639
v -0.017500 0.021046 -0.044139
v -0.016500 0.020463 -0.045500
v -0.016500 0.020872 -0.044639
v -0.016500 0.021046 -0.044139
v -0.023000 0.020092 -0.046127
v -0.023000 0.021273 -0.043000
v -0.023000 0.021403 -0.041000
v -0.021000 0.020091 -0.046126
v -0.021000 0.021273 -0.043000
v -0.021000 0.021403 -0.041000
v -0.019000 0.020091 -0.046126
v -0.019000 0.021274 -0.043000
v -0.019000 0.021403 -0.041000
v -0.017000 0.020091 -0.046126
v -0.017000 0.021274 -0.043000
v -0.017000 0.021404 -0.041000
v -0.022000 0.019248 -0.047220
v -0.018000 0.019247 -0.047219
v -0.020000 0.021429 -0.036000
v -0.020000 0.021469 -0.028000
v -0.023500 0.020746 -0.021335
v -0.023500 0.020246 -0.020670
v -0.023500 0.021489 -0.023500
v -0.023500 0.021356 -0.022500
v -0.023500 0.021111 -0.021835
v -0.022500 0.020747 -0.021334
v -0.022500 0.020247 -0.020669
v -0.022500 0.021488 -0.023500
v -0.022500 0.021356 -0.022500
v -0.022500 0.021112 -0.021834
v -0.021500 0.020747 -0.021334
v -0.021500 0.020248 -0.020669
v -0.021500 0.021488 -0.023500
v -0.021500 0.021356 -0.022500
v -0.021500 0.021112 -0.021834
v -0.020500 0.020747 -0.021334
v -0.020500 0.020247 -0.020671
v -0.020500 0.021489 -0.023500
v -0.020500 0.021357 -0.022500
v -0.020500 0.021112 -0.021834
v -0.019500 0.020745 -0.021334
v -0.019500 0.020245 -0.020677
v -0.019500 0.021489 -0.023500
v -0.019500 0.021358 -0.022500
v -0.019500 0.021113 -0.021834
v -0.018500 0.020740 -0.021334
v -0.018500 0.020240 -0.020691
v -0.018500 0.021489 -0.023500
v -0.018500 0.021359 -0.022500
v -0.018500 0.021114 -0.021834
v -0.017500 0.017878 -0.017209
v -0.017500 0.017492 -0.016500
v -0.017500 0.020730 -0.021337
v -0.017500 0.020231 -0.020714
v -0.017500 0.021489 -0.023500
v -0.017500 0.021358 -0.022500
v -0.017500 0.021113 -0.021837
v -0.016326 0.016500 -0.016322
v -0.016500 0.017761 -0.017360
v -0.016559 0.017228 -0.016502
v -0.016500 0.020716 -0.021343
v -0.016500 0.020216 -0.020744
v -0.016500 0.021489 -0.023500
v -0.016500 0.021357 -0.022500
v -0.016500 0.021112 -0.021843
v -0.023000 0.017837 -0.016398
v -0.023000 0.019096 -0.018927
v -0.023000 0.018185 -0.017199
v -0.021000 0.017833 -0.016405
v -0.021000 0.019094 -0.018929
v -0.021000 0.018181 -0.017203
v -0.018859 0.017871 -0.016786
v -0.019000 0.019063 -0.018957
v -0.019201 0.018158 -0.017308
v -0.017119 0.018960 -0.019034
v -0.017000 0.018127 -0.017785
v -0.022000 0.019879 -0.020170
v -0.018000 0.019842 -0.020206
v -0.021500 0.016332 -0.009500
v -0.021500 0.016251 -0.008500
v -0.020428 0.016158 -0.009458
v -0.020666 0.016124 -0.008500
v -0.019500 0.016938 -0.014173
v -0.019500 0.016726 -0.013500
v -0.019500 0.016436 -0.012500
v -0.019497 0.016178 -0.011552
v -0.019829 0.016106 -0.010500
v -0.019500 0.017402 -0.015500
v -0.019500 0.017105 -0.014673
v -0.018136 0.016960 -0.015074
v -0.018482 0.016797 -0.014520
v -0.018471 0.016309 -0.013495
v -0.018810 0.016134 -0.012500
v -0.018961 0.016033 -0.011920
v -0.018482 0.017209 -0.015445
v -0.018803 0.017048 -0.014867
v -0.017423 0.016576 -0.015249
v -0.017706 0.016302 -0.014500
v -0.017500 0.017113 -0.015766
v -0.016826 0.016500 -0.015756
v -0.016932 0.017031 -0.015948
v -0.023000 0.017336 -0.015000
v -0.023000 0.016870 -0.013293
v -0.023000 0.016478 -0.011000
v -0.023000 0.016293 -0.009000
v -0.020831 0.017254 -0.014790
v -0.021053 0.016862 -0.013317
v -0.021000 0.016438 -0.011000
v -0.019943 0.016042 -0.009763
v -0.017903 0.016109 -0.013825
v -0.021500 0.016167 -0.007500
v -0.021500 0.016083 -0.006500
v -0.021500 0.016021 -0.005757
v -0.020824 0.016081 -0.007500
v -0.020926 0.016038 -0.006500
v -0.020979 0.016012 -0.005873
v -0.023000 0.016129 -0.007000
v -0.023000 0.016024 -0.005713
v -0.008061 0.000114 -0.088779
v -0.008509 0.000500 -0.085500
v -0.008496 0.000500 -0.084500
v -0.008145 0.001365 -0.085500
v -0.008127 0.001577 -0.084421
v -0.008177 0.000818 -0.086890
v -0.008221 0.000975 -0.083020
v -0.008158 0.000878 -0.081000
v -0.008002 0.002006 -0.084036
v -0.008002 0.002006 -0.083969
v -0.011006 0.000017 -0.072009
v -0.010138 0.000500 -0.073274
v -0.010647 0.000410 -0.072405
v -0.010040 0.001159 -0.073079
v -0.010247 0.001496 -0.072553
v -0.009891 0.000500 -0.073774
v -0.009781 0.001496 -0.073448
v -0.009958 0.001826 -0.072922
v -0.009008 0.006063 -0.074018
v -0.009182 0.006438 -0.073559
v -0.009768 0.006495 -0.072414
v -0.009124 0.007500 -0.073246
v -0.009541 0.007500 -0.072500
v -0.008370 0.006500 -0.075500
v -0.008798 0.006438 -0.074411
v -0.008967 0.006729 -0.073931
v -0.008136 0.007457 -0.075448
v -0.008507 0.007500 -0.074500
v -0.008865 0.007500 -0.073746
v -0.010130 0.003000 -0.072231
v -0.010036 0.005000 -0.072064
v -0.010014 0.006158 -0.072024
v -0.008265 0.001005 -0.078981
v -0.008719 0.000843 -0.076844
v -0.009136 0.001195 -0.075178
v -0.008013 0.002481 -0.078482
v -0.008246 0.002976 -0.077000
v -0.008901 0.003000 -0.074860
v -0.009664 0.003000 -0.073115
v -0.008098 0.004976 -0.076836
v -0.008783 0.005000 -0.074714
v -0.009529 0.005000 -0.073032
v -0.008067 0.006797 -0.076227
v -0.015211 0.000500 -0.067162
v -0.015711 0.000500 -0.066788
v -0.015069 0.001186 -0.067053
v -0.015441 0.001512 -0.066691
v -0.014098 0.000500 -0.068088
v -0.014598 0.000500 -0.067662
v -0.014001 0.001003 -0.068001
v -0.014475 0.001428 -0.067478
v -0.014949 0.001853 -0.066960
v -0.013107 0.000314 -0.069114
v -0.013464 0.000588 -0.068667
v -0.013537 0.001402 -0.068331
v -0.012128 0.000500 -0.070164
v -0.012699 0.000588 -0.069468
v -0.012994 0.000980 -0.068994
v -0.012034 0.001120 -0.070043
v -0.012354 0.001472 -0.069557
v -0.012917 0.001500 -0.068913
v -0.011199 0.000410 -0.071502
v -0.011745 0.000500 -0.070663
v -0.011105 0.001500 -0.071156
v -0.011649 0.001472 -0.070426
v -0.010895 0.000683 -0.071837
v -0.010780 0.001500 -0.071656
v -0.014871 0.003009 -0.066808
v -0.015951 0.003213 -0.065967
v -0.014730 0.005000 -0.066711
v -0.015840 0.005000 -0.065891
v -0.014698 0.007000 -0.066686
v -0.015813 0.007000 -0.065874
v -0.013895 0.001670 -0.067904
v -0.012738 0.003000 -0.068743
v -0.013731 0.003000 -0.067755
v -0.013613 0.005000 -0.067647
v -0.013572 0.007000 -0.067616
v -0.011942 0.001787 -0.069929
v -0.010954 0.002910 -0.070958
v -0.011817 0.003000 -0.069776
v -0.010818 0.005000 -0.070859
v -0.011714 0.005000 -0.069650
v -0.010734 0.006999 -0.070800
v -0.011658 0.007000 -0.069594
v -0.009951 0.007163 -0.071927
v -0.012602 0.006000 -0.068601
v -0.014547 0.001000 -0.024556
v -0.014610 0.002740 -0.024409
v -0.014285 0.005000 -0.024265
v -0.014041 0.006760 -0.024038
v -0.012408 0.001000 -0.026281
v -0.013204 0.001000 -0.025699
v -0.012328 0.003000 -0.026226
v -0.013430 0.003065 -0.025392
v -0.012095 0.004806 -0.026066
v -0.013161 0.004995 -0.025215
v -0.012943 0.006897 -0.024893
v -0.011095 0.001000 -0.027098
v -0.011030 0.003076 -0.027025
v -0.010813 0.004981 -0.026795
v -0.011907 0.005780 -0.025940
v -0.010857 0.006945 -0.026269
v -0.011390 0.007315 -0.025858
v -0.008830 0.001000 -0.028201
v -0.009660 0.001000 -0.027845
v -0.008802 0.002905 -0.028129
v -0.009322 0.003262 -0.027864
v -0.009263 0.005214 -0.027517
v -0.009117 0.007105 -0.027098
v -0.008182 0.004823 -0.028070
v -0.015568 0.001000 -0.023528
v -0.015564 0.003188 -0.023363
v -0.015273 0.005000 -0.023268
v -0.015016 0.007034 -0.023016
v -0.015957 0.007223 -0.021948
v -0.013907 0.007687 -0.023919
v -0.009034 0.008055 -0.073064
v -0.009170 0.008433 -0.072411
v -0.009012 0.009012 -0.072018
v -0.008489 0.008492 -0.073477
v -0.008791 0.008722 -0.072685
v -0.008125 0.009120 -0.073225
v -0.008475 0.009257 -0.072411
v -0.008098 0.008141 -0.074790
v -0.015441 0.010444 -0.065659
v -0.015500 0.011263 -0.065182
v -0.015500 0.011764 -0.064846
v -0.015500 0.012398 -0.064346
v -0.014500 0.010801 -0.065888
v -0.014486 0.011556 -0.065336
v -0.014810 0.011926 -0.064945
v -0.014143 0.012046 -0.065044
v -0.014469 0.012507 -0.064483
v -0.014128 0.013016 -0.064022
v -0.013020 0.008098 -0.068019
v -0.013412 0.008459 -0.067624
v -0.013495 0.009437 -0.067249
v -0.013825 0.009729 -0.066898
v -0.013158 0.010120 -0.067101
v -0.013574 0.010557 -0.066523
v -0.013991 0.010994 -0.065996
v -0.013324 0.011150 -0.066147
v -0.013594 0.011490 -0.065714
v -0.013500 0.012137 -0.065145
v -0.013500 0.012637 -0.064572
v -0.013500 0.013047 -0.064072
v -0.012021 0.008068 -0.069023
v -0.012484 0.008416 -0.068466
v -0.012947 0.008765 -0.067957
v -0.012280 0.009318 -0.068247
v -0.012568 0.009591 -0.067827
v -0.012500 0.010325 -0.067316
v -0.012500 0.010825 -0.066845
v -0.012500 0.011319 -0.066345
v -0.012500 0.011819 -0.065812
v -0.012500 0.012264 -0.065312
v -0.012500 0.012764 -0.064658
v -0.012500 0.013086 -0.064158
v -0.011062 0.008143 -0.070078
v -0.011482 0.008438 -0.069460
v -0.011902 0.008734 -0.068914
v -0.011236 0.009236 -0.069231
v -0.011608 0.009610 -0.068574
v -0.011314 0.010196 -0.068234
v -0.011637 0.010588 -0.067577
v -0.011960 0.010980 -0.066979
v -0.011293 0.011130 -0.067166
v -0.011564 0.011536 -0.066526
v -0.011502 0.012333 -0.065560
v -0.011500 0.012875 -0.064770
v -0.011500 0.013116 -0.064270
v -0.010136 0.008241 -0.071195
v -0.010516 0.008525 -0.070502
v -0.010897 0.008809 -0.069898
v -0.010230 0.009214 -0.070258
v -0.010552 0.009558 -0.069541
v -0.010874 0.009903 -0.068901
v -0.010207 0.010131 -0.069184
v -0.010472 0.010496 -0.068475
v -0.010737 0.010862 -0.067833
v -0.010070 0.011034 -0.068049
v -0.010442 0.011259 -0.067500
v -0.010500 0.011798 -0.066736
v -0.010500 0.012624 -0.065500
v -0.010500 0.012961 -0.064910
v -0.010500 0.013134 -0.064410
v -0.009710 0.008544 -0.071517
v -0.009934 0.008907 -0.070925
v -0.009209 0.009186 -0.071500
v -0.009553 0.009558 -0.070555
v -0.009572 0.012839 -0.065433
v -0.009954 0.012997 -0.064990
v -0.009287 0.013017 -0.065055
v -0.009572 0.013122 -0.064594
v -0.008521 0.009727 -0.071559
v -0.008868 0.009903 -0.070852
v -0.008500 0.012888 -0.065614
v -0.008500 0.013030 -0.065114
v -0.008500 0.013172 -0.064500
v -0.014593 0.008917 -0.066618
v -0.015727 0.009000 -0.065833
v -0.014785 0.010187 -0.066121
v -0.011981 0.009984 -0.067987
v -0.011836 0.011942 -0.065934
v -0.010835 0.012109 -0.066155
v -0.009840 0.009880 -0.069850
v -0.008632 0.010192 -0.070654
v -0.008979 0.010976 -0.068982
v -0.009344 0.011830 -0.067384
v -0.008898 0.012263 -0.066905
v -0.008021 0.012009 -0.068017
v -0.015500 0.012898 -0.063879
v -0.015500 0.013214 -0.063379
v -0.015500 0.013574 -0.062500
v -0.014795 0.012968 -0.063955
v -0.014477 0.013197 -0.063573
v -0.014500 0.013596 -0.062500
v -0.013500 0.013291 -0.063500
v -0.013500 0.013608 -0.062500
v -0.012500 0.013335 -0.063500
v -0.012500 0.013613 -0.062500
v -0.011500 0.013368 -0.063500
v -0.011500 0.013613 -0.062500
v -0.010500 0.013386 -0.063500
v -0.010500 0.013612 -0.062500
v -0.015000 0.013898 -0.061173
v -0.015000 0.014074 -0.060347
v -0.013000 0.013899 -0.061173
v -0.013000 0.014074 -0.060346
v -0.011000 0.013898 -0.061175
v -0.011000 0.014075 -0.060349
v -0.009000 0.013501 -0.063000
v -0.009000 0.013897 -0.061173
v -0.009000 0.014075 -0.060347
v -0.014000 0.014668 -0.057618
v -0.010000 0.014668 -0.057617
v -0.012000 0.015566 -0.054098
v -0.010215 0.008853 -0.026114
v -0.011226 0.009126 -0.025448
v -0.010971 0.010988 -0.024939
v -0.010529 0.012548 -0.024471
v -0.008750 0.008920 -0.026760
v -0.009917 0.009874 -0.025960
v -0.008724 0.010746 -0.026183
v -0.009159 0.011169 -0.025828
v -0.009029 0.013030 -0.025007
v -0.008689 0.014650 -0.024204
v -0.012513 0.009377 -0.024496
v -0.014729 0.009000 -0.022730
v -0.015823 0.009335 -0.021399
v -0.014431 0.010515 -0.022431
v -0.015267 0.011037 -0.021260
v -0.014045 0.012075 -0.022045
v -0.014761 0.012788 -0.020796
v -0.015498 0.013370 -0.019451
v -0.014092 0.014753 -0.020105
v -0.014935 0.014957 -0.018948
v -0.015850 0.015409 -0.017423
v -0.013409 0.009343 -0.023830
v -0.013259 0.011036 -0.023266
v -0.012785 0.012773 -0.022750
v -0.013561 0.013531 -0.021563
v -0.012253 0.014290 -0.022209
v -0.013001 0.015002 -0.021000
v -0.013751 0.015673 -0.019748
v -0.011290 0.013291 -0.023570
v -0.010863 0.014862 -0.022816
v -0.011492 0.015492 -0.021903
v -0.009982 0.013984 -0.023990
v -0.009236 0.015248 -0.023513
v -0.015950 0.011892 -0.019931
v -0.011915 0.011877 -0.023940
v -0.015000 0.016871 -0.050866
v -0.015000 0.017802 -0.049228
v -0.015000 0.018321 -0.048455
v -0.013000 0.016870 -0.050865
v -0.013000 0.017801 -0.049227
v -0.013000 0.018321 -0.048455
v -0.011000 0.016870 -0.050865
v -0.011000 0.017801 -0.049227
v -0.011000 0.018321 -0.048454
v -0.009000 0.016869 -0.050865
v -0.009000 0.017800 -0.049227
v -0.009000 0.018321 -0.048454
v -0.014000 0.016160 -0.052393
v -0.010000 0.016159 -0.052391
v -0.015500 0.020464 -0.045500
v -0.015500 0.020873 -0.044640
v -0.015500 0.021046 -0.044140
v -0.014500 0.020464 -0.045500
v -0.014500 0.020873 -0.044640
v -0.014500 0.021046 -0.044140
v -0.013500 0.020464 -0.045500
v -0.013500 0.020873 -0.044640
v -0.013500 0.021046 -0.044140
v -0.012500 0.020464 -0.045500
v -0.012500 0.020873 -0.044640
v -0.012500 0.021046 -0.044140
v -0.011500 0.020464 -0.045500
v -0.011500 0.020873 -0.044640
v -0.011500 0.021046 -0.044140
v -0.010500 0.020464 -0.045500
v -0.010500 0.020873 -0.044640
v -0.010500 0.021046 -0.044140
v -0.009500 0.020464 -0.045500
v -0.009500 0.020873 -0.044640
v -0.009500 0.021046 -0.044140
v -0.008500 0.020464 -0.045500
v -0.008500 0.020873 -0.044640
v -0.008500 0.021046 -0.044140
v -0.015000 0.020091 -0.046126
v -0.015000 0.021274 -0.043000
v -0.015000 0.021404 -0.041000
v -0.013000 0.020091 -0.046126
v -0.013000 0.021274 -0.043000
v -0.013000 0.021404 -0.041000
v -0.011000 0.020091 -0.046126
v -0.011000 0.021274 -0.043000
v -0.011000 0.021404 -0.041000
v -0.009000 0.020091 -0.046126
v -0.009000 0.021274 -0.043000
v -0.009000 0.021404 -0.041000
v -0.014000 0.019248 -0.047220
v -0.010000 0.019247 -0.047220
v -0.012000 0.021429 -0.036000
v -0.012000 0.021469 -0.028000
v -0.015028 0.016046 -0.018035
v -0.015271 0.016428 -0.017474
v -0.015818 0.016500 -0.016822
v -0.015217 0.017915 -0.018070
v -0.015513 0.017522 -0.017541
v -0.015809 0.017128 -0.016837
v -0.015500 0.018858 -0.019179
v -0.015530 0.018303 -0.018442
v -0.015500 0.019259 -0.019678
v -0.015500 0.020697 -0.021350
v -0.015500 0.020197 -0.020779
v -0.015500 0.021490 -0.023500
v -0.015500 0.021355 -0.022500
v -0.015500 0.021110 -0.021850
v -0.014075 0.016107 -0.019082
v -0.014446 0.016410 -0.018434
v -0.014818 0.016713 -0.017791
v -0.014491 0.017549 -0.018253
v -0.014818 0.017249 -0.017791
v -0.014500 0.018766 -0.019267
v -0.014500 0.018266 -0.018692
v -0.014500 0.019203 -0.019767
v -0.014500 0.020672 -0.021357
v -0.014500 0.020172 -0.020819
v -0.014500 0.021490 -0.023500
v -0.014500 0.021354 -0.022500
v -0.014500 0.021108 -0.021857
v -0.013457 0.016439 -0.019452
v -0.013830 0.016774 -0.018833
v -0.013164 0.017256 -0.019157
v -0.013498 0.017554 -0.018789
v -0.013500 0.018642 -0.019356
v -0.013500 0.018142 -0.018861
v -0.013500 0.019137 -0.019856
v -0.013500 0.020641 -0.021364
v -0.013500 0.020141 -0.020863
v -0.013500 0.021491 -0.023500
v -0.013500 0.021353 -0.022500
v -0.013500 0.021107 -0.021864
v -0.012801 0.016772 -0.019823
v -0.012538 0.017536 -0.019511
v -0.012941 0.017923 -0.018962
v -0.012565 0.018428 -0.019476
v -0.012941 0.018046 -0.018962
v -0.012500 0.019055 -0.019946
v -0.012500 0.020607 -0.021371
v -0.012500 0.020108 -0.020903
v -0.012500 0.021491 -0.023500
v -0.012500 0.021351 -0.022500
v -0.012500 0.021105 -0.021871
v -0.011348 0.018500 -0.020131
v -0.011848 0.018500 -0.019896
v -0.011588 0.019403 -0.020392
v -0.011980 0.019005 -0.019996
v -0.011500 0.020568 -0.021380
v -0.011500 0.020068 -0.020944
v -0.011500 0.021491 -0.023500
v -0.011500 0.021348 -0.022500
v -0.011500 0.021101 -0.021880
v -0.010500 0.018500 -0.020469
v -0.010026 0.019997 -0.021002
v -0.010416 0.019598 -0.020700
v -0.010416 0.020418 -0.021312
v -0.010693 0.020031 -0.020976
v -0.010500 0.021491 -0.023500
v -0.010500 0.021345 -0.022500
v -0.010500 0.021098 -0.021888
v -0.009316 0.018231 -0.021180
v -0.009589 0.018538 -0.020828
v -0.009500 0.019919 -0.021024
v -0.009500 0.019419 -0.020793
v -0.009500 0.020500 -0.021419
v -0.009500 0.021491 -0.023500
v -0.009500 0.021342 -0.022500
v -0.009500 0.021095 -0.021895
v -0.008429 0.018453 -0.021466
v -0.008844 0.018897 -0.020929
v -0.008506 0.019537 -0.021106
v -0.008844 0.019228 -0.020929
v -0.008500 0.020500 -0.021467
v -0.008500 0.021491 -0.023500
v -0.008500 0.021342 -0.022500
v -0.008500 0.021095 -0.021899
v -0.015000 0.019731 -0.020299
v -0.015884 0.018028 -0.017958
v -0.012423 0.016429 -0.020417
v -0.013000 0.019596 -0.020383
v -0.010276 0.016231 -0.022180
v -0.011026 0.017029 -0.021039
v -0.011818 0.017815 -0.019865
v -0.008855 0.016681 -0.022634
v -0.009528 0.017563 -0.021577
v -0.008014 0.018008 -0.022007
v -0.007108 0.000178 -0.091219
v -0.007245 0.000507 -0.090479
v -0.007059 0.001102 -0.090131
v -0.007009 0.002016 -0.089022
v -0.007098 0.002200 -0.088500
v -0.006581 0.000572 -0.091590
v -0.006892 0.000845 -0.090798
v -0.006225 0.001235 -0.091294
v -0.006529 0.001502 -0.090504
v -0.006457 0.002420 -0.089393
v -0.006774 0.002700 -0.088500
v -0.006080 0.003069 -0.089097
v -0.006274 0.003279 -0.088500
v -0.005500 0.000146 -0.093166
v -0.005564 0.000697 -0.092490
v -0.005940 0.000967 -0.091961
v -0.005273 0.001124 -0.092150
v -0.005538 0.001513 -0.091517
v -0.005803 0.001902 -0.090876
v -0.005136 0.002058 -0.091074
v -0.005482 0.002317 -0.090526
v -0.005500 0.002852 -0.089800
v -0.005500 0.003217 -0.089300
v -0.005563 0.003755 -0.088502
v -0.005272 0.004116 -0.088171
v -0.004500 0.000291 -0.093330
v -0.004500 0.000791 -0.092754
v -0.004500 0.001211 -0.092254
v -0.004500 0.001711 -0.091641
v -0.004500 0.002111 -0.091141
v -0.004460 0.002676 -0.090407
v -0.004767 0.002978 -0.089970
v -0.004100 0.003009 -0.090012
v -0.004460 0.003286 -0.089582
v -0.004500 0.003851 -0.088786
v -0.004500 0.004195 -0.088286
v -0.006118 0.000128 -0.092760
v -0.007388 0.001169 -0.089107
v -0.006167 0.002158 -0.090209
v -0.002000 0.000790 -0.092810
v -0.002000 0.002799 -0.090285
v -0.002000 0.004218 -0.088322
v -0.007241 0.002551 -0.087529
v -0.007527 0.002500 -0.086500
v -0.007071 0.003138 -0.087215
v -0.007140 0.003483 -0.086425
v -0.007015 0.004025 -0.086042
v -0.007084 0.004182 -0.085500
v -0.007177 0.004531 -0.084492
v -0.007370 0.004500 -0.083500
v -0.007477 0.004500 -0.082500
v -0.007045 0.005082 -0.084154
v -0.007118 0.005263 -0.083500
v -0.007193 0.005561 -0.082538
v -0.007062 0.006108 -0.082229
v -0.007135 0.006285 -0.081500
v -0.007196 0.006563 -0.080530
v -0.007053 0.007089 -0.080217
v -0.006952 0.002918 -0.087882
v -0.006576 0.003553 -0.087585
v -0.006867 0.003804 -0.086708
v -0.006201 0.004188 -0.087288
v -0.006473 0.004440 -0.086408
v -0.006759 0.004682 -0.085500
v -0.006934 0.004885 -0.084820
v -0.006079 0.005066 -0.086107
v -0.006259 0.005247 -0.085500
v -0.006536 0.005506 -0.084516
v -0.006827 0.005763 -0.083500
v -0.006965 0.005935 -0.082896
v -0.006327 0.006307 -0.083500
v -0.006559 0.006534 -0.082576
v -0.006838 0.006785 -0.081500
v -0.006964 0.006939 -0.080884
v -0.006152 0.007126 -0.082257
v -0.006338 0.007310 -0.081500
v -0.006548 0.007521 -0.080560
v -0.005471 0.004486 -0.087479
v -0.005670 0.004855 -0.086774
v -0.005004 0.005001 -0.087002
v -0.005402 0.005164 -0.086464
v -0.005506 0.005721 -0.085470
v -0.005843 0.005930 -0.084878
v -0.005176 0.006068 -0.085117
v -0.005506 0.006261 -0.084527
v -0.005547 0.006796 -0.083508
v -0.005912 0.006960 -0.082923
v -0.005245 0.007095 -0.083181
v -0.005547 0.007290 -0.082554
v -0.005538 0.007806 -0.081512
v -0.005897 0.007954 -0.080903
v -0.004500 0.004695 -0.087532
v -0.004500 0.005020 -0.087032
v -0.004500 0.005349 -0.086500
v -0.004500 0.005829 -0.085711
v -0.004500 0.006123 -0.085211
v -0.004500 0.006524 -0.084500
v -0.004500 0.006901 -0.083814
v -0.004500 0.007165 -0.083314
v -0.004500 0.007580 -0.082500
v -0.004500 0.007915 -0.081822
v -0.007857 0.001335 -0.087242
v -0.007965 0.001913 -0.085101
v -0.007973 0.001886 -0.082901
v -0.007945 0.001755 -0.081000
v -0.007610 0.002976 -0.084980
v -0.007745 0.002976 -0.083020
v -0.007731 0.003000 -0.081000
v -0.007483 0.005000 -0.081000
v -0.006138 0.006116 -0.084211
v -0.005939 0.003969 -0.087955
v -0.002000 0.005617 -0.086102
v -0.002000 0.007418 -0.082894
v -0.007391 0.006500 -0.079500
v -0.007564 0.006500 -0.078500
v -0.007778 0.006500 -0.077500
v -0.007949 0.006500 -0.076836
v -0.007126 0.007239 -0.079500
v -0.007196 0.007538 -0.078469
v -0.007449 0.007500 -0.077500
v -0.007771 0.007457 -0.076471
v -0.006798 0.007739 -0.079500
v -0.006934 0.007897 -0.078782
v -0.007971 0.001869 -0.079705
v -0.007872 0.003002 -0.078999
v -0.007965 0.003673 -0.077832
v -0.007681 0.005000 -0.079000
v -0.007950 0.005356 -0.077371
v -0.007897 0.007762 -0.075747
v -0.000434 0.004000 -0.048941
v -0.002074 0.001000 -0.044333
v -0.002305 0.001000 -0.043000
v -0.002489 0.001000 -0.041000
v -0.002075 0.003000 -0.044339
v -0.002306 0.003000 -0.043000
v -0.002489 0.003000 -0.041000
v -0.002076 0.005000 -0.044345
v -0.002308 0.005000 -0.043000
v -0.002489 0.005000 -0.041000
v -0.002078 0.007000 -0.044350
v -0.002309 0.007000 -0.043000
v -0.002490 0.007000 -0.041000
v -0.001188 0.001000 -0.047246
v -0.001873 0.001000 -0.045166
v -0.001191 0.003000 -0.047250
v -0.001875 0.003000 -0.045169
v -0.001194 0.005000 -0.047254
v -0.001877 0.005000 -0.045172
v -0.001197 0.007000 -0.047257
v -0.001880 0.007000 -0.045175
v -0.002610 0.001000 -0.035000
v -0.002722 0.001000 -0.033000
v -0.002715 0.003000 -0.035000
v -0.002863 0.003000 -0.033000
v -0.002526 0.002000 -0.038000
v -0.002522 0.006000 -0.038000
v -0.002629 0.006000 -0.034000
v -0.003500 0.000500 -0.029616
v -0.003500 0.001500 -0.029667
v -0.003500 0.002500 -0.029666
v -0.003500 0.003500 -0.029605
v -0.003500 0.004500 -0.029462
v -0.003450 0.005459 -0.029177
v -0.003750 0.005765 -0.028942
v -0.003084 0.006073 -0.029051
v -0.003450 0.006444 -0.028831
v -0.003500 0.007500 -0.028538
v -0.002891 0.000500 -0.029883
v -0.002939 0.001500 -0.029928
v -0.002962 0.002500 -0.029949
v -0.002961 0.003500 -0.029939
v -0.002933 0.004500 -0.029875
v -0.002878 0.005500 -0.029702
v -0.002796 0.006444 -0.029431
v -0.002917 0.006740 -0.028925
v -0.002600 0.007500 -0.029500
v -0.002837 0.007500 -0.028829
v -0.006802 0.001000 -0.028886
v -0.006697 0.002916 -0.028828
v -0.007004 0.004997 -0.028407
v -0.006651 0.006664 -0.028096
v -0.005000 0.001000 -0.029300
v -0.005166 0.003132 -0.029160
v -0.004876 0.004875 -0.028942
v -0.005005 0.007009 -0.028379
v -0.002760 0.001000 -0.031000
v -0.002895 0.003000 -0.031000
v -0.002805 0.005000 -0.031000
v -0.002572 0.007000 -0.031000
v -0.007028 0.007029 -0.027880
v -0.005230 0.008088 -0.081186
v -0.005538 0.008259 -0.080542
v -0.004500 0.008151 -0.081322
v -0.004500 0.008527 -0.080500
v -0.006131 0.008106 -0.080236
v -0.002000 0.008371 -0.080934
v -0.007030 0.008043 -0.078115
v -0.007113 0.008166 -0.077500
v -0.007264 0.008376 -0.076500
v -0.007508 0.008519 -0.075529
v -0.007794 0.008734 -0.074500
v -0.007940 0.008929 -0.073891
v -0.007119 0.009124 -0.075311
v -0.007294 0.009287 -0.074500
v -0.007509 0.009523 -0.073523
v -0.007772 0.009813 -0.072500
v -0.007078 0.010059 -0.073154
v -0.007272 0.010191 -0.072500
v -0.006298 0.008265 -0.079500
v -0.006499 0.008479 -0.078453
v -0.006699 0.008666 -0.077500
v -0.006895 0.008876 -0.076500
v -0.006991 0.008990 -0.075978
v -0.006064 0.009048 -0.078125
v -0.006199 0.009163 -0.077500
v -0.006395 0.009344 -0.076500
v -0.006541 0.009540 -0.075591
v -0.006750 0.009787 -0.074500
v -0.006908 0.009925 -0.073820
v -0.006545 0.010303 -0.073492
v -0.006467 0.010720 -0.072509
v -0.006111 0.011062 -0.072182
v -0.005474 0.008755 -0.079463
v -0.005790 0.008915 -0.078791
v -0.005124 0.009043 -0.079105
v -0.005474 0.009159 -0.078475
v -0.005500 0.009519 -0.077500
v -0.005539 0.009856 -0.076544
v -0.005231 0.010083 -0.076240
v -0.005539 0.010203 -0.075523
v -0.005500 0.010540 -0.074500
v -0.005515 0.010846 -0.073528
v -0.005858 0.010946 -0.072849
v -0.005192 0.011064 -0.073213
v -0.005515 0.011170 -0.072509
v -0.004500 0.008876 -0.079706
v -0.004500 0.009086 -0.079206
v -0.004500 0.009369 -0.078500
v -0.004500 0.009753 -0.077500
v -0.004500 0.009970 -0.076915
v -0.004500 0.010144 -0.076415
v -0.004500 0.010452 -0.075500
v -0.004500 0.010774 -0.074500
v -0.004500 0.010966 -0.073886
v -0.004500 0.011112 -0.073386
v -0.004500 0.011359 -0.072500
v -0.006171 0.010119 -0.074852
v -0.005898 0.009956 -0.075871
v -0.002000 0.009560 -0.078076
v -0.002000 0.010960 -0.073978
v -0.007500 0.012364 -0.067500
v -0.007500 0.012696 -0.066500
v -0.006500 0.012492 -0.067500
v -0.006500 0.012735 -0.066500
v -0.005500 0.011484 -0.071500
v -0.005500 0.011781 -0.070500
v -0.005500 0.011962 -0.069864
v -0.005500 0.012088 -0.069364
v -0.005500 0.012292 -0.068500
v -0.004500 0.011619 -0.071500
v -0.004500 0.011861 -0.070500
v -0.004500 0.011988 -0.069946
v -0.004500 0.012097 -0.069446
v -0.004500 0.012303 -0.068500
v -0.007951 0.009963 -0.071932
v -0.007029 0.010994 -0.071015
v -0.007300 0.011610 -0.069345
v -0.006768 0.012105 -0.068663
v -0.007000 0.013043 -0.065101
v -0.005000 0.012629 -0.067000
v -0.005000 0.013043 -0.065099
v -0.002000 0.011829 -0.070649
v -0.002000 0.012199 -0.068973
v -0.002000 0.012877 -0.065859
v -0.004000 0.014221 -0.059678
v -0.000052 0.014500 -0.050085
v -0.000074 0.015500 -0.050146
v -0.000023 0.013147 -0.050038
v -0.000705 0.012996 -0.048730
v -0.000761 0.015000 -0.048756
v -0.006000 0.015565 -0.054098
v -0.000525 0.010227 -0.048840
v -0.002000 0.015551 -0.054085
v -0.002078 0.009000 -0.044356
v -0.002310 0.009000 -0.043000
v -0.002490 0.009000 -0.041000
v -0.002064 0.011280 -0.044664
v -0.002343 0.011000 -0.043000
v -0.002511 0.011000 -0.041000
v -0.002125 0.013000 -0.044835
v -0.002458 0.013000 -0.043000
v -0.002610 0.013000 -0.041000
v -0.002149 0.015000 -0.044868
v -0.002483 0.015000 -0.043000
v -0.002625 0.015000 -0.041000
v -0.001199 0.009000 -0.047261
v -0.001882 0.009000 -0.045178
v -0.001218 0.010979 -0.047307
v -0.001913 0.010919 -0.045188
v -0.001458 0.013000 -0.047000
v -0.001908 0.013000 -0.045671
v -0.001503 0.015000 -0.047000
v -0.001927 0.015000 -0.045735
v -0.002521 0.009000 -0.035000
v -0.002533 0.009000 -0.033000
v -0.002562 0.011000 -0.035000
v -0.002697 0.011000 -0.033000
v -0.002631 0.013000 -0.035000
v -0.002830 0.013000 -0.033000
v -0.002576 0.015000 -0.035000
v -0.002741 0.015000 -0.033000
v -0.002521 0.010000 -0.038000
v -0.002545 0.014000 -0.038000
v -0.003500 0.008500 -0.028286
v -0.003500 0.009202 -0.028079
v -0.003500 0.009702 -0.027912
v -0.003500 0.010500 -0.027704
v -0.003594 0.011595 -0.027375
v -0.003990 0.011992 -0.026997
v -0.003266 0.012500 -0.027262
v -0.003766 0.012500 -0.026884
v -0.003032 0.013144 -0.027113
v -0.003419 0.013487 -0.026681
v -0.003500 0.014204 -0.026215
v -0.003500 0.014704 -0.025823
v -0.003500 0.015404 -0.025323
v -0.003500 0.015904 -0.024933
v -0.002542 0.008500 -0.029500
v -0.002784 0.008500 -0.028710
v -0.002570 0.009500 -0.029500
v -0.002814 0.009550 -0.028460
v -0.002973 0.009917 -0.027977
v -0.002683 0.010500 -0.029500
v -0.002779 0.010500 -0.028500
v -0.002938 0.010500 -0.027927
v -0.002809 0.011500 -0.029500
v -0.002833 0.011500 -0.028500
v -0.002929 0.011500 -0.027872
v -0.002950 0.012500 -0.027762
v -0.002953 0.013487 -0.027468
v -0.002981 0.013811 -0.026948
v -0.002879 0.014500 -0.027500
v -0.002940 0.014558 -0.026569
v -0.002972 0.014930 -0.025956
v -0.002763 0.015500 -0.027500
v -0.002785 0.015500 -0.026500
v -0.002920 0.015597 -0.025574
v -0.002997 0.015996 -0.024997
v -0.007140 0.009132 -0.027277
v -0.006804 0.010818 -0.026833
v -0.007983 0.011986 -0.025994
v -0.006662 0.012622 -0.026124
v -0.007288 0.013288 -0.025577
v -0.006989 0.014809 -0.024779
v -0.005036 0.009058 -0.027818
v -0.005000 0.011179 -0.027131
v -0.004979 0.012947 -0.026371
v -0.005097 0.013825 -0.025905
v -0.004028 0.014008 -0.026005
v -0.005132 0.015083 -0.025124
v -0.002543 0.009000 -0.031000
v -0.002746 0.011000 -0.031000
v -0.002890 0.013000 -0.031000
v -0.002895 0.013000 -0.029000
v -0.002801 0.015000 -0.031000
v -0.002804 0.015000 -0.029000
v -0.004553 0.008557 -0.028044
v -0.007238 0.015919 -0.023941
v -0.001500 0.016482 -0.051500
v -0.001500 0.016849 -0.050673
v -0.001086 0.016500 -0.048225
v -0.001500 0.017087 -0.050173
v -0.001500 0.017351 -0.049500
v -0.001465 0.017509 -0.048554
v -0.000500 0.016323 -0.051500
v -0.000509 0.016491 -0.050429
v -0.000648 0.016500 -0.049500
v -0.000884 0.016500 -0.048725
v -0.000958 0.017027 -0.050060
v -0.000933 0.017074 -0.049500
v -0.000953 0.017072 -0.048872
v -0.007000 0.016870 -0.050865
v -0.007000 0.017801 -0.049227
v -0.007000 0.018321 -0.048454
v -0.005000 0.016870 -0.050865
v -0.005000 0.017801 -0.049228
v -0.005000 0.018321 -0.048455
v -0.003000 0.016865 -0.050859
v -0.003000 0.017786 -0.049215
v -0.003000 0.018293 -0.048430
v -0.001857 0.018139 -0.048236
v -0.006000 0.016159 -0.052391
v -0.002000 0.016134 -0.052341
v -0.007500 0.020464 -0.045500
v -0.007500 0.020873 -0.044641
v -0.007500 0.021047 -0.044140
v -0.006500 0.020464 -0.045500
v -0.006500 0.020873 -0.044640
v -0.006500 0.021046 -0.044140
v -0.005500 0.020465 -0.045500
v -0.005500 0.020874 -0.044640
v -0.005500 0.021046 -0.044140
v -0.004500 0.020465 -0.045500
v -0.004500 0.020874 -0.044639
v -0.004500 0.021046 -0.044139
v -0.003500 0.018822 -0.047766
v -0.003500 0.019209 -0.047266
v -0.003500 0.019709 -0.046616
v -0.003500 0.020083 -0.046116
v -0.003500 0.020435 -0.045500
v -0.003500 0.020852 -0.044604
v -0.003500 0.021034 -0.044104
v -0.003500 0.021165 -0.043500
v -0.003500 0.021305 -0.042500
v -0.003500 0.021351 -0.041500
v -0.003500 0.021356 -0.040500
v -0.002421 0.018788 -0.047505
v -0.002041 0.018848 -0.046500
v -0.002088 0.018502 -0.045547
v -0.002265 0.018500 -0.044500
v -0.002702 0.019137 -0.047174
v -0.002588 0.019482 -0.046442
v -0.002367 0.019500 -0.045500
v -0.002357 0.019500 -0.044500
v -0.002925 0.020050 -0.046070
v -0.002795 0.020203 -0.045500
v -0.002753 0.020532 -0.044428
v -0.002653 0.020500 -0.043500
v -0.002617 0.020500 -0.042500
v -0.002604 0.020500 -0.041500
v -0.002599 0.020500 -0.040500
v -0.002979 0.021015 -0.044047
v -0.002922 0.021065 -0.043500
v -0.002859 0.021127 -0.042500
v -0.002842 0.021147 -0.041500
v -0.002840 0.021149 -0.040500
v -0.001353 0.016500 -0.047500
v -0.001688 0.016500 -0.046500
v -0.001513 0.017500 -0.047500
v -0.001764 0.017500 -0.046500
v -0.001818 0.018325 -0.047500
v -0.001911 0.018348 -0.046500
v -0.007000 0.020091 -0.046126
v -0.007000 0.021274 -0.043000
v -0.007000 0.021404 -0.041000
v -0.005000 0.020092 -0.046127
v -0.005000 0.021273 -0.043000
v -0.005000 0.021405 -0.041000
v -0.002129 0.017000 -0.044868
v -0.002424 0.017000 -0.043000
v -0.002548 0.017000 -0.041000
v -0.002453 0.019000 -0.043000
v -0.002519 0.019000 -0.041000
v -0.001935 0.017000 -0.045735
v -0.001982 0.018170 -0.045911
v -0.006000 0.019248 -0.047220
v -0.003500 0.021361 -0.039500
v -0.003500 0.021365 -0.038500
v -0.003500 0.021369 -0.037500
v -0.003500 0.021374 -0.036500
v -0.003500 0.021378 -0.035500
v -0.003500 0.021383 -0.034500
v -0.003500 0.021387 -0.033500
v -0.003500 0.021391 -0.032500
v -0.002597 0.020500 -0.039500
v -0.002596 0.020500 -0.038500
v -0.002594 0.020500 -0.037500
v -0.002593 0.020500 -0.036500
v -0.002591 0.020500 -0.035500
v -0.002590 0.020500 -0.034500
v -0.002589 0.020500 -0.033500
v -0.002587 0.020500 -0.032500
v -0.002838 0.021152 -0.039500
v -0.002837 0.021154 -0.038500
v -0.002836 0.021156 -0.037500
v -0.002834 0.021157 -0.036500
v -0.002833 0.021159 -0.035500
v -0.002832 0.021162 -0.034500
v -0.002830 0.021164 -0.033500
v -0.002829 0.021165 -0.032500
v -0.006000 0.021420 -0.038000
v -0.006000 0.021440 -0.034000
v -0.002521 0.018000 -0.038000
v -0.002528 0.018000 -0.034000
v -0.003500 0.016500 -0.024503
v -0.003500 0.017078 -0.024070
v -0.003500 0.021396 -0.031500
v -0.003500 0.021400 -0.030500
v -0.003500 0.021405 -0.029500
v -0.003500 0.021409 -0.028500
v -0.003500 0.021414 -0.027500
v -0.003500 0.021418 -0.026500
v -0.003500 0.021423 -0.025500
v -0.003500 0.021428 -0.024500
v -0.002697 0.016500 -0.025500
v -0.002891 0.016500 -0.024817
v -0.002535 0.017500 -0.025500
v -0.002740 0.017462 -0.024456
v -0.002586 0.020500 -0.031500
v -0.002584 0.020500 -0.030500
v -0.002583 0.020500 -0.029500
v -0.002582 0.020500 -0.028500
v -0.002580 0.020500 -0.027500
v -0.002579 0.020500 -0.026500
v -0.002578 0.020500 -0.025500
v -0.002577 0.020500 -0.024500
v -0.002828 0.021168 -0.031500
v -0.002826 0.021170 -0.030500
v -0.002825 0.021172 -0.029500
v -0.002824 0.021174 -0.028500
v -0.002822 0.021176 -0.027500
v -0.002821 0.021178 -0.026500
v -0.002820 0.021180 -0.025500
v -0.002818 0.021183 -0.024500
v -0.002572 0.017000 -0.027000
v -0.002519 0.019000 -0.027000
v -0.002524 0.019000 -0.025000
v -0.005054 0.016490 -0.024142
v -0.006000 0.021459 -0.030000
v -0.006000 0.021479 -0.026000
v -0.002545 0.018000 -0.030000
v -0.007500 0.018638 -0.021723
v -0.007500 0.019500 -0.021335
v -0.007500 0.020500 -0.021514
v -0.007500 0.021492 -0.023500
v -0.007500 0.021343 -0.022500
v -0.007500 0.021095 -0.021901
v -0.006500 0.018865 -0.021896
v -0.006500 0.019500 -0.021552
v -0.006500 0.020500 -0.021562
v -0.006500 0.021492 -0.023500
v -0.006500 0.021342 -0.022500
v -0.006500 0.021094 -0.021905
v -0.005500 0.020500 -0.021629
v -0.005500 0.021491 -0.023500
v -0.005500 0.021342 -0.022500
v -0.005500 0.021095 -0.021906
v -0.004500 0.020500 -0.021713
v -0.004500 0.021491 -0.023500
v -0.004500 0.021343 -0.022500
v -0.004500 0.021097 -0.021905
v -0.003500 0.017578 -0.023674
v -0.003500 0.018206 -0.023174
v -0.003500 0.018706 -0.022762
v -0.003500 0.019334 -0.022262
v -0.003500 0.019834 -0.021892
v -0.003500 0.020500 -0.021810
v -0.003500 0.021431 -0.023500
v -0.003500 0.021300 -0.022500
v -0.003500 0.021084 -0.021918
v -0.002870 0.017770 -0.023826
v -0.002763 0.018512 -0.023496
v -0.002897 0.018852 -0.022881
v -0.002561 0.019500 -0.023500
v -0.002811 0.019561 -0.022529
v -0.002948 0.019934 -0.021957
v -0.002576 0.020500 -0.023500
v -0.002710 0.020500 -0.022500
v -0.002922 0.020500 -0.021934
v -0.002817 0.021185 -0.023500
v -0.002869 0.021128 -0.022500
v -0.002948 0.021047 -0.021955
v -0.007089 0.017067 -0.023105
v -0.007000 0.018251 -0.022202
v -0.005133 0.017306 -0.023511
v -0.004876 0.018572 -0.022571
v -0.005329 0.019378 -0.021853
v -0.026455 0.001000 0.001000
v -0.026294 0.001000 0.003000
v -0.026197 0.001000 0.005000
v -0.026318 0.001000 0.007000
v -0.026464 0.003000 0.001000
v -0.026392 0.003000 0.003000
v -0.026321 0.003000 0.005000
v -0.026402 0.003000 0.007000
v -0.026463 0.005000 0.005000
v -0.026436 0.005000 0.007000
v -0.026465 0.007000 0.005000
v -0.026334 0.007000 0.007000
v -0.026469 0.006000 0.002000
v -0.026415 0.000500 0.014500
v -0.026178 0.000500 0.015176
v -0.026397 0.001500 0.014500
v -0.026160 0.001500 0.015151
v -0.026350 0.002500 0.014500
v -0.026115 0.002500 0.015098
v -0.026219 0.003517 0.014567
v -0.026056 0.003195 0.015044
v -0.026357 0.006500 0.012500
v -0.026181 0.006457 0.013461
v -0.026120 0.007455 0.012425
v -0.026073 0.007091 0.013102
v -0.025500 0.000500 0.015409
v -0.025500 0.001500 0.015351
v -0.025500 0.002500 0.015232
v -0.025500 0.003845 0.014947
v -0.025500 0.003345 0.015079
v -0.025500 0.004500 0.014745
v -0.025500 0.005500 0.014407
v -0.025500 0.006672 0.013724
v -0.025500 0.006172 0.014109
v -0.025500 0.007736 0.012701
v -0.025500 0.007236 0.013223
v -0.024500 0.000500 0.015462
v -0.024500 0.001500 0.015396
v -0.024500 0.002500 0.015262
v -0.024500 0.003893 0.014975
v -0.024500 0.003393 0.015090
v -0.024500 0.004500 0.014804
v -0.024500 0.005500 0.014447
v -0.024500 0.006708 0.013813
v -0.024500 0.006208 0.014119
v -0.024500 0.007913 0.012915
v -0.024500 0.007413 0.013313
v -0.026470 0.001000 0.013000
v -0.026469 0.003000 0.013000
v -0.026375 0.005000 0.009000
v -0.026421 0.005000 0.011000
v -0.026447 0.005000 0.013000
v -0.026191 0.005000 0.014262
v -0.026196 0.007000 0.009000
v -0.026226 0.007000 0.011000
v -0.026073 0.006094 0.014065
v -0.026467 0.002000 0.010000
v -0.026426 0.014500 0.000500
v -0.026399 0.014500 0.001500
v -0.026350 0.014500 0.002500
v -0.026219 0.014567 0.003516
v -0.026188 0.015197 0.000500
v -0.026163 0.015155 0.001500
v -0.026115 0.015099 0.002500
v -0.026055 0.015043 0.003193
v -0.025500 0.013869 0.006758
v -0.025500 0.013488 0.007500
v -0.025500 0.014947 0.003846
v -0.025500 0.014736 0.004500
v -0.025500 0.014404 0.005500
v -0.025500 0.014115 0.006258
v -0.025500 0.015454 0.000500
v -0.025500 0.015360 0.001500
v -0.025500 0.015233 0.002500
v -0.025500 0.015079 0.003346
v -0.024500 0.013901 0.006786
v -0.024500 0.013529 0.007500
v -0.024500 0.014976 0.003896
v -0.024500 0.014796 0.004500
v -0.024500 0.014449 0.005500
v -0.024500 0.014128 0.006286
v -0.024500 0.015511 0.000500
v -0.024500 0.015406 0.001500
v -0.024500 0.015264 0.002500
v -0.024500 0.015091 0.003396
v -0.026470 0.013000 0.001000
v -0.026469 0.013000 0.003000
v -0.026450 0.013000 0.005000
v -0.026318 0.012940 0.006998
v -0.026192 0.014259 0.005000
v -0.026078 0.014068 0.006156
v -0.026470 0.010000 0.002000
v -0.026434 0.010000 0.006000
v -0.026100 0.008500 0.010500
v -0.026050 0.008424 0.011411
v -0.026046 0.009413 0.010434
v -0.026010 0.009021 0.011018
v -0.026164 0.012434 0.008457
v -0.026041 0.012057 0.009039
v -0.026077 0.013072 0.008094
v -0.025500 0.008705 0.011692
v -0.025500 0.008205 0.012201
v -0.025500 0.009723 0.010757
v -0.025500 0.009223 0.011192
v -0.025753 0.010756 0.009842
v -0.025452 0.010453 0.010227
v -0.025452 0.011430 0.009602
v -0.025087 0.011049 0.010036
v -0.025500 0.012647 0.008660
v -0.025500 0.012147 0.009122
v -0.025500 0.013119 0.008160
v -0.024766 0.008899 0.011905
v -0.024459 0.008540 0.012356
v -0.024879 0.009942 0.010953
v -0.024489 0.009494 0.011495
v -0.024099 0.009046 0.012040
v -0.024527 0.010462 0.010682
v -0.024212 0.010104 0.011085
v -0.024500 0.011663 0.009724
v -0.024500 0.011163 0.010138
v -0.024500 0.012724 0.008676
v -0.024500 0.012224 0.009224
v -0.024500 0.013128 0.008176
v -0.026169 0.009000 0.009000
v -0.026026 0.008040 0.012042
v -0.026211 0.010988 0.008916
v -0.026030 0.010089 0.010056
v -0.020479 0.006500 0.006500
v -0.020480 0.006500 0.007500
v -0.020470 0.007500 0.006500
v -0.020497 0.007500 0.007500
v -0.021284 0.001000 0.005000
v -0.020952 0.001000 0.006912
v -0.021123 0.003124 0.005154
v -0.020853 0.002909 0.006699
v -0.021288 0.005000 0.001000
v -0.021124 0.005154 0.003126
v -0.020942 0.004865 0.004865
v -0.020553 0.005000 0.007000
v -0.020956 0.006924 0.001000
v -0.020855 0.006704 0.002910
v -0.020555 0.007000 0.005000
v -0.021431 0.002000 0.002000
v -0.023500 0.006743 0.013858
v -0.023978 0.007993 0.012995
v -0.023587 0.007596 0.013325
v -0.022500 0.006783 0.013892
v -0.022500 0.007500 0.013503
v -0.021500 0.000500 0.015422
v -0.021500 0.001500 0.015362
v -0.021500 0.002500 0.015241
v -0.021500 0.003857 0.014954
v -0.021500 0.003357 0.015082
v -0.021500 0.004500 0.014752
v -0.021500 0.005500 0.014421
v -0.021500 0.006773 0.013878
v -0.021500 0.006273 0.014123
v -0.021500 0.007500 0.013497
v -0.020531 0.000500 0.014500
v -0.020798 0.000500 0.015189
v -0.020551 0.001500 0.014500
v -0.020816 0.001500 0.015162
v -0.020521 0.002500 0.008500
v -0.020470 0.002500 0.009500
v -0.020601 0.002500 0.014500
v -0.020866 0.002500 0.015107
v -0.020485 0.003500 0.008500
v -0.020470 0.003500 0.009500
v -0.020751 0.003529 0.014574
v -0.020934 0.003215 0.015048
v -0.020752 0.004500 0.014353
v -0.020813 0.005500 0.014193
v -0.020475 0.006500 0.012500
v -0.020738 0.006502 0.013542
v -0.020908 0.006170 0.014075
v -0.020542 0.007500 0.012500
v -0.020808 0.007500 0.013234
v -0.023000 0.001000 0.015427
v -0.023000 0.003260 0.015108
v -0.023000 0.005000 0.014628
v -0.023000 0.006263 0.014129
v -0.020525 0.001000 0.009000
v -0.020470 0.001000 0.011000
v -0.020470 0.001000 0.013000
v -0.020470 0.003000 0.011000
v -0.020471 0.003000 0.013000
v -0.020473 0.005000 0.009000
v -0.020471 0.005000 0.011000
v -0.020493 0.005000 0.013000
v -0.020534 0.007000 0.009000
v -0.020490 0.007000 0.011000
v -0.021500 0.013877 0.006770
v -0.021500 0.013499 0.007500
v -0.021500 0.014956 0.003860
v -0.021500 0.014753 0.004500
v -0.021500 0.014418 0.005500
v -0.021500 0.014121 0.006270
v -0.021500 0.015467 0.000500
v -0.021500 0.015372 0.001500
v -0.021500 0.015241 0.002500
v -0.021500 0.015082 0.003360
v -0.020524 0.008500 0.002500
v -0.020486 0.008500 0.003500
v -0.020470 0.009500 0.002500
v -0.020470 0.009500 0.003500
v -0.020476 0.012500 0.006500
v -0.020543 0.012500 0.007500
v -0.020739 0.013542 0.006500
v -0.020808 0.013233 0.007500
v -0.020520 0.014500 0.000500
v -0.020548 0.014500 0.001500
v -0.020601 0.014500 0.002500
v -0.020751 0.014575 0.003531
v -0.020753 0.014354 0.004500
v -0.020814 0.014191 0.005500
v -0.020910 0.014074 0.006167
v -0.020787 0.015210 0.000500
v -0.020814 0.015167 0.001500
v -0.020866 0.015107 0.002500
v -0.020934 0.015048 0.003218
v -0.023000 0.013717 0.007143
v -0.023000 0.015457 0.001000
v -0.023000 0.015108 0.003262
v -0.023000 0.014623 0.005000
v -0.023000 0.014128 0.006287
v -0.020527 0.009000 0.001000
v -0.020470 0.011000 0.001000
v -0.020470 0.011000 0.003000
v -0.020469 0.013000 0.001000
v -0.020471 0.013000 0.003000
v -0.020493 0.013000 0.005000
v -0.020471 0.010000 0.006000
v -0.023587 0.008460 0.012720
v -0.023312 0.008100 0.013065
v -0.023500 0.009188 0.012153
v -0.023500 0.010769 0.010808
v -0.023500 0.010269 0.011232
v -0.023500 0.011312 0.010308
v -0.023500 0.012763 0.008689
v -0.023500 0.012263 0.009308
v -0.023500 0.013129 0.008189
v -0.022500 0.008673 0.012772
v -0.022500 0.008173 0.013111
v -0.022500 0.009347 0.012272
v -0.022500 0.010914 0.010919
v -0.022500 0.010414 0.011372
v -0.022500 0.011390 0.010419
v -0.022500 0.012793 0.008704
v -0.022500 0.012293 0.009370
v -0.022500 0.013132 0.008204
v -0.021500 0.008688 0.012780
v -0.021500 0.008188 0.013118
v -0.021500 0.009870 0.011889
v -0.021500 0.009370 0.012280
v -0.021500 0.010929 0.010929
v -0.021500 0.010429 0.011389
v -0.021500 0.011889 0.009871
v -0.021500 0.011389 0.010429
v -0.021500 0.012782 0.008693
v -0.021500 0.012282 0.009371
v -0.021500 0.013121 0.008193
v -0.020506 0.008500 0.010500
v -0.020498 0.008500 0.011500
v -0.020754 0.008472 0.012505
v -0.020912 0.008120 0.013075
v -0.020489 0.009500 0.010500
v -0.020709 0.009541 0.011548
v -0.020854 0.009236 0.012176
v -0.020470 0.010500 0.008500
v -0.020481 0.010500 0.009500
v -0.020699 0.010565 0.010565
v -0.020838 0.010275 0.011247
v -0.020493 0.011500 0.008500
v -0.020709 0.011548 0.009541
v -0.020838 0.011247 0.010275
v -0.020754 0.012505 0.008472
v -0.020854 0.012176 0.009236
v -0.020912 0.013075 0.008120
v -0.023000 0.009768 0.011802
v -0.023000 0.011851 0.009839
v -0.020513 0.009000 0.009000
v 0.000500 -0.017356 -0.101311
v 0.000500 -0.017854 -0.100500
v 0.000500 -0.017953 -0.099500
v 0.000500 -0.017841 -0.098500
v 0.000500 -0.016500 -0.101770
v 0.001500 -0.017356 -0.101311
v 0.001500 -0.017854 -0.100500
v 0.001500 -0.017953 -0.099500
v 0.001500 -0.017841 -0.098500
v 0.001500 -0.016500 -0.101770
v 0.002500 -0.017356 -0.101311
v 0.002500 -0.017854 -0.100500
v 0.002500 -0.017953 -0.099500
v 0.002500 -0.017841 -0.098500
v 0.002500 -0.016500 -0.101770
v 0.003500 -0.017356 -0.101311
v 0.003500 -0.017854 -0.100500
v 0.003500 -0.017953 -0.099500
v 0.003500 -0.017841 -0.098500
v 0.003500 -0.016500 -0.101769
v 0.004500 -0.017356 -0.101311
v 0.004500 -0.017854 -0.100500
v 0.004500 -0.017953 -0.099500
v 0.004500 -0.017841 -0.098500
v 0.004500 -0.016500 -0.101770
v 0.005500 -0.017356 -0.101311
v 0.005500 -0.017855 -0.100500
v 0.005500 -0.017953 -0.099500
v 0.005500 -0.017841 -0.098500
v 0.005500 -0.016500 -0.101770
v 0.006500 -0.017356 -0.101311
v 0.006500 -0.017855 -0.100500
v 0.006500 -0.017953 -0.099500
v 0.006500 -0.017841 -0.098500
v 0.006500 -0.016500 -0.101770
v 0.007500 -0.017356 -0.101311
v 0.007500 -0.017855 -0.100500
v 0.007500 -0.017953 -0.099500
v 0.007500 -0.017841 -0.098500
v 0.007500 -0.016500 -0.101770
v 0.001000 -0.017685 -0.097000
v 0.003000 -0.017685 -0.097000
v 0.005000 -0.017684 -0.097000
v 0.007000 -0.017685 -0.097000
v 0.000500 -0.017867 -0.091500
v 0.000500 -0.017392 -0.090625
v 0.000500 -0.016738 -0.090125
v 0.001500 -0.017867 -0.091500
v 0.001500 -0.017392 -0.090625
v 0.001500 -0.016738 -0.090125
v 0.002500 -0.017867 -0.091500
v 0.002500 -0.017392 -0.090625
v 0.002500 -0.016738 -0.090125
v 0.003500 -0.017867 -0.091500
v 0.003500 -0.017392 -0.090625
v 0.003500 -0.016738 -0.090125
v 0.004500 -0.017867 -0.091500
v 0.004500 -0.017392 -0.090625
v 0.004500 -0.016738 -0.090125
v 0.005500 -0.017867 -0.091500
v 0.005500 -0.017392 -0.090625
v 0.005500 -0.016738 -0.090125
v 0.006500 -0.017867 -0.091500
v 0.006500 -0.017392 -0.090625
v 0.006500 -0.016737 -0.090125
v 0.007500 -0.017867 -0.091500
v 0.007500 -0.017392 -0.090625
v 0.007500 -0.016737 -0.090125
v 0.001000 -0.016238 -0.089902
v 0.003000 -0.016238 -0.089902
v 0.005000 -0.016237 -0.089902
v 0.007000 -0.016237 -0.089902
v 0.002000 -0.017746 -0.094000
v 0.006000 -0.017747 -0.094000
v 0.000500 -0.009500 -0.101678
v 0.000500 -0.008537 -0.101258
v 0.000500 -0.008037 -0.100977
v 0.001500 -0.009500 -0.101677
v 0.001500 -0.008537 -0.101257
v 0.001500 -0.008037 -0.100977
v 0.002500 -0.009500 -0.101675
v 0.002500 -0.008538 -0.101256
v 0.002500 -0.008038 -0.100976
v 0.003500 -0.009500 -0.101674
v 0.003500 -0.008539 -0.101256
v 0.003500 -0.008039 -0.100976
v 0.004500 -0.009500 -0.101673
v 0.004500 -0.008539 -0.101255
v 0.004500 -0.008039 -0.100975
v 0.005500 -0.009500 -0.101672
v 0.005500 -0.008540 -0.101254
v 0.005500 -0.008040 -0.100975
v 0.006500 -0.009500 -0.101672
v 0.006500 -0.008541 -0.101254
v 0.006500 -0.008041 -0.100975
v 0.007500 -0.009500 -0.101672
v 0.007500 -0.008542 -0.101254
v 0.007500 -0.008042 -0.100974
v 0.001000 -0.011000 -0.101918
v 0.003000 -0.011000 -0.101918
v 0.005000 -0.011000 -0.101917
v 0.007000 -0.011000 -0.101917
v 0.002000 -0.014000 -0.101931
v 0.006000 -0.014000 -0.101931
v 0.002000 -0.013946 -0.089055
v 0.002000 -0.011827 -0.088096
v 0.006000 -0.013946 -0.089055
v 0.006000 -0.011827 -0.088096
v 0.001000 -0.010624 -0.087369
v 0.001000 -0.009184 -0.086351
v 0.001000 -0.008368 -0.085676
v 0.003000 -0.010623 -0.087369
v 0.003000 -0.009184 -0.086352
v 0.003000 -0.008368 -0.085676
v 0.005000 -0.010623 -0.087369
v 0.005000 -0.009184 -0.086352
v 0.005000 -0.008368 -0.085676
v 0.007000 -0.010623 -0.087369
v 0.007000 -0.009184 -0.086352
v 0.007000 -0.008368 -0.085677
v 0.002000 -0.007185 -0.100341
v 0.002000 -0.005235 -0.098772
v 0.002000 -0.003100 -0.096887
v 0.006000 -0.007187 -0.100337
v 0.006000 -0.005237 -0.098771
v 0.006000 -0.003098 -0.096888
v 0.004000 -0.001105 -0.094899
v 0.001000 -0.006342 -0.083588
v 0.001000 -0.005718 -0.082794
v 0.001000 -0.004701 -0.081261
v 0.003000 -0.006342 -0.083588
v 0.003000 -0.005718 -0.082794
v 0.003000 -0.004701 -0.081261
v 0.005000 -0.006342 -0.083588
v 0.005000 -0.005718 -0.082794
v 0.005000 -0.004701 -0.081261
v 0.007000 -0.006342 -0.083588
v 0.007000 -0.005718 -0.082794
v 0.007000 -0.004701 -0.081261
v 0.002000 -0.007324 -0.084675
v 0.002000 -0.003993 -0.080013
v 0.006000 -0.007324 -0.084676
v 0.006000 -0.003993 -0.080013
v 0.001000 -0.003538 -0.079000
v 0.001000 -0.002868 -0.077213
v 0.001000 -0.002300 -0.075000
v 0.001000 -0.002058 -0.073530
v 0.001000 -0.001974 -0.072765
v 0.003000 -0.003538 -0.079000
v 0.003000 -0.002868 -0.077213
v 0.003000 -0.002301 -0.075000
v 0.003000 -0.002059 -0.073524
v 0.003000 -0.001975 -0.072762
v 0.005000 -0.003538 -0.079000
v 0.005000 -0.002868 -0.077213
v 0.005000 -0.002302 -0.075000
v 0.005000 -0.002059 -0.073522
v 0.005000 -0.001975 -0.072761
v 0.007000 -0.003538 -0.079000
v 0.007000 -0.002868 -0.077213
v 0.007000 -0.002302 -0.075000
v 0.007000 -0.002059 -0.073522
v 0.007000 -0.001975 -0.072761
v 0.004000 -0.001840 -0.068000
v 0.004500 -0.001804 -0.057500
v 0.004500 -0.001763 -0.056500
v 0.005500 -0.001739 -0.057500
v 0.005528 -0.001383 -0.056458
v 0.005885 -0.000500 -0.056089
v 0.006500 -0.001538 -0.057500
v 0.006500 -0.001163 -0.056812
v 0.006500 -0.000500 -0.056497
v 0.007415 -0.001237 -0.057516
v 0.007024 -0.001017 -0.056985
v 0.007667 -0.000500 -0.057199
v 0.007167 -0.000500 -0.056908
v 0.000870 -0.002049 -0.056798
v 0.001000 -0.001837 -0.059000
v 0.001215 -0.001961 -0.057310
v 0.002295 -0.002026 -0.056206
v 0.003000 -0.001805 -0.059000
v 0.003019 -0.001898 -0.057006
v 0.005000 -0.001793 -0.059000
v 0.007000 -0.001761 -0.059000
v 0.002000 -0.001808 -0.062000
v 0.006000 -0.001809 -0.062000
v 0.000104 -0.003021 -0.053066
v 0.000246 -0.003118 -0.052500
v 0.000236 -0.003205 -0.051500
v 0.000092 -0.003137 -0.050818
v 0.000463 -0.002838 -0.053439
v 0.000746 -0.002854 -0.052500
v 0.000716 -0.002515 -0.051511
v 0.000189 -0.002426 -0.050491
v 0.000849 -0.001500 -0.051224
v 0.000387 -0.001500 -0.050500
v 0.000887 -0.000500 -0.051159
v 0.000455 -0.000500 -0.050500
v 0.001500 -0.002475 -0.053500
v 0.001461 -0.002291 -0.052592
v 0.001102 -0.002191 -0.051852
v 0.001699 -0.001500 -0.052395
v 0.001199 -0.001500 -0.051724
v 0.001756 -0.000500 -0.052296
v 0.001256 -0.000500 -0.051659
v 0.002191 -0.002114 -0.053500
v 0.002011 -0.002013 -0.052986
v 0.002962 -0.001997 -0.055972
v 0.002911 -0.001864 -0.054189
v 0.002620 -0.001519 -0.053540
v 0.002091 -0.001500 -0.052895
v 0.002679 -0.000500 -0.053336
v 0.002179 -0.000500 -0.052796
v 0.003459 -0.001876 -0.055583
v 0.003433 -0.001514 -0.054537
v 0.003101 -0.001198 -0.053900
v 0.003669 -0.000500 -0.054305
v 0.003169 -0.000500 -0.053836
v 0.004480 -0.001383 -0.055503
v 0.004133 -0.001164 -0.054885
v 0.004732 -0.000500 -0.055219
v 0.004232 -0.000500 -0.054805
v 0.005213 -0.001175 -0.055838
v 0.005385 -0.000500 -0.055719
v 0.001000 -0.002368 -0.055000
v 0.000011 -0.002044 -0.049980
v 0.000053 -0.001000 -0.049907
v 0.002830 -0.002079 -0.055064
v 0.008500 -0.017356 -0.101311
v 0.008500 -0.017855 -0.100500
v 0.008500 -0.017953 -0.099500
v 0.008500 -0.017841 -0.098500
v 0.008500 -0.016500 -0.101770
v 0.009500 -0.017357 -0.101311
v 0.009500 -0.017855 -0.100500
v 0.009500 -0.017953 -0.099500
v 0.009500 -0.017841 -0.098500
v 0.009500 -0.016500 -0.101770
v 0.010500 -0.017357 -0.101312
v 0.010500 -0.017855 -0.100500
v 0.010500 -0.017953 -0.099500
v 0.010500 -0.017842 -0.098500
v 0.010500 -0.016500 -0.101771
v 0.011500 -0.017357 -0.101311
v 0.011500 -0.017855 -0.100500
v 0.011500 -0.017953 -0.099500
v 0.011500 -0.017841 -0.098500
v 0.011500 -0.016500 -0.101770
v 0.012500 -0.017356 -0.101311
v 0.012500 -0.017855 -0.100500
v 0.012500 -0.017953 -0.099500
v 0.012500 -0.017841 -0.098500
v 0.012500 -0.016500 -0.101770
v 0.013500 -0.017356 -0.101311
v 0.013500 -0.017855 -0.100500
v 0.013500 -0.017953 -0.099500
v 0.013500 -0.017841 -0.098500
v 0.013500 -0.016500 -0.101770
v 0.014500 -0.017356 -0.101311
v 0.014500 -0.017854 -0.100500
v 0.014500 -0.017953 -0.099500
v 0.014500 -0.017841 -0.098500
v 0.014500 -0.016500 -0.101770
v 0.015500 -0.017356 -0.101311
v 0.015500 -0.017854 -0.100500
v 0.015500 -0.017954 -0.099500
v 0.015500 -0.017842 -0.098500
v 0.015500 -0.016500 -0.101770
v 0.009000 -0.017685 -0.097000
v 0.011000 -0.017685 -0.097000
v 0.013000 -0.017685 -0.097000
v 0.015000 -0.017685 -0.097000
v 0.008500 -0.017867 -0.091500
v 0.008500 -0.017392 -0.090625
v 0.008500 -0.016737 -0.090125
v 0.009500 -0.017867 -0.091500
v 0.009500 -0.017391 -0.090625
v 0.009500 -0.016737 -0.090125
v 0.010500 -0.017867 -0.091500
v 0.010500 -0.017391 -0.090625
v 0.010500 -0.016737 -0.090125
v 0.011500 -0.017867 -0.091500
v 0.011500 -0.017391 -0.090625
v 0.011500 -0.016737 -0.090125
v 0.012500 -0.017867 -0.091500
v 0.012500 -0.017391 -0.090626
v 0.012500 -0.016737 -0.090126
v 0.013500 -0.017867 -0.091500
v 0.013500 -0.017391 -0.090626
v 0.013500 -0.016737 -0.090126
v 0.014500 -0.017867 -0.091500
v 0.014500 -0.017391 -0.090626
v 0.014500 -0.016736 -0.090126
v 0.015500 -0.017867 -0.091500
v 0.015500 -0.017391 -0.090626
v 0.015500 -0.016736 -0.090126
v 0.009000 -0.016237 -0.089902
v 0.011000 -0.016237 -0.089902
v 0.013000 -0.016237 -0.089902
v 0.015000 -0.016236 -0.089903
v 0.010000 -0.017748 -0.094000
v 0.014000 -0.017747 -0.094000
v 0.008500 -0.009500 -0.101672
v 0.008500 -0.008543 -0.101254
v 0.008500 -0.008043 -0.100973
v 0.009500 -0.009500 -0.101672
v 0.009500 -0.008543 -0.101254
v 0.009500 -0.008043 -0.100973
v 0.010500 -0.009500 -0.101673
v 0.010500 -0.008542 -0.101254
v 0.010500 -0.008042 -0.100974
v 0.011500 -0.009500 -0.101672
v 0.011500 -0.008541 -0.101255
v 0.011500 -0.008041 -0.100975
v 0.012500 -0.009500 -0.101672
v 0.012500 -0.008542 -0.101254
v 0.012500 -0.008042 -0.100974
v 0.013500 -0.009500 -0.101672
v 0.013500 -0.008544 -0.101254
v 0.013500 -0.008044 -0.100972
v 0.014500 -0.009500 -0.101671
v 0.014500 -0.008545 -0.101254
v 0.014500 -0.008045 -0.100972
v 0.015500 -0.009500 -0.101670
v 0.015500 -0.008546 -0.101253
v 0.015500 -0.008046 -0.100971
v 0.009000 -0.011000 -0.101917
v 0.011000 -0.011000 -0.101917
v 0.013000 -0.011000 -0.101917
v 0.015000 -0.011000 -0.101917
v 0.010000 -0.014000 -0.101931
v 0.014000 -0.014000 -0.101931
v 0.010000 -0.013946 -0.089055
v 0.010000 -0.011827 -0.088096
v 0.014000 -0.013946 -0.089055
v 0.014000 -0.011827 -0.088096
v 0.009000 -0.010623 -0.087369
v 0.009000 -0.009184 -0.086352
v 0.009000 -0.008367 -0.085677
v 0.011000 -0.010623 -0.087369
v 0.011000 -0.009184 -0.086352
v 0.011000 -0.008367 -0.085677
v 0.013000 -0.010623 -0.087369
v 0.013000 -0.009184 -0.086352
v 0.013000 -0.008367 -0.085677
v 0.015000 -0.010623 -0.087370
v 0.015000 -0.009184 -0.086352
v 0.015000 -0.008367 -0.085677
v 0.010000 -0.007189 -0.100333
v 0.010000 -0.005239 -0.098770
v 0.010000 -0.003097 -0.096889
v 0.014000 -0.007189 -0.100332
v 0.014000 -0.005239 -0.098770
v 0.014000 -0.003097 -0.096888
v 0.012000 -0.001103 -0.094901
v 0.009000 -0.006341 -0.083589
v 0.009000 -0.005718 -0.082794
v 0.009000 -0.004700 -0.081261
v 0.011000 -0.006341 -0.083589
v 0.011000 -0.005718 -0.082794
v 0.011000 -0.004700 -0.081261
v 0.013000 -0.006341 -0.083589
v 0.013000 -0.005718 -0.082794
v 0.013000 -0.004700 -0.081261
v 0.015000 -0.006341 -0.083589
v 0.015000 -0.005718 -0.082794
v 0.015000 -0.004700 -0.081261
v 0.010000 -0.007324 -0.084676
v 0.010000 -0.003993 -0.080013
v 0.014000 -0.007324 -0.084676
v 0.014000 -0.003993 -0.080013
v 0.009000 -0.003538 -0.079000
v 0.009000 -0.002868 -0.077213
v 0.009000 -0.002302 -0.075000
v 0.009000 -0.002059 -0.073522
v 0.009000 -0.001975 -0.072761
v 0.011000 -0.003538 -0.079000
v 0.011000 -0.002868 -0.077213
v 0.011000 -0.002302 -0.075000
v 0.011000 -0.002059 -0.073522
v 0.011000 -0.001975 -0.072761
v 0.013000 -0.003538 -0.079000
v 0.013000 -0.002868 -0.077213
v 0.013000 -0.002302 -0.075000
v 0.013000 -0.002059 -0.073520
v 0.013000 -0.001976 -0.072760
v 0.015000 -0.003538 -0.079000
v 0.015000 -0.002868 -0.077213
v 0.015000 -0.002302 -0.075000
v 0.015000 -0.002059 -0.073519
v 0.015000 -0.001976 -0.072760
v 0.012000 -0.001840 -0.068000
v 0.008500 -0.001772 -0.059500
v 0.008565 -0.001381 -0.058420
v 0.008274 -0.001137 -0.057860
v 0.008941 -0.000936 -0.058033
v 0.008565 -0.000562 -0.057696
v 0.009500 -0.001685 -0.059500
v 0.009500 -0.001287 -0.058663
v 0.009550 -0.000562 -0.058151
v 0.009251 -0.000269 -0.057896
v 0.010500 -0.001523 -0.059500
v 0.010500 -0.001133 -0.058869
v 0.010500 -0.000500 -0.058514
v 0.011444 -0.001297 -0.059459
v 0.011073 -0.001030 -0.058974
v 0.011740 -0.000807 -0.059099
v 0.011444 -0.000484 -0.058846
v 0.012500 -0.001252 -0.059735
v 0.012496 -0.000484 -0.059225
v 0.012160 -0.000140 -0.058943
v 0.013500 -0.001097 -0.059908
v 0.013500 -0.000500 -0.059594
v 0.014500 -0.001739 -0.061500
v 0.014405 -0.001270 -0.060476
v 0.014009 -0.001004 -0.059997
v 0.014675 -0.000735 -0.060127
v 0.014405 -0.000441 -0.059893
v 0.015500 -0.001620 -0.061500
v 0.015500 -0.001219 -0.060779
v 0.015444 -0.000441 -0.060280
v 0.015073 -0.000069 -0.059973
v 0.013000 -0.001813 -0.063000
v 0.013000 -0.001684 -0.061000
v 0.015000 -0.001813 -0.063000
v 0.010000 -0.001805 -0.062000
v 0.016500 -0.017356 -0.101311
v 0.016500 -0.017855 -0.100500
v 0.016500 -0.017954 -0.099500
v 0.016500 -0.017842 -0.098500
v 0.016500 -0.016500 -0.101770
v 0.017500 -0.017356 -0.101311
v 0.017500 -0.017855 -0.100500
v 0.017500 -0.017954 -0.099500
v 0.017500 -0.017842 -0.098500
v 0.017500 -0.016500 -0.101770
v 0.018500 -0.017356 -0.101311
v 0.018500 -0.017854 -0.100500
v 0.018500 -0.017954 -0.099500
v 0.018500 -0.017842 -0.098500
v 0.018500 -0.016500 -0.101770
v 0.019500 -0.017356 -0.101311
v 0.019500 -0.017854 -0.100500
v 0.019500 -0.017954 -0.099500
v 0.019500 -0.017843 -0.098500
v 0.019500 -0.016500 -0.101770
v 0.020500 -0.017356 -0.101311
v 0.020500 -0.017854 -0.100500
v 0.020500 -0.017955 -0.099500
v 0.020500 -0.017845 -0.098500
v 0.020500 -0.016500 -0.101770
v 0.021500 -0.017355 -0.101310
v 0.021500 -0.017854 -0.100500
v 0.021500 -0.017954 -0.099500
v 0.021500 -0.017843 -0.098500
v 0.021500 -0.016500 -0.101769
v 0.022500 -0.017351 -0.101306
v 0.022500 -0.017849 -0.100500
v 0.022500 -0.017953 -0.099500
v 0.022500 -0.017841 -0.098500
v 0.022500 -0.016500 -0.101765
v 0.023500 -0.017347 -0.101303
v 0.023500 -0.017846 -0.100500
v 0.023500 -0.017953 -0.099500
v 0.023500 -0.017841 -0.098500
v 0.023500 -0.016500 -0.101762
v 0.017000 -0.017686 -0.097000
v 0.019000 -0.017686 -0.097000
v 0.021000 -0.017687 -0.097000
v 0.023000 -0.017685 -0.097000
v 0.016500 -0.017867 -0.091500
v 0.016500 -0.017391 -0.090626
v 0.016500 -0.016736 -0.090126
v 0.017500 -0.017867 -0.091500
v 0.017500 -0.017391 -0.090626
v 0.017500 -0.016736 -0.090126
v 0.018500 -0.017867 -0.091500
v 0.018500 -0.017391 -0.090626
v 0.018500 -0.016736 -0.090126
v 0.019500 -0.017867 -0.091500
v 0.019500 -0.017391 -0.090626
v 0.019500 -0.016736 -0.090126
v 0.020500 -0.017867 -0.091500
v 0.020500 -0.017391 -0.090626
v 0.020500 -0.016735 -0.090126
v 0.021500 -0.017867 -0.091500
v 0.021500 -0.017391 -0.090626
v 0.021500 -0.016735 -0.090126
v 0.022500 -0.017866 -0.091500
v 0.022500 -0.017391 -0.090626
v 0.022500 -0.016735 -0.090126
v 0.023500 -0.017866 -0.091500
v 0.023500 -0.017391 -0.090626
v 0.023500 -0.016735 -0.090126
v 0.017000 -0.016236 -0.089903
v 0.019000 -0.016236 -0.089903
v 0.021000 -0.016235 -0.089903
v 0.023000 -0.016235 -0.089903
v 0.018000 -0.017748 -0.094000
v 0.022000 -0.017747 -0.094000
v 0.016500 -0.009500 -0.101670
v 0.016500 -0.008547 -0.101253
v 0.016500 -0.008047 -0.100971
v 0.017500 -0.009500 -0.101670
v 0.017500 -0.008548 -0.101253
v 0.017500 -0.008048 -0.100970
v 0.018500 -0.009500 -0.101669
v 0.018500 -0.008549 -0.101252
v 0.018500 -0.008049 -0.100969
v 0.019500 -0.009500 -0.101669
v 0.019500 -0.008550 -0.101252
v 0.019500 -0.008050 -0.100969
v 0.020500 -0.009500 -0.101669
v 0.020500 -0.008550 -0.101252
v 0.020500 -0.008050 -0.100968
v 0.021500 -0.009500 -0.101668
v 0.021500 -0.008551 -0.101252
v 0.021500 -0.008051 -0.100968
v 0.022500 -0.009500 -0.101667
v 0.022500 -0.008552 -0.101251
v 0.022500 -0.008052 -0.100967
v 0.023500 -0.009500 -0.101668
v 0.023500 -0.008552 -0.101251
v 0.023500 -0.008052 -0.100967
v 0.017000 -0.011000 -0.101917
v 0.019000 -0.011000 -0.101916
v 0.021000 -0.011000 -0.101916
v 0.023000 -0.011000 -0.101916
v 0.018000 -0.014000 -0.101931
v 0.022000 -0.014000 -0.101931
v 0.018000 -0.013945 -0.089056
v 0.018000 -0.011826 -0.088096
v 0.022000 -0.013945 -0.089056
v 0.022000 -0.011826 -0.088097
v 0.017000 -0.010623 -0.087370
v 0.017000 -0.009183 -0.086353
v 0.017000 -0.008367 -0.085677
v 0.019000 -0.010622 -0.087370
v 0.019000 -0.009183 -0.086353
v 0.019000 -0.008367 -0.085677
v 0.021000 -0.010622 -0.087370
v 0.021000 -0.009183 -0.086353
v 0.021000 -0.008367 -0.085677
v 0.023000 -0.010622 -0.087370
v 0.023000 -0.009183 -0.086353
v 0.023000 -0.008366 -0.085678
v 0.018000 -0.007189 -0.100330
v 0.018000 -0.005239 -0.098770
v 0.018000 -0.003098 -0.096888
v 0.022000 -0.007188 -0.100330
v 0.022000 -0.005240 -0.098769
v 0.022000 -0.003101 -0.096885
v 0.020000 -0.001105 -0.094899
v 0.017000 -0.006341 -0.083589
v 0.017000 -0.005717 -0.082794
v 0.017000 -0.004700 -0.081261
v 0.019000 -0.006341 -0.083589
v 0.019000 -0.005717 -0.082795
v 0.019000 -0.004700 -0.081261
v 0.021000 -0.006341 -0.083589
v 0.021000 -0.005717 -0.082795
v 0.021000 -0.004700 -0.081262
v 0.023000 -0.006340 -0.083590
v 0.023000 -0.005717 -0.082795
v 0.023000 -0.004700 -0.081262
v 0.018000 -0.007323 -0.084676
v 0.018000 -0.003993 -0.080014
v 0.022000 -0.007323 -0.084677
v 0.022000 -0.003993 -0.080014
v 0.017000 -0.003538 -0.079000
v 0.017000 -0.002868 -0.077213
v 0.017000 -0.002302 -0.075000
v 0.017000 -0.002059 -0.073518
v 0.017000 -0.001976 -0.072759
v 0.019000 -0.003538 -0.079000
v 0.019000 -0.002868 -0.077212
v 0.019000 -0.002303 -0.075000
v 0.019000 -0.002060 -0.073516
v 0.019000 -0.001976 -0.072758
v 0.021000 -0.003538 -0.079000
v 0.021000 -0.002868 -0.077213
v 0.021000 -0.002302 -0.075000
v 0.021000 -0.002060 -0.073516
v 0.021000 -0.001976 -0.072758
v 0.023000 -0.003538 -0.079000
v 0.023000 -0.002870 -0.077211
v 0.023000 -0.002303 -0.075000
v 0.023000 -0.002059 -0.073521
v 0.023000 -0.001975 -0.072761
v 0.022500 -0.001825 -0.065500
v 0.022500 -0.001736 -0.064500
v 0.023500 -0.001783 -0.065500
v 0.023558 -0.001399 -0.064434
v 0.023929 -0.000913 -0.064056
v 0.021000 -0.001833 -0.067000
v 0.021000 -0.001821 -0.065000
v 0.023000 -0.001833 -0.067000
v 0.018000 -0.001852 -0.070000
v 0.018000 -0.001828 -0.066000
v 0.022000 -0.001852 -0.070000
v 0.016553 -0.001364 -0.061418
v 0.016255 -0.001097 -0.060911
v 0.016922 -0.000945 -0.061031
v 0.016553 -0.000567 -0.060733
v 0.017500 -0.001313 -0.061641
v 0.017596 -0.000567 -0.061114
v 0.017327 -0.000278 -0.060882
v 0.018500 -0.001811 -0.063500
v 0.018500 -0.001581 -0.062500
v 0.018500 -0.001179 -0.061824
v 0.018500 -0.000500 -0.061419
v 0.019500 -0.001781 -0.063500
v 0.019499 -0.001337 -0.062439
v 0.019165 -0.001065 -0.061942
v 0.019831 -0.000878 -0.062065
v 0.019499 -0.000527 -0.061788
v 0.020500 -0.001699 -0.063500
v 0.020500 -0.001290 -0.062686
v 0.020546 -0.000527 -0.062168
v 0.021500 -0.001540 -0.063500
v 0.021500 -0.001140 -0.062867
v 0.021500 -0.000500 -0.062514
v 0.022433 -0.001279 -0.063492
v 0.022055 -0.001032 -0.062973
v 0.022721 -0.000692 -0.063153
v 0.022433 -0.000415 -0.062876
v 0.023263 -0.001172 -0.063820
v 0.023473 -0.000469 -0.063515
v 0.023017 -0.000025 -0.062990
v 0.017000 -0.001785 -0.063000
v 0.020243 -0.000211 -0.061913
v 0.024500 -0.017330 -0.101285
v 0.024500 -0.017829 -0.100500
v 0.024500 -0.017954 -0.099500
v 0.024500 -0.017842 -0.098500
v 0.024500 -0.016500 -0.101724
v 0.025500 -0.017193 -0.101163
v 0.025500 -0.017664 -0.100500
v 0.025500 -0.017918 -0.099500
v 0.025500 -0.017823 -0.098500
v 0.025500 -0.016500 -0.101487
v 0.026050 -0.017050 -0.101040
v 0.026277 -0.017258 -0.100500
v 0.026591 -0.017379 -0.099547
v 0.026590 -0.017347 -0.098457
v 0.026438 -0.017335 -0.097500
v 0.026387 -0.017295 -0.096500
v 0.026179 -0.016500 -0.101144
v 0.026735 -0.016577 -0.100490
v 0.026985 -0.016961 -0.099912
v 0.026983 -0.016974 -0.098095
v 0.026938 -0.016904 -0.097500
v 0.026887 -0.016824 -0.096500
v 0.027034 -0.017044 -0.099245
v 0.027034 -0.017044 -0.098761
v 0.027086 -0.016294 -0.100149
v 0.027166 -0.016577 -0.099547
v 0.027199 -0.016584 -0.098457
v 0.027186 -0.016404 -0.097500
v 0.027151 -0.016324 -0.096500
v 0.025000 -0.017673 -0.097000
v 0.024500 -0.017855 -0.091500
v 0.024500 -0.017379 -0.090644
v 0.024500 -0.016695 -0.090144
v 0.024500 -0.016195 -0.089920
v 0.025500 -0.017718 -0.091500
v 0.025500 -0.017261 -0.090763
v 0.025472 -0.016462 -0.090262
v 0.025121 -0.016104 -0.089958
v 0.026377 -0.017287 -0.095500
v 0.026411 -0.017313 -0.094500
v 0.026576 -0.017310 -0.093470
v 0.026500 -0.017440 -0.092500
v 0.026464 -0.017237 -0.091599
v 0.026107 -0.017103 -0.090910
v 0.026877 -0.016812 -0.095500
v 0.026911 -0.016867 -0.094500
v 0.026960 -0.016941 -0.093784
v 0.026799 -0.016500 -0.091298
v 0.026300 -0.016500 -0.090747
v 0.027017 -0.017022 -0.093117
v 0.027013 -0.017017 -0.092500
v 0.027000 -0.017001 -0.091999
v 0.027148 -0.016312 -0.095500
v 0.027177 -0.016367 -0.094500
v 0.027183 -0.016564 -0.093470
v 0.027222 -0.016500 -0.092500
v 0.027092 -0.016500 -0.091798
v 0.025000 -0.017643 -0.095000
v 0.025000 -0.017828 -0.093000
v 0.024500 -0.015500 -0.101883
v 0.024500 -0.014500 -0.101890
v 0.024500 -0.013500 -0.101895
v 0.024500 -0.012500 -0.101899
v 0.024500 -0.011500 -0.101903
v 0.024500 -0.010500 -0.101848
v 0.024500 -0.009500 -0.101625
v 0.024500 -0.008593 -0.101229
v 0.024500 -0.008093 -0.100941
v 0.025500 -0.015500 -0.101654
v 0.025500 -0.014500 -0.101662
v 0.025500 -0.013500 -0.101667
v 0.025500 -0.012500 -0.101671
v 0.025500 -0.011500 -0.101674
v 0.025500 -0.010500 -0.101617
v 0.025500 -0.009500 -0.101387
v 0.025500 -0.008810 -0.101107
v 0.025500 -0.008310 -0.100798
v 0.026289 -0.015500 -0.101232
v 0.026789 -0.015500 -0.100730
v 0.026297 -0.014500 -0.101237
v 0.026797 -0.014500 -0.100740
v 0.026301 -0.013500 -0.101239
v 0.026801 -0.013500 -0.100745
v 0.026305 -0.012500 -0.101241
v 0.026805 -0.012500 -0.100750
v 0.026308 -0.011500 -0.101243
v 0.026808 -0.011500 -0.100752
v 0.026274 -0.010500 -0.101214
v 0.026773 -0.010500 -0.100714
v 0.026124 -0.009500 -0.101096
v 0.026689 -0.009435 -0.100470
v 0.026982 -0.009059 -0.099964
v 0.026006 -0.008992 -0.101005
v 0.026271 -0.008595 -0.100472
v 0.026834 -0.008500 -0.099764
v 0.027132 -0.015500 -0.100230
v 0.027368 -0.015500 -0.099500
v 0.027460 -0.015500 -0.098500
v 0.027424 -0.015500 -0.097500
v 0.027387 -0.015500 -0.096500
v 0.027137 -0.014500 -0.100240
v 0.027372 -0.014500 -0.099500
v 0.027475 -0.014500 -0.098500
v 0.027479 -0.014500 -0.097500
v 0.027476 -0.014500 -0.096500
v 0.027139 -0.013500 -0.100245
v 0.027375 -0.013500 -0.099500
v 0.027476 -0.013500 -0.098500
v 0.027141 -0.012500 -0.100250
v 0.027377 -0.012500 -0.099500
v 0.027476 -0.012500 -0.098500
v 0.027142 -0.011500 -0.100252
v 0.027377 -0.011500 -0.099500
v 0.027476 -0.011500 -0.098500
v 0.027121 -0.010500 -0.100214
v 0.027349 -0.010500 -0.099500
v 0.027469 -0.010500 -0.098500
v 0.027067 -0.009725 -0.100117
v 0.027196 -0.009435 -0.099578
v 0.027433 -0.009500 -0.098500
v 0.027106 -0.008500 -0.099264
v 0.027320 -0.008500 -0.098500
v 0.027480 -0.013000 -0.097000
v 0.027480 -0.011000 -0.097000
v 0.027473 -0.009000 -0.097000
v 0.024500 -0.015500 -0.089677
v 0.024500 -0.014500 -0.089335
v 0.024500 -0.013814 -0.089077
v 0.024500 -0.013314 -0.088867
v 0.024500 -0.012500 -0.088490
v 0.024500 -0.011779 -0.088123
v 0.025472 -0.015418 -0.089880
v 0.025500 -0.014500 -0.089602
v 0.025486 -0.013506 -0.089242
v 0.025144 -0.013177 -0.088926
v 0.025810 -0.012737 -0.089110
v 0.025486 -0.012442 -0.088796
v 0.025487 -0.011494 -0.088321
v 0.025812 -0.010772 -0.088134
v 0.026959 -0.015857 -0.091065
v 0.026485 -0.015443 -0.090515
v 0.026616 -0.014500 -0.090342
v 0.026816 -0.013500 -0.090182
v 0.026316 -0.013500 -0.089754
v 0.026945 -0.012856 -0.090063
v 0.026491 -0.012463 -0.089522
v 0.026038 -0.012070 -0.088969
v 0.026687 -0.011500 -0.089307
v 0.026187 -0.011500 -0.088827
v 0.026879 -0.010700 -0.089142
v 0.026472 -0.010402 -0.088559
v 0.026730 -0.009500 -0.088357
v 0.026909 -0.008766 -0.088158
v 0.027384 -0.015500 -0.095500
v 0.027415 -0.015500 -0.094500
v 0.027454 -0.015500 -0.093500
v 0.027441 -0.015500 -0.092500
v 0.027190 -0.015514 -0.091439
v 0.027043 -0.015190 -0.090944
v 0.027476 -0.014500 -0.095500
v 0.027478 -0.014500 -0.094500
v 0.027479 -0.014500 -0.093500
v 0.027473 -0.014500 -0.092500
v 0.027346 -0.014500 -0.091500
v 0.027113 -0.014500 -0.090842
v 0.027434 -0.013500 -0.091500
v 0.027194 -0.013500 -0.090682
v 0.027473 -0.012500 -0.091500
v 0.027219 -0.012513 -0.090438
v 0.027054 -0.012189 -0.089933
v 0.027480 -0.011500 -0.091500
v 0.027367 -0.011500 -0.090500
v 0.027128 -0.011500 -0.089807
v 0.027480 -0.010500 -0.091500
v 0.027433 -0.010500 -0.090500
v 0.027161 -0.010420 -0.089485
v 0.027010 -0.010033 -0.088984
v 0.027292 -0.009500 -0.089500
v 0.027068 -0.009500 -0.088857
v 0.027398 -0.008500 -0.089500
v 0.027148 -0.008460 -0.088495
v 0.025788 -0.015696 -0.090086
v 0.026064 -0.014765 -0.089954
v 0.027480 -0.013000 -0.095000
v 0.027480 -0.013000 -0.093000
v 0.027475 -0.009000 -0.091000
v 0.027480 -0.010000 -0.094000
v 0.024500 -0.011279 -0.087839
v 0.024457 -0.010408 -0.087286
v 0.024095 -0.010013 -0.086991
v 0.024762 -0.009967 -0.087024
v 0.024457 -0.009580 -0.086704
v 0.024500 -0.008839 -0.086136
v 0.024500 -0.008339 -0.085700
v 0.025145 -0.011157 -0.087911
v 0.025487 -0.010463 -0.087722
v 0.025578 -0.009580 -0.087196
v 0.025296 -0.009300 -0.086774
v 0.025963 -0.008956 -0.087034
v 0.025601 -0.008582 -0.086432
v 0.025240 -0.008208 -0.085814
v 0.026230 -0.009500 -0.087726
v 0.026545 -0.008528 -0.087483
v 0.026180 -0.008289 -0.086757
v 0.027032 -0.008099 -0.087933
v 0.026065 -0.010105 -0.087935
v 0.024500 -0.007500 -0.100510
v 0.024500 -0.006911 -0.100069
v 0.024500 -0.006411 -0.099675
v 0.024500 -0.005785 -0.099175
v 0.024500 -0.005285 -0.098762
v 0.024500 -0.004697 -0.098262
v 0.024500 -0.004197 -0.097826
v 0.024500 -0.003641 -0.097326
v 0.024500 -0.003141 -0.096868
v 0.024500 -0.002619 -0.096368
v 0.025439 -0.007503 -0.100255
v 0.025731 -0.007172 -0.099865
v 0.025065 -0.006964 -0.100028
v 0.025472 -0.006522 -0.099481
v 0.025880 -0.006079 -0.098936
v 0.025214 -0.005881 -0.099097
v 0.025602 -0.005443 -0.098545
v 0.025991 -0.005006 -0.097995
v 0.025324 -0.004821 -0.098155
v 0.025595 -0.004493 -0.097735
v 0.025500 -0.003809 -0.097173
v 0.025500 -0.003309 -0.096711
v 0.025500 -0.002781 -0.096211
v 0.026496 -0.007550 -0.099460
v 0.026862 -0.007261 -0.098785
v 0.026195 -0.006746 -0.099198
v 0.026552 -0.006465 -0.098527
v 0.026910 -0.006184 -0.097840
v 0.026591 -0.005402 -0.097584
v 0.026938 -0.005132 -0.096880
v 0.026230 -0.004500 -0.097271
v 0.026758 -0.004457 -0.096528
v 0.027029 -0.007928 -0.099055
v 0.027128 -0.007557 -0.098471
v 0.027359 -0.007500 -0.097500
v 0.027462 -0.007500 -0.096500
v 0.027057 -0.006851 -0.098118
v 0.027161 -0.006511 -0.097504
v 0.027385 -0.006500 -0.096500
v 0.027075 -0.005799 -0.097173
v 0.027182 -0.005479 -0.096528
v 0.027087 -0.004762 -0.096213
v 0.026130 -0.007839 -0.100120
v 0.026243 -0.005673 -0.098269
v 0.026107 -0.003494 -0.096508
v 0.024500 -0.002119 -0.095882
v 0.024500 -0.001623 -0.095382
v 0.024500 -0.001123 -0.094871
v 0.024500 -0.000656 -0.094371
v 0.024500 -0.000156 -0.093826
v 0.025500 -0.002281 -0.095722
v 0.025500 -0.001782 -0.095222
v 0.025500 -0.001282 -0.094706
v 0.025500 -0.000810 -0.094206
v 0.025500 -0.000310 -0.093653
v 0.026957 -0.004095 -0.095910
v 0.026786 -0.003449 -0.095546
v 0.026963 -0.003082 -0.094918
v 0.026247 -0.002564 -0.095437
v 0.026789 -0.002451 -0.094551
v 0.026960 -0.002085 -0.093912
v 0.026772 -0.001464 -0.093547
v 0.026946 -0.001107 -0.092884
v 0.026201 -0.000573 -0.093406
v 0.026726 -0.000487 -0.092530
v 0.026921 -0.000145 -0.091837
v 0.027461 -0.007500 -0.089500
v 0.027337 -0.007500 -0.088500
v 0.027480 -0.006500 -0.089500
v 0.027453 -0.006500 -0.088500
v 0.027401 -0.005500 -0.095500
v 0.027470 -0.005500 -0.094500
v 0.027196 -0.004457 -0.095546
v 0.027410 -0.004500 -0.094500
v 0.027093 -0.003748 -0.095243
v 0.027200 -0.003449 -0.094551
v 0.027410 -0.003500 -0.093500
v 0.027470 -0.003500 -0.092500
v 0.027093 -0.002752 -0.094252
v 0.027198 -0.002451 -0.093547
v 0.027405 -0.002500 -0.092500
v 0.027090 -0.001773 -0.093246
v 0.027188 -0.001464 -0.092530
v 0.027391 -0.001500 -0.091500
v 0.027463 -0.001500 -0.090500
v 0.027080 -0.000811 -0.092217
v 0.027169 -0.000487 -0.091502
v 0.027369 -0.000500 -0.090500
v 0.027476 -0.007000 -0.095000
v 0.027480 -0.007000 -0.093000
v 0.027480 -0.007000 -0.091000
v 0.027477 -0.005000 -0.093000
v 0.027480 -0.005000 -0.091000
v 0.027480 -0.005000 -0.089000
v 0.027477 -0.003000 -0.091000
v 0.027480 -0.003000 -0.089000
v 0.026115 -0.001486 -0.094513
v 0.027474 -0.001000 -0.089000
v 0.024500 -0.007795 -0.085200
v 0.024500 -0.007295 -0.084693
v 0.024500 -0.006828 -0.084193
v 0.024500 -0.006328 -0.083600
v 0.024500 -0.005923 -0.083100
v 0.024500 -0.005493 -0.082500
v 0.024500 -0.005070 -0.081890
v 0.024500 -0.004762 -0.081390
v 0.024500 -0.004262 -0.080514
v 0.024500 -0.003992 -0.080014
v 0.025576 -0.007543 -0.085453
v 0.025245 -0.007185 -0.084806
v 0.025912 -0.006918 -0.085092
v 0.025615 -0.006564 -0.084412
v 0.025318 -0.006211 -0.083740
v 0.025591 -0.005815 -0.083444
v 0.025469 -0.005249 -0.082506
v 0.025115 -0.005045 -0.081929
v 0.025781 -0.004901 -0.082176
v 0.025469 -0.004685 -0.081558
v 0.025500 -0.004181 -0.080646
v 0.025500 -0.003935 -0.080146
v 0.026847 -0.007695 -0.087266
v 0.026503 -0.007465 -0.086533
v 0.026160 -0.007235 -0.085759
v 0.026826 -0.006708 -0.086309
v 0.026506 -0.006480 -0.085522
v 0.026186 -0.006251 -0.084684
v 0.026852 -0.005777 -0.085285
v 0.026555 -0.005549 -0.084427
v 0.026261 -0.005310 -0.083500
v 0.026090 -0.005093 -0.082843
v 0.026924 -0.004888 -0.084170
v 0.026761 -0.004697 -0.083500
v 0.026496 -0.004471 -0.082545
v 0.026902 -0.003875 -0.082248
v 0.026739 -0.003714 -0.081500
v 0.026524 -0.003497 -0.080481
v 0.026965 -0.002952 -0.080112
v 0.027101 -0.007417 -0.087560
v 0.027012 -0.007028 -0.086975
v 0.027322 -0.006500 -0.087500
v 0.027100 -0.006425 -0.086585
v 0.027022 -0.006042 -0.085952
v 0.027460 -0.005500 -0.087500
v 0.027349 -0.005500 -0.086500
v 0.027141 -0.005466 -0.085571
v 0.027063 -0.005110 -0.084836
v 0.027480 -0.004500 -0.087500
v 0.027472 -0.004500 -0.086500
v 0.027399 -0.004500 -0.085500
v 0.027207 -0.004533 -0.084502
v 0.027113 -0.004197 -0.083500
v 0.027028 -0.004041 -0.082914
v 0.027479 -0.003500 -0.085500
v 0.027451 -0.003500 -0.084500
v 0.027351 -0.003500 -0.083500
v 0.027186 -0.003525 -0.082549
v 0.027135 -0.003214 -0.081500
v 0.027055 -0.003076 -0.080779
v 0.027480 -0.002500 -0.085500
v 0.027479 -0.002500 -0.084500
v 0.027477 -0.002500 -0.083500
v 0.027451 -0.002500 -0.082500
v 0.027374 -0.002500 -0.081500
v 0.027218 -0.002571 -0.080467
v 0.027479 -0.001500 -0.081500
v 0.027470 -0.001500 -0.080500
v 0.027479 -0.000500 -0.081500
v 0.027479 -0.000500 -0.080500
v 0.025907 -0.007902 -0.086090
v 0.025984 -0.005987 -0.084018
v 0.026161 -0.004147 -0.081175
v 0.027480 -0.003000 -0.087000
v 0.027480 -0.001000 -0.087000
v 0.027480 -0.001000 -0.085000
v 0.027480 -0.001000 -0.083000
v 0.026353 -0.003279 -0.079500
v 0.026139 -0.003095 -0.078500
v 0.026013 -0.003007 -0.077977
v 0.026853 -0.002843 -0.079500
v 0.026639 -0.002688 -0.078500
v 0.026408 -0.002590 -0.077586
v 0.026550 -0.002233 -0.076594
v 0.026918 -0.001914 -0.076323
v 0.026805 -0.001822 -0.075500
v 0.026662 -0.001733 -0.074500
v 0.026436 -0.001719 -0.073455
v 0.026500 -0.001548 -0.072500
v 0.027196 -0.002343 -0.079500
v 0.027129 -0.002188 -0.078500
v 0.027046 -0.002061 -0.077500
v 0.027002 -0.002002 -0.076990
v 0.027435 -0.001500 -0.079500
v 0.027368 -0.001500 -0.078500
v 0.027281 -0.001500 -0.077500
v 0.027178 -0.001549 -0.076594
v 0.027196 -0.001322 -0.075500
v 0.027159 -0.001233 -0.074500
v 0.027117 -0.001158 -0.073500
v 0.027077 -0.001097 -0.072500
v 0.027479 -0.000500 -0.079500
v 0.027478 -0.000500 -0.078500
v 0.027474 -0.000500 -0.077500
v 0.027461 -0.000500 -0.076500
v 0.027435 -0.000500 -0.075500
v 0.027398 -0.000500 -0.074500
v 0.027356 -0.000500 -0.073500
v 0.027315 -0.000500 -0.072500
v 0.025000 -0.003497 -0.079000
v 0.025000 -0.002856 -0.077236
v 0.025000 -0.002295 -0.075000
v 0.025000 -0.002057 -0.073550
v 0.025000 -0.001966 -0.072775
v 0.026233 -0.002131 -0.075000
v 0.026060 -0.002030 -0.073758
v 0.024500 -0.001830 -0.067500
v 0.024500 -0.001768 -0.066500
v 0.024578 -0.001416 -0.065424
v 0.024297 -0.001219 -0.064723
v 0.024964 -0.000948 -0.065040
v 0.024558 -0.000597 -0.064447
v 0.025500 -0.001601 -0.067500
v 0.025534 -0.001336 -0.066508
v 0.025223 -0.001198 -0.065707
v 0.025890 -0.000802 -0.066179
v 0.025519 -0.000542 -0.065475
v 0.025148 -0.000281 -0.064837
v 0.026500 -0.001429 -0.071500
v 0.026577 -0.001265 -0.070553
v 0.026407 -0.001279 -0.069500
v 0.026332 -0.001254 -0.068500
v 0.026208 -0.001189 -0.067500
v 0.026083 -0.001089 -0.066846
v 0.026961 -0.000953 -0.070254
v 0.026907 -0.000881 -0.069500
v 0.026832 -0.000715 -0.068500
v 0.026705 -0.000439 -0.067558
v 0.026225 -0.000481 -0.066508
v 0.027036 -0.001042 -0.071500
v 0.027009 -0.001010 -0.070921
v 0.027273 -0.000500 -0.071500
v 0.027187 -0.000572 -0.070553
v 0.027191 -0.000381 -0.069500
v 0.027101 -0.000215 -0.068500
v 0.027025 -0.000065 -0.067931
v 0.025000 -0.001816 -0.071000
v 0.025000 -0.001755 -0.069000
v 0.026060 -0.000135 -0.065910
v 0.024152 -0.000246 -0.063876
v 0.004000 0.002340 -0.090848
v 0.004000 0.006333 -0.084815
v 0.005949 0.000500 -0.056034
v 0.005946 0.001500 -0.056036
v 0.006500 0.000500 -0.056373
v 0.006500 0.001500 -0.056378
v 0.007795 0.000500 -0.057108
v 0.007295 0.000500 -0.056839
v 0.007791 0.001500 -0.057110
v 0.007291 0.001500 -0.056841
v 0.005942 0.003000 -0.056039
v 0.007191 0.003000 -0.056780
v 0.006869 0.006000 -0.056604
v 0.004765 0.000500 -0.055183
v 0.004265 0.000500 -0.054782
v 0.004763 0.001500 -0.055185
v 0.004263 0.001500 -0.054783
v 0.005449 0.000500 -0.055683
v 0.005446 0.001500 -0.055685
v 0.001765 0.001000 -0.052283
v 0.001761 0.003000 -0.052288
v 0.001757 0.005000 -0.052293
v 0.001753 0.007000 -0.052298
v 0.003686 0.001000 -0.054283
v 0.002690 0.001000 -0.053308
v 0.003682 0.003000 -0.054286
v 0.002686 0.003000 -0.053312
v 0.003676 0.005000 -0.054292
v 0.002681 0.005000 -0.053318
v 0.003671 0.007000 -0.054297
v 0.002676 0.007000 -0.053323
v 0.004820 0.003000 -0.055221
v 0.000672 0.002000 -0.050795
v 0.000663 0.006000 -0.050802
v 0.004810 0.006000 -0.055228
v 0.004000 0.008372 -0.080935
v 0.002000 0.009561 -0.078077
v 0.002000 0.010959 -0.073976
v 0.006000 0.009562 -0.078078
v 0.006000 0.010957 -0.073975
v 0.004000 0.012427 -0.067918
v 0.004500 0.014683 -0.057500
v 0.004500 0.014685 -0.056500
v 0.005872 0.012500 -0.056085
v 0.005788 0.013500 -0.056160
v 0.005500 0.014595 -0.057500
v 0.005489 0.014314 -0.056490
v 0.006500 0.012500 -0.056470
v 0.006952 0.013912 -0.057040
v 0.006571 0.013547 -0.056686
v 0.006571 0.014307 -0.057424
v 0.006285 0.014152 -0.056816
v 0.007713 0.012500 -0.057150
v 0.007213 0.012500 -0.056886
v 0.007477 0.013547 -0.057243
v 0.007129 0.013246 -0.056930
v 0.007500 0.014169 -0.057723
v 0.005000 0.014372 -0.059000
v 0.007000 0.014333 -0.059000
v 0.002000 0.013774 -0.061739
v 0.001880 0.014630 -0.057778
v 0.006853 0.010000 -0.056619
v 0.006000 0.013774 -0.061739
v 0.000765 0.014500 -0.051333
v 0.000265 0.014500 -0.050585
v 0.000500 0.015594 -0.053500
v 0.000460 0.015770 -0.052469
v 0.000624 0.015484 -0.051539
v 0.000204 0.015500 -0.050646
v 0.001996 0.014975 -0.053008
v 0.001698 0.014585 -0.052574
v 0.001125 0.014500 -0.051833
v 0.001598 0.015273 -0.053405
v 0.001303 0.015265 -0.052500
v 0.001075 0.015140 -0.051899
v 0.002500 0.014991 -0.055828
v 0.002858 0.014742 -0.054309
v 0.002448 0.014525 -0.053490
v 0.002039 0.014309 -0.052956
v 0.002500 0.015044 -0.055328
v 0.002515 0.015092 -0.054585
v 0.002191 0.015094 -0.053675
v 0.003409 0.014810 -0.055467
v 0.003355 0.014413 -0.054627
v 0.003029 0.014075 -0.053972
v 0.003014 0.015006 -0.055111
v 0.003014 0.015006 -0.054975
v 0.004686 0.012500 -0.055241
v 0.004186 0.012500 -0.054848
v 0.004633 0.013500 -0.055294
v 0.004133 0.013500 -0.054891
v 0.004439 0.014289 -0.055534
v 0.004065 0.014084 -0.054946
v 0.005372 0.012500 -0.055741
v 0.005288 0.013500 -0.055794
v 0.005148 0.014121 -0.055890
v 0.001749 0.009000 -0.052303
v 0.001730 0.011000 -0.052324
v 0.001671 0.013000 -0.052393
v 0.000749 0.012996 -0.051178
v 0.000009 0.012128 -0.049985
v 0.001200 0.015165 -0.055218
v 0.003665 0.009000 -0.054302
v 0.002671 0.009000 -0.053328
v 0.003648 0.011000 -0.054316
v 0.002653 0.011000 -0.053346
v 0.003588 0.013000 -0.054370
v 0.002593 0.013000 -0.053408
v 0.000645 0.010000 -0.050819
v 0.004792 0.010000 -0.055242
v 0.000151 0.016104 -0.051500
v 0.000100 0.016101 -0.050798
v 0.000101 0.016038 -0.052115
v 0.012000 0.002340 -0.090848
v 0.012000 0.006332 -0.084814
v 0.008500 0.000500 -0.057451
v 0.008500 0.001500 -0.057452
v 0.009880 0.000500 -0.058049
v 0.009380 0.000500 -0.057843
v 0.009883 0.001500 -0.058047
v 0.009383 0.001500 -0.057843
v 0.010500 0.000500 -0.058283
v 0.010500 0.001500 -0.058278
v 0.011500 0.000500 -0.058644
v 0.011500 0.001500 -0.058638
v 0.012750 0.000500 -0.059091
v 0.012250 0.000500 -0.058910
v 0.012756 0.001500 -0.059089
v 0.012256 0.001500 -0.058907
v 0.013500 0.000500 -0.059366
v 0.013500 0.001500 -0.059364
v 0.014500 0.000500 -0.059733
v 0.014500 0.001500 -0.059731
v 0.015617 0.000500 -0.060139
v 0.015117 0.000500 -0.059958
v 0.015620 0.001500 -0.060137
v 0.015120 0.001500 -0.059957
v 0.009876 0.003000 -0.058050
v 0.008938 0.003000 -0.057651
v 0.011000 0.003000 -0.058465
v 0.012829 0.003000 -0.059126
v 0.015609 0.003000 -0.060142
v 0.014804 0.003000 -0.059850
v 0.009943 0.006000 -0.058068
v 0.015587 0.006000 -0.060149
v 0.013606 0.006000 -0.059426
v 0.012000 0.008375 -0.080935
v 0.010000 0.009562 -0.078078
v 0.010000 0.010956 -0.073973
v 0.014000 0.009562 -0.078078
v 0.014000 0.010955 -0.073974
v 0.012000 0.012426 -0.067920
v 0.008500 0.012500 -0.057533
v 0.008807 0.013824 -0.058158
v 0.008484 0.013494 -0.057776
v 0.008500 0.014228 -0.059500
v 0.008484 0.014157 -0.058495
v 0.009779 0.012500 -0.058096
v 0.009279 0.012500 -0.057882
v 0.009969 0.013988 -0.059056
v 0.009566 0.013573 -0.058451
v 0.009164 0.013157 -0.057929
v 0.009582 0.014104 -0.059434
v 0.009303 0.014082 -0.058825
v 0.010500 0.012500 -0.058394
v 0.010587 0.013879 -0.059434
v 0.010500 0.013351 -0.058727
v 0.011902 0.012830 -0.059056
v 0.011541 0.012498 -0.058814
v 0.011541 0.013424 -0.059433
v 0.011235 0.013147 -0.058891
v 0.012462 0.012498 -0.059230
v 0.012104 0.012164 -0.058960
v 0.012500 0.013756 -0.061500
v 0.012500 0.013643 -0.060500
v 0.012500 0.013241 -0.059720
v 0.013853 0.012877 -0.060098
v 0.013512 0.012526 -0.059733
v 0.013500 0.013629 -0.061500
v 0.013512 0.013289 -0.060459
v 0.013186 0.013092 -0.059904
v 0.014548 0.012526 -0.060260
v 0.014500 0.013414 -0.061500
v 0.014500 0.013134 -0.060794
v 0.015738 0.012853 -0.061187
v 0.015443 0.012512 -0.060718
v 0.015443 0.013159 -0.061512
v 0.015071 0.013029 -0.060961
v 0.008140 0.014061 -0.057923
v 0.010311 0.014040 -0.059723
v 0.013000 0.013494 -0.063000
v 0.015000 0.013419 -0.063000
v 0.014246 0.012210 -0.059894
v 0.009932 0.010000 -0.058086
v 0.009916 0.013750 -0.061771
v 0.015404 0.010341 -0.060145
v 0.013591 0.009977 -0.059446
v 0.020000 0.002337 -0.090845
v 0.020000 0.006334 -0.084817
v 0.016500 0.000500 -0.060460
v 0.016500 0.001500 -0.060458
v 0.017993 0.000500 -0.061002
v 0.017493 0.000500 -0.060821
v 0.017990 0.001500 -0.061004
v 0.017490 0.001500 -0.060820
v 0.018500 0.000500 -0.061188
v 0.018500 0.001500 -0.061189
v 0.019500 0.000500 -0.061551
v 0.019500 0.001500 -0.061548
v 0.020874 0.000500 -0.062046
v 0.020374 0.000500 -0.061865
v 0.020880 0.001500 -0.062044
v 0.020380 0.001500 -0.061863
v 0.021500 0.000500 -0.062289
v 0.021500 0.001500 -0.062287
v 0.022500 0.000500 -0.062726
v 0.022500 0.001500 -0.062727
v 0.023528 0.000500 -0.063307
v 0.023028 0.000500 -0.062983
v 0.023527 0.001500 -0.063302
v 0.023027 0.001500 -0.062984
v 0.017321 0.003000 -0.060766
v 0.019000 0.003000 -0.061374
v 0.021184 0.003000 -0.062173
v 0.020368 0.003000 -0.061867
v 0.021176 0.005000 -0.062182
v 0.020351 0.005000 -0.061872
v 0.021168 0.007000 -0.062189
v 0.020336 0.007000 -0.061878
v 0.023013 0.003000 -0.063011
v 0.023006 0.005000 -0.063019
v 0.022999 0.006960 -0.063022
v 0.017986 0.006000 -0.061020
v 0.020000 0.008373 -0.080934
v 0.018000 0.009562 -0.078078
v 0.018000 0.010955 -0.073973
v 0.022000 0.009562 -0.078077
v 0.022000 0.010953 -0.073972
v 0.020500 0.012897 -0.065500
v 0.020500 0.012868 -0.064500
v 0.021500 0.012818 -0.065500
v 0.021500 0.012670 -0.064500
v 0.022932 0.011956 -0.064056
v 0.022500 0.012510 -0.067500
v 0.022500 0.012664 -0.066500
v 0.022500 0.012653 -0.065500
v 0.022559 0.012309 -0.064434
v 0.023981 0.010957 -0.064017
v 0.023953 0.011967 -0.065061
v 0.023633 0.011629 -0.064370
v 0.023500 0.012447 -0.067500
v 0.023500 0.012497 -0.066500
v 0.023572 0.012282 -0.065437
v 0.023286 0.012147 -0.064723
v 0.021000 0.012623 -0.067000
v 0.018000 0.011826 -0.070650
v 0.018000 0.012200 -0.068976
v 0.018077 0.012868 -0.065780
v 0.022000 0.011825 -0.070650
v 0.022000 0.012198 -0.068975
v 0.016500 0.010500 -0.060513
v 0.016964 0.011954 -0.061019
v 0.016579 0.011572 -0.060729
v 0.016916 0.012969 -0.062075
v 0.016607 0.012577 -0.061436
v 0.016298 0.012186 -0.060863
v 0.016500 0.013302 -0.063500
v 0.016549 0.013179 -0.062445
v 0.016249 0.013077 -0.061854
v 0.017893 0.010500 -0.061042
v 0.017393 0.010500 -0.060851
v 0.017542 0.011572 -0.061145
v 0.017236 0.011287 -0.060908
v 0.017500 0.012844 -0.062283
v 0.017500 0.012344 -0.061652
v 0.017500 0.013187 -0.063500
v 0.017500 0.013074 -0.062783
v 0.018500 0.010500 -0.061274
v 0.018594 0.011596 -0.061636
v 0.018721 0.012919 -0.063253
v 0.018522 0.012538 -0.062487
v 0.018432 0.013060 -0.063552
v 0.018054 0.013014 -0.062969
v 0.019500 0.010500 -0.061652
v 0.019500 0.011292 -0.061856
v 0.019479 0.012814 -0.063552
v 0.019500 0.012293 -0.062633
v 0.019132 0.013022 -0.063920
v 0.020716 0.010500 -0.062114
v 0.020216 0.010500 -0.061920
v 0.020446 0.011438 -0.062360
v 0.020076 0.011063 -0.061970
v 0.020500 0.012504 -0.063500
v 0.020500 0.012113 -0.062870
v 0.021500 0.010500 -0.062439
v 0.021693 0.011799 -0.063167
v 0.021416 0.011479 -0.062810
v 0.021416 0.012214 -0.063500
v 0.021026 0.012012 -0.062988
v 0.022990 0.008500 -0.063005
v 0.022490 0.008500 -0.062762
v 0.022973 0.009500 -0.063014
v 0.022473 0.009500 -0.062766
v 0.022844 0.010500 -0.063090
v 0.022344 0.010500 -0.062826
v 0.022542 0.011544 -0.063469
v 0.022153 0.011132 -0.062921
v 0.023500 0.008500 -0.063338
v 0.023500 0.009500 -0.063364
v 0.023588 0.010574 -0.063617
v 0.023314 0.011290 -0.063771
v 0.017297 0.009000 -0.060784
v 0.019000 0.009000 -0.061405
v 0.019245 0.011892 -0.062069
v 0.018324 0.012157 -0.061851
v 0.021161 0.009000 -0.062197
v 0.020323 0.009000 -0.061883
v 0.022265 0.012122 -0.063834
v 0.024500 0.000286 -0.093326
v 0.024500 0.000786 -0.092749
v 0.024500 0.001208 -0.092249
v 0.024500 0.001708 -0.091637
v 0.024500 0.002108 -0.091137
v 0.024460 0.002671 -0.090408
v 0.024766 0.002975 -0.089967
v 0.024100 0.003010 -0.090013
v 0.024460 0.003287 -0.089580
v 0.024500 0.003851 -0.088785
v 0.024500 0.004193 -0.088285
v 0.025500 0.000134 -0.093153
v 0.025553 0.000681 -0.092485
v 0.025922 0.000957 -0.091948
v 0.025255 0.001118 -0.092142
v 0.025521 0.001505 -0.091508
v 0.025787 0.001891 -0.090861
v 0.025120 0.002053 -0.091067
v 0.025472 0.002305 -0.090516
v 0.025500 0.002841 -0.089787
v 0.025500 0.003207 -0.089287
v 0.025553 0.003740 -0.088501
v 0.025255 0.004114 -0.088168
v 0.026568 0.000549 -0.091559
v 0.026882 0.000807 -0.090767
v 0.026215 0.001224 -0.091282
v 0.026517 0.001484 -0.090481
v 0.026819 0.001743 -0.089672
v 0.026443 0.002408 -0.089377
v 0.026755 0.002673 -0.088500
v 0.026066 0.003059 -0.089082
v 0.026255 0.003262 -0.088500
v 0.027065 0.000141 -0.091171
v 0.027141 0.000484 -0.090460
v 0.027335 0.000500 -0.089500
v 0.027442 0.000500 -0.088500
v 0.027039 0.001076 -0.090101
v 0.027096 0.001446 -0.089403
v 0.027278 0.001500 -0.088500
v 0.027002 0.002004 -0.089005
v 0.027075 0.002173 -0.088500
v 0.026104 0.000117 -0.092755
v 0.026152 0.002147 -0.090194
v 0.024500 0.004693 -0.087532
v 0.024500 0.005021 -0.087032
v 0.024500 0.005349 -0.086500
v 0.024500 0.005828 -0.085705
v 0.024500 0.006119 -0.085206
v 0.024500 0.006517 -0.084500
v 0.024500 0.006898 -0.083809
v 0.024500 0.007162 -0.083309
v 0.024500 0.007573 -0.082500
v 0.024500 0.007911 -0.081817
v 0.025461 0.004480 -0.087470
v 0.025668 0.004845 -0.086761
v 0.025001 0.005000 -0.087001
v 0.025401 0.005157 -0.086457
v 0.025497 0.005708 -0.085467
v 0.025828 0.005919 -0.084861
v 0.025161 0.006064 -0.085111
v 0.025497 0.006251 -0.084517
v 0.025537 0.006783 -0.083505
v 0.025896 0.006950 -0.082905
v 0.025229 0.007092 -0.083175
v 0.025537 0.007281 -0.082543
v 0.025531 0.007793 -0.081509
v 0.025884 0.007945 -0.080885
v 0.026940 0.002893 -0.087853
v 0.026562 0.003538 -0.087562
v 0.026852 0.003785 -0.086685
v 0.026185 0.004178 -0.087271
v 0.026460 0.004428 -0.086390
v 0.026739 0.004657 -0.085500
v 0.026918 0.004864 -0.084785
v 0.026068 0.005058 -0.086094
v 0.026239 0.005233 -0.085500
v 0.026521 0.005491 -0.084490
v 0.026804 0.005730 -0.083500
v 0.026949 0.005910 -0.082849
v 0.026304 0.006293 -0.083500
v 0.026544 0.006519 -0.082543
v 0.026817 0.006752 -0.081500
v 0.026951 0.006915 -0.080843
v 0.026139 0.007117 -0.082238
v 0.026317 0.007297 -0.081500
v 0.026534 0.007510 -0.080531
v 0.027179 0.002536 -0.087512
v 0.027363 0.002500 -0.086500
v 0.027447 0.002500 -0.085500
v 0.027475 0.002500 -0.084500
v 0.027060 0.003118 -0.087187
v 0.027114 0.003471 -0.086411
v 0.027281 0.003500 -0.085500
v 0.027405 0.003500 -0.084500
v 0.027007 0.004011 -0.086019
v 0.027074 0.004157 -0.085500
v 0.027158 0.004519 -0.084471
v 0.027326 0.004500 -0.083500
v 0.027423 0.004500 -0.082500
v 0.027464 0.004500 -0.081500
v 0.027479 0.004500 -0.080500
v 0.027036 0.005063 -0.084118
v 0.027106 0.005230 -0.083500
v 0.027178 0.005546 -0.082509
v 0.027343 0.005500 -0.081500
v 0.027426 0.005500 -0.080500
v 0.027050 0.006087 -0.082182
v 0.027119 0.006252 -0.081500
v 0.027177 0.006549 -0.080506
v 0.027044 0.007074 -0.080177
v 0.025921 0.003958 -0.087938
v 0.027458 0.001000 -0.087000
v 0.027480 0.001000 -0.085000
v 0.026123 0.006106 -0.084194
v 0.027478 0.002000 -0.082000
v 0.026779 0.007712 -0.079500
v 0.026920 0.007875 -0.078732
v 0.027479 0.000500 -0.073500
v 0.027478 0.000500 -0.072500
v 0.027480 0.001500 -0.073500
v 0.027480 0.001500 -0.072500
v 0.027332 0.006500 -0.079500
v 0.027413 0.006500 -0.078500
v 0.027452 0.006500 -0.077500
v 0.027472 0.006500 -0.076500
v 0.027109 0.007212 -0.079500
v 0.027149 0.007525 -0.078439
v 0.027282 0.007500 -0.077500
v 0.027378 0.007500 -0.076500
v 0.027480 0.001000 -0.075000
v 0.027480 0.003000 -0.075000
v 0.027480 0.003000 -0.073000
v 0.027476 0.005000 -0.079000
v 0.027480 0.005000 -0.077000
v 0.027480 0.002000 -0.078000
v 0.027475 0.006000 -0.074000
v 0.024737 0.000500 -0.064248
v 0.024744 0.001500 -0.064243
v 0.024741 0.002500 -0.064247
v 0.024738 0.003500 -0.064251
v 0.024732 0.004500 -0.064255
v 0.024726 0.005500 -0.064260
v 0.024719 0.006500 -0.064266
v 0.024712 0.007500 -0.064271
v 0.025728 0.000500 -0.065359
v 0.025228 0.000500 -0.064748
v 0.025732 0.001500 -0.065354
v 0.025232 0.001500 -0.064743
v 0.025727 0.002500 -0.065359
v 0.025227 0.002500 -0.064747
v 0.025723 0.003500 -0.065364
v 0.025223 0.003500 -0.064751
v 0.025720 0.004500 -0.065370
v 0.025220 0.004500 -0.064755
v 0.025716 0.005500 -0.065378
v 0.025216 0.005500 -0.064760
v 0.025711 0.006500 -0.065385
v 0.025211 0.006500 -0.064766
v 0.025707 0.007500 -0.065392
v 0.025207 0.007500 -0.064771
v 0.026851 0.000500 -0.067391
v 0.026445 0.000500 -0.066500
v 0.026094 0.000500 -0.065859
v 0.026855 0.001500 -0.067388
v 0.026453 0.001500 -0.066500
v 0.026098 0.001500 -0.065854
v 0.026855 0.002500 -0.067392
v 0.026451 0.002500 -0.066500
v 0.026853 0.003500 -0.067397
v 0.026445 0.003500 -0.066500
v 0.026850 0.004500 -0.067405
v 0.026438 0.004500 -0.066500
v 0.026845 0.005500 -0.067413
v 0.026428 0.005500 -0.066500
v 0.026841 0.006500 -0.067422
v 0.026417 0.006500 -0.066500
v 0.026836 0.007500 -0.067431
v 0.026408 0.007500 -0.066500
v 0.027476 0.000500 -0.071500
v 0.027458 0.000500 -0.070500
v 0.027385 0.000500 -0.069500
v 0.027205 0.000500 -0.068500
v 0.027039 0.000500 -0.067891
v 0.027479 0.001500 -0.071500
v 0.027463 0.001500 -0.070500
v 0.027389 0.001500 -0.069500
v 0.027206 0.001500 -0.068500
v 0.027040 0.001500 -0.067888
v 0.027038 0.002500 -0.067892
v 0.027036 0.003500 -0.067897
v 0.027034 0.004500 -0.067905
v 0.027031 0.005500 -0.067913
v 0.027028 0.006500 -0.067922
v 0.027025 0.007500 -0.067931
v 0.027472 0.003000 -0.071000
v 0.027294 0.003000 -0.069000
v 0.026094 0.003000 -0.065862
v 0.027473 0.005000 -0.071000
v 0.027287 0.005000 -0.069000
v 0.026085 0.005000 -0.065874
v 0.027473 0.007000 -0.071000
v 0.027280 0.007000 -0.069000
v 0.026075 0.007000 -0.065889
v 0.024237 0.000500 -0.063807
v 0.024244 0.001500 -0.063802
v 0.024239 0.003000 -0.063805
v 0.024222 0.006000 -0.063819
v 0.024500 0.008151 -0.081317
v 0.024500 0.008525 -0.080500
v 0.025218 0.008086 -0.081181
v 0.025531 0.008251 -0.080531
v 0.026118 0.008097 -0.080218
v 0.024500 0.008875 -0.079703
v 0.024500 0.009085 -0.079203
v 0.024500 0.009368 -0.078500
v 0.024500 0.009752 -0.077500
v 0.024500 0.009968 -0.076908
v 0.024500 0.010140 -0.076408
v 0.024500 0.010446 -0.075500
v 0.024500 0.010766 -0.074500
v 0.024500 0.010960 -0.073858
v 0.024500 0.011099 -0.073358
v 0.024500 0.011330 -0.072500
v 0.025468 0.008742 -0.079460
v 0.025779 0.008904 -0.078770
v 0.025113 0.009042 -0.079100
v 0.025468 0.009153 -0.078462
v 0.025500 0.009505 -0.077500
v 0.025527 0.009843 -0.076538
v 0.025211 0.010079 -0.076230
v 0.025527 0.010195 -0.075507
v 0.025500 0.010526 -0.074500
v 0.025491 0.010827 -0.073514
v 0.025818 0.010925 -0.072737
v 0.025151 0.011053 -0.073190
v 0.025491 0.011128 -0.072442
v 0.026278 0.008251 -0.079500
v 0.026487 0.008464 -0.078418
v 0.026685 0.008626 -0.077500
v 0.026865 0.008805 -0.076500
v 0.026960 0.008930 -0.075828
v 0.026053 0.009040 -0.078104
v 0.026185 0.009152 -0.077500
v 0.026365 0.009331 -0.076500
v 0.026518 0.009497 -0.075503
v 0.026703 0.009649 -0.074500
v 0.026858 0.009801 -0.073500
v 0.026950 0.009918 -0.072736
v 0.026358 0.010315 -0.073500
v 0.026488 0.010470 -0.072403
v 0.026026 0.011019 -0.072070
v 0.027016 0.008025 -0.078066
v 0.027070 0.008126 -0.077500
v 0.027145 0.008305 -0.076500
v 0.027171 0.008558 -0.075497
v 0.027303 0.008500 -0.074500
v 0.027384 0.008500 -0.073500
v 0.027426 0.008500 -0.072500
v 0.027031 0.009048 -0.075161
v 0.027086 0.009149 -0.074500
v 0.027150 0.009301 -0.073500
v 0.027155 0.009551 -0.072441
v 0.027011 0.010016 -0.072069
v 0.025878 0.009946 -0.075845
v 0.026139 0.010111 -0.074839
v 0.024706 0.008500 -0.064277
v 0.024683 0.009500 -0.064300
v 0.024972 0.010939 -0.065037
v 0.024541 0.010615 -0.064449
v 0.024500 0.011586 -0.071500
v 0.024500 0.011821 -0.070500
v 0.024500 0.011965 -0.069785
v 0.024852 0.011886 -0.066313
v 0.024579 0.011593 -0.065382
v 0.024305 0.011301 -0.064684
v 0.024500 0.012057 -0.069285
v 0.024500 0.012163 -0.068500
v 0.024500 0.012218 -0.067500
v 0.024511 0.012154 -0.066588
v 0.025703 0.008500 -0.065398
v 0.025202 0.008500 -0.064777
v 0.025680 0.009500 -0.065436
v 0.025180 0.009500 -0.064800
v 0.025867 0.010699 -0.066260
v 0.025487 0.010486 -0.065509
v 0.025106 0.010272 -0.064880
v 0.025500 0.011364 -0.071500
v 0.025500 0.011580 -0.070500
v 0.025416 0.011772 -0.069446
v 0.025554 0.011735 -0.068500
v 0.025540 0.011638 -0.067500
v 0.025438 0.011464 -0.066620
v 0.025201 0.011219 -0.065703
v 0.025027 0.012012 -0.069078
v 0.025054 0.012027 -0.068500
v 0.025040 0.012022 -0.067500
v 0.025008 0.012006 -0.066979
v 0.026832 0.008500 -0.067440
v 0.026400 0.008500 -0.066500
v 0.026973 0.009780 -0.068137
v 0.026826 0.009468 -0.067578
v 0.026345 0.009500 -0.066500
v 0.026616 0.010578 -0.071500
v 0.026735 0.010664 -0.070500
v 0.026772 0.010655 -0.069500
v 0.026772 0.010446 -0.068483
v 0.026495 0.010500 -0.067500
v 0.026138 0.010419 -0.066556
v 0.026116 0.011089 -0.071500
v 0.026235 0.011191 -0.070500
v 0.026272 0.011245 -0.069500
v 0.026236 0.011235 -0.068500
v 0.026128 0.011138 -0.067500
v 0.026034 0.011042 -0.066927
v 0.027448 0.008500 -0.071500
v 0.027451 0.008500 -0.070500
v 0.027371 0.008500 -0.069500
v 0.027171 0.008500 -0.068500
v 0.027022 0.008500 -0.067940
v 0.027256 0.009500 -0.071500
v 0.027311 0.009500 -0.070500
v 0.027264 0.009500 -0.069500
v 0.027089 0.009468 -0.068483
v 0.027013 0.009114 -0.067963
v 0.027048 0.010078 -0.071500
v 0.027093 0.010164 -0.070500
v 0.027082 0.010155 -0.069500
v 0.027037 0.010077 -0.068804
v 0.024186 0.012108 -0.065728
v 0.026055 0.009000 -0.065917
v 0.026012 0.010032 -0.065981
v 0.024166 0.009430 -0.063864
vn -0.9990 0.0097 0.0442
vn -0.9873 0.1270 -0.0957
vn -0.9965 0.0839 0.0028
vn -0.9760 0.2176 -0.0012
vn -0.0661 0.9978 -0.0045
vn -0.0695 0.9976 -0.0051
vn -0.5855 0.0797 0.8067
vn -0.3124 -0.0055 0.9499
vn -0.0584 0.9983 -0.0046
vn -0.0588 0.9983 -0.0051
vn -0.9891 0.0432 -0.1410
vn -0.9975 -0.0462 -0.0542
vn -0.9858 -0.1174 -0.1198
vn -0.9989 -0.0425 -0.0183
vn -0.9999 -0.0132 -0.0032
vn -0.9980 -0.0115 -0.0629
vn -1.0000 0.0011 -0.0000
vn -1.0000 0.0005 -0.0004
vn -0.9959 0.0433 -0.0791
vn -1.0000 0.0016 -0.0001
vn -0.0404 -0.9282 -0.3698
vn -0.0426 -0.8990 -0.4359
vn -0.8707 -0.4204 -0.2553
vn -0.4120 -0.8786 -0.2415
vn -0.9605 -0.0987 -0.2603
vn -0.9698 -0.1709 -0.1741
vn -0.9757 -0.1843 -0.1182
vn -0.9934 -0.0922 -0.0688
vn -0.9701 -0.2372 -0.0507
vn -0.9953 -0.0726 -0.0649
vn -0.9487 -0.3102 0.0605
vn -0.9993 0.0079 -0.0369
vn -1.0000 0.0006 -0.0005
vn -1.0000 0.0006 -0.0004
vn -0.9999 -0.0060 0.0087
vn -0.9999 -0.0072 0.0144
vn -0.9999 -0.0071 0.0148
vn -0.9939 -0.1064 -0.0275
vn -0.9998 -0.0166 -0.0096
vn -0.5523 -0.8059 0.2132
vn -0.4588 -0.8714 0.1739
vn -0.8512 -0.5153 0.0991
vn -0.5108 -0.8561 0.0786
vn -0.7028 -0.7099 0.0451
vn -0.9320 -0.3466 -0.1063
vn -0.9999 -0.0155 -0.0045
vn -0.9998 -0.0137 -0.0139
vn -0.9998 -0.0140 -0.0156
vn -1.0000 0.0021 -0.0032
vn -1.0000 0.0014 0.0002
vn -1.0000 0.0015 0.0005
vn -0.5280 -0.8239 -0.2062
vn -0.5279 -0.8487 -0.0331
vn -0.6762 -0.7366 -0.0135
vn -0.5138 -0.8475 -0.1336
vn -0.7827 -0.6184 -0.0699
vn -0.9995 -0.0185 -0.0273
vn -0.9685 -0.0723 0.2381
vn -1.0000 -0.0010 0.0010
vn -0.9807 -0.1293 0.1469
vn -0.9972 -0.0192 0.0720
vn -0.9828 -0.1458 0.1133
vn -0.9975 -0.0687 0.0183
vn -0.9033 -0.4064 0.1374
vn -0.9441 -0.2802 0.1736
vn -0.9350 -0.3393 -0.1031
vn -0.9750 -0.2148 -0.0564
vn -0.9625 -0.2702 0.0246
vn -0.9974 -0.0713 0.0029
vn -0.9980 -0.0575 -0.0248
vn -0.9994 -0.0154 -0.0297
vn -1.0000 0.0002 0.0004
vn -0.8525 -0.4724 -0.2239
vn -0.9134 -0.3890 0.1198
vn -0.9016 -0.4063 -0.1485
vn -0.8842 -0.4143 -0.2156
vn -0.9207 -0.3863 0.0552
vn -0.9223 -0.3860 0.0179
vn -0.9100 -0.4119 -0.0470
vn -0.9094 -0.4131 -0.0476
vn -0.5504 -0.8324 -0.0641
vn -0.9956 -0.0885 -0.0294
vn -0.9346 -0.2945 -0.1993
vn -0.9781 -0.2049 0.0375
vn -0.9470 -0.2743 -0.1675
vn -0.9971 -0.0624 -0.0440
vn -0.9680 -0.1916 -0.1622
vn -0.9988 -0.0466 -0.0141
vn -0.9995 0.0063 -0.0316
vn -1.0000 -0.0003 0.0014
vn -0.9994 -0.0239 0.0237
vn -0.9999 -0.0134 0.0028
vn -1.0000 0.0001 0.0001
vn -0.7012 -0.5593 -0.4421
vn -0.8787 -0.4336 -0.1998
vn -0.8083 -0.4910 -0.3248
vn -0.8040 -0.5620 -0.1942
vn -0.9993 0.0361 0.0117
vn -0.9999 -0.0108 0.0042
vn -0.9975 -0.0667 0.0250
vn -0.0230 -0.9970 0.0742
vn -0.0006 -0.9946 0.1039
vn -0.0000 -0.9946 0.1038
vn -0.0016 -0.9946 0.1040
vn 0.0013 -0.9946 0.1040
vn -0.0320 -0.9984 -0.0460
vn -0.0208 -0.9946 -0.1013
vn -0.0242 -0.9927 -0.1182
vn 0.0002 -0.9988 -0.0494
vn -0.0041 -0.3291 0.9443
vn -0.0003 -0.9998 -0.0205
vn 0.0001 -0.9988 -0.0494
vn -0.0000 -0.9988 -0.0494
vn -0.0000 -0.3371 0.9415
vn -0.0000 -0.9988 -0.0491
vn -0.0000 -0.3347 0.9423
vn -0.0001 -0.9998 -0.0200
vn 0.0001 -0.9988 -0.0490
vn -0.0022 -0.3457 0.9383
vn 0.0008 -0.0080 -1.0000
vn 0.0002 -0.0050 -1.0000
vn 0.0006 -0.0030 -1.0000
vn -0.0086 0.9999 -0.0051
vn -0.0030 -0.0637 -0.9980
vn -0.0010 0.0557 -0.9984
vn 0.0003 0.9661 -0.2580
vn 0.0041 1.0000 -0.0082
vn 0.0025 1.0000 -0.0058
vn -0.0000 -0.0643 -0.9979
vn -0.0000 0.0559 -0.9984
vn 0.0010 -0.0641 -0.9979
vn -0.0010 0.0561 -0.9984
vn -0.0124 0.9628 -0.2699
vn -0.0325 0.9990 -0.0320
vn -0.0503 0.9981 -0.0347
vn -0.0000 -0.0647 -0.9979
vn 0.0010 0.0557 -0.9984
vn -0.0280 0.9381 -0.3454
vn -0.0954 0.9846 -0.1464
vn -0.1333 0.9880 -0.0786
vn 0.0030 0.0561 -0.9984
vn -0.0165 0.8926 -0.4505
vn -0.1106 0.9468 -0.3023
vn -0.1911 0.9700 -0.1502
vn -0.0637 -0.1147 0.9914
vn -0.0591 -0.1330 0.9894
vn -0.0598 -0.1378 0.9887
vn -0.1996 -0.2399 0.9501
vn -0.1014 0.9948 -0.0095
vn -0.0031 -0.1871 0.9823
vn -0.1156 -0.2196 0.9687
vn -0.0476 -0.2339 0.9711
vn -0.2746 -0.1053 0.9558
vn -0.1780 0.9827 -0.0511
vn -0.2292 0.9284 0.2924
vn -0.2953 0.8135 0.5010
vn -0.2726 0.9608 0.0510
vn -0.0243 -0.2727 0.9618
vn -0.4143 0.9018 0.1226
vn -0.5468 0.8245 0.1456
vn -0.0046 -0.2185 0.9758
vn -0.0805 -0.2840 0.9554
vn -0.0723 -0.3053 0.9495
vn -0.4198 -0.1760 0.8904
vn -0.4735 0.8808 -0.0060
vn -0.1118 -0.7803 -0.6154
vn -0.1137 -0.7557 -0.6450
vn -0.1432 -0.8192 -0.5553
vn -0.1519 -0.9343 -0.3224
vn -0.1435 -0.8255 -0.5459
vn -0.0601 -0.7654 -0.6407
vn -0.0266 -0.7885 -0.6145
vn -0.0260 -0.7704 -0.6371
vn -0.0135 -0.8374 -0.5464
vn -0.0106 -0.8535 -0.5210
vn 0.3413 -0.8001 -0.4933
vn 0.3714 -0.6780 -0.6344
vn 0.9997 0.0240 -0.0087
vn 0.4599 -0.8256 -0.3269
vn 0.9997 0.0238 0.0097
vn 0.0035 -0.9810 -0.1941
vn 0.0014 -0.9977 -0.0678
vn 0.0001 -0.9465 -0.3228
vn 0.0061 -0.9746 -0.2238
vn -0.0021 -0.8835 -0.4684
vn -0.0102 -0.8733 -0.4871
vn 0.0057 -0.9831 -0.1831
vn 0.0233 -0.9978 -0.0618
vn 0.0247 -0.9478 -0.3178
vn 0.0016 -0.9707 -0.2403
vn 0.0210 -0.8866 -0.4620
vn 0.3034 -0.9094 -0.2844
vn 0.4941 -0.6825 -0.5386
vn 1.0000 0.0009 0.0001
vn 1.0000 0.0077 0.0002
vn 1.0000 0.0077 -0.0000
vn 1.0000 0.0017 0.0002
vn 1.0000 0.0031 0.0004
vn 1.0000 0.0001 0.0064
vn -0.1448 -0.9693 -0.1988
vn 0.0033 -0.9826 -0.1859
vn -0.0051 -0.9946 -0.1039
vn -0.0132 -0.9981 -0.0609
vn -0.0107 -0.9991 -0.0402
vn -0.0675 -0.9962 -0.0549
vn -0.0154 -0.9999 -0.0068
vn -0.0014 -0.8043 -0.5942
vn -0.0150 -0.8529 -0.5218
vn -0.0168 -0.8414 -0.5401
vn -0.0708 -0.9033 -0.4232
vn -0.1269 -0.9341 -0.3336
vn -0.0712 -0.9070 -0.4151
vn -0.0188 -0.9654 -0.2602
vn 0.0016 -0.9121 -0.4099
vn 0.0015 -0.8676 -0.4973
vn -0.0001 -0.9122 -0.4097
vn -0.0001 -0.8677 -0.4972
vn -0.0472 -0.9815 0.1856
vn -0.0509 -0.9957 0.0780
vn -0.0008 -0.8165 -0.5773
vn -0.0038 -0.9762 0.2167
vn -0.0000 -0.8153 -0.5790
vn 0.0008 -0.9761 0.2172
vn -0.0001 -0.8156 -0.5786
vn -0.0003 -0.9761 0.2174
vn -0.0000 -0.8156 -0.5787
vn 0.0006 -0.9762 0.2170
vn -0.0466 -0.9374 -0.3451
vn -0.0528 -0.9979 -0.0362
vn -0.0509 -0.9879 -0.1467
vn -0.0489 -0.9674 -0.2484
vn -0.0529 -0.9588 -0.2791
vn 0.0002 -0.9454 0.3260
vn -0.0114 -0.9600 0.2799
vn -0.0113 -0.9605 0.2782
vn -0.0854 -0.9800 0.1799
vn -0.0133 -0.9370 -0.3490
vn -0.0071 -0.9452 0.3264
vn 0.0001 -0.9360 -0.3521
vn 0.0015 -0.9442 0.3292
vn -0.0007 -0.9361 -0.3518
vn 0.0007 -0.9448 0.3278
vn -0.0011 -0.9361 -0.3516
vn 0.0023 -0.9406 0.3394
vn -0.1496 -0.9887 0.0003
vn -0.2728 -0.9557 -0.1109
vn -0.0080 -0.9993 -0.0356
vn 0.0207 -0.9400 -0.3406
vn 0.0003 -0.9931 -0.1174
vn -0.0009 -0.9757 -0.2191
vn -0.0026 -0.9661 -0.2582
vn 0.2244 -0.9700 -0.0941
vn 0.1959 -0.9764 0.0905
vn 0.3298 -0.6743 -0.6607
vn 0.9438 0.0026 0.3306
vn 0.4226 -0.9063 -0.0094
vn 0.8986 -0.0004 0.4388
vn 0.9112 -0.0039 0.4119
vn 0.2614 -0.9555 0.1366
vn 0.8415 0.0012 0.5402
vn 0.2840 -0.9524 0.1104
vn 0.4548 -0.7148 0.5312
vn 0.8202 -0.0014 0.5721
vn -0.0284 -0.9023 -0.4301
vn 0.2358 -0.9306 -0.2800
vn 0.2706 -0.8561 -0.4404
vn 0.6437 -0.7652 0.0115
vn 0.9992 -0.0142 0.0363
vn 1.0000 -0.0068 -0.0005
vn 0.9992 0.0007 0.0395
vn 0.9920 0.0031 0.1261
vn 0.9987 -0.0244 0.0445
vn 0.9987 0.0009 0.0513
vn 0.9696 0.0054 0.2447
vn 0.9621 0.0029 0.2726
vn 0.9576 0.0030 0.2881
vn 0.9758 0.0038 0.2185
vn 0.9864 0.1442 0.0793
vn 0.9866 0.0777 0.1435
vn 0.9989 0.0175 0.0424
vn 0.9888 0.1081 0.1028
vn 0.9866 0.1113 0.1194
vn 0.9974 0.0689 0.0189
vn 0.9690 0.2374 0.0682
vn 0.9752 0.2122 0.0636
vn 1.0000 -0.0053 -0.0050
vn 0.9974 0.0194 0.0691
vn 0.9735 0.1869 0.1317
vn 0.9672 0.1542 0.2019
vn 0.9990 0.0430 -0.0146
vn 0.9735 0.1329 0.1860
vn 0.9668 0.2044 0.1531
vn 0.9892 0.1001 0.1067
vn 0.9865 0.1204 0.1105
vn 0.9685 0.0678 0.2397
vn 0.9746 0.0634 0.2150
vn -0.0001 -0.9946 0.1036
vn 0.0002 -0.9946 0.1036
vn -0.0002 -0.9946 0.1037
vn -0.0003 -0.9946 0.1037
vn -0.0001 -0.9988 -0.0490
vn -0.0003 -0.3530 0.9356
vn -0.0000 -0.9998 -0.0205
vn 0.0001 -0.9988 -0.0489
vn -0.0044 -0.3646 0.9311
vn -0.0001 -0.9988 -0.0489
vn -0.0001 -0.3834 0.9236
vn -0.0003 -0.9998 -0.0206
vn 0.0003 -0.9988 -0.0488
vn -0.0025 -0.3979 0.9174
vn -0.2720 0.9342 -0.2310
vn -0.0010 0.0577 -0.9983
vn -0.0102 0.8394 -0.5434
vn -0.1146 0.8872 -0.4469
vn -0.1854 0.9531 -0.2393
vn -0.0070 0.0565 -0.9984
vn -0.3082 0.9099 -0.2778
vn -0.0269 0.0605 -0.9978
vn -0.0587 0.7812 -0.6215
vn -0.1394 0.8137 -0.5644
vn -0.1849 0.8215 -0.5394
vn -0.1853 0.8431 -0.5048
vn -0.0450 -0.0006 -0.9990
vn -0.1719 0.7706 -0.6137
vn -0.2376 0.7417 -0.6272
vn -0.0250 0.0034 -0.9997
vn -0.0010 -0.0649 -0.9979
vn -0.0060 -0.0004 -1.0000
vn -0.2582 0.7194 -0.6448
vn -0.3478 0.9277 -0.1357
vn -0.0050 -0.2551 0.9669
vn -0.0610 -0.3323 0.9412
vn -0.0478 -0.3108 0.9493
vn -0.0613 -0.3950 0.9166
vn -0.0819 -0.4649 0.8816
vn -0.1468 -0.4022 0.9037
vn -0.1807 -0.5509 0.8148
vn -0.1141 -0.4608 0.8801
vn -0.3303 0.7734 -0.5410
vn -0.3686 0.7734 -0.5157
vn -0.3679 0.7920 -0.4872
vn -0.4035 0.8965 -0.1830
vn -0.5233 0.8425 -0.1278
vn -0.5390 0.8326 -0.1275
vn -0.4005 0.8771 -0.2653
vn -0.6190 0.7620 -0.1902
vn -0.4129 0.8298 -0.3754
vn -0.6359 0.7498 -0.1828
vn -0.6337 0.7530 -0.1774
vn -0.5980 0.7876 -0.1483
vn -0.4474 0.8132 -0.3723
vn -0.6804 0.6952 -0.2316
vn -0.5581 0.7177 -0.4165
vn -0.5589 0.7224 -0.4071
vn -0.5217 0.6811 -0.5137
vn -0.4919 0.6991 -0.5189
vn -0.5543 0.6943 -0.4591
vn -0.5828 0.6956 -0.4201
vn -0.3576 -0.4419 0.8227
vn -0.1739 -0.6099 0.7731
vn -0.7686 0.6244 -0.1393
vn -0.8402 0.5018 0.2058
vn -0.7810 0.6088 -0.1397
vn -0.8234 0.5361 0.1860
vn -0.2114 -0.6203 0.7553
vn -0.2119 -0.6573 0.7232
vn -0.8826 0.4433 0.1568
vn -0.8926 0.4258 0.1485
vn -0.9112 0.3974 0.1083
vn -0.9316 0.3466 0.1092
vn -0.2428 -0.7223 0.6476
vn -0.2812 -0.7821 0.5561
vn -0.5086 -0.7254 0.4638
vn -0.3892 -0.7609 0.5191
vn -0.8344 0.5048 -0.2214
vn -0.8923 0.4388 0.1063
vn -0.8191 0.5291 -0.2218
vn -0.9423 0.3200 0.0989
vn -0.9269 0.3738 -0.0349
vn -0.9393 0.3412 -0.0359
vn -0.1298 -0.9114 -0.3904
vn -0.1361 -0.8217 -0.5534
vn -0.1245 -0.9259 -0.3567
vn -0.2946 -0.8602 -0.4163
vn -0.1496 -0.9389 -0.3101
vn -0.2094 -0.9223 -0.3248
vn -0.1066 -0.9807 -0.1641
vn -0.2332 -0.9185 -0.3194
vn -0.2085 -0.9570 -0.2018
vn -0.1174 -0.9570 -0.2653
vn -0.3705 -0.9144 -0.1633
vn -0.2149 -0.9560 -0.1996
vn -0.3501 -0.9365 -0.0203
vn -0.3065 -0.9349 -0.1786
vn -0.3068 -0.9516 -0.0209
vn -0.2109 -0.9604 -0.1821
vn -0.0389 -0.9543 -0.2964
vn -0.0000 -1.0000 0.0013
vn -0.0087 -0.9850 -0.1723
vn 0.0003 -1.0000 0.0003
vn -0.0013 -1.0000 0.0044
vn -0.0005 -1.0000 0.0001
vn -0.0238 -0.9997 0.0075
vn -0.0019 -1.0000 0.0031
vn 0.0001 -0.9996 -0.0291
vn 0.0001 -1.0000 0.0035
vn -0.0000 -0.8676 -0.4972
vn 0.0002 -0.9122 -0.4097
vn 0.0002 -0.8676 -0.4973
vn 0.0002 -0.8155 -0.5787
vn 0.0003 -0.9762 0.2170
vn -0.0009 -0.8152 -0.5791
vn 0.0026 -0.9761 0.2172
vn -0.0000 -0.8154 -0.5789
vn -0.0001 -0.9761 0.2173
vn 0.0006 -0.8154 -0.5789
vn -0.0011 -0.9761 0.2175
vn -0.0000 -0.9359 -0.3522
vn 0.0046 -0.9290 0.3701
vn 0.3125 -0.6205 0.7192
vn 0.5001 -0.6789 0.5375
vn 0.6817 0.0065 0.7316
vn 0.6260 0.0040 0.7798
vn 0.0004 -0.9354 -0.3536
vn 0.0015 -0.9120 0.4102
vn 0.5516 -0.3049 0.7764
vn 0.6153 0.0045 0.7882
vn 0.4598 -0.3720 0.8064
vn 0.5192 -0.0091 0.8546
vn 0.5119 0.0082 0.8590
vn -0.0004 -0.9349 -0.3549
vn 0.0067 -0.8879 0.4600
vn 0.4271 -0.3721 0.8241
vn 0.4689 0.0008 0.8833
vn 0.0556 -0.8479 0.5273
vn 0.0480 -0.6695 0.7413
vn 0.4411 -0.0017 0.8975
vn -0.0003 -0.9347 -0.3554
vn 0.3628 0.0071 0.9318
vn 0.7361 0.0068 0.6768
vn 0.7198 0.0026 0.6942
vn 0.7623 0.0121 0.6472
vn -0.0002 -0.9946 0.1036
vn 0.0004 -0.9946 0.1036
vn -0.0000 -0.9946 0.1036
vn -0.0002 -0.9988 -0.0486
vn 0.0004 -0.4058 0.9139
vn 0.0001 -0.9998 -0.0205
vn 0.0001 -0.9988 -0.0486
vn -0.0000 -0.9988 -0.0485
vn -0.0001 -0.4064 0.9137
vn 0.0001 -0.9988 -0.0484
vn 0.0001 -0.4066 0.9136
vn -0.0001 -0.9998 -0.0207
vn -0.0000 -0.9988 -0.0484
vn 0.0001 -0.4068 0.9135
vn -0.0313 0.1569 -0.9871
vn -0.1973 0.2443 -0.9494
vn -0.0050 0.0057 -1.0000
vn -0.0030 0.1551 -0.9879
vn 0.0010 0.1557 -0.9878
vn -0.0000 0.0043 -1.0000
vn 0.0010 0.1570 -0.9876
vn -0.0162 -0.3450 0.9385
vn -0.0001 -0.3456 0.9384
vn -0.0000 -0.3468 0.9379
vn -0.0077 -0.5166 0.8562
vn 0.0001 -0.5170 0.8560
vn -0.2963 0.6478 -0.7018
vn -0.3264 0.7197 -0.6128
vn -0.3493 0.6327 -0.6912
vn -0.3493 0.6347 -0.6893
vn -0.4219 0.6202 -0.6613
vn -0.4219 0.6249 -0.6568
vn -0.0013 0.6024 -0.7982
vn -0.0032 0.6354 -0.7722
vn -0.0072 0.6468 -0.7626
vn -0.0074 0.6568 -0.7540
vn -0.0044 0.6644 -0.7474
vn -0.0160 0.6804 -0.7327
vn -0.0161 0.6902 -0.7235
vn 0.0001 0.5947 -0.8039
vn 0.0002 0.5948 -0.8039
vn -0.7815 0.5604 -0.2743
vn -0.4745 0.6320 -0.6127
vn -0.4745 0.6396 -0.6048
vn -0.0095 0.7099 -0.7042
vn -0.0116 0.7151 -0.6989
vn -0.0115 0.7299 -0.6834
vn -0.0093 0.7353 -0.6777
vn -0.2088 -0.7451 0.6334
vn -0.2120 -0.7702 0.6015
vn 0.0001 -0.6921 0.7218
vn 0.0001 -0.7419 0.6705
vn -0.0001 -0.8698 0.4934
vn -0.3044 -0.9096 0.2827
vn -0.3250 -0.9319 0.1612
vn -0.3004 -0.9517 0.0642
vn -0.2275 -0.8653 0.4467
vn -0.2178 -0.9133 0.3440
vn -0.2738 -0.8998 0.3396
vn -0.0572 -0.9122 0.4058
vn -0.0001 -0.9121 0.4100
vn -0.2561 -0.9623 -0.0910
vn 0.0001 -1.0000 0.0053
vn -0.1299 -0.9906 -0.0420
vn 0.0003 -1.0000 0.0050
vn -0.0089 -0.9997 -0.0245
vn -0.0000 -1.0000 0.0050
vn -0.0006 -0.9999 0.0104
vn 0.0001 -1.0000 0.0050
vn -0.0008 -0.9990 0.0442
vn 0.0001 -1.0000 0.0037
vn -0.0012 -0.9996 -0.0296
vn 0.0140 -0.9996 -0.0255
vn -0.0004 -0.9122 -0.4097
vn -0.0004 -0.8676 -0.4972
vn 0.2692 -0.9426 -0.1974
vn 0.1462 -0.8982 -0.4145
vn 0.1138 -0.3874 -0.9149
vn 0.2527 -0.9045 -0.3435
vn 0.9006 -0.0808 0.4270
vn 0.0001 -0.8155 -0.5787
vn -0.0020 -0.9761 0.2171
vn -0.0023 -0.8171 -0.5765
vn 0.0623 -0.9740 0.2179
vn 0.2108 -0.9687 0.1308
vn 0.5009 -0.8607 0.0907
vn 0.3486 -0.8161 -0.4610
vn 0.9823 -0.1031 0.1567
vn 0.9942 -0.0505 0.0953
vn 0.9992 -0.0311 0.0243
vn 0.9567 -0.1085 0.2700
vn 0.9411 -0.0536 0.3338
vn 0.9228 -0.0639 0.3801
vn 0.1795 -0.9477 -0.2639
vn 0.2124 -0.9322 -0.2929
vn 0.2447 -0.8581 -0.4514
vn 0.5234 -0.8516 -0.0291
vn 0.5077 -0.8485 -0.1497
vn 0.9999 -0.0167 -0.0034
vn 0.9998 -0.0146 -0.0140
vn 0.9998 -0.0150 -0.0161
vn 1.0000 0.0027 -0.0032
vn 1.0000 0.0020 0.0002
vn 1.0000 0.0022 0.0012
vn 0.9999 -0.0068 0.0075
vn 0.3162 0.0108 0.9486
vn 0.0005 -0.9350 -0.3546
vn 0.2542 -0.0011 0.9672
vn 0.2818 0.0022 0.9595
vn 0.0893 -0.9373 -0.3370
vn 0.1790 0.0048 0.9838
vn 0.1904 0.0040 0.9817
vn 0.1920 0.0312 0.9809
vn 0.9985 0.0005 0.0544
vn 0.9749 0.0014 0.2228
vn 0.9999 0.0109 0.0107
vn 0.9757 0.0245 0.2175
vn -0.9989 -0.0428 0.0189
vn -0.9858 -0.1177 0.1201
vn -0.9999 -0.0136 0.0032
vn -1.0000 -0.0000 0.0005
vn -0.9995 0.0303 0.0090
vn -0.9708 0.0048 0.2400
vn -0.9994 0.0231 0.0238
vn -0.9926 -0.0630 0.1040
vn -0.9958 -0.0660 0.0632
vn -0.9826 -0.1838 -0.0276
vn -0.9949 -0.0468 0.0895
vn -0.9966 0.0637 -0.0515
vn -0.9998 -0.0013 -0.0222
vn -0.9989 0.0465 0.0062
vn -0.9957 -0.0908 -0.0201
vn -0.9982 -0.0597 0.0095
vn -0.9983 -0.0583 0.0062
vn -0.9732 -0.0634 0.2211
vn -0.9761 -0.0855 0.1996
vn -1.0000 -0.0005 -0.0018
vn -0.9857 -0.1199 0.1182
vn -1.0000 -0.0005 -0.0001
vn -0.9989 -0.0177 0.0433
vn 0.0013 -0.9975 0.0702
vn 0.0046 -0.9815 0.1916
vn 0.0075 -0.9746 0.2238
vn -0.0018 -0.9408 0.3391
vn -0.0468 -0.8914 0.4507
vn 0.0232 -0.9977 0.0633
vn 0.0053 -0.9831 0.1831
vn 0.0009 -0.9692 0.2462
vn 0.0237 -0.9478 0.3180
vn 0.9987 -0.0473 0.0198
vn 1.0000 0.0012 0.0001
vn 1.0000 -0.0000 0.0003
vn 1.0000 0.0071 -0.0021
vn 1.0000 0.0075 -0.0002
vn 1.0000 0.0091 -0.0000
vn 0.9999 0.0079 0.0063
vn 0.9975 0.0202 0.0678
vn -0.1910 -0.7587 0.6229
vn -0.1991 -0.7398 0.6427
vn -0.1321 -0.6866 0.7149
vn -0.0618 -0.6498 0.7576
vn 0.9999 0.0074 0.0069
vn 1.0000 0.0028 0.0060
vn 0.9998 0.0104 -0.0169
vn 0.9996 -0.0111 -0.0249
vn 0.9949 0.0714 -0.0714
vn 0.9999 0.0147 -0.0082
vn 0.9950 0.0701 -0.0716
vn 0.9894 0.1285 -0.0670
vn 0.9990 -0.0151 -0.0431
vn 1.0000 -0.0053 0.0057
vn 0.9791 0.1582 -0.1279
vn 0.9974 0.0688 -0.0190
vn 0.9737 0.1857 -0.1321
vn 0.9975 0.0192 -0.0687
vn 0.9737 0.1328 -0.1853
vn 0.9790 0.1282 -0.1584
vn -0.0013 -0.4611 0.8874
vn -0.0004 -0.3256 0.9455
vn 0.0079 -0.2247 0.9744
vn 0.0050 -0.1919 0.9814
vn 0.0012 -0.0647 0.9979
vn -0.0087 -0.4852 0.8743
vn 0.0186 -0.4599 0.8878
vn 0.0243 -0.3146 0.9489
vn 0.0012 -0.2453 0.9695
vn 0.0054 -0.1833 0.9830
vn 0.0231 -0.0584 0.9980
vn 0.9996 -0.0048 -0.0270
vn 0.9997 0.0053 0.0234
vn 0.9978 -0.0657 -0.0115
vn 1.0000 -0.0029 -0.0025
vn 1.0000 -0.0063 0.0003
vn 0.9990 0.0435 0.0068
vn 1.0000 -0.0001 -0.0009
vn 0.9999 -0.0038 -0.0165
vn 1.0000 -0.0005 0.0002
vn 0.9998 -0.0045 0.0168
vn 0.9811 0.0366 -0.1900
vn 1.0000 0.0005 -0.0002
vn 0.9824 -0.1341 0.1303
vn 0.9725 0.0240 -0.2316
vn 1.0000 0.0032 -0.0033
vn 0.9987 -0.0187 0.0478
vn -0.9659 -0.0976 -0.2397
vn -0.9701 0.0003 -0.2429
vn -0.9298 -0.0042 -0.3682
vn -0.9308 -0.0026 -0.3654
vn -0.9321 -0.0030 -0.3623
vn -0.8088 -0.0051 -0.5880
vn -0.8083 -0.0011 -0.5887
vn -0.8063 -0.0046 -0.5915
vn -0.8071 -0.0021 -0.5904
vn -0.8072 -0.0023 -0.5902
vn -0.9969 -0.0751 -0.0240
vn -0.9964 -0.0216 -0.0819
vn -0.9999 -0.0078 -0.0130
vn -0.9999 -0.0066 -0.0143
vn -0.9971 -0.0010 -0.0759
vn -1.0000 -0.0015 -0.0004
vn -1.0000 -0.0000 -0.0000
vn -1.0000 -0.0001 -0.0004
vn -1.0000 -0.0001 -0.0000
vn -1.0000 -0.0013 -0.0042
vn -1.0000 -0.0006 -0.0007
vn -1.0000 -0.0003 0.0001
vn -1.0000 -0.0001 -0.0005
vn -1.0000 -0.0001 -0.0002
vn -1.0000 0.0014 -0.0000
vn -0.9960 0.0820 0.0360
vn -0.9999 -0.0117 0.0043
vn -0.9978 0.0088 0.0659
vn -0.9983 0.0578 -0.0096
vn -0.9978 -0.0630 0.0191
vn -0.9982 0.0382 -0.0458
vn -0.9991 -0.0429 0.0035
vn -0.9306 -0.0026 -0.3659
vn -0.8938 0.0063 -0.4485
vn -0.8923 -0.0115 -0.4513
vn -0.9085 0.0988 -0.4060
vn -0.5620 0.7769 -0.2838
vn -0.8098 -0.0058 -0.5867
vn -0.8230 0.0348 -0.5669
vn -0.8512 0.0118 -0.5247
vn -0.8479 -0.0174 -0.5298
vn -0.9821 0.0891 -0.1661
vn -0.9997 0.0109 -0.0228
vn -1.0000 0.0027 0.0018
vn -0.9719 0.2306 0.0474
vn -1.0000 0.0020 -0.0000
vn -0.9999 0.0041 0.0166
vn -0.9959 -0.0104 0.0894
vn -0.9999 -0.0135 0.0107
vn -1.0000 0.0004 0.0001
vn -0.9980 -0.0188 0.0600
vn -0.9978 0.0254 -0.0620
vn -0.9998 -0.0105 -0.0173
vn -0.9995 -0.0239 -0.0225
vn -1.0000 -0.0001 -0.0003
vn -0.9992 0.0381 0.0101
vn -0.9998 0.0155 0.0105
vn -0.9550 0.2963 0.0110
vn -0.7403 0.6675 0.0796
vn -0.6926 0.7188 0.0594
vn -0.9923 0.0933 -0.0818
vn -0.9815 0.0751 -0.1761
vn -0.9941 0.0586 -0.0912
vn -1.0000 -0.0015 -0.0037
vn -1.0000 -0.0007 0.0006
vn -0.9782 0.1948 -0.0718
vn -0.9748 0.0932 -0.2029
vn -0.9999 0.0121 -0.0037
vn -0.9627 0.2519 -0.0983
vn -0.9731 0.2039 -0.1070
vn -0.9976 0.0245 -0.0653
vn -0.9993 0.0343 -0.0167
vn -0.9995 0.0314 -0.0023
vn -1.0000 -0.0000 -0.0009
vn -0.9996 0.0274 -0.0015
vn -0.9996 0.0276 -0.0006
vn -0.9996 0.0276 -0.0008
vn -0.9996 0.0274 -0.0012
vn -0.9996 0.0274 -0.0013
vn -0.9996 0.0274 -0.0014
vn -1.0000 0.0001 0.0009
vn -0.9997 0.0251 -0.0013
vn -0.9998 0.0216 -0.0014
vn -0.9998 0.0215 -0.0013
vn -0.9999 0.0086 0.0094
vn -0.9997 0.0113 0.0229
vn -0.9996 0.0201 -0.0208
vn -0.9999 0.0009 0.0137
vn -0.9717 0.2308 0.0502
vn -1.0000 0.0036 0.0049
vn -0.9982 0.0367 0.0472
vn -0.9574 0.1689 0.2341
vn -0.7004 0.4532 0.5515
vn -0.7146 0.6973 0.0558
vn -0.9858 0.1133 0.1238
vn -0.9951 0.0969 0.0204
vn -0.9904 0.1352 0.0305
vn -0.4851 0.8519 0.1972
vn -0.3346 0.9372 0.0988
vn -0.2324 0.9702 0.0689
vn -0.1208 0.9896 0.0776
vn -0.5246 0.1468 -0.8386
vn -0.4697 0.1305 -0.8731
vn -0.5132 0.1602 -0.8432
vn -0.5059 0.1584 -0.8479
vn -0.7874 -0.0098 -0.6164
vn -0.7898 -0.0019 -0.6134
vn -0.7922 -0.0034 -0.6103
vn -0.7907 -0.0002 -0.6122
vn -0.7905 -0.0005 -0.6124
vn -0.6141 -0.0084 -0.7892
vn -0.6079 -0.0061 -0.7940
vn -0.6079 -0.0011 -0.7940
vn -0.6036 -0.0053 -0.7973
vn -0.5990 0.0172 -0.8006
vn -0.5673 0.0287 -0.8230
vn -0.5712 0.0784 -0.8170
vn -0.5479 0.0275 -0.8361
vn -0.4414 0.1168 -0.8897
vn -0.4812 0.0733 -0.8735
vn -0.4038 0.0052 -0.9148
vn -0.4287 -0.0002 -0.9034
vn 0.8283 -0.1438 0.5415
vn 0.7975 -0.1328 0.5885
vn 0.9982 -0.0227 0.0556
vn 0.9856 -0.0459 0.1627
vn 0.9997 -0.0108 0.0215
vn 0.9919 -0.0388 0.1207
vn 0.9543 -0.0484 0.2950
vn 0.9712 -0.0278 0.2368
vn 0.9483 -0.0996 0.3013
vn 0.9999 -0.0086 0.0138
vn 0.9950 -0.0704 0.0706
vn 0.9948 -0.0717 0.0721
vn 0.9893 -0.0654 0.1303
vn 0.9788 -0.1262 0.1612
vn 0.9988 -0.0462 0.0175
vn 0.9738 -0.1356 0.1827
vn 0.9971 -0.0245 0.0716
vn 0.9737 -0.1871 0.1298
vn 0.9973 -0.0702 0.0226
vn 0.9792 -0.1580 0.1275
vn -0.3624 0.0277 -0.9316
vn -0.5102 0.0620 -0.8578
vn -0.2862 0.0614 -0.9562
vn -0.2606 0.4783 -0.8386
vn -0.7968 -0.0121 -0.6041
vn -0.7945 -0.0072 -0.6072
vn -0.7954 -0.0053 -0.6060
vn -0.0027 0.9745 -0.2244
vn -0.0018 0.9763 -0.2164
vn -0.6047 -0.0078 -0.7964
vn -0.5976 0.0047 -0.8018
vn -0.0028 0.9777 -0.2101
vn -0.5075 -0.0254 -0.8613
vn -0.5647 0.0557 -0.8234
vn -0.0027 0.9762 -0.2167
vn -0.4287 -0.0196 -0.9032
vn -0.0324 0.9673 -0.2515
vn 0.0003 0.9782 -0.2078
vn -0.0020 0.9763 -0.2165
vn 0.0013 0.9774 -0.2113
vn -0.1697 0.6250 -0.7620
vn 0.0006 0.9778 -0.2094
vn -0.0091 0.9655 -0.2602
vn -0.0049 0.9531 -0.3027
vn -0.0095 0.9422 -0.3349
vn 0.0019 0.9654 -0.2608
vn -0.0149 0.9669 -0.2547
vn 0.8003 -0.2684 0.5362
vn 0.9561 -0.1384 0.2583
vn 0.9506 -0.1856 0.2489
vn 0.9742 -0.1076 0.1985
vn 0.9367 -0.1839 0.2978
vn 0.9633 -0.1298 0.2348
vn 0.8994 -0.2588 0.3523
vn 0.9152 -0.2478 0.3179
vn 0.8460 -0.3151 0.4302
vn 0.0004 0.9966 0.0829
vn -0.0000 0.9966 0.0822
vn 0.0002 0.9968 0.0804
vn 0.0208 0.9932 0.1147
vn 0.0394 0.9957 0.0833
vn 0.0359 0.9965 0.0749
vn 0.9990 -0.0171 0.0423
vn 0.9813 -0.1887 0.0370
vn 0.9723 -0.2322 0.0263
vn 0.9999 -0.0150 0.0048
vn 1.0000 -0.0001 0.0002
vn 1.0000 -0.0039 0.0037
vn 0.9877 -0.0595 0.1448
vn 0.9983 -0.0135 0.0572
vn 1.0000 0.0076 0.0009
vn 0.9998 0.0186 0.0112
vn -0.0108 0.8991 -0.4375
vn -0.0130 0.8792 -0.4763
vn -0.0033 0.8494 -0.5277
vn 0.0014 0.9065 -0.4222
vn 0.0004 0.9444 -0.3287
vn -0.0000 0.9064 -0.4224
vn 0.0012 0.7870 -0.6169
vn 0.0012 0.7876 -0.6162
vn 0.0011 0.9884 -0.1520
vn 0.0020 1.0000 -0.0061
vn 0.0021 0.8591 -0.5118
vn -0.0010 0.9809 -0.1947
vn 0.0015 0.7995 -0.6006
vn 0.0008 0.7917 -0.6109
vn 0.0002 0.8592 -0.5117
vn 0.0003 0.9808 -0.1951
vn 0.0001 0.8594 -0.5113
vn 0.0002 0.9807 -0.1957
vn -0.0001 0.7994 -0.6008
vn -0.0000 0.7917 -0.6110
vn -0.0002 0.8595 -0.5112
vn -0.0001 0.9806 -0.1959
vn 0.0006 1.0000 -0.0050
vn 0.0005 1.0000 -0.0048
vn 0.0004 1.0000 -0.0051
vn 0.0004 1.0000 -0.0052
vn 0.0006 1.0000 -0.0049
vn -0.0000 1.0000 -0.0052
vn -0.0002 1.0000 -0.0051
vn -0.0001 1.0000 -0.0051
vn 0.0004 1.0000 -0.0049
vn 0.0037 0.9048 0.4258
vn -0.0016 0.8502 0.5264
vn -0.0031 0.8727 0.4882
vn -0.0010 0.8048 0.5935
vn 0.0002 1.0000 -0.0042
vn 0.0013 0.8455 0.5340
vn -0.0006 0.8050 0.5933
vn -0.0001 1.0000 -0.0044
vn 0.0020 0.8038 0.5949
vn -0.0004 1.0000 -0.0045
vn -0.0005 1.0000 -0.0045
vn 0.0120 0.7784 0.6276
vn 0.0001 1.0000 -0.0046
vn 0.1428 0.8689 0.4739
vn 0.0681 0.8211 0.5667
vn 0.0221 0.7834 0.6212
vn 0.0002 1.0000 -0.0046
vn 0.1760 0.8383 0.5160
vn 0.0306 0.7790 0.6262
vn -0.0005 1.0000 -0.0042
vn -0.0007 0.9788 0.2050
vn 0.0024 0.9931 0.1172
vn 0.0021 0.9969 0.0785
vn 0.0037 0.9516 0.3072
vn -0.0033 0.9728 0.2315
vn 0.0011 0.9967 0.0812
vn 0.1549 0.9806 0.1205
vn 0.1162 0.9539 0.2767
vn 0.2163 0.9670 0.1346
vn 0.0754 0.9388 0.3362
vn 0.0778 0.9454 0.3165
vn 0.1486 0.9028 0.4035
vn 0.9275 0.0549 0.3699
vn 0.6490 0.0243 0.7604
vn 0.0017 0.9965 0.0835
vn 0.0029 0.9965 0.0835
vn -0.8797 0.4548 -0.1388
vn -0.9137 0.3850 -0.1305
vn -0.9453 0.3180 0.0733
vn -0.9625 0.2040 -0.1789
vn -0.9003 0.2220 -0.3744
vn -0.9010 0.1593 -0.4034
vn -0.8880 0.0466 -0.4575
vn -0.9508 0.2824 -0.1273
vn -0.9491 0.2508 -0.1905
vn -0.9188 0.2459 -0.3087
vn -0.9298 0.0666 -0.3621
vn -0.9086 0.0770 -0.4105
vn -0.9266 0.2423 -0.2875
vn -0.6703 0.1412 -0.7285
vn -0.5507 0.1455 -0.8219
vn -0.6992 0.0253 -0.7145
vn -0.7398 0.1623 -0.6530
vn -0.6890 0.1622 -0.7064
vn -0.7938 0.1670 -0.5849
vn -0.7439 0.0396 -0.6671
vn -0.8266 0.1640 -0.5384
vn -0.8430 0.1469 -0.5175
vn 0.4618 0.0225 0.8867
vn 0.7595 -0.1737 0.6269
vn 0.7406 -0.0822 0.6669
vn -0.8533 0.3851 -0.3516
vn -0.3741 0.4766 -0.7956
vn -0.5690 0.2521 -0.7828
vn -0.5740 0.2775 -0.7704
vn -0.7436 0.0733 -0.6646
vn -0.6644 0.0738 -0.7437
vn -0.8141 0.2210 -0.5371
vn -0.6924 0.2322 -0.6831
vn -0.3009 0.7580 -0.5787
vn -0.2046 0.8177 -0.5381
vn -0.4174 0.7346 -0.5349
vn -0.4173 0.7353 -0.5341
vn -0.3348 0.7575 -0.5604
vn -0.5250 0.7291 -0.4391
vn -0.5456 0.7287 -0.4140
vn -0.1090 0.9077 -0.4052
vn -0.0010 0.9763 -0.2162
vn -0.0216 0.9730 -0.2296
vn 0.0002 0.9771 -0.2127
vn -0.0045 0.9771 -0.2126
vn 0.0018 0.9776 -0.2105
vn -0.0014 0.9754 -0.2204
vn 0.0005 0.9772 -0.2123
vn -0.0256 0.9747 -0.2221
vn -0.0000 0.9690 -0.2471
vn 0.5314 -0.2902 0.7958
vn 0.7653 -0.2969 0.5712
vn 0.5758 -0.3041 0.7590
vn 0.0007 0.9067 -0.4218
vn 0.0003 0.9444 -0.3287
vn 0.0002 0.9066 -0.4219
vn -0.0001 0.8592 -0.5116
vn -0.0002 0.9807 -0.1957
vn 0.0004 0.7998 -0.6003
vn -0.0000 0.7920 -0.6105
vn -0.0000 0.8592 -0.5116
vn -0.0000 0.9807 -0.1957
vn -0.0000 0.8592 -0.5117
vn 0.0001 0.7997 -0.6004
vn -0.0000 0.7918 -0.6107
vn -0.0000 1.0000 -0.0051
vn 0.6941 -0.3628 0.6218
vn 0.1037 0.7925 0.6010
vn 0.1045 0.7760 0.6220
vn 0.6762 -0.4374 0.5928
vn 0.6782 -0.4373 0.5906
vn 0.0997 0.7514 0.6523
vn 0.0453 0.7399 0.6712
vn -0.0002 1.0000 -0.0049
vn -0.0004 1.0000 -0.0050
vn 0.6018 -0.4634 0.6505
vn 0.5955 -0.4710 0.6508
vn 0.1210 0.6888 0.7148
vn 0.0528 0.6862 0.7255
vn -0.0005 1.0000 -0.0050
vn -0.0000 1.0000 -0.0050
vn 0.3327 -0.4419 0.8331
vn 0.0001 1.0000 -0.0050
vn 0.3422 -0.5583 0.7558
vn -0.0000 1.0000 -0.0049
vn 0.3781 -0.5591 0.7379
vn -0.0005 1.0000 -0.0047
vn -0.7981 0.4816 -0.3620
vn -0.8278 0.4666 -0.3116
vn -0.8459 0.4404 -0.3008
vn -0.8612 0.4148 -0.2937
vn -0.6985 0.3424 -0.6284
vn -0.6931 0.6697 -0.2666
vn -0.6892 0.3709 -0.6225
vn -0.4135 0.6863 -0.5983
vn -0.0144 0.7552 -0.6553
vn -0.0142 0.7653 -0.6435
vn -0.0009 0.7808 -0.6248
vn -0.0095 0.7929 -0.6093
vn -0.0066 0.7676 -0.6409
vn 0.0152 0.8461 -0.5329
vn -0.0039 0.8155 -0.5788
vn -0.9369 0.3456 -0.0528
vn -0.8895 0.3965 -0.2273
vn -0.9132 0.3718 -0.1666
vn -0.9269 0.3200 -0.1961
vn -0.9728 0.2067 -0.1045
vn -0.9629 0.2549 -0.0883
vn -0.9691 0.2143 -0.1222
vn 0.0031 0.8379 -0.5458
vn -0.0071 0.8502 -0.5264
vn -0.0086 0.8543 -0.5197
vn -0.0059 0.8620 -0.5068
vn 0.0016 0.8713 -0.4908
vn -0.0109 0.8842 -0.4670
vn -0.0139 0.8910 -0.4537
vn -0.0118 0.8965 -0.4428
vn -0.9767 0.1322 -0.1689
vn -0.9619 0.1165 -0.2472
vn -0.9039 0.2889 -0.3154
vn 0.9122 0.0021 0.4096
vn 0.9123 0.0020 0.4096
vn 0.9974 0.0468 0.0554
vn 0.9999 0.0002 0.0123
vn 0.9976 0.0523 0.0456
vn 0.9959 -0.0533 0.0736
vn 0.9999 0.0002 0.0108
vn 0.3027 -0.2361 0.9234
vn 0.3338 -0.2284 0.9146
vn 0.2244 -0.3161 0.9218
vn 0.2216 0.0503 0.9738
vn 0.2696 -0.0580 0.9612
vn 0.2688 -0.2870 0.9194
vn 0.2990 -0.3782 0.8761
vn 0.1834 -0.2541 0.9496
vn 0.9887 0.0539 0.1398
vn 0.9980 -0.0018 0.0630
vn 0.9942 -0.0689 0.0828
vn 0.9931 -0.1155 0.0198
vn 0.9812 -0.1772 0.0771
vn -0.0157 0.9092 -0.4160
vn -0.7657 0.5532 -0.3283
vn -0.6014 0.7468 -0.2838
vn -0.4049 0.8729 -0.2723
vn -0.0004 0.9222 -0.3868
vn -0.0082 0.9281 -0.3721
vn -0.0108 0.9334 -0.3587
vn -0.0080 0.9376 -0.3477
vn 0.0020 0.9445 -0.3286
vn -0.0070 0.9519 -0.3064
vn -0.0089 0.9545 -0.2982
vn -0.0082 0.9598 -0.2805
vn -0.0051 0.9633 -0.2683
vn -0.1984 0.9301 -0.3092
vn -0.0063 0.9617 -0.2741
vn -0.0068 0.9742 -0.2256
vn -0.5193 0.7843 -0.3395
vn -0.4787 0.8137 -0.3297
vn -0.1217 0.9500 -0.2876
vn -0.0376 0.9729 -0.2281
vn -0.3692 0.8908 -0.2650
vn -0.1127 0.9672 -0.2278
vn -0.0099 0.9717 -0.2361
vn -0.0109 0.9764 -0.2158
vn -0.0017 0.9721 -0.2347
vn -0.0010 0.9744 -0.2247
vn 0.0002 0.9772 -0.2123
vn 0.0001 0.9771 -0.2130
vn -0.0000 0.9773 -0.2118
vn -0.0003 0.9775 -0.2109
vn -0.0001 0.9772 -0.2125
vn 0.0004 0.9772 -0.2124
vn 0.0003 0.9772 -0.2124
vn 0.0041 0.9725 -0.2328
vn 0.8886 0.0476 0.4562
vn 0.9143 0.0180 0.4046
vn 0.9994 -0.0338 0.0062
vn 0.9999 0.0104 0.0070
vn 0.9998 0.0206 0.0067
vn 0.9997 0.0076 -0.0241
vn 0.9994 -0.0273 0.0193
vn 0.2322 -0.2564 0.9383
vn 0.2005 -0.2767 0.9398
vn 0.2395 -0.2602 0.9354
vn 0.2888 -0.4943 0.8199
vn 0.2808 -0.2873 0.9158
vn 0.2089 -0.5681 0.7960
vn 0.2123 -0.6013 0.7703
vn 0.9996 0.0272 0.0089
vn 0.9921 0.1252 -0.0001
vn 0.9985 0.0493 0.0241
vn 0.9991 -0.0090 0.0405
vn 0.9933 -0.1151 0.0110
vn -0.0001 0.9066 -0.4220
vn 0.0568 0.9099 -0.4110
vn 0.0598 0.9122 -0.4053
vn 0.0627 0.9011 -0.4291
vn 0.2449 0.9548 -0.1686
vn 0.1406 0.8822 -0.4493
vn 0.9541 0.0722 0.2907
vn 0.9249 0.0681 0.3741
vn -0.0002 0.8591 -0.5119
vn 0.0003 0.9807 -0.1956
vn -0.0006 0.7997 -0.6004
vn -0.0006 0.7919 -0.6106
vn -0.0003 0.8590 -0.5120
vn 0.0005 0.9806 -0.1960
vn 0.0011 0.7905 -0.6125
vn 0.0012 0.7923 -0.6101
vn 0.0251 0.9901 -0.1384
vn 0.0342 0.9994 -0.0052
vn 0.1566 0.8269 -0.5401
vn 0.9848 0.0488 0.1664
vn 0.9914 0.0910 0.0938
vn 0.9921 0.1205 -0.0358
vn 0.9985 0.0547 -0.0055
vn 0.9481 0.0109 0.3177
vn 0.9621 0.0730 0.2629
vn -0.0001 1.0000 -0.0049
vn -0.0005 1.0000 -0.0052
vn 0.0210 0.9998 -0.0044
vn 0.0210 0.9998 -0.0043
vn 0.0219 0.9998 -0.0044
vn 0.9957 -0.0434 0.0820
vn 0.9999 -0.0146 -0.0041
vn 0.9996 0.0293 -0.0016
vn 0.9996 0.0293 -0.0013
vn 0.9997 0.0247 -0.0014
vn -0.0001 1.0000 -0.0050
vn 0.2305 -0.5654 0.7920
vn 0.1862 -0.5888 0.7866
vn 0.0227 0.9997 -0.0045
vn 0.0234 0.9997 -0.0045
vn 0.0234 0.9997 -0.0046
vn 0.9963 -0.0857 0.0016
vn 0.9908 -0.1334 0.0224
vn 0.9868 -0.1593 0.0287
vn 0.9996 -0.0265 0.0004
vn 0.9794 -0.0705 0.1894
vn 0.9999 0.0156 -0.0014
vn 0.9992 0.0403 -0.0013
vn 0.9994 0.0354 -0.0012
vn 0.2663 -0.5960 0.7576
vn 0.2327 -0.5808 0.7800
vn 0.1732 -0.4683 0.8664
vn 0.0007 1.0000 -0.0049
vn 0.0815 -0.1824 0.9798
vn -0.0003 1.0000 -0.0047
vn 0.1667 -0.6270 0.7610
vn 0.1669 -0.6142 0.7713
vn 0.9758 -0.1991 0.0907
vn -0.9970 0.0474 -0.0605
vn -0.9993 -0.0137 0.0360
vn -0.9987 -0.0473 -0.0201
vn -1.0000 -0.0010 0.0017
vn -0.9989 0.0181 0.0431
vn -0.9985 -0.0417 -0.0357
vn -1.0000 0.0005 -0.0008
vn -0.9858 0.1194 0.1180
vn -0.9995 0.0231 -0.0232
vn -0.9757 0.1201 0.1833
vn -0.9707 0.2401 -0.0043
vn -0.3955 0.2940 0.8701
vn -0.9978 -0.0117 0.0650
vn -1.0000 -0.0000 0.0006
vn -0.9976 0.0171 0.0664
vn -0.9989 0.0385 0.0264
vn -0.9858 0.1181 0.1196
vn -0.6592 0.6690 0.3432
vn -0.3923 0.8729 0.2901
vn -0.9925 0.1046 0.0634
vn -0.9957 0.0638 0.0670
vn -0.9965 -0.0174 0.0824
vn -0.9528 0.1194 0.2792
vn -0.9555 0.2328 0.1813
vn -0.7233 0.4947 0.4817
vn 0.9949 -0.0701 -0.0721
vn 0.9949 -0.0711 -0.0718
vn 0.9988 -0.0490 0.0011
vn 0.9985 -0.0096 -0.0535
vn 0.0013 0.0661 0.9978
vn 0.0080 0.2234 0.9747
vn 0.0049 0.1898 0.9818
vn -0.0014 0.3357 0.9420
vn -0.0485 0.4527 0.8904
vn 0.0232 0.0596 0.9980
vn 0.0004 0.2487 0.9686
vn 0.0050 0.1818 0.9833
vn 0.0260 0.3140 0.9491
vn 0.9937 -0.0053 -0.1121
vn 0.9987 0.0191 0.0476
vn 0.9985 -0.0193 -0.0507
vn 0.9814 -0.0357 -0.1888
vn 1.0000 -0.0003 -0.0000
vn 0.9824 0.1338 0.1301
vn 0.9999 -0.0030 -0.0147
vn 0.9707 0.0943 0.2210
vn 0.9673 0.0700 0.2439
vn 0.9994 0.0166 0.0304
vn 0.9977 0.0666 0.0127
vn -0.0011 0.8866 0.4625
vn -0.0006 0.9445 0.3285
vn 0.0008 0.9946 0.1041
vn 0.0056 0.9818 0.1900
vn 0.0088 0.9743 0.2249
vn 0.0194 0.8877 0.4600
vn 0.0241 0.9479 0.3176
vn 0.0249 0.9952 0.0943
vn 0.0053 0.9833 0.1817
vn 0.0009 0.9696 0.2445
vn 0.9812 -0.1896 -0.0367
vn 0.9985 -0.0100 -0.0533
vn 0.9996 0.0061 0.0273
vn 0.9934 -0.1146 -0.0052
vn 0.9984 -0.0531 -0.0202
vn 0.9999 -0.0163 0.0038
vn 1.0000 -0.0001 -0.0005
vn 1.0000 0.0002 0.0005
vn 0.9999 0.0038 -0.0104
vn 0.9977 -0.0117 0.0668
vn 0.9670 0.2448 0.0703
vn 0.9987 0.0429 0.0273
vn 0.9825 0.1301 0.1336
vn 0.9704 0.2214 0.0961
vn -0.1892 0.6232 0.7588
vn -0.1965 0.6440 0.7394
vn -0.1318 0.7173 0.6842
vn -0.0635 0.7587 0.6484
vn -0.0094 0.8737 0.4864
vn 0.9999 0.0082 -0.0076
vn 0.9998 -0.0170 -0.0105
vn 0.9996 -0.0271 0.0048
vn 0.9996 -0.0251 0.0108
vn 0.9997 0.0234 -0.0053
vn 0.0002 -0.9946 0.1037
vn -0.0001 -0.9946 0.1038
vn -0.0004 -0.9946 0.1038
vn -0.0000 -0.9988 -0.0483
vn -0.0000 -0.9998 -0.0206
vn 0.0001 -0.9988 -0.0483
vn 0.0001 -0.4070 0.9134
vn -0.0000 -0.9988 -0.0482
vn 0.0001 -0.4069 0.9135
vn -0.0002 -0.9998 -0.0207
vn 0.0001 -0.4071 0.9134
vn 0.0010 0.1583 -0.9874
vn 0.0010 0.1602 -0.9871
vn 0.0010 0.1609 -0.9870
vn -0.0000 0.0047 -1.0000
vn -0.0000 0.1612 -0.9869
vn 0.0001 -0.5169 0.8560
vn 0.0001 0.5978 -0.8016
vn 0.0011 0.5974 -0.8019
vn 0.0004 0.5972 -0.8021
vn 0.0004 0.5987 -0.8010
vn 0.0005 0.5987 -0.8010
vn 0.0015 0.5991 -0.8007
vn -0.0005 0.7061 -0.7082
vn 0.0002 -0.6922 0.7217
vn -0.0000 -0.8699 0.4933
vn 0.0001 -0.6922 0.7217
vn -0.0000 -0.7420 0.6704
vn -0.0000 -0.8699 0.4932
vn -0.0001 -0.9122 0.4098
vn -0.0000 -0.9122 0.4097
vn -0.0001 -1.0000 0.0054
vn -0.0006 -0.9996 0.0285
vn -0.0002 -0.9996 0.0284
vn -0.0000 -0.9996 0.0285
vn 0.0163 -0.9999 -0.0042
vn -0.0001 -1.0000 0.0052
vn 0.0765 -0.9963 0.0403
vn 0.0644 -0.9978 0.0143
vn 0.0163 -0.9998 0.0106
vn 0.3076 -0.9210 0.2389
vn 0.1379 -0.9699 -0.2006
vn 0.1476 -0.9366 -0.3179
vn 0.8484 -0.0572 0.5262
vn 0.3160 -0.9330 -0.1723
vn 0.2903 -0.9540 -0.0752
vn 0.2712 -0.9613 -0.0485
vn 0.5048 -0.8119 0.2933
vn 0.6124 -0.7790 0.1349
vn -0.0000 -0.9946 0.1037
vn -0.0004 -0.9946 0.1037
vn -0.0000 -0.9989 -0.0475
vn -0.0000 -0.4071 0.9134
vn -0.0000 -0.9998 -0.0211
vn 0.0001 -0.9989 -0.0474
vn -0.0000 -0.9989 -0.0478
vn -0.0000 -0.4073 0.9133
vn -0.0001 -0.9998 -0.0208
vn 0.0002 -0.4073 0.9133
vn -0.0010 -0.0641 -0.9979
vn 0.0010 -0.0637 -0.9980
vn 0.0010 0.1622 -0.9868
vn 0.0001 -0.3468 0.9379
vn 0.0002 -0.5169 0.8561
vn 0.0002 0.5994 -0.8004
vn -0.0017 0.6001 -0.7999
vn -0.0016 0.6001 -0.7999
vn 0.0028 0.5983 -0.8013
vn 0.0008 0.5991 -0.8007
vn 0.0011 0.5992 -0.8006
vn 0.0002 0.7059 -0.7083
vn -0.0000 -0.6922 0.7217
vn 0.0001 -0.7420 0.6704
vn 0.0001 -0.8699 0.4932
vn 0.0001 -0.9122 0.4096
vn -0.0000 -0.9996 0.0284
vn -0.0002 -0.9996 0.0285
vn -0.0001 -0.9996 0.0285
vn 0.1041 -0.9371 0.3331
vn 0.0858 -0.9942 0.0646
vn 0.1596 -0.9840 0.0789
vn 0.2297 -0.9712 0.0634
vn -0.0010 -1.0000 0.0055
vn 0.0187 -0.9977 0.0646
vn 0.2070 -0.8981 0.3881
vn 0.0004 -1.0000 0.0052
vn 0.1075 -0.9002 0.4221
vn 0.1174 -0.9892 0.0876
vn -0.0001 -0.9946 0.1037
vn -0.0012 -0.9946 0.1039
vn 0.0016 -0.9946 0.1042
vn 0.0002 -0.9946 0.1038
vn 0.0001 -0.9989 -0.0477
vn 0.0002 -0.4071 0.9134
vn -0.0002 -0.9998 -0.0205
vn -0.0000 -0.9989 -0.0477
vn 0.0003 -0.4073 0.9133
vn 0.0010 -0.9998 -0.0205
vn -0.0000 0.1625 -0.9867
vn 0.0005 0.0048 -1.0000
vn 0.0010 -0.0649 -0.9979
vn 0.0010 0.1628 -0.9867
vn 0.0040 -0.0655 -0.9978
vn -0.0000 0.0050 -1.0000
vn 0.0030 -0.0657 -0.9978
vn -0.0010 0.1634 -0.9866
vn 0.0002 -0.3468 0.9379
vn 0.0002 -0.5170 0.8560
vn 0.0018 0.5966 -0.8026
vn 0.0014 0.5967 -0.8025
vn 0.0003 0.5963 -0.8028
vn 0.0004 0.5945 -0.8041
vn 0.0012 0.5942 -0.8043
vn 0.0002 0.5938 -0.8046
vn 0.0010 0.7060 -0.7082
vn 0.0001 -0.6923 0.7216
vn 0.0003 -0.7420 0.6704
vn 0.0002 -0.8700 0.4930
vn -0.0000 -0.9123 0.4095
vn -0.0003 -0.9124 0.4092
vn -0.0001 -1.0000 0.0060
vn -0.0002 -0.9990 0.0449
vn 0.0004 -1.0000 0.0062
vn 0.0006 -0.9990 0.0447
vn 0.0001 -1.0000 0.0064
vn 0.0266 -0.9957 0.0886
vn 0.0419 -0.9989 0.0192
vn 0.1181 -0.9508 0.2865
vn -0.0139 -0.9999 0.0098
vn 0.0578 -0.9730 0.2235
vn 0.0299 -0.9996 0.0011
vn 0.1551 -0.9791 0.1314
vn 0.0189 -0.9942 0.1059
vn 0.2449 -0.9682 0.0515
vn 0.0038 -0.9957 -0.0923
vn 0.1358 -0.9904 0.0276
vn 0.2387 -0.9705 -0.0333
vn 0.2821 -0.9536 -0.1053
vn 0.0150 -0.0070 -0.9999
vn 0.0154 -0.0050 -0.9999
vn 0.0152 -0.0040 -0.9999
vn 0.0270 0.0549 -0.9981
vn 1.0000 -0.0017 0.0025
vn 1.0000 -0.0002 -0.0026
vn 1.0000 0.0077 -0.0050
vn 0.9916 0.1127 -0.0636
vn 0.0333 -0.3241 0.9454
vn 0.0262 -0.3512 0.9359
vn 0.0280 -0.3883 0.9211
vn 0.0370 -0.4198 0.9069
vn 0.6302 -0.2235 0.7435
vn 0.4127 -0.2759 0.8681
vn 1.0000 -0.0017 -0.0023
vn 1.0000 -0.0027 0.0065
vn 0.9991 -0.0394 0.0178
vn 1.0000 -0.0000 -0.0001
vn 1.0000 -0.0002 -0.0000
vn 1.0000 0.0037 -0.0012
vn 1.0000 0.0028 0.0006
vn 0.9988 -0.0125 0.0464
vn 0.9907 -0.1055 0.0860
vn 0.0298 -0.5346 0.8446
vn 0.0375 -0.5761 0.8165
vn 0.0249 -0.6085 0.7932
vn 0.0171 0.5992 -0.8004
vn 0.0092 0.6240 -0.7814
vn 0.0136 0.6367 -0.7710
vn 0.0138 0.6479 -0.7616
vn 0.0101 0.6574 -0.7535
vn 0.0160 0.6751 -0.7375
vn 0.0162 0.6912 -0.7225
vn 0.7001 0.4837 -0.5252
vn 0.4116 0.6185 -0.6693
vn 0.4116 0.6264 -0.6620
vn 0.9940 0.0413 -0.1017
vn 0.0061 0.7104 -0.7038
vn 0.0072 0.7149 -0.6991
vn 0.0071 0.7303 -0.6831
vn 0.0057 0.7367 -0.6762
vn 0.7013 0.4907 -0.5171
vn 0.7028 0.5106 -0.4953
vn 0.4155 0.6534 -0.6328
vn 0.4155 0.6614 -0.6244
vn 0.6985 0.5244 -0.4870
vn 1.0000 0.0006 -0.0017
vn 0.9965 0.0763 -0.0353
vn 0.9998 -0.0192 0.0065
vn 0.9973 0.0273 -0.0682
vn 0.9996 -0.0091 0.0266
vn 0.9979 0.0597 -0.0251
vn 0.9979 0.0248 -0.0595
vn 0.9976 0.0645 -0.0260
vn 0.9969 0.0331 -0.0719
vn 0.9949 0.0931 -0.0381
vn 0.0126 -0.7117 0.7023
vn 0.0126 -0.7307 0.6826
vn 0.0069 -0.8129 0.5823
vn 0.0099 -0.8510 0.5250
vn 0.0067 -0.8684 0.4957
vn 0.3905 -0.8113 0.4351
vn 0.6723 -0.6825 0.2867
vn 0.9998 -0.0199 0.0067
vn 1.0000 -0.0025 0.0075
vn 1.0000 -0.0004 0.0004
vn 0.9996 -0.0102 0.0261
vn 1.0000 -0.0009 0.0004
vn 0.1041 -0.9128 0.3948
vn 0.2348 -0.9459 0.2240
vn 0.2851 -0.7853 0.5496
vn 0.2480 -0.9223 0.2963
vn 0.5700 -0.8071 0.1539
vn 0.2385 -0.9585 0.1562
vn 0.0223 -0.9993 0.0307
vn 0.0228 -0.9978 0.0619
vn 0.2226 -0.9746 0.0254
vn 0.2910 -0.9464 0.1401
vn 0.3353 -0.9409 0.0484
vn 0.0014 0.7825 -0.6227
vn 0.0070 0.8105 -0.5857
vn 0.0010 0.8720 -0.4896
vn 0.5103 0.0043 0.8600
vn 0.4728 -0.0044 0.8811
vn 0.5055 -0.0015 0.8628
vn 0.8360 -0.0081 0.5487
vn 0.8307 -0.0067 0.5567
vn 0.8600 0.0029 0.5103
vn 0.8050 -0.0172 0.5930
vn 0.8070 0.0030 0.5905
vn 0.8073 0.0032 0.5901
vn 0.7333 -0.0175 0.6796
vn 0.7145 -0.0177 0.6994
vn 0.6543 0.0017 0.7563
vn 0.6262 -0.0051 0.7796
vn 0.6349 0.0037 0.7726
vn 0.5904 -0.0031 0.8071
vn -0.0002 0.9232 -0.3843
vn 0.0010 0.9764 -0.2160
vn 0.0004 0.9772 -0.2125
vn 0.0004 0.9718 -0.2356
vn 0.0003 0.9774 -0.2112
vn -0.0000 0.9770 -0.2130
vn 0.0018 0.9793 -0.2025
vn -0.0198 0.9998 -0.0027
vn 0.0859 0.9808 -0.1748
vn 0.5232 0.0232 0.8519
vn 0.0187 0.9782 -0.2066
vn 0.4674 0.0269 0.8836
vn 0.5032 0.0196 0.8639
vn 0.1660 0.9842 0.0615
vn 0.8371 0.0364 0.5459
vn 0.8304 0.0482 0.5551
vn 0.0369 0.9730 -0.2277
vn 0.0227 0.9855 -0.1680
vn 0.8068 0.0137 0.5907
vn 0.8106 0.0513 0.5834
vn 0.2880 0.9501 -0.1196
vn 0.0402 0.9801 -0.1942
vn 0.7673 0.1068 0.6324
vn 0.0833 0.9909 -0.1054
vn 0.0870 0.9940 -0.0657
vn 0.2882 0.9210 -0.2621
vn 0.6816 0.1036 0.7244
vn 0.6351 0.0109 0.7724
vn 0.6170 0.0255 0.7866
vn 0.6567 0.0670 0.7512
vn 0.5889 0.0243 0.8078
vn 0.4043 0.0031 0.9146
vn 0.3912 -0.0031 0.9203
vn 0.3462 -0.0020 0.9381
vn 0.3388 0.0044 0.9408
vn 0.3415 0.0065 0.9398
vn 0.3467 0.0062 0.9380
vn 0.3441 0.0049 0.9389
vn 0.3411 0.0048 0.9400
vn 0.0001 0.9235 -0.3835
vn -0.0000 0.9717 -0.2361
vn 0.0934 0.9931 0.0715
vn 0.3924 0.0277 0.9194
vn 0.4095 0.0329 0.9117
vn 0.1212 0.9839 -0.1317
vn 0.3816 0.0271 0.9239
vn 0.6588 0.7167 -0.2287
vn 0.0284 0.9889 -0.1457
vn 0.3744 0.0291 0.9268
vn 0.4237 0.8896 -0.1708
vn 0.5006 0.1511 0.8524
vn -0.0031 0.9774 -0.2115
vn 0.0151 0.9857 -0.1675
vn -0.0143 0.9935 0.1127
vn 0.4272 0.1144 0.8969
vn 0.1255 0.9835 -0.1303
vn 0.2607 0.1162 0.9584
vn 0.0368 0.9750 -0.2190
vn 0.4477 0.2211 0.8664
vn 0.2610 0.9611 0.0899
vn 0.3445 0.0049 0.9388
vn 0.3441 0.0048 0.9389
vn 0.3405 0.0042 0.9402
vn 0.3381 0.0037 0.9411
vn 0.3409 0.0052 0.9401
vn 0.3650 0.0061 0.9310
vn 0.5362 0.0201 0.8439
vn 0.4378 0.0201 0.8989
vn 0.0001 0.9233 -0.3842
vn -0.0015 0.9760 -0.2178
vn 0.0009 0.9788 -0.2048
vn 0.0088 0.9843 -0.1765
vn -0.0151 0.9995 0.0293
vn 0.0777 0.9851 -0.1537
vn 0.0041 0.9780 -0.2088
vn 0.0240 0.9882 -0.1516
vn 0.0619 0.9719 -0.2271
vn 0.3189 -0.0014 0.9478
vn 0.2922 0.1684 0.9414
vn 0.1133 0.9874 0.1103
vn 0.3568 0.0188 0.9340
vn 0.3533 0.0191 0.9353
vn 0.1133 0.9875 -0.1095
vn 0.3426 0.0046 0.9395
vn 0.1289 0.9861 -0.1054
vn 0.3534 0.0363 0.9348
vn 0.3483 0.4413 0.8270
vn 0.2748 0.7203 0.6369
vn 0.7635 0.4435 -0.4694
vn 0.0086 0.9962 -0.0871
vn 0.3827 0.0624 0.9218
vn 0.4371 -0.0073 0.8994
vn 0.3949 0.0105 0.9187
vn 0.5466 -0.0060 0.8374
vn -0.0162 0.7559 -0.6545
vn -0.0093 0.7641 -0.6450
vn -0.0030 0.7742 -0.6329
vn -0.0007 0.7809 -0.6247
vn 0.0007 0.7912 -0.6115
vn 0.0065 0.7617 -0.6479
vn -0.0356 0.8556 -0.5164
vn -0.0095 0.8157 -0.5784
vn -0.0186 0.8248 -0.5652
vn 0.6958 0.5425 -0.4707
vn 0.4132 0.6883 -0.5963
vn 0.9927 0.0565 -0.1068
vn -0.0257 0.8362 -0.5478
vn -0.0095 0.8516 -0.5241
vn -0.0056 0.8563 -0.5164
vn -0.0021 0.8643 -0.5030
vn -0.0007 0.8710 -0.4913
vn -0.0015 0.8755 -0.4831
vn -0.0063 0.8844 -0.4667
vn -0.0120 0.8913 -0.4533
vn -0.0183 0.8960 -0.4437
vn 1.0000 0.0004 -0.0000
vn 1.0000 0.0004 0.0001
vn 0.9847 0.1618 -0.0646
vn 0.9776 0.1199 -0.1730
vn 0.9995 0.0125 -0.0283
vn 1.0000 0.0033 -0.0007
vn 0.9975 0.0696 0.0126
vn 0.9953 0.0028 -0.0963
vn 0.9991 0.0139 -0.0412
vn 0.9999 0.0086 -0.0145
vn 1.0000 -0.0007 0.0010
vn 1.0000 -0.0015 0.0048
vn 0.9999 0.0001 0.0129
vn 0.9984 -0.0419 0.0367
vn 1.0000 -0.0012 0.0001
vn 1.0000 0.0001 0.0004
vn 1.0000 0.0007 -0.0022
vn 1.0000 0.0017 0.0001
vn 0.9985 0.0526 -0.0154
vn 0.9945 0.0682 -0.0799
vn 0.9997 0.0119 -0.0204
vn 1.0000 0.0051 -0.0000
vn 0.9954 0.0943 0.0178
vn 0.8747 0.0046 0.4847
vn 0.8046 0.0063 0.5937
vn 0.8743 0.0087 0.4853
vn 0.8058 0.0079 0.5921
vn 0.8748 0.0078 0.4844
vn 0.8072 0.0071 0.5903
vn 0.9999 -0.0008 0.0164
vn 0.9836 0.0024 0.1804
vn 0.9741 0.0031 0.2261
vn 0.9738 0.0045 0.2272
vn 1.0000 -0.0002 0.0007
vn 0.9733 0.0050 0.2295
vn 0.6639 0.0050 0.7478
vn 0.6636 0.0081 0.7481
vn 0.6641 0.0091 0.7476
vn 0.5477 0.0031 0.8367
vn 0.6648 0.0078 0.7470
vn 0.0094 0.9089 -0.4169
vn 0.0014 0.9220 -0.3873
vn 0.0085 0.9274 -0.3739
vn 0.0117 0.9337 -0.3579
vn 0.0079 0.9391 -0.3435
vn -0.0017 0.9456 -0.3252
vn 0.0071 0.9524 -0.3047
vn 0.0106 0.9570 -0.2898
vn 0.0096 0.9634 -0.2678
vn 0.0074 0.9657 -0.2594
vn 0.6962 0.6795 -0.2314
vn 0.4170 0.8668 -0.2734
vn 0.9907 0.0421 -0.1294
vn 0.9954 0.0523 -0.0798
vn 0.9981 0.0449 -0.0420
vn 0.0154 0.9734 -0.2286
vn 0.0136 0.9801 -0.1982
vn 0.0391 0.9902 -0.1340
vn 0.8771 0.0483 0.4780
vn 0.8077 0.0409 0.5881
vn 0.9999 0.0155 -0.0030
vn 0.9805 0.0057 0.1967
vn 0.6420 0.0325 0.7660
vn 0.6013 0.0208 0.7988
vn 0.6199 0.1809 0.7636
vn 0.6035 0.1354 0.7858
vn -0.7190 -0.5434 -0.4333
vn -0.7476 -0.6519 -0.1269
vn -0.8061 -0.5841 -0.0951
vn -0.7496 -0.6509 0.1202
vn -0.8390 -0.5288 0.1283
vn -0.7823 -0.6100 0.1262
vn -0.8394 -0.5251 0.1404
vn -0.7973 -0.6000 0.0658
vn -0.3770 -0.8419 -0.3860
vn -0.4760 -0.8729 -0.1072
vn -0.4760 -0.8737 0.0999
vn -0.4603 -0.8815 0.1055
vn -0.4452 -0.8930 0.0655
vn -0.3387 -0.4470 -0.8279
vn -0.1865 -0.8485 -0.4952
vn -0.2248 -0.9674 -0.1169
vn -0.2205 -0.9687 0.1138
vn -0.2282 -0.9662 0.1201
vn -0.2355 -0.9690 0.0746
vn -0.1491 -0.4917 -0.8579
vn -0.7991 -0.6011 0.0120
vn -0.7948 -0.6051 -0.0461
vn -0.7841 -0.6128 -0.0979
vn -0.7573 -0.6393 -0.1331
vn -0.8263 -0.5468 -0.1349
vn -0.7392 -0.6730 0.0239
vn -0.8335 -0.5522 0.0173
vn -0.7464 -0.5666 0.3491
vn -0.7026 -0.6284 0.3338
vn -0.4365 -0.8996 0.0130
vn -0.4386 -0.8977 -0.0420
vn -0.4501 -0.8883 -0.0912
vn -0.4651 -0.8788 -0.1064
vn -0.4720 -0.8812 0.0267
vn -0.3800 -0.8673 0.3216
vn -0.3775 -0.4617 0.8027
vn -0.2387 -0.9710 0.0154
vn -0.2367 -0.9704 -0.0468
vn -0.2299 -0.9678 -0.1026
vn -0.2211 -0.9678 -0.1201
vn -0.2198 -0.9751 0.0307
vn -0.1759 -0.8804 0.4403
vn -0.1622 -0.5473 0.8211
vn -0.1129 -0.4015 0.9089
vn -0.9648 -0.2521 -0.0749
vn -0.9501 -0.2944 0.1034
vn -0.9472 -0.2990 0.1161
vn -0.9418 -0.0834 -0.3255
vn -0.9852 -0.1245 -0.1180
vn -0.9848 -0.1561 0.0759
vn -0.9729 -0.2146 0.0864
vn -0.9683 -0.2448 0.0488
vn -0.9347 -0.0017 -0.3555
vn -0.9958 0.0313 -0.0859
vn -0.9990 -0.0450 -0.0003
vn -0.9924 -0.1198 0.0265
vn -0.9426 0.0826 -0.3236
vn -0.9970 0.0778 0.0048
vn -0.9787 0.1924 -0.0723
vn -0.9667 0.2538 -0.0333
vn -0.9562 0.2927 -0.0015
vn -0.5826 -0.4588 -0.6708
vn -0.7835 -0.1731 -0.5968
vn -0.8798 -0.4025 -0.2528
vn -0.8960 -0.4273 0.1207
vn -0.8589 -0.5053 0.0836
vn -0.9465 -0.3153 0.0686
vn -0.5754 -0.0806 -0.8139
vn -0.5903 -0.0033 -0.8072
vn -0.5775 0.0784 -0.8126
vn -0.7851 0.1739 -0.5945
vn -0.5904 0.4549 -0.6667
vn -0.8826 0.3996 -0.2477
vn -0.8132 0.5637 -0.1447
vn -0.8524 0.5229 -0.0030
vn -0.8540 0.5203 -0.0022
vn -0.8551 0.5184 -0.0026
vn -0.7276 0.5377 -0.4260
vn -0.7395 0.6524 -0.1656
vn -0.7243 0.6895 -0.0042
vn -0.7246 0.6891 -0.0032
vn -0.7249 0.6888 -0.0034
vn -0.3909 -0.2553 -0.8843
vn -0.3699 -0.0849 -0.9252
vn -0.3295 -0.0047 -0.9441
vn -0.3727 0.0796 -0.9245
vn -0.3996 0.2458 -0.8831
vn -0.3517 0.4429 -0.8247
vn -0.3892 0.8402 -0.3776
vn -0.4836 0.8647 -0.1359
vn -0.4936 0.8697 -0.0046
vn -0.4944 0.8693 -0.0038
vn -0.4948 0.8690 -0.0036
vn -0.1052 -0.2197 -0.9699
vn -0.0415 -0.0245 -0.9988
vn -0.0250 -0.0050 -0.9997
vn -0.0425 0.0145 -0.9990
vn -0.1070 0.2062 -0.9726
vn -0.1497 0.4892 -0.8592
vn -0.1733 0.8633 -0.4741
vn -0.2275 0.9617 -0.1530
vn -0.2276 0.9737 -0.0073
vn -0.2329 0.9725 -0.0082
vn -0.2421 0.9702 -0.0091
vn -0.1227 0.9901 -0.0687
vn -0.0680 0.9977 -0.0055
vn -0.9483 -0.2982 -0.1088
vn -0.9565 -0.2910 0.0193
vn -0.9532 -0.2158 0.2118
vn -0.9669 -0.2553 0.0048
vn -0.9676 -0.2493 -0.0405
vn -0.9713 -0.2269 -0.0714
vn -0.9801 -0.1783 -0.0879
vn -0.9912 -0.1234 0.0472
vn -0.9499 -0.0853 0.3007
vn -0.9906 -0.1366 0.0024
vn -0.9919 -0.1252 -0.0226
vn -0.9955 -0.0886 -0.0341
vn -0.9988 -0.0420 -0.0270
vn -0.9972 -0.0103 0.0740
vn -0.9461 -0.0007 0.3239
vn -0.9975 0.0707 0.0001
vn -0.9972 0.0743 -0.0051
vn -0.9965 0.0836 -0.0053
vn -0.9960 0.0892 -0.0034
vn -0.9924 0.0908 0.0836
vn -0.9484 0.0757 0.3080
vn -0.9564 0.2922 -0.0012
vn -0.9567 0.2912 -0.0010
vn -0.9571 0.2898 -0.0011
vn -0.9574 0.2888 -0.0026
vn -0.9577 0.2781 0.0735
vn -0.9510 0.2088 0.2280
vn -0.8607 -0.5090 0.0114
vn -0.9493 -0.3142 0.0074
vn -0.8533 -0.5177 -0.0616
vn -0.9485 -0.3122 -0.0532
vn -0.8425 -0.5251 -0.1202
vn -0.9442 -0.3136 -0.1007
vn -0.8915 -0.4305 -0.1409
vn -0.5663 -0.2542 0.7840
vn -0.6299 -0.0868 0.7718
vn -0.5885 -0.0633 0.8060
vn -0.6371 -0.0003 0.7708
vn -0.5571 0.0014 0.8304
vn -0.6312 0.0808 0.7714
vn -0.8561 0.5168 -0.0025
vn -0.8572 0.5150 -0.0026
vn -0.8581 0.5135 -0.0026
vn -0.8585 0.5128 -0.0034
vn -0.8438 0.5285 0.0938
vn -0.7006 0.6151 0.3617
vn -0.5678 0.2491 0.7846
vn -0.7250 0.6887 -0.0032
vn -0.7249 0.6889 -0.0032
vn -0.7246 0.6891 -0.0031
vn -0.7246 0.6892 -0.0038
vn -0.7274 0.6784 0.1031
vn -0.7356 0.5612 0.3794
vn -0.4823 -0.3651 0.7963
vn -0.2108 -0.2662 0.9406
vn -0.3793 -0.1829 0.9070
vn -0.1690 -0.0577 0.9839
vn -0.2670 -0.0222 0.9634
vn -0.5045 0.0936 0.8583
vn -0.5912 0.3106 0.7443
vn -0.4198 0.2533 0.8716
vn -0.4957 0.8685 -0.0040
vn -0.4976 0.8674 -0.0041
vn -0.4994 0.8664 -0.0037
vn -0.4998 0.8661 -0.0037
vn -0.4984 0.8622 0.0902
vn -0.4032 0.8396 0.3640
vn -0.4892 0.4882 0.7227
vn -0.5312 0.4795 0.6986
vn -0.0628 -0.1191 0.9909
vn -0.0967 -0.0988 0.9904
vn -0.1502 -0.0939 0.9842
vn -0.2511 -0.0685 0.9655
vn -0.3455 0.1351 0.9287
vn -0.2487 0.9686 -0.0062
vn -0.2491 0.9685 -0.0057
vn -0.2543 0.9671 -0.0097
vn -0.2697 0.9629 -0.0115
vn -0.2708 0.9569 0.1047
vn -0.2804 0.8726 0.3998
vn -0.2907 0.7825 0.5507
vn -0.3399 0.3812 0.8597
vn -0.0639 0.9980 -0.0026
vn -0.0589 0.9983 -0.0052
vn -0.0822 0.9962 0.0299
vn -0.0589 -0.9983 -0.0000
vn -0.9465 -0.1871 -0.2629
vn -0.9755 -0.0873 -0.2018
vn -0.9808 -0.0119 -0.1945
vn -0.9946 -0.0057 -0.1033
vn -0.9961 -0.0697 -0.0539
vn -0.3160 -0.7468 -0.5852
vn -0.2842 -0.6287 -0.7239
vn -0.3963 -0.6785 -0.6185
vn -0.3433 -0.5481 -0.7627
vn -0.5072 -0.4608 -0.7283
vn -0.6116 -0.5527 -0.5660
vn -0.8855 -0.2622 -0.3836
vn -0.8281 -0.3551 -0.4337
vn -0.6847 -0.5749 -0.4479
vn -0.7027 -0.5453 -0.4571
vn -0.9008 -0.3376 -0.2729
vn -0.8752 -0.3819 -0.2970
vn -0.0650 -0.7373 -0.6724
vn -0.0361 -0.7685 -0.6388
vn -0.1696 -0.7085 -0.6850
vn -0.1103 -0.7005 -0.7051
vn -0.2945 -0.7658 -0.5717
vn -0.2531 -0.6778 -0.6903
vn -0.3182 -0.8103 -0.4920
vn -0.4103 -0.7742 -0.4819
vn -0.3847 -0.6333 -0.6715
vn -0.4554 -0.7690 -0.4486
vn -0.3867 -0.7005 -0.5998
vn -0.9225 -0.3727 -0.1004
vn -0.9345 -0.3523 -0.0513
vn -0.9419 -0.3353 -0.0214
vn -0.9270 -0.3388 -0.1611
vn -0.9525 -0.2949 -0.0757
vn -0.9793 -0.2016 0.0186
vn -0.9979 -0.0635 -0.0155
vn -0.9262 -0.3015 -0.2262
vn -0.9608 -0.2578 -0.1019
vn -0.9855 -0.1466 -0.0852
vn -0.9988 -0.0406 -0.0275
vn -0.9909 -0.0678 -0.1160
vn -1.0000 0.0053 -0.0081
vn -1.0000 0.0005 0.0006
vn -0.9950 0.0554 -0.0827
vn -0.9991 0.0257 -0.0333
vn -0.1598 -0.9771 -0.1403
vn -0.2535 -0.9635 -0.0866
vn -0.3083 -0.9503 -0.0441
vn -0.1758 -0.9268 -0.3319
vn -0.4035 -0.8863 -0.2272
vn -0.5033 -0.8357 -0.2200
vn -0.4284 -0.7666 -0.4784
vn -0.2404 -0.8891 -0.3895
vn -0.4241 -0.8342 -0.3525
vn -0.2873 -0.7922 -0.5384
vn -0.0254 -0.9819 -0.1878
vn -0.0384 -0.9917 -0.1225
vn -0.0494 -0.9967 -0.0639
vn -0.0469 -0.9472 -0.3173
vn -0.0452 -0.9563 -0.2887
vn -0.0285 -0.9712 -0.2366
vn -0.0302 -0.8643 -0.5021
vn -0.0417 -0.8835 -0.4666
vn -0.8365 -0.4672 -0.2865
vn -0.8055 -0.5414 -0.2409
vn -0.5624 -0.7876 -0.2519
vn -0.5992 -0.7610 -0.2485
vn -0.7500 -0.4710 -0.4645
vn -0.6668 -0.6152 -0.4206
vn -0.8042 -0.3977 -0.4417
vn -0.7166 -0.5937 -0.3660
vn -0.9509 -0.1471 -0.2723
vn -0.9726 -0.2210 -0.0719
vn -0.9802 -0.1500 -0.1294
vn -0.9346 -0.3374 -0.1126
vn -0.9490 -0.3055 -0.0782
vn -0.9653 -0.2572 -0.0457
vn -0.9982 -0.0447 -0.0411
vn -0.5097 -0.6469 -0.5672
vn -0.4207 -0.5387 -0.7299
vn -0.6040 -0.6070 -0.5165
vn -0.6381 -0.4481 -0.6261
vn -0.7706 -0.5331 -0.3493
vn -0.7306 -0.4834 -0.4823
vn -0.9642 -0.1588 -0.2125
vn -0.9349 -0.1989 -0.2941
vn -0.7961 -0.5368 -0.2794
vn -0.8227 -0.4905 -0.2872
vn -0.9253 -0.3251 -0.1952
vn -0.8531 -0.4127 -0.3193
vn -0.9621 -0.2262 -0.1525
vn -0.9569 -0.2218 -0.1875
vn -0.7495 -0.6207 -0.2304
vn -0.7872 -0.5854 -0.1938
vn -0.7787 -0.5811 -0.2366
vn -0.8568 -0.4889 -0.1640
vn -0.8184 -0.5273 -0.2283
vn -0.9204 -0.3703 -0.1255
vn -0.9175 -0.3744 -0.1342
vn -0.7697 -0.6019 -0.2128
vn -0.9053 -0.3813 -0.1872
vn -0.8272 -0.5313 -0.1832
vn -0.1489 -0.8637 -0.4815
vn -0.1858 -0.7711 -0.6090
vn -0.1205 -0.7331 -0.6693
vn -0.2482 -0.8472 -0.4697
vn -0.1838 -0.7406 -0.6463
vn -0.3176 -0.8760 -0.3629
vn -0.4062 -0.8310 -0.3800
vn -0.3620 -0.7008 -0.6146
vn -0.4497 -0.8534 -0.2634
vn -0.4793 -0.8193 -0.3145
vn -0.4400 -0.7341 -0.5172
vn -0.4021 -0.8824 -0.2443
vn -0.6861 -0.6888 -0.2341
vn -0.6095 -0.7541 -0.2446
vn -0.9567 -0.2851 -0.0592
vn -0.9432 -0.2267 -0.2428
vn -0.9682 -0.2407 -0.0677
vn -0.9594 -0.2771 0.0527
vn -0.9271 -0.3574 0.1131
vn -0.9736 -0.0870 -0.2112
vn -0.9982 -0.0239 -0.0549
vn -0.9998 -0.0176 0.0112
vn -0.9976 -0.0613 0.0316
vn -0.9855 -0.1562 0.0668
vn -0.9726 -0.2310 0.0260
vn -0.9648 -0.2617 0.0262
vn -0.9587 -0.2836 0.0212
vn -0.9957 0.0103 -0.0920
vn -1.0000 -0.0000 0.0003
vn -0.0629 -0.9973 -0.0372
vn -0.3497 -0.7841 -0.5128
vn -0.2866 -0.7031 -0.6508
vn -0.5722 -0.7596 0.3091
vn -0.3678 -0.9044 0.2164
vn -0.6317 -0.7419 0.2247
vn -0.5009 -0.8493 0.1666
vn -0.7121 -0.6775 0.1840
vn -0.4544 -0.8809 0.1323
vn -0.7897 -0.6008 0.1244
vn -0.0633 -0.9898 -0.1280
vn -0.1178 -0.9905 0.0711
vn -0.0655 -0.8057 -0.5888
vn -0.0395 -0.8497 -0.5258
vn -0.2767 -0.9240 0.2637
vn -0.1426 -0.9568 0.2535
vn -0.3065 -0.9101 0.2787
vn -0.2859 -0.9311 0.2265
vn -0.2823 -0.9457 0.1609
vn -0.2504 -0.9612 0.1157
vn -0.2219 -0.9727 0.0672
vn -0.9484 -0.3012 -0.0994
vn -0.9726 -0.2252 -0.0580
vn -0.9555 -0.2950 0.0095
vn -0.9553 -0.2955 -0.0065
vn -0.9584 -0.2848 -0.0201
vn -0.9644 -0.2630 -0.0274
vn -0.9723 -0.2320 -0.0275
vn -0.9854 -0.1562 -0.0684
vn -0.9977 -0.0584 -0.0335
vn -0.9999 -0.0128 -0.0113
vn -0.9999 -0.0171 0.0017
vn -1.0000 -0.0022 -0.0017
vn -0.4004 -0.8611 -0.3135
vn -0.5955 -0.7637 -0.2492
vn -0.3870 -0.8594 -0.3342
vn -0.7906 -0.5469 -0.2754
vn -0.6978 -0.6628 -0.2715
vn -0.4799 -0.8769 0.0257
vn -0.7040 -0.7098 0.0262
vn -0.4849 -0.8704 -0.0851
vn -0.7415 -0.6663 -0.0793
vn -0.4861 -0.8565 -0.1738
vn -0.8516 -0.5039 -0.1443
vn -0.7262 -0.6646 -0.1759
vn -0.1707 -0.9439 -0.2826
vn -0.2360 -0.9209 -0.3101
vn -0.2060 -0.9784 0.0181
vn -0.2108 -0.9771 -0.0301
vn -0.2351 -0.9689 -0.0777
vn -0.2697 -0.9548 -0.1250
vn -0.3065 -0.9365 -0.1702
vn -0.2962 -0.9195 -0.2585
vn -0.2405 -0.8999 -0.3637
vn -0.9390 -0.3133 -0.1417
vn -0.9589 -0.2806 -0.0424
vn -0.9610 -0.2544 0.1081
vn -0.9472 -0.2240 0.2293
vn -0.9948 -0.0898 -0.0476
vn -0.9962 -0.0010 0.0876
vn -0.9796 -0.1123 0.1665
vn -0.9792 -0.1511 0.1356
vn -1.0000 0.0034 0.0031
vn -0.9967 -0.0591 0.0560
vn -0.9797 -0.1925 0.0560
vn -0.9961 -0.0863 0.0170
vn -0.4779 -0.8447 -0.2411
vn -0.4577 -0.8830 -0.1044
vn -0.5340 -0.8391 -0.1037
vn -0.5009 -0.8514 0.1554
vn -0.4304 -0.8409 0.3282
vn -0.6664 -0.5396 0.5146
vn -0.6267 -0.6615 0.4119
vn -0.8037 -0.4275 0.4140
vn -0.8552 -0.3899 0.3415
vn -0.8449 -0.4547 0.2818
vn -0.9450 -0.2310 0.2316
vn -0.8779 -0.4361 0.1976
vn -0.9509 -0.2523 0.1793
vn -0.9491 -0.2711 0.1603
vn -0.9504 -0.2941 0.1016
vn -0.2518 -0.9135 -0.3195
vn -0.2035 -0.9274 -0.3137
vn -0.1354 -0.9701 0.2012
vn -0.1408 -0.9589 0.2464
vn -0.1482 -0.9248 0.3505
vn -0.1496 -0.9543 0.2586
vn -0.3740 -0.7640 0.5257
vn -0.4493 -0.8614 0.2368
vn -0.4315 -0.8786 0.2047
vn -0.4079 -0.8996 0.1559
vn -0.9532 -0.2729 -0.1301
vn -0.9610 -0.2764 0.0082
vn -0.9597 -0.2810 -0.0109
vn -0.9624 -0.2698 -0.0320
vn -0.9673 -0.2494 -0.0464
vn -0.9769 -0.2010 -0.0728
vn -0.9919 -0.1153 -0.0534
vn -0.9987 -0.0424 -0.0287
vn -0.9960 -0.0872 -0.0173
vn -0.9976 -0.0690 -0.0032
vn -0.9992 -0.0373 -0.0127
vn -1.0000 -0.0026 -0.0032
vn -0.9009 -0.4211 0.1049
vn -0.8809 -0.4546 -0.1317
vn -0.8608 -0.4724 -0.1893
vn -0.9160 -0.3966 0.0606
vn -0.9140 -0.4057 0.0094
vn -0.9105 -0.4110 -0.0443
vn -0.9044 -0.4160 -0.0951
vn -0.8978 -0.4155 -0.1462
vn -0.8898 -0.4089 -0.2024
vn -0.9291 -0.3598 0.0857
vn -0.9527 -0.3010 0.0411
vn -0.9026 -0.4305 -0.0019
vn -0.9277 -0.3733 -0.0078
vn -0.9043 -0.4181 -0.0860
vn -0.9144 -0.3970 -0.0787
vn -0.9076 -0.3972 -0.1358
vn -0.4027 -0.9088 0.1090
vn -0.6166 -0.7708 -0.1599
vn -0.5153 -0.8144 -0.2669
vn -0.6664 -0.7034 -0.2474
vn -0.5016 -0.8149 -0.2902
vn -0.7477 -0.6046 -0.2748
vn -0.6604 -0.6988 -0.2748
vn -0.6982 -0.7058 0.1198
vn -0.4762 -0.8770 0.0640
vn -0.8872 -0.4550 0.0764
vn -0.5426 -0.8399 -0.0141
vn -0.8892 -0.4574 0.0135
vn -0.8945 -0.4441 -0.0509
vn -0.5791 -0.8087 -0.1037
vn -0.8971 -0.4323 -0.0905
vn -0.7550 -0.6471 -0.1056
vn -0.9928 -0.1180 -0.0220
vn -0.9990 -0.0422 -0.0122
vn -0.9663 -0.2410 -0.0898
vn -0.9853 -0.1508 -0.0804
vn -0.9965 -0.0669 0.0497
vn -0.9956 -0.0910 0.0210
vn -0.9862 -0.1243 -0.1094
vn -0.9967 -0.0663 -0.0478
vn -0.9999 -0.0084 0.0076
vn -0.7002 -0.5906 -0.4013
vn -0.7662 -0.5261 -0.3691
vn -0.8760 -0.3771 -0.3006
vn -0.7722 -0.5692 -0.2822
vn -0.7483 -0.5722 -0.3357
vn -0.8082 -0.5027 -0.3067
vn -0.8997 -0.3574 -0.2508
vn -0.8579 -0.4262 -0.2869
vn -0.5505 -0.7761 -0.3075
vn -0.4139 -0.8132 -0.4091
vn -0.6106 -0.6951 -0.3795
vn -0.5839 -0.6977 -0.4150
vn -0.9969 -0.0013 -0.0785
vn -0.9982 0.0073 -0.0590
vn -0.9994 0.0259 0.0214
vn -0.9963 -0.0699 -0.0496
vn -0.9994 -0.0190 -0.0283
vn -0.9972 0.0364 0.0645
vn -0.9980 0.0616 0.0139
vn -0.9997 -0.0206 -0.0095
vn -0.9981 -0.0090 0.0616
vn -0.9992 -0.0358 0.0153
vn -0.9973 -0.0726 0.0086
vn -0.0359 -0.8518 -0.5227
vn -0.0385 -0.9937 -0.1057
vn -0.0333 -0.9931 0.1122
vn -0.0357 -0.9925 0.1169
vn -0.0254 -0.4795 -0.8772
vn -0.0038 -0.8517 -0.5240
vn -0.0022 -0.9951 -0.0990
vn -0.0006 -0.9937 0.1121
vn -0.0034 -0.4734 -0.8808
vn -0.0000 -0.8521 -0.5234
vn 0.0001 -0.9952 -0.0976
vn -0.0001 -0.9937 0.1121
vn -0.0002 -0.9946 0.1039
vn -0.0000 -0.4727 -0.8812
vn 0.0004 -0.8519 -0.5236
vn 0.0001 -0.9952 -0.0977
vn -0.0000 -0.9937 0.1121
vn 0.0009 -0.4727 -0.8812
vn 0.0001 -0.8518 -0.5239
vn -0.0003 -0.9952 -0.0982
vn -0.0011 -0.9937 0.1118
vn -0.0011 -0.9946 0.1036
vn -0.0000 -0.4728 -0.8812
vn -0.0000 -0.8518 -0.5239
vn -0.0004 -0.9951 -0.0991
vn -0.0012 -0.9938 0.1112
vn -0.0000 -0.4728 -0.8811
vn 0.0001 -0.9950 -0.0996
vn -0.0000 -0.9938 0.1108
vn -0.0001 -0.9945 0.1045
vn -0.0000 -0.4729 -0.8811
vn -0.0001 -0.8518 -0.5239
vn 0.0003 -0.9951 -0.0992
vn 0.0010 -0.9938 0.1110
vn -0.0558 -0.9984 0.0024
vn 0.0146 -0.9997 -0.0207
vn -0.0282 -0.8809 0.4725
vn -0.0265 -0.5644 0.8250
vn -0.0178 -0.3279 0.9445
vn 0.0001 -0.8797 0.4755
vn -0.0036 -0.5699 0.8217
vn -0.0007 -0.5741 0.8188
vn -0.0027 -0.3312 0.9435
vn 0.0001 -0.8797 0.4756
vn -0.0000 -0.5750 0.8182
vn -0.0004 -0.9998 -0.0202
vn -0.0002 -0.9988 -0.0492
vn -0.0000 -0.8796 0.4758
vn 0.0017 -0.5737 0.8190
vn 0.0018 -0.3359 0.9419
vn -0.0000 -0.8795 0.4759
vn -0.0000 -0.5725 0.8199
vn 0.0001 -0.8795 0.4759
vn -0.0027 -0.5751 0.8181
vn -0.0046 -0.3412 0.9400
vn -0.0018 -0.5794 0.8150
vn 0.0395 -0.1134 -0.9928
vn 0.0420 0.1040 -0.9937
vn -0.0176 0.4795 -0.8774
vn -0.0409 0.8601 -0.5084
vn -0.0149 0.9615 -0.2742
vn -0.0035 1.0000 -0.0075
vn -0.0087 1.0000 -0.0028
vn -0.0010 0.4755 -0.8797
vn 0.0001 0.8527 -0.5225
vn 0.0171 0.9998 -0.0060
vn 0.0033 1.0000 -0.0060
vn -0.0000 0.4754 -0.8798
vn -0.0028 0.8517 -0.5241
vn -0.0000 1.0000 -0.0000
vn -0.0060 0.9629 -0.2699
vn -0.0041 1.0000 -0.0011
vn -0.0049 0.9999 0.0163
vn -0.0366 0.9992 -0.0132
vn -0.0131 0.9991 -0.0395
vn -0.0344 0.9990 -0.0300
vn -0.0011 0.4752 -0.8799
vn -0.0125 0.8437 -0.5367
vn -0.0417 0.9988 -0.0267
vn -0.0002 0.0553 -0.9985
vn -0.0016 0.4744 -0.8803
vn -0.0256 0.8231 -0.5673
vn -0.0392 0.9488 -0.3133
vn -0.0416 0.9967 -0.0703
vn -0.0798 0.9956 -0.0499
vn -0.1145 0.9909 -0.0706
vn 0.0005 0.4734 -0.8808
vn -0.0244 0.7910 -0.6113
vn -0.1148 0.9900 -0.0816
vn 0.0029 0.4733 -0.8809
vn -0.0131 0.7593 -0.6506
vn -0.0399 0.9189 -0.3925
vn -0.0654 0.9718 -0.2265
vn -0.1376 0.9820 -0.1296
vn -0.2007 0.9718 -0.1238
vn 0.0023 0.4733 -0.8809
vn -0.0115 0.7340 -0.6790
vn -0.1520 0.9687 -0.1962
vn -0.0210 -0.1722 0.9848
vn -0.1205 -0.1053 0.9871
vn -0.2295 0.8902 0.3935
vn -0.2150 0.8221 0.5271
vn -0.2725 0.4365 0.8575
vn -0.0198 0.9998 -0.0077
vn -0.0435 0.9990 -0.0117
vn -0.0523 0.9986 0.0060
vn -0.0957 0.9913 0.0902
vn -0.1391 0.9565 0.2565
vn -0.1962 0.8418 0.5029
vn -0.2036 0.4070 0.8905
vn -0.6999 0.2034 0.6847
vn -0.0945 0.9909 0.0961
vn -0.1594 0.9059 0.3924
vn -0.1361 -0.2595 0.9561
vn -0.2371 0.8346 0.4973
vn -0.1830 0.7764 0.6030
vn -0.0864 -0.0000 0.9963
vn -0.0591 0.9978 -0.0310
vn -0.0914 0.9952 -0.0351
vn -0.1172 0.9930 -0.0174
vn -0.1267 0.9852 0.1159
vn -0.1966 0.9148 0.3527
vn -0.2636 0.8695 0.4176
vn -0.0590 -0.2826 0.9574
vn -0.2519 0.6763 0.6922
vn -0.0314 -0.0208 0.9993
vn -0.2122 0.9733 0.0876
vn -0.0137 -0.2037 0.9789
vn -0.0195 -0.2657 0.9639
vn -0.2684 0.4676 0.8422
vn -0.0640 -0.0473 0.9968
vn -0.1447 0.9873 -0.0664
vn -0.1875 0.9794 -0.0749
vn -0.2241 0.9730 -0.0558
vn -0.2307 0.9417 0.2449
vn -0.3240 0.8123 0.4850
vn -0.3353 0.6171 0.7119
vn -0.1532 -0.1836 0.9710
vn -0.3293 0.7969 0.5064
vn -0.2361 0.2418 0.9412
vn -0.2325 0.9671 -0.1031
vn -0.2700 0.9569 -0.1072
vn -0.4056 0.7000 0.5879
vn -0.0571 0.0534 0.9969
vn -0.3220 0.9417 -0.0974
vn -0.3371 0.9405 0.0432
vn -0.4045 0.8567 0.3201
vn -0.4835 0.7059 0.5176
vn -0.4499 0.8423 0.2969
vn -0.3549 0.4006 0.8447
vn -0.8371 0.1680 0.5206
vn -0.0421 -0.9991 -0.0000
vn -0.0141 -0.9999 -0.0000
vn 0.0004 -1.0000 -0.0000
vn 0.0001 -1.0000 -0.0000
vn 0.0005 -1.0000 -0.0000
vn 0.0010 -1.0000 -0.0000
vn -0.0012 -1.0000 -0.0000
vn -0.0534 -0.7645 -0.6424
vn -0.0268 -0.7941 -0.6072
vn -0.0995 -0.7594 -0.6429
vn -0.0800 -0.7432 -0.6642
vn -0.1071 -0.8105 -0.5759
vn -0.1489 -0.8082 -0.5698
vn -0.1265 -0.7916 -0.5978
vn -0.1807 -0.8549 -0.4864
vn -0.0466 -0.7864 -0.6159
vn -0.0229 -0.8170 -0.5762
vn 0.0129 -0.8001 -0.5998
vn 0.0176 -0.8279 -0.5606
vn -0.0264 -0.7701 -0.6373
vn -0.0131 -0.7639 -0.6452
vn -0.0130 -0.7881 -0.6154
vn -0.0060 -0.8360 -0.5488
vn 0.0231 -0.8648 -0.5016
vn 0.3458 -0.8024 -0.4865
vn 0.3138 -0.6793 -0.6634
vn 0.4169 -0.7671 -0.4877
vn 0.4065 -0.6007 -0.6884
vn 0.9385 -0.2768 -0.2065
vn 0.4652 -0.7736 -0.4303
vn 0.4591 -0.5597 -0.6899
vn 0.9505 -0.2350 -0.2035
vn 0.9872 -0.1194 -0.1055
vn 0.2959 -0.8366 -0.4611
vn 0.7764 -0.5140 -0.3647
vn 0.9605 -0.2399 -0.1411
vn 0.9967 -0.0550 -0.0602
vn 0.3839 -0.6686 -0.6369
vn 0.9175 -0.3541 -0.1810
vn 0.9767 -0.1992 -0.0797
vn 0.9994 -0.0308 -0.0183
vn 0.0291 -0.9902 -0.1364
vn 0.0051 -0.9280 -0.3725
vn 0.0230 -0.9628 -0.2694
vn -0.0007 -0.8664 -0.4993
vn 0.0017 -0.9058 -0.4237
vn -0.0106 -0.9910 -0.1331
vn 0.0191 -0.9268 -0.3751
vn -0.0020 -0.9611 -0.2763
vn 0.0165 -0.8783 -0.4778
vn 0.0219 -0.9090 -0.4163
vn 0.1554 -0.9774 -0.1434
vn 0.2456 -0.9652 -0.0898
vn 0.2988 -0.9532 -0.0456
vn 0.3910 -0.8902 -0.2339
vn 0.4908 -0.8428 -0.2210
vn 0.4191 -0.7742 -0.4743
vn 0.9065 -0.4075 -0.1103
vn 0.9214 -0.3846 -0.0561
vn 0.9305 -0.3656 -0.0228
vn 0.2427 -0.8912 -0.3833
vn 0.4152 -0.8389 -0.3519
vn 0.7978 -0.5303 -0.2869
vn 0.9425 -0.3235 -0.0839
vn 0.9620 -0.2705 -0.0368
vn 0.9792 -0.1915 -0.0670
vn 0.9942 -0.1047 -0.0253
vn 0.9974 -0.0711 -0.0097
vn 0.9096 -0.3557 -0.2148
vn 0.9523 -0.2843 -0.1109
vn 0.9820 -0.1642 -0.0938
vn 0.9984 -0.0473 -0.0305
vn 0.9999 -0.0097 -0.0059
vn 1.0000 -0.0013 -0.0012
vn 1.0000 0.0005 -0.0004
vn 1.0000 0.0010 -0.0001
vn 0.9792 -0.1662 -0.1165
vn 0.9986 -0.0404 -0.0346
vn 1.0000 -0.0016 -0.0018
vn 1.0000 0.0042 0.0040
vn 0.9999 -0.0109 -0.0122
vn 1.0000 0.0013 -0.0000
vn 0.9998 0.0151 -0.0121
vn 1.0000 0.0011 -0.0014
vn -0.4365 0.8989 -0.0377
vn -0.5686 0.7934 0.2173
vn -0.3273 -0.5669 -0.7560
vn -0.2016 -0.7649 -0.6118
vn -0.3713 -0.5542 -0.7450
vn -0.2897 -0.7540 -0.5895
vn -0.1382 -0.9066 -0.3986
vn -0.3666 -0.6632 -0.6525
vn -0.2771 -0.7391 -0.6139
vn -0.4590 -0.8096 -0.3659
vn -0.4306 -0.8656 -0.2558
vn -0.3556 -0.8978 -0.2599
vn -0.2568 -0.9310 -0.2594
vn -0.6656 -0.4958 -0.5579
vn -0.6145 -0.4910 -0.6176
vn -0.0257 -0.9807 -0.1937
vn -0.4066 -0.8259 -0.3906
vn -0.3055 -0.9092 -0.2828
vn -0.1371 -0.9767 -0.1653
vn -0.0034 -0.9904 -0.1379
vn -0.0556 -0.9842 -0.1682
vn -0.0340 -0.9861 -0.1628
vn -0.6509 -0.4752 -0.5921
vn -0.5705 -0.4916 -0.6579
vn -0.0054 -0.9863 -0.1649
vn -0.3662 -0.8355 -0.4096
vn -0.2607 -0.9226 -0.2842
vn -0.0673 -0.9923 -0.1039
vn -0.0068 -0.9940 -0.1087
vn 0.0043 -0.9906 -0.1364
vn -0.6462 -0.4069 -0.6456
vn -0.5402 -0.4368 -0.7193
vn -0.3214 -0.8411 -0.4351
vn -0.2352 -0.9159 -0.3253
vn -0.0853 -0.9900 -0.1121
vn -0.4947 -0.4005 -0.7713
vn -0.2062 -0.8982 -0.3882
vn -0.0571 -0.9890 -0.1365
vn -0.0065 -0.9987 -0.0510
vn -0.0015 -0.9952 -0.0979
vn -0.0017 -0.9846 -0.1747
vn -0.3571 -0.6491 -0.6717
vn -0.5330 -0.2866 -0.7961
vn -0.4517 -0.6436 -0.6179
vn -0.1698 -0.8936 -0.4156
vn -0.1247 -0.9432 -0.3078
vn -0.1121 -0.9132 -0.3919
vn -0.0636 -0.9731 -0.2213
vn -0.0103 -0.9997 -0.0222
vn 0.0001 -0.9990 -0.0450
vn 0.0002 -0.9952 -0.0983
vn 0.0001 -0.9847 -0.1740
vn -0.1061 -0.9308 -0.3498
vn -0.0477 -0.9863 -0.1577
vn -0.0211 -0.8261 -0.5631
vn -0.0040 -0.7858 -0.6185
vn -0.0353 -0.9099 -0.4134
vn -0.0207 -0.8613 -0.5077
vn -0.1723 -0.9653 -0.1963
vn -0.1157 -0.9299 -0.3492
vn 0.0013 -0.8305 -0.5571
vn 0.0007 -0.7906 -0.6124
vn -0.0080 -0.9691 -0.2467
vn 0.0008 -0.9412 -0.3379
vn -0.0005 -0.8304 -0.5572
vn -0.0003 -0.7903 -0.6127
vn -0.0004 -0.9120 -0.4103
vn -0.0002 -0.8679 -0.4968
vn -0.0009 -0.9709 -0.2395
vn -0.0010 -0.9415 -0.3371
vn -0.0000 -0.8305 -0.5570
vn -0.0000 -0.7904 -0.6126
vn -0.0000 -0.9708 -0.2398
vn -0.0001 -0.9415 -0.3370
vn -0.0225 -0.9721 -0.2336
vn -0.0699 -0.9963 0.0498
vn -0.0663 -0.9686 0.2395
vn 0.0022 -0.8172 -0.5763
vn 0.0019 -0.8604 -0.5095
vn -0.0629 -0.9545 0.2916
vn -0.0653 -0.9695 0.2364
vn -0.0673 -0.9890 0.1316
vn -0.0055 -0.9621 -0.2725
vn -0.0088 -0.9996 0.0263
vn -0.0070 -0.9630 0.2695
vn -0.0019 -0.8586 -0.5127
vn -0.0047 -0.9633 0.2683
vn -0.0002 -0.9611 -0.2762
vn 0.0004 -0.9997 0.0263
vn 0.0007 -0.9622 0.2722
vn 0.0002 -0.8158 -0.5783
vn -0.0005 -0.8574 -0.5146
vn 0.0007 -0.9631 0.2690
vn 0.0002 -0.9760 0.2177
vn -0.0001 -0.9914 0.1309
vn -0.0000 -0.9612 -0.2760
vn -0.0002 -0.9996 0.0267
vn 0.0001 -0.9621 0.2726
vn -0.0000 -0.8574 -0.5146
vn 0.0005 -0.9630 0.2695
vn -0.0000 -0.9611 -0.2763
vn -0.0000 -0.9996 0.0267
vn 0.0002 -0.9620 0.2732
vn -0.0002 -0.8155 -0.5788
vn -0.0000 -0.8576 -0.5143
vn 0.0006 -0.9628 0.2703
vn 0.0007 -0.9762 0.2171
vn 0.0006 -0.9914 0.1309
vn -0.0000 -0.9610 -0.2765
vn -0.0001 -0.9996 0.0267
vn -0.0002 -0.9619 0.2734
vn -0.0000 -0.8578 -0.5140
vn -0.0003 -0.9627 0.2706
vn -0.0000 -0.9610 -0.2764
vn 0.0002 -0.9996 0.0267
vn 0.0003 -0.9619 0.2733
vn -0.0000 -0.8578 -0.5139
vn 0.0003 -0.9628 0.2704
vn -0.0000 -0.9761 0.2174
vn -0.0002 -0.9914 0.1307
vn 0.0001 -0.9611 -0.2761
vn 0.0004 -0.9996 0.0270
vn 0.0006 -0.9619 0.2734
vn -0.0642 -0.9484 -0.3104
vn -0.0710 -0.9973 0.0199
vn -0.0705 -0.9933 -0.0912
vn -0.0702 -0.9771 -0.2010
vn -0.0005 -0.9514 -0.3080
vn -0.0001 -0.9998 0.0195
vn -0.0001 -0.9959 -0.0910
vn -0.0002 -0.9793 -0.2024
vn -0.0003 -0.9513 -0.3082
vn 0.0005 -0.9998 0.0195
vn 0.0002 -0.9958 -0.0911
vn -0.0000 -0.9793 -0.2027
vn -0.0011 -0.9512 -0.3084
vn -0.0004 -0.9998 0.0193
vn -0.0006 -0.9958 -0.0913
vn -0.0008 -0.9792 -0.2028
vn -0.0653 -0.9352 -0.3480
vn -0.0785 -0.9648 -0.2511
vn -0.0494 -0.9760 0.2119
vn -0.0123 -0.9521 0.3056
vn -0.0143 -0.9560 0.2930
vn -0.0678 -0.9766 0.2041
vn -0.0160 -0.9649 -0.2622
vn -0.0124 -0.9653 0.2608
vn -0.0000 -0.9356 -0.3531
vn 0.0010 -0.9623 -0.2720
vn 0.0009 -0.9619 0.2733
vn 0.0010 -0.9442 0.3295
vn 0.0006 -0.9567 0.2911
vn -0.0006 -0.9825 0.1860
vn 0.0001 -0.9623 -0.2721
vn 0.0010 -0.9617 0.2741
vn -0.0002 -0.9361 -0.3518
vn 0.0003 -0.9624 -0.2716
vn 0.0009 -0.9615 0.2749
vn 0.0004 -0.9446 0.3284
vn -0.0004 -0.9569 0.2903
vn 0.0002 -0.9825 0.1861
vn 0.0001 -0.9630 -0.2696
vn 0.0010 -0.9617 0.2742
vn -0.0013 -0.9361 -0.3516
vn -0.0008 -0.9636 -0.2673
vn 0.0002 -0.9619 0.2734
vn 0.0057 -0.9426 0.3339
vn 0.0196 -0.9537 0.3003
vn 0.0487 -0.9774 0.2058
vn -0.0013 -0.9636 -0.2673
vn 0.0008 -0.9612 0.2760
vn -0.1490 -0.9591 -0.2408
vn -0.2530 -0.9263 -0.2792
vn -0.1470 -0.9849 0.0912
vn -0.2050 -0.9763 -0.0687
vn -0.3147 -0.9418 -0.1184
vn -0.3174 -0.9177 -0.2388
vn -0.2451 -0.8846 -0.3967
vn -0.0130 -0.9565 -0.2915
vn -0.0188 -0.9413 -0.3371
vn -0.0091 -0.9932 -0.1163
vn -0.0104 -0.9846 -0.1744
vn -0.0100 -0.9755 -0.2200
vn -0.0102 -0.9662 -0.2577
vn -0.0065 -0.9591 -0.2830
vn -0.0020 -0.9977 0.0681
vn -0.0116 -0.9989 -0.0464
vn -0.0200 -0.9843 -0.1756
vn 0.1067 -0.9639 -0.2440
vn 0.0058 -0.9974 0.0721
vn 0.0334 -0.9989 -0.0323
vn 0.0691 -0.9840 -0.1640
vn 0.7906 -0.6083 -0.0705
vn 0.9122 -0.4020 0.0798
vn 0.9463 -0.3002 0.1204
vn 0.9597 -0.0994 0.2630
vn 0.9333 0.0028 0.3591
vn 0.9438 0.0028 0.3306
vn 0.9278 -0.0189 0.3726
vn 0.9265 0.0035 0.3763
vn 0.4915 -0.8607 0.1326
vn 0.7958 -0.6047 0.0317
vn 0.8959 -0.2809 0.3442
vn 0.7237 -0.3811 0.5754
vn 0.8880 -0.0151 0.4597
vn 0.9007 -0.0055 0.4345
vn 0.9125 0.0013 0.4091
vn 0.8920 -0.0026 0.4521
vn 0.8950 0.0044 0.4460
vn 0.1010 -0.9891 0.1069
vn 0.1712 -0.9849 0.0257
vn 0.8268 -0.3713 0.4226
vn 0.2880 -0.6751 0.6792
vn 0.8474 -0.0594 0.5276
vn 0.8653 -0.0336 0.5002
vn 0.8479 -0.0005 0.5302
vn 0.8455 0.0053 0.5340
vn 0.8118 -0.5482 0.2010
vn 0.6938 -0.3504 0.6292
vn 0.8046 -0.1119 0.5832
vn 0.8226 -0.0790 0.5631
vn 0.8024 -0.0043 0.5968
vn 0.8082 0.0047 0.5889
vn -0.2700 -0.8868 -0.3751
vn -0.1882 -0.8841 -0.4277
vn -0.0246 -0.9269 -0.3746
vn 0.0058 -0.9257 -0.3782
vn 0.0294 -0.9231 -0.3834
vn 0.8255 -0.5390 -0.1675
vn 0.9828 -0.1831 -0.0223
vn 0.9982 -0.0292 0.0516
vn 0.9865 -0.0193 0.1626
vn 0.9925 -0.0030 0.1225
vn 0.9864 -0.0025 0.1642
vn 0.9877 0.0010 0.1564
vn 0.9986 -0.0001 0.0521
vn 0.9874 -0.0007 0.1580
vn 0.4498 -0.8736 -0.1858
vn 0.8201 -0.5722 0.0099
vn 0.9658 -0.1875 0.1791
vn 0.9807 -0.0505 0.1890
vn 0.9727 -0.0245 0.2308
vn 0.9642 -0.0096 0.2649
vn 0.9774 0.0022 0.2112
vn 0.9592 -0.0038 0.2826
vn 0.9762 0.0019 0.2169
vn 0.9866 0.1548 0.0516
vn 0.9873 0.1127 0.1120
vn 0.9942 0.0937 0.0534
vn 0.9865 0.0508 0.1554
vn 0.9941 0.0536 0.0938
vn 0.9994 0.0259 0.0251
vn 0.9999 -0.0047 -0.0100
vn 1.0000 0.0029 -0.0027
vn 0.9979 0.0511 0.0397
vn 0.9895 0.1143 0.0879
vn 0.9746 0.1900 0.1189
vn 0.9678 0.2268 0.1095
vn 0.9680 0.2254 0.1107
vn 0.9885 0.1075 0.1067
vn 0.9739 0.1807 0.1377
vn 0.9894 0.0888 0.1148
vn 0.9994 0.0172 0.0291
vn 0.9744 0.1183 0.1911
vn 0.9739 0.1381 0.1799
vn 0.9676 0.1072 0.2286
vn 0.9675 0.1091 0.2281
vn 0.0003 -0.9951 -0.0984
vn 0.0009 -0.9938 0.1115
vn 0.0008 -0.9946 0.1036
vn -0.0001 -0.8517 -0.5240
vn -0.0001 -0.9952 -0.0980
vn -0.0001 -0.9937 0.1118
vn -0.0003 -0.8518 -0.5239
vn -0.0001 -0.9952 -0.0979
vn -0.0000 -0.9937 0.1117
vn -0.0001 -0.4727 -0.8812
vn -0.0006 -0.8519 -0.5237
vn -0.0002 -0.9952 -0.0975
vn 0.0001 -0.9937 0.1118
vn -0.0005 -0.4721 -0.8815
vn -0.0000 -0.8520 -0.5235
vn -0.0000 -0.9953 -0.0972
vn 0.0001 -0.9937 0.1119
vn 0.0001 -0.9946 0.1036
vn -0.0000 -0.4716 -0.8818
vn -0.0001 -0.9953 -0.0972
vn 0.0001 -0.8520 -0.5235
vn -0.0000 -0.9953 -0.0973
vn -0.0001 -0.9937 0.1117
vn -0.0000 -0.4717 -0.8818
vn -0.0001 -0.8520 -0.5235
vn -0.0001 -0.9952 -0.0974
vn -0.0002 -0.9938 0.1116
vn -0.0005 -0.4721 -0.8816
vn 0.0001 -0.9998 -0.0202
vn -0.0000 -0.8794 0.4760
vn -0.0005 -0.5819 0.8133
vn -0.0022 -0.3485 0.9373
vn -0.0000 -0.8794 0.4761
vn -0.0002 -0.5829 0.8125
vn 0.0001 -0.8793 0.4762
vn -0.0016 -0.5849 0.8111
vn -0.0043 -0.3606 0.9327
vn -0.0000 -0.8794 0.4762
vn -0.0036 -0.5896 0.8077
vn -0.0002 -0.8793 0.4762
vn -0.0026 -0.5954 0.8034
vn -0.0065 -0.3721 0.9282
vn 0.0001 -0.8792 0.4765
vn -0.0000 -0.5986 0.8011
vn 0.0005 -0.8790 0.4769
vn -0.0002 -0.6003 0.7998
vn -0.0036 -0.3916 0.9201
vn 0.0003 -0.8789 0.4771
vn -0.0018 -0.6035 0.7974
vn 0.0002 0.0581 -0.9983
vn 0.0003 0.4725 -0.8813
vn -0.0112 0.7123 -0.7018
vn -0.0358 0.8678 -0.4956
vn -0.0674 0.9229 -0.3791
vn -0.1562 0.9499 -0.2706
vn -0.2568 0.9465 -0.1956
vn -0.0008 0.4721 -0.8816
vn -0.0070 0.6955 -0.7185
vn -0.1651 0.9257 -0.3404
vn -0.1812 0.9066 -0.3811
vn -0.2055 0.9283 -0.3099
vn -0.0085 0.4700 -0.8826
vn -0.0189 0.6813 -0.7318
vn -0.0471 0.7988 -0.5998
vn -0.0811 0.8618 -0.5008
vn -0.1385 0.8710 -0.4714
vn -0.1977 0.8929 -0.4045
vn -0.2833 0.9022 -0.3252
vn -0.0320 0.4606 -0.8870
vn -0.0521 0.6639 -0.7460
vn -0.1517 0.8421 -0.5176
vn -0.1955 0.8576 -0.4758
vn -0.2661 0.8776 -0.3988
vn -0.0090 0.0354 -0.9993
vn -0.0455 0.4488 -0.8925
vn -0.0878 0.6492 -0.7555
vn -0.1221 0.6920 -0.7115
vn -0.1005 0.7518 -0.6517
vn -0.1249 0.7834 -0.6088
vn -0.0969 0.4019 -0.9106
vn -0.1261 0.6071 -0.7846
vn -0.1514 0.7339 -0.6621
vn -0.0778 0.3064 -0.9487
vn -0.1411 0.5598 -0.8165
vn -0.1911 0.7116 -0.6761
vn -0.2120 0.7263 -0.6539
vn -0.2401 0.7268 -0.6435
vn -0.0581 0.2075 -0.9765
vn -0.1366 0.4942 -0.8585
vn -0.2186 0.6595 -0.7192
vn -0.2519 0.7039 -0.6641
vn -0.0195 -0.2365 0.9714
vn -0.0371 -0.3120 0.9494
vn -0.1046 -0.3532 0.9297
vn -0.3156 0.9356 -0.1583
vn -0.3619 0.9232 -0.1291
vn -0.0197 -0.2692 0.9629
vn -0.0617 -0.3578 0.9318
vn -0.0145 -0.3019 0.9532
vn -0.0415 -0.3275 0.9439
vn -0.0637 -0.4187 0.9059
vn -0.2285 -0.3379 0.9130
vn -0.4755 0.6623 0.5790
vn -0.1753 -0.0776 0.9814
vn -0.2633 -0.2525 0.9311
vn -0.0705 -0.4165 0.9064
vn -0.0909 -0.4835 0.8706
vn -0.1020 -0.4399 0.8922
vn -0.1213 -0.4953 0.8602
vn -0.1351 -0.5141 0.8470
vn -0.1627 -0.5716 0.8042
vn -0.0010 -1.0000 -0.0000
vn -0.0001 -1.0000 -0.0000
vn -0.0019 -1.0000 -0.0000
vn -0.0007 -1.0000 -0.0000
vn -0.3618 0.8873 -0.2861
vn -0.3416 0.9123 -0.2258
vn -0.2882 0.8542 -0.4327
vn -0.3065 0.8754 -0.3738
vn -0.3593 0.8713 -0.3343
vn -0.2434 0.8045 -0.5417
vn -0.2815 0.8258 -0.4886
vn -0.3627 0.8472 -0.3883
vn -0.4084 0.8140 -0.4131
vn -0.3385 0.7953 -0.5029
vn -0.3999 0.7970 -0.4527
vn -0.2705 0.7589 -0.5923
vn -0.3204 0.7584 -0.5677
vn -0.4330 0.7386 -0.5167
vn -0.4496 0.8777 -0.1658
vn -0.4375 0.8897 -0.1301
vn -0.4826 0.8718 -0.0833
vn -0.4869 0.8629 0.1355
vn -0.5400 0.7545 0.3729
vn -0.3832 0.9061 -0.1790
vn -0.5589 0.8215 0.1128
vn -0.5789 0.8136 0.0538
vn -0.4291 0.8725 -0.2337
vn -0.4643 0.8597 -0.2131
vn -0.4986 0.8483 -0.1783
vn -0.5338 0.8326 -0.1480
vn -0.5943 0.8042 -0.0023
vn -0.5751 0.8007 -0.1679
vn -0.6170 0.7847 -0.0602
vn -0.5547 0.8076 -0.2001
vn -0.6473 0.7547 -0.1063
vn -0.6666 0.7325 -0.1380
vn -0.4625 0.8316 -0.3074
vn -0.5077 0.8246 -0.2496
vn -0.5668 0.7721 -0.2876
vn -0.5641 0.7883 -0.2457
vn -0.6095 0.7583 -0.2315
vn -0.4825 0.7852 -0.3881
vn -0.6731 0.6957 -0.2509
vn -0.4930 0.7545 -0.4332
vn -0.5528 0.7226 -0.4149
vn -0.6084 0.7267 -0.3191
vn -0.6248 0.6854 -0.3741
vn -0.6518 0.6945 -0.3047
vn -0.6951 0.6515 -0.3038
vn -0.7336 0.6362 -0.2388
vn -0.7717 0.5776 -0.2663
vn -0.5258 0.7104 -0.4678
vn -0.5607 0.7031 -0.4373
vn -0.7335 0.5962 -0.3264
vn -0.6182 0.6022 0.5051
vn -0.5673 0.7444 0.3521
vn -0.4512 0.2809 0.8471
vn -0.8196 0.1160 0.5610
vn -0.6407 0.7028 0.3092
vn -0.5924 0.4895 0.6399
vn -0.1275 -0.3231 0.9378
vn -0.6232 0.7493 0.2239
vn -0.6509 0.6537 0.3860
vn -0.7173 0.4774 0.5075
vn -0.8639 0.2404 0.4426
vn -0.6957 0.6996 0.1630
vn -0.3126 -0.6291 0.7117
vn -0.7011 0.6216 0.3494
vn -0.6772 0.5835 0.4482
vn -0.2580 -0.2963 0.9196
vn -0.6636 0.7414 0.0997
vn -0.6916 0.6604 0.2925
vn -0.7312 0.6162 0.2927
vn -0.7926 0.4914 0.3611
vn -0.8905 0.3369 0.3058
vn -0.7157 0.6957 0.0611
vn -0.7397 0.6282 0.2412
vn -0.1321 -0.5478 0.8261
vn -0.1512 -0.5904 0.7929
vn -0.2588 -0.4804 0.8380
vn -0.3333 -0.6149 0.7147
vn -0.7579 0.5914 0.2754
vn -0.7216 0.5963 0.3517
vn -0.2995 -0.3353 0.8932
vn -0.6190 0.7798 -0.0933
vn -0.7484 0.6388 0.1783
vn -0.7651 0.5815 0.2766
vn -0.7883 0.5594 0.2561
vn -0.8345 0.4617 0.3008
vn -0.9109 0.3173 0.2639
vn -0.7606 0.6347 -0.1367
vn -0.7855 0.6035 0.1369
vn -0.1734 -0.5680 0.8045
vn -0.1847 -0.6120 0.7690
vn -0.2180 -0.6328 0.7430
vn -0.3339 -0.4922 0.8039
vn -0.4317 -0.5886 0.6835
vn -0.7942 0.5546 0.2482
vn -0.8129 0.5406 0.2167
vn -0.7349 0.5886 0.3369
vn -0.4501 -0.2675 0.8519
vn -0.7741 0.6265 0.0910
vn -0.7942 0.5620 0.2309
vn -0.8344 0.5107 0.2071
vn -0.8774 0.4124 0.2453
vn -0.9557 0.2040 0.2123
vn -0.9899 -0.0000 0.1415
vn -0.8201 0.5710 0.0375
vn -0.1945 -0.6332 0.7492
vn -0.2331 -0.6555 0.7183
vn -0.2340 -0.6875 0.6874
vn -0.3044 -0.6560 0.6906
vn -0.4770 -0.5348 0.6975
vn -0.3065 -0.7139 0.6297
vn -0.5695 -0.6122 0.5485
vn -0.3652 -0.7723 0.5198
vn -0.8594 0.4811 0.1733
vn -0.8791 0.4485 0.1612
vn -0.8082 0.4785 0.3433
vn -0.3891 -0.4138 0.8230
vn -0.7563 0.6290 -0.1797
vn -0.8206 0.5708 -0.0283
vn -0.8453 0.5085 0.1639
vn -0.8957 0.4278 0.1211
vn -0.9407 0.2546 0.2241
vn -0.9761 0.0329 0.2147
vn -0.8031 0.5648 -0.1901
vn -0.8354 0.5443 -0.0766
vn -0.8884 0.4467 0.1053
vn -0.9031 0.4066 0.1386
vn -0.9253 0.3747 0.0581
vn -0.8528 0.5098 -0.1134
vn -0.8798 0.4750 0.0175
vn -0.9001 0.4153 0.1314
vn -0.2505 -0.7310 0.6347
vn -0.2768 -0.7450 0.6069
vn -0.4677 -0.7447 0.4762
vn -0.8355 0.5223 -0.1705
vn -0.8558 0.4991 -0.1362
vn -0.8888 0.4574 -0.0285
vn -0.9045 0.4154 0.0966
vn -0.9125 0.3772 0.1582
vn -0.9685 -0.1640 0.1876
vn -0.9783 0.2069 -0.0074
vn -0.9997 0.0227 0.0032
vn -0.9993 -0.0168 0.0328
vn -0.9926 0.1124 -0.0470
vn -0.9945 0.0181 -0.1036
vn -0.9798 -0.1122 -0.1654
vn -0.9268 -0.3690 -0.0700
vn -0.7901 -0.6130 -0.0090
vn -0.5668 -0.8212 -0.0668
vn -0.6006 -0.7670 -0.2260
vn -0.4040 -0.8254 0.3942
vn -0.5316 -0.6200 0.5770
vn -0.5558 -0.7779 0.2932
vn -0.4446 -0.8630 0.2398
vn -0.9340 0.3465 -0.0874
vn -0.6861 -0.6006 0.4106
vn -0.4526 -0.8350 0.3130
vn -0.7147 -0.6624 0.2246
vn -0.5412 -0.8366 0.0842
vn -0.4144 -0.9030 0.1138
vn -0.3463 -0.9329 0.0991
vn -0.3155 -0.9472 0.0575
vn -0.9371 0.3298 -0.1140
vn -0.9428 0.3043 -0.1358
vn -0.9339 0.3083 -0.1812
vn -0.9200 0.3261 -0.2173
vn -0.2332 -0.8243 -0.5159
vn -0.3186 -0.8277 -0.4620
vn -0.1152 -0.9358 -0.3331
vn -0.3310 -0.8521 -0.4054
vn -0.2359 -0.8914 -0.3870
vn -0.1443 -0.9368 -0.3188
vn -0.3464 -0.8731 -0.3430
vn -0.2477 -0.9163 -0.3146
vn -0.1575 -0.9482 -0.2761
vn -0.1656 -0.9414 -0.2938
vn -0.1459 -0.9408 -0.3060
vn -0.1714 -0.9399 -0.2952
vn -0.3079 -0.9234 -0.2292
vn -0.2131 -0.9479 -0.2367
vn -0.0725 -0.9905 -0.1167
vn -0.5413 -0.7963 -0.2700
vn -0.4193 -0.8773 -0.2336
vn -0.2378 -0.9489 -0.2077
vn -0.1600 -0.9682 -0.1921
vn -0.0321 -0.9988 -0.0381
vn -0.4311 -0.8984 -0.0837
vn -0.2670 -0.9551 -0.1285
vn -0.1537 -0.9777 -0.1430
vn -0.0537 -0.9971 -0.0546
vn -0.0065 -1.0000 -0.0013
vn -0.0733 -0.9476 -0.3109
vn -0.0331 -0.9947 -0.0974
vn -0.0013 -1.0000 -0.0002
vn 0.0004 -0.9990 -0.0446
vn 0.0006 -0.9951 -0.0987
vn 0.0005 -0.9847 -0.1743
vn -0.0203 -0.9986 -0.0485
vn -0.0923 -0.9654 -0.2438
vn -0.0110 -0.9998 -0.0164
vn -0.0000 -1.0000 0.0009
vn -0.0003 -0.9990 -0.0443
vn -0.0003 -0.9951 -0.0989
vn -0.0003 -0.9847 -0.1743
vn -0.0043 -1.0000 -0.0001
vn -0.0338 -0.9980 -0.0539
vn -0.0077 -0.9993 -0.0368
vn -0.0001 -0.9951 -0.0989
vn -0.0002 -0.9847 -0.1743
vn 0.0001 -0.9951 -0.0989
vn 0.0002 -0.9847 -0.1743
vn 0.0001 -0.9122 -0.4097
vn 0.0004 -0.9708 -0.2399
vn 0.0002 -0.9415 -0.3370
vn 0.0001 -0.7904 -0.6125
vn -0.0003 -0.9708 -0.2399
vn -0.0002 -0.9415 -0.3370
vn -0.0006 -0.8305 -0.5570
vn -0.0007 -0.7904 -0.6125
vn -0.0003 -0.9123 -0.4096
vn -0.0003 -0.8676 -0.4973
vn -0.0003 -0.9415 -0.3371
vn 0.0002 -0.8305 -0.5571
vn 0.0002 -0.7904 -0.6126
vn 0.0002 -0.9708 -0.2399
vn 0.0002 -0.9415 -0.3371
vn -0.0000 -0.9612 -0.2758
vn 0.0002 -0.9996 0.0272
vn 0.0003 -0.9619 0.2735
vn -0.0000 -0.8155 -0.5787
vn 0.0003 -0.9628 0.2702
vn 0.0003 -0.9762 0.2169
vn 0.0002 -0.9914 0.1305
vn 0.0001 -0.9613 -0.2756
vn 0.0002 -0.9996 0.0274
vn 0.0001 -0.8577 -0.5141
vn 0.0003 -0.9628 0.2703
vn 0.0004 -0.9616 -0.2746
vn 0.0020 -0.9996 0.0284
vn 0.0030 -0.9618 0.2738
vn 0.0002 -0.8156 -0.5787
vn 0.0031 -0.9628 0.2701
vn 0.0024 -0.9761 0.2175
vn 0.0022 -0.9915 0.1304
vn 0.0001 -0.9621 -0.2727
vn 0.0017 -0.9995 0.0304
vn 0.0028 -0.9616 0.2744
vn -0.0007 -0.8573 -0.5148
vn 0.0029 -0.9629 0.2697
vn -0.0002 -0.9624 -0.2718
vn -0.0001 -0.9995 0.0313
vn -0.0001 -0.9615 0.2748
vn -0.0007 -0.8151 -0.5793
vn -0.0005 -0.8576 -0.5143
vn -0.0001 -0.9630 0.2696
vn 0.0005 -0.9762 0.2168
vn 0.0007 -0.9915 0.1304
vn -0.0000 -0.9624 -0.2717
vn -0.0000 -0.9995 0.0313
vn -0.0001 -0.9615 0.2747
vn -0.0001 -0.9629 0.2697
vn -0.0000 -0.9624 -0.2716
vn 0.0001 -0.9995 0.0313
vn 0.0001 -0.9616 0.2746
vn 0.0002 -0.8153 -0.5791
vn 0.0001 -0.9629 0.2698
vn -0.0000 -0.9761 0.2172
vn -0.0001 -0.9915 0.1304
vn -0.0001 -0.9622 -0.2723
vn -0.0011 -0.9995 0.0308
vn -0.0014 -0.9615 0.2747
vn 0.0005 -0.8577 -0.5142
vn -0.0013 -0.9629 0.2700
vn -0.0001 -0.9512 -0.3086
vn 0.0002 -0.9998 0.0192
vn 0.0001 -0.9958 -0.0915
vn -0.0000 -0.9792 -0.2029
vn 0.0016 -0.9512 -0.3087
vn 0.0021 -0.9998 0.0191
vn 0.0019 -0.9958 -0.0916
vn 0.0016 -0.9792 -0.2031
vn 0.0005 -0.9511 -0.3088
vn 0.0007 -0.9998 0.0189
vn 0.0006 -0.9958 -0.0918
vn 0.0005 -0.9791 -0.2032
vn 0.0001 -0.9511 -0.3089
vn -0.0000 -0.9998 0.0189
vn 0.0001 -0.9958 -0.0917
vn 0.0002 -0.9791 -0.2033
vn -0.0003 -0.9359 -0.3521
vn -0.0009 -0.9632 -0.2689
vn 0.0039 -0.9589 0.2838
vn 0.0197 -0.9345 0.3553
vn 0.0457 -0.9430 0.3297
vn 0.0968 -0.9623 0.2543
vn -0.0000 -0.9629 -0.2700
vn 0.0028 -0.9566 0.2914
vn 0.6514 -0.1749 0.7383
vn 0.0013 -0.9356 -0.3530
vn -0.0001 -0.9623 -0.2720
vn -0.0007 -0.9553 0.2955
vn 0.0217 -0.9198 0.3919
vn 0.0626 -0.9238 0.3778
vn 0.1520 -0.9332 0.3255
vn 0.4254 -0.5522 0.7170
vn 0.5862 -0.2876 0.7574
vn 0.6611 -0.0611 0.7478
vn 0.6161 -0.1056 0.7806
vn 0.6639 -0.0090 0.7478
vn 0.6553 0.0103 0.7553
vn -0.0008 -0.9611 -0.2761
vn -0.0002 -0.9538 0.3003
vn 0.6185 -0.6626 0.4224
vn 0.5652 -0.0566 0.8230
vn 0.6017 -0.0743 0.7952
vn 0.5902 -0.0025 0.8072
vn 0.5991 0.0077 0.8006
vn 0.0001 -0.9352 -0.3541
vn -0.0012 -0.9602 -0.2793
vn 0.0010 -0.9518 0.3067
vn 0.0331 -0.8999 0.4348
vn 0.1119 -0.8690 0.4820
vn 0.2357 -0.6410 0.7305
vn 0.5073 -0.0257 0.8614
vn 0.5326 -0.0424 0.8453
vn 0.5253 -0.0051 0.8509
vn -0.0008 -0.9596 -0.2812
vn 0.0035 -0.9492 0.3147
vn 0.4644 -0.0139 0.8855
vn -0.0000 -0.9348 -0.3552
vn -0.0005 -0.9592 -0.2828
vn 0.0047 -0.9457 0.3249
vn 0.0143 -0.8850 0.4654
vn 0.2079 -0.7843 0.5845
vn 0.5055 -0.3057 0.8069
vn 0.3736 -0.2537 0.8922
vn 0.4091 0.0004 0.9125
vn 0.4371 -0.0062 0.8994
vn 0.4284 -0.0050 0.9036
vn 0.0001 -0.9592 -0.2827
vn 0.0026 -0.9433 0.3319
vn 0.0173 -0.8734 0.4867
vn 0.0480 -0.8358 0.5470
vn 0.1400 -0.6114 0.7788
vn 0.2849 -0.2856 0.9150
vn 0.3619 0.0030 0.9322
vn 0.1645 -0.9715 0.1707
vn 0.6271 -0.5705 0.5304
vn 0.5406 -0.6405 0.5454
vn 0.7155 -0.4175 0.5601
vn 0.7197 -0.1952 0.6663
vn 0.7919 -0.1365 0.5952
vn 0.7297 -0.0956 0.6771
vn 0.7236 -0.0004 0.6902
vn 0.7737 0.0021 0.6336
vn -0.0002 -0.8520 -0.5235
vn -0.0002 -0.9952 -0.0974
vn -0.0002 -0.9938 0.1114
vn -0.0003 -0.9946 0.1036
vn -0.0000 -0.4724 -0.8814
vn -0.0000 -0.9952 -0.0974
vn -0.0001 -0.9938 0.1113
vn -0.0000 -0.9938 0.1112
vn 0.0001 -0.9952 -0.0974
vn 0.0002 -0.9938 0.1114
vn 0.0001 -0.9937 0.1116
vn 0.0003 -0.9946 0.1035
vn 0.0001 -0.9952 -0.0975
vn -0.0000 -0.9937 0.1118
vn -0.0000 -0.9952 -0.0976
vn -0.0000 -0.4725 -0.8814
vn -0.0000 -0.9952 -0.0977
vn -0.0000 -0.4725 -0.8813
vn -0.0003 -0.8789 0.4770
vn -0.0014 -0.6065 0.7951
vn -0.0031 -0.4007 0.9162
vn -0.0001 -0.8789 0.4770
vn 0.0003 -0.6073 0.7945
vn 0.0002 -0.8789 0.4771
vn 0.0001 -0.6072 0.7946
vn -0.0001 -0.4063 0.9137
vn -0.0000 -0.8788 0.4772
vn -0.0001 -0.6074 0.7944
vn 0.0001 -0.9998 -0.0206
vn -0.0000 -0.6075 0.7943
vn -0.0000 -0.4064 0.9137
vn 0.0001 -0.8788 0.4772
vn 0.0001 -0.6075 0.7943
vn -0.0000 -0.4067 0.9136
vn -0.0000 -0.8787 0.4773
vn 0.0001 -0.6074 0.7944
vn 0.0057 0.0017 -1.0000
vn -0.0276 0.3677 -0.9295
vn -0.2145 0.5944 -0.7750
vn -0.2641 0.6037 -0.7522
vn -0.2837 0.6802 -0.6759
vn -0.2965 0.6911 -0.6592
vn -0.1769 0.4696 -0.8650
vn -0.2653 0.6265 -0.7329
vn -0.0213 0.1704 -0.9851
vn -0.0740 0.4313 -0.8992
vn -0.1389 0.5569 -0.8189
vn -0.0082 0.4058 -0.9139
vn -0.0244 0.5086 -0.8606
vn 0.0002 0.0042 -1.0000
vn 0.0013 0.1548 -0.9879
vn 0.0022 0.4007 -0.9162
vn 0.0007 0.4952 -0.8688
vn 0.0010 0.4003 -0.9164
vn 0.0005 0.4932 -0.8699
vn 0.0003 0.1564 -0.9877
vn 0.0005 0.4000 -0.9165
vn 0.0001 0.4926 -0.8703
vn 0.0010 0.3997 -0.9167
vn 0.0006 0.4919 -0.8706
vn -0.0144 -0.3317 0.9433
vn -0.0421 -0.3981 0.9164
vn -0.0006 -0.3462 0.9382
vn -0.0012 -0.4119 0.9112
vn -0.0628 -0.5489 0.8335
vn -0.0781 -0.5501 0.8314
vn -0.1092 -0.6003 0.7923
vn -0.0147 -0.5716 0.8204
vn -0.0160 -0.6315 0.7752
vn -0.0011 -0.5192 0.8547
vn 0.0001 -0.5772 0.8166
vn 0.0002 -0.6376 0.7704
vn 0.0001 -0.5771 0.8166
vn 0.0001 -0.6375 0.7704
vn 0.0012 -1.0000 -0.0000
vn 0.0008 -1.0000 -0.0000
vn 0.0154 -0.9999 -0.0000
vn 0.0433 -0.9991 -0.0000
vn 0.0594 -0.9982 -0.0000
vn -0.3319 0.6762 -0.6577
vn -0.3342 0.7005 -0.6306
vn -0.3686 0.7080 -0.6024
vn -0.4183 0.6573 -0.6269
vn -0.4221 0.6882 -0.5901
vn -0.2168 0.6484 -0.7298
vn -0.3213 0.6350 -0.7026
vn -0.1598 0.6393 -0.7522
vn -0.3387 0.6456 -0.6845
vn -0.4084 0.6496 -0.6412
vn -0.4240 0.6165 -0.6634
vn -0.0532 0.6163 -0.7857
vn -0.0722 0.5983 -0.7980
vn -0.0995 0.6542 -0.7498
vn -0.1358 0.6462 -0.7510
vn -0.1650 0.6523 -0.7398
vn -0.1869 0.6552 -0.7319
vn -0.2021 0.6569 -0.7264
vn -0.2096 0.6631 -0.7186
vn -0.2131 0.6666 -0.7143
vn -0.2144 0.6737 -0.7072
vn 0.0002 0.5944 -0.8042
vn 0.0033 0.6273 -0.7788
vn -0.0068 0.6664 -0.7456
vn -0.4790 0.6838 -0.5505
vn -0.5242 0.6289 -0.5742
vn -0.5792 0.6553 -0.4849
vn -0.6382 0.6350 -0.4352
vn -0.6478 0.5824 -0.4910
vn -0.7048 0.5950 -0.3863
vn -0.7469 0.5544 -0.3671
vn -0.4929 0.6437 -0.5854
vn -0.5051 0.5978 -0.6225
vn -0.5495 0.6523 -0.5220
vn -0.2161 0.6803 -0.7004
vn -0.2174 0.6922 -0.6882
vn -0.2179 0.6993 -0.6808
vn -0.2175 0.7109 -0.6689
vn -0.2165 0.7186 -0.6609
vn -0.0075 0.7032 -0.7109
vn -0.1387 -0.6607 0.7377
vn -0.1695 -0.7053 0.6884
vn -0.1909 -0.7594 0.6220
vn -0.2393 -0.7912 0.5628
vn -0.2585 -0.8241 0.5041
vn -0.0242 -0.6879 0.7254
vn -0.0344 -0.7355 0.6766
vn -0.0467 -0.7769 0.6279
vn -0.0639 -0.8309 0.5527
vn -0.0760 -0.8586 0.5070
vn 0.0002 -0.6921 0.7218
vn 0.0001 -0.7418 0.6707
vn -0.0002 -0.7863 0.6179
vn -0.0003 -0.8331 0.5531
vn -0.0002 -0.8698 0.4934
vn 0.0001 -0.7864 0.6177
vn -0.0000 -0.8332 0.5530
vn -0.2750 -0.8547 0.4402
vn -0.3358 -0.8305 0.4445
vn -0.3141 -0.8637 0.3942
vn -0.3646 -0.8433 0.3949
vn -0.3293 -0.8807 0.3404
vn -0.3428 -0.9004 0.2681
vn -0.3187 -0.9211 0.2237
vn -0.3595 -0.9114 0.2003
vn -0.3253 -0.9368 0.1285
vn -0.2376 -0.8895 0.3903
vn -0.2537 -0.8968 0.3624
vn -0.2458 -0.9588 0.1426
vn -0.0678 -0.9196 0.3870
vn -0.0935 -0.9272 0.3626
vn -0.1139 -0.9620 0.2482
vn -0.0802 -0.9883 0.1296
vn -0.0967 -0.9776 0.1871
vn -0.0001 -0.9121 0.4099
vn -0.0000 -0.9362 0.3514
vn -0.0007 -0.9684 0.2495
vn -0.0020 -0.9864 0.1641
vn -0.0022 -0.9939 0.1101
vn -0.0001 -0.9362 0.3514
vn -0.0004 -0.9686 0.2488
vn -0.0009 -0.9866 0.1630
vn -0.0009 -0.9939 0.1099
vn -0.2933 -0.9560 0.0109
vn -0.2674 -0.9584 -0.0996
vn -0.1858 -0.9725 -0.1402
vn -0.0576 -0.9973 -0.0447
vn -0.0061 -1.0000 -0.0013
vn -0.0955 -0.9937 -0.0592
vn -0.0358 -0.9991 -0.0246
vn -0.0051 -1.0000 -0.0004
vn -0.1011 -0.9938 0.0457
vn -0.0541 -0.9983 -0.0232
vn 0.0005 -1.0000 0.0016
vn -0.0096 -0.9986 0.0529
vn -0.0012 -1.0000 0.0043
vn -0.0001 -1.0000 0.0036
vn -0.0000 -0.9996 -0.0291
vn -0.0000 -0.9951 -0.0989
vn -0.0000 -0.9847 -0.1743
vn -0.0003 -0.9951 -0.0986
vn -0.0003 -0.9847 -0.1745
vn -0.0010 -0.9906 -0.1368
vn 0.0001 -0.9851 -0.1719
vn -0.0000 -1.0000 0.0039
vn 0.0001 -0.9995 -0.0301
vn -0.0005 -0.9950 -0.0997
vn 0.0095 -0.9907 -0.1358
vn 0.0164 -0.9950 -0.0981
vn 0.0270 -0.9867 -0.1601
vn 0.0003 -0.8305 -0.5571
vn 0.0003 -0.7904 -0.6126
vn 0.0001 -0.9121 -0.4099
vn 0.0002 -0.8677 -0.4970
vn 0.0001 -0.9708 -0.2399
vn 0.0001 -0.9415 -0.3370
vn -0.0005 -0.8304 -0.5571
vn -0.0005 -0.7904 -0.6126
vn -0.0008 -0.9709 -0.2394
vn -0.0004 -0.9415 -0.3370
vn 0.0232 -0.8408 -0.5408
vn 0.0348 -0.7933 -0.6079
vn 0.0038 -0.9132 -0.4075
vn 0.0043 -0.8663 -0.4994
vn 0.0017 -0.9712 -0.2383
vn 0.0031 -0.9418 -0.3361
vn 0.3070 -0.8707 -0.3842
vn 0.8563 -0.5122 -0.0667
vn 0.0769 -0.9106 -0.4060
vn 0.0992 -0.8736 -0.4764
vn 0.8609 -0.4818 0.1636
vn 0.0381 -0.9724 -0.2302
vn 0.0590 -0.9456 -0.3199
vn 0.3046 -0.9009 -0.3091
vn 0.5093 -0.8574 -0.0741
vn 0.2488 -0.8484 -0.4673
vn 0.7221 -0.6868 -0.0830
vn 0.8347 -0.5314 0.1447
vn 0.7664 -0.5877 0.2595
vn 0.8913 -0.2974 0.3422
vn 0.8744 -0.3410 0.3452
vn 0.8913 -0.2396 0.3849
vn 0.9125 -0.2077 0.3524
vn -0.0003 -0.9617 -0.2739
vn -0.0017 -0.9996 0.0296
vn -0.0025 -0.9615 0.2747
vn 0.0004 -0.8155 -0.5787
vn 0.0005 -0.8576 -0.5143
vn -0.0026 -0.9629 0.2700
vn -0.0023 -0.9761 0.2172
vn -0.0022 -0.9914 0.1305
vn -0.0001 -0.9613 -0.2754
vn -0.0010 -0.9996 0.0282
vn -0.0017 -0.9617 0.2743
vn 0.0002 -0.8577 -0.5141
vn -0.0020 -0.9629 0.2698
vn 0.0063 -0.9621 -0.2725
vn 0.0083 -0.9996 0.0270
vn 0.0053 -0.9626 0.2709
vn 0.0005 -0.8167 -0.5770
vn 0.0036 -0.8589 -0.5121
vn 0.0030 -0.9631 0.2691
vn 0.0123 -0.9734 0.2288
vn 0.0182 -0.9912 0.1312
vn 0.0222 -0.9720 -0.2339
vn 0.0697 -0.9963 0.0494
vn 0.0653 -0.9688 0.2390
vn -0.0019 -0.8602 -0.5099
vn 0.1450 -0.9564 0.2534
vn 0.0612 -0.9539 0.2937
vn 0.0615 -0.9901 -0.1262
vn 0.1170 -0.9905 0.0718
vn 0.0301 -0.7958 -0.6048
vn 0.0181 -0.8642 -0.5029
vn 0.3411 -0.9161 0.2109
vn 0.2662 -0.9283 0.2597
vn 0.2960 -0.9133 0.2798
vn 0.2508 -0.9343 0.2534
vn 0.1910 -0.9755 0.1093
vn 0.4330 -0.8836 0.1783
vn 0.4897 -0.8618 0.1323
vn 0.0628 -0.9974 -0.0349
vn 0.2570 -0.7564 -0.6015
vn 0.8714 -0.4903 0.0173
vn 0.5288 -0.7987 0.2872
vn 0.6186 -0.7399 0.2643
vn 0.5411 -0.8190 0.1908
vn 0.4886 -0.8553 0.1724
vn 0.6295 -0.6445 -0.4339
vn 0.8513 -0.5122 0.1138
vn 0.8823 -0.4471 0.1470
vn 0.8855 -0.4424 0.1422
vn 0.8842 -0.4465 0.1371
vn 0.6956 -0.7016 0.1545
vn 0.8446 -0.5134 0.1520
vn 0.7706 -0.6237 0.1311
vn 0.7041 -0.7061 0.0756
vn 0.9483 -0.2601 0.1821
vn 0.9552 -0.2532 0.1529
vn 0.9511 -0.2735 0.1436
vn 0.9528 -0.2917 0.0843
vn 0.9572 -0.2836 0.0573
vn 0.9574 -0.2876 0.0281
vn 0.9846 -0.0861 0.1521
vn 0.9961 -0.0527 0.0706
vn 0.9860 -0.0237 0.1648
vn 0.9965 -0.0141 0.0826
vn 0.5361 -0.8202 -0.1998
vn 0.9213 -0.3488 0.1718
vn 0.9049 -0.3899 0.1708
vn 0.9301 -0.2984 0.2142
vn 0.9423 -0.2711 0.1965
vn 0.9521 -0.2357 0.1945
vn 0.9195 -0.2864 0.2694
vn 0.9380 -0.2294 0.2598
vn 0.9574 -0.1499 0.2468
vn 0.9680 -0.1176 0.2219
vn 0.9246 -0.1805 0.3355
vn 0.9417 -0.1300 0.3102
vn 0.9523 -0.0587 0.2995
vn 0.9723 -0.0403 0.2304
vn 0.9222 -0.0981 0.3741
vn 0.9118 -0.0871 0.4013
vn -0.0011 -0.9511 -0.3089
vn -0.0022 -0.9998 0.0190
vn -0.0019 -0.9958 -0.0915
vn -0.0013 -0.9792 -0.2030
vn 0.0193 -0.9511 -0.3084
vn 0.0196 -0.9996 0.0197
vn 0.0199 -0.9956 -0.0915
vn 0.0182 -0.9789 -0.2037
vn 0.1433 -0.9467 -0.2885
vn 0.1549 -0.9878 0.0175
vn 0.1753 -0.9816 -0.0756
vn 0.2406 -0.9555 -0.1708
vn 0.3959 -0.8631 -0.3136
vn 0.3812 -0.8626 -0.3327
vn 0.5583 -0.8293 0.0264
vn 0.5614 -0.8229 -0.0877
vn 0.5084 -0.8436 -0.1730
vn 0.5268 -0.8278 -0.1930
vn 0.6079 -0.7476 -0.2674
vn 0.7928 -0.5441 -0.2746
vn 0.6977 -0.6652 -0.2661
vn 0.6741 -0.7382 0.0248
vn 0.6770 -0.7356 -0.0229
vn 0.7115 -0.6993 -0.0697
vn 0.7804 -0.6140 -0.1178
vn 0.8568 -0.4972 -0.1368
vn 0.7247 -0.6657 -0.1779
vn 0.9275 -0.3530 -0.1231
vn 0.9509 -0.2957 -0.0916
vn 0.9718 -0.2284 -0.0582
vn 0.9545 -0.2981 0.0077
vn 0.9540 -0.2998 -0.0059
vn 0.9573 -0.2885 -0.0203
vn 0.9634 -0.2666 -0.0281
vn 0.9716 -0.2351 -0.0282
vn 0.9850 -0.1575 -0.0698
vn 0.9977 -0.0582 -0.0336
vn 0.9999 -0.0124 -0.0109
vn 0.9995 -0.0295 0.0122
vn 1.0000 -0.0023 -0.0011
vn -0.0010 -0.9348 -0.3552
vn 0.0001 -0.9599 -0.2802
vn 0.0013 -0.9428 0.3333
vn 0.0215 -0.8525 0.5223
vn 0.0586 -0.8065 0.5884
vn 0.1458 -0.4563 0.8778
vn 0.2783 -0.2021 0.9390
vn 0.3324 0.0045 0.9431
vn 0.3168 -0.0061 0.9485
vn 0.0007 -0.9607 -0.2777
vn 0.0010 -0.9427 0.3337
vn 0.0317 -0.8189 0.5730
vn 0.0692 -0.7775 0.6251
vn 0.3494 -0.4288 0.8331
vn 0.1647 -0.2784 0.9462
vn 0.2302 -0.0875 0.9692
vn 0.2564 -0.1291 0.9579
vn 0.2549 0.0051 0.9670
vn 0.2816 0.0055 0.9595
vn 0.0182 -0.9317 -0.3629
vn 0.0183 -0.9634 -0.2674
vn 0.0115 -0.9472 0.3205
vn 0.0262 -0.7893 0.6134
vn 0.1296 -0.4456 0.8858
vn 0.1837 -0.0552 0.9814
vn 0.2042 0.0048 0.9789
vn 0.2179 -0.0135 0.9759
vn 0.2220 0.0098 0.9750
vn 0.0791 -0.9638 -0.2546
vn 0.0531 -0.9608 0.2719
vn 0.0593 -0.7840 0.6179
vn 0.1060 -0.3962 0.9120
vn 0.1687 -0.0344 0.9851
vn 0.1790 0.0053 0.9838
vn 0.2170 -0.9096 -0.3544
vn 0.2016 -0.9278 -0.3139
vn 0.4879 -0.8701 -0.0689
vn 0.1462 -0.9534 0.2638
vn 0.1553 -0.8287 0.5378
vn 0.1389 -0.3197 0.9373
vn 0.1919 -0.0178 0.9813
vn 0.1973 0.0049 0.9803
vn 0.1937 0.0076 0.9810
vn 0.1869 0.0083 0.9823
vn 0.4773 -0.8450 -0.2411
vn 0.5364 -0.8412 -0.0692
vn 0.4043 -0.8463 0.3468
vn 0.9370 -0.3185 -0.1437
vn 0.9607 -0.2775 -0.0067
vn 0.9509 -0.1825 0.2500
vn 0.3224 -0.2003 0.9252
vn 0.9886 -0.1249 -0.0837
vn 0.9989 -0.0281 0.0364
vn 0.9445 -0.0062 0.3285
vn 0.4110 -0.0075 0.9116
vn 1.0000 0.0008 -0.0041
vn 0.9985 0.0015 0.0548
vn 0.9432 0.0014 0.3323
vn 0.4140 0.0033 0.9103
vn 0.9999 0.0097 0.0070
vn 0.9603 0.0455 0.2751
vn 0.4119 0.0031 0.9112
vn 0.4100 0.0029 0.9121
vn 0.9765 0.0078 0.2155
vn 0.4078 0.0037 0.9131
vn 0.4045 0.0275 0.9141
vn -0.9440 -0.3299 0.0001
vn -0.9418 -0.3355 0.0221
vn -0.9344 -0.3526 0.0509
vn -0.9227 -0.3721 0.1008
vn -0.9993 -0.0365 -0.0000
vn -0.9978 -0.0638 0.0154
vn -0.9792 -0.2019 -0.0183
vn -0.9515 -0.2963 0.0827
vn -0.9265 -0.3105 0.2125
vn -0.9986 -0.0400 0.0354
vn -0.9787 -0.1247 0.1630
vn -0.9469 -0.1928 0.2572
vn -1.0000 0.0004 -0.0002
vn -0.9999 0.0123 0.0117
vn -0.9934 0.0570 0.0998
vn -0.9954 0.0191 0.0935
vn -0.3260 -0.9454 0.0003
vn -0.3078 -0.9504 0.0453
vn -0.2525 -0.9638 0.0860
vn -0.1595 -0.9773 0.1396
vn -0.4294 -0.7646 0.4806
vn -0.5033 -0.8355 0.2202
vn -0.3999 -0.8859 0.2351
vn -0.2187 -0.9235 0.3152
vn -0.3186 -0.6446 0.6950
vn -0.3845 -0.7343 0.5594
vn -0.4356 -0.5369 0.7225
vn -0.0534 -0.9986 0.0002
vn -0.0491 -0.9966 0.0659
vn -0.0376 -0.9918 0.1220
vn -0.0252 -0.9822 0.1860
vn -0.0308 -0.9705 0.2393
vn -0.0486 -0.9561 0.2889
vn -0.0463 -0.9426 0.3306
vn -0.0289 -0.9112 0.4110
vn -0.0590 -0.8232 0.5646
vn -0.1326 -0.7795 0.6123
vn -0.2232 -0.7166 0.6608
vn -0.9896 -0.0579 0.1320
vn -0.9927 -0.0841 0.0869
vn -0.9988 -0.0172 0.0461
vn -0.9944 -0.1021 0.0265
vn -0.9695 -0.2419 0.0383
vn -0.9337 -0.3143 0.1712
vn -0.4753 -0.6530 0.5896
vn -0.4993 -0.5377 0.6794
vn -0.5262 -0.6548 0.5425
vn -0.5582 -0.5570 0.6150
vn -0.5727 -0.6767 0.4626
vn -0.6517 -0.5991 0.4652
vn -0.4328 -0.7593 0.4859
vn -0.6208 -0.7004 0.3523
vn -0.3770 -0.8363 0.3981
vn -0.3296 -0.6315 0.7018
vn -0.2900 -0.7458 0.5997
vn -0.2895 -0.6828 0.6708
vn -0.3326 -0.6863 0.6468
vn -0.2822 -0.7166 0.6379
vn -0.3670 -0.6731 0.6421
vn -0.3897 -0.7172 0.5777
vn -0.2903 -0.7389 0.6081
vn -0.3851 -0.7162 0.5820
vn -0.3286 -0.7755 0.5390
vn -0.2490 -0.7491 0.6140
vn -0.1869 -0.7843 0.5916
vn -0.0996 -0.7022 0.7049
vn -0.0456 -0.6582 0.7515
vn -0.9996 0.0239 -0.0166
vn -0.9999 -0.0053 0.0161
vn -0.9969 -0.0258 -0.0742
vn -0.9999 -0.0016 0.0114
vn -0.9981 -0.0502 -0.0351
vn -0.9999 0.0124 0.0119
vn -0.9967 -0.0814 0.0045
vn -0.9948 -0.0855 -0.0550
vn -0.9888 -0.1382 0.0566
vn -0.9291 -0.2393 0.2820
vn -0.9615 -0.0973 0.2570
vn -0.9991 -0.0340 -0.0261
vn -1.0000 -0.0012 0.0013
vn -0.9671 -0.0901 0.2381
vn -0.9999 0.0056 -0.0164
vn -1.0000 -0.0031 0.0033
vn -0.9864 -0.0184 0.1630
vn -0.9224 -0.1009 0.3729
vn -0.9978 -0.0157 0.0642
vn -0.9342 -0.0519 0.3529
vn -0.9416 -0.0206 0.3361
vn -0.2443 -0.3865 0.8893
vn -0.4240 -0.3453 0.8372
vn -0.3747 -0.5947 0.7113
vn -0.2280 -0.2788 0.9329
vn -0.4003 -0.2268 0.8879
vn -0.5019 -0.2222 0.8359
vn -0.4278 -0.4806 0.7655
vn -0.1587 -0.1398 0.9774
vn -0.2519 -0.0873 0.9638
vn -0.3062 -0.0418 0.9511
vn -0.0260 -0.4978 0.8669
vn -0.0386 -0.4580 0.8881
vn -0.0323 -0.4285 0.9030
vn -0.0322 -0.3679 0.9293
vn -0.0497 -0.3188 0.9465
vn -0.0494 -0.2911 0.9554
vn -0.0312 -0.2400 0.9703
vn -0.0257 -0.1862 0.9822
vn -0.0380 -0.1234 0.9916
vn -0.0490 -0.0608 0.9969
vn 0.0244 -0.9997 0.0005
vn 0.0285 -0.9903 0.1364
vn 0.0260 -0.9621 0.2714
vn -0.0014 -0.9219 0.3874
vn -0.0353 -0.8708 0.4903
vn -0.0852 -0.8335 0.5459
vn -0.1559 -0.7987 0.5812
vn -0.0723 -0.8626 0.5006
vn 0.0024 -1.0000 0.0005
vn -0.0106 -0.9911 0.1330
vn -0.0017 -0.9605 0.2781
vn 0.0028 -0.9304 0.3665
vn 0.0068 -0.9053 0.4248
vn 0.0113 -0.8828 0.4697
vn 0.3163 -0.9487 0.0002
vn 0.2982 -0.9534 0.0467
vn 0.2447 -0.9655 0.0894
vn 0.1546 -0.9776 0.1431
vn 0.9331 -0.3596 0.0001
vn 0.9304 -0.3659 0.0234
vn 0.9213 -0.3849 0.0559
vn 0.9067 -0.4071 0.1104
vn 0.4166 -0.7733 0.4779
vn 0.4887 -0.8438 0.2218
vn 0.3884 -0.8913 0.2340
vn 0.2210 -0.9325 0.2857
vn 0.9986 -0.0512 0.0106
vn 0.9965 -0.0836 0.0033
vn 0.9791 -0.1920 0.0669
vn 0.9618 -0.2711 0.0373
vn 0.9421 -0.3244 0.0848
vn 0.9117 -0.3722 0.1742
vn 0.3623 -0.7168 0.5957
vn 0.4081 -0.8418 0.3532
vn 1.0000 -0.0014 0.0012
vn 0.9999 -0.0098 0.0063
vn 0.9984 -0.0477 0.0310
vn 0.9819 -0.1649 0.0936
vn 0.9523 -0.2847 0.1099
vn 1.0000 0.0071 0.0005
vn 1.0000 0.0084 0.0005
vn -0.1743 -0.8060 0.5657
vn -0.2291 -0.7282 0.6460
vn -0.2635 -0.7366 0.6229
vn -0.2718 -0.7119 0.6476
vn -0.2745 -0.7474 0.6050
vn -0.2815 -0.7424 0.6079
vn -0.2490 -0.7407 0.6240
vn -0.1743 -0.7100 0.6823
vn -0.1206 -0.7141 0.6895
vn -0.0611 -0.6508 0.7568
vn -0.0234 -0.6086 0.7931
vn -0.0939 -0.8613 0.4993
vn -0.1299 -0.7963 0.5908
vn -0.1723 -0.7794 0.6023
vn -0.1885 -0.7396 0.6462
vn -0.1563 -0.7071 0.6896
vn -0.0461 -0.6141 0.7879
vn -0.0210 -0.5750 0.8179
vn -0.0049 -0.8710 0.4913
vn -0.0164 -0.8290 0.5590
vn -0.0199 -0.8060 0.5916
vn -0.0644 -0.7460 0.6628
vn -0.0639 -0.7776 0.6255
vn -0.0199 -0.7381 0.6744
vn -0.0100 -0.6842 0.7292
vn -0.0191 -0.6514 0.7585
vn -0.0134 -0.6505 0.7594
vn 0.0143 -0.5985 0.8010
vn 0.0158 -0.5614 0.8274
vn 0.2304 -0.8944 0.3834
vn 0.9098 -0.3553 0.2146
vn 0.3018 -0.6812 0.6670
vn 0.3403 -0.8059 0.4844
vn 0.9967 -0.0751 0.0299
vn 0.9400 -0.2733 0.2044
vn 0.4080 -0.6021 0.6863
vn 0.4192 -0.7518 0.5090
vn 0.9906 -0.1013 0.0919
vn 0.9509 -0.2275 0.2099
vn 0.4408 -0.5455 0.7128
vn 0.4411 -0.7117 0.5467
vn 0.9964 -0.0634 0.0557
vn 0.9486 -0.2143 0.2328
vn 0.4195 -0.5090 0.7516
vn 0.4098 -0.6878 0.5992
vn 0.9870 -0.1073 0.1194
vn 0.9386 -0.2086 0.2749
vn 0.3472 -0.4878 0.8009
vn 0.3124 -0.6670 0.6764
vn 0.9855 0.1695 -0.0003
vn 0.9825 0.1740 -0.0672
vn 0.9980 0.0622 -0.0144
vn 0.9928 0.0849 -0.0844
vn 0.9825 0.0654 -0.1743
vn 0.9886 0.1503 -0.0003
vn 0.9968 0.0625 -0.0505
vn 0.9895 0.1141 -0.0885
vn 0.9736 0.1863 -0.1317
vn 0.9885 0.1068 -0.1066
vn 0.9895 0.0890 -0.1141
vn 0.9736 0.1321 -0.1861
vn 0.0028 -0.4969 0.8678
vn 0.0041 -0.4268 0.9043
vn 0.0070 -0.3659 0.9306
vn 0.0241 -0.2701 0.9625
vn 0.0296 -0.1365 0.9902
vn 0.0136 -0.4777 0.8784
vn 0.0101 -0.4354 0.9002
vn 0.0080 -0.3585 0.9335
vn -0.0007 -0.2758 0.9612
vn -0.0114 -0.1335 0.9910
vn 0.9999 -0.0103 0.0052
vn 0.9963 -0.0324 0.0801
vn 0.9111 -0.2140 0.3522
vn 0.2406 -0.3830 0.8919
vn 0.9530 -0.1077 0.2831
vn 0.4143 -0.3494 0.8404
vn 0.3680 -0.5932 0.7161
vn 0.9821 -0.0933 0.1637
vn 0.9123 -0.1727 0.3713
vn 0.2242 -0.2829 0.9326
vn 0.9984 -0.0307 0.0473
vn 0.9422 -0.0836 0.3244
vn 0.3894 -0.2315 0.8915
vn 0.9962 0.0431 -0.0759
vn 1.0000 0.0002 -0.0005
vn 0.9744 0.0191 0.2239
vn 0.4879 -0.2210 0.8444
vn 0.4143 -0.4777 0.7747
vn 0.9992 0.0189 -0.0349
vn 0.9064 -0.1103 0.4079
vn 0.1530 -0.1431 0.9778
vn 0.9764 0.0615 -0.2070
vn 0.9972 0.0216 -0.0721
vn 1.0000 0.0008 -0.0013
vn 1.0000 -0.0003 0.0001
vn 0.9974 -0.0172 0.0704
vn 0.9211 -0.0568 0.3851
vn 0.2440 -0.0909 0.9655
vn 0.9947 0.0139 -0.1015
vn 0.9302 -0.0220 0.3664
vn 0.2969 -0.0432 0.9539
vn -0.9703 -0.0060 -0.2419
vn -0.9047 -0.1765 -0.3879
vn -0.9047 -0.2193 -0.3654
vn -0.9178 -0.1909 -0.3482
vn -0.8949 -0.0067 -0.4462
vn -0.9284 -0.0081 -0.3714
vn -0.9499 -0.0068 -0.3123
vn -0.8941 -0.0039 -0.4478
vn -0.9290 -0.0031 -0.3701
vn -0.9563 0.0046 -0.2924
vn -0.8936 -0.0034 -0.4489
vn -0.8933 -0.0029 -0.4495
vn -0.9305 -0.0021 -0.3664
vn -0.9604 -0.0008 -0.2787
vn -0.8935 -0.0029 -0.4490
vn -0.8937 -0.0030 -0.4487
vn -0.9314 -0.0020 -0.3640
vn -0.9615 -0.0006 -0.2747
vn -0.8937 -0.0028 -0.4487
vn -0.7738 -0.1806 -0.6071
vn -0.7933 -0.1883 -0.5790
vn -0.8502 -0.0054 -0.5265
vn -0.8079 -0.0015 -0.5893
vn -0.8486 -0.0023 -0.5290
vn -0.8467 -0.0019 -0.5321
vn -0.8083 -0.0034 -0.5887
vn -0.8465 -0.0039 -0.5324
vn -0.8475 -0.0040 -0.5307
vn -0.8475 -0.0025 -0.5308
vn -0.8467 -0.0026 -0.5321
vn -0.9732 -0.1806 -0.1422
vn -0.9785 -0.1817 -0.0977
vn -0.9936 -0.1120 -0.0124
vn -0.9983 -0.0568 0.0154
vn -0.9856 -0.0071 -0.1689
vn -0.9971 -0.0071 -0.0764
vn -0.9865 0.0231 -0.1620
vn -0.9998 0.0067 -0.0207
vn -0.9873 -0.0003 -0.1587
vn -0.9996 -0.0004 -0.0284
vn -0.9872 -0.0002 -0.1598
vn -0.9996 -0.0004 -0.0277
vn -1.0000 -0.0001 0.0001
vn -1.0000 -0.0014 0.0009
vn -1.0000 -0.0002 -0.0001
vn -1.0000 0.0008 0.0008
vn -0.9999 0.0074 0.0069
vn -0.9998 0.0205 0.0057
vn -0.9997 0.0191 -0.0134
vn -0.9968 0.0655 -0.0460
vn -0.9986 0.0037 0.0527
vn -0.9981 -0.0089 -0.0607
vn -0.9999 0.0052 0.0134
vn -0.9965 -0.0790 0.0285
vn -0.9970 -0.0680 -0.0380
vn -0.9998 -0.0023 -0.0215
vn -0.8938 -0.0020 -0.4484
vn -0.9314 -0.0033 -0.3640
vn -0.9617 -0.0040 -0.2740
vn -0.8939 -0.0023 -0.4483
vn -0.9172 0.0098 -0.3982
vn -0.9612 -0.0077 -0.2757
vn -0.9187 -0.0145 -0.3947
vn -0.9581 0.0033 -0.2863
vn -0.8792 0.1104 -0.4634
vn -0.8525 0.3188 -0.4142
vn -0.8921 0.3254 -0.3135
vn -0.8729 0.1955 -0.4469
vn -0.8103 -0.0051 -0.5859
vn -0.8473 -0.0036 -0.5312
vn -0.8497 -0.0041 -0.5272
vn -0.8233 -0.0087 -0.5676
vn -0.7726 0.2657 -0.5766
vn -0.7573 0.2093 -0.6186
vn -0.5514 0.4689 -0.6900
vn -0.2987 0.8951 -0.3309
vn -0.3286 0.9071 -0.2632
vn -0.2642 0.9183 -0.2949
vn -0.1191 0.9350 -0.3341
vn -0.9873 -0.0030 -0.1590
vn -0.9996 -0.0009 -0.0265
vn -0.9880 -0.0042 -0.1545
vn -0.9997 -0.0006 -0.0250
vn -0.9886 -0.0009 -0.1508
vn -0.9997 -0.0002 -0.0242
vn -1.0000 0.0013 0.0014
vn -0.9870 0.0842 -0.1370
vn -0.9988 0.0264 -0.0401
vn -0.9324 0.3310 -0.1448
vn -0.9473 0.3086 -0.0862
vn -0.9654 0.2562 -0.0495
vn -0.6120 0.7068 -0.3549
vn -0.2046 0.9165 -0.3439
vn -0.5290 0.7405 -0.4145
vn -0.2349 0.9487 -0.2117
vn -0.3811 0.9007 -0.2087
vn -0.4823 0.8376 -0.2567
vn -0.0318 0.9766 -0.2127
vn -0.0522 0.9656 -0.2547
vn -0.0671 0.9538 -0.2929
vn -0.0721 0.9379 -0.3395
vn -1.0000 0.0003 0.0003
vn -1.0000 -0.0000 -0.0002
vn -1.0000 0.0001 -0.0001
vn -1.0000 -0.0005 0.0005
vn -0.9968 -0.0283 0.0747
vn -1.0000 -0.0001 0.0056
vn -0.9989 0.0473 0.0017
vn -0.9967 0.0457 -0.0669
vn -0.9999 0.0062 -0.0150
vn -0.9990 -0.0437 0.0137
vn -0.9969 -0.0340 -0.0707
vn -0.9985 -0.0549 -0.0073
vn -0.9983 -0.0482 -0.0335
vn -0.9999 -0.0106 -0.0111
vn -0.9986 0.0520 0.0075
vn -0.9978 0.0662 -0.0001
vn -0.9989 0.0387 -0.0271
vn -0.9530 0.3025 0.0152
vn -0.7151 0.6979 0.0395
vn -0.5655 0.8224 -0.0624
vn -0.4089 0.9111 0.0514
vn -0.0509 0.9935 0.1018
vn -0.0705 0.9936 0.0882
vn -0.0767 0.9937 0.0820
vn -0.0744 0.9941 0.0791
vn -0.0687 0.9947 0.0769
vn -0.9853 0.1688 -0.0250
vn -0.9222 0.3369 -0.1901
vn -0.9607 0.2394 -0.1408
vn -0.4344 0.7223 -0.5381
vn -0.2916 0.9088 -0.2985
vn -0.4373 0.8341 -0.3361
vn -0.4021 0.6981 -0.5924
vn -0.3198 0.8562 -0.4059
vn -0.4893 0.7793 -0.3914
vn -0.4679 0.5966 -0.6520
vn -0.0668 0.9214 -0.3829
vn -0.0753 0.9168 -0.3922
vn -0.0870 0.8967 -0.4340
vn -0.0857 0.8713 -0.4832
vn -0.0841 0.8593 -0.5045
vn -0.0810 0.8431 -0.5316
vn -0.0724 0.8084 -0.5842
vn -1.0000 0.0014 -0.0017
vn -0.9790 0.1611 -0.1250
vn -0.9997 0.0198 -0.0113
vn -0.9354 0.2774 -0.2193
vn -0.9636 0.2280 -0.1394
vn -0.9949 0.1004 -0.0099
vn -0.9117 0.3936 -0.1178
vn -0.9276 0.3667 -0.0712
vn -0.9372 0.3484 -0.0188
vn -0.9391 0.3436 -0.0026
vn -0.3916 0.7776 -0.4919
vn -0.3597 0.6217 -0.6958
vn -0.3021 0.7922 -0.5302
vn -0.2676 0.6671 -0.6953
vn -0.2184 0.8973 -0.3837
vn -0.3957 0.8537 -0.3385
vn -0.3212 0.7755 -0.5435
vn -0.1165 0.9799 -0.1620
vn -0.2226 0.9693 -0.1049
vn -0.2831 0.9585 -0.0333
vn -0.2985 0.9544 -0.0042
vn -0.0602 0.8005 -0.5963
vn -0.0472 0.7804 -0.6235
vn -0.0375 0.7842 -0.6194
vn -0.0299 0.7921 -0.6096
vn -0.0357 0.8670 -0.4970
vn -0.0498 0.9036 -0.4255
vn -0.0372 0.9374 -0.3463
vn -0.0266 0.9746 -0.2226
vn -0.0396 0.9886 -0.1452
vn -0.0501 0.9976 -0.0482
vn -0.0537 0.9985 -0.0058
vn -0.9996 0.0292 -0.0000
vn -0.9996 0.0276 -0.0009
vn -0.9395 0.3424 -0.0025
vn -0.9399 0.3414 -0.0018
vn -0.9402 0.3407 -0.0007
vn -0.9404 0.3402 -0.0010
vn -0.9406 0.3394 -0.0014
vn -0.9410 0.3384 -0.0015
vn -0.9413 0.3376 -0.0015
vn -0.9416 0.3368 -0.0016
vn -0.3011 0.9536 -0.0037
vn -0.3034 0.9528 -0.0033
vn -0.3062 0.9519 -0.0026
vn -0.3092 0.9510 -0.0028
vn -0.3118 0.9501 -0.0030
vn -0.3143 0.9493 -0.0031
vn -0.3169 0.9485 -0.0031
vn -0.3194 0.9476 -0.0031
vn -0.0541 0.9985 -0.0048
vn -0.0545 0.9985 -0.0047
vn -0.0553 0.9985 -0.0043
vn -0.0561 0.9984 -0.0044
vn -0.0569 0.9984 -0.0044
vn -0.0576 0.9983 -0.0047
vn -0.0584 0.9983 -0.0047
vn -0.0592 0.9982 -0.0046
vn -1.0000 -0.0003 -0.0000
vn -0.9997 0.0262 -0.0002
vn -0.9997 0.0234 0.0005
vn -0.9418 0.3361 -0.0015
vn -0.9421 0.3353 -0.0016
vn -0.9424 0.3344 -0.0015
vn -0.9427 0.3336 -0.0016
vn -0.9430 0.3327 -0.0015
vn -0.9433 0.3318 -0.0016
vn -0.9436 0.3311 -0.0016
vn -0.9439 0.3301 -0.0016
vn -0.3220 0.9467 -0.0032
vn -0.3245 0.9459 -0.0032
vn -0.3270 0.9450 -0.0032
vn -0.3294 0.9442 -0.0032
vn -0.3319 0.9433 -0.0033
vn -0.3343 0.9425 -0.0033
vn -0.3367 0.9416 -0.0033
vn -0.3391 0.9407 -0.0035
vn -0.0597 0.9982 -0.0046
vn -0.0602 0.9982 -0.0046
vn -0.0607 0.9981 -0.0046
vn -0.0612 0.9981 -0.0046
vn -0.0617 0.9981 -0.0047
vn -0.0621 0.9981 -0.0047
vn -0.0625 0.9980 -0.0047
vn -0.0628 0.9980 -0.0048
vn -1.0000 0.0016 0.0011
vn -0.9667 0.2530 0.0379
vn -0.9984 0.0372 0.0430
vn -0.9893 0.1242 0.0762
vn -0.9705 0.2238 0.0898
vn -0.9998 0.0211 -0.0012
vn -0.9903 0.0701 0.1200
vn -0.9442 0.3294 -0.0020
vn -0.9402 0.3368 0.0506
vn -0.9298 0.3148 0.1910
vn -0.6464 0.6992 0.3054
vn -0.4534 0.8144 0.3622
vn -0.6251 0.7033 0.3386
vn -0.2674 0.8913 0.3662
vn -0.7362 0.6157 0.2808
vn -0.3572 0.7965 0.4877
vn -0.3580 0.7633 0.5378
vn -0.6487 0.2690 0.7119
vn -0.3410 0.9401 -0.0031
vn -0.3077 0.9477 0.0843
vn -0.1899 0.9524 0.2386
vn -0.2979 0.6460 0.7028
vn -0.1572 0.8841 0.4401
vn -0.1075 0.9257 0.3627
vn -0.0918 0.8956 0.4352
vn -0.1394 0.8200 0.5551
vn -0.1204 0.8754 0.4682
vn -0.1315 0.8186 0.5591
vn -0.0672 0.7871 0.6132
vn -0.1045 0.7799 0.6171
vn -0.0627 0.9980 -0.0036
vn -0.0532 0.9910 0.1232
vn -0.0309 0.9429 0.3315
vn -0.0373 0.7960 0.6041
vn -0.9998 0.0213 0.0010
vn -0.9935 0.1132 0.0129
vn -0.9493 0.3069 0.0689
vn -0.9293 0.3533 0.1080
vn -0.6007 0.7596 0.2494
vn -0.3864 0.9174 0.0955
vn -0.2759 0.9597 0.0536
vn -0.4630 0.8570 0.2265
vn -0.2882 0.9346 0.2085
vn -0.5649 0.7741 0.2856
vn -0.0905 0.9596 0.2662
vn -0.0627 0.9748 0.2142
vn -0.0658 0.9861 0.1523
vn -0.0528 0.9924 0.1109
vn -0.0424 0.9957 0.0824
vn -0.0342 0.9966 0.0746
vn -0.0986 0.9355 0.3394
vn -0.0673 0.9555 0.2871
vn -0.0344 0.9667 0.2536
vn -0.0414 0.9627 0.2675
vn -0.9792 0.2026 -0.0101
vn -0.9480 0.3165 0.0334
vn -0.1841 0.9815 0.0517
vn -0.0714 0.9959 0.0555
vn -0.4918 0.7471 0.4473
vn -0.0268 0.9965 0.0795
vn -0.0205 0.9965 0.0808
vn -0.0169 0.9966 0.0809
vn -0.0279 0.9943 0.1026
vn -0.5083 -0.0339 -0.8605
vn -0.6010 -0.1140 -0.7911
vn -0.4855 -0.1365 -0.8635
vn -0.4690 0.2088 -0.8582
vn -0.4871 0.1794 -0.8547
vn -0.7697 -0.1656 -0.6165
vn -0.4317 -0.1464 -0.8901
vn -0.4972 0.2258 -0.8378
vn -0.4742 0.1930 -0.8590
vn -0.4536 0.1253 -0.8823
vn -0.4595 0.0739 -0.8851
vn -0.4533 0.0080 -0.8913
vn -0.3397 -0.0609 -0.9386
vn -0.5123 0.2590 -0.8188
vn -0.5368 0.2321 -0.8111
vn -0.4926 0.2235 -0.8411
vn -0.5077 0.1692 -0.8447
vn -0.6946 -0.2263 -0.6829
vn -0.8027 -0.1767 -0.5696
vn -0.7058 -0.0098 -0.7083
vn -0.7077 -0.0021 -0.7065
vn -0.7905 -0.0012 -0.6125
vn -0.7105 -0.0028 -0.7037
vn -0.7107 -0.0051 -0.7035
vn -0.7908 -0.0037 -0.6121
vn -0.7094 -0.0028 -0.7048
vn -0.7096 -0.0011 -0.7046
vn -0.7116 -0.0016 -0.7026
vn -0.5943 -0.1508 -0.7899
vn -0.6820 -0.2153 -0.6990
vn -0.6931 -0.0090 -0.7208
vn -0.6103 -0.0066 -0.7921
vn -0.6949 -0.0065 -0.7191
vn -0.6986 -0.0050 -0.7155
vn -0.6064 -0.0039 -0.7952
vn -0.6998 -0.0043 -0.7143
vn -0.6992 -0.0017 -0.7149
vn -0.6071 -0.0024 -0.7946
vn -0.6995 -0.0028 -0.7146
vn -0.7018 -0.0041 -0.7124
vn -0.6040 -0.1177 -0.7882
vn -0.6487 -0.1210 -0.7514
vn -0.5784 0.0251 -0.8154
vn -0.5671 0.0092 -0.8236
vn -0.5426 0.0044 -0.8400
vn -0.5328 -0.0009 -0.8462
vn -0.6183 -0.0271 -0.7855
vn -0.5895 -0.0963 -0.8020
vn -0.5646 0.0549 -0.8236
vn -0.5086 0.1053 -0.8546
vn -0.3910 0.0513 -0.9190
vn -0.4683 0.0330 -0.8829
vn 0.9274 0.0115 0.3739
vn 0.9253 -0.0383 0.3772
vn 0.8957 0.0147 0.4445
vn 0.8970 -0.0368 0.4404
vn 0.9123 -0.0974 0.3978
vn 0.9054 -0.1124 0.4093
vn 0.8466 0.0179 0.5319
vn 0.8437 -0.0414 0.5352
vn 0.8680 -0.1054 0.4852
vn 0.8289 -0.1359 0.5427
vn 0.8874 -0.1081 0.4481
vn 0.8707 -0.1252 0.4757
vn 0.8062 0.0205 0.5912
vn 0.8091 -0.0425 0.5861
vn 0.9872 0.0030 0.1596
vn 0.9988 0.0001 0.0496
vn 0.9872 -0.0218 0.1582
vn 0.9960 -0.0192 0.0869
vn 0.9990 -0.0237 0.0369
vn 0.9618 -0.0015 0.2737
vn 0.9642 -0.0028 0.2652
vn 0.9543 -0.0783 0.2885
vn 0.9713 -0.0698 0.2274
vn 0.9854 0.0005 0.1701
vn 0.9980 -0.0146 0.0622
vn 0.9826 -0.0657 0.1739
vn 0.9929 -0.0858 0.0830
vn 0.9824 -0.1740 0.0681
vn 0.9886 -0.0005 0.1507
vn 0.9924 -0.0791 0.0944
vn 0.9741 -0.1313 0.1843
vn 0.9889 -0.0917 0.1169
vn 1.0000 -0.0060 0.0071
vn 0.9882 -0.1100 0.1065
vn 0.9736 -0.1871 0.1305
vn 0.9896 -0.1147 0.0869
vn -0.2865 0.1624 -0.9442
vn -0.4422 0.0099 -0.8969
vn -0.4137 0.0682 -0.9079
vn -0.3256 0.2571 -0.9099
vn -0.2268 0.4011 -0.8875
vn -0.3793 0.2436 -0.8926
vn -0.3608 0.3644 -0.8585
vn -0.3285 0.3319 -0.8843
vn -0.7122 -0.0083 -0.7019
vn -0.7853 -0.0059 -0.6191
vn -0.7103 -0.0108 -0.7038
vn -0.7077 -0.0062 -0.7065
vn -0.7043 -0.0032 -0.7099
vn -0.6763 0.0948 -0.7305
vn -0.7985 0.0280 -0.6014
vn -0.6484 0.4208 -0.6344
vn -0.5843 0.3812 -0.7165
vn -0.5281 0.5646 -0.6343
vn -0.2069 0.8296 -0.5186
vn -0.3994 0.7805 -0.4809
vn -0.1353 0.9428 -0.3046
vn -0.0375 0.9720 -0.2319
vn -0.6049 -0.0079 -0.7962
vn -0.7034 -0.0081 -0.7108
vn -0.7029 -0.0086 -0.7112
vn -0.5972 -0.0011 -0.8021
vn -0.7016 -0.0044 -0.7125
vn -0.6981 0.0021 -0.7160
vn -0.4994 0.1682 -0.8499
vn -0.6437 0.1582 -0.7488
vn -0.5256 0.4826 -0.7006
vn -0.4706 0.4472 -0.7606
vn -0.3164 0.7608 -0.5667
vn -0.2264 0.8181 -0.5287
vn -0.0688 0.9613 -0.2666
vn -0.0344 0.9685 -0.2466
vn -0.5332 -0.0087 -0.8459
vn -0.5593 -0.0225 -0.8287
vn -0.4950 0.0601 -0.8668
vn -0.5230 0.2589 -0.8121
vn -0.5493 0.2158 -0.8073
vn -0.3626 0.4687 -0.8055
vn -0.2449 0.7976 -0.5512
vn -0.1812 0.8401 -0.5112
vn -0.0632 0.9462 -0.3174
vn -0.0103 0.9725 -0.2327
vn 0.0011 0.9781 -0.2083
vn -0.4152 0.0761 -0.9065
vn -0.3350 0.2478 -0.9090
vn -0.3252 0.5203 -0.7896
vn -0.2777 0.6116 -0.7408
vn -0.1569 0.8466 -0.5086
vn -0.0834 0.9131 -0.3991
vn -0.3927 -0.0015 -0.9197
vn -0.4273 -0.0056 -0.9041
vn -0.3757 0.0161 -0.9266
vn -0.4062 -0.0119 -0.9137
vn -0.3842 0.1163 -0.9159
vn -0.3536 0.1096 -0.9290
vn -0.2597 0.3717 -0.8913
vn -0.2439 0.5244 -0.8158
vn -0.1785 0.7009 -0.6906
vn -0.1956 0.7518 -0.6298
vn -0.0765 0.8877 -0.4541
vn -0.0303 0.9503 -0.3100
vn -0.0043 0.9754 -0.2204
vn 0.0008 0.9769 -0.2135
vn -0.2715 0.2848 -0.9193
vn -0.2647 0.4331 -0.8616
vn -0.2662 0.4446 -0.8553
vn -0.1609 0.5915 -0.7901
vn -0.1065 0.8579 -0.5026
vn -0.0672 0.9142 -0.3997
vn -0.0134 0.9647 -0.2629
vn -0.1890 0.5956 -0.7807
vn -0.1478 0.6432 -0.7513
vn -0.0853 0.8786 -0.4699
vn -0.0435 0.9408 -0.3361
vn -0.0069 0.9715 -0.2370
vn 0.0007 0.9773 -0.2118
vn -0.1353 0.7209 -0.6797
vn -0.0616 0.8995 -0.4326
vn -0.0274 0.9565 -0.2903
vn -0.0032 0.9751 -0.2218
vn -0.0148 0.9702 -0.2420
vn 0.8986 -0.1607 0.4082
vn 0.8076 -0.1830 0.5605
vn 0.8561 -0.1850 0.4826
vn 0.8700 -0.2231 0.4398
vn 0.8323 -0.2832 0.4765
vn 0.8849 -0.2528 0.3913
vn 0.8183 -0.3391 0.4641
vn 0.8477 -0.3276 0.4172
vn 0.7930 -0.3700 0.4840
vn 0.9857 -0.0851 0.1454
vn 0.9950 -0.0536 0.0846
vn 0.9884 -0.0821 0.1279
vn 0.9822 -0.1158 0.1479
vn 0.9404 -0.1400 0.3101
vn 0.9737 -0.1052 0.2023
vn 0.9768 -0.1263 0.1730
vn 0.9425 -0.1996 0.2681
vn 0.9462 -0.1907 0.2615
vn 0.9625 -0.1654 0.2149
vn 0.9652 -0.1571 0.2092
vn 0.9384 -0.2014 0.2808
vn 0.9584 -0.1508 0.2423
vn 0.9739 -0.1075 0.2001
vn 0.9421 0.0162 0.3348
vn 0.9578 0.0692 0.2791
vn 0.9788 0.0526 0.1979
vn 0.9123 0.3072 0.2709
vn 0.9372 0.1007 0.3339
vn 0.9063 -0.2374 0.3496
vn 0.8943 -0.2700 0.3568
vn 0.9143 -0.2397 0.3264
vn 0.8956 -0.2638 0.3582
vn 0.9187 -0.2187 0.3289
vn 0.8757 -0.2530 0.4113
vn 0.9005 -0.1759 0.3978
vn 0.9300 -0.0959 0.3549
vn 0.8951 -0.0415 0.4440
vn 0.8522 -0.3095 0.4218
vn 0.8219 -0.3422 0.4554
vn 0.8564 -0.3117 0.4116
vn 0.8600 -0.2461 0.4470
vn 0.0001 0.9966 0.0822
vn -0.0002 0.9967 0.0817
vn 0.0341 0.9956 0.0874
vn 0.0390 0.9960 0.0807
vn 0.9997 -0.0051 0.0254
vn 0.9999 0.0063 -0.0092
vn 0.9924 -0.1017 0.0699
vn 0.9763 -0.2067 0.0644
vn 0.9993 -0.0337 0.0189
vn 0.9971 -0.0720 0.0228
vn 0.9945 -0.1031 0.0153
vn 0.9968 -0.0524 0.0604
vn 0.9999 -0.0164 0.0032
vn 1.0000 0.0005 -0.0007
vn 1.0000 -0.0014 0.0008
vn 0.9908 -0.0808 0.1082
vn 0.9986 -0.0289 0.0434
vn 1.0000 -0.0028 0.0022
vn 1.0000 0.0001 -0.0005
vn 0.9863 -0.0714 0.1486
vn 0.9967 -0.0220 0.0778
vn 0.9999 0.0064 0.0080
vn 0.9999 0.0114 0.0024
vn 0.9579 0.1766 0.2262
vn 0.9599 0.2317 0.1581
vn 0.9537 0.2744 0.1233
vn 0.9564 0.2886 0.0443
vn 0.5004 0.8579 0.1170
vn 0.9582 0.2855 0.0200
vn 0.5013 0.8625 0.0694
vn 0.9534 0.3016 0.0087
vn 0.4691 0.8814 0.0565
vn 0.9484 0.3168 0.0143
vn 0.4333 0.8996 0.0547
vn 0.9437 0.3305 0.0165
vn 0.3970 0.9163 0.0529
vn -0.0098 0.9375 -0.3480
vn -0.0097 0.9076 -0.4197
vn -0.0174 0.8664 -0.4991
vn -0.0073 0.8241 -0.5665
vn 0.0015 0.8692 -0.4944
vn 0.0015 0.8295 -0.5585
vn 0.0003 0.9066 -0.4219
vn -0.0001 0.8692 -0.4944
vn -0.0001 0.8295 -0.5585
vn -0.0000 0.8692 -0.4945
vn -0.0045 0.8037 -0.5950
vn 0.0033 0.7939 -0.6080
vn 0.0010 0.8594 -0.5114
vn -0.0004 0.9040 -0.4275
vn -0.0006 0.9457 -0.3250
vn 0.0128 0.9773 -0.2115
vn 0.0261 0.9978 -0.0605
vn 0.0013 0.9033 -0.4289
vn -0.0004 0.9454 -0.3260
vn 0.0007 0.8595 -0.5112
vn 0.0004 0.9029 -0.4299
vn 0.0002 0.9448 -0.3277
vn -0.0003 0.9809 -0.1946
vn -0.0002 0.9979 -0.0648
vn 0.0004 0.9029 -0.4298
vn 0.0005 0.9446 -0.3282
vn 0.0001 0.7992 -0.6011
vn 0.0002 0.7919 -0.6107
vn 0.0001 0.8593 -0.5115
vn 0.0003 0.9031 -0.4295
vn 0.0003 0.9445 -0.3284
vn -0.0000 0.9807 -0.1955
vn -0.0002 0.9979 -0.0646
vn 0.0002 0.9031 -0.4294
vn 0.0002 0.9445 -0.3285
vn 0.0001 0.8595 -0.5112
vn 0.0002 0.9031 -0.4293
vn 0.0001 0.9806 -0.1959
vn -0.0000 0.9979 -0.0647
vn -0.0002 0.9031 -0.4293
vn -0.0002 0.9446 -0.3282
vn 0.0014 1.0000 -0.0058
vn 0.0005 1.0000 -0.0050
vn -0.0103 0.8864 0.4629
vn -0.0004 0.9196 0.3928
vn -0.0017 0.8436 0.5369
vn 0.0045 0.8001 0.5999
vn 0.0027 0.8075 0.5898
vn 0.0020 1.0000 -0.0029
vn 0.0024 0.9912 0.1320
vn 0.0015 0.9383 0.3458
vn 0.0025 0.8089 0.5880
vn -0.0013 0.7993 0.6009
vn -0.0001 0.9913 0.1315
vn -0.0009 0.9388 0.3445
vn -0.0015 0.8077 0.5896
vn 0.0019 0.8844 0.4668
vn 0.0029 0.9165 0.4000
vn -0.0006 0.7991 0.6011
vn -0.0002 0.9914 0.1310
vn -0.0003 0.9389 0.3441
vn -0.0004 0.8078 0.5894
vn 0.0014 0.7988 0.6016
vn -0.0003 0.9914 0.1310
vn -0.0001 0.9389 0.3442
vn 0.0005 0.8075 0.5898
vn 0.0293 0.8794 0.4752
vn 0.0488 0.9046 0.4235
vn 0.0154 0.8467 0.5319
vn 0.0032 0.7970 0.6040
vn 0.0114 0.7838 0.6209
vn -0.0010 0.9914 0.1306
vn -0.0012 0.9387 0.3447
vn 0.0002 0.8061 0.5918
vn 0.0078 0.7926 0.6097
vn -0.0004 0.9916 0.1296
vn -0.0007 0.9386 0.3451
vn 0.0017 0.8030 0.5960
vn 0.0975 0.8524 0.5137
vn 0.1195 0.8851 0.4499
vn 0.0159 0.7848 0.6196
vn 0.0005 0.9916 0.1294
vn 0.0012 0.9383 0.3459
vn 0.0061 0.7975 0.6034
vn 0.2047 0.8406 0.5015
vn 0.0231 0.7738 0.6330
vn 0.0005 0.9914 0.1307
vn 0.0026 0.9375 0.3480
vn 0.0104 0.7888 0.6145
vn -0.0182 0.9860 0.1656
vn -0.0043 0.9959 0.0903
vn -0.0032 0.9393 0.3432
vn -0.0151 0.9635 0.2673
vn 0.0131 0.9846 0.1741
vn 0.0125 0.9964 0.0844
vn 0.0031 0.9415 0.3369
vn 0.0093 0.9652 0.2614
vn 0.5362 0.7864 0.3066
vn 0.1541 0.9851 0.0768
vn 0.1075 0.9540 0.2799
vn 0.1983 0.9601 0.1970
vn 0.8291 0.4629 0.3136
vn 0.8880 0.4053 0.2170
vn 0.2494 0.9637 0.0955
vn 0.6924 0.6877 0.2183
vn 0.0591 0.9358 0.3476
vn 0.3007 0.8823 0.3621
vn 0.8846 0.2830 0.3705
vn 0.3704 0.8887 0.2701
vn 0.9173 0.1907 0.3496
vn 0.3960 0.8847 0.2459
vn 0.7239 0.3573 0.5902
vn 0.2401 0.8867 0.3951
vn 0.1624 0.9267 0.3390
vn 0.2193 0.9054 0.3636
vn 0.4829 0.7335 0.4783
vn 0.9413 0.0617 0.3320
vn 0.4926 0.7880 0.3694
vn 0.6112 0.1419 0.7787
vn 0.1873 0.8914 0.4127
vn 0.3696 0.7755 0.5118
vn 0.8258 -0.1913 0.5304
vn 0.7008 0.3690 0.6105
vn 0.2513 0.8548 0.4540
vn 0.4812 0.5402 0.6904
vn 0.0027 0.9966 0.0822
vn 0.0009 0.9966 0.0818
vn 0.0006 0.9966 0.0829
vn 0.0016 0.9966 0.0824
vn 0.0038 0.9966 0.0821
vn 0.0095 0.9958 0.0912
vn 0.7453 0.6390 0.1904
vn 0.1390 0.9876 0.0736
vn 0.8092 0.5735 0.1278
vn 0.1033 0.9923 0.0681
vn 0.8338 0.5427 0.1014
vn 0.0561 0.9962 0.0666
vn 0.3770 0.8452 0.3789
vn -0.8393 0.4956 -0.2236
vn -0.8906 0.4469 -0.0839
vn -0.9273 0.3714 0.0478
vn -0.9422 0.3240 0.0854
vn -0.9485 0.3133 0.0470
vn -0.9351 0.3538 -0.0222
vn -0.9691 0.2437 0.0380
vn -0.8915 -0.0941 -0.4431
vn -0.6526 -0.1457 -0.7436
vn -0.8415 0.2527 -0.4776
vn -0.9355 0.2360 -0.2628
vn -0.9368 0.0011 -0.3499
vn -0.7880 -0.1323 -0.6013
vn -0.8767 0.2411 -0.4163
vn -0.8665 0.2125 -0.4517
vn -0.9078 0.1717 -0.3827
vn -0.8636 0.1558 -0.4795
vn -0.9123 0.0808 -0.4015
vn -0.8824 0.0796 -0.4637
vn -0.9118 0.0720 -0.4042
vn -0.8787 0.0459 -0.4752
vn -0.8680 0.1712 -0.4661
vn -0.9563 0.2891 -0.0434
vn -0.9507 0.2559 -0.1752
vn -0.9566 0.2111 -0.2009
vn -0.9418 0.1808 -0.2832
vn -0.9501 0.0864 -0.2998
vn -0.9423 0.1095 -0.3164
vn -0.9065 0.1091 -0.4079
vn -0.9067 0.2295 -0.3538
vn -0.8802 0.2112 -0.4251
vn -0.8877 0.1913 -0.4188
vn -0.7337 -0.1819 -0.6547
vn -0.4490 -0.2117 -0.8681
vn -0.5738 0.2349 -0.7846
vn -0.5556 0.2341 -0.7978
vn -0.5870 0.1752 -0.7904
vn -0.5500 0.1468 -0.8222
vn -0.5982 0.0761 -0.7977
vn -0.5123 0.0743 -0.8556
vn -0.5916 0.0173 -0.8061
vn -0.5185 0.0127 -0.8550
vn -0.7614 -0.1091 -0.6390
vn -0.5323 -0.1355 -0.8357
vn -0.6232 0.2366 -0.7454
vn -0.6208 0.2374 -0.7472
vn -0.6059 0.2154 -0.7658
vn -0.8380 -0.0862 -0.5388
vn -0.5828 -0.0821 -0.8084
vn -0.6793 0.2359 -0.6949
vn -0.6541 0.2102 -0.7266
vn -0.6971 0.1663 -0.6974
vn -0.6289 0.1638 -0.7601
vn -0.7122 0.0712 -0.6984
vn -0.6383 0.0807 -0.7655
vn -0.6392 0.0224 -0.7688
vn -0.8298 -0.1162 -0.5458
vn -0.5546 -0.0981 -0.8263
vn -0.7020 0.2404 -0.6703
vn -0.7348 0.2274 -0.6390
vn -0.7339 0.2166 -0.6438
vn -0.6812 0.2205 -0.6981
vn -0.9482 -0.0615 -0.3116
vn -0.8707 -0.2176 -0.4411
vn -0.6512 -0.1739 -0.7387
vn -0.7946 0.2319 -0.5611
vn -0.7777 0.2245 -0.5871
vn -0.7589 0.2113 -0.6160
vn -0.7945 0.1617 -0.5853
vn -0.7334 0.1635 -0.6598
vn -0.8015 0.0795 -0.5926
vn -0.7359 0.0712 -0.6734
vn -0.7976 0.0453 -0.6014
vn -0.8225 0.2660 -0.5026
vn -0.8387 0.2356 -0.4909
vn -0.8113 0.2368 -0.5346
vn -0.8393 0.1648 -0.5181
vn -0.8376 0.0824 -0.5400
vn -0.8425 0.0453 -0.5367
vn -0.8391 0.1035 -0.5341
vn 0.6508 0.0249 0.7589
vn 0.6470 -0.0417 0.7614
vn 0.6477 -0.1491 0.7472
vn 0.6257 -0.1923 0.7560
vn 0.5950 0.0314 0.8031
vn 0.5958 -0.0499 0.8016
vn 0.5954 -0.1512 0.7891
vn 0.5244 0.0306 0.8509
vn 0.5266 -0.0454 0.8489
vn 0.5143 -0.1510 0.8442
vn 0.5448 -0.2103 0.8118
vn 0.4996 -0.2132 0.8396
vn 0.5697 -0.2148 0.7933
vn 0.4209 0.0317 0.9065
vn 0.4073 -0.0476 0.9121
vn 0.4525 -0.0533 0.8902
vn 0.4435 -0.1634 0.8812
vn 0.4376 -0.2249 0.8706
vn 0.3874 -0.1630 0.9074
vn 0.7094 0.0235 0.7044
vn 0.7603 0.0179 0.6493
vn 0.7188 -0.0442 0.6938
vn 0.7467 -0.0465 0.6635
vn 0.7663 -0.1551 0.6234
vn 0.7006 -0.1469 0.6983
vn 0.6929 -0.1798 0.6982
vn 0.6524 -0.1884 0.7341
vn -0.8408 0.3369 -0.4236
vn -0.8388 0.3980 -0.3715
vn -0.7768 0.3798 -0.5023
vn -0.7337 0.5175 -0.4402
vn -0.6903 0.5922 -0.4157
vn -0.6741 0.5690 -0.4710
vn -0.5769 0.0507 -0.8152
vn -0.5050 0.0292 -0.8626
vn -0.5287 0.2210 -0.8195
vn -0.4624 0.1670 -0.8708
vn -0.3579 0.3997 -0.8439
vn -0.2767 0.5163 -0.8105
vn -0.2195 0.5515 -0.8048
vn -0.3256 0.5106 -0.7958
vn -0.2658 0.5580 -0.7861
vn -0.2249 0.6526 -0.7235
vn -0.2028 0.6418 -0.7396
vn -0.6748 0.0696 -0.7347
vn -0.6340 0.0636 -0.7707
vn -0.4907 0.4492 -0.7466
vn -0.4839 0.3472 -0.8033
vn -0.3933 0.5061 -0.7676
vn -0.3084 0.6194 -0.7219
vn -0.3110 0.5958 -0.7405
vn -0.2376 0.6427 -0.7284
vn -0.1779 0.7246 -0.6658
vn -0.1318 0.7397 -0.6599
vn -0.6619 0.1409 -0.7362
vn -0.6015 0.3483 -0.7189
vn -0.5903 0.3061 -0.7469
vn -0.4773 0.4791 -0.7367
vn -0.3820 0.6087 -0.6954
vn -0.3365 0.6364 -0.6941
vn -0.2815 0.6838 -0.6732
vn -0.2372 0.6897 -0.6842
vn -0.1756 0.7631 -0.6219
vn -0.1167 0.8019 -0.5860
vn -0.7833 0.1532 -0.6024
vn -0.7391 0.1048 -0.6654
vn -0.6874 0.2347 -0.6873
vn -0.6296 0.4246 -0.6507
vn -0.6137 0.3881 -0.6875
vn -0.5367 0.5045 -0.6763
vn -0.4370 0.6359 -0.6361
vn -0.4608 0.5954 -0.6582
vn -0.3792 0.6508 -0.6577
vn -0.3333 0.7114 -0.6188
vn -0.3136 0.7002 -0.6414
vn -0.2737 0.7157 -0.6426
vn -0.2592 0.7530 -0.6049
vn -0.2256 0.7452 -0.6275
vn -0.1756 0.7987 -0.5755
vn -0.1156 0.8658 -0.4868
vn -0.7026 0.3431 -0.6234
vn -0.6280 0.5182 -0.5806
vn -0.6242 0.4740 -0.6211
vn -0.5293 0.5898 -0.6099
vn -0.4712 0.6793 -0.5626
vn -0.4618 0.6584 -0.5943
vn -0.3998 0.7015 -0.5900
vn -0.3727 0.7367 -0.5643
vn -0.3650 0.7182 -0.5925
vn -0.3178 0.7501 -0.5799
vn -0.1774 0.8301 -0.5286
vn -0.1014 0.9193 -0.3804
vn -0.8171 0.3193 -0.4801
vn -0.7816 0.2531 -0.5701
vn -0.7078 0.4390 -0.5535
vn -0.6990 0.5362 -0.4731
vn -0.6308 0.5832 -0.5118
vn -0.6306 0.5599 -0.5374
vn -0.5439 0.6460 -0.5356
vn -0.5008 0.7260 -0.4713
vn -0.4603 0.7172 -0.5232
vn -0.3731 0.7714 -0.5156
vn -0.2876 0.7977 -0.5301
vn -0.2229 0.8525 -0.4728
vn -0.1523 0.8679 -0.4727
vn -0.0597 0.9458 -0.3193
vn -0.0676 0.9549 -0.2890
vn -0.5942 0.6822 -0.4260
vn -0.5617 0.6860 -0.4625
vn -0.3414 0.8048 -0.4856
vn -0.0722 0.9442 -0.3213
vn -0.0281 0.9725 -0.2313
vn -0.1758 0.6505 -0.7389
vn -0.1204 0.8021 -0.5850
vn -0.0475 0.9171 -0.3958
vn -0.0083 0.9681 -0.2505
vn 0.0006 0.9779 -0.2092
vn 0.0001 0.9772 -0.2122
vn -0.1582 0.6842 -0.7120
vn -0.1175 0.7912 -0.6002
vn -0.1037 0.8625 -0.4953
vn -0.0369 0.9313 -0.3623
vn -0.0652 0.9132 -0.4021
vn -0.0388 0.9444 -0.3266
vn -0.0044 0.9759 -0.2181
vn -0.0002 0.9781 -0.2081
vn -0.0543 0.9267 -0.3719
vn -0.0232 0.9583 -0.2849
vn -0.0484 0.9425 -0.3308
vn -0.0164 0.9673 -0.2531
vn -0.0001 0.9776 -0.2104
vn -0.0004 0.9780 -0.2087
vn -0.0004 0.9772 -0.2125
vn -0.0373 0.9573 -0.2868
vn -0.0078 0.9733 -0.2295
vn -0.0100 0.9703 -0.2417
vn 0.0012 0.9774 -0.2114
vn 0.0006 0.9776 -0.2105
vn -0.0003 0.9690 -0.2469
vn 0.5538 -0.2275 0.8010
vn 0.4888 -0.2338 0.8404
vn 0.4202 -0.2302 0.8777
vn 0.4357 -0.2575 0.8625
vn 0.3791 -0.2944 0.8773
vn 0.4655 -0.3169 0.8264
vn 0.4290 -0.3804 0.8193
vn 0.7227 -0.2093 0.6588
vn 0.8026 -0.1895 0.5656
vn 0.7124 -0.2771 0.6447
vn 0.7732 -0.2895 0.5642
vn 0.7146 -0.3830 0.5854
vn 0.7754 -0.3713 0.5109
vn 0.7395 -0.4117 0.5327
vn 0.7455 -0.3987 0.5341
vn 0.6978 -0.3486 0.6257
vn 0.6940 -0.4337 0.5746
vn 0.5920 -0.2237 0.7743
vn 0.6727 -0.2189 0.7068
vn 0.6476 -0.2812 0.7082
vn 0.6207 -0.3533 0.6999
vn 0.6350 -0.4247 0.6453
vn 0.6432 -0.4548 0.6160
vn 0.6465 -0.4719 0.5995
vn 0.5937 -0.4607 0.6597
vn 0.5579 -0.3051 0.7718
vn 0.4888 -0.3946 0.7780
vn 0.5695 -0.4004 0.7179
vn 0.5273 -0.4626 0.7127
vn 0.5370 -0.5111 0.6712
vn 0.4477 -0.4323 0.7828
vn 0.3822 -0.4916 0.7825
vn 0.4631 -0.5073 0.7268
vn -0.0005 0.9444 -0.3287
vn -0.0013 0.9065 -0.4223
vn -0.0016 0.8693 -0.4942
vn -0.0012 0.8296 -0.5583
vn 0.0006 0.8694 -0.4940
vn 0.0004 0.8297 -0.5582
vn 0.0002 0.9067 -0.4217
vn -0.0000 0.8694 -0.4941
vn 0.0001 0.8297 -0.5583
vn 0.0002 0.8694 -0.4941
vn -0.0005 0.7997 -0.6004
vn -0.0002 0.7918 -0.6107
vn -0.0002 0.8593 -0.5114
vn -0.0004 0.9031 -0.4295
vn -0.0004 0.9447 -0.3280
vn -0.0001 0.9806 -0.1958
vn -0.0002 0.9030 -0.4296
vn -0.0002 0.9447 -0.3278
vn -0.0000 0.9030 -0.4297
vn -0.0000 0.9447 -0.3278
vn -0.0000 0.9807 -0.1956
vn 0.0001 0.7919 -0.6106
vn 0.0001 0.8592 -0.5117
vn -0.0000 0.9029 -0.4298
vn 0.7263 -0.3968 0.5613
vn 0.7245 -0.3064 0.6175
vn 0.8262 0.1384 0.5461
vn 0.3129 0.7836 0.5367
vn 0.5521 0.2080 0.8074
vn 0.2306 0.7370 0.6353
vn 0.1460 0.8245 0.5467
vn 0.2243 0.7831 0.5801
vn 0.0621 0.8027 0.5932
vn 0.0277 0.7600 0.6493
vn 0.0454 0.7484 0.6618
vn -0.0001 1.0000 -0.0047
vn 0.0006 0.9912 0.1327
vn 0.0030 0.9362 0.3515
vn 0.0125 0.7775 0.6288
vn 0.6801 -0.4319 0.5924
vn 0.8449 -0.0352 0.5338
vn 0.4619 0.5633 0.6851
vn 0.4387 0.1019 0.8928
vn 0.1524 0.7686 0.6213
vn 0.3192 0.6194 0.7172
vn 0.1128 0.7616 0.6381
vn 0.0341 0.7424 0.6691
vn 0.0005 0.9909 0.1345
vn 0.0025 0.9348 0.3552
vn 0.0144 0.7624 0.6470
vn 0.5981 -0.4914 0.6331
vn 0.6556 -0.4468 0.6087
vn 0.6424 -0.4630 0.6107
vn 0.6138 -0.3871 0.6881
vn 0.5243 -0.1763 0.8331
vn 0.1757 0.7194 0.6720
vn 0.3312 0.3461 0.8778
vn 0.0880 0.7286 0.6792
vn 0.1289 0.7257 0.6759
vn 0.0398 0.7202 0.6927
vn 0.0691 0.7100 0.7008
vn 0.0003 0.9907 0.1358
vn 0.0023 0.9334 0.3590
vn 0.0167 0.7426 0.6695
vn 0.5932 -0.4624 0.6590
vn 0.5466 -0.3973 0.7371
vn 0.8063 0.0012 0.5916
vn 0.2440 0.6834 0.6881
vn 0.2144 0.0992 0.9717
vn 0.1793 0.6377 0.7492
vn 0.0407 0.6955 0.7173
vn 0.0004 0.9905 0.1374
vn 0.0028 0.9318 0.3630
vn 0.0177 0.7202 0.6935
vn 0.5419 -0.5149 0.6642
vn 0.5256 -0.5026 0.6864
vn 0.6716 -0.1828 0.7180
vn 0.4715 0.0147 0.8817
vn 0.4423 0.3308 0.8337
vn 0.1061 0.6668 0.7377
vn 0.3110 0.4420 0.8414
vn 0.0446 0.6700 0.7410
vn 0.0781 0.6498 0.7561
vn 0.0016 0.9902 0.1398
vn 0.0047 0.9300 0.3676
vn 0.0211 0.6961 0.7176
vn 0.4826 -0.5334 0.6947
vn 0.2730 0.2498 0.9290
vn 0.0612 0.5968 0.8001
vn 0.0493 0.6465 0.7614
vn 0.0867 0.6094 0.7881
vn 0.0018 0.9897 0.1431
vn 0.0048 0.9282 0.3721
vn 0.0273 0.6646 0.7467
vn 0.4228 -0.5397 0.7280
vn 0.4295 -0.5616 0.7072
vn 0.4040 -0.4923 0.7710
vn 0.1518 0.4553 0.8773
vn 0.2451 0.0739 0.9667
vn 0.0713 0.5918 0.8030
vn 0.0013 0.9893 0.1461
vn 0.0039 0.9265 0.3762
vn 0.0199 0.6373 0.7703
vn 0.3752 -0.5715 0.7298
vn 0.3721 -0.5457 0.7508
vn 0.6662 -0.1494 0.7307
vn 0.2423 0.3550 0.9029
vn 0.1712 -0.0414 0.9844
vn 0.1409 0.4347 0.8895
vn -0.0003 0.9891 0.1476
vn 0.0007 0.9253 0.3793
vn 0.0204 0.6062 0.7951
vn -0.8251 0.4798 -0.2983
vn -0.7285 0.5352 -0.4276
vn -0.7518 0.5087 -0.4195
vn -0.6780 0.5741 -0.4591
vn -0.7511 0.5304 -0.3932
vn -0.7646 0.5204 -0.3803
vn -0.7356 0.5521 -0.3927
vn -0.6831 0.5912 -0.4288
vn -0.5379 0.5575 -0.6324
vn -0.5554 0.6322 -0.5403
vn -0.3408 0.7246 -0.5990
vn -0.5589 0.6585 -0.5040
vn -0.5373 0.6654 -0.5182
vn -0.3452 0.7386 -0.5790
vn -0.5238 0.6591 -0.5396
vn -0.4760 0.7386 -0.4774
vn -0.4796 0.6453 -0.5947
vn -0.4415 0.7544 -0.4858
vn -0.2148 0.7281 -0.6509
vn -0.2176 0.7421 -0.6339
vn -0.2037 0.7234 -0.6597
vn -0.1977 0.7775 -0.5969
vn -0.1850 0.7325 -0.6551
vn -0.1835 0.8068 -0.5616
vn -0.2278 0.7585 -0.6106
vn -0.0741 0.8017 -0.5931
vn -0.2266 0.8127 -0.5369
vn -0.2149 0.7966 -0.5651
vn -0.2028 0.7807 -0.5911
vn -0.0062 0.7418 -0.6706
vn -0.0042 0.7810 -0.6245
vn -0.0113 0.8132 -0.5818
vn -0.8644 0.4433 -0.2372
vn -0.8918 0.4252 -0.1548
vn -0.9683 0.2469 0.0369
vn -0.8818 0.3924 -0.2615
vn -0.9280 0.3421 -0.1472
vn -0.9439 0.3246 -0.0608
vn -0.9466 0.3162 -0.0631
vn -0.9715 0.2311 0.0519
vn -0.9823 0.1868 0.0157
vn -0.8962 0.3760 -0.2356
vn -0.9242 0.3297 -0.1929
vn -0.9618 0.2529 -0.1044
vn -0.9888 0.1477 -0.0194
vn -0.9308 0.3185 -0.1794
vn -0.9518 0.2775 -0.1309
vn -0.9641 0.2398 -0.1137
vn -0.8288 0.4526 -0.3289
vn -0.6903 0.5976 -0.4078
vn -0.7996 0.5129 -0.3122
vn -0.7864 0.5079 -0.3515
vn -0.6915 0.6049 -0.3948
vn -0.7661 0.5405 -0.3479
vn -0.7471 0.5708 -0.3407
vn -0.8453 0.4538 -0.2820
vn -0.6892 0.6145 -0.3840
vn -0.6968 0.6200 -0.3608
vn -0.8033 0.5210 -0.2885
vn -0.7756 0.5482 -0.3129
vn -0.8747 0.4183 -0.2447
vn -0.6900 0.6305 -0.3556
vn -0.6907 0.6411 -0.3345
vn -0.8148 0.5211 -0.2540
vn -0.7751 0.5639 -0.2849
vn -0.8714 0.4375 -0.2220
vn -0.6856 0.6500 -0.3278
vn -0.6886 0.6587 -0.3032
vn -0.8092 0.5408 -0.2295
vn -0.5714 0.6614 -0.4858
vn -0.3424 0.7790 -0.5253
vn -0.5510 0.7042 -0.4478
vn -0.5051 0.7420 -0.4408
vn -0.3470 0.7903 -0.5050
vn -0.4962 0.6927 -0.5235
vn -0.4188 0.7942 -0.4403
vn -0.5460 0.7211 -0.4265
vn -0.3370 0.8172 -0.4676
vn -0.5345 0.7226 -0.4383
vn -0.4505 0.8001 -0.3961
vn -0.5628 0.7186 -0.4086
vn -0.3363 0.8364 -0.4329
vn -0.5476 0.7439 -0.3831
vn -0.4603 0.8114 -0.3603
vn -0.5629 0.7354 -0.3772
vn -0.1875 0.8304 -0.5247
vn -0.1548 0.7838 -0.6014
vn -0.1486 0.8763 -0.4583
vn -0.2021 0.8414 -0.5011
vn -0.1877 0.8189 -0.5424
vn -0.1836 0.8759 -0.4462
vn -0.2168 0.8585 -0.4648
vn -0.2041 0.8426 -0.4983
vn -0.1963 0.8875 -0.4169
vn -0.2200 0.8750 -0.4313
vn -0.0094 0.8429 -0.5381
vn 0.0015 0.8727 -0.4882
vn -0.9648 0.2566 -0.0574
vn -0.9877 0.1466 -0.0552
vn -0.9732 0.1903 -0.1288
vn -0.9738 0.1383 -0.1804
vn -0.9905 0.1088 -0.0841
vn -0.9852 0.0743 -0.1547
vn -0.9676 0.0831 -0.2385
vn -0.9755 0.1822 -0.1229
vn -0.9714 0.1335 -0.1966
vn -0.9712 0.0950 -0.2185
vn -0.9272 0.3389 -0.1593
vn -0.9289 0.3340 -0.1602
vn -0.9234 0.3193 -0.2128
vn -0.9216 0.2877 -0.2606
vn -0.8937 0.3155 -0.3190
vn -0.7655 0.5879 -0.2615
vn -0.8394 0.4937 -0.2274
vn 0.9856 -0.0035 0.1693
vn 0.9959 -0.0020 0.0908
vn 0.9854 0.0009 0.1700
vn 0.9958 0.0004 0.0914
vn 0.9855 0.0009 0.1695
vn 0.9959 0.0005 0.0908
vn 0.9856 0.0009 0.1692
vn 0.9959 0.0005 0.0903
vn 0.9503 -0.0080 0.3112
vn 0.9723 -0.0055 0.2335
vn 0.9499 0.0018 0.3124
vn 0.9721 0.0014 0.2347
vn 0.9501 0.0017 0.3121
vn 0.9722 0.0013 0.2341
vn 0.9502 0.0017 0.3118
vn 0.9723 0.0013 0.2335
vn 0.9154 -0.0057 0.4025
vn 0.9999 0.0006 0.0110
vn 0.9998 0.0151 0.0150
vn 0.9960 0.0613 0.0645
vn 0.9999 -0.0006 0.0116
vn 0.9988 -0.0193 0.0450
vn 0.3146 0.0262 0.9488
vn 0.3174 -0.0436 0.9473
vn 0.3052 -0.1369 0.9424
vn 0.3335 -0.2528 0.9082
vn 0.2229 0.0298 0.9744
vn 0.2209 -0.0445 0.9743
vn 0.2316 -0.1592 0.9597
vn 0.2191 -0.2309 0.9480
vn 0.2038 0.0428 0.9781
vn 0.2644 -0.0296 0.9639
vn 0.2982 -0.1556 0.9417
vn 0.2936 -0.3172 0.9018
vn 0.1895 -0.2401 0.9521
vn 0.9970 0.0773 0.0009
vn 0.9814 0.0821 0.1732
vn 0.4017 0.0626 0.9136
vn 0.4109 0.0536 0.9101
vn 0.9975 0.0689 0.0176
vn 0.9920 0.0529 0.1149
vn 0.4435 0.0138 0.8962
vn 0.4965 -0.0309 0.8675
vn 0.9978 -0.0588 0.0297
vn 0.9952 -0.0410 0.0885
vn 0.5572 -0.0931 0.8252
vn 0.6264 -0.2091 0.7509
vn 0.9883 -0.1150 0.1002
vn 0.7528 -0.3578 0.5525
vn 0.6460 -0.2945 0.7042
vn 0.9353 -0.1473 0.3218
vn 0.3449 -0.2017 0.9167
vn -0.3407 0.8519 -0.3977
vn -0.5453 0.7554 -0.3634
vn -0.2013 0.8615 -0.4662
vn -0.1900 0.9062 -0.3778
vn -0.0099 0.9001 -0.4355
vn -0.8741 0.4385 -0.2087
vn -0.8593 0.4531 -0.2373
vn -0.8246 0.4755 -0.3065
vn -0.8173 0.4560 -0.3522
vn -0.7377 0.5663 -0.3674
vn -0.7253 0.6155 -0.3083
vn -0.6767 0.6567 -0.3329
vn -0.6817 0.6318 -0.3690
vn -0.6149 0.6978 -0.3674
vn -0.5850 0.7345 -0.3439
vn -0.6910 0.6579 -0.2994
vn -0.6940 0.6665 -0.2723
vn -0.7781 0.5807 -0.2393
vn -0.7252 0.6388 -0.2571
vn -0.7614 0.5952 -0.2568
vn -0.7702 0.5753 -0.2752
vn -0.6794 0.6803 -0.2750
vn -0.6698 0.6930 -0.2665
vn -0.6534 0.7094 -0.2642
vn -0.7078 0.6542 -0.2666
vn -0.6481 0.7070 -0.2832
vn -0.6370 0.7085 -0.3038
vn -0.5835 0.7647 -0.2734
vn -0.5942 0.7459 -0.3010
vn -0.5346 0.7892 -0.3021
vn -0.4409 0.8358 -0.3271
vn -0.5344 0.7782 -0.3299
vn -0.3357 0.8717 -0.3569
vn -0.5197 0.7713 -0.3675
vn -0.3957 0.8687 -0.2981
vn -0.4737 0.8357 -0.2779
vn -0.5474 0.7734 -0.3197
vn -0.3374 0.8912 -0.3033
vn -0.5187 0.8116 -0.2688
vn -0.4406 0.8609 -0.2544
vn -0.4618 0.8236 -0.3292
vn -0.3172 0.9037 -0.2874
vn -0.4074 0.8610 -0.3044
vn -0.2126 0.8934 -0.3957
vn -0.1841 0.8808 -0.4361
vn -0.1722 0.9305 -0.3232
vn -0.2096 0.9140 -0.3473
vn -0.2174 0.9169 -0.3348
vn -0.2046 0.9049 -0.3733
vn -0.1888 0.9405 -0.2825
vn -0.2166 0.9295 -0.2987
vn -0.2155 0.9311 -0.2942
vn -0.1946 0.9222 -0.3343
vn -0.1561 0.9570 -0.2444
vn -0.0047 0.9216 -0.3881
vn 0.0052 0.9466 -0.3225
vn -0.5843 0.7057 -0.4007
vn -0.5422 0.7683 -0.3402
vn -0.5020 0.7645 -0.4045
vn -0.4402 0.7963 -0.4149
vn -0.3571 0.8234 -0.4410
vn -0.2409 0.8963 -0.3724
vn -0.0940 0.9460 -0.3103
vn -0.0799 0.9579 -0.2756
vn -0.3488 0.9040 -0.2471
vn -0.3045 0.8886 -0.3430
vn -0.2427 0.8996 -0.3631
vn -0.0536 0.9674 -0.2474
vn -0.0007 0.9768 -0.2141
vn -0.1515 0.9507 -0.2705
vn -0.1030 0.9604 -0.2588
vn -0.0610 0.9661 -0.2508
vn -0.0357 0.9730 -0.2282
vn -0.0190 0.9752 -0.2204
vn 0.0049 0.9676 -0.2524
vn 0.0012 0.9765 -0.2153
vn -0.0000 0.9772 -0.2125
vn 0.0001 0.9771 -0.2126
vn -0.0052 0.9704 -0.2414
vn 0.8858 0.0322 0.4630
vn 0.9857 0.0008 0.1688
vn 0.9960 0.0004 0.0897
vn 0.9856 0.0162 0.1683
vn 0.9962 0.0132 0.0865
vn 0.9828 0.0547 0.1763
vn 0.9954 0.0534 0.0797
vn 0.9841 0.0136 0.1773
vn 0.9973 0.0101 0.0734
vn 0.9503 0.0016 0.3114
vn 0.9725 0.0012 0.2330
vn 0.9501 0.0166 0.3116
vn 0.9694 0.0223 0.2444
vn 0.9172 0.0460 0.3958
vn 0.9466 0.0677 0.3154
vn 0.9674 0.0568 0.2468
vn 0.9188 0.0257 0.3940
vn 0.9475 0.0205 0.3192
vn 0.9682 0.0166 0.2495
vn 0.9163 0.0056 0.4005
vn 0.9999 -0.0001 0.0106
vn 0.9998 -0.0136 0.0132
vn 0.9980 0.0512 0.0369
vn 0.9997 0.0206 -0.0090
vn 0.9997 0.0155 0.0210
vn 0.9953 0.0502 0.0834
vn 0.9952 -0.0360 0.0907
vn 0.3295 -0.2407 0.9130
vn 0.3214 -0.2949 0.8999
vn 0.3281 -0.3308 0.8848
vn 0.2753 -0.3924 0.8776
vn 0.3642 -0.4203 0.8311
vn 0.3286 -0.4812 0.8127
vn 0.2199 -0.2545 0.9418
vn 0.2212 -0.2976 0.9287
vn 0.2155 -0.3796 0.8997
vn 0.2293 -0.4544 0.8608
vn 0.2385 -0.4968 0.8344
vn 0.1634 -0.4889 0.8569
vn 0.1914 -0.2524 0.9485
vn 0.1864 -0.2801 0.9417
vn 0.2023 -0.2895 0.9355
vn 0.5201 -0.3290 0.7882
vn 0.2145 -0.3695 0.9041
vn 0.5501 -0.3589 0.7540
vn 0.3767 -0.5378 0.7543
vn 0.3121 -0.4550 0.8340
vn 0.9997 -0.0241 -0.0046
vn 0.9995 -0.0290 0.0091
vn 0.9480 -0.0707 0.3103
vn 0.4530 -0.1742 0.8743
vn 0.9665 -0.0043 0.2567
vn 0.5251 -0.2063 0.8257
vn 0.4870 -0.4647 0.7395
vn 0.9957 0.0915 0.0144
vn 0.9944 0.1049 -0.0120
vn 0.9856 0.0429 0.1635
vn 0.9518 -0.0455 0.3032
vn 0.2845 -0.1833 0.9410
vn 0.9942 0.0896 0.0598
vn 0.9780 0.0161 0.2079
vn 0.4929 -0.1376 0.8591
vn 0.9972 0.0691 0.0269
vn 0.9979 0.0641 0.0102
vn 0.9945 0.0474 0.0930
vn 0.6897 -0.1928 0.6979
vn 0.9157 -0.2211 0.3357
vn 0.8448 -0.1883 0.5009
vn 0.9986 -0.0446 0.0299
vn 0.9990 -0.0448 0.0021
vn 0.9976 -0.0540 0.0433
vn 0.9932 -0.0815 0.0825
vn 0.6577 -0.3635 0.6598
vn 0.5713 -0.6105 0.5486
vn 0.9892 -0.1392 0.0469
vn 0.9732 -0.1686 0.1566
vn 0.4460 -0.4972 0.7442
vn 0.3641 -0.6678 0.6492
vn 0.3311 -0.5390 0.7745
vn 0.0001 0.9445 -0.3286
vn -0.0000 0.9067 -0.4218
vn -0.0001 0.8694 -0.4942
vn -0.0000 0.8297 -0.5583
vn -0.0003 0.8693 -0.4943
vn -0.0005 0.8295 -0.5584
vn 0.0072 0.9465 -0.3226
vn 0.0086 0.9017 -0.4323
vn 0.0066 0.8708 -0.4916
vn 0.0143 0.8347 -0.5505
vn 0.1230 0.8836 -0.4517
vn 0.3146 0.7147 -0.6247
vn 0.2729 0.9262 -0.2600
vn 0.8881 0.2685 0.3729
vn 0.3362 0.7827 -0.5238
vn 0.8399 0.5410 0.0435
vn 0.3048 0.9221 -0.2385
vn 0.9349 0.3111 0.1709
vn 0.5314 0.8425 -0.0885
vn 0.7886 0.3711 0.4904
vn -0.0001 0.7996 -0.6006
vn -0.0001 0.7920 -0.6105
vn -0.0001 0.9029 -0.4298
vn -0.0002 0.9447 -0.3280
vn -0.0001 0.9807 -0.1956
vn -0.0001 0.9979 -0.0647
vn 0.0001 0.9447 -0.3278
vn -0.0007 0.8590 -0.5119
vn -0.0007 0.9031 -0.4294
vn 0.0001 0.9452 -0.3265
vn 0.0004 0.9807 -0.1958
vn -0.0001 0.9979 -0.0652
vn 0.0001 0.9034 -0.4288
vn 0.0004 0.9456 -0.3252
vn 0.0109 0.7980 -0.6026
vn 0.0037 0.7934 -0.6087
vn 0.0154 0.8607 -0.5088
vn 0.0307 0.9047 -0.4249
vn 0.0271 0.9424 -0.3333
vn 0.0097 0.9799 -0.1992
vn 0.0074 0.9982 -0.0589
vn 0.9859 -0.0196 0.1662
vn 0.9972 -0.0339 0.0664
vn 0.9900 0.0323 0.1373
vn 0.9989 -0.0001 0.0476
vn 0.1604 0.7648 -0.6240
vn 0.6474 0.6806 -0.3429
vn 0.2251 0.8227 -0.5219
vn 0.8922 0.4517 -0.0040
vn 0.9804 0.1800 0.0799
vn 0.2233 0.7040 -0.6742
vn 0.7965 0.5517 -0.2476
vn 0.1999 0.8934 -0.4024
vn 0.8981 0.4303 -0.0909
vn 0.3700 0.8660 -0.3363
vn 0.9702 0.2371 0.0504
vn 0.9964 0.0827 0.0178
vn 0.3084 0.7958 -0.5212
vn 0.8852 0.4544 -0.0998
vn 0.1144 0.9804 -0.1604
vn 0.9176 0.3932 -0.0577
vn 0.2212 0.9696 -0.1047
vn 0.9357 0.3523 -0.0175
vn 0.2817 0.9589 -0.0338
vn 0.9379 0.3470 -0.0037
vn 0.2972 0.9548 -0.0038
vn 0.9251 0.0501 0.3763
vn 0.9500 0.0077 0.3121
vn 0.9725 -0.0031 0.2328
vn 0.9448 0.2810 0.1685
vn 0.9535 0.1123 0.2795
vn 0.8979 0.4385 -0.0391
vn 0.3417 0.8182 -0.4624
vn 0.9527 0.2575 0.1612
vn 0.7882 0.5999 -0.1375
vn 0.9669 0.1128 0.2290
vn 0.9665 0.2114 0.1452
vn 0.9734 0.0719 0.2177
vn -0.0002 1.0000 -0.0052
vn 0.0274 0.9996 0.0019
vn 0.0215 0.9998 -0.0048
vn 0.9997 -0.0168 -0.0178
vn 0.9999 -0.0113 0.0069
vn 0.9991 0.0414 0.0107
vn 0.9996 0.0270 0.0010
vn 0.9375 0.3481 -0.0019
vn 0.3001 0.9539 -0.0036
vn 0.9380 0.3467 -0.0018
vn 0.3026 0.9531 -0.0033
vn 0.9382 0.3461 -0.0017
vn 0.3052 0.9523 -0.0031
vn 0.9385 0.3454 -0.0016
vn 0.3078 0.9515 -0.0033
vn 0.9388 0.3444 -0.0016
vn 0.3103 0.9506 -0.0033
vn 0.9392 0.3435 -0.0016
vn 0.3128 0.9498 -0.0032
vn 0.9395 0.3427 -0.0016
vn 0.3153 0.9490 -0.0032
vn 0.9398 0.3418 -0.0016
vn 0.3178 0.9481 -0.0032
vn 0.1912 -0.5705 0.7988
vn 0.0223 0.9997 -0.0049
vn 0.0230 0.9997 -0.0049
vn 0.9969 -0.0780 0.0129
vn 0.9948 -0.1011 -0.0143
vn 0.9833 -0.1647 0.0774
vn 0.9215 -0.2661 0.2830
vn 0.3175 -0.4828 0.8161
vn 0.9570 -0.1925 0.2170
vn 0.5038 -0.4345 0.7466
vn 0.9998 -0.0174 -0.0068
vn 0.9998 0.0201 0.0031
vn 0.9995 0.0279 -0.0137
vn 0.9993 0.0378 0.0011
vn 0.9401 0.3409 -0.0017
vn 0.3203 0.9473 -0.0033
vn 0.9404 0.3400 -0.0016
vn 0.3227 0.9465 -0.0033
vn 0.9407 0.3392 -0.0016
vn 0.3252 0.9456 -0.0033
vn 0.9410 0.3383 -0.0016
vn 0.3276 0.9448 -0.0033
vn 0.9413 0.3375 -0.0016
vn 0.3301 0.9440 -0.0033
vn 0.9416 0.3366 -0.0016
vn 0.3325 0.9431 -0.0033
vn 0.9420 0.3357 -0.0016
vn 0.3349 0.9423 -0.0034
vn 0.9423 0.3347 -0.0016
vn 0.3372 0.9414 -0.0035
vn 0.3387 -0.5678 0.7502
vn 0.3118 -0.5760 0.7557
vn 0.3044 -0.5865 0.7505
vn 0.2536 -0.3380 0.9063
vn 0.1360 0.2622 0.9554
vn -0.0004 0.9890 0.1477
vn 0.0002 0.9245 0.3813
vn 0.0202 0.5670 0.8235
vn 0.2228 -0.5741 0.7879
vn 0.2197 -0.4280 0.8767
vn 0.1310 0.0927 0.9870
vn 0.0004 0.9890 0.1479
vn 0.0014 0.9237 0.3831
vn 0.0222 0.5234 0.8518
vn 0.2277 -0.6056 0.7625
vn 0.2233 -0.5756 0.7866
vn 0.1618 -0.0860 0.9831
vn 0.0004 0.9890 0.1480
vn -0.0001 0.9235 0.3837
vn 0.0304 0.4618 0.8864
vn -0.0007 0.9891 0.1473
vn -0.0015 0.9238 0.3828
vn 0.0380 0.3660 0.9298
vn 0.1835 -0.5980 0.7802
vn 0.1773 -0.6108 0.7717
vn 0.1613 -0.5983 0.7849
vn 0.0726 -0.1558 0.9851
vn 0.0415 0.9989 -0.0221
vn 0.0511 0.9891 0.1380
vn 0.0280 0.9306 0.3650
vn 0.0547 0.2465 0.9676
vn 0.4930 -0.6519 0.5761
vn 0.9795 -0.1235 0.1590
vn 0.4397 -0.4904 0.7525
vn 0.4260 -0.6720 0.6058
vn 0.9352 -0.2160 0.2804
vn 0.3786 -0.5150 0.7691
vn 0.3516 -0.6602 0.6637
vn 0.9996 0.0250 0.0099
vn 0.9803 -0.0463 0.1922
vn 0.9433 -0.0908 0.3192
vn 0.1721 -0.0875 0.9812
vn 0.9430 0.3329 -0.0012
vn 0.3386 0.9409 -0.0027
vn 0.9522 0.2896 0.0967
vn 0.3017 0.9485 0.0966
vn 0.9532 0.1539 0.2602
vn 0.1759 0.9489 0.2620
vn 0.1433 0.1155 0.9829
vn -1.0000 0.0038 -0.0058
vn -0.9978 0.0218 0.0632
vn -0.9978 0.0614 0.0261
vn -0.9992 0.0225 -0.0317
vn -0.9980 -0.0264 0.0582
vn -0.9976 -0.0552 0.0419
vn -0.9974 -0.0517 -0.0505
vn -0.9989 0.0053 -0.0459
vn -0.9991 -0.0424 0.0069
vn -0.9989 -0.0440 -0.0137
vn -0.9989 0.0250 0.0391
vn -0.9993 0.0168 -0.0335
vn -1.0000 0.0003 -0.0006
vn -0.9993 -0.0002 0.0372
vn -0.9437 -0.0005 0.3309
vn -0.9417 0.0210 0.3359
vn -0.9978 0.0157 0.0641
vn -0.9343 0.0519 0.3528
vn -0.9227 0.1000 0.3723
vn -0.9999 0.0119 0.0016
vn -0.9998 0.0153 -0.0086
vn -0.9849 0.0291 0.1709
vn -0.9963 0.0699 0.0497
vn -0.9955 0.0930 -0.0190
vn -0.9965 0.0766 -0.0335
vn -0.9690 0.1240 0.2136
vn -0.9468 0.2580 0.1926
vn -0.3237 -0.0012 0.9462
vn -0.3071 0.0424 0.9507
vn -0.2519 0.0880 0.9638
vn -0.4288 0.4803 0.7651
vn -0.1582 0.1381 0.9777
vn -0.4920 0.2073 0.8456
vn -0.3206 0.6964 0.6421
vn -0.2653 0.2766 0.9237
vn -0.4366 0.7218 0.5369
vn -0.3858 0.5605 0.7328
vn -0.0531 -0.0019 0.9986
vn -0.0490 0.0619 0.9969
vn -0.0375 0.1249 0.9915
vn -0.0304 0.2388 0.9706
vn -0.0248 0.1842 0.9826
vn -0.0482 0.2836 0.9577
vn -0.0466 0.3276 0.9437
vn -0.0608 0.5676 0.8211
vn -0.0298 0.4130 0.9102
vn -0.2256 0.6599 0.7167
vn -0.1349 0.6134 0.7781
vn -1.0000 -0.0025 -0.0022
vn -1.0000 0.0034 0.0052
vn -1.0000 -0.0002 -0.0000
vn -1.0000 -0.0025 0.0091
vn -0.9997 0.0244 0.0054
vn -0.9979 0.0632 0.0167
vn -0.9847 0.1719 0.0284
vn -0.9675 0.2348 0.0941
vn -0.9487 0.3155 0.0206
vn -0.9433 0.3305 0.0314
vn -0.9345 0.3516 0.0553
vn -0.9226 0.3725 0.1004
vn -0.4886 0.8465 0.2114
vn -0.2588 0.9331 0.2496
vn -0.4095 0.6732 0.6158
vn -0.3697 0.9275 0.0544
vn -0.3225 0.9441 0.0678
vn -0.2555 0.9622 0.0949
vn -0.1601 0.9773 0.1387
vn -0.4307 0.7643 0.4799
vn -0.0387 0.8876 0.4591
vn -0.0498 0.9541 0.2954
vn -0.0495 0.9456 0.3216
vn -0.0320 0.9295 0.3674
vn -0.0325 0.9038 0.4266
vn -0.0612 0.9949 0.0802
vn -0.0514 0.9938 0.0984
vn -0.0383 0.9903 0.1336
vn -0.0258 0.9825 0.1845
vn -0.0316 0.9702 0.2404
vn -0.9967 0.0016 0.0807
vn -0.9988 0.0463 0.0177
vn -0.9895 0.1324 0.0582
vn -0.9926 0.0874 0.0845
vn -0.9928 0.0111 0.1192
vn -0.9962 0.0269 0.0830
vn -0.5005 0.6789 0.5372
vn -0.4765 0.5893 0.6524
vn -0.5593 0.6143 0.5567
vn -0.5274 0.5424 0.6539
vn -0.6712 0.4642 0.5779
vn -0.5742 0.4618 0.6760
vn -0.4351 0.4854 0.7583
vn -0.3265 0.7044 0.6303
vn -0.5581 0.1997 0.8054
vn -0.4468 0.8765 0.1791
vn -0.2869 0.6015 0.7456
vn -0.3351 0.6463 0.6856
vn -0.2918 0.6704 0.6822
vn -0.3926 0.5769 0.7162
vn -0.3698 0.6415 0.6721
vn -0.2850 0.6373 0.7160
vn -0.3875 0.5813 0.7155
vn -0.2934 0.6077 0.7380
vn -0.2477 0.6171 0.7469
vn -0.3295 0.5390 0.7752
vn -0.0963 0.7072 0.7005
vn -0.1844 0.5938 0.7832
vn -0.0253 0.8661 0.4992
vn -0.0432 0.7517 0.6581
vn 1.0000 -0.0067 -0.0066
vn 0.9988 -0.0005 -0.0486
vn 0.9853 -0.0014 -0.1709
vn 0.9823 -0.0658 -0.1752
vn 0.9989 -0.0476 0.0001
vn 0.9928 -0.0843 -0.0850
vn 0.9855 -0.1700 0.0004
vn 0.9824 -0.1741 -0.0675
vn 0.9766 -0.1218 -0.1774
vn 0.9766 -0.1765 -0.1227
vn 0.9806 -0.1384 -0.1391
vn 0.9999 0.0035 0.0142
vn 0.0231 -0.0011 0.9997
vn 0.0288 0.1373 0.9901
vn 0.0257 0.2675 0.9632
vn -0.0373 0.4927 0.8694
vn -0.0014 0.3867 0.9222
vn -0.1578 0.5800 0.7991
vn -0.0874 0.5471 0.8325
vn -0.0739 0.5021 0.8617
vn 0.0035 -0.0009 1.0000
vn -0.0109 0.1337 0.9910
vn 0.0006 0.2752 0.9614
vn 0.0074 0.4243 0.9055
vn 0.0042 0.3641 0.9313
vn 0.0114 0.4710 0.8821
vn 0.9772 0.0113 -0.2122
vn 0.9998 0.0115 -0.0159
vn 0.9991 -0.0002 0.0414
vn 0.9327 -0.0005 0.3606
vn 0.3140 -0.0012 0.9494
vn 0.9302 0.0225 0.3663
vn 0.2975 0.0440 0.9537
vn 0.9776 -0.0707 -0.1980
vn 0.9998 -0.0134 -0.0138
vn 0.9974 0.0172 0.0703
vn 0.9211 0.0569 0.3851
vn 0.2441 0.0912 0.9654
vn 0.9993 -0.0183 -0.0327
vn 0.9067 0.1098 0.4072
vn 0.4150 0.4794 0.7733
vn 0.1534 0.1419 0.9779
vn 0.9923 -0.0620 -0.1074
vn 1.0000 0.0009 -0.0005
vn 1.0000 0.0057 0.0056
vn 0.9832 0.0211 0.1812
vn 0.4879 0.2212 0.8444
vn 0.3895 0.2309 0.8916
vn 1.0000 -0.0023 -0.0072
vn 0.9997 0.0199 -0.0117
vn 1.0000 0.0006 0.0023
vn 0.9597 0.0990 0.2629
vn 0.3668 0.5944 0.7156
vn 0.2239 0.2832 0.9326
vn 0.9527 0.1089 0.2836
vn 0.4115 0.3527 0.8404
vn 0.0251 0.9618 0.2727
vn 0.0064 0.9305 0.3662
vn 0.0046 0.9048 0.4258
vn 0.0045 0.9962 0.0874
vn 0.0216 0.9886 0.1490
vn -0.0018 0.9606 0.2779
vn 0.0086 0.9332 0.3593
vn 0.0107 0.9004 0.4349
vn 0.0272 0.9960 0.0849
vn -0.0030 0.9893 0.1459
vn 0.9769 -0.2135 0.0124
vn 0.9772 -0.1996 -0.0721
vn 0.9960 -0.0819 -0.0364
vn 0.9992 -0.0347 -0.0189
vn 0.9998 -0.0169 0.0119
vn 0.9998 -0.0145 -0.0141
vn 1.0000 -0.0002 0.0001
vn 1.0000 0.0056 0.0059
vn 0.9526 0.2842 0.1086
vn 0.4131 0.8407 0.3501
vn 0.9996 0.0281 0.0058
vn 0.9974 0.0694 0.0182
vn 0.9832 0.1811 0.0213
vn 0.4886 0.8437 0.2225
vn 0.3886 0.8912 0.2340
vn 0.9593 0.2641 0.0995
vn 0.2228 0.9326 0.2838
vn 0.3665 0.7173 0.5926
vn 0.9386 0.3443 0.0220
vn 0.3589 0.9317 0.0554
vn 0.9322 0.3604 0.0329
vn 0.3129 0.9473 0.0694
vn 0.9215 0.3837 0.0604
vn 0.2473 0.9639 0.0988
vn 0.9066 0.4075 0.1096
vn 0.1532 0.9779 0.1419
vn 0.4158 0.7742 0.4773
vn -0.2316 0.6462 0.7272
vn -0.1751 0.5652 0.8062
vn -0.2724 0.6487 0.7106
vn -0.2653 0.6226 0.7362
vn -0.2818 0.6101 0.7405
vn -0.2750 0.6041 0.7480
vn -0.1727 0.6849 0.7079
vn -0.2481 0.6261 0.7392
vn -0.0605 0.7578 0.6497
vn -0.1192 0.6925 0.7115
vn 0.0030 0.8669 0.4986
vn -0.0235 0.7923 0.6097
vn -0.1300 0.5912 0.7960
vn -0.0952 0.4999 0.8608
vn -0.1713 0.6030 0.7792
vn -0.1864 0.6482 0.7383
vn -0.1553 0.6923 0.7047
vn -0.0477 0.7884 0.6134
vn -0.0220 0.8172 0.5759
vn -0.0153 0.5604 0.8281
vn -0.0044 0.4927 0.8702
vn -0.0617 0.6639 0.7453
vn -0.0181 0.5933 0.8048
vn -0.0196 0.6744 0.7381
vn -0.0616 0.6259 0.7775
vn -0.0223 0.7588 0.6509
vn -0.0118 0.7300 0.6833
vn 0.0121 0.8023 0.5968
vn -0.0166 0.7614 0.6481
vn 0.0139 0.8782 0.4781
vn 0.0150 0.8277 0.5610
vn 0.9999 -0.0052 0.0157
vn 0.9999 -0.0037 -0.0154
vn 0.9918 0.0660 0.1096
vn 0.9103 0.2145 0.3539
vn 0.3038 0.6679 0.6794
vn 0.2333 0.3851 0.8929
vn 0.9906 0.0919 0.1013
vn 0.9401 0.2049 0.2724
vn 0.4080 0.6871 0.6012
vn 0.3415 0.4856 0.8047
vn 0.9964 0.0554 0.0634
vn 0.9509 0.2095 0.2277
vn 0.4407 0.7124 0.5461
vn 0.4188 0.5084 0.7524
vn 0.9871 0.1194 0.1069
vn 0.9488 0.2323 0.2139
vn 0.4190 0.7522 0.5085
vn 0.4407 0.5461 0.7124
vn 0.9962 0.0810 0.0318
vn 0.9385 0.2758 0.2075
vn 0.3453 0.8028 0.4861
vn 0.4090 0.6006 0.6870
vn 0.9105 0.3537 0.2141
vn 0.2390 0.8924 0.3828
vn 0.3104 0.6780 0.6663
vn -0.0000 -0.9952 -0.0980
vn -0.0000 -0.9952 -0.0981
vn 0.0001 -0.9938 0.1113
vn 0.0004 -0.4722 -0.8815
vn -0.0001 -0.9952 -0.0981
vn 0.0001 -0.9938 0.1115
vn -0.0001 -0.9938 0.1115
vn -0.0001 -0.9998 -0.0206
vn -0.0001 -0.9988 -0.0484
vn -0.0000 -0.6074 0.7944
vn 0.0001 -0.8787 0.4774
vn -0.0000 -0.8787 0.4774
vn -0.0000 -0.6073 0.7944
vn -0.0000 -0.4069 0.9135
vn 0.0001 -0.6073 0.7945
vn -0.0000 -0.9998 -0.0207
vn 0.0001 -0.6072 0.7945
vn -0.0000 -0.6072 0.7945
vn -0.0000 -0.4070 0.9134
vn 0.0001 -0.8786 0.4775
vn 0.0003 0.1577 -0.9875
vn 0.0010 0.3998 -0.9166
vn 0.0006 0.4906 -0.8714
vn 0.0009 0.3999 -0.9166
vn 0.0005 0.4893 -0.8721
vn 0.0007 0.1593 -0.9872
vn 0.0015 0.3996 -0.9167
vn 0.0011 0.4886 -0.8725
vn 0.0006 0.3990 -0.9169
vn 0.0004 0.4886 -0.8725
vn -0.0002 -0.0645 -0.9979
vn 0.0002 0.0045 -1.0000
vn 0.0007 0.1606 -0.9870
vn 0.0011 0.3989 -0.9170
vn 0.0012 0.4886 -0.8725
vn 0.0010 0.3991 -0.9169
vn 0.0008 0.4879 -0.8729
vn 0.0002 0.3994 -0.9168
vn 0.0004 0.4873 -0.8732
vn 0.0002 0.3997 -0.9166
vn 0.0010 0.4879 -0.8729
vn 0.0001 -0.4124 0.9110
vn 0.0002 -0.5771 0.8166
vn 0.0002 -0.6375 0.7705
vn 0.0001 -0.5771 0.8167
vn -0.0000 -0.5771 0.8167
vn -0.0000 -0.6375 0.7705
vn 0.0010 0.5962 -0.8028
vn 0.0012 0.6269 -0.7791
vn 0.0002 0.6628 -0.7488
vn 0.0011 0.5979 -0.8016
vn 0.0008 0.6265 -0.7794
vn -0.0000 0.6613 -0.7501
vn -0.0005 0.7057 -0.7085
vn 0.0001 -0.8332 0.5530
vn -0.0000 -0.8698 0.4934
vn 0.0001 -0.7865 0.6176
vn 0.0001 -0.8332 0.5529
vn -0.0000 -0.7865 0.6176
vn -0.0000 -0.8332 0.5529
vn -0.0002 -0.9363 0.3513
vn -0.0004 -0.9686 0.2484
vn -0.0006 -0.9867 0.1626
vn -0.0007 -0.9940 0.1097
vn -0.0002 -0.9363 0.3511
vn -0.0004 -0.9687 0.2482
vn -0.0006 -0.9868 0.1622
vn -0.0007 -0.9940 0.1095
vn -0.0001 -0.9364 0.3510
vn -0.0001 -0.9687 0.2481
vn -0.0002 -0.9868 0.1620
vn -0.0002 -0.9940 0.1094
vn -0.0000 -0.9364 0.3510
vn -0.0000 -0.9688 0.2480
vn -0.0000 -0.9868 0.1619
vn -0.0000 -0.9940 0.1094
vn -0.0080 -0.9993 0.0363
vn 0.0001 -1.0000 0.0048
vn 0.0066 -0.9999 -0.0152
vn 0.0238 -0.9963 -0.0827
vn 0.0495 -0.9872 -0.1513
vn 0.0301 -0.9977 -0.0607
vn 0.0585 -0.9916 -0.1156
vn 0.0018 -1.0000 0.0032
vn 0.0265 -0.9993 -0.0260
vn 0.2070 -0.9609 0.1839
vn 0.0773 -0.9928 0.0913
vn 0.2573 -0.8914 0.3731
vn 0.4366 -0.4467 0.7809
vn 0.3162 -0.8086 0.4962
vn 0.5645 -0.4042 0.7197
vn 0.4477 -0.3304 0.8309
vn 0.3144 -0.9135 -0.2580
vn 0.5846 -0.8040 0.1086
vn 0.0786 -0.9763 -0.2015
vn 0.1224 -0.9527 -0.2781
vn 0.3923 -0.9023 -0.1785
vn 0.6943 -0.7121 0.1042
vn 0.8284 -0.4239 0.3660
vn 0.8005 -0.3955 0.4502
vn 0.8660 -0.2240 0.4472
vn 0.8451 -0.2143 0.4897
vn 0.8601 -0.1212 0.4955
vn 0.8693 -0.0930 0.4854
vn 0.8383 -0.0622 0.5416
vn 0.4680 -0.8835 0.0182
vn 0.6670 -0.6723 0.3210
vn 0.8068 -0.2945 0.5123
vn 0.7739 -0.2459 0.5836
vn 0.7909 -0.0942 0.6047
vn 0.8095 -0.0766 0.5821
vn 0.1181 -0.9814 -0.1510
vn 0.2484 -0.9681 -0.0337
vn 0.5044 -0.8284 0.2438
vn 0.0742 -0.9935 -0.0859
vn 0.5878 -0.7295 0.3497
vn 0.7719 -0.3780 0.5112
vn 0.7013 -0.3130 0.6405
vn 0.7452 -0.1522 0.6492
vn 0.7695 -0.1176 0.6277
vn 0.6954 -0.4431 0.5658
vn 0.7414 -0.2399 0.6267
vn 0.6838 -0.1624 0.7114
vn 0.2139 -0.9690 0.1239
vn 0.4541 -0.8046 0.3826
vn 0.7015 -0.3106 0.6414
vn 0.5870 -0.2599 0.7668
vn 0.3496 -0.8548 0.3835
vn 0.6554 -0.4199 0.6278
vn 0.5221 -0.3443 0.7803
vn -0.0002 -0.9938 0.1111
vn -0.0003 -0.9946 0.1038
vn -0.0003 -0.8520 -0.5235
vn -0.0002 -0.9952 -0.0981
vn -0.0001 -0.9938 0.1111
vn -0.0001 -0.4724 -0.8814
vn -0.0005 -0.8522 -0.5233
vn -0.0002 -0.9952 -0.0978
vn -0.0000 -0.9938 0.1111
vn -0.0009 -0.4722 -0.8815
vn 0.0006 -0.8521 -0.5233
vn 0.0002 -0.9952 -0.0978
vn 0.0001 -0.9938 0.1111
vn 0.0010 -0.4723 -0.8815
vn 0.0001 -0.8520 -0.5236
vn 0.0003 -0.8520 -0.5236
vn 0.0001 -0.9952 -0.0982
vn -0.0000 -0.9938 0.1114
vn 0.0001 -0.4725 -0.8814
vn 0.0001 -0.9951 -0.0985
vn -0.0001 -0.9938 0.1114
vn 0.0001 -0.4726 -0.8813
vn -0.0002 -0.8520 -0.5236
vn -0.0001 -0.9951 -0.0987
vn -0.0002 -0.9938 0.1113
vn -0.0001 -0.4726 -0.8813
vn -0.0004 -0.9998 -0.0209
vn -0.0004 -0.9989 -0.0478
vn -0.0000 -0.8786 0.4776
vn -0.0000 -0.8785 0.4777
vn 0.0001 -0.6071 0.7946
vn 0.0001 -0.8785 0.4777
vn -0.0000 -0.6070 0.7947
vn 0.0002 -0.9998 -0.0209
vn 0.0002 -0.9989 -0.0476
vn 0.0001 -0.8786 0.4776
vn 0.0001 -0.6070 0.7947
vn 0.0001 -0.4072 0.9133
vn -0.0000 -0.6069 0.7948
vn 0.0002 -0.6069 0.7948
vn 0.0002 -0.4072 0.9133
vn -0.0000 -0.8785 0.4778
vn 0.0001 -0.6068 0.7949
vn 0.0002 0.4001 -0.9165
vn 0.0009 0.4893 -0.8721
vn 0.0001 0.4004 -0.9164
vn 0.0001 0.4899 -0.8718
vn -0.0003 0.1609 -0.9870
vn -0.0007 0.4005 -0.9163
vn -0.0012 0.4893 -0.8721
vn -0.0003 0.3996 -0.9167
vn -0.0015 0.4886 -0.8725
vn 0.0007 0.3992 -0.9169
vn 0.0015 0.4886 -0.8725
vn 0.0004 0.4002 -0.9164
vn 0.0019 0.4899 -0.8718
vn 0.0003 0.1615 -0.9869
vn 0.0007 0.4004 -0.9163
vn 0.0006 0.4913 -0.8710
vn 0.0011 0.4913 -0.8710
vn -0.0000 -0.4124 0.9110
vn -0.0000 -0.5169 0.8560
vn 0.0001 -0.6375 0.7705
vn 0.0002 -0.5771 0.8167
vn 0.0012 0.5985 -0.8011
vn 0.0008 0.6257 -0.7801
vn 0.0001 0.6604 -0.7510
vn 0.0005 0.6017 -0.7987
vn 0.0002 0.6253 -0.7804
vn 0.0001 0.6599 -0.7513
vn -0.0003 0.7061 -0.7081
vn 0.0001 -0.7865 0.6175
vn -0.0000 -0.7866 0.6175
vn 0.0002 -0.7865 0.6175
vn 0.0002 -0.8333 0.5529
vn 0.0001 -0.9364 0.3510
vn 0.0001 -0.9688 0.2480
vn 0.0001 -0.9868 0.1619
vn -0.0000 -0.9123 0.4096
vn -0.0001 -0.9364 0.3509
vn -0.0001 -0.9688 0.2480
vn -0.0002 -0.9868 0.1619
vn 0.0001 -0.9364 0.3509
vn -0.0000 -0.9688 0.2479
vn -0.0001 -0.9868 0.1618
vn -0.0001 -0.9940 0.1093
vn 0.0003 -1.0000 0.0055
vn -0.0000 -0.9999 0.0148
vn 0.1507 -0.9286 0.3392
vn 0.3670 -0.6160 0.6971
vn 0.3926 -0.4552 0.7992
vn 0.1322 -0.9181 0.3736
vn 0.3538 -0.6475 0.6750
vn 0.3913 -0.3568 0.8483
vn 0.1846 -0.8659 0.4648
vn 0.2915 -0.5223 0.8014
vn 0.2002 -0.8136 0.5459
vn 0.3307 -0.5685 0.7533
vn 0.2807 -0.4388 0.8536
vn -0.0032 -0.9707 0.2402
vn 0.2871 -0.5888 0.7556
vn 0.3115 -0.3982 0.8628
vn 0.2585 -0.4987 0.8274
vn -0.0074 -0.9984 0.0569
vn 0.1253 -0.8752 0.4673
vn 0.3642 -0.5358 0.7618
vn 0.2819 -0.4095 0.8677
vn 0.1364 -0.8836 0.4479
vn 0.2932 -0.5519 0.7806
vn 0.3215 -0.3906 0.8626
vn -0.0001 -0.9951 -0.0986
vn -0.0001 -0.9938 0.1110
vn -0.0000 -0.9951 -0.0986
vn -0.0001 -0.9938 0.1108
vn -0.0000 -0.9951 -0.0987
vn -0.0002 -0.9951 -0.0992
vn -0.0009 -0.9939 0.1105
vn -0.0002 -0.9950 -0.1001
vn -0.0009 -0.9939 0.1100
vn -0.0006 -0.9945 0.1045
vn 0.0006 -0.8519 -0.5237
vn 0.0006 -0.9950 -0.1003
vn 0.0012 -0.9939 0.1101
vn 0.0010 -0.4728 -0.8812
vn 0.0050 -0.8512 -0.5249
vn 0.0027 -0.9948 -0.1019
vn 0.0012 -0.9938 0.1108
vn 0.0012 -0.9946 0.1038
vn 0.0046 -0.4739 -0.8806
vn 0.0036 -0.8501 -0.5266
vn 0.0016 -0.9944 -0.1054
vn 0.0001 -0.9938 0.1112
vn 0.0034 -0.4756 -0.8797
vn -0.0001 -0.9989 -0.0478
vn 0.0001 -0.6067 0.7950
vn 0.0001 -0.8784 0.4778
vn 0.0001 -0.6065 0.7951
vn -0.0000 -0.8784 0.4779
vn 0.0001 -0.8784 0.4779
vn 0.0002 -0.6065 0.7951
vn -0.0000 -0.9998 -0.0203
vn 0.0001 -0.8784 0.4780
vn 0.0001 -0.6064 0.7951
vn 0.0002 -0.6063 0.7952
vn 0.0002 -0.6062 0.7953
vn -0.0000 -0.8783 0.4780
vn 0.0002 -0.6060 0.7954
vn 0.0002 0.4006 -0.9163
vn 0.0005 0.4913 -0.8710
vn 0.0003 0.4010 -0.9161
vn 0.0013 0.4919 -0.8706
vn 0.0007 0.1625 -0.9867
vn 0.0011 0.4015 -0.9158
vn 0.0014 0.4926 -0.8703
vn 0.0001 0.4018 -0.9157
vn 0.0003 0.4926 -0.8703
vn 0.0001 0.4020 -0.9156
vn 0.0006 0.4932 -0.8699
vn 0.0006 0.4018 -0.9157
vn 0.0004 0.4939 -0.8695
vn 0.0003 0.1634 -0.9866
vn 0.0011 0.4016 -0.9158
vn 0.0012 0.4939 -0.8695
vn -0.0004 0.4022 -0.9155
vn 0.0002 0.4939 -0.8695
vn 0.0001 -0.5169 0.8561
vn 0.0002 -0.6374 0.7705
vn 0.0004 0.5982 -0.8013
vn 0.0001 0.6249 -0.7807
vn -0.0000 0.6601 -0.7512
vn 0.0002 0.5954 -0.8034
vn 0.0002 0.6249 -0.7807
vn 0.0007 0.6606 -0.7508
vn 0.0004 0.7061 -0.7081
vn -0.0000 -0.8333 0.5529
vn -0.0000 -0.8699 0.4931
vn 0.0001 -0.7866 0.6175
vn 0.0001 -0.8333 0.5528
vn 0.0002 -0.7421 0.6703
vn 0.0001 -0.8700 0.4931
vn 0.0003 -0.7866 0.6175
vn 0.0003 -0.8333 0.5528
vn -0.0000 -0.9364 0.3508
vn -0.0001 -0.9688 0.2479
vn -0.0002 -0.9868 0.1617
vn -0.0002 -0.9940 0.1092
vn -0.0000 -0.9365 0.3508
vn -0.0001 -0.9688 0.2478
vn -0.0002 -0.9869 0.1616
vn 0.0001 -0.9123 0.4095
vn 0.0001 -0.9365 0.3508
vn 0.0001 -0.9688 0.2478
vn 0.0001 -0.9869 0.1615
vn -0.0000 -0.9940 0.1091
vn -0.0006 -0.9366 0.3505
vn -0.0006 -0.9688 0.2480
vn 0.0001 -0.9868 0.1620
vn 0.0005 -0.9940 0.1095
vn 0.0076 -0.9993 0.0365
vn -0.0000 -0.9990 0.0450
vn 0.0002 -1.0000 0.0062
vn -0.0004 -1.0000 0.0058
vn 0.1702 -0.9616 0.2155
vn 0.0029 -1.0000 0.0081
vn 0.0859 -0.9774 0.1930
vn 0.1906 -0.8423 0.5042
vn 0.2738 -0.6271 0.7292
vn 0.2619 -0.4811 0.8366
vn 0.3038 -0.6604 0.6867
vn 0.3162 -0.3852 0.8670
vn 0.0769 -0.9230 0.3770
vn 0.2624 -0.5401 0.7996
vn 0.1201 -0.9436 0.3086
vn 0.1961 -0.8255 0.5292
vn 0.3051 -0.5968 0.7421
vn 0.2712 -0.4619 0.8445
vn 0.0126 -0.9992 0.0393
vn 0.1087 -0.9049 0.4114
vn 0.2920 -0.6207 0.7276
vn 0.3143 -0.3919 0.8646
vn 0.1758 -0.8596 0.4797
vn 0.2661 -0.5140 0.8155
vn 0.0804 -0.9600 0.2684
vn 0.2373 -0.8116 0.5339
vn 0.4580 -0.5161 0.7239
vn 0.3224 -0.4036 0.8562
vn 0.2625 -0.8669 0.4238
vn 0.4645 -0.6008 0.6506
vn 0.4292 -0.5306 0.7309
vn 0.4645 -0.3995 0.7903
vn 0.0191 -0.8468 -0.5316
vn 0.0079 -0.9933 -0.1155
vn -0.0007 -0.9938 0.1113
vn 0.0037 -0.9941 0.1080
vn 0.0287 -0.4718 -0.8813
vn 0.1574 -0.8208 -0.5491
vn 0.0985 -0.9777 -0.1854
vn 0.0274 -0.9943 0.1028
vn 0.1877 -0.4398 -0.8783
vn 0.3691 -0.7782 -0.5081
vn 0.4338 -0.8694 -0.2367
vn 0.4213 -0.9053 0.0548
vn 0.3269 -0.9334 0.1484
vn 0.3678 -0.3366 -0.8669
vn 0.7254 -0.3892 -0.5677
vn 0.6335 -0.6343 -0.4431
vn 0.6373 -0.7611 0.1206
vn 0.6680 -0.7400 0.0789
vn 0.5839 -0.8117 0.0165
vn 0.8741 -0.2750 -0.4003
vn 0.8055 -0.5779 -0.1310
vn 0.9522 -0.3046 -0.0210
vn 0.7756 -0.6187 0.1248
vn 0.8987 -0.4265 0.1019
vn 0.8876 -0.4545 0.0746
vn 0.0228 -0.9997 -0.0020
vn -0.0088 -0.9994 -0.0343
vn 0.0144 -0.8762 0.4818
vn 0.0290 -0.5977 0.8012
vn 0.0249 -0.3972 0.9174
vn 0.1390 -0.8546 0.5003
vn 0.1955 -0.5464 0.8144
vn 0.1789 -0.4610 0.8692
vn 0.2564 -0.9665 0.0130
vn 0.2730 -0.9593 -0.0726
vn 0.3232 -0.9444 0.0606
vn 0.3967 -0.8085 0.4346
vn 0.6874 -0.7261 0.0140
vn 0.6766 -0.7344 -0.0531
vn 0.6525 -0.7497 -0.1100
vn 0.7045 -0.4636 0.5373
vn 0.3941 -0.4311 0.8117
vn 0.6042 -0.7962 -0.0320
vn 0.5655 -0.8117 0.1465
vn 0.8814 -0.4723 0.0114
vn 0.8799 -0.4721 -0.0537
vn 0.8839 -0.4571 -0.0986
vn 0.7677 -0.6247 -0.1426
vn 0.9331 -0.3597 -0.0049
vn 0.9461 -0.3022 0.1163
vn 0.7096 -0.4612 0.5327
vn -0.0190 -0.1014 -0.9947
vn 0.0113 -0.0001 -0.9999
vn 0.0069 0.1838 -0.9829
vn 0.0379 0.4011 -0.9153
vn 0.0409 0.4961 -0.8673
vn 0.2241 -0.1568 -0.9619
vn 0.2227 -0.0073 -0.9748
vn 0.2223 -0.0049 -0.9750
vn 0.2223 -0.0039 -0.9750
vn 0.2228 -0.0034 -0.9749
vn 0.2238 0.0545 -0.9731
vn 0.2229 0.2153 -0.9507
vn 0.2038 0.3816 -0.9016
vn 0.2198 0.5001 -0.8376
vn 0.4577 -0.1371 -0.8785
vn 0.7233 -0.1630 -0.6711
vn 0.4712 -0.0076 -0.8820
vn 0.7067 -0.0110 -0.7074
vn 0.4709 -0.0041 -0.8822
vn 0.7039 -0.0057 -0.7103
vn 0.4711 -0.0036 -0.8821
vn 0.7017 -0.0052 -0.7124
vn 0.4709 -0.0028 -0.8822
vn 0.7007 -0.0031 -0.7135
vn 0.4661 0.0459 -0.8836
vn 0.7031 0.0477 -0.7095
vn 0.4370 0.1858 -0.8801
vn 0.7063 0.1991 -0.6793
vn 0.3561 0.3082 -0.8822
vn 0.7047 0.3215 -0.6325
vn 0.4381 0.5431 -0.7163
vn 0.6872 0.3664 -0.6273
vn 0.7858 -0.1452 -0.6011
vn 0.9581 -0.1312 -0.2545
vn 0.9762 -0.2088 -0.0589
vn 0.9691 -0.2424 0.0463
vn 0.9634 -0.2643 0.0451
vn 0.8255 -0.0107 -0.5643
vn 0.9524 -0.0057 -0.3048
vn 0.9952 -0.0099 -0.0973
vn 0.9993 -0.0350 0.0161
vn 0.9972 -0.0717 0.0197
vn 0.8278 -0.0056 -0.5609
vn 0.9532 -0.0030 -0.3023
vn 0.9948 -0.0016 -0.1018
vn 1.0000 -0.0002 -0.0029
vn 0.8295 -0.0052 -0.5585
vn 0.9537 -0.0026 -0.3007
vn 0.9950 -0.0011 -0.1001
vn 0.8309 -0.0024 -0.5564
vn 0.9541 -0.0011 -0.2996
vn 0.9951 -0.0005 -0.0988
vn 1.0000 -0.0000 -0.0025
vn 0.8256 0.0440 -0.5626
vn 0.9530 0.0291 -0.3017
vn 0.9939 0.0179 -0.1086
vn 0.7785 0.1706 -0.6040
vn 0.9488 0.1098 -0.2961
vn 0.8483 0.2183 -0.4824
vn 0.9826 0.0834 -0.1661
vn 0.9998 0.0142 -0.0169
vn 0.8882 0.2693 -0.3723
vn 0.9631 0.1386 -0.2306
vn 0.0228 -0.3360 0.9416
vn 0.0282 -0.4229 0.9057
vn 0.3636 -0.3197 0.8749
vn 0.1719 -0.2637 0.9492
vn 0.2326 -0.3028 0.9242
vn 0.2491 -0.3321 0.9098
vn 0.2405 -0.4480 0.8610
vn 0.4548 -0.3441 0.8214
vn 0.2447 -0.3496 0.9044
vn 0.2931 -0.4307 0.8536
vn 0.6463 -0.3207 0.6924
vn 0.5201 -0.3202 0.7918
vn 0.5071 -0.2666 0.8196
vn 0.6320 -0.2432 0.7358
vn 0.4740 -0.2585 0.8417
vn 0.6311 -0.2662 0.7286
vn 0.5371 -0.3068 0.7857
vn 0.5440 -0.3475 0.7637
vn 0.6375 -0.3083 0.7061
vn 0.5238 -0.3648 0.7697
vn 0.6744 -0.3206 0.6652
vn 0.5896 -0.3762 0.7147
vn 0.9609 -0.2769 0.0047
vn 0.9618 -0.2715 -0.0360
vn 0.9657 -0.2555 -0.0466
vn 0.9729 -0.2312 -0.0051
vn 0.9600 -0.1902 0.2057
vn 0.8673 -0.2850 0.4081
vn 0.7703 -0.2063 0.6033
vn 0.9959 -0.0903 0.0016
vn 0.9968 -0.0777 -0.0165
vn 0.9988 -0.0442 -0.0201
vn 0.9995 -0.0283 0.0099
vn 0.9801 -0.0859 0.1792
vn 0.9299 -0.1313 0.3436
vn 0.6744 -0.2021 0.7102
vn 1.0000 -0.0025 0.0001
vn 1.0000 -0.0007 -0.0003
vn 0.9976 -0.0251 0.0641
vn 0.9471 -0.1044 0.3036
vn 0.7365 -0.2069 0.6440
vn 0.9654 -0.0624 0.2532
vn 0.8215 -0.1965 0.5352
vn 0.7532 -0.2426 0.6114
vn 1.0000 -0.0000 0.0001
vn 1.0000 -0.0012 0.0015
vn 0.9822 -0.0700 0.1744
vn 0.9275 -0.1340 0.3491
vn 0.6877 -0.2530 0.6805
vn 0.9963 -0.0332 0.0794
vn 0.9528 -0.0905 0.2896
vn 0.7750 -0.2433 0.5833
vn 0.7658 -0.2875 0.5753
vn 0.9844 -0.0335 0.1728
vn 0.9243 -0.1475 0.3521
vn 0.7494 -0.3009 0.5899
vn 0.9513 -0.1359 0.2769
vn 0.8360 -0.2723 0.4765
vn 0.0260 -0.5213 0.8530
vn 0.0809 -0.5735 0.8152
vn 0.0385 -0.5762 0.8164
vn 0.0303 -0.6449 0.7637
vn 0.2676 -0.5480 0.7925
vn 0.5016 -0.4347 0.7480
vn 0.2748 -0.4542 0.8475
vn 0.3483 -0.5538 0.7563
vn 0.3348 -0.5541 0.7621
vn 0.5297 -0.5233 0.6675
vn 0.3002 -0.5550 0.7758
vn 0.2927 -0.6847 0.6675
vn 0.6002 -0.4291 0.6750
vn 0.7116 -0.3640 0.6010
vn 0.5740 -0.4398 0.6907
vn 0.7458 -0.3606 0.5601
vn 0.6622 -0.4434 0.6040
vn 0.6726 -0.4599 0.5798
vn 0.8252 -0.3113 0.4713
vn 0.0263 0.6086 -0.7930
vn 0.0107 0.6239 -0.7814
vn 0.0088 0.6625 -0.7490
vn 0.2273 0.5630 -0.7946
vn 0.1817 0.5448 -0.8186
vn 0.3589 0.5701 -0.7390
vn 0.1818 0.6542 -0.7341
vn 0.1982 0.5876 -0.7845
vn 0.3522 0.5890 -0.7274
vn 0.2094 0.6580 -0.7233
vn 0.2176 0.6104 -0.7616
vn 0.3414 0.6111 -0.7142
vn 0.2190 0.6655 -0.7135
vn 0.2272 0.6437 -0.7308
vn 0.2218 0.6601 -0.7177
vn 0.2217 0.6721 -0.7065
vn 0.4438 0.4880 -0.7516
vn 0.6913 0.4205 -0.5876
vn 0.5146 0.5572 -0.6517
vn 0.5222 0.5056 -0.6867
vn 0.6948 0.4479 -0.5628
vn 0.5510 0.5180 -0.6543
vn 0.5739 0.5224 -0.6307
vn 0.7023 0.4582 -0.5448
vn 0.5981 0.4879 -0.6357
vn 0.5942 0.5533 -0.5838
vn 0.7087 0.4661 -0.5297
vn 0.4622 0.5832 -0.6680
vn 0.7636 0.3837 -0.5193
vn 0.9384 0.2098 -0.2747
vn 0.7756 0.3944 -0.4928
vn 0.9859 0.0970 -0.1361
vn 0.7897 0.3920 -0.4720
vn 0.9467 0.2020 -0.2511
vn 0.8053 0.3710 -0.4625
vn 0.9779 0.1348 -0.1599
vn 0.8159 0.3890 -0.4278
vn 0.9524 0.1989 -0.2311
vn 0.8244 0.3611 -0.4358
vn 0.8519 0.3536 -0.3863
vn 0.0065 0.7064 -0.7078
vn 0.2212 0.6808 -0.6982
vn 0.2214 0.6915 -0.6876
vn 0.2217 0.6988 -0.6801
vn 0.2217 0.7106 -0.6677
vn 0.2223 0.7205 -0.6568
vn 0.7066 0.4838 -0.5164
vn 0.4607 0.6337 -0.6215
vn 0.7154 0.4921 -0.4961
vn 0.4610 0.6156 -0.6391
vn 0.7083 0.5094 -0.4887
vn 0.4500 0.6681 -0.5925
vn 0.7074 0.5250 -0.4731
vn 1.0000 0.0028 -0.0046
vn 1.0000 -0.0011 0.0011
vn 0.9992 -0.0222 0.0321
vn 0.9749 -0.1247 0.1842
vn 0.9950 -0.0672 0.0745
vn 0.9908 0.0875 -0.1036
vn 1.0000 0.0032 -0.0037
vn 1.0000 0.0006 -0.0007
vn 1.0000 -0.0001 -0.0000
vn 0.9560 0.1967 -0.2178
vn 0.8584 0.3417 -0.3825
vn 0.9832 0.1247 -0.1332
vn 0.8642 0.3516 -0.3599
vn 0.9579 0.1994 -0.2064
vn 0.8662 0.3457 -0.3609
vn 0.9921 0.0884 -0.0889
vn 1.0000 0.0035 -0.0032
vn 1.0000 0.0009 -0.0008
vn 0.8671 0.3572 -0.3471
vn 0.9581 0.2041 -0.2008
vn 0.8665 0.3530 -0.3530
vn 0.9836 0.1301 -0.1251
vn 0.8625 0.3726 -0.3424
vn 0.9570 0.2128 -0.1971
vn 0.8578 0.3753 -0.3513
vn 0.9912 0.1004 -0.0862
vn 1.0000 0.0064 -0.0049
vn 0.8480 0.4006 -0.3470
vn 0.9540 0.2256 -0.1973
vn 0.8393 0.4058 -0.3618
vn 0.9794 0.1531 -0.1320
vn 0.0246 -0.6787 0.7340
vn 0.0183 -0.7550 0.6554
vn 0.0150 -0.7828 0.6222
vn 0.0215 -0.8299 0.5575
vn 0.0042 -0.8721 0.4893
vn 0.5249 -0.5771 0.6256
vn 0.2783 -0.6075 0.7440
vn 0.2708 -0.7336 0.6233
vn 0.5052 -0.6381 0.5811
vn 0.2583 -0.6643 0.7014
vn 0.2596 -0.7711 0.5814
vn 0.4626 -0.6951 0.5503
vn 0.2485 -0.7237 0.6438
vn 0.2299 -0.8088 0.5413
vn 0.1586 -0.8525 0.4981
vn 0.3514 -0.8044 0.4790
vn 0.1266 -0.8113 0.5708
vn 0.1424 -0.8641 0.4828
vn 0.1206 -0.8827 0.4542
vn 0.7569 -0.4190 0.5016
vn 0.6690 -0.4897 0.5592
vn 0.6668 -0.5191 0.5347
vn 0.7521 -0.4731 0.4589
vn 0.6647 -0.5482 0.5076
vn 0.6616 -0.5697 0.4876
vn 0.7448 -0.5244 0.4127
vn 0.6623 -0.6063 0.4402
vn 0.6399 -0.6143 0.4616
vn 0.5113 -0.7310 0.4520
vn 0.7333 -0.5739 0.3646
vn 0.7098 -0.6066 0.3582
vn 0.5485 -0.7006 0.4565
vn 0.5224 -0.7644 0.3778
vn 0.6905 -0.6525 0.3123
vn 0.4462 -0.7760 0.4457
vn 0.9362 -0.2103 0.2817
vn 0.8095 -0.3742 0.4524
vn 0.8021 -0.3945 0.4483
vn 0.9658 -0.1757 0.1906
vn 0.9231 -0.2692 0.2745
vn 0.7927 -0.4336 0.4285
vn 0.7875 -0.4540 0.4168
vn 0.9972 -0.0560 0.0491
vn 0.9637 -0.2014 0.1754
vn 0.9198 -0.3030 0.2494
vn 0.7889 -0.4755 0.3893
vn 0.7868 -0.4959 0.3674
vn 0.9957 -0.0714 0.0590
vn 0.9703 -0.1937 0.1447
vn 0.9338 -0.2962 0.2008
vn 0.8047 -0.4923 0.3319
vn 0.8191 -0.4988 0.2834
vn 0.7469 -0.5857 0.3147
vn 1.0000 0.0001 -0.0000
vn 0.9993 -0.0302 0.0235
vn 0.9820 -0.1565 0.1056
vn 0.9542 -0.2658 0.1372
vn 0.9181 -0.3537 0.1790
vn 0.7743 -0.5642 0.2865
vn 0.7975 -0.5532 0.2410
vn 0.7213 -0.6446 0.2534
vn 0.9998 -0.0143 0.0141
vn 0.9957 -0.0771 0.0509
vn 0.9772 -0.1911 0.0929
vn 0.9547 -0.2794 0.1023
vn 0.9296 -0.3417 0.1382
vn 0.7800 -0.5878 0.2149
vn 1.0000 0.0016 -0.0016
vn 1.0000 -0.0000 0.0002
vn 1.0000 -0.0008 0.0006
vn 0.9986 -0.0487 0.0215
vn 0.9830 -0.1680 0.0739
vn 1.0000 -0.0052 0.0044
vn 0.0085 -0.9079 0.4190
vn 0.0150 -0.9382 0.3457
vn 0.0067 -0.9693 0.2458
vn 0.0038 -0.9867 0.1623
vn 0.0042 -0.9936 0.1132
vn 0.3672 -0.8498 0.3782
vn 0.1439 -0.9406 0.3076
vn 0.6454 -0.7175 0.2620
vn 0.6228 -0.7386 0.2581
vn 0.5955 -0.7643 0.2475
vn 0.2278 -0.9560 0.1846
vn 0.0939 -0.9870 0.1301
vn 0.5756 -0.8005 0.1669
vn 0.5725 -0.8079 0.1398
vn 0.2021 -0.9387 0.2794
vn 0.8468 -0.5009 0.1787
vn 0.7524 -0.6268 0.2025
vn 0.6530 -0.7322 0.1935
vn 0.5966 -0.7826 0.1778
vn 0.9673 -0.2473 0.0564
vn 0.9509 -0.2971 0.0866
vn 0.9302 -0.3528 0.1018
vn 0.9086 -0.4063 0.0972
vn 0.7251 -0.6650 0.1789
vn 0.8113 -0.5688 0.1349
vn 0.7417 -0.6588 0.1259
vn 0.6670 -0.7356 0.1185
vn 0.6264 -0.7749 0.0848
vn 0.9995 -0.0267 0.0172
vn 0.9965 -0.0767 0.0339
vn 0.9877 -0.1495 0.0456
vn 0.9722 -0.2279 0.0530
vn 0.9623 -0.2699 0.0329
vn 0.9546 -0.2939 0.0484
vn 0.9443 -0.3250 0.0515
vn 0.9335 -0.3551 0.0490
vn 0.0222 -0.9976 0.0649
vn 0.0241 -0.9996 -0.0150
vn 0.1376 -0.9829 0.1225
vn 0.3075 -0.8918 0.3319
vn 0.5262 -0.6465 0.5524
vn 0.5159 -0.6342 0.5759
vn 0.3059 -0.9403 0.1494
vn 0.3880 -0.8789 0.2774
vn 0.6710 -0.5830 0.4581
vn 0.6126 -0.6315 0.4753
vn 0.6864 -0.3786 0.6209
vn 0.2646 -0.9599 0.0930
vn 0.3257 -0.9449 0.0328
vn 0.4043 -0.9144 0.0190
vn 0.4976 -0.8405 0.2142
vn 0.6019 -0.7923 0.1000
vn 0.6786 -0.7246 0.1202
vn 0.7788 -0.5931 0.2045
vn 0.8336 -0.4562 0.3115
vn 0.6964 -0.5632 0.4448
vn 0.7678 -0.3985 0.5018
vn 0.5998 -0.7959 0.0818
vn 0.5737 -0.8146 0.0857
vn 0.9216 -0.3850 0.0492
vn 0.9113 -0.4079 0.0562
vn 0.7460 -0.6570 0.1089
vn 0.8752 -0.4747 0.0934
vn 0.8651 -0.4783 0.1509
vn 0.8491 -0.4676 0.2456
vn 0.5745 -0.3863 0.7216
vn 0.0097 0.7545 -0.6563
vn 0.0246 0.8369 -0.5467
vn 0.5373 -0.0922 0.8383
vn 0.5246 0.0037 0.8513
vn 0.5148 -0.0022 0.8573
vn 0.4845 -0.1307 0.8650
vn 0.5109 -0.1146 0.8520
vn 0.4734 0.0033 0.8808
vn 0.5056 0.0038 0.8628
vn 0.8632 -0.0133 0.5046
vn 0.7960 -0.0185 0.6051
vn 0.8072 0.0031 0.5903
vn 0.7490 -0.0196 0.6623
vn 0.7425 0.0030 0.6699
vn 0.7426 0.0035 0.6697
vn 0.7429 0.0034 0.6694
vn 0.6942 -0.0249 0.7194
vn 0.6992 0.0029 0.7149
vn 0.6993 0.0038 0.7148
vn 0.6994 0.0037 0.7147
vn 0.6311 -0.0432 0.7745
vn 0.6517 -0.0263 0.7580
vn 0.6256 0.0022 0.7801
vn 0.6424 -0.0048 0.7664
vn 0.6346 0.0040 0.7728
vn 0.5833 -0.0745 0.8088
vn 0.5978 -0.0581 0.7996
vn 0.5752 0.0035 0.8180
vn 0.5901 0.0030 0.8073
vn 0.5850 -0.0018 0.8111
vn 0.5677 -0.0082 0.8232
vn 0.0074 0.8899 -0.4561
vn -0.0003 0.9232 -0.3842
vn -0.0000 0.9464 -0.3229
vn 0.0001 0.9467 -0.3223
vn 0.0086 0.9699 -0.2432
vn -0.0000 0.9771 -0.2128
vn -0.0009 0.9772 -0.2122
vn 0.2223 0.9656 0.1351
vn 0.5358 0.1223 0.8354
vn 0.1070 0.9921 -0.0661
vn 0.4416 0.6250 0.6437
vn 0.2606 0.9191 0.2954
vn 0.4514 0.4377 0.7776
vn 0.5166 0.1564 0.8418
vn 0.5038 0.2691 0.8209
vn 0.4807 0.1295 0.8673
vn 0.4382 0.6668 0.6028
vn 0.8601 0.0049 0.5101
vn 0.8585 0.0537 0.5100
vn 0.8704 0.0508 0.4898
vn 0.8340 0.0443 0.5500
vn 0.0166 0.9741 -0.2256
vn 0.8628 0.1527 0.4819
vn 0.8572 0.0667 0.5106
vn 0.8054 0.0051 0.5927
vn 0.7959 0.0444 0.6038
vn 0.7916 0.0615 0.6080
vn 0.6083 0.6459 0.4613
vn 0.3920 0.9199 -0.0126
vn 0.8078 0.2692 0.5243
vn 0.5820 0.7788 0.2341
vn 0.7513 0.1944 0.6307
vn 0.7432 0.0033 0.6690
vn 0.7427 0.0134 0.6694
vn 0.7407 0.0438 0.6704
vn 0.7730 0.0977 0.6269
vn 0.7474 0.0748 0.6601
vn 0.6833 0.6307 0.3678
vn 0.1388 0.9894 -0.0437
vn 0.6444 0.6976 0.3132
vn 0.6996 0.0035 0.7146
vn 0.6987 0.0119 0.7153
vn 0.6959 0.0417 0.7170
vn 0.7499 0.1514 0.6440
vn 0.7190 0.4513 0.5285
vn 0.2206 0.9590 -0.1776
vn 0.6988 0.6483 0.3023
vn 0.1130 0.9920 -0.0559
vn 0.5850 0.6980 0.4130
vn 0.6369 0.0049 0.7709
vn 0.6470 0.0382 0.7616
vn 0.6208 0.0706 0.7808
vn 0.1230 0.9924 0.0106
vn 0.6920 0.2755 0.6673
vn 0.4699 0.7541 0.4588
vn 0.5241 0.2082 0.8258
vn 0.5555 0.0054 0.8315
vn 0.5573 0.0387 0.8294
vn 0.5761 0.1006 0.8112
vn 0.5957 0.0835 0.7989
vn 0.6539 0.3919 0.6472
vn 0.3505 0.8435 0.4071
vn 0.5319 0.3133 0.7867
vn 0.1184 0.9273 -0.3552
vn 0.7287 0.6849 -0.0031
vn 0.1328 0.9426 -0.3065
vn 0.8658 0.4325 0.2516
vn 0.4170 0.9062 -0.0703
vn 0.7247 0.3991 0.5617
vn -0.0002 0.7620 -0.6476
vn 0.0001 0.8340 -0.5518
vn 0.4538 -0.1567 0.8772
vn 0.4362 0.0021 0.8998
vn 0.4431 -0.0152 0.8963
vn 0.4359 -0.0135 0.8999
vn 0.4397 -0.1848 0.8789
vn 0.3747 -0.1620 0.9129
vn 0.3798 -0.0017 0.9251
vn 0.4054 0.0002 0.9141
vn 0.3867 0.0002 0.9222
vn 0.3550 -0.2042 0.9123
vn 0.3517 -0.0037 0.9361
vn 0.3475 0.0022 0.9377
vn 0.3299 -0.2100 0.9204
vn 0.3392 -0.0055 0.9407
vn 0.4186 -0.1810 0.8899
vn 0.2728 -0.1617 0.9484
vn 0.3407 -0.0040 0.9402
vn 0.3348 -0.0052 0.9423
vn 0.3387 0.0060 0.9409
vn 0.3451 0.0011 0.9386
vn 0.3353 -0.2109 0.9182
vn 0.3458 -0.0029 0.9383
vn 0.3288 -0.2004 0.9229
vn 0.3448 -0.0018 0.9387
vn 0.3444 0.0045 0.9388
vn 0.4325 -0.1540 0.8884
vn 0.2657 -0.1353 0.9545
vn 0.3406 -0.0027 0.9402
vn 0.3416 -0.0019 0.9398
vn 0.3426 0.0045 0.9395
vn -0.0001 0.8850 -0.4656
vn -0.0002 0.9233 -0.3840
vn 0.0003 0.9468 -0.3217
vn -0.0000 0.9469 -0.3215
vn 0.0002 0.9718 -0.2359
vn 0.4300 0.0051 0.9028
vn 0.4310 0.0453 0.9012
vn 0.0014 0.9773 -0.2117
vn 0.4503 0.1987 0.8705
vn 0.0034 0.9793 -0.2026
vn 0.4475 0.6573 0.6064
vn 0.1132 0.9851 0.1294
vn 0.3914 0.5101 0.7659
vn 0.5228 0.2858 0.8031
vn 0.4349 0.4919 0.7543
vn 0.3589 0.1892 0.9140
vn 0.2783 0.8431 0.4602
vn 0.1151 0.9903 0.0781
vn 0.3750 0.7359 0.5637
vn 0.4058 0.6637 0.6284
vn 0.3481 0.3497 0.8698
vn 0.2144 0.9591 0.1850
vn 0.4247 0.5031 0.7527
vn 0.3437 0.7364 0.5827
vn 0.3297 0.3109 0.8914
vn 0.3480 0.0055 0.9375
vn 0.3984 0.2475 0.8832
vn 0.3386 0.0399 0.9401
vn 0.0194 0.9759 0.2175
vn 0.4087 0.5642 0.7174
vn 0.2235 0.9518 0.2100
vn 0.3980 0.6323 0.6647
vn 0.2887 0.8453 0.4496
vn 0.3517 0.4823 0.8023
vn 0.4109 0.1338 0.9018
vn 0.3988 0.4751 0.7843
vn 0.0963 0.9944 -0.0432
vn 0.2257 0.9186 0.3244
vn 0.3879 0.6869 0.6146
vn 0.3502 0.0100 0.9366
vn 0.3869 0.7145 0.5829
vn 0.2557 0.8943 0.3671
vn 0.3506 0.6169 0.7046
vn 0.0004 0.7622 -0.6474
vn -0.0000 0.8337 -0.5522
vn 0.3426 -0.2092 0.9159
vn 0.3418 -0.0029 0.9398
vn 0.3424 0.0058 0.9396
vn 0.3417 0.0043 0.9398
vn 0.4017 -0.2063 0.8922
vn 0.3003 -0.1881 0.9351
vn 0.3430 0.0016 0.9393
vn 0.3426 -0.0009 0.9395
vn 0.3304 -0.2158 0.9188
vn 0.3425 0.0014 0.9395
vn 0.3406 0.0028 0.9402
vn 0.3333 -0.2122 0.9186
vn 0.3397 -0.0014 0.9405
vn 0.4081 -0.1947 0.8919
vn 0.2896 -0.1756 0.9409
vn 0.3398 -0.0043 0.9405
vn 0.3378 -0.0037 0.9412
vn 0.3469 0.0077 0.9379
vn 0.3382 0.0043 0.9411
vn 0.3514 0.0056 0.9362
vn 0.3399 0.0045 0.9404
vn 0.3512 0.0051 0.9363
vn 0.3443 -0.2123 0.9145
vn 0.3635 -0.0033 0.9316
vn 0.3823 -0.1900 0.9043
vn 0.4019 -0.0007 0.9157
vn 0.4117 0.0244 0.9110
vn 0.4163 0.0056 0.9092
vn 0.4151 0.0039 0.9098
vn 0.6209 -0.1382 0.7717
vn 0.3514 -0.1197 0.9286
vn 0.5400 -0.0013 0.8417
vn 0.4375 0.0010 0.8992
vn -0.0000 0.8851 -0.4655
vn 0.0002 0.9234 -0.3839
vn 0.0002 0.9469 -0.3214
vn 0.0002 0.9470 -0.3212
vn -0.0083 0.9697 -0.2441
vn 0.0003 0.9673 -0.2538
vn 0.0005 0.9761 -0.2174
vn -0.0015 0.9783 -0.2073
vn 0.1366 0.9867 0.0877
vn 0.0669 0.9940 -0.0865
vn 0.2348 0.9470 0.2191
vn 0.1138 0.9884 -0.1008
vn 0.2473 0.9640 0.0971
vn 0.4383 0.7776 0.4508
vn 0.3050 0.9092 0.2833
vn 0.4554 0.7622 0.4600
vn 0.3342 0.0087 0.9424
vn 0.3635 0.5290 0.7668
vn 0.3762 0.6412 0.6689
vn 0.2225 0.2581 0.9402
vn -0.0001 0.9810 -0.1943
vn 0.2932 0.8285 0.4772
vn 0.1192 0.9796 0.1620
vn 0.3515 0.7723 0.5292
vn 0.4078 0.1886 0.8934
vn 0.3778 0.2995 0.8761
vn 0.3369 0.1509 0.9294
vn 0.3462 0.7263 0.5939
vn 0.4072 0.5827 0.7033
vn 0.1325 0.9829 0.1276
vn 0.2581 0.9014 0.3478
vn 0.3464 0.0286 0.9376
vn 0.3856 0.2372 0.8917
vn 0.3462 0.6431 0.6830
vn 0.3260 0.7515 0.5736
vn 0.3361 0.5080 0.7931
vn 0.2949 0.8675 0.4006
vn 0.1492 0.9753 0.1629
vn 0.3069 0.8358 0.4553
vn 0.3261 0.2564 0.9099
vn 0.2888 0.8313 0.4749
vn 0.2200 0.9344 0.2801
vn 0.3505 0.0047 0.9365
vn 0.3406 0.0052 0.9402
vn 0.3540 0.0506 0.9339
vn 0.3433 0.0438 0.9382
vn 0.4450 0.2891 0.8476
vn 0.3618 0.4595 0.8111
vn 0.3105 0.2056 0.9281
vn 0.0479 0.9930 0.1080
vn 0.2478 0.8367 0.4884
vn 0.3471 0.6103 0.7121
vn 0.3723 0.3461 0.8612
vn 0.2287 0.8973 0.3775
vn 0.3831 0.6329 0.6728
vn 0.2640 0.8164 0.5135
vn 0.3186 0.5345 0.7829
vn 0.4037 -0.0064 0.9149
vn 0.4407 0.0134 0.8976
vn 0.4526 0.1178 0.8839
vn 0.3890 0.0780 0.9179
vn 0.5264 0.3716 0.7647
vn 0.3992 0.5474 0.7355
vn 0.3472 0.3149 0.8833
vn 0.3730 0.7239 0.5804
vn 0.2645 0.8715 0.4129
vn 0.3769 0.6642 0.6456
vn 0.5499 0.0193 0.8350
vn 0.5569 0.1404 0.8186
vn 0.5058 0.4868 0.7121
vn 0.4983 0.5662 0.6566
vn 0.4768 0.3944 0.7856
vn -0.0084 0.7608 -0.6489
vn 0.0833 0.7999 -0.5944
vn 0.2234 0.7299 -0.6460
vn 0.2270 0.7407 -0.6323
vn 0.2128 0.7212 -0.6593
vn 0.3480 0.7225 -0.5973
vn 0.2074 0.7755 -0.5963
vn 0.1945 0.7310 -0.6541
vn 0.3570 0.7353 -0.5760
vn 0.1946 0.8051 -0.5603
vn 0.2414 0.7544 -0.6104
vn 0.2403 0.8098 -0.5353
vn 0.2278 0.7936 -0.5642
vn 0.2130 0.7770 -0.5924
vn 0.4430 0.6572 -0.6097
vn 0.6976 0.5439 -0.4664
vn 0.5658 0.6316 -0.5300
vn 0.5665 0.6480 -0.5091
vn 0.6968 0.5581 -0.4506
vn 0.5404 0.6690 -0.5103
vn 0.5312 0.6521 -0.5409
vn 0.6910 0.5763 -0.4364
vn 0.4830 0.7337 -0.4780
vn 0.4881 0.6427 -0.5905
vn 0.6887 0.5878 -0.4246
vn 0.4495 0.7511 -0.4836
vn 0.8127 0.4517 -0.3681
vn 0.9493 0.2427 -0.1997
vn 0.8002 0.4555 -0.3901
vn 0.9872 0.1288 -0.0943
vn 0.7878 0.4838 -0.3811
vn 0.9411 0.2691 -0.2047
vn 0.7669 0.5067 -0.3939
vn 0.9661 0.2078 -0.1531
vn 0.7499 0.5197 -0.4095
vn 0.9313 0.2940 -0.2151
vn 0.7364 0.5596 -0.3803
vn -0.0295 0.8331 -0.5524
vn 0.3617 0.7726 -0.5218
vn 0.1963 0.8296 -0.5227
vn 0.1639 0.7794 -0.6046
vn 0.3636 0.7842 -0.5027
vn 0.1570 0.8775 -0.4531
vn 0.2118 0.8414 -0.4972
vn 0.1948 0.8179 -0.5414
vn 0.3503 0.8133 -0.4646
vn 0.1902 0.8759 -0.4435
vn 0.2258 0.8562 -0.4646
vn 0.2121 0.8396 -0.5001
vn 0.3504 0.8319 -0.4302
vn 0.2037 0.8874 -0.4135
vn 0.2289 0.8727 -0.4313
vn 0.6986 0.5916 -0.4026
vn 0.5769 0.6625 -0.4777
vn 0.5578 0.6965 -0.4515
vn 0.6987 0.5979 -0.3928
vn 0.5142 0.7361 -0.4403
vn 0.5057 0.6867 -0.5222
vn 0.6977 0.6088 -0.3777
vn 0.4254 0.7933 -0.4356
vn 0.7061 0.6133 -0.3539
vn 0.5524 0.7207 -0.4188
vn 0.5423 0.7152 -0.4410
vn 0.7007 0.6216 -0.3501
vn 0.4562 0.7974 -0.3949
vn 0.7046 0.6296 -0.3274
vn 0.5707 0.7169 -0.4004
vn 0.5565 0.7355 -0.3866
vn 0.6973 0.6389 -0.3250
vn 0.4656 0.8081 -0.3608
vn 0.7010 0.6465 -0.3011
vn 0.5694 0.7330 -0.3722
vn 0.9998 0.0164 -0.0088
vn 1.0000 0.0054 -0.0053
vn 1.0000 0.0002 0.0002
vn 0.9766 0.1896 -0.1016
vn 0.8484 0.4326 -0.3049
vn 0.9985 0.0427 -0.0350
vn 0.8160 0.4869 -0.3115
vn 0.9468 0.2707 -0.1738
vn 0.7879 0.5081 -0.3481
vn 0.9690 0.2097 -0.1303
vn 0.9903 0.1167 -0.0756
vn 0.7667 0.5321 -0.3591
vn 0.9324 0.3075 -0.1900
vn 0.7432 0.5783 -0.3364
vn 0.9543 0.2615 -0.1447
vn 0.8393 0.4666 -0.2788
vn 0.9944 0.1028 -0.0242
vn 0.8014 0.5192 -0.2969
vn 0.9393 0.2987 -0.1688
vn 0.7717 0.5554 -0.3098
vn 0.9604 0.2510 -0.1210
vn 0.8662 0.4353 -0.2455
vn 0.9798 0.1751 -0.0968
vn 0.9951 0.0865 -0.0485
vn 0.8131 0.5204 -0.2609
vn 0.9433 0.2953 -0.1519
vn 0.7763 0.5627 -0.2840
vn 0.9619 0.2524 -0.1053
vn 0.8687 0.4417 -0.2240
vn 0.8098 0.5351 -0.2408
vn 1.0000 0.0001 -0.0002
vn 0.9999 -0.0152 0.0026
vn 0.9967 -0.0811 0.0008
vn 0.9898 -0.1411 0.0209
vn 1.0000 -0.0015 0.0007
vn 1.0000 0.0007 0.0003
vn 1.0000 0.0006 0.0006
vn 0.9886 0.1423 -0.0498
vn 0.9994 0.0302 -0.0145
vn 0.9412 0.3078 -0.1396
vn 0.7653 0.5907 -0.2559
vn 0.9574 0.2718 -0.0973
vn 0.8482 0.4858 -0.2110
vn 0.9739 0.2110 -0.0835
vn 0.9897 0.1310 -0.0575
vn 0.7860 -0.1913 0.5879
vn 0.6572 -0.2022 0.7261
vn 0.7738 -0.0058 0.6334
vn 0.7147 -0.0072 0.6994
vn 0.7740 0.0066 0.6332
vn 0.7165 0.0059 0.6976
vn 0.7745 0.0059 0.6326
vn 0.7172 0.0052 0.6968
vn 0.7753 0.0059 0.6316
vn 0.7167 0.0061 0.6973
vn 0.7763 0.0072 0.6303
vn 0.7152 0.0074 0.6989
vn 0.7775 0.0080 0.6289
vn 0.7135 0.0083 0.7006
vn 0.7783 0.0067 0.6278
vn 0.7119 0.0071 0.7022
vn 0.8919 -0.2065 0.4024
vn 0.8955 -0.1565 0.4166
vn 0.7434 -0.1730 0.6461
vn 0.9107 -0.0062 0.4130
vn 0.8769 -0.0064 0.4807
vn 0.8066 -0.0058 0.5910
vn 0.9110 0.0021 0.4123
vn 0.8755 0.0039 0.4833
vn 0.8057 0.0059 0.5924
vn 0.9106 0.0043 0.4132
vn 0.9102 0.0065 0.4141
vn 0.8738 0.0069 0.4862
vn 0.8056 0.0069 0.5924
vn 0.9097 0.0083 0.4153
vn 0.9091 0.0087 0.4165
vn 0.8747 0.0085 0.4845
vn 0.8063 0.0086 0.5915
vn 0.9087 0.0078 0.4173
vn 0.9834 -0.1800 0.0216
vn 0.9736 -0.2239 0.0437
vn 0.9711 -0.2326 0.0542
vn 0.9724 -0.1815 0.1467
vn 0.9727 -0.0960 0.2113
vn 0.8810 -0.1548 0.4470
vn 1.0000 -0.0024 0.0010
vn 0.9998 -0.0039 0.0174
vn 0.9973 -0.0044 0.0729
vn 0.9838 -0.0024 0.1791
vn 0.9651 -0.0012 0.2618
vn 0.9368 -0.0033 0.3499
vn 1.0000 0.0023 0.0027
vn 0.9961 0.0285 0.0837
vn 0.9701 0.0153 0.2421
vn 0.9383 0.0022 0.3458
vn 0.9389 0.0036 0.3443
vn 1.0000 0.0013 0.0022
vn 0.9959 0.0015 0.0907
vn 0.9740 0.0036 0.2264
vn 0.9387 0.0052 0.3447
vn 0.9379 0.0063 0.3468
vn 0.9955 0.0018 0.0944
vn 0.9736 0.0041 0.2283
vn 0.9368 0.0068 0.3497
vn 0.9359 0.0066 0.3521
vn 0.6942 -0.2002 0.6914
vn 0.5395 -0.1769 0.8232
vn 0.6615 -0.0085 0.7499
vn 0.5742 -0.0061 0.8187
vn 0.6626 0.0046 0.7489
vn 0.5543 0.0162 0.8321
vn 0.6623 0.0071 0.7492
vn 0.5448 0.0064 0.8385
vn 0.0005 0.8873 -0.4612
vn 0.2095 0.8564 -0.4718
vn 0.3552 0.8465 -0.3966
vn 0.1980 0.9055 -0.3752
vn 0.5534 0.7493 -0.3638
vn 0.0039 0.9209 -0.3898
vn -0.0044 0.9472 -0.3207
vn 0.2236 0.8917 -0.3936
vn 0.1940 0.8769 -0.4398
vn 0.3546 0.8645 -0.3563
vn 0.1807 0.9295 -0.3216
vn 0.2208 0.9121 -0.3454
vn 0.2283 0.9156 -0.3309
vn 0.2142 0.9034 -0.3714
vn 0.3507 0.8863 -0.3025
vn 0.1964 0.9393 -0.2813
vn 0.2234 0.9281 -0.2978
vn 0.2234 0.9328 -0.2828
vn 0.2022 0.9238 -0.3253
vn 0.3456 0.9035 -0.2534
vn 0.1752 0.9597 -0.2197
vn 0.6994 0.6513 -0.2944
vn 0.4480 0.8330 -0.3247
vn 0.7046 0.6573 -0.2673
vn 0.5420 0.7755 -0.3237
vn 0.5304 0.7610 -0.3736
vn 0.6952 0.6661 -0.2701
vn 0.4015 0.8659 -0.2983
vn 0.7025 0.6678 -0.2460
vn 0.4806 0.8341 -0.2707
vn 0.7049 0.6735 -0.2224
vn 0.5730 0.7655 -0.2927
vn 0.5546 0.7860 -0.2732
vn 0.6964 0.6845 -0.2155
vn 0.4742 0.8505 -0.2275
vn 0.7006 0.6895 -0.1839
vn 0.5551 0.7955 -0.2427
vn 0.5361 0.7965 -0.2795
vn 0.7907 0.5631 -0.2402
vn 0.9344 0.3304 -0.1328
vn 0.7390 0.6304 -0.2375
vn 0.9496 0.2944 -0.1075
vn 0.8151 0.5433 -0.2012
vn 0.9854 0.1685 0.0255
vn 0.8847 0.4371 -0.1622
vn 0.8075 0.5600 -0.1854
vn 0.9378 0.3276 -0.1146
vn 0.7473 0.6324 -0.2039
vn 0.9509 0.2960 -0.0909
vn 0.8166 0.5506 -0.1731
vn 0.9630 0.2639 -0.0544
vn 0.8788 0.4566 -0.1385
vn 0.7959 0.5843 -0.1589
vn 0.0049 0.9676 -0.2526
vn 0.6035 0.5379 0.5887
vn 0.5890 0.6109 0.5290
vn 0.6310 0.5200 0.5757
vn 0.0232 0.9777 -0.2086
vn 0.0979 0.9789 -0.1796
vn 0.2736 0.9618 0.0051
vn 0.5448 0.7716 0.3284
vn 0.3345 0.9268 0.1704
vn 0.5166 0.7834 0.3455
vn 0.7789 0.0069 0.6271
vn 0.7102 0.0077 0.7039
vn 0.7821 0.0371 0.6220
vn 0.7091 0.0327 0.7044
vn 0.7947 0.1710 0.5824
vn 0.7310 0.2918 0.6168
vn 0.6799 0.1644 0.7146
vn 0.2088 0.9477 -0.2412
vn 0.2203 0.9515 -0.2147
vn 0.2462 0.9542 -0.1700
vn 0.7496 0.5128 0.4185
vn 0.6381 0.6739 0.3725
vn 0.7097 0.5285 0.4658
vn 0.2479 0.9369 -0.2464
vn 0.4999 0.8651 -0.0419
vn 0.1813 0.9792 -0.0908
vn 0.5593 0.8275 0.0501
vn 0.2900 0.9568 -0.0220
vn 0.6640 0.7298 0.1629
vn 0.3338 0.9409 0.0576
vn 0.5806 0.7668 0.2735
vn 0.9086 0.0073 0.4176
vn 0.8692 0.0126 0.4943
vn 0.8157 0.0130 0.5784
vn 0.9099 0.0571 0.4108
vn 0.8956 0.3277 0.3008
vn 0.8942 0.2422 0.3766
vn 0.8925 0.1407 0.4286
vn 0.7988 0.3712 0.4734
vn 0.7832 0.1327 0.6074
vn 0.6975 0.6919 -0.1865
vn 0.3692 0.9059 -0.2076
vn 0.7123 0.6857 -0.1494
vn 0.4348 0.8850 -0.1668
vn 0.7443 0.6665 -0.0428
vn 0.4946 0.8642 -0.0922
vn 0.7962 0.5998 0.0794
vn 0.5554 0.8315 -0.0093
vn 0.8311 0.5286 0.1728
vn 0.6150 0.7804 0.1134
vn 0.8597 0.4109 0.3034
vn 0.6343 0.7401 0.2232
vn 0.7297 0.5165 0.4480
vn 0.9997 0.0211 -0.0105
vn 0.9956 -0.0232 0.0908
vn 0.9704 -0.0039 0.2415
vn 0.9353 0.0064 0.3537
vn 0.9736 0.2213 -0.0559
vn 0.9860 0.1642 -0.0287
vn 0.9904 0.1227 0.0630
vn 0.9787 0.0922 0.1836
vn 0.9737 0.0561 0.2209
vn 0.9521 0.1303 0.2767
vn 0.9258 0.0468 0.3752
vn 0.9338 0.3470 -0.0874
vn 0.7252 0.6702 -0.1581
vn 0.9441 0.3239 -0.0615
vn 0.7792 0.6158 -0.1171
vn 0.9566 0.2900 0.0292
vn 0.8316 0.5553 -0.0061
vn 0.9671 0.2139 0.1375
vn 0.8474 0.5197 0.1092
vn 0.9273 0.3004 0.2233
vn 0.6371 0.0177 0.7705
vn 0.5736 0.0081 0.8191
vn 0.6462 0.1535 0.7476
s 0
f 130//1 71//1 72//1
f 130//2 80//2 76//2
f 81//3 130//3 77//3
f 85//4 84//4 130//4
f 132//5 126//5 127//5
f 133//6 128//6 129//6
f 210//7 172//7 171//7
f 188//8 210//8 187//8
f 213//9 203//9 204//9
f 214//10 205//10 206//10
f 262//11 227//11 228//11
f 262//12 232//12 230//12
f 300//13 269//13 270//13
f 301//14 271//14 272//14
f 300//15 280//15 276//15
f 302//16 277//16 278//16
f 303//17 279//17 280//17
f 307//18 300//18 301//18
f 302//19 228//19 225//19
f 307//20 305//20 303//20
f 294//21 285//21 306//21
f 289//22 298//22 306//22
f 314//23 323//23 313//23
f 319//24 318//24 324//24
f 381//25 327//25 328//25
f 381//26 331//26 329//26
f 382//27 330//27 331//27
f 337//28 336//28 381//28
f 382//29 341//29 335//29
f 342//30 382//30 336//30
f 391//31 390//31 426//31
f 430//32 396//32 397//32
f 430//33 397//33 398//33
f 430//34 398//34 399//34
f 431//35 400//35 401//35
f 431//36 401//36 402//36
f 431//37 402//37 403//37
f 430//38 337//38 381//38
f 430//39 343//39 337//39
f 410//40 426//40 409//40
f 428//41 411//41 412//41
f 428//42 393//42 392//42
f 429//43 413//43 414//43
f 429//44 395//44 394//44
f 440//45 439//45 471//45
f 475//46 443//46 444//46
f 475//47 444//47 445//47
f 475//48 445//48 446//48
f 476//49 447//49 448//49
f 476//50 448//50 449//50
f 476//51 449//51 450//51
f 459//52 471//52 458//52
f 472//53 454//53 455//53
f 472//54 436//54 435//54
f 473//55 456//55 457//55
f 473//56 438//56 437//56
f 512//57 481//57 482//57
f 513//58 483//58 484//58
f 512//59 450//59 442//59
f 487//60 513//60 485//60
f 521//61 512//61 513//61
f 515//62 487//62 488//62
f 517//63 521//63 515//63
f 519//64 497//64 498//64
f 519//65 501//65 500//65
f 527//66 526//66 570//66
f 529//67 528//67 571//67
f 530//68 516//68 522//68
f 572//69 530//69 531//69
f 573//70 532//70 533//70
f 574//71 534//71 535//71
f 575//72 536//72 537//72
f 577//73 542//73 543//73
f 550//74 519//74 544//74
f 555//75 570//75 554//75
f 577//76 555//76 549//76
f 578//77 550//77 551//77
f 578//78 523//78 522//78
f 579//79 552//79 553//79
f 579//80 525//80 524//80
f 568//81 567//81 576//81
f 596//82 231//82 232//82
f 583//83 595//83 581//83
f 596//84 584//84 582//84
f 586//85 585//85 595//85
f 598//86 583//86 584//86
f 587//87 571//87 585//87
f 598//88 588//88 586//88
f 603//89 587//89 588//89
f 603//90 588//90 598//90
f 604//91 599//91 600//91
f 603//92 537//92 529//92
f 603//93 575//93 537//93
f 601//94 245//94 246//94
f 601//95 582//95 581//95
f 592//96 595//96 591//96
f 595//97 592//97 590//97
f 608//98 607//98 307//98
f 617//99 609//99 610//99
f 615//100 617//100 613//100
f 658//101 29//101 28//101
f 658//102 621//102 626//102
f 659//103 631//103 636//103
f 660//104 641//104 646//104
f 661//105 651//105 656//105
f 690//106 56//106 55//106
f 690//107 57//107 56//107
f 690//108 58//108 57//108
f 665//109 662//109 690//109
f 686//110 664//110 667//110
f 690//111 658//111 659//111
f 668//112 665//112 690//112
f 671//113 668//113 690//113
f 687//114 670//114 673//114
f 677//115 674//115 691//115
f 688//116 676//116 679//116
f 691//117 660//117 661//117
f 680//118 677//118 691//118
f 683//118 680//118 691//118
f 689//119 682//119 685//119
f 120//120 744//120 119//120
f 121//121 744//121 120//121
f 122//122 744//122 121//122
f 132//123 696//123 695//123
f 622//124 744//124 627//124
f 692//125 697//125 744//125
f 694//126 736//126 699//126
f 695//127 702//127 736//127
f 696//128 737//128 703//128
f 627//129 744//129 632//129
f 697//130 704//130 744//130
f 632//131 744//131 637//131
f 704//132 711//132 744//132
f 706//133 738//133 713//133
f 709//134 714//134 738//134
f 710//135 739//135 715//135
f 642//136 745//136 647//136
f 716//137 721//137 745//137
f 718//138 740//138 723//138
f 719//139 724//139 740//139
f 720//140 741//140 725//140
f 647//136 745//136 652//136
f 721//141 726//141 745//141
f 652//136 745//136 657//136
f 726//141 731//141 745//141
f 728//142 742//142 733//142
f 729//143 734//143 742//143
f 730//144 743//144 735//144
f 801//145 199//145 198//145
f 801//146 200//146 199//146
f 801//147 201//147 200//147
f 752//148 746//148 801//148
f 750//149 757//149 789//149
f 801//150 686//150 687//150
f 759//151 752//151 801//151
f 765//152 759//152 801//152
f 766//153 765//153 801//153
f 763//154 769//154 792//154
f 764//155 793//155 770//155
f 793//156 761//156 767//156
f 770//157 796//157 769//157
f 776//158 771//158 802//158
f 774//159 778//159 796//159
f 780//160 796//160 778//160
f 802//161 688//161 689//161
f 797//162 776//162 802//162
f 797//163 777//163 776//163
f 785//164 782//164 797//164
f 783//165 786//165 800//165
f 856//166 254//166 253//166
f 254//167 856//167 251//167
f 859//168 256//168 255//168
f 858//169 259//169 258//169
f 260//170 859//170 255//170
f 822//171 857//171 825//171
f 833//172 856//172 832//172
f 856//173 833//173 830//173
f 835//174 859//174 834//174
f 859//175 836//175 834//175
f 843//176 832//176 861//176
f 835//177 848//177 861//177
f 845//178 863//178 846//178
f 851//179 836//179 862//179
f 854//180 863//180 850//180
f 905//181 291//181 290//181
f 906//182 293//182 292//182
f 904//183 295//183 294//183
f 296//184 905//184 290//184
f 907//185 298//185 297//185
f 907//186 821//186 824//186
f 865//187 905//187 864//187
f 867//188 906//188 866//188
f 869//189 904//189 868//189
f 905//190 870//190 864//190
f 872//191 907//191 871//191
f 877//192 868//192 908//192
f 872//193 884//193 908//193
f 893//194 909//194 894//194
f 895//195 912//195 896//195
f 896//196 912//196 897//196
f 897//196 912//196 898//196
f 902//197 909//197 900//197
f 901//198 910//198 902//198
f 911//199 912//199 909//199
f 932//200 324//200 931//200
f 972//201 941//201 940//201
f 973//202 946//202 945//202
f 973//203 953//203 959//203
f 976//204 959//204 958//204
f 976//205 962//205 965//205
f 980//206 967//206 969//206
f 985//207 369//207 368//207
f 984//208 371//208 370//208
f 371//209 984//209 367//209
f 987//210 373//210 372//210
f 986//211 376//211 375//211
f 377//212 987//212 372//212
f 986//213 932//213 941//213
f 1003//214 987//214 992//214
f 984//215 1003//215 989//215
f 1004//216 997//216 1002//216
f 994//217 1004//217 999//217
f 1053//218 423//218 422//218
f 1054//219 425//219 424//219
f 1015//220 1009//220 983//220
f 1053//221 1010//221 1016//221
f 1027//222 1021//222 988//222
f 1055//223 1022//223 1028//223
f 1039//224 1033//224 993//224
f 1057//225 1034//225 1040//225
f 1051//226 1045//226 998//226
f 1059//227 1046//227 1052//227
f 1064//228 464//228 463//228
f 1061//229 466//229 465//229
f 1062//230 468//230 467//230
f 1063//231 470//231 469//231
f 470//232 1063//232 462//232
f 1093//233 505//233 504//233
f 1094//234 507//234 506//234
f 1094//235 508//235 507//235
f 1095//236 510//236 509//236
f 1079//237 1077//237 1064//237
f 1093//238 1078//238 1080//238
f 1083//239 1081//239 1068//239
f 1096//240 1082//240 1084//240
f 1087//241 1085//241 1072//241
f 1099//242 1086//242 1088//242
f 1091//243 1089//243 1076//243
f 1102//244 1090//244 1092//244
f 1152//245 560//245 559//245
f 1109//246 576//246 1108//246
f 1115//247 1108//247 1152//247
f 1156//248 1114//248 1113//248
f 1154//249 1116//249 1115//249
f 1155//250 1118//250 1117//250
f 1118//251 1155//251 1112//251
f 1121//252 1156//252 1120//252
f 1123//253 1155//253 1122//253
f 1155//254 1123//254 1119//254
f 1130//255 1161//255 1131//255
f 1132//256 1122//256 1158//256
f 1138//257 1160//257 1139//257
f 1160//258 1129//258 1139//258
f 1141//259 1158//259 1140//259
f 1144//260 1167//260 1145//260
f 1146//261 1140//261 1165//261
f 1147//262 1148//262 1165//262
f 1167//263 1144//263 1151//263
f 1170//264 1171//264 858//264
f 1173//265 1172//265 1156//265
f 1172//266 1173//266 862//266
f 1173//267 1174//267 862//267
f 853//268 1191//268 854//268
f 854//269 1191//269 863//269
f 1179//270 1191//270 1176//270
f 1178//271 1185//271 1179//271
f 1185//272 1191//272 1179//272
f 1189//273 1192//273 1187//273
f 1182//274 1190//274 1183//274
f 1131//275 1190//275 1128//275
f 1164//276 1193//276 1161//276
f 1193//277 1188//277 1186//277
f 1194//278 1217//278 1195//278
f 1197//279 1219//279 1196//279
f 1198//280 1199//280 911//280
f 1200//281 1201//281 912//281
f 1201//282 1215//282 912//282
f 1214//283 1202//283 1198//283
f 1205//284 1215//284 1201//284
f 1195//285 1215//285 1205//285
f 1191//286 1206//286 1214//286
f 1206//287 1207//287 1214//287
f 1202//288 1216//288 1203//288
f 1217//289 1194//289 1204//289
f 1191//290 1208//290 1206//290
f 1209//291 1216//291 1207//291
f 1196//292 1219//292 1211//292
f 1192//293 1212//293 1210//293
f 1192//294 1222//294 1212//294
f 1212//295 1222//295 1213//295
f 1222//296 1197//296 1213//296
f 1266//297 1229//297 1234//297
f 1267//298 1239//298 1244//298
f 1268//299 1249//299 1254//299
f 1269//300 1259//300 1264//300
f 1273//301 1270//301 1298//301
f 1294//302 1272//302 1275//302
f 1298//303 1266//303 1267//303
f 1276//304 1273//304 1298//304
f 1279//304 1276//304 1298//304
f 1295//305 1278//305 1281//305
f 1285//306 1282//306 1299//306
f 1296//307 1284//307 1287//307
f 1299//308 1268//308 1269//308
f 1288//309 1285//309 1299//309
f 1291//309 1288//309 1299//309
f 1297//310 1290//310 1293//310
f 1349//311 1305//311 1304//311
f 1230//136 1353//136 1235//136
f 1300//312 1306//312 1353//312
f 1302//313 1348//313 1308//313
f 1303//314 1309//314 1348//314
f 1305//315 1349//315 1312//315
f 1235//136 1353//136 1240//136
f 1306//316 1313//316 1353//316
f 1349//317 1320//317 1319//317
f 1240//136 1353//136 1245//136
f 1313//318 1321//318 1353//318
f 1315//319 1350//319 1323//319
f 1316//320 1324//320 1350//320
f 1325//321 1351//321 1324//321
f 1326//322 1351//322 1325//322
f 1250//136 1354//136 1255//136
f 1328//323 1333//323 1354//323
f 1332//324 1351//324 1336//324
f 1351//325 1337//325 1336//325
f 1255//136 1354//136 1260//136
f 1333//326 1338//326 1354//326
f 1260//327 1354//327 1265//327
f 1338//328 1343//328 1354//328
f 1342//329 1352//329 1347//329
f 799//330 1365//330 798//330
f 1364//331 1294//331 1295//331
f 1359//332 1357//332 1364//332
f 1361//333 1364//333 1360//333
f 1366//334 1361//334 1363//334
f 1369//335 1367//335 1372//335
f 1374//336 1370//336 1369//336
f 1374//337 1371//337 1370//337
f 1378//338 1375//338 1366//338
f 1401//339 1405//339 1410//339
f 1406//340 1413//340 1405//340
f 1407//341 1413//341 1406//341
f 1437//342 1436//342 1365//342
f 1415//343 1417//343 1438//343
f 1419//344 1438//344 1417//344
f 1398//345 1439//345 1400//345
f 1423//346 1425//346 1443//346
f 1444//347 1404//347 1402//347
f 1425//348 1459//348 1443//348
f 1427//349 1459//349 1425//349
f 1428//350 1459//350 1427//350
f 1404//351 1444//351 1407//351
f 1450//352 1449//352 1459//352
f 1446//353 1430//353 1429//353
f 1446//354 1432//354 1430//354
f 1429//355 1433//355 1414//355
f 1434//356 1414//356 1433//356
f 1452//357 1434//357 1435//357
f 1432//358 1452//358 1435//358
f 1471//359 1465//359 1374//359
f 1497//360 1483//360 1546//360
f 1495//361 1507//361 1450//361
f 1548//362 1503//362 1504//362
f 1511//363 1450//363 1507//363
f 1548//364 1512//364 1508//364
f 1550//365 1498//365 1497//365
f 1550//366 1499//366 1498//366
f 1523//367 1554//367 1517//367
f 1530//368 1529//368 1554//368
f 1555//369 1523//369 1524//369
f 1556//370 1525//370 1526//370
f 1535//371 1513//371 1551//371
f 1553//372 1516//372 1537//372
f 1538//373 1519//373 1553//373
f 1539//374 1538//374 1553//374
f 1527//375 1540//375 1458//375
f 1530//376 1555//376 1541//376
f 1542//377 1458//377 1540//377
f 1555//378 1545//378 1541//378
f 1564//379 1584//379 1556//379
f 1592//380 1556//380 1584//380
f 1629//381 927//381 926//381
f 929//382 1629//382 926//382
f 1629//383 1600//383 1598//383
f 1629//384 1597//384 1600//384
f 1631//385 1601//385 1607//385
f 1633//386 1607//386 1606//386
f 1613//387 1631//387 1612//387
f 1632//388 1609//388 1608//388
f 1610//389 1633//389 1606//389
f 1616//390 1612//390 1633//390
f 1632//391 1615//391 1619//391
f 1621//392 1633//392 1620//392
f 1634//393 1578//393 1571//393
f 1634//394 1619//394 1618//394
f 1634//395 1571//395 1591//395
f 1624//396 1620//396 1635//396
f 1638//397 1636//397 1629//397
f 1645//398 1637//398 1639//398
f 1642//399 1640//399 1631//399
f 1649//400 1641//400 1643//400
f 1658//401 1643//401 1642//401
f 1658//402 1649//402 1643//402
f 1658//403 1613//403 1617//403
f 1658//404 1617//404 1623//404
f 1656//405 1653//405 1658//405
f 1658//406 1623//406 1627//406
f 1679//216 1663//216 1668//216
f 1660//407 1679//407 1665//407
f 1680//408 1673//408 1678//408
f 1670//409 1680//409 1675//409
f 1691//410 1685//410 1659//410
f 1729//411 1686//411 1692//411
f 1703//412 1697//412 1664//412
f 1731//413 1698//413 1704//413
f 1715//414 1709//414 1669//414
f 1733//415 1710//415 1716//415
f 1727//416 1721//416 1674//416
f 1735//417 1722//417 1728//417
f 1757//418 1753//418 1740//418
f 1800//419 1754//419 1758//419
f 1759//420 1760//420 1802//420
f 1760//421 1755//421 1802//421
f 1803//422 1756//422 1761//422
f 1766//423 1809//423 1767//423
f 1768//424 1762//424 1744//424
f 1805//425 1763//425 1769//425
f 1771//426 1764//426 1807//426
f 1809//427 1766//427 1773//427
f 1776//428 1777//428 1813//428
f 1778//429 1816//429 1779//429
f 1816//430 1810//430 1808//430
f 1780//431 1774//431 1748//431
f 1812//432 1775//432 1781//432
f 1782//433 1776//433 1813//433
f 1816//434 1778//434 1783//434
f 1787//435 1812//435 1786//435
f 1788//436 1812//436 1787//436
f 1816//437 1783//437 1792//437
f 1793//438 1784//438 1752//438
f 1815//439 1791//439 1799//439
f 1819//440 1822//440 1820//440
f 1804//441 1822//441 1803//441
f 1822//442 1168//442 1166//442
f 1863//443 1826//443 1831//443
f 1864//444 1836//444 1841//444
f 1865//445 1846//445 1851//445
f 1866//300 1856//300 1861//300
f 1870//446 1867//446 1895//446
f 1891//447 1869//447 1872//447
f 1895//448 1863//448 1864//448
f 1873//449 1870//449 1895//449
f 1876//450 1873//450 1895//450
f 1892//451 1875//451 1878//451
f 1882//452 1879//452 1896//452
f 1893//453 1881//453 1884//453
f 1896//454 1865//454 1866//454
f 1885//455 1882//455 1896//455
f 1888//455 1885//455 1896//455
f 1894//456 1887//456 1890//456
f 1344//457 1922//457 1343//457
f 1827//129 1926//129 1832//129
f 1897//458 1901//458 1922//458
f 1832//129 1926//129 1837//129
f 1922//459 1923//459 1926//459
f 1837//129 1926//129 1842//129
f 1904//460 1907//460 1923//460
f 1847//129 1928//129 1852//129
f 1910//461 1913//461 1924//461
f 1852//129 1928//129 1857//129
f 1924//462 1925//462 1928//462
f 1857//129 1928//129 1862//129
f 1916//463 1919//463 1925//463
f 1929//464 1363//464 1362//464
f 1929//465 1891//465 1892//465
f 1931//466 1893//466 1894//466
f 1936//467 1933//467 1930//467
f 1942//468 1939//468 1932//468
f 1900//469 1976//469 1903//469
f 1977//470 1958//470 1956//470
f 1979//471 1960//471 1959//471
f 1979//472 1961//472 1960//472
f 1981//473 1964//473 1963//473
f 1981//474 1965//474 1964//474
f 1967//475 1982//475 1966//475
f 1969//476 1983//476 1968//476
f 1970//477 1983//477 1969//477
f 1971//478 1983//478 1970//478
f 1972//479 1983//479 1971//479
f 1974//480 1984//480 1973//480
f 1975//481 1984//481 1974//481
f 1912//482 1982//482 1915//482
f 1915//482 1982//482 1918//482
f 1918//483 1982//483 1921//483
f 1458//484 2000//484 1457//484
f 1997//485 1987//485 1986//485
f 1997//486 1988//486 1987//486
f 1991//487 2001//487 1990//487
f 1992//488 2001//488 1991//488
f 1993//489 2001//489 1992//489
f 1994//490 2001//490 1993//490
f 2004//491 1536//491 1535//491
f 2004//492 1537//492 1536//492
f 2018//493 1941//493 1944//493
f 2015//494 2012//494 2018//494
f 2019//495 2014//495 2017//495
f 2027//496 1583//496 1582//496
f 2031//497 1589//497 1588//497
f 2032//498 1591//498 1590//498
f 2024//499 2020//499 2006//499
f 2027//500 2026//500 2025//500
f 2027//501 2023//501 2026//501
f 2033//502 2025//502 2024//502
f 2043//503 2038//503 2019//503
f 2049//504 1635//504 2048//504
f 2057//505 1627//505 1626//505
f 2052//506 2048//506 2056//506
f 2057//507 2051//507 2055//507
f 2059//508 2053//508 2052//508
f 2060//509 2055//509 2054//509
f 2062//510 2059//510 2058//510
f 2063//511 2061//511 2060//511
f 2062//512 2042//512 2047//512
f 2078//513 2057//513 2061//513
f 2069//514 2065//514 2078//514
f 2076//515 2073//515 2079//515
f 2119//516 2104//516 2109//516
f 2101//517 2119//517 2106//517
f 2081//518 2112//518 2080//518
f 2083//519 2111//519 2082//519
f 2112//520 2084//520 2080//520
f 2093//521 2086//521 2117//521
f 2098//522 2118//522 2099//522
f 2130//523 2124//523 2100//523
f 2189//524 2125//524 2131//524
f 2142//525 2136//525 2105//525
f 2191//526 2137//526 2144//526
f 2153//527 2191//527 2152//527
f 2156//528 2157//528 2193//528
f 2160//529 2148//529 2110//529
f 2174//530 2194//530 2175//530
f 2176//531 2195//531 2177//531
f 2178//532 2196//532 2179//532
f 2187//533 2201//533 2185//533
f 2186//534 2202//534 2187//534
f 2202//535 2186//535 2188//535
f 2206//536 2244//536 2205//536
f 2208//537 2243//537 2207//537
f 2243//538 2208//538 2204//538
f 2211//539 2212//539 2245//539
f 2213//540 2214//540 2246//540
f 2229//541 2247//541 2230//541
f 2230//542 2247//542 2231//542
f 2231//543 2247//543 2232//543
f 2233//544 2248//544 2234//544
f 2234//545 2248//545 2235//545
f 2235//546 2248//546 2236//546
f 2199//547 2247//547 2196//547
f 2305//548 1815//548 2304//548
f 2256//549 2249//549 2240//549
f 2264//550 2304//550 2265//550
f 2304//551 2255//551 2265//551
f 2272//552 2266//552 2244//552
f 2306//553 2271//553 2277//553
f 2285//554 2306//554 2284//554
f 2287//555 2307//555 2286//555
f 2297//556 2308//556 2298//556
f 2308//557 2301//557 2300//557
f 2248//558 2309//558 2308//558
f 2309//559 2303//559 2302//559
f 2351//560 2314//560 2315//560
f 2352//561 2316//561 2317//561
f 2324//562 2352//562 2320//562
f 2357//563 2351//563 2352//563
f 2353//564 2324//564 2325//564
f 2354//565 2326//565 2327//565
f 2355//566 2357//566 2353//566
f 2360//567 2354//567 2358//567
f 2394//568 2360//568 2361//568
f 2365//569 2394//569 2362//569
f 2400//570 2355//570 2356//570
f 2399//571 612//571 608//571
f 2396//572 2395//572 2399//572
f 2401//573 2398//573 2396//573
f 2437//574 2365//574 2366//574
f 2404//575 2437//575 2402//575
f 2439//576 2400//576 2436//576
f 2441//577 2404//577 2405//577
f 2407//578 2441//578 2406//578
f 2444//579 2439//579 2440//579
f 2410//580 2442//580 2408//580
f 2443//581 2444//581 2442//581
f 2414//582 2443//582 2412//582
f 2483//583 2340//583 2339//583
f 2484//584 2342//584 2341//584
f 2484//585 2343//585 2342//585
f 2485//586 2345//586 2344//586
f 2448//587 2445//587 2486//587
f 2451//588 2483//588 2450//588
f 2453//589 2484//589 2452//589
f 2454//590 2484//590 2453//590
f 2456//591 2485//591 2455//591
f 2464//592 2487//592 2465//592
f 898//593 2487//593 890//593
f 2487//594 2477//594 2471//594
f 2487//595 2488//595 2477//595
f 2477//596 2488//596 2478//596
f 2479//597 2489//597 2480//597
f 2480//598 2489//598 2481//598
f 2481//599 2489//599 2482//599
f 2536//600 2492//600 2501//600
f 2502//601 2493//601 2536//601
f 2537//602 2495//602 2504//602
f 2505//603 2496//603 2537//603
f 2489//604 2525//604 2522//604
f 2489//605 2538//605 2525//605
f 2525//606 2538//606 2526//606
f 2538//607 2532//607 2529//607
f 2550//608 2557//608 2551//608
f 1225//609 2557//609 1221//609
f 2557//610 2555//610 2553//610
f 2547//611 2548//611 2488//611
f 2539//612 2540//612 2489//612
f 2540//613 2549//613 2489//613
f 2548//614 2541//614 2539//614
f 2542//615 2549//615 2540//615
f 2541//616 2552//616 2542//616
f 2543//617 2544//617 2549//617
f 2552//618 2545//618 2543//618
f 2545//619 2554//619 2546//619
f 2595//620 2427//620 2426//620
f 2597//621 2430//621 2429//621
f 2598//622 2432//622 2431//622
f 2598//623 2433//623 2432//623
f 2599//624 2435//624 2434//624
f 2595//625 2498//625 2507//625
f 2559//626 2595//626 2558//626
f 2562//627 2597//627 2561//627
f 2564//628 2598//628 2563//628
f 2565//629 2598//629 2564//629
f 2567//630 2599//630 2566//630
f 2538//631 2604//631 2532//631
f 2532//632 2604//632 2533//632
f 2604//633 2570//633 2568//633
f 2544//634 2604//634 2549//634
f 2604//635 2573//635 2570//635
f 2546//636 2604//636 2544//636
f 2604//637 2576//637 2573//637
f 2579//638 2580//638 2604//638
f 2580//639 2600//639 2604//639
f 2576//640 2601//640 2577//640
f 2554//641 2583//641 2579//641
f 2584//642 2600//642 2580//642
f 2601//643 2585//643 2581//643
f 2556//644 2591//644 2587//644
f 2592//645 2602//645 2588//645
f 2603//646 2593//646 2589//646
f 2606//647 2605//647 323//647
f 2635//648 2607//648 2608//648
f 2640//649 2618//649 2616//649
f 2641//650 2622//650 2620//650
f 2642//651 2626//651 2624//651
f 2628//652 2638//652 2627//652
f 2630//653 2639//653 2629//653
f 2632//654 2643//654 2631//654
f 2633//655 2643//655 2632//655
f 2634//656 2643//656 2633//656
f 2648//657 340//657 341//657
f 2655//658 382//658 342//658
f 2655//659 342//659 343//659
f 2648//660 2647//660 2645//660
f 2649//661 2646//661 2647//661
f 2655//662 2650//662 2648//662
f 2656//663 2654//663 2652//663
f 2657//664 430//664 431//664
f 2657//665 2656//665 2655//665
f 2658//72 475//72 476//72
f 2659//666 521//666 517//666
f 2659//667 517//667 518//667
f 2660//668 572//668 573//668
f 2660//669 573//669 574//669
f 2660//670 574//670 575//670
f 2661//671 603//671 604//671
f 2668//672 2677//672 2666//672
f 2670//673 2661//673 2677//673
f 2671//674 2670//674 2677//674
f 2674//675 2661//675 2670//675
f 2663//676 2662//676 2671//676
f 2664//677 2674//677 2662//677
f 2675//678 2665//678 2663//678
f 2706//679 2681//679 2679//679
f 2707//680 2680//680 2681//680
f 2683//681 2682//681 2707//681
f 2709//682 2685//682 2683//682
f 2705//683 2689//683 2688//683
f 2692//684 2710//684 2691//684
f 2707//685 2710//685 2692//685
f 2680//686 2707//686 2692//686
f 2682//687 2694//687 2707//687
f 2734//663 2731//663 2729//663
f 2712//688 2711//688 2732//688
f 2714//689 2713//689 2733//689
f 2735//690 2714//690 2733//690
f 2735//691 2718//691 2714//691
f 2736//692 2735//692 2734//692
f 2740//693 2744//693 2661//693
f 2741//694 2740//694 2661//694
f 2742//695 2744//695 2740//695
f 2745//696 2739//696 2744//696
f 2746//697 2742//697 2743//697
f 2764//698 2664//698 2665//698
f 2774//699 2675//699 2676//699
f 2774//700 2766//700 2764//700
f 2770//701 2769//701 2774//701
f 2771//702 2746//702 2767//702
f 2748//703 2747//703 2770//703
f 2749//704 2773//704 2747//704
f 2772//705 2752//705 2751//705
f 2773//706 2754//706 2753//706
f 2776//707 2775//707 2735//707
f 2777//708 2776//708 2735//708
f 2778//709 2777//709 2735//709
f 2836//710 2835//710 2736//710
f 2839//711 2836//711 2736//711
f 2835//712 2781//712 2778//712
f 2799//713 2798//713 2835//713
f 2839//714 2837//714 2836//714
f 2837//715 2801//715 2799//715
f 2803//716 2802//716 2837//716
f 2805//717 2804//717 2839//717
f 2806//718 2805//718 2839//718
f 2807//719 2806//719 2839//719
f 2873//720 2872//720 2737//720
f 2841//721 2840//721 2872//721
f 2842//722 2841//722 2872//722
f 2843//723 2842//723 2872//723
f 2845//724 2844//724 2873//724
f 2846//725 2845//725 2873//725
f 2847//726 2846//726 2873//726
f 2907//727 2906//727 2738//727
f 2875//728 2874//728 2906//728
f 2876//728 2875//728 2906//728
f 2877//728 2876//728 2906//728
f 2879//729 2878//729 2907//729
f 2880//729 2879//729 2907//729
f 2881//730 2880//730 2907//730
f 2946//731 2945//731 2739//731
f 2947//732 2946//732 2739//732
f 2908//733 2947//733 2739//733
f 2909//734 2908//734 2739//734
f 2910//735 2947//735 2908//735
f 2948//736 2907//736 2945//736
f 2913//737 2912//737 2948//737
f 2915//738 2914//738 2949//738
f 2950//739 2922//739 2921//739
f 2926//740 2950//740 2921//740
f 2953//741 2952//741 2745//741
f 2975//742 2953//742 2745//742
f 2977//743 2976//743 2746//743
f 2975//744 2958//744 2957//744
f 2976//745 2960//745 2959//745
f 2977//746 2962//746 2961//746
f 2984//747 2979//747 2978//747
f 3007//748 2987//748 2986//748
f 2987//749 3000//749 2991//749
f 3004//750 2994//750 2995//750
f 2994//751 3004//751 2999//751
f 2638//752 3011//752 3009//752
f 2639//753 3015//753 3013//753
f 2643//754 3019//754 3017//754
f 2643//755 3021//755 3019//755
f 2643//756 3023//756 3021//756
f 3025//757 3038//757 3024//757
f 3027//758 3039//758 3026//758
f 3029//759 3040//759 3028//759
f 3031//760 3041//760 3030//760
f 3038//761 3035//761 3033//761
f 3042//762 3034//762 3035//762
f 3037//763 3007//763 3036//763
f 3034//764 3042//764 3037//764
f 3045//765 3000//765 2987//765
f 3042//766 3045//766 3037//766
f 3046//767 3002//767 3001//767
f 3044//768 3046//768 3043//768
f 3064//769 3063//769 3062//769
f 3059//770 3064//770 3060//770
f 3068//771 3073//771 3066//771
f 3067//772 3074//772 3068//772
f 3069//773 3070//773 3073//773
f 3074//774 3071//774 3069//774
f 3052//775 3075//775 3049//775
f 3075//776 3067//776 3065//776
f 3056//777 3076//777 3054//777
f 1224//778 3095//778 1225//778
f 3088//779 3095//779 3086//779
f 3090//780 3091//780 3095//780
f 3073//781 3087//781 3085//781
f 3077//782 3078//782 3087//782
f 3070//783 3079//783 3077//783
f 3080//784 3089//784 3078//784
f 3079//785 3092//785 3080//785
f 3081//786 3082//786 3089//786
f 3092//787 3083//787 3081//787
f 3084//788 3093//788 3082//788
f 3096//789 3098//789 3107//789
f 3101//790 3100//790 3109//790
f 3100//791 3103//791 3109//791
f 3102//792 3110//792 3106//792
f 2710//793 3114//793 3112//793
f 2710//794 3116//794 3114//794
f 2710//795 3118//795 3116//795
f 2700//796 3181//796 2699//796
f 2701//797 3181//797 2700//797
f 3127//798 3178//798 3126//798
f 3129//799 3179//799 3128//799
f 3125//800 3181//800 3137//800
f 3139//801 3138//801 3182//801
f 3179//802 3141//802 3139//802
f 3137//803 3184//803 3136//803
f 3138//804 3147//804 3182//804
f 3146//805 3183//805 3153//805
f 3185//806 3189//806 3184//806
f 3161//807 3187//807 3167//807
f 3187//808 3189//808 3188//808
f 3168//809 3173//809 3110//809
f 3172//810 3188//810 3177//810
f 2725//811 3190//811 2724//811
f 2726//812 3190//812 2725//812
f 2727//813 3190//813 2726//813
f 3181//814 3190//814 3185//814
f 3185//815 3190//815 3189//815
f 3203//816 3197//816 3195//816
f 3230//817 3231//817 3076//817
f 3233//818 3242//818 3231//818
f 3242//819 3226//819 3224//819
f 3208//820 3209//820 3236//820
f 3210//821 3211//821 3237//821
f 3217//822 3218//822 3235//822
f 3218//823 3207//823 3235//823
f 3239//824 3220//824 3216//824
f 2758//825 3273//825 2757//825
f 2760//826 3274//826 2759//826
f 2762//827 3275//827 2761//827
f 3273//828 3244//828 3243//828
f 3274//829 3246//829 3245//829
f 3275//830 3248//830 3247//830
f 3083//831 3277//831 3084//831
f 3249//832 3250//832 3093//832
f 3251//833 3252//833 3094//833
f 3277//834 3253//834 3249//834
f 3253//835 3280//835 3254//835
f 3255//836 3281//836 3256//836
f 3257//837 3258//837 3282//837
f 3259//838 3260//838 3283//838
f 3261//839 3262//839 3284//839
f 3263//840 3264//840 3285//840
f 2791//841 3286//841 2790//841
f 2792//842 3286//842 2791//842
f 2794//843 3287//843 2793//843
f 3286//844 3289//844 3298//844
f 3298//845 3299//845 3190//845
f 3292//846 3295//846 3299//846
f 2825//847 3336//847 2824//847
f 2826//848 3336//848 2825//848
f 2832//849 3325//849 2831//849
f 2834//850 3326//850 2833//850
f 3300//851 3303//851 3324//851
f 3302//852 3325//852 3305//852
f 3288//853 3336//853 3291//853
f 3324//854 3327//854 3336//854
f 3306//855 3309//855 3327//855
f 3308//856 3328//856 3311//856
f 3312//857 3315//857 3330//857
f 3314//858 3331//858 3317//858
f 3294//859 3337//859 3297//859
f 3330//860 3333//860 3337//860
f 3318//861 3321//861 3333//861
f 3320//862 3334//862 3323//862
f 2865//863 3338//863 2864//863
f 2866//864 3338//864 2865//864
f 2867//864 3338//864 2866//864
f 2868//864 3338//864 2867//864
f 2869//865 3338//865 2868//865
f 2870//866 3338//866 2869//866
f 2871//867 3338//867 2870//867
f 3326//868 3338//868 3329//868
f 3329//869 3338//869 3332//869
f 3332//870 3338//870 3335//870
f 2899//871 3339//871 2898//871
f 2900//871 3339//871 2899//871
f 2901//871 3339//871 2900//871
f 2902//871 3339//871 2901//871
f 2903//871 3339//871 2902//871
f 2904//871 3339//871 2903//871
f 2905//871 3339//871 2904//871
f 2936//872 3387//872 2935//872
f 2939//873 3386//873 2938//873
f 3386//874 2939//874 2934//874
f 3346//875 3341//875 3396//875
f 3342//876 3347//876 3339//876
f 3386//877 3389//877 3396//877
f 3351//878 3346//878 3396//878
f 3347//879 3352//879 3339//879
f 3356//880 3351//880 3396//880
f 3352//881 3357//881 3339//881
f 3357//882 3362//882 3339//882
f 3366//883 3361//883 3397//883
f 3362//884 3367//884 3339//884
f 3391//885 3371//885 3370//885
f 3392//886 3394//886 3397//886
f 3373//887 3366//887 3397//887
f 3367//888 3374//888 3339//888
f 3395//889 3370//889 3378//889
f 3381//890 3373//890 3397//890
f 3374//891 3382//891 3339//891
f 2967//892 3422//892 2966//892
f 2969//893 3423//893 2968//893
f 2971//894 3424//894 2970//894
f 2973//895 3421//895 2972//895
f 3422//896 2974//896 2966//896
f 3424//897 3399//897 3398//897
f 3398//898 3400//898 3427//898
f 3426//899 3404//899 3403//899
f 3427//900 3406//900 3405//900
f 3425//901 3408//901 3407//901
f 3408//902 3425//902 3402//902
f 3407//903 3414//903 3391//903
f 3416//904 3417//904 3239//904
f 3419//905 3416//905 3239//905
f 2982//906 3436//906 2981//906
f 3436//907 3431//907 3430//907
f 3443//908 1542//908 1543//908
f 3441//909 3443//909 3439//909
f 3444//910 3442//910 3440//910
f 3472//911 1575//911 1576//911
f 3454//912 3472//912 3453//912
f 3476//913 3454//913 3455//913
f 3458//914 3457//914 3479//914
f 3470//915 1592//915 1593//915
f 3471//916 1594//916 1595//916
f 1574//917 3471//917 1595//917
f 3462//918 3461//918 3478//918
f 3456//919 3462//919 3478//919
f 3464//920 3480//920 3461//920
f 3505//921 3488//921 3489//921
f 3484//922 3505//922 3489//922
f 3515//923 3524//923 3514//923
f 3512//924 3497//924 3498//924
f 3492//925 3512//925 3498//925
f 3517//926 3501//926 3502//926
f 3524//927 3522//927 3520//927
f 3501//928 3517//928 3504//928
f 3523//929 3460//929 3458//929
f 3543//930 3536//930 1816//930
f 3552//931 3064//931 3551//931
f 3553//932 3064//932 3552//932
f 3562//933 3464//933 3465//933
f 3563//934 3567//934 3640//934
f 3638//935 3575//935 3574//935
f 3638//936 3576//936 3575//936
f 3586//937 3585//937 3524//937
f 3573//938 3586//938 3524//938
f 3611//939 3610//939 3521//939
f 3597//940 3611//940 3521//940
f 3606//941 3643//941 3621//941
f 3607//942 3622//942 3643//942
f 3617//943 3646//943 3616//943
f 3619//944 3646//944 3617//944
f 3621//945 3647//945 3620//945
f 3645//946 3633//946 3634//946
f 3628//947 3645//947 3634//947
f 3629//948 3635//948 3648//948
f 3177//949 3664//949 3176//949
f 3652//950 3664//950 3655//950
f 3665//951 3673//951 3667//951
f 3657//952 3666//952 3659//952
f 3661//953 3668//953 3663//953
f 3663//954 3670//954 3662//954
f 3669//955 3674//955 3672//955
f 3632//956 3670//956 3637//956
f 3673//957 3675//957 3674//957
f 3678//958 3686//958 3677//958
f 3690//959 3203//959 3688//959
f 3686//960 3698//960 3697//960
f 3711//961 3714//961 3723//961
f 3723//962 3724//962 3675//962
f 3717//963 3720//963 3724//963
f 3725//964 3728//964 3749//964
f 3727//965 3750//965 3730//965
f 3713//966 3761//966 3716//966
f 3749//967 3752//967 3761//967
f 3731//968 3734//968 3752//968
f 3733//969 3753//969 3736//969
f 3737//970 3740//970 3755//970
f 3739//969 3756//969 3742//969
f 3719//971 3762//971 3722//971
f 3755//972 3758//972 3762//972
f 3743//968 3746//968 3758//968
f 3745//969 3759//969 3748//969
f 3751//973 3763//973 3754//973
f 3754//973 3763//973 3757//973
f 3757//973 3763//973 3760//973
f 3766//974 3767//974 3696//974
f 3394//975 3772//975 3771//975
f 3773//976 3394//976 3771//976
f 3779//977 3780//977 3695//977
f 3780//978 3765//978 3695//978
f 3773//979 3786//979 3848//979
f 3788//980 3775//980 3848//980
f 3776//981 3789//981 3764//981
f 3789//982 3801//982 3764//982
f 3804//983 3792//983 3850//983
f 3850//984 3805//984 3804//984
f 3798//985 3809//985 3851//985
f 3811//986 3800//986 3851//986
f 3801//987 3812//987 3764//987
f 3812//988 3821//988 3764//988
f 3824//989 3815//989 3853//989
f 3821//990 3829//990 3764//990
f 3832//991 3833//991 3856//991
f 3829//992 3837//992 3764//992
f 3840//993 3832//993 3856//993
f 3837//994 3845//994 3764//994
f 3859//995 3858//995 2000//995
f 3895//996 3859//996 2000//996
f 3895//997 3860//997 3859//997
f 3862//998 3861//998 3895//998
f 3858//999 3863//999 2000//999
f 3860//1000 3895//1000 3866//1000
f 3861//1001 3867//1001 3895//1001
f 3894//1002 3872//1002 3871//1002
f 3884//1003 3897//1003 3883//1003
f 3885//1004 3897//1004 3884//1004
f 3887//1005 3898//1005 3886//1005
f 3888//1006 3898//1006 3887//1006
f 3890//1007 3898//1007 3888//1007
f 3891//1008 3898//1008 3890//1008
f 3892//1009 3898//1009 3891//1009
f 3442//1010 3960//1010 3441//1010
f 3901//1011 3900//1011 3959//1011
f 3963//1012 3903//1012 3901//1012
f 3906//1013 3905//1013 3963//1013
f 3908//1014 3907//1014 3964//1014
f 3966//1015 3911//1015 3908//1015
f 3914//1016 3913//1016 3966//1016
f 3950//1017 3969//1017 3949//1017
f 3951//1018 3969//1018 3950//1018
f 3952//1019 3969//1019 3951//1019
f 3953//1020 3969//1020 3952//1020
f 3954//1021 3969//1021 3953//1021
f 3956//1022 3970//1022 3955//1022
f 3957//1023 3970//1023 3956//1023
f 3958//1024 3970//1024 3957//1024
f 3972//1025 3971//1025 3984//1025
f 3974//1026 3973//1026 3985//1026
f 3480//1027 3978//1027 3974//1027
f 3987//1028 4002//1028 4000//1028
f 3987//1029 4004//1029 4002//1029
f 3987//1029 4006//1029 4004//1029
f 4008//1030 4009//1030 2248//1030
f 3993//1031 4012//1031 3990//1031
f 4012//1032 4010//1032 4008//1032
f 4010//1033 4014//1033 4011//1033
f 3999//1034 4013//1034 3996//1034
f 4038//1035 4047//1035 4037//1035
f 4047//1036 3547//1036 3546//1036
f 4047//1037 4038//1037 4042//1037
f 4016//1038 4039//1038 4015//1038
f 4018//1039 4040//1039 4017//1039
f 4020//1040 4041//1040 4019//1040
f 4021//1041 4041//1041 4020//1041
f 4024//1042 4042//1042 4023//1042
f 4043//1043 4026//1043 4025//1043
f 4044//1044 4028//1044 4027//1044
f 4045//1045 4030//1045 4029//1045
f 4014//1046 4046//1046 4045//1046
f 4046//1047 4033//1047 4031//1047
f 4051//1048 4053//1048 4050//1048
f 3562//1049 4058//1049 4057//1049
f 4104//1050 4074//1050 4075//1050
f 4104//1051 4088//1051 4087//1051
f 4094//1052 4106//1052 4093//1052
f 4095//1053 4106//1053 4094//1053
f 4096//1054 4106//1054 4095//1054
f 4097//1055 4106//1055 4096//1055
f 4098//1056 4106//1056 4097//1056
f 4100//1057 4107//1057 4099//1057
f 4101//1058 4107//1058 4100//1058
f 4102//1059 4107//1059 4101//1059
f 4103//1060 4107//1060 4102//1060
f 3648//1061 4109//1061 4108//1061
f 3636//1062 4126//1062 3635//1062
f 3637//1063 4126//1063 3636//1063
f 4065//1064 4123//1064 4078//1064
f 4123//1065 4079//1065 4078//1065
f 4108//1066 4110//1066 4125//1066
f 4109//1067 4126//1067 4111//1067
f 4123//1068 4113//1068 4112//1068
f 4125//1069 4116//1069 4115//1069
f 4111//1070 4127//1070 4110//1070
f 4116//1071 4127//1071 4121//1071
f 4118//1072 4129//1072 4117//1072
f 4119//1073 4129//1073 4118//1073
f 4121//1074 4130//1074 4120//1074
f 4128//1075 4131//1075 4127//1075
f 3671//1076 4132//1076 3670//1076
f 3672//1077 4132//1077 3671//1077
f 3674//1078 4132//1078 3672//1078
f 4126//1079 4132//1079 4128//1079
f 4128//1080 4132//1080 4131//1080
f 4138//1081 4140//1081 4132//1081
f 4134//1082 4137//1082 4133//1082
f 4139//1083 4155//1083 4153//1083
f 4161//1084 4162//1084 4014//1084
f 4146//1085 4169//1085 4143//1085
f 4169//1086 4163//1086 4161//1086
f 4152//1087 4170//1087 4149//1087
f 4170//1088 4167//1088 4165//1088
f 4212//1089 4206//1089 4047//1089
f 4172//1090 4224//1090 4171//1090
f 4175//1091 4213//1091 4174//1091
f 4176//1092 4213//1092 4175//1092
f 4180//1093 4214//1093 4178//1093
f 4183//1094 4217//1094 4182//1094
f 4184//1095 4217//1095 4183//1095
f 4218//1096 4187//1096 4185//1096
f 4219//1097 4193//1097 4190//1097
f 4193//1098 4221//1098 4194//1098
f 4221//1099 4197//1099 4196//1099
f 4223//1100 4202//1100 4199//1100
f 4239//1101 4242//1101 4249//1101
f 4245//1102 4226//1102 4250//1102
f 4245//1103 4227//1103 4226//1103
f 4245//1104 4229//1104 4227//1104
f 4246//1105 4231//1105 4230//1105
f 4226//1106 4232//1106 4250//1106
f 4234//1107 4235//1107 4137//1107
f 4235//1108 4228//1108 4137//1108
f 4251//1109 4254//1109 4300//1109
f 4253//1110 4301//1110 4256//1110
f 4241//1111 4313//1111 4244//1111
f 4300//1112 4303//1112 4313//1112
f 4257//1113 4260//1113 4303//1113
f 4259//1114 4304//1114 4262//1114
f 4313//1115 4264//1115 4263//1115
f 4313//1116 4265//1116 4264//1116
f 4304//1117 4271//1117 4270//1117
f 4305//1118 4273//1118 4272//1118
f 4263//1119 4274//1119 4247//1119
f 4276//1120 4277//1120 4306//1120
f 4281//1121 4309//1121 4277//1121
f 4285//1122 4286//1122 4309//1122
f 4287//1123 4288//1123 4310//1123
f 4294//1124 4295//1124 4159//1124
f 4297//1125 4311//1125 4295//1125
f 3763//1126 4339//1126 4338//1126
f 4302//1127 4338//1127 4305//1127
f 4338//1128 4315//1128 4314//1128
f 4338//1129 4316//1129 4315//1129
f 4338//1128 4317//1128 4316//1128
f 4339//1130 4319//1130 4318//1130
f 4339//1130 4320//1130 4319//1130
f 4339//1130 4321//1130 4320//1130
f 4167//1131 4341//1131 4168//1131
f 4310//1132 4340//1132 4308//1132
f 4322//1133 4323//1133 4340//1133
f 4323//1133 4324//1133 4340//1133
f 4324//1134 4325//1134 4340//1134
f 4326//1135 4327//1135 4341//1135
f 4327//1135 4328//1135 4341//1135
f 4328//1135 4329//1135 4341//1135
f 3764//1136 4377//1136 4376//1136
f 4375//1137 4211//1137 4217//1137
f 4343//1138 4375//1138 4342//1138
f 4376//1139 4345//1139 4344//1139
f 4376//1139 4346//1139 4345//1139
f 4376//1139 4347//1139 4346//1139
f 4377//1140 4349//1140 4348//1140
f 4377//1141 4350//1141 4349//1141
f 4377//1141 4351//1141 4350//1141
f 4222//1142 4378//1142 4223//1142
f 4202//1143 4372//1143 4203//1143
f 4372//1144 4354//1144 4352//1144
f 4378//1145 4373//1145 4372//1145
f 4354//1146 4374//1146 4355//1146
f 4356//1147 4357//1147 4378//1147
f 4357//1147 4358//1147 4378//1147
f 4358//1147 4359//1147 4378//1147
f 4360//1148 4361//1148 4373//1148
f 4362//1149 4363//1149 4374//1149
f 4385//1150 4379//1150 4421//1150
f 4382//990 4388//990 4377//990
f 4422//1151 4420//1151 4375//1151
f 4424//1152 4386//1152 4385//1152
f 4388//1153 4392//1153 4377//1153
f 4395//1154 4391//1154 4424//1154
f 4392//1155 4396//1155 4377//1155
f 4401//1156 4423//1156 4400//1156
f 4402//1157 4423//1157 4401//1157
f 4374//1158 4411//1158 4409//1158
f 4428//1159 4427//1159 2401//1159
f 4437//1160 4429//1160 4430//1160
f 4437//1161 2676//1161 2673//1161
f 4435//1162 4437//1162 4433//1162
f 4440//1163 4472//1163 4438//1163
f 4481//1164 4432//1164 4428//1164
f 4473//1165 4481//1165 4472//1165
f 4444//1166 4473//1166 4442//1166
f 4475//1167 4474//1167 4481//1167
f 4447//1168 4446//1168 4476//1168
f 4448//1169 4479//1169 4446//1169
f 4456//1170 4477//1170 4455//1170
f 4517//1171 4435//1171 4436//1171
f 4511//1172 4510//1172 4516//1172
f 4513//1173 4512//1173 4517//1173
f 4483//1174 4482//1174 4510//1174
f 4485//1175 4484//1175 4511//1175
f 4513//1176 4491//1176 4490//1176
f 4514//1177 4494//1177 4493//1177
f 4519//1178 4518//1178 4479//1178
f 4520//1179 4548//1179 4518//1179
f 4550//1180 4517//1180 4548//1180
f 4523//1181 4522//1181 4550//1181
f 4524//1182 4513//1182 4522//1182
f 4531//1183 4550//1183 4529//1183
f 4567//1184 4558//1184 4556//1184
f 4560//1185 4561//1185 4567//1185
f 4552//1186 4553//1186 4563//1186
f 4566//1187 4554//1187 4552//1187
f 4602//1188 4462//1188 4461//1188
f 4465//1189 4603//1189 4464//1189
f 4603//1190 4465//1190 4463//1190
f 4604//1191 4467//1191 4466//1191
f 4568//1192 4605//1192 4571//1192
f 4574//1193 4602//1193 4573//1193
f 4603//1194 4577//1194 4576//1194
f 4577//1195 4603//1195 4575//1195
f 4579//1196 4604//1196 4578//1196
f 2591//1197 4606//1197 2592//1197
f 4608//1198 4585//1198 4583//1198
f 4587//1199 4588//1199 4606//1199
f 4559//1200 4591//1200 4587//1200
f 4592//1201 4609//1201 4588//1201
f 4610//1202 4593//1202 4589//1202
f 4591//1203 4611//1203 4592//1203
f 4613//1204 4596//1204 4595//1204
f 4597//1205 4598//1205 4613//1205
f 4555//1206 4614//1206 4553//1206
f 4615//1207 4600//1207 4597//1207
f 4501//1208 4645//1208 4500//1208
f 4504//1209 4648//1209 4503//1209
f 4507//1210 4646//1210 4506//1210
f 4509//1211 4647//1211 4508//1211
f 4647//1212 4509//1212 4502//1212
f 4645//1213 4617//1213 4616//1213
f 4648//1214 4620//1214 4619//1214
f 4646//1215 4623//1215 4622//1215
f 4647//1216 4625//1216 4624//1216
f 4625//1217 4647//1217 4618//1217
f 4626//1218 4627//1218 4565//1218
f 4566//1219 4656//1219 4554//1219
f 4554//1220 4656//1220 4555//1220
f 3256//1221 4650//1221 3252//1221
f 4650//1222 4628//1222 4626//1222
f 4629//1223 4656//1223 4627//1223
f 4628//1224 4652//1224 4629//1224
f 4652//1225 4656//1225 4629//1225
f 4655//1226 4630//1226 4656//1226
f 4630//1227 4631//1227 4656//1227
f 4655//1228 4632//1228 4630//1228
f 4634//1229 4635//1229 4653//1229
f 4636//1230 4637//1230 4654//1230
f 4638//1231 4639//1231 4655//1231
f 4659//1232 4668//1232 4703//1232
f 4670//1233 4661//1233 4703//1233
f 4662//1234 4671//1234 4704//1234
f 4673//1235 4664//1235 4704//1235
f 4665//1236 4674//1236 4645//1236
f 4686//1237 4687//1237 4615//1237
f 4705//1238 4690//1238 4686//1238
f 4656//1239 4693//1239 4705//1239
f 4693//1240 4694//1240 4705//1240
f 4656//1241 4697//1241 4693//1241
f 4746//297 4709//297 4714//297
f 4747//1242 4719//1242 4724//1242
f 4748//1243 4729//1243 4734//1243
f 4749//1244 4739//1244 4744//1244
f 4753//1245 4750//1245 4778//1245
f 4774//456 4752//456 4755//456
f 4778//1246 4746//1246 4747//1246
f 4756//1245 4753//1245 4778//1245
f 4759//1247 4756//1247 4778//1247
f 4775//1248 4758//1248 4761//1248
f 4765//1249 4762//1249 4779//1249
f 4776//1250 4764//1250 4767//1250
f 4779//1251 4748//1251 4749//1251
f 4768//1249 4765//1249 4779//1249
f 4771//1249 4768//1249 4779//1249
f 4777//1252 4770//1252 4773//1252
f 4710//129 4808//129 4715//129
f 4780//1253 4783//1253 4804//1253
f 4715//129 4808//129 4720//129
f 4804//462 4805//462 4808//462
f 4720//131 4808//131 4725//131
f 4786//1254 4789//1254 4805//1254
f 4730//129 4809//129 4735//129
f 4792//1255 4795//1255 4806//1255
f 4735//129 4809//129 4740//129
f 4806//1256 4807//1256 4809//1256
f 4740//129 4809//129 4745//129
f 4798//1257 4801//1257 4807//1257
f 4810//466 4774//466 4775//466
f 4812//466 4776//466 4777//466
f 4817//1258 4814//1258 4811//1258
f 4823//1258 4820//1258 4813//1258
f 4782//1259 4826//1259 4785//1259
f 4785//1260 4826//1260 4788//1260
f 4788//1261 4826//1261 4791//1261
f 4794//1262 4829//1262 4797//1262
f 4797//1263 4829//1263 4800//1263
f 4800//1264 4829//1264 4803//1264
f 4828//1265 4832//1265 4831//1265
f 4845//1266 4816//1266 4819//1266
f 4836//494 4833//494 4845//494
f 4846//1267 4835//1267 4838//1267
f 4847//1268 4822//1268 4825//1268
f 4842//1269 4839//1269 4847//1269
f 4848//1270 4841//1270 4844//1270
f 4854//1271 4849//1271 4846//1271
f 4864//1272 4859//1272 4848//1272
f 4869//1273 2063//1273 2062//1273
f 4869//1274 4853//1274 4858//1274
f 4869//1275 4858//1275 4863//1275
f 4869//1276 4863//1276 4868//1276
f 4886//1277 4883//1277 4890//1277
f 4891//1278 4890//1278 4869//1278
f 4871//1279 4887//1279 4870//1279
f 4872//1280 4870//1280 4888//1280
f 4889//1281 4888//1281 4891//1281
f 4878//1282 4875//1282 4889//1282
f 4893//1283 2117//1283 4892//1283
f 2117//1284 4896//1284 4892//1284
f 4903//1285 4932//1285 4901//1285
f 4904//1286 4896//1286 4930//1286
f 4919//1287 4913//1287 4887//1287
f 4913//1288 4919//1288 4933//1288
f 4919//1289 4920//1289 4933//1289
f 4920//1290 4914//1290 4933//1290
f 4974//445 4937//445 4942//445
f 4975//298 4947//298 4952//298
f 4976//1291 4957//1291 4962//1291
f 4977//1292 4967//1292 4972//1292
f 4981//1293 4978//1293 5006//1293
f 5002//1294 4980//1294 4983//1294
f 5006//1295 4974//1295 4975//1295
f 4984//1296 4981//1296 5006//1296
f 4987//1296 4984//1296 5006//1296
f 5003//1294 4986//1294 4989//1294
f 4993//1297 4990//1297 5007//1297
f 5004//1298 4992//1298 4995//1298
f 5007//1299 4976//1299 4977//1299
f 4996//1297 4993//1297 5007//1297
f 4999//1297 4996//1297 5007//1297
f 5005//1300 4998//1300 5001//1300
f 4938//129 5036//129 4943//129
f 5008//1257 5011//1257 5032//1257
f 4943//1301 5036//1301 4948//1301
f 5032//1256 5033//1256 5036//1256
f 4948//1302 5036//1302 4953//1302
f 5014//1255 5017//1255 5033//1255
f 4958//129 5037//129 4963//129
f 5020//1257 5023//1257 5034//1257
f 4963//129 5037//129 4968//129
f 5034//1256 5035//1256 5037//1256
f 4968//129 5037//129 4973//129
f 5026//1303 5029//1303 5035//1303
f 5038//1304 5002//1304 5003//1304
f 5040//1304 5004//1304 5005//1304
f 5045//1258 5042//1258 5039//1258
f 5051//1305 5048//1305 5041//1305
f 5010//1306 5054//1306 5013//1306
f 5013//1307 5054//1307 5016//1307
f 5016//1308 5054//1308 5019//1308
f 5022//1309 5057//1309 5025//1309
f 5025//1310 5057//1310 5028//1310
f 5028//1311 5057//1311 5031//1311
f 5056//1312 5060//1312 5059//1312
f 5073//1313 5044//1313 5047//1313
f 5064//1269 5061//1269 5073//1269
f 5074//1270 5063//1270 5066//1270
f 5075//1266 5050//1266 5053//1266
f 5070//1314 5067//1314 5075//1314
f 5076//1315 5069//1315 5072//1315
f 5082//1272 5077//1272 5074//1272
f 5092//1316 5087//1316 5076//1316
f 5097//1317 5081//1317 5086//1317
f 5097//1318 5086//1318 5091//1318
f 5097//1319 5091//1319 5096//1319
f 5099//1320 4889//1320 5098//1320
f 5103//1321 5098//1321 5131//1321
f 5107//1322 5103//1322 5131//1322
f 5110//1323 5107//1323 5131//1323
f 5128//1324 5131//1324 5097//1324
f 5129//1325 5131//1325 5128//1325
f 5117//1326 5114//1326 5129//1326
f 5130//1327 5128//1327 5097//1327
f 5120//1328 5129//1328 5119//1328
f 5124//1329 5119//1329 5130//1329
f 5172//1330 5135//1330 5140//1330
f 5173//1331 5145//1331 5150//1331
f 5174//1332 5155//1332 5160//1332
f 5175//1333 5165//1333 5170//1333
f 5179//1334 5176//1334 5204//1334
f 5200//1335 5178//1335 5181//1335
f 5204//1336 5172//1336 5173//1336
f 5182//1337 5179//1337 5204//1337
f 5185//1334 5182//1334 5204//1334
f 5201//1335 5184//1335 5187//1335
f 5191//1334 5188//1334 5205//1334
f 5202//1338 5190//1338 5193//1338
f 5205//1339 5174//1339 5175//1339
f 5194//1334 5191//1334 5205//1334
f 5197//1337 5194//1337 5205//1337
f 5203//1300 5196//1300 5199//1300
f 5136//129 5234//129 5141//129
f 5206//1340 5209//1340 5230//1340
f 5141//129 5234//129 5146//129
f 5230//1341 5231//1341 5234//1341
f 5146//129 5234//129 5151//129
f 5212//1340 5215//1340 5231//1340
f 5156//1342 5235//1342 5161//1342
f 5218//1343 5221//1343 5232//1343
f 5161//1344 5235//1344 5166//1344
f 5232//1345 5233//1345 5235//1345
f 5166//1346 5235//1346 5171//1346
f 5224//1347 5227//1347 5233//1347
f 5236//1304 5200//1304 5201//1304
f 5238//1348 5202//1348 5203//1348
f 5243//1258 5240//1258 5237//1258
f 5249//1349 5246//1349 5239//1349
f 5208//1350 5252//1350 5211//1350
f 5211//1351 5252//1351 5214//1351
f 5214//1352 5252//1352 5217//1352
f 5220//1353 5255//1353 5223//1353
f 5223//1354 5255//1354 5226//1354
f 5226//1355 5255//1355 5229//1355
f 5254//1356 5258//1356 5257//1356
f 5271//1357 5242//1357 5245//1357
f 5262//1314 5259//1314 5271//1314
f 5272//1315 5261//1315 5264//1315
f 5273//1266 5248//1266 5251//1266
f 5268//1358 5265//1358 5273//1358
f 5274//1359 5267//1359 5270//1359
f 5280//1360 5275//1360 5272//1360
f 5290//1361 5285//1361 5274//1361
f 5304//1362 5097//1362 5303//1362
f 5303//1363 5279//1363 5284//1363
f 5301//1364 5304//1364 5300//1364
f 5305//1365 5289//1365 5294//1365
f 5302//1366 5300//1366 5305//1366
f 5296//1367 5301//1367 5295//1367
f 5297//1368 5295//1368 5302//1368
f 5310//1369 5306//1369 5335//1369
f 5313//1370 5335//1370 5304//1370
f 5314//1371 5335//1371 5313//1371
f 5317//1372 5313//1372 5304//1372
f 5325//1373 5322//1373 5301//1373
f 5366//1374 5340//1374 5345//1374
f 5352//1375 5366//1375 5351//1375
f 5395//1376 5205//1376 5394//1376
f 5371//1377 5367//1377 5395//1377
f 5376//1378 5394//1378 5375//1378
f 5378//1379 5395//1379 5377//1379
f 5235//1380 5397//1380 5396//1380
f 5235//1381 5398//1381 5397//1381
f 5235//1382 5399//1382 5398//1382
f 5233//1383 5401//1383 5400//1383
f 5440//1384 5459//1384 5441//1384
f 5447//1385 5459//1385 5444//1385
f 5453//1386 5460//1386 5450//1386
f 5458//1387 5461//1387 5456//1387
f 5463//1388 5238//1388 5462//1388
f 5464//1389 5238//1389 5463//1389
f 5465//1390 5238//1390 5464//1390
f 5466//1391 5238//1391 5465//1391
f 5478//1392 5519//1392 5477//1392
f 5519//1393 5469//1393 5468//1393
f 5496//1394 5520//1394 5497//1394
f 5498//1395 5521//1395 5499//1395
f 5521//1396 5504//1396 5502//1396
f 5520//1397 5523//1397 5521//1397
f 5523//1398 5510//1398 5507//1398
f 5461//1399 5523//1399 5460//1399
f 5523//1400 5522//1400 5510//1400
f 5510//1401 5522//1401 5511//1401
f 5522//1402 5516//1402 5514//1402
f 5525//1403 5249//1403 5524//1403
f 5526//1404 5249//1404 5525//1404
f 5529//1405 5250//1405 5528//1405
f 5255//1406 5544//1406 5543//1406
f 5256//1407 5546//1407 5545//1407
f 5256//1408 5547//1408 5546//1408
f 5256//1409 5548//1409 5547//1409
f 5256//1410 5549//1410 5548//1410
f 5257//1411 5551//1411 5550//1411
f 5257//1412 5552//1412 5551//1412
f 5573//1413 5587//1413 5574//1413
f 5564//1414 5587//1414 5563//1414
f 5565//1415 5587//1415 5564//1415
f 5577//1416 5578//1416 5461//1416
f 5258//1417 5589//1417 5588//1417
f 5258//1418 5590//1418 5589//1418
f 5258//1419 5591//1419 5590//1419
f 5258//1420 5592//1420 5591//1420
f 5587//1421 5601//1421 5599//1421
f 5601//1422 5639//1422 5602//1422
f 5595//1423 5639//1423 5594//1423
f 5596//1424 5639//1424 5595//1424
f 5639//1425 5606//1425 5604//1425
f 5631//1426 5632//1426 5523//1426
f 5581//1427 5631//1427 5578//1427
f 5633//1428 5611//1428 5609//1428
f 5613//1429 5614//1429 5631//1429
f 5611//1430 5636//1430 5612//1430
f 5616//1431 5634//1431 5614//1431
f 5619//1432 5620//1432 5634//1432
f 5623//1433 5637//1433 5620//1433
f 5626//1434 5627//1434 5637//1434
f 5630//1435 5640//1435 5627//1435
f 5642//1436 5273//1436 5641//1436
f 5643//1437 5273//1437 5642//1437
f 5646//1438 5269//1438 5645//1438
f 5648//1439 5270//1439 5647//1439
f 5649//1440 5270//1440 5648//1440
f 5713//1441 5661//1441 5660//1441
f 5677//1442 5678//1442 5713//1442
f 5636//1443 5689//1443 5685//1443
f 5689//1444 5714//1444 5690//1444
f 5714//1445 5701//1445 5695//1445
f 5701//835 5716//835 5702//835
f 5703//1446 5717//1446 5704//1446
f 5717//1447 5709//1447 5707//1447
f 5750//1448 5650//1448 5662//1448
f 5719//1449 5750//1449 5718//1449
f 5723//1450 5751//1450 5720//1450
f 5724//1451 5751//1451 5723//1451
f 5726//1452 5727//1452 5755//1452
f 5729//1453 5754//1453 5728//1453
f 5788//1454 5305//1454 5787//1454
f 5758//1455 5302//1455 5757//1455
f 5763//1456 5757//1456 5788//1456
f 5770//1457 5787//1457 5769//1457
f 5772//1458 5788//1458 5771//1458
f 3898//1459 5791//1459 3897//1459
f 3899//1460 5791//1460 3898//1460
f 3970//1461 5792//1461 3969//1461
f 5803//1462 5801//1462 5802//1462
f 5799//1463 5802//1463 5800//1463
f 5802//1464 5796//1464 5800//1464
f 4902//1465 5823//1465 4903//1465
f 4903//1466 5823//1466 4932//1466
f 5824//1467 3987//1467 5823//1467
f 5823//1468 4902//1468 4910//1468
f 5811//1469 5823//1469 5810//1469
f 5813//1470 5824//1470 5812//1470
f 4917//1471 5815//1471 4918//1471
f 5815//1472 4917//1472 4923//1472
f 5807//1473 5814//1473 5805//1473
f 5806//1474 5822//1474 5807//1474
f 5825//1475 5820//1475 5818//1475
f 5822//1476 5806//1476 5809//1476
f 5827//1477 5829//1477 5826//1477
f 4130//1478 5831//1478 4129//1478
f 4131//1479 5831//1479 4130//1479
f 5828//1480 5831//1480 5830//1480
f 4132//1481 5851//1481 5850//1481
f 5850//1482 5853//1482 5831//1482
f 5851//1483 5832//1483 5848//1483
f 5851//1484 5833//1484 5832//1484
f 5832//1485 5836//1485 5848//1485
f 5838//1486 5834//1486 5852//1486
f 5848//1487 5849//1487 5853//1487
f 5843//1488 5844//1488 5852//1488
f 5844//1489 5838//1489 5852//1489
f 5841//1490 5847//1490 5849//1490
f 5890//1491 5891//1491 5899//1491
f 5854//1492 5855//1492 5890//1492
f 4140//1493 5856//1493 5892//1493
f 4140//1494 5857//1494 5856//1494
f 5888//1495 5899//1495 5887//1495
f 5862//1496 5854//1496 5890//1496
f 5856//1497 5863//1497 5892//1497
f 5892//1498 5866//1498 5851//1498
f 5868//1499 5869//1499 5898//1499
f 5892//1500 5870//1500 5866//1500
f 5892//1501 5871//1501 5870//1501
f 5866//1502 5873//1502 5851//1502
f 5875//1503 5868//1503 5898//1503
f 5900//1504 5895//1504 5893//1504
f 5878//1505 5879//1505 5900//1505
f 5881//1506 5897//1506 5879//1506
f 5884//1507 5878//1507 5900//1507
f 5929//1508 5907//1508 5911//1508
f 5928//1509 5934//1509 5929//1509
f 5934//1510 5928//1510 5930//1510
f 5930//1511 5913//1511 5915//1511
f 5918//1512 5931//1512 5919//1512
f 5931//1513 5918//1513 5921//1513
f 5936//1514 5931//1514 5933//1514
f 5933//1515 5923//1515 5927//1515
f 5938//1516 5940//1516 5937//1516
f 5939//1517 5942//1517 5941//1517
f 5849//1518 5947//1518 5946//1518
f 5948//1519 5949//1519 5984//1519
f 5949//1520 5943//1520 5984//1520
f 5946//1521 5953//1521 5985//1521
f 5955//1522 5948//1522 5984//1522
f 5985//1523 5980//1523 5956//1523
f 5953//1524 5980//1524 5985//1524
f 5959//1525 5955//1525 5984//1525
f 5956//1526 5960//1526 5985//1526
f 5962//1527 5963//1527 5987//1527
f 5985//1528 5981//1528 5942//1528
f 5985//1529 5964//1529 5981//1529
f 5985//1530 5965//1530 5964//1530
f 5968//1531 5962//1531 5987//1531
f 5964//1532 5969//1532 5981//1532
f 5983//1533 5968//1533 5987//1533
f 5981//1534 5982//1534 5942//1534
f 5976//1535 5972//1535 5986//1535
f 5973//1536 5977//1536 5982//1536
f 5994//1537 6012//1537 5995//1537
f 6012//1538 5991//1538 5995//1538
f 6023//1539 6012//1539 6013//1539
f 6013//1540 5997//1540 5999//1540
f 6019//1541 6023//1541 6017//1541
f 6014//1542 6002//1542 6005//1542
f 6010//1543 6020//1543 6011//1543
f 6020//1544 6007//1544 6011//1544
f 6025//1545 6027//1545 6024//1545
f 5942//1546 6047//1546 6046//1546
f 5942//1547 6048//1547 6047//1547
f 6048//1548 6029//1548 6045//1548
f 6048//1549 6030//1549 6029//1549
f 6029//1550 6031//1550 6045//1550
f 6045//1551 6034//1551 6050//1551
f 6045//1552 6035//1552 6034//1552
f 6034//1553 6041//1553 6050//1553
f 6051//1554 5986//1554 6102//1554
f 6053//1555 5986//1555 6051//1555
f 5982//1556 6058//1556 6057//1556
f 6060//1557 6061//1557 6102//1557
f 6061//1558 6051//1558 6102//1558
f 6057//1559 6066//1559 6048//1559
f 6103//1560 6102//1560 6023//1560
f 6066//1561 6072//1561 6048//1561
f 6074//1562 6068//1562 6103//1562
f 6069//1563 6075//1563 6104//1563
f 6077//1564 6071//1564 6104//1564
f 6048//1565 6078//1565 6076//1565
f 6072//1566 6078//1566 6048//1566
f 6085//1567 6079//1567 6106//1567
f 6090//1568 6091//1568 6022//1568
f 6093//1569 6106//1569 6091//1569
f 6098//1570 6090//1570 6022//1570
f 5988//1571 6110//1571 6109//1571
f 5988//1572 6111//1572 6110//1572
f 5988//1573 6112//1573 6111//1573
f 5988//1574 6113//1574 6112//1574
f 5988//1575 6114//1575 6113//1575
f 5988//1576 6116//1576 6114//1576
f 5988//1577 6117//1577 6116//1577
f 5988//1578 6118//1578 6117//1578
f 5988//1579 6119//1579 6118//1579
f 5606//1580 6150//1580 5607//1580
f 6121//1581 6150//1581 6120//1581
f 6143//1582 6144//1582 5640//1582
f 5989//1583 6153//1583 6152//1583
f 5989//1584 6154//1584 6153//1584
f 5989//1585 6155//1585 6154//1585
f 5989//1586 6156//1586 6155//1586
f 5989//1587 6157//1587 6156//1587
f 5989//1588 6158//1588 6157//1588
f 5989//1589 6159//1589 6158//1589
f 5989//1590 6160//1590 6159//1590
f 5989//1591 6161//1591 6160//1591
f 5717//1592 6223//1592 5709//1592
f 5709//1593 6223//1593 5710//1593
f 6147//1594 6220//1594 6144//1594
f 6195//1595 6196//1595 6220//1595
f 6197//1596 6198//1596 6221//1596
f 6198//1597 6223//1597 6221//1597
f 6202//1598 6223//1598 6198//1598
f 6206//1599 6207//1599 6223//1599
f 6207//1600 6208//1600 6223//1600
f 6208//1601 6209//1601 6223//1601
f 5742//1602 6243//1602 5743//1602
f 5743//1603 6243//1603 5744//1603
f 5744//1604 6243//1604 5745//1604
f 5746//1605 6238//1605 5747//1605
f 6238//1606 6228//1606 6226//1606
f 6243//1398 6239//1398 6238//1398
f 6228//1607 6240//1607 6229//1607
f 6241//1608 6242//1608 6243//1608
f 6239//1609 6244//1609 6240//1609
f 6214//1610 6241//1610 6209//1610
f 6230//1611 6231//1611 6241//1611
f 6232//1612 6233//1612 6242//1612
f 6233//1613 6244//1613 6242//1613
f 6237//1614 6244//1614 6233//1614
f 6278//1615 6305//1615 6276//1615
f 6305//1616 6259//1616 6257//1616
f 6282//1617 6308//1617 6280//1617
f 6308//1618 6263//1618 6261//1618
f 6286//1619 6311//1619 6284//1619
f 6311//1620 6267//1620 6265//1620
f 6292//1621 6303//1621 6293//1621
f 6294//1622 6304//1622 6295//1622
f 6304//1623 6298//1623 6297//1623
f 6307//1624 6300//1624 6299//1624
f 6244//1625 6309//1625 6306//1625
f 6310//1626 6302//1626 6301//1626
f 6248//1627 6314//1627 6247//1627
f 6250//1628 6315//1628 6249//1628
f 6251//1629 6315//1629 6250//1629
f 6315//1630 6022//1630 6021//1630
f 6252//1631 6315//1631 6251//1631
f 6024//1632 6317//1632 6316//1632
f 6027//1633 6322//1633 6321//1633
f 6027//1634 6323//1634 6322//1634
f 6027//1635 6324//1635 6323//1635
f 6027//1636 6325//1636 6324//1636
f 6027//1637 6326//1637 6325//1637
f 6028//1638 6328//1638 6327//1638
f 6028//1639 6329//1639 6328//1639
f 6028//1640 6330//1640 6329//1640
f 6028//1641 6331//1641 6330//1641
f 6353//1642 6373//1642 6354//1642
f 6340//1643 6373//1643 6339//1643
f 6363//1644 6364//1644 6244//1644
f 6364//1645 6365//1645 6244//1645
f 6365//1646 6366//1646 6244//1646
f 6049//1647 6379//1647 6378//1647
f 6049//1648 6380//1648 6379//1648
f 6050//1649 6385//1649 6384//1649
f 6410//1650 6438//1650 6407//1650
f 6438//1651 6390//1651 6388//1651
f 6423//1652 6424//1652 6309//1652
f 6425//1653 6426//1653 6310//1653
f 6375//1654 6440//1654 6374//1654
f 6440//1655 6099//1655 6098//1655
f 6377//1656 6440//1656 6375//1656
f 6440//1657 6100//1657 6099//1657
f 12//1658 11//1658 5//1658 6//1658
f 13//1659 12//1659 6//1659 7//1659
f 13//1660 2//1660 1//1660 12//1660
f 14//1661 13//1661 7//1661 8//1661
f 14//1662 3//1662 2//1662 13//1662
f 15//1663 14//1663 8//1663 9//1663
f 15//1664 4//1664 3//1664 14//1664
f 16//1665 15//1665 9//1665 10//1665
f 18//1666 6//1666 5//1666 17//1666
f 19//1667 7//1667 6//1667 18//1667
f 20//1668 8//1668 7//1668 19//1668
f 21//1669 9//1669 8//1669 20//1669
f 22//1670 10//1670 9//1670 21//1670
f 11//1671 23//1671 17//1671 5//1671
f 25//1672 18//1672 17//1672 24//1672
f 26//1673 19//1673 18//1673 25//1673
f 27//1674 20//1674 19//1674 26//1674
f 28//1675 21//1675 20//1675 27//1675
f 29//1676 22//1676 21//1676 28//1676
f 23//1677 30//1677 24//1677 17//1677
f 41//1678 16//1678 10//1678 35//1678
f 42//1679 41//1679 35//1679 36//1679
f 43//1680 42//1680 36//1680 37//1680
f 44//1681 43//1681 37//1681 38//1681
f 44//1682 32//1682 31//1682 43//1682
f 45//1683 44//1683 38//1683 39//1683
f 45//1684 33//1684 32//1684 44//1684
f 46//1685 45//1685 39//1685 40//1685
f 46//1686 34//1686 33//1686 45//1686
f 47//1687 35//1687 10//1687 22//1687
f 48//1688 36//1688 35//1688 47//1688
f 49//1689 37//1689 36//1689 48//1689
f 50//1690 38//1690 37//1690 49//1690
f 51//1691 39//1691 38//1691 50//1691
f 52//1692 40//1692 39//1692 51//1692
f 53//1693 46//1693 40//1693 52//1693
f 55//1694 47//1694 22//1694 29//1694
f 56//1695 48//1695 47//1695 55//1695
f 57//1696 49//1696 48//1696 56//1696
f 58//1697 50//1697 49//1697 57//1697
f 59//1698 51//1698 50//1698 58//1698
f 60//1699 52//1699 51//1699 59//1699
f 61//1700 53//1700 52//1700 60//1700
f 62//1701 54//1701 53//1701 61//1701
f 65//1702 64//1702 1//1702 2//1702
f 66//1703 65//1703 2//1703 3//1703
f 67//1704 66//1704 3//1704 4//1704
f 70//1705 69//1705 63//1705 64//1705
f 71//1706 70//1706 64//1706 65//1706
f 72//1707 71//1707 65//1707 66//1707
f 73//1708 72//1708 66//1708 67//1708
f 74//1709 73//1709 67//1709 68//1709
f 76//1710 75//1710 69//1710 70//1710
f 130//1711 76//1711 70//1711 71//1711
f 77//1712 130//1712 72//1712 73//1712
f 78//1713 77//1713 73//1713 74//1713
f 80//1714 79//1714 75//1714 76//1714
f 82//1715 81//1715 77//1715 78//1715
f 84//1716 83//1716 80//1716 130//1716
f 86//1717 85//1717 130//1717 81//1717
f 87//1718 86//1718 81//1718 82//1718
f 89//1719 88//1719 11//1719 12//1719
f 89//1720 64//1720 63//1720 88//1720
f 64//1721 89//1721 12//1721 1//1721
f 90//1722 67//1722 4//1722 15//1722
f 91//1723 90//1723 15//1723 16//1723
f 91//1724 68//1724 67//1724 90//1724
f 69//1725 92//1725 88//1725 63//1725
f 75//1726 93//1726 92//1726 69//1726
f 79//1727 94//1727 93//1727 75//1727
f 80//1728 95//1728 94//1728 79//1728
f 97//1729 96//1729 94//1729 95//1729
f 83//1730 97//1730 95//1730 80//1730
f 84//1731 98//1731 97//1731 83//1731
f 85//1732 99//1732 98//1732 84//1732
f 86//1733 100//1733 99//1733 85//1733
f 87//1734 101//1734 100//1734 86//1734
f 103//1735 102//1735 96//1735 97//1735
f 104//1736 103//1736 97//1736 98//1736
f 105//1737 104//1737 98//1737 99//1737
f 106//1738 105//1738 99//1738 100//1738
f 107//1739 106//1739 100//1739 101//1739
f 88//1740 108//1740 23//1740 11//1740
f 92//1741 109//1741 108//1741 88//1741
f 93//1742 110//1742 109//1742 92//1742
f 94//1743 111//1743 110//1743 93//1743
f 96//1744 112//1744 111//1744 94//1744
f 102//1745 113//1745 112//1745 96//1745
f 103//1746 114//1746 113//1746 102//1746
f 104//1747 115//1747 114//1747 103//1747
f 105//1748 116//1748 115//1748 104//1748
f 106//1749 117//1749 116//1749 105//1749
f 107//1750 118//1750 117//1750 106//1750
f 108//1751 119//1751 30//1751 23//1751
f 109//1752 120//1752 119//1752 108//1752
f 110//1753 121//1753 120//1753 109//1753
f 111//1754 122//1754 121//1754 110//1754
f 112//1755 123//1755 122//1755 111//1755
f 113//1756 124//1756 123//1756 112//1756
f 114//1757 125//1757 124//1757 113//1757
f 115//1758 126//1758 125//1758 114//1758
f 116//1759 127//1759 126//1759 115//1759
f 117//1760 128//1760 127//1760 116//1760
f 118//1761 129//1761 128//1761 117//1761
f 132//1762 131//1762 125//1762 126//1762
f 133//1763 132//1763 127//1763 128//1763
f 137//1764 136//1764 31//1764 32//1764
f 138//1765 137//1765 32//1765 33//1765
f 139//1766 138//1766 33//1766 34//1766
f 140//1767 74//1767 68//1767 134//1767
f 141//1768 140//1768 134//1768 135//1768
f 142//1769 141//1769 135//1769 136//1769
f 143//1770 142//1770 136//1770 137//1770
f 144//1771 143//1771 137//1771 138//1771
f 145//1772 144//1772 138//1772 139//1772
f 146//1773 78//1773 74//1773 140//1773
f 147//1774 146//1774 140//1774 141//1774
f 148//1775 147//1775 141//1775 142//1775
f 149//1776 148//1776 142//1776 143//1776
f 150//1777 149//1777 143//1777 144//1777
f 151//1778 150//1778 144//1778 145//1778
f 152//1779 82//1779 78//1779 146//1779
f 153//1780 152//1780 146//1780 147//1780
f 154//1781 153//1781 147//1781 148//1781
f 155//1782 154//1782 148//1782 149//1782
f 156//1783 155//1783 149//1783 150//1783
f 157//1784 156//1784 150//1784 151//1784
f 158//1785 87//1785 82//1785 152//1785
f 159//1786 158//1786 152//1786 153//1786
f 160//1787 159//1787 153//1787 154//1787
f 161//1788 160//1788 154//1788 155//1788
f 162//1789 161//1789 155//1789 156//1789
f 163//1790 162//1790 156//1790 157//1790
f 164//1791 91//1791 16//1791 41//1791
f 164//1792 134//1792 68//1792 91//1792
f 165//1793 164//1793 41//1793 42//1793
f 165//1794 135//1794 134//1794 164//1794
f 166//1795 165//1795 42//1795 43//1795
f 166//1796 136//1796 135//1796 165//1796
f 136//1797 166//1797 43//1797 31//1797
f 167//1798 139//1798 34//1798 46//1798
f 169//1799 145//1799 139//1799 167//1799
f 170//1800 169//1800 167//1800 168//1800
f 171//1801 151//1801 145//1801 169//1801
f 210//1802 171//1802 169//1802 170//1802
f 172//1803 157//1803 151//1803 171//1803
f 158//1804 173//1804 101//1804 87//1804
f 159//1805 174//1805 173//1805 158//1805
f 160//1806 175//1806 174//1806 159//1806
f 161//1807 176//1807 175//1807 160//1807
f 162//1808 177//1808 176//1808 161//1808
f 163//1809 178//1809 177//1809 162//1809
f 178//1810 163//1810 157//1810 172//1810
f 179//1811 107//1811 101//1811 173//1811
f 180//1812 179//1812 173//1812 174//1812
f 181//1813 180//1813 174//1813 175//1813
f 182//1814 181//1814 175//1814 176//1814
f 183//1815 182//1815 176//1815 177//1815
f 184//1816 183//1816 177//1816 178//1816
f 211//1817 167//1817 46//1817 53//1817
f 185//1818 211//1818 53//1818 54//1818
f 185//1819 168//1819 167//1819 211//1819
f 186//1820 170//1820 168//1820 185//1820
f 187//1821 210//1821 170//1821 186//1821
f 210//1822 188//1822 212//1822 172//1822
f 189//1823 178//1823 172//1823 212//1823
f 190//1824 189//1824 212//1824 188//1824
f 179//1825 191//1825 118//1825 107//1825
f 180//1826 192//1826 191//1826 179//1826
f 181//1827 193//1827 192//1827 180//1827
f 182//1828 194//1828 193//1828 181//1828
f 183//1829 195//1829 194//1829 182//1829
f 184//1830 196//1830 195//1830 183//1830
f 196//1831 184//1831 178//1831 189//1831
f 197//1832 196//1832 189//1832 190//1832
f 198//1833 185//1833 54//1833 62//1833
f 199//1834 186//1834 185//1834 198//1834
f 200//1835 187//1835 186//1835 199//1835
f 201//1836 188//1836 187//1836 200//1836
f 202//1837 190//1837 188//1837 201//1837
f 191//1838 203//1838 129//1838 118//1838
f 192//1839 204//1839 203//1839 191//1839
f 193//1840 205//1840 204//1840 192//1840
f 194//1841 206//1841 205//1841 193//1841
f 195//1842 207//1842 206//1842 194//1842
f 196//1843 208//1843 207//1843 195//1843
f 197//1844 209//1844 208//1844 196//1844
f 209//1845 197//1845 190//1845 202//1845
f 213//1846 133//1846 129//1846 203//1846
f 214//1847 213//1847 204//1847 205//1847
f 215//1848 214//1848 206//1848 207//1848
f 219//1849 217//1849 216//1849 218//1849
f 225//1850 224//1850 221//1850 222//1850
f 227//1851 226//1851 223//1851 224//1851
f 228//1852 227//1852 224//1852 225//1852
f 262//1853 230//1853 226//1853 227//1853
f 232//1854 231//1854 229//1854 230//1854
f 235//1855 222//1855 221//1855 234//1855
f 222//1856 235//1856 233//1856 220//1856
f 237//1857 224//1857 223//1857 236//1857
f 224//1858 237//1858 234//1858 221//1858
f 226//1859 239//1859 236//1859 223//1859
f 243//1860 242//1860 238//1860 239//1860
f 243//1861 230//1861 229//1861 242//1861
f 230//1862 243//1862 239//1862 226//1862
f 246//1863 245//1863 240//1863 241//1863
f 247//1864 246//1864 241//1864 242//1864
f 247//1865 231//1865 261//1865 246//1865
f 231//1866 247//1866 242//1866 229//1866
f 250//1867 235//1867 234//1867 249//1867
f 235//1868 250//1868 248//1868 233//1868
f 252//1869 237//1869 236//1869 251//1869
f 237//1870 252//1870 249//1870 234//1870
f 254//1871 239//1871 238//1871 253//1871
f 239//1872 254//1872 251//1872 236//1872
f 256//1873 241//1873 240//1873 255//1873
f 257//1874 242//1874 241//1874 256//1874
f 242//1875 257//1875 253//1875 238//1875
f 260//1876 245//1876 244//1876 259//1876
f 245//1877 260//1877 255//1877 240//1877
f 270//1878 269//1878 263//1878 264//1878
f 271//1879 270//1879 264//1879 265//1879
f 272//1880 271//1880 265//1880 266//1880
f 275//1881 274//1881 299//1881 267//1881
f 276//1882 275//1882 267//1882 268//1882
f 300//1883 276//1883 268//1883 269//1883
f 301//1884 300//1884 270//1884 271//1884
f 277//1885 222//1885 220//1885 273//1885
f 278//1886 277//1886 273//1886 274//1886
f 279//1887 278//1887 274//1887 275//1887
f 280//1888 279//1888 275//1888 276//1888
f 302//1889 225//1889 222//1889 277//1889
f 303//1890 302//1890 278//1890 279//1890
f 307//1891 303//1891 280//1891 300//1891
f 304//1892 262//1892 228//1892 302//1892
f 305//1893 304//1893 302//1893 303//1893
f 282//1894 264//1894 263//1894 281//1894
f 283//1895 265//1895 264//1895 282//1895
f 284//1896 266//1896 265//1896 283//1896
f 285//1897 267//1897 299//1897 306//1897
f 286//1898 268//1898 267//1898 285//1898
f 287//1899 269//1899 268//1899 286//1899
f 269//1900 287//1900 281//1900 263//1900
f 288//1901 273//1901 220//1901 233//1901
f 289//1902 274//1902 273//1902 288//1902
f 274//1903 289//1903 306//1903 299//1903
f 291//1904 282//1904 281//1904 290//1904
f 292//1905 283//1905 282//1905 291//1905
f 293//1906 284//1906 283//1906 292//1906
f 295//1907 286//1907 285//1907 294//1907
f 296//1908 287//1908 286//1908 295//1908
f 287//1909 296//1909 290//1909 281//1909
f 297//1910 288//1910 233//1910 248//1910
f 298//1911 289//1911 288//1911 297//1911
f 313//1912 312//1912 308//1912 309//1912
f 314//1913 313//1913 309//1913 310//1913
f 318//1914 309//1914 308//1914 317//1914
f 319//1915 310//1915 309//1915 318//1915
f 321//1916 320//1916 315//1916 316//1916
f 322//1917 321//1917 316//1917 317//1917
f 322//1918 312//1918 311//1918 321//1918
f 312//1919 322//1919 317//1919 308//1919
f 328//1920 327//1920 325//1920 326//1920
f 382//1921 335//1921 380//1921 330//1921
f 336//1922 382//1922 331//1922 381//1922
f 339//1923 338//1923 332//1923 333//1923
f 340//1924 339//1924 333//1924 334//1924
f 341//1925 340//1925 334//1925 335//1925
f 343//1926 342//1926 336//1926 337//1926
f 347//1927 326//1927 325//1927 346//1927
f 326//1928 347//1928 344//1928 379//1928
f 350//1929 349//1929 345//1929 346//1929
f 327//1930 350//1930 346//1930 325//1930
f 354//1931 353//1931 348//1931 349//1931
f 383//1932 354//1932 349//1932 350//1932
f 383//1933 381//1933 329//1933 354//1933
f 381//1934 383//1934 350//1934 327//1934
f 358//1935 357//1935 351//1935 352//1935
f 359//1936 358//1936 352//1936 353//1936
f 359//1937 330//1937 380//1937 358//1937
f 360//1938 359//1938 353//1938 354//1938
f 360//1939 331//1939 330//1939 359//1939
f 331//1940 360//1940 354//1940 329//1940
f 362//1941 361//1941 355//1941 356//1941
f 362//1942 333//1942 332//1942 361//1942
f 363//1943 362//1943 356//1943 357//1943
f 363//1944 334//1944 333//1944 362//1944
f 364//1945 363//1945 357//1945 358//1945
f 364//1946 335//1946 334//1946 363//1946
f 335//1947 364//1947 358//1947 380//1947
f 365//1948 314//1948 310//1948 361//1948
f 365//1949 338//1949 323//1949 314//1949
f 338//1950 365//1950 361//1950 332//1950
f 368//1951 346//1951 345//1951 367//1951
f 369//1952 347//1952 346//1952 368//1952
f 347//1953 369//1953 366//1953 344//1953
f 371//1954 349//1954 348//1954 370//1954
f 349//1955 371//1955 367//1955 345//1955
f 373//1956 352//1956 351//1956 372//1956
f 374//1957 353//1957 352//1957 373//1957
f 353//1958 374//1958 370//1958 348//1958
f 376//1959 356//1959 355//1959 375//1959
f 377//1960 357//1960 356//1960 376//1960
f 357//1961 377//1961 372//1961 351//1961
f 378//1962 319//1962 324//1962 375//1962
f 378//1963 361//1963 310//1963 319//1963
f 361//1964 378//1964 375//1964 355//1964
f 387//1965 386//1965 384//1965 385//1965
f 388//1966 326//1966 379//1966 386//1966
f 389//1967 388//1967 386//1967 387//1967
f 390//1968 389//1968 387//1968 426//1968
f 392//1969 391//1969 426//1969 427//1969
f 396//1970 328//1970 326//1970 388//1970
f 397//1971 396//1971 388//1971 389//1971
f 398//1972 397//1972 389//1972 390//1972
f 399//1973 398//1973 390//1973 391//1973
f 400//1974 399//1974 391//1974 392//1974
f 401//1975 400//1975 392//1975 393//1975
f 402//1976 401//1976 393//1976 394//1976
f 403//1977 402//1977 394//1977 395//1977
f 430//1978 381//1978 328//1978 396//1978
f 431//1979 430//1979 399//1979 400//1979
f 405//1980 385//1980 384//1980 404//1980
f 407//1981 386//1981 379//1981 344//1981
f 386//1982 407//1982 404//1982 384//1982
f 408//1983 387//1983 385//1983 405//1983
f 409//1984 408//1984 405//1984 406//1984
f 409//1985 426//1985 387//1985 408//1985
f 411//1986 427//1986 426//1986 410//1986
f 428//1987 392//1987 427//1987 411//1987
f 429//1988 428//1988 412//1988 413//1988
f 429//1989 394//1989 393//1989 428//1989
f 416//1990 405//1990 404//1990 415//1990
f 417//1991 406//1991 405//1991 416//1991
f 419//1992 407//1992 344//1992 366//1992
f 407//1993 419//1993 415//1993 404//1993
f 420//1994 409//1994 406//1994 417//1994
f 421//1995 420//1995 417//1995 418//1995
f 421//1996 410//1996 409//1996 420//1996
f 422//1997 411//1997 410//1997 421//1997
f 423//1998 412//1998 411//1998 422//1998
f 424//1999 413//1999 412//1999 423//1999
f 425//2000 414//2000 413//2000 424//2000
f 441//2001 440//2001 471//2001 433//2001
f 442//2002 441//2002 433//2002 434//2002
f 443//2003 403//2003 395//2003 435//2003
f 444//2004 443//2004 435//2004 436//2004
f 445//2005 444//2005 436//2005 437//2005
f 446//2006 445//2006 437//2006 438//2006
f 447//2007 446//2007 438//2007 439//2007
f 448//2008 447//2008 439//2008 440//2008
f 449//2009 448//2009 440//2009 441//2009
f 450//2010 449//2010 441//2010 442//2010
f 475//2011 431//2011 403//2011 443//2011
f 476//2012 475//2012 446//2012 447//2012
f 460//2013 459//2013 451//2013 452//2013
f 460//2014 433//2014 471//2014 459//2014
f 461//2015 460//2015 452//2015 453//2015
f 461//2016 434//2016 433//2016 460//2016
f 434//2017 461//2017 453//2017 432//2017
f 472//2018 429//2018 414//2018 454//2018
f 472//2019 435//2019 395//2019 429//2019
f 473//2020 472//2020 455//2020 456//2020
f 473//2021 437//2021 436//2021 472//2021
f 474//2022 473//2022 457//2022 458//2022
f 474//2023 439//2023 438//2023 473//2023
f 439//2024 474//2024 458//2024 471//2024
f 463//2025 452//2025 451//2025 462//2025
f 464//2026 453//2026 452//2026 463//2026
f 465//2027 454//2027 414//2027 425//2027
f 466//2028 455//2028 454//2028 465//2028
f 467//2029 456//2029 455//2029 466//2029
f 468//2030 457//2030 456//2030 467//2030
f 469//2031 458//2031 457//2031 468//2031
f 470//2032 459//2032 458//2032 469//2032
f 459//2033 470//2033 462//2033 451//2033
f 481//2034 434//2034 432//2034 477//2034
f 482//2035 481//2035 477//2035 478//2035
f 483//2036 482//2036 478//2036 479//2036
f 484//2037 483//2037 479//2037 480//2037
f 512//2038 442//2038 434//2038 481//2038
f 513//2039 512//2039 482//2039 483//2039
f 485//2040 513//2040 484//2040 511//2040
f 488//2041 487//2041 485//2041 486//2041
f 521//2042 476//2042 450//2042 512//2042
f 515//2043 521//2043 513//2043 487//2043
f 516//2044 515//2044 488//2044 514//2044
f 518//2045 517//2045 515//2045 516//2045
f 489//2046 477//2046 432//2046 453//2046
f 490//2047 489//2047 216//2047 217//2047
f 490//2048 478//2048 477//2048 489//2048
f 491//2049 479//2049 478//2049 490//2049
f 492//2050 480//2050 479//2050 491//2050
f 494//2051 484//2051 480//2051 492//2051
f 495//2052 494//2052 492//2052 493//2052
f 495//2053 511//2053 484//2053 494//2053
f 499//2054 485//2054 511//2054 495//2054
f 500//2055 499//2055 495//2055 496//2055
f 500//2056 486//2056 485//2056 499//2056
f 519//2057 500//2057 496//2057 497//2057
f 501//2058 488//2058 486//2058 500//2058
f 519//2059 514//2059 488//2059 501//2059
f 520//2060 516//2060 514//2060 519//2060
f 502//2061 489//2061 453//2061 464//2061
f 489//2062 502//2062 218//2062 216//2062
f 503//2063 490//2063 217//2063 219//2063
f 504//2064 491//2064 490//2064 503//2064
f 505//2065 492//2065 491//2065 504//2065
f 506//2066 493//2066 492//2066 505//2066
f 507//2067 495//2067 493//2067 506//2067
f 508//2068 496//2068 495//2068 507//2068
f 509//2069 497//2069 496//2069 508//2069
f 510//2070 498//2070 497//2070 509//2070
f 528//2071 527//2071 570//2071 571//2071
f 531//2072 530//2072 522//2072 523//2072
f 532//2073 531//2073 523//2073 524//2073
f 533//2074 532//2074 524//2074 525//2074
f 534//2075 533//2075 525//2075 526//2075
f 535//2076 534//2076 526//2076 527//2076
f 536//2077 535//2077 527//2077 528//2077
f 537//2078 536//2078 528//2078 529//2078
f 572//2079 518//2079 516//2079 530//2079
f 573//2080 572//2080 531//2080 532//2080
f 574//2081 573//2081 533//2081 534//2081
f 575//2082 574//2082 535//2082 536//2082
f 544//2083 519//2083 498//2083 539//2083
f 549//2084 548//2084 540//2084 541//2084
f 577//2085 549//2085 541//2085 542//2085
f 551//2086 550//2086 544//2086 545//2086
f 552//2087 551//2087 545//2087 546//2087
f 553//2088 552//2088 546//2088 547//2088
f 554//2089 553//2089 547//2089 548//2089
f 555//2090 554//2090 548//2090 549//2090
f 577//2091 571//2091 570//2091 555//2091
f 578//2092 520//2092 519//2092 550//2092
f 578//2093 522//2093 516//2093 520//2093
f 579//2094 578//2094 551//2094 552//2094
f 579//2095 524//2095 523//2095 578//2095
f 580//2096 579//2096 553//2096 554//2096
f 580//2097 526//2097 525//2097 579//2097
f 526//2098 580//2098 554//2098 570//2098
f 559//2099 539//2099 498//2099 510//2099
f 562//2100 541//2100 540//2100 561//2100
f 563//2101 562//2101 556//2101 557//2101
f 563//2102 542//2102 541//2102 562//2102
f 564//2103 563//2103 557//2103 558//2103
f 564//2104 543//2104 542//2104 563//2104
f 543//2105 564//2105 558//2105 538//2105
f 565//2106 544//2106 539//2106 559//2106
f 566//2107 565//2107 559//2107 560//2107
f 566//2108 545//2108 544//2108 565//2108
f 567//2109 566//2109 560//2109 576//2109
f 567//2110 546//2110 545//2110 566//2110
f 568//2111 547//2111 546//2111 567//2111
f 569//2112 568//2112 576//2112 561//2112
f 569//2113 548//2113 547//2113 568//2113
f 548//2114 569//2114 561//2114 540//2114
f 596//2115 582//2115 261//2115 231//2115
f 597//2116 596//2116 232//2116 262//2116
f 584//2117 583//2117 581//2117 582//2117
f 598//2118 586//2118 595//2118 583//2118
f 599//2119 598//2119 584//2119 596//2119
f 600//2120 599//2120 596//2120 597//2120
f 588//2121 587//2121 585//2121 586//2121
f 603//2122 529//2122 571//2122 587//2122
f 604//2123 603//2123 598//2123 599//2123
f 601//2124 590//2124 244//2124 245//2124
f 601//2125 581//2125 595//2125 590//2125
f 582//2126 601//2126 246//2126 261//2126
f 591//2127 543//2127 538//2127 589//2127
f 592//2128 591//2128 589//2128 590//2128
f 602//2129 577//2129 543//2129 591//2129
f 602//2130 585//2130 571//2130 577//2130
f 585//2131 602//2131 591//2131 595//2131
f 593//2132 589//2132 538//2132 558//2132
f 594//2133 593//2133 258//2133 259//2133
f 594//2134 590//2134 589//2134 593//2134
f 590//2135 594//2135 259//2135 244//2135
f 605//2136 597//2136 262//2136 304//2136
f 606//2137 605//2137 304//2137 305//2137
f 607//2138 606//2138 305//2138 307//2138
f 609//2139 600//2139 597//2139 605//2139
f 610//2140 609//2140 605//2140 606//2140
f 611//2141 610//2141 606//2141 607//2141
f 612//2142 611//2142 607//2142 608//2142
f 617//2143 604//2143 600//2143 609//2143
f 613//2144 617//2144 610//2144 611//2144
f 614//2145 613//2145 611//2145 612//2145
f 616//2146 615//2146 613//2146 614//2146
f 619//2147 25//2147 24//2147 618//2147
f 620//2148 26//2148 25//2148 619//2148
f 621//2149 27//2149 26//2149 620//2149
f 658//2150 28//2150 27//2150 621//2150
f 30//2151 622//2151 618//2151 24//2151
f 624//2152 619//2152 618//2152 623//2152
f 625//2153 620//2153 619//2153 624//2153
f 626//2154 621//2154 620//2154 625//2154
f 622//2155 627//2155 623//2155 618//2155
f 629//2156 624//2156 623//2156 628//2156
f 630//2157 625//2157 624//2157 629//2157
f 631//2158 626//2158 625//2158 630//2158
f 659//2159 658//2159 626//2159 631//2159
f 627//2160 632//2160 628//2160 623//2160
f 634//2161 629//2161 628//2161 633//2161
f 635//2162 630//2162 629//2162 634//2162
f 636//2163 631//2163 630//2163 635//2163
f 632//2164 637//2164 633//2164 628//2164
f 639//2165 634//2165 633//2165 638//2165
f 640//2166 635//2166 634//2166 639//2166
f 641//2167 636//2167 635//2167 640//2167
f 660//2168 659//2168 636//2168 641//2168
f 637//2169 642//2169 638//2169 633//2169
f 644//2170 639//2170 638//2170 643//2170
f 645//2171 640//2171 639//2171 644//2171
f 646//2172 641//2172 640//2172 645//2172
f 642//2173 647//2173 643//2173 638//2173
f 649//2170 644//2170 643//2170 648//2170
f 650//2174 645//2174 644//2174 649//2174
f 651//2175 646//2175 645//2175 650//2175
f 661//2176 660//2176 646//2176 651//2176
f 647//2177 652//2177 648//2177 643//2177
f 654//2178 649//2178 648//2178 653//2178
f 655//2179 650//2179 649//2179 654//2179
f 656//2180 651//2180 650//2180 655//2180
f 652//2173 657//2173 653//2173 648//2173
f 690//2181 55//2181 29//2181 658//2181
f 662//2182 59//2182 58//2182 690//2182
f 663//2183 60//2183 59//2183 662//2183
f 664//2184 61//2184 60//2184 663//2184
f 686//2185 62//2185 61//2185 664//2185
f 666//2186 663//2186 662//2186 665//2186
f 667//2187 664//2187 663//2187 666//2187
f 669//2186 666//2186 665//2186 668//2186
f 670//2188 667//2188 666//2188 669//2188
f 687//2189 686//2189 667//2189 670//2189
f 672//2190 669//2190 668//2190 671//2190
f 673//2191 670//2191 669//2191 672//2191
f 691//2192 690//2192 659//2192 660//2192
f 674//2193 671//2193 690//2193 691//2193
f 675//2194 672//2194 671//2194 674//2194
f 676//2195 673//2195 672//2195 675//2195
f 688//2196 687//2196 673//2196 676//2196
f 678//2197 675//2197 674//2197 677//2197
f 679//2198 676//2198 675//2198 678//2198
f 681//2199 678//2199 677//2199 680//2199
f 682//2200 679//2200 678//2200 681//2200
f 689//2201 688//2201 679//2201 682//2201
f 684//2199 681//2199 680//2199 683//2199
f 685//2202 682//2202 681//2202 684//2202
f 119//2203 744//2203 622//2203 30//2203
f 123//2204 692//2204 744//2204 122//2204
f 124//2205 693//2205 692//2205 123//2205
f 125//2206 694//2206 693//2206 124//2206
f 131//2207 736//2207 694//2207 125//2207
f 132//2208 695//2208 736//2208 131//2208
f 133//2209 737//2209 696//2209 132//2209
f 693//2210 698//2210 697//2210 692//2210
f 694//2211 699//2211 698//2211 693//2211
f 702//2212 703//2212 701//2212 700//2212
f 696//2213 703//2213 702//2213 695//2213
f 698//2214 705//2214 704//2214 697//2214
f 699//2215 706//2215 705//2215 698//2215
f 701//2216 708//2216 707//2216 700//2216
f 736//2217 738//2217 706//2217 699//2217
f 702//2218 709//2218 738//2218 736//2218
f 709//2219 702//2219 700//2219 707//2219
f 710//2220 709//2220 707//2220 708//2220
f 703//2221 710//2221 708//2221 701//2221
f 737//2222 739//2222 710//2222 703//2222
f 705//2223 712//2223 711//2223 704//2223
f 706//2224 713//2224 712//2224 705//2224
f 710//2225 715//2225 714//2225 709//2225
f 744//136 745//136 642//136 637//136
f 711//2226 716//2226 745//2226 744//2226
f 712//2227 717//2227 716//2227 711//2227
f 713//2228 718//2228 717//2228 712//2228
f 738//2229 740//2229 718//2229 713//2229
f 714//2230 719//2230 740//2230 738//2230
f 715//2231 720//2231 719//2231 714//2231
f 739//2232 741//2232 720//2232 715//2232
f 717//2233 722//2233 721//2233 716//2233
f 718//2234 723//2234 722//2234 717//2234
f 720//2235 725//2235 724//2235 719//2235
f 722//2236 727//2236 726//2236 721//2236
f 723//2237 728//2237 727//2237 722//2237
f 740//2238 742//2238 728//2238 723//2238
f 724//2239 729//2239 742//2239 740//2239
f 725//2240 730//2240 729//2240 724//2240
f 741//2241 743//2241 730//2241 725//2241
f 727//2242 732//2242 731//2242 726//2242
f 728//2243 733//2243 732//2243 727//2243
f 730//2244 735//2244 734//2244 729//2244
f 801//2245 198//2245 62//2245 686//2245
f 746//2246 202//2246 201//2246 801//2246
f 208//2247 748//2247 747//2247 207//2247
f 209//2248 749//2248 748//2248 208//2248
f 749//2249 209//2249 202//2249 746//2249
f 213//2250 788//2250 737//2250 133//2250
f 214//2251 789//2251 788//2251 213//2251
f 215//2252 750//2252 789//2252 214//2252
f 750//2253 215//2253 207//2253 747//2253
f 751//2254 750//2254 747//2254 748//2254
f 749//2255 755//2255 754//2255 748//2255
f 755//2256 749//2256 746//2256 752//2256
f 756//2257 755//2257 752//2257 753//2257
f 751//2258 758//2258 757//2258 750//2258
f 758//2259 751//2259 748//2259 754//2259
f 760//2260 753//2260 752//2260 759//2260
f 755//2261 761//2261 790//2261 754//2261
f 756//2262 762//2262 761//2262 755//2262
f 762//2263 756//2263 753//2263 760//2263
f 788//2264 791//2264 739//2264 737//2264
f 789//2265 792//2265 791//2265 788//2265
f 757//2266 763//2266 792//2266 789//2266
f 758//2267 764//2267 763//2267 757//2267
f 764//2268 758//2268 754//2268 790//2268
f 793//2269 764//2269 790//2269 761//2269
f 766//2270 760//2270 759//2270 765//2270
f 762//2271 768//2271 767//2271 761//2271
f 768//2272 762//2272 760//2272 766//2272
f 764//2273 770//2273 769//2273 763//2273
f 802//2274 801//2274 687//2274 688//2274
f 771//2275 766//2275 801//2275 802//2275
f 768//2276 773//2276 772//2276 767//2276
f 773//2277 768//2277 766//2277 771//2277
f 791//2278 794//2278 741//2278 739//2278
f 792//2279 795//2279 794//2279 791//2279
f 769//2280 796//2280 795//2280 792//2280
f 793//2281 774//2281 796//2281 770//2281
f 774//2282 793//2282 767//2282 772//2282
f 775//2283 774//2283 772//2283 773//2283
f 777//2284 773//2284 771//2284 776//2284
f 775//2285 779//2285 778//2285 774//2285
f 779//2286 775//2286 773//2286 777//2286
f 794//2287 798//2287 743//2287 741//2287
f 795//2288 799//2288 798//2288 794//2288
f 779//2289 782//2289 781//2289 778//2289
f 782//2290 779//2290 777//2290 797//2290
f 796//2291 800//2291 799//2291 795//2291
f 780//2292 783//2292 800//2292 796//2292
f 783//2293 780//2293 778//2293 781//2293
f 784//2294 783//2294 781//2294 782//2294
f 784//2295 787//2295 786//2295 783//2295
f 787//2296 784//2296 782//2296 785//2296
f 804//2297 787//2297 785//2297 803//2297
f 806//2298 219//2298 218//2298 805//2298
f 808//2299 806//2299 805//2299 807//2299
f 810//2300 808//2300 807//2300 809//2300
f 812//2301 810//2301 809//2301 811//2301
f 814//2302 812//2302 811//2302 813//2302
f 816//2303 814//2303 813//2303 815//2303
f 818//2301 816//2301 815//2301 817//2301
f 820//2304 818//2304 817//2304 819//2304
f 823//2305 250//2305 249//2305 822//2305
f 250//2306 823//2306 821//2306 248//2306
f 857//2307 252//2307 251//2307 856//2307
f 252//2308 857//2308 822//2308 249//2308
f 860//2309 859//2309 855//2309 856//2309
f 860//2310 257//2310 256//2310 859//2310
f 257//2311 860//2311 856//2311 253//2311
f 859//2312 260//2312 259//2312 858//2312
f 826//2313 823//2313 822//2313 825//2313
f 823//2314 826//2314 824//2314 821//2314
f 829//2315 826//2315 825//2315 828//2315
f 826//2316 829//2316 827//2316 824//2316
f 831//2317 857//2317 856//2317 830//2317
f 857//2318 831//2318 828//2318 825//2318
f 832//2319 856//2319 855//2319 861//2319
f 859//2320 835//2320 861//2320 855//2320
f 836//2321 859//2321 858//2321 862//2321
f 839//2322 829//2322 828//2322 838//2322
f 829//2323 839//2323 837//2323 827//2323
f 841//2324 831//2324 830//2324 840//2324
f 831//2325 841//2325 838//2325 828//2325
f 841//2326 842//2326 839//2326 838//2326
f 844//2327 833//2327 832//2327 843//2327
f 833//2328 844//2328 840//2328 830//2328
f 844//2329 845//2329 841//2329 840//2329
f 845//2330 846//2330 842//2330 841//2330
f 848//2331 835//2331 834//2331 847//2331
f 848//2332 849//2332 843//2332 861//2332
f 849//2333 850//2333 844//2333 843//2333
f 850//2334 863//2334 845//2334 844//2334
f 836//2335 851//2335 847//2335 834//2335
f 851//2336 852//2336 848//2336 847//2336
f 852//2337 853//2337 849//2337 848//2337
f 853//2338 854//2338 850//2338 849//2338
f 906//2339 292//2339 291//2339 905//2339
f 904//2340 294//2340 306//2340 903//2340
f 905//2341 296//2341 295//2341 904//2341
f 907//2342 297//2342 248//2342 821//2342
f 298//2343 907//2343 903//2343 306//2343
f 866//2344 906//2344 905//2344 865//2344
f 868//2345 904//2345 903//2345 908//2345
f 870//2346 905//2346 904//2346 869//2346
f 871//2347 907//2347 824//2347 827//2347
f 907//2348 872//2348 908//2348 903//2348
f 874//2349 865//2349 864//2349 873//2349
f 875//2350 866//2350 865//2350 874//2350
f 876//2351 867//2351 866//2351 875//2351
f 878//2352 869//2352 868//2352 877//2352
f 879//2353 870//2353 869//2353 878//2353
f 870//2354 879//2354 873//2354 864//2354
f 879//2355 880//2355 874//2355 873//2355
f 880//2356 881//2356 875//2356 874//2356
f 881//2357 882//2357 876//2357 875//2357
f 883//2358 871//2358 827//2358 837//2358
f 884//2359 872//2359 871//2359 883//2359
f 884//2360 885//2360 877//2360 908//2360
f 885//2361 886//2361 878//2361 877//2361
f 886//2362 887//2362 879//2362 878//2362
f 887//2363 888//2363 880//2363 879//2363
f 888//2364 889//2364 881//2364 880//2364
f 889//2365 890//2365 882//2365 881//2365
f 839//2366 891//2366 883//2366 837//2366
f 891//2367 892//2367 884//2367 883//2367
f 892//2368 893//2368 885//2368 884//2368
f 893//2369 894//2369 886//2369 885//2369
f 894//2370 895//2370 887//2370 886//2370
f 895//2371 896//2371 888//2371 887//2371
f 896//2372 897//2372 889//2372 888//2372
f 897//2373 898//2373 890//2373 889//2373
f 842//2374 899//2374 891//2374 839//2374
f 899//2375 900//2375 892//2375 891//2375
f 900//2376 909//2376 893//2376 892//2376
f 909//2377 912//2377 895//2377 894//2377
f 846//2378 901//2378 899//2378 842//2378
f 901//2379 902//2379 900//2379 899//2379
f 863//2380 910//2380 901//2380 846//2380
f 910//2381 911//2381 909//2381 902//2381
f 913//2382 915//2382 800//2382 786//2382
f 914//2383 913//2383 786//2383 787//2383
f 917//2384 920//2384 918//2384 916//2384
f 925//2385 924//2385 921//2385 922//2385
f 925//2386 920//2386 919//2386 924//2386
f 920//2387 925//2387 922//2387 918//2387
f 927//2388 922//2388 921//2388 926//2388
f 929//2389 924//2389 923//2389 928//2389
f 924//2390 929//2390 926//2390 921//2390
f 935//2391 316//2391 315//2391 934//2391
f 936//2392 317//2392 316//2392 935//2392
f 937//2393 318//2393 317//2393 936//2393
f 318//2394 937//2394 931//2394 324//2394
f 939//2395 938//2395 933//2395 934//2395
f 320//2396 939//2396 934//2396 315//2396
f 941//2397 932//2397 931//2397 940//2397
f 944//2398 934//2398 933//2398 943//2398
f 945//2399 935//2399 934//2399 944//2399
f 946//2400 936//2400 935//2400 945//2400
f 947//2401 946//2401 970//2401 940//2401
f 947//2402 937//2402 936//2402 946//2402
f 937//2403 947//2403 940//2403 931//2403
f 949//2404 948//2404 942//2404 943//2404
f 938//2405 949//2405 943//2405 933//2405
f 972//2406 940//2406 970//2406 971//2406
f 952//2407 943//2407 942//2407 951//2407
f 953//2408 944//2408 943//2408 952//2408
f 973//2409 945//2409 944//2409 953//2409
f 946//2410 973//2410 971//2410 970//2410
f 973//2411 974//2411 972//2411 971//2411
f 955//2412 954//2412 950//2412 951//2412
f 948//2413 955//2413 951//2413 942//2413
f 957//2414 951//2414 950//2414 956//2414
f 958//2415 952//2415 951//2415 957//2415
f 959//2416 953//2416 952//2416 958//2416
f 954//2417 960//2417 956//2417 950//2417
f 962//2418 957//2418 956//2418 961//2418
f 976//2419 958//2419 957//2419 962//2419
f 977//2420 973//2420 959//2420 976//2420
f 978//2421 974//2421 973//2421 977//2421
f 974//2422 978//2422 975//2422 972//2422
f 963//2423 917//2423 916//2423 961//2423
f 963//2424 960//2424 930//2424 917//2424
f 960//2425 963//2425 961//2425 956//2425
f 964//2426 961//2426 916//2426 918//2426
f 965//2427 962//2427 961//2427 964//2427
f 966//2428 964//2428 918//2428 922//2428
f 967//2429 965//2429 964//2429 966//2429
f 980//2430 976//2430 965//2430 967//2430
f 981//2431 977//2431 976//2431 980//2431
f 982//2432 978//2432 977//2432 981//2432
f 978//2433 982//2433 979//2433 975//2433
f 968//2434 966//2434 922//2434 927//2434
f 969//2435 967//2435 966//2435 968//2435
f 985//2436 368//2436 367//2436 984//2436
f 369//2437 985//2437 983//2437 366//2437
f 1003//2438 374//2438 373//2438 987//2438
f 374//2439 1003//2439 984//2439 370//2439
f 986//2440 375//2440 324//2440 932//2440
f 987//2441 377//2441 376//2441 986//2441
f 990//2442 985//2442 984//2442 989//2442
f 985//2443 990//2443 988//2443 983//2443
f 991//2444 986//2444 941//2444 972//2444
f 992//2445 987//2445 986//2445 991//2445
f 995//2446 990//2446 989//2446 994//2446
f 990//2447 995//2447 993//2447 988//2447
f 1004//2448 1003//2448 992//2448 997//2448
f 1003//2449 1004//2449 994//2449 989//2449
f 996//2450 991//2450 972//2450 975//2450
f 997//2451 992//2451 991//2451 996//2451
f 1000//2452 995//2452 994//2452 999//2452
f 995//2453 1000//2453 998//2453 993//2453
f 1001//2454 996//2454 975//2454 979//2454
f 1002//2455 997//2455 996//2455 1001//2455
f 1006//2456 416//2456 415//2456 1005//2456
f 1007//2457 417//2457 416//2457 1006//2457
f 1008//2458 418//2458 417//2458 1007//2458
f 1009//2459 419//2459 366//2459 983//2459
f 419//2460 1009//2460 1005//2460 415//2460
f 1010//2461 421//2461 418//2461 1008//2461
f 1053//2462 422//2462 421//2462 1010//2462
f 1054//2463 424//2463 423//2463 1053//2463
f 1012//2464 1006//2464 1005//2464 1011//2464
f 1013//2465 1007//2465 1006//2465 1012//2465
f 1014//2466 1008//2466 1007//2466 1013//2466
f 1009//2467 1015//2467 1011//2467 1005//2467
f 1016//2468 1010//2468 1008//2468 1014//2468
f 1018//2469 1012//2469 1011//2469 1017//2469
f 1019//2470 1013//2470 1012//2470 1018//2470
f 1020//2471 1014//2471 1013//2471 1019//2471
f 1021//2472 1015//2472 983//2472 988//2472
f 1015//2473 1021//2473 1017//2473 1011//2473
f 1022//2474 1016//2474 1014//2474 1020//2474
f 1055//2475 1053//2475 1016//2475 1022//2475
f 1056//2476 1054//2476 1053//2476 1055//2476
f 1024//2477 1018//2477 1017//2477 1023//2477
f 1025//2478 1019//2478 1018//2478 1024//2478
f 1026//2479 1020//2479 1019//2479 1025//2479
f 1021//2480 1027//2480 1023//2480 1017//2480
f 1028//2481 1022//2481 1020//2481 1026//2481
f 1030//2482 1024//2482 1023//2482 1029//2482
f 1031//2483 1025//2483 1024//2483 1030//2483
f 1032//2484 1026//2484 1025//2484 1031//2484
f 1033//2485 1027//2485 988//2485 993//2485
f 1027//2486 1033//2486 1029//2486 1023//2486
f 1034//2487 1028//2487 1026//2487 1032//2487
f 1057//2488 1055//2488 1028//2488 1034//2488
f 1058//2489 1056//2489 1055//2489 1057//2489
f 1036//2490 1030//2490 1029//2490 1035//2490
f 1037//2491 1031//2491 1030//2491 1036//2491
f 1038//2492 1032//2492 1031//2492 1037//2492
f 1033//2493 1039//2493 1035//2493 1029//2493
f 1040//2494 1034//2494 1032//2494 1038//2494
f 1042//2495 1036//2495 1035//2495 1041//2495
f 1043//2496 1037//2496 1036//2496 1042//2496
f 1044//2497 1038//2497 1037//2497 1043//2497
f 1045//226 1039//226 993//226 998//226
f 1039//2498 1045//2498 1041//2498 1035//2498
f 1046//2499 1040//2499 1038//2499 1044//2499
f 1059//2500 1057//2500 1040//2500 1046//2500
f 1060//2501 1058//2501 1057//2501 1059//2501
f 1048//2502 1042//2502 1041//2502 1047//2502
f 1049//2503 1043//2503 1042//2503 1048//2503
f 1050//2504 1044//2504 1043//2504 1049//2504
f 1045//2493 1051//2493 1047//2493 1041//2493
f 1052//2487 1046//2487 1044//2487 1050//2487
f 1064//2505 463//2505 462//2505 1063//2505
f 1061//2506 465//2506 425//2506 1054//2506
f 1062//2507 467//2507 466//2507 1061//2507
f 1063//2508 469//2508 468//2508 1062//2508
f 1068//2509 1064//2509 1063//2509 1067//2509
f 1065//2510 1061//2510 1054//2510 1056//2510
f 1066//2511 1062//2511 1061//2511 1065//2511
f 1067//2512 1063//2512 1062//2512 1066//2512
f 1072//2513 1068//2513 1067//2513 1071//2513
f 1069//2514 1065//2514 1056//2514 1058//2514
f 1070//2515 1066//2515 1065//2515 1069//2515
f 1071//2516 1067//2516 1066//2516 1070//2516
f 1076//2517 1072//2517 1071//2517 1075//2517
f 1073//2518 1069//2518 1058//2518 1060//2518
f 1074//2519 1070//2519 1069//2519 1073//2519
f 1075//2520 1071//2520 1070//2520 1074//2520
f 1077//2521 502//2521 464//2521 1064//2521
f 502//2522 1077//2522 805//2522 218//2522
f 1078//2523 503//2523 219//2523 806//2523
f 1093//2524 504//2524 503//2524 1078//2524
f 1094//2525 506//2525 505//2525 1093//2525
f 1095//2526 509//2526 508//2526 1094//2526
f 1077//2527 1079//2527 807//2527 805//2527
f 1080//2528 1078//2528 806//2528 808//2528
f 1081//2529 1079//2529 1064//2529 1068//2529
f 1079//2530 1081//2530 809//2530 807//2530
f 1082//2531 1080//2531 808//2531 810//2531
f 1096//2532 1093//2532 1080//2532 1082//2532
f 1097//2533 1094//2533 1093//2533 1096//2533
f 1098//2534 1095//2534 1094//2534 1097//2534
f 1081//2535 1083//2535 811//2535 809//2535
f 1084//2536 1082//2536 810//2536 812//2536
f 1085//2537 1083//2537 1068//2537 1072//2537
f 1083//2538 1085//2538 813//2538 811//2538
f 1086//2539 1084//2539 812//2539 814//2539
f 1099//2540 1096//2540 1084//2540 1086//2540
f 1100//2541 1097//2541 1096//2541 1099//2541
f 1101//2542 1098//2542 1097//2542 1100//2542
f 1085//2543 1087//2543 815//2543 813//2543
f 1088//2544 1086//2544 814//2544 816//2544
f 1089//2545 1087//2545 1072//2545 1076//2545
f 1087//2546 1089//2546 817//2546 815//2546
f 1090//2547 1088//2547 816//2547 818//2547
f 1102//2548 1099//2548 1088//2548 1090//2548
f 1103//2549 1100//2549 1099//2549 1102//2549
f 1104//2550 1101//2550 1100//2550 1103//2550
f 1089//2551 1091//2551 819//2551 817//2551
f 1092//2552 1090//2552 818//2552 820//2552
f 1106//2553 557//2553 556//2553 1105//2553
f 1107//2554 558//2554 557//2554 1106//2554
f 1152//2555 559//2555 510//2555 1095//2555
f 1108//2556 576//2556 560//2556 1152//2556
f 1110//2557 561//2557 576//2557 1109//2557
f 1111//2558 562//2558 561//2558 1110//2558
f 562//2559 1111//2559 1105//2559 556//2559
f 1113//2560 1106//2560 1105//2560 1112//2560
f 1114//2561 1107//2561 1106//2561 1113//2561
f 1116//2562 1109//2562 1108//2562 1115//2562
f 1117//2563 1110//2563 1109//2563 1116//2563
f 1118//2564 1111//2564 1110//2564 1117//2564
f 1111//2565 1118//2565 1112//2565 1105//2565
f 1156//2566 1113//2566 1112//2566 1155//2566
f 1153//2567 1152//2567 1095//2567 1098//2567
f 1154//2568 1115//2568 1152//2568 1153//2568
f 1155//2569 1117//2569 1116//2569 1154//2569
f 1120//2570 1156//2570 1155//2570 1119//2570
f 1157//2571 1153//2571 1098//2571 1101//2571
f 1158//2572 1154//2572 1153//2572 1157//2572
f 1122//2573 1155//2573 1154//2573 1158//2573
f 1123//2574 1124//2574 1120//2574 1119//2574
f 1124//2575 1125//2575 1121//2575 1120//2575
f 1126//2576 1127//2576 1124//2576 1123//2576
f 1127//2577 1128//2577 1125//2577 1124//2577
f 1129//2578 1130//2578 1127//2578 1126//2578
f 1130//2579 1131//2579 1128//2579 1127//2579
f 1160//2580 1161//2580 1130//2580 1129//2580
f 1163//2581 1164//2581 1161//2581 1160//2581
f 1133//2582 1123//2582 1122//2582 1132//2582
f 1134//2583 1135//2583 1132//2583 1158//2583
f 1135//2584 1136//2584 1133//2584 1132//2584
f 1136//2585 1126//2585 1123//2585 1133//2585
f 1137//2586 1138//2586 1135//2586 1134//2586
f 1138//2587 1139//2587 1136//2587 1135//2587
f 1139//2588 1129//2588 1126//2588 1136//2588
f 1159//2589 1160//2589 1138//2589 1137//2589
f 1162//2590 1163//2590 1160//2590 1159//2590
f 1165//2591 1157//2591 1101//2591 1104//2591
f 1140//2592 1158//2592 1157//2592 1165//2592
f 1142//2593 1143//2593 1141//2593 1140//2593
f 1143//2594 1134//2594 1158//2594 1141//2594
f 1144//2595 1145//2595 1143//2595 1142//2595
f 1145//2596 1137//2596 1134//2596 1143//2596
f 1167//2597 1159//2597 1137//2597 1145//2597
f 1169//2598 1162//2598 1159//2598 1167//2598
f 1148//2599 1149//2599 1146//2599 1165//2599
f 1149//2600 1142//2600 1140//2600 1146//2600
f 1150//2601 1151//2601 1149//2601 1148//2601
f 1151//2602 1144//2602 1142//2602 1149//2602
f 1166//2603 1167//2603 1151//2603 1150//2603
f 1168//2604 1169//2604 1167//2604 1166//2604
f 1170//2605 593//2605 558//2605 1107//2605
f 593//2606 1170//2606 858//2606 258//2606
f 1171//2607 1170//2607 1107//2607 1114//2607
f 1172//2608 1171//2608 1114//2608 1156//2608
f 1171//2609 1172//2609 862//2609 858//2609
f 1174//2610 1175//2610 851//2610 862//2610
f 1175//2611 1176//2611 852//2611 851//2611
f 1176//2612 1191//2612 853//2612 852//2612
f 1177//2613 1178//2613 1175//2613 1174//2613
f 1178//2614 1179//2614 1176//2614 1175//2614
f 1184//2615 1185//2615 1178//2615 1177//2615
f 1186//2616 1187//2616 1185//2616 1184//2616
f 1187//2617 1192//2617 1191//2617 1185//2617
f 1188//2618 1189//2618 1187//2618 1186//2618
f 1180//2619 1173//2619 1156//2619 1121//2619
f 1181//2620 1174//2620 1173//2620 1180//2620
f 1125//2621 1182//2621 1180//2621 1121//2621
f 1182//2622 1183//2622 1181//2622 1180//2622
f 1183//2623 1177//2623 1174//2623 1181//2623
f 1128//2624 1190//2624 1182//2624 1125//2624
f 1190//2625 1184//2625 1177//2625 1183//2625
f 1161//2626 1193//2626 1190//2626 1131//2626
f 1193//2627 1186//2627 1184//2627 1190//2627
f 1217//2628 1218//2628 1215//2628 1195//2628
f 1219//2629 1220//2629 1217//2629 1216//2629
f 1220//2630 1221//2630 1218//2630 1217//2630
f 1222//2631 1223//2631 1219//2631 1197//2631
f 1223//2632 1224//2632 1220//2632 1219//2632
f 1224//2633 1225//2633 1221//2633 1220//2633
f 1191//2634 1214//2634 910//2634 863//2634
f 1214//2635 1198//2635 911//2635 910//2635
f 1199//2636 1200//2636 912//2636 911//2636
f 1202//2637 1203//2637 1199//2637 1198//2637
f 1203//2638 1204//2638 1200//2638 1199//2638
f 1204//2639 1205//2639 1201//2639 1200//2639
f 1195//2640 1205//2640 1204//2640 1194//2640
f 1207//2641 1216//2641 1202//2641 1214//2641
f 1216//2642 1217//2642 1204//2642 1203//2642
f 1208//2643 1209//2643 1207//2643 1206//2643
f 1192//2644 1210//2644 1208//2644 1191//2644
f 1210//2645 1211//2645 1209//2645 1208//2645
f 1211//2646 1219//2646 1216//2646 1209//2646
f 1212//2647 1213//2647 1211//2647 1210//2647
f 1213//2648 1197//2648 1196//2648 1211//2648
f 1227//2170 654//2170 653//2170 1226//2170
f 1228//2649 655//2649 654//2649 1227//2649
f 1229//2650 656//2650 655//2650 1228//2650
f 1266//2651 661//2651 656//2651 1229//2651
f 657//2169 1230//2169 1226//2169 653//2169
f 1232//2652 1227//2652 1226//2652 1231//2652
f 1233//2653 1228//2653 1227//2653 1232//2653
f 1234//2654 1229//2654 1228//2654 1233//2654
f 1230//2169 1235//2169 1231//2169 1226//2169
f 1237//2655 1232//2655 1231//2655 1236//2655
f 1238//2656 1233//2656 1232//2656 1237//2656
f 1239//2657 1234//2657 1233//2657 1238//2657
f 1267//1291 1266//1291 1234//1291 1239//1291
f 1235//2658 1240//2658 1236//2658 1231//2658
f 1242//2659 1237//2659 1236//2659 1241//2659
f 1243//2660 1238//2660 1237//2660 1242//2660
f 1244//2661 1239//2661 1238//2661 1243//2661
f 1240//2662 1245//2662 1241//2662 1236//2662
f 1247//2663 1242//2663 1241//2663 1246//2663
f 1248//2664 1243//2664 1242//2664 1247//2664
f 1249//2665 1244//2665 1243//2665 1248//2665
f 1268//2666 1267//2666 1244//2666 1249//2666
f 1245//2667 1250//2667 1246//2667 1241//2667
f 1252//2663 1247//2663 1246//2663 1251//2663
f 1253//2668 1248//2668 1247//2668 1252//2668
f 1254//2654 1249//2654 1248//2654 1253//2654
f 1250//2667 1255//2667 1251//2667 1246//2667
f 1257//2669 1252//2669 1251//2669 1256//2669
f 1258//2670 1253//2670 1252//2670 1257//2670
f 1259//2671 1254//2671 1253//2671 1258//2671
f 1269//299 1268//299 1254//299 1259//299
f 1255//2672 1260//2672 1256//2672 1251//2672
f 1262//2673 1257//2673 1256//2673 1261//2673
f 1263//2674 1258//2674 1257//2674 1262//2674
f 1264//2675 1259//2675 1258//2675 1263//2675
f 1260//2676 1265//2676 1261//2676 1256//2676
f 1298//2677 691//2677 661//2677 1266//2677
f 1270//306 683//306 691//306 1298//306
f 1271//2678 684//2678 683//2678 1270//2678
f 1272//2679 685//2679 684//2679 1271//2679
f 1294//2680 689//2680 685//2680 1272//2680
f 1274//2681 1271//2681 1270//2681 1273//2681
f 1275//2682 1272//2682 1271//2682 1274//2682
f 1277//2683 1274//2683 1273//2683 1276//2683
f 1278//2684 1275//2684 1274//2684 1277//2684
f 1295//2685 1294//2685 1275//2685 1278//2685
f 1280//2686 1277//2686 1276//2686 1279//2686
f 1281//2687 1278//2687 1277//2687 1280//2687
f 1299//1246 1298//1246 1267//1246 1268//1246
f 1282//306 1279//306 1298//306 1299//306
f 1283//2688 1280//2688 1279//2688 1282//2688
f 1284//2689 1281//2689 1280//2689 1283//2689
f 1296//2690 1295//2690 1281//2690 1284//2690
f 1286//2691 1283//2691 1282//2691 1285//2691
f 1287//2692 1284//2692 1283//2692 1286//2692
f 1289//2693 1286//2693 1285//2693 1288//2693
f 1290//2694 1287//2694 1286//2694 1289//2694
f 1297//2695 1296//2695 1287//2695 1290//2695
f 1292//2696 1289//2696 1288//2696 1291//2696
f 1293//2697 1290//2697 1289//2697 1292//2697
f 745//136 1353//136 1230//136 657//136
f 731//2698 1300//2698 1353//2698 745//2698
f 732//2699 1301//2699 1300//2699 731//2699
f 733//2700 1302//2700 1301//2700 732//2700
f 742//2701 1348//2701 1302//2701 733//2701
f 734//2702 1303//2702 1348//2702 742//2702
f 735//2703 1304//2703 1303//2703 734//2703
f 743//2704 1349//2704 1304//2704 735//2704
f 1301//2705 1307//2705 1306//2705 1300//2705
f 1302//2706 1308//2706 1307//2706 1301//2706
f 1304//2707 1310//2707 1309//2707 1303//2707
f 1312//2708 1311//2708 1309//2708 1310//2708
f 1305//2709 1312//2709 1310//2709 1304//2709
f 1307//2710 1314//2710 1313//2710 1306//2710
f 1308//2711 1315//2711 1314//2711 1307//2711
f 1348//2712 1350//2712 1315//2712 1308//2712
f 1309//2713 1316//2713 1350//2713 1348//2713
f 1311//2714 1317//2714 1316//2714 1309//2714
f 1312//2715 1318//2715 1317//2715 1311//2715
f 1349//2716 1319//2716 1318//2716 1312//2716
f 1314//2717 1322//2717 1321//2717 1313//2717
f 1315//2718 1323//2718 1322//2718 1314//2718
f 1317//2719 1325//2719 1324//2719 1316//2719
f 1318//2720 1326//2720 1325//2720 1317//2720
f 1319//2721 1327//2721 1326//2721 1318//2721
f 1353//136 1354//136 1250//136 1245//136
f 1321//2722 1328//2722 1354//2722 1353//2722
f 1322//2723 1329//2723 1328//2723 1321//2723
f 1323//2724 1330//2724 1329//2724 1322//2724
f 1332//2725 1331//2725 1329//2725 1330//2725
f 1350//2726 1332//2726 1330//2726 1323//2726
f 1324//2727 1351//2727 1332//2727 1350//2727
f 1329//2728 1334//2728 1333//2728 1328//2728
f 1331//2729 1335//2729 1334//2729 1329//2729
f 1332//2730 1336//2730 1335//2730 1331//2730
f 1334//2731 1339//2731 1338//2731 1333//2731
f 1335//2732 1340//2732 1339//2732 1334//2732
f 1336//2733 1341//2733 1340//2733 1335//2733
f 1337//2734 1342//2734 1341//2734 1336//2734
f 1351//2735 1352//2735 1342//2735 1337//2735
f 1339//2736 1344//2736 1343//2736 1338//2736
f 1340//2737 1345//2737 1344//2737 1339//2737
f 1341//2738 1346//2738 1345//2738 1340//2738
f 1342//2739 1347//2739 1346//2739 1341//2739
f 1364//2740 802//2740 689//2740 1294//2740
f 1357//2741 797//2741 802//2741 1364//2741
f 1355//2742 785//2742 797//2742 1357//2742
f 798//2743 1365//2743 1349//2743 743//2743
f 800//2744 1358//2744 1365//2744 799//2744
f 1360//2745 1364//2745 1295//2745 1296//2745
f 1366//2746 1359//2746 1364//2746 1361//2746
f 1362//2747 1360//2747 1296//2747 1297//2747
f 1363//2748 1361//2748 1360//2748 1362//2748
f 1367//2749 1355//2749 1357//2749 1372//2749
f 1367//2750 803//2750 785//2750 1355//2750
f 804//2751 1368//2751 1356//2751 787//2751
f 1368//2752 804//2752 803//2752 1367//2752
f 1370//2753 1368//2753 1367//2753 1369//2753
f 1373//2754 1372//2754 1357//2754 1359//2754
f 1374//2755 1369//2755 1372//2755 1373//2755
f 1375//2756 1373//2756 1359//2756 1366//2756
f 1376//2757 1374//2757 1373//2757 1375//2757
f 1379//2758 1376//2758 1375//2758 1378//2758
f 1380//2759 1377//2759 1376//2759 1379//2759
f 1382//2760 820//2760 819//2760 1381//2760
f 1384//2761 1382//2761 1381//2761 1383//2761
f 1386//2304 1384//2304 1383//2304 1385//2304
f 1388//2762 1386//2762 1385//2762 1387//2762
f 1390//2304 1388//2304 1387//2304 1389//2304
f 1392//2760 1390//2760 1389//2760 1391//2760
f 1394//2763 1392//2763 1391//2763 1393//2763
f 1396//2302 1394//2302 1393//2302 1395//2302
f 1398//2764 1397//2764 1319//2764 1320//2764
f 1408//2765 1398//2765 1320//2765 1349//2765
f 1399//2766 1409//2766 1326//2766 1327//2766
f 1397//2767 1399//2767 1327//2767 1319//2767
f 1398//2768 1400//2768 1399//2768 1397//2768
f 1409//2769 1410//2769 1351//2769 1326//2769
f 1399//2770 1401//2770 1410//2770 1409//2770
f 1400//2771 1402//2771 1401//2771 1399//2771
f 1404//2772 1403//2772 1401//2772 1402//2772
f 1403//2773 1406//2773 1405//2773 1401//2773
f 1404//2774 1407//2774 1406//2774 1403//2774
f 1410//2775 1412//2775 1352//2775 1351//2775
f 1405//2776 1413//2776 1412//2776 1410//2776
f 1411//2777 1414//2777 1413//2777 1407//2777
f 1438//2778 1437//2778 1365//2778 1358//2778
f 915//2779 1438//2779 1358//2779 800//2779
f 913//2780 1415//2780 1438//2780 915//2780
f 914//2781 1416//2781 1415//2781 913//2781
f 1416//2782 914//2782 787//2782 1356//2782
f 1436//2783 1408//2783 1349//2783 1365//2783
f 1416//2784 1418//2784 1417//2784 1415//2784
f 1420//2785 1419//2785 1417//2785 1418//2785
f 1436//2786 1439//2786 1398//2786 1408//2786
f 1437//2787 1440//2787 1439//2787 1436//2787
f 1438//2788 1441//2788 1440//2788 1437//2788
f 1419//2789 1421//2789 1441//2789 1438//2789
f 1420//2790 1422//2790 1421//2790 1419//2790
f 1423//2791 1443//2791 1441//2791 1421//2791
f 1424//2792 1423//2792 1421//2792 1422//2792
f 1443//2793 1442//2793 1440//2793 1441//2793
f 1424//2794 1426//2794 1425//2794 1423//2794
f 1428//2795 1427//2795 1425//2795 1426//2795
f 1439//2796 1444//2796 1402//2796 1400//2796
f 1440//2797 1445//2797 1444//2797 1439//2797
f 1447//2798 1446//2798 1444//2798 1445//2798
f 1442//2799 1447//2799 1445//2799 1440//2799
f 1443//2800 1459//2800 1447//2800 1442//2800
f 1446//2801 1411//2801 1407//2801 1444//2801
f 1449//2802 1448//2802 1447//2802 1459//2802
f 1446//2803 1429//2803 1414//2803 1411//2803
f 1432//2804 1431//2804 1429//2804 1430//2804
f 1447//2805 1451//2805 1432//2805 1446//2805
f 1453//2806 1452//2806 1432//2806 1451//2806
f 1448//2807 1453//2807 1451//2807 1447//2807
f 1449//2808 1454//2808 1453//2808 1448//2808
f 1450//2809 1455//2809 1454//2809 1449//2809
f 1458//2810 1457//2810 1454//2810 1455//2810
f 1431//2811 1434//2811 1433//2811 1429//2811
f 1432//2812 1435//2812 1434//2812 1431//2812
f 1457//2813 1456//2813 1453//2813 1454//2813
f 1460//2814 1416//2814 1356//2814 1368//2814
f 1460//2815 1461//2815 1418//2815 1416//2815
f 1461//2816 1460//2816 1368//2816 1370//2816
f 1462//2817 1461//2817 1370//2817 1371//2817
f 1463//2818 1420//2818 1418//2818 1461//2818
f 1462//2819 1465//2819 1464//2819 1461//2819
f 1465//2820 1462//2820 1371//2820 1374//2820
f 1463//2821 1467//2821 1422//2821 1420//2821
f 1467//2822 1463//2822 1461//2822 1464//2822
f 1468//2823 1467//2823 1464//2823 1465//2823
f 1469//2824 1468//2824 1465//2824 1466//2824
f 1470//2825 1424//2825 1422//2825 1467//2825
f 1472//2826 1466//2826 1465//2826 1471//2826
f 1468//2827 1474//2827 1473//2827 1467//2827
f 1469//2828 1475//2828 1474//2828 1468//2828
f 1475//2829 1469//2829 1466//2829 1472//2829
f 1470//2830 1477//2830 1426//2830 1424//2830
f 1477//2831 1470//2831 1467//2831 1473//2831
f 1478//2832 1477//2832 1473//2832 1474//2832
f 1479//2833 1478//2833 1474//2833 1475//2833
f 1480//2834 1479//2834 1475//2834 1476//2834
f 1481//2835 1428//2835 1426//2835 1477//2835
f 1482//2836 1481//2836 1477//2836 1478//2836
f 1546//2837 1471//2837 1374//2837 1376//2837
f 1483//2838 1472//2838 1471//2838 1546//2838
f 1484//2839 1475//2839 1472//2839 1483//2839
f 1485//2840 1476//2840 1475//2840 1484//2840
f 1479//2841 1487//2841 1486//2841 1478//2841
f 1480//2842 1488//2842 1487//2842 1479//2842
f 1488//2843 1480//2843 1476//2843 1485//2843
f 1481//2844 1490//2844 1459//2844 1428//2844
f 1482//2845 1491//2845 1490//2845 1481//2845
f 1491//2846 1482//2846 1478//2846 1486//2846
f 1492//2847 1491//2847 1486//2847 1487//2847
f 1493//2848 1492//2848 1487//2848 1488//2848
f 1494//2849 1493//2849 1488//2849 1489//2849
f 1495//2850 1450//2850 1459//2850 1490//2850
f 1496//2851 1495//2851 1490//2851 1491//2851
f 1497//2852 1546//2852 1376//2852 1377//2852
f 1498//2853 1484//2853 1483//2853 1497//2853
f 1499//2854 1485//2854 1484//2854 1498//2854
f 1500//2855 1488//2855 1485//2855 1499//2855
f 1501//2856 1489//2856 1488//2856 1500//2856
f 1492//2857 1503//2857 1502//2857 1491//2857
f 1493//2858 1504//2858 1503//2858 1492//2858
f 1494//2859 1505//2859 1504//2859 1493//2859
f 1505//2860 1494//2860 1489//2860 1501//2860
f 1496//2861 1508//2861 1507//2861 1495//2861
f 1508//2862 1496//2862 1491//2862 1502//2862
f 1548//2863 1508//2863 1502//2863 1503//2863
f 1509//2864 1548//2864 1504//2864 1505//2864
f 1510//2865 1509//2865 1505//2865 1506//2865
f 1549//2866 1510//2866 1506//2866 1547//2866
f 1512//2867 1511//2867 1507//2867 1508//2867
f 1550//2868 1497//2868 1377//2868 1380//2868
f 1552//2869 1500//2869 1499//2869 1550//2869
f 1513//2870 1552//2870 1550//2870 1551//2870
f 1513//2871 1501//2871 1500//2871 1552//2871
f 1515//2872 1505//2872 1501//2872 1513//2872
f 1516//2873 1515//2873 1513//2873 1514//2873
f 1516//2874 1506//2874 1505//2874 1515//2874
f 1553//2875 1547//2875 1506//2875 1516//2875
f 1509//2876 1517//2876 1554//2876 1548//2876
f 1510//2877 1518//2877 1517//2877 1509//2877
f 1549//2878 1519//2878 1518//2878 1510//2878
f 1519//2879 1549//2879 1547//2879 1553//2879
f 1511//2880 1521//2880 1455//2880 1450//2880
f 1512//2881 1522//2881 1521//2881 1511//2881
f 1548//2882 1554//2882 1522//2882 1512//2882
f 1524//2883 1523//2883 1517//2883 1518//2883
f 1525//2884 1524//2884 1518//2884 1519//2884
f 1526//2885 1525//2885 1519//2885 1520//2885
f 1527//2886 1458//2886 1455//2886 1521//2886
f 1528//2887 1527//2887 1521//2887 1522//2887
f 1529//2888 1528//2888 1522//2888 1554//2888
f 1555//2889 1530//2889 1554//2889 1523//2889
f 1556//2890 1555//2890 1524//2890 1525//2890
f 1532//2891 1531//2891 1527//2891 1528//2891
f 1533//2892 1532//2892 1528//2892 1529//2892
f 1534//2893 1533//2893 1529//2893 1530//2893
f 1536//2894 1514//2894 1513//2894 1535//2894
f 1537//2895 1516//2895 1514//2895 1536//2895
f 1539//2896 1520//2896 1519//2896 1538//2896
f 1531//2897 1542//2897 1540//2897 1527//2897
f 1532//2898 1543//2898 1542//2898 1531//2898
f 1533//2899 1544//2899 1543//2899 1532//2899
f 1534//2900 1545//2900 1544//2900 1533//2900
f 1545//2901 1534//2901 1530//2901 1541//2901
f 1561//2902 1526//2902 1520//2902 1560//2902
f 1564//2903 1556//2903 1526//2903 1561//2903
f 1565//2904 1564//2904 1561//2904 1562//2904
f 1566//2905 1565//2905 1562//2905 1563//2905
f 1573//2906 1572//2906 1565//2906 1566//2906
f 1574//2907 1573//2907 1566//2907 1567//2907
f 1575//2908 1574//2908 1567//2908 1568//2908
f 1576//2909 1575//2909 1568//2909 1569//2909
f 1577//2910 1576//2910 1569//2910 1570//2910
f 1578//2911 1577//2911 1570//2911 1571//2911
f 1578//2912 1559//2912 1558//2912 1577//2912
f 1579//2913 1560//2913 1520//2913 1539//2913
f 1580//2914 1561//2914 1560//2914 1579//2914
f 1581//2915 1562//2915 1561//2915 1580//2915
f 1582//2916 1563//2916 1562//2916 1581//2916
f 1565//2917 1585//2917 1584//2917 1564//2917
f 1586//2918 1566//2918 1563//2918 1582//2918
f 1587//2919 1586//2919 1582//2919 1583//2919
f 1587//2920 1567//2920 1566//2920 1586//2920
f 1588//2921 1568//2921 1567//2921 1587//2921
f 1589//2922 1569//2922 1568//2922 1588//2922
f 1590//2923 1570//2923 1569//2923 1589//2923
f 1591//2924 1571//2924 1570//2924 1590//2924
f 1593//2925 1592//2925 1584//2925 1585//2925
f 1572//2926 1593//2926 1585//2926 1565//2926
f 1573//2927 1594//2927 1593//2927 1572//2927
f 1574//2928 1595//2928 1594//2928 1573//2928
f 1629//2929 929//2929 928//2929 1597//2929
f 1600//2930 1597//2930 1596//2930 1599//2930
f 1631//2931 1629//2931 1598//2931 1601//2931
f 1604//2932 1599//2932 1628//2932 1603//2932
f 1605//2933 1600//2933 1599//2933 1604//2933
f 1600//2934 1605//2934 1601//2934 1598//2934
f 1609//2935 1603//2935 1602//2935 1608//2935
f 1610//2936 1604//2936 1603//2936 1609//2936
f 1611//2937 1610//2937 1606//2937 1607//2937
f 1611//2938 1605//2938 1604//2938 1610//2938
f 1605//2939 1611//2939 1607//2939 1601//2939
f 1612//2940 1631//2940 1607//2940 1633//2940
f 1632//2941 1608//2941 1630//2941 1615//2941
f 1633//2942 1610//2942 1609//2942 1632//2942
f 1617//2943 1613//2943 1612//2943 1616//2943
f 1618//2944 1614//2944 1557//2944 1559//2944
f 1619//2945 1615//2945 1614//2945 1618//2945
f 1620//2946 1633//2946 1632//2946 1635//2946
f 1622//2947 1616//2947 1633//2947 1621//2947
f 1623//2948 1617//2948 1616//2948 1622//2948
f 1634//2949 1618//2949 1559//2949 1578//2949
f 1635//2950 1632//2950 1619//2950 1634//2950
f 1625//2951 1621//2951 1620//2951 1624//2951
f 1626//2952 1622//2952 1621//2952 1625//2952
f 1627//2953 1623//2953 1622//2953 1626//2953
f 1636//2954 968//2954 927//2954 1629//2954
f 1637//2955 969//2955 968//2955 1636//2955
f 1645//2956 980//2956 969//2956 1637//2956
f 1646//2957 981//2957 980//2957 1645//2957
f 1647//2958 982//2958 981//2958 1646//2958
f 982//2959 1647//2959 1644//2959 979//2959
f 1639//2960 1637//2960 1636//2960 1638//2960
f 1640//2961 1638//2961 1629//2961 1631//2961
f 1641//2962 1639//2962 1638//2962 1640//2962
f 1649//2963 1645//2963 1639//2963 1641//2963
f 1650//2964 1646//2964 1645//2964 1649//2964
f 1651//2965 1647//2965 1646//2965 1650//2965
f 1647//2966 1651//2966 1648//2966 1644//2966
f 1643//2967 1641//2967 1640//2967 1642//2967
f 1658//2968 1642//2968 1631//2968 1613//2968
f 1653//2969 1650//2969 1649//2969 1658//2969
f 1654//2970 1651//2970 1650//2970 1653//2970
f 1651//2971 1654//2971 1652//2971 1648//2971
f 1657//2972 1654//2972 1653//2972 1656//2972
f 1654//2973 1657//2973 1655//2973 1652//2973
f 1661//2452 1000//2452 999//2452 1660//2452
f 1000//2453 1661//2453 1659//2453 998//2453
f 1679//2974 1004//2974 1002//2974 1663//2974
f 1004//407 1679//407 1660//407 999//407
f 1662//2975 1001//2975 979//2975 1644//2975
f 1663//2976 1002//2976 1001//2976 1662//2976
f 1666//2452 1661//2452 1660//2452 1665//2452
f 1661//2977 1666//2977 1664//2977 1659//2977
f 1667//2978 1662//2978 1644//2978 1648//2978
f 1668//2979 1663//2979 1662//2979 1667//2979
f 1671//2980 1666//2980 1665//2980 1670//2980
f 1666//2981 1671//2981 1669//2981 1664//2981
f 1680//2982 1679//2982 1668//2982 1673//2982
f 1679//2983 1680//2983 1670//2983 1665//2983
f 1672//2978 1667//2978 1648//2978 1652//2978
f 1673//2984 1668//2984 1667//2984 1672//2984
f 1676//2985 1671//2985 1670//2985 1675//2985
f 1671//2986 1676//2986 1674//2986 1669//2986
f 1677//2987 1672//2987 1652//2987 1655//2987
f 1678//2988 1673//2988 1672//2988 1677//2988
f 1682//2989 1048//2989 1047//2989 1681//2989
f 1683//2990 1049//2990 1048//2990 1682//2990
f 1684//2991 1050//2991 1049//2991 1683//2991
f 1685//2992 1051//2992 998//2992 1659//2992
f 1051//2493 1685//2493 1681//2493 1047//2493
f 1686//2993 1052//2993 1050//2993 1684//2993
f 1729//2994 1059//2994 1052//2994 1686//2994
f 1730//2995 1060//2995 1059//2995 1729//2995
f 1688//2996 1682//2996 1681//2996 1687//2996
f 1689//2997 1683//2997 1682//2997 1688//2997
f 1690//2991 1684//2991 1683//2991 1689//2991
f 1685//2998 1691//2998 1687//2998 1681//2998
f 1692//2999 1686//2999 1684//2999 1690//2999
f 1694//3000 1688//3000 1687//3000 1693//3000
f 1695//3001 1689//3001 1688//3001 1694//3001
f 1696//3002 1690//3002 1689//3002 1695//3002
f 1697//3003 1691//3003 1659//3003 1664//3003
f 1691//2480 1697//2480 1693//2480 1687//2480
f 1698//3004 1692//3004 1690//3004 1696//3004
f 1731//3005 1729//3005 1692//3005 1698//3005
f 1732//3006 1730//3006 1729//3006 1731//3006
f 1700//3007 1694//3007 1693//3007 1699//3007
f 1701//3008 1695//3008 1694//3008 1700//3008
f 1702//3009 1696//3009 1695//3009 1701//3009
f 1697//3010 1703//3010 1699//3010 1693//3010
f 1704//3011 1698//3011 1696//3011 1702//3011
f 1706//3012 1700//3012 1699//3012 1705//3012
f 1707//3013 1701//3013 1700//3013 1706//3013
f 1708//3014 1702//3014 1701//3014 1707//3014
f 1709//3015 1703//3015 1664//3015 1669//3015
f 1703//3016 1709//3016 1705//3016 1699//3016
f 1710//3017 1704//3017 1702//3017 1708//3017
f 1733//3018 1731//3018 1704//3018 1710//3018
f 1734//3019 1732//3019 1731//3019 1733//3019
f 1712//3020 1706//3020 1705//3020 1711//3020
f 1713//3021 1707//3021 1706//3021 1712//3021
f 1714//3022 1708//3022 1707//3022 1713//3022
f 1709//2493 1715//2493 1711//2493 1705//2493
f 1716//3023 1710//3023 1708//3023 1714//3023
f 1718//3024 1712//3024 1711//3024 1717//3024
f 1719//3025 1713//3025 1712//3025 1718//3025
f 1720//3026 1714//3026 1713//3026 1719//3026
f 1721//3027 1715//3027 1669//3027 1674//3027
f 1715//2998 1721//2998 1717//2998 1711//2998
f 1722//3028 1716//3028 1714//3028 1720//3028
f 1735//3029 1733//3029 1716//3029 1722//3029
f 1736//3030 1734//3030 1733//3030 1735//3030
f 1724//3031 1718//3031 1717//3031 1723//3031
f 1725//3032 1719//3032 1718//3032 1724//3032
f 1726//3033 1720//3033 1719//3033 1725//3033
f 1721//3034 1727//3034 1723//3034 1717//3034
f 1728//3035 1722//3035 1720//3035 1726//3035
f 1740//3036 1076//3036 1075//3036 1739//3036
f 1737//3037 1073//3037 1060//3037 1730//3037
f 1738//3038 1074//3038 1073//3038 1737//3038
f 1739//3039 1075//3039 1074//3039 1738//3039
f 1744//3040 1740//3040 1739//3040 1743//3040
f 1741//3041 1737//3041 1730//3041 1732//3041
f 1742//3042 1738//3042 1737//3042 1741//3042
f 1743//3043 1739//3043 1738//3043 1742//3043
f 1748//3044 1744//3044 1743//3044 1747//3044
f 1745//3045 1741//3045 1732//3045 1734//3045
f 1746//3046 1742//3046 1741//3046 1745//3046
f 1747//3047 1743//3047 1742//3047 1746//3047
f 1752//3048 1748//3048 1747//3048 1751//3048
f 1749//3049 1745//3049 1734//3049 1736//3049
f 1750//3050 1746//3050 1745//3050 1749//3050
f 1751//3051 1747//3051 1746//3051 1750//3051
f 1753//3052 1091//3052 1076//3052 1740//3052
f 1091//3053 1753//3053 1381//3053 819//3053
f 1754//3054 1092//3054 820//3054 1382//3054
f 1800//3055 1102//3055 1092//3055 1754//3055
f 1801//3056 1103//3056 1102//3056 1800//3056
f 1802//3057 1104//3057 1103//3057 1801//3057
f 1753//3058 1757//3058 1383//3058 1381//3058
f 1758//3059 1754//3059 1382//3059 1384//3059
f 1761//3060 1756//3060 1755//3060 1760//3060
f 1762//3061 1757//3061 1740//3061 1744//3061
f 1757//3062 1762//3062 1385//3062 1383//3062
f 1763//3063 1758//3063 1384//3063 1386//3063
f 1805//3064 1800//3064 1758//3064 1763//3064
f 1806//3065 1801//3065 1800//3065 1805//3065
f 1807//3066 1802//3066 1801//3066 1806//3066
f 1764//3067 1759//3067 1802//3067 1807//3067
f 1765//3068 1760//3068 1759//3068 1764//3068
f 1766//3069 1767//3069 1765//3069 1764//3069
f 1767//3070 1761//3070 1760//3070 1765//3070
f 1809//3071 1803//3071 1761//3071 1767//3071
f 1811//3072 1804//3072 1803//3072 1809//3072
f 1762//3073 1768//3073 1387//3073 1385//3073
f 1769//3074 1763//3074 1386//3074 1388//3074
f 1770//3075 1771//3075 1807//3075 1806//3075
f 1772//3076 1773//3076 1771//3076 1770//3076
f 1773//3077 1766//3077 1764//3077 1771//3077
f 1808//3078 1809//3078 1773//3078 1772//3078
f 1810//3079 1811//3079 1809//3079 1808//3079
f 1774//3080 1768//3080 1744//3080 1748//3080
f 1768//3081 1774//3081 1389//3081 1387//3081
f 1775//3082 1769//3082 1388//3082 1390//3082
f 1812//3083 1805//3083 1769//3083 1775//3083
f 1813//3084 1806//3084 1805//3084 1812//3084
f 1777//3085 1770//3085 1806//3085 1813//3085
f 1778//3086 1779//3086 1777//3086 1776//3086
f 1779//3087 1772//3087 1770//3087 1777//3087
f 1816//3088 1808//3088 1772//3088 1779//3088
f 1774//3089 1780//3089 1391//3089 1389//3089
f 1781//3090 1775//3090 1390//3090 1392//3090
f 1783//3091 1778//3091 1776//3091 1782//3091
f 1784//3092 1780//3092 1748//3092 1752//3092
f 1780//3093 1784//3093 1393//3093 1391//3093
f 1785//3094 1781//3094 1392//3094 1394//3094
f 1786//3095 1812//3095 1781//3095 1785//3095
f 1814//3096 1813//3096 1812//3096 1788//3096
f 1789//3097 1790//3097 1814//3097 1788//3097
f 1790//3098 1782//3098 1813//3098 1814//3098
f 1791//3099 1792//3099 1790//3099 1789//3099
f 1792//3100 1783//3100 1782//3100 1790//3100
f 1815//3101 1816//3101 1792//3101 1791//3101
f 1784//3102 1793//3102 1395//3102 1393//3102
f 1794//3103 1785//3103 1394//3103 1396//3103
f 1795//3104 1786//3104 1785//3104 1794//3104
f 1796//3105 1787//3105 1786//3105 1795//3105
f 1797//3106 1788//3106 1787//3106 1796//3106
f 1798//3107 1789//3107 1788//3107 1797//3107
f 1799//3108 1791//3108 1789//3108 1798//3108
f 1821//3109 1165//3109 1104//3109 1802//3109
f 1755//3110 1817//3110 1821//3110 1802//3110
f 1817//3111 1147//3111 1165//3111 1821//3111
f 1818//3112 1148//3112 1147//3112 1817//3112
f 1756//3113 1819//3113 1817//3113 1755//3113
f 1819//3114 1820//3114 1818//3114 1817//3114
f 1820//3115 1150//3115 1148//3115 1818//3115
f 1803//3116 1822//3116 1819//3116 1756//3116
f 1822//3117 1166//3117 1150//3117 1820//3117
f 1824//3118 1262//3118 1261//3118 1823//3118
f 1825//3119 1263//3119 1262//3119 1824//3119
f 1826//3120 1264//3120 1263//3120 1825//3120
f 1863//3121 1269//3121 1264//3121 1826//3121
f 1265//3122 1827//3122 1823//3122 1261//3122
f 1829//2663 1824//2663 1823//2663 1828//2663
f 1830//3123 1825//3123 1824//3123 1829//3123
f 1831//3124 1826//3124 1825//3124 1830//3124
f 1827//3122 1832//3122 1828//3122 1823//3122
f 1834//2663 1829//2663 1828//2663 1833//2663
f 1835//3123 1830//3123 1829//3123 1834//3123
f 1836//3125 1831//3125 1830//3125 1835//3125
f 1864//1291 1863//1291 1831//1291 1836//1291
f 1832//3122 1837//3122 1833//3122 1828//3122
f 1839//2669 1834//2669 1833//2669 1838//2669
f 1840//3126 1835//3126 1834//3126 1839//3126
f 1841//3127 1836//3127 1835//3127 1840//3127
f 1837//3122 1842//3122 1838//3122 1833//3122
f 1844//2663 1839//2663 1838//2663 1843//2663
f 1845//3123 1840//3123 1839//3123 1844//3123
f 1846//3128 1841//3128 1840//3128 1845//3128
f 1865//3129 1864//3129 1841//3129 1846//3129
f 1842//3122 1847//3122 1843//3122 1838//3122
f 1849//2669 1844//2669 1843//2669 1848//2669
f 1850//3130 1845//3130 1844//3130 1849//3130
f 1851//3131 1846//3131 1845//3131 1850//3131
f 1847//3122 1852//3122 1848//3122 1843//3122
f 1854//2669 1849//2669 1848//2669 1853//2669
f 1855//3132 1850//3132 1849//3132 1854//3132
f 1856//2657 1851//2657 1850//2657 1855//2657
f 1866//297 1865//297 1851//297 1856//297
f 1852//3133 1857//3133 1853//3133 1848//3133
f 1859//2669 1854//2669 1853//2669 1858//2669
f 1860//3134 1855//3134 1854//3134 1859//3134
f 1861//2675 1856//2675 1855//2675 1860//2675
f 1857//3135 1862//3135 1858//3135 1853//3135
f 1895//1336 1299//1336 1269//1336 1863//1336
f 1867//446 1291//446 1299//446 1895//446
f 1868//3136 1292//3136 1291//3136 1867//3136
f 1869//3137 1293//3137 1292//3137 1868//3137
f 1891//3138 1297//3138 1293//3138 1869//3138
f 1871//3139 1868//3139 1867//3139 1870//3139
f 1872//3140 1869//3140 1868//3140 1871//3140
f 1874//3141 1871//3141 1870//3141 1873//3141
f 1875//3142 1872//3142 1871//3142 1874//3142
f 1892//3143 1891//3143 1872//3143 1875//3143
f 1877//3144 1874//3144 1873//3144 1876//3144
f 1878//3145 1875//3145 1874//3145 1877//3145
f 1896//3146 1895//3146 1864//3146 1865//3146
f 1879//450 1876//450 1895//450 1896//450
f 1880//3144 1877//3144 1876//3144 1879//3144
f 1881//3147 1878//3147 1877//3147 1880//3147
f 1893//3148 1892//3148 1878//3148 1881//3148
f 1883//3149 1880//3149 1879//3149 1882//3149
f 1884//3150 1881//3150 1880//3150 1883//3150
f 1886//3144 1883//3144 1882//3144 1885//3144
f 1887//3150 1884//3150 1883//3150 1886//3150
f 1894//3151 1893//3151 1884//3151 1887//3151
f 1889//3152 1886//3152 1885//3152 1888//3152
f 1890//3153 1887//3153 1886//3153 1889//3153
f 1354//129 1926//129 1827//129 1265//129
f 1343//3154 1922//3154 1926//3154 1354//3154
f 1345//3155 1897//3155 1922//3155 1344//3155
f 1346//3156 1898//3156 1897//3156 1345//3156
f 1900//3157 1899//3157 1897//3157 1898//3157
f 1347//3158 1900//3158 1898//3158 1346//3158
f 1352//3159 1927//3159 1900//3159 1347//3159
f 1899//3160 1902//3160 1901//3160 1897//3160
f 1900//3161 1903//3161 1902//3161 1899//3161
f 1901//3162 1904//3162 1923//3162 1922//3162
f 1902//3163 1905//3163 1904//3163 1901//3163
f 1903//3164 1906//3164 1905//3164 1902//3164
f 1905//3165 1908//3165 1907//3165 1904//3165
f 1906//3166 1909//3166 1908//3166 1905//3166
f 1926//129 1928//129 1847//129 1842//129
f 1923//3167 1924//3167 1928//3167 1926//3167
f 1907//3168 1910//3168 1924//3168 1923//3168
f 1908//3169 1911//3169 1910//3169 1907//3169
f 1909//3170 1912//3170 1911//3170 1908//3170
f 1911//3171 1914//3171 1913//3171 1910//3171
f 1912//3172 1915//3172 1914//3172 1911//3172
f 1913//3173 1916//3173 1925//3173 1924//3173
f 1914//3174 1917//3174 1916//3174 1913//3174
f 1915//3175 1918//3175 1917//3175 1914//3175
f 1917//3176 1920//3176 1919//3176 1916//3176
f 1918//3177 1921//3177 1920//3177 1917//3177
f 1929//3178 1362//3178 1297//3178 1891//3178
f 1930//3179 1366//3179 1363//3179 1929//3179
f 1931//3180 1929//3180 1892//3180 1893//3180
f 1932//3181 1930//3181 1929//3181 1931//3181
f 1933//3182 1378//3182 1366//3182 1930//3182
f 1934//3183 1379//3183 1378//3183 1933//3183
f 1935//3184 1380//3184 1379//3184 1934//3184
f 1937//3185 1934//3185 1933//3185 1936//3185
f 1938//3186 1935//3186 1934//3186 1937//3186
f 1939//3187 1936//3187 1930//3187 1932//3187
f 1940//3188 1937//3188 1936//3188 1939//3188
f 1941//3189 1938//3189 1937//3189 1940//3189
f 1943//3190 1940//3190 1939//3190 1942//3190
f 1944//3191 1941//3191 1940//3191 1943//3191
f 1946//3192 1396//3192 1395//3192 1945//3192
f 1948//3193 1946//3193 1945//3193 1947//3193
f 1950//3194 1948//3194 1947//3194 1949//3194
f 1952//3195 1950//3195 1949//3195 1951//3195
f 1954//3196 1952//3196 1951//3196 1953//3196
f 1977//3197 1976//3197 1900//3197 1927//3197
f 1412//3198 1977//3198 1927//3198 1352//3198
f 1413//3199 1978//3199 1977//3199 1412//3199
f 1980//3200 1979//3200 1977//3200 1978//3200
f 1414//3201 1980//3201 1978//3201 1413//3201
f 1976//3202 1955//3202 1906//3202 1903//3202
f 1977//3203 1956//3203 1955//3203 1976//3203
f 1958//3204 1957//3204 1955//3204 1956//3204
f 1979//3205 1959//3205 1958//3205 1977//3205
f 1980//3206 1962//3206 1961//3206 1979//3206
f 1981//3207 1963//3207 1962//3207 1980//3207
f 1955//3208 1966//3208 1909//3208 1906//3208
f 1957//3209 1967//3209 1966//3209 1955//3209
f 1958//3210 1968//3210 1967//3210 1957//3210
f 1959//3211 1969//3211 1968//3211 1958//3211
f 1960//3212 1970//3212 1969//3212 1959//3212
f 1961//3213 1971//3213 1970//3213 1960//3213
f 1962//3214 1972//3214 1971//3214 1961//3214
f 1963//3215 1973//3215 1972//3215 1962//3215
f 1964//3216 1974//3216 1973//3216 1963//3216
f 1965//3217 1975//3217 1974//3217 1964//3217
f 1966//3218 1982//3218 1912//3218 1909//3218
f 1968//3219 1983//3219 1982//3219 1967//3219
f 1973//3220 1984//3220 1983//3220 1972//3220
f 1434//3221 1999//3221 1980//3221 1414//3221
f 1995//3222 1981//3222 1980//3222 1999//3222
f 1452//3223 1995//3223 1999//3223 1434//3223
f 1453//3224 1996//3224 1995//3224 1452//3224
f 1998//3225 1997//3225 1995//3225 1996//3225
f 1456//3226 1998//3226 1996//3226 1453//3226
f 1457//3227 2000//3227 1998//3227 1456//3227
f 1995//3228 1985//3228 1965//3228 1981//3228
f 1997//3229 1986//3229 1985//3229 1995//3229
f 1998//3230 1989//3230 1988//3230 1997//3230
f 1985//3231 1990//3231 1975//3231 1965//3231
f 1986//3232 1991//3232 1990//3232 1985//3232
f 1987//3233 1992//3233 1991//3233 1986//3233
f 1988//3234 1993//3234 1992//3234 1987//3234
f 1989//3235 1994//3235 1993//3235 1988//3235
f 1990//3236 2001//3236 1984//3236 1975//3236
f 2002//3237 1550//3237 1380//3237 1935//3237
f 2003//3238 1551//3238 1550//3238 2002//3238
f 2004//3239 1535//3239 1551//3239 2003//3239
f 2005//3240 1553//3240 1537//3240 2004//3240
f 2006//3241 1539//3241 1553//3241 2005//3241
f 2007//3242 2002//3242 1935//3242 1938//3242
f 2008//3243 2003//3243 2002//3243 2007//3243
f 2009//3244 2004//3244 2003//3244 2008//3244
f 2010//3245 2005//3245 2004//3245 2009//3245
f 2011//3246 2006//3246 2005//3246 2010//3246
f 2018//3247 2007//3247 1938//3247 1941//3247
f 2012//3248 2008//3248 2007//3248 2018//3248
f 2013//3249 2009//3249 2008//3249 2012//3249
f 2014//3250 2010//3250 2009//3250 2013//3250
f 2019//3251 2011//3251 2010//3251 2014//3251
f 2016//3252 2013//3252 2012//3252 2015//3252
f 2017//3253 2014//3253 2013//3253 2016//3253
f 2020//3254 1579//3254 1539//3254 2006//3254
f 2022//3255 1580//3255 1579//3255 2020//3255
f 2023//3256 2022//3256 2020//3256 2021//3256
f 2023//3257 1581//3257 1580//3257 2022//3257
f 2027//3258 1582//3258 1581//3258 2023//3258
f 2030//3259 1587//3259 1583//3259 2027//3259
f 2031//3260 2030//3260 2027//3260 2028//3260
f 2031//3261 1588//3261 1587//3261 2030//3261
f 2032//3262 1590//3262 1589//3262 2031//3262
f 2025//3263 2021//3263 2020//3263 2024//3263
f 2026//3264 2023//3264 2021//3264 2025//3264
f 2032//3265 2031//3265 2028//3265 2029//3265
f 2033//3266 2024//3266 2006//3266 2011//3266
f 2034//3267 2027//3267 2025//3267 2033//3267
f 2035//3268 2028//3268 2027//3268 2034//3268
f 2036//3269 2029//3269 2028//3269 2035//3269
f 2037//3270 2032//3270 2029//3270 2036//3270
f 2038//3271 2033//3271 2011//3271 2019//3271
f 2039//3272 2034//3272 2033//3272 2038//3272
f 2040//3273 2035//3273 2034//3273 2039//3273
f 2041//3274 2036//3274 2035//3274 2040//3274
f 2042//3275 2037//3275 2036//3275 2041//3275
f 2044//3276 2039//3276 2038//3276 2043//3276
f 2045//3277 2040//3277 2039//3277 2044//3277
f 2046//3278 2041//3278 2040//3278 2045//3278
f 2047//3279 2042//3279 2041//3279 2046//3279
f 2056//3280 1634//3280 1591//3280 2032//3280
f 2048//3281 1635//3281 1634//3281 2056//3281
f 2050//3282 1624//3282 1635//3282 2049//3282
f 2051//3283 1625//3283 1624//3283 2050//3283
f 2057//3284 1626//3284 1625//3284 2051//3284
f 2053//3285 2049//3285 2048//3285 2052//3285
f 2054//3286 2050//3286 2049//3286 2053//3286
f 2055//3287 2051//3287 2050//3287 2054//3287
f 2058//3288 2056//3288 2032//3288 2037//3288
f 2059//3289 2052//3289 2056//3289 2058//3289
f 2060//3290 2054//3290 2053//3290 2059//3290
f 2061//509 2057//509 2055//509 2060//509
f 2062//3291 2058//3291 2037//3291 2042//3291
f 2063//3292 2060//3292 2059//3292 2062//3292
f 2078//3293 1658//3293 1627//3293 2057//3293
f 2065//3294 1656//3294 1658//3294 2078//3294
f 2066//3295 1657//3295 1656//3295 2065//3295
f 1657//3296 2066//3296 2064//3296 1655//3296
f 2070//3297 2066//3297 2065//3297 2069//3297
f 2066//3298 2070//3298 2068//3298 2064//3298
f 2070//3299 2069//3299 2067//3299 2068//3299
f 2072//3300 2068//3300 2067//3300 2071//3300
f 2079//3301 2078//3301 2061//3301 2063//3301
f 2073//3302 2069//3302 2078//3302 2079//3302
f 2069//3303 2073//3303 2071//3303 2067//3303
f 2073//3304 2074//3304 2072//3304 2071//3304
f 2077//3305 2074//3305 2073//3305 2076//3305
f 2074//3306 2077//3306 2075//3306 2072//3306
f 2102//3307 1676//3307 1675//3307 2101//3307
f 1676//3308 2102//3308 2100//3308 1674//3308
f 2119//3309 1680//3309 1678//3309 2104//3309
f 1680//3310 2119//3310 2101//3310 1675//3310
f 2103//3311 1677//3311 1655//3311 2064//3311
f 2104//3312 1678//3312 1677//3312 2103//3312
f 2107//3313 2102//3313 2101//3313 2106//3313
f 2102//3314 2107//3314 2105//3314 2100//3314
f 2108//3315 2103//3315 2064//3315 2068//3315
f 2109//3316 2104//3316 2103//3316 2108//3316
f 2112//3317 2107//3317 2106//3317 2111//3317
f 2107//3318 2112//3318 2110//3318 2105//3318
f 2115//3319 2119//3319 2109//3319 2114//3319
f 2119//3320 2115//3320 2111//3320 2106//3320
f 2113//3321 2108//3321 2068//3321 2072//3321
f 2114//3322 2109//3322 2108//3322 2113//3322
f 2084//3323 2112//3323 2111//3323 2083//3323
f 2084//3324 2085//3324 2081//3324 2080//3324
f 2086//3325 2115//3325 2114//3325 2117//3325
f 2115//3326 2086//3326 2082//3326 2111//3326
f 2087//3327 2088//3327 2085//3327 2084//3327
f 2116//3328 2113//3328 2072//3328 2075//3328
f 2117//3329 2114//3329 2113//3329 2116//3329
f 2091//3330 2083//3330 2082//3330 2090//3330
f 2092//3331 2084//3331 2083//3331 2091//3331
f 2086//3332 2093//3332 2090//3332 2082//3332
f 2093//3333 2094//3333 2091//3333 2090//3333
f 2094//3334 2095//3334 2092//3334 2091//3334
f 2095//3335 2087//3335 2084//3335 2092//3335
f 2096//3336 2088//3336 2087//3336 2095//3336
f 2097//3337 2098//3337 2095//3337 2094//3337
f 2098//3338 2099//3338 2096//3338 2095//3338
f 2099//3339 2089//3339 2088//3339 2096//3339
f 2121//3340 1724//3340 1723//3340 2120//3340
f 2122//3341 1725//3341 1724//3341 2121//3341
f 2123//3342 1726//3342 1725//3342 2122//3342
f 2124//3343 1727//3343 1674//3343 2100//3343
f 1727//3344 2124//3344 2120//3344 1723//3344
f 2125//3345 1728//3345 1726//3345 2123//3345
f 2189//3346 1735//3346 1728//3346 2125//3346
f 2190//3347 1736//3347 1735//3347 2189//3347
f 2127//3348 2121//3348 2120//3348 2126//3348
f 2128//3349 2122//3349 2121//3349 2127//3349
f 2129//3350 2123//3350 2122//3350 2128//3350
f 2124//3351 2130//3351 2126//3351 2120//3351
f 2131//3352 2125//3352 2123//3352 2129//3352
f 2133//3353 2127//3353 2126//3353 2132//3353
f 2134//3354 2128//3354 2127//3354 2133//3354
f 2135//3355 2129//3355 2128//3355 2134//3355
f 2136//3356 2130//3356 2100//3356 2105//3356
f 2130//3357 2136//3357 2132//3357 2126//3357
f 2137//3358 2131//3358 2129//3358 2135//3358
f 2191//3359 2189//3359 2131//3359 2137//3359
f 2192//3360 2190//3360 2189//3360 2191//3360
f 2139//3361 2133//3361 2132//3361 2138//3361
f 2140//3362 2134//3362 2133//3362 2139//3362
f 2141//3363 2135//3363 2134//3363 2140//3363
f 2136//3364 2142//3364 2138//3364 2132//3364
f 2143//3365 2144//3365 2141//3365 2140//3365
f 2144//3366 2137//3366 2135//3366 2141//3366
f 2146//3367 2139//3367 2138//3367 2145//3367
f 2147//3368 2140//3368 2139//3368 2146//3368
f 2148//3369 2142//3369 2105//3369 2110//3369
f 2142//3370 2148//3370 2145//3370 2138//3370
f 2149//3371 2150//3371 2147//3371 2146//3371
f 2150//3372 2143//3372 2140//3372 2147//3372
f 2151//3373 2144//3373 2143//3373 2150//3373
f 2152//3374 2191//3374 2144//3374 2151//3374
f 2193//3375 2192//3375 2191//3375 2153//3375
f 2154//3376 2155//3376 2153//3376 2152//3376
f 2155//3377 2156//3377 2193//3377 2153//3377
f 2159//3378 2146//3378 2145//3378 2158//3378
f 2148//3379 2160//3379 2158//3379 2145//3379
f 2160//3380 2161//3380 2159//3380 2158//3380
f 2161//3381 2149//3381 2146//3381 2159//3381
f 2162//3382 2150//3382 2149//3382 2161//3382
f 2163//3383 2151//3383 2150//3383 2162//3383
f 2164//3384 2152//3384 2151//3384 2163//3384
f 2112//3385 2165//3385 2160//3385 2110//3385
f 2165//3386 2166//3386 2161//3386 2160//3386
f 2166//3387 2167//3387 2162//3387 2161//3387
f 2167//3388 2168//3388 2163//3388 2162//3388
f 2168//3389 2169//3389 2164//3389 2163//3389
f 2169//3390 2154//3390 2152//3390 2164//3390
f 2170//3391 2155//3391 2154//3391 2169//3391
f 2171//3392 2156//3392 2155//3392 2170//3392
f 2172//3393 2157//3393 2156//3393 2171//3393
f 2173//3394 2174//3394 2167//3394 2166//3394
f 2174//3395 2175//3395 2168//3395 2167//3395
f 2175//3396 2176//3396 2169//3396 2168//3396
f 2176//3397 2177//3397 2170//3397 2169//3397
f 2177//3398 2178//3398 2171//3398 2170//3398
f 2178//3399 2179//3399 2172//3399 2171//3399
f 2194//3400 2195//3400 2176//3400 2175//3400
f 2195//3401 2196//3401 2178//3401 2177//3401
f 2197//3402 2198//3402 2195//3402 2194//3402
f 2198//3403 2199//3403 2196//3403 2195//3403
f 2180//3404 2165//3404 2112//3404 2081//3404
f 2181//3405 2166//3405 2165//3405 2180//3405
f 2085//3406 2182//3406 2180//3406 2081//3406
f 2182//3407 2183//3407 2181//3407 2180//3407
f 2183//3408 2173//3408 2166//3408 2181//3408
f 2200//3409 2174//3409 2173//3409 2183//3409
f 2088//3410 2184//3410 2182//3410 2085//3410
f 2184//3411 2185//3411 2183//3411 2182//3411
f 2185//3412 2201//3412 2200//3412 2183//3412
f 2201//3413 2194//3413 2174//3413 2200//3413
f 2089//3414 2186//3414 2184//3414 2088//3414
f 2186//3415 2187//3415 2185//3415 2184//3415
f 2202//3416 2203//3416 2201//3416 2187//3416
f 2203//3417 2197//3417 2194//3417 2201//3417
f 2188//3418 2186//3418 2089//3418 2099//3418
f 2118//3419 2202//3419 2188//3419 2099//3419
f 2240//3420 1752//3420 1751//3420 2239//3420
f 2237//3421 1749//3421 1736//3421 2190//3421
f 2238//3422 1750//3422 1749//3422 2237//3422
f 2239//3423 1751//3423 1750//3423 2238//3423
f 2244//3424 2240//3424 2239//3424 2243//3424
f 2241//3425 2237//3425 2190//3425 2192//3425
f 2242//3426 2238//3426 2237//3426 2241//3426
f 2243//3427 2239//3427 2238//3427 2242//3427
f 2205//3428 2244//3428 2243//3428 2204//3428
f 2245//3429 2241//3429 2192//3429 2193//3429
f 2246//3430 2242//3430 2241//3430 2245//3430
f 2207//3431 2243//3431 2242//3431 2246//3431
f 2208//3432 2209//3432 2205//3432 2204//3432
f 2209//3433 2210//3433 2206//3433 2205//3433
f 2157//3434 2211//3434 2245//3434 2193//3434
f 2212//3435 2213//3435 2246//3435 2245//3435
f 2214//3436 2215//3436 2207//3436 2246//3436
f 2218//3437 2208//3437 2207//3437 2217//3437
f 2219//3438 2209//3438 2208//3438 2218//3438
f 2220//3439 2210//3439 2209//3439 2219//3439
f 2210//3440 2220//3440 2216//3440 2206//3440
f 2221//3441 2211//3441 2157//3441 2172//3441
f 2222//3442 2212//3442 2211//3442 2221//3442
f 2223//3443 2213//3443 2212//3443 2222//3443
f 2224//3444 2214//3444 2213//3444 2223//3444
f 2225//3445 2215//3445 2214//3445 2224//3445
f 2215//3446 2225//3446 2217//3446 2207//3446
f 2225//3447 2226//3447 2218//3447 2217//3447
f 2226//3448 2227//3448 2219//3448 2218//3448
f 2227//3449 2228//3449 2220//3449 2219//3449
f 2179//3450 2229//3450 2221//3450 2172//3450
f 2229//3451 2230//3451 2222//3451 2221//3451
f 2230//3452 2231//3452 2223//3452 2222//3452
f 2231//3453 2232//3453 2224//3453 2223//3453
f 2232//3454 2233//3454 2225//3454 2224//3454
f 2233//3455 2234//3455 2226//3455 2225//3455
f 2234//3456 2235//3456 2227//3456 2226//3456
f 2235//3457 2236//3457 2228//3457 2227//3457
f 2196//3458 2247//3458 2229//3458 2179//3458
f 2247//3459 2248//3459 2233//3459 2232//3459
f 2249//3460 1793//3460 1752//3460 2240//3460
f 1793//3461 2249//3461 1945//3461 1395//3461
f 2250//3462 1794//3462 1396//3462 1946//3462
f 2251//3463 1795//3463 1794//3463 2250//3463
f 2252//3464 1796//3464 1795//3464 2251//3464
f 2253//3465 1797//3465 1796//3465 2252//3465
f 2254//3466 1798//3466 1797//3466 2253//3466
f 2255//3467 1799//3467 1798//3467 2254//3467
f 2304//3468 1815//3468 1799//3468 2255//3468
f 2249//3469 2256//3469 1947//3469 1945//3469
f 2257//3470 2250//3470 1946//3470 1948//3470
f 2258//3471 2251//3471 2250//3471 2257//3471
f 2259//3472 2252//3472 2251//3472 2258//3472
f 2260//3473 2261//3473 2259//3473 2258//3473
f 2261//3474 2253//3474 2252//3474 2259//3474
f 2262//3475 2263//3475 2261//3475 2260//3475
f 2263//3476 2254//3476 2253//3476 2261//3476
f 2264//3477 2265//3477 2263//3477 2262//3477
f 2265//3478 2255//3478 2254//3478 2263//3478
f 2266//3479 2256//3479 2240//3479 2244//3479
f 2256//3480 2266//3480 1949//3480 1947//3480
f 2267//3481 2257//3481 1948//3481 1950//3481
f 2268//3482 2258//3482 2257//3482 2267//3482
f 2269//3483 2260//3483 2258//3483 2268//3483
f 2270//3484 2262//3484 2260//3484 2269//3484
f 2271//3485 2264//3485 2262//3485 2270//3485
f 2306//3486 2304//3486 2264//3486 2271//3486
f 2307//3487 2305//3487 2304//3487 2306//3487
f 2266//3488 2272//3488 1951//3488 1949//3488
f 2273//3489 2267//3489 1950//3489 1952//3489
f 2274//3490 2268//3490 2267//3490 2273//3490
f 2275//3491 2269//3491 2268//3491 2274//3491
f 2276//3492 2270//3492 2269//3492 2275//3492
f 2277//3493 2271//3493 2270//3493 2276//3493
f 2278//3494 2272//3494 2244//3494 2206//3494
f 2272//3495 2278//3495 1953//3495 1951//3495
f 2278//3496 2279//3496 1954//3496 1953//3496
f 2279//3497 2273//3497 1952//3497 1954//3497
f 2280//3498 2274//3498 2273//3498 2279//3498
f 2281//3499 2275//3499 2274//3499 2280//3499
f 2282//3500 2276//3500 2275//3500 2281//3500
f 2283//3501 2277//3501 2276//3501 2282//3501
f 2284//3502 2306//3502 2277//3502 2283//3502
f 2286//3503 2307//3503 2306//3503 2285//3503
f 2288//3504 2278//3504 2206//3504 2216//3504
f 2289//3505 2279//3505 2278//3505 2288//3505
f 2290//3506 2280//3506 2279//3506 2289//3506
f 2220//3507 2291//3507 2288//3507 2216//3507
f 2291//3508 2292//3508 2289//3508 2288//3508
f 2292//3509 2293//3509 2290//3509 2289//3509
f 2293//3510 2281//3510 2280//3510 2290//3510
f 2228//3511 2294//3511 2291//3511 2220//3511
f 2294//3512 2295//3512 2292//3512 2291//3512
f 2295//3513 2296//3513 2293//3513 2292//3513
f 2296//3514 2282//3514 2281//3514 2293//3514
f 2236//3515 2297//3515 2294//3515 2228//3515
f 2297//3516 2298//3516 2295//3516 2294//3516
f 2298//3517 2299//3517 2296//3517 2295//3517
f 2299//3518 2283//3518 2282//3518 2296//3518
f 2248//3519 2308//3519 2297//3519 2236//3519
f 2308//3520 2300//3520 2299//3520 2298//3520
f 2300//3521 2284//3521 2283//3521 2299//3521
f 2301//3522 2285//3522 2284//3522 2300//3522
f 2309//3523 2302//3523 2301//3523 2308//3523
f 2302//3524 2286//3524 2285//3524 2301//3524
f 2303//3525 2287//3525 2286//3525 2302//3525
f 2314//3526 272//3526 266//3526 2310//3526
f 2315//3527 2314//3527 2310//3527 2311//3527
f 2316//3528 2315//3528 2311//3528 2312//3528
f 2317//3529 2316//3529 2312//3529 2313//3529
f 2351//3530 301//3530 272//3530 2314//3530
f 2352//3531 2351//3531 2315//3531 2316//3531
f 2320//3532 2352//3532 2317//3532 2318//3532
f 2321//3533 2320//3533 2318//3533 2319//3533
f 2322//3534 2321//3534 2319//3534 2350//3534
f 2325//3535 2324//3535 2320//3535 2321//3535
f 2326//3536 2325//3536 2321//3536 2322//3536
f 2327//3537 2326//3537 2322//3537 2323//3537
f 2357//3538 307//3538 301//3538 2351//3538
f 2353//3539 2357//3539 2352//3539 2324//3539
f 2354//3540 2353//3540 2325//3540 2326//3540
f 2356//3541 2355//3541 2353//3541 2354//3541
f 2328//3542 2310//3542 266//3542 284//3542
f 2329//3543 2311//3543 2310//3543 2328//3543
f 2330//3544 2312//3544 2311//3544 2329//3544
f 2331//3545 2313//3545 2312//3545 2330//3545
f 2332//3546 2317//3546 2313//3546 2331//3546
f 2333//3547 2318//3547 2317//3547 2332//3547
f 2334//3548 2319//3548 2318//3548 2333//3548
f 2335//3549 2350//3549 2319//3549 2334//3549
f 2336//3550 2322//3550 2350//3550 2335//3550
f 2337//3551 2323//3551 2322//3551 2336//3551
f 2338//3552 2327//3552 2323//3552 2337//3552
f 2339//3553 2328//3553 284//3553 293//3553
f 2340//3554 2329//3554 2328//3554 2339//3554
f 2341//3555 2330//3555 2329//3555 2340//3555
f 2342//3556 2331//3556 2330//3556 2341//3556
f 2343//3557 2332//3557 2331//3557 2342//3557
f 2344//3558 2333//3558 2332//3558 2343//3558
f 2345//3559 2334//3559 2333//3559 2344//3559
f 2346//3560 2335//3560 2334//3560 2345//3560
f 2347//3561 2336//3561 2335//3561 2346//3561
f 2348//3562 2337//3562 2336//3562 2347//3562
f 2349//3563 2338//3563 2337//3563 2348//3563
f 2358//3564 2354//3564 2327//3564 2392//3564
f 2361//3565 2360//3565 2358//3565 2359//3565
f 2394//3566 2356//3566 2354//3566 2360//3566
f 2362//3567 2394//3567 2361//3567 2393//3567
f 2366//3568 2365//3568 2362//3568 2363//3568
f 2367//3569 2366//3569 2363//3569 2364//3569
f 2369//3570 2392//3570 2327//3570 2338//3570
f 2370//3571 2358//3571 2392//3571 2369//3571
f 2371//3572 2359//3572 2358//3572 2370//3572
f 2372//3573 2361//3573 2359//3573 2371//3573
f 2373//3574 2393//3574 2361//3574 2372//3574
f 2375//3575 2362//3575 2393//3575 2373//3575
f 2376//3576 2375//3576 2373//3576 2374//3576
f 2376//3577 2363//3577 2362//3577 2375//3577
f 2377//3578 2364//3578 2363//3578 2376//3578
f 2378//3579 2367//3579 2364//3579 2377//3579
f 2379//3580 2368//3580 2367//3580 2378//3580
f 2380//3581 2369//3581 2338//3581 2349//3581
f 2382//3582 2370//3582 2369//3582 2380//3582
f 2383//3583 2382//3583 2380//3583 2381//3583
f 2383//3584 2371//3584 2370//3584 2382//3584
f 2385//3585 2372//3585 2371//3585 2383//3585
f 2386//3586 2385//3586 2383//3586 2384//3586
f 2386//3587 2373//3587 2372//3587 2385//3587
f 2387//3588 2374//3588 2373//3588 2386//3588
f 2388//3589 2376//3589 2374//3589 2387//3589
f 2389//3590 2377//3590 2376//3590 2388//3590
f 2390//3591 2378//3591 2377//3591 2389//3591
f 2391//3592 2379//3592 2378//3592 2390//3592
f 2399//3593 608//3593 307//3593 2357//3593
f 2400//3594 2399//3594 2357//3594 2355//3594
f 2395//3595 614//3595 612//3595 2399//3595
f 2401//3596 2396//3596 2399//3596 2400//3596
f 2397//3597 616//3597 614//3597 2395//3597
f 2398//3598 2397//3598 2395//3598 2396//3598
f 2436//3599 2400//3599 2356//3599 2394//3599
f 2437//3600 2436//3600 2394//3600 2365//3600
f 2402//3601 2437//3601 2366//3601 2367//3601
f 2403//3602 2402//3602 2367//3602 2368//3602
f 2405//3603 2404//3603 2402//3603 2403//3603
f 2440//3604 2439//3604 2436//3604 2437//3604
f 2441//3605 2440//3605 2437//3605 2404//3605
f 2406//3606 2441//3606 2405//3606 2438//3606
f 2444//3607 2401//3607 2400//3607 2439//3607
f 2442//3608 2444//3608 2440//3608 2441//3608
f 2408//3609 2442//3609 2441//3609 2407//3609
f 2411//3610 2410//3610 2408//3610 2409//3610
f 2412//3611 2443//3611 2442//3611 2410//3611
f 2413//3612 2412//3612 2410//3612 2411//3612
f 2415//3613 2414//3613 2412//3613 2413//3613
f 2416//3614 2403//3614 2368//3614 2379//3614
f 2417//3615 2405//3615 2403//3615 2416//3615
f 2418//3616 2438//3616 2405//3616 2417//3616
f 2419//3617 2406//3617 2438//3617 2418//3617
f 2420//3618 2407//3618 2406//3618 2419//3618
f 2421//3619 2408//3619 2407//3619 2420//3619
f 2422//3620 2409//3620 2408//3620 2421//3620
f 2423//3621 2411//3621 2409//3621 2422//3621
f 2424//3622 2413//3622 2411//3622 2423//3622
f 2425//3623 2415//3623 2413//3623 2424//3623
f 2426//3624 2416//3624 2379//3624 2391//3624
f 2427//3625 2417//3625 2416//3625 2426//3625
f 2428//3626 2418//3626 2417//3626 2427//3626
f 2429//3627 2419//3627 2418//3627 2428//3627
f 2430//3628 2420//3628 2419//3628 2429//3628
f 2431//3629 2421//3629 2420//3629 2430//3629
f 2432//3630 2422//3630 2421//3630 2431//3630
f 2433//3631 2423//3631 2422//3631 2432//3631
f 2434//3632 2424//3632 2423//3632 2433//3632
f 2435//3633 2425//3633 2424//3633 2434//3633
f 2483//3634 2339//3634 293//3634 906//3634
f 2484//3635 2341//3635 2340//3635 2483//3635
f 2485//3636 2344//3636 2343//3636 2484//3636
f 2486//3637 2346//3637 2345//3637 2485//3637
f 2445//3638 2347//3638 2346//3638 2486//3638
f 2446//3639 2348//3639 2347//3639 2445//3639
f 2447//3640 2349//3640 2348//3640 2446//3640
f 2449//3641 2446//3641 2445//3641 2448//3641
f 2450//3642 2483//3642 906//3642 867//3642
f 2452//3643 2484//3643 2483//3643 2451//3643
f 2455//3644 2485//3644 2484//3644 2454//3644
f 2457//3645 2486//3645 2485//3645 2456//3645
f 2458//3646 2448//3646 2486//3646 2457//3646
f 2459//3647 2449//3647 2448//3647 2458//3647
f 2460//3648 2450//3648 867//3648 876//3648
f 2461//3649 2451//3649 2450//3649 2460//3649
f 2462//3650 2452//3650 2451//3650 2461//3650
f 2463//3651 2453//3651 2452//3651 2462//3651
f 882//3652 2464//3652 2460//3652 876//3652
f 2464//3653 2465//3653 2461//3653 2460//3653
f 2465//3654 2466//3654 2462//3654 2461//3654
f 2466//3655 2467//3655 2463//3655 2462//3655
f 2467//3656 2454//3656 2453//3656 2463//3656
f 2468//3657 2455//3657 2454//3657 2467//3657
f 2469//3658 2456//3658 2455//3658 2468//3658
f 2470//3659 2457//3659 2456//3659 2469//3659
f 890//3660 2487//3660 2464//3660 882//3660
f 2487//3661 2471//3661 2466//3661 2465//3661
f 2471//3662 2472//3662 2467//3662 2466//3662
f 2472//3663 2473//3663 2468//3663 2467//3663
f 2473//3664 2474//3664 2469//3664 2468//3664
f 2474//3665 2475//3665 2470//3665 2469//3665
f 2475//3666 2458//3666 2457//3666 2470//3666
f 2476//3667 2459//3667 2458//3667 2475//3667
f 2477//3668 2478//3668 2472//3668 2471//3668
f 2478//3669 2479//3669 2473//3669 2472//3669
f 2479//3670 2480//3670 2474//3670 2473//3670
f 2480//3671 2481//3671 2475//3671 2474//3671
f 2481//3672 2482//3672 2476//3672 2475//3672
f 912//3673 2488//3673 2487//3673 898//3673
f 2488//3674 2489//3674 2479//3674 2478//3674
f 2491//3675 2447//3675 2446//3675 2490//3675
f 2491//3676 2380//3676 2349//3676 2447//3676
f 2492//3677 2381//3677 2380//3677 2491//3677
f 2536//3678 2383//3678 2381//3678 2492//3678
f 2493//3679 2384//3679 2383//3679 2536//3679
f 2494//3680 2386//3680 2384//3680 2493//3680
f 2495//3681 2387//3681 2386//3681 2494//3681
f 2537//3682 2388//3682 2387//3682 2495//3682
f 2496//3683 2389//3683 2388//3683 2537//3683
f 2497//3684 2390//3684 2389//3684 2496//3684
f 2498//3685 2391//3685 2390//3685 2497//3685
f 2499//3686 2490//3686 2446//3686 2449//3686
f 2500//3687 2491//3687 2490//3687 2499//3687
f 2501//3688 2492//3688 2491//3688 2500//3688
f 2503//3689 2494//3689 2493//3689 2502//3689
f 2504//3690 2495//3690 2494//3690 2503//3690
f 2506//3691 2497//3691 2496//3691 2505//3691
f 2507//3692 2498//3692 2497//3692 2506//3692
f 2508//3693 2499//3693 2449//3693 2459//3693
f 2509//3694 2500//3694 2499//3694 2508//3694
f 2510//3695 2501//3695 2500//3695 2509//3695
f 2511//3696 2536//3696 2501//3696 2510//3696
f 2512//3697 2502//3697 2536//3697 2511//3697
f 2513//3698 2503//3698 2502//3698 2512//3698
f 2514//3699 2504//3699 2503//3699 2513//3699
f 2515//3700 2537//3700 2504//3700 2514//3700
f 2516//3701 2505//3701 2537//3701 2515//3701
f 2517//3702 2506//3702 2505//3702 2516//3702
f 2518//3703 2507//3703 2506//3703 2517//3703
f 2519//3704 2508//3704 2459//3704 2476//3704
f 2482//3705 2520//3705 2519//3705 2476//3705
f 2520//3706 2509//3706 2508//3706 2519//3706
f 2521//3707 2510//3707 2509//3707 2520//3707
f 2489//3708 2522//3708 2520//3708 2482//3708
f 2522//3709 2523//3709 2521//3709 2520//3709
f 2523//3710 2511//3710 2510//3710 2521//3710
f 2524//3711 2512//3711 2511//3711 2523//3711
f 2525//3712 2526//3712 2523//3712 2522//3712
f 2526//3713 2527//3713 2524//3713 2523//3713
f 2527//3714 2513//3714 2512//3714 2524//3714
f 2528//3715 2514//3715 2513//3715 2527//3715
f 2538//3716 2529//3716 2527//3716 2526//3716
f 2529//3717 2530//3717 2528//3717 2527//3717
f 2530//3718 2515//3718 2514//3718 2528//3718
f 2531//3719 2516//3719 2515//3719 2530//3719
f 2532//3720 2533//3720 2530//3720 2529//3720
f 2533//3721 2534//3721 2531//3721 2530//3721
f 2534//3722 2517//3722 2516//3722 2531//3722
f 2535//3723 2518//3723 2517//3723 2534//3723
f 1218//3724 2550//3724 2547//3724 1215//3724
f 2550//3725 2551//3725 2548//3725 2547//3725
f 1221//3726 2557//3726 2550//3726 1218//3726
f 2557//3727 2553//3727 2552//3727 2551//3727
f 2555//3728 2556//3728 2554//3728 2553//3728
f 1215//3729 2547//3729 2488//3729 912//3729
f 2548//3730 2539//3730 2489//3730 2488//3730
f 2541//3731 2542//3731 2540//3731 2539//3731
f 2551//3732 2552//3732 2541//3732 2548//3732
f 2552//3733 2543//3733 2549//3733 2542//3733
f 2545//3734 2546//3734 2544//3734 2543//3734
f 2553//3735 2554//3735 2545//3735 2552//3735
f 2595//3736 2426//3736 2391//3736 2498//3736
f 2596//3737 2428//3737 2427//3737 2595//3737
f 2597//3738 2429//3738 2428//3738 2596//3738
f 2598//3739 2431//3739 2430//3739 2597//3739
f 2599//3740 2434//3740 2433//3740 2598//3740
f 2558//3741 2595//3741 2507//3741 2518//3741
f 2560//3742 2596//3742 2595//3742 2559//3742
f 2561//3743 2597//3743 2596//3743 2560//3743
f 2563//3744 2598//3744 2597//3744 2562//3744
f 2566//3745 2599//3745 2598//3745 2565//3745
f 2549//3746 2604//3746 2538//3746 2489//3746
f 2604//3747 2568//3747 2534//3747 2533//3747
f 2568//3748 2569//3748 2535//3748 2534//3748
f 2569//3749 2558//3749 2518//3749 2535//3749
f 2570//3750 2571//3750 2569//3750 2568//3750
f 2571//3751 2559//3751 2558//3751 2569//3751
f 2572//3752 2560//3752 2559//3752 2571//3752
f 2573//3753 2574//3753 2571//3753 2570//3753
f 2574//3754 2575//3754 2572//3754 2571//3754
f 2575//3755 2561//3755 2560//3755 2572//3755
f 2576//3756 2577//3756 2574//3756 2573//3756
f 2577//3757 2578//3757 2575//3757 2574//3757
f 2578//3758 2562//3758 2561//3758 2575//3758
f 2554//3759 2579//3759 2604//3759 2546//3759
f 2600//3760 2601//3760 2576//3760 2604//3760
f 2601//3761 2581//3761 2578//3761 2577//3761
f 2581//3762 2563//3762 2562//3762 2578//3762
f 2582//3763 2564//3763 2563//3763 2581//3763
f 2583//3764 2584//3764 2580//3764 2579//3764
f 2585//3765 2586//3765 2582//3765 2581//3765
f 2586//3766 2565//3766 2564//3766 2582//3766
f 2556//3767 2587//3767 2583//3767 2554//3767
f 2587//3768 2588//3768 2584//3768 2583//3768
f 2588//3769 2602//3769 2600//3769 2584//3769
f 2602//3770 2603//3770 2601//3770 2600//3770
f 2603//3771 2589//3771 2585//3771 2601//3771
f 2589//3772 2590//3772 2586//3772 2585//3772
f 2590//3773 2566//3773 2565//3773 2586//3773
f 2591//3774 2592//3774 2588//3774 2587//3774
f 2593//3775 2594//3775 2590//3775 2589//3775
f 2594//3776 2567//3776 2566//3776 2590//3776
f 2608//3777 2607//3777 2605//3777 2606//3777
f 2610//3778 2609//3778 311//3778 312//3778
f 2611//3779 2610//3779 312//3779 313//3779
f 2605//3780 2611//3780 313//3780 323//3780
f 2613//3781 2612//3781 2609//3781 2610//3781
f 2614//3782 2613//3782 2610//3782 2611//3782
f 2607//3783 2614//3783 2611//3783 2605//3783
f 2616//3784 2615//3784 2612//3784 2613//3784
f 2640//3785 2616//3785 2613//3785 2614//3785
f 2635//3786 2640//3786 2614//3786 2607//3786
f 2618//3787 2617//3787 2615//3787 2616//3787
f 2620//3788 2619//3788 2617//3788 2618//3788
f 2641//3789 2620//3789 2618//3789 2640//3789
f 2636//3790 2641//3790 2640//3790 2635//3790
f 2622//3791 2621//3791 2619//3791 2620//3791
f 2624//3792 2623//3792 2621//3792 2622//3792
f 2642//3793 2624//3793 2622//3793 2641//3793
f 2637//3794 2642//3794 2641//3794 2636//3794
f 2626//3795 2625//3795 2623//3795 2624//3795
f 2627//3796 2638//3796 320//3796 321//3796
f 2609//3797 2627//3797 321//3797 311//3797
f 2612//3798 2628//3798 2627//3798 2609//3798
f 2629//3799 2639//3799 2638//3799 2628//3799
f 2615//3800 2629//3800 2628//3800 2612//3800
f 2617//3801 2630//3801 2629//3801 2615//3801
f 2631//3802 2643//3802 2639//3802 2630//3802
f 2619//3803 2631//3803 2630//3803 2617//3803
f 2621//3804 2632//3804 2631//3804 2619//3804
f 2623//3805 2633//3805 2632//3805 2621//3805
f 2625//3806 2634//3806 2633//3806 2623//3806
f 2644//3807 2606//3807 323//3807 338//3807
f 2645//3808 2644//3808 338//3808 339//3808
f 2648//3809 2645//3809 339//3809 340//3809
f 2655//3810 2648//3810 341//3810 382//3810
f 2646//3811 2608//3811 2606//3811 2644//3811
f 2647//3812 2646//3812 2644//3812 2645//3812
f 2649//3813 2635//3813 2608//3813 2646//3813
f 2650//3814 2649//3814 2647//3814 2648//3814
f 2651//3815 2636//3815 2635//3815 2649//3815
f 2652//3816 2651//3816 2649//3816 2650//3816
f 2656//663 2652//663 2650//663 2655//663
f 2653//3817 2637//3817 2636//3817 2651//3817
f 2654//3818 2653//3818 2651//3818 2652//3818
f 2657//3819 2655//3819 343//3819 430//3819
f 2658//72 2657//72 431//72 475//72
f 2659//3820 2658//3820 476//3820 521//3820
f 2660//3821 2659//3821 518//3821 572//3821
f 2661//3822 2660//3822 575//3822 603//3822
f 2677//3823 2661//3823 604//3823 617//3823
f 2666//3824 2677//3824 617//3824 615//3824
f 2667//3825 2666//3825 615//3825 616//3825
f 2669//3826 2668//3826 2666//3826 2667//3826
f 2672//3827 2671//3827 2677//3827 2668//3827
f 2673//3828 2672//3828 2668//3828 2669//3828
f 2662//3829 2674//3829 2670//3829 2671//3829
f 2675//3830 2663//3830 2671//3830 2672//3830
f 2676//3831 2675//3831 2672//3831 2673//3831
f 2665//3832 2664//3832 2662//3832 2663//3832
f 2679//3833 2678//3833 2625//3833 2626//3833
f 2706//3834 2679//3834 2626//3834 2642//3834
f 2702//3835 2706//3835 2642//3835 2637//3835
f 2681//3836 2680//3836 2678//3836 2679//3836
f 2708//3837 2707//3837 2681//3837 2706//3837
f 2703//3838 2708//3838 2706//3838 2702//3838
f 2709//3839 2683//3839 2707//3839 2708//3839
f 2704//3840 2709//3840 2708//3840 2703//3840
f 2685//3841 2684//3841 2682//3841 2683//3841
f 2687//3842 2686//3842 2684//3842 2685//3842
f 2688//3843 2687//3843 2685//3843 2709//3843
f 2705//3844 2688//3844 2709//3844 2704//3844
f 2691//3845 2710//3845 2643//3845 2634//3845
f 2678//3846 2691//3846 2634//3846 2625//3846
f 2680//3847 2692//3847 2691//3847 2678//3847
f 2694//3848 2693//3848 2710//3848 2707//3848
f 2696//3849 2695//3849 2693//3849 2694//3849
f 2684//3850 2696//3850 2694//3850 2682//3850
f 2686//3851 2697//3851 2696//3851 2684//3851
f 2687//3852 2698//3852 2697//3852 2686//3852
f 2688//3853 2699//3853 2698//3853 2687//3853
f 2689//3854 2700//3854 2699//3854 2688//3854
f 2690//3855 2701//3855 2700//3855 2689//3855
f 2728//3856 2702//3856 2637//3856 2653//3856
f 2729//3857 2728//3857 2653//3857 2654//3857
f 2734//663 2729//663 2654//663 2656//663
f 2730//3858 2703//3858 2702//3858 2728//3858
f 2731//3859 2730//3859 2728//3859 2729//3859
f 2732//3860 2704//3860 2703//3860 2730//3860
f 2733//3861 2732//3861 2730//3861 2731//3861
f 2735//3862 2733//3862 2731//3862 2734//3862
f 2711//3863 2705//3863 2704//3863 2732//3863
f 2713//3864 2712//3864 2732//3864 2733//3864
f 2716//3865 2715//3865 2711//3865 2712//3865
f 2717//3866 2716//3866 2712//3866 2713//3866
f 2718//3867 2717//3867 2713//3867 2714//3867
f 2711//3868 2719//3868 2689//3868 2705//3868
f 2720//3869 2690//3869 2689//3869 2719//3869
f 2715//3870 2720//3870 2719//3870 2711//3870
f 2716//3871 2721//3871 2720//3871 2715//3871
f 2717//3872 2722//3872 2721//3872 2716//3872
f 2718//3873 2723//3873 2722//3873 2717//3873
f 2720//3874 2724//3874 2701//3874 2690//3874
f 2721//3875 2725//3875 2724//3875 2720//3875
f 2722//3876 2726//3876 2725//3876 2721//3876
f 2723//3877 2727//3877 2726//3877 2722//3877
f 2736//3878 2734//3878 2656//3878 2657//3878
f 2737//93 2736//93 2657//93 2658//93
f 2738//3879 2737//3879 2658//3879 2659//3879
f 2739//3880 2738//3880 2659//3880 2660//3880
f 2744//3881 2739//3881 2660//3881 2661//3881
f 2743//3882 2742//3882 2740//3882 2741//3882
f 2746//3883 2745//3883 2744//3883 2742//3883
f 2763//3884 2741//3884 2661//3884 2674//3884
f 2764//3885 2763//3885 2674//3885 2664//3885
f 2774//3886 2764//3886 2665//3886 2675//3886
f 2765//3887 2743//3887 2741//3887 2763//3887
f 2766//3888 2765//3888 2763//3888 2764//3888
f 2767//3889 2746//3889 2743//3889 2765//3889
f 2768//3890 2767//3890 2765//3890 2766//3890
f 2769//3891 2768//3891 2766//3891 2774//3891
f 2772//3892 2771//3892 2767//3892 2768//3892
f 2773//3893 2772//3893 2768//3893 2769//3893
f 2747//3894 2773//3894 2769//3894 2770//3894
f 2750//3895 2749//3895 2747//3895 2748//3895
f 2773//3896 2753//3896 2752//3896 2772//3896
f 2749//3897 2755//3897 2754//3897 2773//3897
f 2750//3898 2756//3898 2755//3898 2749//3898
f 2752//3899 2758//3899 2757//3899 2751//3899
f 2753//3900 2759//3900 2758//3900 2752//3900
f 2754//3901 2760//3901 2759//3901 2753//3901
f 2755//3902 2761//3902 2760//3902 2754//3902
f 2756//3903 2762//3903 2761//3903 2755//3903
f 2775//3904 2796//3904 2718//3904 2735//3904
f 2780//3905 2779//3905 2776//3905 2777//3905
f 2781//3906 2780//3906 2777//3906 2778//3906
f 2796//3907 2782//3907 2723//3907 2718//3907
f 2775//3908 2783//3908 2782//3908 2796//3908
f 2776//3909 2784//3909 2783//3909 2775//3909
f 2779//3910 2785//3910 2784//3910 2776//3910
f 2780//3911 2786//3911 2785//3911 2779//3911
f 2781//3912 2787//3912 2786//3912 2780//3912
f 2797//3913 2788//3913 2787//3913 2781//3913
f 2782//3914 2789//3914 2727//3914 2723//3914
f 2783//3915 2790//3915 2789//3915 2782//3915
f 2784//3916 2791//3916 2790//3916 2783//3916
f 2785//3917 2792//3917 2791//3917 2784//3917
f 2786//3918 2793//3918 2792//3918 2785//3918
f 2787//3919 2794//3919 2793//3919 2786//3919
f 2788//3920 2795//3920 2794//3920 2787//3920
f 2835//3921 2778//3921 2735//3921 2736//3921
f 2798//3922 2797//3922 2781//3922 2835//3922
f 2837//3923 2799//3923 2835//3923 2836//3923
f 2801//3924 2800//3924 2798//3924 2799//3924
f 2802//3925 2838//3925 2801//3925 2837//3925
f 2804//3926 2803//3926 2837//3926 2839//3926
f 2809//3927 2808//3927 2803//3927 2804//3927
f 2810//3928 2809//3928 2804//3928 2805//3928
f 2811//3929 2810//3929 2805//3929 2806//3929
f 2812//3930 2811//3930 2806//3930 2807//3930
f 2798//3931 2813//3931 2788//3931 2797//3931
f 2800//3932 2814//3932 2813//3932 2798//3932
f 2801//3933 2815//3933 2814//3933 2800//3933
f 2838//3934 2816//3934 2815//3934 2801//3934
f 2802//3935 2817//3935 2816//3935 2838//3935
f 2803//3936 2818//3936 2817//3936 2802//3936
f 2808//3937 2819//3937 2818//3937 2803//3937
f 2809//3938 2820//3938 2819//3938 2808//3938
f 2810//3939 2821//3939 2820//3939 2809//3939
f 2811//3940 2822//3940 2821//3940 2810//3940
f 2812//3941 2823//3941 2822//3941 2811//3941
f 2813//3942 2824//3942 2795//3942 2788//3942
f 2814//3943 2825//3943 2824//3943 2813//3943
f 2815//3944 2826//3944 2825//3944 2814//3944
f 2816//3945 2827//3945 2826//3945 2815//3945
f 2817//3946 2828//3946 2827//3946 2816//3946
f 2818//3947 2829//3947 2828//3947 2817//3947
f 2819//3948 2830//3948 2829//3948 2818//3948
f 2820//3949 2831//3949 2830//3949 2819//3949
f 2821//3950 2832//3950 2831//3950 2820//3950
f 2822//3951 2833//3951 2832//3951 2821//3951
f 2823//3952 2834//3952 2833//3952 2822//3952
f 2872//665 2839//665 2736//665 2737//665
f 2840//3953 2807//3953 2839//3953 2872//3953
f 2844//3954 2843//3954 2872//3954 2873//3954
f 2848//3955 2812//3955 2807//3955 2840//3955
f 2849//3956 2848//3956 2840//3956 2841//3956
f 2850//3957 2849//3957 2841//3957 2842//3957
f 2851//3958 2850//3958 2842//3958 2843//3958
f 2852//3959 2851//3959 2843//3959 2844//3959
f 2853//3960 2852//3960 2844//3960 2845//3960
f 2854//3961 2853//3961 2845//3961 2846//3961
f 2855//3962 2854//3962 2846//3962 2847//3962
f 2848//3963 2856//3963 2823//3963 2812//3963
f 2849//3964 2857//3964 2856//3964 2848//3964
f 2850//3965 2858//3965 2857//3965 2849//3965
f 2851//3966 2859//3966 2858//3966 2850//3966
f 2852//3967 2860//3967 2859//3967 2851//3967
f 2853//3968 2861//3968 2860//3968 2852//3968
f 2854//3969 2862//3969 2861//3969 2853//3969
f 2855//3970 2863//3970 2862//3970 2854//3970
f 2856//3971 2864//3971 2834//3971 2823//3971
f 2857//3972 2865//3972 2864//3972 2856//3972
f 2858//3973 2866//3973 2865//3973 2857//3973
f 2859//3974 2867//3974 2866//3974 2858//3974
f 2860//3975 2868//3975 2867//3975 2859//3975
f 2861//3976 2869//3976 2868//3976 2860//3976
f 2862//3977 2870//3977 2869//3977 2861//3977
f 2863//3978 2871//3978 2870//3978 2862//3978
f 2906//3979 2873//3979 2737//3979 2738//3979
f 2874//3980 2847//3980 2873//3980 2906//3980
f 2878//3981 2877//3981 2906//3981 2907//3981
f 2882//3982 2855//3982 2847//3982 2874//3982
f 2883//3983 2882//3983 2874//3983 2875//3983
f 2884//3984 2883//3984 2875//3984 2876//3984
f 2885//3985 2884//3985 2876//3985 2877//3985
f 2886//3986 2885//3986 2877//3986 2878//3986
f 2887//3987 2886//3987 2878//3987 2879//3987
f 2888//3988 2887//3988 2879//3988 2880//3988
f 2889//3989 2888//3989 2880//3989 2881//3989
f 2882//3990 2890//3990 2863//3990 2855//3990
f 2883//3991 2891//3991 2890//3991 2882//3991
f 2884//3992 2892//3992 2891//3992 2883//3992
f 2885//3993 2893//3993 2892//3993 2884//3993
f 2886//3994 2894//3994 2893//3994 2885//3994
f 2887//3995 2895//3995 2894//3995 2886//3995
f 2888//3996 2896//3996 2895//3996 2887//3996
f 2889//3997 2897//3997 2896//3997 2888//3997
f 2890//3998 2898//3998 2871//3998 2863//3998
f 2891//3999 2899//3999 2898//3999 2890//3999
f 2892//4000 2900//4000 2899//4000 2891//4000
f 2893//4001 2901//4001 2900//4001 2892//4001
f 2894//4002 2902//4002 2901//4002 2893//4002
f 2895//4003 2903//4003 2902//4003 2894//4003
f 2896//4004 2904//4004 2903//4004 2895//4004
f 2897//4005 2905//4005 2904//4005 2896//4005
f 2945//4006 2907//4006 2738//4006 2739//4006
f 2911//4007 2910//4007 2908//4007 2909//4007
f 2949//4008 2948//4008 2945//4008 2946//4008
f 2950//4009 2949//4009 2946//4009 2947//4009
f 2951//4010 2950//4010 2947//4010 2910//4010
f 2912//4011 2881//4011 2907//4011 2948//4011
f 2914//4012 2913//4012 2948//4012 2949//4012
f 2916//4013 2889//4013 2881//4013 2912//4013
f 2917//4014 2916//4014 2912//4014 2913//4014
f 2918//4015 2917//4015 2913//4015 2914//4015
f 2911//4016 2920//4016 2919//4016 2910//4016
f 2951//4017 2923//4017 2922//4017 2950//4017
f 2923//4018 2951//4018 2910//4018 2919//4018
f 2924//4019 2923//4019 2919//4019 2920//4019
f 2950//4020 2926//4020 2925//4020 2949//4020
f 2927//4021 2926//4021 2921//4021 2922//4021
f 2915//4022 2929//4022 2928//4022 2914//4022
f 2929//4023 2915//4023 2949//4023 2925//4023
f 2916//4024 2930//4024 2897//4024 2889//4024
f 2917//4025 2931//4025 2930//4025 2916//4025
f 2918//4026 2932//4026 2931//4026 2917//4026
f 2932//4027 2918//4027 2914//4027 2928//4027
f 2923//4028 2935//4028 2934//4028 2922//4028
f 2924//4029 2936//4029 2935//4029 2923//4029
f 2936//4030 2924//4030 2920//4030 2933//4030
f 2926//4031 2938//4031 2937//4031 2925//4031
f 2927//4032 2939//4032 2938//4032 2926//4032
f 2939//4033 2927//4033 2922//4033 2934//4033
f 2929//4034 2941//4034 2940//4034 2928//4034
f 2941//4035 2929//4035 2925//4035 2937//4035
f 2930//4036 2942//4036 2905//4036 2897//4036
f 2931//4037 2943//4037 2942//4037 2930//4037
f 2932//4038 2944//4038 2943//4038 2931//4038
f 2944//4039 2932//4039 2928//4039 2940//4039
f 2952//4040 2909//4040 2739//4040 2745//4040
f 2976//4041 2975//4041 2745//4041 2746//4041
f 2954//4042 2911//4042 2909//4042 2952//4042
f 2955//4043 2954//4043 2952//4043 2953//4043
f 2975//4044 2957//4044 2956//4044 2953//4044
f 2976//4045 2959//4045 2958//4045 2975//4045
f 2977//4046 2961//4046 2960//4046 2976//4046
f 2954//4047 2963//4047 2920//4047 2911//4047
f 2955//4048 2964//4048 2963//4048 2954//4048
f 2964//4049 2955//4049 2953//4049 2956//4049
f 2965//4050 2964//4050 2956//4050 2957//4050
f 2958//4051 2967//4051 2966//4051 2957//4051
f 2959//4052 2968//4052 2967//4052 2958//4052
f 2960//4053 2969//4053 2968//4053 2959//4053
f 2961//4054 2970//4054 2969//4054 2960//4054
f 2962//4055 2971//4055 2970//4055 2961//4055
f 2963//4056 2972//4056 2933//4056 2920//4056
f 2964//4057 2973//4057 2972//4057 2963//4057
f 2965//4058 2974//4058 2973//4058 2964//4058
f 2974//4059 2965//4059 2957//4059 2966//4059
f 2984//4060 2977//4060 2746//4060 2771//4060
f 2985//4061 2984//4061 2771//4061 2772//4061
f 2984//4062 2978//4062 2962//4062 2977//4062
f 2985//4063 2980//4063 2979//4063 2984//4063
f 2980//4064 2985//4064 2772//4064 2751//4064
f 2978//4065 2981//4065 2971//4065 2962//4065
f 2979//4066 2982//4066 2981//4066 2978//4066
f 2980//4067 2983//4067 2982//4067 2979//4067
f 2983//4068 2980//4068 2751//4068 2757//4068
f 3007//4069 2986//4069 917//4069 930//4069
f 2989//4070 2988//4070 919//4070 920//4070
f 2986//4071 2989//4071 920//4071 917//4071
f 2991//4072 2990//4072 2988//4072 2989//4072
f 2987//4073 2991//4073 2989//4073 2986//4073
f 2993//4074 2992//4074 923//4074 924//4074
f 2988//4075 2993//4075 924//4075 919//4075
f 2990//4076 2994//4076 2993//4076 2988//4076
f 2991//4077 2995//4077 2994//4077 2990//4077
f 3000//4078 3004//4078 2995//4078 2991//4078
f 3001//4079 3005//4079 3004//4079 3000//4079
f 3002//4080 3006//4080 3005//4080 3001//4080
f 2992//4081 2996//4081 928//4081 923//4081
f 2993//4082 2997//4082 2996//4082 2992//4082
f 2999//4083 2998//4083 2996//4083 2997//4083
f 2994//4084 2999//4084 2997//4084 2993//4084
f 3004//4085 3003//4085 2998//4085 2999//4085
f 3009//4086 3008//4086 938//4086 939//4086
f 2638//4087 3009//4087 939//4087 320//4087
f 3011//4088 3010//4088 3008//4088 3009//4088
f 3013//4089 3012//4089 3010//4089 3011//4089
f 2639//4090 3013//4090 3011//4090 2638//4090
f 3015//4091 3014//4091 3012//4091 3013//4091
f 3017//4092 3016//4092 3014//4092 3015//4092
f 2643//4093 3017//4093 3015//4093 2639//4093
f 3019//4094 3018//4094 3016//4094 3017//4094
f 3021//4095 3020//4095 3018//4095 3019//4095
f 3023//4096 3022//4096 3020//4096 3021//4096
f 3024//4097 3038//4097 948//4097 949//4097
f 3008//4098 3024//4098 949//4098 938//4098
f 3010//4099 3025//4099 3024//4099 3008//4099
f 3026//4100 3039//4100 3038//4100 3025//4100
f 3012//4101 3026//4101 3025//4101 3010//4101
f 3014//4102 3027//4102 3026//4102 3012//4102
f 3028//4103 3040//4103 3039//4103 3027//4103
f 3016//4104 3028//4104 3027//4104 3014//4104
f 3018//4105 3029//4105 3028//4105 3016//4105
f 3030//4106 3041//4106 3040//4106 3029//4106
f 3020//4107 3030//4107 3029//4107 3018//4107
f 3022//4108 3031//4108 3030//4108 3020//4108
f 3033//4109 3032//4109 954//4109 955//4109
f 3038//4110 3033//4110 955//4110 948//4110
f 3035//4111 3034//4111 3032//4111 3033//4111
f 3039//4112 3042//4112 3035//4112 3038//4112
f 3040//4113 3043//4113 3042//4113 3039//4113
f 3041//4114 3044//4114 3043//4114 3040//4114
f 3036//4115 3007//4115 930//4115 960//4115
f 3032//4116 3036//4116 960//4116 954//4116
f 3034//4117 3037//4117 3036//4117 3032//4117
f 3037//4118 3045//4118 2987//4118 3007//4118
f 3046//4119 3001//4119 3000//4119 3045//4119
f 3043//4120 3046//4120 3045//4120 3042//4120
f 3048//4121 3049//4121 1164//4121 1163//4121
f 3051//4122 3052//4122 3049//4122 3048//4122
f 3047//4123 3048//4123 1163//4123 1162//4123
f 3050//4124 3051//4124 3048//4124 3047//4124
f 3053//4125 3054//4125 3052//4125 3051//4125
f 3055//4126 3056//4126 3054//4126 3053//4126
f 3058//4127 3047//4127 1162//4127 1169//4127
f 3060//4128 3050//4128 3047//4128 3058//4128
f 3061//4129 3051//4129 3050//4129 3060//4129
f 3064//4130 3062//4130 3061//4130 3060//4130
f 3062//4131 3053//4131 3051//4131 3061//4131
f 3063//4132 3055//4132 3053//4132 3062//4132
f 3057//4133 3058//4133 1169//4133 1168//4133
f 3059//4134 3060//4134 3058//4134 3057//4134
f 3065//4135 3066//4135 1189//4135 1188//4135
f 3066//4136 3073//4136 1192//4136 1189//4136
f 3067//4137 3068//4137 3066//4137 3065//4137
f 3074//4138 3069//4138 3073//4138 3068//4138
f 3071//4139 3072//4139 3070//4139 3069//4139
f 3049//4140 3075//4140 1193//4140 1164//4140
f 3075//4141 3065//4141 1188//4141 1193//4141
f 3054//4142 3076//4142 3075//4142 3052//4142
f 3076//4143 3074//4143 3067//4143 3075//4143
f 3085//4144 3086//4144 1223//4144 1222//4144
f 3086//4145 3095//4145 1224//4145 1223//4145
f 3087//4146 3088//4146 3086//4146 3085//4146
f 3089//4147 3090//4147 3095//4147 3088//4147
f 3093//4148 3094//4148 3091//4148 3090//4148
f 3073//4149 3085//4149 1222//4149 1192//4149
f 3070//4150 3077//4150 3087//4150 3073//4150
f 3078//4151 3089//4151 3088//4151 3087//4151
f 3079//4152 3080//4152 3078//4152 3077//4152
f 3072//4153 3092//4153 3079//4153 3070//4153
f 3092//4154 3081//4154 3089//4154 3080//4154
f 3082//4155 3093//4155 3090//4155 3089//4155
f 3083//4156 3084//4156 3082//4156 3081//4156
f 3097//4157 3099//4157 3098//4157 3096//4157
f 3107//4158 3109//4158 3006//4158 3002//4158
f 3098//4159 3101//4159 3109//4159 3107//4159
f 3099//4160 3102//4160 3101//4160 3098//4160
f 3108//4161 3110//4161 3102//4161 3099//4161
f 3101//4162 3104//4162 3103//4162 3100//4162
f 3106//4163 3105//4163 3103//4163 3104//4163
f 3102//4164 3106//4164 3104//4164 3101//4164
f 3112//4165 3111//4165 3022//4165 3023//4165
f 2710//4166 3112//4166 3023//4166 2643//4166
f 3114//4167 3113//4167 3111//4167 3112//4167
f 3116//4168 3115//4168 3113//4168 3114//4168
f 3118//4169 3117//4169 3115//4169 3116//4169
f 3120//4170 3119//4170 3117//4170 3118//4170
f 2693//4171 3120//4171 3118//4171 2710//4171
f 3122//4172 3121//4172 3119//4172 3120//4172
f 2695//4173 3122//4173 3120//4173 2693//4173
f 2696//4174 3180//4174 3122//4174 2695//4174
f 3124//4175 3123//4175 3122//4175 3180//4175
f 2697//4176 3124//4176 3180//4176 2696//4176
f 2698//4177 3125//4177 3124//4177 2697//4177
f 2699//4178 3181//4178 3125//4178 2698//4178
f 3126//4179 3178//4179 3041//4179 3031//4179
f 3111//4180 3126//4180 3031//4180 3022//4180
f 3113//4181 3127//4181 3126//4181 3111//4181
f 3128//4182 3179//4182 3178//4182 3127//4182
f 3115//4183 3128//4183 3127//4183 3113//4183
f 3117//4184 3129//4184 3128//4184 3115//4184
f 3131//4185 3130//4185 3179//4185 3129//4185
f 3119//4186 3131//4186 3129//4186 3117//4186
f 3133//4187 3132//4187 3130//4187 3131//4187
f 3121//4188 3133//4188 3131//4188 3119//4188
f 3122//4189 3134//4189 3133//4189 3121//4189
f 3123//4190 3135//4190 3134//4190 3122//4190
f 3124//4191 3136//4191 3135//4191 3123//4191
f 3125//4192 3137//4192 3136//4192 3124//4192
f 3178//4193 3182//4193 3044//4193 3041//4193
f 3179//4194 3139//4194 3182//4194 3178//4194
f 3141//4195 3140//4195 3138//4195 3139//4195
f 3143//4196 3142//4196 3140//4196 3141//4196
f 3130//4197 3143//4197 3141//4197 3179//4197
f 3132//4198 3144//4198 3143//4198 3130//4198
f 3133//4199 3145//4199 3144//4199 3132//4199
f 3134//4200 3146//4200 3145//4200 3133//4200
f 3135//4201 3183//4201 3146//4201 3134//4201
f 3136//4202 3184//4202 3183//4202 3135//4202
f 3181//4203 3185//4203 3184//4203 3137//4203
f 3140//4204 3148//4204 3147//4204 3138//4204
f 3142//4205 3149//4205 3148//4205 3140//4205
f 3143//4206 3150//4206 3149//4206 3142//4206
f 3144//4207 3151//4207 3150//4207 3143//4207
f 3145//4208 3152//4208 3151//4208 3144//4208
f 3146//4209 3153//4209 3152//4209 3145//4209
f 3186//4210 3107//4210 3002//4210 3046//4210
f 3182//4211 3186//4211 3046//4211 3044//4211
f 3154//4212 3096//4212 3107//4212 3186//4212
f 3147//4213 3154//4213 3186//4213 3182//4213
f 3155//4214 3097//4214 3096//4214 3154//4214
f 3148//4215 3155//4215 3154//4215 3147//4215
f 3149//4216 3156//4216 3155//4216 3148//4216
f 3150//4217 3157//4217 3156//4217 3149//4217
f 3159//4218 3158//4218 3156//4218 3157//4218
f 3151//4219 3159//4219 3157//4219 3150//4219
f 3152//4220 3160//4220 3159//4220 3151//4220
f 3153//4221 3161//4221 3160//4221 3152//4221
f 3183//4222 3187//4222 3161//4222 3153//4222
f 3184//4223 3189//4223 3187//4223 3183//4223
f 3155//4224 3162//4224 3099//4224 3097//4224
f 3163//4225 3108//4225 3099//4225 3162//4225
f 3156//4226 3163//4226 3162//4226 3155//4226
f 3158//4227 3164//4227 3163//4227 3156//4227
f 3159//4228 3165//4228 3164//4228 3158//4228
f 3160//4229 3166//4229 3165//4229 3159//4229
f 3161//4230 3167//4230 3166//4230 3160//4230
f 3163//4231 3168//4231 3110//4231 3108//4231
f 3164//4232 3169//4232 3168//4232 3163//4232
f 3165//4233 3170//4233 3169//4233 3164//4233
f 3166//4234 3171//4234 3170//4234 3165//4234
f 3167//4235 3172//4235 3171//4235 3166//4235
f 3187//4236 3188//4236 3172//4236 3167//4236
f 3169//4237 3174//4237 3173//4237 3168//4237
f 3170//4238 3175//4238 3174//4238 3169//4238
f 3171//4239 3176//4239 3175//4239 3170//4239
f 3172//4240 3177//4240 3176//4240 3171//4240
f 2724//4241 3190//4241 3181//4241 2701//4241
f 3191//4242 3192//4242 3056//4242 3055//4242
f 3203//4243 3195//4243 3063//4243 3064//4243
f 3195//4244 3191//4244 3055//4244 3063//4244
f 3196//4245 3192//4245 3191//4245 3195//4245
f 3197//4246 3198//4246 3196//4246 3195//4246
f 3198//4247 3193//4247 3192//4247 3196//4247
f 3199//4248 3200//4248 3198//4248 3197//4248
f 3200//4249 3194//4249 3193//4249 3198//4249
f 3201//4250 3202//4250 3200//4250 3199//4250
f 3241//4251 3224//4251 3071//4251 3074//4251
f 3224//4252 3225//4252 3072//4252 3071//4252
f 3226//4253 3227//4253 3225//4253 3224//4253
f 3228//4254 3229//4254 3227//4254 3226//4254
f 3192//4255 3230//4255 3076//4255 3056//4255
f 3231//4256 3241//4256 3074//4256 3076//4256
f 3242//4257 3224//4257 3241//4257 3231//4257
f 3232//4258 3233//4258 3231//4258 3230//4258
f 3235//4259 3236//4259 3242//4259 3233//4259
f 3236//4260 3228//4260 3226//4260 3242//4260
f 3237//4261 3229//4261 3228//4261 3236//4261
f 3207//4262 3208//4262 3236//4262 3235//4262
f 3209//4263 3210//4263 3237//4263 3236//4263
f 3211//4264 3204//4264 3229//4264 3237//4264
f 3212//4265 3213//4265 3209//4265 3208//4265
f 3213//4266 3214//4266 3210//4266 3209//4266
f 3214//4267 3215//4267 3211//4267 3210//4267
f 3206//4268 3215//4268 3214//4268 3205//4268
f 3215//4269 3206//4269 3204//4269 3211//4269
f 3193//4270 3232//4270 3230//4270 3192//4270
f 3194//4271 3234//4271 3232//4271 3193//4271
f 3234//4272 3235//4272 3233//4272 3232//4272
f 3216//4273 3217//4273 3235//4273 3234//4273
f 3219//4274 3208//4274 3207//4274 3218//4274
f 3220//4275 3221//4275 3217//4275 3216//4275
f 3221//4276 3222//4276 3218//4276 3217//4276
f 3222//4277 3223//4277 3219//4277 3218//4277
f 3223//4278 3212//4278 3208//4278 3219//4278
f 3238//4279 3234//4279 3194//4279 3200//4279
f 3202//4280 3239//4280 3238//4280 3200//4280
f 3239//4281 3216//4281 3234//4281 3238//4281
f 3240//4282 3221//4282 3220//4282 3239//4282
f 2759//4283 3274//4283 3273//4283 2758//4283
f 2761//4284 3275//4284 3274//4284 2760//4284
f 3274//4285 3245//4285 3244//4285 3273//4285
f 3275//4286 3247//4286 3246//4286 3274//4286
f 3225//4287 3276//4287 3092//4287 3072//4287
f 3276//4288 3277//4288 3083//4288 3092//4288
f 3277//4289 3249//4289 3093//4289 3084//4289
f 3250//4290 3251//4290 3094//4290 3093//4290
f 3253//4291 3254//4291 3250//4291 3249//4291
f 3254//4292 3255//4292 3251//4292 3250//4292
f 3255//4293 3256//4293 3252//4293 3251//4293
f 3227//4294 3278//4294 3276//4294 3225//4294
f 3278//4295 3279//4295 3277//4295 3276//4295
f 3279//4296 3280//4296 3253//4296 3277//4296
f 3280//4297 3281//4297 3255//4297 3254//4297
f 3229//4298 3282//4298 3278//4298 3227//4298
f 3282//4299 3283//4299 3279//4299 3278//4299
f 3283//4300 3284//4300 3280//4300 3279//4300
f 3284//4301 3285//4301 3281//4301 3280//4301
f 3204//4302 3257//4302 3282//4302 3229//4302
f 3258//4303 3259//4303 3283//4303 3282//4303
f 3260//4304 3261//4304 3284//4304 3283//4304
f 3262//4305 3263//4305 3285//4305 3284//4305
f 3206//4306 3265//4306 3257//4306 3204//4306
f 3265//4307 3266//4307 3258//4307 3257//4307
f 3266//4308 3267//4308 3259//4308 3258//4308
f 3267//4309 3268//4309 3260//4309 3259//4309
f 3244//4310 3268//4310 3267//4310 3243//4310
f 3268//4311 3269//4311 3261//4311 3260//4311
f 3245//4312 3269//4312 3268//4312 3244//4312
f 3269//4313 3270//4313 3262//4313 3261//4313
f 3246//4314 3270//4314 3269//4314 3245//4314
f 3270//4315 3271//4315 3263//4315 3262//4315
f 3247//4316 3271//4316 3270//4316 3246//4316
f 3271//4317 3272//4317 3264//4317 3263//4317
f 3248//4318 3272//4318 3271//4318 3247//4318
f 2789//4319 3298//4319 3190//4319 2727//4319
f 2790//4320 3286//4320 3298//4320 2789//4320
f 2793//4321 3287//4321 3286//4321 2792//4321
f 2795//4322 3288//4322 3287//4322 2794//4322
f 3287//4323 3290//4323 3289//4323 3286//4323
f 3288//4324 3291//4324 3290//4324 3287//4324
f 3289//4325 3292//4325 3299//4325 3298//4325
f 3290//4326 3293//4326 3292//4326 3289//4326
f 3291//4327 3294//4327 3293//4327 3290//4327
f 3293//4328 3296//4328 3295//4328 3292//4328
f 3294//4327 3297//4327 3296//4327 3293//4327
f 2824//4329 3336//4329 3288//4329 2795//4329
f 2827//4330 3324//4330 3336//4330 2826//4330
f 2828//4331 3300//4331 3324//4331 2827//4331
f 2829//4332 3301//4332 3300//4332 2828//4332
f 2830//4333 3302//4333 3301//4333 2829//4333
f 2831//4334 3325//4334 3302//4334 2830//4334
f 2833//4335 3326//4335 3325//4335 2832//4335
f 3301//4336 3304//4336 3303//4336 3300//4336
f 3302//4337 3305//4337 3304//4337 3301//4337
f 3303//4338 3306//4338 3327//4338 3324//4338
f 3304//4339 3307//4339 3306//4339 3303//4339
f 3305//4340 3308//4340 3307//4340 3304//4340
f 3325//4341 3328//4341 3308//4341 3305//4341
f 3326//4342 3329//4342 3328//4342 3325//4342
f 3307//4343 3310//4343 3309//4343 3306//4343
f 3308//4344 3311//4344 3310//4344 3307//4344
f 3336//4345 3337//4345 3294//4345 3291//4345
f 3327//4346 3330//4346 3337//4346 3336//4346
f 3309//4347 3312//4347 3330//4347 3327//4347
f 3310//4348 3313//4348 3312//4348 3309//4348
f 3311//4349 3314//4349 3313//4349 3310//4349
f 3328//4350 3331//4350 3314//4350 3311//4350
f 3329//4351 3332//4351 3331//4351 3328//4351
f 3313//4352 3316//4352 3315//4352 3312//4352
f 3314//4353 3317//4353 3316//4353 3313//4353
f 3315//4354 3318//4354 3333//4354 3330//4354
f 3316//4355 3319//4355 3318//4355 3315//4355
f 3317//4349 3320//4349 3319//4349 3316//4349
f 3331//4356 3334//4356 3320//4356 3317//4356
f 3332//4357 3335//4357 3334//4357 3331//4357
f 3319//4358 3322//4358 3321//4358 3318//4358
f 3320//4359 3323//4359 3322//4359 3319//4359
f 2864//4360 3338//4360 3326//4360 2834//4360
f 2898//4361 3339//4361 3338//4361 2871//4361
f 2935//4362 3387//4362 3386//4362 2934//4362
f 3387//4363 2936//4363 2933//4363 3385//4363
f 2938//4364 3386//4364 3396//4364 2937//4364
f 2941//4365 3341//4365 3340//4365 2940//4365
f 3341//4366 2941//4366 2937//4366 3396//4366
f 2942//4367 3342//4367 3339//4367 2905//4367
f 2943//4368 3343//4368 3342//4368 2942//4368
f 2944//4369 3344//4369 3343//4369 2943//4369
f 3344//4370 2944//4370 2940//4370 3340//4370
f 3341//4371 3346//4371 3345//4371 3340//4371
f 3343//4372 3348//4372 3347//4372 3342//4372
f 3344//4373 3349//4373 3348//4373 3343//4373
f 3349//4374 3344//4374 3340//4374 3345//4374
f 3387//4375 3390//4375 3389//4375 3386//4375
f 3390//4376 3387//4376 3385//4376 3388//4376
f 3346//4377 3351//4377 3350//4377 3345//4377
f 3348//4378 3353//4378 3352//4378 3347//4378
f 3349//4379 3354//4379 3353//4379 3348//4379
f 3354//4380 3349//4380 3345//4380 3350//4380
f 3351//4381 3356//4381 3355//4381 3350//4381
f 3353//4382 3358//4382 3357//4382 3352//4382
f 3354//4383 3359//4383 3358//4383 3353//4383
f 3359//4384 3354//4384 3350//4384 3355//4384
f 3390//4385 3393//4385 3392//4385 3389//4385
f 3393//4386 3390//4386 3388//4386 3391//4386
f 3389//4387 3392//4387 3397//4387 3396//4387
f 3356//4388 3361//4388 3360//4388 3355//4388
f 3361//4389 3356//4389 3396//4389 3397//4389
f 3358//4390 3363//4390 3362//4390 3357//4390
f 3359//4391 3364//4391 3363//4391 3358//4391
f 3364//4392 3359//4392 3355//4392 3360//4392
f 3361//4393 3366//4393 3365//4393 3360//4393
f 3363//4394 3368//4394 3367//4394 3362//4394
f 3364//4395 3369//4395 3368//4395 3363//4395
f 3369//4396 3364//4396 3360//4396 3365//4396
f 3393//4397 3395//4397 3394//4397 3392//4397
f 3395//4398 3393//4398 3391//4398 3370//4398
f 3366//4399 3373//4399 3372//4399 3365//4399
f 3368//4400 3375//4400 3374//4400 3367//4400
f 3369//4401 3376//4401 3375//4401 3368//4401
f 3376//4402 3369//4402 3365//4402 3372//4402
f 3371//4403 3379//4403 3378//4403 3370//4403
f 3373//4404 3381//4404 3380//4404 3372//4404
f 3375//4405 3383//4405 3382//4405 3374//4405
f 3376//4406 3384//4406 3383//4406 3375//4406
f 3384//4407 3376//4407 3372//4407 3380//4407
f 2968//4408 3423//4408 3422//4408 2967//4408
f 2970//4409 3424//4409 3423//4409 2969//4409
f 2972//4410 3421//4410 3385//4410 2933//4410
f 2974//4411 3422//4411 3421//4411 2973//4411
f 3423//4412 3427//4412 3426//4412 3422//4412
f 3424//4413 3398//4413 3427//4413 3423//4413
f 3421//4414 3425//4414 3388//4414 3385//4414
f 3422//4415 3426//4415 3425//4415 3421//4415
f 3400//4416 3401//4416 3206//4416 3205//4416
f 3399//4417 3401//4417 3400//4417 3398//4417
f 3426//4418 3403//4418 3402//4418 3425//4418
f 3427//4419 3405//4419 3404//4419 3426//4419
f 3405//4420 3406//4420 3213//4420 3212//4420
f 3406//4421 3428//4421 3214//4421 3213//4421
f 3400//4422 3428//4422 3406//4422 3427//4422
f 3428//4423 3400//4423 3205//4423 3214//4423
f 3425//4424 3407//4424 3391//4424 3388//4424
f 3403//4425 3411//4425 3410//4425 3402//4425
f 3411//4426 3412//4426 3222//4426 3221//4426
f 3404//4427 3412//4427 3411//4427 3403//4427
f 3412//4428 3413//4428 3223//4428 3222//4428
f 3405//4429 3413//4429 3412//4429 3404//4429
f 3413//4430 3405//4430 3212//4430 3223//4430
f 3414//4431 3415//4431 3410//4431 3409//4431
f 3408//4432 3415//4432 3414//4432 3407//4432
f 3415//4433 3408//4433 3402//4433 3410//4433
f 3410//4434 3417//4434 3416//4434 3409//4434
f 3417//4435 3429//4435 3240//4435 3239//4435
f 3411//4436 3429//4436 3417//4436 3410//4436
f 3429//4437 3411//4437 3221//4437 3240//4437
f 3414//4438 3418//4438 3371//4438 3391//4438
f 3418//4439 3414//4439 3409//4439 3416//4439
f 3377//4440 3419//4440 3239//4440 3202//4440
f 3379//4441 3420//4441 3419//4441 3377//4441
f 3418//4442 3420//4442 3379//4442 3371//4442
f 3420//4443 3418//4443 3416//4443 3419//4443
f 2981//4444 3436//4444 3424//4444 2971//4444
f 2983//4445 3437//4445 3436//4445 2982//4445
f 3437//4446 2983//4446 2757//4446 3273//4446
f 3436//4447 3430//4447 3399//4447 3424//4447
f 3437//4448 3432//4448 3431//4448 3436//4448
f 3432//4449 3437//4449 3273//4449 3243//4449
f 3401//4450 3433//4450 3265//4450 3206//4450
f 3430//4451 3433//4451 3401//4451 3399//4451
f 3433//4452 3434//4452 3266//4452 3265//4452
f 3431//4453 3434//4453 3433//4453 3430//4453
f 3434//4454 3435//4454 3267//4454 3266//4454
f 3432//4455 3435//4455 3434//4455 3431//4455
f 3435//4456 3432//4456 3243//4456 3267//4456
f 3443//4457 3438//4457 1458//4457 1542//4457
f 3439//4458 3443//4458 1543//4458 1544//4458
f 3440//4459 3439//4459 1544//4459 1545//4459
f 3444//4460 3440//4460 1545//4460 1555//4460
f 3445//4461 3444//4461 1555//4461 1556//4461
f 3442//4462 3441//4462 3439//4462 3440//4462
f 3447//4463 3446//4463 3442//4463 3444//4463
f 3450//4464 3449//4464 1558//4464 1559//4464
f 3448//4465 3450//4465 1559//4465 1557//4465
f 3452//4466 3451//4466 3449//4466 3450//4466
f 3472//4467 3471//4467 1574//4467 1575//4467
f 3453//4468 3472//4468 1576//4468 1577//4468
f 3449//4469 3453//4469 1577//4469 1558//4469
f 3451//4470 3454//4470 3453//4470 3449//4470
f 3452//4471 3455//4471 3454//4471 3451//4471
f 3476//4472 3475//4472 3472//4472 3454//4472
f 3467//4473 3476//4473 3455//4473 3452//4473
f 3479//4474 3478//4474 3475//4474 3476//4474
f 3468//4475 3479//4475 3476//4475 3467//4475
f 3457//4476 3456//4476 3478//4476 3479//4476
f 3469//4477 3458//4477 3479//4477 3468//4477
f 3460//4478 3459//4478 3457//4478 3458//4478
f 3470//4479 3445//4479 1556//4479 1592//4479
f 3471//4480 3470//4480 1593//4480 1594//4480
f 3474//4481 3473//4481 3470//4481 3471//4481
f 3475//4482 3474//4482 3471//4482 3472//4482
f 3478//4483 3477//4483 3474//4483 3475//4483
f 3461//4484 3480//4484 3477//4484 3478//4484
f 3457//4485 3463//4485 3462//4485 3456//4485
f 3465//4486 3464//4486 3461//4486 3462//4486
f 3466//4487 3465//4487 3462//4487 3463//4487
f 3459//4488 3466//4488 3463//4488 3457//4488
f 3482//4489 3481//4489 1596//4489 1597//4489
f 2996//4490 3482//4490 1597//4490 928//4490
f 3484//4491 3483//4491 3481//4491 3482//4491
f 2998//4492 3484//4492 3482//4492 2996//4492
f 3003//4493 3505//4493 3484//4493 2998//4493
f 3004//4494 3506//4494 3505//4494 3003//4494
f 3508//4495 3507//4495 3505//4495 3506//4495
f 3005//4496 3508//4496 3506//4496 3004//4496
f 3510//4497 3509//4497 3507//4497 3508//4497
f 3006//4498 3510//4498 3508//4498 3005//4498
f 3486//4499 3485//4499 1628//4499 1599//4499
f 3481//4500 3486//4500 1599//4500 1596//4500
f 3488//4501 3487//4501 3485//4501 3486//4501
f 3483//4502 3488//4502 3486//4502 3481//4502
f 3484//4503 3489//4503 3488//4503 3483//4503
f 3491//4504 3490//4504 1602//4504 1603//4504
f 3485//4505 3491//4505 1603//4505 1628//4505
f 3487//4506 3492//4506 3491//4506 3485//4506
f 3488//4507 3511//4507 3492//4507 3487//4507
f 3513//4508 3512//4508 3492//4508 3511//4508
f 3505//4509 3513//4509 3511//4509 3488//4509
f 3514//4510 3524//4510 3512//4510 3513//4510
f 3507//4511 3514//4511 3513//4511 3505//4511
f 3509//4512 3515//4512 3514//4512 3507//4512
f 3494//4513 3493//4513 1630//4513 1608//4513
f 3490//4514 3494//4514 1608//4514 1602//4514
f 3491//4515 3495//4515 3494//4515 3490//4515
f 3497//4516 3496//4516 3493//4516 3494//4516
f 3498//4517 3497//4517 3494//4517 3495//4517
f 3492//4518 3498//4518 3495//4518 3491//4518
f 3499//4519 3448//4519 1557//4519 1614//4519
f 3500//4520 3499//4520 1614//4520 1615//4520
f 3493//4521 3500//4521 1615//4521 1630//4521
f 3502//4522 3501//4522 3499//4522 3500//4522
f 3496//4523 3502//4523 3500//4523 3493//4523
f 3497//4524 3516//4524 3502//4524 3496//4524
f 3518//4525 3517//4525 3502//4525 3516//4525
f 3512//4526 3518//4526 3516//4526 3497//4526
f 3520//4527 3519//4527 3517//4527 3518//4527
f 3524//4528 3520//4528 3518//4528 3512//4528
f 3522//4529 3521//4529 3519//4529 3520//4529
f 3499//4530 3503//4530 3450//4530 3448//4530
f 3504//4531 3452//4531 3450//4531 3503//4531
f 3501//4532 3504//4532 3503//4532 3499//4532
f 3517//4533 3467//4533 3452//4533 3504//4533
f 3519//4534 3468//4534 3467//4534 3517//4534
f 3521//4535 3469//4535 3468//4535 3519//4535
f 3521//4536 3523//4536 3458//4536 3469//4536
f 3530//4537 3525//4537 1804//4537 1811//4537
f 3532//4538 3526//4538 3525//4538 3530//4538
f 3534//4539 3527//4539 3526//4539 3532//4539
f 3535//4540 3528//4540 3527//4540 3534//4540
f 3529//4541 3530//4541 1811//4541 1810//4541
f 3531//4542 3532//4542 3530//4542 3529//4542
f 3533//4543 3534//4543 3532//4543 3531//4543
f 3536//4544 3529//4544 1810//4544 1816//4544
f 3537//4545 3531//4545 3529//4545 3536//4545
f 3538//4546 3533//4546 3531//4546 3537//4546
f 3539//4547 3534//4547 3533//4547 3538//4547
f 3540//4548 3541//4548 3539//4548 3538//4548
f 3541//4549 3535//4549 3534//4549 3539//4549
f 3542//4550 3543//4550 1816//4550 1815//4550
f 3544//4551 3545//4551 3543//4551 3542//4551
f 3545//4552 3537//4552 3536//4552 3543//4552
f 3546//4553 3538//4553 3537//4553 3545//4553
f 3547//4554 3540//4554 3538//4554 3546//4554
f 3548//4555 3546//4555 3545//4555 3544//4555
f 3525//4556 3549//4556 1822//4556 1804//4556
f 3549//4557 3057//4557 1168//4557 1822//4557
f 3526//4558 3550//4558 3549//4558 3525//4558
f 3550//4559 3059//4559 3057//4559 3549//4559
f 3551//4560 3064//4560 3059//4560 3550//4560
f 3527//4561 3551//4561 3550//4561 3526//4561
f 3528//4562 3552//4562 3551//4562 3527//4562
f 3554//4563 3552//4563 3528//4563 3535//4563
f 3556//4564 3555//4564 3459//4564 3460//4564
f 3558//4565 3562//4565 3465//4565 3466//4565
f 3555//4566 3558//4566 3466//4566 3459//4566
f 3556//4567 3559//4567 3558//4567 3555//4567
f 3561//4568 3560//4568 3558//4568 3559//4568
f 3557//4569 3561//4569 3559//4569 3556//4569
f 3639//4570 3638//4570 3509//4570 3510//4570
f 3109//4571 3639//4571 3510//4571 3006//4571
f 3563//4572 3640//4572 3638//4572 3639//4572
f 3103//4573 3563//4573 3639//4573 3109//4573
f 3105//4574 3564//4574 3563//4574 3103//4574
f 3106//4575 3565//4575 3564//4575 3105//4575
f 3110//4576 3566//4576 3565//4576 3106//4576
f 3564//4577 3568//4577 3567//4577 3563//4577
f 3565//4578 3569//4578 3568//4578 3564//4578
f 3571//4579 3570//4579 3568//4579 3569//4579
f 3566//4580 3571//4580 3569//4580 3565//4580
f 3574//4581 3573//4581 3524//4581 3515//4581
f 3638//4582 3574//4582 3515//4582 3509//4582
f 3578//4583 3577//4583 3575//4583 3576//4583
f 3640//4584 3578//4584 3576//4584 3638//4584
f 3567//4585 3579//4585 3578//4585 3640//4585
f 3581//4586 3580//4586 3578//4586 3579//4586
f 3568//4587 3581//4587 3579//4587 3567//4587
f 3570//4588 3582//4588 3581//4588 3568//4588
f 3571//4589 3583//4589 3582//4589 3570//4589
f 3572//4590 3584//4590 3583//4590 3571//4590
f 3574//4591 3587//4591 3586//4591 3573//4591
f 3589//4592 3588//4592 3586//4592 3587//4592
f 3575//4593 3589//4593 3587//4593 3574//4593
f 3577//4594 3590//4594 3589//4594 3575//4594
f 3578//4595 3591//4595 3590//4595 3577//4595
f 3580//4596 3592//4596 3591//4596 3578//4596
f 3581//4597 3593//4597 3592//4597 3580//4597
f 3582//4598 3594//4598 3593//4598 3581//4598
f 3583//4599 3595//4599 3594//4599 3582//4599
f 3584//4600 3596//4600 3595//4600 3583//4600
f 3598//4601 3597//4601 3521//4601 3522//4601
f 3585//4602 3598//4602 3522//4602 3524//4602
f 3586//4603 3599//4603 3598//4603 3585//4603
f 3601//4604 3600//4604 3598//4604 3599//4604
f 3588//4605 3601//4605 3599//4605 3586//4605
f 3589//4606 3641//4606 3601//4606 3588//4606
f 3603//4607 3602//4607 3601//4607 3641//4607
f 3590//4608 3603//4608 3641//4608 3589//4608
f 3591//4609 3604//4609 3603//4609 3590//4609
f 3606//4610 3605//4610 3603//4610 3604//4610
f 3592//4611 3606//4611 3604//4611 3591//4611
f 3593//4612 3642//4612 3606//4612 3592//4612
f 3607//4613 3643//4613 3606//4613 3642//4613
f 3594//4614 3607//4614 3642//4614 3593//4614
f 3595//4615 3608//4615 3607//4615 3594//4615
f 3596//4616 3609//4616 3608//4616 3595//4616
f 3598//4617 3612//4617 3611//4617 3597//4617
f 3614//4618 3613//4618 3611//4618 3612//4618
f 3600//4619 3614//4619 3612//4619 3598//4619
f 3601//4620 3615//4620 3614//4620 3600//4620
f 3617//4621 3616//4621 3614//4621 3615//4621
f 3602//4622 3617//4622 3615//4622 3601//4622
f 3603//4623 3618//4623 3617//4623 3602//4623
f 3620//4624 3619//4624 3617//4624 3618//4624
f 3605//4625 3620//4625 3618//4625 3603//4625
f 3606//4626 3621//4626 3620//4626 3605//4626
f 3608//4627 3623//4627 3622//4627 3607//4627
f 3609//4628 3624//4628 3623//4628 3608//4628
f 3625//4629 3556//4629 3460//4629 3523//4629
f 3610//4630 3625//4630 3523//4630 3521//4630
f 3611//4631 3626//4631 3625//4631 3610//4631
f 3627//4632 3557//4632 3556//4632 3625//4632
f 3628//4633 3627//4633 3625//4633 3626//4633
f 3613//4634 3628//4634 3626//4634 3611//4634
f 3614//4635 3644//4635 3628//4635 3613//4635
f 3646//4636 3645//4636 3628//4636 3644//4636
f 3616//4637 3646//4637 3644//4637 3614//4637
f 3620//4638 3647//4638 3646//4638 3619//4638
f 3643//4639 3648//4639 3647//4639 3621//4639
f 3622//4640 3629//4640 3648//4640 3643//4640
f 3623//4641 3630//4641 3629//4641 3622//4641
f 3632//4642 3631//4642 3629//4642 3630//4642
f 3624//4643 3632//4643 3630//4643 3623//4643
f 3627//4644 3633//4644 3561//4644 3557//4644
f 3628//4645 3634//4645 3633//4645 3627//4645
f 3648//4646 3649//4646 3646//4646 3647//4646
f 3631//4647 3636//4647 3635//4647 3629//4647
f 3632//4648 3637//4648 3636//4648 3631//4648
f 3173//4649 3650//4649 3566//4649 3110//4649
f 3174//4650 3651//4650 3650//4650 3173//4650
f 3175//4651 3652//4651 3651//4651 3174//4651
f 3176//4652 3664//4652 3652//4652 3175//4652
f 3188//4653 3665//4653 3664//4653 3177//4653
f 3189//4654 3673//4654 3665//4654 3188//4654
f 3650//4655 3653//4655 3571//4655 3566//4655
f 3654//4656 3572//4656 3571//4656 3653//4656
f 3651//4657 3654//4657 3653//4657 3650//4657
f 3652//4658 3655//4658 3654//4658 3651//4658
f 3654//4659 3656//4659 3584//4659 3572//4659
f 3655//4660 3657//4660 3656//4660 3654//4660
f 3664//4661 3666//4661 3657//4661 3655//4661
f 3665//4662 3667//4662 3666//4662 3664//4662
f 3656//4663 3658//4663 3596//4663 3584//4663
f 3657//4664 3659//4664 3658//4664 3656//4664
f 3658//4665 3660//4665 3609//4665 3596//4665
f 3659//4666 3661//4666 3660//4666 3658//4666
f 3666//4667 3668//4667 3661//4667 3659//4667
f 3667//4668 3669//4668 3668//4668 3666//4668
f 3673//4669 3674//4669 3669//4669 3667//4669
f 3660//4670 3662//4670 3624//4670 3609//4670
f 3661//4671 3663//4671 3662//4671 3660//4671
f 3662//4672 3670//4672 3632//4672 3624//4672
f 3668//4673 3671//4673 3670//4673 3663//4673
f 3669//4674 3672//4674 3671//4674 3668//4674
f 3190//4675 3675//4675 3673//4675 3189//4675
f 3677//4676 3686//4676 3535//4676 3541//4676
f 3676//4677 3677//4677 3541//4677 3540//4677
f 3680//4678 3676//4678 3540//4678 3547//4678
f 3681//4679 3677//4679 3676//4679 3680//4679
f 3682//4680 3683//4680 3681//4680 3680//4680
f 3683//4681 3678//4681 3677//4681 3681//4681
f 3684//4682 3679//4682 3678//4682 3683//4682
f 3687//4683 3688//4683 3553//4683 3552//4683
f 3688//4684 3203//4684 3064//4684 3553//4684
f 3689//4685 3690//4685 3688//4685 3687//4685
f 3709//4686 3197//4686 3203//4686 3690//4686
f 3692//4687 3693//4687 3709//4687 3690//4687
f 3693//4688 3199//4688 3197//4688 3709//4688
f 3695//4689 3201//4689 3199//4689 3693//4689
f 3696//4690 3202//4690 3201//4690 3695//4690
f 3691//4691 3692//4691 3690//4691 3689//4691
f 3694//4692 3695//4692 3693//4692 3692//4692
f 3686//4693 3697//4693 3554//4693 3535//4693
f 3697//4694 3687//4694 3552//4694 3554//4694
f 3698//4695 3689//4695 3687//4695 3697//4695
f 3699//4696 3691//4696 3689//4696 3698//4696
f 3700//4697 3692//4697 3691//4697 3699//4697
f 3702//4698 3694//4698 3692//4698 3700//4698
f 3703//4699 3695//4699 3694//4699 3702//4699
f 3701//4700 3702//4700 3700//4700 3699//4700
f 3710//4701 3698//4701 3686//4701 3678//4701
f 3679//4702 3704//4702 3710//4702 3678//4702
f 3704//4703 3699//4703 3698//4703 3710//4703
f 3705//4704 3701//4704 3699//4704 3704//4704
f 3706//4705 3702//4705 3701//4705 3705//4705
f 3707//4706 3704//4706 3679//4706 3684//4706
f 3685//4707 3708//4707 3707//4707 3684//4707
f 3708//4708 3705//4708 3704//4708 3707//4708
f 3299//4709 3723//4709 3675//4709 3190//4709
f 3295//4710 3711//4710 3723//4710 3299//4710
f 3296//4711 3712//4711 3711//4711 3295//4711
f 3297//4712 3713//4712 3712//4712 3296//4712
f 3712//4713 3715//4713 3714//4713 3711//4713
f 3713//4714 3716//4714 3715//4714 3712//4714
f 3714//4715 3717//4715 3724//4715 3723//4715
f 3715//4716 3718//4716 3717//4716 3714//4716
f 3716//4717 3719//4717 3718//4717 3715//4717
f 3718//4718 3721//4718 3720//4718 3717//4718
f 3719//4717 3722//4717 3721//4717 3718//4717
f 3337//4719 3761//4719 3713//4719 3297//4719
f 3333//4720 3749//4720 3761//4720 3337//4720
f 3321//4721 3725//4721 3749//4721 3333//4721
f 3322//4722 3726//4722 3725//4722 3321//4722
f 3323//4723 3727//4723 3726//4723 3322//4723
f 3334//4724 3750//4724 3727//4724 3323//4724
f 3335//4357 3751//4357 3750//4357 3334//4357
f 3726//4725 3729//4725 3728//4725 3725//4725
f 3727//4726 3730//4726 3729//4726 3726//4726
f 3728//968 3731//968 3752//968 3749//968
f 3729//4727 3732//4727 3731//4727 3728//4727
f 3730//4728 3733//4728 3732//4728 3729//4728
f 3750//4729 3753//4729 3733//4729 3730//4729
f 3751//4357 3754//4357 3753//4357 3750//4357
f 3732//4727 3735//4727 3734//4727 3731//4727
f 3733//4728 3736//4728 3735//4728 3732//4728
f 3761//971 3762//971 3719//971 3716//971
f 3752//4730 3755//4730 3762//4730 3761//4730
f 3734//4731 3737//4731 3755//4731 3752//4731
f 3735//4727 3738//4727 3737//4727 3734//4727
f 3736//4728 3739//4728 3738//4728 3735//4728
f 3753//969 3756//969 3739//969 3736//969
f 3754//4357 3757//4357 3756//4357 3753//4357
f 3738//4732 3741//4732 3740//4732 3737//4732
f 3739//4728 3742//4728 3741//4728 3738//4728
f 3740//970 3743//970 3758//970 3755//970
f 3741//4732 3744//4732 3743//4732 3740//4732
f 3742//4728 3745//4728 3744//4728 3741//4728
f 3756//969 3759//969 3745//969 3742//969
f 3757//4357 3760//4357 3759//4357 3756//4357
f 3744//4727 3747//4727 3746//4727 3743//4727
f 3745//4728 3748//4728 3747//4728 3744//4728
f 3338//973 3763//973 3751//973 3335//973
f 3339//988 3764//988 3763//988 3338//988
f 3765//4733 3766//4733 3696//4733 3695//4733
f 3767//4734 3377//4734 3202//4734 3696//4734
f 3769//4735 3770//4735 3767//4735 3766//4735
f 3379//4736 3770//4736 3769//4736 3378//4736
f 3770//4737 3379//4737 3377//4737 3767//4737
f 3772//4738 3849//4738 3769//4738 3768//4738
f 3395//4739 3849//4739 3772//4739 3394//4739
f 3849//4740 3395//4740 3378//4740 3769//4740
f 3394//4741 3773//4741 3848//4741 3397//4741
f 3381//4742 3775//4742 3774//4742 3380//4742
f 3775//4743 3381//4743 3397//4743 3848//4743
f 3382//4744 3776//4744 3764//4744 3339//4744
f 3383//4745 3777//4745 3776//4745 3382//4745
f 3384//4746 3778//4746 3777//4746 3383//4746
f 3778//4747 3384//4747 3380//4747 3774//4747
f 3781//4748 3766//4748 3765//4748 3780//4748
f 3782//4749 3783//4749 3781//4749 3780//4749
f 3769//4750 3783//4750 3782//4750 3768//4750
f 3783//4751 3769//4751 3766//4751 3781//4751
f 3772//4752 3785//4752 3784//4752 3771//4752
f 3785//4753 3772//4753 3768//4753 3782//4753
f 3786//4754 3773//4754 3771//4754 3784//4754
f 3775//4755 3788//4755 3787//4755 3774//4755
f 3777//4756 3790//4756 3789//4756 3776//4756
f 3778//4757 3791//4757 3790//4757 3777//4757
f 3791//4758 3778//4758 3774//4758 3787//4758
f 3850//4759 3792//4759 3703//4759 3702//4759
f 3792//4760 3779//4760 3695//4760 3703//4760
f 3793//4761 3780//4761 3779//4761 3792//4761
f 3794//4762 3795//4762 3793//4762 3792//4762
f 3795//4763 3782//4763 3780//4763 3793//4763
f 3785//4764 3797//4764 3796//4764 3784//4764
f 3797//4765 3785//4765 3782//4765 3795//4765
f 3786//4766 3798//4766 3851//4766 3848//4766
f 3798//4767 3786//4767 3784//4767 3796//4767
f 3788//4768 3800//4768 3799//4768 3787//4768
f 3800//4769 3788//4769 3848//4769 3851//4769
f 3790//4770 3802//4770 3801//4770 3789//4770
f 3791//4771 3803//4771 3802//4771 3790//4771
f 3803//4772 3791//4772 3787//4772 3799//4772
f 3805//4773 3794//4773 3792//4773 3804//4773
f 3806//4774 3795//4774 3794//4774 3805//4774
f 3807//4775 3808//4775 3806//4775 3805//4775
f 3797//4776 3808//4776 3807//4776 3796//4776
f 3808//4777 3797//4777 3795//4777 3806//4777
f 3809//4778 3798//4778 3796//4778 3807//4778
f 3800//4779 3811//4779 3810//4779 3799//4779
f 3802//4780 3813//4780 3812//4780 3801//4780
f 3803//4781 3814//4781 3813//4781 3802//4781
f 3814//4782 3803//4782 3799//4782 3810//4782
f 3853//4783 3850//4783 3702//4783 3706//4783
f 3854//4784 3805//4784 3850//4784 3853//4784
f 3815//4785 3816//4785 3854//4785 3853//4785
f 3816//4786 3807//4786 3805//4786 3854//4786
f 3817//4787 3818//4787 3816//4787 3815//4787
f 3809//4788 3818//4788 3817//4788 3851//4788
f 3818//4789 3809//4789 3807//4789 3816//4789
f 3811//4790 3820//4790 3819//4790 3810//4790
f 3820//4791 3811//4791 3851//4791 3817//4791
f 3813//4792 3822//4792 3821//4792 3812//4792
f 3814//4793 3823//4793 3822//4793 3813//4793
f 3823//4794 3814//4794 3810//4794 3819//4794
f 3852//4795 3853//4795 3706//4795 3705//4795
f 3826//4796 3817//4796 3815//4796 3824//4796
f 3827//4797 3828//4797 3826//4797 3825//4797
f 3820//4798 3828//4798 3827//4798 3819//4798
f 3828//4799 3820//4799 3817//4799 3826//4799
f 3822//4800 3830//4800 3829//4800 3821//4800
f 3823//4801 3831//4801 3830//4801 3822//4801
f 3831//4802 3823//4802 3819//4802 3827//4802
f 3855//4803 3852//4803 3705//4803 3708//4803
f 3856//4804 3853//4804 3852//4804 3855//4804
f 3833//4805 3824//4805 3853//4805 3856//4805
f 3826//4806 3835//4806 3834//4806 3825//4806
f 3835//4807 3826//4807 3824//4807 3833//4807
f 3836//4808 3827//4808 3825//4808 3834//4808
f 3830//4809 3838//4809 3837//4809 3829//4809
f 3831//4810 3839//4810 3838//4810 3830//4810
f 3839//4811 3831//4811 3827//4811 3836//4811
f 3857//4812 3840//4812 3856//4812 3855//4812
f 3841//4813 3833//4813 3832//4813 3840//4813
f 3842//4814 3843//4814 3841//4814 3840//4814
f 3835//4815 3843//4815 3842//4815 3834//4815
f 3843//4816 3835//4816 3833//4816 3841//4816
f 3844//4817 3836//4817 3834//4817 3842//4817
f 3838//4818 3846//4818 3845//4818 3837//4818
f 3839//4819 3847//4819 3846//4819 3838//4819
f 3847//4820 3839//4820 3836//4820 3844//4820
f 3438//4821 3895//4821 2000//4821 1458//4821
f 3863//4822 3894//4822 1998//4822 2000//4822
f 3859//4823 3864//4823 3863//4823 3858//4823
f 3866//4824 3865//4824 3863//4824 3864//4824
f 3860//4825 3866//4825 3864//4825 3859//4825
f 3867//4826 3896//4826 3866//4826 3895//4826
f 3862//4827 3868//4827 3867//4827 3861//4827
f 3870//4828 3869//4828 3867//4828 3868//4828
f 3894//4829 3871//4829 1989//4829 1998//4829
f 3863//4830 3873//4830 3872//4830 3894//4830
f 3875//4831 3874//4831 3872//4831 3873//4831
f 3865//4832 3875//4832 3873//4832 3863//4832
f 3866//4833 3876//4833 3875//4833 3865//4833
f 3878//4834 3877//4834 3875//4834 3876//4834
f 3896//4835 3878//4835 3876//4835 3866//4835
f 3867//4836 3879//4836 3878//4836 3896//4836
f 3869//4837 3880//4837 3879//4837 3867//4837
f 3870//4838 3881//4838 3880//4838 3869//4838
f 3871//4839 3883//4839 1994//4839 1989//4839
f 3872//4840 3884//4840 3883//4840 3871//4840
f 3874//4841 3885//4841 3884//4841 3872//4841
f 3875//4842 3886//4842 3885//4842 3874//4842
f 3877//4843 3887//4843 3886//4843 3875//4843
f 3878//4844 3888//4844 3887//4844 3877//4844
f 3879//4845 3889//4845 3888//4845 3878//4845
f 3891//4846 3890//4846 3888//4846 3889//4846
f 3880//4847 3891//4847 3889//4847 3879//4847
f 3881//4848 3892//4848 3891//4848 3880//4848
f 3882//4849 3893//4849 3892//4849 3881//4849
f 3883//4850 3897//4850 2001//4850 1994//4850
f 3886//4851 3898//4851 3897//4851 3885//4851
f 3893//4852 3899//4852 3898//4852 3892//4852
f 3443//4853 3959//4853 3895//4853 3438//4853
f 3441//4854 3960//4854 3959//4854 3443//4854
f 3445//4855 3962//4855 3961//4855 3444//4855
f 3900//4856 3862//4856 3895//4856 3959//4856
f 3963//4857 3901//4857 3959//4857 3960//4857
f 3446//4858 3963//4858 3960//4858 3442//4858
f 3447//4859 3964//4859 3963//4859 3446//4859
f 3964//4860 3447//4860 3444//4860 3961//4860
f 3965//4861 3964//4861 3961//4861 3962//4861
f 3903//4862 3902//4862 3900//4862 3901//4862
f 3905//4863 3904//4863 3903//4863 3963//4863
f 3907//4864 3906//4864 3963//4864 3964//4864
f 3966//4865 3908//4865 3964//4865 3965//4865
f 3910//4866 3909//4866 3906//4866 3907//4866
f 3911//4867 3910//4867 3907//4867 3908//4867
f 3913//4868 3912//4868 3911//4868 3966//4868
f 3900//4869 3916//4869 3868//4869 3862//4869
f 3917//4870 3870//4870 3868//4870 3916//4870
f 3902//4871 3917//4871 3916//4871 3900//4871
f 3903//4872 3918//4872 3917//4872 3902//4872
f 3920//4873 3919//4873 3917//4873 3918//4873
f 3904//4874 3920//4874 3918//4874 3903//4874
f 3905//4875 3921//4875 3920//4875 3904//4875
f 3906//4876 3922//4876 3921//4876 3905//4876
f 3924//4877 3923//4877 3920//4877 3921//4877
f 3925//4878 3924//4878 3921//4878 3922//4878
f 3909//4879 3925//4879 3922//4879 3906//4879
f 3910//4880 3926//4880 3925//4880 3909//4880
f 3911//4881 3927//4881 3926//4881 3910//4881
f 3928//4882 3967//4882 3925//4882 3926//4882
f 3929//4883 3928//4883 3926//4883 3927//4883
f 3912//4884 3929//4884 3927//4884 3911//4884
f 3913//4885 3930//4885 3929//4885 3912//4885
f 3914//4886 3931//4886 3930//4886 3913//4886
f 3933//4887 3932//4887 3929//4887 3930//4887
f 3934//4888 3933//4888 3930//4888 3931//4888
f 3915//4889 3934//4889 3931//4889 3914//4889
f 3917//4890 3968//4890 3881//4890 3870//4890
f 3935//4891 3882//4891 3881//4891 3968//4891
f 3919//4892 3935//4892 3968//4892 3917//4892
f 3920//4893 3936//4893 3935//4893 3919//4893
f 3938//4894 3937//4894 3935//4894 3936//4894
f 3923//4895 3938//4895 3936//4895 3920//4895
f 3924//4896 3939//4896 3938//4896 3923//4896
f 3925//4897 3940//4897 3939//4897 3924//4897
f 3942//4898 3941//4898 3939//4898 3940//4898
f 3967//4899 3942//4899 3940//4899 3925//4899
f 3928//4900 3943//4900 3942//4900 3967//4900
f 3929//4901 3944//4901 3943//4901 3928//4901
f 3946//4902 3945//4902 3943//4902 3944//4902
f 3932//4903 3946//4903 3944//4903 3929//4903
f 3933//4904 3947//4904 3946//4904 3932//4904
f 3934//4905 3948//4905 3947//4905 3933//4905
f 3935//4906 3949//4906 3893//4906 3882//4906
f 3937//4907 3950//4907 3949//4907 3935//4907
f 3938//4908 3951//4908 3950//4908 3937//4908
f 3939//4909 3952//4909 3951//4909 3938//4909
f 3941//4910 3953//4910 3952//4910 3939//4910
f 3942//4911 3954//4911 3953//4911 3941//4911
f 3943//4912 3955//4912 3954//4912 3942//4912
f 3945//4913 3956//4913 3955//4913 3943//4913
f 3946//4914 3957//4914 3956//4914 3945//4914
f 3947//4915 3958//4915 3957//4915 3946//4915
f 3949//4916 3969//4916 3899//4916 3893//4916
f 3955//4917 3970//4917 3969//4917 3954//4917
f 3470//4918 3981//4918 3962//4918 3445//4918
f 3982//4919 3965//4919 3962//4919 3981//4919
f 3473//4920 3982//4920 3981//4920 3470//4920
f 3474//4921 3983//4921 3982//4921 3473//4921
f 3984//4922 3966//4922 3965//4922 3982//4922
f 3985//4923 3984//4923 3982//4923 3983//4923
f 3477//4924 3985//4924 3983//4924 3474//4924
f 3971//4925 3914//4925 3966//4925 3984//4925
f 3973//4926 3972//4926 3984//4926 3985//4926
f 3480//4927 3974//4927 3985//4927 3477//4927
f 3975//4928 3915//4928 3914//4928 3971//4928
f 3976//4929 3975//4929 3971//4929 3972//4929
f 3977//4930 3976//4930 3972//4930 3973//4930
f 3978//4931 3977//4931 3973//4931 3974//4931
f 3464//4932 3986//4932 3978//4932 3480//4932
f 3975//4933 3979//4933 3934//4933 3915//4933
f 3976//4934 3980//4934 3979//4934 3975//4934
f 3988//4935 3989//4935 2198//4935 2197//4935
f 3989//4936 3990//4936 2199//4936 2198//4936
f 3991//4937 3992//4937 3989//4937 3988//4937
f 3992//4938 3993//4938 3990//4938 3989//4938
f 3994//4939 3995//4939 3992//4939 3991//4939
f 3995//4940 3996//4940 3993//4940 3992//4940
f 3997//4941 3998//4941 3995//4941 3994//4941
f 3998//4942 3999//4942 3996//4942 3995//4942
f 4000//4943 4001//4943 2203//4943 2202//4943
f 4001//4944 3988//4944 2197//4944 2203//4944
f 4002//4945 4003//4945 4001//4945 4000//4945
f 4003//4946 3991//4946 3988//4946 4001//4946
f 4004//4947 4005//4947 4003//4947 4002//4947
f 4005//4948 3994//4948 3991//4948 4003//4948
f 4006//4949 4007//4949 4005//4949 4004//4949
f 4007//4950 3997//4950 3994//4950 4005//4950
f 3987//4951 4000//4951 2202//4951 2118//4951
f 3990//4952 4012//4952 2247//4952 2199//4952
f 4012//4953 4008//4953 2248//4953 2247//4953
f 4010//4954 4011//4954 4009//4954 4008//4954
f 3996//4955 4013//4955 4012//4955 3993//4955
f 4013//4956 4014//4956 4010//4956 4012//4956
f 4035//4957 3542//4957 1815//4957 2305//4957
f 4036//4958 3544//4958 3542//4958 4035//4958
f 4037//4959 3548//4959 3544//4959 4036//4959
f 4047//4960 3546//4960 3548//4960 4037//4960
f 4039//4961 4035//4961 2305//4961 2307//4961
f 4040//4962 4036//4962 4035//4962 4039//4962
f 4041//4963 4037//4963 4036//4963 4040//4963
f 4042//4964 4038//4964 4037//4964 4041//4964
f 4015//4965 4039//4965 2307//4965 2287//4965
f 4017//4966 4040//4966 4039//4966 4016//4966
f 4019//4967 4041//4967 4040//4967 4018//4967
f 4022//4968 4023//4968 4021//4968 4020//4968
f 4023//4969 4042//4969 4041//4969 4021//4969
f 4009//4970 4043//4970 2309//4970 2248//4970
f 4043//4971 4025//4971 2303//4971 2309//4971
f 4025//4972 4015//4972 2287//4972 2303//4972
f 4026//4973 4016//4973 4015//4973 4025//4973
f 4011//4974 4044//4974 4043//4974 4009//4974
f 4044//4975 4027//4975 4026//4975 4043//4975
f 4027//4976 4017//4976 4016//4976 4026//4976
f 4028//4977 4018//4977 4017//4977 4027//4977
f 4014//4978 4045//4978 4044//4978 4011//4978
f 4045//4979 4029//4979 4028//4979 4044//4979
f 4029//4980 4019//4980 4018//4980 4028//4980
f 4030//4981 4020//4981 4019//4981 4029//4981
f 4046//4982 4031//4982 4030//4982 4045//4982
f 4031//4983 4022//4983 4020//4983 4030//4983
f 4032//4984 4023//4984 4022//4984 4031//4984
f 4033//4985 4034//4985 4032//4985 4031//4985
f 4034//4986 4024//4986 4023//4986 4032//4986
f 4049//4987 4048//4987 3947//4987 3948//4987
f 4052//4988 4049//4988 3948//4988 3934//4988
f 4048//4989 4050//4989 3958//4989 3947//4989
f 4049//4990 4051//4990 4050//4990 4048//4990
f 4050//4991 4053//4991 3970//4991 3958//4991
f 4055//4992 4054//4992 3976//4992 3977//4992
f 4056//4993 4055//4993 3977//4993 3978//4993
f 4057//4994 4056//4994 3978//4994 3986//4994
f 3562//4995 4057//4995 3986//4995 3464//4995
f 3558//4996 4059//4996 4058//4996 3562//4996
f 4061//4997 4060//4997 4057//4997 4058//4997
f 4062//4998 4061//4998 4058//4998 4059//4998
f 3560//4999 4062//4999 4059//4999 3558//4999
f 3561//5000 4063//5000 4062//5000 3560//5000
f 4065//5001 4064//5001 4062//5001 4063//5001
f 4066//5002 4052//5002 3934//5002 3979//5002
f 4067//5003 4066//5003 3979//5003 3980//5003
f 4054//5004 4067//5004 3980//5004 3976//5004
f 4055//5005 4068//5005 4067//5005 4054//5005
f 4056//5006 4069//5006 4068//5006 4055//5006
f 4057//5007 4070//5007 4069//5007 4056//5007
f 4072//5008 4071//5008 4067//5008 4068//5008
f 4073//5009 4072//5009 4068//5009 4069//5009
f 4074//5010 4073//5010 4069//5010 4070//5010
f 4060//5011 4074//5011 4070//5011 4057//5011
f 4061//5012 4075//5012 4074//5012 4060//5012
f 4062//5013 4076//5013 4075//5013 4061//5013
f 4077//5014 4104//5014 4075//5014 4076//5014
f 4064//5015 4077//5015 4076//5015 4062//5015
f 4065//5016 4078//5016 4077//5016 4064//5016
f 4066//5017 4080//5017 4049//5017 4052//5017
f 4067//5018 4081//5018 4080//5018 4066//5018
f 4083//5019 4082//5019 4080//5019 4081//5019
f 4071//5020 4083//5020 4081//5020 4067//5020
f 4072//5021 4084//5021 4083//5021 4071//5021
f 4073//5022 4085//5022 4084//5022 4072//5022
f 4074//5023 4105//5023 4085//5023 4073//5023
f 4087//5024 4086//5024 4085//5024 4105//5024
f 4104//5025 4087//5025 4105//5025 4074//5025
f 4077//5026 4089//5026 4088//5026 4104//5026
f 4078//5027 4090//5027 4089//5027 4077//5027
f 4092//5028 4091//5028 4089//5028 4090//5028
f 4079//5029 4092//5029 4090//5029 4078//5029
f 4080//5030 4093//5030 4051//5030 4049//5030
f 4082//5031 4094//5031 4093//5031 4080//5031
f 4083//5032 4095//5032 4094//5032 4082//5032
f 4084//5033 4096//5033 4095//5033 4083//5033
f 4085//5034 4097//5034 4096//5034 4084//5034
f 4086//5035 4098//5035 4097//5035 4085//5035
f 4087//5036 4099//5036 4098//5036 4086//5036
f 4088//5037 4100//5037 4099//5037 4087//5037
f 4089//5038 4101//5038 4100//5038 4088//5038
f 4091//5039 4102//5039 4101//5039 4089//5039
f 4092//5040 4103//5040 4102//5040 4091//5040
f 4093//5041 4106//5041 4053//5041 4051//5041
f 4099//5042 4107//5042 4106//5042 4098//5042
f 3633//5043 4122//5043 4063//5043 3561//5043
f 4123//5044 4065//5044 4063//5044 4122//5044
f 3645//5045 4123//5045 4122//5045 3633//5045
f 3646//5046 4124//5046 4123//5046 3645//5046
f 3649//5047 4125//5047 4124//5047 3646//5047
f 3648//5048 4108//5048 4125//5048 3649//5048
f 3635//5049 4126//5049 4109//5049 3648//5049
f 4109//5050 4111//5050 4110//5050 4108//5050
f 4123//5051 4112//5051 4092//5051 4079//5051
f 4124//5052 4114//5052 4113//5052 4123//5052
f 4125//5053 4115//5053 4114//5053 4124//5053
f 4110//5054 4127//5054 4116//5054 4125//5054
f 4126//5055 4128//5055 4127//5055 4111//5055
f 4112//5056 4117//5056 4103//5056 4092//5056
f 4113//5057 4118//5057 4117//5057 4112//5057
f 4114//5058 4119//5058 4118//5058 4113//5058
f 4115//5059 4120//5059 4119//5059 4114//5059
f 4116//5060 4121//5060 4120//5060 4115//5060
f 4117//5061 4129//5061 4107//5061 4103//5061
f 4120//5062 4130//5062 4129//5062 4119//5062
f 4127//5063 4131//5063 4130//5063 4121//5063
f 3670//5064 4132//5064 4126//5064 3637//5064
f 3675//5065 4138//5065 4132//5065 3674//5065
f 4133//5066 4137//5066 4136//5066 4135//5066
f 4141//5067 4142//5067 3998//5067 3997//5067
f 4142//5068 4143//5068 3999//5068 3998//5068
f 4144//5069 4145//5069 4142//5069 4141//5069
f 4145//5070 4146//5070 4143//5070 4142//5070
f 4147//5071 4148//5071 4145//5071 4144//5071
f 4148//5072 4149//5072 4146//5072 4145//5072
f 4150//5073 4151//5073 4148//5073 4147//5073
f 4151//5074 4152//5074 4149//5074 4148//5074
f 4153//5075 4154//5075 4007//5075 4006//5075
f 4154//5076 4141//5076 3997//5076 4007//5076
f 4155//5077 4156//5077 4154//5077 4153//5077
f 4156//5078 4144//5078 4141//5078 4154//5078
f 4136//5079 4157//5079 4155//5079 4139//5079
f 4157//5080 4158//5080 4156//5080 4155//5080
f 4158//5081 4147//5081 4144//5081 4156//5081
f 4137//5082 4159//5082 4157//5082 4136//5082
f 4159//5083 4160//5083 4158//5083 4157//5083
f 4160//5084 4150//5084 4147//5084 4158//5084
f 4139//5085 4153//5085 4006//5085 3987//5085
f 4143//5086 4169//5086 4013//5086 3999//5086
f 4169//5087 4161//5087 4014//5087 4013//5087
f 4163//5088 4164//5088 4162//5088 4161//5088
f 4149//5089 4170//5089 4169//5089 4146//5089
f 4170//5090 4165//5090 4163//5090 4169//5090
f 4165//5091 4166//5091 4164//5091 4163//5091
f 4167//5092 4168//5092 4166//5092 4165//5092
f 4206//5093 3680//5093 3547//5093 4047//5093
f 4207//5094 3682//5094 3680//5094 4206//5094
f 4208//5095 3683//5095 3682//5095 4207//5095
f 4209//5096 4210//5096 4208//5096 4207//5096
f 4210//5097 3684//5097 3683//5097 4208//5097
f 4211//5098 3685//5098 3684//5098 4210//5098
f 4224//5099 4212//5099 4047//5099 4042//5099
f 4213//5100 4207//5100 4206//5100 4212//5100
f 4214//5101 4209//5101 4207//5101 4213//5101
f 4215//5102 4210//5102 4209//5102 4214//5102
f 4217//5103 4211//5103 4210//5103 4215//5103
f 4216//5104 4217//5104 4215//5104 4214//5104
f 4171//5105 4224//5105 4042//5105 4024//5105
f 4173//5106 4212//5106 4224//5106 4172//5106
f 4174//5107 4213//5107 4212//5107 4173//5107
f 4177//5108 4178//5108 4176//5108 4175//5108
f 4178//5109 4214//5109 4213//5109 4176//5109
f 4179//5110 4180//5110 4178//5110 4177//5110
f 4181//5111 4216//5111 4214//5111 4180//5111
f 4182//5112 4217//5112 4216//5112 4181//5112
f 4162//5113 4218//5113 4046//5113 4014//5113
f 4218//5114 4185//5114 4033//5114 4046//5114
f 4185//5115 4186//5115 4034//5115 4033//5115
f 4186//5116 4171//5116 4024//5116 4034//5116
f 4187//5117 4188//5117 4186//5117 4185//5117
f 4188//5118 4172//5118 4171//5118 4186//5118
f 4189//5119 4173//5119 4172//5119 4188//5119
f 4164//5120 4219//5120 4218//5120 4162//5120
f 4219//5121 4190//5121 4187//5121 4218//5121
f 4190//5122 4191//5122 4188//5122 4187//5122
f 4191//5123 4192//5123 4189//5123 4188//5123
f 4192//5124 4174//5124 4173//5124 4189//5124
f 4193//5125 4194//5125 4191//5125 4190//5125
f 4194//5126 4195//5126 4192//5126 4191//5126
f 4195//5127 4175//5127 4174//5127 4192//5127
f 4166//5128 4220//5128 4219//5128 4164//5128
f 4220//5129 4221//5129 4193//5129 4219//5129
f 4221//5130 4196//5130 4195//5130 4194//5130
f 4196//5131 4177//5131 4175//5131 4195//5131
f 4197//5132 4179//5132 4177//5132 4196//5132
f 4198//5133 4180//5133 4179//5133 4197//5133
f 4168//5134 4222//5134 4220//5134 4166//5134
f 4222//5135 4223//5135 4221//5135 4220//5135
f 4223//5136 4199//5136 4197//5136 4221//5136
f 4199//5137 4200//5137 4198//5137 4197//5137
f 4200//5138 4181//5138 4180//5138 4198//5138
f 4201//5139 4182//5139 4181//5139 4200//5139
f 4202//5140 4203//5140 4200//5140 4199//5140
f 4203//5141 4204//5141 4201//5141 4200//5141
f 4204//5142 4183//5142 4182//5142 4201//5142
f 4205//5143 4184//5143 4183//5143 4204//5143
f 4225//5144 3708//5144 3685//5144 4211//5144
f 3724//5145 4249//5145 4138//5145 3675//5145
f 3720//5146 4239//5146 4249//5146 3724//5146
f 3721//5147 4240//5147 4239//5147 3720//5147
f 3722//5148 4241//5148 4240//5148 3721//5148
f 4240//5149 4243//5149 4242//5149 4239//5149
f 4241//5150 4244//5150 4243//5150 4240//5150
f 4249//5151 4250//5151 4140//5151 4138//5151
f 4242//5152 4245//5152 4250//5152 4249//5152
f 4243//5153 4246//5153 4245//5153 4242//5153
f 4244//5154 4247//5154 4246//5154 4243//5154
f 4246//5155 4230//5155 4229//5155 4245//5155
f 4247//5156 4248//5156 4231//5156 4246//5156
f 4227//5157 4233//5157 4232//5157 4226//5157
f 4233//5158 4234//5158 4137//5158 4134//5158
f 4229//5159 4236//5159 4233//5159 4227//5159
f 4236//5160 4237//5160 4234//5160 4233//5160
f 4230//5161 4237//5161 4236//5161 4229//5161
f 4237//5162 4238//5162 4235//5162 4234//5162
f 4231//5163 4238//5163 4237//5163 4230//5163
f 4238//5164 4231//5164 4228//5164 4235//5164
f 3762//5165 4313//5165 4241//5165 3722//5165
f 3758//5166 4300//5166 4313//5166 3762//5166
f 3746//970 4251//970 4300//970 3758//970
f 3747//5167 4252//5167 4251//5167 3746//5167
f 3748//5168 4253//5168 4252//5168 3747//5168
f 3759//5169 4301//5169 4253//5169 3748//5169
f 3760//5170 4302//5170 4301//5170 3759//5170
f 4252//5167 4255//5167 4254//5167 4251//5167
f 4253//5171 4256//5171 4255//5171 4252//5171
f 4254//5172 4257//5172 4303//5172 4300//5172
f 4255//5173 4258//5173 4257//5173 4254//5173
f 4256//5174 4259//5174 4258//5174 4255//5174
f 4301//5175 4304//5175 4259//5175 4256//5175
f 4302//5176 4305//5176 4304//5176 4301//5176
f 4258//5177 4261//5177 4260//5177 4257//5177
f 4259//5178 4262//5178 4261//5178 4258//5178
f 4313//5179 4263//5179 4247//5179 4244//5179
f 4303//5180 4266//5180 4265//5180 4313//5180
f 4260//5181 4267//5181 4266//5181 4303//5181
f 4261//5182 4268//5182 4267//5182 4260//5182
f 4262//5183 4269//5183 4268//5183 4261//5183
f 4304//5184 4270//5184 4269//5184 4262//5184
f 4305//5185 4272//5185 4271//5185 4304//5185
f 4306//5186 4307//5186 4151//5186 4150//5186
f 4307//5187 4308//5187 4152//5187 4151//5187
f 4277//5188 4309//5188 4307//5188 4306//5188
f 4309//5189 4310//5189 4308//5189 4307//5189
f 4264//5190 4278//5190 4274//5190 4263//5190
f 4278//5191 4279//5191 4275//5191 4274//5191
f 4265//5192 4279//5192 4278//5192 4264//5192
f 4279//5193 4280//5193 4276//5193 4275//5193
f 4280//5194 4281//5194 4277//5194 4276//5194
f 4266//5195 4282//5195 4279//5195 4265//5195
f 4282//5196 4283//5196 4280//5196 4279//5196
f 4267//5197 4283//5197 4282//5197 4266//5197
f 4283//5198 4284//5198 4281//5198 4280//5198
f 4268//5199 4284//5199 4283//5199 4267//5199
f 4284//5200 4285//5200 4309//5200 4281//5200
f 4286//5201 4287//5201 4310//5201 4309//5201
f 4269//5202 4289//5202 4284//5202 4268//5202
f 4289//5203 4290//5203 4285//5203 4284//5203
f 4270//5204 4290//5204 4289//5204 4269//5204
f 4290//5205 4291//5205 4286//5205 4285//5205
f 4271//5206 4291//5206 4290//5206 4270//5206
f 4291//5207 4292//5207 4287//5207 4286//5207
f 4272//5208 4292//5208 4291//5208 4271//5208
f 4292//5209 4293//5209 4288//5209 4287//5209
f 4273//5210 4293//5210 4292//5210 4272//5210
f 4228//5211 4294//5211 4159//5211 4137//5211
f 4295//5212 4311//5212 4160//5212 4159//5212
f 4311//5213 4306//5213 4150//5213 4160//5213
f 4231//5214 4296//5214 4294//5214 4228//5214
f 4296//5215 4297//5215 4295//5215 4294//5215
f 4248//5216 4298//5216 4296//5216 4231//5216
f 4274//5217 4298//5217 4248//5217 4247//5217
f 4298//5218 4299//5218 4297//5218 4296//5218
f 4275//5219 4299//5219 4298//5219 4274//5219
f 4299//5220 4312//5220 4311//5220 4297//5220
f 4276//5221 4312//5221 4299//5221 4275//5221
f 4312//5222 4276//5222 4306//5222 4311//5222
f 3763//5223 4338//5223 4302//5223 3760//5223
f 4338//5224 4314//5224 4273//5224 4305//5224
f 4339//5225 4318//5225 4317//5225 4338//5225
f 4308//5226 4340//5226 4170//5226 4152//5226
f 4340//5227 4341//5227 4167//5227 4170//5227
f 4288//5228 4322//5228 4340//5228 4310//5228
f 4325//5229 4326//5229 4341//5229 4340//5229
f 4293//5230 4330//5230 4322//5230 4288//5230
f 4314//5231 4330//5231 4293//5231 4273//5231
f 4330//5232 4331//5232 4323//5232 4322//5232
f 4315//5233 4331//5233 4330//5233 4314//5233
f 4331//5234 4332//5234 4324//5234 4323//5234
f 4316//5235 4332//5235 4331//5235 4315//5235
f 4332//5236 4333//5236 4325//5236 4324//5236
f 4317//5237 4333//5237 4332//5237 4316//5237
f 4333//5238 4334//5238 4326//5238 4325//5238
f 4318//5239 4334//5239 4333//5239 4317//5239
f 4334//5240 4335//5240 4327//5240 4326//5240
f 4319//5241 4335//5241 4334//5241 4318//5241
f 4335//5242 4336//5242 4328//5242 4327//5242
f 4320//5243 4336//5243 4335//5243 4319//5243
f 4336//5244 4337//5244 4329//5244 4328//5244
f 4321//5245 4337//5245 4336//5245 4320//5245
f 3764//1136 4376//1136 4339//1136 3763//1136
f 4342//5246 4375//5246 4217//5246 4184//5246
f 4376//5247 4344//5247 4321//5247 4339//5247
f 4377//5248 4348//5248 4347//5248 4376//5248
f 4341//5249 4378//5249 4222//5249 4168//5249
f 4378//5250 4372//5250 4202//5250 4223//5250
f 4372//5251 4352//5251 4204//5251 4203//5251
f 4352//5252 4353//5252 4205//5252 4204//5252
f 4353//5253 4342//5253 4184//5253 4205//5253
f 4354//5254 4355//5254 4353//5254 4352//5254
f 4355//5255 4343//5255 4342//5255 4353//5255
f 4373//5256 4374//5256 4354//5256 4372//5256
f 4329//5257 4356//5257 4378//5257 4341//5257
f 4359//5258 4360//5258 4373//5258 4378//5258
f 4361//5259 4362//5259 4374//5259 4373//5259
f 4337//5260 4364//5260 4356//5260 4329//5260
f 4344//5261 4364//5261 4337//5261 4321//5261
f 4364//5262 4365//5262 4357//5262 4356//5262
f 4345//5263 4365//5263 4364//5263 4344//5263
f 4365//5264 4366//5264 4358//5264 4357//5264
f 4346//5265 4366//5265 4365//5265 4345//5265
f 4366//5266 4367//5266 4359//5266 4358//5266
f 4347//5267 4367//5267 4366//5267 4346//5267
f 4367//5268 4368//5268 4360//5268 4359//5268
f 4348//5269 4368//5269 4367//5269 4347//5269
f 4368//5270 4369//5270 4361//5270 4360//5270
f 4349//5271 4369//5271 4368//5271 4348//5271
f 4369//5272 4370//5272 4362//5272 4361//5272
f 4350//5273 4370//5273 4369//5273 4349//5273
f 4370//5274 4371//5274 4363//5274 4362//5274
f 4351//5275 4371//5275 4370//5275 4350//5275
f 4420//5276 3855//5276 3708//5276 4225//5276
f 4421//5277 3857//5277 3855//5277 4420//5277
f 4379//5278 3840//5278 3857//5278 4421//5278
f 4380//5279 3842//5279 3840//5279 4379//5279
f 4381//5280 3844//5280 3842//5280 4380//5280
f 3845//1136 4382//1136 4377//1136 3764//1136
f 3846//5281 4383//5281 4382//5281 3845//5281
f 3847//5282 4384//5282 4383//5282 3846//5282
f 4384//5283 3847//5283 3844//5283 4381//5283
f 4375//5284 4420//5284 4225//5284 4211//5284
f 4386//5285 4380//5285 4379//5285 4385//5285
f 4387//5286 4381//5286 4380//5286 4386//5286
f 4383//5287 4389//5287 4388//5287 4382//5287
f 4384//5288 4390//5288 4389//5288 4383//5288
f 4390//5289 4384//5289 4381//5289 4387//5289
f 4423//5290 4421//5290 4420//5290 4422//5290
f 4424//5291 4385//5291 4421//5291 4423//5291
f 4391//5292 4387//5292 4386//5292 4424//5292
f 4389//5293 4393//5293 4392//5293 4388//5293
f 4390//5294 4394//5294 4393//5294 4389//5294
f 4394//5295 4390//5295 4387//5295 4391//5295
f 4393//5296 4397//5296 4396//5296 4392//5296
f 4394//5297 4398//5297 4397//5297 4393//5297
f 4398//5298 4394//5298 4391//5298 4395//5298
f 4399//5299 4422//5299 4375//5299 4343//5299
f 4400//5300 4423//5300 4422//5300 4399//5300
f 4403//5301 4424//5301 4423//5301 4402//5301
f 4404//5302 4395//5302 4424//5302 4403//5302
f 4396//5303 4405//5303 4351//5303 4377//5303
f 4397//5304 4406//5304 4405//5304 4396//5304
f 4398//5305 4407//5305 4406//5305 4397//5305
f 4407//5306 4398//5306 4395//5306 4404//5306
f 4408//5307 4399//5307 4343//5307 4355//5307
f 4374//5308 4409//5308 4408//5308 4355//5308
f 4409//5309 4400//5309 4399//5309 4408//5309
f 4410//5310 4401//5310 4400//5310 4409//5310
f 4411//5311 4412//5311 4410//5311 4409//5311
f 4412//5312 4402//5312 4401//5312 4410//5312
f 4413//5313 4403//5313 4402//5313 4412//5313
f 4363//5314 4414//5314 4411//5314 4374//5314
f 4414//5315 4415//5315 4412//5315 4411//5315
f 4415//5316 4416//5316 4413//5316 4412//5316
f 4416//5317 4404//5317 4403//5317 4413//5317
f 4371//5318 4417//5318 4414//5318 4363//5318
f 4405//5319 4417//5319 4371//5319 4351//5319
f 4417//5320 4418//5320 4415//5320 4414//5320
f 4406//5321 4418//5321 4417//5321 4405//5321
f 4418//5322 4419//5322 4416//5322 4415//5322
f 4407//5323 4419//5323 4418//5323 4406//5323
f 4419//5324 4407//5324 4404//5324 4416//5324
f 4425//5325 2667//5325 616//5325 2397//5325
f 4426//5326 4425//5326 2397//5326 2398//5326
f 4427//5327 4426//5327 2398//5327 2401//5327
f 4429//5328 2669//5328 2667//5328 4425//5328
f 4430//5329 4429//5329 4425//5329 4426//5329
f 4431//5330 4430//5330 4426//5330 4427//5330
f 4432//5331 4431//5331 4427//5331 4428//5331
f 4437//5332 2673//5332 2669//5332 4429//5332
f 4433//5333 4437//5333 4430//5333 4431//5333
f 4434//5334 4433//5334 4431//5334 4432//5334
f 4436//5335 4435//5335 4433//5335 4434//5335
f 4481//5336 4428//5336 2401//5336 2444//5336
f 4472//5337 4481//5337 2444//5337 2443//5337
f 4438//5338 4472//5338 2443//5338 2414//5338
f 4439//5339 4438//5339 2414//5339 2415//5339
f 4441//5340 4440//5340 4438//5340 4439//5340
f 4442//5341 4473//5341 4472//5341 4440//5341
f 4443//5342 4442//5342 4440//5342 4441//5342
f 4445//5343 4444//5343 4442//5343 4443//5343
f 4474//5344 4434//5344 4432//5344 4481//5344
f 4476//5345 4475//5345 4481//5345 4473//5345
f 4477//5346 4476//5346 4473//5346 4444//5346
f 4478//5347 4436//5347 4434//5347 4474//5347
f 4479//5348 4478//5348 4474//5348 4475//5348
f 4446//5349 4479//5349 4475//5349 4476//5349
f 4480//5350 4447//5350 4476//5350 4477//5350
f 4449//5351 4448//5351 4446//5351 4447//5351
f 4450//5352 4439//5352 2415//5352 2425//5352
f 4451//5353 4441//5353 4439//5353 4450//5353
f 4452//5354 4443//5354 4441//5354 4451//5354
f 4445//5355 4454//5355 4453//5355 4444//5355
f 4454//5356 4445//5356 4443//5356 4452//5356
f 4455//5357 4477//5357 4444//5357 4453//5357
f 4480//5358 4458//5358 4457//5358 4447//5358
f 4458//5359 4480//5359 4477//5359 4456//5359
f 4449//5360 4460//5360 4459//5360 4448//5360
f 4460//5361 4449//5361 4447//5361 4457//5361
f 4461//5362 4450//5362 2425//5362 2435//5362
f 4462//5363 4451//5363 4450//5363 4461//5363
f 4463//5364 4452//5364 4451//5364 4462//5364
f 4454//5365 4465//5365 4464//5365 4453//5365
f 4465//5366 4454//5366 4452//5366 4463//5366
f 4466//5367 4455//5367 4453//5367 4464//5367
f 4467//5368 4456//5368 4455//5368 4466//5368
f 4458//5369 4469//5369 4468//5369 4457//5369
f 4469//5370 4458//5370 4456//5370 4467//5370
f 4460//5371 4471//5371 4470//5371 4459//5371
f 4471//5372 4460//5372 4457//5372 4468//5372
f 4516//5373 2774//5373 2676//5373 4437//5373
f 4517//5374 4516//5374 4437//5374 4435//5374
f 4510//5375 2770//5375 2774//5375 4516//5375
f 4512//5376 4511//5376 4516//5376 4517//5376
f 4482//5377 2748//5377 2770//5377 4510//5377
f 4484//5378 4483//5378 4510//5378 4511//5378
f 4514//5379 4485//5379 4511//5379 4512//5379
f 4515//5380 4514//5380 4512//5380 4513//5380
f 4486//5381 2750//5381 2748//5381 4482//5381
f 4487//5382 4486//5382 4482//5382 4483//5382
f 4488//5383 4487//5383 4483//5383 4484//5383
f 4489//5384 4488//5384 4484//5384 4485//5384
f 4514//5385 4493//5385 4492//5385 4485//5385
f 4515//5386 4495//5386 4494//5386 4514//5386
f 4495//5387 4515//5387 4513//5387 4490//5387
f 4486//5388 4496//5388 2756//5388 2750//5388
f 4487//5389 4497//5389 4496//5389 4486//5389
f 4488//5390 4498//5390 4497//5390 4487//5390
f 4489//5391 4499//5391 4498//5391 4488//5391
f 4499//5392 4489//5392 4485//5392 4492//5392
f 4491//5393 4501//5393 4500//5393 4490//5393
f 4493//5394 4503//5394 4502//5394 4492//5394
f 4494//5395 4504//5395 4503//5395 4493//5395
f 4495//5396 4505//5396 4504//5396 4494//5396
f 4505//5397 4495//5397 4490//5397 4500//5397
f 4496//5398 4506//5398 2762//5398 2756//5398
f 4497//5399 4507//5399 4506//5399 4496//5399
f 4498//5400 4508//5400 4507//5400 4497//5400
f 4499//5401 4509//5401 4508//5401 4498//5401
f 4509//5402 4499//5402 4492//5402 4502//5402
f 4548//5403 4517//5403 4436//5403 4478//5403
f 4518//5404 4548//5404 4478//5404 4479//5404
f 4549//5405 4519//5405 4479//5405 4448//5405
f 4521//5406 4520//5406 4518//5406 4519//5406
f 4551//5407 4550//5407 4548//5407 4520//5407
f 4522//5408 4513//5408 4517//5408 4550//5408
f 4549//5409 4526//5409 4525//5409 4519//5409
f 4526//5410 4549//5410 4448//5410 4459//5410
f 4521//5411 4528//5411 4527//5411 4520//5411
f 4528//5412 4521//5412 4519//5412 4525//5412
f 4551//5413 4530//5413 4529//5413 4550//5413
f 4530//5414 4551//5414 4520//5414 4527//5414
f 4532//5415 4531//5415 4529//5415 4530//5415
f 4523//5416 4534//5416 4533//5416 4522//5416
f 4534//5417 4523//5417 4550//5417 4531//5417
f 4524//5418 4535//5418 4491//5418 4513//5418
f 4535//5419 4524//5419 4522//5419 4533//5419
f 4526//5420 4537//5420 4536//5420 4525//5420
f 4537//5421 4526//5421 4459//5421 4470//5421
f 4528//5422 4539//5422 4538//5422 4527//5422
f 4539//5423 4528//5423 4525//5423 4536//5423
f 4540//5424 4539//5424 4536//5424 4537//5424
f 4541//5425 4530//5425 4527//5425 4538//5425
f 4542//5426 4541//5426 4538//5426 4539//5426
f 4532//5427 4544//5427 4543//5427 4531//5427
f 4544//5428 4532//5428 4530//5428 4541//5428
f 4534//5429 4546//5429 4545//5429 4533//5429
f 4546//5430 4534//5430 4531//5430 4543//5430
f 4535//5431 4547//5431 4501//5431 4491//5431
f 4547//5432 4535//5432 4533//5432 4545//5432
f 3095//5433 4567//5433 2557//5433 1225//5433
f 4567//5434 4556//5434 2555//5434 2557//5434
f 4556//5435 4557//5435 2556//5435 2555//5435
f 4558//5436 4559//5436 4557//5436 4556//5436
f 3091//5437 4560//5437 4567//5437 3095//5437
f 4561//5438 4562//5438 4558//5438 4567//5438
f 3094//5439 4564//5439 4560//5439 3091//5439
f 4564//5440 4565//5440 4561//5440 4560//5440
f 4562//5441 4563//5441 4559//5441 4558//5441
f 4565//5442 4566//5442 4562//5442 4561//5442
f 4566//5443 4552//5443 4563//5443 4562//5443
f 4554//5444 4555//5444 4553//5444 4552//5444
f 4602//5445 4461//5445 2435//5445 2599//5445
f 4603//5446 4463//5446 4462//5446 4602//5446
f 4604//5447 4466//5447 4464//5447 4603//5447
f 4469//5448 4605//5448 4568//5448 4468//5448
f 4605//5449 4469//5449 4467//5449 4604//5449
f 4471//5450 4570//5450 4569//5450 4470//5450
f 4570//5451 4471//5451 4468//5451 4568//5451
f 4572//5452 4570//5452 4568//5452 4571//5452
f 4573//5453 4602//5453 2599//5453 2567//5453
f 4575//5454 4603//5454 4602//5454 4574//5454
f 4578//5455 4604//5455 4603//5455 4576//5455
f 4605//5456 4581//5456 4580//5456 4571//5456
f 4581//5457 4605//5457 4604//5457 4579//5457
f 4582//5458 4572//5458 4571//5458 4580//5458
f 4557//5459 4606//5459 2591//5459 2556//5459
f 4606//5460 4607//5460 2602//5460 2592//5460
f 4607//1397 4608//1397 2603//1397 2602//1397
f 4608//5461 4583//5461 2593//5461 2603//5461
f 4583//5462 4584//5462 2594//5462 2593//5462
f 4584//5463 4573//5463 2567//5463 2594//5463
f 4585//5464 4586//5464 4584//5464 4583//5464
f 4586//5465 4574//5465 4573//5465 4584//5465
f 4559//5466 4587//5466 4606//5466 4557//5466
f 4588//5467 4609//5467 4607//5467 4606//5467
f 4609//1592 4610//1592 4608//1592 4607//1592
f 4610//5468 4589//5468 4585//5468 4608//5468
f 4589//5469 4590//5469 4586//5469 4585//5469
f 4590//5470 4575//5470 4574//5470 4586//5470
f 4591//5471 4592//5471 4588//5471 4587//5471
f 4593//5472 4594//5472 4590//5472 4589//5472
f 4577//5473 4594//5473 4593//5473 4576//5473
f 4594//5474 4577//5474 4575//5474 4590//5474
f 4563//5475 4611//5475 4591//5475 4559//5475
f 4611//5476 4612//5476 4609//5476 4592//5476
f 4612//5477 4613//5477 4610//5477 4609//5477
f 4613//5478 4595//5478 4593//5478 4610//5478
f 4595//5479 4578//5479 4576//5479 4593//5479
f 4596//5480 4579//5480 4578//5480 4595//5480
f 4553//5481 4614//5481 4611//5481 4563//5481
f 4614//5482 4615//5482 4612//5482 4611//5482
f 4615//5483 4597//5483 4613//5483 4612//5483
f 4598//5484 4599//5484 4596//5484 4613//5484
f 4581//5485 4599//5485 4598//5485 4580//5485
f 4599//5486 4581//5486 4579//5486 4596//5486
f 4600//5487 4601//5487 4598//5487 4597//5487
f 4601//5488 4582//5488 4580//5488 4598//5488
f 4503//5489 4648//5489 4647//5489 4502//5489
f 4505//5490 4649//5490 4648//5490 4504//5490
f 4649//5491 4505//5491 4500//5491 4645//5491
f 4506//5492 4646//5492 3275//5492 2762//5492
f 4508//5493 4647//5493 4646//5493 4507//5493
f 4648//5494 4619//5494 4618//5494 4647//5494
f 4649//5495 4621//5495 4620//5495 4648//5495
f 4621//5496 4649//5496 4645//5496 4616//5496
f 4646//5497 4622//5497 3248//5497 3275//5497
f 4647//5498 4624//5498 4623//5498 4646//5498
f 3252//5499 4650//5499 4564//5499 3094//5499
f 4650//5500 4626//5500 4565//5500 4564//5500
f 4627//5501 4656//5501 4566//5501 4565//5501
f 4628//5502 4629//5502 4627//5502 4626//5502
f 3281//5503 4651//5503 4650//5503 3256//5503
f 4651//5504 4652//5504 4628//5504 4650//5504
f 3285//5505 4653//5505 4651//5505 3281//5505
f 4653//594 4654//594 4652//594 4651//594
f 4654//5506 4655//5506 4656//5506 4652//5506
f 4632//5507 4633//5507 4631//5507 4630//5507
f 4617//5508 4633//5508 4632//5508 4616//5508
f 3264//5509 4634//5509 4653//5509 3285//5509
f 4635//5510 4636//5510 4654//5510 4653//5510
f 4637//5511 4638//5511 4655//5511 4654//5511
f 4619//5512 4638//5512 4637//5512 4618//5512
f 4620//5513 4639//5513 4638//5513 4619//5513
f 4639//5514 4640//5514 4632//5514 4655//5514
f 4621//5515 4640//5515 4639//5515 4620//5515
f 4640//5516 4621//5516 4616//5516 4632//5516
f 3272//5517 4641//5517 4634//5517 3264//5517
f 4622//5518 4641//5518 3272//5518 3248//5518
f 4641//5519 4642//5519 4635//5519 4634//5519
f 4623//5520 4642//5520 4641//5520 4622//5520
f 4642//5521 4643//5521 4636//5521 4635//5521
f 4624//5522 4643//5522 4642//5522 4623//5522
f 4643//5523 4644//5523 4637//5523 4636//5523
f 4625//5524 4644//5524 4643//5524 4624//5524
f 4644//5525 4625//5525 4618//5525 4637//5525
f 4657//5526 4537//5526 4470//5526 4569//5526
f 4658//5527 4657//5527 4569//5527 4570//5527
f 4540//5528 4659//5528 4703//5528 4539//5528
f 4659//5529 4540//5529 4537//5529 4657//5529
f 4542//5530 4661//5530 4660//5530 4541//5530
f 4661//5531 4542//5531 4539//5531 4703//5531
f 4544//5532 4662//5532 4704//5532 4543//5532
f 4662//5533 4544//5533 4541//5533 4660//5533
f 4546//5534 4664//5534 4663//5534 4545//5534
f 4664//5535 4546//5535 4543//5535 4704//5535
f 4547//5536 4665//5536 4645//5536 4501//5536
f 4665//5537 4547//5537 4545//5537 4663//5537
f 4658//5538 4667//5538 4666//5538 4657//5538
f 4667//5539 4658//5539 4570//5539 4572//5539
f 4668//5540 4659//5540 4657//5540 4666//5540
f 4661//5541 4670//5541 4669//5541 4660//5541
f 4671//5542 4662//5542 4660//5542 4669//5542
f 4664//5543 4673//5543 4672//5543 4663//5543
f 4674//5544 4665//5544 4663//5544 4672//5544
f 4667//5545 4676//5545 4675//5545 4666//5545
f 4676//5546 4667//5546 4572//5546 4582//5546
f 4668//5547 4678//5547 4677//5547 4703//5547
f 4678//5548 4668//5548 4666//5548 4675//5548
f 4670//5549 4680//5549 4679//5549 4669//5549
f 4680//5550 4670//5550 4703//5550 4677//5550
f 4671//5551 4682//5551 4681//5551 4704//5551
f 4682//5552 4671//5552 4669//5552 4679//5552
f 4673//5553 4684//5553 4683//5553 4672//5553
f 4684//5554 4673//5554 4704//5554 4681//5554
f 4674//5555 4685//5555 4617//5555 4645//5555
f 4685//5556 4674//5556 4672//5556 4683//5556
f 4656//5557 4705//5557 4614//5557 4555//5557
f 4705//5558 4686//5558 4615//5558 4614//5558
f 4687//5559 4688//5559 4600//5559 4615//5559
f 4688//5560 4689//5560 4601//5560 4600//5560
f 4676//5561 4689//5561 4688//5561 4675//5561
f 4689//5562 4676//5562 4582//5562 4601//5562
f 4690//5563 4691//5563 4687//5563 4686//5563
f 4691//5564 4692//5564 4688//5564 4687//5564
f 4678//5565 4692//5565 4691//5565 4677//5565
f 4692//5566 4678//5566 4675//5566 4688//5566
f 4694//5567 4695//5567 4690//5567 4705//5567
f 4695//5568 4696//5568 4691//5568 4690//5568
f 4680//5569 4696//5569 4695//5569 4679//5569
f 4696//5570 4680//5570 4677//5570 4691//5570
f 4697//5571 4698//5571 4694//5571 4693//5571
f 4698//5572 4699//5572 4695//5572 4694//5572
f 4682//5573 4699//5573 4698//5573 4681//5573
f 4699//5574 4682//5574 4679//5574 4695//5574
f 4631//5575 4700//5575 4697//5575 4656//5575
f 4700//5576 4701//5576 4698//5576 4697//5576
f 4684//5577 4701//5577 4700//5577 4683//5577
f 4701//5578 4684//5578 4681//5578 4698//5578
f 4633//5579 4702//5579 4700//5579 4631//5579
f 4685//5580 4702//5580 4633//5580 4617//5580
f 4702//5581 4685//5581 4683//5581 4700//5581
f 4707//2663 1859//2663 1858//2663 4706//2663
f 4708//2656 1860//2656 1859//2656 4707//2656
f 4709//3120 1861//3120 1860//3120 4708//3120
f 4746//300 1866//300 1861//300 4709//300
f 1862//3135 4710//3135 4706//3135 1858//3135
f 4712//2663 4707//2663 4706//2663 4711//2663
f 4713//5582 4708//5582 4707//5582 4712//5582
f 4714//3124 4709//3124 4708//3124 4713//3124
f 4710//3135 4715//3135 4711//3135 4706//3135
f 4717//2663 4712//2663 4711//2663 4716//2663
f 4718//5583 4713//5583 4712//5583 4717//5583
f 4719//3124 4714//3124 4713//3124 4718//3124
f 4747//1291 4746//1291 4714//1291 4719//1291
f 4715//3135 4720//3135 4716//3135 4711//3135
f 4722//2663 4717//2663 4716//2663 4721//2663
f 4723//5583 4718//5583 4717//5583 4722//5583
f 4724//5584 4719//5584 4718//5584 4723//5584
f 4720//5585 4725//5585 4721//5585 4716//5585
f 4727//2673 4722//2673 4721//2673 4726//2673
f 4728//5586 4723//5586 4722//5586 4727//5586
f 4729//5587 4724//5587 4723//5587 4728//5587
f 4748//1242 4747//1242 4724//1242 4729//1242
f 4725//2662 4730//2662 4726//2662 4721//2662
f 4732//2673 4727//2673 4726//2673 4731//2673
f 4733//2653 4728//2653 4727//2653 4732//2653
f 4734//5588 4729//5588 4728//5588 4733//5588
f 4730//3135 4735//3135 4731//3135 4726//3135
f 4737//2663 4732//2663 4731//2663 4736//2663
f 4738//5582 4733//5582 4732//5582 4737//5582
f 4739//5588 4734//5588 4733//5588 4738//5588
f 4749//299 4748//299 4734//299 4739//299
f 4735//3135 4740//3135 4736//3135 4731//3135
f 4742//2673 4737//2673 4736//2673 4741//2673
f 4743//2653 4738//2653 4737//2653 4742//2653
f 4744//3120 4739//3120 4738//3120 4743//3120
f 4740//3133 4745//3133 4741//3133 4736//3133
f 4778//5589 1896//5589 1866//5589 4746//5589
f 4750//5590 1888//5590 1896//5590 4778//5590
f 4751//3152 1889//3152 1888//3152 4750//3152
f 4752//5591 1890//5591 1889//5591 4751//5591
f 4774//456 1894//456 1890//456 4752//456
f 4754//5592 4751//5592 4750//5592 4753//5592
f 4755//3153 4752//3153 4751//3153 4754//3153
f 4757//5593 4754//5593 4753//5593 4756//5593
f 4758//5594 4755//5594 4754//5594 4757//5594
f 4775//5595 4774//5595 4755//5595 4758//5595
f 4760//5592 4757//5592 4756//5592 4759//5592
f 4761//5596 4758//5596 4757//5596 4760//5596
f 4779//5597 4778//5597 4747//5597 4748//5597
f 4762//1249 4759//1249 4778//1249 4779//1249
f 4763//5592 4760//5592 4759//5592 4762//5592
f 4764//5598 4761//5598 4760//5598 4763//5598
f 4776//1248 4775//1248 4761//1248 4764//1248
f 4766//5593 4763//5593 4762//5593 4765//5593
f 4767//5598 4764//5598 4763//5598 4766//5598
f 4769//5593 4766//5593 4765//5593 4768//5593
f 4770//5599 4767//5599 4766//5599 4769//5599
f 4777//5600 4776//5600 4767//5600 4770//5600
f 4772//5601 4769//5601 4768//5601 4771//5601
f 4773//3142 4770//3142 4769//3142 4772//3142
f 1928//129 4808//129 4710//129 1862//129
f 1925//462 4804//462 4808//462 1928//462
f 1919//5602 4780//5602 4804//5602 1925//5602
f 1920//5603 4781//5603 4780//5603 1919//5603
f 1921//5604 4782//5604 4781//5604 1920//5604
f 4781//5605 4784//5605 4783//5605 4780//5605
f 4782//5606 4785//5606 4784//5606 4781//5606
f 4783//5607 4786//5607 4805//5607 4804//5607
f 4784//5608 4787//5608 4786//5608 4783//5608
f 4785//5609 4788//5609 4787//5609 4784//5609
f 4787//5610 4790//5610 4789//5610 4786//5610
f 4788//5611 4791//5611 4790//5611 4787//5611
f 4808//5612 4809//5612 4730//5612 4725//5612
f 4805//5613 4806//5613 4809//5613 4808//5613
f 4789//5614 4792//5614 4806//5614 4805//5614
f 4790//5615 4793//5615 4792//5615 4789//5615
f 4791//5616 4794//5616 4793//5616 4790//5616
f 4793//5617 4796//5617 4795//5617 4792//5617
f 4794//5618 4797//5618 4796//5618 4793//5618
f 4795//1257 4798//1257 4807//1257 4806//1257
f 4796//5619 4799//5619 4798//5619 4795//5619
f 4797//5620 4800//5620 4799//5620 4796//5620
f 4799//5621 4802//5621 4801//5621 4798//5621
f 4800//5622 4803//5622 4802//5622 4799//5622
f 4810//1304 1931//1304 1894//1304 4774//1304
f 4811//5623 1932//5623 1931//5623 4810//5623
f 4812//1304 4810//1304 4775//1304 4776//1304
f 4813//5623 4811//5623 4810//5623 4812//5623
f 4814//1258 1942//1258 1932//1258 4811//1258
f 4815//5624 1943//5624 1942//5624 4814//5624
f 4816//5625 1944//5625 1943//5625 4815//5625
f 4818//5626 4815//5626 4814//5626 4817//5626
f 4819//5625 4816//5625 4815//5625 4818//5625
f 4820//1258 4817//1258 4811//1258 4813//1258
f 4821//5626 4818//5626 4817//5626 4820//5626
f 4822//3191 4819//3191 4818//3191 4821//3191
f 4824//5627 4821//5627 4820//5627 4823//5627
f 4825//5628 4822//5628 4821//5628 4824//5628
f 1982//5629 4826//5629 4782//5629 1921//5629
f 1983//5630 4827//5630 4826//5630 1982//5630
f 1984//5631 4828//5631 4827//5631 1983//5631
f 4826//5632 4829//5632 4794//5632 4791//5632
f 4827//5633 4830//5633 4829//5633 4826//5633
f 4828//5634 4831//5634 4830//5634 4827//5634
f 2001//5635 4832//5635 4828//5635 1984//5635
f 4845//493 2018//493 1944//493 4816//493
f 4833//494 2015//494 2018//494 4845//494
f 4834//3252 2016//3252 2015//3252 4833//3252
f 4835//5636 2017//5636 2016//5636 4834//5636
f 4846//5637 2019//5637 2017//5637 4835//5637
f 4837//5638 4834//5638 4833//5638 4836//5638
f 4838//5639 4835//5639 4834//5639 4837//5639
f 4847//1268 4845//1268 4819//1268 4822//1268
f 4839//494 4836//494 4845//494 4847//494
f 4840//5640 4837//5640 4836//5640 4839//5640
f 4841//5641 4838//5641 4837//5641 4840//5641
f 4848//1267 4846//1267 4838//1267 4841//1267
f 4843//5640 4840//5640 4839//5640 4842//5640
f 4844//5641 4841//5641 4840//5641 4843//5641
f 4849//3271 2043//3271 2019//3271 4846//3271
f 4850//5642 2044//5642 2043//5642 4849//5642
f 4851//5643 2045//5643 2044//5643 4850//5643
f 4852//5644 2046//5644 2045//5644 4851//5644
f 4853//5645 2047//5645 2046//5645 4852//5645
f 4855//5646 4850//5646 4849//5646 4854//5646
f 4856//5647 4851//5647 4850//5647 4855//5647
f 4857//5648 4852//5648 4851//5648 4856//5648
f 4858//5649 4853//5649 4852//5649 4857//5649
f 4859//1272 4854//1272 4846//1272 4848//1272
f 4860//5650 4855//5650 4854//5650 4859//5650
f 4861//5651 4856//5651 4855//5651 4860//5651
f 4862//5652 4857//5652 4856//5652 4861//5652
f 4863//5653 4858//5653 4857//5653 4862//5653
f 4865//5654 4860//5654 4859//5654 4864//5654
f 4866//5655 4861//5655 4860//5655 4865//5655
f 4867//5656 4862//5656 4861//5656 4866//5656
f 4868//5657 4863//5657 4862//5657 4867//5657
f 4869//5658 2062//5658 2047//5658 4853//5658
f 4890//5659 2079//5659 2063//5659 4869//5659
f 4883//5660 2076//5660 2079//5660 4890//5660
f 4884//5661 2077//5661 2076//5661 4883//5661
f 2077//5662 4884//5662 4882//5662 2075//5662
f 4887//5663 4884//5663 4883//5663 4886//5663
f 4884//5664 4887//5664 4885//5664 4882//5664
f 4888//5665 4886//5665 4890//5665 4891//5665
f 4870//5666 4887//5666 4886//5666 4888//5666
f 4873//5667 4871//5667 4870//5667 4872//5667
f 4875//5668 4872//5668 4888//5668 4889//5668
f 4876//5669 4873//5669 4872//5669 4875//5669
f 4877//5670 4874//5670 4873//5670 4876//5670
f 4879//5671 4876//5671 4875//5671 4878//5671
f 4880//5672 4881//5672 4879//5672 4878//5672
f 4881//5673 4877//5673 4876//5673 4879//5673
f 4894//5674 2093//5674 2117//5674 4893//5674
f 4895//5675 2094//5675 2093//5675 4894//5675
f 4930//5676 2116//5676 2075//5676 4882//5676
f 4896//5677 2117//5677 2116//5677 4930//5677
f 4896//5678 4897//5678 4893//5678 4892//5678
f 4897//5679 4898//5679 4894//5679 4893//5679
f 4898//5680 4899//5680 4895//5680 4894//5680
f 4899//5681 2097//5681 2094//5681 4895//5681
f 4931//5682 2098//5682 2097//5682 4899//5682
f 4900//5683 4901//5683 4899//5683 4898//5683
f 4901//5684 4932//5684 4931//5684 4899//5684
f 4932//5685 2118//5685 2098//5685 4931//5685
f 4902//5686 4903//5686 4901//5686 4900//5686
f 4905//5687 4897//5687 4896//5687 4904//5687
f 4906//5688 4898//5688 4897//5688 4905//5688
f 4907//5689 4908//5689 4906//5689 4905//5689
f 4908//5690 4900//5690 4898//5690 4906//5690
f 4909//5691 4910//5691 4908//5691 4907//5691
f 4910//5692 4902//5692 4900//5692 4908//5692
f 4933//5693 4930//5693 4882//5693 4885//5693
f 4911//5694 4904//5694 4930//5694 4933//5694
f 4912//5695 4905//5695 4904//5695 4911//5695
f 4887//5696 4913//5696 4933//5696 4885//5696
f 4914//5697 4915//5697 4911//5697 4933//5697
f 4915//5698 4916//5698 4912//5698 4911//5698
f 4916//5699 4907//5699 4905//5699 4912//5699
f 4917//5700 4918//5700 4916//5700 4915//5700
f 4918//5701 4909//5701 4907//5701 4916//5701
f 4921//5702 4915//5702 4914//5702 4920//5702
f 4922//5703 4923//5703 4921//5703 4920//5703
f 4923//5704 4917//5704 4915//5704 4921//5704
f 4924//5705 4919//5705 4887//5705 4871//5705
f 4925//5706 4920//5706 4919//5706 4924//5706
f 4926//5707 4927//5707 4925//5707 4924//5707
f 4927//5708 4922//5708 4920//5708 4925//5708
f 4928//5709 4924//5709 4871//5709 4873//5709
f 4874//5710 4929//5710 4928//5710 4873//5710
f 4929//5711 4926//5711 4924//5711 4928//5711
f 4935//2669 4742//2669 4741//2669 4934//2669
f 4936//5583 4743//5583 4742//5583 4935//5583
f 4937//5712 4744//5712 4743//5712 4936//5712
f 4974//5713 4749//5713 4744//5713 4937//5713
f 4745//3133 4938//3133 4934//3133 4741//3133
f 4940//5714 4935//5714 4934//5714 4939//5714
f 4941//5715 4936//5715 4935//5715 4940//5715
f 4942//5716 4937//5716 4936//5716 4941//5716
f 4938//5717 4943//5717 4939//5717 4934//5717
f 4945//5718 4940//5718 4939//5718 4944//5718
f 4946//5719 4941//5719 4940//5719 4945//5719
f 4947//5720 4942//5720 4941//5720 4946//5720
f 4975//1291 4974//1291 4942//1291 4947//1291
f 4943//5721 4948//5721 4944//5721 4939//5721
f 4950//5722 4945//5722 4944//5722 4949//5722
f 4951//5723 4946//5723 4945//5723 4950//5723
f 4952//5724 4947//5724 4946//5724 4951//5724
f 4948//5725 4953//5725 4949//5725 4944//5725
f 4955//5726 4950//5726 4949//5726 4954//5726
f 4956//5582 4951//5582 4950//5582 4955//5582
f 4957//5584 4952//5584 4951//5584 4956//5584
f 4976//298 4975//298 4952//298 4957//298
f 4953//3122 4958//3122 4954//3122 4949//3122
f 4960//5727 4955//5727 4954//5727 4959//5727
f 4961//5728 4956//5728 4955//5728 4960//5728
f 4962//5729 4957//5729 4956//5729 4961//5729
f 4958//5730 4963//5730 4959//5730 4954//5730
f 4965//5727 4960//5727 4959//5727 4964//5727
f 4966//5731 4961//5731 4960//5731 4965//5731
f 4967//5732 4962//5732 4961//5732 4966//5732
f 4977//297 4976//297 4962//297 4967//297
f 4963//5733 4968//5733 4964//5733 4959//5733
f 4970//5734 4965//5734 4964//5734 4969//5734
f 4971//5735 4966//5735 4965//5735 4970//5735
f 4972//5736 4967//5736 4966//5736 4971//5736
f 4968//5737 4973//5737 4969//5737 4964//5737
f 5006//5738 4779//5738 4749//5738 4974//5738
f 4978//5739 4771//5739 4779//5739 5006//5739
f 4979//5740 4772//5740 4771//5740 4978//5740
f 4980//3142 4773//3142 4772//3142 4979//3142
f 5002//1252 4777//1252 4773//1252 4980//1252
f 4982//5741 4979//5741 4978//5741 4981//5741
f 4983//5742 4980//5742 4979//5742 4982//5742
f 4985//5743 4982//5743 4981//5743 4984//5743
f 4986//5742 4983//5742 4982//5742 4985//5742
f 5003//1252 5002//1252 4983//1252 4986//1252
f 4988//5741 4985//5741 4984//5741 4987//5741
f 4989//5744 4986//5744 4985//5744 4988//5744
f 5007//5745 5006//5745 4975//5745 4976//5745
f 4990//5746 4987//5746 5006//5746 5007//5746
f 4991//5747 4988//5747 4987//5747 4990//5747
f 4992//5748 4989//5748 4988//5748 4991//5748
f 5004//5749 5003//5749 4989//5749 4992//5749
f 4994//5740 4991//5740 4990//5740 4993//5740
f 4995//5750 4992//5750 4991//5750 4994//5750
f 4997//5743 4994//5743 4993//5743 4996//5743
f 4998//5751 4995//5751 4994//5751 4997//5751
f 5005//5752 5004//5752 4995//5752 4998//5752
f 5000//5753 4997//5753 4996//5753 4999//5753
f 5001//5754 4998//5754 4997//5754 5000//5754
f 4809//129 5036//129 4938//129 4745//129
f 4807//1256 5032//1256 5036//1256 4809//1256
f 4801//1257 5008//1257 5032//1257 4807//1257
f 4802//5755 5009//5755 5008//5755 4801//5755
f 4803//5756 5010//5756 5009//5756 4802//5756
f 5009//5757 5012//5757 5011//5757 5008//5757
f 5010//5758 5013//5758 5012//5758 5009//5758
f 5011//5759 5014//5759 5033//5759 5032//5759
f 5012//5760 5015//5760 5014//5760 5011//5760
f 5013//5761 5016//5761 5015//5761 5012//5761
f 5015//5762 5018//5762 5017//5762 5014//5762
f 5016//5763 5019//5763 5018//5763 5015//5763
f 5036//129 5037//129 4958//129 4953//129
f 5033//1256 5034//1256 5037//1256 5036//1256
f 5017//1257 5020//1257 5034//1257 5033//1257
f 5018//5764 5021//5764 5020//5764 5017//5764
f 5019//5765 5022//5765 5021//5765 5018//5765
f 5021//5766 5024//5766 5023//5766 5020//5766
f 5022//5767 5025//5767 5024//5767 5021//5767
f 5023//5768 5026//5768 5035//5768 5034//5768
f 5024//5769 5027//5769 5026//5769 5023//5769
f 5025//5770 5028//5770 5027//5770 5024//5770
f 5027//3171 5030//3171 5029//3171 5026//3171
f 5028//5771 5031//5771 5030//5771 5027//5771
f 5038//1304 4812//1304 4777//1304 5002//1304
f 5039//5772 4813//5772 4812//5772 5038//5772
f 5040//466 5038//466 5003//466 5004//466
f 5041//5623 5039//5623 5038//5623 5040//5623
f 5042//5773 4823//5773 4813//5773 5039//5773
f 5043//5626 4824//5626 4823//5626 5042//5626
f 5044//5774 4825//5774 4824//5774 5043//5774
f 5046//5627 5043//5627 5042//5627 5045//5627
f 5047//5628 5044//5628 5043//5628 5046//5628
f 5048//5773 5045//5773 5039//5773 5041//5773
f 5049//5627 5046//5627 5045//5627 5048//5627
f 5050//5628 5047//5628 5046//5628 5049//5628
f 5052//5775 5049//5775 5048//5775 5051//5775
f 5053//5625 5050//5625 5049//5625 5052//5625
f 4829//5776 5054//5776 5010//5776 4803//5776
f 4830//5777 5055//5777 5054//5777 4829//5777
f 4831//5778 5056//5778 5055//5778 4830//5778
f 5054//5779 5057//5779 5022//5779 5019//5779
f 5055//5780 5058//5780 5057//5780 5054//5780
f 5056//5781 5059//5781 5058//5781 5055//5781
f 4832//5782 5060//5782 5056//5782 4831//5782
f 5073//1268 4847//1268 4825//1268 5044//1268
f 5061//1314 4842//1314 4847//1314 5073//1314
f 5062//5783 4843//5783 4842//5783 5061//5783
f 5063//5639 4844//5639 4843//5639 5062//5639
f 5074//1270 4848//1270 4844//1270 5063//1270
f 5065//5784 5062//5784 5061//5784 5064//5784
f 5066//5641 5063//5641 5062//5641 5065//5641
f 5075//1313 5073//1313 5047//1313 5050//1313
f 5067//1269 5064//1269 5073//1269 5075//1269
f 5068//5784 5065//5784 5064//5784 5067//5784
f 5069//5641 5066//5641 5065//5641 5068//5641
f 5076//1267 5074//1267 5066//1267 5069//1267
f 5071//5785 5068//5785 5067//5785 5070//5785
f 5072//5786 5069//5786 5068//5786 5071//5786
f 5077//1272 4864//1272 4848//1272 5074//1272
f 5078//5787 4865//5787 4864//5787 5077//5787
f 5079//5788 4866//5788 4865//5788 5078//5788
f 5080//5789 4867//5789 4866//5789 5079//5789
f 5081//5657 4868//5657 4867//5657 5080//5657
f 5083//5654 5078//5654 5077//5654 5082//5654
f 5084//5655 5079//5655 5078//5655 5083//5655
f 5085//5656 5080//5656 5079//5656 5084//5656
f 5086//5657 5081//5657 5080//5657 5085//5657
f 5087//5790 5082//5790 5074//5790 5076//5790
f 5088//5791 5083//5791 5082//5791 5087//5791
f 5089//5792 5084//5792 5083//5792 5088//5792
f 5090//5793 5085//5793 5084//5793 5089//5793
f 5091//5653 5086//5653 5085//5653 5090//5653
f 5093//5794 5088//5794 5087//5794 5092//5794
f 5094//5795 5089//5795 5088//5795 5093//5795
f 5095//5796 5090//5796 5089//5796 5094//5796
f 5096//5797 5091//5797 5090//5797 5095//5797
f 5097//1276 4869//1276 4868//1276 5081//1276
f 5131//5798 4891//5798 4869//5798 5097//5798
f 5098//5799 4889//5799 4891//5799 5131//5799
f 5100//5800 4878//5800 4889//5800 5099//5800
f 5101//5801 5102//5801 5100//5801 5099//5801
f 5102//5802 4880//5802 4878//5802 5100//5802
f 5104//5803 5099//5803 5098//5803 5103//5803
f 5105//5804 5101//5804 5099//5804 5104//5804
f 5106//5805 5102//5805 5101//5805 5105//5805
f 5108//5806 5104//5806 5103//5806 5107//5806
f 5109//5807 5105//5807 5104//5807 5108//5807
f 5111//5808 5108//5808 5107//5808 5110//5808
f 5112//5809 5113//5809 5111//5809 5110//5809
f 5113//5810 5109//5810 5108//5810 5111//5810
f 5114//5811 5110//5811 5131//5811 5129//5811
f 5115//5812 5112//5812 5110//5812 5114//5812
f 5116//5813 5113//5813 5112//5813 5115//5813
f 5118//5814 5115//5814 5114//5814 5117//5814
f 5119//5815 5129//5815 5128//5815 5130//5815
f 5121//5816 5117//5816 5129//5816 5120//5816
f 5122//5817 5123//5817 5121//5817 5120//5817
f 5123//5818 5118//5818 5117//5818 5121//5818
f 5125//5819 5120//5819 5119//5819 5124//5819
f 5126//5820 5122//5820 5120//5820 5125//5820
f 5127//5821 5123//5821 5122//5821 5126//5821
f 5133//2673 4970//2673 4969//2673 5132//2673
f 5134//5822 4971//5822 4970//5822 5133//5822
f 5135//5823 4972//5823 4971//5823 5134//5823
f 5172//300 4977//300 4972//300 5135//300
f 4973//3135 5136//3135 5132//3135 4969//3135
f 5138//2663 5133//2663 5132//2663 5137//2663
f 5139//5824 5134//5824 5133//5824 5138//5824
f 5140//5825 5135//5825 5134//5825 5139//5825
f 5136//3135 5141//3135 5137//3135 5132//3135
f 5143//5726 5138//5726 5137//5726 5142//5726
f 5144//5826 5139//5826 5138//5826 5143//5826
f 5145//2175 5140//2175 5139//2175 5144//2175
f 5173//443 5172//443 5140//443 5145//443
f 5141//3135 5146//3135 5142//3135 5137//3135
f 5148//5727 5143//5727 5142//5727 5147//5727
f 5149//5827 5144//5827 5143//5827 5148//5827
f 5150//5828 5145//5828 5144//5828 5149//5828
f 5146//5733 5151//5733 5147//5733 5142//5733
f 5153//2669 5148//2669 5147//2669 5152//2669
f 5154//5829 5149//5829 5148//5829 5153//5829
f 5155//5830 5150//5830 5149//5830 5154//5830
f 5174//5831 5173//5831 5150//5831 5155//5831
f 5151//2160 5156//2160 5152//2160 5147//2160
f 5158//5832 5153//5832 5152//5832 5157//5832
f 5159//5833 5154//5833 5153//5833 5158//5833
f 5160//5834 5155//5834 5154//5834 5159//5834
f 5156//5835 5161//5835 5157//5835 5152//5835
f 5163//5836 5158//5836 5157//5836 5162//5836
f 5164//5837 5159//5837 5158//5837 5163//5837
f 5165//5838 5160//5838 5159//5838 5164//5838
f 5175//5839 5174//5839 5160//5839 5165//5839
f 5161//5840 5166//5840 5162//5840 5157//5840
f 5168//5841 5163//5841 5162//5841 5167//5841
f 5169//5842 5164//5842 5163//5842 5168//5842
f 5170//5843 5165//5843 5164//5843 5169//5843
f 5166//5844 5171//5844 5167//5844 5162//5844
f 5204//454 5007//454 4977//454 5172//454
f 5176//5845 4999//5845 5007//5845 5204//5845
f 5177//5753 5000//5753 4999//5753 5176//5753
f 5178//5846 5001//5846 5000//5846 5177//5846
f 5200//5749 5005//5749 5001//5749 5178//5749
f 5180//5847 5177//5847 5176//5847 5179//5847
f 5181//5848 5178//5848 5177//5848 5180//5848
f 5183//5849 5180//5849 5179//5849 5182//5849
f 5184//5848 5181//5848 5180//5848 5183//5848
f 5201//1252 5200//1252 5181//1252 5184//1252
f 5186//5850 5183//5850 5182//5850 5185//5850
f 5187//5851 5184//5851 5183//5851 5186//5851
f 5205//5852 5204//5852 5173//5852 5174//5852
f 5188//1334 5185//1334 5204//1334 5205//1334
f 5189//5853 5186//5853 5185//5853 5188//5853
f 5190//5854 5187//5854 5186//5854 5189//5854
f 5202//1252 5201//1252 5187//1252 5190//1252
f 5192//5853 5189//5853 5188//5853 5191//5853
f 5193//5855 5190//5855 5189//5855 5192//5855
f 5195//5853 5192//5853 5191//5853 5194//5853
f 5196//5856 5193//5856 5192//5856 5195//5856
f 5203//1300 5202//1300 5193//1300 5196//1300
f 5198//5857 5195//5857 5194//5857 5197//5857
f 5199//5858 5196//5858 5195//5858 5198//5858
f 5037//129 5234//129 5136//129 4973//129
f 5035//1256 5230//1256 5234//1256 5037//1256
f 5029//1340 5206//1340 5230//1340 5035//1340
f 5030//5859 5207//5859 5206//5859 5029//5859
f 5031//5860 5208//5860 5207//5860 5030//5860
f 5207//5861 5210//5861 5209//5861 5206//5861
f 5208//5862 5211//5862 5210//5862 5207//5862
f 5209//5863 5212//5863 5231//5863 5230//5863
f 5210//5864 5213//5864 5212//5864 5209//5864
f 5211//5865 5214//5865 5213//5865 5210//5865
f 5213//5866 5216//5866 5215//5866 5212//5866
f 5214//5867 5217//5867 5216//5867 5213//5867
f 5234//129 5235//129 5156//129 5151//129
f 5231//1345 5232//1345 5235//1345 5234//1345
f 5215//1340 5218//1340 5232//1340 5231//1340
f 5216//5868 5219//5868 5218//5868 5215//5868
f 5217//5869 5220//5869 5219//5869 5216//5869
f 5219//5870 5222//5870 5221//5870 5218//5870
f 5220//5871 5223//5871 5222//5871 5219//5871
f 5221//5872 5224//5872 5233//5872 5232//5872
f 5222//5873 5225//5873 5224//5873 5221//5873
f 5223//5874 5226//5874 5225//5874 5222//5874
f 5225//5875 5228//5875 5227//5875 5224//5875
f 5226//5876 5229//5876 5228//5876 5225//5876
f 5236//1348 5040//1348 5005//1348 5200//1348
f 5237//5623 5041//5623 5040//5623 5236//5623
f 5238//1304 5236//1304 5201//1304 5202//1304
f 5239//5623 5237//5623 5236//5623 5238//5623
f 5240//5877 5051//5877 5041//5877 5237//5877
f 5241//5626 5052//5626 5051//5626 5240//5626
f 5242//5774 5053//5774 5052//5774 5241//5774
f 5244//3190 5241//3190 5240//3190 5243//3190
f 5245//5774 5242//5774 5241//5774 5244//5774
f 5246//468 5243//468 5237//468 5239//468
f 5247//5626 5244//5626 5243//5626 5246//5626
f 5248//5774 5245//5774 5244//5774 5247//5774
f 5250//5624 5247//5624 5246//5624 5249//5624
f 5251//5878 5248//5878 5247//5878 5250//5878
f 5057//5879 5252//5879 5208//5879 5031//5879
f 5058//5880 5253//5880 5252//5880 5057//5880
f 5059//5881 5254//5881 5253//5881 5058//5881
f 5252//5882 5255//5882 5220//5882 5217//5882
f 5253//5883 5256//5883 5255//5883 5252//5883
f 5254//5884 5257//5884 5256//5884 5253//5884
f 5060//5885 5258//5885 5254//5885 5059//5885
f 5271//1357 5075//1357 5053//1357 5242//1357
f 5259//1314 5070//1314 5075//1314 5271//1314
f 5260//5783 5071//5783 5070//5783 5259//5783
f 5261//5886 5072//5886 5071//5886 5260//5886
f 5272//5887 5076//5887 5072//5887 5261//5887
f 5263//5888 5260//5888 5259//5888 5262//5888
f 5264//5889 5261//5889 5260//5889 5263//5889
f 5273//1266 5271//1266 5245//1266 5248//1266
f 5265//5890 5262//5890 5271//5890 5273//5890
f 5266//5888 5263//5888 5262//5888 5265//5888
f 5267//5889 5264//5889 5263//5889 5266//5889
f 5274//5891 5272//5891 5264//5891 5267//5891
f 5269//5892 5266//5892 5265//5892 5268//5892
f 5270//5893 5267//5893 5266//5893 5269//5893
f 5275//5790 5092//5790 5076//5790 5272//5790
f 5276//5894 5093//5894 5092//5894 5275//5894
f 5277//5895 5094//5895 5093//5895 5276//5895
f 5278//5896 5095//5896 5094//5896 5277//5896
f 5279//5897 5096//5897 5095//5897 5278//5897
f 5281//5898 5276//5898 5275//5898 5280//5898
f 5282//5899 5277//5899 5276//5899 5281//5899
f 5283//5900 5278//5900 5277//5900 5282//5900
f 5284//5897 5279//5897 5278//5897 5283//5897
f 5285//5901 5280//5901 5272//5901 5274//5901
f 5286//5902 5281//5902 5280//5902 5285//5902
f 5287//5903 5282//5903 5281//5903 5286//5903
f 5288//5904 5283//5904 5282//5904 5287//5904
f 5289//5905 5284//5905 5283//5905 5288//5905
f 5291//5906 5286//5906 5285//5906 5290//5906
f 5292//5907 5287//5907 5286//5907 5291//5907
f 5293//5908 5288//5908 5287//5908 5292//5908
f 5294//5909 5289//5909 5288//5909 5293//5909
f 5303//5910 5097//5910 5096//5910 5279//5910
f 5305//5911 5303//5911 5284//5911 5289//5911
f 5300//5912 5304//5912 5303//5912 5305//5912
f 5295//5913 5301//5913 5300//5913 5302//5913
f 5298//5914 5296//5914 5295//5914 5297//5914
f 5335//5915 5130//5915 5097//5915 5304//5915
f 5306//5916 5124//5916 5130//5916 5335//5916
f 5307//5917 5125//5917 5124//5917 5306//5917
f 5308//5918 5309//5918 5307//5918 5306//5918
f 5309//5919 5126//5919 5125//5919 5307//5919
f 5311//5920 5308//5920 5306//5920 5310//5920
f 5312//5921 5309//5921 5308//5921 5311//5921
f 5315//5922 5310//5922 5335//5922 5314//5922
f 5316//5923 5311//5923 5310//5923 5315//5923
f 5318//5924 5314//5924 5313//5924 5317//5924
f 5319//5925 5315//5925 5314//5925 5318//5925
f 5320//5926 5321//5926 5319//5926 5318//5926
f 5321//5927 5316//5927 5315//5927 5319//5927
f 5322//5928 5317//5928 5304//5928 5301//5928
f 5323//5929 5318//5929 5317//5929 5322//5929
f 5324//5930 5320//5930 5318//5930 5323//5930
f 5336//5931 5321//5931 5320//5931 5324//5931
f 5326//5932 5323//5932 5322//5932 5325//5932
f 5327//5933 5324//5933 5323//5933 5326//5933
f 5328//5934 5325//5934 5301//5934 5296//5934
f 5329//5935 5326//5935 5325//5935 5328//5935
f 5330//5936 5331//5936 5329//5936 5328//5936
f 5331//5937 5327//5937 5326//5937 5329//5937
f 5332//5938 5328//5938 5296//5938 5298//5938
f 5299//5939 5333//5939 5332//5939 5298//5939
f 5333//5940 5330//5940 5328//5940 5332//5940
f 5334//5941 5331//5941 5330//5941 5333//5941
f 5338//5942 5168//5942 5167//5942 5337//5942
f 5339//5943 5169//5943 5168//5943 5338//5943
f 5340//5944 5170//5944 5169//5944 5339//5944
f 5366//5945 5175//5945 5170//5945 5340//5945
f 5171//5946 5341//5946 5337//5946 5167//5946
f 5343//5947 5338//5947 5337//5947 5342//5947
f 5344//5948 5339//5948 5338//5948 5343//5948
f 5345//5949 5340//5949 5339//5949 5344//5949
f 5341//5950 5346//5950 5342//5950 5337//5950
f 5348//5951 5343//5951 5342//5951 5347//5951
f 5349//5952 5344//5952 5343//5952 5348//5952
f 5350//5953 5345//5953 5344//5953 5349//5953
f 5351//5954 5366//5954 5345//5954 5350//5954
f 5346//5955 5353//5955 5347//5955 5342//5955
f 5353//5956 5354//5956 5348//5956 5347//5956
f 5354//5957 5355//5957 5349//5957 5348//5957
f 5356//5958 5357//5958 5351//5958 5350//5958
f 5357//5959 5358//5959 5352//5959 5351//5959
f 5360//5960 5350//5960 5349//5960 5359//5960
f 5362//5961 5355//5961 5354//5961 5361//5961
f 5355//5962 5362//5962 5359//5962 5349//5962
f 5362//5963 5363//5963 5360//5963 5359//5963
f 5363//5964 5356//5964 5350//5964 5360//5964
f 5364//5965 5357//5965 5356//5965 5363//5965
f 5365//5966 5358//5966 5357//5966 5364//5966
f 5394//5967 5205//5967 5175//5967 5366//5967
f 5367//5968 5197//5968 5205//5968 5395//5968
f 5368//5969 5198//5969 5197//5969 5367//5969
f 5369//5970 5199//5970 5198//5970 5368//5970
f 5370//5971 5203//5971 5199//5971 5369//5971
f 5372//5972 5368//5972 5367//5972 5371//5972
f 5373//5973 5369//5973 5368//5973 5372//5973
f 5374//5974 5370//5974 5369//5974 5373//5974
f 5375//5975 5394//5975 5366//5975 5352//5975
f 5377//5976 5395//5976 5394//5976 5376//5976
f 5379//5977 5371//5977 5395//5977 5378//5977
f 5380//5978 5372//5978 5371//5978 5379//5978
f 5358//5979 5381//5979 5375//5979 5352//5979
f 5381//5980 5382//5980 5376//5980 5375//5980
f 5382//5981 5383//5981 5377//5981 5376//5981
f 5384//5982 5385//5982 5380//5982 5379//5982
f 5385//5983 5373//5983 5372//5983 5380//5983
f 5387//5984 5378//5984 5377//5984 5386//5984
f 5388//5985 5379//5985 5378//5985 5387//5985
f 5389//5986 5381//5986 5358//5986 5365//5986
f 5390//5987 5382//5987 5381//5987 5389//5987
f 5391//5988 5383//5988 5382//5988 5390//5988
f 5383//5989 5391//5989 5386//5989 5377//5989
f 5391//5990 5392//5990 5387//5990 5386//5990
f 5392//5991 5393//5991 5388//5991 5387//5991
f 5393//5992 5384//5992 5379//5992 5388//5992
f 5235//5993 5396//5993 5341//5993 5171//5993
f 5233//5994 5400//5994 5399//5994 5235//5994
f 5227//5995 5402//5995 5401//5995 5233//5995
f 5228//5996 5403//5996 5402//5996 5227//5996
f 5229//5997 5404//5997 5403//5997 5228//5997
f 5396//5998 5405//5998 5346//5998 5341//5998
f 5397//5999 5406//5999 5405//5999 5396//5999
f 5398//6000 5407//6000 5406//6000 5397//6000
f 5399//6001 5408//6001 5407//6001 5398//6001
f 5400//6002 5409//6002 5408//6002 5399//6002
f 5401//6003 5410//6003 5409//6003 5400//6003
f 5402//6004 5411//6004 5410//6004 5401//6004
f 5403//6005 5412//6005 5411//6005 5402//6005
f 5404//6006 5413//6006 5412//6006 5403//6006
f 5405//6007 5414//6007 5353//6007 5346//6007
f 5414//6008 5415//6008 5354//6008 5353//6008
f 5406//6009 5416//6009 5414//6009 5405//6009
f 5416//6010 5417//6010 5415//6010 5414//6010
f 5407//6011 5418//6011 5416//6011 5406//6011
f 5418//6012 5419//6012 5417//6012 5416//6012
f 5408//6013 5420//6013 5418//6013 5407//6013
f 5420//6014 5421//6014 5419//6014 5418//6014
f 5409//6015 5422//6015 5420//6015 5408//6015
f 5422//6016 5423//6016 5421//6016 5420//6016
f 5410//6017 5424//6017 5422//6017 5409//6017
f 5424//6018 5425//6018 5423//6018 5422//6018
f 5411//6019 5426//6019 5424//6019 5410//6019
f 5426//6020 5427//6020 5425//6020 5424//6020
f 5412//6021 5429//6021 5426//6021 5411//6021
f 5429//6022 5430//6022 5427//6022 5426//6022
f 5413//6023 5430//6023 5429//6023 5412//6023
f 5430//6024 5431//6024 5428//6024 5427//6024
f 5415//6025 5432//6025 5361//6025 5354//6025
f 5432//6026 5433//6026 5362//6026 5361//6026
f 5433//6027 5434//6027 5363//6027 5362//6027
f 5434//6028 5435//6028 5364//6028 5363//6028
f 5435//6029 5436//6029 5365//6029 5364//6029
f 5417//6030 5437//6030 5432//6030 5415//6030
f 5437//6031 5438//6031 5433//6031 5432//6031
f 5438//6032 5439//6032 5434//6032 5433//6032
f 5439//6033 5440//6033 5435//6033 5434//6033
f 5440//6034 5441//6034 5436//6034 5435//6034
f 5419//6035 5442//6035 5437//6035 5417//6035
f 5442//6036 5443//6036 5438//6036 5437//6036
f 5443//6037 5444//6037 5439//6037 5438//6037
f 5444//6038 5459//6038 5440//6038 5439//6038
f 5421//6039 5445//6039 5442//6039 5419//6039
f 5445//6040 5446//6040 5443//6040 5442//6040
f 5446//6041 5447//6041 5444//6041 5443//6041
f 5423//6042 5448//6042 5445//6042 5421//6042
f 5448//6043 5449//6043 5446//6043 5445//6043
f 5449//6044 5450//6044 5447//6044 5446//6044
f 5450//6045 5460//6045 5459//6045 5447//6045
f 5425//6046 5451//6046 5448//6046 5423//6046
f 5451//6047 5452//6047 5449//6047 5448//6047
f 5452//6048 5453//6048 5450//6048 5449//6048
f 5427//6049 5454//6049 5451//6049 5425//6049
f 5454//6050 5455//6050 5452//6050 5451//6050
f 5428//6051 5455//6051 5454//6051 5427//6051
f 5455//6052 5456//6052 5453//6052 5452//6052
f 5456//6053 5461//6053 5460//6053 5453//6053
f 5431//6054 5457//6054 5455//6054 5428//6054
f 5457//6055 5458//6055 5456//6055 5455//6055
f 5462//6056 5238//6056 5203//6056 5370//6056
f 5467//6057 5239//6057 5238//6057 5466//6057
f 5518//6058 5468//6058 5374//6058 5373//6058
f 5468//6059 5462//6059 5370//6059 5374//6059
f 5469//6060 5463//6060 5462//6060 5468//6060
f 5470//6061 5464//6061 5463//6061 5469//6061
f 5471//6062 5465//6062 5464//6062 5470//6062
f 5472//6063 5473//6063 5471//6063 5470//6063
f 5473//6064 5466//6064 5465//6064 5471//6064
f 5474//6065 5467//6065 5466//6065 5473//6065
f 5476//6066 5477//6066 5385//6066 5384//6066
f 5477//6067 5518//6067 5373//6067 5385//6067
f 5519//6068 5468//6068 5518//6068 5477//6068
f 5479//6069 5480//6069 5519//6069 5478//6069
f 5480//6070 5470//6070 5469//6070 5519//6070
f 5481//6071 5482//6071 5480//6071 5479//6071
f 5482//6072 5472//6072 5470//6072 5480//6072
f 5483//6073 5473//6073 5472//6073 5482//6073
f 5484//6074 5485//6074 5483//6074 5482//6074
f 5485//6075 5474//6075 5473//6075 5483//6075
f 5486//6076 5487//6076 5485//6076 5484//6076
f 5487//6077 5475//6077 5474//6077 5485//6077
f 5436//6078 5490//6078 5389//6078 5365//6078
f 5490//6079 5491//6079 5390//6079 5389//6079
f 5491//6080 5492//6080 5391//6080 5390//6080
f 5492//6081 5493//6081 5392//6081 5391//6081
f 5493//6082 5494//6082 5393//6082 5392//6082
f 5494//6083 5476//6083 5384//6083 5393//6083
f 5495//6084 5477//6084 5476//6084 5494//6084
f 5441//6085 5496//6085 5490//6085 5436//6085
f 5496//6086 5497//6086 5491//6086 5490//6086
f 5497//6087 5498//6087 5492//6087 5491//6087
f 5498//6088 5499//6088 5493//6088 5492//6088
f 5499//6089 5500//6089 5494//6089 5493//6089
f 5500//6090 5501//6090 5495//6090 5494//6090
f 5501//6091 5478//6091 5477//6091 5495//6091
f 5459//6092 5520//6092 5496//6092 5441//6092
f 5520//6093 5521//6093 5498//6093 5497//6093
f 5521//6094 5502//6094 5500//6094 5499//6094
f 5502//6095 5503//6095 5501//6095 5500//6095
f 5503//6096 5479//6096 5478//6096 5501//6096
f 5504//6097 5505//6097 5503//6097 5502//6097
f 5505//6098 5481//6098 5479//6098 5503//6098
f 5506//6099 5482//6099 5481//6099 5505//6099
f 5460//6100 5523//6100 5520//6100 5459//6100
f 5523//6101 5507//6101 5504//6101 5521//6101
f 5507//6102 5508//6102 5505//6102 5504//6102
f 5508//6103 5509//6103 5506//6103 5505//6103
f 5509//6104 5484//6104 5482//6104 5506//6104
f 5510//6105 5511//6105 5508//6105 5507//6105
f 5511//6106 5512//6106 5509//6106 5508//6106
f 5512//6107 5486//6107 5484//6107 5509//6107
f 5513//6108 5487//6108 5486//6108 5512//6108
f 5522//6109 5514//6109 5512//6109 5511//6109
f 5514//6110 5515//6110 5513//6110 5512//6110
f 5515//6111 5488//6111 5487//6111 5513//6111
f 5516//6112 5517//6112 5515//6112 5514//6112
f 5517//6113 5489//6113 5488//6113 5515//6113
f 5524//6114 5249//6114 5239//6114 5467//6114
f 5527//6115 5528//6115 5526//6115 5525//6115
f 5528//6116 5250//6116 5249//6116 5526//6116
f 5530//6117 5251//6117 5250//6117 5529//6117
f 5531//6118 5524//6118 5467//6118 5474//6118
f 5475//6119 5532//6119 5531//6119 5474//6119
f 5532//6120 5525//6120 5524//6120 5531//6120
f 5533//6121 5527//6121 5525//6121 5532//6121
f 5534//6122 5528//6122 5527//6122 5533//6122
f 5535//6123 5536//6123 5534//6123 5533//6123
f 5536//6124 5529//6124 5528//6124 5534//6124
f 5537//6125 5530//6125 5529//6125 5536//6125
f 5542//6126 5532//6126 5475//6126 5487//6126
f 5488//6127 5538//6127 5542//6127 5487//6127
f 5538//6128 5533//6128 5532//6128 5542//6128
f 5489//6129 5539//6129 5538//6129 5488//6129
f 5539//6130 5535//6130 5533//6130 5538//6130
f 5540//6131 5536//6131 5535//6131 5539//6131
f 5541//6132 5539//6132 5489//6132 5517//6132
f 5255//6133 5543//6133 5404//6133 5229//6133
f 5256//6134 5545//6134 5544//6134 5255//6134
f 5257//6135 5550//6135 5549//6135 5256//6135
f 5543//6136 5553//6136 5413//6136 5404//6136
f 5544//6137 5555//6137 5553//6137 5543//6137
f 5555//6138 5556//6138 5554//6138 5553//6138
f 5545//6139 5556//6139 5555//6139 5544//6139
f 5546//6140 5558//6140 5556//6140 5545//6140
f 5558//6141 5559//6141 5557//6141 5556//6141
f 5547//6142 5559//6142 5558//6142 5546//6142
f 5548//6143 5561//6143 5559//6143 5547//6143
f 5561//6144 5562//6144 5560//6144 5559//6144
f 5549//6145 5562//6145 5561//6145 5548//6145
f 5550//6146 5563//6146 5562//6146 5549//6146
f 5551//6147 5564//6147 5563//6147 5550//6147
f 5552//6148 5565//6148 5564//6148 5551//6148
f 5553//6149 5585//6149 5430//6149 5413//6149
f 5585//6150 5566//6150 5431//6150 5430//6150
f 5554//6151 5566//6151 5585//6151 5553//6151
f 5556//6152 5568//6152 5566//6152 5554//6152
f 5568//6153 5569//6153 5567//6153 5566//6153
f 5557//6154 5569//6154 5568//6154 5556//6154
f 5559//6155 5586//6155 5569//6155 5557//6155
f 5586//6156 5571//6156 5570//6156 5569//6156
f 5560//6157 5571//6157 5586//6157 5559//6157
f 5562//6158 5573//6158 5571//6158 5560//6158
f 5573//6159 5574//6159 5572//6159 5571//6159
f 5563//6160 5587//6160 5573//6160 5562//6160
f 5566//6161 5575//6161 5457//6161 5431//6161
f 5575//6162 5576//6162 5458//6162 5457//6162
f 5567//6163 5576//6163 5575//6163 5566//6163
f 5576//6164 5577//6164 5461//6164 5458//6164
f 5569//6165 5579//6165 5576//6165 5567//6165
f 5579//6166 5580//6166 5577//6166 5576//6166
f 5570//6167 5580//6167 5579//6167 5569//6167
f 5580//6168 5581//6168 5578//6168 5577//6168
f 5571//6169 5582//6169 5580//6169 5570//6169
f 5582//6170 5583//6170 5581//6170 5580//6170
f 5572//6171 5583//6171 5582//6171 5571//6171
f 5574//6172 5584//6172 5583//6172 5572//6172
f 5258//6173 5588//6173 5552//6173 5257//6173
f 5588//6174 5593//6174 5565//6174 5552//6174
f 5589//6175 5594//6175 5593//6175 5588//6175
f 5590//6176 5595//6176 5594//6176 5589//6176
f 5591//6177 5596//6177 5595//6177 5590//6177
f 5592//6178 5597//6178 5596//6178 5591//6178
f 5587//6179 5599//6179 5598//6179 5574//6179
f 5593//6180 5601//6180 5587//6180 5565//6180
f 5601//6181 5602//6181 5600//6181 5599//6181
f 5594//6182 5639//6182 5601//6182 5593//6182
f 5639//6183 5604//6183 5603//6183 5602//6183
f 5597//6184 5606//6184 5639//6184 5596//6184
f 5606//6185 5607//6185 5605//6185 5604//6185
f 5578//6186 5631//6186 5523//6186 5461//6186
f 5632//6187 5633//6187 5522//6187 5523//6187
f 5633//6188 5609//6188 5516//6188 5522//6188
f 5609//6189 5610//6189 5517//6189 5516//6189
f 5611//6190 5612//6190 5610//6190 5609//6190
f 5583//6191 5613//6191 5631//6191 5581//6191
f 5614//6192 5634//6192 5632//6192 5631//6192
f 5634//6193 5635//6193 5633//6193 5632//6193
f 5635//6194 5636//6194 5611//6194 5633//6194
f 5584//6195 5615//6195 5613//6195 5583//6195
f 5598//6196 5615//6196 5584//6196 5574//6196
f 5615//6197 5616//6197 5614//6197 5613//6197
f 5599//6198 5617//6198 5615//6198 5598//6198
f 5617//6199 5618//6199 5616//6199 5615//6199
f 5600//6200 5618//6200 5617//6200 5599//6200
f 5618//6201 5619//6201 5634//6201 5616//6201
f 5620//6202 5637//6202 5635//6202 5634//6202
f 5637//6203 5638//6203 5636//6203 5635//6203
f 5602//6204 5621//6204 5618//6204 5600//6204
f 5621//6205 5622//6205 5619//6205 5618//6205
f 5603//6206 5622//6206 5621//6206 5602//6206
f 5622//6207 5623//6207 5620//6207 5619//6207
f 5604//6208 5624//6208 5622//6208 5603//6208
f 5624//6209 5625//6209 5623//6209 5622//6209
f 5605//6210 5625//6210 5624//6210 5604//6210
f 5625//6211 5626//6211 5637//6211 5623//6211
f 5627//6212 5640//6212 5638//6212 5637//6212
f 5607//6213 5628//6213 5625//6213 5605//6213
f 5628//6214 5629//6214 5626//6214 5625//6214
f 5608//6215 5629//6215 5628//6215 5607//6215
f 5629//6216 5630//6216 5627//6216 5626//6216
f 5641//6217 5273//6217 5251//6217 5530//6217
f 5644//6218 5268//6218 5273//6218 5643//6218
f 5645//6219 5269//6219 5268//6219 5644//6219
f 5647//6220 5270//6220 5269//6220 5646//6220
f 5650//6221 5274//6221 5270//6221 5649//6221
f 5711//6222 5651//6222 5537//6222 5536//6222
f 5651//6223 5641//6223 5530//6223 5537//6223
f 5652//6224 5642//6224 5641//6224 5651//6224
f 5653//6225 5654//6225 5652//6225 5651//6225
f 5654//6226 5643//6226 5642//6226 5652//6226
f 5655//6227 5644//6227 5643//6227 5654//6227
f 5712//6228 5656//6228 5655//6228 5654//6228
f 5656//6229 5645//6229 5644//6229 5655//6229
f 5657//6230 5646//6230 5645//6230 5656//6230
f 5658//6231 5647//6231 5646//6231 5657//6231
f 5659//6232 5660//6232 5658//6232 5657//6232
f 5660//6233 5648//6233 5647//6233 5658//6233
f 5661//6234 5649//6234 5648//6234 5660//6234
f 5662//6235 5650//6235 5649//6235 5661//6235
f 5663//6236 5664//6236 5540//6236 5539//6236
f 5664//6237 5711//6237 5536//6237 5540//6237
f 5665//6238 5651//6238 5711//6238 5664//6238
f 5666//6239 5667//6239 5665//6239 5664//6239
f 5667//6240 5653//6240 5651//6240 5665//6240
f 5668//6241 5654//6241 5653//6241 5667//6241
f 5669//6242 5670//6242 5668//6242 5667//6242
f 5670//6243 5712//6243 5654//6243 5668//6243
f 5671//6244 5656//6244 5712//6244 5670//6244
f 5672//6245 5657//6245 5656//6245 5671//6245
f 5673//6246 5674//6246 5671//6246 5670//6246
f 5674//6247 5675//6247 5672//6247 5671//6247
f 5675//6248 5659//6248 5657//6248 5672//6248
f 5713//6249 5660//6249 5659//6249 5675//6249
f 5676//6250 5677//6250 5713//6250 5675//6250
f 5678//6251 5662//6251 5661//6251 5713//6251
f 5610//6252 5680//6252 5541//6252 5517//6252
f 5680//6253 5663//6253 5539//6253 5541//6253
f 5681//6254 5664//6254 5663//6254 5680//6254
f 5612//6255 5682//6255 5680//6255 5610//6255
f 5682//6256 5683//6256 5681//6256 5680//6256
f 5683//6257 5666//6257 5664//6257 5681//6257
f 5684//6258 5667//6258 5666//6258 5683//6258
f 5636//6259 5685//6259 5682//6259 5612//6259
f 5685//6260 5686//6260 5683//6260 5682//6260
f 5686//6261 5687//6261 5684//6261 5683//6261
f 5687//6262 5669//6262 5667//6262 5684//6262
f 5688//6263 5670//6263 5669//6263 5687//6263
f 5689//6264 5690//6264 5686//6264 5685//6264
f 5690//6265 5691//6265 5687//6265 5686//6265
f 5691//6266 5692//6266 5688//6266 5687//6266
f 5692//6267 5673//6267 5670//6267 5688//6267
f 5693//6268 5674//6268 5673//6268 5692//6268
f 5694//6269 5675//6269 5674//6269 5693//6269
f 5638//6270 5714//6270 5689//6270 5636//6270
f 5714//6271 5695//6271 5691//6271 5690//6271
f 5695//6272 5696//6272 5692//6272 5691//6272
f 5696//6273 5697//6273 5693//6273 5692//6273
f 5697//6274 5698//6274 5694//6274 5693//6274
f 5698//6275 5676//6275 5675//6275 5694//6275
f 5699//6276 5677//6276 5676//6276 5698//6276
f 5700//6277 5678//6277 5677//6277 5699//6277
f 5701//6278 5702//6278 5696//6278 5695//6278
f 5702//6279 5703//6279 5697//6279 5696//6279
f 5703//6280 5704//6280 5698//6280 5697//6280
f 5704//6281 5705//6281 5699//6281 5698//6281
f 5705//6282 5706//6282 5700//6282 5699//6282
f 5706//6283 5679//6283 5678//6283 5700//6283
f 5640//6284 5715//6284 5714//6284 5638//6284
f 5715//6285 5716//6285 5701//6285 5714//6285
f 5716//6286 5717//6286 5703//6286 5702//6286
f 5717//6287 5707//6287 5705//6287 5704//6287
f 5707//6288 5708//6288 5706//6288 5705//6288
f 5709//6289 5710//6289 5708//6289 5707//6289
f 5750//6290 5290//6290 5274//6290 5650//6290
f 5751//6291 5291//6291 5290//6291 5750//6291
f 5752//6292 5292//6292 5291//6292 5751//6292
f 5753//6293 5293//6293 5292//6293 5752//6293
f 5754//6294 5294//6294 5293//6294 5753//6294
f 5718//6295 5750//6295 5662//6295 5678//6295
f 5720//6296 5751//6296 5750//6296 5719//6296
f 5679//6297 5721//6297 5718//6297 5678//6297
f 5721//6298 5722//6298 5719//6298 5718//6298
f 5722//6299 5723//6299 5720//6299 5719//6299
f 5755//6300 5752//6300 5751//6300 5724//6300
f 5756//6301 5753//6301 5752//6301 5755//6301
f 5725//6302 5726//6302 5755//6302 5724//6302
f 5727//6303 5728//6303 5756//6303 5755//6303
f 5728//6304 5754//6304 5753//6304 5756//6304
f 5730//6305 5721//6305 5679//6305 5706//6305
f 5731//6306 5722//6306 5721//6306 5730//6306
f 5732//6307 5723//6307 5722//6307 5731//6307
f 5733//6308 5724//6308 5723//6308 5732//6308
f 5708//6309 5734//6309 5730//6309 5706//6309
f 5734//6310 5735//6310 5731//6310 5730//6310
f 5735//6311 5736//6311 5732//6311 5731//6311
f 5736//6312 5737//6312 5733//6312 5732//6312
f 5737//6313 5725//6313 5724//6313 5733//6313
f 5738//6314 5726//6314 5725//6314 5737//6314
f 5739//6315 5727//6315 5726//6315 5738//6315
f 5740//6316 5728//6316 5727//6316 5739//6316
f 5741//6317 5729//6317 5728//6317 5740//6317
f 5710//6318 5742//6318 5734//6318 5708//6318
f 5742//6319 5743//6319 5735//6319 5734//6319
f 5743//6320 5744//6320 5736//6320 5735//6320
f 5744//6321 5745//6321 5737//6321 5736//6321
f 5745//6322 5746//6322 5738//6322 5737//6322
f 5746//6323 5747//6323 5739//6323 5738//6323
f 5747//6324 5748//6324 5740//6324 5739//6324
f 5748//6325 5749//6325 5741//6325 5740//6325
f 5787//6326 5305//6326 5294//6326 5754//6326
f 5757//6327 5302//6327 5305//6327 5788//6327
f 5759//6328 5297//6328 5302//6328 5758//6328
f 5760//6329 5298//6329 5297//6329 5759//6329
f 5761//6330 5762//6330 5760//6330 5759//6330
f 5762//6331 5299//6331 5298//6331 5760//6331
f 5764//6332 5758//6332 5757//6332 5763//6332
f 5765//6333 5759//6333 5758//6333 5764//6333
f 5766//6334 5767//6334 5765//6334 5764//6334
f 5767//6335 5761//6335 5759//6335 5765//6335
f 5768//6336 5762//6336 5761//6336 5767//6336
f 5769//6337 5787//6337 5754//6337 5729//6337
f 5771//6338 5788//6338 5787//6338 5770//6338
f 5773//6339 5763//6339 5788//6339 5772//6339
f 5774//6340 5764//6340 5763//6340 5773//6340
f 5775//6341 5776//6341 5771//6341 5770//6341
f 5776//6342 5777//6342 5772//6342 5771//6342
f 5777//6343 5778//6343 5773//6343 5772//6343
f 5778//6344 5779//6344 5774//6344 5773//6344
f 5779//6345 5766//6345 5764//6345 5774//6345
f 5789//6346 5767//6346 5766//6346 5779//6346
f 5780//6347 5769//6347 5729//6347 5741//6347
f 5781//6348 5770//6348 5769//6348 5780//6348
f 5749//6349 5782//6349 5780//6349 5741//6349
f 5782//6350 5783//6350 5781//6350 5780//6350
f 5783//6351 5775//6351 5770//6351 5781//6351
f 5784//6352 5776//6352 5775//6352 5783//6352
f 5785//6353 5777//6353 5776//6353 5784//6353
f 5786//6354 5778//6354 5777//6354 5785//6354
f 5790//6355 5333//6355 5299//6355 5762//6355
f 3897//6356 5791//6356 4832//6356 2001//6356
f 3969//6357 5792//6357 5791//6357 3899//6357
f 5795//6358 5793//6358 4874//6358 4877//6358
f 5796//6359 5794//6359 5793//6359 5795//6359
f 5802//6360 5801//6360 5794//6360 5796//6360
f 5797//6361 5798//6361 4881//6361 4880//6361
f 5798//6362 5795//6362 4877//6362 4881//6362
f 5799//6363 5800//6363 5798//6363 5797//6363
f 5800//6364 5796//6364 5795//6364 5798//6364
f 5823//6365 3987//6365 2118//6365 4932//6365
f 5810//6366 5823//6366 4910//6366 4909//6366
f 5812//6367 5824//6367 5823//6367 5811//6367
f 5815//6368 5810//6368 4909//6368 4918//6368
f 5817//6369 5811//6369 5810//6369 5815//6369
f 5819//6370 5812//6370 5811//6370 5817//6370
f 5821//6371 5813//6371 5812//6371 5819//6371
f 5814//6372 5815//6372 4923//6372 4922//6372
f 5816//6373 5817//6373 5815//6373 5814//6373
f 5818//6374 5819//6374 5817//6374 5816//6374
f 5820//6375 5821//6375 5819//6375 5818//6375
f 5804//6376 5805//6376 4927//6376 4926//6376
f 5805//6377 5814//6377 4922//6377 4927//6377
f 5806//6378 5807//6378 5805//6378 5804//6378
f 5822//6379 5816//6379 5814//6379 5807//6379
f 5825//6380 5818//6380 5816//6380 5822//6380
f 5793//6381 5808//6381 4929//6381 4874//6381
f 5808//6382 5804//6382 4926//6382 4929//6382
f 5794//6383 5809//6383 5808//6383 5793//6383
f 5809//6384 5806//6384 5804//6384 5808//6384
f 5801//6385 5822//6385 5809//6385 5794//6385
f 5803//6386 5825//6386 5822//6386 5801//6386
f 4053//6387 5826//6387 5792//6387 3970//6387
f 4106//6388 5827//6388 5826//6388 4053//6388
f 4107//6389 5828//6389 5827//6389 4106//6389
f 5828//6390 5830//6390 5829//6390 5827//6390
f 4129//6391 5831//6391 5828//6391 4107//6391
f 4132//6392 5850//6392 5831//6392 4131//6392
f 5851//6393 5848//6393 5853//6393 5850//6393
f 5833//6394 5837//6394 5836//6394 5832//6394
f 5840//6395 5835//6395 5834//6395 5838//6395
f 5836//6396 5841//6396 5849//6396 5848//6396
f 5841//6397 5842//6397 5840//6397 5839//6397
f 5837//6398 5842//6398 5841//6398 5836//6398
f 5842//6399 5837//6399 5835//6399 5840//6399
f 5845//6400 5846//6400 5844//6400 5843//6400
f 5840//6401 5846//6401 5845//6401 5839//6401
f 5846//6402 5840//6402 5838//6402 5844//6402
f 5847//6403 5841//6403 5839//6403 5845//6403
f 5899//6404 4139//6404 3987//6404 5824//6404
f 4136//6405 5891//6405 5890//6405 4135//6405
f 5891//6406 4136//6406 4139//6406 5899//6406
f 5855//6407 4133//6407 4135//6407 5890//6407
f 4140//6408 5892//6408 5851//6408 4132//6408
f 5858//6409 5859//6409 5855//6409 5854//6409
f 5859//6410 4134//6410 4133//6410 5855//6410
f 5887//6411 5899//6411 5824//6411 5813//6411
f 5889//6412 5890//6412 5899//6412 5888//6412
f 5861//6413 5862//6413 5890//6413 5889//6413
f 5863//6414 5864//6414 5861//6414 5860//6414
f 5857//6415 5864//6415 5863//6415 5856//6415
f 5864//6416 5865//6416 5862//6416 5861//6416
f 5858//6417 5865//6417 5864//6417 5857//6417
f 5865//6418 5858//6418 5854//6418 5862//6418
f 5894//6419 5887//6419 5813//6419 5821//6419
f 5896//6420 5888//6420 5887//6420 5894//6420
f 5898//6421 5889//6421 5888//6421 5896//6421
f 5861//6422 5869//6422 5868//6422 5860//6422
f 5869//6423 5861//6423 5889//6423 5898//6423
f 5871//6424 5872//6424 5868//6424 5867//6424
f 5863//6425 5872//6425 5871//6425 5892//6425
f 5872//6426 5863//6426 5860//6426 5868//6426
f 5893//6427 5894//6427 5821//6427 5820//6427
f 5895//6428 5896//6428 5894//6428 5893//6428
f 5897//6429 5898//6429 5896//6429 5895//6429
f 5874//6430 5875//6430 5898//6430 5897//6430
f 5868//6431 5875//6431 5874//6431 5867//6431
f 5870//6432 5876//6432 5873//6432 5866//6432
f 5876//6433 5877//6433 5874//6433 5873//6433
f 5871//6434 5877//6434 5876//6434 5870//6434
f 5877//6435 5871//6435 5867//6435 5874//6435
f 5900//6436 5893//6436 5820//6436 5825//6436
f 5879//6437 5897//6437 5895//6437 5900//6437
f 5880//6438 5881//6438 5879//6438 5878//6438
f 5873//6439 5882//6439 5833//6439 5851//6439
f 5882//6440 5883//6440 5881//6440 5880//6440
f 5874//6441 5883//6441 5882//6441 5873//6441
f 5883//6442 5874//6442 5897//6442 5881//6442
f 5852//6443 5900//6443 5825//6443 5803//6443
f 5834//6444 5884//6444 5900//6444 5852//6444
f 5835//6445 5885//6445 5884//6445 5834//6445
f 5885//6446 5880//6446 5878//6446 5884//6446
f 5837//6447 5886//6447 5885//6447 5835//6447
f 5882//6448 5886//6448 5837//6448 5833//6448
f 5886//6449 5882//6449 5880//6449 5885//6449
f 4250//6450 5903//6450 5857//6450 4140//6450
f 5903//6451 5901//6451 5858//6451 5857//6451
f 4232//6452 5901//6452 5903//6452 4250//6452
f 5901//6453 5902//6453 5859//6453 5858//6453
f 4233//6454 5902//6454 5901//6454 4232//6454
f 5902//6455 4233//6455 4134//6455 5859//6455
f 5791//6456 5904//6456 5060//6456 4832//6456
f 5792//6457 5905//6457 5904//6457 5791//6457
f 5906//6458 5797//6458 4880//6458 5102//6458
f 5907//6459 5799//6459 5797//6459 5906//6459
f 5929//6460 5802//6460 5799//6460 5907//6460
f 5934//6461 5803//6461 5802//6461 5929//6461
f 5908//6462 5909//6462 5106//6462 5105//6462
f 5909//6463 5906//6463 5102//6463 5106//6463
f 5910//6464 5911//6464 5909//6464 5908//6464
f 5911//6465 5907//6465 5906//6465 5909//6465
f 5928//6466 5929//6466 5911//6466 5910//6466
f 5912//6467 5908//6467 5105//6467 5109//6467
f 5913//6468 5910//6468 5908//6468 5912//6468
f 5930//6469 5928//6469 5910//6469 5913//6469
f 5914//6470 5912//6470 5109//6470 5113//6470
f 5915//6471 5913//6471 5912//6471 5914//6471
f 5916//6472 5917//6472 5116//6472 5115//6472
f 5917//6473 5914//6473 5113//6473 5116//6473
f 5918//6474 5919//6474 5917//6474 5916//6474
f 5919//6475 5915//6475 5914//6475 5917//6475
f 5931//6476 5930//6476 5915//6476 5919//6476
f 5936//6477 5934//6477 5930//6477 5931//6477
f 5920//6478 5916//6478 5115//6478 5118//6478
f 5921//6479 5918//6479 5916//6479 5920//6479
f 5922//6480 5920//6480 5118//6480 5123//6480
f 5923//6481 5921//6481 5920//6481 5922//6481
f 5933//6482 5931//6482 5921//6482 5923//6482
f 5924//6483 5925//6483 5127//6483 5126//6483
f 5925//6484 5922//6484 5123//6484 5127//6484
f 5926//6485 5927//6485 5925//6485 5924//6485
f 5927//6486 5923//6486 5922//6486 5925//6486
f 5932//1541 5933//1541 5927//1541 5926//1541
f 5935//6487 5936//6487 5933//6487 5932//6487
f 5826//6488 5937//6488 5905//6488 5792//6488
f 5829//6489 5938//6489 5937//6489 5826//6489
f 5830//6490 5939//6490 5938//6490 5829//6490
f 5939//6491 5941//6491 5940//6491 5938//6491
f 5831//6492 5942//6492 5939//6492 5830//6492
f 5984//6493 5852//6493 5803//6493 5934//6493
f 5943//6494 5843//6494 5852//6494 5984//6494
f 5853//6495 5985//6495 5942//6495 5831//6495
f 5945//6496 5845//6496 5843//6496 5943//6496
f 5849//6497 5946//6497 5985//6497 5853//6497
f 5947//6498 5979//6498 5945//6498 5944//6498
f 5847//6499 5979//6499 5947//6499 5849//6499
f 5979//6500 5847//6500 5845//6500 5945//6500
f 5951//6501 5952//6501 5949//6501 5948//6501
f 5945//6502 5952//6502 5951//6502 5944//6502
f 5952//6503 5945//6503 5943//6503 5949//6503
f 5953//6504 5954//6504 5951//6504 5950//6504
f 5947//6505 5954//6505 5953//6505 5946//6505
f 5954//6506 5947//6506 5944//6506 5951//6506
f 5951//6507 5957//6507 5956//6507 5950//6507
f 5957//6508 5951//6508 5948//6508 5955//6508
f 5980//6509 5953//6509 5950//6509 5956//6509
f 5960//6510 5961//6510 5959//6510 5958//6510
f 5957//6511 5961//6511 5960//6511 5956//6511
f 5961//6512 5957//6512 5955//6512 5959//6512
f 5987//6513 5984//6513 5934//6513 5936//6513
f 5959//6514 5963//6514 5962//6514 5958//6514
f 5963//6515 5959//6515 5984//6515 5987//6515
f 5960//6516 5966//6516 5965//6516 5985//6516
f 5966//6517 5960//6517 5958//6517 5962//6517
f 5965//6518 5970//6518 5969//6518 5964//6518
f 5970//6519 5971//6519 5968//6519 5967//6519
f 5966//6520 5971//6520 5970//6520 5965//6520
f 5971//6521 5966//6521 5962//6521 5968//6521
f 5972//6522 5983//6522 5987//6522 5986//6522
f 5968//6523 5983//6523 5972//6523 5967//6523
f 5969//6524 5973//6524 5982//6524 5981//6524
f 5970//6525 5974//6525 5973//6525 5969//6525
f 5974//6526 5970//6526 5967//6526 5972//6526
f 5986//6527 5987//6527 5936//6527 5935//6527
f 5977//6528 5978//6528 5976//6528 5975//6528
f 5974//6529 5978//6529 5977//6529 5973//6529
f 5978//6530 5974//6530 5972//6530 5976//6530
f 5904//6531 5988//6531 5258//6531 5060//6531
f 5905//6532 5989//6532 5988//6532 5904//6532
f 5990//6533 5924//6533 5126//6533 5309//6533
f 5991//6534 5926//6534 5924//6534 5990//6534
f 6012//6535 5932//6535 5926//6535 5991//6535
f 6023//6536 5935//6536 5932//6536 6012//6536
f 5992//6537 5993//6537 5312//6537 5311//6537
f 5993//6538 5990//6538 5309//6538 5312//6538
f 5994//6539 5995//6539 5993//6539 5992//6539
f 5995//6540 5991//6540 5990//6540 5993//6540
f 5996//6541 5992//6541 5311//6541 5316//6541
f 5997//6542 5994//6542 5992//6542 5996//6542
f 6013//6543 6012//6543 5994//6543 5997//6543
f 5998//6544 5996//6544 5316//6544 5321//6544
f 5999//6545 5997//6545 5996//6545 5998//6545
f 6000//6546 6001//6546 5336//6546 5324//6546
f 6001//6547 5998//6547 5321//6547 5336//6547
f 6002//6548 6003//6548 6001//6548 6000//6548
f 6003//6549 5999//6549 5998//6549 6001//6549
f 6014//6550 6015//6550 6003//6550 6002//6550
f 6015//6551 6013//6551 5999//6551 6003//6551
f 6016//6552 6017//6552 6015//6552 6014//6552
f 6017//6553 6023//6553 6013//6553 6015//6553
f 6018//6554 6019//6554 6017//6554 6016//6554
f 6004//6555 6000//6555 5324//6555 5327//6555
f 6005//6556 6002//6556 6000//6556 6004//6556
f 6006//6557 6004//6557 5327//6557 5331//6557
f 6007//6558 6005//6558 6004//6558 6006//6558
f 6020//6559 6014//6559 6005//6559 6007//6559
f 6021//6560 6016//6560 6014//6560 6020//6560
f 6022//6561 6018//6561 6016//6561 6021//6561
f 6008//6562 6009//6562 5334//6562 5333//6562
f 6009//6563 6006//6563 5331//6563 5334//6563
f 6010//6564 6011//6564 6009//6564 6008//6564
f 6011//6565 6007//6565 6006//6565 6009//6565
f 5937//6566 6024//6566 5989//6566 5905//6566
f 5940//6567 6025//6567 6024//6567 5937//6567
f 5941//6568 6026//6568 6025//6568 5940//6568
f 6026//6569 6028//6569 6027//6569 6025//6569
f 5942//6570 6046//6570 6026//6570 5941//6570
f 6046//6571 6049//6571 6028//6571 6026//6571
f 6047//6572 6050//6572 6049//6572 6046//6572
f 6048//6573 6045//6573 6050//6573 6047//6573
f 6030//6574 6032//6574 6031//6574 6029//6574
f 6031//6575 6036//6575 6035//6575 6045//6575
f 6032//6576 6037//6576 6036//6576 6031//6576
f 6035//6577 6042//6577 6041//6577 6034//6577
f 6036//6578 6043//6578 6042//6578 6035//6578
f 6043//6579 6044//6579 6040//6579 6039//6579
f 6037//6580 6044//6580 6043//6580 6036//6580
f 6044//6581 6037//6581 6033//6581 6040//6581
f 6102//6582 5986//6582 5935//6582 6023//6582
f 6055//6583 6056//6583 6053//6583 6052//6583
f 5976//6584 6056//6584 6055//6584 5975//6584
f 6056//6585 5976//6585 5986//6585 6053//6585
f 5982//6586 6057//6586 6048//6586 5942//6586
f 6058//6587 6059//6587 6055//6587 6054//6587
f 5977//6588 6059//6588 6058//6588 5982//6588
f 6059//6589 5977//6589 5975//6589 6055//6589
f 6062//6590 6063//6590 6061//6590 6060//6590
f 6053//6591 6063//6591 6062//6591 6052//6591
f 6063//6592 6053//6592 6051//6592 6061//6592
f 6055//6593 6065//6593 6064//6593 6054//6593
f 6065//6594 6055//6594 6052//6594 6062//6594
f 6058//6595 6067//6595 6066//6595 6057//6595
f 6067//6596 6058//6596 6054//6596 6064//6596
f 6068//6597 6060//6597 6102//6597 6103//6597
f 6069//6598 6062//6598 6060//6598 6068//6598
f 6071//6599 6105//6599 6069//6599 6104//6599
f 6065//6600 6105//6600 6071//6600 6064//6600
f 6105//6601 6065//6601 6062//6601 6069//6601
f 6072//6602 6073//6602 6071//6602 6070//6602
f 6067//6603 6073//6603 6072//6603 6066//6603
f 6073//6604 6067//6604 6064//6604 6071//6604
f 6075//6605 6069//6605 6068//6605 6074//6605
f 6071//6606 6077//6606 6076//6606 6070//6606
f 6078//6607 6072//6607 6070//6607 6076//6607
f 6106//6608 6107//6608 6019//6608 6018//6608
f 6107//6609 6103//6609 6023//6609 6019//6609
f 6079//6610 6080//6610 6107//6610 6106//6610
f 6080//6611 6074//6611 6103//6611 6107//6611
f 6081//6612 6082//6612 6080//6612 6079//6612
f 6075//6613 6082//6613 6081//6613 6104//6613
f 6082//6614 6075//6614 6074//6614 6080//6614
f 6076//6615 6083//6615 6030//6615 6048//6615
f 6077//6616 6084//6616 6083//6616 6076//6616
f 6084//6617 6077//6617 6104//6617 6081//6617
f 6087//6618 6081//6618 6079//6618 6085//6618
f 6083//6619 6088//6619 6032//6619 6030//6619
f 6088//6620 6089//6620 6087//6620 6086//6620
f 6084//6621 6089//6621 6088//6621 6083//6621
f 6089//6622 6084//6622 6081//6622 6087//6622
f 6091//6623 6106//6623 6018//6623 6022//6623
f 6092//6624 6093//6624 6091//6624 6090//6624
f 6094//6625 6095//6625 6093//6625 6092//6625
f 6095//6626 6085//6626 6106//6626 6093//6626
f 6096//6627 6097//6627 6095//6627 6094//6627
f 6087//6628 6097//6628 6096//6628 6086//6628
f 6097//6629 6087//6629 6085//6629 6095//6629
f 6037//6630 6108//6630 6096//6630 6033//6630
f 6088//6631 6108//6631 6037//6631 6032//6631
f 6108//6632 6088//6632 6086//6632 6096//6632
f 6099//6633 6092//6633 6090//6633 6098//6633
f 6100//6634 6094//6634 6092//6634 6099//6634
f 6040//6635 6101//6635 6100//6635 6038//6635
f 6096//6636 6101//6636 6040//6636 6033//6636
f 6101//6637 6096//6637 6094//6637 6100//6637
f 5988//6638 6109//6638 5592//6638 5258//6638
f 6116//6639 6117//6639 6115//6639 6114//6639
f 6109//6640 6120//6640 5597//6640 5592//6640
f 6110//6641 6121//6641 6120//6641 6109//6641
f 6111//6642 6123//6642 6121//6642 6110//6642
f 6123//6643 6124//6643 6122//6643 6121//6643
f 6112//6644 6124//6644 6123//6644 6111//6644
f 6113//6645 6126//6645 6124//6645 6112//6645
f 6126//6646 6127//6646 6125//6646 6124//6646
f 6114//6647 6127//6647 6126//6647 6113//6647
f 6115//6648 6128//6648 6127//6648 6114//6648
f 6117//6649 6129//6649 6128//6649 6115//6649
f 6118//6650 6130//6650 6129//6650 6117//6650
f 6119//6651 6131//6651 6130//6651 6118//6651
f 6120//6652 6150//6652 5606//6652 5597//6652
f 6150//6653 6132//6653 5608//6653 5607//6653
f 6122//6654 6132//6654 6150//6654 6121//6654
f 6124//6655 6134//6655 6132//6655 6122//6655
f 6134//6656 6135//6656 6133//6656 6132//6656
f 6125//6657 6135//6657 6134//6657 6124//6657
f 6127//6658 6151//6658 6135//6658 6125//6658
f 6151//6659 6137//6659 6136//6659 6135//6659
f 6128//6660 6137//6660 6151//6660 6127//6660
f 6129//6661 6139//6661 6137//6661 6128//6661
f 6139//6662 6140//6662 6138//6662 6137//6662
f 6130//6663 6140//6663 6139//6663 6129//6663
f 6132//6664 6141//6664 5629//6664 5608//6664
f 6141//6665 6142//6665 5630//6665 5629//6665
f 6133//6666 6142//6666 6141//6666 6132//6666
f 6142//6667 6143//6667 5640//6667 5630//6667
f 6135//6668 6145//6668 6142//6668 6133//6668
f 6145//6669 6146//6669 6143//6669 6142//6669
f 6136//6670 6146//6670 6145//6670 6135//6670
f 6146//6671 6147//6671 6144//6671 6143//6671
f 6137//6672 6148//6672 6146//6672 6136//6672
f 6148//6673 6149//6673 6147//6673 6146//6673
f 6138//6674 6149//6674 6148//6674 6137//6674
f 5989//6675 6152//6675 6119//6675 5988//6675
f 6131//6676 6162//6676 6219//6676 6130//6676
f 6152//6677 6162//6677 6131//6677 6119//6677
f 6153//6678 6164//6678 6162//6678 6152//6678
f 6164//6679 6165//6679 6163//6679 6162//6679
f 6154//6680 6165//6680 6164//6680 6153//6680
f 6155//6681 6166//6681 6165//6681 6154//6681
f 6156//6682 6168//6682 6166//6682 6155//6682
f 6168//6683 6169//6683 6167//6683 6166//6683
f 6157//6684 6169//6684 6168//6684 6156//6684
f 6158//6685 6170//6685 6169//6685 6157//6685
f 6159//6686 6172//6686 6170//6686 6158//6686
f 6172//6687 6173//6687 6171//6687 6170//6687
f 6160//6688 6173//6688 6172//6688 6159//6688
f 6161//6689 6174//6689 6173//6689 6160//6689
f 6140//6690 6177//6690 6176//6690 6138//6690
f 6219//6691 6177//6691 6140//6691 6130//6691
f 6162//6692 6179//6692 6177//6692 6219//6692
f 6179//6693 6180//6693 6178//6693 6177//6693
f 6163//6694 6180//6694 6179//6694 6162//6694
f 6165//6695 6183//6695 6180//6695 6163//6695
f 6183//6696 6184//6696 6181//6696 6180//6696
f 6166//6697 6184//6697 6183//6697 6165//6697
f 6184//6698 6185//6698 6182//6698 6181//6698
f 6167//6699 6185//6699 6184//6699 6166//6699
f 6169//6700 6222//6700 6185//6700 6167//6700
f 6222//6701 6188//6701 6186//6701 6185//6701
f 6170//6702 6188//6702 6222//6702 6169//6702
f 6188//6703 6189//6703 6187//6703 6186//6703
f 6171//6704 6189//6704 6188//6704 6170//6704
f 6173//6705 6192//6705 6189//6705 6171//6705
f 6192//6706 6193//6706 6190//6706 6189//6706
f 6174//6707 6193//6707 6192//6707 6173//6707
f 6193//6708 6194//6708 6191//6708 6190//6708
f 6175//6709 6194//6709 6193//6709 6174//6709
f 6144//6710 6220//6710 5715//6710 5640//6710
f 6220//6711 6221//6711 5716//6711 5715//6711
f 6221//6712 6223//6712 5717//6712 5716//6712
f 6149//6713 6195//6713 6220//6713 6147//6713
f 6176//6714 6195//6714 6149//6714 6138//6714
f 6196//6715 6197//6715 6221//6715 6220//6715
f 6177//6716 6199//6716 6195//6716 6176//6716
f 6199//6717 6200//6717 6196//6717 6195//6717
f 6178//6718 6200//6718 6199//6718 6177//6718
f 6200//6719 6201//6719 6197//6719 6196//6719
f 6201//6720 6202//6720 6198//6720 6197//6720
f 6180//6721 6203//6721 6200//6721 6178//6721
f 6203//6722 6204//6722 6201//6722 6200//6722
f 6181//6723 6204//6723 6203//6723 6180//6723
f 6204//6724 6205//6724 6202//6724 6201//6724
f 6182//6725 6205//6725 6204//6725 6181//6725
f 6205//6726 6206//6726 6223//6726 6202//6726
f 6185//6727 6210//6727 6205//6727 6182//6727
f 6210//6728 6211//6728 6206//6728 6205//6728
f 6186//6729 6211//6729 6210//6729 6185//6729
f 6211//6730 6212//6730 6207//6730 6206//6730
f 6187//6731 6212//6731 6211//6731 6186//6731
f 6212//6732 6213//6732 6208//6732 6207//6732
f 6213//6733 6214//6733 6209//6733 6208//6733
f 6189//6734 6215//6734 6212//6734 6187//6734
f 6215//6735 6216//6735 6213//6735 6212//6735
f 6190//6736 6216//6736 6215//6736 6189//6736
f 6216//6737 6217//6737 6214//6737 6213//6737
f 6191//6738 6217//6738 6216//6738 6190//6738
f 6194//6739 6218//6739 6217//6739 6191//6739
f 6223//6740 6243//6740 5742//6740 5710//6740
f 6243//6741 6238//6741 5746//6741 5745//6741
f 6238//6742 6226//6742 5748//6742 5747//6742
f 6226//6743 6227//6743 5749//6743 5748//6743
f 6228//6744 6229//6744 6227//6744 6226//6744
f 6239//1397 6240//1397 6228//1397 6238//1397
f 6209//6745 6241//6745 6243//6745 6223//6745
f 6242//6746 6244//6746 6239//6746 6243//6746
f 6217//6747 6230//6747 6241//6747 6214//6747
f 6231//6748 6232//6748 6242//6748 6241//6748
f 6218//6749 6234//6749 6230//6749 6217//6749
f 6224//6750 6234//6750 6218//6750 6194//6750
f 6234//6751 6235//6751 6231//6751 6230//6751
f 6225//6752 6235//6752 6234//6752 6224//6752
f 6235//6753 6236//6753 6232//6753 6231//6753
f 6236//6754 6237//6754 6233//6754 6232//6754
f 6253//6755 6254//6755 5768//6755 5767//6755
f 6254//6756 6245//6756 5762//6756 5768//6756
f 6255//6757 6256//6757 6254//6757 6253//6757
f 6256//6758 6246//6758 6245//6758 6254//6758
f 6257//6759 6258//6759 6256//6759 6255//6759
f 6258//6760 6247//6760 6246//6760 6256//6760
f 6259//6761 6260//6761 6258//6761 6257//6761
f 6260//6762 6248//6762 6247//6762 6258//6762
f 6261//6763 6262//6763 6260//6763 6259//6763
f 6262//6764 6249//6764 6248//6764 6260//6764
f 6263//6765 6264//6765 6262//6765 6261//6765
f 6264//6766 6250//6766 6249//6766 6262//6766
f 6265//6767 6266//6767 6264//6767 6263//6767
f 6266//6768 6251//6768 6250//6768 6264//6768
f 6267//6769 6268//6769 6266//6769 6265//6769
f 6268//6770 6252//6770 6251//6770 6266//6770
f 6269//6771 6270//6771 5779//6771 5778//6771
f 6270//6772 6271//6772 5789//6772 5779//6772
f 6271//6773 6253//6773 5767//6773 5789//6773
f 6272//6774 6273//6774 6270//6774 6269//6774
f 6273//6775 6274//6775 6271//6775 6270//6775
f 6274//6776 6255//6776 6253//6776 6271//6776
f 6275//6777 6276//6777 6273//6777 6272//6777
f 6276//6778 6305//6778 6274//6778 6273//6778
f 6305//6779 6257//6779 6255//6779 6274//6779
f 6277//6780 6278//6780 6276//6780 6275//6780
f 6279//6781 6280//6781 6278//6781 6277//6781
f 6280//6782 6308//6782 6305//6782 6278//6782
f 6308//6783 6261//6783 6259//6783 6305//6783
f 6281//6784 6282//6784 6280//6784 6279//6784
f 6283//6785 6284//6785 6282//6785 6281//6785
f 6284//6786 6311//6786 6308//6786 6282//6786
f 6311//6787 6265//6787 6263//6787 6308//6787
f 6285//6788 6286//6788 6284//6788 6283//6788
f 6227//6789 6287//6789 5782//6789 5749//6789
f 6287//6790 6288//6790 5783//6790 5782//6790
f 6288//6791 6289//6791 5784//6791 5783//6791
f 6289//6792 6290//6792 5785//6792 5784//6792
f 6290//6793 6291//6793 5786//6793 5785//6793
f 6291//6794 6269//6794 5778//6794 5786//6794
f 6229//6795 6292//6795 6287//6795 6227//6795
f 6292//6796 6293//6796 6288//6796 6287//6796
f 6293//6797 6294//6797 6289//6797 6288//6797
f 6294//6798 6295//6798 6290//6798 6289//6798
f 6295//6799 6296//6799 6291//6799 6290//6799
f 6296//6800 6272//6800 6269//6800 6291//6800
f 6240//6801 6303//6801 6292//6801 6229//6801
f 6303//6802 6304//6802 6294//6802 6293//6802
f 6304//6803 6297//6803 6296//6803 6295//6803
f 6297//6804 6275//6804 6272//6804 6296//6804
f 6298//6805 6277//6805 6275//6805 6297//6805
f 6244//6806 6306//6806 6303//6806 6240//6806
f 6306//6807 6307//6807 6304//6807 6303//6807
f 6307//6808 6299//6808 6298//6808 6304//6808
f 6299//6809 6279//6809 6277//6809 6298//6809
f 6300//6810 6281//6810 6279//6810 6299//6810
f 6309//6811 6310//6811 6307//6811 6306//6811
f 6310//6812 6301//6812 6300//6812 6307//6812
f 6301//6813 6283//6813 6281//6813 6300//6813
f 6302//6814 6285//6814 6283//6814 6301//6814
f 6245//6815 6312//6815 5790//6815 5762//6815
f 6312//6816 6008//6816 5333//6816 5790//6816
f 6246//6817 6313//6817 6312//6817 6245//6817
f 6313//6818 6010//6818 6008//6818 6312//6818
f 6247//6819 6314//6819 6313//6819 6246//6819
f 6314//6820 6020//6820 6010//6820 6313//6820
f 6249//6821 6315//6821 6314//6821 6248//6821
f 6315//6822 6021//6822 6020//6822 6314//6822
f 6024//6823 6316//6823 6161//6823 5989//6823
f 6316//6824 6318//6824 6174//6824 6161//6824
f 6318//6825 6319//6825 6175//6825 6174//6825
f 6317//6826 6319//6826 6318//6826 6316//6826
f 6319//6827 6320//6827 6194//6827 6175//6827
f 6027//6828 6321//6828 6317//6828 6024//6828
f 6028//6829 6327//6829 6326//6829 6027//6829
f 6321//6830 6332//6830 6319//6830 6317//6830
f 6322//6831 6334//6831 6332//6831 6321//6831
f 6334//6832 6335//6832 6333//6832 6332//6832
f 6323//6833 6335//6833 6334//6833 6322//6833
f 6324//6834 6336//6834 6335//6834 6323//6834
f 6325//6835 6337//6835 6336//6835 6324//6835
f 6326//6836 6338//6836 6337//6836 6325//6836
f 6338//6837 6339//6837 6372//6837 6337//6837
f 6327//6838 6339//6838 6338//6838 6326//6838
f 6328//6839 6340//6839 6339//6839 6327//6839
f 6329//6840 6341//6840 6340//6840 6328//6840
f 6330//6841 6343//6841 6341//6841 6329//6841
f 6343//6842 6344//6842 6342//6842 6341//6842
f 6331//6843 6344//6843 6343//6843 6330//6843
f 6320//6844 6345//6844 6224//6844 6194//6844
f 6332//6845 6345//6845 6320//6845 6319//6845
f 6345//6846 6346//6846 6225//6846 6224//6846
f 6333//6847 6346//6847 6345//6847 6332//6847
f 6335//6848 6350//6848 6346//6848 6333//6848
f 6350//6849 6351//6849 6347//6849 6346//6849
f 6336//6850 6351//6850 6350//6850 6335//6850
f 6351//6851 6352//6851 6348//6851 6347//6851
f 6337//6852 6352//6852 6351//6852 6336//6852
f 6352//6853 6353//6853 6349//6853 6348//6853
f 6372//6854 6353//6854 6352//6854 6337//6854
f 6339//6855 6373//6855 6353//6855 6372//6855
f 6373//6856 6357//6856 6355//6856 6354//6856
f 6341//6857 6357//6857 6373//6857 6340//6857
f 6357//6858 6358//6858 6356//6858 6355//6858
f 6342//6859 6358//6859 6357//6859 6341//6859
f 6344//6860 6359//6860 6358//6860 6342//6860
f 6346//6861 6360//6861 6235//6861 6225//6861
f 6360//6862 6361//6862 6236//6862 6235//6862
f 6347//6863 6361//6863 6360//6863 6346//6863
f 6361//6864 6362//6864 6237//6864 6236//6864
f 6348//6865 6362//6865 6361//6865 6347//6865
f 6362//6866 6363//6866 6244//6866 6237//6866
f 6349//6867 6363//6867 6362//6867 6348//6867
f 6353//6868 6367//6868 6363//6868 6349//6868
f 6367//6869 6368//6869 6364//6869 6363//6869
f 6354//6870 6368//6870 6367//6870 6353//6870
f 6368//6871 6369//6871 6365//6871 6364//6871
f 6355//6872 6369//6872 6368//6872 6354//6872
f 6369//6873 6370//6873 6366//6873 6365//6873
f 6356//6874 6370//6874 6369//6874 6355//6874
f 6358//6875 6371//6875 6370//6875 6356//6875
f 6049//6876 6378//6876 6331//6876 6028//6876
f 6382//6877 6383//6877 6377//6877 6376//6877
f 6040//6878 6383//6878 6382//6878 6039//6878
f 6383//6879 6040//6879 6038//6879 6377//6879
f 6050//6880 6384//6880 6380//6880 6049//6880
f 6041//6881 6386//6881 6385//6881 6050//6881
f 6042//6882 6387//6882 6386//6882 6041//6882
f 6387//6883 6437//6883 6382//6883 6381//6883
f 6043//6884 6437//6884 6387//6884 6042//6884
f 6437//6885 6043//6885 6039//6885 6382//6885
f 6388//6886 6389//6886 6268//6886 6267//6886
f 6389//6887 6374//6887 6252//6887 6268//6887
f 6390//6888 6391//6888 6389//6888 6388//6888
f 6391//6889 6375//6889 6374//6889 6389//6889
f 6393//6890 6394//6890 6391//6890 6390//6890
f 6377//6891 6394//6891 6393//6891 6376//6891
f 6394//6892 6377//6892 6375//6892 6391//6892
f 6378//6893 6395//6893 6344//6893 6331//6893
f 6379//6894 6396//6894 6395//6894 6378//6894
f 6380//6895 6397//6895 6396//6895 6379//6895
f 6400//6896 6401//6896 6393//6896 6392//6896
f 6382//6897 6401//6897 6400//6897 6381//6897
f 6401//6898 6382//6898 6376//6898 6393//6898
f 6384//6899 6402//6899 6397//6899 6380//6899
f 6402//6900 6403//6900 6398//6900 6397//6900
f 6385//6901 6403//6901 6402//6901 6384//6901
f 6403//6902 6404//6902 6399//6902 6398//6902
f 6386//6903 6404//6903 6403//6903 6385//6903
f 6404//6904 6405//6904 6400//6904 6399//6904
f 6387//6905 6405//6905 6404//6905 6386//6905
f 6405//6906 6387//6906 6381//6906 6400//6906
f 6406//6907 6407//6907 6286//6907 6285//6907
f 6407//6908 6438//6908 6311//6908 6286//6908
f 6438//6909 6388//6909 6267//6909 6311//6909
f 6409//6910 6410//6910 6407//6910 6406//6910
f 6414//6911 6415//6911 6409//6911 6408//6911
f 6415//6912 6416//6912 6410//6912 6409//6912
f 6416//6913 6439//6913 6438//6913 6410//6913
f 6393//6914 6439//6914 6416//6914 6392//6914
f 6439//6915 6393//6915 6390//6915 6438//6915
f 6359//6916 6417//6916 6411//6916 6358//6916
f 6395//6917 6417//6917 6359//6917 6344//6917
f 6417//6918 6418//6918 6412//6918 6411//6918
f 6396//6919 6418//6919 6417//6919 6395//6919
f 6418//6920 6419//6920 6413//6920 6412//6920
f 6397//6921 6419//6921 6418//6921 6396//6921
f 6419//6922 6420//6922 6414//6922 6413//6922
f 6398//6923 6420//6923 6419//6923 6397//6923
f 6420//6924 6421//6924 6415//6924 6414//6924
f 6399//6925 6421//6925 6420//6925 6398//6925
f 6421//6926 6422//6926 6416//6926 6415//6926
f 6400//6927 6422//6927 6421//6927 6399//6927
f 6422//6928 6400//6928 6392//6928 6416//6928
f 6366//6929 6423//6929 6309//6929 6244//6929
f 6424//6930 6425//6930 6310//6930 6309//6930
f 6426//6931 6427//6931 6302//6931 6310//6931
f 6427//6932 6406//6932 6285//6932 6302//6932
f 6370//6933 6428//6933 6423//6933 6366//6933
f 6428//6934 6429//6934 6424//6934 6423//6934
f 6429//6935 6430//6935 6425//6935 6424//6935
f 6430//6936 6431//6936 6426//6936 6425//6936
f 6431//6937 6432//6937 6427//6937 6426//6937
f 6409//6938 6432//6938 6431//6938 6408//6938
f 6432//6939 6409//6939 6406//6939 6427//6939
f 6371//6940 6433//6940 6428//6940 6370//6940
f 6411//6941 6433//6941 6371//6941 6358//6941
f 6433//6942 6434//6942 6429//6942 6428//6942
f 6412//6943 6434//6943 6433//6943 6411//6943
f 6434//6944 6435//6944 6430//6944 6429//6944
f 6413//6945 6435//6945 6434//6945 6412//6945
f 6435//6946 6436//6946 6431//6946 6430//6946
f 6414//6947 6436//6947 6435//6947 6413//6947
f 6436//6948 6414//6948 6408//6948 6431//6948
f 6374//6949 6440//6949 6315//6949 6252//6949
f 6440//6950 6098//6950 6022//6950 6315//6950
f 6100//6951 6440//6951 6377//6951 6038//6951
