# Blender 4.3.2
# www.blender.org
mtllib ee_base_link_01.mtl
o ee_base_link_01
v 0.016600 0.012598 -0.044840
v 0.016600 0.013034 -0.045037
v 0.016600 0.005767 -0.053363
v 0.016600 0.006886 -0.039290
v 0.016600 0.006590 -0.038913
v 0.016600 0.012222 -0.044544
v 0.016600 0.003715 -0.056037
v 0.016600 -0.005206 -0.068000
v 0.016600 -0.005228 -0.066978
v 0.016600 0.004125 -0.056207
v 0.016600 0.003250 -0.068000
v 0.016600 0.013504 -0.045126
v 0.016600 0.013982 -0.045100
v 0.016600 0.006037 -0.053715
v 0.016600 0.016978 -0.044773
v 0.016600 0.018000 -0.044794
v 0.016600 -0.008111 -0.056425
v 0.016600 -0.007858 -0.056017
v 0.016600 0.002865 -0.054565
v 0.016600 -0.005456 -0.062222
v 0.016600 -0.011087 -0.056590
v 0.016600 -0.010710 -0.056886
v 0.016600 0.004565 -0.056265
v 0.016600 0.005005 -0.056207
v 0.016600 0.006360 -0.058940
v 0.016600 0.005415 -0.056037
v 0.016600 0.008010 -0.057148
v 0.016600 0.005767 -0.055767
v 0.016600 0.006037 -0.055415
v 0.016600 0.009933 -0.055652
v 0.016600 0.006207 -0.055005
v 0.016600 0.012075 -0.054492
v 0.016600 0.006265 -0.054565
v 0.016600 0.014379 -0.053701
v 0.016600 0.006207 -0.054125
v 0.016600 0.016782 -0.053300
v 0.016600 0.005415 -0.053093
v 0.016600 0.005005 -0.052923
v 0.016600 0.007084 -0.039727
v 0.016600 0.002923 -0.054125
v 0.016600 -0.006281 -0.053077
v 0.016600 0.003093 -0.053715
v 0.016600 -0.004370 -0.050341
v 0.016600 0.003363 -0.053363
v 0.016600 -0.002153 -0.047848
v 0.016600 0.003715 -0.053093
v 0.016600 0.000341 -0.045630
v 0.016600 0.004125 -0.052923
v 0.016600 0.003077 -0.043719
v 0.016600 0.004565 -0.052865
v 0.016600 0.006017 -0.042142
v 0.016600 0.006425 -0.041889
v 0.016600 0.006761 -0.041547
v 0.016600 0.003363 -0.055767
v 0.016600 -0.004900 -0.063982
v 0.016600 -0.004874 -0.063504
v 0.016600 0.005028 -0.060980
v 0.016600 0.004049 -0.063211
v 0.016600 0.003451 -0.065572
v 0.016600 0.007006 -0.041135
v 0.016600 0.007145 -0.040677
v 0.016600 0.007172 -0.040198
v 0.016600 -0.010273 -0.057084
v 0.016600 -0.009802 -0.057172
v 0.016600 -0.009323 -0.057145
v 0.016600 -0.004963 -0.063034
v 0.016600 -0.005160 -0.062598
v 0.016600 0.003093 -0.055415
v 0.016600 0.002923 -0.055005
v 0.016600 -0.008865 -0.057006
v 0.016600 -0.008453 -0.056761
v 0.016600 0.006207 -0.081875
v 0.016600 0.006265 -0.081435
v 0.016600 0.012075 -0.081508
v 0.016600 0.005320 -0.087488
v 0.016600 0.005005 -0.083077
v 0.016600 0.007947 -0.088964
v 0.016600 0.005415 -0.082907
v 0.016600 0.009933 -0.080348
v 0.016600 0.006207 -0.080995
v 0.016600 0.008010 -0.078852
v 0.016600 0.006037 -0.080585
v 0.016600 0.005767 -0.080233
v 0.016600 0.006360 -0.077060
v 0.016600 0.002923 -0.081875
v 0.016600 0.003093 -0.082285
v 0.016600 0.000744 -0.083582
v 0.016600 0.003363 -0.082637
v 0.016600 0.002905 -0.085684
v 0.016600 0.003715 -0.082907
v 0.016600 0.004125 -0.083077
v 0.016600 0.004565 -0.083135
v 0.016600 0.004565 -0.079735
v 0.016600 0.004125 -0.079793
v 0.016600 0.003451 -0.070428
v 0.016600 0.003715 -0.079963
v 0.016600 0.018000 -0.091202
v 0.016600 0.006037 -0.082285
v 0.016600 0.016655 -0.091211
v 0.016600 0.005767 -0.082637
v 0.016600 0.013663 -0.090842
v 0.016600 0.010744 -0.090089
v 0.016600 0.002865 -0.081435
v 0.016600 -0.001127 -0.081219
v 0.016600 0.002923 -0.080995
v 0.016600 -0.002676 -0.078633
v 0.016600 0.003093 -0.080585
v 0.016600 -0.003878 -0.075869
v 0.016600 0.003363 -0.080233
v 0.016600 -0.004712 -0.072972
v 0.016600 -0.005165 -0.069992
v 0.016600 0.005415 -0.079963
v 0.016600 0.005005 -0.079793
v 0.016600 0.005028 -0.075020
v 0.016600 0.004049 -0.072789
v 0.016600 0.014379 -0.082299
v 0.016600 0.016782 -0.082700
v 0.016600 0.018000 -0.082700
v 0.016600 0.019218 -0.082700
v 0.016600 0.027990 -0.078852
v 0.016600 0.029963 -0.080585
v 0.016600 0.026067 -0.080348
v 0.016600 0.029793 -0.080995
v 0.016600 0.023925 -0.081508
v 0.016600 0.029735 -0.081435
v 0.016600 0.021621 -0.082299
v 0.016600 0.029793 -0.081875
v 0.016600 0.029963 -0.082285
v 0.016600 0.031875 -0.083077
v 0.016600 0.032285 -0.082907
v 0.016600 0.033340 -0.085471
v 0.016600 0.032637 -0.082637
v 0.016600 0.035471 -0.083340
v 0.016600 0.032285 -0.079963
v 0.016600 0.031875 -0.079793
v 0.016600 0.032750 -0.068000
v 0.016600 0.031435 -0.079735
v 0.016600 0.030995 -0.079793
v 0.016600 0.029640 -0.077060
v 0.016600 0.030585 -0.079963
v 0.016600 0.030233 -0.080233
v 0.016600 0.030972 -0.075020
v 0.016600 0.031951 -0.072789
v 0.016600 0.032549 -0.070428
v 0.016600 0.031435 -0.083135
v 0.016600 0.030951 -0.087309
v 0.016600 0.030995 -0.083077
v 0.016600 0.028344 -0.088822
v 0.016600 0.030585 -0.082907
v 0.016600 0.025563 -0.089986
v 0.016600 0.030233 -0.082637
v 0.016600 0.022655 -0.090779
v 0.016600 0.019669 -0.091190
v 0.016600 0.031875 -0.056207
v 0.016600 0.032285 -0.056037
v 0.016600 0.041202 -0.068000
v 0.016600 0.032637 -0.053363
v 0.016600 0.033582 -0.050744
v 0.016600 0.032907 -0.053715
v 0.016600 0.035683 -0.052905
v 0.016600 0.018000 -0.053300
v 0.016600 0.019218 -0.053300
v 0.016600 0.021621 -0.053701
v 0.016600 0.029793 -0.054125
v 0.016600 0.023925 -0.054492
v 0.016600 0.029735 -0.054565
v 0.016600 0.026067 -0.055652
v 0.016600 0.029793 -0.055005
v 0.016600 0.027990 -0.057148
v 0.016600 0.029963 -0.055415
v 0.016600 0.030233 -0.055767
v 0.016600 0.029640 -0.058940
v 0.016600 0.032907 -0.082285
v 0.016600 0.033077 -0.081875
v 0.016600 0.037309 -0.080951
v 0.016600 0.033135 -0.081435
v 0.016600 0.038822 -0.078344
v 0.016600 0.033077 -0.080995
v 0.016600 0.039986 -0.075563
v 0.016600 0.032907 -0.080585
v 0.016600 0.040779 -0.072655
v 0.016600 0.032637 -0.080233
v 0.016600 0.041190 -0.069669
v 0.016600 0.032549 -0.065572
v 0.016600 0.031435 -0.056265
v 0.016600 0.032907 -0.055415
v 0.016600 0.033077 -0.055005
v 0.016600 0.037488 -0.055320
v 0.016600 0.033135 -0.054565
v 0.016600 0.033077 -0.054125
v 0.016600 0.030585 -0.056037
v 0.016600 0.030995 -0.056207
v 0.016600 0.030972 -0.060980
v 0.016600 0.031951 -0.063211
v 0.016600 0.038964 -0.057948
v 0.016600 0.040089 -0.060744
v 0.016600 0.032637 -0.055767
v 0.016600 0.040842 -0.063663
v 0.016600 0.041211 -0.066655
v 0.016600 0.029963 -0.053715
v 0.016600 0.019992 -0.044836
v 0.016600 0.030233 -0.053363
v 0.016600 0.022972 -0.045288
v 0.016600 0.030585 -0.053093
v 0.016600 0.025869 -0.046122
v 0.016600 0.030995 -0.052923
v 0.016600 0.028633 -0.047324
v 0.016600 0.031435 -0.052865
v 0.016600 0.031218 -0.048873
v 0.016600 0.031875 -0.052923
v 0.016600 0.032285 -0.053093
v 0.018600 0.033135 -0.081435
v 0.016600 0.033135 -0.081435
v 0.018600 0.033077 -0.081875
v 0.016600 0.033077 -0.081875
v 0.018600 0.032907 -0.082285
v 0.016600 0.032907 -0.082285
v 0.018600 0.032637 -0.082637
v 0.016600 0.032637 -0.082637
v 0.018600 0.032285 -0.082907
v 0.016600 0.032285 -0.082907
v 0.018600 0.031875 -0.083077
v 0.016600 0.031875 -0.083077
v 0.018600 0.031435 -0.083135
v 0.016600 0.031435 -0.083135
v 0.018600 0.030995 -0.083077
v 0.016600 0.030995 -0.083077
v 0.018600 0.030585 -0.082907
v 0.016600 0.030585 -0.082907
v 0.018600 0.030233 -0.082637
v 0.016600 0.030233 -0.082637
v 0.018600 0.029963 -0.082285
v 0.016600 0.029963 -0.082285
v 0.018600 0.029793 -0.081875
v 0.016600 0.029793 -0.081875
v 0.018600 0.029735 -0.081435
v 0.016600 0.029735 -0.081435
v 0.018600 0.029793 -0.080995
v 0.016600 0.029793 -0.080995
v 0.018600 0.029963 -0.080585
v 0.016600 0.029963 -0.080585
v 0.018600 0.030233 -0.080233
v 0.016600 0.030233 -0.080233
v 0.018600 0.030585 -0.079963
v 0.016600 0.030585 -0.079963
v 0.018600 0.030995 -0.079793
v 0.016600 0.030995 -0.079793
v 0.018600 0.031435 -0.079735
v 0.016600 0.031435 -0.079735
v 0.018600 0.031875 -0.079793
v 0.016600 0.031875 -0.079793
v 0.018600 0.032285 -0.079963
v 0.016600 0.032285 -0.079963
v 0.018600 0.032637 -0.080233
v 0.016600 0.032637 -0.080233
v 0.018600 0.032907 -0.080585
v 0.016600 0.032907 -0.080585
v 0.018600 0.033077 -0.080995
v 0.016600 0.033077 -0.080995
v 0.016600 0.006590 -0.038913
v 0.015000 0.006590 -0.038913
v 0.022100 0.002282 -0.034605
v 0.015000 0.002090 -0.034412
v 0.022100 0.002090 -0.034412
v 0.022100 0.012222 -0.044544
v 0.016600 0.012222 -0.044544
v 0.022100 0.006353 -0.038675
v 0.022100 0.005870 -0.038193
v 0.022100 -0.004900 -0.063982
v 0.016600 -0.004900 -0.063982
v 0.022100 -0.005158 -0.066339
v 0.016600 -0.005228 -0.066978
v 0.022100 -0.005228 -0.066978
v 0.022100 -0.005206 -0.068000
v 0.016600 -0.005206 -0.068000
v 0.022100 -0.005165 -0.069992
v 0.016600 -0.005165 -0.069992
v 0.022100 -0.005158 -0.070036
v 0.016600 -0.004712 -0.072972
v 0.022100 -0.004712 -0.072972
v 0.016600 -0.003878 -0.075869
v 0.022100 -0.003878 -0.075869
v 0.016600 -0.002676 -0.078633
v 0.022100 -0.002676 -0.078633
v 0.016600 -0.001127 -0.081219
v 0.022100 -0.001127 -0.081219
v 0.022100 -0.000296 -0.082268
v 0.016600 0.000744 -0.083582
v 0.022100 0.000744 -0.083582
v 0.022100 0.000883 -0.083718
v 0.016600 0.002905 -0.085684
v 0.022100 0.002282 -0.085078
v 0.022100 0.002905 -0.085684
v 0.016600 0.005320 -0.087488
v 0.022100 0.005320 -0.087488
v 0.022100 0.005870 -0.087797
v 0.016600 0.007947 -0.088964
v 0.022100 0.007947 -0.088964
v 0.016600 0.010744 -0.090089
v 0.022100 0.010744 -0.090089
v 0.016600 0.013663 -0.090842
v 0.022100 0.013663 -0.090842
v 0.016600 0.016655 -0.091211
v 0.022100 0.016655 -0.091211
v 0.022100 0.018000 -0.091202
v 0.016600 0.018000 -0.091202
v 0.022100 0.019669 -0.091190
v 0.016600 0.019669 -0.091190
v 0.016600 0.022655 -0.090779
v 0.022100 0.022655 -0.090779
v 0.016600 0.025563 -0.089986
v 0.022100 0.025563 -0.089986
v 0.016600 0.028344 -0.088822
v 0.022100 0.028344 -0.088822
v 0.016600 0.030951 -0.087309
v 0.022100 0.030951 -0.087309
v 0.016600 0.033340 -0.085471
v 0.022100 0.033340 -0.085471
v 0.022100 0.033717 -0.085094
v 0.016600 0.035471 -0.083340
v 0.022100 0.035094 -0.083718
v 0.022100 0.035471 -0.083340
v 0.016600 0.037309 -0.080951
v 0.022100 0.037309 -0.080951
v 0.016600 0.038822 -0.078344
v 0.022100 0.038822 -0.078344
v 0.016600 0.039986 -0.075563
v 0.022100 0.039986 -0.075563
v 0.016600 0.040779 -0.072655
v 0.022100 0.040779 -0.072655
v 0.016600 0.041190 -0.069669
v 0.022100 0.041190 -0.069669
v 0.022100 0.041202 -0.068000
v 0.016600 0.041202 -0.068000
v 0.022100 0.041211 -0.066655
v 0.016600 0.041211 -0.066655
v 0.016600 0.040842 -0.063663
v 0.022100 0.040842 -0.063663
v 0.016600 0.040089 -0.060744
v 0.022100 0.040089 -0.060744
v 0.016600 0.038964 -0.057948
v 0.022100 0.038964 -0.057948
v 0.022100 0.037797 -0.055870
v 0.016600 0.037488 -0.055320
v 0.022100 0.037488 -0.055320
v 0.016600 0.035683 -0.052905
v 0.022100 0.035683 -0.052905
v 0.022100 0.035078 -0.052283
v 0.016600 0.033582 -0.050744
v 0.022100 0.033717 -0.050884
v 0.022100 0.033582 -0.050744
v 0.016600 0.031218 -0.048873
v 0.022100 0.031218 -0.048873
v 0.016600 0.028633 -0.047324
v 0.022100 0.028633 -0.047324
v 0.016600 0.025869 -0.046122
v 0.022100 0.025869 -0.046122
v 0.016600 0.022972 -0.045288
v 0.022100 0.022972 -0.045288
v 0.022100 0.020036 -0.044842
v 0.016600 0.019992 -0.044836
v 0.022100 0.019992 -0.044836
v 0.022100 0.018000 -0.044794
v 0.016600 0.018000 -0.044794
v 0.022100 0.016978 -0.044773
v 0.016600 0.016978 -0.044773
v 0.022100 0.016339 -0.044842
v 0.016600 0.013982 -0.045100
v 0.022100 0.013982 -0.045100
v 0.015000 -0.015588 -0.052090
v 0.015000 -0.011087 -0.056590
v 0.016600 -0.011087 -0.056590
v 0.022100 -0.015588 -0.052090
v 0.022100 -0.015395 -0.052283
v 0.022100 -0.011807 -0.055870
v 0.016600 -0.005456 -0.062222
v 0.022100 -0.005456 -0.062222
v 0.022100 -0.005001 -0.038675
v 0.022100 -0.000738 -0.034412
v 0.015000 -0.000738 -0.034412
v 0.015000 -0.015588 -0.049262
v 0.022100 -0.015588 -0.049262
v 0.022100 -0.011168 -0.044842
v 0.022100 -0.005158 -0.038832
v 0.022100 0.001517 -0.035869
v 0.022100 0.002282 -0.036186
v 0.022100 0.002282 -0.034605
v 0.022100 -0.005999 -0.041703
v 0.022100 -0.005158 -0.041592
v 0.022100 -0.005158 -0.038832
v 0.022100 0.019992 -0.044836
v 0.022100 0.018000 -0.044794
v 0.022100 0.018000 -0.044842
v 0.022100 0.002940 -0.078620
v 0.022100 0.003724 -0.078296
v 0.022100 0.002282 -0.068000
v 0.022100 0.005870 -0.076310
v 0.022100 0.005028 -0.075020
v 0.022100 0.004565 -0.078185
v 0.022100 0.004049 -0.072789
v 0.022100 0.003451 -0.070428
v 0.022100 0.005406 -0.078296
v 0.022100 0.005870 -0.078488
v 0.022100 0.006360 -0.077060
v 0.022100 0.006190 -0.078620
v 0.022100 0.008010 -0.078852
v 0.022100 0.006863 -0.079137
v 0.022100 0.007380 -0.079810
v 0.022100 0.009933 -0.080348
v 0.022100 0.007704 -0.080594
v 0.022100 0.012075 -0.081508
v 0.022100 0.018000 -0.083718
v 0.022100 0.014379 -0.082299
v 0.022100 0.007704 -0.082276
v 0.022100 0.007815 -0.081435
v 0.022100 0.019218 -0.082700
v 0.022100 0.018000 -0.082700
v 0.022100 0.016782 -0.082700
v 0.022100 0.027990 -0.078852
v 0.022100 0.029137 -0.079137
v 0.022100 0.029640 -0.077060
v 0.022100 0.029810 -0.078620
v 0.022100 0.030972 -0.075020
v 0.022100 0.030594 -0.078296
v 0.022100 0.031435 -0.078185
v 0.022100 0.031951 -0.072789
v 0.022100 0.032276 -0.078296
v 0.022100 0.032549 -0.070428
v 0.022100 0.033717 -0.068000
v 0.022100 0.021621 -0.082299
v 0.022100 0.028296 -0.082276
v 0.022100 0.023925 -0.081508
v 0.022100 0.028185 -0.081435
v 0.022100 0.026067 -0.080348
v 0.022100 0.028296 -0.080594
v 0.022100 0.028620 -0.079810
v 0.022100 0.029137 -0.056863
v 0.022100 0.028620 -0.056190
v 0.022100 0.027990 -0.057148
v 0.022100 0.026348 -0.055870
v 0.022100 0.029810 -0.057380
v 0.022100 0.029640 -0.058940
v 0.022100 0.030594 -0.057704
v 0.022100 0.030972 -0.060980
v 0.022100 0.031435 -0.057815
v 0.022100 0.031951 -0.063211
v 0.022100 0.032276 -0.057704
v 0.022100 0.032549 -0.065572
v 0.022100 0.032750 -0.068000
v 0.022100 0.018000 -0.053300
v 0.022100 0.019218 -0.053300
v 0.022100 0.018000 -0.052283
v 0.022100 0.021621 -0.053701
v 0.022100 0.028296 -0.053724
v 0.022100 0.023925 -0.054492
v 0.022100 0.028185 -0.054565
v 0.022100 0.026067 -0.055652
v 0.022100 0.028296 -0.055406
v 0.022100 0.028488 -0.055870
v 0.022100 0.007704 -0.053724
v 0.022100 0.007380 -0.052940
v 0.022100 0.006875 -0.052283
v 0.022100 0.009652 -0.055870
v 0.022100 0.009933 -0.055652
v 0.022100 0.007815 -0.054565
v 0.022100 0.012075 -0.054492
v 0.022100 0.014379 -0.053701
v 0.022100 0.016782 -0.053300
v 0.022100 0.007704 -0.055406
v 0.022100 0.007512 -0.055870
v 0.022100 0.008010 -0.057148
v 0.022100 0.007380 -0.056190
v 0.022100 0.006863 -0.056863
v 0.022100 0.006360 -0.058940
v 0.022100 0.006190 -0.057380
v 0.022100 0.005870 -0.059690
v 0.022100 0.005870 -0.057512
v 0.022100 0.005406 -0.057704
v 0.022100 0.005028 -0.060980
v 0.022100 0.004565 -0.057815
v 0.022100 0.004049 -0.063211
v 0.022100 0.003724 -0.057704
v 0.022100 0.003451 -0.065572
v 0.022100 0.003250 -0.068000
v 0.022100 0.012604 -0.044842
v 0.022100 0.012598 -0.044840
v 0.022100 0.005870 -0.044842
v 0.022100 0.012222 -0.044544
v 0.022100 0.005870 -0.038675
v 0.022100 0.006353 -0.038675
v 0.022100 0.005870 -0.038193
v 0.022100 0.013982 -0.045100
v 0.022100 0.013504 -0.045126
v 0.022100 0.006863 -0.052267
v 0.022100 0.013034 -0.045037
v 0.022100 0.006190 -0.051750
v 0.022100 0.005870 -0.051618
v 0.022100 0.005406 -0.051426
v 0.022100 0.016339 -0.044842
v 0.022100 0.016978 -0.044773
v 0.022100 0.031218 -0.048873
v 0.022100 0.032276 -0.051426
v 0.022100 0.033582 -0.050744
v 0.022100 0.033060 -0.051750
v 0.022100 0.033717 -0.050884
v 0.022100 0.028620 -0.052940
v 0.022100 0.029125 -0.052283
v 0.022100 0.029137 -0.052267
v 0.022100 0.020036 -0.044842
v 0.022100 0.022972 -0.045288
v 0.022100 0.025869 -0.046122
v 0.022100 0.029810 -0.051750
v 0.022100 0.028633 -0.047324
v 0.022100 0.030594 -0.051426
v 0.022100 0.031435 -0.051315
v 0.022100 0.033717 -0.052255
v 0.022100 0.033733 -0.052267
v 0.022100 0.035078 -0.052283
v 0.022100 0.033745 -0.052283
v 0.022100 0.034250 -0.052940
v 0.022100 0.035683 -0.052905
v 0.022100 0.034574 -0.053724
v 0.022100 0.037488 -0.055320
v 0.022100 0.034685 -0.054565
v 0.022100 0.037797 -0.055870
v 0.022100 0.041202 -0.068000
v 0.022100 0.041211 -0.066655
v 0.022100 0.040842 -0.063663
v 0.022100 0.034574 -0.055406
v 0.022100 0.034382 -0.055870
v 0.022100 0.038964 -0.057948
v 0.022100 0.034250 -0.056190
v 0.022100 0.040089 -0.060744
v 0.022100 0.033733 -0.056863
v 0.022100 0.033717 -0.056875
v 0.022100 0.033060 -0.057380
v 0.022100 0.033060 -0.078620
v 0.022100 0.033717 -0.079125
v 0.022100 0.033733 -0.079137
v 0.022100 0.034250 -0.083060
v 0.022100 0.035094 -0.083718
v 0.022100 0.034574 -0.082276
v 0.022100 0.035471 -0.083340
v 0.022100 0.034685 -0.081435
v 0.022100 0.037309 -0.080951
v 0.022100 0.034574 -0.080594
v 0.022100 0.038822 -0.078344
v 0.022100 0.034250 -0.079810
v 0.022100 0.039986 -0.075563
v 0.022100 0.040779 -0.072655
v 0.022100 0.041190 -0.069669
v 0.022100 0.033745 -0.083718
v 0.022100 0.033733 -0.083733
v 0.022100 0.033717 -0.085094
v 0.022100 0.022655 -0.090779
v 0.022100 0.029125 -0.083718
v 0.022100 0.028620 -0.083060
v 0.022100 0.033717 -0.083745
v 0.022100 0.033060 -0.084250
v 0.022100 0.033340 -0.085471
v 0.022100 0.032276 -0.084574
v 0.022100 0.030951 -0.087309
v 0.022100 0.031435 -0.084685
v 0.022100 0.028344 -0.088822
v 0.022100 0.030594 -0.084574
v 0.022100 0.025563 -0.089986
v 0.022100 0.029810 -0.084250
v 0.022100 0.029137 -0.083733
v 0.022100 0.016655 -0.091211
v 0.022100 0.018000 -0.091202
v 0.022100 0.019669 -0.091190
v 0.022100 0.007380 -0.083060
v 0.022100 0.006875 -0.083718
v 0.022100 0.006863 -0.083733
v 0.022100 0.013663 -0.090842
v 0.022100 0.010744 -0.090089
v 0.022100 0.006190 -0.084250
v 0.022100 0.007947 -0.088964
v 0.022100 0.005870 -0.084382
v 0.022100 0.005870 -0.087797
v 0.022100 0.005406 -0.084574
v 0.022100 0.005320 -0.087488
v 0.022100 0.004565 -0.084685
v 0.022100 0.002905 -0.085684
v 0.022100 0.003724 -0.084574
v 0.022100 0.002282 -0.085078
v 0.022100 0.002940 -0.084250
v 0.022100 0.002282 -0.083745
v 0.022100 0.000883 -0.083718
v 0.022100 0.002267 -0.083733
v 0.022100 0.002255 -0.083718
v 0.022100 0.000744 -0.083582
v 0.022100 0.001750 -0.083060
v 0.022100 -0.000296 -0.082268
v 0.022100 0.001426 -0.082276
v 0.022100 0.001315 -0.081435
v 0.022100 0.001426 -0.080594
v 0.022100 0.001750 -0.079810
v 0.022100 -0.000296 -0.068000
v 0.022100 0.002267 -0.079137
v 0.022100 0.002282 -0.079125
v 0.022100 -0.003878 -0.075869
v 0.022100 -0.002676 -0.078633
v 0.022100 -0.001127 -0.081219
v 0.022100 -0.005206 -0.068000
v 0.022100 -0.005165 -0.069992
v 0.022100 -0.005158 -0.068000
v 0.022100 -0.005158 -0.070036
v 0.022100 -0.004712 -0.072972
v 0.022100 -0.004874 -0.063504
v 0.022100 -0.004963 -0.063034
v 0.022100 -0.000296 -0.055870
v 0.022100 -0.005158 -0.062604
v 0.022100 -0.004900 -0.063982
v 0.022100 -0.005158 -0.066339
v 0.022100 -0.005228 -0.066978
v 0.022100 -0.005160 -0.062598
v 0.022100 -0.005158 -0.055870
v 0.022100 -0.005456 -0.062222
v 0.022100 -0.011807 -0.055870
v 0.022100 -0.005158 -0.052283
v 0.022100 -0.008169 -0.052283
v 0.022100 -0.008177 -0.052301
v 0.022100 -0.008693 -0.052974
v 0.022100 -0.013290 -0.052974
v 0.022100 -0.015395 -0.052283
v 0.022100 -0.012616 -0.053491
v 0.022100 -0.011833 -0.053815
v 0.022100 -0.009366 -0.053491
v 0.022100 -0.010150 -0.053815
v 0.022100 -0.010991 -0.053926
v 0.022100 -0.016105 -0.050158
v 0.022100 -0.016173 -0.050676
v 0.022100 -0.014241 -0.050676
v 0.022100 -0.011833 -0.047537
v 0.022100 -0.010991 -0.047426
v 0.022100 -0.011168 -0.044842
v 0.022100 -0.015905 -0.049676
v 0.022100 -0.014131 -0.049835
v 0.022100 -0.015588 -0.049262
v 0.022100 -0.013806 -0.052301
v 0.022100 -0.013814 -0.052283
v 0.022100 -0.015588 -0.052090
v 0.022100 -0.014131 -0.051517
v 0.022100 -0.015905 -0.051676
v 0.022100 -0.016105 -0.051194
v 0.022100 -0.013806 -0.049051
v 0.022100 -0.013290 -0.048378
v 0.022100 -0.012616 -0.047861
v 0.022100 -0.008177 -0.049051
v 0.022100 -0.007852 -0.049835
v 0.022100 -0.006783 -0.047657
v 0.022100 -0.007741 -0.050676
v 0.022100 -0.007852 -0.051517
v 0.022100 -0.008693 -0.048378
v 0.022100 -0.007456 -0.047140
v 0.022100 -0.009366 -0.047861
v 0.022100 -0.007972 -0.046467
v 0.022100 -0.010150 -0.047537
v 0.022100 -0.008297 -0.045683
v 0.022100 -0.008408 -0.044842
v 0.022100 -0.008297 -0.044001
v 0.022100 -0.007972 -0.043217
v 0.022100 -0.007456 -0.042544
v 0.022100 -0.006783 -0.042028
v 0.022100 -0.000949 -0.041823
v 0.022100 -0.001622 -0.041307
v 0.022100 -0.002860 -0.042544
v 0.022100 -0.003533 -0.042028
v 0.022100 -0.002139 -0.040634
v 0.022100 -0.004317 -0.041703
v 0.022100 -0.002463 -0.039850
v 0.022100 -0.002574 -0.039009
v 0.022100 -0.005001 -0.038675
v 0.022100 -0.002530 -0.038675
v 0.022100 -0.002463 -0.038167
v 0.022100 0.001193 -0.033895
v 0.022100 0.000676 -0.035759
v 0.022100 0.001676 -0.034095
v 0.022100 0.002090 -0.034412
v 0.022100 -0.002139 -0.037384
v 0.022100 -0.001622 -0.036711
v 0.022100 -0.000738 -0.034412
v 0.022100 -0.000949 -0.036194
v 0.022100 -0.000324 -0.034095
v 0.022100 -0.000296 -0.035924
v 0.022100 -0.000296 -0.034083
v 0.022100 -0.000165 -0.035869
v 0.022100 0.000158 -0.033895
v 0.022100 0.000676 -0.033827
v 0.022100 0.002301 -0.036194
v 0.022100 0.002974 -0.036711
v 0.022100 0.003882 -0.038675
v 0.022100 0.003815 -0.038167
v 0.022100 0.003490 -0.037384
v 0.022100 -0.003533 -0.047657
v 0.022100 -0.004317 -0.047982
v 0.022100 -0.005158 -0.048092
v 0.022100 -0.005999 -0.047982
v 0.022100 -0.002019 -0.044001
v 0.022100 -0.001908 -0.044842
v 0.022100 -0.000296 -0.044842
v 0.022100 -0.002019 -0.045683
v 0.022100 -0.000296 -0.052283
v 0.022100 -0.002343 -0.046467
v 0.022100 -0.002860 -0.047140
v 0.022100 -0.002343 -0.043217
v 0.022100 -0.000296 -0.042094
v 0.022100 -0.000165 -0.042148
v 0.022100 0.000676 -0.042259
v 0.022100 0.001517 -0.042148
v 0.022100 0.002282 -0.044842
v 0.022100 0.002282 -0.041831
v 0.022100 0.002301 -0.041823
v 0.022100 0.002974 -0.041307
v 0.022100 0.003926 -0.039009
v 0.022100 0.003815 -0.039850
v 0.022100 0.003490 -0.040634
v 0.022100 0.001426 -0.053724
v 0.022100 0.001315 -0.054565
v 0.022100 0.001426 -0.055406
v 0.022100 0.001618 -0.055870
v 0.022100 0.002940 -0.057380
v 0.022100 0.002282 -0.056875
v 0.022100 0.002267 -0.056863
v 0.022100 0.001750 -0.056190
v 0.022100 0.002940 -0.051750
v 0.022100 0.003724 -0.051426
v 0.022100 0.004565 -0.051315
v 0.022100 0.001750 -0.052940
v 0.022100 0.002255 -0.052283
v 0.022100 0.002267 -0.052267
v 0.022100 0.002282 -0.052255
v 0.018600 0.002376 -0.039009
v 0.015000 0.002376 -0.039009
v 0.018600 0.002318 -0.039449
v 0.015000 0.002318 -0.039449
v 0.018600 0.002148 -0.039859
v 0.015000 0.002148 -0.039859
v 0.018600 0.001878 -0.040211
v 0.015000 0.001878 -0.040211
v 0.018600 0.001526 -0.040481
v 0.015000 0.001526 -0.040481
v 0.018600 0.001116 -0.040651
v 0.015000 0.001116 -0.040651
v 0.018600 0.000676 -0.040709
v 0.015000 0.000676 -0.040709
v 0.018600 0.000236 -0.040651
v 0.015000 0.000236 -0.040651
v 0.018600 -0.000174 -0.040481
v 0.015000 -0.000174 -0.040481
v 0.018600 -0.000526 -0.040211
v 0.015000 -0.000526 -0.040211
v 0.018600 -0.000796 -0.039859
v 0.015000 -0.000796 -0.039859
v 0.018600 -0.000966 -0.039449
v 0.015000 -0.000966 -0.039449
v 0.018600 -0.001024 -0.039009
v 0.015000 -0.001024 -0.039009
v 0.018600 -0.000966 -0.038569
v 0.015000 -0.000966 -0.038569
v 0.018600 -0.000796 -0.038159
v 0.015000 -0.000796 -0.038159
v 0.018600 -0.000526 -0.037806
v 0.015000 -0.000526 -0.037806
v 0.018600 -0.000174 -0.037536
v 0.015000 -0.000174 -0.037536
v 0.018600 0.000236 -0.037367
v 0.015000 0.000236 -0.037367
v 0.018600 0.000676 -0.037309
v 0.015000 0.000676 -0.037309
v 0.018600 0.001116 -0.037367
v 0.015000 0.001116 -0.037367
v 0.018600 0.001526 -0.037536
v 0.015000 0.001526 -0.037536
v 0.018600 0.001878 -0.037806
v 0.015000 0.001878 -0.037806
v 0.018600 0.002148 -0.038159
v 0.015000 0.002148 -0.038159
v 0.018600 0.002318 -0.038569
v 0.015000 0.002318 -0.038569
v 0.016600 0.006360 -0.058940
v 0.022100 0.005870 -0.059690
v 0.016600 0.005028 -0.060980
v 0.022100 0.005028 -0.060980
v 0.016600 0.004049 -0.063211
v 0.022100 0.004049 -0.063211
v 0.016600 0.003451 -0.065572
v 0.022100 0.003451 -0.065572
v 0.016600 0.003250 -0.068000
v 0.022100 0.003250 -0.068000
v 0.016600 0.003451 -0.070428
v 0.022100 0.003451 -0.070428
v 0.016600 0.004049 -0.072789
v 0.022100 0.004049 -0.072789
v 0.016600 0.005028 -0.075020
v 0.016600 0.009933 -0.055652
v 0.022100 0.009652 -0.055870
v 0.016600 0.008010 -0.057148
v 0.022100 0.008010 -0.057148
v 0.022100 0.006360 -0.058940
v 0.016600 0.027990 -0.057148
v 0.022100 0.026348 -0.055870
v 0.016600 0.026067 -0.055652
v 0.022100 0.026067 -0.055652
v 0.016600 0.023925 -0.054492
v 0.022100 0.023925 -0.054492
v 0.016600 0.021621 -0.053701
v 0.022100 0.021621 -0.053701
v 0.016600 0.019218 -0.053300
v 0.022100 0.019218 -0.053300
v 0.016600 0.018000 -0.053300
v 0.022100 0.018000 -0.053300
v 0.016600 0.016782 -0.053300
v 0.022100 0.016782 -0.053300
v 0.016600 0.014379 -0.053701
v 0.022100 0.014379 -0.053701
v 0.016600 0.012075 -0.054492
v 0.022100 0.012075 -0.054492
v 0.022100 0.009933 -0.055652
v 0.022100 0.005028 -0.075020
v 0.022100 0.005870 -0.076310
v 0.016600 0.006360 -0.077060
v 0.022100 0.006360 -0.077060
v 0.016600 0.008010 -0.078852
v 0.022100 0.008010 -0.078852
v 0.016600 0.009933 -0.080348
v 0.022100 0.009933 -0.080348
v 0.016600 0.012075 -0.081508
v 0.022100 0.012075 -0.081508
v 0.016600 0.014379 -0.082299
v 0.022100 0.014379 -0.082299
v 0.016600 0.016782 -0.082700
v 0.022100 0.016782 -0.082700
v 0.016600 0.018000 -0.082700
v 0.022100 0.018000 -0.082700
v 0.016600 0.019218 -0.082700
v 0.022100 0.019218 -0.082700
v 0.016600 0.021621 -0.082299
v 0.022100 0.021621 -0.082299
v 0.016600 0.023925 -0.081508
v 0.022100 0.023925 -0.081508
v 0.016600 0.026067 -0.080348
v 0.022100 0.026067 -0.080348
v 0.016600 0.027990 -0.078852
v 0.022100 0.027990 -0.078852
v 0.016600 0.029640 -0.077060
v 0.022100 0.029640 -0.077060
v 0.016600 0.030972 -0.075020
v 0.022100 0.030972 -0.075020
v 0.016600 0.031951 -0.072789
v 0.022100 0.031951 -0.072789
v 0.016600 0.032549 -0.070428
v 0.022100 0.032549 -0.070428
v 0.016600 0.032750 -0.068000
v 0.022100 0.032750 -0.068000
v 0.016600 0.032549 -0.065572
v 0.022100 0.032549 -0.065572
v 0.016600 0.031951 -0.063211
v 0.022100 0.031951 -0.063211
v 0.016600 0.030972 -0.060980
v 0.022100 0.030972 -0.060980
v 0.016600 0.029640 -0.058940
v 0.022100 0.029640 -0.058940
v 0.022100 0.027990 -0.057148
v 0.018600 -0.009291 -0.050676
v 0.015000 -0.009291 -0.050676
v 0.018600 -0.009349 -0.051116
v 0.015000 -0.009349 -0.051116
v 0.018600 -0.009519 -0.051526
v 0.015000 -0.009519 -0.051526
v 0.018600 -0.009789 -0.051878
v 0.015000 -0.009789 -0.051878
v 0.018600 -0.010141 -0.052148
v 0.015000 -0.010141 -0.052148
v 0.018600 -0.010551 -0.052318
v 0.015000 -0.010551 -0.052318
v 0.018600 -0.010991 -0.052376
v 0.015000 -0.010991 -0.052376
v 0.018600 -0.011431 -0.052318
v 0.015000 -0.011431 -0.052318
v 0.018600 -0.011841 -0.052148
v 0.015000 -0.011841 -0.052148
v 0.018600 -0.012194 -0.051878
v 0.015000 -0.012194 -0.051878
v 0.018600 -0.012464 -0.051526
v 0.015000 -0.012464 -0.051526
v 0.018600 -0.012634 -0.051116
v 0.015000 -0.012634 -0.051116
v 0.018600 -0.012691 -0.050676
v 0.015000 -0.012691 -0.050676
v 0.018600 -0.012634 -0.050236
v 0.015000 -0.012634 -0.050236
v 0.018600 -0.012464 -0.049826
v 0.015000 -0.012464 -0.049826
v 0.018600 -0.012194 -0.049474
v 0.015000 -0.012194 -0.049474
v 0.018600 -0.011841 -0.049204
v 0.015000 -0.011841 -0.049204
v 0.018600 -0.011431 -0.049034
v 0.015000 -0.011431 -0.049034
v 0.018600 -0.010991 -0.048976
v 0.015000 -0.010991 -0.048976
v 0.018600 -0.010551 -0.049034
v 0.015000 -0.010551 -0.049034
v 0.018600 -0.010141 -0.049204
v 0.015000 -0.010141 -0.049204
v 0.018600 -0.009789 -0.049474
v 0.015000 -0.009789 -0.049474
v 0.018600 -0.009519 -0.049826
v 0.015000 -0.009519 -0.049826
v 0.018600 -0.009349 -0.050236
v 0.015000 -0.009349 -0.050236
v 0.018600 -0.003458 -0.044842
v 0.015000 -0.003458 -0.044842
v 0.018600 -0.003516 -0.045282
v 0.015000 -0.003516 -0.045282
v 0.018600 -0.003686 -0.045692
v 0.015000 -0.003686 -0.045692
v 0.018600 -0.003956 -0.046044
v 0.015000 -0.003956 -0.046044
v 0.018600 -0.004308 -0.046315
v 0.015000 -0.004308 -0.046315
v 0.018600 -0.004718 -0.046484
v 0.015000 -0.004718 -0.046484
v 0.018600 -0.005158 -0.046542
v 0.015000 -0.005158 -0.046542
v 0.018600 -0.005598 -0.046484
v 0.015000 -0.005598 -0.046484
v 0.018600 -0.006008 -0.046315
v 0.015000 -0.006008 -0.046315
v 0.018600 -0.006360 -0.046044
v 0.015000 -0.006360 -0.046044
v 0.018600 -0.006630 -0.045692
v 0.015000 -0.006630 -0.045692
v 0.018600 -0.006800 -0.045282
v 0.015000 -0.006800 -0.045282
v 0.018600 -0.006858 -0.044842
v 0.015000 -0.006858 -0.044842
v 0.018600 -0.006800 -0.044402
v 0.015000 -0.006800 -0.044402
v 0.018600 -0.006630 -0.043992
v 0.015000 -0.006630 -0.043992
v 0.018600 -0.006360 -0.043640
v 0.015000 -0.006360 -0.043640
v 0.018600 -0.006008 -0.043370
v 0.015000 -0.006008 -0.043370
v 0.018600 -0.005598 -0.043200
v 0.015000 -0.005598 -0.043200
v 0.018600 -0.005158 -0.043142
v 0.015000 -0.005158 -0.043142
v 0.018600 -0.004718 -0.043200
v 0.015000 -0.004718 -0.043200
v 0.018600 -0.004308 -0.043370
v 0.015000 -0.004308 -0.043370
v 0.018600 -0.003956 -0.043640
v 0.015000 -0.003956 -0.043640
v 0.018600 -0.003686 -0.043992
v 0.015000 -0.003686 -0.043992
v 0.018600 -0.003516 -0.044402
v 0.015000 -0.003516 -0.044402
v 0.018600 0.033135 -0.054565
v 0.016600 0.033135 -0.054565
v 0.018600 0.033077 -0.055005
v 0.016600 0.033077 -0.055005
v 0.018600 0.032907 -0.055415
v 0.016600 0.032907 -0.055415
v 0.018600 0.032637 -0.055767
v 0.016600 0.032637 -0.055767
v 0.018600 0.032285 -0.056037
v 0.016600 0.032285 -0.056037
v 0.018600 0.031875 -0.056207
v 0.016600 0.031875 -0.056207
v 0.018600 0.031435 -0.056265
v 0.016600 0.031435 -0.056265
v 0.018600 0.030995 -0.056207
v 0.016600 0.030995 -0.056207
v 0.018600 0.030585 -0.056037
v 0.016600 0.030585 -0.056037
v 0.018600 0.030233 -0.055767
v 0.016600 0.030233 -0.055767
v 0.018600 0.029963 -0.055415
v 0.016600 0.029963 -0.055415
v 0.018600 0.029793 -0.055005
v 0.016600 0.029793 -0.055005
v 0.018600 0.029735 -0.054565
v 0.016600 0.029735 -0.054565
v 0.018600 0.029793 -0.054125
v 0.016600 0.029793 -0.054125
v 0.018600 0.029963 -0.053715
v 0.016600 0.029963 -0.053715
v 0.018600 0.030233 -0.053363
v 0.016600 0.030233 -0.053363
v 0.018600 0.030585 -0.053093
v 0.016600 0.030585 -0.053093
v 0.018600 0.030995 -0.052923
v 0.016600 0.030995 -0.052923
v 0.018600 0.031435 -0.052865
v 0.016600 0.031435 -0.052865
v 0.018600 0.031875 -0.052923
v 0.016600 0.031875 -0.052923
v 0.018600 0.032285 -0.053093
v 0.016600 0.032285 -0.053093
v 0.018600 0.032637 -0.053363
v 0.016600 0.032637 -0.053363
v 0.018600 0.032907 -0.053715
v 0.016600 0.032907 -0.053715
v 0.018600 0.033077 -0.054125
v 0.016600 0.033077 -0.054125
v 0.018600 0.006265 -0.054565
v 0.016600 0.006265 -0.054565
v 0.018600 0.006207 -0.055005
v 0.016600 0.006207 -0.055005
v 0.018600 0.006037 -0.055415
v 0.016600 0.006037 -0.055415
v 0.018600 0.005767 -0.055767
v 0.016600 0.005767 -0.055767
v 0.018600 0.005415 -0.056037
v 0.016600 0.005415 -0.056037
v 0.018600 0.005005 -0.056207
v 0.016600 0.005005 -0.056207
v 0.018600 0.004565 -0.056265
v 0.016600 0.004565 -0.056265
v 0.018600 0.004125 -0.056207
v 0.016600 0.004125 -0.056207
v 0.018600 0.003715 -0.056037
v 0.016600 0.003715 -0.056037
v 0.018600 0.003363 -0.055767
v 0.016600 0.003363 -0.055767
v 0.018600 0.003093 -0.055415
v 0.016600 0.003093 -0.055415
v 0.018600 0.002923 -0.055005
v 0.016600 0.002923 -0.055005
v 0.018600 0.002865 -0.054565
v 0.016600 0.002865 -0.054565
v 0.018600 0.002923 -0.054125
v 0.016600 0.002923 -0.054125
v 0.018600 0.003093 -0.053715
v 0.016600 0.003093 -0.053715
v 0.018600 0.003363 -0.053363
v 0.016600 0.003363 -0.053363
v 0.018600 0.003715 -0.053093
v 0.016600 0.003715 -0.053093
v 0.018600 0.004125 -0.052923
v 0.016600 0.004125 -0.052923
v 0.018600 0.004565 -0.052865
v 0.016600 0.004565 -0.052865
v 0.018600 0.005005 -0.052923
v 0.016600 0.005005 -0.052923
v 0.018600 0.005415 -0.053093
v 0.016600 0.005415 -0.053093
v 0.018600 0.005767 -0.053363
v 0.016600 0.005767 -0.053363
v 0.018600 0.006037 -0.053715
v 0.016600 0.006037 -0.053715
v 0.018600 0.006207 -0.054125
v 0.016600 0.006207 -0.054125
v 0.018600 0.006265 -0.081435
v 0.016600 0.006265 -0.081435
v 0.018600 0.006207 -0.081875
v 0.016600 0.006207 -0.081875
v 0.018600 0.006037 -0.082285
v 0.016600 0.006037 -0.082285
v 0.018600 0.005767 -0.082637
v 0.016600 0.005767 -0.082637
v 0.018600 0.005415 -0.082907
v 0.016600 0.005415 -0.082907
v 0.018600 0.005005 -0.083077
v 0.016600 0.005005 -0.083077
v 0.018600 0.004565 -0.083135
v 0.016600 0.004565 -0.083135
v 0.018600 0.004125 -0.083077
v 0.016600 0.004125 -0.083077
v 0.018600 0.003715 -0.082907
v 0.016600 0.003715 -0.082907
v 0.018600 0.003363 -0.082637
v 0.016600 0.003363 -0.082637
v 0.018600 0.003093 -0.082285
v 0.016600 0.003093 -0.082285
v 0.018600 0.002923 -0.081875
v 0.016600 0.002923 -0.081875
v 0.018600 0.002865 -0.081435
v 0.016600 0.002865 -0.081435
v 0.018600 0.002923 -0.080995
v 0.016600 0.002923 -0.080995
v 0.018600 0.003093 -0.080585
v 0.016600 0.003093 -0.080585
v 0.018600 0.003363 -0.080233
v 0.016600 0.003363 -0.080233
v 0.018600 0.003715 -0.079963
v 0.016600 0.003715 -0.079963
v 0.018600 0.004125 -0.079793
v 0.016600 0.004125 -0.079793
v 0.018600 0.004565 -0.079735
v 0.016600 0.004565 -0.079735
v 0.018600 0.005005 -0.079793
v 0.016600 0.005005 -0.079793
v 0.018600 0.005415 -0.079963
v 0.016600 0.005415 -0.079963
v 0.018600 0.005767 -0.080233
v 0.016600 0.005767 -0.080233
v 0.018600 0.006037 -0.080585
v 0.016600 0.006037 -0.080585
v 0.018600 0.006207 -0.080995
v 0.016600 0.006207 -0.080995
v 0.018600 0.031435 -0.083135
v 0.018600 0.031435 -0.084685
v 0.018600 0.031875 -0.083077
v 0.018600 0.032276 -0.084574
v 0.018600 0.032285 -0.082907
v 0.018600 0.033060 -0.084250
v 0.018600 0.032637 -0.082637
v 0.018600 0.033733 -0.083733
v 0.018600 0.032907 -0.082285
v 0.018600 0.034250 -0.083060
v 0.018600 0.033077 -0.081875
v 0.018600 0.034574 -0.082276
v 0.018600 0.033135 -0.081435
v 0.018600 0.034685 -0.081435
v 0.018600 0.033077 -0.080995
v 0.018600 0.034574 -0.080594
v 0.018600 0.032907 -0.080585
v 0.018600 0.034250 -0.079810
v 0.018600 0.032637 -0.080233
v 0.018600 0.033733 -0.079137
v 0.018600 0.032285 -0.079963
v 0.018600 0.033060 -0.078620
v 0.018600 0.031875 -0.079793
v 0.018600 0.032276 -0.078296
v 0.018600 0.031435 -0.079735
v 0.018600 0.031435 -0.078185
v 0.018600 0.030995 -0.079793
v 0.018600 0.030594 -0.078296
v 0.018600 0.030585 -0.079963
v 0.018600 0.029810 -0.078620
v 0.018600 0.030233 -0.080233
v 0.018600 0.029137 -0.079137
v 0.018600 0.029963 -0.080585
v 0.018600 0.028620 -0.079810
v 0.018600 0.029793 -0.080995
v 0.018600 0.028296 -0.080594
v 0.018600 0.029735 -0.081435
v 0.018600 0.028185 -0.081435
v 0.018600 0.029793 -0.081875
v 0.018600 0.028296 -0.082276
v 0.018600 0.029963 -0.082285
v 0.018600 0.028620 -0.083060
v 0.018600 0.030233 -0.082637
v 0.018600 0.029137 -0.083733
v 0.018600 0.030585 -0.082907
v 0.018600 0.029810 -0.084250
v 0.018600 0.030995 -0.083077
v 0.018600 0.030594 -0.084574
v 0.018600 0.028620 -0.083060
v 0.022100 0.029125 -0.083718
v 0.018600 0.029137 -0.083733
v 0.022100 0.029137 -0.083733
v 0.018600 0.029810 -0.084250
v 0.022100 0.029810 -0.084250
v 0.018600 0.030594 -0.084574
v 0.022100 0.030594 -0.084574
v 0.018600 0.031435 -0.084685
v 0.022100 0.031435 -0.084685
v 0.018600 0.032276 -0.084574
v 0.022100 0.032276 -0.084574
v 0.018600 0.033060 -0.084250
v 0.022100 0.033060 -0.084250
v 0.022100 0.033717 -0.083745
v 0.018600 0.033733 -0.083733
v 0.022100 0.033733 -0.083733
v 0.022100 0.033745 -0.083718
v 0.018600 0.034250 -0.083060
v 0.022100 0.034250 -0.083060
v 0.018600 0.034574 -0.082276
v 0.022100 0.034574 -0.082276
v 0.018600 0.034685 -0.081435
v 0.022100 0.034685 -0.081435
v 0.018600 0.034574 -0.080594
v 0.022100 0.034574 -0.080594
v 0.018600 0.034250 -0.079810
v 0.022100 0.034250 -0.079810
v 0.018600 0.033733 -0.079137
v 0.022100 0.033733 -0.079137
v 0.022100 0.033717 -0.079125
v 0.018600 0.033060 -0.078620
v 0.022100 0.033060 -0.078620
v 0.018600 0.032276 -0.078296
v 0.022100 0.032276 -0.078296
v 0.018600 0.031435 -0.078185
v 0.022100 0.031435 -0.078185
v 0.018600 0.030594 -0.078296
v 0.022100 0.030594 -0.078296
v 0.018600 0.029810 -0.078620
v 0.022100 0.029810 -0.078620
v 0.018600 0.029137 -0.079137
v 0.022100 0.029137 -0.079137
v 0.018600 0.028620 -0.079810
v 0.022100 0.028620 -0.079810
v 0.018600 0.028296 -0.080594
v 0.022100 0.028296 -0.080594
v 0.018600 0.028185 -0.081435
v 0.022100 0.028185 -0.081435
v 0.018600 0.028296 -0.082276
v 0.022100 0.028296 -0.082276
v 0.022100 0.028620 -0.083060
v 0.018600 -0.008408 -0.044842
v 0.022100 -0.008408 -0.044842
v 0.018600 -0.008297 -0.045683
v 0.022100 -0.008297 -0.045683
v 0.018600 -0.007972 -0.046467
v 0.022100 -0.007972 -0.046467
v 0.018600 -0.007456 -0.047140
v 0.022100 -0.007456 -0.047140
v 0.018600 -0.006783 -0.047657
v 0.022100 -0.006783 -0.047657
v 0.018600 -0.005999 -0.047982
v 0.022100 -0.005999 -0.047982
v 0.018600 -0.005158 -0.048092
v 0.022100 -0.005158 -0.048092
v 0.018600 -0.004317 -0.047982
v 0.022100 -0.004317 -0.047982
v 0.018600 -0.003533 -0.047657
v 0.022100 -0.003533 -0.047657
v 0.018600 -0.002860 -0.047140
v 0.022100 -0.002860 -0.047140
v 0.018600 -0.002343 -0.046467
v 0.022100 -0.002343 -0.046467
v 0.018600 -0.002019 -0.045683
v 0.022100 -0.002019 -0.045683
v 0.018600 -0.001908 -0.044842
v 0.022100 -0.001908 -0.044842
v 0.018600 -0.002019 -0.044001
v 0.022100 -0.002019 -0.044001
v 0.018600 -0.002343 -0.043217
v 0.022100 -0.002343 -0.043217
v 0.018600 -0.002860 -0.042544
v 0.022100 -0.002860 -0.042544
v 0.018600 -0.003533 -0.042028
v 0.022100 -0.003533 -0.042028
v 0.018600 -0.004317 -0.041703
v 0.022100 -0.004317 -0.041703
v 0.018600 -0.005158 -0.041592
v 0.022100 -0.005158 -0.041592
v 0.018600 -0.005999 -0.041703
v 0.022100 -0.005999 -0.041703
v 0.018600 -0.006783 -0.042028
v 0.022100 -0.006783 -0.042028
v 0.018600 -0.007456 -0.042544
v 0.022100 -0.007456 -0.042544
v 0.018600 -0.007972 -0.043217
v 0.022100 -0.007972 -0.043217
v 0.018600 -0.008297 -0.044001
v 0.022100 -0.008297 -0.044001
v 0.018600 -0.003686 -0.045692
v 0.018600 -0.002343 -0.046467
v 0.018600 -0.003516 -0.045282
v 0.018600 -0.002019 -0.045683
v 0.018600 -0.003458 -0.044842
v 0.018600 -0.001908 -0.044842
v 0.018600 -0.003516 -0.044402
v 0.018600 -0.002019 -0.044001
v 0.018600 -0.003686 -0.043992
v 0.018600 -0.002343 -0.043217
v 0.018600 -0.003956 -0.043640
v 0.018600 -0.002860 -0.042544
v 0.018600 -0.004308 -0.043370
v 0.018600 -0.003533 -0.042028
v 0.018600 -0.004718 -0.043200
v 0.018600 -0.004317 -0.041703
v 0.018600 -0.005158 -0.043142
v 0.018600 -0.005158 -0.041592
v 0.018600 -0.005598 -0.043200
v 0.018600 -0.005999 -0.041703
v 0.018600 -0.006008 -0.043370
v 0.018600 -0.006783 -0.042028
v 0.018600 -0.006360 -0.043640
v 0.018600 -0.007456 -0.042544
v 0.018600 -0.006630 -0.043992
v 0.018600 -0.007972 -0.043217
v 0.018600 -0.006800 -0.044402
v 0.018600 -0.008297 -0.044001
v 0.018600 -0.006858 -0.044842
v 0.018600 -0.008408 -0.044842
v 0.018600 -0.006800 -0.045282
v 0.018600 -0.008297 -0.045683
v 0.018600 -0.006630 -0.045692
v 0.018600 -0.007972 -0.046467
v 0.018600 -0.006360 -0.046044
v 0.018600 -0.007456 -0.047140
v 0.018600 -0.006008 -0.046315
v 0.018600 -0.006783 -0.047657
v 0.018600 -0.005598 -0.046484
v 0.018600 -0.005999 -0.047982
v 0.018600 -0.005158 -0.046542
v 0.018600 -0.005158 -0.048092
v 0.018600 -0.004718 -0.046484
v 0.018600 -0.004317 -0.047982
v 0.018600 -0.004308 -0.046315
v 0.018600 -0.003533 -0.047657
v 0.018600 -0.003956 -0.046044
v 0.018600 -0.002860 -0.047140
v 0.018600 -0.009519 -0.051526
v 0.018600 -0.008177 -0.052301
v 0.018600 -0.009349 -0.051116
v 0.018600 -0.007852 -0.051517
v 0.018600 -0.009291 -0.050676
v 0.018600 -0.007741 -0.050676
v 0.018600 -0.009349 -0.050236
v 0.018600 -0.007852 -0.049835
v 0.018600 -0.009519 -0.049826
v 0.018600 -0.008177 -0.049051
v 0.018600 -0.009789 -0.049474
v 0.018600 -0.008693 -0.048378
v 0.018600 -0.010141 -0.049204
v 0.018600 -0.009366 -0.047861
v 0.018600 -0.010551 -0.049034
v 0.018600 -0.010150 -0.047537
v 0.018600 -0.010991 -0.048976
v 0.018600 -0.010991 -0.047426
v 0.018600 -0.011431 -0.049034
v 0.018600 -0.011833 -0.047537
v 0.018600 -0.011841 -0.049204
v 0.018600 -0.012616 -0.047861
v 0.018600 -0.012194 -0.049474
v 0.018600 -0.013290 -0.048378
v 0.018600 -0.012464 -0.049826
v 0.018600 -0.013806 -0.049051
v 0.018600 -0.012634 -0.050236
v 0.018600 -0.014131 -0.049835
v 0.018600 -0.012691 -0.050676
v 0.018600 -0.014241 -0.050676
v 0.018600 -0.012634 -0.051116
v 0.018600 -0.014131 -0.051517
v 0.018600 -0.012464 -0.051526
v 0.018600 -0.013806 -0.052301
v 0.018600 -0.012194 -0.051878
v 0.018600 -0.013290 -0.052974
v 0.018600 -0.011841 -0.052148
v 0.018600 -0.012616 -0.053491
v 0.018600 -0.011431 -0.052318
v 0.018600 -0.011833 -0.053815
v 0.018600 -0.010991 -0.052376
v 0.018600 -0.010991 -0.053926
v 0.018600 -0.010551 -0.052318
v 0.018600 -0.010150 -0.053815
v 0.018600 -0.010141 -0.052148
v 0.018600 -0.009366 -0.053491
v 0.018600 -0.009789 -0.051878
v 0.018600 -0.008693 -0.052974
v 0.018600 0.001426 -0.055406
v 0.022100 0.001618 -0.055870
v 0.018600 0.001750 -0.056190
v 0.022100 0.001750 -0.056190
v 0.018600 0.002267 -0.056863
v 0.022100 0.002267 -0.056863
v 0.022100 0.002282 -0.056875
v 0.018600 0.002940 -0.057380
v 0.022100 0.002940 -0.057380
v 0.018600 0.003724 -0.057704
v 0.022100 0.003724 -0.057704
v 0.018600 0.004565 -0.057815
v 0.022100 0.004565 -0.057815
v 0.018600 0.005406 -0.057704
v 0.022100 0.005406 -0.057704
v 0.022100 0.005870 -0.057512
v 0.018600 0.006190 -0.057380
v 0.022100 0.006190 -0.057380
v 0.018600 0.006863 -0.056863
v 0.022100 0.006863 -0.056863
v 0.018600 0.007380 -0.056190
v 0.022100 0.007380 -0.056190
v 0.022100 0.007512 -0.055870
v 0.018600 0.007704 -0.055406
v 0.022100 0.007704 -0.055406
v 0.018600 0.007815 -0.054565
v 0.022100 0.007815 -0.054565
v 0.018600 0.007704 -0.053724
v 0.022100 0.007704 -0.053724
v 0.018600 0.007380 -0.052940
v 0.022100 0.007380 -0.052940
v 0.022100 0.006875 -0.052283
v 0.018600 0.006863 -0.052267
v 0.022100 0.006863 -0.052267
v 0.018600 0.006190 -0.051750
v 0.022100 0.006190 -0.051750
v 0.022100 0.005870 -0.051618
v 0.018600 0.005406 -0.051426
v 0.022100 0.005406 -0.051426
v 0.018600 0.004565 -0.051315
v 0.022100 0.004565 -0.051315
v 0.018600 0.003724 -0.051426
v 0.022100 0.003724 -0.051426
v 0.018600 0.002940 -0.051750
v 0.022100 0.002940 -0.051750
v 0.022100 0.002282 -0.052255
v 0.018600 0.002267 -0.052267
v 0.022100 0.002267 -0.052267
v 0.022100 0.002255 -0.052283
v 0.018600 0.001750 -0.052940
v 0.022100 0.001750 -0.052940
v 0.018600 0.001426 -0.053724
v 0.022100 0.001426 -0.053724
v 0.018600 0.001315 -0.054565
v 0.022100 0.001315 -0.054565
v 0.022100 0.001426 -0.055406
v 0.018600 0.003093 -0.055415
v 0.018600 0.001750 -0.056190
v 0.018600 0.003363 -0.055767
v 0.018600 0.002267 -0.056863
v 0.018600 0.003715 -0.056037
v 0.018600 0.002940 -0.057380
v 0.018600 0.004125 -0.056207
v 0.018600 0.003724 -0.057704
v 0.018600 0.004565 -0.056265
v 0.018600 0.004565 -0.057815
v 0.018600 0.005005 -0.056207
v 0.018600 0.005406 -0.057704
v 0.018600 0.005415 -0.056037
v 0.018600 0.006190 -0.057380
v 0.018600 0.005767 -0.055767
v 0.018600 0.006863 -0.056863
v 0.018600 0.006037 -0.055415
v 0.018600 0.007380 -0.056190
v 0.018600 0.006207 -0.055005
v 0.018600 0.007704 -0.055406
v 0.018600 0.006265 -0.054565
v 0.018600 0.007815 -0.054565
v 0.018600 0.006207 -0.054125
v 0.018600 0.007704 -0.053724
v 0.018600 0.006037 -0.053715
v 0.018600 0.007380 -0.052940
v 0.018600 0.005767 -0.053363
v 0.018600 0.006863 -0.052267
v 0.018600 0.005415 -0.053093
v 0.018600 0.006190 -0.051750
v 0.018600 0.005005 -0.052923
v 0.018600 0.005406 -0.051426
v 0.018600 0.004565 -0.052865
v 0.018600 0.004565 -0.051315
v 0.018600 0.004125 -0.052923
v 0.018600 0.003724 -0.051426
v 0.018600 0.003715 -0.053093
v 0.018600 0.002940 -0.051750
v 0.018600 0.003363 -0.053363
v 0.018600 0.002267 -0.052267
v 0.018600 0.003093 -0.053715
v 0.018600 0.001750 -0.052940
v 0.018600 0.002923 -0.054125
v 0.018600 0.001426 -0.053724
v 0.018600 0.002865 -0.054565
v 0.018600 0.001315 -0.054565
v 0.018600 0.002923 -0.055005
v 0.018600 0.001426 -0.055406
v 0.018600 -0.014131 -0.051517
v 0.022100 -0.013814 -0.052283
v 0.018600 -0.013806 -0.052301
v 0.022100 -0.013806 -0.052301
v 0.018600 -0.013290 -0.052974
v 0.022100 -0.013290 -0.052974
v 0.018600 -0.012616 -0.053491
v 0.022100 -0.012616 -0.053491
v 0.018600 -0.011833 -0.053815
v 0.022100 -0.011833 -0.053815
v 0.018600 -0.010991 -0.053926
v 0.022100 -0.010991 -0.053926
v 0.018600 -0.010150 -0.053815
v 0.022100 -0.010150 -0.053815
v 0.018600 -0.009366 -0.053491
v 0.022100 -0.009366 -0.053491
v 0.018600 -0.008693 -0.052974
v 0.022100 -0.008693 -0.052974
v 0.018600 -0.008177 -0.052301
v 0.022100 -0.008177 -0.052301
v 0.022100 -0.008169 -0.052283
v 0.018600 -0.007852 -0.051517
v 0.022100 -0.007852 -0.051517
v 0.018600 -0.007741 -0.050676
v 0.022100 -0.007741 -0.050676
v 0.018600 -0.007852 -0.049835
v 0.022100 -0.007852 -0.049835
v 0.018600 -0.008177 -0.049051
v 0.022100 -0.008177 -0.049051
v 0.018600 -0.008693 -0.048378
v 0.022100 -0.008693 -0.048378
v 0.018600 -0.009366 -0.047861
v 0.022100 -0.009366 -0.047861
v 0.018600 -0.010150 -0.047537
v 0.022100 -0.010150 -0.047537
v 0.018600 -0.010991 -0.047426
v 0.022100 -0.010991 -0.047426
v 0.018600 -0.011833 -0.047537
v 0.022100 -0.011833 -0.047537
v 0.018600 -0.012616 -0.047861
v 0.022100 -0.012616 -0.047861
v 0.018600 -0.013290 -0.048378
v 0.022100 -0.013290 -0.048378
v 0.018600 -0.013806 -0.049051
v 0.022100 -0.013806 -0.049051
v 0.018600 -0.014131 -0.049835
v 0.022100 -0.014131 -0.049835
v 0.018600 -0.014241 -0.050676
v 0.022100 -0.014241 -0.050676
v 0.022100 -0.014131 -0.051517
v 0.022100 0.002255 -0.083718
v 0.018600 0.002267 -0.083733
v 0.018600 0.001750 -0.083060
v 0.022100 0.002267 -0.083733
v 0.022100 0.002282 -0.083745
v 0.018600 0.002940 -0.084250
v 0.022100 0.002940 -0.084250
v 0.018600 0.003724 -0.084574
v 0.022100 0.003724 -0.084574
v 0.018600 0.004565 -0.084685
v 0.022100 0.004565 -0.084685
v 0.018600 0.005406 -0.084574
v 0.022100 0.005406 -0.084574
v 0.022100 0.005870 -0.084382
v 0.018600 0.006190 -0.084250
v 0.022100 0.006190 -0.084250
v 0.018600 0.006863 -0.083733
v 0.022100 0.006863 -0.083733
v 0.022100 0.006875 -0.083718
v 0.018600 0.007380 -0.083060
v 0.022100 0.007380 -0.083060
v 0.018600 0.007704 -0.082276
v 0.022100 0.007704 -0.082276
v 0.018600 0.007815 -0.081435
v 0.022100 0.007815 -0.081435
v 0.018600 0.007704 -0.080594
v 0.022100 0.007704 -0.080594
v 0.018600 0.007380 -0.079810
v 0.022100 0.007380 -0.079810
v 0.018600 0.006863 -0.079137
v 0.022100 0.006863 -0.079137
v 0.018600 0.006190 -0.078620
v 0.022100 0.006190 -0.078620
v 0.022100 0.005870 -0.078488
v 0.018600 0.005406 -0.078296
v 0.022100 0.005406 -0.078296
v 0.018600 0.004565 -0.078185
v 0.022100 0.004565 -0.078185
v 0.018600 0.003724 -0.078296
v 0.022100 0.003724 -0.078296
v 0.018600 0.002940 -0.078620
v 0.022100 0.002940 -0.078620
v 0.022100 0.002282 -0.079125
v 0.018600 0.002267 -0.079137
v 0.022100 0.002267 -0.079137
v 0.018600 0.001750 -0.079810
v 0.022100 0.001750 -0.079810
v 0.018600 0.001426 -0.080594
v 0.022100 0.001426 -0.080594
v 0.018600 0.001315 -0.081435
v 0.022100 0.001315 -0.081435
v 0.018600 0.001426 -0.082276
v 0.022100 0.001426 -0.082276
v 0.022100 0.001750 -0.083060
v 0.018600 0.006037 -0.082285
v 0.018600 0.007380 -0.083060
v 0.018600 0.006207 -0.081875
v 0.018600 0.007704 -0.082276
v 0.018600 0.006265 -0.081435
v 0.018600 0.007815 -0.081435
v 0.018600 0.006207 -0.080995
v 0.018600 0.007704 -0.080594
v 0.018600 0.006037 -0.080585
v 0.018600 0.007380 -0.079810
v 0.018600 0.005767 -0.080233
v 0.018600 0.006863 -0.079137
v 0.018600 0.005415 -0.079963
v 0.018600 0.006190 -0.078620
v 0.018600 0.005005 -0.079793
v 0.018600 0.005406 -0.078296
v 0.018600 0.004565 -0.079735
v 0.018600 0.004565 -0.078185
v 0.018600 0.004125 -0.079793
v 0.018600 0.003724 -0.078296
v 0.018600 0.003715 -0.079963
v 0.018600 0.002940 -0.078620
v 0.018600 0.003363 -0.080233
v 0.018600 0.002267 -0.079137
v 0.018600 0.003093 -0.080585
v 0.018600 0.001750 -0.079810
v 0.018600 0.002923 -0.080995
v 0.018600 0.001426 -0.080594
v 0.018600 0.002865 -0.081435
v 0.018600 0.001315 -0.081435
v 0.018600 0.002923 -0.081875
v 0.018600 0.001426 -0.082276
v 0.018600 0.003093 -0.082285
v 0.018600 0.001750 -0.083060
v 0.018600 0.003363 -0.082637
v 0.018600 0.002267 -0.083733
v 0.018600 0.003715 -0.082907
v 0.018600 0.002940 -0.084250
v 0.018600 0.004125 -0.083077
v 0.018600 0.003724 -0.084574
v 0.018600 0.004565 -0.083135
v 0.018600 0.004565 -0.084685
v 0.018600 0.005005 -0.083077
v 0.018600 0.005406 -0.084574
v 0.018600 0.005415 -0.082907
v 0.018600 0.006190 -0.084250
v 0.018600 0.005767 -0.082637
v 0.018600 0.006863 -0.083733
v 0.018600 0.028296 -0.055406
v 0.022100 0.028488 -0.055870
v 0.018600 0.028620 -0.056190
v 0.022100 0.028620 -0.056190
v 0.018600 0.029137 -0.056863
v 0.022100 0.029137 -0.056863
v 0.018600 0.029810 -0.057380
v 0.022100 0.029810 -0.057380
v 0.018600 0.030594 -0.057704
v 0.022100 0.030594 -0.057704
v 0.018600 0.031435 -0.057815
v 0.022100 0.031435 -0.057815
v 0.018600 0.032276 -0.057704
v 0.022100 0.032276 -0.057704
v 0.018600 0.033060 -0.057380
v 0.022100 0.033060 -0.057380
v 0.022100 0.033717 -0.056875
v 0.018600 0.033733 -0.056863
v 0.022100 0.033733 -0.056863
v 0.018600 0.034250 -0.056190
v 0.022100 0.034250 -0.056190
v 0.022100 0.034382 -0.055870
v 0.018600 0.034574 -0.055406
v 0.022100 0.034574 -0.055406
v 0.018600 0.034685 -0.054565
v 0.022100 0.034685 -0.054565
v 0.018600 0.034574 -0.053724
v 0.022100 0.034574 -0.053724
v 0.018600 0.034250 -0.052940
v 0.022100 0.034250 -0.052940
v 0.022100 0.033745 -0.052283
v 0.018600 0.033733 -0.052267
v 0.022100 0.033733 -0.052267
v 0.022100 0.033717 -0.052255
v 0.018600 0.033060 -0.051750
v 0.022100 0.033060 -0.051750
v 0.018600 0.032276 -0.051426
v 0.022100 0.032276 -0.051426
v 0.018600 0.031435 -0.051315
v 0.022100 0.031435 -0.051315
v 0.018600 0.030594 -0.051426
v 0.022100 0.030594 -0.051426
v 0.018600 0.029810 -0.051750
v 0.022100 0.029810 -0.051750
v 0.018600 0.029137 -0.052267
v 0.022100 0.029137 -0.052267
v 0.022100 0.029125 -0.052283
v 0.018600 0.028620 -0.052940
v 0.022100 0.028620 -0.052940
v 0.018600 0.028296 -0.053724
v 0.022100 0.028296 -0.053724
v 0.018600 0.028185 -0.054565
v 0.022100 0.028185 -0.054565
v 0.022100 0.028296 -0.055406
v 0.018600 0.031875 -0.052923
v 0.018600 0.032276 -0.051426
v 0.018600 0.031435 -0.052865
v 0.018600 0.031435 -0.051315
v 0.018600 0.030995 -0.052923
v 0.018600 0.030594 -0.051426
v 0.018600 0.030585 -0.053093
v 0.018600 0.029810 -0.051750
v 0.018600 0.030233 -0.053363
v 0.018600 0.029137 -0.052267
v 0.018600 0.029963 -0.053715
v 0.018600 0.028620 -0.052940
v 0.018600 0.029793 -0.054125
v 0.018600 0.028296 -0.053724
v 0.018600 0.029735 -0.054565
v 0.018600 0.028185 -0.054565
v 0.018600 0.029793 -0.055005
v 0.018600 0.028296 -0.055406
v 0.018600 0.029963 -0.055415
v 0.018600 0.028620 -0.056190
v 0.018600 0.030233 -0.055767
v 0.018600 0.029137 -0.056863
v 0.018600 0.030585 -0.056037
v 0.018600 0.029810 -0.057380
v 0.018600 0.030995 -0.056207
v 0.018600 0.030594 -0.057704
v 0.018600 0.031435 -0.056265
v 0.018600 0.031435 -0.057815
v 0.018600 0.031875 -0.056207
v 0.018600 0.032276 -0.057704
v 0.018600 0.032285 -0.056037
v 0.018600 0.033060 -0.057380
v 0.018600 0.032637 -0.055767
v 0.018600 0.033733 -0.056863
v 0.018600 0.032907 -0.055415
v 0.018600 0.034250 -0.056190
v 0.018600 0.033077 -0.055005
v 0.018600 0.034574 -0.055406
v 0.018600 0.033135 -0.054565
v 0.018600 0.034685 -0.054565
v 0.018600 0.033077 -0.054125
v 0.018600 0.034574 -0.053724
v 0.018600 0.032907 -0.053715
v 0.018600 0.034250 -0.052940
v 0.018600 0.032637 -0.053363
v 0.018600 0.033733 -0.052267
v 0.018600 0.032285 -0.053093
v 0.018600 0.033060 -0.051750
v 0.018600 -0.000949 -0.041823
v 0.022100 -0.000296 -0.042094
v 0.018600 -0.000165 -0.042148
v 0.022100 -0.000165 -0.042148
v 0.018600 0.000676 -0.042259
v 0.022100 0.000676 -0.042259
v 0.018600 0.001517 -0.042148
v 0.022100 0.001517 -0.042148
v 0.022100 0.002282 -0.041831
v 0.018600 0.002301 -0.041823
v 0.022100 0.002301 -0.041823
v 0.018600 0.002974 -0.041307
v 0.022100 0.002974 -0.041307
v 0.018600 0.003490 -0.040634
v 0.022100 0.003490 -0.040634
v 0.018600 0.003815 -0.039850
v 0.022100 0.003815 -0.039850
v 0.018600 0.003926 -0.039009
v 0.022100 0.003926 -0.039009
v 0.022100 0.003882 -0.038675
v 0.018600 0.003815 -0.038167
v 0.022100 0.003815 -0.038167
v 0.018600 0.003490 -0.037384
v 0.022100 0.003490 -0.037384
v 0.018600 0.002974 -0.036711
v 0.022100 0.002974 -0.036711
v 0.018600 0.002301 -0.036194
v 0.022100 0.002301 -0.036194
v 0.022100 0.002282 -0.036186
v 0.018600 0.001517 -0.035869
v 0.022100 0.001517 -0.035869
v 0.018600 0.000676 -0.035759
v 0.022100 0.000676 -0.035759
v 0.018600 -0.000165 -0.035869
v 0.022100 -0.000165 -0.035869
v 0.022100 -0.000296 -0.035924
v 0.018600 -0.000949 -0.036194
v 0.022100 -0.000949 -0.036194
v 0.018600 -0.001622 -0.036711
v 0.022100 -0.001622 -0.036711
v 0.018600 -0.002139 -0.037384
v 0.022100 -0.002139 -0.037384
v 0.018600 -0.002463 -0.038167
v 0.022100 -0.002463 -0.038167
v 0.022100 -0.002530 -0.038675
v 0.018600 -0.002574 -0.039009
v 0.022100 -0.002574 -0.039009
v 0.018600 -0.002463 -0.039850
v 0.022100 -0.002463 -0.039850
v 0.018600 -0.002139 -0.040634
v 0.022100 -0.002139 -0.040634
v 0.018600 -0.001622 -0.041307
v 0.022100 -0.001622 -0.041307
v 0.022100 -0.000949 -0.041823
v 0.018600 0.002148 -0.039859
v 0.018600 0.003490 -0.040634
v 0.018600 0.002318 -0.039449
v 0.018600 0.003815 -0.039850
v 0.018600 0.002376 -0.039009
v 0.018600 0.003926 -0.039009
v 0.018600 0.002318 -0.038569
v 0.018600 0.003815 -0.038167
v 0.018600 0.002148 -0.038159
v 0.018600 0.003490 -0.037384
v 0.018600 0.001878 -0.037806
v 0.018600 0.002974 -0.036711
v 0.018600 0.001526 -0.037536
v 0.018600 0.002301 -0.036194
v 0.018600 0.001116 -0.037367
v 0.018600 0.001517 -0.035869
v 0.018600 0.000676 -0.037309
v 0.018600 0.000676 -0.035759
v 0.018600 0.000236 -0.037367
v 0.018600 -0.000165 -0.035869
v 0.018600 -0.000174 -0.037536
v 0.018600 -0.000949 -0.036194
v 0.018600 -0.000526 -0.037806
v 0.018600 -0.001622 -0.036711
v 0.018600 -0.000796 -0.038159
v 0.018600 -0.002139 -0.037384
v 0.018600 -0.000966 -0.038569
v 0.018600 -0.002463 -0.038167
v 0.018600 -0.001024 -0.039009
v 0.018600 -0.002574 -0.039009
v 0.018600 -0.000966 -0.039449
v 0.018600 -0.002463 -0.039850
v 0.018600 -0.000796 -0.039859
v 0.018600 -0.002139 -0.040634
v 0.018600 -0.000526 -0.040211
v 0.018600 -0.001622 -0.041307
v 0.018600 -0.000174 -0.040481
v 0.018600 -0.000949 -0.041823
v 0.018600 0.000236 -0.040651
v 0.018600 -0.000165 -0.042148
v 0.018600 0.000676 -0.040709
v 0.018600 0.000676 -0.042259
v 0.018600 0.001116 -0.040651
v 0.018600 0.001517 -0.042148
v 0.018600 0.001526 -0.040481
v 0.018600 0.002301 -0.041823
v 0.018600 0.001878 -0.040211
v 0.018600 0.002974 -0.041307
v 0.015000 -0.006281 -0.053077
v 0.015000 -0.007858 -0.056017
v 0.015000 -0.009789 -0.051878
v 0.015000 -0.015588 -0.052090
v 0.015000 -0.012194 -0.051878
v 0.015000 -0.011087 -0.056590
v 0.015000 -0.011841 -0.052148
v 0.015000 -0.008865 -0.057006
v 0.015000 -0.009323 -0.057145
v 0.015000 -0.010551 -0.052318
v 0.015000 -0.016105 -0.051194
v 0.015000 -0.016173 -0.050676
v 0.015000 -0.012691 -0.050676
v 0.015000 0.007084 -0.039727
v 0.015000 0.007172 -0.040198
v 0.015000 0.002318 -0.039449
v 0.015000 0.007145 -0.040677
v 0.015000 0.007006 -0.041135
v 0.015000 -0.005598 -0.046484
v 0.015000 -0.009349 -0.050236
v 0.015000 -0.009519 -0.049826
v 0.015000 0.002376 -0.039009
v 0.015000 0.006590 -0.038913
v 0.015000 0.006886 -0.039290
v 0.015000 -0.011431 -0.052318
v 0.015000 -0.010991 -0.052376
v 0.015000 -0.010710 -0.056886
v 0.015000 -0.010141 -0.052148
v 0.015000 -0.008111 -0.056425
v 0.015000 -0.008453 -0.056761
v 0.015000 -0.000738 -0.034412
v 0.015000 -0.010141 -0.049204
v 0.015000 -0.010551 -0.049034
v 0.015000 -0.005158 -0.046542
v 0.015000 -0.004718 -0.046484
v 0.015000 -0.002153 -0.047848
v 0.015000 -0.004308 -0.046315
v 0.015000 0.000236 -0.040651
v 0.015000 0.000676 -0.040709
v 0.015000 0.003077 -0.043719
v 0.015000 0.001116 -0.040651
v 0.015000 0.001526 -0.040481
v 0.015000 0.006017 -0.042142
v 0.015000 -0.009802 -0.057172
v 0.015000 -0.010273 -0.057084
v 0.015000 0.001878 -0.037806
v 0.015000 0.002090 -0.034412
v 0.015000 0.002148 -0.038159
v 0.015000 0.002318 -0.038569
v 0.015000 -0.000966 -0.038569
v 0.015000 -0.001024 -0.039009
v 0.015000 -0.006360 -0.043640
v 0.015000 -0.000966 -0.039449
v 0.015000 -0.006008 -0.043370
v 0.015000 -0.010991 -0.048976
v 0.015000 -0.011431 -0.049034
v 0.015000 -0.015588 -0.049262
v 0.015000 -0.011841 -0.049204
v 0.015000 -0.012194 -0.049474
v 0.015000 -0.015905 -0.051676
v 0.015000 -0.012634 -0.051116
v 0.015000 -0.012464 -0.051526
v 0.015000 -0.009291 -0.050676
v 0.015000 -0.004370 -0.050341
v 0.015000 -0.009349 -0.051116
v 0.015000 -0.009519 -0.051526
v 0.015000 0.001878 -0.040211
v 0.015000 0.002148 -0.039859
v 0.015000 0.006425 -0.041889
v 0.015000 0.006761 -0.041547
v 0.015000 -0.000174 -0.037536
v 0.015000 0.000236 -0.037367
v 0.015000 -0.000324 -0.034095
v 0.015000 0.000676 -0.037309
v 0.015000 0.000158 -0.033895
v 0.015000 0.000676 -0.033827
v 0.015000 -0.006858 -0.044842
v 0.015000 -0.006800 -0.045282
v 0.015000 -0.006630 -0.045692
v 0.015000 -0.009789 -0.049474
v 0.015000 -0.006360 -0.046044
v 0.015000 -0.006008 -0.046315
v 0.015000 -0.003956 -0.043640
v 0.015000 -0.000526 -0.040211
v 0.015000 -0.003686 -0.043992
v 0.015000 -0.000174 -0.040481
v 0.015000 -0.003516 -0.044402
v 0.015000 -0.003458 -0.044842
v 0.015000 -0.003516 -0.045282
v 0.015000 0.000341 -0.045630
v 0.015000 -0.003686 -0.045692
v 0.015000 -0.003956 -0.046044
v 0.015000 -0.000526 -0.037806
v 0.015000 -0.000796 -0.038159
v 0.015000 -0.012464 -0.049826
v 0.015000 -0.012634 -0.050236
v 0.015000 -0.015905 -0.049676
v 0.015000 -0.016105 -0.050158
v 0.015000 0.001526 -0.037536
v 0.015000 0.001116 -0.037367
v 0.015000 0.001676 -0.034095
v 0.015000 0.001193 -0.033895
v 0.015000 -0.006630 -0.043992
v 0.015000 -0.006800 -0.044402
v 0.015000 -0.004308 -0.043370
v 0.015000 -0.004718 -0.043200
v 0.015000 -0.000796 -0.039859
v 0.015000 -0.005158 -0.043142
v 0.015000 -0.005598 -0.043200
v 0.015000 0.006017 -0.042142
v 0.016600 0.006017 -0.042142
v 0.015000 0.003077 -0.043719
v 0.016600 0.003077 -0.043719
v 0.015000 0.000341 -0.045630
v 0.016600 0.000341 -0.045630
v 0.015000 -0.002153 -0.047848
v 0.016600 -0.002153 -0.047848
v 0.015000 -0.004370 -0.050341
v 0.016600 -0.004370 -0.050341
v 0.015000 -0.006281 -0.053077
v 0.016600 -0.006281 -0.053077
v 0.015000 -0.007858 -0.056017
v 0.016600 -0.007858 -0.056017
v 0.022100 -0.005160 -0.062598
v 0.016600 -0.005160 -0.062598
v 0.022100 -0.005158 -0.062604
v 0.016600 -0.004963 -0.063034
v 0.016600 -0.004874 -0.063504
v 0.022100 -0.004874 -0.063504
v 0.022100 -0.004963 -0.063034
v 0.022100 0.013504 -0.045126
v 0.016600 0.013504 -0.045126
v 0.022100 0.013034 -0.045037
v 0.016600 0.013034 -0.045037
v 0.016600 0.012598 -0.044840
v 0.022100 0.012598 -0.044840
v 0.022100 0.012604 -0.044842
v 0.015000 -0.015905 -0.049676
v 0.022100 -0.015905 -0.049676
v 0.015000 -0.016105 -0.050158
v 0.022100 -0.016105 -0.050158
v 0.015000 -0.016173 -0.050676
v 0.022100 -0.016173 -0.050676
v 0.015000 -0.016105 -0.051194
v 0.022100 -0.016105 -0.051194
v 0.015000 -0.015905 -0.051676
v 0.022100 -0.015905 -0.051676
v 0.016600 -0.008111 -0.056425
v 0.015000 -0.008111 -0.056425
v 0.016600 -0.008453 -0.056761
v 0.015000 -0.008453 -0.056761
v 0.016600 -0.008865 -0.057006
v 0.015000 -0.008865 -0.057006
v 0.016600 -0.009323 -0.057145
v 0.015000 -0.009323 -0.057145
v 0.016600 -0.009802 -0.057172
v 0.015000 -0.009802 -0.057172
v 0.016600 -0.010273 -0.057084
v 0.015000 -0.010273 -0.057084
v 0.016600 -0.010710 -0.056886
v 0.015000 -0.010710 -0.056886
v 0.016600 0.006886 -0.039290
v 0.015000 0.006886 -0.039290
v 0.016600 0.007084 -0.039727
v 0.015000 0.007084 -0.039727
v 0.016600 0.007172 -0.040198
v 0.015000 0.007172 -0.040198
v 0.016600 0.007145 -0.040677
v 0.015000 0.007145 -0.040677
v 0.016600 0.007006 -0.041135
v 0.015000 0.007006 -0.041135
v 0.016600 0.006761 -0.041547
v 0.015000 0.006761 -0.041547
v 0.016600 0.006425 -0.041889
v 0.015000 0.006425 -0.041889
v 0.015000 0.000158 -0.033895
v 0.022100 0.000676 -0.033827
v 0.015000 0.000676 -0.033827
v 0.022100 0.001193 -0.033895
v 0.015000 0.001193 -0.033895
v 0.022100 0.001676 -0.034095
v 0.015000 0.001676 -0.034095
v 0.022100 -0.000324 -0.034095
v 0.022100 -0.000296 -0.034083
v 0.022100 0.000158 -0.033895
v 0.015000 -0.000324 -0.034095
v -0.028400 0.011392 -0.095723
v -0.028400 0.014665 -0.096291
v -0.028400 0.014665 -0.090974
v -0.028400 0.042145 -0.083141
v -0.028400 0.042370 -0.082727
v -0.028400 0.037200 -0.082727
v -0.028400 0.046005 -0.073290
v -0.028400 0.046015 -0.073210
v -0.028400 0.037200 -0.073210
v -0.028400 -0.031106 -0.086836
v -0.028400 -0.031106 -0.086217
v -0.028400 -0.031984 -0.086217
v -0.028400 0.005811 -0.084108
v -0.028400 0.004232 -0.082727
v -0.028400 0.004039 -0.082727
v -0.028400 0.004039 -0.082558
v -0.028400 -0.001744 -0.063730
v -0.028400 -0.001469 -0.062790
v -0.028400 -0.003775 -0.062790
v -0.028400 0.035046 -0.060940
v -0.028400 0.035647 -0.062790
v -0.028400 0.037200 -0.062790
v -0.028400 0.020563 -0.086217
v -0.028400 0.021335 -0.086217
v -0.028400 0.021335 -0.086094
v -0.028400 0.016528 -0.042150
v -0.028400 0.016776 -0.041826
v -0.028400 0.014665 -0.041826
v -0.028400 -0.033794 -0.077795
v -0.028400 -0.033606 -0.077550
v -0.028400 -0.033606 -0.073210
v -0.028400 -0.017188 -0.082727
v -0.028400 -0.022168 -0.082327
v -0.028400 -0.022293 -0.082629
v -0.028400 -0.024583 -0.081680
v -0.028400 -0.026813 -0.080212
v -0.028400 -0.024626 -0.082004
v -0.028400 -0.026813 -0.082727
v -0.028400 -0.024583 -0.082327
v -0.028400 -0.024458 -0.082629
v -0.028400 -0.017188 -0.080212
v -0.028400 -0.022168 -0.081680
v -0.028400 -0.022126 -0.082004
v -0.028400 -0.024458 -0.081379
v -0.028400 -0.024259 -0.081120
v -0.028400 -0.024001 -0.080921
v -0.028400 -0.022751 -0.080921
v -0.028400 -0.022492 -0.081120
v -0.028400 -0.022293 -0.081379
v -0.028400 -0.023699 -0.080796
v -0.028400 -0.023376 -0.080754
v -0.028400 -0.023052 -0.080796
v -0.028400 -0.022368 -0.082727
v -0.028400 -0.022492 -0.082888
v -0.028400 -0.017188 -0.086217
v -0.028400 -0.022751 -0.083086
v -0.028400 -0.023052 -0.083211
v -0.028400 -0.026813 -0.086217
v -0.028400 -0.023376 -0.083254
v -0.028400 -0.023699 -0.083211
v -0.028400 -0.024001 -0.083086
v -0.028400 -0.024259 -0.082888
v -0.028400 -0.024383 -0.082727
v -0.028400 -0.033794 -0.079045
v -0.028400 -0.033919 -0.078744
v -0.028400 -0.037430 -0.080212
v -0.028400 -0.038421 -0.078582
v -0.028400 -0.033961 -0.078420
v -0.028400 -0.038680 -0.077985
v -0.028400 -0.031106 -0.080212
v -0.028400 -0.031504 -0.078744
v -0.028400 -0.031629 -0.079045
v -0.028400 -0.031461 -0.078420
v -0.028400 -0.031106 -0.077985
v -0.028400 -0.031504 -0.078097
v -0.028400 -0.033606 -0.080212
v -0.028400 -0.032711 -0.079670
v -0.028400 -0.033035 -0.079627
v -0.028400 -0.033336 -0.079503
v -0.028400 -0.033595 -0.079304
v -0.028400 -0.033606 -0.079290
v -0.028400 -0.031827 -0.079304
v -0.028400 -0.032086 -0.079503
v -0.028400 -0.032388 -0.079627
v -0.028400 -0.033035 -0.077213
v -0.028400 -0.032711 -0.077170
v -0.028400 -0.031106 -0.073210
v -0.028400 -0.031827 -0.077536
v -0.028400 -0.031629 -0.077795
v -0.028400 -0.031550 -0.077985
v -0.028400 -0.033595 -0.077536
v -0.028400 -0.033336 -0.077337
v -0.028400 -0.032388 -0.077213
v -0.028400 -0.032086 -0.077337
v -0.028400 -0.022126 -0.053996
v -0.028400 -0.022168 -0.054320
v -0.028400 -0.017188 -0.057084
v -0.028400 -0.022492 -0.053112
v -0.028400 -0.022368 -0.053273
v -0.028400 -0.017188 -0.053273
v -0.028400 -0.022293 -0.053371
v -0.028400 -0.022168 -0.053673
v -0.028400 -0.018557 -0.057014
v -0.028400 -0.022293 -0.054621
v -0.028400 -0.020757 -0.057351
v -0.028400 -0.024583 -0.053673
v -0.028400 -0.026813 -0.053273
v -0.028400 -0.024626 -0.053996
v -0.028400 -0.024583 -0.054320
v -0.028400 -0.022492 -0.054880
v -0.028400 -0.022751 -0.055079
v -0.028400 -0.022844 -0.058124
v -0.028400 -0.023052 -0.055204
v -0.028400 -0.023376 -0.055246
v -0.028400 -0.024733 -0.059301
v -0.028400 -0.023699 -0.055204
v -0.028400 -0.026346 -0.060835
v -0.028400 -0.024001 -0.055079
v -0.028400 -0.026813 -0.061505
v -0.028400 -0.024259 -0.054880
v -0.028400 -0.024458 -0.054621
v -0.028400 -0.024458 -0.053371
v -0.028400 -0.024383 -0.053273
v -0.028400 -0.026813 -0.046780
v -0.028400 -0.024259 -0.053112
v -0.028400 -0.024001 -0.052914
v -0.028400 -0.024862 -0.046086
v -0.028400 -0.023699 -0.052789
v -0.028400 -0.023376 -0.052746
v -0.028400 -0.017188 -0.046086
v -0.028400 -0.023052 -0.052789
v -0.028400 -0.022751 -0.052914
v -0.028400 -0.036790 -0.054736
v -0.028400 -0.038421 -0.057418
v -0.028400 -0.033919 -0.057256
v -0.028400 -0.040370 -0.062790
v -0.028400 -0.033794 -0.058205
v -0.028400 -0.039672 -0.060298
v -0.028400 -0.033919 -0.057903
v -0.028400 -0.033961 -0.057580
v -0.028400 -0.033035 -0.056373
v -0.028400 -0.032711 -0.056330
v -0.028400 -0.033606 -0.053273
v -0.028400 -0.031827 -0.056696
v -0.028400 -0.031629 -0.056955
v -0.028400 -0.031106 -0.053273
v -0.028400 -0.031504 -0.057256
v -0.028400 -0.031461 -0.057580
v -0.028400 -0.033606 -0.056710
v -0.028400 -0.033595 -0.056696
v -0.028400 -0.033336 -0.056497
v -0.028400 -0.031504 -0.057903
v -0.028400 -0.031106 -0.062790
v -0.028400 -0.031629 -0.058205
v -0.028400 -0.031827 -0.058464
v -0.028400 -0.032388 -0.056373
v -0.028400 -0.032086 -0.056497
v -0.028400 -0.033035 -0.058787
v -0.028400 -0.033336 -0.058663
v -0.028400 -0.033606 -0.062790
v -0.028400 -0.033595 -0.058464
v -0.028400 -0.033606 -0.058450
v -0.028400 -0.032086 -0.058663
v -0.028400 -0.032388 -0.058787
v -0.028400 -0.032711 -0.058830
v -0.028400 0.001927 -0.080212
v -0.028400 -0.001951 -0.080500
v -0.028400 0.003654 -0.082221
v -0.028400 -0.002009 -0.080940
v -0.028400 -0.002178 -0.081350
v -0.028400 -0.002449 -0.081702
v -0.028400 -0.002801 -0.081972
v -0.028400 -0.003775 -0.082727
v -0.028400 -0.003211 -0.082142
v -0.028400 -0.003651 -0.082200
v -0.028400 -0.002801 -0.079028
v -0.028400 0.000470 -0.077985
v -0.028400 -0.003211 -0.078858
v -0.028400 -0.003775 -0.077985
v -0.028400 -0.003651 -0.078800
v -0.028400 -0.002449 -0.079298
v -0.028400 -0.002178 -0.079650
v -0.028400 0.001786 -0.080048
v -0.028400 -0.002009 -0.080060
v -0.028400 -0.001989 -0.080212
v -0.028400 -0.004501 -0.079028
v -0.028400 -0.004091 -0.078858
v -0.028400 -0.003775 -0.078816
v -0.028400 -0.005293 -0.080060
v -0.028400 -0.005123 -0.079650
v -0.028400 -0.006175 -0.077985
v -0.028400 -0.004853 -0.079298
v -0.028400 -0.004853 -0.081702
v -0.028400 -0.005123 -0.081350
v -0.028400 -0.006175 -0.082727
v -0.028400 -0.005293 -0.080940
v -0.028400 -0.006175 -0.080212
v -0.028400 -0.005351 -0.080500
v -0.028400 -0.005313 -0.080212
v -0.028400 -0.003775 -0.082184
v -0.028400 -0.004091 -0.082142
v -0.028400 -0.004501 -0.081972
v -0.028400 0.000244 -0.058369
v -0.028400 -0.002449 -0.056702
v -0.028400 -0.000940 -0.060978
v -0.028400 -0.002801 -0.056972
v -0.028400 -0.003211 -0.057142
v -0.028400 -0.003651 -0.057200
v -0.028400 -0.003775 -0.057184
v -0.028400 -0.003775 -0.053816
v -0.028400 -0.003651 -0.053800
v -0.028400 -0.003775 -0.053273
v -0.028400 -0.003211 -0.053858
v -0.028400 0.004039 -0.053273
v -0.028400 -0.002801 -0.054028
v -0.028400 -0.002009 -0.055060
v -0.028400 -0.001951 -0.055500
v -0.028400 0.001786 -0.055953
v -0.028400 -0.002009 -0.055940
v -0.028400 -0.002178 -0.056350
v -0.028400 -0.002449 -0.054298
v -0.028400 -0.002178 -0.054650
v -0.028400 0.004039 -0.053442
v -0.028400 0.003654 -0.053779
v -0.028400 -0.005123 -0.054650
v -0.028400 -0.004853 -0.054298
v -0.028400 -0.006175 -0.053273
v -0.028400 -0.004501 -0.054028
v -0.028400 -0.004091 -0.053858
v -0.028400 -0.004091 -0.057142
v -0.028400 -0.004501 -0.056972
v -0.028400 -0.006175 -0.062790
v -0.028400 -0.004853 -0.056702
v -0.028400 -0.005123 -0.056350
v -0.028400 -0.005293 -0.055940
v -0.028400 -0.005351 -0.055500
v -0.028400 -0.005293 -0.055060
v -0.028400 0.019472 -0.043850
v -0.028400 0.019202 -0.044202
v -0.028400 0.021335 -0.046086
v -0.028400 0.016358 -0.042560
v -0.028400 0.018850 -0.044472
v -0.028400 0.018440 -0.044642
v -0.028400 0.018000 -0.044700
v -0.028400 0.017560 -0.044642
v -0.028400 0.014665 -0.046086
v -0.028400 0.017150 -0.044472
v -0.028400 0.016798 -0.044202
v -0.028400 0.016528 -0.043850
v -0.028400 0.016358 -0.043440
v -0.028400 0.016300 -0.043000
v -0.028400 0.019472 -0.042150
v -0.028400 0.019642 -0.042560
v -0.028400 0.021335 -0.041826
v -0.028400 0.019700 -0.043000
v -0.028400 0.019642 -0.043440
v -0.028400 0.017560 -0.041358
v -0.028400 0.018426 -0.039503
v -0.028400 0.017150 -0.041528
v -0.028400 0.014885 -0.039671
v -0.028400 0.016798 -0.041798
v -0.028400 0.014665 -0.039709
v -0.028400 0.018000 -0.041300
v -0.028400 0.018440 -0.041358
v -0.028400 0.021335 -0.039728
v -0.028400 0.018850 -0.041528
v -0.028400 0.019202 -0.041798
v -0.028400 0.019224 -0.041826
v -0.028400 0.012772 -0.087512
v -0.028400 0.012547 -0.088054
v -0.028400 0.012190 -0.088520
v -0.028400 0.011724 -0.088878
v -0.028400 0.010016 -0.089103
v -0.028400 0.004039 -0.090974
v -0.028400 0.010599 -0.089179
v -0.028400 0.011181 -0.089103
v -0.028400 0.009474 -0.088878
v -0.028400 0.009008 -0.088520
v -0.028400 0.008650 -0.088054
v -0.028400 0.013097 -0.086298
v -0.028400 0.014665 -0.086217
v -0.028400 0.013131 -0.086217
v -0.028400 0.008425 -0.087512
v -0.028400 0.008349 -0.086929
v -0.028400 0.004039 -0.086217
v -0.028400 0.008425 -0.086347
v -0.028400 0.008454 -0.086238
v -0.028400 0.008458 -0.086217
v -0.028400 0.013146 -0.086179
v -0.028400 0.013442 -0.085947
v -0.028400 0.013223 -0.086077
v -0.028400 0.013324 -0.085998
v -0.028400 0.021335 -0.090974
v -0.028400 0.019451 -0.086393
v -0.028400 0.016556 -0.086393
v -0.028400 0.015438 -0.086217
v -0.028400 0.014665 -0.086094
v -0.028400 0.013697 -0.085941
v -0.028400 0.013569 -0.085928
v -0.028400 0.022310 -0.085940
v -0.028400 0.037200 -0.086217
v -0.028400 0.025063 -0.085045
v -0.028400 0.037200 -0.080212
v -0.028400 0.031800 -0.080212
v -0.028400 0.029984 -0.082028
v -0.028400 0.029022 -0.082727
v -0.028400 0.027642 -0.083730
v -0.028400 0.035046 -0.075060
v -0.028400 0.037200 -0.077985
v -0.028400 0.035647 -0.073210
v -0.028400 0.035940 -0.072307
v -0.028400 0.033732 -0.077639
v -0.028400 0.033480 -0.077985
v -0.028400 0.032030 -0.079981
v -0.028400 0.035940 -0.063693
v -0.028400 0.036393 -0.066553
v -0.028400 0.036393 -0.069447
v -0.028400 0.029022 -0.053273
v -0.028400 0.029984 -0.053972
v -0.028400 0.037200 -0.053273
v -0.028400 0.032030 -0.056019
v -0.028400 0.033732 -0.058361
v -0.028400 0.019451 -0.049607
v -0.028400 0.021335 -0.049906
v -0.028400 0.022310 -0.050060
v -0.028400 0.036137 -0.046086
v -0.028400 0.025063 -0.050955
v -0.028400 0.016556 -0.049607
v -0.028400 0.008349 -0.049071
v -0.028400 0.008425 -0.048488
v -0.028400 0.004039 -0.046086
v -0.028400 0.008425 -0.049653
v -0.028400 0.009474 -0.047122
v -0.028400 0.010016 -0.046897
v -0.028400 0.010599 -0.046821
v -0.028400 0.011181 -0.046897
v -0.028400 0.011724 -0.047122
v -0.028400 0.008650 -0.047946
v -0.028400 0.009008 -0.047480
v -0.028400 0.012190 -0.047480
v -0.028400 0.012547 -0.047946
v -0.028400 0.012772 -0.048488
v -0.028400 0.004232 -0.053273
v -0.028400 0.005811 -0.051892
v -0.028400 0.013569 -0.050073
v -0.028400 0.013697 -0.050059
v -0.028400 0.014665 -0.049906
v -0.028400 0.008214 -0.050329
v -0.028400 0.008454 -0.049762
v -0.028400 0.008304 -0.050265
v -0.028400 0.008378 -0.050183
v -0.028400 0.008432 -0.050087
v -0.028400 0.008463 -0.049981
v -0.028400 0.008471 -0.049871
v -0.028400 0.013097 -0.049702
v -0.028400 0.013146 -0.049821
v -0.028400 0.013223 -0.049923
v -0.028400 0.013324 -0.050002
v -0.028400 0.013442 -0.050053
v -0.028400 -0.001744 -0.072270
v -0.028400 -0.002149 -0.069433
v -0.028400 -0.003775 -0.073210
v -0.028400 -0.002149 -0.066567
v -0.028400 0.000244 -0.077631
v -0.028400 -0.000940 -0.075022
v -0.028400 -0.001469 -0.073210
v -0.028400 0.008471 -0.086129
v -0.028400 0.008463 -0.086019
v -0.028400 0.008432 -0.085913
v -0.028400 0.008378 -0.085817
v -0.028400 0.008304 -0.085735
v -0.028400 0.008214 -0.085671
v -0.028400 0.001336 -0.091182
v -0.028400 0.001734 -0.091402
v -0.028400 -0.003775 -0.090974
v -0.028400 0.000450 -0.091000
v -0.028400 0.000902 -0.091046
v -0.028400 -0.018379 -0.090974
v -0.028400 -0.018000 -0.091000
v -0.028400 -0.017188 -0.090974
v -0.028400 -0.017188 -0.091000
v -0.028400 -0.006175 -0.090974
v -0.028400 -0.006175 -0.091000
v -0.028400 -0.003775 -0.091000
v -0.028400 -0.029950 -0.087652
v -0.028400 -0.027163 -0.089096
v -0.028400 -0.026813 -0.089220
v -0.028400 -0.024205 -0.090147
v -0.028400 -0.021132 -0.090786
v -0.028400 -0.032515 -0.085841
v -0.028400 -0.031106 -0.082727
v -0.028400 -0.033606 -0.084823
v -0.028400 -0.033606 -0.082727
v -0.028400 -0.034809 -0.083699
v -0.028400 -0.035600 -0.082727
v -0.028400 -0.036790 -0.081264
v -0.028400 -0.040519 -0.063321
v -0.028400 -0.040946 -0.066430
v -0.028400 -0.040946 -0.069570
v -0.028400 -0.033919 -0.078097
v -0.028400 -0.033873 -0.077985
v -0.028400 -0.039672 -0.075702
v -0.028400 -0.040370 -0.073210
v -0.028400 -0.040519 -0.072679
v -0.028400 -0.033794 -0.056955
v -0.028400 -0.035600 -0.053273
v -0.028400 -0.034809 -0.052301
v -0.028400 -0.033606 -0.051177
v -0.028400 -0.032515 -0.050159
v -0.028400 -0.027163 -0.046904
v -0.028400 -0.029950 -0.048348
v -0.028400 -0.031106 -0.049164
v -0.028400 -0.018000 -0.045000
v -0.028400 -0.021132 -0.045214
v -0.028400 -0.024205 -0.045853
v -0.028400 0.001336 -0.044818
v -0.028400 0.001734 -0.044598
v -0.028400 0.004039 -0.043200
v -0.028400 0.000902 -0.044954
v -0.028400 0.000450 -0.045000
v -0.028400 -0.003775 -0.046086
v -0.028400 -0.003775 -0.045000
v -0.028400 -0.006175 -0.046086
v -0.028400 -0.006175 -0.045000
v -0.028400 -0.017188 -0.045000
v -0.028400 0.010780 -0.045151
v -0.028400 0.010469 -0.044913
v -0.028400 0.010469 -0.042791
v -0.028400 0.010780 -0.042553
v -0.028400 0.006851 -0.041826
v -0.028400 0.011141 -0.042403
v -0.028400 0.011530 -0.042352
v -0.028400 0.011918 -0.042403
v -0.028400 0.012280 -0.042553
v -0.028400 0.012590 -0.042791
v -0.028400 0.012829 -0.043102
v -0.028400 0.012280 -0.045151
v -0.028400 0.012590 -0.044913
v -0.028400 0.012829 -0.044602
v -0.028400 0.011918 -0.045301
v -0.028400 0.011530 -0.045352
v -0.028400 0.011141 -0.045301
v -0.028400 0.010230 -0.044602
v -0.028400 0.010081 -0.044240
v -0.028400 0.010030 -0.043852
v -0.028400 0.004765 -0.042759
v -0.028400 0.010081 -0.043464
v -0.028400 0.010230 -0.043102
v -0.028400 0.012978 -0.043464
v -0.028400 0.013030 -0.043852
v -0.028400 0.012978 -0.044240
v -0.028400 0.011392 -0.040277
v -0.028400 0.008001 -0.041311
v -0.028400 0.028792 -0.041622
v -0.028400 0.025434 -0.040487
v -0.028400 0.021960 -0.039777
v -0.028400 0.034958 -0.045094
v -0.028400 0.031983 -0.043166
v -0.028400 0.029213 -0.041826
v -0.028400 0.042370 -0.053273
v -0.028400 0.042145 -0.052859
v -0.028400 0.040079 -0.049978
v -0.028400 0.027642 -0.052270
v -0.028400 0.037200 -0.046981
v -0.028400 0.037670 -0.047377
v -0.028400 0.037951 -0.055500
v -0.028400 0.038009 -0.055060
v -0.028400 0.038009 -0.055940
v -0.028400 0.038178 -0.054650
v -0.028400 0.038449 -0.054298
v -0.028400 0.038801 -0.054028
v -0.028400 0.040501 -0.056972
v -0.028400 0.046015 -0.062790
v -0.028400 0.040853 -0.056702
v -0.028400 0.046005 -0.062710
v -0.028400 0.041123 -0.056350
v -0.028400 0.045131 -0.059274
v -0.028400 0.041293 -0.055940
v -0.028400 0.043838 -0.055973
v -0.028400 0.041351 -0.055500
v -0.028400 0.040091 -0.057142
v -0.028400 0.039651 -0.057200
v -0.028400 0.039211 -0.057142
v -0.028400 0.038801 -0.056972
v -0.028400 0.038449 -0.056702
v -0.028400 0.038178 -0.056350
v -0.028400 0.039211 -0.053858
v -0.028400 0.039651 -0.053800
v -0.028400 0.040091 -0.053858
v -0.028400 0.040501 -0.054028
v -0.028400 0.040853 -0.054298
v -0.028400 0.041123 -0.054650
v -0.028400 0.041293 -0.055060
v -0.028400 0.046445 -0.066227
v -0.028400 0.046445 -0.069773
v -0.028400 0.040091 -0.078858
v -0.028400 0.040501 -0.079028
v -0.028400 0.044638 -0.077985
v -0.028400 0.037989 -0.080212
v -0.028400 0.038009 -0.080060
v -0.028400 0.038449 -0.079298
v -0.028400 0.038801 -0.079028
v -0.028400 0.039211 -0.078858
v -0.028400 0.039651 -0.078800
v -0.028400 0.045131 -0.076726
v -0.028400 0.038178 -0.079650
v -0.028400 0.041313 -0.080212
v -0.028400 0.043737 -0.080212
v -0.028400 0.041293 -0.080060
v -0.028400 0.043838 -0.080027
v -0.028400 0.041123 -0.079650
v -0.028400 0.040853 -0.079298
v -0.028400 0.040853 -0.081702
v -0.028400 0.040501 -0.081972
v -0.028400 0.038801 -0.081972
v -0.028400 0.038449 -0.081702
v -0.028400 0.038178 -0.081350
v -0.028400 0.038009 -0.080940
v -0.028400 0.037951 -0.080500
v -0.028400 0.040091 -0.082142
v -0.028400 0.039651 -0.082200
v -0.028400 0.039211 -0.082142
v -0.028400 0.041351 -0.080500
v -0.028400 0.041293 -0.080940
v -0.028400 0.041123 -0.081350
v -0.028400 0.037200 -0.089019
v -0.028400 0.037670 -0.088623
v -0.028400 0.039898 -0.086217
v -0.028400 0.040079 -0.086022
v -0.028400 0.023558 -0.090974
v -0.028400 0.023720 -0.090849
v -0.028400 0.024082 -0.090699
v -0.028400 0.024470 -0.090648
v -0.028400 0.024859 -0.090699
v -0.028400 0.025220 -0.090849
v -0.028400 0.034958 -0.090906
v -0.028400 0.034853 -0.090974
v -0.028400 0.025383 -0.090974
v -0.028400 0.025531 -0.091087
v -0.028400 0.024859 -0.093597
v -0.028400 0.024470 -0.093648
v -0.028400 0.025434 -0.095514
v -0.028400 0.023171 -0.092898
v -0.028400 0.023022 -0.092536
v -0.028400 0.021335 -0.096272
v -0.028400 0.025770 -0.091398
v -0.028400 0.025919 -0.091760
v -0.028400 0.031983 -0.092834
v -0.028400 0.025970 -0.092148
v -0.028400 0.025919 -0.092536
v -0.028400 0.028792 -0.094378
v -0.028400 0.021960 -0.096224
v -0.028400 0.022970 -0.092148
v -0.028400 0.023022 -0.091760
v -0.028400 0.025770 -0.092898
v -0.028400 0.025531 -0.093209
v -0.028400 0.025220 -0.093447
v -0.028400 0.023171 -0.091398
v -0.028400 0.023410 -0.091087
v -0.028400 0.024082 -0.093597
v -0.028400 0.023720 -0.093447
v -0.028400 0.023410 -0.093209
v -0.028400 0.016528 -0.093850
v -0.028400 0.016358 -0.093440
v -0.028400 0.016358 -0.092560
v -0.028400 0.016528 -0.092150
v -0.028400 0.016798 -0.091798
v -0.028400 0.017150 -0.091528
v -0.028400 0.019472 -0.092150
v -0.028400 0.019202 -0.091798
v -0.028400 0.018850 -0.091528
v -0.028400 0.016300 -0.093000
v -0.028400 0.017560 -0.091358
v -0.028400 0.018000 -0.091300
v -0.028400 0.018440 -0.091358
v -0.028400 0.019642 -0.092560
v -0.028400 0.019700 -0.093000
v -0.028400 0.019642 -0.093440
v -0.028400 0.019472 -0.093850
v -0.028400 0.019202 -0.094202
v -0.028400 0.018850 -0.094472
v -0.028400 0.018426 -0.096497
v -0.028400 0.018440 -0.094642
v -0.028400 0.018000 -0.094700
v -0.028400 0.017560 -0.094642
v -0.028400 0.014885 -0.096329
v -0.028400 0.017150 -0.094472
v -0.028400 0.016798 -0.094202
v -0.028400 0.004039 -0.092800
v -0.028400 0.004765 -0.093241
v -0.028400 0.008001 -0.094688
v -0.028400 -0.008376 -0.062790
v -0.028400 -0.007892 -0.063662
v -0.028400 -0.007225 -0.070214
v -0.028400 -0.006175 -0.073210
v -0.028400 -0.007000 -0.068000
v -0.028400 -0.007225 -0.065786
v -0.028400 -0.012250 -0.055876
v -0.028400 -0.012207 -0.055552
v -0.028400 -0.012083 -0.055251
v -0.028400 -0.011884 -0.054992
v -0.028400 -0.011625 -0.054793
v -0.028400 -0.010375 -0.054793
v -0.028400 -0.010116 -0.054992
v -0.028400 -0.009918 -0.055251
v -0.028400 -0.014180 -0.057685
v -0.028400 -0.012181 -0.058665
v -0.028400 -0.011625 -0.056958
v -0.028400 -0.016334 -0.057127
v -0.028400 -0.009793 -0.055552
v -0.028400 -0.009750 -0.055876
v -0.028400 -0.009793 -0.056199
v -0.028400 -0.009918 -0.056501
v -0.028400 -0.011884 -0.056759
v -0.028400 -0.012083 -0.056501
v -0.028400 -0.012207 -0.056199
v -0.028400 -0.011324 -0.054668
v -0.028400 -0.011000 -0.054626
v -0.028400 -0.010677 -0.054668
v -0.028400 -0.010116 -0.056759
v -0.028400 -0.010375 -0.056958
v -0.028400 -0.010677 -0.057083
v -0.028400 -0.008972 -0.061716
v -0.028400 -0.010421 -0.060027
v -0.028400 -0.011000 -0.057126
v -0.028400 -0.011324 -0.057083
v -0.028400 -0.028496 -0.064707
v -0.028400 -0.027673 -0.062790
v -0.028400 -0.027618 -0.062662
v -0.028400 -0.027673 -0.073210
v -0.028400 -0.028496 -0.071293
v -0.028400 -0.031106 -0.067130
v -0.028400 -0.030918 -0.067375
v -0.028400 -0.028944 -0.066887
v -0.028400 -0.030793 -0.068324
v -0.028400 -0.028944 -0.069113
v -0.028400 -0.030750 -0.068000
v -0.028400 -0.030793 -0.067676
v -0.028400 -0.030918 -0.068625
v -0.028400 -0.031106 -0.068870
v -0.028400 -0.027618 -0.073338
v -0.028400 -0.022844 -0.077876
v -0.028400 -0.024733 -0.076699
v -0.028400 -0.026813 -0.077985
v -0.028400 -0.026346 -0.075165
v -0.028400 -0.026813 -0.074495
v -0.028400 -0.016334 -0.078873
v -0.028400 -0.017188 -0.078916
v -0.028400 -0.018557 -0.078986
v -0.028400 -0.020757 -0.078649
v -0.028400 -0.022550 -0.077985
v -0.028400 -0.013506 -0.077985
v -0.028400 -0.011625 -0.079042
v -0.028400 -0.011324 -0.078917
v -0.028400 -0.012250 -0.080124
v -0.028400 -0.012207 -0.079801
v -0.028400 -0.014180 -0.078315
v -0.028400 -0.012083 -0.079499
v -0.028400 -0.011884 -0.079241
v -0.028400 -0.010116 -0.079241
v -0.028400 -0.009918 -0.079499
v -0.028400 -0.011000 -0.078874
v -0.028400 -0.010677 -0.078917
v -0.028400 -0.010375 -0.079042
v -0.028400 -0.009793 -0.079801
v -0.028400 -0.012181 -0.077335
v -0.028400 -0.010421 -0.075973
v -0.028400 -0.007892 -0.072338
v -0.028400 -0.008376 -0.073210
v -0.028400 -0.008972 -0.074284
v -0.028400 -0.033207 -0.068324
v -0.028400 -0.033250 -0.068000
v -0.028400 -0.033207 -0.067676
v -0.028400 -0.033083 -0.067375
v -0.028400 -0.032884 -0.067116
v -0.028400 -0.032625 -0.066917
v -0.028400 -0.032324 -0.066793
v -0.028400 -0.031116 -0.068884
v -0.028400 -0.031375 -0.069083
v -0.028400 -0.031677 -0.069207
v -0.028400 -0.032000 -0.069250
v -0.028400 -0.032324 -0.069207
v -0.028400 -0.032625 -0.069083
v -0.028400 -0.032000 -0.066750
v -0.028400 -0.031677 -0.066793
v -0.028400 -0.031375 -0.066917
v -0.028400 -0.032884 -0.068884
v -0.028400 -0.033083 -0.068625
v -0.028400 -0.031116 -0.067116
v -0.028400 -0.009750 -0.080124
v -0.028400 -0.009762 -0.080212
v -0.028400 -0.009793 -0.080448
v -0.028400 -0.011625 -0.081207
v -0.028400 -0.011884 -0.081008
v -0.028400 -0.012083 -0.080749
v -0.028400 -0.012207 -0.080448
v -0.028400 -0.012239 -0.080212
v -0.028400 -0.009918 -0.080749
v -0.028400 -0.010116 -0.081008
v -0.028400 -0.010375 -0.081207
v -0.028400 -0.010677 -0.081332
v -0.028400 -0.011000 -0.081374
v -0.028400 -0.011324 -0.081332
v -0.028400 -0.006175 -0.086217
v -0.028400 -0.003775 -0.086217
v -0.031900 0.041351 -0.080500
v -0.028400 0.041313 -0.080212
v -0.031900 0.041293 -0.080060
v -0.028400 0.041293 -0.080060
v -0.031900 0.041123 -0.079650
v -0.028400 0.041123 -0.079650
v -0.031900 0.040853 -0.079298
v -0.028400 0.040853 -0.079298
v -0.031900 0.040501 -0.079028
v -0.028400 0.040501 -0.079028
v -0.031900 0.040091 -0.078858
v -0.028400 0.040091 -0.078858
v -0.031900 0.039651 -0.078800
v -0.028400 0.039651 -0.078800
v -0.031900 0.039211 -0.078858
v -0.028400 0.039211 -0.078858
v -0.031900 0.038801 -0.079028
v -0.028400 0.038801 -0.079028
v -0.031900 0.038449 -0.079298
v -0.028400 0.038449 -0.079298
v -0.031900 0.038178 -0.079650
v -0.028400 0.038178 -0.079650
v -0.031900 0.038009 -0.080060
v -0.028400 0.038009 -0.080060
v -0.028400 0.037989 -0.080212
v -0.031900 0.037951 -0.080500
v -0.028400 0.037951 -0.080500
v -0.031900 0.038009 -0.080940
v -0.028400 0.038009 -0.080940
v -0.031900 0.038178 -0.081350
v -0.028400 0.038178 -0.081350
v -0.031900 0.038449 -0.081702
v -0.028400 0.038449 -0.081702
v -0.031900 0.038801 -0.081972
v -0.028400 0.038801 -0.081972
v -0.031900 0.039211 -0.082142
v -0.028400 0.039211 -0.082142
v -0.031900 0.039651 -0.082200
v -0.028400 0.039651 -0.082200
v -0.031900 0.040091 -0.082142
v -0.028400 0.040091 -0.082142
v -0.031900 0.040501 -0.081972
v -0.028400 0.040501 -0.081972
v -0.031900 0.040853 -0.081702
v -0.028400 0.040853 -0.081702
v -0.031900 0.041123 -0.081350
v -0.028400 0.041123 -0.081350
v -0.031900 0.041293 -0.080940
v -0.028400 0.041293 -0.080940
v -0.028400 0.041351 -0.080500
v -0.035400 0.011392 -0.095723
v -0.028400 0.011392 -0.095723
v -0.028400 0.008001 -0.094688
v -0.028400 0.043838 -0.080027
v -0.031900 0.043838 -0.080027
v -0.028400 0.044638 -0.077985
v -0.031900 0.044368 -0.078816
v -0.028400 0.045131 -0.076726
v -0.035400 0.044368 -0.078816
v -0.035400 0.044954 -0.077210
v -0.035400 0.040079 -0.086022
v -0.035400 0.040551 -0.085427
v -0.031900 0.040551 -0.085427
v -0.031900 0.021817 -0.096243
v -0.028400 0.021960 -0.096224
v -0.028400 0.021335 -0.096272
v -0.031900 0.018426 -0.096497
v -0.035400 0.014183 -0.096243
v -0.031900 0.014183 -0.096243
v -0.028400 0.014665 -0.096291
v -0.031900 0.014885 -0.096329
v -0.028400 0.014885 -0.096329
v -0.028400 0.018426 -0.096497
v -0.031900 0.014183 -0.039757
v -0.028400 0.011392 -0.040277
v -0.031900 0.014885 -0.039671
v -0.028400 0.014665 -0.039709
v -0.035400 0.021960 -0.039777
v -0.035400 0.021817 -0.039757
v -0.031900 0.021817 -0.039757
v -0.031900 0.042145 -0.052859
v -0.031900 0.040551 -0.050573
v -0.028400 0.040079 -0.049978
v -0.028400 0.042145 -0.052859
v -0.028400 0.042370 -0.053273
v -0.031900 0.043838 -0.055973
v -0.028400 0.043838 -0.055973
v -0.031900 0.044368 -0.057184
v -0.028400 0.045131 -0.059274
v -0.035400 0.044368 -0.057184
v -0.035400 0.001734 -0.044598
v -0.028400 0.001734 -0.044598
v -0.028400 0.004039 -0.043200
v -0.035400 0.004765 -0.042759
v -0.028400 0.004765 -0.042759
v -0.035400 0.004814 -0.042737
v -0.028400 0.006851 -0.041826
v -0.035400 0.008001 -0.041311
v -0.028400 0.008001 -0.041311
v -0.035400 0.008851 -0.041052
v -0.035400 0.011392 -0.040277
v -0.035400 0.014183 -0.039757
v -0.028400 0.014885 -0.039671
v -0.028400 0.018426 -0.039503
v -0.031900 0.018426 -0.039503
v -0.028400 0.021335 -0.039728
v -0.028400 0.021960 -0.039777
v -0.028400 0.025434 -0.040487
v -0.035400 0.025434 -0.040487
v -0.035400 0.027106 -0.041052
v -0.028400 0.028792 -0.041622
v -0.035400 0.028792 -0.041622
v -0.028400 0.029213 -0.041826
v -0.035400 0.031983 -0.043166
v -0.028400 0.031983 -0.043166
v -0.028400 0.034958 -0.045094
v -0.035400 0.034958 -0.045094
v -0.028400 0.037200 -0.046981
v -0.035400 0.037670 -0.047377
v -0.035400 0.036137 -0.046086
v -0.028400 0.036137 -0.046086
v -0.028400 0.037670 -0.047377
v -0.035400 0.040079 -0.049978
v -0.035400 0.040551 -0.050573
v -0.035400 0.045131 -0.059274
v -0.028400 0.046005 -0.062710
v -0.035400 0.046005 -0.062710
v -0.028400 0.046015 -0.062790
v -0.035400 0.046445 -0.066227
v -0.028400 0.046445 -0.066227
v -0.035400 0.046445 -0.068000
v -0.028400 0.046445 -0.069773
v -0.035400 0.046445 -0.069773
v -0.028400 0.046015 -0.073210
v -0.035400 0.046005 -0.073290
v -0.035400 0.045131 -0.076726
v -0.028400 0.046005 -0.073290
v -0.028400 0.043737 -0.080212
v -0.028400 0.042370 -0.082727
v -0.031900 0.042145 -0.083141
v -0.028400 0.042145 -0.083141
v -0.028400 0.040079 -0.086022
v -0.028400 0.039898 -0.086217
v -0.035400 0.037670 -0.088623
v -0.028400 0.037670 -0.088623
v -0.035400 0.036137 -0.089914
v -0.028400 0.037200 -0.089019
v -0.035400 0.034958 -0.090906
v -0.028400 0.034958 -0.090906
v -0.028400 0.034853 -0.090974
v -0.035400 0.031983 -0.092834
v -0.028400 0.031983 -0.092834
v -0.028400 0.028792 -0.094378
v -0.035400 0.028792 -0.094378
v -0.028400 0.025434 -0.095514
v -0.035400 0.025434 -0.095514
v -0.035400 0.021960 -0.096224
v -0.035400 0.021817 -0.096243
v -0.028400 0.001734 -0.091402
v -0.035400 0.001734 -0.091402
v -0.028400 0.004039 -0.092800
v -0.035400 0.004765 -0.093241
v -0.028400 0.004765 -0.093241
v -0.035400 0.004814 -0.093263
v -0.035400 0.008001 -0.094688
v -0.031900 -0.004091 -0.082142
v -0.028400 -0.003775 -0.082184
v -0.031900 -0.003651 -0.082200
v -0.028400 -0.003651 -0.082200
v -0.031900 -0.003211 -0.082142
v -0.028400 -0.003211 -0.082142
v -0.031900 -0.002801 -0.081972
v -0.028400 -0.002801 -0.081972
v -0.031900 -0.002449 -0.081702
v -0.028400 -0.002449 -0.081702
v -0.031900 -0.002178 -0.081350
v -0.028400 -0.002178 -0.081350
v -0.031900 -0.002009 -0.080940
v -0.028400 -0.002009 -0.080940
v -0.031900 -0.001951 -0.080500
v -0.028400 -0.001951 -0.080500
v -0.028400 -0.001989 -0.080212
v -0.031900 -0.002009 -0.080060
v -0.028400 -0.002009 -0.080060
v -0.031900 -0.002178 -0.079650
v -0.028400 -0.002178 -0.079650
v -0.031900 -0.002449 -0.079298
v -0.028400 -0.002449 -0.079298
v -0.031900 -0.002801 -0.079028
v -0.028400 -0.002801 -0.079028
v -0.031900 -0.003211 -0.078858
v -0.028400 -0.003211 -0.078858
v -0.031900 -0.003651 -0.078800
v -0.028400 -0.003651 -0.078800
v -0.028400 -0.003775 -0.078816
v -0.031900 -0.004091 -0.078858
v -0.028400 -0.004091 -0.078858
v -0.031900 -0.004501 -0.079028
v -0.028400 -0.004501 -0.079028
v -0.031900 -0.004853 -0.079298
v -0.028400 -0.004853 -0.079298
v -0.031900 -0.005123 -0.079650
v -0.028400 -0.005123 -0.079650
v -0.031900 -0.005293 -0.080060
v -0.028400 -0.005293 -0.080060
v -0.028400 -0.005313 -0.080212
v -0.031900 -0.005351 -0.080500
v -0.028400 -0.005351 -0.080500
v -0.031900 -0.005293 -0.080940
v -0.028400 -0.005293 -0.080940
v -0.031900 -0.005123 -0.081350
v -0.028400 -0.005123 -0.081350
v -0.031900 -0.004853 -0.081702
v -0.028400 -0.004853 -0.081702
v -0.031900 -0.004501 -0.081972
v -0.028400 -0.004501 -0.081972
v -0.028400 -0.004091 -0.082142
v -0.031900 -0.004091 -0.057142
v -0.028400 -0.003775 -0.057184
v -0.031900 -0.003651 -0.057200
v -0.028400 -0.003651 -0.057200
v -0.031900 -0.003211 -0.057142
v -0.028400 -0.003211 -0.057142
v -0.031900 -0.002801 -0.056972
v -0.028400 -0.002801 -0.056972
v -0.031900 -0.002449 -0.056702
v -0.028400 -0.002449 -0.056702
v -0.031900 -0.002178 -0.056350
v -0.028400 -0.002178 -0.056350
v -0.031900 -0.002009 -0.055940
v -0.028400 -0.002009 -0.055940
v -0.031900 -0.001951 -0.055500
v -0.028400 -0.001951 -0.055500
v -0.031900 -0.002009 -0.055060
v -0.028400 -0.002009 -0.055060
v -0.031900 -0.002178 -0.054650
v -0.028400 -0.002178 -0.054650
v -0.031900 -0.002449 -0.054298
v -0.028400 -0.002449 -0.054298
v -0.031900 -0.002801 -0.054028
v -0.028400 -0.002801 -0.054028
v -0.031900 -0.003211 -0.053858
v -0.028400 -0.003211 -0.053858
v -0.031900 -0.003651 -0.053800
v -0.028400 -0.003651 -0.053800
v -0.028400 -0.003775 -0.053816
v -0.031900 -0.004091 -0.053858
v -0.028400 -0.004091 -0.053858
v -0.031900 -0.004501 -0.054028
v -0.028400 -0.004501 -0.054028
v -0.031900 -0.004853 -0.054298
v -0.028400 -0.004853 -0.054298
v -0.031900 -0.005123 -0.054650
v -0.028400 -0.005123 -0.054650
v -0.031900 -0.005293 -0.055060
v -0.028400 -0.005293 -0.055060
v -0.031900 -0.005351 -0.055500
v -0.028400 -0.005351 -0.055500
v -0.031900 -0.005293 -0.055940
v -0.028400 -0.005293 -0.055940
v -0.031900 -0.005123 -0.056350
v -0.028400 -0.005123 -0.056350
v -0.031900 -0.004853 -0.056702
v -0.028400 -0.004853 -0.056702
v -0.031900 -0.004501 -0.056972
v -0.028400 -0.004501 -0.056972
v -0.028400 -0.004091 -0.057142
v -0.031900 0.019472 -0.042150
v -0.028400 0.019224 -0.041826
v -0.031900 0.019202 -0.041798
v -0.028400 0.019202 -0.041798
v -0.031900 0.018850 -0.041528
v -0.028400 0.018850 -0.041528
v -0.031900 0.018440 -0.041358
v -0.028400 0.018440 -0.041358
v -0.031900 0.018000 -0.041300
v -0.028400 0.018000 -0.041300
v -0.031900 0.017560 -0.041358
v -0.028400 0.017560 -0.041358
v -0.031900 0.017150 -0.041528
v -0.028400 0.017150 -0.041528
v -0.031900 0.016798 -0.041798
v -0.028400 0.016798 -0.041798
v -0.028400 0.016776 -0.041826
v -0.031900 0.016528 -0.042150
v -0.028400 0.016528 -0.042150
v -0.031900 0.016358 -0.042560
v -0.028400 0.016358 -0.042560
v -0.031900 0.016300 -0.043000
v -0.028400 0.016300 -0.043000
v -0.031900 0.016358 -0.043440
v -0.028400 0.016358 -0.043440
v -0.031900 0.016528 -0.043850
v -0.028400 0.016528 -0.043850
v -0.031900 0.016798 -0.044202
v -0.028400 0.016798 -0.044202
v -0.031900 0.017150 -0.044472
v -0.028400 0.017150 -0.044472
v -0.031900 0.017560 -0.044642
v -0.028400 0.017560 -0.044642
v -0.031900 0.018000 -0.044700
v -0.028400 0.018000 -0.044700
v -0.031900 0.018440 -0.044642
v -0.028400 0.018440 -0.044642
v -0.031900 0.018850 -0.044472
v -0.028400 0.018850 -0.044472
v -0.031900 0.019202 -0.044202
v -0.028400 0.019202 -0.044202
v -0.031900 0.019472 -0.043850
v -0.028400 0.019472 -0.043850
v -0.031900 0.019642 -0.043440
v -0.028400 0.019642 -0.043440
v -0.031900 0.019700 -0.043000
v -0.028400 0.019700 -0.043000
v -0.031900 0.019642 -0.042560
v -0.028400 0.019642 -0.042560
v -0.028400 0.019472 -0.042150
v -0.028400 0.013097 -0.049702
v -0.028400 0.012772 -0.048488
v -0.035400 0.013097 -0.049702
v -0.035400 0.012772 -0.048488
v -0.035400 0.004814 -0.052764
v -0.035400 0.005046 -0.052561
v -0.028400 0.005811 -0.051892
v -0.035400 0.008214 -0.050329
v -0.028400 0.008214 -0.050329
v -0.035400 0.005811 -0.051892
v -0.035400 0.005330 -0.052313
v -0.028400 0.004232 -0.053273
v -0.028400 0.004039 -0.053442
v -0.035400 0.003654 -0.053779
v -0.028400 0.003654 -0.053779
v -0.035400 0.001927 -0.055788
v -0.028400 0.001786 -0.055953
v -0.035400 0.001786 -0.055953
v -0.035400 0.000244 -0.058369
v -0.028400 0.000244 -0.058369
v -0.035400 -0.000940 -0.060978
v -0.028400 -0.000940 -0.060978
v -0.028400 -0.001469 -0.062790
v -0.035400 -0.001744 -0.063730
v -0.028400 -0.001744 -0.063730
v -0.035400 -0.002149 -0.066567
v -0.028400 -0.002149 -0.066567
v -0.035400 -0.002149 -0.068000
v -0.028400 -0.002149 -0.069433
v -0.035400 -0.002149 -0.069433
v -0.035400 -0.001744 -0.072270
v -0.028400 -0.001744 -0.072270
v -0.028400 -0.001469 -0.073210
v -0.035400 -0.000940 -0.075022
v -0.028400 -0.000940 -0.075022
v -0.035400 0.000053 -0.077210
v -0.028400 0.000244 -0.077631
v -0.035400 0.000244 -0.077631
v -0.028400 0.000470 -0.077985
v -0.035400 0.001786 -0.080048
v -0.028400 0.001786 -0.080048
v -0.035400 0.001927 -0.080212
v -0.028400 0.001927 -0.080212
v -0.035400 0.003654 -0.082221
v -0.028400 0.005811 -0.084108
v -0.035400 0.005330 -0.083687
v -0.028400 0.004232 -0.082727
v -0.035400 0.004814 -0.083236
v -0.028400 0.004039 -0.082558
v -0.028400 0.003654 -0.082221
v -0.028400 0.008214 -0.085671
v -0.035400 0.008214 -0.085671
v -0.035400 0.005811 -0.084108
v -0.035400 0.013097 -0.086298
v -0.035400 0.012772 -0.087512
v -0.028400 0.013097 -0.086298
v -0.028400 0.012772 -0.087512
v -0.028400 0.013697 -0.085941
v -0.028400 0.014665 -0.086094
v -0.035400 0.013697 -0.085941
v -0.028400 0.015438 -0.086217
v -0.035400 0.016556 -0.086393
v -0.028400 0.016556 -0.086393
v -0.035400 0.018000 -0.086393
v -0.028400 0.019451 -0.086393
v -0.035400 0.019451 -0.086393
v -0.028400 0.020563 -0.086217
v -0.028400 0.021335 -0.086094
v -0.035400 0.022310 -0.085940
v -0.028400 0.022310 -0.085940
v -0.035400 0.025063 -0.085045
v -0.028400 0.025063 -0.085045
v -0.035400 0.027642 -0.083730
v -0.028400 0.027642 -0.083730
v -0.035400 0.027701 -0.083687
v -0.028400 0.029022 -0.082727
v -0.035400 0.029984 -0.082028
v -0.028400 0.029984 -0.082028
v -0.035400 0.031800 -0.080212
v -0.028400 0.031800 -0.080212
v -0.035400 0.032030 -0.079981
v -0.028400 0.032030 -0.079981
v -0.028400 0.033480 -0.077985
v -0.035400 0.033732 -0.077639
v -0.028400 0.033732 -0.077639
v -0.035400 0.033950 -0.077210
v -0.028400 0.035046 -0.075060
v -0.035400 0.035046 -0.075060
v -0.028400 0.035647 -0.073210
v -0.035400 0.035940 -0.072307
v -0.028400 0.035940 -0.072307
v -0.035400 0.036393 -0.069447
v -0.028400 0.036393 -0.069447
v -0.035400 0.036393 -0.068000
v -0.028400 0.036393 -0.066553
v -0.035400 0.036393 -0.066553
v -0.035400 0.035940 -0.063693
v -0.035400 0.027642 -0.052270
v -0.035400 0.027701 -0.052313
v -0.028400 0.027642 -0.052270
v -0.035400 0.028042 -0.052561
v -0.028400 0.029022 -0.053273
v -0.035400 0.029984 -0.053972
v -0.028400 0.029984 -0.053972
v -0.035400 0.031800 -0.055788
v -0.028400 0.032030 -0.056019
v -0.035400 0.032030 -0.056019
v -0.028400 0.033732 -0.058361
v -0.035400 0.033732 -0.058361
v -0.028400 0.035046 -0.060940
v -0.035400 0.035046 -0.060940
v -0.028400 0.035647 -0.062790
v -0.028400 0.035940 -0.063693
v -0.035400 0.025063 -0.050955
v -0.028400 0.025063 -0.050955
v -0.035400 0.022310 -0.050060
v -0.028400 0.013697 -0.050059
v -0.035400 0.013697 -0.050059
v -0.028400 0.014665 -0.049906
v -0.035400 0.016556 -0.049607
v -0.028400 0.016556 -0.049607
v -0.035400 0.018000 -0.049607
v -0.028400 0.019451 -0.049607
v -0.035400 0.019451 -0.049607
v -0.028400 0.021335 -0.049906
v -0.028400 0.022310 -0.050060
v -0.031900 0.037951 -0.055500
v -0.028400 0.037951 -0.055500
v -0.031900 0.038009 -0.055940
v -0.028400 0.038009 -0.055940
v -0.031900 0.038178 -0.056350
v -0.028400 0.038178 -0.056350
v -0.031900 0.038449 -0.056702
v -0.028400 0.038449 -0.056702
v -0.031900 0.038801 -0.056972
v -0.028400 0.038801 -0.056972
v -0.031900 0.039211 -0.057142
v -0.028400 0.039211 -0.057142
v -0.031900 0.039651 -0.057200
v -0.028400 0.039651 -0.057200
v -0.031900 0.040091 -0.057142
v -0.028400 0.040091 -0.057142
v -0.031900 0.040501 -0.056972
v -0.028400 0.040501 -0.056972
v -0.031900 0.040853 -0.056702
v -0.028400 0.040853 -0.056702
v -0.031900 0.041123 -0.056350
v -0.028400 0.041123 -0.056350
v -0.031900 0.041293 -0.055940
v -0.028400 0.041293 -0.055940
v -0.031900 0.041351 -0.055500
v -0.028400 0.041351 -0.055500
v -0.031900 0.041293 -0.055060
v -0.028400 0.041293 -0.055060
v -0.031900 0.041123 -0.054650
v -0.028400 0.041123 -0.054650
v -0.031900 0.040853 -0.054298
v -0.028400 0.040853 -0.054298
v -0.031900 0.040501 -0.054028
v -0.028400 0.040501 -0.054028
v -0.031900 0.040091 -0.053858
v -0.028400 0.040091 -0.053858
v -0.031900 0.039651 -0.053800
v -0.028400 0.039651 -0.053800
v -0.031900 0.039211 -0.053858
v -0.028400 0.039211 -0.053858
v -0.031900 0.038801 -0.054028
v -0.028400 0.038801 -0.054028
v -0.031900 0.038449 -0.054298
v -0.028400 0.038449 -0.054298
v -0.031900 0.038178 -0.054650
v -0.028400 0.038178 -0.054650
v -0.031900 0.038009 -0.055060
v -0.028400 0.038009 -0.055060
v -0.031900 0.016300 -0.093000
v -0.028400 0.016300 -0.093000
v -0.031900 0.016358 -0.093440
v -0.028400 0.016358 -0.093440
v -0.031900 0.016528 -0.093850
v -0.028400 0.016528 -0.093850
v -0.031900 0.016798 -0.094202
v -0.028400 0.016798 -0.094202
v -0.031900 0.017150 -0.094472
v -0.028400 0.017150 -0.094472
v -0.031900 0.017560 -0.094642
v -0.028400 0.017560 -0.094642
v -0.031900 0.018000 -0.094700
v -0.028400 0.018000 -0.094700
v -0.031900 0.018440 -0.094642
v -0.028400 0.018440 -0.094642
v -0.031900 0.018850 -0.094472
v -0.028400 0.018850 -0.094472
v -0.031900 0.019202 -0.094202
v -0.028400 0.019202 -0.094202
v -0.031900 0.019472 -0.093850
v -0.028400 0.019472 -0.093850
v -0.031900 0.019642 -0.093440
v -0.028400 0.019642 -0.093440
v -0.031900 0.019700 -0.093000
v -0.028400 0.019700 -0.093000
v -0.031900 0.019642 -0.092560
v -0.028400 0.019642 -0.092560
v -0.031900 0.019472 -0.092150
v -0.028400 0.019472 -0.092150
v -0.031900 0.019202 -0.091798
v -0.028400 0.019202 -0.091798
v -0.031900 0.018850 -0.091528
v -0.028400 0.018850 -0.091528
v -0.031900 0.018440 -0.091358
v -0.028400 0.018440 -0.091358
v -0.031900 0.018000 -0.091300
v -0.028400 0.018000 -0.091300
v -0.031900 0.017560 -0.091358
v -0.028400 0.017560 -0.091358
v -0.031900 0.017150 -0.091528
v -0.028400 0.017150 -0.091528
v -0.031900 0.016798 -0.091798
v -0.028400 0.016798 -0.091798
v -0.031900 0.016528 -0.092150
v -0.028400 0.016528 -0.092150
v -0.031900 0.016358 -0.092560
v -0.028400 0.016358 -0.092560
v -0.035400 -0.032515 -0.085841
v -0.035400 -0.034731 -0.083772
v -0.035400 -0.034731 -0.083687
v -0.035400 -0.027433 -0.060582
v -0.035400 -0.028043 -0.061532
v -0.035400 -0.028043 -0.055788
v -0.035400 -0.025858 -0.077069
v -0.035400 -0.025660 -0.077210
v -0.035400 -0.028043 -0.077210
v -0.035400 0.012190 -0.047480
v -0.035400 0.011724 -0.047122
v -0.035400 0.017031 -0.046086
v -0.035400 0.011181 -0.046897
v -0.035400 0.004814 -0.046086
v -0.035400 0.010599 -0.046821
v -0.035400 0.010016 -0.046897
v -0.035400 0.009474 -0.047122
v -0.035400 0.009008 -0.047480
v -0.035400 0.008650 -0.047946
v -0.035400 0.017159 -0.046139
v -0.035400 0.012772 -0.048488
v -0.035400 0.012547 -0.047946
v -0.035400 0.008425 -0.048488
v -0.035400 0.008349 -0.049071
v -0.035400 0.005811 -0.051892
v -0.035400 0.008425 -0.049653
v -0.035400 0.008214 -0.050329
v -0.035400 0.008454 -0.049762
v -0.035400 0.008304 -0.050265
v -0.035400 0.008463 -0.049981
v -0.035400 0.008432 -0.050087
v -0.035400 0.008378 -0.050183
v -0.035400 0.008471 -0.049871
v -0.035400 0.037670 -0.047377
v -0.035400 0.040079 -0.049978
v -0.035400 0.038671 -0.052313
v -0.035400 0.013324 -0.050002
v -0.035400 0.013223 -0.049923
v -0.035400 0.013442 -0.050053
v -0.035400 0.013146 -0.049821
v -0.035400 0.013569 -0.050073
v -0.035400 0.013097 -0.049702
v -0.035400 0.013697 -0.050059
v -0.035400 0.016556 -0.049607
v -0.035400 0.018000 -0.049607
v -0.035400 0.018000 -0.046250
v -0.035400 0.019451 -0.049607
v -0.035400 0.018841 -0.046139
v -0.035400 0.022310 -0.050060
v -0.035400 0.018969 -0.046086
v -0.035400 0.025063 -0.050955
v -0.035400 0.027701 -0.052313
v -0.035400 0.036137 -0.046086
v -0.035400 0.027642 -0.052270
v -0.035400 0.040405 -0.051312
v -0.035400 0.040551 -0.050573
v -0.035400 0.040502 -0.051239
v -0.035400 0.040613 -0.050677
v -0.035400 0.040579 -0.051144
v -0.035400 0.040648 -0.050794
v -0.035400 0.040654 -0.050915
v -0.035400 0.040630 -0.051034
v -0.035400 0.038241 -0.052561
v -0.035400 0.028042 -0.052561
v -0.035400 0.038026 -0.052685
v -0.035400 0.037352 -0.053202
v -0.035400 0.036836 -0.053875
v -0.035400 0.036511 -0.054659
v -0.035400 0.029984 -0.053972
v -0.035400 0.031800 -0.055788
v -0.035400 0.036401 -0.055500
v -0.035400 0.036439 -0.055788
v -0.035400 0.032030 -0.056019
v -0.035400 0.036511 -0.056341
v -0.035400 0.033732 -0.058361
v -0.035400 0.036836 -0.057125
v -0.035400 0.035046 -0.060940
v -0.035400 0.037352 -0.057798
v -0.035400 0.035940 -0.063693
v -0.035400 0.038026 -0.058315
v -0.035400 0.036393 -0.066553
v -0.035400 0.038809 -0.058639
v -0.035400 0.036393 -0.068000
v -0.035400 0.046005 -0.062710
v -0.035400 0.041276 -0.058315
v -0.035400 0.045131 -0.059274
v -0.035400 0.043655 -0.056941
v -0.035400 0.044368 -0.057184
v -0.035400 0.039651 -0.058750
v -0.035400 0.040492 -0.058639
v -0.035400 0.046445 -0.068000
v -0.035400 0.046445 -0.066227
v -0.035400 0.043767 -0.056893
v -0.035400 0.043887 -0.056874
v -0.035400 0.044008 -0.056884
v -0.035400 0.044123 -0.056924
v -0.035400 0.044225 -0.056990
v -0.035400 0.044308 -0.057078
v -0.035400 0.036393 -0.069447
v -0.035400 0.046445 -0.069773
v -0.035400 0.035940 -0.072307
v -0.035400 0.038809 -0.077361
v -0.035400 0.038026 -0.077685
v -0.035400 0.033950 -0.077210
v -0.035400 0.043655 -0.079059
v -0.035400 0.044954 -0.077210
v -0.035400 0.044368 -0.078816
v -0.035400 0.041276 -0.077685
v -0.035400 0.040492 -0.077361
v -0.035400 0.039651 -0.077250
v -0.035400 0.046005 -0.073290
v -0.035400 0.045131 -0.076726
v -0.035400 0.035046 -0.075060
v -0.035400 0.044308 -0.078922
v -0.035400 0.043887 -0.079126
v -0.035400 0.043767 -0.079107
v -0.035400 0.044225 -0.079011
v -0.035400 0.044123 -0.079076
v -0.035400 0.044008 -0.079116
v -0.035400 0.037352 -0.078202
v -0.035400 0.036836 -0.078875
v -0.035400 0.033732 -0.077639
v -0.035400 0.036511 -0.079659
v -0.035400 0.032030 -0.079981
v -0.035400 0.031800 -0.080212
v -0.035400 0.038671 -0.083687
v -0.035400 0.027701 -0.083687
v -0.035400 0.038026 -0.083315
v -0.035400 0.037352 -0.082798
v -0.035400 0.036439 -0.080212
v -0.035400 0.036401 -0.080500
v -0.035400 0.029984 -0.082028
v -0.035400 0.036511 -0.081341
v -0.035400 0.036836 -0.082125
v -0.035400 0.040551 -0.085427
v -0.035400 0.040079 -0.086022
v -0.035400 0.040405 -0.084688
v -0.035400 0.022310 -0.085940
v -0.035400 0.025063 -0.085045
v -0.035400 0.036137 -0.089914
v -0.035400 0.027642 -0.083730
v -0.035400 0.037670 -0.088623
v -0.035400 0.040654 -0.085085
v -0.035400 0.040648 -0.085206
v -0.035400 0.040630 -0.084966
v -0.035400 0.040613 -0.085323
v -0.035400 0.040579 -0.084856
v -0.035400 0.040502 -0.084762
v -0.035400 0.008425 -0.086347
v -0.035400 0.008349 -0.086929
v -0.035400 0.004814 -0.089914
v -0.035400 0.008425 -0.087512
v -0.035400 0.008650 -0.088054
v -0.035400 0.009008 -0.088520
v -0.035400 0.009474 -0.088878
v -0.035400 0.010016 -0.089103
v -0.035400 0.010599 -0.089179
v -0.035400 0.011181 -0.089103
v -0.035400 0.017031 -0.089914
v -0.035400 0.011724 -0.088878
v -0.035400 0.018969 -0.089914
v -0.035400 0.019451 -0.086393
v -0.035400 0.018841 -0.089861
v -0.035400 0.018000 -0.086393
v -0.035400 0.018000 -0.089750
v -0.035400 0.016556 -0.086393
v -0.035400 0.017159 -0.089861
v -0.035400 0.013697 -0.085941
v -0.035400 0.013569 -0.085928
v -0.035400 0.013146 -0.086179
v -0.035400 0.012190 -0.088520
v -0.035400 0.012547 -0.088054
v -0.035400 0.012772 -0.087512
v -0.035400 0.013097 -0.086298
v -0.035400 0.008463 -0.086019
v -0.035400 0.008471 -0.086129
v -0.035400 0.008432 -0.085913
v -0.035400 0.008454 -0.086238
v -0.035400 0.008378 -0.085817
v -0.035400 0.013442 -0.085947
v -0.035400 0.013223 -0.086077
v -0.035400 0.013324 -0.085998
v -0.035400 0.004814 -0.083687
v -0.035400 -0.002810 -0.083639
v -0.035400 -0.002026 -0.083315
v -0.035400 0.003654 -0.082221
v -0.035400 0.004814 -0.083236
v -0.035400 0.005330 -0.083687
v -0.035400 0.005811 -0.084108
v -0.035400 0.008214 -0.085671
v -0.035400 0.008304 -0.085735
v -0.035400 -0.001353 -0.082798
v -0.035400 -0.000836 -0.082125
v -0.035400 -0.000511 -0.081341
v -0.035400 0.001927 -0.080212
v -0.035400 -0.000401 -0.080500
v -0.035400 -0.000439 -0.080212
v -0.035400 0.001786 -0.080048
v -0.035400 -0.000511 -0.079659
v -0.035400 0.000244 -0.077631
v -0.035400 -0.000836 -0.078875
v -0.035400 0.000053 -0.077210
v -0.035400 -0.001353 -0.078202
v -0.035400 -0.002026 -0.077685
v -0.035400 -0.002810 -0.077361
v -0.035400 -0.003651 -0.077250
v -0.035400 -0.004100 -0.077210
v -0.035400 -0.000940 -0.075022
v -0.035400 -0.001744 -0.072270
v -0.035400 -0.004100 -0.068000
v -0.035400 -0.002149 -0.068000
v -0.035400 -0.002149 -0.069433
v -0.035400 -0.002149 -0.066567
v -0.035400 0.000244 -0.058369
v -0.035400 -0.000836 -0.057125
v -0.035400 0.001786 -0.055953
v -0.035400 -0.000511 -0.056341
v -0.035400 0.001927 -0.055788
v -0.035400 -0.003651 -0.058750
v -0.035400 -0.002810 -0.058639
v -0.035400 -0.001744 -0.063730
v -0.035400 -0.000940 -0.060978
v -0.035400 -0.002026 -0.058315
v -0.035400 -0.001353 -0.057798
v -0.035400 0.004814 -0.052561
v -0.035400 -0.000836 -0.053875
v -0.035400 -0.001353 -0.053202
v -0.035400 -0.000439 -0.055788
v -0.035400 -0.000401 -0.055500
v -0.035400 0.003654 -0.053779
v -0.035400 -0.000511 -0.054659
v -0.035400 0.004814 -0.052764
v -0.035400 0.005046 -0.052561
v -0.035400 0.004814 -0.052313
v -0.035400 0.005330 -0.052313
v -0.035400 -0.006860 -0.072460
v -0.035400 -0.009060 -0.076029
v -0.035400 -0.008990 -0.075926
v -0.035400 -0.007905 -0.074488
v -0.035400 -0.008641 -0.077210
v -0.035400 -0.009048 -0.076506
v -0.035400 -0.009096 -0.076392
v -0.035400 -0.009114 -0.076269
v -0.035400 -0.009102 -0.076145
v -0.035400 -0.005949 -0.078202
v -0.035400 -0.006465 -0.078875
v -0.035400 -0.004100 -0.077309
v -0.035400 -0.004492 -0.077361
v -0.035400 -0.005276 -0.077685
v -0.035400 -0.013475 -0.082599
v -0.035400 -0.014513 -0.083687
v -0.035400 -0.014031 -0.081874
v -0.035400 -0.014513 -0.081040
v -0.035400 -0.012750 -0.083155
v -0.035400 -0.011906 -0.083505
v -0.035400 -0.011000 -0.083624
v -0.035400 -0.006465 -0.082125
v -0.035400 -0.007969 -0.081874
v -0.035400 -0.006790 -0.081341
v -0.035400 -0.007619 -0.081030
v -0.035400 -0.006901 -0.080500
v -0.035400 -0.007512 -0.080212
v -0.035400 -0.006863 -0.080212
v -0.035400 -0.007500 -0.080124
v -0.035400 -0.006790 -0.079659
v -0.035400 -0.007619 -0.079218
v -0.035400 -0.007969 -0.078374
v -0.035400 -0.010094 -0.083505
v -0.035400 -0.009250 -0.083155
v -0.035400 -0.004492 -0.083639
v -0.035400 -0.008525 -0.082599
v -0.035400 -0.005276 -0.083315
v -0.035400 -0.005949 -0.082798
v -0.035400 -0.022492 -0.082888
v -0.035400 -0.022293 -0.082629
v -0.035400 -0.022168 -0.082327
v -0.035400 -0.022126 -0.082004
v -0.035400 -0.014991 -0.080212
v -0.035400 -0.022168 -0.081680
v -0.035400 -0.028043 -0.083687
v -0.035400 -0.024583 -0.082327
v -0.035400 -0.024458 -0.082629
v -0.035400 -0.028043 -0.080212
v -0.035400 -0.024583 -0.081680
v -0.035400 -0.024626 -0.082004
v -0.035400 -0.022293 -0.081379
v -0.035400 -0.022492 -0.081120
v -0.035400 -0.022751 -0.080921
v -0.035400 -0.024001 -0.080921
v -0.035400 -0.024259 -0.081120
v -0.035400 -0.024458 -0.081379
v -0.035400 -0.024259 -0.082888
v -0.035400 -0.024001 -0.083086
v -0.035400 -0.023699 -0.083211
v -0.035400 -0.023376 -0.083254
v -0.035400 -0.023052 -0.083211
v -0.035400 -0.022751 -0.083086
v -0.035400 -0.023052 -0.080796
v -0.035400 -0.023376 -0.080754
v -0.035400 -0.023699 -0.080796
v -0.035400 -0.024000 -0.078392
v -0.035400 -0.021925 -0.079340
v -0.035400 -0.019708 -0.079878
v -0.035400 -0.017429 -0.079986
v -0.035400 -0.015641 -0.079766
v -0.035400 -0.015110 -0.080006
v -0.035400 -0.015185 -0.079907
v -0.035400 -0.015517 -0.079757
v -0.035400 -0.015395 -0.079778
v -0.035400 -0.015282 -0.079830
v -0.035400 -0.028666 -0.073499
v -0.035400 -0.028043 -0.074468
v -0.035400 -0.027433 -0.075418
v -0.035400 -0.033750 -0.071031
v -0.035400 -0.034731 -0.077210
v -0.035400 -0.034475 -0.070475
v -0.035400 -0.034731 -0.070142
v -0.035400 -0.032000 -0.071500
v -0.035400 -0.032711 -0.077170
v -0.035400 -0.032906 -0.071381
v -0.035400 -0.033015 -0.077210
v -0.035400 -0.029843 -0.071500
v -0.035400 -0.029720 -0.071515
v -0.035400 -0.029604 -0.071561
v -0.035400 -0.029503 -0.071633
v -0.035400 -0.029423 -0.071728
v -0.035400 -0.029369 -0.071840
v -0.035400 -0.035031 -0.066250
v -0.035400 -0.039672 -0.060298
v -0.035400 -0.034731 -0.065858
v -0.035400 -0.038421 -0.057418
v -0.035400 -0.034731 -0.055788
v -0.035400 -0.033794 -0.056955
v -0.035400 -0.033919 -0.057256
v -0.035400 -0.031504 -0.057256
v -0.035400 -0.031629 -0.056955
v -0.035400 -0.031504 -0.057903
v -0.035400 -0.031461 -0.057580
v -0.035400 -0.031827 -0.056696
v -0.035400 -0.032086 -0.056497
v -0.035400 -0.032388 -0.056373
v -0.035400 -0.033595 -0.058464
v -0.035400 -0.033336 -0.058663
v -0.035400 -0.032711 -0.056330
v -0.035400 -0.033035 -0.056373
v -0.035400 -0.033961 -0.057580
v -0.035400 -0.033919 -0.057903
v -0.035400 -0.033794 -0.058205
v -0.035400 -0.033336 -0.056497
v -0.035400 -0.033595 -0.056696
v -0.035400 -0.032086 -0.058663
v -0.035400 -0.031827 -0.058464
v -0.035400 -0.031629 -0.058205
v -0.035400 -0.032388 -0.058787
v -0.035400 -0.032000 -0.064500
v -0.035400 -0.032711 -0.058830
v -0.035400 -0.032906 -0.064619
v -0.035400 -0.033035 -0.058787
v -0.035400 -0.033750 -0.064969
v -0.035400 -0.034475 -0.065525
v -0.035400 -0.029503 -0.064367
v -0.035400 -0.029604 -0.064439
v -0.035400 -0.028666 -0.062501
v -0.035400 -0.029369 -0.064160
v -0.035400 -0.029423 -0.064272
v -0.035400 -0.029720 -0.064485
v -0.035400 -0.029843 -0.064500
v -0.035400 -0.021925 -0.056660
v -0.035400 -0.024000 -0.057608
v -0.035400 -0.025858 -0.058931
v -0.035400 -0.015395 -0.056222
v -0.035400 -0.015110 -0.055994
v -0.035400 -0.015282 -0.056170
v -0.035400 -0.015185 -0.056093
v -0.035400 -0.015517 -0.056243
v -0.035400 -0.015641 -0.056234
v -0.035400 -0.014991 -0.055788
v -0.035400 -0.017429 -0.056014
v -0.035400 -0.019708 -0.056122
v -0.035400 -0.022751 -0.055079
v -0.035400 -0.022492 -0.054880
v -0.035400 -0.022293 -0.054621
v -0.035400 -0.022168 -0.054320
v -0.035400 -0.014513 -0.054961
v -0.035400 -0.022126 -0.053996
v -0.035400 -0.022168 -0.053673
v -0.035400 -0.014513 -0.052561
v -0.035400 -0.022293 -0.053371
v -0.035400 -0.024583 -0.054320
v -0.035400 -0.024626 -0.053996
v -0.035400 -0.028043 -0.052561
v -0.035400 -0.024583 -0.053673
v -0.035400 -0.024458 -0.053371
v -0.035400 -0.022492 -0.053112
v -0.035400 -0.022751 -0.052914
v -0.035400 -0.023052 -0.052789
v -0.035400 -0.024458 -0.054621
v -0.035400 -0.024259 -0.054880
v -0.035400 -0.024001 -0.055079
v -0.035400 -0.023376 -0.052746
v -0.035400 -0.023699 -0.052789
v -0.035400 -0.023699 -0.055204
v -0.035400 -0.023376 -0.055246
v -0.035400 -0.023052 -0.055204
v -0.035400 -0.024001 -0.052914
v -0.035400 -0.024259 -0.053112
v -0.035400 -0.012065 -0.052561
v -0.035400 -0.012750 -0.052845
v -0.035400 -0.013475 -0.053401
v -0.035400 -0.014031 -0.054126
v -0.035400 -0.011906 -0.052495
v -0.035400 -0.014513 -0.052313
v -0.035400 -0.011000 -0.052376
v -0.035400 -0.010094 -0.052495
v -0.035400 -0.004128 -0.052313
v -0.035400 -0.004492 -0.052361
v -0.035400 -0.005276 -0.052685
v -0.035400 -0.005949 -0.053202
v -0.035400 -0.009935 -0.052561
v -0.035400 -0.006901 -0.055500
v -0.035400 -0.006863 -0.055788
v -0.035400 -0.007512 -0.055788
v -0.035400 -0.004975 -0.052561
v -0.035400 -0.006790 -0.054659
v -0.035400 -0.007619 -0.054970
v -0.035400 -0.007969 -0.054126
v -0.035400 -0.006465 -0.053875
v -0.035400 -0.008525 -0.053401
v -0.035400 -0.009250 -0.052845
v -0.035400 -0.006217 -0.070271
v -0.035400 -0.006000 -0.068000
v -0.035400 -0.006217 -0.065729
v -0.035400 -0.009060 -0.059971
v -0.035400 -0.009102 -0.059855
v -0.035400 -0.005949 -0.057798
v -0.035400 -0.009048 -0.059494
v -0.035400 -0.006465 -0.057125
v -0.035400 -0.007969 -0.057626
v -0.035400 -0.006790 -0.056341
v -0.035400 -0.007619 -0.056782
v -0.035400 -0.007500 -0.055876
v -0.035400 -0.004100 -0.058691
v -0.035400 -0.004492 -0.058639
v -0.035400 -0.006860 -0.063540
v -0.035400 -0.005276 -0.058315
v -0.035400 -0.007905 -0.061512
v -0.035400 -0.008990 -0.060074
v -0.035400 -0.009114 -0.059731
v -0.035400 -0.009096 -0.059608
v -0.035400 -0.004128 -0.083687
v -0.035400 -0.004100 -0.083691
v -0.035400 -0.004100 -0.089914
v -0.035400 -0.003651 -0.083750
v -0.035400 -0.003174 -0.083687
v -0.035400 -0.003651 -0.052250
v -0.035400 -0.004100 -0.052309
v -0.035400 -0.004100 -0.046086
v -0.035400 -0.014513 -0.046086
v -0.035400 -0.003174 -0.052313
v -0.035400 -0.002026 -0.052685
v -0.035400 -0.002326 -0.052561
v -0.035400 -0.002810 -0.052361
v -0.035400 0.021139 -0.043841
v -0.035400 0.021250 -0.043000
v -0.035400 0.031983 -0.043166
v -0.035400 0.019625 -0.045815
v -0.035400 0.020298 -0.045298
v -0.035400 0.020815 -0.044625
v -0.035400 0.034958 -0.045094
v -0.035400 0.021960 -0.039777
v -0.035400 0.021250 -0.041052
v -0.035400 0.021250 -0.040252
v -0.035400 0.025434 -0.040487
v -0.035400 0.027106 -0.041052
v -0.035400 0.028792 -0.041622
v -0.035400 0.021469 -0.039839
v -0.035400 0.021577 -0.039783
v -0.035400 0.021378 -0.039919
v -0.035400 0.021265 -0.040132
v -0.035400 0.021308 -0.040018
v -0.035400 0.021695 -0.039755
v -0.035400 0.021817 -0.039757
v -0.035400 0.011530 -0.045352
v -0.035400 0.011918 -0.045301
v -0.035400 0.012280 -0.045151
v -0.035400 0.016375 -0.045815
v -0.035400 0.015702 -0.045298
v -0.035400 0.012590 -0.042791
v -0.035400 0.012280 -0.042553
v -0.035400 0.014750 -0.041052
v -0.035400 0.011918 -0.042403
v -0.035400 0.008851 -0.041052
v -0.035400 0.011530 -0.042352
v -0.035400 0.011141 -0.042403
v -0.035400 0.011141 -0.045301
v -0.035400 0.010081 -0.043464
v -0.035400 0.004814 -0.042737
v -0.035400 0.010230 -0.043102
v -0.035400 0.008001 -0.041311
v -0.035400 0.010469 -0.042791
v -0.035400 0.010780 -0.042553
v -0.035400 0.012590 -0.044913
v -0.035400 0.012829 -0.044602
v -0.035400 0.015185 -0.044625
v -0.035400 0.012978 -0.044240
v -0.035400 0.014861 -0.043841
v -0.035400 0.013030 -0.043852
v -0.035400 0.014750 -0.043000
v -0.035400 0.012978 -0.043464
v -0.035400 0.012829 -0.043102
v -0.035400 0.010030 -0.043852
v -0.035400 0.010081 -0.044240
v -0.035400 0.010230 -0.044602
v -0.035400 0.010469 -0.044913
v -0.035400 0.010780 -0.045151
v -0.035400 0.014692 -0.040018
v -0.035400 0.014735 -0.040132
v -0.035400 0.014183 -0.039757
v -0.035400 0.014750 -0.040252
v -0.035400 0.011392 -0.040277
v -0.035400 0.014305 -0.039755
v -0.035400 0.014423 -0.039783
v -0.035400 0.014531 -0.039839
v -0.035400 0.014622 -0.039919
v -0.035400 0.000902 -0.044954
v -0.035400 0.001336 -0.044818
v -0.035400 0.001734 -0.044598
v -0.035400 0.004765 -0.042759
v -0.035400 0.000450 -0.045000
v -0.035400 -0.004100 -0.045000
v -0.035400 -0.014513 -0.045000
v -0.035400 -0.024862 -0.046086
v -0.035400 -0.024205 -0.045853
v -0.035400 -0.021132 -0.045214
v -0.035400 -0.018000 -0.045000
v -0.035400 -0.034731 -0.052228
v -0.035400 -0.032515 -0.050159
v -0.035400 -0.028043 -0.052313
v -0.035400 -0.029950 -0.048348
v -0.035400 -0.028043 -0.047360
v -0.035400 -0.027163 -0.046904
v -0.035400 -0.034731 -0.052561
v -0.035400 -0.034819 -0.052313
v -0.035400 -0.034731 -0.052313
v -0.035400 -0.034809 -0.052301
v -0.035400 -0.037430 -0.055788
v -0.035400 -0.036790 -0.054736
v -0.035400 -0.035021 -0.052561
v -0.035400 -0.034731 -0.080212
v -0.035400 -0.037430 -0.080212
v -0.035400 -0.038421 -0.078582
v -0.035400 -0.039017 -0.077210
v -0.035400 -0.039672 -0.075702
v -0.035400 -0.035031 -0.069750
v -0.035400 -0.040519 -0.072679
v -0.035400 -0.035381 -0.068906
v -0.035400 -0.040946 -0.069570
v -0.035400 -0.035500 -0.068000
v -0.035400 -0.040946 -0.068000
v -0.035400 -0.035381 -0.067094
v -0.035400 -0.040946 -0.066430
v -0.035400 -0.040519 -0.063321
v -0.035400 -0.034809 -0.083699
v -0.035400 -0.034819 -0.083687
v -0.035400 -0.036790 -0.081264
v -0.035400 -0.024862 -0.089914
v -0.035400 -0.027163 -0.089096
v -0.035400 -0.028043 -0.088640
v -0.035400 -0.029950 -0.087652
v -0.035400 -0.014513 -0.091000
v -0.035400 -0.018000 -0.091000
v -0.035400 -0.014513 -0.089914
v -0.035400 -0.021132 -0.090786
v -0.035400 -0.024205 -0.090147
v -0.035400 -0.004100 -0.091000
v -0.035400 0.001734 -0.091402
v -0.035400 0.004765 -0.093241
v -0.035400 0.004814 -0.093263
v -0.035400 0.001336 -0.091182
v -0.035400 0.000902 -0.091046
v -0.035400 0.000450 -0.091000
v -0.035400 0.016375 -0.090185
v -0.035400 0.015702 -0.090702
v -0.035400 0.011392 -0.095723
v -0.035400 0.014750 -0.093000
v -0.035400 0.014750 -0.095748
v -0.035400 0.015185 -0.091375
v -0.035400 0.014861 -0.092159
v -0.035400 0.008001 -0.094688
v -0.035400 0.014735 -0.095868
v -0.035400 0.014692 -0.095982
v -0.035400 0.014622 -0.096082
v -0.035400 0.014531 -0.096161
v -0.035400 0.014423 -0.096217
v -0.035400 0.014305 -0.096245
v -0.035400 0.014183 -0.096243
v -0.035400 0.024082 -0.090699
v -0.035400 0.023720 -0.090849
v -0.035400 0.023410 -0.091087
v -0.035400 0.019625 -0.090185
v -0.035400 0.031983 -0.092834
v -0.035400 0.028792 -0.094378
v -0.035400 0.025770 -0.092898
v -0.035400 0.024470 -0.090648
v -0.035400 0.025531 -0.091087
v -0.035400 0.025220 -0.090849
v -0.035400 0.024859 -0.090699
v -0.035400 0.021139 -0.092159
v -0.035400 0.023022 -0.091760
v -0.035400 0.022970 -0.092148
v -0.035400 0.024470 -0.093648
v -0.035400 0.025434 -0.095514
v -0.035400 0.024082 -0.093597
v -0.035400 0.021960 -0.096224
v -0.035400 0.023720 -0.093447
v -0.035400 0.024859 -0.093597
v -0.035400 0.025220 -0.093447
v -0.035400 0.025531 -0.093209
v -0.035400 0.025919 -0.092536
v -0.035400 0.025970 -0.092148
v -0.035400 0.034958 -0.090906
v -0.035400 0.025919 -0.091760
v -0.035400 0.025770 -0.091398
v -0.035400 0.021250 -0.093000
v -0.035400 0.023022 -0.092536
v -0.035400 0.021250 -0.095748
v -0.035400 0.023171 -0.091398
v -0.035400 0.020815 -0.091375
v -0.035400 0.020298 -0.090702
v -0.035400 0.021695 -0.096245
v -0.035400 0.021577 -0.096217
v -0.035400 0.023410 -0.093209
v -0.035400 0.021817 -0.096243
v -0.035400 0.021469 -0.096161
v -0.035400 0.021378 -0.096082
v -0.035400 0.021308 -0.095982
v -0.035400 0.023171 -0.092898
v -0.035400 0.021265 -0.095868
v -0.035400 -0.033595 -0.077536
v -0.035400 -0.033794 -0.077795
v -0.035400 -0.033336 -0.077337
v -0.035400 -0.033919 -0.078097
v -0.035400 -0.033961 -0.078420
v -0.035400 -0.033919 -0.078744
v -0.035400 -0.033794 -0.079045
v -0.035400 -0.031461 -0.078420
v -0.035400 -0.031504 -0.078097
v -0.035400 -0.033035 -0.077213
v -0.035400 -0.031504 -0.078744
v -0.035400 -0.033595 -0.079304
v -0.035400 -0.033336 -0.079503
v -0.035400 -0.033035 -0.079627
v -0.035400 -0.032388 -0.079627
v -0.035400 -0.032086 -0.079503
v -0.035400 -0.031629 -0.077795
v -0.035400 -0.031827 -0.077536
v -0.035400 -0.032086 -0.077337
v -0.035400 -0.032388 -0.077213
v -0.035400 -0.032408 -0.077210
v -0.035400 -0.032711 -0.079670
v -0.035400 -0.031827 -0.079304
v -0.035400 -0.031629 -0.079045
v -0.028400 0.000450 -0.045000
v -0.035400 0.000450 -0.045000
v -0.028400 -0.003775 -0.045000
v -0.035400 -0.004100 -0.045000
v -0.028400 -0.006175 -0.045000
v -0.035400 -0.014513 -0.045000
v -0.028400 -0.017188 -0.045000
v -0.035400 -0.018000 -0.045000
v -0.028400 -0.018000 -0.045000
v -0.028400 -0.040946 -0.069570
v -0.035400 -0.040946 -0.069570
v -0.035400 -0.040519 -0.072679
v -0.035400 -0.021132 -0.045214
v -0.028400 -0.021132 -0.045214
v -0.035400 -0.024205 -0.045853
v -0.028400 -0.024205 -0.045853
v -0.028400 -0.024862 -0.046086
v -0.035400 -0.024862 -0.046086
v -0.028400 -0.026813 -0.046780
v -0.035400 -0.027163 -0.046904
v -0.028400 -0.027163 -0.046904
v -0.035400 -0.028043 -0.047360
v -0.028400 -0.029950 -0.048348
v -0.035400 -0.029950 -0.048348
v -0.028400 -0.031106 -0.049164
v -0.035400 -0.032515 -0.050159
v -0.028400 -0.032515 -0.050159
v -0.028400 -0.036790 -0.054736
v -0.028400 -0.035600 -0.053273
v -0.035400 -0.035021 -0.052561
v -0.028400 -0.033606 -0.051177
v -0.035400 -0.034731 -0.052228
v -0.028400 -0.034809 -0.052301
v -0.035400 -0.034809 -0.052301
v -0.035400 -0.034819 -0.052313
v -0.035400 -0.036790 -0.054736
v -0.035400 -0.037430 -0.055788
v -0.028400 -0.038421 -0.057418
v -0.035400 -0.038421 -0.057418
v -0.035400 -0.039672 -0.060298
v -0.035400 -0.040946 -0.068000
v -0.028400 -0.040946 -0.066430
v -0.035400 -0.040946 -0.066430
v -0.028400 -0.040519 -0.063321
v -0.035400 -0.040519 -0.063321
v -0.028400 -0.040370 -0.062790
v -0.028400 -0.039672 -0.060298
v -0.035400 -0.038421 -0.078582
v -0.028400 -0.038421 -0.078582
v -0.028400 -0.038680 -0.077985
v -0.035400 -0.039017 -0.077210
v -0.028400 -0.039672 -0.075702
v -0.035400 -0.039672 -0.075702
v -0.028400 -0.040370 -0.073210
v -0.028400 -0.040519 -0.072679
v -0.028400 -0.037430 -0.080212
v -0.035400 -0.037430 -0.080212
v -0.028400 -0.036790 -0.081264
v -0.035400 -0.036790 -0.081264
v -0.028400 -0.035600 -0.082727
v -0.035400 -0.034819 -0.083687
v -0.028400 -0.034809 -0.083699
v -0.035400 -0.034809 -0.083699
v -0.035400 -0.034731 -0.083772
v -0.028400 -0.033606 -0.084823
v -0.035400 -0.032515 -0.085841
v -0.028400 -0.032515 -0.085841
v -0.028400 -0.031984 -0.086217
v -0.035400 -0.029950 -0.087652
v -0.028400 -0.031106 -0.086836
v -0.028400 -0.029950 -0.087652
v -0.035400 -0.028043 -0.088640
v -0.028400 -0.027163 -0.089096
v -0.035400 -0.027163 -0.089096
v -0.028400 -0.026813 -0.089220
v -0.035400 -0.024862 -0.089914
v -0.028400 -0.024205 -0.090147
v -0.035400 -0.024205 -0.090147
v -0.035400 -0.021132 -0.090786
v -0.028400 -0.021132 -0.090786
v -0.028400 -0.018379 -0.090974
v -0.035400 -0.018000 -0.091000
v -0.028400 -0.018000 -0.091000
v -0.035400 -0.004100 -0.091000
v -0.035400 0.000450 -0.091000
v -0.028400 0.000450 -0.091000
v -0.028400 -0.017188 -0.091000
v -0.035400 -0.014513 -0.091000
v -0.028400 -0.006175 -0.091000
v -0.028400 -0.003775 -0.091000
v -0.035400 0.000902 -0.044954
v -0.028400 0.000902 -0.044954
v -0.035400 0.001336 -0.044818
v -0.028400 0.001336 -0.044818
v -0.035400 0.001336 -0.091182
v -0.028400 0.001336 -0.091182
v -0.035400 0.000902 -0.091046
v -0.028400 0.000902 -0.091046
v -0.029900 -0.007892 -0.072338
v -0.029900 -0.008972 -0.074284
v -0.028400 -0.008972 -0.074284
v -0.028400 -0.010421 -0.075973
v -0.029900 -0.010421 -0.075973
v -0.028400 -0.012181 -0.077335
v -0.029900 -0.012181 -0.077335
v -0.028400 -0.013506 -0.077985
v -0.029900 -0.014180 -0.078315
v -0.028400 -0.014180 -0.078315
v -0.028400 -0.016334 -0.078873
v -0.029900 -0.016334 -0.078873
v -0.028400 -0.017188 -0.078916
v -0.029900 -0.018557 -0.078986
v -0.028400 -0.018557 -0.078986
v -0.028400 -0.020757 -0.078649
v -0.029900 -0.020757 -0.078649
v -0.028400 -0.022550 -0.077985
v -0.029900 -0.022844 -0.077876
v -0.028400 -0.022844 -0.077876
v -0.028400 -0.024733 -0.076699
v -0.029900 -0.024733 -0.076699
v -0.028400 -0.026346 -0.075165
v -0.029900 -0.026346 -0.075165
v -0.028400 -0.026813 -0.074495
v -0.029900 -0.027618 -0.073338
v -0.028400 -0.027618 -0.073338
v -0.028400 -0.027673 -0.073210
v -0.029900 -0.028496 -0.071293
v -0.028400 -0.028496 -0.071293
v -0.028400 -0.028944 -0.069113
v -0.029900 -0.028944 -0.069113
v -0.028400 -0.028944 -0.066887
v -0.029900 -0.029000 -0.068000
v -0.029900 -0.028944 -0.066887
v -0.028400 -0.028496 -0.064707
v -0.029900 -0.028496 -0.064707
v -0.028400 -0.027673 -0.062790
v -0.029900 -0.027618 -0.062662
v -0.029900 -0.026346 -0.060835
v -0.028400 -0.026813 -0.061505
v -0.028400 -0.027618 -0.062662
v -0.029900 -0.016334 -0.057127
v -0.028400 -0.017188 -0.057084
v -0.029900 -0.018557 -0.057014
v -0.028400 -0.018557 -0.057014
v -0.029900 -0.020757 -0.057351
v -0.028400 -0.020757 -0.057351
v -0.029900 -0.022844 -0.058124
v -0.028400 -0.022844 -0.058124
v -0.029900 -0.024733 -0.059301
v -0.028400 -0.024733 -0.059301
v -0.028400 -0.026346 -0.060835
v -0.029900 -0.007892 -0.063662
v -0.028400 -0.008376 -0.062790
v -0.029900 -0.008972 -0.061716
v -0.028400 -0.008972 -0.061716
v -0.029900 -0.010421 -0.060027
v -0.028400 -0.010421 -0.060027
v -0.029900 -0.012181 -0.058665
v -0.028400 -0.012181 -0.058665
v -0.029900 -0.014180 -0.057685
v -0.028400 -0.014180 -0.057685
v -0.028400 -0.016334 -0.057127
v -0.028400 -0.008376 -0.073210
v -0.028400 -0.007892 -0.072338
v -0.029900 -0.007225 -0.070214
v -0.028400 -0.007225 -0.070214
v -0.029900 -0.007000 -0.068000
v -0.028400 -0.007000 -0.068000
v -0.029900 -0.007225 -0.065786
v -0.028400 -0.007225 -0.065786
v -0.028400 -0.007892 -0.063662
v -0.029900 -0.018557 -0.057014
v -0.029900 -0.017429 -0.056014
v -0.029900 -0.016334 -0.057127
v -0.029900 -0.015171 -0.056338
v -0.029900 -0.014180 -0.057685
v -0.029900 -0.013015 -0.057084
v -0.029900 -0.012181 -0.058665
v -0.029900 -0.011039 -0.058225
v -0.029900 -0.010421 -0.060027
v -0.029900 -0.009315 -0.059719
v -0.029900 -0.008972 -0.061716
v -0.029900 -0.007905 -0.061512
v -0.029900 -0.007892 -0.063662
v -0.029900 -0.006860 -0.063540
v -0.029900 -0.007225 -0.065786
v -0.029900 -0.006217 -0.065729
v -0.029900 -0.007000 -0.068000
v -0.029900 -0.006000 -0.068000
v -0.029900 -0.007225 -0.070214
v -0.029900 -0.006217 -0.070271
v -0.029900 -0.007892 -0.072338
v -0.029900 -0.006860 -0.072460
v -0.029900 -0.008972 -0.074284
v -0.029900 -0.007905 -0.074488
v -0.029900 -0.010421 -0.075973
v -0.029900 -0.009315 -0.076281
v -0.029900 -0.012181 -0.077335
v -0.029900 -0.011039 -0.077775
v -0.029900 -0.014180 -0.078315
v -0.029900 -0.013015 -0.078916
v -0.029900 -0.016334 -0.078873
v -0.029900 -0.015171 -0.079662
v -0.029900 -0.018557 -0.078986
v -0.029900 -0.017429 -0.079986
v -0.029900 -0.019708 -0.079878
v -0.029900 -0.020757 -0.078649
v -0.029900 -0.021925 -0.079340
v -0.029900 -0.022844 -0.077876
v -0.029900 -0.024000 -0.078392
v -0.029900 -0.024733 -0.076699
v -0.029900 -0.025858 -0.077069
v -0.029900 -0.026346 -0.075165
v -0.029900 -0.027433 -0.075418
v -0.029900 -0.027618 -0.073338
v -0.029900 -0.028666 -0.073499
v -0.029900 -0.028496 -0.071293
v -0.029900 -0.029514 -0.071381
v -0.029900 -0.028944 -0.069113
v -0.029900 -0.029946 -0.069141
v -0.029900 -0.029000 -0.068000
v -0.029900 -0.030000 -0.068000
v -0.029900 -0.028944 -0.066887
v -0.029900 -0.029946 -0.066859
v -0.029900 -0.028496 -0.064707
v -0.029900 -0.029514 -0.064619
v -0.029900 -0.027618 -0.062662
v -0.029900 -0.028666 -0.062501
v -0.029900 -0.026346 -0.060835
v -0.029900 -0.027433 -0.060582
v -0.029900 -0.024733 -0.059301
v -0.029900 -0.025858 -0.058931
v -0.029900 -0.022844 -0.058124
v -0.029900 -0.024000 -0.057608
v -0.029900 -0.020757 -0.057351
v -0.029900 -0.021925 -0.056660
v -0.029900 -0.019708 -0.056122
v -0.034900 -0.008990 -0.060074
v -0.035400 -0.008990 -0.060074
v -0.035400 -0.007905 -0.061512
v -0.034900 -0.015641 -0.079766
v -0.035400 -0.015641 -0.079766
v -0.035400 -0.017429 -0.079986
v -0.034900 -0.029369 -0.064160
v -0.035400 -0.029369 -0.064160
v -0.035400 -0.028666 -0.062501
v -0.035400 -0.015641 -0.056234
v -0.034900 -0.015641 -0.056234
v -0.029900 -0.017429 -0.056014
v -0.029900 -0.028666 -0.062501
v -0.034900 -0.029514 -0.064619
v -0.029900 -0.029514 -0.064619
v -0.034900 -0.029946 -0.066859
v -0.029900 -0.029946 -0.066859
v -0.029900 -0.030000 -0.068000
v -0.034900 -0.029946 -0.069141
v -0.029900 -0.029946 -0.069141
v -0.034900 -0.029514 -0.071381
v -0.029900 -0.029514 -0.071381
v -0.034900 -0.029369 -0.071840
v -0.029900 -0.028666 -0.073499
v -0.035400 -0.029369 -0.071840
v -0.029900 -0.017429 -0.079986
v -0.029900 -0.015171 -0.079662
v -0.034900 -0.015171 -0.079662
v -0.034900 -0.013015 -0.078916
v -0.029900 -0.013015 -0.078916
v -0.034900 -0.011039 -0.077775
v -0.029900 -0.011039 -0.077775
v -0.034900 -0.009315 -0.076281
v -0.029900 -0.009315 -0.076281
v -0.034900 -0.008990 -0.075926
v -0.029900 -0.007905 -0.074488
v -0.035400 -0.008990 -0.075926
v -0.029900 -0.015171 -0.056338
v -0.034900 -0.015171 -0.056338
v -0.029900 -0.013015 -0.057084
v -0.034900 -0.013015 -0.057084
v -0.029900 -0.011039 -0.058225
v -0.034900 -0.011039 -0.058225
v -0.029900 -0.009315 -0.059719
v -0.034900 -0.009315 -0.059719
v -0.029900 -0.007905 -0.061512
v -0.029900 -0.019708 -0.079878
v -0.035400 -0.019708 -0.079878
v -0.029900 -0.021925 -0.079340
v -0.035400 -0.021925 -0.079340
v -0.029900 -0.024000 -0.078392
v -0.035400 -0.024000 -0.078392
v -0.035400 -0.025660 -0.077210
v -0.029900 -0.025858 -0.077069
v -0.035400 -0.025858 -0.077069
v -0.029900 -0.027433 -0.075418
v -0.035400 -0.027433 -0.075418
v -0.035400 -0.028043 -0.074468
v -0.035400 -0.028666 -0.073499
v -0.035400 -0.028043 -0.061532
v -0.029900 -0.027433 -0.060582
v -0.035400 -0.027433 -0.060582
v -0.029900 -0.025858 -0.058931
v -0.035400 -0.025858 -0.058931
v -0.029900 -0.024000 -0.057608
v -0.035400 -0.024000 -0.057608
v -0.029900 -0.021925 -0.056660
v -0.035400 -0.021925 -0.056660
v -0.029900 -0.019708 -0.056122
v -0.035400 -0.019708 -0.056122
v -0.035400 -0.017429 -0.056014
v -0.029900 -0.006860 -0.063540
v -0.035400 -0.006860 -0.063540
v -0.029900 -0.006217 -0.065729
v -0.035400 -0.006217 -0.065729
v -0.029900 -0.006000 -0.068000
v -0.035400 -0.006000 -0.068000
v -0.029900 -0.006217 -0.070271
v -0.035400 -0.006217 -0.070271
v -0.029900 -0.006860 -0.072460
v -0.035400 -0.006860 -0.072460
v -0.035400 -0.007905 -0.074488
v -0.028400 0.008454 -0.086238
v -0.028400 0.008425 -0.086347
v -0.035400 0.008454 -0.086238
v -0.035400 0.008425 -0.086347
v -0.028400 0.012547 -0.088054
v -0.035400 0.012547 -0.088054
v -0.028400 0.012190 -0.088520
v -0.035400 0.012190 -0.088520
v -0.028400 0.011724 -0.088878
v -0.035400 0.011724 -0.088878
v -0.028400 0.011181 -0.089103
v -0.035400 0.011181 -0.089103
v -0.028400 0.010599 -0.089179
v -0.035400 0.010599 -0.089179
v -0.028400 0.010016 -0.089103
v -0.035400 0.010016 -0.089103
v -0.028400 0.009474 -0.088878
v -0.035400 0.009474 -0.088878
v -0.028400 0.009008 -0.088520
v -0.035400 0.009008 -0.088520
v -0.028400 0.008650 -0.088054
v -0.035400 0.008650 -0.088054
v -0.028400 0.008425 -0.087512
v -0.035400 0.008425 -0.087512
v -0.028400 0.008349 -0.086929
v -0.035400 0.008349 -0.086929
v -0.028400 0.008425 -0.049653
v -0.035400 0.008425 -0.049653
v -0.028400 0.008349 -0.049071
v -0.035400 0.008349 -0.049071
v -0.028400 0.008425 -0.048488
v -0.035400 0.008425 -0.048488
v -0.028400 0.008650 -0.047946
v -0.035400 0.008650 -0.047946
v -0.028400 0.009008 -0.047480
v -0.035400 0.009008 -0.047480
v -0.028400 0.009474 -0.047122
v -0.035400 0.009474 -0.047122
v -0.028400 0.010016 -0.046897
v -0.035400 0.010016 -0.046897
v -0.028400 0.010599 -0.046821
v -0.035400 0.010599 -0.046821
v -0.028400 0.011181 -0.046897
v -0.035400 0.011181 -0.046897
v -0.028400 0.011724 -0.047122
v -0.035400 0.011724 -0.047122
v -0.028400 0.012190 -0.047480
v -0.035400 0.012190 -0.047480
v -0.028400 0.012547 -0.047946
v -0.035400 0.012547 -0.047946
v -0.035400 0.008454 -0.049762
v -0.028400 0.008454 -0.049762
v -0.028400 0.008458 -0.086217
v -0.035400 0.008471 -0.086129
v -0.028400 0.008471 -0.086129
v -0.035400 0.008463 -0.086019
v -0.028400 0.008463 -0.086019
v -0.035400 0.008432 -0.085913
v -0.028400 0.008432 -0.085913
v -0.035400 0.008378 -0.085817
v -0.028400 0.008378 -0.085817
v -0.035400 0.008304 -0.085735
v -0.028400 0.008304 -0.085735
v -0.028400 0.008471 -0.049871
v -0.035400 0.008471 -0.049871
v -0.028400 0.008463 -0.049981
v -0.035400 0.008463 -0.049981
v -0.028400 0.008432 -0.050087
v -0.035400 0.008432 -0.050087
v -0.028400 0.008378 -0.050183
v -0.035400 0.008378 -0.050183
v -0.028400 0.008304 -0.050265
v -0.035400 0.008304 -0.050265
v -0.028400 0.013569 -0.050073
v -0.035400 0.013569 -0.050073
v -0.028400 0.013442 -0.050053
v -0.035400 0.013442 -0.050053
v -0.028400 0.013324 -0.050002
v -0.035400 0.013324 -0.050002
v -0.028400 0.013223 -0.049923
v -0.035400 0.013223 -0.049923
v -0.028400 0.013146 -0.049821
v -0.035400 0.013146 -0.049821
v -0.028400 0.013131 -0.086217
v -0.035400 0.013146 -0.086179
v -0.028400 0.013146 -0.086179
v -0.028400 0.013223 -0.086077
v -0.035400 0.013223 -0.086077
v -0.028400 0.013324 -0.085998
v -0.035400 0.013324 -0.085998
v -0.028400 0.013442 -0.085947
v -0.035400 0.013442 -0.085947
v -0.028400 0.013569 -0.085928
v -0.035400 0.013569 -0.085928
v -0.034900 -0.012250 -0.055876
v -0.028400 -0.012250 -0.055876
v -0.034900 -0.012207 -0.056199
v -0.028400 -0.012207 -0.056199
v -0.034900 -0.012083 -0.056501
v -0.028400 -0.012083 -0.056501
v -0.034900 -0.011884 -0.056759
v -0.028400 -0.011884 -0.056759
v -0.034900 -0.011625 -0.056958
v -0.028400 -0.011625 -0.056958
v -0.034900 -0.011324 -0.057083
v -0.028400 -0.011324 -0.057083
v -0.034900 -0.011000 -0.057126
v -0.028400 -0.011000 -0.057126
v -0.034900 -0.010677 -0.057083
v -0.028400 -0.010677 -0.057083
v -0.034900 -0.010375 -0.056958
v -0.028400 -0.010375 -0.056958
v -0.034900 -0.010116 -0.056759
v -0.028400 -0.010116 -0.056759
v -0.034900 -0.009918 -0.056501
v -0.028400 -0.009918 -0.056501
v -0.034900 -0.009793 -0.056199
v -0.028400 -0.009793 -0.056199
v -0.034900 -0.009750 -0.055876
v -0.028400 -0.009750 -0.055876
v -0.034900 -0.009793 -0.055552
v -0.028400 -0.009793 -0.055552
v -0.034900 -0.009918 -0.055251
v -0.028400 -0.009918 -0.055251
v -0.034900 -0.010116 -0.054992
v -0.028400 -0.010116 -0.054992
v -0.034900 -0.010375 -0.054793
v -0.028400 -0.010375 -0.054793
v -0.034900 -0.010677 -0.054668
v -0.028400 -0.010677 -0.054668
v -0.034900 -0.011000 -0.054626
v -0.028400 -0.011000 -0.054626
v -0.034900 -0.011324 -0.054668
v -0.028400 -0.011324 -0.054668
v -0.034900 -0.011625 -0.054793
v -0.028400 -0.011625 -0.054793
v -0.034900 -0.011884 -0.054992
v -0.028400 -0.011884 -0.054992
v -0.034900 -0.012083 -0.055251
v -0.028400 -0.012083 -0.055251
v -0.034900 -0.012207 -0.055552
v -0.028400 -0.012207 -0.055552
v -0.034900 -0.012250 -0.080124
v -0.028400 -0.012239 -0.080212
v -0.034900 -0.012207 -0.080448
v -0.028400 -0.012207 -0.080448
v -0.034900 -0.012083 -0.080749
v -0.028400 -0.012083 -0.080749
v -0.034900 -0.011884 -0.081008
v -0.028400 -0.011884 -0.081008
v -0.034900 -0.011625 -0.081207
v -0.028400 -0.011625 -0.081207
v -0.034900 -0.011324 -0.081332
v -0.028400 -0.011324 -0.081332
v -0.034900 -0.011000 -0.081374
v -0.028400 -0.011000 -0.081374
v -0.034900 -0.010677 -0.081332
v -0.028400 -0.010677 -0.081332
v -0.034900 -0.010375 -0.081207
v -0.028400 -0.010375 -0.081207
v -0.034900 -0.010116 -0.081008
v -0.028400 -0.010116 -0.081008
v -0.034900 -0.009918 -0.080749
v -0.028400 -0.009918 -0.080749
v -0.034900 -0.009793 -0.080448
v -0.028400 -0.009793 -0.080448
v -0.028400 -0.009762 -0.080212
v -0.034900 -0.009750 -0.080124
v -0.028400 -0.009750 -0.080124
v -0.034900 -0.009793 -0.079801
v -0.028400 -0.009793 -0.079801
v -0.034900 -0.009918 -0.079499
v -0.028400 -0.009918 -0.079499
v -0.034900 -0.010116 -0.079241
v -0.028400 -0.010116 -0.079241
v -0.034900 -0.010375 -0.079042
v -0.028400 -0.010375 -0.079042
v -0.034900 -0.010677 -0.078917
v -0.028400 -0.010677 -0.078917
v -0.034900 -0.011000 -0.078874
v -0.028400 -0.011000 -0.078874
v -0.034900 -0.011324 -0.078917
v -0.028400 -0.011324 -0.078917
v -0.034900 -0.011625 -0.079042
v -0.028400 -0.011625 -0.079042
v -0.034900 -0.011884 -0.079241
v -0.028400 -0.011884 -0.079241
v -0.034900 -0.012083 -0.079499
v -0.028400 -0.012083 -0.079499
v -0.034900 -0.012207 -0.079801
v -0.028400 -0.012207 -0.079801
v -0.028400 -0.012250 -0.080124
v -0.034900 -0.030918 -0.068625
v -0.028400 -0.030918 -0.068625
v -0.034900 -0.030793 -0.068324
v -0.028400 -0.030793 -0.068324
v -0.034900 -0.030750 -0.068000
v -0.028400 -0.030750 -0.068000
v -0.034900 -0.030793 -0.067676
v -0.028400 -0.030793 -0.067676
v -0.034900 -0.030918 -0.067375
v -0.028400 -0.030918 -0.067375
v -0.028400 -0.031106 -0.067130
v -0.034900 -0.031116 -0.067116
v -0.028400 -0.031116 -0.067116
v -0.034900 -0.031375 -0.066917
v -0.028400 -0.031375 -0.066917
v -0.034900 -0.031677 -0.066793
v -0.028400 -0.031677 -0.066793
v -0.034900 -0.032000 -0.066750
v -0.028400 -0.032000 -0.066750
v -0.034900 -0.032324 -0.066793
v -0.028400 -0.032324 -0.066793
v -0.034900 -0.032625 -0.066917
v -0.028400 -0.032625 -0.066917
v -0.034900 -0.032884 -0.067116
v -0.028400 -0.032884 -0.067116
v -0.034900 -0.033083 -0.067375
v -0.028400 -0.033083 -0.067375
v -0.034900 -0.033207 -0.067676
v -0.028400 -0.033207 -0.067676
v -0.034900 -0.033250 -0.068000
v -0.028400 -0.033250 -0.068000
v -0.034900 -0.033207 -0.068324
v -0.028400 -0.033207 -0.068324
v -0.034900 -0.033083 -0.068625
v -0.028400 -0.033083 -0.068625
v -0.034900 -0.032884 -0.068884
v -0.028400 -0.032884 -0.068884
v -0.034900 -0.032625 -0.069083
v -0.028400 -0.032625 -0.069083
v -0.034900 -0.032324 -0.069207
v -0.028400 -0.032324 -0.069207
v -0.034900 -0.032000 -0.069250
v -0.028400 -0.032000 -0.069250
v -0.034900 -0.031677 -0.069207
v -0.028400 -0.031677 -0.069207
v -0.034900 -0.031375 -0.069083
v -0.028400 -0.031375 -0.069083
v -0.034900 -0.031116 -0.068884
v -0.028400 -0.031116 -0.068884
v -0.028400 -0.031106 -0.068870
v -0.034900 -0.007969 -0.078374
v -0.035400 -0.007969 -0.078374
v -0.034900 -0.007619 -0.079218
v -0.035400 -0.007619 -0.079218
v -0.034900 -0.007500 -0.080124
v -0.035400 -0.007500 -0.080124
v -0.035400 -0.007512 -0.080212
v -0.034900 -0.007619 -0.081030
v -0.035400 -0.007619 -0.081030
v -0.034900 -0.007969 -0.081874
v -0.035400 -0.007969 -0.081874
v -0.034900 -0.008525 -0.082599
v -0.035400 -0.008525 -0.082599
v -0.034900 -0.009250 -0.083155
v -0.035400 -0.009250 -0.083155
v -0.034900 -0.010094 -0.083505
v -0.035400 -0.010094 -0.083505
v -0.034900 -0.011000 -0.083624
v -0.035400 -0.011000 -0.083624
v -0.034900 -0.011906 -0.083505
v -0.035400 -0.011906 -0.083505
v -0.034900 -0.012750 -0.083155
v -0.035400 -0.012750 -0.083155
v -0.034900 -0.013475 -0.082599
v -0.035400 -0.013475 -0.082599
v -0.034900 -0.014031 -0.081874
v -0.035400 -0.014031 -0.081874
v -0.035400 -0.008641 -0.077210
v -0.034900 -0.009048 -0.076506
v -0.035400 -0.009048 -0.076506
v -0.035400 -0.014991 -0.080212
v -0.035400 -0.015110 -0.080006
v -0.034900 -0.015110 -0.080006
v -0.035400 -0.014513 -0.081040
v -0.034900 -0.015282 -0.079830
v -0.034900 -0.015395 -0.079778
v -0.034900 -0.015171 -0.079662
v -0.034900 -0.015517 -0.079757
v -0.034900 -0.015641 -0.079766
v -0.034900 -0.011039 -0.077775
v -0.034900 -0.011324 -0.078917
v -0.034900 -0.013015 -0.078916
v -0.034900 -0.011625 -0.079042
v -0.034900 -0.009315 -0.076281
v -0.034900 -0.010677 -0.078917
v -0.034900 -0.011000 -0.078874
v -0.034900 -0.012207 -0.079801
v -0.034900 -0.012083 -0.079499
v -0.034900 -0.011884 -0.079241
v -0.034900 -0.015185 -0.079907
v -0.034900 -0.015110 -0.080006
v -0.034900 -0.012250 -0.080124
v -0.034900 -0.014031 -0.081874
v -0.034900 -0.008990 -0.075926
v -0.034900 -0.009060 -0.076029
v -0.034900 -0.007969 -0.078374
v -0.034900 -0.010116 -0.079241
v -0.034900 -0.009048 -0.076506
v -0.034900 -0.010375 -0.079042
v -0.034900 -0.009096 -0.076392
v -0.034900 -0.009114 -0.076269
v -0.034900 -0.009102 -0.076145
v -0.034900 -0.012207 -0.080448
v -0.034900 -0.012083 -0.080749
v -0.034900 -0.013475 -0.082599
v -0.034900 -0.011884 -0.081008
v -0.034900 -0.012750 -0.083155
v -0.034900 -0.011625 -0.081207
v -0.034900 -0.011906 -0.083505
v -0.034900 -0.011324 -0.081332
v -0.034900 -0.011000 -0.083624
v -0.034900 -0.011000 -0.081374
v -0.034900 -0.010094 -0.083505
v -0.034900 -0.010677 -0.081332
v -0.034900 -0.009250 -0.083155
v -0.034900 -0.010375 -0.081207
v -0.034900 -0.008525 -0.082599
v -0.034900 -0.010116 -0.081008
v -0.034900 -0.007969 -0.081874
v -0.034900 -0.009918 -0.080749
v -0.034900 -0.007619 -0.081030
v -0.034900 -0.009793 -0.080448
v -0.034900 -0.007500 -0.080124
v -0.034900 -0.009750 -0.080124
v -0.034900 -0.007619 -0.079218
v -0.034900 -0.009793 -0.079801
v -0.034900 -0.009918 -0.079499
v -0.034900 -0.015171 -0.056338
v -0.034900 -0.015641 -0.056234
v -0.034900 -0.015517 -0.056243
v -0.034900 -0.013015 -0.057084
v -0.034900 -0.012207 -0.056199
v -0.034900 -0.014031 -0.054126
v -0.034900 -0.013475 -0.053401
v -0.034900 -0.011884 -0.054992
v -0.034900 -0.011625 -0.054793
v -0.034900 -0.012750 -0.052845
v -0.034900 -0.011324 -0.054668
v -0.034900 -0.011906 -0.052495
v -0.034900 -0.011000 -0.054626
v -0.034900 -0.011000 -0.052376
v -0.034900 -0.010677 -0.054668
v -0.034900 -0.010094 -0.052495
v -0.034900 -0.010375 -0.054793
v -0.034900 -0.009250 -0.052845
v -0.034900 -0.010116 -0.054992
v -0.034900 -0.008525 -0.053401
v -0.034900 -0.009918 -0.055251
v -0.034900 -0.007969 -0.054126
v -0.034900 -0.009793 -0.055552
v -0.034900 -0.007619 -0.054970
v -0.034900 -0.009750 -0.055876
v -0.034900 -0.007500 -0.055876
v -0.034900 -0.009793 -0.056199
v -0.034900 -0.007619 -0.056782
v -0.034900 -0.009918 -0.056501
v -0.034900 -0.007969 -0.057626
v -0.034900 -0.010116 -0.056759
v -0.034900 -0.011625 -0.056958
v -0.034900 -0.011039 -0.058225
v -0.034900 -0.011884 -0.056759
v -0.034900 -0.012083 -0.056501
v -0.034900 -0.009060 -0.059971
v -0.034900 -0.008990 -0.060074
v -0.034900 -0.009315 -0.059719
v -0.034900 -0.012083 -0.055251
v -0.034900 -0.012207 -0.055552
v -0.034900 -0.015110 -0.055994
v -0.034900 -0.012250 -0.055876
v -0.034900 -0.015185 -0.056093
v -0.034900 -0.015282 -0.056170
v -0.034900 -0.015395 -0.056222
v -0.034900 -0.010677 -0.057083
v -0.034900 -0.011000 -0.057126
v -0.034900 -0.011324 -0.057083
v -0.034900 -0.009102 -0.059855
v -0.034900 -0.010375 -0.056958
v -0.034900 -0.009048 -0.059494
v -0.034900 -0.009096 -0.059608
v -0.034900 -0.009114 -0.059731
v -0.034900 -0.009048 -0.059494
v -0.034900 -0.007969 -0.057626
v -0.035400 -0.009048 -0.059494
v -0.035400 -0.007969 -0.057626
v -0.034900 -0.015110 -0.055994
v -0.035400 -0.015110 -0.055994
v -0.035400 -0.014991 -0.055788
v -0.034900 -0.014031 -0.054126
v -0.035400 -0.014513 -0.054961
v -0.035400 -0.014031 -0.054126
v -0.034900 -0.013475 -0.053401
v -0.035400 -0.013475 -0.053401
v -0.034900 -0.012750 -0.052845
v -0.035400 -0.012750 -0.052845
v -0.035400 -0.012065 -0.052561
v -0.034900 -0.011906 -0.052495
v -0.035400 -0.011906 -0.052495
v -0.034900 -0.011000 -0.052376
v -0.035400 -0.011000 -0.052376
v -0.034900 -0.010094 -0.052495
v -0.035400 -0.010094 -0.052495
v -0.035400 -0.009935 -0.052561
v -0.034900 -0.009250 -0.052845
v -0.035400 -0.009250 -0.052845
v -0.034900 -0.008525 -0.053401
v -0.035400 -0.008525 -0.053401
v -0.034900 -0.007969 -0.054126
v -0.035400 -0.007969 -0.054126
v -0.034900 -0.007619 -0.054970
v -0.035400 -0.007619 -0.054970
v -0.035400 -0.007512 -0.055788
v -0.034900 -0.007500 -0.055876
v -0.035400 -0.007500 -0.055876
v -0.034900 -0.007619 -0.056782
v -0.035400 -0.007619 -0.056782
v -0.034900 -0.029946 -0.069141
v -0.034900 -0.029514 -0.071381
v -0.034900 -0.031116 -0.068884
v -0.034900 -0.030750 -0.068000
v -0.034900 -0.029946 -0.066859
v -0.034900 -0.030793 -0.068324
v -0.034900 -0.030918 -0.068625
v -0.034900 -0.032000 -0.071500
v -0.034900 -0.032906 -0.071381
v -0.034900 -0.032324 -0.069207
v -0.034900 -0.029369 -0.071840
v -0.034900 -0.029423 -0.071728
v -0.034900 -0.030793 -0.067676
v -0.034900 -0.030918 -0.067375
v -0.034900 -0.029514 -0.064619
v -0.034900 -0.031116 -0.067116
v -0.034900 -0.032625 -0.069083
v -0.034900 -0.033750 -0.071031
v -0.034900 -0.032884 -0.068884
v -0.034900 -0.034475 -0.070475
v -0.034900 -0.033083 -0.068625
v -0.034900 -0.035031 -0.069750
v -0.034900 -0.033207 -0.068324
v -0.034900 -0.035381 -0.068906
v -0.034900 -0.033250 -0.068000
v -0.034900 -0.035500 -0.068000
v -0.034900 -0.033207 -0.067676
v -0.034900 -0.035381 -0.067094
v -0.034900 -0.033083 -0.067375
v -0.034900 -0.035031 -0.066250
v -0.034900 -0.032884 -0.067116
v -0.034900 -0.034475 -0.065525
v -0.034900 -0.032625 -0.066917
v -0.034900 -0.033750 -0.064969
v -0.034900 -0.032324 -0.066793
v -0.034900 -0.032906 -0.064619
v -0.034900 -0.032000 -0.066750
v -0.034900 -0.032000 -0.064500
v -0.034900 -0.031677 -0.066793
v -0.034900 -0.029369 -0.064160
v -0.034900 -0.029423 -0.064272
v -0.034900 -0.029503 -0.064367
v -0.034900 -0.032000 -0.069250
v -0.034900 -0.031677 -0.069207
v -0.034900 -0.029843 -0.071500
v -0.034900 -0.031375 -0.069083
v -0.034900 -0.029720 -0.071515
v -0.034900 -0.029604 -0.071561
v -0.034900 -0.029503 -0.071633
v -0.034900 -0.031375 -0.066917
v -0.034900 -0.029843 -0.064500
v -0.034900 -0.029720 -0.064485
v -0.034900 -0.029604 -0.064439
v -0.034900 -0.029843 -0.064500
v -0.034900 -0.032000 -0.064500
v -0.035400 -0.029843 -0.064500
v -0.035400 -0.032000 -0.064500
v -0.035400 -0.029843 -0.071500
v -0.035400 -0.032000 -0.071500
v -0.034900 -0.029843 -0.071500
v -0.034900 -0.032000 -0.071500
v -0.034900 -0.032906 -0.071381
v -0.035400 -0.032906 -0.071381
v -0.034900 -0.033750 -0.071031
v -0.035400 -0.033750 -0.071031
v -0.034900 -0.034475 -0.070475
v -0.035400 -0.034475 -0.070475
v -0.035400 -0.034731 -0.070142
v -0.034900 -0.035031 -0.069750
v -0.035400 -0.035031 -0.069750
v -0.034900 -0.035381 -0.068906
v -0.035400 -0.035381 -0.068906
v -0.034900 -0.035500 -0.068000
v -0.035400 -0.035500 -0.068000
v -0.034900 -0.035381 -0.067094
v -0.035400 -0.035381 -0.067094
v -0.034900 -0.035031 -0.066250
v -0.035400 -0.035031 -0.066250
v -0.034900 -0.034475 -0.065525
v -0.035400 -0.034731 -0.065858
v -0.035400 -0.034475 -0.065525
v -0.034900 -0.033750 -0.064969
v -0.035400 -0.033750 -0.064969
v -0.034900 -0.032906 -0.064619
v -0.035400 -0.032906 -0.064619
v -0.031900 0.018426 -0.039503
v -0.031900 0.021817 -0.039757
v -0.031900 0.021695 -0.039755
v -0.031900 0.014885 -0.039671
v -0.031900 0.016798 -0.041798
v -0.031900 0.016528 -0.042150
v -0.031900 0.021577 -0.039783
v -0.031900 0.021469 -0.039839
v -0.031900 0.018440 -0.041358
v -0.031900 0.018000 -0.041300
v -0.031900 0.017560 -0.041358
v -0.031900 0.017150 -0.041528
v -0.031900 0.019202 -0.041798
v -0.031900 0.018850 -0.041528
v -0.031900 0.014305 -0.039755
v -0.031900 0.014183 -0.039757
v -0.031900 0.021250 -0.043000
v -0.031900 0.019642 -0.042560
v -0.031900 0.021250 -0.040252
v -0.031900 0.019472 -0.042150
v -0.031900 0.021265 -0.040132
v -0.031900 0.021308 -0.040018
v -0.031900 0.014750 -0.043000
v -0.031900 0.016300 -0.043000
v -0.031900 0.014861 -0.043841
v -0.031900 0.016358 -0.043440
v -0.031900 0.015185 -0.044625
v -0.031900 0.016528 -0.043850
v -0.031900 0.015702 -0.045298
v -0.031900 0.016798 -0.044202
v -0.031900 0.016375 -0.045815
v -0.031900 0.017150 -0.044472
v -0.031900 0.017159 -0.046139
v -0.031900 0.017560 -0.044642
v -0.031900 0.018000 -0.046250
v -0.031900 0.018000 -0.044700
v -0.031900 0.018841 -0.046139
v -0.031900 0.018440 -0.044642
v -0.031900 0.019625 -0.045815
v -0.031900 0.018850 -0.044472
v -0.031900 0.020298 -0.045298
v -0.031900 0.019202 -0.044202
v -0.031900 0.020815 -0.044625
v -0.031900 0.019472 -0.043850
v -0.031900 0.021139 -0.043841
v -0.031900 0.019642 -0.043440
v -0.031900 0.019700 -0.043000
v -0.031900 0.014735 -0.040132
v -0.031900 0.014692 -0.040018
v -0.031900 0.014622 -0.039919
v -0.031900 0.014531 -0.039839
v -0.031900 0.014423 -0.039783
v -0.031900 0.014750 -0.040252
v -0.031900 0.016358 -0.042560
v -0.035400 0.021250 -0.043000
v -0.031900 0.021250 -0.043000
v -0.035400 0.021250 -0.041052
v -0.031900 0.021250 -0.040252
v -0.035400 0.021250 -0.040252
v -0.035400 0.014750 -0.040252
v -0.031900 0.014750 -0.040252
v -0.035400 0.014750 -0.041052
v -0.031900 0.014750 -0.043000
v -0.035400 0.014750 -0.043000
v -0.031900 0.021139 -0.043841
v -0.035400 0.021139 -0.043841
v -0.031900 0.020815 -0.044625
v -0.035400 0.020815 -0.044625
v -0.031900 0.020298 -0.045298
v -0.035400 0.020298 -0.045298
v -0.031900 0.019625 -0.045815
v -0.035400 0.019625 -0.045815
v -0.035400 0.018969 -0.046086
v -0.031900 0.018841 -0.046139
v -0.035400 0.018841 -0.046139
v -0.031900 0.018000 -0.046250
v -0.035400 0.018000 -0.046250
v -0.031900 0.017159 -0.046139
v -0.035400 0.017159 -0.046139
v -0.035400 0.017031 -0.046086
v -0.031900 0.016375 -0.045815
v -0.035400 0.016375 -0.045815
v -0.031900 0.015702 -0.045298
v -0.035400 0.015702 -0.045298
v -0.031900 0.015185 -0.044625
v -0.035400 0.015185 -0.044625
v -0.031900 0.014861 -0.043841
v -0.035400 0.014861 -0.043841
v -0.031900 0.041276 -0.058315
v -0.035400 0.041276 -0.058315
v -0.031900 0.040492 -0.058639
v -0.035400 0.040492 -0.058639
v -0.031900 0.039651 -0.058750
v -0.035400 0.039651 -0.058750
v -0.031900 0.038809 -0.058639
v -0.035400 0.038809 -0.058639
v -0.031900 0.038026 -0.058315
v -0.035400 0.038026 -0.058315
v -0.031900 0.037352 -0.057798
v -0.035400 0.037352 -0.057798
v -0.031900 0.036836 -0.057125
v -0.035400 0.036836 -0.057125
v -0.031900 0.036511 -0.056341
v -0.035400 0.036511 -0.056341
v -0.035400 0.036439 -0.055788
v -0.031900 0.036401 -0.055500
v -0.035400 0.036401 -0.055500
v -0.031900 0.036511 -0.054659
v -0.035400 0.036511 -0.054659
v -0.031900 0.036836 -0.053875
v -0.035400 0.036836 -0.053875
v -0.031900 0.037352 -0.053202
v -0.035400 0.037352 -0.053202
v -0.031900 0.038026 -0.052685
v -0.035400 0.038026 -0.052685
v -0.035400 0.040405 -0.051312
v -0.031900 0.040405 -0.051312
v -0.035400 0.038671 -0.052313
v -0.035400 0.038241 -0.052561
v -0.035400 0.043655 -0.056941
v -0.031900 0.043655 -0.056941
v -0.031900 0.040501 -0.056972
v -0.031900 0.040853 -0.056702
v -0.031900 0.041276 -0.058315
v -0.031900 0.040613 -0.050677
v -0.031900 0.040551 -0.050573
v -0.031900 0.042145 -0.052859
v -0.031900 0.044368 -0.057184
v -0.031900 0.044308 -0.057078
v -0.031900 0.043838 -0.055973
v -0.031900 0.044225 -0.056990
v -0.031900 0.044123 -0.056924
v -0.031900 0.043655 -0.056941
v -0.031900 0.041123 -0.056350
v -0.031900 0.043767 -0.056893
v -0.031900 0.041293 -0.055940
v -0.031900 0.043887 -0.056874
v -0.031900 0.041123 -0.054650
v -0.031900 0.041293 -0.055060
v -0.031900 0.041351 -0.055500
v -0.031900 0.044008 -0.056884
v -0.031900 0.040091 -0.057142
v -0.031900 0.040492 -0.058639
v -0.031900 0.039651 -0.057200
v -0.031900 0.039651 -0.058750
v -0.031900 0.039211 -0.057142
v -0.031900 0.038809 -0.058639
v -0.031900 0.038801 -0.056972
v -0.031900 0.038026 -0.058315
v -0.031900 0.038449 -0.056702
v -0.031900 0.037352 -0.057798
v -0.031900 0.038178 -0.056350
v -0.031900 0.036836 -0.057125
v -0.031900 0.038009 -0.055940
v -0.031900 0.036511 -0.056341
v -0.031900 0.037951 -0.055500
v -0.031900 0.036401 -0.055500
v -0.031900 0.038009 -0.055060
v -0.031900 0.036511 -0.054659
v -0.031900 0.038178 -0.054650
v -0.031900 0.036836 -0.053875
v -0.031900 0.038449 -0.054298
v -0.031900 0.037352 -0.053202
v -0.031900 0.038801 -0.054028
v -0.031900 0.038026 -0.052685
v -0.031900 0.039211 -0.053858
v -0.031900 0.040853 -0.054298
v -0.031900 0.040501 -0.054028
v -0.031900 0.040091 -0.053858
v -0.031900 0.039651 -0.053800
v -0.031900 0.040405 -0.051312
v -0.031900 0.040502 -0.051239
v -0.031900 0.040579 -0.051144
v -0.031900 0.040654 -0.050915
v -0.031900 0.040648 -0.050794
v -0.031900 -0.002810 -0.083639
v -0.035400 -0.003174 -0.083687
v -0.031900 -0.003651 -0.083750
v -0.035400 -0.003651 -0.083750
v -0.031900 -0.004492 -0.083639
v -0.035400 -0.004100 -0.083691
v -0.035400 -0.004128 -0.083687
v -0.035400 -0.004492 -0.083639
v -0.031900 -0.005276 -0.083315
v -0.035400 -0.005276 -0.083315
v -0.031900 -0.005949 -0.082798
v -0.035400 -0.005949 -0.082798
v -0.031900 -0.006465 -0.082125
v -0.035400 -0.006465 -0.082125
v -0.031900 -0.006790 -0.081341
v -0.035400 -0.006790 -0.081341
v -0.031900 -0.006901 -0.080500
v -0.035400 -0.006901 -0.080500
v -0.035400 -0.006863 -0.080212
v -0.031900 -0.006790 -0.079659
v -0.035400 -0.006790 -0.079659
v -0.031900 -0.006465 -0.078875
v -0.035400 -0.006465 -0.078875
v -0.031900 -0.005949 -0.078202
v -0.035400 -0.005949 -0.078202
v -0.031900 -0.005276 -0.077685
v -0.035400 -0.005276 -0.077685
v -0.031900 -0.004492 -0.077361
v -0.035400 -0.004492 -0.077361
v -0.035400 -0.004100 -0.077309
v -0.031900 -0.003651 -0.077250
v -0.035400 -0.003651 -0.077250
v -0.031900 -0.002810 -0.077361
v -0.035400 -0.002810 -0.077361
v -0.031900 -0.002026 -0.077685
v -0.035400 -0.002026 -0.077685
v -0.031900 -0.001353 -0.078202
v -0.035400 -0.001353 -0.078202
v -0.031900 -0.000836 -0.078875
v -0.035400 -0.000836 -0.078875
v -0.031900 -0.000511 -0.079659
v -0.035400 -0.000511 -0.079659
v -0.035400 -0.000439 -0.080212
v -0.031900 -0.000401 -0.080500
v -0.035400 -0.000401 -0.080500
v -0.031900 -0.000511 -0.081341
v -0.035400 -0.000511 -0.081341
v -0.031900 -0.000836 -0.082125
v -0.035400 -0.000836 -0.082125
v -0.031900 -0.001353 -0.082798
v -0.035400 -0.001353 -0.082798
v -0.031900 -0.002026 -0.083315
v -0.035400 -0.002026 -0.083315
v -0.035400 -0.002810 -0.083639
v -0.031900 -0.002449 -0.079298
v -0.031900 -0.001353 -0.078202
v -0.031900 -0.002178 -0.079650
v -0.031900 -0.000836 -0.078875
v -0.031900 -0.002009 -0.080060
v -0.031900 -0.000511 -0.079659
v -0.031900 -0.001951 -0.080500
v -0.031900 -0.000401 -0.080500
v -0.031900 -0.002009 -0.080940
v -0.031900 -0.000511 -0.081341
v -0.031900 -0.002178 -0.081350
v -0.031900 -0.000836 -0.082125
v -0.031900 -0.002449 -0.081702
v -0.031900 -0.001353 -0.082798
v -0.031900 -0.002801 -0.081972
v -0.031900 -0.002026 -0.083315
v -0.031900 -0.003211 -0.082142
v -0.031900 -0.002810 -0.083639
v -0.031900 -0.003651 -0.082200
v -0.031900 -0.003651 -0.083750
v -0.031900 -0.004091 -0.082142
v -0.031900 -0.004492 -0.083639
v -0.031900 -0.004501 -0.081972
v -0.031900 -0.005276 -0.083315
v -0.031900 -0.004853 -0.081702
v -0.031900 -0.005949 -0.082798
v -0.031900 -0.005123 -0.081350
v -0.031900 -0.006465 -0.082125
v -0.031900 -0.005293 -0.080940
v -0.031900 -0.006790 -0.081341
v -0.031900 -0.005351 -0.080500
v -0.031900 -0.006901 -0.080500
v -0.031900 -0.005293 -0.080060
v -0.031900 -0.006790 -0.079659
v -0.031900 -0.005123 -0.079650
v -0.031900 -0.006465 -0.078875
v -0.031900 -0.004853 -0.079298
v -0.031900 -0.005949 -0.078202
v -0.031900 -0.004501 -0.079028
v -0.031900 -0.005276 -0.077685
v -0.031900 -0.004091 -0.078858
v -0.031900 -0.004492 -0.077361
v -0.031900 -0.003651 -0.078800
v -0.031900 -0.003651 -0.077250
v -0.031900 -0.003211 -0.078858
v -0.031900 -0.002810 -0.077361
v -0.031900 -0.002801 -0.079028
v -0.031900 -0.002026 -0.077685
v -0.031900 -0.003651 -0.058750
v -0.035400 -0.004100 -0.058691
v -0.031900 -0.004492 -0.058639
v -0.035400 -0.004492 -0.058639
v -0.031900 -0.005276 -0.058315
v -0.035400 -0.005276 -0.058315
v -0.031900 -0.005949 -0.057798
v -0.035400 -0.005949 -0.057798
v -0.031900 -0.006465 -0.057125
v -0.035400 -0.006465 -0.057125
v -0.031900 -0.006790 -0.056341
v -0.035400 -0.006790 -0.056341
v -0.035400 -0.006863 -0.055788
v -0.031900 -0.006901 -0.055500
v -0.035400 -0.006901 -0.055500
v -0.031900 -0.006790 -0.054659
v -0.035400 -0.006790 -0.054659
v -0.031900 -0.006465 -0.053875
v -0.035400 -0.006465 -0.053875
v -0.031900 -0.005949 -0.053202
v -0.035400 -0.005949 -0.053202
v -0.031900 -0.005276 -0.052685
v -0.035400 -0.004492 -0.052361
v -0.031900 -0.004492 -0.052361
v -0.035400 -0.004975 -0.052561
v -0.035400 -0.005276 -0.052685
v -0.035400 -0.004128 -0.052313
v -0.035400 -0.004100 -0.052309
v -0.031900 -0.003651 -0.052250
v -0.035400 -0.003651 -0.052250
v -0.035400 -0.003174 -0.052313
v -0.031900 -0.002810 -0.052361
v -0.035400 -0.002810 -0.052361
v -0.035400 -0.002326 -0.052561
v -0.031900 -0.002026 -0.052685
v -0.035400 -0.002026 -0.052685
v -0.031900 -0.001353 -0.053202
v -0.035400 -0.001353 -0.053202
v -0.031900 -0.000836 -0.053875
v -0.035400 -0.000836 -0.053875
v -0.031900 -0.000511 -0.054659
v -0.035400 -0.000511 -0.054659
v -0.031900 -0.000401 -0.055500
v -0.035400 -0.000401 -0.055500
v -0.035400 -0.000439 -0.055788
v -0.031900 -0.000511 -0.056341
v -0.035400 -0.000511 -0.056341
v -0.031900 -0.000836 -0.057125
v -0.035400 -0.000836 -0.057125
v -0.031900 -0.001353 -0.057798
v -0.035400 -0.001353 -0.057798
v -0.031900 -0.002026 -0.058315
v -0.035400 -0.002026 -0.058315
v -0.031900 -0.002810 -0.058639
v -0.035400 -0.002810 -0.058639
v -0.035400 -0.003651 -0.058750
v -0.031900 -0.002449 -0.054298
v -0.031900 -0.001353 -0.053202
v -0.031900 -0.002178 -0.054650
v -0.031900 -0.000836 -0.053875
v -0.031900 -0.002009 -0.055060
v -0.031900 -0.000511 -0.054659
v -0.031900 -0.001951 -0.055500
v -0.031900 -0.000401 -0.055500
v -0.031900 -0.002009 -0.055940
v -0.031900 -0.000511 -0.056341
v -0.031900 -0.002178 -0.056350
v -0.031900 -0.000836 -0.057125
v -0.031900 -0.002449 -0.056702
v -0.031900 -0.001353 -0.057798
v -0.031900 -0.002801 -0.056972
v -0.031900 -0.002026 -0.058315
v -0.031900 -0.003211 -0.057142
v -0.031900 -0.002810 -0.058639
v -0.031900 -0.003651 -0.057200
v -0.031900 -0.003651 -0.058750
v -0.031900 -0.004091 -0.057142
v -0.031900 -0.004492 -0.058639
v -0.031900 -0.004501 -0.056972
v -0.031900 -0.005276 -0.058315
v -0.031900 -0.004853 -0.056702
v -0.031900 -0.005949 -0.057798
v -0.031900 -0.005123 -0.056350
v -0.031900 -0.006465 -0.057125
v -0.031900 -0.005293 -0.055940
v -0.031900 -0.006790 -0.056341
v -0.031900 -0.005351 -0.055500
v -0.031900 -0.006901 -0.055500
v -0.031900 -0.005293 -0.055060
v -0.031900 -0.006790 -0.054659
v -0.031900 -0.005123 -0.054650
v -0.031900 -0.006465 -0.053875
v -0.031900 -0.004853 -0.054298
v -0.031900 -0.005949 -0.053202
v -0.031900 -0.004501 -0.054028
v -0.031900 -0.005276 -0.052685
v -0.031900 -0.004091 -0.053858
v -0.031900 -0.004492 -0.052361
v -0.031900 -0.003651 -0.053800
v -0.031900 -0.003651 -0.052250
v -0.031900 -0.003211 -0.053858
v -0.031900 -0.002810 -0.052361
v -0.031900 -0.002801 -0.054028
v -0.031900 -0.002026 -0.052685
v -0.031900 0.014750 -0.093000
v -0.035400 0.014750 -0.093000
v -0.031900 0.014861 -0.092159
v -0.035400 0.014861 -0.092159
v -0.031900 0.015185 -0.091375
v -0.035400 0.015185 -0.091375
v -0.031900 0.015702 -0.090702
v -0.035400 0.015702 -0.090702
v -0.031900 0.016375 -0.090185
v -0.035400 0.016375 -0.090185
v -0.035400 0.017031 -0.089914
v -0.031900 0.017159 -0.089861
v -0.035400 0.017159 -0.089861
v -0.031900 0.018000 -0.089750
v -0.035400 0.018000 -0.089750
v -0.031900 0.018841 -0.089861
v -0.035400 0.018841 -0.089861
v -0.035400 0.018969 -0.089914
v -0.031900 0.019625 -0.090185
v -0.035400 0.019625 -0.090185
v -0.031900 0.020298 -0.090702
v -0.035400 0.020298 -0.090702
v -0.031900 0.020815 -0.091375
v -0.035400 0.020815 -0.091375
v -0.031900 0.021139 -0.092159
v -0.035400 0.021139 -0.092159
v -0.031900 0.021250 -0.093000
v -0.035400 0.021250 -0.093000
v -0.031900 0.021250 -0.095748
v -0.035400 0.021250 -0.095748
v -0.035400 0.014750 -0.095748
v -0.031900 0.014750 -0.095748
v -0.031900 0.019642 -0.093440
v -0.031900 0.019700 -0.093000
v -0.031900 0.021250 -0.093000
v -0.031900 0.017560 -0.094642
v -0.031900 0.018000 -0.094700
v -0.031900 0.018426 -0.096497
v -0.031900 0.014885 -0.096329
v -0.031900 0.014183 -0.096243
v -0.031900 0.014305 -0.096245
v -0.031900 0.021469 -0.096161
v -0.031900 0.021577 -0.096217
v -0.031900 0.021695 -0.096245
v -0.031900 0.021817 -0.096243
v -0.031900 0.021139 -0.092159
v -0.031900 0.019642 -0.092560
v -0.031900 0.020815 -0.091375
v -0.031900 0.019472 -0.092150
v -0.031900 0.020298 -0.090702
v -0.031900 0.019202 -0.091798
v -0.031900 0.019625 -0.090185
v -0.031900 0.018850 -0.091528
v -0.031900 0.018841 -0.089861
v -0.031900 0.018440 -0.091358
v -0.031900 0.018000 -0.089750
v -0.031900 0.018000 -0.091300
v -0.031900 0.017159 -0.089861
v -0.031900 0.017560 -0.091358
v -0.031900 0.016375 -0.090185
v -0.031900 0.017150 -0.091528
v -0.031900 0.015702 -0.090702
v -0.031900 0.016798 -0.091798
v -0.031900 0.015185 -0.091375
v -0.031900 0.016528 -0.092150
v -0.031900 0.014861 -0.092159
v -0.031900 0.016358 -0.092560
v -0.031900 0.014750 -0.093000
v -0.031900 0.019472 -0.093850
v -0.031900 0.021250 -0.095748
v -0.031900 0.019202 -0.094202
v -0.031900 0.021265 -0.095868
v -0.031900 0.021308 -0.095982
v -0.031900 0.016300 -0.093000
v -0.031900 0.016358 -0.093440
v -0.031900 0.014750 -0.095748
v -0.031900 0.016528 -0.093850
v -0.031900 0.014735 -0.095868
v -0.031900 0.014423 -0.096217
v -0.031900 0.014531 -0.096161
v -0.031900 0.014622 -0.096082
v -0.031900 0.018850 -0.094472
v -0.031900 0.018440 -0.094642
v -0.031900 0.017150 -0.094472
v -0.031900 0.016798 -0.094202
v -0.031900 0.014692 -0.095982
v -0.031900 0.038026 -0.083315
v -0.035400 0.038026 -0.083315
v -0.031900 0.037352 -0.082798
v -0.035400 0.037352 -0.082798
v -0.031900 0.036836 -0.082125
v -0.035400 0.036836 -0.082125
v -0.031900 0.036511 -0.081341
v -0.035400 0.036511 -0.081341
v -0.031900 0.036401 -0.080500
v -0.035400 0.036401 -0.080500
v -0.035400 0.036439 -0.080212
v -0.031900 0.036511 -0.079659
v -0.035400 0.036511 -0.079659
v -0.031900 0.036836 -0.078875
v -0.035400 0.036836 -0.078875
v -0.031900 0.037352 -0.078202
v -0.035400 0.037352 -0.078202
v -0.031900 0.038026 -0.077685
v -0.035400 0.038026 -0.077685
v -0.031900 0.038809 -0.077361
v -0.035400 0.038809 -0.077361
v -0.031900 0.039651 -0.077250
v -0.035400 0.039651 -0.077250
v -0.031900 0.040492 -0.077361
v -0.035400 0.040492 -0.077361
v -0.031900 0.041276 -0.077685
v -0.035400 0.041276 -0.077685
v -0.031900 0.043655 -0.079059
v -0.035400 0.043655 -0.079059
v -0.035400 0.038671 -0.083687
v -0.031900 0.040405 -0.084688
v -0.035400 0.040405 -0.084688
v -0.031900 0.044308 -0.078922
v -0.031900 0.044368 -0.078816
v -0.031900 0.043838 -0.080027
v -0.031900 0.040853 -0.081702
v -0.031900 0.041123 -0.081350
v -0.031900 0.042145 -0.083141
v -0.031900 0.040551 -0.085427
v -0.031900 0.040613 -0.085323
v -0.031900 0.040648 -0.085206
v -0.031900 0.040654 -0.085085
v -0.031900 0.041293 -0.080940
v -0.031900 0.041351 -0.080500
v -0.031900 0.041293 -0.080060
v -0.031900 0.041276 -0.077685
v -0.031900 0.043655 -0.079059
v -0.031900 0.041123 -0.079650
v -0.031900 0.038026 -0.083315
v -0.031900 0.039211 -0.082142
v -0.031900 0.040405 -0.084688
v -0.031900 0.039651 -0.082200
v -0.031900 0.040502 -0.084762
v -0.031900 0.040501 -0.081972
v -0.031900 0.040091 -0.082142
v -0.031900 0.040631 -0.084966
v -0.031900 0.040579 -0.084856
v -0.031900 0.043887 -0.079126
v -0.031900 0.044123 -0.079076
v -0.031900 0.044225 -0.079011
v -0.031900 0.043767 -0.079107
v -0.031900 0.040853 -0.079298
v -0.031900 0.040501 -0.079028
v -0.031900 0.040492 -0.077361
v -0.031900 0.040091 -0.078858
v -0.031900 0.039651 -0.077250
v -0.031900 0.039651 -0.078800
v -0.031900 0.038809 -0.077361
v -0.031900 0.039211 -0.078858
v -0.031900 0.038026 -0.077685
v -0.031900 0.038801 -0.079028
v -0.031900 0.037352 -0.078202
v -0.031900 0.038449 -0.079298
v -0.031900 0.036836 -0.078875
v -0.031900 0.038178 -0.079650
v -0.031900 0.036511 -0.079659
v -0.031900 0.038009 -0.080060
v -0.031900 0.036401 -0.080500
v -0.031900 0.037951 -0.080500
v -0.031900 0.036511 -0.081341
v -0.031900 0.038009 -0.080940
v -0.031900 0.036836 -0.082125
v -0.031900 0.038178 -0.081350
v -0.031900 0.037352 -0.082798
v -0.031900 0.038449 -0.081702
v -0.031900 0.038801 -0.081972
v -0.035400 -0.029720 -0.064485
v -0.034900 -0.029720 -0.064485
v -0.035400 -0.029604 -0.064439
v -0.034900 -0.029604 -0.064439
v -0.035400 -0.029503 -0.064367
v -0.034900 -0.029503 -0.064367
v -0.035400 -0.029423 -0.064272
v -0.034900 -0.029423 -0.064272
v -0.035400 -0.029423 -0.071728
v -0.034900 -0.029423 -0.071728
v -0.035400 -0.029503 -0.071633
v -0.034900 -0.029503 -0.071633
v -0.035400 -0.029604 -0.071561
v -0.034900 -0.029604 -0.071561
v -0.035400 -0.029720 -0.071515
v -0.034900 -0.029720 -0.071515
v -0.035400 -0.015517 -0.056243
v -0.034900 -0.015517 -0.056243
v -0.035400 -0.015395 -0.056222
v -0.034900 -0.015395 -0.056222
v -0.035400 -0.015282 -0.056170
v -0.034900 -0.015282 -0.056170
v -0.035400 -0.015185 -0.056093
v -0.034900 -0.015185 -0.056093
v -0.031900 0.043767 -0.056893
v -0.035400 0.043767 -0.056893
v -0.031900 0.043887 -0.056874
v -0.035400 0.043887 -0.056874
v -0.031900 0.044008 -0.056884
v -0.035400 0.044008 -0.056884
v -0.031900 0.044123 -0.056924
v -0.035400 0.044123 -0.056924
v -0.031900 0.044225 -0.056990
v -0.035400 0.044225 -0.056990
v -0.031900 0.044308 -0.057078
v -0.035400 0.044308 -0.057078
v -0.031900 0.021265 -0.040132
v -0.035400 0.021265 -0.040132
v -0.031900 0.021308 -0.040018
v -0.035400 0.021308 -0.040018
v -0.031900 0.021378 -0.039919
v -0.035400 0.021378 -0.039919
v -0.031900 0.021469 -0.039839
v -0.035400 0.021469 -0.039839
v -0.031900 0.021577 -0.039783
v -0.035400 0.021577 -0.039783
v -0.031900 0.021695 -0.039755
v -0.035400 0.021695 -0.039755
v -0.031900 0.014305 -0.039755
v -0.035400 0.014305 -0.039755
v -0.031900 0.014423 -0.039783
v -0.035400 0.014423 -0.039783
v -0.031900 0.014531 -0.039839
v -0.035400 0.014531 -0.039839
v -0.031900 0.014622 -0.039919
v -0.035400 0.014622 -0.039919
v -0.031900 0.014692 -0.040018
v -0.035400 0.014692 -0.040018
v -0.031900 0.014735 -0.040132
v -0.035400 0.014735 -0.040132
v -0.031900 0.014735 -0.095868
v -0.035400 0.014735 -0.095868
v -0.031900 0.014692 -0.095982
v -0.035400 0.014692 -0.095982
v -0.031900 0.014622 -0.096082
v -0.035400 0.014622 -0.096082
v -0.031900 0.014531 -0.096161
v -0.035400 0.014531 -0.096161
v -0.031900 0.014423 -0.096217
v -0.035400 0.014423 -0.096217
v -0.031900 0.014305 -0.096245
v -0.035400 0.014305 -0.096245
v -0.031900 0.021695 -0.096245
v -0.035400 0.021695 -0.096245
v -0.031900 0.021577 -0.096217
v -0.035400 0.021577 -0.096217
v -0.031900 0.021469 -0.096161
v -0.035400 0.021469 -0.096161
v -0.031900 0.021378 -0.096082
v -0.035400 0.021378 -0.096082
v -0.031900 0.021308 -0.095982
v -0.035400 0.021308 -0.095982
v -0.031900 0.021265 -0.095868
v -0.035400 0.021265 -0.095868
v -0.031900 0.040613 -0.050677
v -0.035400 0.040613 -0.050677
v -0.031900 0.040648 -0.050794
v -0.035400 0.040648 -0.050794
v -0.031900 0.040654 -0.050915
v -0.035400 0.040654 -0.050915
v -0.031900 0.040630 -0.051034
v -0.035400 0.040630 -0.051034
v -0.031900 0.040579 -0.051144
v -0.035400 0.040579 -0.051144
v -0.031900 0.040502 -0.051239
v -0.035400 0.040502 -0.051239
v -0.031900 0.044308 -0.078922
v -0.035400 0.044308 -0.078922
v -0.031900 0.044225 -0.079011
v -0.035400 0.044225 -0.079011
v -0.031900 0.044123 -0.079076
v -0.035400 0.044123 -0.079076
v -0.031900 0.044008 -0.079116
v -0.035400 0.044008 -0.079116
v -0.031900 0.043887 -0.079126
v -0.035400 0.043887 -0.079126
v -0.031900 0.043767 -0.079107
v -0.035400 0.043767 -0.079107
v -0.031900 0.040502 -0.084762
v -0.035400 0.040502 -0.084762
v -0.031900 0.040579 -0.084856
v -0.035400 0.040579 -0.084856
v -0.031900 0.040630 -0.084966
v -0.035400 0.040630 -0.084966
v -0.031900 0.040654 -0.085085
v -0.035400 0.040654 -0.085085
v -0.031900 0.040648 -0.085206
v -0.035400 0.040648 -0.085206
v -0.031900 0.040613 -0.085323
v -0.035400 0.040613 -0.085323
v -0.035400 -0.009096 -0.059608
v -0.034900 -0.009096 -0.059608
v -0.035400 -0.009114 -0.059731
v -0.034900 -0.009114 -0.059731
v -0.035400 -0.009102 -0.059855
v -0.034900 -0.009102 -0.059855
v -0.035400 -0.009060 -0.059971
v -0.034900 -0.009060 -0.059971
v -0.035400 -0.009060 -0.076029
v -0.034900 -0.009060 -0.076029
v -0.035400 -0.009102 -0.076145
v -0.034900 -0.009102 -0.076145
v -0.035400 -0.009114 -0.076269
v -0.034900 -0.009114 -0.076269
v -0.035400 -0.009096 -0.076392
v -0.034900 -0.009096 -0.076392
v -0.035400 -0.015185 -0.079907
v -0.034900 -0.015185 -0.079907
v -0.035400 -0.015282 -0.079830
v -0.034900 -0.015282 -0.079830
v -0.035400 -0.015395 -0.079778
v -0.034900 -0.015395 -0.079778
v -0.035400 -0.015517 -0.079757
v -0.034900 -0.015517 -0.079757
v -0.035400 -0.033794 -0.058205
v -0.028400 -0.033606 -0.058450
v -0.035400 -0.033595 -0.058464
v -0.028400 -0.033595 -0.058464
v -0.035400 -0.033336 -0.058663
v -0.028400 -0.033336 -0.058663
v -0.035400 -0.033035 -0.058787
v -0.028400 -0.033035 -0.058787
v -0.035400 -0.032711 -0.058830
v -0.028400 -0.032711 -0.058830
v -0.035400 -0.032388 -0.058787
v -0.028400 -0.032388 -0.058787
v -0.035400 -0.032086 -0.058663
v -0.028400 -0.032086 -0.058663
v -0.035400 -0.031827 -0.058464
v -0.028400 -0.031827 -0.058464
v -0.035400 -0.031629 -0.058205
v -0.028400 -0.031629 -0.058205
v -0.035400 -0.031504 -0.057903
v -0.028400 -0.031504 -0.057903
v -0.035400 -0.031461 -0.057580
v -0.028400 -0.031461 -0.057580
v -0.035400 -0.031504 -0.057256
v -0.028400 -0.031504 -0.057256
v -0.035400 -0.031629 -0.056955
v -0.028400 -0.031629 -0.056955
v -0.035400 -0.031827 -0.056696
v -0.028400 -0.031827 -0.056696
v -0.035400 -0.032086 -0.056497
v -0.028400 -0.032086 -0.056497
v -0.035400 -0.032388 -0.056373
v -0.028400 -0.032388 -0.056373
v -0.035400 -0.032711 -0.056330
v -0.028400 -0.032711 -0.056330
v -0.035400 -0.033035 -0.056373
v -0.028400 -0.033035 -0.056373
v -0.035400 -0.033336 -0.056497
v -0.028400 -0.033336 -0.056497
v -0.035400 -0.033595 -0.056696
v -0.028400 -0.033595 -0.056696
v -0.035400 -0.033794 -0.056955
v -0.028400 -0.033606 -0.056710
v -0.028400 -0.033794 -0.056955
v -0.035400 -0.033919 -0.057256
v -0.028400 -0.033919 -0.057256
v -0.035400 -0.033961 -0.057580
v -0.028400 -0.033961 -0.057580
v -0.035400 -0.033919 -0.057903
v -0.028400 -0.033919 -0.057903
v -0.028400 -0.033794 -0.058205
v -0.035400 -0.022293 -0.053371
v -0.028400 -0.022368 -0.053273
v -0.035400 -0.022492 -0.053112
v -0.028400 -0.022492 -0.053112
v -0.035400 -0.022751 -0.052914
v -0.028400 -0.022751 -0.052914
v -0.035400 -0.023052 -0.052789
v -0.028400 -0.023052 -0.052789
v -0.035400 -0.023376 -0.052746
v -0.028400 -0.023376 -0.052746
v -0.035400 -0.023699 -0.052789
v -0.028400 -0.023699 -0.052789
v -0.035400 -0.024001 -0.052914
v -0.028400 -0.024001 -0.052914
v -0.035400 -0.024259 -0.053112
v -0.028400 -0.024259 -0.053112
v -0.028400 -0.024383 -0.053273
v -0.035400 -0.024458 -0.053371
v -0.028400 -0.024458 -0.053371
v -0.035400 -0.024583 -0.053673
v -0.028400 -0.024583 -0.053673
v -0.035400 -0.024626 -0.053996
v -0.028400 -0.024626 -0.053996
v -0.035400 -0.024583 -0.054320
v -0.028400 -0.024583 -0.054320
v -0.035400 -0.024458 -0.054621
v -0.028400 -0.024458 -0.054621
v -0.035400 -0.024259 -0.054880
v -0.028400 -0.024259 -0.054880
v -0.035400 -0.024001 -0.055079
v -0.028400 -0.024001 -0.055079
v -0.035400 -0.023699 -0.055204
v -0.028400 -0.023699 -0.055204
v -0.035400 -0.023376 -0.055246
v -0.028400 -0.023376 -0.055246
v -0.035400 -0.023052 -0.055204
v -0.028400 -0.023052 -0.055204
v -0.035400 -0.022751 -0.055079
v -0.028400 -0.022751 -0.055079
v -0.035400 -0.022492 -0.054880
v -0.028400 -0.022492 -0.054880
v -0.035400 -0.022293 -0.054621
v -0.028400 -0.022293 -0.054621
v -0.035400 -0.022168 -0.054320
v -0.028400 -0.022168 -0.054320
v -0.035400 -0.022126 -0.053996
v -0.028400 -0.022126 -0.053996
v -0.035400 -0.022168 -0.053673
v -0.028400 -0.022168 -0.053673
v -0.028400 -0.022293 -0.053371
v -0.035400 -0.033794 -0.079045
v -0.028400 -0.033606 -0.079290
v -0.035400 -0.033595 -0.079304
v -0.028400 -0.033595 -0.079304
v -0.035400 -0.033336 -0.079503
v -0.028400 -0.033336 -0.079503
v -0.035400 -0.033035 -0.079627
v -0.028400 -0.033035 -0.079627
v -0.035400 -0.032711 -0.079670
v -0.028400 -0.032711 -0.079670
v -0.035400 -0.032388 -0.079627
v -0.028400 -0.032388 -0.079627
v -0.035400 -0.032086 -0.079503
v -0.028400 -0.032086 -0.079503
v -0.035400 -0.031827 -0.079304
v -0.028400 -0.031827 -0.079304
v -0.035400 -0.031629 -0.079045
v -0.028400 -0.031629 -0.079045
v -0.035400 -0.031504 -0.078744
v -0.028400 -0.031504 -0.078744
v -0.035400 -0.031461 -0.078420
v -0.028400 -0.031461 -0.078420
v -0.035400 -0.031504 -0.078097
v -0.028400 -0.031504 -0.078097
v -0.028400 -0.031550 -0.077985
v -0.035400 -0.031629 -0.077795
v -0.028400 -0.031629 -0.077795
v -0.035400 -0.031827 -0.077536
v -0.028400 -0.031827 -0.077536
v -0.035400 -0.032086 -0.077337
v -0.028400 -0.032086 -0.077337
v -0.035400 -0.032388 -0.077213
v -0.028400 -0.032388 -0.077213
v -0.035400 -0.032408 -0.077210
v -0.028400 -0.032711 -0.077170
v -0.035400 -0.032711 -0.077170
v -0.028400 -0.033606 -0.077550
v -0.035400 -0.033794 -0.077795
v -0.028400 -0.033595 -0.077536
v -0.035400 -0.033595 -0.077536
v -0.028400 -0.033336 -0.077337
v -0.035400 -0.033336 -0.077337
v -0.028400 -0.033035 -0.077213
v -0.035400 -0.033035 -0.077213
v -0.035400 -0.033015 -0.077210
v -0.028400 -0.033794 -0.077795
v -0.028400 -0.033873 -0.077985
v -0.035400 -0.033919 -0.078097
v -0.028400 -0.033919 -0.078097
v -0.035400 -0.033961 -0.078420
v -0.028400 -0.033961 -0.078420
v -0.035400 -0.033919 -0.078744
v -0.028400 -0.033919 -0.078744
v -0.028400 -0.033794 -0.079045
v -0.035400 -0.024458 -0.082629
v -0.028400 -0.024383 -0.082727
v -0.035400 -0.024259 -0.082888
v -0.028400 -0.024259 -0.082888
v -0.035400 -0.024001 -0.083086
v -0.028400 -0.024001 -0.083086
v -0.035400 -0.023699 -0.083211
v -0.028400 -0.023699 -0.083211
v -0.035400 -0.023376 -0.083254
v -0.028400 -0.023376 -0.083254
v -0.035400 -0.023052 -0.083211
v -0.028400 -0.023052 -0.083211
v -0.035400 -0.022751 -0.083086
v -0.028400 -0.022751 -0.083086
v -0.035400 -0.022492 -0.082888
v -0.028400 -0.022492 -0.082888
v -0.028400 -0.022368 -0.082727
v -0.035400 -0.022293 -0.082629
v -0.028400 -0.022293 -0.082629
v -0.035400 -0.022168 -0.082327
v -0.028400 -0.022168 -0.082327
v -0.035400 -0.022126 -0.082004
v -0.028400 -0.022126 -0.082004
v -0.035400 -0.022168 -0.081680
v -0.028400 -0.022168 -0.081680
v -0.035400 -0.022293 -0.081379
v -0.028400 -0.022293 -0.081379
v -0.035400 -0.022492 -0.081120
v -0.028400 -0.022492 -0.081120
v -0.035400 -0.022751 -0.080921
v -0.028400 -0.022751 -0.080921
v -0.035400 -0.023052 -0.080796
v -0.028400 -0.023052 -0.080796
v -0.035400 -0.023376 -0.080754
v -0.028400 -0.023376 -0.080754
v -0.035400 -0.023699 -0.080796
v -0.028400 -0.023699 -0.080796
v -0.035400 -0.024001 -0.080921
v -0.028400 -0.024001 -0.080921
v -0.035400 -0.024259 -0.081120
v -0.028400 -0.024259 -0.081120
v -0.035400 -0.024458 -0.081379
v -0.028400 -0.024458 -0.081379
v -0.035400 -0.024583 -0.081680
v -0.028400 -0.024583 -0.081680
v -0.035400 -0.024626 -0.082004
v -0.028400 -0.024626 -0.082004
v -0.035400 -0.024583 -0.082327
v -0.028400 -0.024583 -0.082327
v -0.028400 -0.024458 -0.082629
v -0.035400 0.010030 -0.043852
v -0.028400 0.010030 -0.043852
v -0.035400 0.010081 -0.044240
v -0.028400 0.010081 -0.044240
v -0.035400 0.010230 -0.044602
v -0.028400 0.010230 -0.044602
v -0.035400 0.010469 -0.044913
v -0.028400 0.010469 -0.044913
v -0.035400 0.010780 -0.045151
v -0.028400 0.010780 -0.045151
v -0.035400 0.011141 -0.045301
v -0.028400 0.011141 -0.045301
v -0.035400 0.011530 -0.045352
v -0.028400 0.011530 -0.045352
v -0.035400 0.011918 -0.045301
v -0.028400 0.011918 -0.045301
v -0.035400 0.012280 -0.045151
v -0.028400 0.012280 -0.045151
v -0.035400 0.012590 -0.044913
v -0.028400 0.012590 -0.044913
v -0.035400 0.012829 -0.044602
v -0.028400 0.012829 -0.044602
v -0.035400 0.012978 -0.044240
v -0.028400 0.012978 -0.044240
v -0.035400 0.013030 -0.043852
v -0.028400 0.013030 -0.043852
v -0.035400 0.012978 -0.043464
v -0.028400 0.012978 -0.043464
v -0.035400 0.012829 -0.043102
v -0.028400 0.012829 -0.043102
v -0.035400 0.012590 -0.042791
v -0.028400 0.012590 -0.042791
v -0.035400 0.012280 -0.042553
v -0.028400 0.012280 -0.042553
v -0.035400 0.011918 -0.042403
v -0.028400 0.011918 -0.042403
v -0.035400 0.011530 -0.042352
v -0.028400 0.011530 -0.042352
v -0.035400 0.011141 -0.042403
v -0.028400 0.011141 -0.042403
v -0.035400 0.010780 -0.042553
v -0.028400 0.010780 -0.042553
v -0.035400 0.010469 -0.042791
v -0.028400 0.010469 -0.042791
v -0.035400 0.010230 -0.043102
v -0.028400 0.010230 -0.043102
v -0.035400 0.010081 -0.043464
v -0.028400 0.010081 -0.043464
v -0.035400 0.025531 -0.091087
v -0.028400 0.025383 -0.090974
v -0.035400 0.025220 -0.090849
v -0.028400 0.025220 -0.090849
v -0.035400 0.024859 -0.090699
v -0.028400 0.024859 -0.090699
v -0.035400 0.024470 -0.090648
v -0.028400 0.024470 -0.090648
v -0.035400 0.024082 -0.090699
v -0.028400 0.024082 -0.090699
v -0.035400 0.023720 -0.090849
v -0.028400 0.023720 -0.090849
v -0.028400 0.023558 -0.090974
v -0.035400 0.023410 -0.091087
v -0.028400 0.023410 -0.091087
v -0.035400 0.023171 -0.091398
v -0.028400 0.023171 -0.091398
v -0.035400 0.023022 -0.091760
v -0.028400 0.023022 -0.091760
v -0.035400 0.022970 -0.092148
v -0.028400 0.022970 -0.092148
v -0.035400 0.023022 -0.092536
v -0.028400 0.023022 -0.092536
v -0.035400 0.023171 -0.092898
v -0.028400 0.023171 -0.092898
v -0.035400 0.023410 -0.093209
v -0.028400 0.023410 -0.093209
v -0.035400 0.023720 -0.093447
v -0.028400 0.023720 -0.093447
v -0.035400 0.024082 -0.093597
v -0.028400 0.024082 -0.093597
v -0.035400 0.024470 -0.093648
v -0.028400 0.024470 -0.093648
v -0.035400 0.024859 -0.093597
v -0.028400 0.024859 -0.093597
v -0.035400 0.025220 -0.093447
v -0.028400 0.025220 -0.093447
v -0.035400 0.025531 -0.093209
v -0.028400 0.025531 -0.093209
v -0.035400 0.025770 -0.092898
v -0.028400 0.025770 -0.092898
v -0.035400 0.025919 -0.092536
v -0.028400 0.025919 -0.092536
v -0.035400 0.025970 -0.092148
v -0.028400 0.025970 -0.092148
v -0.035400 0.025919 -0.091760
v -0.028400 0.025919 -0.091760
v -0.035400 0.025770 -0.091398
v -0.028400 0.025770 -0.091398
v -0.028400 0.025531 -0.091087
v -0.031900 0.040631 -0.051034
v -0.031900 0.044008 -0.079116
v -0.031900 0.021377 -0.096082
v -0.031900 0.021377 -0.039918
vn -1.0000 -0.0000 -0.0000
vn -0.0000 -1.0000 -0.0000
vn -0.0000 -0.9659 0.2588
vn -0.0000 -0.8660 0.5000
vn -0.0000 -0.7071 0.7071
vn -0.0000 -0.5000 0.8660
vn -0.0000 -0.2588 0.9659
vn -0.0000 -0.0000 1.0000
vn -0.0000 0.2588 0.9659
vn -0.0000 0.5000 0.8660
vn -0.0000 0.7072 0.7070
vn -0.0000 0.8661 0.4999
vn -0.0000 0.9659 0.2589
vn -0.0000 1.0000 -0.0000
vn -0.0000 0.9659 -0.2589
vn -0.0000 0.8661 -0.4999
vn -0.0000 0.7071 -0.7071
vn -0.0000 0.4999 -0.8661
vn -0.0000 0.2589 -0.9659
vn -0.0000 -0.0000 -1.0000
vn -0.0000 -0.2589 -0.9659
vn -0.0000 -0.2588 -0.9659
vn -0.0000 -0.4999 -0.8661
vn -0.0000 -0.7071 -0.7072
vn -0.0000 -0.7070 -0.7072
vn -0.0000 -0.8660 -0.5000
vn -0.0000 -0.9659 -0.2588
vn -0.0000 0.7280 0.6856
vn -0.0000 0.7483 0.6634
vn -0.0000 0.7071 0.7071
vn -0.0000 0.6593 0.7519
vn -0.0000 0.6635 0.7482
vn -0.0000 -0.9967 0.0812
vn -0.0000 -0.9941 0.1086
vn -0.0000 -0.9990 0.0440
vn -0.0000 -0.9998 -0.0209
vn -0.0000 -0.9963 -0.0859
vn -0.0000 -0.9963 -0.0857
vn -0.0000 -0.9886 -0.1503
vn -0.0000 -0.9769 -0.2138
vn -0.0000 -0.9410 -0.3384
vn -0.0000 -0.8893 -0.4573
vn -0.0000 -0.8227 -0.5685
vn -0.0000 -0.7841 -0.6207
vn -0.0000 -0.7422 -0.6702
vn -0.0000 -0.7422 -0.6701
vn -0.0000 -0.6972 -0.7168
vn -0.0000 -0.6493 -0.7606
vn -0.0000 -0.6972 -0.7169
vn -0.0000 -0.6493 -0.7605
vn -0.0000 -0.5454 -0.8382
vn -0.0000 -0.5453 -0.8382
vn -0.0000 -0.4899 -0.8718
vn -0.0000 -0.4324 -0.9017
vn -0.0000 -0.3121 -0.9501
vn -0.0000 -0.1865 -0.9824
vn -0.0000 -0.0579 -0.9983
vn -0.0000 0.0070 -1.0000
vn -0.0000 0.0718 -0.9974
vn -0.0000 0.2002 -0.9798
vn -0.0000 0.3253 -0.9456
vn -0.0000 0.4449 -0.8956
vn -0.0000 0.5570 -0.8305
vn -0.0000 0.6598 -0.7515
vn -0.0000 0.7515 -0.6598
vn -0.0000 0.8305 -0.5570
vn -0.0000 0.8956 -0.4449
vn -0.0000 0.9456 -0.3253
vn -0.0000 0.9798 -0.2002
vn -0.0000 0.9974 -0.0718
vn -0.0000 1.0000 -0.0070
vn -0.0000 0.9983 0.0579
vn -0.0000 0.9824 0.1865
vn -0.0000 0.9501 0.3121
vn -0.0000 0.9017 0.4324
vn -0.0000 0.8718 0.4899
vn -0.0000 0.8382 0.5454
vn -0.0000 0.8382 0.5453
vn -0.0000 0.7606 0.6493
vn -0.0000 0.7169 0.6972
vn -0.0000 0.6702 0.7422
vn -0.0000 0.5685 0.8227
vn -0.0000 0.4573 0.8893
vn -0.0000 0.3384 0.9410
vn -0.0000 0.2138 0.9769
vn -0.0000 0.1503 0.9886
vn -0.0000 0.0857 0.9963
vn -0.0000 0.0859 0.9963
vn -0.0000 0.0209 0.9998
vn -0.0000 -0.0440 0.9990
vn -0.0000 -0.1086 0.9941
vn -0.0000 -0.0812 0.9967
vn -0.0000 -0.7519 -0.6593
vn -0.0000 -0.6634 -0.7483
vn -0.0000 -0.6856 -0.7280
vn -0.0000 -0.7071 -0.7071
vn -0.0000 -0.7482 -0.6635
vn -0.0000 -0.6593 0.7519
vn -0.0000 -0.7519 0.6593
vn 1.0000 -0.0000 -0.0000
vn 1.0000 -0.0000 0.0002
vn 1.0000 -0.0000 0.0001
vn 1.0000 -0.0000 -0.0001
vn 1.0000 -0.0005 -0.0000
vn -0.0000 -0.9659 0.2589
vn -0.0000 -0.7072 0.7070
vn -0.0000 0.8660 0.5000
vn -0.0000 0.9659 0.2588
vn -0.0000 0.9659 -0.2588
vn -0.0000 0.8660 -0.5000
vn -0.0000 0.7070 -0.7072
vn -0.0000 0.5000 -0.8660
vn -0.0000 -0.5000 -0.8660
vn -0.0000 -0.9659 -0.2589
vn -0.0000 0.7891 -0.6142
vn -0.0000 0.8372 -0.5470
vn -0.0000 0.8795 -0.4759
vn -0.0000 0.9458 -0.3247
vn -0.0000 0.9864 -0.1646
vn -0.0000 0.9864 0.1646
vn -0.0000 0.9458 0.3247
vn -0.0000 0.8795 0.4759
vn -0.0000 0.5470 -0.8372
vn -0.0000 0.6142 -0.7892
vn -0.0000 0.6773 -0.7357
vn -0.0000 -0.6773 -0.7357
vn -0.0000 -0.6142 -0.7892
vn -0.0000 -0.5470 -0.8372
vn -0.0000 -0.5469 -0.8372
vn -0.0000 -0.4017 -0.9158
vn -0.0000 -0.2455 -0.9694
vn -0.0000 -0.0826 -0.9966
vn -0.0000 0.0826 -0.9966
vn -0.0000 0.2455 -0.9694
vn -0.0000 0.4017 -0.9158
vn -0.0000 0.5469 -0.8372
vn -0.0000 0.8372 0.5470
vn -0.0000 0.7891 0.6142
vn -0.0000 0.6773 0.7357
vn -0.0000 0.5470 0.8372
vn -0.0000 0.4017 0.9158
vn -0.0000 0.2455 0.9694
vn -0.0000 0.0826 0.9966
vn -0.0000 -0.0826 0.9966
vn -0.0000 -0.2455 0.9694
vn -0.0000 -0.4017 0.9158
vn -0.0000 -0.5470 0.8372
vn -0.0000 -0.6773 0.7357
vn -0.0000 -0.7891 0.6142
vn -0.0000 -0.8795 0.4759
vn -0.0000 -0.8795 0.4760
vn -0.0000 -0.9458 0.3247
vn -0.0000 -0.9864 0.1646
vn -0.0000 -0.9864 -0.1646
vn -0.0000 -0.9458 -0.3247
vn -0.0000 -0.8795 -0.4760
vn -0.0000 -0.8795 -0.4759
vn -0.0000 -0.7891 -0.6142
vn -0.0000 -0.7070 0.7072
vn -0.0000 -0.2589 0.9659
vn -0.0000 0.2589 0.9659
vn -0.0000 0.7072 -0.7070
vn -0.0000 0.2588 -0.9659
vn -0.0000 0.7071 0.7072
vn -0.0000 0.9659 0.2587
vn -0.0000 -0.2587 -0.9659
vn -0.0000 -0.2587 -0.9660
vn -0.0000 -0.7072 -0.7071
vn -0.0000 -0.4999 0.8661
vn -0.0000 0.4999 0.8661
vn -0.0000 -0.8661 0.4999
vn -0.0000 0.7070 0.7072
vn -0.0000 -0.7072 -0.7070
vn -0.0000 -0.8661 -0.4999
vn -0.0000 0.7071 -0.7072
vn -0.0000 0.7942 0.6077
vn -0.0000 0.7081 0.7061
vn -0.0000 -0.6094 0.7929
vn -0.0000 -0.7930 0.6092
vn -0.0000 -0.7062 -0.7080
vn -0.0000 -0.6078 -0.7941
vn -0.0000 0.5000 -0.8661
vn -0.0000 0.8661 -0.5000
vn -0.0000 0.9239 0.3827
vn -0.0000 0.7062 0.7080
vn -0.0000 0.6078 0.7941
vn -0.0000 -0.3826 0.9239
vn -0.0000 -0.5000 0.8661
vn -0.0000 -0.8661 0.5000
vn -0.0000 -0.9239 0.3826
vn -0.0000 -0.7942 -0.6077
vn -0.0000 -0.7081 -0.7061
vn -0.0000 -0.3827 -0.9239
vn -0.0000 0.6093 -0.7929
vn -0.0000 0.7930 -0.6092
vn -0.0000 0.9241 0.3822
vn -0.0000 0.8661 0.5000
vn -0.0000 0.8663 0.4995
vn -0.0000 0.5000 0.8661
vn -0.0000 -0.8663 0.4995
vn -0.0000 -0.9241 0.3822
vn -0.0000 0.7930 0.6092
vn -0.0000 0.6093 0.7929
vn -0.0000 -0.3827 0.9239
vn -0.0000 -0.7081 0.7061
vn -0.0000 -0.7942 0.6077
vn -0.0000 -0.8661 -0.5000
vn -0.0000 -0.3826 -0.9239
vn -0.0000 0.6078 -0.7941
vn -0.0000 0.7062 -0.7080
vn -0.0000 0.9239 0.3826
vn -0.0000 -0.6077 0.7942
vn -0.0000 -0.7061 0.7081
vn -0.0000 -0.9239 0.3827
vn -0.0000 -0.7930 -0.6092
vn -0.0000 -0.6092 -0.7930
vn -0.0000 0.7081 -0.7061
vn -0.0000 0.7942 -0.6077
vn -0.0000 0.3827 0.9239
vn -0.0000 -0.3822 0.9241
vn -0.0000 -0.4996 0.8663
vn -0.0000 -0.9914 -0.1306
vn -0.0000 -0.5000 -0.8661
vn -0.0000 -0.4996 -0.8663
vn -0.0000 -0.3822 -0.9241
vn -0.0000 0.3826 -0.9239
vn -0.0000 0.9915 -0.1305
vn -0.0000 1.0000 0.0001
vn -0.0000 0.4998 -0.8662
vn -0.0000 0.5236 -0.8520
vn -0.0000 0.6196 -0.7849
vn -0.0000 0.7849 -0.6196
vn -0.0000 0.8520 -0.5236
vn -0.0000 0.8662 -0.4998
vn -0.0000 -0.8542 -0.5200
vn -0.0000 -0.8548 -0.5190
vn -0.0000 -0.9102 -0.4141
vn -0.0000 -0.9536 -0.3011
vn -0.0000 -0.9978 -0.0660
vn -0.0000 0.0660 0.9978
vn -0.0000 0.3011 0.9536
vn -0.0000 0.5190 0.8548
vn 0.0001 0.5200 0.8542
vn 0.0001 0.4146 0.9100
vn -0.0000 0.7812 -0.6243
vn -0.0000 0.6101 -0.7923
vn -0.0000 0.6102 -0.7923
vn -0.0000 0.4041 -0.9147
vn -0.0000 0.1748 -0.9846
vn -0.0000 -0.0645 -0.9979
vn -0.0000 -0.3001 -0.9539
vn -0.0000 -0.3002 -0.9539
vn -0.0000 -0.5185 -0.8551
vn -0.0000 -0.5186 -0.8550
vn -0.0000 0.8550 0.5185
vn -0.0000 0.9539 0.3001
vn -0.0000 0.9539 0.3002
vn -0.0000 0.9979 0.0645
vn -0.0000 0.9846 -0.1748
vn -0.0000 0.9147 -0.4041
vn -0.0000 0.7923 -0.6102
vn -0.0000 0.7923 -0.6101
vn -0.0000 0.6243 -0.7812
vn -0.0000 -0.5002 0.8659
vn -0.0000 -0.3830 0.9238
vn 1.0000 -0.0000 -0.0002
vn 1.0000 0.0005 -0.0000
vn -0.0000 -0.9915 -0.1305
vn -0.0000 0.5001 -0.8660
vn -0.0000 0.9914 -0.1307
vn -0.0000 0.5001 0.8660
vn -0.0000 -0.7071 0.7072
vn -0.0000 -0.2379 -0.9713
vn 0.0028 -0.2345 -0.9721
vn -0.0000 -0.3508 -0.9364
vn -0.0000 0.9066 -0.4219
vn 0.0079 0.9012 -0.4333
vn 0.0110 0.9296 -0.3684
vn 0.0078 0.9173 -0.3981
vn 0.0047 0.9532 -0.3022
vn -0.0000 0.9088 -0.4173
vn -0.0000 0.9393 -0.3431
vn -0.0000 0.7590 -0.6511
vn -0.0000 0.8233 -0.5676
vn 0.0015 0.8129 -0.5824
vn 0.0006 0.0898 -0.9960
vn 0.0012 0.1397 -0.9902
vn 0.0017 0.0764 -0.9971
vn 0.0006 0.0142 -0.9999
vn -0.0000 -0.0986 -0.9951
vn 0.0020 -0.1253 -0.9921
vn 0.0048 -0.1676 -0.9858
vn 0.0015 -0.0855 -0.9963
vn -0.0000 -0.1091 -0.9940
vn -0.0000 0.0149 -0.9999
vn 0.0181 -0.1188 0.9927
vn 0.0018 -0.2328 0.9725
vn 0.0125 -0.0970 0.9952
vn -0.0000 -0.1708 0.9853
vn -0.0000 0.1682 0.9857
vn -0.0000 0.0748 0.9972
vn 0.0006 0.0897 0.9960
vn 0.0034 0.8489 0.5285
vn 0.0038 0.8140 0.5808
vn 0.0025 0.7741 0.6330
vn -0.0000 0.8472 0.5313
vn -0.0000 0.8786 0.4776
vn -0.0000 0.8982 0.4396
vn 0.0057 0.9047 0.4260
vn 0.0022 0.9188 0.3947
vn 0.0047 0.9532 0.3022
vn -0.0000 0.9088 0.4173
vn -0.0000 -0.5017 0.8650
vn -0.0000 -0.5185 0.8551
vn -0.0000 -0.4649 0.8854
vn -0.0000 -0.4643 0.8857
vn -0.0000 -0.4089 0.9126
vn -0.0000 -0.4084 0.9128
vn -0.0000 -0.3508 0.9364
vn -0.0000 -0.2919 0.9565
vn -0.0000 -0.2379 0.9713
vn -0.0000 -0.0985 0.9951
vn -0.0000 -0.1091 0.9940
vn -0.0000 0.0149 0.9999
vn 0.0006 0.0142 0.9999
vn 0.0017 0.0764 0.9971
vn 0.0012 0.1397 0.9902
vn -0.0000 0.2608 0.9654
vn -0.0000 0.3204 0.9473
vn -0.0000 0.3786 0.9256
vn -0.0000 0.3787 0.9255
vn -0.0000 0.4354 0.9002
vn -0.0000 0.4906 0.8714
vn -0.0000 0.5950 0.8037
vn -0.0000 0.6438 0.7652
vn -0.0000 0.6902 0.7236
vn -0.0000 0.6439 0.7651
vn -0.0000 0.7590 0.6511
vn -0.0000 0.8233 0.5676
vn -0.0000 0.9555 0.2951
vn -0.0000 0.9827 0.1854
vn -0.0000 0.9826 0.1856
vn -0.0000 0.9923 0.1240
vn -0.0000 0.9981 0.0622
vn -0.0000 0.9981 -0.0622
vn -0.0000 0.9923 -0.1240
vn -0.0000 0.9826 -0.1856
vn -0.0000 0.9555 -0.2951
vn -0.0000 0.9827 -0.1854
vn -0.0000 0.8787 -0.4775
vn -0.0000 0.8786 -0.4776
vn -0.0000 0.8507 -0.5256
vn 0.0030 0.8487 -0.5289
vn 0.0046 0.7725 -0.6350
vn -0.0000 0.7338 -0.6794
vn -0.0000 0.6902 -0.7236
vn -0.0000 0.6438 -0.7652
vn -0.0000 0.5950 -0.8037
vn -0.0000 0.5952 -0.8036
vn -0.0000 0.5440 -0.8391
vn -0.0000 0.4906 -0.8714
vn -0.0000 0.3787 -0.9255
vn -0.0000 0.2608 -0.9654
vn -0.0000 0.1682 -0.9858
vn -0.0000 0.0747 -0.9972
vn -0.0000 -0.5018 -0.8650
vn -0.0000 -0.5017 -0.8650
vn -0.0000 -0.4651 -0.8853
vn -0.0000 -0.4643 -0.8857
vn -0.0000 -0.4091 -0.9125
vn -0.0000 0.1305 0.9914
vn -0.0000 -0.5001 0.8660
vn -0.0000 -0.9914 -0.1307
vn -0.0000 -0.5001 -0.8660
vn -0.0000 0.1305 -0.9915
vn -0.0000 0.1304 0.9915
vn -0.0000 0.1304 -0.9915
vn -0.0000 -0.7933 -0.6088
vn -0.0000 0.7933 -0.6088
vn -0.0000 -0.9473 -0.3203
vn -0.0000 -0.9469 -0.3214
vn -0.0000 0.6583 -0.7527
vn -0.0000 0.6584 -0.7526
vn -0.0000 0.6034 -0.7974
vn -0.0000 0.5618 -0.8273
vn -0.0000 0.6585 -0.7526
vn -0.0000 0.6585 -0.7525
vn -0.0000 0.7102 -0.7040
vn -0.0000 0.7584 -0.6518
vn -0.0000 0.8027 -0.5964
vn -0.0000 0.8790 -0.4768
vn -0.0000 0.9376 -0.3476
vn -0.0000 0.9599 -0.2802
vn -0.0000 0.9774 -0.2114
vn -0.0000 0.9975 -0.0709
vn -0.0000 0.9975 0.0709
vn -0.0000 0.9774 0.2114
vn -0.0000 0.9599 0.2802
vn -0.0000 0.9376 0.3476
vn -0.0000 0.9106 0.4132
vn -0.0000 0.8790 0.4768
vn -0.0000 0.8790 0.4767
vn -0.0000 0.8430 0.5380
vn -0.0000 0.8027 0.5964
vn -0.0000 0.7584 0.6518
vn -0.0000 0.7102 0.7040
vn -0.0000 0.6034 0.7974
vn -0.0000 0.6585 0.7526
vn -0.0000 0.6583 0.7527
vn -0.0000 0.6586 0.7525
vn -0.0000 0.5618 0.8273
vn -0.0000 0.5619 0.8272
vn -0.0000 -0.9473 0.3203
vn -0.0000 -0.9469 0.3214
vn -0.0000 0.1311 0.9914
vn -0.0000 0.1562 0.9877
vn -0.0000 0.1312 0.9914
vn -0.0000 0.0783 0.9969
vn -0.0000 -0.0002 1.0000
vn -0.0000 -0.0787 0.9969
vn -0.0000 -0.0786 0.9969
vn -0.0000 -0.1566 0.9877
vn -0.0000 -0.1565 0.9877
vn -0.0000 -0.2336 0.9723
vn -0.0000 -0.3828 0.9238
vn -0.0000 -0.5226 0.8526
vn -0.0000 -0.5878 0.8090
vn -0.0000 -0.5879 0.8089
vn -0.0000 -0.6495 0.7603
vn -0.0000 -0.7604 0.6494
vn -0.0000 -0.8091 0.5877
vn -0.0000 -0.8527 0.5224
vn -0.0000 -0.8527 0.5225
vn -0.0000 -0.8910 0.4539
vn -0.0000 -0.9511 0.3090
vn -0.0000 -0.9724 0.2334
vn -0.0000 -0.9969 0.0784
vn -0.0000 -0.9969 0.0785
vn -0.0000 -0.9969 -0.0785
vn -0.0000 -0.9724 -0.2334
vn -0.0000 -0.5226 -0.8526
vn -0.0000 -0.5879 -0.8089
vn -0.0000 -0.6495 -0.7603
vn -0.0000 -0.7605 -0.6494
vn -0.0000 -0.7604 -0.6494
vn -0.0000 -0.8527 -0.5224
vn -0.0000 -0.9239 -0.3826
vn -0.0000 -0.9511 -0.3090
vn -0.0000 -0.3828 -0.9238
vn -0.0000 -0.2336 -0.9723
vn -0.0000 0.1312 -0.9914
vn -0.0000 0.1311 -0.9914
vn -0.0000 0.1563 -0.9877
vn -0.0000 0.0783 -0.9969
vn -0.0000 -0.0002 -1.0000
vn -0.0000 -0.0786 -0.9969
vn -0.0000 -0.1566 -0.9877
vn -1.0000 -0.0000 0.0002
vn -1.0000 -0.0000 0.0001
vn -1.0000 -0.0000 -0.0001
vn -1.0000 -0.0000 -0.0002
vn -1.0000 -0.0000 0.0003
vn -1.0000 -0.0005 -0.0000
vn -1.0000 -0.0000 0.0026
vn -0.0000 -0.0507 0.9987
vn -0.0000 -0.0506 0.9987
vn -0.0000 -0.0341 0.9994
vn -0.0000 -0.9977 -0.0683
vn -0.0000 -0.9791 -0.2035
vn -0.0000 -0.1362 0.9907
vn -0.0000 -0.2698 0.9629
vn -0.0000 -0.3348 0.9423
vn -0.0000 -0.3349 0.9423
vn -0.0000 -0.3984 0.9172
vn -0.0000 -0.4601 0.8879
vn -0.0000 -0.5196 0.8544
vn -0.0000 -0.5767 0.8170
vn -0.0000 -0.6311 0.7757
vn -0.0000 -0.8170 0.5767
vn -0.0000 -0.7757 0.6311
vn -0.0000 -0.6826 0.7308
vn -0.0000 -0.6828 0.7306
vn -0.0000 -0.7308 0.6826
vn 0.0002 -0.7304 0.6831
vn 0.0002 -0.7747 0.6323
vn -0.0000 -0.7758 0.6310
vn 0.0002 -0.7750 0.6320
vn -0.0000 -0.8544 0.5196
vn -0.0000 -0.8879 0.4601
vn -0.0000 -0.9423 0.3349
vn -0.0000 -0.9977 0.0683
vn -0.0000 -0.9977 0.0682
vn -0.0000 -0.9791 0.2034
vn -0.0000 -0.9791 0.2035
vn -0.0000 -0.9629 0.2698
vn -0.0000 -0.8879 -0.4601
vn -0.0000 -0.8879 -0.4600
vn -0.0000 -0.9172 -0.3983
vn -0.0000 -0.9172 -0.3984
vn -0.0000 -0.9423 -0.3349
vn -0.0000 -0.9629 -0.2698
vn -0.0000 -0.9791 -0.2034
vn -0.0000 -0.8544 -0.5196
vn -0.0000 -0.8170 -0.5767
vn -0.0000 -0.7757 -0.6311
vn -0.0000 -0.7749 -0.6321
vn -0.0000 -0.7308 -0.6826
vn -0.0000 -0.7301 -0.6833
vn -0.0000 -0.6827 -0.7307
vn -0.0000 -0.6826 -0.7308
vn -0.0000 -0.6311 -0.7757
vn -0.0000 -0.6310 -0.7757
vn -0.0000 -0.5767 -0.8170
vn -0.0000 -0.5196 -0.8544
vn -0.0000 -0.4601 -0.8879
vn -0.0000 -0.3984 -0.9172
vn -0.0000 -0.3348 -0.9423
vn -0.0000 -0.3349 -0.9423
vn -0.0000 -0.2698 -0.9629
vn -0.0000 -0.1362 -0.9907
vn -0.0000 -0.0682 -0.9977
vn -0.0000 -0.0341 -0.9994
vn -0.0000 -0.0506 -0.9987
vn -0.0000 -0.2011 0.9796
vn -0.0000 -0.3939 0.9192
vn -0.0000 -0.3939 -0.9192
vn -0.0000 -0.2011 -0.9796
vn -0.0000 -0.9190 0.3943
vn -0.0000 -0.8208 0.5713
vn -0.0000 -0.6890 0.7248
vn -0.0000 -0.5290 0.8486
vn -0.0000 -0.4404 0.8978
vn -0.0000 -0.3473 0.9377
vn -0.0000 -0.1514 0.9885
vn -0.0000 0.0507 0.9987
vn -0.0000 0.0506 0.9987
vn -0.0000 0.2507 0.9681
vn -0.0000 0.3473 0.9377
vn -0.0000 0.4404 0.8978
vn -0.0000 0.6121 0.7908
vn -0.0000 0.7587 0.6514
vn -0.0000 0.7588 0.6514
vn -0.0000 0.8207 0.5713
vn -0.0000 0.8743 0.4853
vn -0.0000 0.8743 0.4854
vn -0.0000 0.9189 0.3945
vn -0.0000 0.9541 0.2994
vn -0.0000 0.9949 0.1012
vn -0.0142 0.9938 0.1107
vn -0.0082 0.9943 -0.1060
vn -0.0527 0.9984 0.0205
vn -0.0000 0.9920 -0.1263
vn -0.0000 0.9541 -0.2994
vn -0.0000 0.9189 -0.3944
vn -0.0000 0.8743 -0.4853
vn -0.0000 0.7588 -0.6514
vn -0.0000 0.8208 -0.5713
vn -0.0000 0.8743 -0.4854
vn -0.0000 -0.1514 -0.9885
vn -0.0000 0.0507 -0.9987
vn -0.0000 0.0506 -0.9987
vn -0.0000 0.2507 -0.9681
vn -0.0000 0.4404 -0.8978
vn -0.0000 0.6121 -0.7908
vn -0.0000 0.7587 -0.6514
vn -0.0000 -0.9190 -0.3943
vn -0.0000 -0.8744 -0.4853
vn -0.0000 -0.8208 -0.5713
vn -0.0000 -0.6890 -0.7248
vn -0.0000 -0.5290 -0.8486
vn -0.0000 -0.3473 -0.9377
vn -0.0000 -0.8744 0.4853
vn -0.0000 -0.9795 0.2013
vn -0.0000 -0.9795 -0.2013
vn -0.0104 -0.7881 -0.6154
vn -0.0000 -0.8129 -0.5823
vn -0.0000 -0.8466 -0.5322
vn -0.0105 -0.1389 0.9902
vn -0.0000 -0.0979 0.9952
vn -0.0000 -0.0376 0.9993
vn -0.0105 0.9270 -0.3749
vn -0.0000 0.9107 -0.4130
vn -0.0000 0.8842 -0.4671
vn -0.0000 -0.0979 -0.9952
vn -0.0005 -0.1338 -0.9910
vn -0.0028 -0.0454 -0.9990
vn -0.0009 0.8887 -0.4584
vn -0.0125 0.9668 -0.2554
vn -0.0000 0.9595 -0.2817
vn 0.0047 0.9951 -0.0984
vn -0.0000 0.9929 -0.1187
vn 0.0016 1.0000 -0.0000
vn 0.0047 0.9951 0.0985
vn -0.0000 0.9929 0.1187
vn -0.0000 0.9694 0.2455
vn -0.0034 0.9601 0.2795
vn -0.0005 0.9251 0.3798
vn -0.0028 0.8878 0.4602
vn -0.0000 0.9107 0.4130
vn -0.0009 -0.0474 0.9989
vn -0.0000 -0.2357 0.9718
vn -0.0125 -0.2623 0.9649
vn -0.0000 -0.4154 0.9096
vn -0.0000 -0.5801 0.8146
vn -0.0000 -0.6973 0.7168
vn -0.0034 -0.7222 0.6917
vn -0.0005 -0.7914 0.6113
vn -0.0028 -0.8424 0.5388
vn -0.0000 -0.8130 0.5823
vn -0.0034 -0.2380 -0.9713
vn -0.0000 -0.2722 -0.9623
vn -0.0000 -0.4154 -0.9096
vn -0.0000 -0.5801 -0.8146
vn -0.0000 -0.7237 -0.6901
vn -0.0125 -0.7046 -0.7095
vn -0.0009 -0.8414 -0.5404
vn -0.0000 0.1423 0.9898
vn -0.0000 0.3271 0.9450
vn -0.0000 0.5801 0.8146
vn -0.0000 0.6549 0.7557
vn -0.0000 0.7861 0.6182
vn -0.0000 0.7860 0.6182
vn -0.0000 0.8413 0.5406
vn -0.0000 0.8842 0.4671
vn -0.0000 0.8413 -0.5406
vn -0.0000 0.7861 -0.6182
vn -0.0000 0.6549 -0.7557
vn -0.0000 0.3271 -0.9450
vn -0.0000 0.1423 -0.9898
vn -0.0000 -0.0376 -0.9993
vn -0.0000 -0.9284 -0.3717
vn -0.0000 -0.9819 -0.1893
vn -0.0000 -0.9819 0.1893
vn -0.0000 -0.9284 0.3717
vn -0.0000 -0.8466 0.5322
vn -0.0000 0.9788 -0.2050
vn -0.0000 0.9808 -0.1951
vn -0.0000 0.9808 0.1951
vn -0.0000 0.9788 0.2050
vn -0.0000 0.9886 -0.1506
vn -0.0000 0.9992 -0.0407
vn -0.0000 0.9992 -0.0406
vn -0.0000 0.9838 0.1795
vn -0.0000 0.9204 0.3909
vn -0.0000 0.8123 0.5832
vn -0.0000 0.6647 0.7472
vn -0.0000 0.6646 0.7472
vn -0.0000 0.9992 0.0406
vn -0.0000 0.9838 -0.1795
vn -0.0000 0.9204 -0.3909
vn -0.0000 0.8123 -0.5832
vn -0.0000 0.6646 -0.7472
vn -0.0000 -0.0220 -0.9998
vn -0.0000 -0.2757 -0.9612
vn -0.0000 -0.2758 -0.9612
vn -0.0000 -0.5114 -0.8593
vn -0.0000 -0.5115 -0.8593
vn -0.0000 -0.7131 -0.7010
vn -0.0000 -0.8682 -0.4962
vn -0.0000 -0.9473 -0.3204
vn -0.0000 -0.9473 0.3204
vn -0.0000 -0.9247 0.3806
vn -0.0000 -0.8682 0.4962
vn -0.0000 -0.7131 0.7010
vn -0.0000 -0.5114 0.8593
vn -0.0000 -0.5115 0.8593
vn -0.0000 -0.2757 0.9612
vn -0.0000 -0.0221 0.9998
vn -0.0000 -0.0219 0.9998
vn -0.0000 0.2587 0.9660
vn -0.0000 -0.2587 0.9660
vn -0.0000 0.9915 0.1305
vn -0.0000 -0.9915 0.1305
vn -0.0000 -1.0000 -0.0001
vn -0.0000 0.2587 -0.9660
vn -0.0000 1.0000 -0.0001
vn -0.0000 -0.7941 -0.6078
vn -0.0000 -0.7080 -0.7063
vn -0.0001 -0.7079 0.7063
vn -0.0001 -0.7941 0.6078
vn -0.0000 -0.8969 -0.4423
vn -0.0000 0.8315 0.5556
vn -0.0001 -0.8660 -0.5000
vn -0.0000 -0.8955 -0.4450
vn -0.0000 0.8332 0.5530
vn -0.0000 -0.8955 0.4450
vn -0.0000 -0.8969 0.4423
vn -0.0000 0.8332 -0.5530
vn -0.0000 0.8315 -0.5556
vn -0.0000 0.3828 -0.9238
vn -0.0000 -1.0000 0.0001
vn -0.0000 -0.8969 0.4422
vn -0.0000 0.0622 -0.9981
vn -0.0000 0.0654 -0.9979
vn -0.0000 0.0622 0.9981
vn -0.0000 0.0654 0.9979
vn -0.0000 0.7934 0.6088
vn -0.0000 0.7934 -0.6087
vn -1.0000 -0.0000 -0.0003
vn -1.0000 -0.0000 0.0004
vn -0.0000 -0.9979 0.0654
vn -0.0000 -0.9981 0.0608
vn -0.0000 -0.9981 0.0609
vn -0.0000 0.9981 0.0609
vn -0.0000 0.9979 0.0654
vn -0.0000 -0.3829 0.9238
vn -0.0000 -0.2591 0.9659
vn -0.0000 0.2591 0.9659
vn -0.0000 0.3829 0.9238
vn -0.0000 -0.4423 0.8969
vn -0.0000 0.9914 0.1306
vn -0.0000 0.5556 -0.8315
vn -0.0000 0.5555 -0.8315
vn -0.0000 0.5517 -0.8341
vn -0.0000 -0.4463 0.8949
vn -0.0000 -0.4464 0.8949
vn -1.0000 0.0005 -0.0000
vn -0.0000 -0.1305 0.9915
vn -0.0001 0.1295 0.9916
vn -0.0001 0.1292 0.9916
vn -0.0000 0.1305 -0.9914
vn -0.0000 0.3827 -0.9239
vn -0.0001 0.1295 -0.9916
vn -0.0001 0.1297 -0.9916
vn -0.0000 -0.1305 -0.9915
vn -0.0000 -0.9914 0.1306
vn -0.0000 0.9979 -0.0654
vn -0.0000 0.3829 -0.9238
vn -0.0000 0.2591 -0.9659
vn -0.0000 -0.2591 -0.9659
vn -0.0000 -0.3829 -0.9238
vn -0.0000 -0.9979 -0.0654
vn -0.0000 -0.9981 -0.0608
vn -0.0000 -0.9981 -0.0609
vn -0.0000 0.9981 -0.0609
vn -0.0000 0.5556 0.8315
vn -0.0000 0.9914 -0.1306
vn -0.0000 -0.4423 -0.8969
vn -0.0000 -0.4463 -0.8949
vn -0.0000 -0.4464 -0.8948
vn -0.0000 0.5517 0.8340
vn -0.0000 0.5517 0.8341
vn -0.0000 0.0623 -0.9981
vn -0.0000 0.2465 -0.9691
vn -0.0000 0.2465 -0.9692
vn -0.0000 0.4777 -0.8785
vn -0.0000 0.6795 -0.7337
vn -0.0000 0.6795 -0.7336
vn -0.0000 0.8393 -0.5437
vn -0.0000 0.8393 0.5437
vn -0.0000 0.6795 0.7337
vn -0.0000 0.6796 0.7336
vn -0.0000 0.4777 0.8785
vn -0.0000 0.2465 0.9691
vn -0.0000 0.2465 0.9692
vn -0.0000 0.0621 0.9981
vn -0.0000 0.0511 -0.9987
vn -0.0000 0.2954 -0.9554
vn -0.0000 0.2953 -0.9554
vn -0.0000 0.5219 -0.8530
vn -0.0000 0.7162 -0.6979
vn -0.0000 -0.2762 0.9611
vn -0.0000 -0.0366 0.9993
vn -0.0000 -0.0365 0.9993
vn -0.0000 0.2056 0.9786
vn -0.0000 0.4358 0.9000
vn -0.0000 0.4358 0.9001
vn -0.0000 0.6399 0.7685
vn -0.0000 0.8065 0.5913
vn -0.0000 -0.9705 0.2411
vn -0.0000 -0.8837 0.4680
vn -0.0000 -0.7446 0.6675
vn -0.0000 -0.5615 0.8275
vn -0.0000 -0.3458 0.9383
vn -0.0000 -0.1090 0.9940
vn -0.0000 0.1090 0.9940
vn -0.0000 0.1091 0.9940
vn -0.0000 0.3458 0.9383
vn -0.0000 0.5615 0.8275
vn -0.0000 0.7446 0.6675
vn -0.0000 0.8837 0.4680
vn -0.0000 0.9705 0.2411
vn -0.0000 0.9705 -0.2412
vn -0.0000 0.9705 -0.2411
vn -0.0000 0.8837 -0.4680
vn -0.0000 0.7447 -0.6675
vn -0.0000 0.7446 -0.6675
vn -0.0000 0.5616 -0.8274
vn -0.0000 0.5614 -0.8275
vn -0.0000 0.3458 -0.9383
vn -0.0000 0.3457 -0.9383
vn -0.0000 0.1091 -0.9940
vn -0.0000 0.1090 -0.9940
vn -0.0000 -0.1090 -0.9940
vn -0.0000 -0.3457 -0.9383
vn -0.0000 -0.3458 -0.9383
vn -0.0000 -0.5614 -0.8275
vn -0.0000 -0.5616 -0.8274
vn -0.0000 -0.7446 -0.6675
vn -0.0000 -0.7447 -0.6674
vn -0.0000 -0.8837 -0.4680
vn -0.0000 -0.9705 -0.2411
vn -0.0000 -0.9705 -0.2412
vn -0.0000 0.9154 0.4026
vn -0.0000 0.9855 0.1699
vn -0.0000 0.9973 -0.0730
vn -0.0000 0.9504 -0.3110
vn -0.0000 0.8474 -0.5310
vn -0.0000 0.6941 -0.7199
vn -0.0000 0.8065 -0.5913
vn -0.0000 0.6399 -0.7685
vn -0.0000 0.4357 -0.9001
vn -0.0000 0.4358 -0.9000
vn -0.0000 0.2056 -0.9786
vn -0.0000 -0.0365 -0.9993
vn -0.0000 -0.0366 -0.9993
vn -0.0000 -0.2762 -0.9611
vn -0.0000 -0.2763 -0.9611
vn -0.0000 0.6941 0.7199
vn -0.0000 0.6940 0.7199
vn -0.0000 0.8474 0.5310
vn -0.0000 0.9504 0.3110
vn -0.0000 0.9973 0.0730
vn -0.0000 0.9855 -0.1699
vn -0.0000 0.9154 -0.4026
vn -0.0000 -0.8956 0.4449
vn -0.0000 -0.9626 0.2711
vn -0.0000 -0.9997 0.0256
vn -0.0000 -0.9751 -0.2216
vn -0.0000 -0.8905 -0.4549
vn -0.0000 -0.8905 0.4549
vn -0.0000 -0.9751 0.2216
vn -0.0000 -0.9997 -0.0256
vn -0.0000 -0.9626 -0.2711
vn -0.0000 0.7161 0.6980
vn -0.0000 0.7162 0.6979
vn -0.0000 0.5219 0.8530
vn -0.0000 0.2953 0.9554
vn -0.0000 0.0510 0.9987
vn -0.0000 0.0511 0.9987
vn -0.0000 0.7927 0.6096
vn -0.0000 0.7064 0.7078
vn 0.0001 0.7060 -0.7082
vn 0.0001 0.7924 -0.6100
vn -0.0000 -0.7935 -0.6086
vn -0.0000 0.7935 -0.6086
vn -0.0000 0.7925 0.6099
vn -0.0000 0.7061 0.7081
vn -0.0000 -0.9239 -0.3828
vn -0.0000 -0.1306 -0.9914
vn -0.0000 0.7928 -0.6095
vn -0.0000 0.7065 -0.7077
vn -0.0000 0.2592 -0.9658
vn -0.0000 0.1309 -0.9914
vn -0.0000 0.9240 -0.3824
vn -0.0000 0.9659 -0.2587
vn -0.0000 0.9660 -0.2585
vn -0.0000 0.7935 0.6086
vn -0.0000 -0.7935 0.6086
vn -0.0000 0.2587 -0.9659
vn -0.0000 0.7072 -0.7071
vn -0.0000 -0.6088 -0.7933
vn -0.0000 0.6088 -0.7933
vn -0.0000 0.7072 0.7071
vn -0.0000 0.2587 0.9659
vn -0.0000 -0.2587 0.9659
vn -0.0000 -0.7072 0.7071
s 0
usemtl ee_base_link_01_mat
f 1//1 2//1 3//1
f 4//1 5//1 6//1
f 7//1 8//1 9//1
f 7//1 10//1 11//1
f 2//1 12//1 3//1
f 13//1 3//1 12//1
f 3//1 13//1 14//1
f 15//1 14//1 13//1
f 14//1 15//1 16//1
f 17//1 18//1 19//1
f 20//1 21//1 22//1
f 23//1 24//1 25//1
f 26//1 25//1 24//1
f 25//1 26//1 27//1
f 26//1 28//1 27//1
f 29//1 27//1 28//1
f 27//1 29//1 30//1
f 31//1 30//1 29//1
f 30//1 31//1 32//1
f 33//1 32//1 31//1
f 32//1 33//1 34//1
f 35//1 34//1 33//1
f 34//1 35//1 36//1
f 1//1 3//1 6//1
f 37//1 6//1 3//1
f 6//1 37//1 38//1
f 4//1 6//1 39//1
f 19//1 18//1 40//1
f 41//1 40//1 18//1
f 40//1 41//1 42//1
f 43//1 42//1 41//1
f 42//1 43//1 44//1
f 45//1 44//1 43//1
f 44//1 45//1 46//1
f 47//1 46//1 45//1
f 46//1 47//1 48//1
f 49//1 48//1 47//1
f 48//1 49//1 50//1
f 51//1 50//1 49//1
f 50//1 51//1 38//1
f 52//1 38//1 51//1
f 38//1 52//1 53//1
f 7//1 9//1 54//1
f 55//1 54//1 9//1
f 54//1 55//1 56//1
f 25//1 57//1 23//1
f 58//1 23//1 57//1
f 23//1 58//1 10//1
f 59//1 10//1 58//1
f 10//1 59//1 11//1
f 53//1 60//1 38//1
f 61//1 38//1 60//1
f 38//1 61//1 6//1
f 62//1 6//1 61//1
f 6//1 62//1 39//1
f 22//1 63//1 20//1
f 64//1 20//1 63//1
f 20//1 64//1 65//1
f 56//1 66//1 54//1
f 67//1 54//1 66//1
f 54//1 67//1 68//1
f 67//1 20//1 68//1
f 65//1 68//1 20//1
f 68//1 65//1 69//1
f 70//1 69//1 65//1
f 69//1 70//1 19//1
f 71//1 19//1 70//1
f 19//1 71//1 17//1
f 72//1 73//1 74//1
f 75//1 76//1 77//1
f 78//1 77//1 76//1
f 74//1 73//1 79//1
f 80//1 79//1 73//1
f 79//1 80//1 81//1
f 80//1 82//1 81//1
f 83//1 81//1 82//1
f 81//1 83//1 84//1
f 85//1 86//1 87//1
f 88//1 87//1 86//1
f 87//1 88//1 89//1
f 88//1 90//1 89//1
f 91//1 89//1 90//1
f 89//1 91//1 75//1
f 92//1 75//1 91//1
f 75//1 92//1 76//1
f 93//1 94//1 95//1
f 11//1 95//1 94//1
f 7//1 11//1 8//1
f 94//1 8//1 11//1
f 8//1 94//1 96//1
f 72//1 97//1 98//1
f 99//1 98//1 97//1
f 98//1 99//1 100//1
f 101//1 100//1 99//1
f 100//1 101//1 78//1
f 102//1 78//1 101//1
f 78//1 102//1 77//1
f 85//1 87//1 103//1
f 104//1 103//1 87//1
f 103//1 104//1 105//1
f 106//1 105//1 104//1
f 105//1 106//1 107//1
f 108//1 107//1 106//1
f 107//1 108//1 109//1
f 110//1 109//1 108//1
f 109//1 110//1 96//1
f 111//1 96//1 110//1
f 96//1 111//1 8//1
f 83//1 112//1 84//1
f 113//1 84//1 112//1
f 84//1 113//1 114//1
f 93//1 114//1 113//1
f 114//1 93//1 115//1
f 95//1 115//1 93//1
f 74//1 116//1 72//1
f 117//1 72//1 116//1
f 72//1 117//1 97//1
f 118//1 97//1 117//1
f 97//1 118//1 119//1
f 120//1 121//1 122//1
f 123//1 122//1 121//1
f 122//1 123//1 124//1
f 125//1 124//1 123//1
f 124//1 125//1 126//1
f 127//1 126//1 125//1
f 126//1 127//1 119//1
f 128//1 119//1 127//1
f 119//1 128//1 97//1
f 129//1 130//1 131//1
f 132//1 131//1 130//1
f 131//1 132//1 133//1
f 134//1 135//1 136//1
f 137//1 138//1 139//1
f 140//1 139//1 138//1
f 139//1 140//1 120//1
f 141//1 120//1 140//1
f 120//1 141//1 121//1
f 139//1 142//1 137//1
f 143//1 137//1 142//1
f 137//1 143//1 135//1
f 144//1 135//1 143//1
f 135//1 144//1 136//1
f 129//1 131//1 145//1
f 146//1 145//1 131//1
f 145//1 146//1 147//1
f 148//1 147//1 146//1
f 147//1 148//1 149//1
f 150//1 149//1 148//1
f 149//1 150//1 151//1
f 152//1 151//1 150//1
f 151//1 152//1 128//1
f 153//1 128//1 152//1
f 128//1 153//1 97//1
f 154//1 155//1 156//1
f 157//1 158//1 159//1
f 160//1 159//1 158//1
f 35//1 14//1 36//1
f 16//1 36//1 14//1
f 36//1 16//1 161//1
f 162//1 161//1 16//1
f 163//1 164//1 165//1
f 166//1 165//1 164//1
f 165//1 166//1 167//1
f 168//1 167//1 166//1
f 167//1 168//1 169//1
f 168//1 170//1 169//1
f 171//1 169//1 170//1
f 169//1 171//1 172//1
f 132//1 173//1 133//1
f 174//1 133//1 173//1
f 133//1 174//1 175//1
f 176//1 175//1 174//1
f 175//1 176//1 177//1
f 178//1 177//1 176//1
f 177//1 178//1 179//1
f 180//1 179//1 178//1
f 179//1 180//1 181//1
f 182//1 181//1 180//1
f 181//1 182//1 183//1
f 134//1 183//1 182//1
f 183//1 134//1 156//1
f 136//1 156//1 134//1
f 156//1 136//1 154//1
f 184//1 154//1 136//1
f 154//1 184//1 185//1
f 186//1 187//1 188//1
f 189//1 188//1 187//1
f 188//1 189//1 160//1
f 190//1 160//1 189//1
f 160//1 190//1 159//1
f 171//1 191//1 172//1
f 192//1 172//1 191//1
f 172//1 192//1 193//1
f 185//1 193//1 192//1
f 193//1 185//1 194//1
f 184//1 194//1 185//1
f 188//1 195//1 186//1
f 196//1 186//1 195//1
f 186//1 196//1 197//1
f 198//1 197//1 196//1
f 197//1 198//1 155//1
f 199//1 155//1 198//1
f 155//1 199//1 156//1
f 163//1 162//1 164//1
f 16//1 164//1 162//1
f 164//1 16//1 200//1
f 201//1 200//1 16//1
f 200//1 201//1 202//1
f 203//1 202//1 201//1
f 202//1 203//1 204//1
f 205//1 204//1 203//1
f 204//1 205//1 206//1
f 207//1 206//1 205//1
f 206//1 207//1 208//1
f 209//1 208//1 207//1
f 208//1 209//1 210//1
f 158//1 210//1 209//1
f 210//1 158//1 211//1
f 157//1 211//1 158//1
s 1
f 212//2 213//2 214//3
f 215//3 214//3 213//2
f 214//3 215//3 216//4
f 217//4 216//4 215//3
f 216//4 217//4 218//5
f 219//5 218//5 217//4
f 218//5 219//5 220//6
f 221//6 220//6 219//5
f 220//6 221//6 222//7
f 223//7 222//7 221//6
f 222//7 223//7 224//8
f 225//8 224//8 223//7
f 224//8 225//8 226//9
f 227//9 226//9 225//8
f 226//9 227//9 228//10
f 229//10 228//10 227//9
f 228//10 229//10 230//11
f 231//11 230//11 229//10
f 230//11 231//11 232//12
f 233//12 232//12 231//11
f 232//12 233//12 234//13
f 235//13 234//13 233//12
f 234//13 235//13 236//14
f 237//14 236//14 235//13
f 236//14 237//14 238//15
f 239//15 238//15 237//14
f 238//15 239//15 240//16
f 241//16 240//16 239//15
f 240//16 241//16 242//17
f 243//17 242//17 241//16
f 242//17 243//17 244//18
f 245//18 244//18 243//17
f 244//18 245//18 246//19
f 247//19 246//19 245//18
f 246//19 247//19 248//20
f 249//20 248//20 247//19
f 248//20 249//20 250//21
f 251//22 250//21 249//20
f 250//21 251//22 252//23
f 253//23 252//23 251//22
f 252//23 253//23 254//24
f 255//25 254//24 253//23
f 254//24 255//25 256//26
f 257//26 256//26 255//25
f 256//26 257//26 258//27
f 259//27 258//27 257//26
f 258//27 259//27 212//2
f 213//2 212//2 259//27
f 260//28 261//29 262//30
f 263//31 262//30 261//29
f 262//30 263//31 264//31
f 265//32 266//32 267//30
f 260//28 267//30 266//32
f 267//30 260//28 268//30
f 262//30 268//30 260//28
f 269//33 270//33 271//34
f 272//35 271//34 270//33
f 271//34 272//35 273//35
f 273//35 272//35 274//36
f 275//36 274//36 272//35
f 274//36 275//36 276//37
f 277//38 276//37 275//36
f 276//37 277//38 278//39
f 279//40 278//39 277//38
f 278//39 279//40 280//40
f 281//41 280//40 279//40
f 280//40 281//41 282//41
f 283//42 282//41 281//41
f 282//41 283//42 284//42
f 285//43 284//42 283//42
f 284//42 285//43 286//43
f 286//43 285//43 287//44
f 288//45 287//44 285//43
f 287//44 288//45 289//46
f 289//46 288//45 290//47
f 291//48 290//47 288//45
f 290//47 291//48 292//49
f 292//49 291//48 293//50
f 294//51 293//50 291//48
f 293//50 294//51 295//52
f 295//52 294//51 296//53
f 297//54 296//53 294//51
f 296//53 297//54 298//54
f 299//55 298//54 297//54
f 298//54 299//55 300//55
f 301//56 300//55 299//55
f 300//55 301//56 302//56
f 303//57 302//56 301//56
f 302//56 303//57 304//57
f 304//57 303//57 305//58
f 306//58 305//58 303//57
f 305//58 306//58 307//59
f 306//58 308//59 307//59
f 309//60 307//59 308//59
f 307//59 309//60 310//60
f 311//61 310//60 309//60
f 310//60 311//61 312//61
f 313//62 312//61 311//61
f 312//61 313//62 314//62
f 315//63 314//62 313//62
f 314//62 315//63 316//63
f 317//64 316//63 315//63
f 316//63 317//64 318//64
f 318//64 317//64 319//17
f 320//65 319//17 317//64
f 319//17 320//65 321//17
f 321//17 320//65 322//65
f 323//66 322//65 320//65
f 322//65 323//66 324//66
f 325//67 324//66 323//66
f 324//66 325//67 326//67
f 327//68 326//67 325//67
f 326//67 327//68 328//68
f 329//69 328//68 327//68
f 328//68 329//69 330//69
f 331//70 330//69 329//69
f 330//69 331//70 332//70
f 332//70 331//70 333//71
f 334//71 333//71 331//70
f 333//71 334//71 335//72
f 334//71 336//72 335//72
f 337//73 335//72 336//72
f 335//72 337//73 338//73
f 339//74 338//73 337//73
f 338//73 339//74 340//74
f 341//75 340//74 339//74
f 340//74 341//75 342//75
f 342//75 341//75 343//76
f 344//77 343//76 341//75
f 343//76 344//77 345//78
f 346//79 345//78 344//77
f 345//78 346//79 347//79
f 347//79 346//79 348//80
f 349//81 348//80 346//79
f 348//80 349//81 350//80
f 350//80 349//81 351//81
f 352//82 351//81 349//81
f 351//81 352//82 353//82
f 354//83 353//82 352//82
f 353//82 354//83 355//83
f 356//84 355//83 354//83
f 355//83 356//84 357//84
f 358//85 357//84 356//84
f 357//84 358//85 359//85
f 359//85 358//85 360//86
f 361//87 360//86 358//85
f 360//86 361//87 362//88
f 362//88 361//87 363//89
f 364//89 363//89 361//87
f 363//89 364//89 365//90
f 366//90 365//90 364//89
f 365//90 366//90 367//91
f 368//92 367//91 366//90
f 367//91 368//92 369//92
f 370//93 371//94 372//95
f 373//93 370//93 374//96
f 372//95 374//96 370//93
f 374//96 372//95 375//96
f 376//97 375//96 372//95
f 375//96 376//97 377//97
f 378//5 379//98 380//98
f 381//99 382//99 383//5
f 381//99 383//5 380//98
f 384//5 380//98 383//5
f 380//98 384//5 378//5
s 0
f 385//100 386//100 387//100
f 388//100 389//100 390//100
f 391//100 392//100 393//100
f 394//100 395//100 396//100
f 397//100 398//100 399//100
f 400//100 399//100 398//100
f 399//100 400//100 395//100
f 401//100 395//100 400//100
f 395//100 401//100 396//100
f 399//100 402//100 397//100
f 403//100 397//100 402//100
f 397//100 403//100 404//100
f 405//100 404//100 403//100
f 404//100 405//100 406//100
f 405//100 407//100 406//100
f 408//100 406//100 407//100
f 406//100 408//100 409//100
f 410//100 409//100 408//100
f 409//100 410//100 411//100
f 412//100 413//100 414//100
f 411//100 414//100 413//100
f 414//100 411//100 415//100
f 410//100 415//100 411//100
f 416//100 417//100 412//100
f 418//100 412//100 417//100
f 412//100 418//100 413//100
f 419//100 420//100 421//100
f 422//100 421//100 420//100
f 421//100 422//100 423//100
f 422//100 424//100 423//100
f 425//100 423//100 424//100
f 423//100 425//100 426//100
f 427//100 426//100 425//100
f 426//100 427//100 428//100
f 429//100 428//100 427//100
f 416//100 412//100 430//100
f 431//100 430//100 412//100
f 430//100 431//100 432//100
f 433//100 432//100 431//100
f 432//100 433//100 434//100
f 435//100 434//100 433//100
f 434//100 435//100 419//100
f 436//100 419//100 435//100
f 419//100 436//100 420//100
f 437//100 438//100 439//100
f 439//100 438//100 440//100
f 437//100 439//100 441//100
f 442//100 441//100 439//100
f 441//100 442//100 443//100
f 444//100 443//100 442//100
f 443//100 444//100 445//100
f 446//100 445//100 444//100
f 445//100 446//100 447//100
f 448//100 447//100 446//100
f 447//100 448//100 429//100
f 449//100 429//100 448//100
f 429//100 449//100 428//100
f 450//100 451//100 452//100
f 453//100 452//100 451//100
f 452//100 453//100 454//100
f 455//100 454//100 453//100
f 454//100 455//100 456//100
f 457//100 456//100 455//100
f 456//100 457//100 458//100
f 440//100 458//100 457//100
f 458//100 440//100 459//100
f 438//100 459//100 440//100
f 460//100 452//100 461//100
f 462//100 461//100 452//100
f 463//100 464//100 465//100
f 466//100 465//100 464//100
f 465//100 466//100 460//100
f 467//100 460//100 466//100
f 460//100 467//100 452//100
f 468//100 452//100 467//100
f 452//100 468//100 450//100
f 465//100 469//100 463//100
f 470//100 463//100 469//100
f 463//100 470//100 471//100
f 470//100 472//100 471//100
f 473//100 471//100 472//100
f 471//100 473//100 474//100
f 475//100 474//100 473//100
f 474//100 475//100 476//100
f 475//100 477//100 476//100
f 478//100 476//100 477//100
f 476//100 478//100 479//100
f 480//100 479//100 478//100
f 479//100 480//100 481//100
f 482//100 481//100 480//100
f 481//100 482//100 483//100
f 396//100 483//100 482//100
f 483//100 396//100 484//100
f 401//100 484//100 396//100
f 485//100 486//100 487//100
f 488//100 487//100 486//100
f 487//100 488//100 489//100
f 490//100 489//100 488//100
f 489//100 490//100 491//100
f 492//100 493//100 494//100
f 495//100 494//100 493//100
f 494//100 495//100 496//100
f 485//100 496//100 495//100
f 496//100 485//100 497//100
f 487//100 497//100 485//100
f 497//100 487//100 498//100
f 494//100 462//100 492//100
f 452//100 492//100 462//100
f 492//100 452//100 499//100
f 393//100 499//100 452//100
f 499//100 393//100 500//100
f 392//100 500//100 393//100
f 501//100 502//100 503//100
f 504//100 503//100 502//100
f 503//100 504//100 505//100
f 454//100 506//100 452//100
f 507//100 452//100 506//100
f 452//101 507//101 508//101
f 391//100 393//100 509//100
f 452//100 509//100 393//100
f 509//100 452//100 510//100
f 508//100 510//100 452//100
f 510//100 508//100 511//100
f 512//100 511//100 508//100
f 511//100 512//100 513//100
f 514//100 513//100 512//100
f 513//100 514//100 501//100
f 515//100 501//100 514//100
f 501//100 515//100 502//100
f 504//100 516//100 505//100
f 517//100 505//100 516//100
f 505//100 517//100 518//100
f 517//100 519//100 518//100
f 520//100 518//100 519//100
f 518//100 520//100 521//100
f 522//100 521//100 520//100
f 521//100 522//100 523//100
f 524//100 523//100 522//100
f 523//100 524//100 525//100
f 526//100 527//100 429//100
f 528//100 429//100 527//100
f 524//100 529//100 525//100
f 530//100 525//100 529//100
f 525//100 530//100 531//100
f 532//100 531//100 530//100
f 531//100 532//100 533//100
f 528//100 533//100 532//100
f 532//100 534//100 528//100
f 535//100 528//100 534//100
f 528//100 535//100 429//100
f 536//100 429//100 535//100
f 429//100 536//100 447//100
f 427//100 537//100 429//100
f 538//100 429//100 537//100
f 429//100 538//100 539//100
f 540//100 541//100 542//100
f 543//100 542//100 541//100
f 542//100 543//100 544//100
f 545//100 544//100 543//100
f 544//100 545//100 546//100
f 547//100 546//100 545//100
f 546//100 547//100 548//100
f 549//100 548//100 547//100
f 548//100 549//100 539//100
f 550//100 539//100 549//100
f 539//100 550//100 429//100
f 551//100 429//100 550//100
f 429//100 551//100 526//100
f 540//100 552//100 541//100
f 553//100 541//100 552//100
f 541//100 553//100 554//100
f 555//100 556//100 412//100
f 557//100 412//100 556//100
f 412//100 557//100 431//100
f 553//100 558//100 554//100
f 559//100 554//100 558//100
f 554//100 559//100 560//100
f 561//100 560//100 559//100
f 560//100 561//100 562//100
f 563//100 562//100 561//100
f 562//100 563//100 564//100
f 565//100 564//100 563//100
f 564//100 565//100 566//100
f 567//100 566//100 565//100
f 566//100 567//100 555//100
f 568//100 555//100 567//100
f 555//102 568//102 556//102
f 569//100 570//100 412//100
f 571//100 412//100 570//100
f 412//100 571//100 555//100
f 414//100 572//100 412//100
f 573//100 412//100 572//100
f 412//103 573//103 574//103
f 569//100 412//100 575//100
f 574//100 575//100 412//100
f 575//100 574//100 576//100
f 577//100 576//100 574//100
f 576//100 577//100 578//100
f 579//100 578//100 577//100
f 578//100 579//100 580//100
f 581//100 580//100 579//100
f 580//100 581//100 582//100
f 583//100 582//100 581//100
f 582//100 583//100 584//100
f 585//100 584//100 583//100
f 584//100 585//100 586//100
f 585//100 587//100 586//100
f 588//100 586//100 587//100
f 586//100 588//100 589//100
f 588//100 590//100 589//100
f 591//100 589//100 590//100
f 589//100 591//100 592//100
f 593//100 592//100 591//100
f 592//100 593//100 594//100
f 595//100 594//100 593//100
f 594//100 595//100 596//100
f 597//100 598//100 599//100
f 600//100 599//100 598//100
f 599//100 600//100 396//100
f 601//100 396//100 600//100
f 396//100 601//100 394//100
f 602//100 603//100 599//100
f 596//100 597//100 594//100
f 599//100 594//100 597//100
f 594//100 599//100 604//100
f 603//100 604//100 599//100
f 605//100 606//100 607//100
f 608//104 607//104 606//104
f 607//100 608//100 599//100
f 609//100 599//100 608//100
f 599//100 609//100 602//100
f 610//100 599//100 611//100
f 612//100 611//100 599//100
f 611//100 612//100 613//100
f 610//100 614//100 599//100
f 615//100 599//100 614//100
f 599//100 615//100 607//100
f 616//100 607//100 615//100
f 607//100 616//100 605//100
f 617//100 618//100 619//100
f 620//100 619//100 618//100
f 621//100 622//100 618//100
f 623//100 618//100 622//100
f 618//100 623//100 624//100
f 625//100 626//100 627//100
f 620//100 627//100 626//100
f 627//100 620//100 628//100
f 624//100 629//100 618//100
f 630//100 618//100 629//100
f 618//100 630//100 620//100
f 631//100 620//100 630//100
f 620//100 631//100 628//100
f 632//100 633//100 634//100
f 635//100 636//100 637//100
f 632//100 634//100 638//100
f 639//100 638//100 634//100
f 638//100 639//100 640//100
f 625//100 641//100 626//100
f 642//100 626//100 641//100
f 626//100 642//100 643//100
f 644//100 643//100 642//100
f 643//100 644//100 645//100
f 634//100 645//100 644//100
f 645//100 634//100 646//100
f 633//100 646//100 634//100
f 639//100 647//100 640//100
f 648//100 640//100 647//100
f 640//100 648//100 637//100
f 649//100 637//100 648//100
f 637//100 649//100 635//100
f 650//100 651//100 652//100
f 651//100 653//100 621//100
f 654//100 621//100 653//100
f 621//100 654//100 622//100
f 650//100 652//100 655//100
f 656//100 655//100 652//100
f 655//100 656//100 657//100
f 658//100 657//100 656//100
f 657//100 658//100 659//100
f 659//100 658//100 636//100
f 660//100 636//100 658//100
f 636//100 660//100 637//100
f 661//100 637//100 660//100
f 637//100 661//100 662//100
f 662//100 663//100 637//100
f 664//100 637//100 663//100
f 637//100 664//100 390//100
f 665//100 390//100 664//100
f 390//100 665//100 388//100
f 666//100 667//100 668//100
f 668//100 667//100 669//100
f 670//100 669//100 667//100
f 669//100 670//100 671//100
f 671//100 670//100 389//100
f 672//100 389//100 670//100
f 389//100 672//100 390//100
f 673//100 390//100 672//100
f 390//100 673//100 674//100
f 675//100 674//100 673//100
f 674//100 675//100 676//100
f 677//100 678//100 679//100
f 385//100 679//100 678//100
f 679//100 385//100 680//100
f 387//100 680//100 385//100
f 676//100 681//100 674//100
f 682//100 674//100 681//100
f 674//100 682//100 683//100
f 684//100 683//100 682//100
f 683//100 684//100 685//100
f 686//100 685//100 684//100
f 685//100 686//100 687//100
f 688//100 687//100 686//100
f 687//100 688//100 689//100
f 678//100 689//100 688//100
f 689//100 678//100 690//100
f 677//100 690//100 678//100
f 386//100 691//100 387//100
f 692//100 387//100 691//100
f 387//100 692//100 491//100
f 693//100 489//100 694//100
f 491//100 694//100 489//100
f 694//100 491//100 695//100
f 692//100 695//100 491//100
f 696//100 697//100 621//100
f 698//100 621//100 697//100
f 621//100 698//100 651//100
f 699//100 651//100 698//100
f 651//100 699//100 652//100
f 700//100 701//100 702//100
f 703//100 702//100 701//100
f 702//100 703//100 704//100
f 705//100 704//100 703//100
f 704//100 705//100 706//100
f 668//100 707//100 666//100
f 700//100 666//100 707//100
f 666//100 700//100 708//100
f 702//100 708//100 700//100
f 708//100 702//100 709//100
f 710//100 709//100 702//100
f 710//100 702//100 711//100
f 712//100 711//100 702//100
f 711//100 712//100 713//100
f 713//100 712//100 714//100
f 487//100 714//100 712//100
f 714//100 487//100 715//100
f 693//100 716//100 489//100
f 717//100 489//100 716//100
f 489//100 717//100 487//100
f 718//100 487//100 717//100
f 487//100 718//100 715//100
f 719//100 704//100 720//100
f 612//100 720//100 704//100
f 720//100 612//100 721//100
f 722//100 721//100 612//100
f 482//100 723//100 396//100
f 724//100 396//100 723//100
f 396//100 724//100 599//100
f 725//100 599//100 724//100
f 599//100 725//100 612//100
f 726//100 612//100 725//100
f 612//100 726//100 722//100
f 727//100 728//100 712//100
f 712//100 728//100 487//100
f 729//100 487//100 728//100
f 487//100 729//100 498//100
f 719//100 730//100 704//100
f 731//100 704//100 730//100
f 704//100 731//100 702//100
f 732//102 702//102 731//102
f 702//100 732//100 712//100
f 733//100 712//100 732//100
f 712//100 733//100 727//100
f 617//100 613//100 618//100
f 612//100 618//100 613//100
f 618//100 612//100 621//100
f 704//100 621//100 612//100
f 621//100 704//100 696//100
f 706//100 696//100 704//100
s 1
f 734//2 735//2 736//105
f 737//105 736//105 735//2
f 736//105 737//105 738//4
f 739//4 738//4 737//105
f 738//4 739//4 740//106
f 741//106 740//106 739//4
f 740//106 741//106 742//6
f 743//6 742//6 741//106
f 742//6 743//6 744//7
f 745//7 744//7 743//6
f 744//7 745//7 746//8
f 747//8 746//8 745//7
f 746//8 747//8 748//9
f 749//9 748//9 747//8
f 748//9 749//9 750//10
f 751//10 750//10 749//9
f 750//10 751//10 752//30
f 753//30 752//30 751//10
f 752//30 753//30 754//107
f 755//107 754//107 753//30
f 754//107 755//107 756//108
f 757//108 756//108 755//107
f 756//108 757//108 758//14
f 759//14 758//14 757//108
f 758//14 759//14 760//109
f 761//109 760//109 759//14
f 760//109 761//109 762//110
f 763//110 762//110 761//109
f 762//110 763//110 764//111
f 765//111 764//111 763//110
f 764//111 765//111 766//112
f 767//112 766//112 765//111
f 766//112 767//112 768//19
f 769//19 768//19 767//112
f 768//19 769//19 770//20
f 771//20 770//20 769//19
f 770//20 771//20 772//21
f 773//21 772//21 771//20
f 772//21 773//21 774//113
f 775//113 774//113 773//21
f 774//113 775//113 776//96
f 777//96 776//96 775//113
f 776//96 777//96 778//26
f 779//26 778//26 777//96
f 778//26 779//26 780//114
f 781//114 780//114 779//26
f 780//114 781//114 734//2
f 735//2 734//2 781//114
f 782//115 783//116 784//117
f 785//117 784//117 783//116
f 784//117 785//117 786//118
f 787//118 786//118 785//117
f 786//118 787//118 788//119
f 789//119 788//119 787//118
f 788//119 789//119 790//14
f 791//14 790//14 789//119
f 790//14 791//14 792//120
f 793//120 792//120 791//14
f 792//120 793//120 794//121
f 795//121 794//121 793//120
f 794//121 795//121 796//122
f 797//123 798//124 799//125
f 800//125 799//125 798//124
f 799//125 800//125 782//115
f 801//115 782//115 800//125
f 782//115 801//115 783//116
f 802//126 803//127 804//128
f 805//129 804//128 803//127
f 804//128 805//129 806//130
f 807//130 806//130 805//129
f 806//130 807//130 808//131
f 809//131 808//131 807//130
f 808//131 809//131 810//132
f 811//132 810//132 809//131
f 810//132 811//132 812//20
f 813//20 812//20 811//132
f 812//20 813//20 814//133
f 815//133 814//133 813//20
f 814//133 815//133 816//134
f 817//134 816//134 815//133
f 816//134 817//134 818//135
f 819//135 818//135 817//134
f 818//135 819//135 797//123
f 820//136 797//123 819//135
f 797//123 820//136 798//124
f 795//121 821//122 796//122
f 822//137 796//122 821//122
f 796//122 822//137 823//138
f 824//138 823//138 822//137
f 823//138 824//138 825//139
f 826//139 825//139 824//138
f 825//139 826//139 827//140
f 828//140 827//140 826//139
f 827//140 828//140 829//141
f 830//141 829//141 828//140
f 829//141 830//141 831//142
f 832//142 831//142 830//141
f 831//142 832//142 833//143
f 834//143 833//143 832//142
f 833//143 834//143 835//8
f 836//8 835//8 834//143
f 835//8 836//8 837//144
f 838//144 837//144 836//8
f 837//144 838//144 839//145
f 840//145 839//145 838//144
f 839//145 840//145 841//146
f 842//146 841//146 840//145
f 841//146 842//146 843//147
f 844//147 843//147 842//146
f 843//147 844//147 845//148
f 846//148 845//148 844//147
f 845//148 846//148 847//149
f 848//149 847//149 846//148
f 847//149 848//149 849//150
f 850//151 849//150 848//149
f 849//150 850//151 851//152
f 852//152 851//152 850//151
f 851//152 852//152 853//153
f 854//153 853//153 852//152
f 853//153 854//153 855//2
f 856//2 855//2 854//153
f 855//2 856//2 857//154
f 858//154 857//154 856//2
f 857//154 858//154 859//155
f 860//155 859//155 858//154
f 859//155 860//155 861//156
f 862//157 861//156 860//155
f 861//156 862//157 863//158
f 864//158 863//158 862//157
f 863//158 864//158 802//126
f 865//126 802//126 864//158
f 802//126 865//126 803//127
f 866//2 867//2 868//3
f 869//3 868//3 867//2
f 868//3 869//3 870//4
f 871//4 870//4 869//3
f 870//4 871//4 872//159
f 873//159 872//159 871//4
f 872//159 873//159 874//6
f 875//6 874//6 873//159
f 874//6 875//6 876//160
f 877//160 876//160 875//6
f 876//160 877//160 878//8
f 879//8 878//8 877//160
f 878//8 879//8 880//161
f 881//161 880//161 879//8
f 880//161 881//161 882//10
f 883//10 882//10 881//161
f 882//10 883//10 884//30
f 885//30 884//30 883//10
f 884//30 885//30 886//107
f 887//107 886//107 885//30
f 886//107 887//107 888//13
f 889//13 888//13 887//107
f 888//13 889//13 890//14
f 891//14 890//14 889//13
f 890//14 891//14 892//15
f 893//15 892//15 891//14
f 892//15 893//15 894//110
f 895//110 894//110 893//15
f 894//110 895//110 896//162
f 897//162 896//162 895//110
f 896//162 897//162 898//112
f 899//112 898//112 897//162
f 898//112 899//112 900//163
f 901//163 900//163 899//112
f 900//163 901//163 902//20
f 903//20 902//20 901//163
f 902//20 903//20 904//22
f 905//22 904//22 903//20
f 904//22 905//22 906//113
f 907//113 906//113 905//22
f 906//113 907//113 908//96
f 909//96 908//96 907//113
f 908//96 909//96 910//26
f 911//26 910//26 909//96
f 910//26 911//26 912//27
f 913//27 912//27 911//26
f 912//27 913//27 866//2
f 867//2 866//2 913//27
f 914//2 915//2 916//3
f 917//3 916//3 915//2
f 916//3 917//3 918//4
f 919//4 918//4 917//3
f 918//4 919//4 920//5
f 921//5 920//5 919//4
f 920//5 921//5 922//6
f 923//6 922//6 921//5
f 922//6 923//6 924//7
f 925//7 924//7 923//6
f 924//7 925//7 926//8
f 927//8 926//8 925//7
f 926//8 927//8 928//161
f 929//161 928//161 927//8
f 928//161 929//161 930//10
f 931//10 930//10 929//161
f 930//10 931//10 932//164
f 933//164 932//164 931//10
f 932//164 933//164 934//107
f 935//107 934//107 933//164
f 934//107 935//107 936//165
f 937//165 936//165 935//107
f 936//165 937//165 938//14
f 939//14 938//14 937//165
f 938//14 939//14 940//109
f 941//109 940//109 939//14
f 940//109 941//109 942//110
f 943//110 942//110 941//109
f 942//110 943//110 944//17
f 945//17 944//17 943//110
f 944//17 945//17 946//112
f 947//112 946//112 945//17
f 946//112 947//112 948//163
f 949//163 948//163 947//112
f 948//163 949//163 950//20
f 951//20 950//20 949//163
f 950//20 951//20 952//166
f 953//167 952//166 951//20
f 952//166 953//167 954//113
f 955//113 954//113 953//167
f 954//113 955//113 956//168
f 957//168 956//168 955//113
f 956//168 957//168 958//26
f 959//26 958//26 957//168
f 958//26 959//26 960//114
f 961//114 960//114 959//26
f 960//114 961//114 914//2
f 915//2 914//2 961//114
f 962//2 963//2 964//3
f 965//3 964//3 963//2
f 964//3 965//3 966//4
f 967//4 966//4 965//3
f 966//4 967//4 968//159
f 969//159 968//159 967//4
f 968//159 969//159 970//169
f 971//169 970//169 969//159
f 970//169 971//169 972//160
f 973//160 972//160 971//169
f 972//160 973//160 974//8
f 975//8 974//8 973//160
f 974//8 975//8 976//161
f 977//161 976//161 975//8
f 976//161 977//161 978//170
f 979//170 978//170 977//161
f 978//170 979//170 980//30
f 981//30 980//30 979//170
f 980//30 981//30 982//12
f 983//12 982//12 981//30
f 982//12 983//12 984//13
f 985//13 984//13 983//12
f 984//13 985//13 986//14
f 987//14 986//14 985//13
f 986//14 987//14 988//15
f 989//15 988//15 987//14
f 988//15 989//15 990//16
f 991//16 990//16 989//15
f 990//16 991//16 992//162
f 993//162 992//162 991//16
f 992//162 993//162 994//112
f 995//112 994//112 993//162
f 994//112 995//112 996//163
f 997//163 996//163 995//112
f 996//163 997//163 998//20
f 999//20 998//20 997//163
f 998//20 999//20 1000//22
f 1001//22 1000//22 999//20
f 1000//22 1001//22 1002//113
f 1003//113 1002//113 1001//22
f 1002//113 1003//113 1004//96
f 1005//96 1004//96 1003//113
f 1004//96 1005//96 1006//26
f 1007//26 1006//26 1005//96
f 1006//26 1007//26 1008//27
f 1009//27 1008//27 1007//26
f 1008//27 1009//27 962//2
f 963//2 962//2 1009//27
f 1010//2 1011//2 1012//105
f 1013//105 1012//105 1011//2
f 1012//105 1013//105 1014//171
f 1015//171 1014//171 1013//105
f 1014//171 1015//171 1016//5
f 1017//5 1016//5 1015//171
f 1016//5 1017//5 1018//169
f 1019//169 1018//169 1017//5
f 1018//169 1019//169 1020//160
f 1021//160 1020//160 1019//169
f 1020//160 1021//160 1022//8
f 1023//8 1022//8 1021//160
f 1022//8 1023//8 1024//161
f 1025//161 1024//161 1023//8
f 1024//161 1025//161 1026//170
f 1027//170 1026//170 1025//161
f 1026//170 1027//170 1028//172
f 1029//172 1028//172 1027//170
f 1028//172 1029//172 1030//107
f 1031//107 1030//107 1029//172
f 1030//107 1031//107 1032//108
f 1033//108 1032//108 1031//107
f 1032//108 1033//108 1034//14
f 1035//14 1034//14 1033//108
f 1034//14 1035//14 1036//109
f 1037//109 1036//109 1035//14
f 1036//109 1037//109 1038//110
f 1039//110 1038//110 1037//109
f 1038//110 1039//110 1040//17
f 1041//17 1040//17 1039//110
f 1040//17 1041//17 1042//112
f 1043//112 1042//112 1041//17
f 1042//112 1043//112 1044//163
f 1045//163 1044//163 1043//112
f 1044//163 1045//163 1046//20
f 1047//20 1046//20 1045//163
f 1046//20 1047//20 1048//22
f 1049//22 1048//22 1047//20
f 1048//22 1049//22 1050//113
f 1051//113 1050//113 1049//22
f 1050//113 1051//113 1052//173
f 1053//173 1052//173 1051//113
f 1052//173 1053//173 1054//174
f 1055//174 1054//174 1053//173
f 1054//174 1055//174 1056//114
f 1057//114 1056//114 1055//174
f 1056//114 1057//114 1010//2
f 1011//2 1010//2 1057//114
f 1058//2 1059//2 1060//105
f 1061//105 1060//105 1059//2
f 1060//105 1061//105 1062//171
f 1063//171 1062//171 1061//105
f 1062//171 1063//171 1064//106
f 1065//106 1064//106 1063//171
f 1064//106 1065//106 1066//6
f 1067//6 1066//6 1065//106
f 1066//6 1067//6 1068//7
f 1069//7 1068//7 1067//6
f 1068//7 1069//7 1070//8
f 1071//8 1070//8 1069//7
f 1070//8 1071//8 1072//9
f 1073//9 1072//9 1071//8
f 1072//9 1073//9 1074//10
f 1075//10 1074//10 1073//9
f 1074//10 1075//10 1076//30
f 1077//30 1076//30 1075//10
f 1076//30 1077//30 1078//107
f 1079//107 1078//107 1077//30
f 1078//107 1079//107 1080//108
f 1081//108 1080//108 1079//107
f 1080//108 1081//108 1082//14
f 1083//14 1082//14 1081//108
f 1082//14 1083//14 1084//109
f 1085//109 1084//109 1083//14
f 1084//109 1085//109 1086//110
f 1087//110 1086//110 1085//109
f 1086//110 1087//110 1088//111
f 1089//175 1088//111 1087//110
f 1088//111 1089//175 1090//18
f 1091//18 1090//18 1089//175
f 1090//18 1091//18 1092//19
f 1093//19 1092//19 1091//18
f 1092//19 1093//19 1094//20
f 1095//20 1094//20 1093//19
f 1094//20 1095//20 1096//21
f 1097//21 1096//21 1095//20
f 1096//21 1097//21 1098//23
f 1099//23 1098//23 1097//21
f 1098//23 1099//23 1100//96
f 1101//96 1100//96 1099//23
f 1100//96 1101//96 1102//174
f 1103//174 1102//174 1101//96
f 1102//174 1103//174 1104//114
f 1105//114 1104//114 1103//174
f 1104//114 1105//114 1058//2
f 1059//2 1058//2 1105//114
s 0
f 1106//100 1107//100 1108//100
f 1109//100 1108//100 1107//100
f 1108//100 1109//100 1110//100
f 1111//100 1110//100 1109//100
f 1110//100 1111//100 1112//100
f 1113//100 1112//100 1111//100
f 1112//100 1113//100 1114//100
f 1115//100 1114//100 1113//100
f 1114//100 1115//100 1116//100
f 1117//100 1116//100 1115//100
f 1116//100 1117//100 1118//100
f 1119//100 1118//100 1117//100
f 1118//100 1119//100 1120//100
f 1121//100 1120//100 1119//100
f 1120//100 1121//100 1122//100
f 1123//100 1122//100 1121//100
f 1122//100 1123//100 1124//100
f 1125//100 1124//100 1123//100
f 1124//100 1125//100 1126//100
f 1127//100 1126//100 1125//100
f 1126//100 1127//100 1128//100
f 1129//100 1128//100 1127//100
f 1128//100 1129//100 1130//100
f 1131//100 1130//100 1129//100
f 1130//100 1131//100 1132//100
f 1133//100 1132//100 1131//100
f 1132//100 1133//100 1134//100
f 1135//100 1134//100 1133//100
f 1134//100 1135//100 1136//100
f 1137//100 1136//100 1135//100
f 1136//100 1137//100 1138//100
f 1139//100 1138//100 1137//100
f 1138//100 1139//100 1140//100
f 1141//100 1140//100 1139//100
f 1140//100 1141//100 1142//100
f 1143//100 1142//100 1141//100
f 1142//100 1143//100 1144//100
f 1145//100 1144//100 1143//100
f 1144//100 1145//100 1146//100
f 1147//100 1146//100 1145//100
f 1146//100 1147//100 1148//100
f 1149//100 1148//100 1147//100
f 1148//100 1149//100 1150//100
f 1151//100 1150//100 1149//100
f 1150//100 1151//100 1152//100
f 1153//100 1152//100 1151//100
f 1152//100 1153//100 1106//100
f 1107//100 1106//100 1153//100
s 1
f 1154//107 1155//176 1156//30
f 1157//177 1156//30 1155//176
f 1156//30 1157//177 1158//10
f 1159//10 1158//10 1157//177
f 1158//10 1159//10 1160//9
f 1161//9 1160//9 1159//10
f 1160//9 1161//9 1162//8
f 1163//8 1162//8 1161//9
f 1162//8 1163//8 1164//7
f 1165//7 1164//7 1163//8
f 1164//7 1165//7 1166//6
f 1165//7 1167//6 1166//6
f 1168//178 1166//6 1167//6
f 1166//6 1168//178 1169//5
f 1168//178 1170//106 1169//5
f 1171//179 1169//5 1170//106
f 1169//5 1171//179 1172//4
f 1173//4 1172//4 1171//179
f 1172//4 1173//4 1174//3
f 1175//3 1174//3 1173//4
f 1174//3 1175//3 1176//2
f 1177//2 1176//2 1175//3
f 1176//2 1177//2 1178//27
f 1179//27 1178//27 1177//2
f 1178//27 1179//27 1180//26
f 1181//26 1180//26 1179//27
f 1180//26 1181//26 1182//96
f 1181//26 1183//180 1182//96
f 1184//181 1182//96 1183//180
f 1182//96 1184//181 1185//113
f 1186//113 1185//113 1184//181
f 1185//113 1186//113 1187//22
f 1188//22 1187//22 1186//113
f 1187//22 1188//22 1189//20
f 1190//20 1189//20 1188//22
f 1189//20 1190//20 1191//163
f 1192//163 1191//163 1190//20
f 1191//163 1192//163 1193//182
f 1194//182 1193//182 1192//163
f 1193//182 1194//182 1195//17
f 1196//17 1195//17 1194//182
f 1195//17 1196//17 1197//183
f 1198//110 1197//183 1196//17
f 1197//183 1198//110 1199//109
f 1200//109 1199//109 1198//110
f 1199//109 1200//109 1201//14
f 1202//14 1201//14 1200//109
f 1201//14 1202//14 1203//108
f 1204//108 1203//108 1202//14
f 1203//108 1204//108 1154//107
f 1205//107 1154//107 1204//108
f 1154//107 1205//107 1155//176
f 1206//14 1207//14 1208//108
f 1209//108 1208//108 1207//14
f 1208//108 1209//108 1210//107
f 1211//107 1210//107 1209//108
f 1210//107 1211//107 1212//30
f 1213//30 1212//30 1211//107
f 1212//30 1213//30 1214//10
f 1215//10 1214//10 1213//30
f 1214//10 1215//10 1216//161
f 1217//161 1216//161 1215//10
f 1216//161 1217//161 1218//8
f 1219//8 1218//8 1217//161
f 1218//8 1219//8 1220//160
f 1221//160 1220//160 1219//8
f 1220//160 1221//160 1222//6
f 1223//6 1222//6 1221//160
f 1222//6 1223//6 1224//5
f 1225//5 1224//5 1223//6
f 1224//5 1225//5 1226//4
f 1227//4 1226//4 1225//5
f 1226//4 1227//4 1228//105
f 1229//105 1228//105 1227//4
f 1228//105 1229//105 1230//2
f 1231//2 1230//2 1229//105
f 1230//2 1231//2 1232//114
f 1233//114 1232//114 1231//2
f 1232//114 1233//114 1234//26
f 1235//26 1234//26 1233//114
f 1234//26 1235//26 1236//96
f 1237//96 1236//96 1235//26
f 1236//96 1237//96 1238//113
f 1239//113 1238//113 1237//96
f 1238//113 1239//113 1240//22
f 1241//22 1240//22 1239//113
f 1240//22 1241//22 1242//20
f 1243//20 1242//20 1241//22
f 1242//20 1243//20 1244//163
f 1245//163 1244//163 1243//20
f 1244//163 1245//163 1246//112
f 1247//112 1246//112 1245//163
f 1246//112 1247//112 1248//17
f 1249//17 1248//17 1247//112
f 1248//17 1249//17 1250//110
f 1251//110 1250//110 1249//17
f 1250//110 1251//110 1252//109
f 1253//109 1252//109 1251//110
f 1252//109 1253//109 1206//14
f 1207//14 1206//14 1253//109
s 0
f 1254//100 1255//100 1256//100
f 1257//100 1256//100 1255//100
f 1256//100 1257//100 1258//100
f 1259//100 1258//100 1257//100
f 1258//100 1259//100 1260//100
f 1261//100 1260//100 1259//100
f 1260//100 1261//100 1262//100
f 1263//100 1262//100 1261//100
f 1262//100 1263//100 1264//100
f 1265//100 1264//100 1263//100
f 1264//100 1265//100 1266//100
f 1267//100 1266//100 1265//100
f 1266//100 1267//100 1268//100
f 1269//100 1268//100 1267//100
f 1268//100 1269//100 1270//100
f 1271//100 1270//100 1269//100
f 1270//100 1271//100 1272//100
f 1273//100 1272//100 1271//100
f 1272//100 1273//100 1274//100
f 1275//100 1274//100 1273//100
f 1274//100 1275//100 1276//100
f 1277//100 1276//100 1275//100
f 1276//100 1277//100 1278//100
f 1279//100 1278//100 1277//100
f 1278//100 1279//100 1280//100
f 1281//100 1280//100 1279//100
f 1280//100 1281//100 1282//100
f 1283//100 1282//100 1281//100
f 1282//100 1283//100 1284//100
f 1285//100 1284//100 1283//100
f 1284//100 1285//100 1286//100
f 1287//100 1286//100 1285//100
f 1286//100 1287//100 1288//100
f 1289//100 1288//100 1287//100
f 1288//100 1289//100 1290//100
f 1291//100 1290//100 1289//100
f 1290//100 1291//100 1292//100
f 1293//100 1292//100 1291//100
f 1292//100 1293//100 1294//100
f 1295//100 1294//100 1293//100
f 1294//100 1295//100 1296//100
f 1297//100 1296//100 1295//100
f 1296//100 1297//100 1298//100
f 1299//100 1298//100 1297//100
f 1298//100 1299//100 1300//100
f 1301//100 1300//100 1299//100
f 1300//100 1301//100 1254//100
f 1255//100 1254//100 1301//100
f 1302//100 1303//100 1304//100
f 1305//100 1304//100 1303//100
f 1304//100 1305//100 1306//100
f 1307//100 1306//100 1305//100
f 1306//100 1307//100 1308//100
f 1309//100 1308//100 1307//100
f 1308//100 1309//100 1310//100
f 1311//100 1310//100 1309//100
f 1310//100 1311//100 1312//100
f 1313//100 1312//100 1311//100
f 1312//100 1313//100 1314//100
f 1315//100 1314//100 1313//100
f 1314//100 1315//100 1316//100
f 1317//100 1316//100 1315//100
f 1316//100 1317//100 1318//100
f 1319//100 1318//100 1317//100
f 1318//100 1319//100 1320//100
f 1321//100 1320//100 1319//100
f 1320//100 1321//100 1322//100
f 1323//100 1322//100 1321//100
f 1322//100 1323//100 1324//100
f 1325//100 1324//100 1323//100
f 1324//100 1325//100 1326//100
f 1327//100 1326//100 1325//100
f 1326//100 1327//100 1328//100
f 1329//100 1328//100 1327//100
f 1328//100 1329//100 1330//100
f 1331//100 1330//100 1329//100
f 1330//100 1331//100 1332//100
f 1333//100 1332//100 1331//100
f 1332//100 1333//100 1334//100
f 1335//100 1334//100 1333//100
f 1334//100 1335//100 1336//100
f 1337//100 1336//100 1335//100
f 1336//100 1337//100 1338//100
f 1339//100 1338//100 1337//100
f 1338//100 1339//100 1340//100
f 1341//100 1340//100 1339//100
f 1340//100 1341//100 1342//100
f 1343//100 1342//100 1341//100
f 1342//100 1343//100 1344//100
f 1345//100 1344//100 1343//100
f 1344//100 1345//100 1346//100
f 1347//100 1346//100 1345//100
f 1346//100 1347//100 1348//100
f 1349//100 1348//100 1347//100
f 1348//100 1349//100 1302//100
f 1303//100 1302//100 1349//100
s 1
f 1350//108 1351//184 1352//107
f 1353//107 1352//107 1351//184
f 1352//107 1353//107 1354//30
f 1353//107 1355//185 1354//30
f 1356//186 1354//30 1355//185
f 1354//30 1356//186 1357//10
f 1358//10 1357//10 1356//186
f 1357//10 1358//10 1359//9
f 1360//9 1359//9 1358//10
f 1359//9 1360//9 1361//8
f 1362//8 1361//8 1360//9
f 1361//8 1362//8 1363//7
f 1362//8 1364//7 1363//7
f 1365//187 1363//7 1364//7
f 1363//7 1365//187 1366//188
f 1367//169 1366//188 1365//187
f 1366//188 1367//169 1368//5
f 1369//5 1368//5 1367//169
f 1368//5 1369//5 1370//189
f 1369//5 1371//171 1370//189
f 1372//190 1370//189 1371//171
f 1370//189 1372//190 1373//3
f 1374//3 1373//3 1372//190
f 1373//3 1374//3 1375//2
f 1376//2 1375//2 1374//3
f 1375//2 1376//2 1377//27
f 1378//27 1377//27 1376//2
f 1377//27 1378//27 1379//26
f 1378//27 1380//26 1379//26
f 1381//191 1379//26 1380//26
f 1379//26 1381//191 1382//96
f 1383//192 1382//96 1381//191
f 1382//96 1383//192 1384//113
f 1383//192 1385//113 1384//113
f 1386//193 1384//113 1385//113
f 1384//113 1386//193 1387//22
f 1388//22 1387//22 1386//193
f 1387//22 1388//22 1389//20
f 1390//20 1389//20 1388//22
f 1389//20 1390//20 1391//163
f 1392//163 1391//163 1390//20
f 1391//163 1392//163 1393//112
f 1392//163 1394//112 1393//112
f 1395//194 1393//112 1394//112
f 1393//112 1395//194 1396//17
f 1395//194 1397//162 1396//17
f 1398//195 1396//17 1397//162
f 1396//17 1398//195 1399//110
f 1400//110 1399//110 1398//195
f 1399//110 1400//110 1401//109
f 1402//109 1401//109 1400//110
f 1401//109 1402//109 1403//14
f 1404//14 1403//14 1402//109
f 1403//14 1404//14 1350//108
f 1405//108 1350//108 1404//14
f 1350//108 1405//108 1351//184
s 0
f 1406//100 1407//100 1408//100
f 1409//100 1408//100 1407//100
f 1408//100 1409//100 1410//100
f 1411//100 1410//100 1409//100
f 1410//100 1411//100 1412//100
f 1413//100 1412//100 1411//100
f 1412//100 1413//100 1414//100
f 1415//100 1414//100 1413//100
f 1414//100 1415//100 1416//100
f 1417//100 1416//100 1415//100
f 1416//100 1417//100 1418//100
f 1419//100 1418//100 1417//100
f 1418//100 1419//100 1420//100
f 1421//100 1420//100 1419//100
f 1420//100 1421//100 1422//100
f 1423//100 1422//100 1421//100
f 1422//100 1423//100 1424//100
f 1425//100 1424//100 1423//100
f 1424//100 1425//100 1426//100
f 1427//100 1426//100 1425//100
f 1426//100 1427//100 1428//100
f 1429//100 1428//100 1427//100
f 1428//100 1429//100 1430//100
f 1431//100 1430//100 1429//100
f 1430//100 1431//100 1432//100
f 1433//100 1432//100 1431//100
f 1432//100 1433//100 1434//100
f 1435//100 1434//100 1433//100
f 1434//100 1435//100 1436//100
f 1437//100 1436//100 1435//100
f 1436//100 1437//100 1438//100
f 1439//100 1438//100 1437//100
f 1438//100 1439//100 1440//100
f 1441//100 1440//100 1439//100
f 1440//100 1441//100 1442//100
f 1443//100 1442//100 1441//100
f 1442//100 1443//100 1444//100
f 1445//100 1444//100 1443//100
f 1444//100 1445//100 1446//100
f 1447//100 1446//100 1445//100
f 1446//100 1447//100 1448//100
f 1449//100 1448//100 1447//100
f 1448//100 1449//100 1450//100
f 1451//100 1450//100 1449//100
f 1450//100 1451//100 1452//100
f 1453//100 1452//100 1451//100
f 1452//100 1453//100 1406//100
f 1407//100 1406//100 1453//100
s 1
f 1454//108 1455//196 1456//197
f 1457//198 1456//197 1455//196
f 1456//197 1457//198 1458//30
f 1459//30 1458//30 1457//198
f 1458//30 1459//30 1460//199
f 1461//199 1460//199 1459//30
f 1460//199 1461//199 1462//9
f 1463//9 1462//9 1461//199
f 1462//9 1463//9 1464//8
f 1465//8 1464//8 1463//9
f 1464//8 1465//8 1466//7
f 1467//7 1466//7 1465//8
f 1466//7 1467//7 1468//6
f 1469//6 1468//6 1467//7
f 1468//6 1469//6 1470//5
f 1471//5 1470//5 1469//6
f 1470//5 1471//5 1472//4
f 1471//5 1473//200 1472//4
f 1474//201 1472//4 1473//200
f 1472//4 1474//201 1475//3
f 1476//3 1475//3 1474//201
f 1475//3 1476//3 1477//2
f 1478//2 1477//2 1476//3
f 1477//2 1478//2 1479//27
f 1480//27 1479//27 1478//2
f 1479//27 1480//27 1481//26
f 1482//26 1481//26 1480//27
f 1481//26 1482//26 1483//96
f 1484//96 1483//96 1482//26
f 1483//96 1484//96 1485//113
f 1486//113 1485//113 1484//96
f 1485//113 1486//113 1487//22
f 1488//22 1487//22 1486//113
f 1487//22 1488//22 1489//20
f 1490//20 1489//20 1488//22
f 1489//20 1490//20 1491//163
f 1492//163 1491//163 1490//20
f 1491//163 1492//163 1493//112
f 1494//112 1493//112 1492//163
f 1493//112 1494//112 1495//17
f 1496//17 1495//17 1494//112
f 1495//17 1496//17 1497//110
f 1498//110 1497//110 1496//17
f 1497//110 1498//110 1499//109
f 1500//109 1499//109 1498//110
f 1499//109 1500//109 1501//14
f 1502//14 1501//14 1500//109
f 1501//14 1502//14 1454//108
f 1503//108 1454//108 1502//14
f 1454//108 1503//108 1455//196
f 1504//202 1505//30 1506//107
f 1504//202 1507//11 1505//30
f 1508//203 1505//30 1507//11
f 1505//30 1508//203 1509//10
f 1510//10 1509//10 1508//203
f 1509//10 1510//10 1511//9
f 1512//9 1511//9 1510//10
f 1511//9 1512//9 1513//8
f 1514//8 1513//8 1512//9
f 1513//8 1514//8 1515//7
f 1514//8 1516//7 1515//7
f 1517//204 1515//7 1516//7
f 1515//7 1517//204 1518//6
f 1519//6 1518//6 1517//204
f 1518//6 1519//6 1520//5
f 1519//6 1521//205 1520//5
f 1522//206 1520//5 1521//205
f 1520//5 1522//206 1523//4
f 1524//4 1523//4 1522//206
f 1523//4 1524//4 1525//3
f 1526//3 1525//3 1524//4
f 1525//3 1526//3 1527//2
f 1528//2 1527//2 1526//3
f 1527//2 1528//2 1529//27
f 1530//27 1529//27 1528//2
f 1529//27 1530//27 1531//26
f 1532//207 1531//26 1530//27
f 1531//26 1532//207 1533//96
f 1534//96 1533//96 1532//207
f 1533//96 1534//96 1535//23
f 1534//96 1536//23 1535//23
f 1537//208 1535//23 1536//23
f 1535//23 1537//208 1538//22
f 1539//22 1538//22 1537//208
f 1538//22 1539//22 1540//20
f 1541//20 1540//20 1539//22
f 1540//20 1541//20 1542//163
f 1543//163 1542//163 1541//20
f 1542//163 1543//163 1544//112
f 1543//163 1545//112 1544//112
f 1546//209 1544//112 1545//112
f 1544//112 1546//209 1547//17
f 1548//210 1547//17 1546//209
f 1547//17 1548//210 1549//110
f 1550//110 1549//110 1548//210
f 1549//110 1550//110 1551//109
f 1552//109 1551//109 1550//110
f 1551//109 1552//109 1553//14
f 1554//14 1553//14 1552//109
f 1553//14 1554//14 1555//108
f 1556//108 1555//108 1554//14
f 1555//108 1556//108 1506//107
f 1557//107 1506//107 1556//108
f 1506//107 1557//107 1504//202
s 0
f 1558//100 1559//100 1560//100
f 1561//100 1560//100 1559//100
f 1560//100 1561//100 1562//100
f 1563//100 1562//100 1561//100
f 1562//100 1563//100 1564//100
f 1565//100 1564//100 1563//100
f 1564//100 1565//100 1566//100
f 1567//100 1566//100 1565//100
f 1566//100 1567//100 1568//100
f 1569//100 1568//100 1567//100
f 1568//100 1569//100 1570//100
f 1571//100 1570//100 1569//100
f 1570//100 1571//100 1572//100
f 1573//100 1572//100 1571//100
f 1572//100 1573//100 1574//100
f 1575//100 1574//100 1573//100
f 1574//100 1575//100 1576//100
f 1577//100 1576//100 1575//100
f 1576//100 1577//100 1578//100
f 1579//100 1578//100 1577//100
f 1578//100 1579//100 1580//100
f 1581//100 1580//100 1579//100
f 1580//100 1581//100 1582//100
f 1583//100 1582//100 1581//100
f 1582//100 1583//100 1584//100
f 1585//100 1584//100 1583//100
f 1584//100 1585//100 1586//100
f 1587//100 1586//100 1585//100
f 1586//100 1587//100 1588//100
f 1589//100 1588//100 1587//100
f 1588//100 1589//100 1590//100
f 1591//100 1590//100 1589//100
f 1590//100 1591//100 1592//100
f 1593//100 1592//100 1591//100
f 1592//100 1593//100 1594//100
f 1595//100 1594//100 1593//100
f 1594//100 1595//100 1596//100
f 1597//100 1596//100 1595//100
f 1596//100 1597//100 1598//100
f 1599//100 1598//100 1597//100
f 1598//100 1599//100 1600//100
f 1601//100 1600//100 1599//100
f 1600//100 1601//100 1602//100
f 1603//100 1602//100 1601//100
f 1602//100 1603//100 1604//100
f 1605//100 1604//100 1603//100
f 1604//100 1605//100 1558//100
f 1559//100 1558//100 1605//100
s 1
f 1606//108 1607//211 1608//197
f 1609//12 1608//197 1607//211
f 1608//197 1609//12 1610//30
f 1611//30 1610//30 1609//12
f 1610//30 1611//30 1612//199
f 1613//10 1612//199 1611//30
f 1612//199 1613//10 1614//9
f 1615//9 1614//9 1613//10
f 1614//9 1615//9 1616//8
f 1617//8 1616//8 1615//9
f 1616//8 1617//8 1618//7
f 1619//7 1618//7 1617//8
f 1618//7 1619//7 1620//6
f 1619//7 1621//6 1620//6
f 1622//212 1620//6 1621//6
f 1620//6 1622//212 1623//5
f 1624//213 1623//5 1622//212
f 1623//5 1624//213 1625//4
f 1624//213 1626//4 1625//4
f 1627//214 1625//4 1626//4
f 1625//4 1627//214 1628//3
f 1629//3 1628//3 1627//214
f 1628//3 1629//3 1630//2
f 1631//2 1630//2 1629//3
f 1630//2 1631//2 1632//27
f 1633//27 1632//27 1631//2
f 1632//27 1633//27 1634//26
f 1633//27 1635//26 1634//26
f 1636//215 1634//26 1635//26
f 1634//26 1636//215 1637//96
f 1636//215 1638//96 1637//96
f 1639//216 1637//96 1638//96
f 1637//96 1639//216 1640//113
f 1641//113 1640//113 1639//216
f 1640//113 1641//113 1642//22
f 1643//22 1642//22 1641//113
f 1642//22 1643//22 1644//20
f 1645//20 1644//20 1643//22
f 1644//20 1645//20 1646//163
f 1647//163 1646//163 1645//20
f 1646//163 1647//163 1648//112
f 1649//112 1648//112 1647//163
f 1648//112 1649//112 1650//17
f 1649//112 1651//217 1650//17
f 1652//218 1650//17 1651//217
f 1650//17 1652//218 1653//110
f 1654//110 1653//110 1652//218
f 1653//110 1654//110 1655//109
f 1656//109 1655//109 1654//110
f 1655//109 1656//109 1657//14
f 1658//14 1657//14 1656//109
f 1657//14 1658//14 1606//108
f 1659//108 1606//108 1658//14
f 1606//108 1659//108 1607//211
s 0
f 1660//100 1661//100 1662//100
f 1663//100 1662//100 1661//100
f 1662//100 1663//100 1664//100
f 1665//100 1664//100 1663//100
f 1664//100 1665//100 1666//100
f 1667//100 1666//100 1665//100
f 1666//100 1667//100 1668//100
f 1669//100 1668//100 1667//100
f 1668//100 1669//100 1670//100
f 1671//100 1670//100 1669//100
f 1670//100 1671//100 1672//100
f 1673//100 1672//100 1671//100
f 1672//100 1673//100 1674//100
f 1675//100 1674//100 1673//100
f 1674//100 1675//100 1676//100
f 1677//100 1676//100 1675//100
f 1676//100 1677//100 1678//100
f 1679//100 1678//100 1677//100
f 1678//100 1679//100 1680//100
f 1681//100 1680//100 1679//100
f 1680//100 1681//100 1682//100
f 1683//100 1682//100 1681//100
f 1682//100 1683//100 1684//100
f 1685//100 1684//100 1683//100
f 1684//100 1685//100 1686//100
f 1687//100 1686//100 1685//100
f 1686//100 1687//100 1688//100
f 1689//100 1688//100 1687//100
f 1688//100 1689//100 1690//100
f 1691//100 1690//100 1689//100
f 1690//100 1691//100 1692//100
f 1693//100 1692//100 1691//100
f 1692//100 1693//100 1694//100
f 1695//100 1694//100 1693//100
f 1694//100 1695//100 1696//100
f 1697//100 1696//100 1695//100
f 1696//100 1697//100 1698//100
f 1699//100 1698//100 1697//100
f 1698//100 1699//100 1700//100
f 1701//100 1700//100 1699//100
f 1700//100 1701//100 1702//100
f 1703//100 1702//100 1701//100
f 1702//100 1703//100 1704//100
f 1705//100 1704//100 1703//100
f 1704//100 1705//100 1706//100
f 1707//100 1706//100 1705//100
f 1706//100 1707//100 1660//100
f 1661//100 1660//100 1707//100
s 1
f 1708//10 1709//219 1710//9
f 1711//9 1710//9 1709//219
f 1710//9 1711//9 1712//8
f 1713//8 1712//8 1711//9
f 1712//8 1713//8 1714//7
f 1713//8 1715//7 1714//7
f 1716//220 1714//7 1715//7
f 1714//7 1716//220 1717//6
f 1718//221 1717//6 1716//220
f 1717//6 1718//221 1719//5
f 1720//5 1719//5 1718//221
f 1719//5 1720//5 1721//4
f 1722//4 1721//4 1720//5
f 1721//4 1722//4 1723//3
f 1724//3 1723//3 1722//4
f 1723//3 1724//3 1725//2
f 1724//3 1726//2 1725//2
f 1727//222 1725//2 1726//2
f 1725//2 1727//222 1728//27
f 1729//27 1728//27 1727//222
f 1728//27 1729//27 1730//26
f 1731//207 1730//26 1729//27
f 1730//26 1731//207 1732//96
f 1733//96 1732//96 1731//207
f 1732//96 1733//96 1734//223
f 1733//96 1735//224 1734//223
f 1736//225 1734//223 1735//224
f 1734//223 1736//225 1737//22
f 1738//22 1737//22 1736//225
f 1737//22 1738//22 1739//20
f 1740//20 1739//20 1738//22
f 1739//20 1740//20 1741//163
f 1740//20 1742//163 1741//163
f 1743//226 1741//163 1742//163
f 1741//163 1743//226 1744//112
f 1745//112 1744//112 1743//226
f 1744//112 1745//112 1746//17
f 1747//17 1746//17 1745//112
f 1746//17 1747//17 1748//110
f 1749//110 1748//110 1747//17
f 1748//110 1749//110 1750//109
f 1749//110 1751//109 1750//109
f 1752//227 1750//109 1751//109
f 1750//109 1752//227 1753//14
f 1754//228 1753//14 1752//227
f 1753//14 1754//228 1755//108
f 1756//108 1755//108 1754//228
f 1755//108 1756//108 1757//107
f 1758//107 1757//107 1756//108
f 1757//107 1758//107 1759//30
f 1760//30 1759//30 1758//107
f 1759//30 1760//30 1708//10
f 1761//10 1708//10 1760//30
f 1708//10 1761//10 1709//219
s 0
f 1762//100 1763//100 1764//100
f 1765//100 1764//100 1763//100
f 1764//100 1765//100 1766//100
f 1767//100 1766//100 1765//100
f 1766//100 1767//100 1768//100
f 1769//100 1768//100 1767//100
f 1768//100 1769//100 1770//100
f 1771//100 1770//100 1769//100
f 1770//100 1771//100 1772//100
f 1773//100 1772//100 1771//100
f 1772//100 1773//100 1774//100
f 1775//100 1774//100 1773//100
f 1774//100 1775//100 1776//100
f 1777//100 1776//100 1775//100
f 1776//100 1777//100 1778//100
f 1779//100 1778//100 1777//100
f 1778//100 1779//100 1780//100
f 1781//100 1780//100 1779//100
f 1780//100 1781//100 1782//100
f 1783//100 1782//100 1781//100
f 1782//100 1783//100 1784//100
f 1785//100 1784//100 1783//100
f 1784//100 1785//100 1786//100
f 1787//100 1786//100 1785//100
f 1786//100 1787//100 1788//100
f 1789//100 1788//100 1787//100
f 1788//100 1789//100 1790//100
f 1791//100 1790//100 1789//100
f 1790//100 1791//100 1792//100
f 1793//100 1792//100 1791//100
f 1792//100 1793//100 1794//100
f 1795//100 1794//100 1793//100
f 1794//100 1795//100 1796//100
f 1797//100 1796//100 1795//100
f 1796//100 1797//100 1798//100
f 1799//100 1798//100 1797//100
f 1798//100 1799//100 1800//100
f 1801//100 1800//100 1799//100
f 1800//100 1801//100 1802//100
f 1803//100 1802//100 1801//100
f 1802//100 1803//100 1804//100
f 1805//100 1804//100 1803//100
f 1804//100 1805//100 1806//100
f 1807//100 1806//100 1805//100
f 1806//100 1807//100 1808//100
f 1809//100 1808//100 1807//100
f 1808//100 1809//100 1762//100
f 1763//100 1762//100 1809//100
f 1810//1 1811//1 1812//1
f 1813//1 1814//1 1815//1
f 1816//1 1815//1 1814//1
f 1817//1 1818//1 1819//1
f 1820//1 1821//1 1822//1
f 1823//1 1824//1 1825//1
f 1826//1 1825//1 1824//1
f 1825//1 1826//1 1827//1
f 1828//1 1829//1 1830//1
f 1831//1 1832//1 1825//1
f 1833//1 1825//1 1832//1
f 1825//1 1833//1 1823//1
f 1816//1 1834//1 1815//1
f 1835//1 1815//1 1834//1
f 1815//1 1835//1 1836//1
f 1819//1 1836//1 1835//1
f 1812//1 1811//1 1837//1
f 1838//1 1837//1 1811//1
f 1837//1 1838//1 1819//1
f 1839//1 1819//1 1838//1
f 1819//1 1839//1 1817//1
f 1840//1 1841//1 1842//1
f 1843//1 1844//1 1845//1
f 1846//1 1845//1 1844//1
f 1847//1 1848//1 1849//1
f 1848//1 1850//1 1849//1
f 1851//1 1849//1 1850//1
f 1849//1 1851//1 1852//1
f 1818//1 1853//1 1819//1
f 1854//1 1819//1 1853//1
f 1819//1 1854//1 1836//1
f 1855//1 1856//1 1857//1
f 1832//1 1857//1 1856//1
f 1857//1 1832//1 1858//1
f 1831//1 1858//1 1832//1
f 1859//1 1860//1 1861//1
f 1862//1 1861//1 1860//1
f 1861//1 1862//1 1863//1
f 1842//1 1864//1 1840//1
f 1865//1 1840//1 1864//1
f 1840//1 1865//1 1866//1
f 1867//1 1866//1 1865//1
f 1866//1 1867//1 1868//1
f 1820//1 1822//1 1869//1
f 1870//1 1869//1 1822//1
f 1869//1 1870//1 1813//1
f 1871//1 1813//1 1870//1
f 1813//1 1871//1 1814//1
f 1828//1 1843//1 1829//1
f 1845//1 1829//1 1843//1
f 1829//1 1845//1 1872//1
f 1873//1 1872//1 1845//1
f 1872//1 1873//1 1874//1
f 1810//1 1874//1 1873//1
f 1874//1 1810//1 1875//1
f 1812//1 1875//1 1810//1
f 1851//1 1876//1 1852//1
f 1877//1 1852//1 1876//1
f 1852//1 1877//1 1878//1
f 1825//1 1878//1 1877//1
f 1878//1 1825//1 1879//1
f 1827//1 1879//1 1825//1
f 1880//1 1840//1 1881//1
f 1882//1 1881//1 1840//1
f 1881//1 1882//1 1883//1
f 1884//1 1883//1 1882//1
f 1883//1 1884//1 1885//1
f 1886//1 1887//1 1841//1
f 1888//1 1841//1 1887//1
f 1841//1 1888//1 1889//1
f 1890//1 1889//1 1888//1
f 1889//1 1890//1 1830//1
f 1891//1 1830//1 1890//1
f 1830//1 1891//1 1828//1
f 1892//1 1893//1 1894//1
f 1895//1 1894//1 1893//1
f 1894//1 1895//1 1896//1
f 1847//1 1896//1 1895//1
f 1896//1 1847//1 1897//1
f 1849//1 1897//1 1847//1
f 1897//1 1849//1 1898//1
f 1899//1 1898//1 1849//1
f 1898//1 1899//1 1900//1
f 1845//1 1900//1 1899//1
f 1900//1 1845//1 1901//1
f 1846//1 1901//1 1845//1
f 1880//1 1902//1 1840//1
f 1903//1 1840//1 1902//1
f 1840//1 1903//1 1859//1
f 1868//1 1904//1 1866//1
f 1905//1 1866//1 1904//1
f 1866//1 1905//1 1906//1
f 1822//1 1906//1 1905//1
f 1906//1 1822//1 1907//1
f 1821//1 1907//1 1822//1
f 1855//1 1908//1 1856//1
f 1909//1 1856//1 1908//1
f 1856//1 1909//1 1910//1
f 1883//1 1910//1 1909//1
f 1910//1 1883//1 1911//1
f 1885//1 1911//1 1883//1
f 1859//1 1861//1 1840//1
f 1912//1 1840//1 1861//1
f 1840//1 1912//1 1841//1
f 1913//1 1841//1 1912//1
f 1841//1 1913//1 1886//1
f 1892//1 1914//1 1893//1
f 1915//1 1893//1 1914//1
f 1893//1 1915//1 1916//1
f 1917//1 1916//1 1915//1
f 1916//1 1917//1 1862//1
f 1918//1 1862//1 1917//1
f 1862//1 1918//1 1863//1
s 1
f 1919//229 1920//229 1921//230
f 1922//230 1921//230 1920//229
f 1921//230 1922//230 1923//231
f 1924//231 1923//231 1922//230
f 1923//231 1924//231 1925//17
f 1926//17 1925//17 1924//231
f 1925//17 1926//17 1927//232
f 1928//232 1927//232 1926//17
f 1927//232 1928//232 1929//233
f 1930//233 1929//233 1928//232
f 1929//233 1930//233 1931//234
f 1932//234 1931//234 1930//233
f 377//97 376//97 1933//235
f 1934//236 1933//235 376//97
f 1933//235 1934//236 1935//237
f 1936//238 1935//237 1934//236
f 270//33 269//33 1937//239
f 1938//239 1937//239 269//33
f 1937//239 1938//239 1936//238
f 1939//238 1936//238 1938//239
f 1936//238 1939//238 1935//237
f 369//92 368//92 1940//240
f 1941//240 1940//240 368//92
f 1940//240 1941//240 1942//241
f 1943//241 1942//241 1941//240
f 266//32 265//32 1944//242
f 1945//243 1944//242 265//32
f 1944//242 1945//243 1943//241
f 1946//244 1943//241 1945//243
f 1943//241 1946//244 1942//241
f 382//99 381//99 1947//4
f 382//99 1947//4 1948//4
f 1949//105 1948//4 1947//4
f 1948//4 1949//105 1950//105
f 1951//2 1950//105 1949//105
f 1950//105 1951//2 1952//2
f 1953//114 1952//2 1951//2
f 1952//2 1953//114 1954//114
f 1955//26 1954//114 1953//114
f 1954//114 1955//26 1956//26
f 370//93 1956//26 1955//26
f 1956//26 370//93 373//93
f 1931//234 1932//234 1957//245
f 1931//234 1957//245 1958//245
f 1959//246 1958//245 1957//245
f 1958//245 1959//246 1960//247
f 1961//248 1960//247 1959//246
f 1960//247 1961//248 1962//248
f 1963//249 1962//248 1961//248
f 1962//248 1963//249 1964//249
f 1965//250 1964//249 1963//249
f 1964//249 1965//250 1966//250
f 1967//251 1966//250 1965//250
f 1966//250 1967//251 1968//252
f 1969//253 1968//252 1967//251
f 1968//252 1969//253 1970//254
f 372//95 1970//254 1969//253
f 1970//254 372//95 371//94
f 261//29 260//28 1971//255
f 261//29 1971//255 1972//255
f 1973//256 1972//255 1971//255
f 1972//255 1973//256 1974//257
f 1975//258 1974//257 1973//256
f 1974//257 1975//258 1976//258
f 1977//259 1976//258 1975//258
f 1976//258 1977//259 1978//259
f 1979//260 1978//259 1977//259
f 1978//259 1979//260 1980//260
f 1981//261 1980//260 1979//260
f 1980//260 1981//261 1982//262
f 1983//263 1982//262 1981//261
f 1982//262 1983//263 1984//263
f 1920//229 1984//263 1983//263
f 1984//263 1920//229 1919//229
f 1985//160 1986//8 1987//8
f 1988//161 1987//8 1986//8
f 1987//8 1988//161 1989//161
f 1990//10 1989//161 1988//161
f 1989//161 1990//10 1991//10
f 264//31 1991//10 1990//10
f 1991//10 264//31 263//31
f 1992//264 1993//265 1985//160
f 1994//160 1985//160 1993//265
f 1985//160 1994//160 1986//8
f 1985//160 1995//6 1992//264
f 380//98 1992//264 1995//6
f 1992//264 380//98 379//98
s 0
f 1996//100 1997//100 1998//100
f 1999//100 2000//100 2001//100
f 2002//100 2003//100 2004//100
f 2005//100 2006//100 2007//100
f 2008//100 2009//100 2010//100
f 2010//100 2009//100 2011//100
f 2012//100 2013//100 2014//100
f 2015//100 2016//100 2017//100
f 2018//100 2019//100 2020//100
f 2021//100 2022//100 2023//100
f 2024//100 2025//100 2026//100
f 2027//100 2028//100 2029//100
f 2030//100 2031//100 2032//100
f 2033//100 2032//100 2031//100
f 2032//100 2033//100 2034//100
f 2035//100 2034//100 2033//100
f 2036//100 2037//100 2027//100
f 2038//100 2027//100 2037//100
f 2027//100 2038//100 2028//100
f 2030//100 2039//100 2031//100
f 2040//100 2031//100 2039//100
f 2031//100 2040//100 2041//100
f 2042//100 2043//100 2036//100
f 2044//100 2036//100 2043//100
f 2036//100 2044//100 2037//100
f 2041//100 2045//100 2031//100
f 2046//100 2031//100 2045//100
f 2031//100 2046//100 2036//100
f 2047//100 2036//100 2046//100
f 2036//100 2047//100 2042//100
f 2048//100 2049//100 2050//100
f 2049//100 2051//100 2050//100
f 2052//100 2050//100 2051//100
f 2050//100 2052//100 2053//100
f 2054//100 2053//100 2052//100
f 2053//100 2054//100 2055//100
f 2055//100 2056//100 2053//100
f 2057//100 2053//100 2056//100
f 2053//100 2057//100 2033//100
f 2058//100 2033//100 2057//100
f 2033//100 2058//100 2035//100
f 2059//100 2060//100 2061//100
f 2061//100 2060//100 2062//100
f 2063//100 2062//100 2060//100
f 2062//100 2063//100 2064//100
f 2065//100 2066//100 2067//100
f 2066//100 2065//100 2068//100
f 2069//100 2068//100 2065//100
f 2068//100 2069//100 2070//100
f 2071//100 2072//100 2073//100
f 2073//100 2074//100 2071//100
f 2075//100 2071//100 2074//100
f 2071//100 2075//100 2076//100
f 2067//100 2077//100 2065//100
f 2078//100 2065//100 2077//100
f 2065//100 2078//100 2079//100
f 2080//100 2081//100 2026//100
f 2026//100 2081//100 2082//100
f 2083//100 2084//100 2069//100
f 2085//100 2069//100 2084//100
f 2069//100 2085//100 2070//100
f 2025//104 2086//104 2026//104
f 2087//100 2026//100 2086//100
f 2026//100 2087//100 2080//100
f 2081//100 2088//100 2082//100
f 2089//100 2082//100 2088//100
f 2082//100 2089//100 2083//100
f 2090//100 2091//100 2092//100
f 2093//100 2094//100 2095//100
f 2096//100 2095//100 2094//100
f 2095//100 2096//100 2097//100
f 2092//100 2091//100 2098//100
f 2099//100 2098//100 2091//100
f 2098//100 2099//100 2100//100
f 2101//100 2102//100 2103//100
f 2104//100 2103//100 2102//100
f 2099//100 2105//100 2100//100
f 2106//100 2100//100 2105//100
f 2100//100 2106//100 2107//100
f 2106//100 2108//100 2107//100
f 2109//100 2107//100 2108//100
f 2107//100 2109//100 2110//100
f 2111//100 2110//100 2109//100
f 2110//100 2111//100 2112//100
f 2113//100 2112//100 2111//100
f 2112//100 2113//100 2114//100
f 2115//100 2114//100 2113//100
f 2114//100 2115//100 2116//100
f 2101//100 2117//100 2102//100
f 2118//100 2102//100 2117//100
f 2102//100 2118//100 2119//100
f 2118//100 2120//100 2119//100
f 2121//100 2119//100 2120//100
f 2119//100 2121//100 2122//100
f 2121//100 2123//100 2122//100
f 2124//100 2122//100 2123//100
f 2122//100 2124//100 2125//100
f 2126//100 2125//100 2124//100
f 2125//100 2126//100 2127//100
f 2128//100 2129//100 2130//100
f 2131//100 2132//100 2133//100
f 2134//100 2133//100 2132//100
f 2133//100 2134//100 2129//100
f 2135//100 2129//100 2134//100
f 2129//100 2135//100 2130//100
f 2136//100 2137//100 2138//100
f 2139//100 2140//100 2141//100
f 2142//100 2141//100 2140//100
f 2141//100 2142//100 2143//100
f 2144//100 2145//100 2138//100
f 2146//100 2138//100 2145//100
f 2138//100 2146//100 2136//100
f 2143//100 2147//100 2148//100
f 2149//100 2148//100 2147//100
f 2148//100 2149//100 2150//100
f 2137//100 2151//100 2141//100
f 2152//100 2141//100 2151//100
f 2141//100 2152//100 2139//100
f 2153//100 2154//100 2155//100
f 2156//100 2155//100 2154//100
f 2155//100 2156//100 2157//100
f 2150//100 2158//100 2148//100
f 2159//100 2148//100 2158//100
f 2148//100 2159//100 2155//100
f 2160//100 2155//100 2159//100
f 2155//100 2160//100 2153//100
f 2161//100 2162//100 2163//100
f 2164//100 2163//100 2162//100
f 2165//100 2010//100 2164//100
f 2011//100 2164//100 2010//100
f 2164//100 2011//100 2163//100
f 2165//100 2166//100 2010//100
f 2167//100 2010//100 2166//100
f 2010//100 2167//100 2168//100
f 2169//100 2168//100 2167//100
f 2168//100 2169//100 2170//100
f 2171//100 2172//100 2173//100
f 2174//100 2173//100 2172//100
f 2173//100 2174//100 2175//100
f 2171//100 2176//100 2172//100
f 2177//100 2172//100 2176//100
f 2172//100 2177//100 2178//100
f 2179//100 2178//100 2177//100
f 2178//100 2179//100 2161//100
f 2180//100 2161//100 2179//100
f 2161//100 2180//100 2162//100
f 2181//100 2182//100 2174//100
f 2183//100 2174//100 2182//100
f 2174//100 2183//100 2175//100
f 2184//100 2185//100 2186//100
f 2187//100 2186//100 2185//100
f 2186//100 2187//100 2181//100
f 2188//100 2189//100 2190//100
f 2191//100 2190//100 2189//100
f 2190//100 2191//100 2192//100
f 2193//100 2192//100 2191//100
f 2192//100 2193//100 2194//100
f 2170//100 2195//100 2168//100
f 2196//100 2168//100 2195//100
f 2168//100 2196//100 2190//100
f 2197//100 2190//100 2196//100
f 2190//100 2197//100 2188//100
f 2198//100 2199//100 2200//100
f 2201//100 2200//100 2199//100
f 2200//100 2201//100 2013//100
f 2202//100 2013//100 2201//100
f 2013//100 2202//100 2014//100
f 2203//100 2014//100 2202//100
f 2014//100 2203//100 2204//100
f 2205//100 2206//100 2207//100
f 2208//100 2207//100 2206//100
f 2207//100 2208//100 2209//100
f 2210//100 2209//100 2208//100
f 2211//100 2212//100 2213//100
f 2214//100 2213//100 2212//100
f 2213//100 2214//100 2198//100
f 2215//100 2198//100 2214//100
f 2198//100 2215//100 2199//100
f 2210//100 2216//100 2209//100
f 2217//100 2209//100 2216//100
f 2209//100 2217//100 2218//100
f 2211//100 2218//100 2217//100
f 2218//100 2211//100 2219//100
f 2213//100 2219//100 2211//100
f 2220//100 2221//100 2222//100
f 2223//100 2222//100 2221//100
f 2222//100 2223//100 2207//100
f 2224//100 2207//100 2223//100
f 2207//100 2224//100 2205//100
f 2225//100 2226//100 2227//100
f 2228//100 2227//100 2226//100
f 2227//100 2228//100 2229//100
f 2229//100 2230//100 2227//100
f 2231//100 2227//100 2230//100
f 2227//100 2231//100 2222//100
f 2232//100 2222//100 2231//100
f 2222//100 2232//100 2220//100
f 2233//100 2234//100 2235//100
f 2021//100 2023//100 2236//100
f 2234//100 2237//100 2235//100
f 2238//100 2235//100 2237//100
f 2235//100 2238//100 2239//100
f 2239//100 2240//100 2241//100
f 2242//100 2241//100 2240//100
f 2241//100 2242//100 2243//100
f 2243//100 2244//100 2241//100
f 2245//100 2241//100 2244//100
f 2241//100 2245//100 2023//100
f 2246//100 2023//100 2245//100
f 2023//100 2246//100 2236//100
f 2247//100 2248//100 2249//100
f 2250//100 2249//100 2248//100
f 2249//100 2250//100 2235//100
f 2251//100 2235//100 2250//100
f 2235//100 2251//100 2233//100
f 2252//100 2253//100 2254//100
f 2255//100 2254//100 2253//100
f 2254//100 2255//100 2256//100
f 2257//100 2256//100 2255//100
f 2252//100 2258//100 2253//100
f 2259//100 2253//100 2258//100
f 2253//100 2259//100 2260//100
f 2259//100 2261//100 2260//100
f 2262//100 2260//100 2261//100
f 2260//100 2262//100 2249//100
f 2263//102 2249//102 2262//102
f 2249//100 2263//100 2247//100
f 2264//100 2265//100 1998//100
f 2266//100 1998//100 2265//100
f 1998//100 2266//100 2267//100
f 2268//100 2269//100 2270//100
f 1998//100 2270//100 2269//100
f 2270//100 1998//100 2271//100
f 2267//100 2271//100 1998//100
f 2268//100 2272//100 2269//100
f 2273//100 2269//100 2272//100
f 2269//100 2273//100 2274//100
f 2264//100 1998//100 2275//100
f 2276//100 2275//100 1998//100
f 2275//102 2276//102 2277//102
f 2278//100 2279//100 2280//100
f 2279//100 2281//100 2280//100
f 2282//100 2280//100 2281//100
f 2280//101 2282//101 2283//101
f 2284//100 2285//100 2286//100
f 2287//100 2286//100 2285//100
f 2019//100 2018//100 2288//100
f 2289//100 2288//100 2018//100
f 2288//100 2289//100 1998//100
f 2289//100 2290//100 1998//100
f 2291//100 1998//100 2290//100
f 1998//100 2291//100 2276//100
f 2292//100 2276//100 2291//100
f 2276//100 2292//100 2277//100
f 2293//100 2277//100 2292//100
f 2277//266 2293//266 2284//266
f 2294//100 2284//100 2293//100
f 2284//100 2294//100 2285//100
f 2020//100 2019//100 2295//100
f 2296//100 2295//100 2019//100
f 2295//100 2296//100 2297//100
f 2001//100 2298//100 2299//100
f 2299//100 2300//100 2001//100
f 2301//100 2001//100 2300//100
f 2001//100 2301//100 2296//100
f 2302//100 2296//100 2301//100
f 2296//100 2302//100 2297//100
f 2303//100 2304//100 2305//100
f 2004//100 2305//100 2304//100
f 2305//100 2004//100 2306//100
f 2303//100 2307//100 2304//100
f 2308//100 2304//100 2307//100
f 2304//100 2308//100 2298//100
f 2309//100 2298//100 2308//100
f 2298//100 2309//100 2299//100
f 2016//100 2310//100 2017//100
f 2311//100 2017//100 2310//100
f 2017//100 2311//100 2004//100
f 2312//100 2004//100 2311//100
f 2004//100 2312//100 2306//100
f 2313//100 2314//100 2315//100
f 2316//100 2315//100 2314//100
f 2315//100 2316//100 2317//100
f 2318//100 2319//100 2235//100
f 2320//100 2235//100 2319//100
f 2235//100 2320//100 2321//100
f 2322//100 2321//100 2320//100
f 2239//100 2241//100 2235//100
f 2323//100 2235//100 2241//100
f 2235//100 2323//100 2318//100
f 2324//100 2325//100 2326//100
f 2324//100 2326//100 2327//100
f 2328//100 2329//100 2326//100
f 2330//100 2326//100 2329//100
f 2326//100 2330//100 2241//100
f 2331//100 2241//100 2330//100
f 2241//100 2331//100 2332//100
f 2325//100 2333//100 2326//100
f 2334//100 2326//100 2333//100
f 2326//100 2334//100 2328//100
f 2332//100 2335//100 2241//100
f 2336//100 2241//100 2335//100
f 2241//100 2336//100 2337//100
f 2338//100 2339//100 2326//100
f 2340//100 2341//100 2241//100
f 2342//100 2241//100 2341//100
f 2241//100 2342//100 2323//100
f 2326//100 2339//100 2327//100
f 2343//100 2327//100 2339//100
f 2327//100 2343//100 2344//100
f 2345//100 2344//100 2343//100
f 2344//100 2345//100 2346//100
f 2346//100 2347//100 2344//100
f 2348//100 2344//100 2347//100
f 2344//100 2348//100 2349//100
f 2337//100 2350//100 2241//100
f 2351//100 2241//100 2350//100
f 2241//100 2351//100 2352//100
f 2352//100 2353//100 2241//100
f 2354//100 2241//100 2353//100
f 2241//100 2354//100 2340//100
f 2355//100 2356//100 2357//100
f 2357//100 2356//100 2014//100
f 2358//100 2014//100 2356//100
f 2014//100 2358//100 2012//100
f 2172//100 2359//100 2174//100
f 2360//100 2174//100 2359//100
f 2174//100 2360//100 2357//100
f 2361//100 2357//100 2360//100
f 2357//100 2361//100 2355//100
f 2283//100 2362//100 2280//100
f 2363//100 2280//100 2362//100
f 2280//100 2363//100 2364//100
f 2364//103 2365//103 2280//103
f 2366//100 2280//100 2365//100
f 2280//100 2366//100 2367//100
f 2269//100 2368//100 2369//100
f 2370//103 2371//103 2269//103
f 2372//100 2269//100 2371//100
f 2269//100 2372//100 2368//100
f 2373//103 2374//103 2375//103
f 2376//100 2375//100 2374//100
f 2375//100 2376//100 2377//100
f 2378//100 2377//100 2376//100
f 2377//100 2378//100 2370//100
f 2379//266 2370//266 2378//266
f 2370//103 2379//103 2371//103
f 2005//100 2380//100 2053//100
f 2380//100 2381//100 2053//100
f 2382//100 2053//100 2381//100
f 2053//100 2382//100 2050//100
f 2383//100 2050//100 2382//100
f 2050//100 2383//100 2384//100
f 2007//100 2006//100 2385//100
f 2386//100 2385//100 2006//100
f 2385//100 2386//100 2387//100
f 2387//100 2388//100 2389//100
f 2390//100 2389//100 2388//100
f 2390//100 2388//100 2391//100
f 2071//100 2391//100 2388//100
f 2391//100 2071//100 2061//100
f 2076//100 2061//100 2071//100
f 2061//100 2076//100 2059//100
f 2392//100 2155//100 2131//100
f 2157//100 2131//100 2155//100
f 2131//100 2157//100 2132//100
f 2393//100 2394//100 2026//100
f 2063//100 2395//100 2064//100
f 2396//100 2064//100 2395//100
f 2064//100 2396//100 2397//100
f 2024//100 2397//100 2396//100
f 2397//100 2024//100 2398//100
f 2026//100 2398//100 2024//100
f 2398//100 2026//100 2399//100
f 2394//100 2399//100 2026//100
f 2130//100 2400//100 2128//100
f 2144//100 2128//100 2400//100
f 2128//100 2144//100 2401//100
f 2138//100 2401//100 2144//100
f 2401//100 2138//100 2402//100
f 2403//100 2402//100 2138//100
f 2137//100 2141//100 2138//100
f 2404//100 2138//100 2141//100
f 2138//100 2404//100 2403//100
f 2119//100 2405//100 2102//100
f 2406//100 2102//100 2405//100
f 2102//100 2406//100 2141//100
f 2407//100 2141//100 2406//100
f 2141//100 2407//100 2404//100
f 2408//100 2409//100 2125//100
f 2410//100 2125//100 2409//100
f 2125//100 2410//100 2122//100
f 2411//100 2326//100 2412//100
f 2413//100 2412//100 2326//100
f 2411//100 2414//100 2326//100
f 2415//100 2326//100 2414//100
f 2326//100 2415//100 2416//100
f 2417//100 2416//100 2415//100
f 2416//100 2417//100 2418//100
f 2419//100 2418//100 2417//100
f 2418//100 2419//100 2125//100
f 2420//100 2125//100 2419//100
f 2125//100 2420//100 2408//100
f 2326//100 2421//100 2422//100
f 2423//100 2424//100 2425//100
f 2426//100 2425//100 2424//100
f 2023//100 2427//100 2428//100
f 2428//100 2429//100 2023//100
f 2430//100 2023//100 2429//100
f 2023//100 2430//100 2431//100
f 2432//100 2241//100 2433//100
f 2434//100 2433//100 2241//100
f 2432//100 2435//100 2241//100
f 2436//100 2241//100 2435//100
f 2241//100 2436//100 2326//100
f 2437//100 2326//100 2436//100
f 2326//100 2437//100 2421//100
f 2422//100 2438//100 2326//100
f 2439//100 2326//100 2438//100
f 2326//100 2439//100 2413//100
f 2440//100 2413//100 2439//100
f 2413//100 2440//100 2441//100
f 2442//100 2441//100 2440//100
f 2441//100 2442//100 2425//100
f 2443//100 2425//100 2442//100
f 2425//100 2443//100 2423//100
f 2431//100 2444//100 2023//100
f 2445//100 2023//100 2444//100
f 2023//100 2445//100 2241//100
f 2446//100 2241//100 2445//100
f 2241//100 2446//100 2434//100
f 2447//100 2023//100 2257//100
f 2022//100 2257//100 2023//100
f 2257//103 2022//103 2256//103
f 2426//100 2427//100 2425//100
f 2023//100 2425//100 2427//100
f 2425//100 2023//100 2448//100
f 2447//100 2448//100 2023//100
f 2449//100 2450//100 2249//100
f 2451//100 2249//100 2450//100
f 2249//100 2451//100 2260//100
f 2321//100 2452//100 2235//100
f 2453//100 2235//100 2452//100
f 2235//100 2453//100 2249//100
f 2454//100 2249//100 2453//100
f 2249//100 2454//100 2449//100
f 2455//100 2456//100 2315//100
f 2457//100 2315//100 2456//100
f 2322//100 2458//100 2321//100
f 2313//100 2321//100 2458//100
f 2321//100 2313//100 2459//100
f 2315//100 2459//100 2313//100
f 2459//100 2315//100 2460//100
f 2457//100 2460//100 2315//100
f 2315//100 2461//100 2462//100
f 2317//100 2015//100 2315//100
f 2017//100 2315//100 2015//100
f 2315//100 2017//100 2461//100
f 2463//100 2461//100 2017//100
f 2462//100 2464//100 2315//100
f 2465//100 2315//100 2464//100
f 2315//100 2465//100 2466//100
f 2467//100 2468//100 2469//100
f 2470//100 2469//100 2468//100
f 2469//100 2470//100 2471//100
f 2472//100 2471//100 2470//100
f 2471//100 2472//100 2473//100
f 2474//100 2473//100 2472//100
f 2473//100 2474//100 2475//100
f 2476//100 2477//100 2017//100
f 2478//100 2017//100 2477//100
f 2017//100 2478//100 2479//100
f 2479//100 2480//100 2017//100
f 2481//100 2017//100 2480//100
f 2017//100 2481//100 2463//100
f 2466//100 2482//100 2315//100
f 2483//100 2315//100 2482//100
f 2315//100 2483//100 2455//100
f 2484//100 2455//100 2483//100
f 2455//100 2484//100 2485//100
f 2485//100 2486//100 2455//100
f 2487//100 2455//100 2486//100
f 2455//100 2487//100 2474//100
f 2488//100 2474//100 2487//100
f 2474//100 2488//100 2475//100
f 2467//100 2476//100 2468//100
f 2017//100 2468//100 2476//100
f 2468//100 2017//100 2489//100
f 2004//100 2489//100 2017//100
f 2489//100 2004//100 2490//100
f 2003//100 2490//100 2004//100
f 2491//100 2492//100 2493//100
f 2298//100 2494//100 2495//100
f 2496//100 2497//100 2304//100
f 2498//100 2304//100 2497//100
f 2304//100 2498//100 2499//100
f 2002//100 2004//100 2500//100
f 2304//100 2500//100 2004//100
f 2500//100 2304//100 2493//100
f 2499//100 2493//100 2304//100
f 2493//100 2499//100 2491//100
f 2298//100 2495//100 2304//100
f 2501//100 2304//100 2495//100
f 2304//100 2501//100 2496//100
f 2502//100 2503//100 2504//100
f 2505//100 2504//100 2503//100
f 2504//100 2505//100 2506//100
f 2493//100 2506//100 2505//100
f 2506//100 2493//100 2507//100
f 2492//100 2507//100 2493//100
f 2508//100 2509//100 2000//100
f 2001//100 2510//100 2511//100
f 2511//100 2512//100 2001//100
f 2513//100 2001//100 2512//100
f 2001//100 2513//100 2298//100
f 2514//100 2298//100 2513//100
f 2298//100 2514//100 2494//100
f 2509//100 2515//100 2000//100
f 2516//100 2000//100 2515//100
f 2000//100 2516//100 2001//100
f 2517//100 2001//100 2516//100
f 2001//100 2517//100 2510//100
f 2502//100 2518//100 2503//100
f 2519//100 2503//100 2518//100
f 2503//100 2519//100 2000//100
f 2520//100 2000//100 2519//100
f 2000//100 2520//100 2508//100
f 2521//100 2522//100 2296//100
f 2523//100 2296//100 2522//100
f 2296//100 2523//100 2001//100
f 2524//100 2001//100 2523//100
f 2001//100 2524//100 1999//100
f 2288//100 2525//100 2019//100
f 2526//100 2019//100 2525//100
f 2019//100 2526//100 2527//100
f 2527//100 2528//100 2019//100
f 2529//100 2019//100 2528//100
f 2019//100 2529//100 2296//100
f 2530//100 2296//100 2529//100
f 2521//100 2296//100 2531//100
f 2530//100 2531//100 2296//100
f 2531//100 2530//100 2532//100
f 2533//100 2532//100 2530//100
f 2532//100 2533//100 2534//100
f 2535//100 2536//100 2537//100
f 2538//100 2539//100 2540//100
f 2534//100 2541//100 2532//100
f 2542//100 2532//100 2541//100
f 2532//100 2542//100 2543//100
f 2542//100 2544//100 2543//100
f 2545//100 2543//100 2544//100
f 2543//100 2545//100 2546//100
f 2537//100 2536//100 2547//100
f 2540//100 2539//100 2288//100
f 2548//100 2288//100 2539//100
f 2288//100 2548//100 2549//100
f 2545//100 2550//100 2546//100
f 2551//100 2546//100 2550//100
f 2546//100 2551//100 2537//100
f 2552//100 2537//100 2551//100
f 2537//100 2552//100 2535//100
f 2549//100 2553//100 2288//100
f 2554//100 2288//100 2553//100
f 2288//100 2554//100 2525//100
f 2536//100 2555//100 2547//100
f 2556//100 2547//100 2555//100
f 2547//100 2556//100 2540//100
f 2557//100 2540//100 2556//100
f 2540//100 2557//100 2538//100
f 1997//100 2558//100 2559//100
f 2560//100 2561//100 1998//100
f 2562//100 1998//100 2561//100
f 1998//100 2562//100 2563//100
f 2564//100 2288//100 2565//100
f 2566//100 2565//100 2288//100
f 1997//100 2559//100 1998//100
f 2567//100 1998//100 2559//100
f 1998//100 2567//100 2560//100
f 2563//100 2568//100 1998//100
f 2569//100 1998//100 2568//100
f 1998//100 2569//100 2288//100
f 2570//100 2288//100 2569//100
f 2288//100 2570//100 2566//100
f 2564//100 2571//100 2288//100
f 2572//100 2288//100 2571//100
f 2288//100 2572//100 2540//100
f 2573//100 2540//100 2572//100
f 2540//100 2573//100 2574//100
f 2574//100 2575//100 2540//100
f 2576//100 2540//100 2575//100
f 2540//100 2576//100 2577//100
f 2578//100 2577//100 2576//100
f 2578//100 2579//100 2577//100
f 2580//100 2577//100 2579//100
f 2577//100 2580//100 2581//100
f 2582//100 2581//100 2580//100
f 2581//100 2582//100 1997//100
f 2583//100 1997//100 2582//100
f 1997//100 2583//100 2558//100
f 2369//100 2584//100 2269//100
f 2585//100 2269//100 2584//100
f 2269//100 2585//100 1998//100
f 2586//100 1998//100 2585//100
f 1998//100 2586//100 1996//100
f 2227//100 2587//100 2588//100
f 2589//100 2590//100 2591//100
f 2227//100 2591//100 2590//100
f 2591//100 2227//100 2592//100
f 2588//100 2592//100 2227//100
f 2593//100 2594//100 2095//100
f 2594//100 2595//100 2095//100
f 2596//100 2095//100 2595//100
f 2095//100 2596//100 2597//100
f 2598//100 2599//100 2222//100
f 2600//100 2222//100 2599//100
f 2601//100 2602//100 2603//100
f 2097//100 2090//100 2095//100
f 2092//100 2095//100 2090//100
f 2095//100 2092//100 2593//100
f 2604//100 2593//100 2092//100
f 2600//100 2605//100 2222//100
f 2606//100 2222//100 2605//100
f 2222//100 2606//100 2227//100
f 2607//100 2227//100 2606//100
f 2227//100 2607//100 2608//100
f 2603//100 2609//100 2601//100
f 2610//100 2601//100 2609//100
f 2601//100 2610//100 2604//100
f 2611//100 2604//100 2610//100
f 2604//100 2611//100 2593//100
f 2597//100 2612//100 2095//100
f 2613//100 2095//100 2612//100
f 2095//100 2613//100 2222//100
f 2614//100 2222//100 2613//100
f 2222//100 2614//100 2598//100
f 2608//100 2615//100 2227//100
f 2616//100 2227//100 2615//100
f 2227//100 2616//100 2617//100
f 2587//100 2227//100 2618//100
f 2617//100 2618//100 2227//100
f 2618//100 2617//100 2619//100
f 2620//100 2619//100 2617//100
f 2619//100 2620//100 2602//100
f 2621//100 2602//100 2620//100
f 2602//100 2621//100 2603//100
f 2143//100 2148//100 2141//100
f 2114//100 2141//100 2148//100
f 2141//100 2114//100 2102//100
f 2116//100 2102//100 2114//100
f 2102//100 2116//100 2104//100
f 2622//100 2623//100 2148//100
f 2624//100 2148//100 2623//100
f 2148//100 2624//100 2114//100
f 2082//100 2625//100 2626//100
f 2627//100 2628//100 2629//100
f 2630//100 2631//100 2632//100
f 2629//100 2632//100 2631//100
f 2632//100 2629//100 2633//100
f 2628//100 2633//100 2629//100
f 2630//100 2634//100 2631//100
f 2635//100 2631//100 2634//100
f 2631//100 2635//100 2626//100
f 2083//100 2069//100 2082//100
f 2636//100 2082//100 2069//100
f 2082//100 2636//100 2625//100
f 2637//100 2638//100 2639//100
f 2640//100 2639//100 2638//100
f 2639//100 2640//100 2641//100
f 2642//100 2643//100 2036//100
f 2644//100 2036//100 2643//100
f 2036//100 2644//100 2031//100
f 2645//100 2031//100 2644//100
f 2031//100 2645//100 2639//100
f 2646//100 2639//100 2645//100
f 2639//100 2646//100 2637//100
f 2647//100 2648//100 2649//100
f 2036//100 2650//100 2642//100
f 2651//100 2642//100 2650//100
f 2642//100 2651//100 2652//100
f 2653//100 2652//100 2651//100
f 2652//100 2653//100 2647//100
f 2654//100 2647//100 2653//100
f 2647//100 2654//100 2648//100
f 2186//100 2655//100 2656//100
f 2657//100 2658//100 2186//100
f 2659//100 2186//100 2658//100
f 2186//100 2659//100 2655//100
f 2656//100 2660//100 2186//100
f 2192//100 2186//100 2660//100
f 2186//100 2192//100 2184//100
f 2194//100 2184//100 2192//100
f 2649//100 2657//100 2647//100
f 2186//100 2647//100 2657//100
f 2647//100 2186//100 2661//100
f 2662//100 2661//100 2186//100
f 2589//100 2663//100 2590//100
f 2664//100 2590//100 2663//100
f 2590//100 2664//100 2186//100
f 2665//100 2186//100 2664//100
f 2186//100 2665//100 2662//100
f 2666//100 2667//100 2026//100
f 2155//100 2026//100 2667//100
f 2026//100 2155//100 2393//100
f 2392//100 2393//100 2155//100
f 2667//100 2668//100 2155//100
f 2669//100 2155//100 2668//100
f 2155//100 2669//100 2670//100
f 2670//100 2671//100 2155//100
f 2672//100 2155//100 2671//100
f 2155//100 2672//100 2148//100
f 2626//100 2635//100 2082//100
f 2673//267 2082//267 2635//267
f 2082//100 2673//100 2026//100
f 2674//100 2026//100 2673//100
f 2026//100 2674//100 2675//100
f 2675//100 2676//100 2026//100
f 2677//100 2026//100 2676//100
f 2026//100 2677//100 2678//100
f 2672//100 2679//100 2148//100
f 2680//100 2148//100 2679//100
f 2148//100 2680//100 2681//100
f 2678//100 2682//100 2026//100
f 2683//100 2026//100 2682//100
f 2026//100 2683//100 2666//100
f 2629//100 2622//100 2627//100
f 2148//100 2627//100 2622//100
f 2627//267 2148//267 2684//267
f 2681//100 2684//100 2148//100
f 2660//100 2685//100 2192//100
f 2686//100 2192//100 2685//100
f 2192//100 2686//100 2190//100
f 2687//100 2190//100 2686//100
f 2027//100 2688//100 2689//100
f 2689//100 2690//100 2027//100
f 2691//100 2027//100 2690//100
f 2027//100 2691//100 2036//100
f 2692//100 2036//100 2691//100
f 2036//100 2692//100 2650//100
f 2687//100 2693//100 2190//100
f 2694//100 2190//100 2693//100
f 2190//100 2694//100 2695//100
f 2695//100 2696//100 2190//100
f 2697//100 2190//100 2696//100
f 2190//100 2697//100 2027//100
f 2698//100 2027//100 2697//100
f 2027//100 2698//100 2688//100
f 2127//100 2093//100 2125//100
f 2095//100 2125//100 2093//100
f 2125//100 2095//100 2418//100
f 2222//100 2418//100 2095//100
f 2418//100 2222//100 2416//100
f 2207//100 2416//100 2222//100
f 2416//100 2207//100 2326//100
f 2209//100 2326//100 2207//100
f 2326//100 2209//100 2338//100
f 2218//100 2338//100 2209//100
f 2181//100 2174//100 2186//100
f 2357//100 2186//100 2174//100
f 2186//100 2357//100 2590//100
f 2014//100 2590//100 2357//100
f 2590//100 2014//100 2227//100
f 2204//100 2227//100 2014//100
f 2227//100 2204//100 2225//100
f 2387//100 2386//100 2388//100
f 2065//100 2388//100 2386//100
f 2388//100 2065//100 2071//100
f 2079//100 2071//100 2065//100
f 2071//100 2079//100 2072//100
f 2029//100 2048//100 2027//100
f 2050//100 2027//100 2048//100
f 2027//100 2050//100 2190//100
f 2699//100 2190//100 2050//100
f 2190//100 2699//100 2168//100
f 2700//100 2168//100 2699//100
f 2168//100 2700//100 2010//100
f 2280//100 2010//100 2700//100
f 2010//100 2280//100 2008//100
f 2367//100 2008//100 2280//100
f 2005//100 2053//100 2006//100
f 2033//100 2006//100 2053//100
f 2006//100 2033//100 2386//100
f 2031//100 2386//100 2033//100
f 2386//100 2031//100 2065//100
f 2639//100 2065//100 2031//100
f 2065//100 2639//100 2069//100
f 2641//100 2069//100 2639//100
f 2069//100 2641//100 2636//100
f 2384//100 2373//100 2050//100
f 2375//100 2050//100 2373//100
f 2050//100 2375//100 2699//100
f 2377//100 2699//100 2375//100
f 2699//100 2377//100 2700//100
f 2370//100 2700//100 2377//100
f 2700//100 2370//100 2280//100
f 2269//100 2280//100 2370//100
f 2280//100 2269//100 2278//100
f 2274//100 2278//100 2269//100
s 1
f 2701//2 2702//268 2703//27
f 2704//27 2703//27 2702//268
f 2703//27 2704//27 2705//26
f 2706//26 2705//26 2704//27
f 2705//26 2706//26 2707//25
f 2708//25 2707//25 2706//26
f 2707//25 2708//25 2709//113
f 2710//113 2709//113 2708//25
f 2709//113 2710//113 2711//21
f 2712//21 2711//21 2710//113
f 2711//21 2712//21 2713//20
f 2714//20 2713//20 2712//21
f 2713//20 2714//20 2715//19
f 2716//19 2715//19 2714//20
f 2715//19 2716//19 2717//269
f 2718//269 2717//269 2716//19
f 2717//269 2718//269 2719//17
f 2720//17 2719//17 2718//269
f 2719//17 2720//17 2721//110
f 2722//110 2721//110 2720//17
f 2721//110 2722//110 2723//15
f 2722//110 2724//109 2723//15
f 2725//270 2723//15 2724//109
f 2723//15 2725//270 2726//14
f 2727//14 2726//14 2725//270
f 2726//14 2727//14 2728//13
f 2729//13 2728//13 2727//14
f 2728//13 2729//13 2730//107
f 2731//107 2730//107 2729//13
f 2730//107 2731//107 2732//30
f 2733//30 2732//30 2731//107
f 2732//30 2733//30 2734//10
f 2735//271 2734//10 2733//30
f 2734//10 2735//271 2736//161
f 2737//161 2736//161 2735//271
f 2736//161 2737//161 2738//8
f 2739//8 2738//8 2737//161
f 2738//8 2739//8 2740//160
f 2741//160 2740//160 2739//8
f 2740//160 2741//160 2742//6
f 2743//6 2742//6 2741//160
f 2742//6 2743//6 2744//272
f 2745//159 2744//272 2743//6
f 2744//272 2745//159 2746//4
f 2747//4 2746//4 2745//159
f 2746//4 2747//4 2748//3
f 2749//3 2748//3 2747//4
f 2748//3 2749//3 2701//2
f 2750//2 2701//2 2749//3
f 2701//2 2750//2 2702//268
f 2751//273 2752//274 2753//275
f 2754//276 2755//277 2756//278
f 2757//279 2756//278 2755//277
f 2756//278 2757//279 2758//280
f 2759//281 2758//280 2757//279
f 2758//280 2759//281 2760//282
f 2761//283 2762//284 2763//285
f 2764//286 2765//287 2766//288
f 2764//286 2766//288 2767//289
f 2751//273 2768//290 2752//274
f 2769//291 2752//274 2768//290
f 2752//274 2769//291 2770//292
f 2771//293 2770//292 2769//291
f 2770//292 2771//293 2772//294
f 2767//289 2772//294 2771//293
f 2772//294 2767//289 2773//295
f 2766//288 2773//295 2767//289
f 2774//296 2775//297 2776//298
f 2777//299 2776//298 2775//297
f 2778//300 2779//301 2780//302
f 2781//303 2782//304 2783//305
f 2783//305 2784//306 2781//303
f 2785//307 2781//303 2784//306
f 2781//303 2785//307 2786//308
f 2787//309 2786//308 2785//307
f 2786//308 2787//309 2788//310
f 2789//311 2788//310 2787//309
f 2788//310 2789//311 2790//312
f 2791//313 2792//313 2793//314
f 2791//313 2793//314 2794//315
f 2795//316 2794//315 2793//314
f 2794//315 2795//316 2796//317
f 2797//318 2796//317 2795//316
f 2796//317 2797//318 2798//319
f 2799//319 2798//319 2797//318
f 2798//319 2799//319 2800//320
f 2775//297 2800//320 2799//319
f 2800//320 2775//297 2801//321
f 2774//296 2801//321 2775//297
f 2801//321 2774//296 2802//322
f 2777//299 2803//323 2776//298
f 2804//324 2776//298 2803//323
f 2776//298 2804//324 2805//325
f 2806//326 2805//325 2804//324
f 2805//325 2806//326 2780//302
f 2807//327 2780//302 2806//326
f 2780//302 2807//327 2778//300
f 2808//328 2778//300 2807//327
f 2778//300 2808//328 2809//328
f 2809//328 2808//328 2810//329
f 2811//330 2810//329 2808//328
f 2810//329 2811//330 2812//331
f 2813//332 2812//331 2811//330
f 2812//331 2813//332 2814//333
f 2813//332 2815//333 2814//333
f 2816//334 2814//333 2815//333
f 2814//333 2816//334 2817//334
f 2818//335 2819//336 2820//337
f 2817//334 2816//334 2820//335
f 2821//335 2820//335 2816//334
s 0
f 2820//337 2821//337 2818//337
s 1
f 2818//335 2822//336 2819//336
f 2783//305 2819//336 2822//336
f 2819//336 2783//305 2823//338
f 2782//304 2823//338 2783//305
f 2823//338 2782//304 2824//339
f 2790//312 2789//311 2825//340
f 2826//341 2825//340 2789//311
f 2825//340 2826//341 2827//342
f 2828//343 2827//342 2826//341
f 2827//342 2828//343 2829//344
f 2830//344 2829//344 2828//343
f 2829//344 2830//344 2831//14
f 2832//345 2831//14 2830//344
f 2831//14 2832//345 2833//345
f 2834//346 2833//345 2832//345
f 2833//345 2834//346 2835//347
f 2760//282 2836//348 2758//280
f 2835//347 2758//280 2836//348
f 2758//280 2835//347 2837//349
f 2834//346 2837//349 2835//347
f 2754//276 2838//350 2755//277
f 2839//351 2755//277 2838//350
f 2755//277 2839//351 2840//352
f 2841//353 2840//352 2839//351
f 2840//352 2841//353 2763//285
f 2842//354 2763//285 2841//353
f 2763//285 2842//354 2761//283
f 2843//355 2761//283 2842//354
f 2761//283 2843//355 2844//356
f 2845//356 2844//356 2843//355
f 2844//356 2845//356 2846//357
f 2847//357 2846//357 2845//356
f 2846//357 2847//357 2848//358
f 2847//357 2849//359 2848//358
f 2850//360 2848//358 2849//359
f 2848//358 2850//360 2851//361
f 2850//360 2852//361 2851//361
f 2853//362 2851//361 2852//361
f 2851//361 2853//362 2854//362
f 2855//363 2854//362 2853//362
f 2854//362 2855//363 2856//363
f 2765//287 2856//363 2855//363
f 2856//363 2765//287 2857//364
f 2764//286 2857//364 2765//287
f 2857//364 2764//286 2858//365
f 2859//366 2860//367 2861//253
f 2862//368 2861//253 2860//367
f 2861//253 2862//368 2863//369
f 2864//370 2863//369 2862//368
f 2863//369 2864//370 2753//275
f 2865//275 2753//275 2864//370
f 2753//275 2865//275 2751//273
f 2866//9 2867//371 2868//8
f 2869//8 2868//8 2867//371
f 2868//8 2869//8 2870//160
f 2871//160 2870//160 2869//8
f 2870//160 2871//160 2872//372
f 2873//6 2872//372 2871//160
f 2872//372 2873//6 2874//5
f 2875//5 2874//5 2873//6
f 2874//5 2875//5 2876//4
f 2877//4 2876//4 2875//5
f 2876//4 2877//4 2878//105
f 2879//105 2878//105 2877//4
f 2878//105 2879//105 2880//2
f 2879//105 2881//2 2880//2
f 2882//373 2880//2 2881//2
f 2880//2 2882//373 2883//114
f 2884//27 2883//114 2882//373
f 2883//114 2884//27 2885//26
f 2886//26 2885//26 2884//27
f 2885//26 2886//26 2887//96
f 2888//96 2887//96 2886//26
f 2887//96 2888//96 2889//374
f 2890//374 2889//374 2888//96
f 2889//374 2890//374 2891//21
f 2892//21 2891//21 2890//374
f 2891//21 2892//21 2893//20
f 2892//21 2894//20 2893//20
f 2895//375 2893//20 2894//20
f 2893//20 2895//375 2896//19
f 2897//19 2896//19 2895//375
f 2896//19 2897//19 2898//112
f 2899//112 2898//112 2897//19
f 2898//112 2899//112 2900//111
f 2901//111 2900//111 2899//112
f 2900//111 2901//111 2902//110
f 2903//110 2902//110 2901//111
f 2902//110 2903//110 2904//109
f 2903//110 2905//109 2904//109
f 2906//227 2904//109 2905//109
f 2904//109 2906//227 2907//14
f 2908//14 2907//14 2906//227
f 2907//14 2908//14 2909//108
f 2910//108 2909//108 2908//14
f 2909//108 2910//108 2911//107
f 2912//107 2911//107 2910//108
f 2911//107 2912//107 2913//172
f 2914//164 2913//172 2912//107
f 2913//172 2914//164 2915//10
f 2916//10 2915//10 2914//164
f 2915//10 2916//10 2866//9
f 2917//161 2866//9 2916//10
f 2866//9 2917//161 2867//371
f 2918//161 2919//376 2920//8
f 2921//8 2920//8 2919//376
f 2920//8 2921//8 2922//160
f 2923//160 2922//160 2921//8
f 2922//160 2923//160 2924//372
f 2925//372 2924//372 2923//160
f 2924//372 2925//372 2926//5
f 2927//5 2926//5 2925//372
f 2926//5 2927//5 2928//4
f 2929//4 2928//4 2927//5
f 2928//4 2929//4 2930//105
f 2931//105 2930//105 2929//4
f 2930//105 2931//105 2932//2
f 2933//2 2932//2 2931//105
f 2932//2 2933//2 2934//114
f 2935//114 2934//114 2933//2
f 2934//114 2935//114 2936//26
f 2937//26 2936//26 2935//114
f 2936//26 2937//26 2938//96
f 2939//96 2938//96 2937//26
f 2938//96 2939//96 2940//374
f 2941//374 2940//374 2939//96
f 2940//374 2941//374 2942//21
f 2943//21 2942//21 2941//374
f 2942//21 2943//21 2944//20
f 2943//21 2945//20 2944//20
f 2946//377 2944//20 2945//20
f 2944//20 2946//377 2947//19
f 2948//19 2947//19 2946//377
f 2947//19 2948//19 2949//112
f 2950//112 2949//112 2948//19
f 2949//112 2950//112 2951//111
f 2952//111 2951//111 2950//112
f 2951//111 2952//111 2953//110
f 2954//110 2953//110 2952//111
f 2953//110 2954//110 2955//109
f 2956//109 2955//109 2954//110
f 2955//109 2956//109 2957//14
f 2958//14 2957//14 2956//109
f 2957//14 2958//14 2959//108
f 2960//108 2959//108 2958//14
f 2959//108 2960//108 2961//107
f 2962//107 2961//107 2960//108
f 2961//107 2962//107 2963//172
f 2964//172 2963//172 2962//107
f 2963//172 2964//172 2965//10
f 2966//10 2965//10 2964//172
f 2965//10 2966//10 2918//161
f 2967//161 2918//161 2966//10
f 2918//161 2967//161 2919//376
f 2968//26 2969//378 2970//96
f 2971//25 2970//96 2969//378
f 2970//96 2971//25 2972//113
f 2973//113 2972//113 2971//25
f 2972//113 2973//113 2974//21
f 2975//21 2974//21 2973//113
f 2974//21 2975//21 2976//20
f 2977//20 2976//20 2975//21
f 2976//20 2977//20 2978//19
f 2979//19 2978//19 2977//20
f 2978//19 2979//19 2980//112
f 2981//112 2980//112 2979//19
f 2980//112 2981//112 2982//17
f 2981//112 2983//111 2982//17
f 2984//379 2982//17 2983//111
f 2982//17 2984//379 2985//110
f 2986//110 2985//110 2984//379
f 2985//110 2986//110 2987//109
f 2988//109 2987//109 2986//110
f 2987//109 2988//109 2989//14
f 2990//14 2989//14 2988//109
f 2989//14 2990//14 2991//108
f 2992//108 2991//108 2990//14
f 2991//108 2992//108 2993//107
f 2994//107 2993//107 2992//108
f 2993//107 2994//107 2995//30
f 2996//30 2995//30 2994//107
f 2995//30 2996//30 2997//10
f 2998//10 2997//10 2996//30
f 2997//10 2998//10 2999//161
f 3000//161 2999//161 2998//10
f 2999//161 3000//161 3001//8
f 3002//8 3001//8 3000//161
f 3001//8 3002//8 3003//160
f 3004//160 3003//160 3002//8
f 3003//160 3004//160 3005//6
f 3006//6 3005//6 3004//160
f 3005//6 3006//6 3007//5
f 3008//5 3007//5 3006//6
f 3007//5 3008//5 3009//4
f 3010//4 3009//4 3008//5
f 3009//4 3010//4 3011//3
f 3012//3 3011//3 3010//4
f 3011//3 3012//3 3013//2
f 3014//2 3013//2 3012//3
f 3013//2 3014//2 3015//27
f 3016//27 3015//27 3014//2
f 3015//27 3016//27 2968//26
f 3017//26 2968//26 3016//27
f 2968//26 3017//26 2969//378
s 0
f 3018//380 3019//381 3020//380
f 3021//381 3020//380 3019//381
s 1
f 3022//382 3023//383 3024//384
f 3025//385 3026//385 3027//384
f 3024//384 3027//384 3026//385
f 3027//384 3024//384 3028//386
f 3023//383 3028//386 3024//384
f 3024//384 3029//386 3022//382
s 0
f 3030//382 3022//382 3029//382
s 1
f 3022//386 3030//387 3031//388
f 3032//388 3031//388 3030//387
f 3031//388 3032//388 3033//389
f 3034//390 3033//389 3032//388
f 3033//389 3034//390 3035//390
f 3035//390 3034//390 3036//391
f 3037//391 3036//391 3034//390
f 3036//391 3037//391 3038//392
f 3037//391 3039//392 3038//392
f 3040//393 3038//392 3039//392
f 3038//392 3040//393 3041//394
f 3042//394 3041//394 3040//393
f 3041//394 3042//394 3043//395
f 3044//395 3043//395 3042//394
f 3043//395 3044//395 3045//14
f 3046//396 3045//14 3044//395
f 3045//14 3046//396 3047//396
f 3048//397 3047//396 3046//396
f 3046//396 3049//397 3048//397
f 3050//398 3048//397 3049//397
f 3048//397 3050//398 3051//399
f 3052//399 3051//399 3050//398
f 3051//399 3052//399 3053//400
f 3054//401 3053//400 3052//399
f 3053//400 3054//401 3055//402
f 3056//403 3055//402 3054//401
f 3055//402 3056//403 3057//404
f 3058//404 3057//404 3056//403
f 3057//404 3058//404 3059//405
f 3060//405 3059//405 3058//404
f 3059//405 3060//405 3061//406
f 3062//407 3063//408 3064//408
s 0
f 3065//408 3064//408 3063//408
f 3064//409 3065//409 3066//409
s 1
f 3061//406 3066//410 3065//408
f 3066//410 3061//406 3067//406
f 3060//405 3067//406 3061//406
f 3068//411 3069//412 3062//407
f 3070//407 3062//407 3069//412
f 3062//407 3070//407 3063//408
s 0
f 3071//413 3072//414 3073//413
f 3074//414 3073//413 3072//414
s 1
f 3075//415 3076//416 3077//417
f 3078//416 3077//417 3076//416
f 3077//417 3078//416 3079//418
f 3080//418 3079//418 3078//416
f 3079//418 3080//418 3081//419
f 3082//420 3081//419 3080//418
f 3081//419 3082//420 3083//421
f 3082//420 3084//422 3083//421
f 3085//423 3083//421 3084//422
f 3083//421 3085//423 3086//424
f 3087//424 3086//424 3085//423
f 3086//424 3087//424 3088//425
f 3089//425 3088//425 3087//424
f 3088//425 3089//425 3090//426
f 3091//426 3090//426 3089//425
f 3090//426 3091//426 3092//427
f 3093//428 3092//427 3091//426
f 3092//427 3093//428 3094//429
f 3095//429 3094//429 3093//428
f 3094//429 3095//429 3096//5
f 3097//5 3096//5 3095//429
f 3096//5 3097//5 3098//430
f 3097//5 3099//430 3098//430
f 3100//431 3098//430 3099//430
f 3098//430 3100//431 3101//432
f 3102//433 3101//432 3100//431
f 3101//432 3102//433 3103//434
f 3104//190 3103//434 3102//433
f 3103//434 3104//190 3105//190
f 3106//435 3105//190 3104//190
f 3105//190 3106//435 3107//436
f 3108//436 3107//436 3106//435
f 3107//436 3108//436 3109//437
f 3110//438 3109//437 3108//436
f 3109//437 3110//438 3111//2
f 3112//439 3111//2 3110//438
f 3111//2 3112//439 3113//439
f 3114//440 3113//439 3112//439
f 3115//441 3116//442 3117//441
f 3118//442 3117//441 3116//442
f 3117//441 3118//442 3119//442
f 3120//443 3119//442 3118//442
f 3119//442 3120//443 3121//443
f 3122//96 3121//443 3120//443
f 3121//443 3122//96 3123//444
f 3124//445 3123//444 3122//96
f 3123//444 3124//445 3125//446
f 3126//446 3125//446 3124//445
f 3125//446 3126//446 3127//447
f 3128//447 3127//447 3126//446
f 3127//447 3128//447 3129//448
f 3114//440 3129//448 3128//447
f 3129//448 3114//440 3130//440
f 3112//439 3130//440 3114//440
f 3115//441 3117//441 3131//449
f 3132//449 3131//449 3117//441
f 3131//449 3132//449 3133//450
f 3134//451 3135//452 3136//453
f 3137//454 3136//453 3135//452
f 3136//453 3137//454 3138//454
f 3139//455 3138//454 3137//454
f 3138//454 3139//455 3140//456
f 3141//456 3140//456 3139//455
f 3140//456 3141//456 3142//457
f 3133//450 3142//457 3141//456
f 3142//457 3133//450 3143//450
f 3132//449 3143//450 3133//450
f 3144//14 3145//14 3146//13
f 3147//13 3146//13 3145//14
f 3146//13 3147//13 3148//107
f 3149//107 3148//107 3147//13
f 3148//107 3149//107 3150//30
f 3151//30 3150//30 3149//107
f 3150//30 3151//30 3152//271
f 3153//271 3152//271 3151//30
f 3152//271 3153//271 3154//161
f 3155//161 3154//161 3153//271
f 3154//161 3155//161 3156//8
f 3157//8 3156//8 3155//161
f 3156//8 3157//8 3158//160
f 3159//160 3158//160 3157//8
f 3158//160 3159//160 3160//6
f 3161//6 3160//6 3159//160
f 3160//6 3161//6 3162//159
f 3163//159 3162//159 3161//6
f 3162//159 3163//159 3164//4
f 3165//4 3164//4 3163//159
f 3164//4 3165//4 3166//3
f 3167//3 3166//3 3165//4
f 3166//3 3167//3 3168//2
f 3169//2 3168//2 3167//3
f 3168//2 3169//2 3170//27
f 3171//27 3170//27 3169//2
f 3170//27 3171//27 3172//26
f 3173//26 3172//26 3171//27
f 3172//26 3173//26 3174//25
f 3175//25 3174//25 3173//26
f 3174//25 3175//25 3176//113
f 3177//113 3176//113 3175//25
f 3176//113 3177//113 3178//21
f 3179//21 3178//21 3177//113
f 3178//21 3179//21 3180//20
f 3181//20 3180//20 3179//21
f 3180//20 3181//20 3182//19
f 3183//19 3182//19 3181//20
f 3182//19 3183//19 3184//269
f 3185//269 3184//269 3183//19
f 3184//269 3185//269 3186//17
f 3187//17 3186//17 3185//269
f 3186//17 3187//17 3188//110
f 3189//110 3188//110 3187//17
f 3188//110 3189//110 3190//15
f 3191//15 3190//15 3189//110
f 3190//15 3191//15 3144//14
f 3145//14 3144//14 3191//15
f 3192//14 3193//14 3194//108
f 3195//108 3194//108 3193//14
f 3194//108 3195//108 3196//107
f 3197//107 3196//107 3195//108
f 3196//107 3197//107 3198//30
f 3199//30 3198//30 3197//107
f 3198//30 3199//30 3200//10
f 3201//10 3200//10 3199//30
f 3200//10 3201//10 3202//161
f 3203//161 3202//161 3201//10
f 3202//161 3203//161 3204//8
f 3205//8 3204//8 3203//161
f 3204//8 3205//8 3206//160
f 3207//160 3206//160 3205//8
f 3206//160 3207//160 3208//6
f 3209//6 3208//6 3207//160
f 3208//6 3209//6 3210//5
f 3211//5 3210//5 3209//6
f 3210//5 3211//5 3212//4
f 3213//4 3212//4 3211//5
f 3212//4 3213//4 3214//3
f 3215//3 3214//3 3213//4
f 3214//3 3215//3 3216//2
f 3217//2 3216//2 3215//3
f 3216//2 3217//2 3218//27
f 3219//27 3218//27 3217//2
f 3218//27 3219//27 3220//26
f 3221//26 3220//26 3219//27
f 3220//26 3221//26 3222//96
f 3223//96 3222//96 3221//26
f 3222//96 3223//96 3224//113
f 3225//113 3224//113 3223//96
f 3224//113 3225//113 3226//21
f 3227//21 3226//21 3225//113
f 3226//21 3227//21 3228//20
f 3229//20 3228//20 3227//21
f 3228//20 3229//20 3230//19
f 3231//19 3230//19 3229//20
f 3230//19 3231//19 3232//112
f 3233//112 3232//112 3231//19
f 3232//112 3233//112 3234//17
f 3235//17 3234//17 3233//112
f 3234//17 3235//17 3236//110
f 3237//110 3236//110 3235//17
f 3236//110 3237//110 3238//109
f 3239//109 3238//109 3237//110
f 3238//109 3239//109 3192//14
f 3193//14 3192//14 3239//109
s 0
f 3240//1 3241//1 3242//1
f 3243//1 3244//1 3245//1
f 3246//1 3247//1 3248//1
f 3249//1 3250//1 3251//1
f 3252//1 3251//1 3250//1
f 3253//1 3254//1 3255//1
f 3255//1 3256//1 3253//1
f 3257//1 3253//1 3256//1
f 3253//1 3257//1 3258//1
f 3259//1 3260//1 3251//1
f 3261//1 3251//1 3260//1
f 3251//1 3261//1 3249//1
f 3258//1 3262//1 3253//1
f 3263//1 3253//1 3262//1
f 3253//1 3263//1 3264//1
f 3265//1 3264//1 3263//1
f 3264//1 3265//1 3266//1
f 3267//1 3266//1 3265//1
f 3266//1 3267//1 3268//1
f 3269//458 3270//458 3271//458
f 3268//1 3267//1 3271//1
f 3272//1 3271//1 3267//1
f 3271//1 3272//1 3269//1
f 3273//1 3274//1 3275//1
f 3276//1 3277//1 3278//1
f 3279//459 3278//459 3277//459
f 3278//1 3279//1 3280//1
f 3281//1 3280//1 3279//1
f 3280//1 3281//1 3282//1
f 3260//1 3282//1 3281//1
f 3282//1 3260//1 3283//1
f 3259//1 3283//1 3260//1
f 3283//1 3259//1 3284//1
f 3285//1 3284//1 3259//1
f 3284//1 3285//1 3286//1
f 3287//1 3286//1 3285//1
f 3286//1 3287//1 3288//1
f 3289//1 3288//1 3287//1
f 3288//1 3289//1 3290//1
f 3273//1 3291//1 3292//1
f 3293//1 3292//1 3291//1
f 3292//1 3293//1 3290//1
f 3275//1 3274//1 3294//1
f 3295//1 3294//1 3274//1
f 3294//1 3295//1 3296//1
f 3297//1 3296//1 3295//1
f 3296//1 3297//1 3298//1
f 3299//1 3300//1 3297//1
f 3301//1 3297//1 3300//1
f 3297//1 3301//1 3298//1
f 3273//1 3275//1 3291//1
f 3302//1 3291//1 3275//1
f 3291//1 3302//1 3303//1
f 3304//1 3303//1 3302//1
f 3303//1 3304//1 3305//1
f 3305//1 3306//1 3303//1
f 3307//1 3303//1 3306//1
f 3303//1 3307//1 3308//1
f 3309//1 3308//1 3307//1
f 3307//1 3310//1 3309//1
f 3311//1 3309//1 3310//1
f 3309//1 3311//1 3312//1
f 3313//1 3312//1 3311//1
f 3312//1 3313//1 3314//1
f 3315//1 3314//1 3313//1
f 3314//1 3315//1 3316//1
f 3317//1 3316//1 3315//1
f 3316//1 3317//1 3318//1
f 3319//1 3318//1 3317//1
f 3318//1 3319//1 3320//1
f 3321//1 3320//1 3319//1
f 3320//1 3321//1 3322//1
f 3323//1 3324//1 3325//1
f 3326//1 3325//1 3324//1
f 3325//1 3326//1 3327//1
f 3328//1 3329//1 3330//1
f 3324//1 3330//1 3329//1
f 3330//1 3324//1 3331//1
f 3323//1 3331//1 3324//1
f 3326//1 3332//1 3327//1
f 3333//460 3327//460 3332//460
f 3327//459 3333//459 3334//459
f 3334//460 3335//460 3327//460
f 3336//458 3327//458 3335//458
f 3327//460 3336//460 3337//460
f 3321//1 3328//1 3322//1
f 3330//1 3322//1 3328//1
f 3322//1 3330//1 3338//1
f 3339//1 3338//1 3330//1
f 3338//1 3339//1 3340//1
f 3341//1 3342//1 3343//1
f 3344//1 3345//1 3346//1
f 3344//1 3347//1 3345//1
f 3348//1 3345//1 3347//1
f 3345//1 3348//1 3349//1
f 3339//1 3350//1 3340//1
f 3351//1 3340//1 3350//1
f 3340//1 3351//1 3352//1
f 3345//1 3352//1 3351//1
f 3352//1 3345//1 3343//1
f 3349//460 3343//460 3345//460
f 3343//1 3349//1 3341//1
f 3353//1 3354//1 3346//1
f 3355//459 3346//459 3354//459
f 3346//1 3355//1 3344//1
f 3353//1 3356//1 3354//1
f 3357//461 3354//461 3356//461
f 3354//462 3357//462 3358//462
f 3342//1 3359//1 3343//1
f 3360//1 3343//1 3359//1
f 3343//1 3360//1 3361//1
f 3362//1 3361//1 3360//1
f 3361//1 3362//1 3363//1
f 3364//1 3363//1 3362//1
f 3365//1 3366//1 3367//1
f 3368//1 3367//1 3366//1
f 3362//1 3369//1 3364//1
f 3370//1 3364//1 3369//1
f 3364//1 3370//1 3371//1
f 3372//1 3371//1 3370//1
f 3371//1 3372//1 3366//1
f 3373//1 3366//1 3372//1
f 3366//1 3373//1 3368//1
f 3374//1 3375//1 3376//1
f 3377//1 3378//1 3379//1
f 3380//1 3379//1 3378//1
f 3379//1 3380//1 3381//1
f 3366//1 3381//1 3380//1
f 3381//1 3366//1 3375//1
f 3365//1 3375//1 3366//1
f 3375//1 3365//1 3376//1
f 3382//463 3383//463 3384//463
f 3385//1 3384//1 3383//1
f 3384//1 3385//1 3386//1
f 3374//1 3376//1 3385//1
f 3387//1 3385//1 3376//1
f 3385//1 3387//1 3386//1
f 3388//1 3389//1 3390//1
f 3389//1 3391//1 3390//1
f 3392//1 3390//1 3391//1
f 3390//1 3392//1 3393//1
f 3393//1 3394//1 3390//1
f 3395//1 3390//1 3394//1
f 3390//1 3395//1 3396//1
f 3396//1 3397//1 3398//1
f 3399//1 3398//1 3397//1
f 3377//1 3400//1 3401//1
f 3402//1 3401//1 3400//1
f 3401//1 3402//1 3403//1
f 3404//1 3403//1 3402//1
f 3403//1 3404//1 3405//1
f 3406//1 3405//1 3404//1
f 3405//1 3406//1 3407//1
f 3408//1 3407//1 3409//1
f 3399//1 3410//1 3398//1
f 3411//1 3398//1 3410//1
f 3398//1 3411//1 3406//1
f 3412//1 3406//1 3411//1
f 3406//1 3412//1 3407//1
f 3413//1 3407//1 3412//1
f 3407//1 3413//1 3409//1
f 3414//459 3415//459 3416//459
f 3417//1 3416//1 3415//1
f 3416//1 3417//1 3418//1
f 3408//1 3409//1 3419//1
f 3420//460 3419//460 3409//460
f 3419//459 3420//459 3421//459
f 3422//1 3423//1 3424//1
f 3425//1 3426//1 3422//1
f 3427//1 3422//1 3426//1
f 3422//1 3427//1 3390//1
f 3428//1 3390//1 3427//1
f 3390//1 3428//1 3388//1
f 3429//1 3388//1 3428//1
f 3388//1 3429//1 3417//1
f 3430//1 3417//1 3429//1
f 3417//1 3430//1 3418//1
f 3424//1 3431//1 3422//1
f 3432//1 3422//1 3431//1
f 3422//1 3432//1 3425//1
f 3433//1 3425//1 3432//1
f 3425//1 3433//1 3434//1
f 3433//1 3435//1 3434//1
f 3436//1 3434//1 3435//1
f 3434//1 3436//1 3437//1
f 3438//1 3437//1 3436//1
f 3437//1 3438//1 3439//1
f 3440//1 3439//1 3438//1
f 3439//1 3440//1 3441//1
f 3440//1 3442//1 3441//1
f 3443//1 3441//1 3442//1
f 3441//1 3443//1 3444//1
f 3444//1 3445//1 3441//1
f 3446//461 3441//461 3445//461
f 3441//1 3446//1 3447//1
f 3448//1 3447//1 3446//1
f 3449//1 3450//1 3451//1
f 3450//1 3449//1 3452//1
f 3453//1 3454//1 3455//1
f 3456//1 3455//1 3454//1
f 3455//1 3456//1 3457//1
f 3449//1 3458//1 3459//1
f 3452//1 3449//1 3460//1
f 3459//1 3460//1 3449//1
f 3460//1 3459//1 3461//1
f 3462//1 3461//1 3459//1
f 3461//1 3462//1 3453//1
f 3463//1 3453//1 3462//1
f 3453//1 3463//1 3454//1
f 3464//1 3465//1 3466//1
f 3456//1 3467//1 3457//1
f 3468//1 3457//1 3467//1
f 3457//1 3468//1 3469//1
f 3468//1 3470//1 3469//1
f 3465//1 3469//1 3470//1
f 3469//1 3465//1 3471//1
f 3464//1 3471//1 3465//1
f 3471//1 3464//1 3472//1
f 3473//1 3472//1 3464//1
f 3472//1 3473//1 3474//1
f 3475//1 3449//1 3446//1
f 3451//1 3446//1 3449//1
f 3446//1 3451//1 3448//1
f 3476//1 3477//1 3446//1
f 3478//1 3446//1 3477//1
f 3446//1 3478//1 3475//1
f 3479//1 3480//1 3446//1
f 3481//1 3446//1 3480//1
f 3481//1 3482//1 3446//1
f 3483//1 3446//1 3482//1
f 3446//1 3483//1 3476//1
f 3479//1 3484//1 3485//1
f 3445//1 3486//1 3446//1
f 3487//1 3446//1 3486//1
f 3446//1 3487//1 3479//1
f 3488//1 3479//1 3487//1
f 3479//1 3488//1 3484//1
f 3489//1 3490//1 3491//1
f 3492//1 3491//1 3490//1
f 3489//1 3493//1 3490//1
f 3494//1 3490//1 3493//1
f 3490//1 3494//1 3495//1
f 3496//1 3497//1 3498//1
f 3499//1 3498//1 3497//1
f 3498//1 3499//1 3500//1
f 3501//1 3500//1 3499//1
f 3500//1 3501//1 3502//1
f 3503//1 3502//1 3501//1
f 3502//1 3503//1 3504//1
f 3505//1 3504//1 3503//1
f 3504//1 3505//1 3485//1
f 3506//1 3485//1 3505//1
f 3485//1 3506//1 3479//1
f 3507//1 3508//1 3509//1
f 3510//1 3509//1 3508//1
f 3509//1 3510//1 3511//1
f 3497//1 3511//1 3510//1
f 3511//1 3497//1 3512//1
f 3496//1 3512//1 3497//1
f 3513//1 3514//1 3490//1
f 3515//1 3490//1 3514//1
f 3490//1 3515//1 3492//1
f 3516//1 3492//1 3515//1
f 3492//1 3516//1 3517//1
f 3518//1 3517//1 3516//1
f 3519//1 3520//1 3521//1
f 3522//1 3523//1 3519//1
f 3524//1 3519//1 3523//1
f 3519//1 3524//1 3520//1
f 3518//1 3525//1 3517//1
f 3526//1 3517//1 3525//1
f 3517//1 3526//1 3527//1
f 3528//1 3529//1 3522//1
f 3530//1 3522//1 3529//1
f 3522//1 3530//1 3523//1
f 3521//1 3531//1 3519//1
f 3532//1 3519//1 3531//1
f 3519//1 3532//1 3533//1
f 3534//1 3535//1 3490//1
f 3536//1 3490//1 3535//1
f 3490//1 3536//1 3513//1
f 3527//1 3537//1 3517//1
f 3538//1 3517//1 3537//1
f 3517//1 3538//1 3522//1
f 3539//1 3522//1 3538//1
f 3522//1 3539//1 3528//1
f 3540//1 3541//1 3522//1
f 3540//1 3522//1 3247//1
f 3541//1 3542//1 3522//1
f 3543//1 3522//1 3542//1
f 3522//1 3543//1 3517//1
f 3544//1 3517//1 3543//1
f 3517//1 3544//1 3545//1
f 3546//459 3545//459 3544//459
f 3547//1 3548//1 3544//1
f 3549//1 3544//1 3548//1
f 3544//1 3549//1 3546//1
f 3550//1 3551//1 3248//1
f 3552//1 3248//1 3551//1
f 3248//1 3552//1 3246//1
f 3553//1 3554//1 3555//1
f 3556//1 3555//1 3554//1
f 3557//1 3558//1 3559//1
f 3560//1 3559//1 3558//1
f 3559//1 3560//1 3553//1
f 3561//1 3562//1 3563//1
f 3563//1 3564//1 3561//1
f 3565//1 3561//1 3564//1
f 3561//1 3565//1 3566//1
f 3567//1 3568//1 3569//1
f 3570//1 3569//1 3568//1
f 3569//1 3570//1 3571//1
f 3572//1 3573//1 3571//1
f 3245//1 3574//1 3575//1
f 3244//1 3576//1 3245//1
f 3577//1 3245//1 3576//1
f 3245//1 3577//1 3574//1
f 3575//1 3578//1 3245//1
f 3579//1 3245//1 3578//1
f 3245//1 3579//1 3580//1
f 3581//1 3582//1 3569//1
f 3571//1 3583//1 3584//1
f 3573//1 3585//1 3571//1
f 3586//1 3571//1 3585//1
f 3571//1 3586//1 3569//1
f 3587//1 3569//1 3586//1
f 3569//1 3587//1 3581//1
f 3584//1 3588//1 3571//1
f 3589//1 3571//1 3588//1
f 3571//1 3589//1 3572//1
f 3590//1 3591//1 3244//1
f 3592//1 3244//1 3591//1
f 3244//1 3592//1 3576//1
f 3593//1 3594//1 3595//1
f 3596//1 3595//1 3594//1
f 3595//1 3596//1 3597//1
f 3598//1 3597//1 3596//1
f 3597//1 3598//1 3582//1
f 3599//1 3582//1 3598//1
f 3582//1 3599//1 3569//1
f 3600//1 3601//1 3593//1
f 3244//1 3602//1 3590//1
f 3603//1 3590//1 3602//1
f 3590//1 3603//1 3593//1
f 3604//1 3593//1 3603//1
f 3593//1 3604//1 3600//1
f 3601//1 3605//1 3593//1
f 3606//1 3593//1 3605//1
f 3593//1 3606//1 3594//1
f 3607//1 3608//1 3245//1
f 3609//1 3245//1 3608//1
f 3245//1 3609//1 3243//1
f 3610//1 3611//1 3612//1
f 3613//1 3612//1 3611//1
f 3610//1 3614//1 3611//1
f 3615//459 3611//459 3614//459
f 3611//1 3615//1 3616//1
f 3617//1 3616//1 3615//1
f 3616//1 3617//1 3245//1
f 3618//1 3245//1 3617//1
f 3245//1 3618//1 3607//1
f 3619//1 3620//1 3616//1
f 3620//1 3621//1 3616//1
f 3622//1 3616//1 3621//1
f 3616//1 3622//1 3623//1
f 3624//1 3625//1 3626//1
f 3627//1 3626//1 3625//1
f 3628//1 3245//1 3629//1
f 3630//1 3629//1 3245//1
f 3629//1 3630//1 3631//1
f 3632//1 3631//1 3630//1
f 3627//1 3633//1 3626//1
f 3634//1 3626//1 3633//1
f 3626//1 3634//1 3635//1
f 3628//1 3636//1 3245//1
f 3637//1 3245//1 3636//1
f 3245//1 3637//1 3638//1
f 3630//1 3639//1 3640//1
f 3638//1 3641//1 3245//1
f 3642//1 3245//1 3641//1
f 3245//1 3642//1 3616//1
f 3643//1 3616//1 3642//1
f 3616//1 3643//1 3619//1
f 3640//1 3644//1 3630//1
f 3645//1 3630//1 3644//1
f 3630//1 3645//1 3632//1
f 3646//1 3647//1 3626//1
f 3648//1 3626//1 3647//1
f 3622//1 3624//1 3623//1
f 3626//1 3623//1 3624//1
f 3623//1 3626//1 3649//1
f 3648//1 3649//1 3626//1
f 3646//1 3626//1 3650//1
f 3651//1 3650//1 3626//1
f 3650//1 3651//1 3652//1
f 3653//1 3654//1 3655//1
f 3656//1 3657//1 3658//1
f 3659//1 3660//1 3661//1
f 3653//1 3655//1 3658//1
f 3662//1 3658//1 3655//1
f 3658//1 3662//1 3656//1
f 3659//1 3661//1 3663//1
f 3661//1 3664//1 3663//1
f 3665//1 3663//1 3664//1
f 3663//1 3665//1 3666//1
f 3667//1 3666//1 3665//1
f 3666//1 3667//1 3657//1
f 3668//1 3657//1 3667//1
f 3657//1 3668//1 3658//1
f 3475//1 3669//1 3449//1
f 3670//1 3449//1 3669//1
f 3449//1 3670//1 3671//1
f 3672//1 3673//1 3674//1
f 3674//1 3675//1 3676//1
f 3677//1 3676//1 3675//1
f 3676//1 3677//1 3678//1
f 3679//1 3678//1 3677//1
f 3678//1 3679//1 3660//1
f 3680//1 3660//1 3679//1
f 3660//1 3680//1 3661//1
f 3458//1 3449//1 3681//1
f 3671//1 3681//1 3449//1
f 3681//1 3671//1 3682//1
f 3683//1 3682//1 3671//1
f 3682//1 3683//1 3684//1
f 3685//1 3684//1 3683//1
f 3684//1 3685//1 3674//1
f 3686//1 3674//1 3685//1
f 3674//1 3686//1 3672//1
f 3673//1 3687//1 3674//1
f 3688//1 3674//1 3687//1
f 3674//1 3688//1 3675//1
f 3689//1 3690//1 3691//1
f 3692//1 3691//1 3690//1
f 3691//1 3692//1 3693//1
f 3694//1 3695//1 3696//1
f 3654//1 3696//1 3695//1
f 3696//1 3654//1 3697//1
f 3694//1 3696//1 3698//1
f 3253//1 3698//1 3696//1
f 3698//1 3253//1 3473//1
f 3264//1 3473//1 3253//1
f 3473//1 3264//1 3474//1
f 3466//1 3699//1 3464//1
f 3700//1 3464//1 3699//1
f 3464//1 3700//1 3473//1
f 3701//1 3473//1 3700//1
f 3473//459 3701//459 3698//459
f 3702//1 3703//1 3704//1
f 3290//1 3289//1 3292//1
f 3705//1 3292//1 3289//1
f 3292//1 3705//1 3706//1
f 3706//1 3707//1 3292//1
f 3702//1 3292//1 3707//1
f 3292//1 3702//1 3708//1
f 3704//1 3708//1 3702//1
f 3709//1 3710//1 3711//1
f 3709//1 3712//1 3710//1
f 3713//1 3710//1 3712//1
f 3710//1 3713//1 3703//1
f 3714//1 3703//1 3713//1
f 3703//1 3714//1 3704//1
f 3711//1 3715//1 3716//1
f 3715//1 3711//1 3717//1
f 3718//1 3717//1 3711//1
f 3717//459 3718//459 3719//459
f 3716//460 3720//460 3711//460
f 3721//1 3711//1 3720//1
f 3711//1 3721//1 3709//1
f 3722//1 3723//1 3251//1
f 3724//1 3251//1 3723//1
f 3251//1 3724//1 3725//1
f 3726//1 3725//1 3724//1
f 3727//1 3728//1 3729//1
f 3730//1 3729//1 3728//1
f 3731//1 3732//1 3733//1
f 3252//1 3254//1 3251//1
f 3253//1 3251//1 3254//1
f 3251//1 3253//1 3722//1
f 3734//1 3722//1 3253//1
f 3735//1 3736//1 3737//1
f 3738//1 3737//1 3736//1
f 3737//1 3738//1 3739//1
f 3731//1 3739//1 3738//1
f 3739//1 3731//1 3740//1
f 3733//1 3740//1 3731//1
f 3724//1 3741//1 3726//1
f 3742//1 3726//1 3741//1
f 3726//1 3742//1 3743//1
f 3744//1 3743//1 3742//1
f 3743//1 3744//1 3745//1
f 3746//1 3745//1 3744//1
f 3745//1 3746//1 3747//1
f 3748//1 3747//1 3746//1
f 3747//1 3748//1 3729//1
f 3749//1 3729//1 3748//1
f 3729//1 3749//1 3727//1
f 3750//1 3751//1 3253//1
f 3752//1 3253//1 3751//1
f 3752//1 3753//1 3253//1
f 3754//1 3253//1 3753//1
f 3253//1 3754//1 3734//1
f 3755//1 3756//1 3757//1
f 3758//1 3757//1 3756//1
f 3757//1 3758//1 3759//1
f 3729//1 3759//1 3758//1
f 3759//1 3729//1 3731//1
f 3730//1 3731//1 3729//1
f 3731//1 3730//1 3732//1
f 3760//462 3761//462 3762//462
f 3760//461 3762//461 3757//461
f 3763//1 3757//1 3762//1
f 3757//1 3763//1 3755//1
f 3764//1 3765//1 3253//1
f 3766//1 3253//1 3765//1
f 3735//1 3750//1 3736//1
f 3253//1 3736//1 3750//1
f 3736//1 3253//1 3767//1
f 3766//1 3767//1 3253//1
f 3764//1 3253//1 3768//1
f 3696//1 3768//1 3253//1
f 3768//1 3696//1 3769//1
f 3697//1 3769//1 3696//1
f 3769//1 3697//1 3770//1
f 3653//1 3652//1 3654//1
f 3651//1 3654//1 3652//1
f 3654//1 3651//1 3697//1
f 3771//1 3697//1 3651//1
f 3697//1 3771//1 3772//1
f 3772//1 3773//1 3697//1
f 3774//1 3697//1 3773//1
f 3697//1 3774//1 3770//1
f 3775//1 3776//1 3777//1
f 3776//1 3778//1 3777//1
f 3779//1 3777//1 3778//1
f 3777//1 3779//1 3780//1
f 3781//1 3782//1 3783//1
f 3784//1 3783//1 3782//1
f 3570//1 3785//1 3571//1
f 3786//1 3571//1 3785//1
f 3571//1 3786//1 3781//1
f 3787//1 3781//1 3786//1
f 3781//1 3787//1 3782//1
f 3554//1 3788//1 3789//1
f 3789//1 3790//1 3554//1
f 3791//1 3554//1 3790//1
f 3554//1 3791//1 3556//1
f 3792//1 3556//1 3791//1
f 3556//1 3792//1 3793//1
f 3794//1 3793//1 3792//1
f 3793//1 3794//1 3795//1
f 3796//1 3795//1 3794//1
f 3795//1 3796//1 3797//1
f 3798//1 3797//1 3796//1
f 3797//1 3798//1 3799//1
f 3800//1 3799//1 3798//1
f 3799//1 3800//1 3567//1
f 3801//1 3567//1 3800//1
f 3567//1 3801//1 3568//1
f 3241//1 3802//1 3242//1
f 3803//1 3242//1 3802//1
f 3242//1 3803//1 3788//1
f 3804//1 3788//1 3803//1
f 3788//1 3804//1 3789//1
f 3805//1 3806//1 3519//1
f 3807//1 3519//1 3806//1
f 3519//1 3807//1 3808//1
f 3809//1 3810//1 3811//1
f 3812//1 3811//1 3810//1
f 3533//1 3534//1 3519//1
f 3490//1 3519//1 3534//1
f 3519//1 3490//1 3805//1
f 3811//1 3805//1 3490//1
f 3805//1 3811//1 3813//1
f 3812//1 3813//1 3811//1
f 3814//1 3809//1 3691//1
f 3811//1 3691//1 3809//1
f 3691//1 3811//1 3689//1
f 3490//1 3689//1 3811//1
f 3689//1 3490//1 3509//1
f 3495//1 3509//1 3490//1
f 3509//1 3495//1 3507//1
f 3815//1 3390//1 3816//1
f 3817//1 3816//1 3390//1
f 3815//1 3818//1 3390//1
f 3819//1 3390//1 3818//1
f 3390//1 3819//1 3820//1
f 3423//1 3422//1 3693//1
f 3390//1 3693//1 3422//1
f 3693//1 3390//1 3691//1
f 3820//1 3691//1 3390//1
f 3691//1 3820//1 3814//1
f 3396//1 3398//1 3390//1
f 3821//1 3390//1 3398//1
f 3390//1 3821//1 3822//1
f 3823//1 3824//1 3825//1
f 3822//1 3826//1 3390//1
f 3827//1 3390//1 3826//1
f 3390//1 3827//1 3817//1
f 3824//1 3817//1 3827//1
f 3817//1 3824//1 3828//1
f 3823//1 3828//1 3824//1
f 3825//1 3829//1 3830//1
f 3830//460 3831//460 3825//460
f 3832//1 3825//1 3831//1
f 3825//1 3832//1 3833//1
f 3833//1 3834//1 3825//1
f 3835//459 3825//459 3834//459
f 3825//1 3835//1 3823//1
f 3836//1 3837//1 3400//1
f 3838//1 3400//1 3837//1
f 3400//460 3838//460 3839//460
f 3840//1 3841//1 3842//1
f 3377//1 3379//1 3400//1
f 3843//1 3400//1 3379//1
f 3400//1 3843//1 3836//1
f 3844//1 3845//1 3379//1
f 3846//1 3379//1 3845//1
f 3379//1 3846//1 3843//1
f 3847//1 3848//1 3849//1
f 3850//1 3851//1 3852//1
f 3853//1 3852//1 3851//1
f 3852//1 3853//1 3854//1
f 3850//1 3855//1 3851//1
f 3856//1 3851//1 3855//1
f 3851//1 3856//1 3841//1
f 3857//1 3841//1 3856//1
f 3841//1 3857//1 3842//1
f 3842//1 3858//1 3840//1
f 3859//1 3840//1 3858//1
f 3840//1 3859//1 3860//1
f 3861//1 3860//1 3859//1
f 3860//1 3861//1 3379//1
f 3862//1 3379//1 3861//1
f 3379//1 3862//1 3844//1
f 3847//1 3849//1 3863//1
f 3864//1 3863//1 3849//1
f 3863//1 3864//1 3865//1
f 3848//1 3847//1 3866//1
f 3867//1 3866//1 3847//1
f 3866//1 3867//1 3838//1
f 3868//1 3838//1 3867//1
f 3838//1 3868//1 3839//1
f 3869//1 3870//1 3871//1
f 3854//1 3853//1 3871//1
f 3872//1 3871//1 3853//1
f 3871//1 3872//1 3869//1
f 3870//1 3873//1 3871//1
f 3874//1 3871//1 3873//1
f 3871//1 3874//1 3875//1
f 3864//1 3876//1 3865//1
f 3871//1 3865//1 3876//1
f 3865//1 3871//1 3877//1
f 3875//1 3877//1 3871//1
f 3878//1 3879//1 3554//1
f 3878//1 3554//1 3880//1
f 3879//1 3881//1 3554//1
f 3882//1 3554//1 3881//1
f 3554//1 3882//1 3788//1
f 3883//1 3788//1 3882//1
f 3788//1 3883//1 3884//1
f 3885//1 3886//1 3248//1
f 3553//1 3560//1 3554//1
f 3887//1 3554//1 3560//1
f 3554//1 3887//1 3880//1
f 3247//1 3522//1 3248//1
f 3888//1 3248//1 3522//1
f 3248//1 3888//1 3885//1
f 3884//1 3889//1 3788//1
f 3890//1 3788//1 3889//1
f 3788//1 3890//1 3891//1
f 3892//1 3893//1 3522//1
f 3886//1 3894//1 3248//1
f 3895//1 3248//1 3894//1
f 3248//1 3895//1 3896//1
f 3896//460 3897//460 3248//460
f 3898//464 3248//464 3897//464
f 3248//1 3898//1 3550//1
f 3558//1 3550//1 3898//1
f 3550//1 3558//1 3566//1
f 3557//1 3566//1 3558//1
f 3566//1 3557//1 3561//1
f 3892//460 3522//460 3899//460
f 3893//1 3900//1 3522//1
f 3901//1 3522//1 3900//1
f 3522//1 3901//1 3888//1
f 3808//1 3240//1 3519//1
f 3242//1 3519//1 3240//1
f 3519//1 3242//1 3522//1
f 3788//1 3522//1 3242//1
f 3522//1 3788//1 3899//1
f 3891//1 3899//1 3788//1
f 3635//1 3639//1 3626//1
f 3630//1 3626//1 3639//1
f 3626//1 3630//1 3651//1
f 3777//1 3651//1 3630//1
f 3651//1 3777//1 3771//1
f 3780//1 3771//1 3777//1
f 3580//1 3583//1 3245//1
f 3571//1 3245//1 3583//1
f 3245//1 3571//1 3630//1
f 3781//1 3630//1 3571//1
f 3630//1 3781//1 3777//1
f 3783//1 3777//1 3781//1
f 3777//1 3783//1 3775//1
f 3784//1 3775//1 3783//1
s 1
f 3902//465 3903//466 3904//8
f 3905//8 3904//8 3903//466
s 0
f 3904//8 3905//8 3906//8
f 3907//8 3906//8 3905//8
f 3906//8 3907//8 3908//8
s 1
f 3909//467 3908//8 3907//8
f 3908//8 3909//467 3910//467
f 3911//468 3912//468 3913//469
f 3910//467 3909//467 3914//470
f 3910//467 3914//470 3915//470
f 3916//471 3915//470 3914//470
f 3915//470 3916//471 3917//471
f 3917//471 3916//471 3918//472
f 3919//472 3918//472 3916//471
s 0
f 3918//473 3919//473 3920//473
s 1
f 3921//474 3920//472 3919//473
f 3920//472 3921//474 3922//474
f 3923//475 3922//474 3921//474
f 3922//474 3923//475 3924//476
f 3925//476 3924//476 3923//475
f 3924//476 3925//476 3926//477
f 3927//478 3926//477 3925//476
f 3926//477 3927//478 3928//478
f 3929//479 3930//480 3931//480
f 3928//478 3927//478 3932//481
f 3933//482 3932//481 3927//478
f 3932//481 3933//482 3934//483
f 3935//484 3934//483 3933//482
f 3934//483 3935//484 3930//480
f 3936//485 3930//480 3935//484
s 0
f 3930//486 3936//487 3931//486
s 1
f 3931//480 3937//479 3929//479
f 3938//488 3929//479 3937//479
f 3929//479 3938//488 3939//489
f 3940//489 3939//489 3938//488
f 3939//489 3940//489 3941//490
f 3912//468 3911//468 3942//2
f 3943//491 3942//2 3911//468
f 3942//2 3943//491 3944//492
f 3945//493 3944//492 3943//491
f 3944//492 3945//493 3946//494
f 3947//495 3946//494 3945//493
f 3946//494 3947//495 3941//490
f 3948//490 3941//490 3947//495
f 3941//490 3948//490 3939//489
f 3949//496 3950//497 3951//498
f 3949//496 3951//498 3952//499
f 3953//500 3952//499 3951//498
f 3952//499 3953//500 3954//500
f 3955//501 3954//500 3953//500
f 3954//500 3955//501 3913//469
f 3956//502 3913//469 3955//501
f 3913//469 3956//502 3911//468
f 3950//497 3949//496 3957//503
f 3958//503 3957//503 3949//496
f 3957//503 3958//503 3959//504
f 3960//504 3959//504 3958//503
f 3959//504 3960//504 3961//505
f 3962//506 3961//505 3960//504
f 3961//505 3962//506 3963//507
f 3962//506 3964//508 3963//507
f 3965//509 3963//507 3964//508
f 3963//507 3965//509 3966//510
f 3967//511 3966//510 3965//509
f 3966//510 3967//511 3968//512
f 3968//512 3967//511 3969//513
f 3970//514 3969//513 3967//511
f 3969//513 3970//514 3971//513
f 3971//513 3970//514 3972//514
f 3973//515 3972//514 3970//514
f 3972//514 3973//515 3974//516
f 3975//516 3974//516 3973//515
f 3974//516 3975//516 3976//517
f 3977//518 3976//517 3975//516
f 3976//517 3977//518 3978//519
f 3977//518 3979//519 3978//519
f 3980//520 3978//519 3979//519
f 3978//519 3980//520 3981//520
f 3981//520 3980//520 3982//521
f 3983//522 3982//521 3980//520
f 3982//521 3983//522 3984//522
f 3985//20 3986//523 3987//523
f 3984//522 3983//522 3988//20
f 3989//20 3988//20 3983//522
s 0
f 3988//20 3989//20 3990//20
f 3985//20 3990//20 3989//20
f 3990//20 3985//20 3991//20
s 1
f 3987//523 3991//20 3985//20
f 3903//466 3902//465 3992//524
f 3993//524 3992//524 3902//465
f 3992//524 3993//524 3994//525
f 3995//525 3994//525 3993//524
f 3994//525 3995//525 2791//313
f 2792//313 2791//313 3995//525
f 2860//367 2859//366 3996//526
f 3997//526 3996//526 2859//366
f 3996//526 3997//526 3998//527
f 3999//527 3998//527 3997//526
f 3998//527 3999//527 3986//523
f 3987//523 3986//523 3999//527
f 4000//528 4001//529 4002//529
f 4002//529 4001//529 4003//530
f 4004//530 4003//530 4001//529
f 4003//530 4004//530 4005//531
f 4006//531 4005//531 4004//530
f 4005//531 4006//531 4007//532
f 4008//533 4007//532 4006//531
f 4007//532 4008//533 4009//533
f 4009//533 4008//533 4010//534
f 4011//534 4010//534 4008//533
f 4010//534 4011//534 4012//466
f 4013//535 4012//466 4011//534
f 4012//466 4013//535 4014//536
f 4014//536 4013//535 4015//537
f 4016//537 4015//537 4013//535
f 4015//537 4016//537 4017//538
f 4018//539 4017//538 4016//537
f 4017//538 4018//539 4019//539
f 4019//539 4018//539 4020//540
f 4021//540 4020//540 4018//539
f 4020//540 4021//540 4022//541
f 4023//542 4022//541 4021//540
f 4022//541 4023//542 4024//543
f 4025//544 4024//543 4023//542
f 4024//543 4025//544 4026//545
f 4026//545 4025//544 4027//546
f 4028//547 4027//546 4025//544
f 4027//546 4028//547 4029//547
f 4029//547 4028//547 4030//548
f 4031//549 4030//548 4028//547
f 4030//548 4031//549 4032//550
f 4031//549 4033//551 4032//550
f 4034//552 4032//550 4033//551
f 4032//550 4034//552 4035//553
f 4036//553 4035//553 4034//552
f 4035//553 4036//553 4037//554
f 4038//555 4037//554 4036//553
f 4039//556 4040//557 4038//555
f 4041//558 4038//555 4040//557
f 4038//555 4041//558 4037//554
f 4042//559 4043//523 4044//560
f 4045//561 4044//560 4043//523
f 4044//560 4045//561 4046//562
f 4047//562 4046//562 4045//561
f 4046//562 4047//562 4048//563
f 4049//563 4048//563 4047//562
f 4048//563 4049//563 4050//564
f 4051//564 4050//564 4049//563
f 4050//564 4051//564 4039//556
f 4052//565 4039//556 4051//564
f 4039//556 4052//565 4040//557
f 4053//566 4054//567 4055//568
f 4056//568 4055//568 4054//567
f 4055//568 4056//568 4057//569
f 4058//569 4057//569 4056//568
f 4057//569 4058//569 4059//570
f 4060//570 4059//570 4058//569
f 4059//570 4060//570 4061//571
f 4062//571 4061//571 4060//570
f 4061//571 4062//571 4042//559
f 4063//559 4042//559 4062//571
f 4042//559 4063//559 4043//523
f 4002//529 4064//572 4000//528
f 4065//528 4000//528 4064//572
f 4000//528 4065//528 4066//573
f 4067//573 4066//573 4065//528
f 4066//573 4067//573 4068//2
f 4069//2 4068//2 4067//573
f 4068//2 4069//2 4070//574
f 4071//574 4070//574 4069//2
f 4070//574 4071//574 4053//566
f 4072//566 4053//566 4071//574
f 4053//566 4072//566 4054//567
s 0
f 4073//1 4074//1 4075//1
f 4076//1 4075//1 4074//1
f 4075//1 4076//1 4077//1
f 4078//1 4077//1 4076//1
f 4077//1 4078//1 4079//1
f 4080//1 4079//1 4078//1
f 4079//1 4080//1 4081//1
f 4082//1 4081//1 4080//1
f 4081//1 4082//1 4083//1
f 4084//1 4083//1 4082//1
f 4083//1 4084//1 4085//1
f 4086//1 4085//1 4084//1
f 4085//1 4086//1 4087//1
f 4088//1 4087//1 4086//1
f 4087//1 4088//1 4089//1
f 4090//1 4089//1 4088//1
f 4089//1 4090//1 4091//1
f 4092//1 4091//1 4090//1
f 4091//1 4092//1 4093//1
f 4094//1 4093//1 4092//1
f 4093//1 4094//1 4095//1
f 4096//1 4095//1 4094//1
f 4095//1 4096//1 4097//1
f 4098//1 4097//1 4096//1
f 4097//1 4098//1 4099//1
f 4100//1 4099//1 4098//1
f 4099//1 4100//1 4101//1
f 4102//1 4101//1 4100//1
f 4101//1 4102//1 4103//1
f 4104//1 4103//1 4102//1
f 4103//1 4104//1 4105//1
f 4104//1 4106//1 4105//1
f 4107//1 4105//1 4106//1
f 4105//1 4107//1 4108//1
f 4109//1 4108//1 4107//1
f 4108//1 4109//1 4110//1
f 4111//1 4110//1 4109//1
f 4110//1 4111//1 4112//1
f 4113//1 4112//1 4111//1
f 4112//1 4113//1 4114//1
f 4115//1 4114//1 4113//1
f 4114//1 4115//1 4116//1
f 4117//1 4116//1 4115//1
f 4116//1 4117//1 4118//1
f 4119//1 4118//1 4117//1
f 4118//1 4119//1 4120//1
f 4121//1 4120//1 4119//1
f 4120//1 4121//1 4122//1
f 4123//1 4122//1 4121//1
f 4122//1 4123//1 4124//1
f 4125//1 4124//1 4123//1
f 4124//1 4125//1 4126//1
f 4127//1 4126//1 4125//1
f 4126//1 4127//1 4128//1
f 4129//1 4128//1 4127//1
f 4128//1 4129//1 4130//1
f 4131//1 4130//1 4129//1
f 4130//1 4131//1 4132//1
f 4133//1 4132//1 4131//1
f 4132//1 4133//1 4134//1
f 4135//1 4134//1 4133//1
f 4134//1 4135//1 4136//1
f 4137//1 4136//1 4135//1
f 4136//1 4137//1 4073//1
f 4138//1 4073//1 4137//1
f 4073//1 4138//1 4074//1
s 1
f 4139//575 4140//576 4141//577
f 4142//578 4143//579 4144//580
f 4145//581 4146//582 4147//583
f 4148//584 4149//585 4150//586
f 4145//581 4151//587 4152//588
f 4153//589 4152//588 4151//587
f 4152//588 4153//589 4154//590
f 4153//589 4155//591 4154//590
f 4156//592 4154//590 4155//591
f 4154//590 4156//592 4157//593
f 4158//594 4157//593 4156//592
f 4157//593 4158//594 4159//595
f 4160//596 4159//595 4158//594
f 4159//595 4160//596 4161//597
f 4162//598 4161//597 4160//596
f 4161//597 4162//598 4163//599
f 4164//600 4165//601 4166//602
f 4166//602 4165//601 4167//603
f 4168//603 4167//603 4165//601
f 4167//603 4168//603 4169//604
f 4170//604 4169//604 4168//603
f 4169//604 4170//604 4171//605
f 4172//606 4171//605 4170//604
f 4171//605 4172//606 4173//607
f 4174//608 4173//607 4172//606
f 4173//607 4174//608 4175//609
f 4150//586 4149//585 4176//610
f 4177//611 4176//610 4149//585
f 4176//610 4177//611 4178//612
f 4179//612 4178//612 4177//611
f 4178//612 4179//612 4180//613
f 4181//613 4180//613 4179//612
f 4180//613 4181//613 4182//614
f 4183//615 4182//614 4181//613
f 4182//614 4183//615 4184//616
f 4166//602 4142//578 4164//600
f 4144//580 4164//600 4142//578
f 4164//600 4144//580 4185//617
f 4186//617 4185//617 4144//580
f 4185//617 4186//617 4187//618
f 4188//618 4187//618 4186//617
f 4187//618 4188//618 4189//10
f 4188//618 4190//10 4189//10
f 4191//619 4189//10 4190//10
f 4189//10 4191//619 4192//620
f 4193//620 4192//620 4191//619
f 4192//620 4193//620 4194//621
f 4193//620 4195//622 4194//621
f 4196//623 4194//621 4195//622
f 4194//621 4196//623 4162//598
f 4197//624 4162//598 4196//623
f 4162//598 4197//624 4163//599
f 4145//581 4147//583 4151//587
f 4198//625 4151//587 4147//583
f 4151//587 4198//625 4199//626
f 4200//626 4199//626 4198//625
f 4199//626 4200//626 4201//627
f 4202//627 4201//627 4200//626
f 4201//627 4202//627 4203//112
f 4204//112 4203//112 4202//627
f 4203//112 4204//112 4205//628
f 4206//628 4205//628 4204//112
f 4205//628 4206//628 4207//629
f 4208//629 4207//629 4206//628
f 4207//629 4208//629 4150//586
f 4209//630 4150//586 4208//629
f 4150//586 4209//630 4148//584
f 4183//615 4139//575 4184//616
f 4141//577 4184//616 4139//575
f 4184//616 4141//577 4210//631
f 4211//631 4210//631 4141//577
f 4210//631 4211//631 4212//632
f 4213//632 4212//632 4211//631
f 4212//632 4213//632 4214//2
f 4215//2 4214//2 4213//632
f 4214//2 4215//2 4216//633
f 4217//633 4216//633 4215//2
f 4216//633 4217//633 4218//634
f 4219//634 4218//634 4217//633
f 4218//634 4219//634 4174//608
f 4220//635 4174//608 4219//634
f 4174//608 4220//635 4175//609
f 4221//636 4222//637 4223//636
f 4224//637 4223//636 4222//637
f 3074//414 3072//414 4225//4
f 4226//4 4225//4 3072//414
f 4225//4 4226//4 4227//5
f 4228//5 4227//5 4226//4
f 4227//5 4228//5 4229//6
f 4230//6 4229//6 4228//5
f 4229//6 4230//6 4231//160
f 4232//7 4231//160 4230//6
f 4231//160 4232//7 4233//8
f 4234//8 4233//8 4232//7
f 4233//8 4234//8 4235//161
f 4236//161 4235//161 4234//8
f 4235//161 4236//161 4237//10
f 4238//10 4237//10 4236//161
f 4237//10 4238//10 4239//30
f 4240//30 4239//30 4238//10
f 4239//30 4240//30 4241//107
f 4242//107 4241//107 4240//30
f 4241//107 4242//107 4243//108
f 4244//108 4243//108 4242//107
f 4243//108 4244//108 4245//14
f 4246//14 4245//14 4244//108
f 4245//14 4246//14 4222//637
f 4224//637 4222//637 4246//14
f 4247//638 4248//638 4249//14
f 4250//14 4249//14 4248//638
f 4249//14 4250//14 4251//109
f 4252//109 4251//109 4250//14
f 4251//109 4252//109 4253//110
f 4254//110 4253//110 4252//109
f 4253//110 4254//110 4255//17
f 4256//17 4255//17 4254//110
f 4255//17 4256//17 4257//112
f 4258//112 4257//112 4256//17
f 4257//112 4258//112 4259//19
f 4260//19 4259//19 4258//112
f 4259//19 4260//19 4261//20
f 4262//20 4261//20 4260//19
f 4261//20 4262//20 4263//21
f 4264//21 4263//21 4262//20
f 4263//21 4264//21 4265//113
f 4266//113 4265//113 4264//21
f 4265//113 4266//113 4267//96
f 4268//96 4267//96 4266//113
f 4267//96 4268//96 4269//26
f 4270//26 4269//26 4268//96
f 4269//26 4270//26 3019//381
f 3021//381 3019//381 4270//26
f 4271//639 4248//638 4272//639
f 4247//638 4272//639 4248//638
f 4221//636 4223//636 4273//640
f 4274//641 4273//640 4223//636
f 4273//640 4274//641 4275//642
f 4276//643 4275//642 4274//641
f 4275//642 4276//643 4277//643
f 4278//644 4277//643 4276//643
f 4277//643 4278//644 4279//644
f 4280//645 4279//644 4278//644
f 4279//644 4280//645 4281//645
f 4282//646 4281//645 4280//645
f 4281//645 4282//646 4283//647
f 3069//412 4283//647 4282//646
f 4283//647 3069//412 3068//411
f 4271//639 4272//639 4284//648
f 4271//639 4284//648 4285//648
f 4286//649 4285//648 4284//648
f 4285//648 4286//649 4287//649
f 4288//650 4287//649 4286//649
f 4287//649 4288//650 4289//650
f 4290//651 4289//650 4288//650
f 4289//650 4290//651 4291//651
f 4292//652 4291//651 4290//651
f 4291//651 4292//652 4293//652
f 3026//385 4293//652 4292//652
f 4293//652 3026//385 3025//385
f 3135//452 3134//451 4294//653
f 3135//452 4294//653 4295//653
f 4296//654 4295//653 4294//653
f 4295//653 4296//654 4297//655
f 4298//656 4297//655 4296//654
f 4297//655 4298//656 4299//657
f 4300//658 4299//657 4298//656
f 4299//657 4300//658 4301//658
f 4302//659 4301//658 4300//658
f 4301//658 4302//659 4303//659
f 3018//660 4303//659 4302//659
f 4303//659 3018//660 3020//660
f 3073//661 4304//662 3071//661
f 4305//663 3071//661 4304//662
f 4304//662 4306//663 4305//663
f 4307//664 4305//663 4306//663
f 4305//663 4307//664 4308//664
f 4309//665 4308//664 4307//664
f 4308//664 4309//665 4310//666
f 4311//667 4310//666 4309//665
f 4310//666 4311//667 4312//667
f 4313//668 4312//667 4311//667
f 4312//667 4313//668 4314//669
f 3075//415 4314//669 4313//668
f 4314//669 3075//415 3077//417
f 4315//14 4316//14 4317//13
f 4318//13 4317//13 4316//14
f 4317//13 4318//13 4319//107
f 4320//107 4319//107 4318//13
f 4319//107 4320//107 4321//11
f 4322//11 4321//11 4320//107
f 4321//11 4322//11 4323//10
f 4324//271 4323//10 4322//11
f 4323//10 4324//271 4325//670
f 4326//670 4325//670 4324//271
f 4325//670 4326//670 4327//8
f 4328//8 4327//8 4326//670
f 4327//8 4328//8 4329//671
f 4330//671 4329//671 4328//8
f 4329//671 4330//671 4331//372
f 4332//6 4331//372 4330//671
f 4331//372 4332//6 4333//106
f 4334//106 4333//106 4332//6
f 4333//106 4334//106 4335//4
f 4336//4 4335//4 4334//106
f 4335//4 4336//4 4337//105
f 4338//105 4337//105 4336//4
f 4337//105 4338//105 4339//2
f 4340//2 4339//2 4338//105
f 4339//2 4340//2 4341//27
f 4342//114 4341//27 4340//2
f 4341//27 4342//114 4343//26
f 4344//26 4343//26 4342//114
f 4343//26 4344//26 4345//96
f 4346//96 4345//96 4344//26
f 4345//96 4346//96 4347//374
f 4348//374 4347//374 4346//96
f 4347//374 4348//374 4349//22
f 4350//21 4349//22 4348//374
f 4349//22 4350//21 4351//20
f 4352//20 4351//20 4350//21
f 4351//20 4352//20 4353//19
f 4354//163 4353//19 4352//20
f 4353//19 4354//163 4355//269
f 4356//269 4355//269 4354//163
f 4355//269 4356//269 4357//17
f 4358//17 4357//17 4356//269
f 4357//17 4358//17 4359//110
f 4360//110 4359//110 4358//17
f 4359//110 4360//110 4361//15
f 4362//109 4361//15 4360//110
f 4361//15 4362//109 4315//14
f 4316//14 4315//14 4362//109
f 4363//14 4364//672 4365//108
f 4366//13 4365//108 4364//672
f 4365//108 4366//13 4367//107
f 4368//107 4367//107 4366//13
f 4367//107 4368//107 4369//30
f 4370//30 4369//30 4368//107
f 4369//30 4370//30 4371//271
f 4372//271 4371//271 4370//30
f 4371//271 4372//271 4373//9
f 4374//161 4373//9 4372//271
f 4373//9 4374//161 4375//8
f 4376//8 4375//8 4374//161
f 4375//8 4376//8 4377//160
f 4378//7 4377//160 4376//8
f 4377//160 4378//7 4379//372
f 4380//372 4379//372 4378//7
f 4379//372 4380//372 4381//5
f 4382//5 4381//5 4380//372
f 4381//5 4382//5 4383//4
f 4384//4 4383//4 4382//5
f 4383//4 4384//4 4385//105
f 4384//4 4386//105 4385//105
f 4387//673 4385//105 4386//105
f 4385//105 4387//673 4388//2
f 4389//674 4388//2 4387//673
f 4388//2 4389//674 4390//114
f 4391//114 4390//114 4389//674
f 4390//114 4391//114 4392//26
f 4393//26 4392//26 4391//114
f 4392//26 4393//26 4394//173
f 4395//173 4394//173 4393//26
f 4394//173 4395//173 4396//113
f 4397//374 4396//113 4395//173
f 4396//113 4397//374 4398//167
f 4399//167 4398//167 4397//374
f 4398//167 4399//167 4400//20
f 4401//20 4400//20 4399//167
f 4400//20 4401//20 4402//675
f 4403//675 4402//675 4401//20
f 4402//675 4403//675 4404//269
f 4405//112 4404//269 4403//675
f 4404//269 4405//112 4406//162
f 4407//162 4406//162 4405//112
f 4406//162 4407//162 4408//110
f 4409//110 4408//110 4407//162
f 4408//110 4409//110 4410//15
f 4411//15 4410//15 4409//110
f 4410//15 4411//15 4363//14
f 4412//676 4363//14 4411//15
f 4363//14 4412//676 4364//672
f 4413//4 4414//4 4415//105
f 4416//105 4415//105 4414//4
f 4415//105 4416//105 4417//2
f 4418//2 4417//2 4416//105
f 4417//2 4418//2 4419//114
f 4420//114 4419//114 4418//2
f 4419//114 4420//114 4421//26
f 4420//114 4422//26 4421//26
f 4423//677 4421//26 4422//26
f 4421//26 4423//677 4424//96
f 4425//678 4424//96 4423//677
f 4424//96 4425//678 4426//113
f 4427//113 4426//113 4425//678
f 4426//113 4427//113 4428//22
f 4429//22 4428//22 4427//113
f 4428//22 4429//22 4430//20
f 4431//20 4430//20 4429//22
f 4430//20 4431//20 4432//163
f 4433//163 4432//163 4431//20
f 4432//163 4433//163 4434//112
f 4435//112 4434//112 4433//163
f 4434//112 4435//112 4436//17
f 4437//17 4436//17 4435//112
f 4436//17 4437//17 4438//110
f 4439//110 4438//110 4437//17
f 4438//110 4439//110 4440//15
f 4441//15 4440//15 4439//110
f 4440//15 4441//15 4442//14
f 4443//14 4442//14 4441//15
f 4442//14 4443//14 4444//13
f 4445//13 4444//13 4443//14
f 4444//13 4445//13 4446//107
f 4447//107 4446//107 4445//13
f 4446//107 4447//107 4448//30
f 4449//30 4448//30 4447//107
f 4448//30 4449//30 4450//10
f 4451//10 4450//10 4449//30
f 4450//10 4451//10 4452//9
f 4453//9 4452//9 4451//10
f 4452//9 4453//9 4454//8
f 4455//8 4454//8 4453//9
f 4454//8 4455//8 4456//7
f 4457//7 4456//7 4455//8
f 4456//7 4457//7 4458//6
f 4459//6 4458//6 4457//7
f 4458//6 4459//6 4460//5
f 4461//679 4460//5 4459//6
f 4460//5 4461//679 4413//4
f 4462//680 4413//4 4461//679
f 4413//4 4462//680 4414//4
f 4463//681 4464//681 4465//27
f 4466//27 4465//27 4464//681
f 4465//27 4466//27 4467//2
f 4466//27 4468//674 4467//2
f 4469//673 4467//2 4468//674
f 4467//2 4469//673 4470//3
f 4471//3 4470//3 4469//673
f 4470//3 4471//3 4472//4
f 4473//4 4472//4 4471//3
f 4472//4 4473//4 4474//5
f 4475//5 4474//5 4473//4
f 4474//5 4475//5 4476//6
f 4477//6 4476//6 4475//5
f 4476//6 4477//6 4478//160
f 4479//160 4478//160 4477//6
f 4478//160 4479//160 4480//8
f 4481//8 4480//8 4479//160
f 4480//8 4481//8 4482//161
f 4483//161 4482//161 4481//8
f 4482//161 4483//161 4484//10
f 4485//10 4484//10 4483//161
f 4484//10 4485//10 4486//30
f 4487//30 4486//30 4485//10
f 4486//30 4487//30 4488//682
f 4489//682 4488//682 4487//30
f 4464//681 4463//681 4490//683
f 4491//684 4490//683 4463//681
f 4490//683 4491//684 4492//684
f 4493//107 4494//685 4495//685
f 4493//107 4495//685 4496//107
f 4488//682 4496//107 4495//685
f 4496//107 4488//682 4489//682
s 0
f 4497//1 4498//1 4499//1
f 4500//1 4499//1 4498//1
f 4499//1 4500//1 4501//1
f 4502//1 4503//1 4504//1
f 4505//1 4504//1 4503//1
f 4506//1 4507//1 4502//1
f 4508//1 4502//1 4507//1
f 4502//1 4508//1 4503//1
f 4509//1 4499//1 4510//1
f 4504//1 4510//1 4499//1
f 4510//1 4504//1 4511//1
f 4505//1 4511//1 4504//1
f 4497//1 4499//1 4512//1
f 4509//1 4512//1 4499//1
f 4512//1 4509//1 4513//1
f 4514//1 4513//1 4509//1
f 4513//1 4514//1 4515//1
f 4506//458 4516//458 4517//458
f 4518//1 4519//1 4520//1
f 4521//1 4520//1 4519//1
f 4520//1 4521//1 4522//1
f 4507//1 4522//1 4521//1
f 4522//1 4507//1 4523//1
f 4506//1 4523//1 4507//1
f 4523//1 4506//1 4524//1
f 4517//1 4524//1 4506//1
f 4514//1 4525//1 4515//1
f 4526//1 4515//1 4525//1
f 4515//1 4526//1 4527//1
f 4528//1 4527//1 4526//1
f 4527//1 4528//1 4529//1
f 4530//1 4529//1 4528//1
f 4529//1 4530//1 4531//1
f 4532//1 4531//1 4530//1
f 4531//1 4532//1 4533//1
f 4534//1 4533//1 4532//1
f 4533//1 4534//1 4535//1
f 4536//1 4535//1 4534//1
f 4535//1 4536//1 4537//1
f 4538//1 4537//1 4536//1
f 4537//1 4538//1 4539//1
f 4540//1 4539//1 4538//1
f 4539//1 4540//1 4541//1
f 4542//1 4541//1 4540//1
f 4541//1 4542//1 4543//1
f 4544//1 4543//1 4542//1
f 4543//1 4544//1 4545//1
f 4546//1 4545//1 4544//1
f 4545//1 4546//1 4547//1
f 4548//1 4547//1 4546//1
f 4547//1 4548//1 4518//1
f 4549//1 4518//1 4548//1
f 4518//1 4549//1 4519//1
f 4550//460 4551//460 4552//460
f 4553//1 4550//1 4554//1
f 4555//1 4556//1 4557//1
f 4557//1 4556//1 4558//1
f 4559//1 4558//1 4556//1
f 4558//1 4559//1 4560//1
f 4561//1 4560//1 4559//1
f 4560//1 4561//1 4562//1
f 4563//1 4562//1 4561//1
f 4562//1 4563//1 4564//1
f 4565//1 4564//1 4563//1
f 4564//1 4565//1 4566//1
f 4567//1 4566//1 4565//1
f 4566//1 4567//1 4568//1
f 4569//1 4568//1 4567//1
f 4568//1 4569//1 4570//1
f 4571//1 4570//1 4569//1
f 4570//1 4571//1 4572//1
f 4573//1 4572//1 4571//1
f 4572//1 4573//1 4574//1
f 4575//1 4574//1 4573//1
f 4574//1 4575//1 4576//1
f 4577//1 4576//1 4575//1
f 4576//1 4577//1 4578//1
f 4579//1 4578//1 4577//1
f 4578//1 4579//1 4580//1
f 4581//1 4582//1 4583//1
f 4553//1 4583//1 4582//1
f 4583//1 4553//1 4584//1
f 4554//1 4584//1 4553//1
f 4585//461 4586//461 4587//461
f 4557//1 4588//1 4555//1
f 4589//1 4555//1 4588//1
f 4555//1 4589//1 4590//1
f 4591//1 4590//1 4589//1
f 4590//1 4591//1 4592//1
f 4554//1 4592//1 4591//1
f 4592//1 4554//1 4593//1
f 4550//1 4593//1 4554//1
f 4593//1 4550//1 4594//1
f 4552//1 4594//1 4550//1
f 4595//1 4587//1 4596//1
f 4582//1 4596//1 4587//1
f 4596//1 4582//1 4597//1
f 4581//1 4597//1 4582//1
f 4585//1 4587//1 4598//1
f 4580//1 4579//1 4599//1
f 4600//1 4599//1 4579//1
f 4599//1 4600//1 4595//1
f 4601//1 4595//1 4600//1
f 4595//1 4601//1 4587//1
f 4602//1 4587//1 4601//1
f 4587//1 4602//1 4598//1
f 4603//686 4604//687 4605//686
f 4606//687 4605//686 4604//687
s 1
f 4607//688 4608//688 4609//110
f 4607//688 4609//110 4610//689
f 4611//110 4610//689 4609//110
f 4610//689 4611//110 4612//689
f 4610//689 4612//689 4613//17
f 4614//17 4613//17 4612//689
f 4613//17 4614//17 4615//112
f 4614//17 4616//112 4615//112
f 4617//690 4615//112 4616//112
f 4615//112 4617//690 4618//19
f 4619//19 4618//19 4617//690
f 4618//19 4619//19 4620//20
f 4621//20 4620//20 4619//19
f 4620//20 4621//20 4622//21
f 4621//20 4623//21 4622//21
f 4624//449 4622//21 4623//21
f 4622//21 4624//449 4625//113
f 4626//113 4625//113 4624//449
f 4625//113 4626//113 4627//96
f 4628//96 4627//96 4626//113
f 4627//96 4628//96 4629//26
f 4630//26 4629//26 4628//96
f 4629//26 4630//26 4631//27
f 4630//26 4632//27 4631//27
f 4633//268 4631//27 4632//27
f 4631//27 4633//268 4634//2
f 4635//691 4634//2 4633//268
f 4634//2 4635//691 4636//3
f 4637//3 4636//3 4635//691
f 4636//3 4637//3 4604//692
f 4606//692 4604//692 4637//3
s 0
f 4638//1 4639//1 4640//1
f 4641//1 4642//1 4643//1
f 4638//1 4643//1 4642//1
f 4643//1 4638//1 4644//1
f 4640//1 4644//1 4638//1
f 4645//1 4646//1 4647//1
f 4639//1 4648//1 4649//1
f 4641//1 4650//1 4642//1
f 4651//1 4642//1 4650//1
f 4642//1 4651//1 4652//1
f 4653//1 4652//1 4651//1
f 4647//1 4646//1 4654//1
f 4655//1 4654//1 4646//1
f 4654//1 4655//1 4656//1
f 4657//1 4656//1 4655//1
f 4656//1 4657//1 4658//1
f 4659//1 4658//1 4657//1
f 4658//1 4659//1 4660//1
f 4661//1 4660//1 4659//1
f 4660//1 4661//1 4662//1
f 4663//1 4662//1 4661//1
f 4662//1 4663//1 4664//1
f 4665//1 4664//1 4663//1
f 4664//1 4665//1 4666//1
f 4667//1 4666//1 4665//1
f 4666//1 4667//1 4668//1
f 4669//1 4668//1 4667//1
f 4668//1 4669//1 4670//1
f 4671//1 4670//1 4669//1
f 4670//1 4671//1 4672//1
f 4673//1 4672//1 4671//1
f 4672//1 4673//1 4674//1
f 4675//1 4674//1 4673//1
f 4674//1 4675//1 4676//1
f 4677//1 4652//1 4678//1
f 4679//1 4678//1 4652//1
f 4647//1 4680//1 4645//1
f 4681//1 4645//1 4680//1
f 4645//1 4681//1 4682//1
f 4683//1 4682//1 4681//1
f 4682//1 4683//1 4684//1
f 4640//1 4684//1 4683//1
f 4684//1 4640//1 4685//1
f 4639//1 4685//1 4640//1
f 4685//1 4639//1 4686//1
f 4649//1 4686//1 4639//1
f 4676//1 4675//1 4687//1
f 4688//1 4687//1 4675//1
f 4687//1 4688//1 4653//1
f 4689//1 4653//1 4688//1
f 4653//1 4689//1 4652//1
f 4690//1 4652//1 4689//1
f 4652//1 4690//1 4679//1
f 4691//693 4692//694 4693//693
f 4694//694 4693//693 4692//694
f 4695//695 4696//696 4697//695
f 4698//696 4697//695 4696//696
s 1
f 4698//696 4696//696 4699//9
f 4700//9 4699//9 4696//696
f 4699//9 4700//9 4701//10
f 4702//10 4701//10 4700//9
f 4701//10 4702//10 4703//30
f 4702//10 4704//30 4703//30
f 4705//697 4703//30 4704//30
f 4703//30 4705//697 4706//107
f 4707//107 4706//107 4705//697
f 4706//107 4707//107 4708//108
f 4709//108 4708//108 4707//107
f 4708//108 4709//108 4710//14
f 4711//14 4710//14 4709//108
f 4710//14 4711//14 4712//109
f 4713//109 4712//109 4711//14
f 4712//109 4713//109 4714//110
f 4715//110 4714//110 4713//109
f 4714//110 4715//110 4716//17
f 4715//110 4717//698 4716//17
f 4718//17 4716//17 4717//698
f 4716//17 4718//17 4719//112
f 4720//112 4719//112 4718//17
f 4719//112 4720//112 4721//163
f 4722//163 4721//163 4720//112
f 4721//163 4722//163 4692//694
f 4694//694 4692//694 4722//163
s 0
f 4723//699 4724//699 4725//699
f 4726//1 4727//1 4728//1
f 4725//459 4729//459 4723//459
f 4730//1 4723//1 4729//1
f 4723//1 4730//1 4731//1
f 4731//1 4732//1 4723//1
f 4733//1 4723//1 4732//1
f 4723//1 4733//1 4726//1
f 4734//1 4726//1 4733//1
f 4726//1 4734//1 4727//1
f 4736//1 5725//1 4735//1
f 4730//1 4736//1 4731//1
f 4737//700 4738//700 4726//700
f 4739//1 4740//1 4741//1
f 4742//1 4741//1 4740//1
f 4741//1 4742//1 4743//1
f 4735//1 4743//1 4742//1
f 4743//1 4735//1 4744//1
f 5725//1 4744//1 4735//1
f 4745//1 4746//1 4747//1
f 4748//1 4747//1 4746//1
f 4747//1 4748//1 4749//1
f 4750//1 4749//1 4748//1
f 4749//1 4750//1 4751//1
f 4752//1 4751//1 4750//1
f 4751//1 4752//1 4753//1
f 4754//1 4753//1 4752//1
f 4753//1 4754//1 4755//1
f 4756//1 4755//1 4754//1
f 4755//1 4756//1 4757//1
f 4758//1 4757//1 4756//1
f 4757//1 4758//1 4759//1
f 4760//1 4759//1 4758//1
f 4759//1 4760//1 4761//1
f 4762//1 4761//1 4760//1
f 4761//1 4762//1 4763//1
f 4764//1 4763//1 4762//1
f 4763//1 4764//1 4765//1
f 4766//1 4765//1 4764//1
f 4765//1 4766//1 4767//1
f 4768//1 4767//1 4766//1
f 4767//1 4768//1 4739//1
f 4769//1 4739//1 4768//1
f 4739//1 4769//1 4740//1
f 4770//1 4771//1 4726//1
f 4772//1 4726//1 4771//1
f 4772//1 4773//1 4726//1
f 4774//1 4726//1 4773//1
f 4726//460 4774//460 4737//460
f 4770//1 4726//1 4775//1
f 4728//1 4775//1 4726//1
f 4775//1 4728//1 4745//1
f 4776//1 4745//1 4728//1
f 4745//1 4776//1 4746//1
s 1
f 4777//701 4778//701 4779//2
f 4780//702 4779//2 4778//701
f 4779//2 4780//702 4781//703
f 4782//704 4783//704 4784//14
f 4785//705 4784//14 4783//704
f 4784//14 4785//705 4786//705
f 4778//701 4777//701 4787//3
f 4788//3 4787//3 4777//701
f 4787//3 4788//3 4789//4
f 4790//4 4789//4 4788//3
f 4789//4 4790//4 4791//5
f 4792//5 4791//5 4790//4
f 4791//5 4792//5 4793//6
f 4792//5 4794//6 4793//6
f 4795//706 4793//6 4794//6
f 4793//6 4795//706 4796//7
f 4797//707 4796//7 4795//706
f 4796//7 4797//707 4798//8
f 4799//8 4798//8 4797//707
f 4798//8 4799//8 4800//9
f 4799//8 4801//708 4800//9
f 4802//709 4800//9 4801//708
f 4800//9 4802//709 4803//10
f 4804//10 4803//10 4802//709
f 4803//10 4804//10 4805//30
f 4806//30 4805//30 4804//10
f 4805//30 4806//30 4807//107
f 4808//107 4807//107 4806//30
f 4807//107 4808//107 4809//108
f 4810//108 4809//108 4808//107
f 4809//108 4810//108 4785//705
f 4786//705 4785//705 4810//108
f 4811//710 4812//710 4813//7
f 4814//7 4813//7 4812//710
f 4813//7 4814//7 4815//8
f 4816//8 4815//8 4814//7
f 4815//8 4816//8 4817//9
f 4818//9 4817//9 4816//8
f 4817//9 4818//9 4819//10
f 4820//10 4819//10 4818//9
f 4819//10 4820//10 4821//30
f 4822//30 4821//30 4820//10
f 4821//30 4822//30 4823//107
f 4824//107 4823//107 4822//30
f 4823//107 4824//107 4825//13
f 4824//107 4826//108 4825//13
f 4827//711 4825//13 4826//108
f 4825//13 4827//711 4828//14
f 4829//228 4828//14 4827//711
f 4828//14 4829//228 4830//15
f 4831//15 4830//15 4829//228
f 4830//15 4831//15 4832//110
f 4833//110 4832//110 4831//15
f 4832//110 4833//110 4834//17
f 4835//17 4834//17 4833//110
f 4834//17 4835//17 4836//712
f 4837//713 4836//712 4835//17
f 4838//714 4839//714 4840//112
f 4836//712 4840//112 4839//714
f 4840//112 4836//712 4841//18
f 4837//713 4841//18 4836//712
f 4842//715 4812//710 4843//716
f 4811//710 4843//716 4812//710
s 0
f 4844//1 4845//1 4846//1
f 4847//717 4848//717 4849//717
f 4850//459 4851//459 4852//459
f 4853//1 4852//1 4851//1
f 4852//1 4853//1 4854//1
f 4846//1 4845//1 4855//1
f 4856//1 4855//1 4845//1
f 4855//1 4856//1 4857//1
f 4858//1 4857//1 4856//1
f 4857//460 4858//460 4859//460
f 4860//1 4849//1 4861//1
f 4852//1 4861//1 4849//1
f 4861//1 4852//1 4862//1
f 4854//1 4862//1 4852//1
f 4862//1 4863//1 4858//1
f 4858//459 4863//459 4859//459
f 4844//1 4846//1 4864//1
f 4865//1 4864//1 4846//1
f 4864//1 4865//1 4866//1
f 4867//1 4866//1 4865//1
f 4866//1 4867//1 4868//1
f 4869//1 4868//1 4867//1
f 4868//1 4869//1 4870//1
f 4871//1 4870//1 4869//1
f 4870//1 4871//1 4872//1
f 4873//1 4872//1 4871//1
f 4872//1 4873//1 4874//1
f 4875//1 4874//1 4873//1
f 4874//1 4875//1 4876//1
f 4877//1 4876//1 4875//1
f 4876//1 4877//1 4878//1
f 4879//1 4878//1 4877//1
f 4878//1 4879//1 4880//1
f 4881//1 4880//1 4879//1
f 4880//1 4881//1 4882//1
f 4883//1 4882//1 4881//1
f 4882//1 4883//1 4884//1
f 4885//1 4884//1 4883//1
f 4884//1 4885//1 4886//1
f 4887//1 4886//1 4885//1
f 4886//1 4887//1 4888//1
f 4860//1 4889//1 4849//1
f 4890//1 4849//1 4889//1
f 4849//1 4890//1 4891//1
f 4888//1 4887//1 4892//1
f 4893//1 4892//1 4887//1
f 4892//1 4893//1 4891//1
f 4894//1 4891//1 4893//1
f 4891//1 4894//1 4895//1
f 4895//1 5722//1 4891//1
f 5722//1 4849//1 4891//1
f 4897//1 4849//1 4896//1
f 4849//1 4897//1 4847//1
s 1
f 4898//7 4899//718 4900//8
f 4901//8 4900//8 4899//718
f 4900//8 4901//8 4902//9
f 4903//719 4902//9 4901//8
f 4903//719 4904//720 4902//9
f 4905//9 4902//9 4904//720
f 4902//9 4905//9 4906//10
f 4907//10 4906//10 4905//9
f 4906//10 4907//10 4908//30
f 4909//30 4908//30 4907//10
f 4908//30 4909//30 4910//107
f 4911//107 4910//107 4909//30
f 4910//107 4911//107 4912//108
f 4913//108 4912//108 4911//107
f 4912//108 4913//108 4914//14
f 4913//108 4915//14 4914//14
f 4916//227 4914//14 4915//14
f 4914//14 4916//227 4917//109
f 4918//109 4917//109 4916//227
f 4917//109 4918//109 4919//110
f 4920//110 4919//110 4918//109
f 4919//110 4920//110 4921//17
f 4922//17 4921//17 4920//110
f 4921//17 4922//17 4923//112
f 4924//112 4923//112 4922//17
f 4923//112 4924//112 4925//163
f 4924//112 4926//163 4925//163
f 4927//721 4925//163 4926//163
f 4925//163 4927//721 4928//20
f 4929//20 4928//20 4927//721
f 4928//20 4929//20 4930//22
f 4931//22 4930//22 4929//20
f 4930//22 4931//22 4932//113
f 4933//113 4932//113 4931//22
f 4932//113 4933//113 4934//96
f 4935//96 4934//96 4933//113
f 4934//96 4935//96 4936//26
f 4937//26 4936//26 4935//96
f 4936//26 4937//26 4938//114
f 4937//26 4939//27 4938//114
f 4940//222 4938//114 4939//27
f 4938//114 4940//222 4941//2
f 4942//674 4941//2 4940//222
f 4941//2 4942//674 4943//105
f 4944//105 4943//105 4942//674
f 4943//105 4944//105 4945//4
f 4946//4 4945//4 4944//105
f 4945//4 4946//4 4947//5
f 4948//5 4947//5 4946//4
f 4947//5 4948//5 4949//6
f 4950//6 4949//6 4948//5
f 4949//6 4950//6 4898//7
f 4951//7 4898//7 4950//6
f 4898//7 4951//7 4899//718
s 0
f 4952//1 4953//1 4954//1
f 4955//1 4954//1 4953//1
f 4954//1 4955//1 4956//1
f 4957//1 4956//1 4955//1
f 4956//1 4957//1 4958//1
f 4959//1 4958//1 4957//1
f 4958//1 4959//1 4960//1
f 4961//1 4960//1 4959//1
f 4960//1 4961//1 4962//1
f 4963//1 4962//1 4961//1
f 4962//1 4963//1 4964//1
f 4965//1 4964//1 4963//1
f 4964//1 4965//1 4966//1
f 4967//1 4966//1 4965//1
f 4966//1 4967//1 4968//1
f 4969//1 4968//1 4967//1
f 4968//1 4969//1 4970//1
f 4971//1 4970//1 4969//1
f 4970//1 4971//1 4972//1
f 4973//1 4972//1 4971//1
f 4972//1 4973//1 4974//1
f 4975//1 4974//1 4973//1
f 4974//1 4975//1 4976//1
f 4977//1 4976//1 4975//1
f 4976//1 4977//1 4978//1
f 4979//1 4978//1 4977//1
f 4978//1 4979//1 4980//1
f 4981//1 4980//1 4979//1
f 4980//1 4981//1 4982//1
f 4983//1 4982//1 4981//1
f 4982//1 4983//1 4984//1
f 4985//1 4984//1 4983//1
f 4984//1 4985//1 4986//1
f 4987//1 4986//1 4985//1
f 4986//1 4987//1 4988//1
f 4989//1 4988//1 4987//1
f 4988//1 4989//1 4990//1
f 4991//1 4990//1 4989//1
f 4990//1 4991//1 4992//1
f 4993//1 4992//1 4991//1
f 4992//1 4993//1 4994//1
f 4995//1 4994//1 4993//1
f 4994//1 4995//1 4996//1
f 4997//1 4996//1 4995//1
f 4996//1 4997//1 4998//1
f 4999//1 4998//1 4997//1
f 4998//1 4999//1 4952//1
f 4953//1 4952//1 4999//1
s 1
f 5000//8 5001//371 5002//9
f 5003//9 5002//9 5001//371
f 5002//9 5003//9 5004//10
f 5005//10 5004//10 5003//9
f 5004//10 5005//10 5006//30
f 5007//30 5006//30 5005//10
f 5006//30 5007//30 5008//107
f 5009//107 5008//107 5007//30
f 5008//107 5009//107 5010//108
f 5009//107 5011//108 5010//108
f 5012//672 5010//108 5011//108
f 5010//108 5012//672 5013//14
f 5014//14 5013//14 5012//672
f 5013//14 5014//14 5015//109
f 5016//109 5015//109 5014//14
f 5015//109 5016//109 5017//110
f 5018//110 5017//110 5016//109
f 5017//110 5018//110 5019//17
f 5020//17 5019//17 5018//110
f 5019//17 5020//17 5021//112
f 5022//163 5023//163 5024//722
f 5021//112 5024//722 5023//163
f 5024//722 5021//112 5025//112
f 5020//17 5025//112 5021//112
f 5022//163 5026//723 5023//163
f 5027//724 5023//163 5026//723
f 5023//163 5027//724 5028//20
f 5027//724 5029//20 5028//20
f 5030//725 5028//20 5029//20
f 5028//20 5030//725 5031//22
f 5030//725 5032//22 5031//22
f 5033//208 5031//22 5032//22
f 5031//22 5033//208 5034//113
f 5035//23 5034//113 5033//208
f 5034//113 5035//23 5036//96
f 5037//96 5036//96 5035//23
f 5036//96 5037//96 5038//26
f 5039//26 5038//26 5037//96
f 5038//26 5039//26 5040//114
f 5041//114 5040//114 5039//26
f 5040//114 5041//114 5042//2
f 5041//114 5043//691 5042//2
f 5044//726 5042//2 5043//691
f 5042//2 5044//726 5045//105
f 5046//3 5045//105 5044//726
f 5045//105 5046//3 5047//4
f 5048//4 5047//4 5046//3
f 5047//4 5048//4 5049//5
f 5050//5 5049//5 5048//4
f 5049//5 5050//5 5051//6
f 5052//6 5051//6 5050//5
f 5051//6 5052//6 5053//7
f 5054//7 5053//7 5052//6
f 5053//7 5054//7 5000//8
f 5055//8 5000//8 5054//7
f 5000//8 5055//8 5001//371
s 0
f 5056//1 5057//1 5058//1
f 5059//1 5058//1 5057//1
f 5058//1 5059//1 5060//1
f 5061//1 5060//1 5059//1
f 5060//1 5061//1 5062//1
f 5063//1 5062//1 5061//1
f 5062//1 5063//1 5064//1
f 5065//1 5064//1 5063//1
f 5064//1 5065//1 5066//1
f 5067//1 5066//1 5065//1
f 5066//1 5067//1 5068//1
f 5069//1 5068//1 5067//1
f 5068//1 5069//1 5070//1
f 5071//1 5070//1 5069//1
f 5070//1 5071//1 5072//1
f 5073//1 5072//1 5071//1
f 5072//1 5073//1 5074//1
f 5075//1 5074//1 5073//1
f 5074//1 5075//1 5076//1
f 5077//1 5076//1 5075//1
f 5076//1 5077//1 5078//1
f 5079//1 5078//1 5077//1
f 5078//1 5079//1 5080//1
f 5081//1 5080//1 5079//1
f 5080//1 5081//1 5082//1
f 5083//1 5082//1 5081//1
f 5082//1 5083//1 5084//1
f 5085//1 5084//1 5083//1
f 5084//1 5085//1 5086//1
f 5087//1 5086//1 5085//1
f 5086//1 5087//1 5088//1
f 5089//1 5088//1 5087//1
f 5088//1 5089//1 5090//1
f 5091//1 5090//1 5089//1
f 5090//1 5091//1 5092//1
f 5093//1 5092//1 5091//1
f 5092//1 5093//1 5094//1
f 5095//1 5094//1 5093//1
f 5094//1 5095//1 5096//1
f 5097//1 5096//1 5095//1
f 5096//1 5097//1 5098//1
f 5099//1 5098//1 5097//1
f 5098//1 5099//1 5100//1
f 5101//1 5100//1 5099//1
f 5100//1 5101//1 5102//1
f 5103//1 5102//1 5101//1
f 5102//1 5103//1 5056//1
f 5057//1 5056//1 5103//1
s 1
f 5104//727 5105//727 5106//109
f 5107//109 5106//109 5105//727
f 5106//109 5107//109 5108//110
f 5109//110 5108//110 5107//109
f 5108//110 5109//110 5110//17
f 5111//17 5110//17 5109//110
f 5110//17 5111//17 5112//112
f 5111//17 5113//112 5112//112
f 5114//728 5112//112 5113//112
f 5112//112 5114//728 5115//163
f 5116//729 5115//163 5114//728
f 5115//163 5116//729 5117//20
f 5118//20 5117//20 5116//729
f 5117//20 5118//20 5119//22
f 5118//20 5120//730 5119//22
f 5121//731 5119//22 5120//730
f 5119//22 5121//731 5122//113
f 5123//113 5122//113 5121//731
f 5122//113 5123//113 5124//96
f 5125//96 5124//96 5123//113
f 5124//96 5125//96 5126//26
f 5127//26 5126//26 5125//96
f 5126//26 5127//26 5128//27
f 5129//27 5128//27 5127//26
f 5128//27 5129//27 5130//732
f 5131//732 5130//732 5129//27
f 5132//733 5130//732 5133//734
f 5131//732 5133//734 5130//732
f 5134//735 5105//727 5135//735
f 5104//727 5135//735 5105//727
s 0
f 5136//1 5137//1 5138//1
f 5139//1 5140//1 5141//1
f 5142//699 5143//699 5144//699
f 5145//1 5146//1 5141//1
f 5147//460 5141//460 5146//460
f 5141//462 5147//462 5148//462
f 5138//1 5137//1 5149//1
f 5150//1 5149//1 5137//1
f 5149//1 5150//1 5151//1
f 5152//1 5151//1 5150//1
f 5151//1 5152//1 5153//1
f 5154//1 5153//1 5152//1
f 5153//1 5154//1 5155//1
f 5156//1 5155//1 5154//1
f 5155//1 5156//1 5157//1
f 5158//1 5157//1 5156//1
f 5157//1 5158//1 5159//1
f 5160//1 5159//1 5158//1
f 5159//1 5160//1 5161//1
f 5162//1 5161//1 5160//1
f 5161//1 5162//1 5163//1
f 5164//1 5163//1 5162//1
f 5163//1 5164//1 5165//1
f 5166//1 5165//1 5164//1
f 5165//1 5166//1 5167//1
f 5168//1 5167//1 5166//1
f 5167//1 5168//1 5169//1
f 5170//1 5169//1 5168//1
f 5169//1 5170//1 5171//1
f 5136//1 5138//1 5172//1
f 5173//1 5172//1 5138//1
f 5172//1 5173//1 5174//1
f 5175//460 5174//460 5173//460
f 5174//1 5175//1 5176//1
f 5170//1 5177//1 5171//1
f 5178//1 5171//1 5177//1
f 5171//1 5178//1 5179//1
f 5180//1 5179//1 5178//1
f 5179//1 5180//1 5181//1
f 5144//459 5182//459 5142//459
f 5183//1 5142//1 5182//1
f 5142//1 5183//1 5184//1
f 5176//458 5724//458 5174//458
f 5724//1 5185//1 5174//1
f 5141//1 5185//1 5145//1
f 5185//1 5141//1 5186//1
f 5140//1 5186//1 5141//1
f 5139//1 5141//1 5187//1
f 5142//1 5187//1 5141//1
f 5187//1 5142//1 5188//1
f 5184//1 5188//1 5142//1
f 5188//1 5184//1 5180//1
f 5189//461 5180//461 5184//461
f 5180//1 5189//1 5181//1
s 1
f 5190//736 5191//736 5192//30
f 5193//30 5192//30 5191//736
f 5192//30 5193//30 5194//107
f 5195//107 5194//107 5193//30
f 5194//107 5195//107 5196//13
f 5197//13 5196//13 5195//107
f 5196//13 5197//13 5198//14
f 5197//13 5199//676 5198//14
f 5200//737 5198//14 5199//676
f 5198//14 5200//737 5201//15
f 5202//109 5201//15 5200//737
f 5201//15 5202//109 5203//110
f 5204//110 5203//110 5202//109
f 5203//110 5204//110 5205//17
f 5206//17 5205//17 5204//110
f 5205//17 5206//17 5207//112
f 5208//112 5207//112 5206//17
f 5207//112 5208//112 5209//163
f 5210//163 5209//163 5208//112
f 5209//163 5210//163 5211//20
f 5212//20 5211//20 5210//163
f 5211//20 5212//20 5213//22
f 5214//22 5213//22 5212//20
f 5213//22 5214//22 5215//738
f 5216//738 5215//738 5214//22
f 5217//739 5215//738 5218//740
f 5216//738 5218//740 5215//738
f 5191//736 5190//736 5219//10
f 5220//741 5219//10 5190//736
f 5219//10 5220//741 5221//742
s 0
f 5222//461 5223//461 5224//461
f 5225//1 5226//1 5227//1
f 5228//1 5229//1 5227//1
f 5230//1 5227//1 5229//1
f 5227//1 5230//1 5231//1
f 5227//1 5226//1 5224//1
f 5226//1 5232//1 5224//1
f 5233//1 5224//1 5232//1
f 5224//1 5233//1 5234//1
f 5235//1 5236//1 5237//1
f 5238//1 5239//1 5240//1
f 5241//1 5240//1 5239//1
f 5240//1 5241//1 5242//1
f 5225//1 5227//1 5243//1
f 5231//1 5243//1 5227//1
f 5243//1 5245//1 5244//1
f 5244//1 5245//1 5241//1
f 5246//1 5241//1 5245//1
f 5241//1 5246//1 5242//1
f 5247//461 5723//461 5234//461
f 5723//1 5224//1 5234//1
f 5249//1 5224//1 5248//1
f 5224//1 5249//1 5222//1
f 5237//1 5236//1 5234//1
f 5250//1 5234//1 5236//1
f 5234//459 5250//459 5247//459
f 5237//1 5251//1 5235//1
f 5252//1 5235//1 5251//1
f 5235//1 5252//1 5253//1
f 5254//1 5253//1 5252//1
f 5253//1 5254//1 5255//1
f 5256//1 5255//1 5254//1
f 5255//1 5256//1 5257//1
f 5258//1 5257//1 5256//1
f 5257//1 5258//1 5259//1
f 5260//1 5259//1 5258//1
f 5259//1 5260//1 5261//1
f 5262//1 5261//1 5260//1
f 5261//1 5262//1 5263//1
f 5264//1 5263//1 5262//1
f 5263//1 5264//1 5265//1
f 5266//1 5265//1 5264//1
f 5265//1 5266//1 5267//1
f 5268//1 5267//1 5266//1
f 5267//1 5268//1 5269//1
f 5270//1 5269//1 5268//1
f 5269//1 5270//1 5271//1
f 5272//1 5271//1 5270//1
f 5271//1 5272//1 5273//1
f 5274//1 5273//1 5272//1
f 5273//1 5274//1 5238//1
f 5275//1 5238//1 5274//1
f 5238//1 5275//1 5239//1
s 1
f 4691//693 4693//743 5276//744
f 4691//693 5276//744 5277//745
f 5278//746 5277//745 5276//744
f 5277//745 5278//746 5279//746
f 5280//747 5279//746 5278//746
f 5279//746 5280//747 5281//748
f 5282//749 5281//748 5280//747
f 5281//748 5282//749 5283//749
f 4146//582 5283//749 5282//749
f 5283//749 4146//582 4145//581
f 4161//597 4163//599 5284//750
f 4161//597 5284//750 5285//750
f 5286//751 5285//750 5284//750
f 5285//750 5286//751 5287//752
f 5288//753 5287//752 5286//751
f 5287//752 5288//753 5289//753
f 5290//754 5289//753 5288//753
f 5289//753 5290//754 5291//755
f 4695//695 5291//755 5290//754
f 5291//755 4695//695 4697//756
f 4149//585 4148//584 5292//757
f 4149//585 5292//757 5293//757
f 5294//758 5293//757 5292//757
f 5293//757 5294//758 5295//759
f 5296//760 5295//759 5294//758
f 5295//759 5296//760 5297//760
f 5298//761 5297//760 5296//760
f 5297//760 5298//761 5299//761
f 4608//688 5299//761 5298//761
f 5299//761 4608//688 4607//688
f 4842//715 4843//716 5300//762
f 4842//715 5300//762 5301//762
f 5302//763 5301//762 5300//762
f 5301//762 5302//763 5303//764
f 5304//765 5303//764 5302//763
f 5303//764 5304//765 5305//765
f 5306//766 5305//765 5304//765
f 5305//765 5306//766 5307//767
f 5308//768 5307//767 5306//766
f 5307//767 5308//768 5309//768
f 5310//769 5309//768 5308//768
f 5309//768 5310//769 5311//769
f 2788//310 5311//769 5310//769
f 5311//769 2788//310 2790//312
f 4781//703 4780//702 5312//770
f 4781//703 5312//770 5313//770
f 5314//771 5313//770 5312//770
f 5313//770 5314//771 5315//771
f 5316//772 5315//771 5314//771
f 5315//771 5316//772 5317//772
f 5318//773 5317//772 5316//772
f 5317//772 5318//773 5319//773
f 5320//774 5319//773 5318//773
f 5319//773 5320//774 5321//774
f 5322//323 5321//774 5320//774
f 5321//774 5322//323 5323//775
f 2780//302 5323//775 5322//323
f 5323//775 2780//302 2779//301
f 2802//322 2774//296 5324//776
f 2802//322 5324//776 5325//777
f 5326//778 5325//777 5324//776
f 5325//777 5326//778 5327//778
f 5328//779 5327//778 5326//778
f 5327//778 5328//779 5329//779
f 5330//780 5329//779 5328//779
f 5329//779 5330//780 5331//780
f 5332//781 5331//780 5330//780
f 5331//780 5332//781 5333//781
f 5334//782 5333//781 5332//781
f 5333//781 5334//782 5335//782
f 4783//704 5335//782 5334//782
f 5335//782 4783//704 4782//704
f 5134//735 5135//735 5336//783
f 5134//735 5336//783 5337//784
f 5338//785 5337//784 5336//783
f 5337//784 5338//785 5339//785
f 5340//786 5339//785 5338//785
f 5339//785 5340//786 5341//787
f 5342//788 5341//787 5340//786
f 5341//787 5342//788 5343//789
f 5344//790 5343//789 5342//788
f 5343//789 5344//790 5345//791
f 5346//792 5345//791 5344//790
f 5345//791 5346//792 5347//793
f 2769//291 5347//793 5346//792
f 5347//793 2769//291 2768//290
f 2858//365 2764//286 5348//794
f 2858//365 5348//794 5349//294
f 5350//795 5349//294 5348//794
f 5349//294 5350//795 5351//796
f 5352//797 5351//796 5350//795
f 5351//796 5352//797 5353//798
f 5354//799 5353//798 5352//797
f 5353//798 5354//799 5355//800
f 5356//801 5355//800 5354//799
f 5355//800 5356//801 5357//801
f 5358//802 5357//801 5356//801
f 5357//801 5358//802 5359//803
f 5132//733 5359//803 5358//802
f 5359//803 5132//733 5133//734
f 2824//339 2782//304 5360//804
f 2824//339 5360//804 5361//804
f 5362//805 5361//804 5360//804
f 5361//804 5362//805 5363//805
f 5364//806 5363//805 5362//805
f 5363//805 5364//806 5365//806
f 5366//807 5365//806 5364//806
f 5365//806 5366//807 5367//807
f 5368//808 5367//807 5366//807
f 5367//807 5368//808 5369//808
f 5370//809 5369//808 5368//808
f 5369//808 5370//809 5371//809
f 4839//714 5371//809 5370//809
f 5371//809 4839//714 4838//714
f 2759//281 2757//279 5372//810
f 2759//281 5372//810 5373//810
f 5374//811 5373//810 5372//810
f 5373//810 5374//811 5375//811
f 5376//812 5375//811 5374//811
f 5375//811 5376//812 5377//813
f 5378//814 5377//813 5376//812
f 5377//813 5378//814 5379//814
f 5380//815 5379//814 5378//814
f 5379//814 5380//815 5381//816
f 5382//817 5381//816 5380//815
f 5381//816 5382//817 5383//818
f 5217//739 5383//818 5382//817
f 5383//818 5217//739 5218//740
f 5221//742 5220//741 5384//819
f 5221//742 5384//819 5385//820
f 5386//821 5385//820 5384//819
f 5385//820 5386//821 5387//821
f 5388//822 5387//821 5386//821
f 5387//821 5388//822 5389//822
f 5390//823 5389//822 5388//822
f 5389//822 5390//823 5391//823
f 5392//824 5391//823 5390//823
f 5391//823 5392//824 5393//824
f 5394//825 5393//824 5392//824
f 5393//824 5394//825 5395//825
f 2763//285 5395//825 5394//825
f 5395//825 2763//285 2762//284
f 4603//826 4605//686 5396//827
f 4603//826 5396//827 5397//827
f 5398//828 5397//827 5396//827
f 5397//827 5398//828 5399//828
f 5400//829 5399//828 5398//828
f 5399//828 5400//829 5401//829
f 5402//830 5401//829 5400//829
f 5401//829 5402//830 5403//830
f 4140//576 5403//830 5402//830
f 5403//830 4140//576 4139//575
f 4173//607 4175//609 5404//831
f 4173//607 5404//831 5405//831
f 5406//832 5405//831 5404//831
f 5405//831 5406//832 5407//832
f 5408//833 5407//832 5406//832
f 5407//832 5408//833 5409//833
f 5410//834 5409//833 5408//833
f 5409//833 5410//834 5411//834
f 4492//684 5411//834 5410//834
f 5411//834 4492//684 4491//684
f 4495//685 4494//685 5412//835
f 4495//685 5412//835 5413//836
f 5414//837 5413//836 5412//835
f 5413//836 5414//837 5415//837
f 5416//838 5415//837 5414//837
f 5415//837 5416//838 5417//838
f 5418//839 5417//838 5416//838
f 5417//838 5418//839 5419//840
f 4143//579 5419//840 5418//839
f 5419//840 4143//579 4142//578
f 5420//107 5421//841 5422//164
f 5423//842 5422//164 5421//841
f 5422//164 5423//842 5424//10
f 5425//10 5424//10 5423//842
f 5424//10 5425//10 5426//9
f 5427//9 5426//9 5425//10
f 5426//9 5427//9 5428//8
f 5429//8 5428//8 5427//9
f 5428//8 5429//8 5430//7
f 5431//7 5430//7 5429//8
f 5430//7 5431//7 5432//6
f 5433//6 5432//6 5431//7
f 5432//6 5433//6 5434//5
f 5435//5 5434//5 5433//6
f 5434//5 5435//5 5436//4
f 5437//4 5436//4 5435//5
f 5436//4 5437//4 5438//105
f 5439//105 5438//105 5437//4
f 5438//105 5439//105 5440//2
f 5441//2 5440//2 5439//105
f 5440//2 5441//2 5442//114
f 5443//114 5442//114 5441//2
f 5442//114 5443//114 5444//26
f 5445//26 5444//26 5443//114
f 5444//26 5445//26 5446//173
f 5447//173 5446//173 5445//26
f 5446//173 5447//173 5448//23
f 5449//23 5448//23 5447//173
f 5448//23 5449//23 5450//167
f 5451//167 5450//167 5449//23
f 5450//167 5451//167 5452//20
f 5453//20 5452//20 5451//167
f 5452//20 5453//20 5454//675
f 5455//675 5454//675 5453//20
f 5454//675 5455//675 5456//18
f 5457//18 5456//18 5455//675
f 5456//18 5457//18 5458//17
f 5459//843 5458//17 5457//18
f 5458//17 5459//843 5460//110
f 5459//843 5461//844 5460//110
f 5462//16 5460//110 5461//844
f 5460//110 5462//16 5463//109
f 5464//109 5463//109 5462//16
f 5463//109 5464//109 5465//14
f 5466//14 5465//14 5464//109
f 5465//14 5466//14 5467//165
f 5468//165 5467//165 5466//14
f 5467//165 5468//165 5420//107
f 5469//12 5420//107 5468//165
f 5420//107 5469//12 5421//841
f 5470//174 5471//845 5472//96
f 5473//96 5472//96 5471//845
f 5472//96 5473//96 5474//113
f 5475//23 5474//113 5473//96
f 5474//113 5475//23 5476//21
f 5477//22 5476//21 5475//23
f 5476//21 5477//22 5478//20
f 5479//20 5478//20 5477//22
f 5478//20 5479//20 5480//163
f 5481//19 5480//163 5479//20
f 5480//163 5481//19 5482//18
f 5483//112 5482//18 5481//19
f 5482//18 5483//112 5484//17
f 5483//112 5485//175 5484//17
f 5486//846 5484//17 5485//175
f 5484//17 5486//846 5487//16
f 5488//16 5487//16 5486//846
f 5487//16 5488//16 5489//15
f 5490//109 5489//15 5488//16
f 5489//15 5490//109 5491//14
f 5492//14 5491//14 5490//109
f 5491//14 5492//14 5493//108
f 5494//13 5493//108 5492//14
f 5493//108 5494//13 5495//197
f 5496//197 5495//197 5494//13
f 5495//197 5496//197 5497//30
f 5498//30 5497//30 5496//197
f 5497//30 5498//30 5499//199
f 5500//199 5499//199 5498//30
f 5499//199 5500//199 5501//9
f 5502//161 5501//9 5500//199
f 5501//9 5502//161 5503//8
f 5504//8 5503//8 5502//161
f 5503//8 5504//8 5505//160
f 5506//7 5505//160 5504//8
f 5505//160 5506//7 5507//188
f 5508//188 5507//188 5506//7
f 5507//188 5508//188 5509//5
f 5510//5 5509//5 5508//188
f 5509//5 5510//5 5511//189
f 5512//189 5511//189 5510//5
f 5511//189 5512//189 5513//105
f 5514//3 5513//105 5512//189
f 5513//105 5514//3 5515//2
f 5516//2 5515//2 5514//3
f 5515//2 5516//2 5517//27
f 5518//114 5517//27 5516//2
f 5517//27 5518//114 5470//174
f 5519//174 5470//174 5518//114
f 5470//174 5519//174 5471//845
f 5520//107 5521//847 5522//30
f 5523//848 5522//30 5521//847
f 5522//30 5523//848 5524//170
f 5525//170 5524//170 5523//848
f 5524//170 5525//170 5526//670
f 5527//670 5526//670 5525//170
f 5526//670 5527//670 5528//8
f 5529//8 5528//8 5527//670
f 5528//8 5529//8 5530//671
f 5531//671 5530//671 5529//8
f 5530//671 5531//671 5532//169
f 5533//169 5532//169 5531//671
f 5532//169 5533//169 5534//106
f 5535//106 5534//106 5533//169
f 5534//106 5535//106 5536//4
f 5537//4 5536//4 5535//106
f 5536//4 5537//4 5538//105
f 5539//105 5538//105 5537//4
f 5538//105 5539//105 5540//2
f 5541//2 5540//2 5539//105
f 5540//2 5541//2 5542//114
f 5541//2 5543//114 5542//114
f 5544//849 5542//114 5543//114
f 5542//114 5544//849 5545//26
f 5546//174 5545//26 5544//849
f 5545//26 5546//174 5547//96
f 5548//96 5547//96 5546//174
f 5547//96 5548//96 5549//113
f 5550//23 5549//113 5548//96
f 5549//113 5550//23 5551//21
f 5552//22 5551//21 5550//23
f 5551//21 5552//22 5553//850
f 5554//20 5553//850 5552//22
f 5553//850 5554//20 5555//20
f 5556//851 5557//110 5558//852
f 5559//111 5558//852 5557//110
f 5558//852 5559//111 5560//112
f 5561//18 5560//112 5559//111
f 5560//112 5561//18 5562//163
f 5563//853 5562//163 5561//18
f 5562//163 5563//853 5554//20
f 5564//854 5554//20 5563//853
f 5554//20 5564//854 5555//20
f 5556//851 5565//110 5557//110
f 5566//855 5557//110 5565//110
f 5557//110 5566//855 5567//856
f 5568//857 5567//856 5566//855
f 5567//856 5568//857 5569//14
f 5570//14 5569//14 5568//857
f 5569//14 5570//14 5571//165
f 5572//108 5571//165 5570//14
f 5571//165 5572//108 5520//107
f 5573//12 5520//107 5572//108
f 5520//107 5573//12 5521//847
f 5574//197 5575//858 5576//30
f 5577//30 5576//30 5575//858
f 5576//30 5577//30 5578//10
f 5579//199 5578//10 5577//30
f 5578//10 5579//199 5580//161
f 5581//9 5580//161 5579//199
f 5580//161 5581//9 5582//8
f 5583//8 5582//8 5581//9
f 5582//8 5583//8 5584//7
f 5585//160 5584//7 5583//8
f 5584//7 5585//160 5586//188
f 5587//6 5586//188 5585//160
f 5586//188 5587//6 5588//5
f 5587//6 5589//272 5588//5
f 5590//859 5588//5 5589//272
f 5588//5 5590//859 5591//4
f 5592//171 5591//4 5590//859
f 5591//4 5592//171 5593//105
f 5594//3 5593//105 5592//171
f 5593//105 5594//3 5595//2
f 5596//2 5595//2 5594//3
f 5595//2 5596//2 5597//27
f 5598//114 5597//27 5596//2
f 5597//27 5598//114 5599//26
f 5600//174 5599//26 5598//114
f 5599//26 5600//174 5601//96
f 5602//96 5601//96 5600//174
f 5601//96 5602//96 5603//113
f 5604//223 5603//113 5602//96
f 5603//113 5604//223 5605//21
f 5606//21 5605//21 5604//223
f 5605//21 5606//21 5607//20
f 5608//20 5607//20 5606//21
f 5607//20 5608//20 5609//19
f 5610//19 5609//19 5608//20
f 5609//19 5610//19 5611//182
f 5612//112 5611//182 5610//19
f 5611//182 5612//112 5613//17
f 5614//17 5613//17 5612//112
f 5613//17 5614//17 5615//16
f 5616//110 5615//16 5614//17
f 5615//16 5616//110 5617//15
f 5618//15 5617//15 5616//110
f 5617//15 5618//15 5619//14
f 5620//14 5619//14 5618//15
f 5619//14 5620//14 5621//108
f 5622//13 5621//108 5620//14
f 5621//108 5622//13 5574//197
f 5623//12 5574//197 5622//13
f 5574//197 5623//12 5575//858
f 5624//14 5625//14 5626//108
f 5627//108 5626//108 5625//14
f 5626//108 5627//108 5628//107
f 5629//107 5628//107 5627//108
f 5628//107 5629//107 5630//30
f 5631//30 5630//30 5629//107
f 5630//30 5631//30 5632//10
f 5633//10 5632//10 5631//30
f 5632//10 5633//10 5634//161
f 5635//161 5634//161 5633//10
f 5634//161 5635//161 5636//8
f 5637//8 5636//8 5635//161
f 5636//8 5637//8 5638//160
f 5639//160 5638//160 5637//8
f 5638//160 5639//160 5640//6
f 5641//6 5640//6 5639//160
f 5640//6 5641//6 5642//5
f 5643//5 5642//5 5641//6
f 5642//5 5643//5 5644//4
f 5645//4 5644//4 5643//5
f 5644//4 5645//4 5646//3
f 5647//3 5646//3 5645//4
f 5646//3 5647//3 5648//2
f 5649//2 5648//2 5647//3
f 5648//2 5649//2 5650//27
f 5651//27 5650//27 5649//2
f 5650//27 5651//27 5652//26
f 5653//26 5652//26 5651//27
f 5652//26 5653//26 5654//96
f 5655//96 5654//96 5653//26
f 5654//96 5655//96 5656//113
f 5657//113 5656//113 5655//96
f 5656//113 5657//113 5658//166
f 5659//166 5658//166 5657//113
f 5658//166 5659//166 5660//20
f 5661//20 5660//20 5659//166
f 5660//20 5661//20 5662//860
f 5663//860 5662//860 5661//20
f 5662//860 5663//860 5664//112
f 5665//112 5664//112 5663//860
f 5664//112 5665//112 5666//17
f 5667//861 5666//17 5665//112
f 5666//17 5667//861 5668//110
f 5669//110 5668//110 5667//861
f 5668//110 5669//110 5670//15
f 5671//109 5670//15 5669//110
f 5670//15 5671//109 5624//14
f 5625//14 5624//14 5671//109
f 5672//96 5673//862 5674//113
f 5675//113 5674//113 5673//862
f 5674//113 5675//113 5676//21
f 5677//21 5676//21 5675//113
f 5676//21 5677//21 5678//20
f 5679//20 5678//20 5677//21
f 5678//20 5679//20 5680//19
f 5681//19 5680//19 5679//20
f 5680//19 5681//19 5682//112
f 5681//19 5683//112 5682//112
f 5684//863 5682//112 5683//112
f 5682//112 5684//863 5685//17
f 5686//175 5685//17 5684//863
f 5685//17 5686//175 5687//110
f 5688//110 5687//110 5686//175
f 5687//110 5688//110 5689//109
f 5690//109 5689//109 5688//110
f 5689//109 5690//109 5691//14
f 5692//14 5691//14 5690//109
f 5691//14 5692//14 5693//108
f 5694//108 5693//108 5692//14
f 5693//108 5694//108 5695//107
f 5696//107 5695//107 5694//108
f 5695//107 5696//107 5697//864
f 5698//30 5697//864 5696//107
f 5697//864 5698//30 5699//10
f 5700//10 5699//10 5698//30
f 5699//10 5700//10 5701//865
f 5702//865 5701//865 5700//10
f 5701//865 5702//865 5703//8
f 5704//8 5703//8 5702//865
f 5703//8 5704//8 5705//866
f 5706//671 5705//866 5704//8
f 5705//866 5706//671 5707//6
f 5708//6 5707//6 5706//671
f 5707//6 5708//6 5709//5
f 5710//867 5709//5 5708//6
f 5709//5 5710//867 5711//4
f 5712//4 5711//4 5710//867
f 5711//4 5712//4 5713//105
f 5714//3 5713//105 5712//4
f 5713//105 5714//3 5715//2
f 5716//2 5715//2 5714//3
f 5715//2 5716//2 5717//27
f 5718//27 5717//27 5716//2
f 5717//27 5718//27 5719//26
f 5720//26 5719//26 5718//27
f 5719//26 5720//26 5672//96
f 5721//24 5672//96 5720//26
f 5672//96 5721//24 5673//862
s 0
f 4736//1 4730//1 5725//1
f 4862//458 4854//458 4863//458
f 5722//1 4896//1 4849//1
f 5724//1 5145//1 5185//1
f 5243//1 5231//1 5245//1
f 5723//1 5248//1 5224//1
