<?xml version='1.0' encoding='utf-8'?>
<COLLADA xmlns="http://www.collada.org/2005/11/COLLADASchema" version="1.4.1">
  <asset>
    <contributor>
      <author>Blender User</author>
      <authoring_tool>Blender 4.3.2 commit date:2024-12-16, commit time:21:10, hash:32f5fdce0a0a</authoring_tool>
    </contributor>
    <created>2026-05-19T17:38:23</created>
    <modified>2026-05-19T17:38:23</modified>
    <unit name="meter" meter="1" />
    <up_axis>Y_UP</up_axis>
  </asset>
  <library_effects>
    <effect id="link6_02_mat-effect">
      <profile_COMMON>
        <technique sid="common">
          <lambert>
            <emission>
              <color sid="emission">0 0 0 1</color>
            </emission>
            <diffuse>
              <color sid="diffuse">0.8666667 0.9098039 1 1</color>
            </diffuse>
            <index_of_refraction>
              <float sid="ior">1.5</float>
            </index_of_refraction>
          </lambert>
        </technique>
      </profile_COMMON>
    </effect>
    <effect id="link6_01_mat-effect">
      <profile_COMMON>
        <technique sid="common">
          <lambert>
            <emission>
              <color sid="emission">0 0 0 1</color>
            </emission>
            <diffuse>
              <color sid="diffuse">1 0.9490196 0.9098039 1</color>
            </diffuse>
            <index_of_refraction>
              <float sid="ior">1.5</float>
            </index_of_refraction>
          </lambert>
        </technique>
      </profile_COMMON>
    </effect>
    <effect id="link6_00_mat-effect">
      <profile_COMMON>
        <technique sid="common">
          <lambert>
            <emission>
              <color sid="emission">0 0 0 1</color>
            </emission>
            <diffuse>
              <color sid="diffuse">0.5333333 0.5333333 0.5333333 1</color>
            </diffuse>
            <index_of_refraction>
              <float sid="ior">1.5</float>
            </index_of_refraction>
          </lambert>
        </technique>
      </profile_COMMON>
    </effect>
  </library_effects>
  <library_images />
  <library_materials>
    <material id="link6_02_mat-material" name="link6_02_mat">
      <instance_effect url="#link6_02_mat-effect" />
    </material>
    <material id="link6_01_mat-material" name="link6_01_mat">
      <instance_effect url="#link6_01_mat-effect" />
    </material>
    <material id="link6_00_mat-material" name="link6_00_mat">
      <instance_effect url="#link6_00_mat-effect" />
    </material>
  </library_materials>
  <library_geometries>
    <geometry id="link6_02-mesh" name="link6_02">
      <mesh>
        <source id="link6_02-mesh-positions">
          <float_array id="link6_02-mesh-positions-array" count="2520">0.02799999 -0.01098698 0.02629697 0.02799999 -0.01388299 0.02489 0.02799987 -0.003208756 0.02437001 0.02799999 -0.002814948 0.02337497 0.02799999 -0.02137398 0.01885199 0.02799999 -0.01911097 0.02114295 0.02799999 0.02749943 -0.007544338 0.02799975 0.02272915 -0.009410679 0.02799993 0.02531015 -0.0108447 0.02799999 0.02001196 -0.002750992 0.02799999 -0.02270054 -0.009417235 0.02799999 -0.02749806 -0.007479548 0.02799999 0.01852798 -0.008047997 0.02799999 0.01935297 -0.01020199 0.02799999 0.02002596 -0.009684979 0.02799999 -0.01660299 0.02316397 0.02799993 -0.004024922 0.02814835 0.02799999 -0.004531621 0.02814596 0.02799993 -0.003292441 0.02741241 0.02799999 -0.007948994 0.02736896 0.02799999 0.01945096 -0.00544995 0.02799999 0.02080899 -0.009360969 0.02799999 0.02165096 -0.009249985 0.02799993 0.0265333 -0.01038891 0.02799999 0.02137398 0.01885199 0.02799999 0.003194212 0.02436673 0.02799999 0.02336496 0.01631999 0.02799999 0.002814948 0.02337497 0.02799999 0.01883596 -0.01087498 0.02799999 0.017259 -0.01049596 0.02799999 0.01851099 -0.01165896 0.02799999 0.01911097 0.02114295 0.02799999 0.01660299 0.02316397 0.02799999 0.01388299 0.02488994 0.02799999 0.01098698 0.02629697 0.02799999 -0.02650135 -0.01042443 0.02799999 -0.02165096 -0.009249985 0.02799946 -0.02746909 0.007535815 0.02799999 -0.02001196 -0.002750992 0.02799999 -0.0194382 -0.005488812 0.02799999 -0.02080994 -0.009360969 0.02799999 -0.01852798 -0.008047997 0.02799999 -0.02002596 -0.009684979 0.02799999 -0.01935195 -0.01020199 0.02799999 -0.017259 -0.01049596 0.02800023 0.003910064 0.02812802 0.02799999 -0.002297997 0.02270197 0.02799999 -0.00761497 0.01680099 0.02799999 -0.001624941 0.02218496 0.02799999 -0.005163967 0.01770895 0.02799999 -0.000840998 0.02186095 0.02799999 -0.002607941 0.01826095 0.02799999 0 0.02174997 0.02799999 0 0.01844596 0.02799999 0.000841002 0.02186095 0.02799999 0.002608001 0.01826095 0.02799999 0.001625001 0.02218496 0.02799993 -0.003633022 0.02793359 0.02799999 -0.02019995 -0 0.02799999 -0.02019494 0.006264626 0.02799999 -0.02642899 0.01066595 0.02799999 -0.01993227 0.006912469 0.02799999 -0.02505695 0.01357996 0.02799999 -0.02336496 0.01631999 0.02799999 -0.01933491 0.007393538 0.02799999 -0.01201397 0.01399695 0.02799999 -0.00991398 0.01555496 0.02799999 0.004109978 -0.01977699 0.02799999 0.001378953 -0.02015298 0.02799999 -0.004810988 -0.02809095 0.02799999 -0.01911097 -0.02114295 0.02799999 -0.01660299 -0.02316397 0.02799987 -0.01951622 -0.01498007 0.02799999 -0.01388299 -0.02488994 0.02799999 -0.01098698 -0.02629697 0.02799999 -0.007948994 -0.02736896 0.02799999 0.007948994 0.02736896 0.02799999 0.004492878 0.02815032 0.02799999 0.01976168 0.007103085 0.02799999 0.02642899 0.01066595 0.02799999 0.02005696 0.006682991 0.02799993 0.0275045 0.007470905 0.02799999 0.02019965 0.006243407 0.02799999 0.02019995 -0 0.02799999 -0.02233475 -0.0168842 0.02799993 -0.02221184 -0.01783043 0.02799999 0.01913684 0.007460117 0.02799993 -0.02590459 -0.01086527 0.02799999 -0.01883596 -0.01087498 0.02799999 -0.01851099 -0.01165896 0.02799999 -0.01566898 -0.012748 0.02799999 -0.01840096 -0.01249998 0.02799999 -0.01378798 -0.01476299 0.02799999 -0.01851099 -0.01334095 0.02799999 0.004810988 -0.02809095 0.02799999 0.01950609 -0.01495045 0.02799999 0.001609981 -0.02845495 0.02799999 0.01883596 -0.01412498 0.02799999 -0.001609981 -0.028454 0.02799999 0.01840096 -0.01249998 0.02799999 0.01566898 -0.012748 0.02799999 0.01851099 -0.01334095 0.02799999 0.01378798 -0.01476299 0.02799999 -0.001377999 -0.02015298 0.02799999 -0.004109978 -0.01977699 0.02799999 -0.006764948 -0.01903396 0.02799987 0.003287076 0.02742433 0.02799999 -0.02541631 -0.01088601 0.02799999 0.007948994 -0.02736896 0.02799999 0.01098597 -0.02629697 0.02799999 0.01388299 -0.02489 0.02799999 0.01660299 -0.02316397 0.02799999 0.01164895 -0.01650297 0.02799999 0.00929296 -0.01793497 0.02799999 0.006764948 -0.01903396 0.02799999 -0.01883596 -0.01412498 0.02799999 -0.009305 -0.01796495 0.02799999 -0.01164895 -0.01650297 0.02799999 -0.02137398 -0.01885199 0.02799993 -0.02205121 -0.01648807 0.02799999 -0.01706564 0.007514536 0.02799999 -0.01671981 0.007793188 0.02799999 -0.01875597 0.007499992 0.02799999 -0.01545196 0.01007497 0.02799999 -0.01390498 0.01219296 0.02799999 0.002297997 0.02270197 0.02799999 0.02505695 0.01357996 0.02799999 0.02240717 -0.0173133 0.02799999 0.01201397 0.01399695 0.02799999 0.00991398 0.01555496 0.02799999 0.00761497 0.01680099 0.02799999 0.005163967 0.01770895 0.02799999 0.01911097 -0.02114295 0.02799999 0.02137398 -0.01885199 0.02799981 0.02190715 -0.01643049 0.02799999 0.02228164 -0.01775056 0.02799999 0.01387196 0.01215797 0.02799999 0.01545196 0.01007497 0.02799999 0.01677161 0.007713496 0.02799993 0.01707863 0.007514655 0.01949995 -0.02505695 -0.01357996 0.01949995 -0.02642899 -0.01066595 0.01949995 0.004810988 -0.02809095 0.01949995 0.001609981 -0.02845495 0.01950007 -0.02020078 0.006051719 0.01949995 -0.02336496 -0.01631999 0.01949995 0.01852798 -0.008047997 0.01949995 0.02336496 -0.01631999 0.01949936 -0.02749526 -0.007451474 0.01949995 -0.02749627 0.007498741 0.01949995 0.01660299 -0.02316397 0.01949995 0.01911097 -0.02114295 0.01949995 0.02137398 -0.01885199 0.01949995 0.01388299 -0.02489 0.01949995 0.01098597 -0.02629697 0.01949995 0.007948994 -0.02736896 0.01949995 0.017259 -0.01049596 0.01949995 -0.001609981 -0.028454 0.01949995 0.01164895 -0.01650297 0.01949995 0.00929296 -0.01793497 0.01949995 0.01566898 -0.012748 0.01949995 0.01378798 -0.01476299 0.01949995 -0.02137398 -0.01885199 0.01949995 -0.01911097 -0.02114295 0.01949995 -0.01660299 -0.02316397 0.01949995 -0.01388299 -0.02488994 0.01949995 -0.004810988 -0.02809095 0.01949995 -0.007948994 -0.02736896 0.01949995 -0.01098698 -0.02629697 0.01949995 -0.02001196 -0.002750992 0.01949995 0.02505695 -0.01357996 0.01950031 0.02647423 -0.01055431 0.01950001 0.02749913 -0.007368087 0.01949995 -0.002630949 0.02002799 0.01949995 0 0.02019995 0.01949995 -0.01961249 0.007232308 0.01949995 -0.02505695 0.01357996 0.01949995 -0.02642899 0.01066595 0.01949995 -0.02008676 0.006645083 0.01949995 0.001609981 0.02845495 0.01949995 -0.01945096 -0.00544995 0.01949995 -0.01852798 -0.008047997 0.01949995 -0.017259 -0.01049596 0.01949995 -0.01566898 -0.012748 0.01949995 -0.006764948 -0.01903396 0.01949995 -0.004109978 -0.01977699 0.01949995 -0.01911097 0.02114295 0.01949995 -0.02137398 0.01885199 0.01949995 -0.02336496 0.01631999 0.01949995 0.007714986 0.01866894 0.01949995 -0.001609981 0.028454 0.01949995 0.01227498 0.01604199 0.01949995 -0.004810988 0.02809095 0.01949995 -0.001377999 -0.02015298 0.01949995 0.001378953 -0.02015298 0.01949995 0.004109978 -0.01977699 0.01949995 0.006764948 -0.01903396 0.01949995 0.002630949 0.02002799 0.01949995 0.005216956 0.01951497 0.01949995 0.02137398 0.01885199 0.01949995 0.02336496 0.01631999 0.01949995 -0.01660299 0.02316397 0.01949995 -0.01388299 0.02489 0.01949995 -0.01098698 0.02629697 0.01949995 -0.007948994 0.02736896 0.01949995 -0.01425999 0.01430696 0.01949995 -0.01600199 0.01232796 0.01949995 -0.01747196 0.01013797 0.01949995 0.004810988 0.02809095 0.01949995 0.007948994 0.02736896 0.01949995 0.01098698 0.02629697 0.01949995 -0.01378798 -0.01476299 0.01949995 -0.01164895 -0.01650297 0.01949995 -0.00929296 -0.01793497 0.01949995 -0.005217969 0.01951497 0.01949995 -0.007714986 0.01866894 0.01949995 -0.01008099 0.01750499 0.01949995 -0.01227498 0.01604294 0.01949995 0.02505695 0.01357996 0.01949995 0.02642899 0.01066595 0.01949995 0.01945096 -0.00544995 0.01949995 0.01388299 0.02488994 0.01949995 0.01660299 0.02316397 0.01949995 0.01911097 0.02114295 0.01950019 -0.01876282 0.007573664 0.01949995 0.02015548 0.006458938 0.01949995 0.01980304 0.007061719 0.01950001 0.02745264 0.007622122 0.01949995 0.02001196 -0.002750992 0.01949995 0.02019995 -0 0.01949995 0.01938295 0.007356941 0.01950013 0.01878839 0.007549762 0.01949995 0.01747196 0.01013797 0.01949995 0.01600199 0.01232796 0.01949995 0.01425999 0.01430696 0.02300053 0.003963351 0.02819025 0.02299761 -0.003924787 0.02818208 0.023 0.001609981 0.02845495 0.023 -0.001609981 0.028454 0.02300179 0.02243429 -0.01753008 0.02305269 -0.0222705 -0.01776957 0.023 0.02336496 -0.01631999 0.023 0.02505695 -0.01357996 0.02300995 -0.02652204 -0.01042723 0.023 -0.02336496 -0.01631999 0.023 -0.02505695 -0.01357996 0.023 -0.003298699 0.02767133 0.023 -0.003194212 0.02436673 0.02299994 0.003269374 0.02738451 0.02300024 0.003210783 0.0243771 0.023 -0.002814948 0.02337497 0.023 -0.002297997 0.02270197 0.023 -0.001624941 0.02218496 0.023 -0.000840998 0.02186095 0.023 0 0.02174997 0.023 0.000841002 0.02186095 0.023 0.001625001 0.02218496 0.023 0.002297997 0.02270197 0.023 0.002814948 0.02337497 0.023 0.02270054 -0.009417235 0.023 0.02165096 -0.009249985 0.023 0.02080899 -0.009360969 0.023 0.02002596 -0.009684979 0.023 0.01935297 -0.01020199 0.023 0.01883596 -0.01087498 0.023 0.01851099 -0.01165896 0.023 0.01840096 -0.01249998 0.023 0.01851099 -0.01334095 0.023 0.01883596 -0.01412498 0.02300006 0.01950913 -0.01497238 0.023 0.02190494 -0.01639896 0.023 0.02540296 -0.01093202 0.023 -0.01950609 -0.01495045 0.023 -0.01883596 -0.01412498 0.023 -0.01851099 -0.013341 0.023 -0.01840096 -0.01249998 0.023 -0.01851099 -0.01165896 0.023 -0.01883596 -0.01087498 0.023 -0.01935195 -0.01020199 0.023 -0.02002596 -0.009684979 0.023 -0.02080994 -0.009360969 0.023 -0.02165096 -0.009249985 0.02300018 -0.02271533 -0.009407401 0.023 -0.02557724 -0.01095718 0.02299994 0.003364801 0.02773189 0.023 -0.02602499 -0.01087868 0.023 -0.02238565 -0.01705288 0.02299958 0.02232348 -0.01675325 0.02300012 0.02628809 -0.01073426 0.02536767 -0.01982504 -0.003928244 0.0246098 0.01943773 -0.00549519 0.02397871 0.01985585 -0.003694832 0.0260241 0.01979959 -0.004012763 0.02149999 -0.01747196 0.01013797 0.02149999 -0.01600199 0.01232796 0.02149999 -0.01425999 0.01430696 0.02149999 -0.01227498 0.01604294 0.02149999 -0.01008099 0.01750499 0.02149999 -0.007714986 0.01866894 0.02149999 -0.005217969 0.01951497 0.02149999 -0.002630949 0.02002799 0.02149999 0 0.02019995 0.02149999 0.002630949 0.02002799 0.02149999 0.005216956 0.01951497 0.02149999 0.007714986 0.01866894 0.02149999 0.01008099 0.01750499 0.02149999 0.01227498 0.01604199 0.02149999 0.01425999 0.01430696 0.02149999 0.01600199 0.01232796 0.02149999 0.01747196 0.01013797 0.02149999 0.01677751 0.007693111 0.02149999 0.01545196 0.01007497 0.02149999 0.01387196 0.01215797 0.02149999 0.01201397 0.01399695 0.02149999 0.00991398 0.01555496 0.02149999 0.00761497 0.01680099 0.02149999 0.005163967 0.01770895 0.02149999 0.002608001 0.01826095 0.02149999 0 0.01844596 0.02149999 -0.002607941 0.01826095 0.02149999 -0.005163967 0.01770895 0.02149999 -0.00761497 0.01680099 0.02149999 -0.00991398 0.01555496 0.02149999 -0.01201397 0.01399695 0.02149999 -0.01387196 0.01215797 0.02149999 -0.01545196 0.01007497 0.02149993 0.01877456 0.007542252 0.02149999 -0.01877737 0.007539689 0.02149993 0.01705032 0.007573366 0.02149987 -0.01690864 0.007568538 0.02800023 0.02616596 -0.010778 0.023 -0.02633899 -0.01068699 0.023 -0.022448 -0.01748299 0.02799987 0.0222873 -0.01686316 0.01949995 -0.020226 -0 0.01949995 0.01008999 0.01751798 0.02799993 -0.02235716 -0.01735472 0.02299994 -0.02219408 -0.01655369 0.023 0.02578896 -0.01093304 0.0279839 0.02949994 0.006691038 0.02716273 0.02749997 0.007491588 0.02152281 0.02949994 0.003784239 0.02430319 0.02949994 -0.00101912 0.02717381 0.0295 -0.007488667 0.02796822 0.02749967 0.006819605 0.02759397 0.02749997 0.007313668 0.02799284 0.02749955 -0.006652414 0.02731716 0.02749997 -0.00747019 0.02781367 0.02749997 -0.007093966 0.0195567 0.02749973 -0.007264971 0.01984804 0.02749997 -0.007473945 0.01951301 0.02749997 0.007143676 0.01970326 0.02750021 0.007424414 0.02074289 0.02946132 0.007495641 0.0207054 0.03299993 0.007486641 -0.000554982 0.03300255 0.007482588 0.01969158 0.0290035 0.007477402 0.02733582 0.02950102 0.007460713 -0.000782499 0.02899998 0.007466197 0.01951825 0.02900004 0.007151007 0.01966065 0.02899765 -0.00747317 -0.000716359 0.03299999 -0.007476508 0.02073663 0.03299999 -0.007477283 0.02070176 0.02951407 -0.007500112 -0.000651249 0.02899968 -0.007479071 0.02799814 0.02948379 0.000580333 0.02796 0.02949994 -0.006837189 0.0279777 0.02949661 -0.000815451 0.02797275 0.03299993 -0.000610432 0.02798551 0.03299987 0.000512824 -0.002336084 0.02899998 -0.007141768 -0.002501249 0.03299999 -0.00708568 -0.003749966 0.02899998 -0.006494998 -0.004249453 0.03299999 -0.006197631 -0.004885137 0.02899998 -0.005709707 -0.005709707 0.03299999 -0.004885137 -0.006197631 0.02899998 -0.004249453 -0.006494998 0.03299999 -0.003749966 -0.00692898 0.02899998 -0.002869963 -0.00692898 0.03299999 -0.002869963 -0.007389366 0.03299981 -0.001407921 -0.007416248 0.02899992 -0.001073718 -0.007499992 0.02899998 -0 -0.007492125 0.03299999 0.00058171 -0.007387459 0.02899998 0.001375436 -0.007085621 0.03299999 0.002501249 -0.006778299 0.02899998 0.003243565 -0.006197631 0.03299999 0.004249453 -0.005709707 0.02899998 0.004885137 -0.004885137 0.03299999 0.005709707 -0.004249453 0.02899998 0.006197631 -0.003749966 0.03299999 0.006494939 -0.002501249 0.02899998 0.007085621 -0.002336084 0.03299999 0.007141768 0.02148163 0.03299999 -0.006709277 0.02152281 0.03299999 -0.003784239 0.02148848 0.02949994 -0.006674647 0.02153128 0.02949994 -0.003770828 0.02146303 0.0295 0.006820082 0.0214737 0.03299999 0.006789326 0.02153128 0.03299999 0.003770828 0.02752923 0.03299999 0.000992622 0.02429562 0.03299993 0.00102055 0.02429425 0.02949994 0.001027405 0.02350598 0.02949994 0.001246988 0.02350598 0.03299999 0.001246988 0.02272367 0.02949994 0.001691162 0.02263528 0.03299999 0.001763761 0.02189785 0.02949994 0.002662181 0.02184385 0.03299999 0.002763211 0.02755868 0.02949994 -0.00103271 0.02761507 0.03300005 -0.000971078 0.02426481 0.03299999 -0.001032292 0.02184385 0.02949994 -0.002763211 0.02189785 0.03299999 -0.002662181 0.02263528 0.02949994 -0.001763761 0.02272367 0.03299999 -0.001691222 0.02350598 0.02949994 -0.001246988 0.02350598 0.03299999 -0.001246988 0.0195074 0.02899998 -0.007091939 0.02759397 0.02949994 -0.007313668 0.02781367 0.02949994 0.007093966 0.02114588 0.03299993 0.007279336 0.02118253 0.02950525 0.007272541 0.02128916 0.03299999 -0.007111489 0.02125495 0.0295 -0.007217884 0.005881845 0.03299999 -0.001258373 7.9886e-05 0.03299999 -0.006014227 0.005568385 0.03299999 0.002274572 0.005991816 0.03299999 0.000529716 0.004651963 0.03299999 0.00381273 0.003740966 0.03299999 0.004690945 -0.004651963 0.03299999 -0.00381273 -0.005568385 0.03299999 -0.002274572 -0.005991816 0.03299999 -0.000529721 -0.005881845 0.03299999 0.001258373 -0.005405962 0.03299999 0.002602994 -0.001334965 0.03299999 -0.005849957 -0.002584755 0.03300136 -0.005436241 -0.003740966 0.03299999 -0.004690945 0.002683043 0.03299999 -0.005383312 0.003740966 0.03299999 -0.004690945 0.005405962 0.03299999 -0.002602994 0.004751682 0.03299999 -0.003687739 0.001334965 0.03299999 -0.005849957 0.002584755 0.0330013 0.005436241 -0.004751682 0.03299999 0.003687739 -0.003740966 0.03299999 0.004690945 -0.002683043 0.03299999 0.005383312 -0.001334965 0.03299999 0.005849957 -7.98854e-05 0.03299999 0.006014227 0.001334965 0.03299999 0.005849957 0.003019452 0.03349995 0.003991544 0.004751682 0.03349995 0.003687739 0.00415039 0.03349995 0.002798378 0.005405962 0.03349995 0.002602994 0.004833579 0.03349995 0.001300692 0.005881845 0.03349995 0.001258373 0.004993796 0.03349995 -0.000339239 0.005991816 0.03349995 -0.000529721 0.004719972 0.03349995 -0.001619994 0.005568385 0.03349995 -0.002274572 0.004230976 0.03349995 -0.002675056 -0.003019452 0.03349995 -0.003991544 -0.004751682 0.03349995 -0.003687739 -0.00415039 0.03349995 -0.002798378 -0.005405962 0.03349995 -0.002602994 -0.004833579 0.03349995 -0.001300692 -0.005881845 0.03349995 -0.001258373 -0.004993796 0.03349995 0.000339234 -0.005991816 0.03349995 0.000529716 -0.004719972 0.03349995 0.001619994 -0.005568385 0.03349995 0.002274572 -0.004230976 0.03349995 0.002674996 -0.004651963 0.03349995 0.00381273 -0.003135681 0.03349995 0.003900945 -0.003740966 0.03349995 0.004690945 -0.002584755 0.03349882 0.005436241 -0.002004981 0.03349995 0.004569947 -0.000893348 0.03349995 0.004924774 -0.001334965 0.03349995 0.005849957 7.98854e-05 0.03349995 0.006014227 0.000748025 0.03349995 0.004948973 0.001334965 0.03349995 0.005849957 0.002004981 0.03349995 0.004569947 0.002683043 0.03349995 0.005383312 0.003740966 0.03349995 0.004690945 0.004651963 0.03349995 -0.00381273 0.003135681 0.03349995 -0.003901004 0.003740966 0.03349995 -0.004690945 0.002584755 0.03349882 -0.005436241 0.002004981 0.03349995 -0.004569947 0.000893346 0.03349995 -0.004924774 0.001334965 0.03349995 -0.005849957 -7.9886e-05 0.03349995 -0.006014227 -0.000748023 0.03349995 -0.004948973 -0.001334965 0.03349995 -0.005849957 -0.002004981 0.03349995 -0.004569947 -0.002683043 0.03349995 -0.005383312 -0.003740966 0.03349995 -0.004690945 -0.004993796 0.03749996 -0.000339239 -0.004833579 0.03749996 0.001300692 -0.00415039 0.03749996 0.002798378 -0.003019452 0.03749996 0.003991544 -0.002004981 0.03749996 0.004569947 -0.000748025 0.03749996 0.004948973 0.000893347 0.03749996 0.004924774 0.002004981 0.03749996 0.004569947 0.003135681 0.03749996 0.003900945 0.004230976 0.03749996 0.002674996 0.004719972 0.03749996 0.001619994 0.004993796 0.03749996 0.000339233 0.004833579 0.03749996 -0.001300692 0.00415039 0.03749996 -0.002798378 0.003019452 0.03749996 -0.003991544 0.002004981 0.03749996 -0.004569947 0.000748023 0.03749996 -0.004948973 -0.000893347 0.03749996 -0.004924774 -0.002004981 0.03749996 -0.004569947 -0.003135681 0.03749996 -0.003901004 -0.004230976 0.03749996 -0.002675056 -0.004719972 0.03749996 -0.001619994 0.02764058 0.0295 0.001022219 0.02780592 0.03299987 0.000859614 0.02794939 0.02949988 0.000874012 0.0279839 -0.02949994 -0.006691038 0.02716273 -0.02749997 -0.007491588 0.02152281 -0.02949994 -0.003784239 0.02430319 -0.02949994 0.00101912 0.02717381 -0.0295 0.007488667 0.02796822 -0.02749967 -0.006819605 0.02759397 -0.02749997 -0.007313668 0.02799284 -0.02749955 0.006652414 0.02731716 -0.02749997 0.00747019 0.02781367 -0.02749997 0.007093966 0.0195567 -0.02749973 0.007264971 0.01984804 -0.02749997 0.007473945 0.01951301 -0.02749997 -0.007143676 0.01970326 -0.02750021 -0.007424414 0.02074289 -0.02946132 -0.007495641 0.0207054 -0.03299993 -0.007486641 -0.000554982 -0.03300255 -0.007482588 0.01969158 -0.0290035 -0.007477402 0.02733582 -0.02950102 -0.007460713 -0.000782499 -0.02899998 -0.007466197 0.01951825 -0.02900004 -0.007151007 0.01966065 -0.02899765 0.00747317 -0.000716359 -0.03299999 0.007476508 0.02073663 -0.03299999 0.007477283 0.02070176 -0.02951407 0.007500112 -0.000651249 -0.02899968 0.007479071 0.02799814 -0.02948379 -0.000580333 0.02796 -0.02949994 0.006837189 0.0279777 -0.02949661 0.000815451 0.02797275 -0.03299993 0.000610432 0.02798551 -0.03299987 -0.000512824 -0.002336084 -0.02899998 0.007141768 -0.002501249 -0.03299999 0.00708568 -0.003749966 -0.02899998 0.006494998 -0.004249453 -0.03299999 0.006197631 -0.004885137 -0.02899998 0.005709707 -0.005709707 -0.03299999 0.004885137 -0.006197631 -0.02899998 0.004249453 -0.006494998 -0.03299999 0.003749966 -0.00692898 -0.02899998 0.002869963 -0.00692898 -0.03299999 0.002869963 -0.007389366 -0.03299981 0.001407921 -0.007416248 -0.02899992 0.001073718 -0.007499992 -0.02899998 -0 -0.007492125 -0.03299999 -0.00058171 -0.007387459 -0.02899998 -0.001375436 -0.007085621 -0.03299999 -0.002501249 -0.006778299 -0.02899998 -0.003243565 -0.006197631 -0.03299999 -0.004249453 -0.005709707 -0.02899998 -0.004885137 -0.004885137 -0.03299999 -0.005709707 -0.004249453 -0.02899998 -0.006197631 -0.003749966 -0.03299999 -0.006494939 -0.002501249 -0.02899998 -0.007085621 -0.002336084 -0.03299999 -0.007141768 0.02148163 -0.03299999 0.006709277 0.02152281 -0.03299999 0.003784239 0.02148848 -0.02949994 0.006674647 0.02153128 -0.02949994 0.003770828 0.02146303 -0.0295 -0.006820082 0.0214737 -0.03299999 -0.006789326 0.02153128 -0.03299999 -0.003770828 0.02752923 -0.03299999 -0.000992622 0.02429562 -0.03299993 -0.00102055 0.02429425 -0.02949994 -0.001027405 0.02350598 -0.02949994 -0.001246988 0.02350598 -0.03299999 -0.001246988 0.02272367 -0.02949994 -0.001691162 0.02263528 -0.03299999 -0.001763761 0.02189785 -0.02949994 -0.002662181 0.02184385 -0.03299999 -0.002763211 0.02755868 -0.02949994 0.00103271 0.02761507 -0.03300005 0.000971078 0.02426481 -0.03299999 0.001032292 0.02184385 -0.02949994 0.002763211 0.02189785 -0.03299999 0.002662181 0.02263528 -0.02949994 0.001763761 0.02272367 -0.03299999 0.001691222 0.02350598 -0.02949994 0.001246988 0.02350598 -0.03299999 0.001246988 0.0195074 -0.02899998 0.007091939 0.02759397 -0.02949994 0.007313668 0.02781367 -0.02949994 -0.007093966 0.02114588 -0.03299993 -0.007279336 0.02118253 -0.02950525 -0.007272541 0.02128916 -0.03299999 0.007111489 0.02125495 -0.0295 0.007217884 0.005881845 -0.03299999 0.001258373 7.9886e-05 -0.03299999 0.006014227 0.005568385 -0.03299999 -0.002274572 0.005991816 -0.03299999 -0.000529716 0.004651963 -0.03299999 -0.00381273 0.003740966 -0.03299999 -0.004690945 -0.004651963 -0.03299999 0.00381273 -0.005568385 -0.03299999 0.002274572 -0.005991816 -0.03299999 0.000529721 -0.005881845 -0.03299999 -0.001258373 -0.005405962 -0.03299999 -0.002602994 -0.001334965 -0.03299999 0.005849957 -0.002584755 -0.03300136 0.005436241 -0.003740966 -0.03299999 0.004690945 0.002683043 -0.03299999 0.005383312 0.003740966 -0.03299999 0.004690945 0.005405962 -0.03299999 0.002602994 0.004751682 -0.03299999 0.003687739 0.001334965 -0.03299999 0.005849957 0.002584755 -0.0330013 -0.005436241 -0.004751682 -0.03299999 -0.003687739 -0.003740966 -0.03299999 -0.004690945 -0.002683043 -0.03299999 -0.005383312 -0.001334965 -0.03299999 -0.005849957 -7.98854e-05 -0.03299999 -0.006014227 0.001334965 -0.03299999 -0.005849957 0.003019452 -0.03349995 -0.003991544 0.004751682 -0.03349995 -0.003687739 0.00415039 -0.03349995 -0.002798378 0.005405962 -0.03349995 -0.002602994 0.004833579 -0.03349995 -0.001300692 0.005881845 -0.03349995 -0.001258373 0.004993796 -0.03349995 0.000339239 0.005991816 -0.03349995 0.000529721 0.004719972 -0.03349995 0.001619994 0.005568385 -0.03349995 0.002274572 0.004230976 -0.03349995 0.002675056 -0.003019452 -0.03349995 0.003991544 -0.004751682 -0.03349995 0.003687739 -0.00415039 -0.03349995 0.002798378 -0.005405962 -0.03349995 0.002602994 -0.004833579 -0.03349995 0.001300692 -0.005881845 -0.03349995 0.001258373 -0.004993796 -0.03349995 -0.000339234 -0.005991816 -0.03349995 -0.000529716 -0.004719972 -0.03349995 -0.001619994 -0.005568385 -0.03349995 -0.002274572 -0.004230976 -0.03349995 -0.002674996 -0.004651963 -0.03349995 -0.00381273 -0.003135681 -0.03349995 -0.003900945 -0.003740966 -0.03349995 -0.004690945 -0.002584755 -0.03349882 -0.005436241 -0.002004981 -0.03349995 -0.004569947 -0.000893348 -0.03349995 -0.004924774 -0.001334965 -0.03349995 -0.005849957 7.98854e-05 -0.03349995 -0.006014227 0.000748025 -0.03349995 -0.004948973 0.001334965 -0.03349995 -0.005849957 0.002004981 -0.03349995 -0.004569947 0.002683043 -0.03349995 -0.005383312 0.003740966 -0.03349995 -0.004690945 0.004651963 -0.03349995 0.00381273 0.003135681 -0.03349995 0.003901004 0.003740966 -0.03349995 0.004690945 0.002584755 -0.03349882 0.005436241 0.002004981 -0.03349995 0.004569947 0.000893346 -0.03349995 0.004924774 0.001334965 -0.03349995 0.005849957 -7.9886e-05 -0.03349995 0.006014227 -0.000748023 -0.03349995 0.004948973 -0.001334965 -0.03349995 0.005849957 -0.002004981 -0.03349995 0.004569947 -0.002683043 -0.03349995 0.005383312 -0.003740966 -0.03349995 0.004690945 -0.004993796 -0.03749996 0.000339239 -0.004833579 -0.03749996 -0.001300692 -0.00415039 -0.03749996 -0.002798378 -0.003019452 -0.03749996 -0.003991544 -0.002004981 -0.03749996 -0.004569947 -0.000748025 -0.03749996 -0.004948973 0.000893347 -0.03749996 -0.004924774 0.002004981 -0.03749996 -0.004569947 0.003135681 -0.03749996 -0.003900945 0.004230976 -0.03749996 -0.002674996 0.004719972 -0.03749996 -0.001619994 0.004993796 -0.03749996 -0.000339233 0.004833579 -0.03749996 0.001300692 0.00415039 -0.03749996 0.002798378 0.003019452 -0.03749996 0.003991544 0.002004981 -0.03749996 0.004569947 0.000748023 -0.03749996 0.004948973 -0.000893347 -0.03749996 0.004924774 -0.002004981 -0.03749996 0.004569947 -0.003135681 -0.03749996 0.003901004 -0.004230976 -0.03749996 0.002675056 -0.004719972 -0.03749996 0.001619994 0.02764058 -0.0295 -0.001022219 0.02780592 -0.03299987 -0.000859614 0.02794939 -0.02949988 -0.000874012 -0.03299945 0.008453488 -0.002517998 -0.03299999 0.008468091 -0.01404744 -0.02549999 0.008460342 -0.01403748 -0.02549999 0.008453071 0.01395344 -0.03299862 0.008450627 0.002503633 -0.03649461 0.008458912 0.002441465 -0.03650349 0.008458495 -0.002417206 -0.02549999 0.008705973 0.01505798 -0.03299999 0.008705973 0.01505798 -0.02549999 0.009197473 0.01611793 -0.03299999 0.009278178 0.01624143 -0.02549999 0.01029855 0.01734888 -0.03299999 0.01041495 0.01743942 -0.02549999 0.01173728 0.0181542 -0.03299999 0.01187688 0.01820206 -0.02549999 0.013022 0.01841795 -0.03299999 0.01350843 0.01844996 -0.02549999 0.01418763 0.01839369 -0.03299999 0.01513433 0.01815402 -0.02549999 0.01544398 0.01801395 -0.02549999 0.01645582 0.01743876 -0.03299999 0.01657223 0.01734817 -0.02549999 0.01759177 0.01624137 -0.03299999 0.01767247 0.01611793 -0.02549999 0.01816397 0.01505798 -0.03299999 0.01816397 0.01505798 -0.02549999 0.01839846 0.01409691 -0.03299999 0.01841211 0.01398748 -0.03299999 0.01839846 -0.01409661 -0.02549999 0.01841211 -0.013987 -0.02549999 0.01816397 -0.01505899 -0.03299999 0.01816397 -0.01505899 -0.02549999 0.01767194 -0.01611864 -0.03299999 0.01759123 -0.01624214 -0.02549999 0.0165714 -0.01734888 -0.03299999 0.01645499 -0.01743942 -0.02549999 0.01513266 -0.0181542 -0.03299999 0.01499307 -0.01820206 -0.02549999 0.01350879 -0.01844996 -0.03299999 0.01336115 -0.01844996 -0.02549999 0.01187688 -0.01820206 -0.03299999 0.01173728 -0.0181542 -0.02549999 0.01041495 -0.01743942 -0.03299999 0.01029855 -0.01734888 -0.02549999 0.009278714 -0.01624214 -0.03299999 0.009198009 -0.0161187 -0.02549999 0.008705973 -0.01505899 -0.03299999 0.008705973 -0.01505899 -0.03649461 0.01102095 -0.004982948 -0.03300279 0.01995635 -0.005022525 -0.03649997 0.02429997 -0.004999995 -0.02549999 0.02004134 -0.005022227 -0.02549999 0.02429997 -0.004999995 -0.02549999 0.02002352 0.005038857 -0.02549999 0.02429997 0.004999995 -0.03299933 0.01995033 0.005026221 -0.03649997 0.02429997 0.004999995 -0.03299999 0.01100623 0.004978239 -0.03650993 0.01092773 0.004962742 -0.03299999 0.01846939 0.00660789 -0.02549999 0.01846015 0.006618082 -0.02549999 0.01846939 -0.00660789 -0.03299999 0.01846015 -0.006618082 -0.02549999 0.01887744 -0.005660057 -0.03299987 0.01887625 -0.005711257 -0.02549999 0.01943498 -0.005267977 -0.03299999 0.01943498 -0.005267977 -0.02549999 0.01922214 0.005386292 -0.03299999 0.01910561 0.005481421 -0.02549999 0.01870298 0.005999982 -0.03299999 0.01870298 0.005999982 -0.03649419 0.01002973 0.004671335 -0.03299999 0.009970426 0.004633247 -0.03649479 0.009117245 0.00393325 -0.03299999 0.009097933 0.003896892 -0.03649997 0.008662998 0.003147959 -0.03299999 0.01113194 -0.00500065 -0.03299999 0.01028698 -0.004771947 -0.03649997 0.01028698 -0.004771947 -0.03299999 0.009683251 -0.004441618 -0.03650283 0.009528517 -0.004330992 -0.03649997 0.008940994 -0.003666996 -0.03649997 0.008662998 -0.003147959 -0.03299999 0.008470416 0.01409089 -0.03000879 0.02429997 -0.000384604 -0.030124 0.02429997 0.000908568 -0.0307694 0.02429997 0.00202912 -0.03193747 0.02429997 -0.002822875 -0.03084975 0.02429997 -0.002113938 -0.03182888 0.02429997 0.002779543 -0.03310108 0.02429997 0.003013908 -0.03584295 0.02429997 -0.000958002 -0.03543794 0.02429997 -0.001775622 -0.03799998 0.02429997 -0.003499984 -0.034684 0.02429997 -0.00248295 -0.03386527 0.02429997 -0.0028885 -0.03027695 0.02429997 -0.001259982 -0.03410995 0.02429997 0.002786993 -0.03490567 0.02429997 0.002337336 -0.03799998 0.02429997 0.003499984 -0.03571158 0.02429997 0.001320898 -0.03283798 0.02429997 -0.002995967 -0.03601455 0.02429997 5.84332e-05 -0.03799998 0.009945571 0.002213478 -0.03800082 0.0100305 -0.002586305 -0.0380001 0.01118016 -0.003485441 -0.03799927 0.01113688 0.003435194 -0.03800231 0.01025635 0.002949059 -0.03000879 0.02349996 0.0003846 -0.030124 0.02349996 -0.00090857 -0.0307694 0.02349996 -0.00202912 -0.03182888 0.02349996 -0.002779543 -0.03310108 0.02349996 -0.003013968 -0.03410995 0.02349996 -0.002786993 -0.03490567 0.02349996 -0.002337336 -0.03571158 0.02349996 -0.001320898 -0.03601455 0.02349996 -5.84368e-05 -0.03584295 0.02349996 0.000957998 -0.03543794 0.02349996 0.001775622 -0.034684 0.02349996 0.00248295 -0.03386527 0.02349996 0.0028885 -0.03283798 0.02349996 0.002995967 -0.03193747 0.02349996 0.002822875 -0.03084975 0.02349996 0.002113938 -0.03027695 0.02349996 0.001259982 -0.03299999 0.008619964 0.003159999 -0.03799998 0.01051014 -0.003118574 -0.03299999 0.00861895 -0.003159999 -0.03299999 0.008876979 -0.003694951</float_array>
          <technique_common>
            <accessor source="#link6_02-mesh-positions-array" count="840" stride="3">
              <param name="X" type="float" />
              <param name="Y" type="float" />
              <param name="Z" type="float" />
            </accessor>
          </technique_common>
        </source>
        <source id="link6_02-mesh-normals">
          <float_array id="link6_02-mesh-normals-array" count="5004">1 7.92991e-06 -1.6322e-05 1 -2.08038e-05 8.53633e-05 1 7.32483e-06 -7.2353e-06 1 -4.47034e-05 1.04655e-05 1 -2.4922e-05 -4.00949e-05 1 1.48937e-05 3.4953e-05 1 0 -0 1 0 -0 1 0 -0 1 1.86704e-05 -1.95708e-05 1 0 -0 1 0 -0 1 0 -0 1 0 -0 1 1.00298e-05 1.24466e-05 1 7.2761e-06 1.14664e-05 1 4.92024e-06 1.01272e-05 1 3.08563e-06 8.74454e-06 1 1.4044e-07 3.97999e-07 1 8.96987e-07 -8.00182e-07 1 -8.53015e-05 2.87866e-05 0.9999995 0.000455086 -0.000868771 1 1.92554e-06 -3.08047e-06 1 1.05371e-05 -1.68572e-05 1 8.02953e-06 6.84364e-06 1 8.51297e-06 3.96671e-06 1 4.57204e-07 -2.98313e-07 1 7.15023e-07 -0 0.9999998 -0.000604562 -0.000157252 1 2.31929e-05 -4.28782e-05 1 0 -0 1 0 -0 1 0 -0 1 0 -0 1 0 -0 1 0 -0 1 0 -1.62401e-07 1 -1.12042e-06 1.34685e-06 1 0 -0 1 0 -0 1 0 -0 1 0 -0 1 0 -0 1 0 -0 1 0 -0 1 0 -0 1 0 -0 1 0 -0 1 -2.11844e-05 -4.97987e-05 1 0 -1.90857e-07 1 0 -2.23364e-07 1 1.25496e-07 -2.58396e-07 1 1.85513e-07 -2.92349e-07 1 0 -0 1 0 -0 1 0 -0 1 0 -0 1 0 -0 1 1.71822e-06 7.46781e-06 1 -6.11648e-06 -1.3196e-06 1 -2.59202e-05 -6.43348e-05 1 0 -0 1 0 -0 1 0 -0 1 1.2784e-05 1.26277e-05 1 -3.27955e-06 2.03351e-05 1 -4.55475e-05 8.22557e-06 0.9999999 0.000326662 -3.63151e-05 1 0 -0 1 1.68419e-05 -2.16099e-05 1 3.87161e-06 -2.82785e-06 1 0 -0 1 0 -0 1 0 -0 1 0 -0 1 0 -0 1 0 -0 1 0 -0 1 0 -0 1 0 -0 1 2.55521e-07 -3.17094e-07 1 3.25541e-07 -3.21562e-07 1 0.000109637 5.20126e-05 1 -0.000151294 0.000109463 1 0 -0 1 0 -0 1 -6.06e-07 1.12556e-05 1 -1.42406e-05 -7.95805e-06 1 -2.32555e-05 -9.20976e-05 1 -5.69954e-07 -1.66018e-06 1 0 -0 1 0 -0 1 0 -0 1 0 -0 1 0 -0 1 0 -0 1 0 -0 1 0 -0 1 0 -0 1 0 -0 1 0 -0 1 0 -0 1 0 -0 1 0.000192068 4.8438e-05 0.9999993 -0.000447097 0.001101791 1 -3.90484e-05 6.71418e-06 1 1.34552e-07 -0 1 8.10297e-06 -1.27694e-05 1 7.82786e-06 -9.71414e-06 1 9.13026e-05 0.000126307 1 2.07145e-06 -2.44321e-05 1 4.79326e-06 -2.34785e-05 1 7.03463e-06 -1.99358e-05 1 0 -0 1 0 -0 1 0 -0 1 0.000157742 0.000192433 1 0 -0 1 1.90513e-06 -2.98847e-07 1 -7.05616e-05 6.50193e-06 1 -9.51834e-05 -0.000134393 1 -2.32291e-07 -0 1 -2.25394e-07 -0 1 -2.01542e-07 1.24456e-07 1 -7.35305e-06 -2.48505e-06 1 -6.74309e-07 5.30232e-07 1 -1.5188e-07 6.232e-07 1 0 -0 1 1.46292e-07 1.44504e-07 1 1.56312e-07 1.93979e-07 1 1.61781e-07 2.54951e-07 1 1.58311e-07 3.25848e-07 1 -4.35149e-07 -2.99995e-06 1 -1.57163e-06 -3.69448e-06 1 -2.94673e-06 7.43143e-07 1 -1.21308e-07 -9.19099e-07 1 6.95268e-07 -1.20838e-06 -1 0 -0 -1 0 -0 -1 0 -0 -1 0 -0 -1 0 -0 -1 0 -0 -1 0 -0 -1 0 -0 -1 0 -0 -0.9999997 0.000737634 -0.000338992 -0.9999997 -0.000751462 0.000464041 -1 0 -0 -1 0 -0 -1 0 -0 -1 1.39853e-05 9.99856e-07 -1 -1.49094e-05 -0.000144679 -1 2.15052e-06 3.39203e-06 -1 0 -0 -1 0 -0 -1 0.000211952 0.000181794 -1 0 -0 -1 0 -0 -1 0 -0 -1 0 -0 -1 0 -0 -1 0 -0 -1 0 -0 -1 0 -0 -1 0 -0 -1 0 -0 -1 0 -0 -1 0 -0 -1 0 -0 -1 0 -0 -1 0 -0 -1 0 -0 -1 0 -0 -1 0 -0 -1 0 -0 -1 0 -0 -1 0 -0 -1 0 -0 -1 0 -0 -1 0 -0 -1 0 -0 -1 0 -0 -1 0 -0 -1 0 -0 -1 0 -0 -1 0 -0 -1 0 -0 -1 0 -0 -1 0 -0 -1 0 -0 -1 0 -0 -1 0 -0 -1 0 -0 -1 -3.48824e-05 -7.6869e-05 -1 0 -0 -1 0 -0 -1 0 -0 -1 0 -0 -1 0 -0 -1 0 -0 -1 0 -0 -1 0 -0 -1 0 -0 -1 0 -0 -1 0 -0 -1 0 -0 -1 0 -0 -1 0 -0 -1 1.70947e-06 8.75103e-07 -1 9.56276e-06 -3.67906e-06 -1 3.49524e-05 -3.33184e-05 -1 0 -0 -1 0 -0 -1 0 -0 -1 0 -0 -1 -0.000194421 8.63757e-05 -1 0 -0 -1 -4.30808e-06 8.35483e-07 -1 0 -0 -1 0 -0 -1 0 -0 -1 0 -0 -1 0 -0 -1 0 -0 -1 0 -0 -1 0 -0 -1 0 -0 -0.9999989 -0.001382827 -0.000651088 -0.9999999 0.000355452 4.05153e-05 -1 0 -0 0 -0.7860813 0.6181232 0 -0.7860813 0.6181232 0 -0.711441 0.7027457 0 -0.711441 0.7027457 0 -0.6274551 0.7786527 0 -0.6274551 0.7786527 0 -0.5357903 0.8443511 0 -0.5357903 0.8443511 0 -0.4369966 0.8994632 0 -0.4369966 0.8994632 0 -0.3327555 0.9430132 0 -0.3327555 0.9430132 0 -0.2217113 0.9751123 0.00106287 -0.2242243 0.974537 -0.003539025 -0.08843249 0.9960759 0.002668082 -0.1126793 0.9936279 -0.000109912 0.9478319 0.3187704 0 0.9477436 0.319033 0 0.9047344 0.425976 0 0.9047344 0.425976 0 0.8508471 0.5254134 0 0.8508471 0.5254134 0 0.7860813 0.6181232 0 0.7860813 0.6181232 0 0.711441 0.7027457 0 0.711441 0.7027457 0 0.6274551 0.7786527 0 0.6274551 0.7786527 0 0.5357903 0.8443511 0 0.5357903 0.8443511 0 0.4369975 0.8994628 0.001657307 -0.9489765 0.3153424 0 -0.9476402 0.31934 0 -0.904734 0.4259769 0 -0.904734 0.4259769 0 -0.8508471 0.5254134 0 -0.8508471 0.5254134 -3.94254e-05 0.9999999 -0.000337167 0.003194749 -0.9999949 -6.69089e-05 -0.006043434 0.9999769 0.003102004 0.003397703 -0.6079432 0.7939733 -0.000321206 -0.999998 0.001927196 -0.003135442 0.4757007 -0.8796016 -0.002802491 0.4761767 -0.8793452 -0.002404808 0.1573871 -0.9875341 1.84259e-07 0.1463411 -0.9892342 1.84663e-07 -0.1308507 -0.9914022 0 -0.1308496 -0.9914022 0 -0.3819357 -0.9241889 0 -0.3819357 -0.9241889 0 -0.9915548 -0.1296879 0 -0.9915548 -0.1296879 0.01552957 0.4805429 0.8768337 0.001622617 0.6321229 0.7748665 0.02726775 0.836798 0.5468323 0.01202648 -0.03818595 0.9991983 0.004042923 -0.5122418 0.8588318 0.003323376 -0.511248 0.8594269 0.02912539 -0.7484248 0.6625797 0 -0.9915546 0.1296904 1.76127e-07 -0.9915543 0.1296914 -2.26495e-07 -0.9237726 0.3829416 0 -0.9237721 0.3829428 0 -0.7825765 0.6225546 0.002156138 -0.7763941 0.6302441 0 -0.6086289 -0.793455 0 -0.6086289 -0.793455 0 -0.7935866 -0.6084573 0 -0.7935866 -0.6084573 0 -0.9237728 -0.3829412 0 -0.9237728 -0.3829412 0.01646614 -0.5941316 -0.8041993 0.02787661 -0.5209989 -0.853102 0.00371176 -0.8173122 -0.5761831 0.006646335 -0.004704296 0.9999668 0.001304984 -0.964286 0.2648599 0.008561551 -0.9988299 0.0475986 -0.002584517 -0.9336034 0.358299 0.01558905 -0.8130879 0.5819321 0.01558506 -0.04233223 -0.998982 0.006798386 -0.1725954 -0.9849693 0.007740139 -0.956353 -0.2921115 0.02887749 -0.8521982 -0.5224216 0.01429265 -0.9895596 0.1434136 -0.002292037 0.7763934 0.6302444 0 0.7830256 0.6219894 0 0.9237726 0.3829416 0 0.9237726 0.3829416 0 0.9915545 0.1296901 0 0.9915544 0.1296907 0 0.9915543 -0.1296926 0 0.9915543 -0.129692 0 0.9237728 -0.3829412 0 0.9237728 -0.3829412 0.01717573 0.9610549 -0.2758234 0 0.1306979 -0.9914222 0 0.1306979 -0.9914222 0 -0.1474387 -0.9890711 0.002194762 -0.1573872 -0.9875346 -0.00236541 -0.9340453 0.3571467 0 -0.9300717 0.3673782 0.003943204 -0.4889428 -0.8723069 0.006247103 -0.4856671 -0.8741215 -0.003413856 0.5247184 0.8512691 0.005192518 0.5116013 0.8592073 0 -0.1308516 0.991402 0 -0.1308516 0.991402 0 0.1308516 0.991402 0 0.1308516 0.991402 0 0.381935 0.9241893 0 0.381935 0.9241893 0 0.6091977 0.7930184 2.10318e-07 0.6091988 0.7930176 0 0.7930189 0.609197 0 0.7930185 0.6091976 0 0.7930172 -0.6091993 0 0.7930172 -0.6091993 0 0.6091979 -0.7930183 0 0.6091979 -0.7930183 0 0.3823524 -0.9240166 0 0.3823524 -0.9240166 -0.000657645 0.9519621 -0.3062151 -0.006700932 0.9468563 -0.321587 5.39946e-07 0.7860809 -0.6181237 0 0.8508471 -0.5254135 0 0.8508472 -0.5254133 0 0.9055738 -0.4241889 -0.01004242 -0.7860416 -0.618092 -0.004492163 0.7717012 -0.6359694 0 -0.7930186 0.6091973 0 -0.7930188 0.6091971 0 -0.6091977 0.7930184 0 -0.6091977 0.7930184 0 -0.381935 0.9241893 0 -0.381935 0.9241893 -0.003258824 -0.9995335 0.03036743 0.003384888 -0.9998046 0.01947379 0.002896904 0.9994961 0.03161138 0.000170844 0.9996222 0.0274862 0.02504664 0.0776202 -0.9966683 0.017412 -0.002689182 -0.9998447 0.004530191 0.6460595 0.7632737 0.02839046 0.9174222 -0.3969009 0 0.6274551 -0.7786527 0 0.6274551 -0.7786527 0 0.711441 -0.7027457 0 0.711441 -0.7027457 0 0.7800679 -0.6256949 0.0225116 -0.9489042 -0.3147606 0.02070403 -0.9045407 -0.4258844 3.23415e-07 -0.9142542 -0.4051411 4.19425e-07 -0.8508471 -0.5254135 0 -0.8508474 -0.525413 0 -0.7852627 -0.6191627 -0.001344323 -0.9499888 -0.312281 0.004106581 -0.9472096 -0.3205885 0 0.9298242 0.368004 0.002493143 0.934045 0.3571467 0 -0.2242245 -0.9745375 0 -0.2242245 -0.9745375 0 -0.1126797 -0.9936314 0 -0.1126797 -0.9936314 0 -0.000310634 -1 0 -0.000310634 -1 0 0.1129863 -0.9935966 0 0.1129863 -0.9935966 0 0.2242244 -0.9745376 0 0.2242244 -0.9745376 0 0.3328528 -0.9429789 0 0.3328528 -0.9429789 0 0.4368746 -0.8995224 0 0.4368746 -0.8995224 0 0.5357903 -0.8443511 0 0.5357903 -0.8443511 0.001224696 -0.768157 -0.6402604 0 -0.7731785 -0.6341884 0 -0.711441 -0.7027457 0 -0.711441 -0.7027457 0 -0.6274551 -0.7786527 0 -0.6274551 -0.7786527 0 -0.5357903 -0.8443511 0 -0.5357903 -0.8443511 0 -0.4369975 -0.8994628 0 -0.4369975 -0.8994628 0 -0.3327555 -0.9430132 0 -0.3327555 -0.9430132 0.00830233 0.7271317 -0.6864478 0.0153495 0.828985 -0.5590601 0.000899529 0.3700402 -0.9290153 0.01994639 0.7510728 0.6599181 0.01265698 0.9662356 0.2573491 -0.00075433 0.9899879 0.1411503 0 0.4369975 0.8994628 0 0.3327555 0.9430132 0 0.3327555 0.9430132 0 0.2242245 0.9745375 0.001445472 0.220504 0.975385 -0.003054022 0.1038579 0.9945874 0 -0.000310634 1 0 -0.000310634 1 0 0.1129863 0.9935966 0 0.2694953 0.9630017 0 -0.3986862 0.9170874 0 -0.2694953 0.9630017 0 -0.2694953 0.9630017 0 -0.1363915 0.990655 0 -0.1363915 0.990655 0 0 1 0 0 1 0 0.1363426 0.9906617 0 0.1363426 0.9906617 0 0.2694953 0.9630017 0 -0.3986862 0.9170874 0 0.387911 0.9216968 0.003799557 0.3986834 0.9170808 0.003741741 0.529214 0.8484802 0 0.5193944 0.8545346 0 0.6310434 0.7757475 0 0.6310434 0.7757475 0 0.7309949 0.682383 0 0.7309949 0.682383 0 0.8169078 0.5767682 0 -0.8878039 0.460222 0 -0.9976731 0.06817924 0 -0.9976731 0.06817924 0 -0.941973 0.3356887 0 0.8169078 0.5767682 0 -0.8878039 0.460222 0 -0.8169072 0.5767691 0 -0.8169072 0.5767691 0 -0.7309952 0.6823826 0 -0.7309952 0.6823826 0 -0.631043 0.7757478 0 -0.631043 0.7757478 0 -0.5193944 0.8545346 0 -0.5193944 0.8545346 0 -0.1945842 -0.9808858 0 0.3208895 -0.9471166 0 0.3208895 -0.9471166 0 0.1945118 -0.9809001 0 0.1945118 -0.9809001 0 0.06523454 -0.99787 0 0.06523454 -0.99787 0 -0.06523454 -0.99787 0 -0.06523454 -0.99787 0 -0.1945842 -0.9808858 0 0.4414399 -0.8972908 0.000736952 -0.8738034 -0.4862788 0 -0.8729411 -0.4878255 0 -0.7967293 -0.6043363 0 -0.7967293 -0.6043363 0 -0.3207743 -0.9471557 0 -0.3207743 -0.9471557 0 -0.4414401 -0.8972908 -0.007812201 -0.436102 -0.8998634 -0.007904827 -0.5547702 -0.8319661 0 0.8932097 -0.4496402 0 0.887804 0.4602217 0 0.887804 0.4602217 0 0.9421758 0.3351191 0 0.9976731 0.06817924 -0.003049671 0.9969834 0.07755494 -0.001138627 0.8935655 -0.4489313 0 0.830296 -0.5573226 0 0.830296 -0.5573226 0 0.7506231 -0.6607307 0 0.7506231 -0.6607307 0 0.6583166 -0.7527412 0 0.6583166 -0.7527412 0 0.554525 -0.8321671 0 0.554525 -0.8321671 0 0.4414399 -0.8972908 0.009643673 0.9790282 0.2034959 -0.000358562 0.9707645 0.2400334 0.000117154 0.9422986 0.3347737 -0.02223199 0.978498 0.2050549 -0.001072287 -0.9858511 0.1676201 0.000648499 -0.9716145 0.2365688 -0.02470928 -0.9787749 0.2034432 -0.000529671 -0.9741109 0.2260704 0.008761346 -0.9790362 0.2034976 0.005018711 -0.9999637 -0.006885111 0.001182734 -0.5750485 -0.8181185 -0.003832101 -0.4961065 -0.8682533 -0.006608188 0.1808016 -0.9834974 -0.01642686 0.06998658 -0.9974128 0.005428791 0.3728196 -0.927888 -0.005705296 0.6271998 -0.7788375 0.005627751 0.7779183 -0.6283403 -0.005022943 0.9267092 -0.3757457 0.004054605 0.9820321 -0.1886707 0.003297984 -0.8632601 -0.5047484 0 0.595831 -0.8031098 0 0.4764922 -0.8791787 0 0.4764922 -0.8791787 0 0.3473893 -0.937721 0 0.3473893 -0.937721 -0.001182973 -0.8181164 -0.5750515 0 0.595831 -0.8031098 -0.002887785 -0.9511493 -0.3087178 0 -0.3473893 -0.937721 0 -0.3473893 -0.937721 0 -0.4764928 -0.8791783 0 0.7034633 -0.7107316 0.007400214 0.6902474 -0.7235356 -0.004691779 -0.1403151 -0.9900958 0 -1 -5.25072e-05 0.002509355 -0.401921 -0.9156708 0.008684456 0.627375 -0.7786688 -0.000663055 0.9999995 -0.000798321 0 -0.658102 -0.7529288 -0.00305885 0.9999867 -0.004163265 0 -0.5597661 -0.8286506 0 -0.4764928 -0.8791783 0 -0.595831 -0.8031098 0 -0.595831 -0.8031098 0 -0.7034633 -0.7107316 0 -0.7034633 -0.7107316 -0.006164371 0.01541227 -0.9998623 -0.00809735 0.008613467 -0.9999302 -0.01115489 -0.02648621 -0.9995869 -0.00895673 -0.01805812 -0.9997969 -0.008609414 0.8741008 -0.4856684 0 0.8645942 -0.5024708 0 0.8075307 -0.5898255 0.007298767 0.7967081 -0.6043201 0 0.2110959 -0.9774653 0 0.2110959 -0.9774653 0 0.07075768 -0.9974935 0 -0.658102 -0.7529288 0 -0.7506234 -0.6607303 0 -0.7506234 -0.6607303 0 -0.830296 -0.5573226 0 -0.830296 -0.5573226 0 -0.8937712 -0.4485231 -0.007862448 -0.8913021 -0.4533419 -0.00521332 -0.5436494 -0.8392962 0 -0.2110959 -0.9774653 0 -0.2110959 -0.9774653 0 -0.07075768 -0.9974935 0 -0.07075768 -0.9974935 0 0.07075768 -0.9974935 1 0 -0 1 0 -0 1 0 -0 1 -3.11463e-05 -1.67674e-05 1 0 -0 1 3.2696e-05 -3.91079e-06 1 0 -0 0.9999995 -0.00034823 -0.000886345 0.9999996 -0.000917258 0.000107671 0.9999944 -0.001386821 0.003059089 1 1.17482e-05 3.96683e-05 1 3.77467e-06 3.28863e-06 1 0 -0 1 0 -0 1 0 -0 1 -1.41341e-05 -8.00105e-06 1 0 -0 1 6.85503e-06 4.22476e-05 1 0 -0 1 0 -0 1 0 -0 1 2.42693e-05 -2.71362e-05 0.9999997 0.000512165 -0.000572665 0.9999953 -0.001506209 0.002657651 1 0 -0 1 -0.000217025 -5.80958e-05 1 0 -0 1 0 -0 1 -0.000146416 -6.48827e-05 1 -3.5362e-05 -2.18366e-05 0.9999997 0.000275284 -0.000606917 1 0 -0 1 0 -0 1 0 -0 1 0 -0 1 0 -0 1 0 -0 1 0 -0 1 1.73045e-05 -1.36118e-05 1 -4.63997e-05 -3.65851e-05 1 1.9882e-07 -5.44589e-06 1 -9.87995e-06 6.10851e-06 -1 0 -7.05823e-07 -1 0 -0 -1 0 -0 -1 0 -0 -1 0 -0 -1 0 -0 -1 0 -0 -1 0 -0 -1 0 -0 -1 0 -0 -1 0 -0 -1 0 -0 -1 0 -0 -1 0 -0 -1 0 -0 -1 0 -7.68678e-07 -1 -1.19263e-05 2.62595e-06 -1 0 -0 -1 0 -0 -1 0 -0 -1 0 -0 -1 0 -0 -1 0 -0 -1 0 -0 -1 0 -0 -1 0 -0 -1 0 -0 -1 0 -0 -1 0 -0 -1 0 -0 -1 0 -0 -1 0 -0 -1 0 -0 -1 -5.08544e-05 6.59686e-05 1 0 -0 0.008839547 -0.9733448 0.2291766 1 0 -0 1 -8.20428e-06 5.69774e-05 1 -2.99404e-06 2.99216e-05 0.000393029 -0.9999995 0.000942374 -0.000396105 -1 -3.58933e-06 -0.0006375 -0.9999998 7.40968e-06 -9.43003e-07 -1 1.53806e-05 9.99084e-07 -0.9999996 -0.000996775 0.001102149 -0.9999984 -0.001429975 -4.44601e-05 -0.9999996 0.000972215 2.73828e-05 -1 7.80528e-07 0.9998875 0.003318905 -0.01462978 0.9999336 0.002072632 -0.01134318 0.9999547 -0.009347677 0.001823306 0.7839464 -0.005819022 0.6208012 0.7617431 0.005802989 0.6478533 0.5104186 -0.004942119 0.8599119 0.4937956 0 0.869578 0.2722128 -0.000629868 -0.962237 0.27477 0 -0.96151 0.9998885 0.00235939 -0.01474434 0.9998991 0.001818835 -0.01409 0.7617432 -0.005802989 -0.6478531 0.7839465 0.005819022 -0.6208011 0.9484046 -0.005487442 -0.3170151 0.9550985 0.001173436 -0.2962862 0.4603931 0.008226931 -0.8876771 0.9550985 -0.001173436 0.2962861 0.9484047 0.005487442 0.317015 -0.927768 0.01251804 -0.3729475 -0.5813337 -0.07233315 -0.8104438 0.4331208 0.02140784 0.9010816 0.4326614 0.02143973 0.9013016 0.8873606 0.0382573 0.4594863 0.4937956 0 -0.869578 0.5104187 0.004942178 -0.8599119 0.7093451 0.04217487 -0.7035985 -0.8828371 -0.02339226 0.4690966 -0.827839 0.000140081 0.5609657 0.6087089 0.02025943 0.7931349 0.3812476 -0.0187233 0.9242834 0.9865169 0.006691336 0.1635224 0.3843152 0.01903021 -0.9230058 0.6037585 -0.02121555 -0.796885 0.7928944 0.02019804 -0.6090244 0.9264736 -0.01951456 -0.3758534 0.452019 0.007060408 0.8919803 0.4258357 0.00270015 0.9047965 0.849915 0.00788033 0.5268608 0.8311645 0.0023548 0.5560215 -0.7436458 -0.015513 -0.6683937 -0.6683939 0.015513 -0.7436457 0.9210541 0.01780474 0.3890275 0.796939 -0.02122902 0.6036866 0.9187158 -0.002106845 -0.3949137 0.9020735 0.004296183 -0.4315612 -0.5688829 -0.009902536 -0.8223589 -0.452872 0.009724676 -0.8915225 -0.4159969 -0.004420161 -0.9093553 -0.2139028 0.00487405 -0.9768428 -0.1962845 -0.002569794 -0.9805437 -0.9506186 -0.01552033 0.3099734 -0.9781894 0.01550501 0.2071354 -0.996622 -0.009902298 0.08152651 -0.9986239 0.009459435 -0.05158311 -0.9969757 0.000215473 -0.07771509 -0.953662 -0.01867228 -0.3003002 -0.9651152 0 -0.2618257 -0.8968597 0 -0.442315 -0.8834887 -0.007188916 -0.4683974 -0.8223588 0.009902536 -0.568883 -0.2161789 -0.00477302 0.9763421 -0.4159969 0.004420101 0.9093554 -0.4528719 -0.009724617 0.8915227 -0.5688829 0.009902596 0.8223589 -0.6683939 -0.015513 0.7436457 -0.7436458 0.015513 0.6683937 -0.837976 -0.01552569 0.5454862 -0.8914571 0.01553654 0.4528387 0.4548178 0.02261036 -0.8902974 0.5520003 -5.92503e-05 -0.8338439 -0.187929 0.006670951 0.98216 -0.001001954 0.000621019 -0.9999994 0.001650333 -0.05543321 -0.9984611 -0.001435577 -0.009325265 -0.9999555 -3.70938e-05 0.006549179 -0.9999786 0.000501941 0.000579884 -0.9999998 -0.9994672 -0.03249883 -0.003030717 -0.9999936 0.003484249 0.000760972 -0.005239963 -0.02781963 0.9995993 -0.006781816 -0.02428239 0.9996821 0.9998154 -0.002342641 0.01907318 0.9998022 -0.002868473 0.01968538 0.275616 0 0.9612678 0.2683623 0.001769125 0.9633163 0.001538991 0.001948714 0.9999969 0.00864613 0.008741021 0.9999244 0.01827812 -0.003554761 -0.9998267 -0.004167079 0.01768338 -0.999835 -0.008998155 -0.035299 0.9993363 -0.000192502 0.002538979 0.9999968 0 1 -0 0 1 -0 0.000199479 1 7.07003e-05 0 1 -0 0 1 -0 0 1 -0 -4.12435e-06 1 1.4579e-05 -0.000210217 0.9999983 -0.001810908 -0.002561688 0.9999865 -0.004533171 -8.87538e-06 1 3.94507e-05 -2.3623e-05 1 1.48717e-05 -1.26585e-06 1 -3.62268e-06 2.18417e-07 1 -0 1.7528e-07 1 -2.67841e-07 0 1 -0 0 1 -0 0 1 -0 0 1 -0 0.000121159 0.9999998 -0.000416683 0.00023424 0.999999 -0.001416027 1.5456e-07 1 -4.46475e-07 1.73641e-07 1 -2.18993e-07 0 1 -0 4.35854e-05 1 -0.000123007 2.03893e-07 1 -1.22986e-07 1.88121e-07 1 -1.89515e-07 -0.001039087 0.9999973 -0.002079129 0 1 -0 0 1 -0 0 1 -0 0 1 -0 0 1 -0 0 1 -0 0 1 -0 0 1 -0 0.000842584 0.9999994 -0.000795274 -2.88216e-05 1 0.000102362 0 1 -0 0 1 -0 0 1 -0 0 1 -0 -0.000981789 0.9999995 0.000331335 0 1 -0 3.29073e-07 1 2.618e-06 -0.000436884 0.9999996 -0.000860049 7.50146e-07 1 7.78116e-07 3.77402e-05 1 -0 -8.3295e-05 1 -1.16716e-05 -4.00925e-05 1 7.9103e-05 -4.50402e-06 1 -2.2213e-06 -1.68318e-07 1 -4.94417e-06 0 1 -0 0 1 -0 1.79748e-06 1 -4.27716e-06 -4.67551e-05 1 -6.98186e-05 4.2385e-07 1 -2.03214e-06 2.32956e-07 1 -0 0 1 -0 0 -1 -0 1.43617e-05 -1 2.73537e-06 0 -1 -0 -0.000168868 -1 1.79594e-05 0 -1 -0 2.22899e-06 -1 1.94619e-05 -3.75788e-05 -1 -3.37761e-05 0 -1 -0 -0.000102913 -0.9999814 0.006109714 0.000150638 -1 6.89868e-05 0 -1 -0 0.000166859 -0.9999436 0.01062202 0 -1 -0 0 -1 -0 0 -1 -0 0 1 -0 0 1 -0 0 1 -0 0 1 -0 -0.000795359 0.9999997 -0.000379667 -0.000349447 0.9999994 0.001094877 -0.00056318 0.9999994 0.000951867 0.000666452 0.9999997 0.000510629 0 1 -0 0 1 -0 0 1 -0 0 1 -0 0 1 -0 0 1 -0 0 1 -0 0 1 -0 -0.000666452 0.9999997 -0.000510629 0 1 -0 0 1 -0 0 1 -0 0 1 -0 0 1 -0 0 1 -0 0 1 -0 0 1 -0 0 1 -0 0 1 -0 0 1 -0 0 1 -0 0 1 -0 0 1 -0 0 1 -0 0 1 -0 0 1 -0 0 1 -0 0 1 -0 0 1 -0 0 1 -0 0 1 -0 0 1 -0 0 1 -0 0 1 -0 0 1 -0 0 1 -0 0 1 -0 0.000563179 0.9999994 -0.000951867 0.000349447 0.9999994 -0.001094877 0.000795358 0.9999996 0.000379668 0.9636906 0.1289175 -0.2338388 -0.8582745 0.0432828 0.5113624 -0.8546935 0.06094765 0.5155429 -0.9391393 -0.08677643 0.332396 -0.9636906 0.1289171 0.233839 -0.9897844 -0.128934 0.06085121 -0.9897847 0.1289324 -0.06085044 -0.9636904 -0.1289175 -0.2338401 -0.9391392 0.0867775 -0.3323962 -0.8546936 -0.06094843 -0.5155427 0.9391393 -0.08677697 -0.3323962 0.8546937 0.06094694 -0.5155428 0.9897844 0.1289342 0.06085044 0.9897844 -0.1289342 -0.06085044 0.8582746 0.04328233 -0.5113623 -0.5416945 0.01750528 0.8403931 -0.5475842 0 0.8367506 -0.6940494 0 0.7199274 -0.7040104 -0.03694188 0.7092283 0.7040103 -0.03694224 -0.7092283 0.6940492 0 -0.7199276 0.5475842 0 -0.8367506 0.5416944 0.01750552 -0.8403931 0.3269216 -0.03584402 -0.9443715 0.3142585 0 -0.9493374 0.1297505 0 -0.9915466 0.1152276 0.03682017 -0.9926565 -0.1152276 -0.03682017 -0.9926565 -0.1297505 0 -0.9915466 -0.3142579 0 -0.9493376 0.3269211 0.03586435 0.9443709 0.3142552 0 0.9493386 0.1297504 0 0.9915466 0.1152277 -0.03681993 0.9926565 -0.1152277 0.03681993 0.9926565 -0.1297504 0 0.9915466 -0.3142583 0 0.9493375 -0.3269213 -0.03584378 0.9443716 0.5416914 -0.01751428 0.8403949 0.6940494 0 0.7199274 0.7040104 0.03694188 0.7092283 0.9636905 -0.128918 0.2338391 0.9391393 0.08677744 0.3323962 0.8546935 -0.06094777 0.5155428 0.8582745 -0.04328286 0.5113623 0.5475842 0 0.8367506 -0.3269214 0.03586238 -0.9443708 -0.7040103 0.03694224 -0.7092283 -0.6940492 0 -0.7199276 -0.5475842 0 -0.8367506 -0.5416926 -0.01751083 -0.8403943 -0.8582748 -0.04328244 -0.511362 -6.53864e-07 1 -0 0.007671058 0.9999705 0.000533584 1.30344e-05 1 -1.00118e-05 -5.48171e-07 1 1.70051e-07 1.96661e-06 1 3.34496e-06 2.15752e-06 1 1.96462e-05 0.002095937 0.9989489 0.04579031 1.15845e-06 1 3.39314e-06 3.60445e-05 1 -6.07248e-05 1.38199e-05 1 -1.09439e-05 3.05572e-06 1 4.23498e-06 1.36806e-06 1 -3.0408e-06 -0.000232495 0.9999301 -0.01182258 -0.004944086 0.9829432 0.1838426 -7.22883e-06 1 4.70929e-06 0 1 -0 0 1 -0 0 1 -0 0 1 -0 0.003241062 0.9999938 0.001368939 -0.5092014 -0.004687726 0.8606346 -0.3040449 0 0.9526577 -0.2886646 0.004696786 0.9574187 -0.9778382 -0.01107692 0.209069 -0.4953218 0 0.8687096 -0.7457184 -0.005521833 0.6662385 -0.725767 0.005515336 0.6879186 0.9072586 0.007804274 -0.4205009 0.9098033 0.005531847 -0.4150027 0.7457184 -0.005522012 -0.6662384 0.7257667 0.005515277 -0.6879188 0.5092013 -0.004687964 -0.8606347 0.0147376 0.005512177 0.9998762 0.2886645 -0.004696547 0.9574187 0.3040448 0 0.9526578 0.4953216 0 0.8687096 0.5092014 0.004687964 0.8606346 0.7257667 -0.005515277 0.6879189 0.7457183 0.005521893 0.6662386 0.9098033 -0.005531847 0.4150028 0.9072586 -0.007804274 0.4205008 -0.9072586 0.007804334 0.4205009 -0.9098033 0.005531907 0.4150029 -0.4953215 0 -0.8687098 -0.5092012 0.004687786 -0.8606347 -0.7257667 -0.005515336 -0.6879187 0.9778381 0.01107698 0.209069 -0.2886643 -0.004696846 -0.9574188 -0.3040448 0 -0.9526578 0.9951238 -0.01649445 0.09724479 0.01473736 -0.005512058 -0.9998762 -0.9098033 -0.005531847 -0.4150028 -0.9778382 0.01107692 -0.209069 -0.9072585 -0.007804334 -0.4205011 0.3040448 0 -0.9526577 -0.01473766 0.005511939 -0.9998762 -0.7457184 0.005521893 -0.6662384 0.2886643 0.004696607 -0.9574189 0.4953216 0 -0.8687096 0.9778382 -0.01107698 -0.209069 0.9951238 0.01649445 -0.09724479 -0.9951238 -0.01649445 -0.09724479 -0.9951238 0.01649445 0.09724473 -0.0147376 -0.005511939 0.9998762 0 1 -0 0 1 -0 0 1 -0 0 1 -0 0 1 -0 0 1 -0 0 1 -0 0 1 -0 0 1 -0 0 1 -0 0 1 -0 0 1 -0 0 1 -0 0 1 -0 0 1 -0 0 1 -0 0 1 -0 0 1 -0 0 1 -0 0 1 -0 0.005208849 0.01496469 0.9998745 0.9999489 -0.008195042 -0.00592935 -0.000132186 -1 -7.00809e-05 0.000393029 0.9999995 -0.000942374 -0.000396105 1 3.58933e-06 -0.0006375 0.9999998 -7.40968e-06 -9.43003e-07 1 -1.53806e-05 9.99084e-07 0.9999996 0.000996775 0.001102149 0.9999984 0.001429975 -4.44601e-05 0.9999996 -0.000972215 2.73828e-05 1 -7.80528e-07 0.9998875 -0.003318905 0.01462978 0.9999336 -0.002072632 0.01134318 0.9999547 0.009347677 -0.001823306 0.7839464 0.005819022 -0.6208012 0.7617431 -0.005802989 -0.6478533 0.5104186 0.004942119 -0.8599119 0.4937956 0 -0.869578 0.2722128 0.000629868 0.962237 0.27477 0 0.96151 0.9998885 -0.00235939 0.01474434 0.9998991 -0.001818835 0.01409 0.7617432 0.005802989 0.6478531 0.7839465 -0.005819022 0.6208011 0.9484046 0.005487442 0.3170151 0.9550985 -0.001173436 0.2962862 0.4603931 -0.008226931 0.8876771 0.9550985 0.001173436 -0.2962861 0.9484047 -0.005487442 -0.317015 -0.927768 -0.01251804 0.3729475 -0.5813337 0.07233315 0.8104438 0.4331208 -0.02140784 -0.9010816 0.4326614 -0.02143973 -0.9013016 0.8873606 -0.0382573 -0.4594863 0.4937956 0 0.869578 0.5104187 -0.004942178 0.8599119 0.7093451 -0.04217487 0.7035985 -0.8828371 0.02339226 -0.4690966 -0.827839 -0.000140081 -0.5609657 0.6087089 -0.02025943 -0.7931349 0.3812476 0.0187233 -0.9242834 0.9865169 -0.006691336 -0.1635224 0.3843152 -0.01903021 0.9230058 0.6037585 0.02121555 0.796885 0.7928944 -0.02019804 0.6090244 0.9264736 0.01951456 0.3758534 0.452019 -0.007060408 -0.8919803 0.4258357 -0.00270015 -0.9047965 0.849915 -0.00788033 -0.5268608 0.8311645 -0.0023548 -0.5560215 -0.7436458 0.015513 0.6683937 -0.6683939 -0.015513 0.7436457 0.9210541 -0.01780474 -0.3890275 0.796939 0.02122902 -0.6036866 0.9187158 0.002106845 0.3949137 0.9020735 -0.004296183 0.4315612 -0.5688829 0.009902536 0.8223589 -0.452872 -0.009724676 0.8915225 -0.4159969 0.004420161 0.9093553 -0.2139028 -0.00487405 0.9768428 -0.1962845 0.002569794 0.9805437 -0.9506186 0.01552033 -0.3099734 -0.9781894 -0.01550501 -0.2071354 -0.996622 0.009902298 -0.08152651 -0.9986239 -0.009459435 0.05158311 -0.9969757 -0.000215473 0.07771509 -0.953662 0.01867228 0.3003002 -0.9651152 0 0.2618257 -0.8968597 0 0.442315 -0.8834887 0.007188916 0.4683974 -0.8223588 -0.009902536 0.568883 -0.2161789 0.00477302 -0.9763421 -0.4159969 -0.004420101 -0.9093554 -0.4528719 0.009724617 -0.8915227 -0.5688829 -0.009902596 -0.8223589 -0.6683939 0.015513 -0.7436457 -0.7436458 -0.015513 -0.6683937 -0.837976 0.01552569 -0.5454862 -0.8914571 -0.01553654 -0.4528387 0.4548178 -0.02261036 0.8902974 0.5520003 5.92503e-05 0.8338439 -0.187929 -0.006670951 -0.98216 -0.001001954 -0.000621019 0.9999994 0.001650333 0.05543321 0.9984611 -0.001435577 0.009325265 0.9999555 -3.70938e-05 -0.006549179 0.9999786 0.000501941 -0.000579884 0.9999998 -0.9994672 0.03249883 0.003030717 -0.9999936 -0.003484249 -0.000760972 -0.005239963 0.02781963 -0.9995993 -0.006781816 0.02428239 -0.9996821 0.9998154 0.002342641 -0.01907318 0.9998022 0.002868473 -0.01968538 0.275616 0 -0.9612678 0.2683623 -0.001769125 -0.9633163 0.001538991 -0.001948714 -0.9999969 0.00864613 -0.008741021 -0.9999244 0.01827812 0.003554761 0.9998267 -0.004167079 -0.01768338 0.999835 -0.008998155 0.035299 -0.9993363 -0.000192502 -0.002538979 -0.9999968 0 -1 -0 0 -1 -0 0.000199479 -1 -7.07003e-05 0 -1 -0 0 -1 -0 0 -1 -0 -4.12435e-06 -1 -1.4579e-05 -0.000210217 -0.9999983 0.001810908 -0.002561688 -0.9999865 0.004533171 -8.87538e-06 -1 -3.94507e-05 -2.3623e-05 -1 -1.48717e-05 -1.26585e-06 -1 3.62268e-06 2.18417e-07 -1 -0 1.7528e-07 -1 2.67841e-07 0 -1 -0 0 -1 -0 0 -1 -0 0 -1 -0 0.000121159 -0.9999998 0.000416683 0.00023424 -0.999999 0.001416027 1.5456e-07 -1 4.46475e-07 1.73641e-07 -1 2.18993e-07 0 -1 -0 4.35854e-05 -1 0.000123007 2.03893e-07 -1 1.22986e-07 1.88121e-07 -1 1.89515e-07 -0.001039087 -0.9999973 0.002079129 0 -1 -0 0 -1 -0 0 -1 -0 0 -1 -0 0 -1 -0 0 -1 -0 0 -1 -0 0 -1 -0 0.000842584 -0.9999994 0.000795274 -2.88216e-05 -1 -0.000102362 0 -1 -0 0 -1 -0 0 -1 -0 0 -1 -0 -0.000981789 -0.9999995 -0.000331335 0 -1 -0 3.29073e-07 -1 -2.618e-06 -0.000436884 -0.9999996 0.000860049 7.50146e-07 -1 -7.78116e-07 3.77402e-05 -1 -0 -8.3295e-05 -1 1.16716e-05 -4.00925e-05 -1 -7.9103e-05 -4.50402e-06 -1 2.2213e-06 -1.68318e-07 -1 4.94417e-06 0 -1 -0 0 -1 -0 1.79748e-06 -1 4.27716e-06 -4.67551e-05 -1 6.98186e-05 4.2385e-07 -1 2.03214e-06 2.32956e-07 -1 -0 0 -1 -0 0 1 -0 1.43617e-05 1 -2.73537e-06 0 1 -0 -0.000168868 1 -1.79594e-05 0 1 -0 2.22899e-06 1 -1.94619e-05 -3.75788e-05 1 3.37761e-05 0 1 -0 -0.000102913 0.9999814 -0.006109714 0.000150638 1 -6.89868e-05 0 1 -0 0.000166859 0.9999436 -0.01062202 0 1 -0 0 1 -0 0 1 -0 0 -1 -0 0 -1 -0 0 -1 -0 0 -1 -0 -0.000795359 -0.9999997 0.000379667 -0.000349447 -0.9999994 -0.001094877 -0.00056318 -0.9999994 -0.000951867 0.000666452 -0.9999997 -0.000510629 0 -1 -0 0 -1 -0 0 -1 -0 0 -1 -0 0 -1 -0 0 -1 -0 0 -1 -0 0 -1 -0 -0.000666452 -0.9999997 0.000510629 0 -1 -0 0 -1 -0 0 -1 -0 0 -1 -0 0 -1 -0 0 -1 -0 0 -1 -0 0 -1 -0 0 -1 -0 0 -1 -0 0 -1 -0 0 -1 -0 0 -1 -0 0 -1 -0 0 -1 -0 0 -1 -0 0 -1 -0 0 -1 -0 0 -1 -0 0 -1 -0 0 -1 -0 0 -1 -0 0 -1 -0 0 -1 -0 0 -1 -0 0 -1 -0 0 -1 -0 0 -1 -0 0.000563179 -0.9999994 0.000951867 0.000349447 -0.9999994 0.001094877 0.000795358 -0.9999996 -0.000379668 0.9636906 -0.1289175 0.2338388 -0.8582745 -0.0432828 -0.5113624 -0.8546935 -0.06094765 -0.5155429 -0.9391393 0.08677643 -0.332396 -0.9636906 -0.1289171 -0.233839 -0.9897844 0.128934 -0.06085121 -0.9897847 -0.1289324 0.06085044 -0.9636904 0.1289175 0.2338401 -0.9391392 -0.0867775 0.3323962 -0.8546936 0.06094843 0.5155427 0.9391393 0.08677697 0.3323962 0.8546937 -0.06094694 0.5155428 0.9897844 -0.1289342 -0.06085044 0.9897844 0.1289342 0.06085044 0.8582746 -0.04328233 0.5113623 -0.5416945 -0.01750528 -0.8403931 -0.5475842 0 -0.8367506 -0.6940494 0 -0.7199274 -0.7040104 0.03694188 -0.7092283 0.7040103 0.03694224 0.7092283 0.6940492 0 0.7199276 0.5475842 0 0.8367506 0.5416944 -0.01750552 0.8403931 0.3269216 0.03584402 0.9443715 0.3142585 0 0.9493374 0.1297505 0 0.9915466 0.1152276 -0.03682017 0.9926565 -0.1152276 0.03682017 0.9926565 -0.1297505 0 0.9915466 -0.3142579 0 0.9493376 0.3269211 -0.03586435 -0.9443709 0.3142552 0 -0.9493386 0.1297504 0 -0.9915466 0.1152277 0.03681993 -0.9926565 -0.1152277 -0.03681993 -0.9926565 -0.1297504 0 -0.9915466 -0.3142583 0 -0.9493375 -0.3269213 0.03584378 -0.9443716 0.5416914 0.01751428 -0.8403949 0.6940494 0 -0.7199274 0.7040104 -0.03694188 -0.7092283 0.9636905 0.128918 -0.2338391 0.9391393 -0.08677744 -0.3323962 0.8546935 0.06094777 -0.5155428 0.8582745 0.04328286 -0.5113623 0.5475842 0 -0.8367506 -0.3269214 -0.03586238 0.9443708 -0.7040103 -0.03694224 0.7092283 -0.6940492 0 0.7199276 -0.5475842 0 0.8367506 -0.5416926 0.01751083 0.8403943 -0.8582748 0.04328244 0.511362 -6.53864e-07 -1 -0 0.007671058 -0.9999705 -0.000533584 1.30344e-05 -1 1.00118e-05 -5.48171e-07 -1 -1.70051e-07 1.96661e-06 -1 -3.34496e-06 2.15752e-06 -1 -1.96462e-05 0.002095937 -0.9989489 -0.04579031 1.15845e-06 -1 -3.39314e-06 3.60445e-05 -1 6.07248e-05 1.38199e-05 -1 1.09439e-05 3.05572e-06 -1 -4.23498e-06 1.36806e-06 -1 3.0408e-06 -0.000232495 -0.9999301 0.01182258 -0.004944086 -0.9829432 -0.1838426 -7.22883e-06 -1 -4.70929e-06 0 -1 -0 0 -1 -0 0 -1 -0 0 -1 -0 0.003241062 -0.9999938 -0.001368939 -0.5092014 0.004687726 -0.8606346 -0.3040449 0 -0.9526577 -0.2886646 -0.004696786 -0.9574187 -0.9778382 0.01107692 -0.209069 -0.4953218 0 -0.8687096 -0.7457184 0.005521833 -0.6662385 -0.725767 -0.005515336 -0.6879186 0.9072586 -0.007804274 0.4205009 0.9098033 -0.005531847 0.4150027 0.7457184 0.005522012 0.6662384 0.7257667 -0.005515277 0.6879188 0.5092013 0.004687964 0.8606347 0.0147376 -0.005512177 -0.9998762 0.2886645 0.004696547 -0.9574187 0.3040448 0 -0.9526578 0.4953216 0 -0.8687096 0.5092014 -0.004687964 -0.8606346 0.7257667 0.005515277 -0.6879189 0.7457183 -0.005521893 -0.6662386 0.9098033 0.005531847 -0.4150028 0.9072586 0.007804274 -0.4205008 -0.9072586 -0.007804334 -0.4205009 -0.9098033 -0.005531907 -0.4150029 -0.4953215 0 0.8687098 -0.5092012 -0.004687786 0.8606347 -0.7257667 0.005515336 0.6879187 0.9778381 -0.01107698 -0.209069 -0.2886643 0.004696846 0.9574188 -0.3040448 0 0.9526578 0.9951238 0.01649445 -0.09724479 0.01473736 0.005512058 0.9998762 -0.9098033 0.005531847 0.4150028 -0.9778382 -0.01107692 0.209069 -0.9072585 0.007804334 0.4205011 0.3040448 0 0.9526577 -0.01473766 -0.005511939 0.9998762 -0.7457184 -0.005521893 0.6662384 0.2886643 -0.004696607 0.9574189 0.4953216 0 0.8687096 0.9778382 0.01107698 0.209069 0.9951238 -0.01649445 0.09724479 -0.9951238 0.01649445 0.09724479 -0.9951238 -0.01649445 -0.09724473 -0.0147376 0.005511939 -0.9998762 0 -1 -0 0 -1 -0 0 -1 -0 0 -1 -0 0 -1 -0 0 -1 -0 0 -1 -0 0 -1 -0 0 -1 -0 0 -1 -0 0 -1 -0 0 -1 -0 0 -1 -0 0 -1 -0 0 -1 -0 0 -1 -0 0 -1 -0 0 -1 -0 0 -1 -0 0 -1 -0 0.005208849 -0.01496469 -0.9998745 0.9999489 0.008195042 0.00592935 -0.000132186 1 7.00809e-05 -0.002373635 -0.9999972 9.25229e-05 -0.001442313 -0.9999988 -0.000570789 0.002954304 0.7452986 -0.6667244 -0.002948284 0.7253658 -0.6883573 0.002948284 -0.7253645 -0.6883587 -0.002954244 -0.7452971 -0.6667259 0.002513408 -0.9000787 -0.4357202 0 -0.9069945 -0.4211428 0 -0.972283 -0.2338074 -0.000702603 -0.9734432 -0.2289276 0.001194953 -0.9999991 -0.000571229 0.000512513 -0.9999999 -0.000260488 0.001829087 -0.9747689 0.2232088 0 -0.9716016 0.2366226 -0.008835852 0.1790769 0.9837954 0.005927443 0.2893098 0.9572172 0.001523435 0.9742365 -0.2255237 0 0.9715713 -0.2367471 0 0.9069957 -0.4211398 -0.002513349 0.9000801 -0.4357172 0 -0.4800025 -0.8772671 -0.005109608 -0.5026307 -0.8644862 0.002703607 -0.3086029 0.9511871 0.00498563 -0.3160009 0.9487458 0.006829977 -0.6794533 -0.7336869 -0.01899266 -0.7488055 -0.6625176 -0.01275336 -0.9606817 0.2773588 -0.006741404 -0.9682689 0.2498198 -0.002190291 -0.6289177 0.7774688 0.004381 -0.6449552 0.7642079 0.000419204 -0.865593 0.5007482 -0.0121721 -0.8389278 0.5441067 -0.005426645 0.397794 0.9174587 0.003789544 0.4743475 0.8803296 0.003412067 -0.2612179 -0.9652739 0 -0.2762585 -0.9610833 -0.001221001 0.9999692 -0.007758915 -0.001698374 0.9999646 -0.008244812 -0.000594022 0.9184864 -0.3954522 0.002695739 0.9088904 -0.4170262 0.005486249 0.575264 -0.8179494 0 0.6215049 -0.7834103 -0.01994168 -0.9005545 -0.4342856 -0.01269948 -0.8814336 -0.4721372 -0.01302802 -0.9682679 -0.2495747 -0.009125709 -0.9629591 -0.2694928 -0.004979848 -0.002483487 -0.9999846 -0.008048117 -0.00128442 -0.9999668 -1.86252e-05 0.005180418 -0.9999866 0 0.005228519 -0.9999864 -0.001773655 0.009094893 0.9999572 0 0.006036937 0.9999818 -0.004354536 -0.002780675 0.9999867 0.001221001 0.9999691 0.007761716 0.001698255 0.9999645 0.008247435 -0.003675401 0.7634254 0.6458856 0 0.7898774 0.6132649 0 0.930752 0.3656509 0.000662463 0.9334613 0.3586773 0.002945482 0.7254581 0.68826 -0.00295633 0.7453874 0.666625 0.002518475 0.9002829 0.4352981 0 0.9072055 0.4206878 0 0.9715018 0.2370322 -0.001523375 0.9741735 0.2257956 0 0.3755974 -0.926783 -0.004785776 0.4258725 -0.9047706 -0.004172921 0.4942085 0.8693334 -0.002948939 0.4888895 0.8723407 0.002954304 0.4884102 -0.8726092 -0.00294578 0.4625127 -0.8866078 0.002948105 0.1792089 -0.9838066 -0.002956688 0.150181 -0.9886541 0.002956748 -0.1501837 -0.9886537 -0.002948045 -0.1792117 -0.9838061 0.002945721 -0.4625129 -0.8866077 -0.002954423 -0.4884107 -0.872609 0 -0.907204 0.420691 -0.002518296 -0.900282 0.4352999 0.002957582 -0.7453401 0.6666778 -0.002949535 -0.7254051 0.6883159 0.002954363 -0.4884098 0.8726093 -0.00294578 -0.4625123 0.8866079 0.002512693 -0.2011432 0.9795587 -0.005526006 -0.1502029 0.9886398 0.005614936 0.02082872 0.9997674 -1 0 -0 -1 -4.18653e-06 8.20962e-07 -1 0 -0 -1 0 -0 -1 -5.54973e-06 -0.000186301 -1 0 -0 -1 0 -0 -1 0 -0 -1 0 -0 -1 3.91988e-07 -5.27202e-07 -1 0 -0 -1 0 -0 -1 0 -0 -0.999941 -0.000349027 -0.01085418 -1 0 -0 -0.9999716 -0.007541239 -0.000103159 -1 -3.75762e-05 -5.9596e-06 -1 -6.10678e-05 -8.35363e-07 -1 3.01245e-05 4.77776e-06 -1 4.41369e-05 5.58198e-05 -1 0 -0 -1 0 -0 -1 0 -0 -1 0 -0 -1 0 -0 -1 0 -0 -1 0 -0 -0.9999991 8.21659e-05 -0.00126338 1 -2.05258e-06 2.93499e-06 1 -7.92789e-07 2.28236e-06 1 1.58158e-06 -7.8414e-07 1 -1.72826e-06 1.53579e-06 1 -3.29636e-05 2.04691e-05 1 3.11873e-07 -0 1 1.19388e-06 -1.13804e-06 1 -1.32386e-06 2.36526e-06 1 4.94097e-07 4.68762e-07 1 1.87174e-07 -0 1 -2.00431e-05 9.49644e-06 1 2.46411e-06 -1.95235e-06 1 -8.30189e-06 1.14349e-05 1 -4.07881e-07 -7.81881e-07 1 -1.46233e-06 -1.38773e-06 1 5.22821e-07 2.05393e-07 1 3.74529e-07 -0 1 3.7326e-07 -0 1 1.93929e-07 1.66771e-06 1 -4.68938e-06 4.19447e-06 1 1.32788e-07 -2.37242e-07 1 4.92707e-05 -2.50928e-05 1 -7.48513e-06 -3.62348e-06 1 0 -5.10935e-07 1 0 -3.49328e-07 1 -1.22466e-05 -0 1 0.000106455 -5.04388e-05 1 -6.88188e-06 4.94855e-06 1 1.6821e-07 -1.50476e-07 1 1.83008e-07 -0 1 1.87387e-07 -0 0 1 -0 0 1 -0 0 1 -0 0 1 -0 0 1 -0 0 1 -0 0 1 -0 0 1 -0 0 1 -0 0 1 -0 0 1 -0 0 1 -0 0 1 -0 0 1 -0 0 1 -0 0 1 -0 0 1 -0 0 1 -0 0 1 -0 0 1 -0 0 1 -0 0 1 -0 0 1 -0 -0.9999998 -5.55192e-05 0.000642651 -1 -1.35527e-05 0.000174388 -1 6.08288e-05 -0 -0.9999997 9.33205e-06 -0.00080427 -0.8302581 0.02432256 -0.5568481 -0.1811212 -0.02865779 -0.9830431 -0.5777587 -0.02849078 -0.8157102 -0.5457785 0.02872717 -0.837437 -0.9547449 0.05406188 -0.2924715 -0.8653157 -0.05348294 -0.4983656 -0.9924488 -0.08501482 -0.08841836 0.6831114 -0.05675506 0.7281055 0.7807698 0.08480781 0.6190365 -0.1886205 -0.03999745 -0.9812352 0.1039084 0.05647665 -0.9929821 -0.8302579 -0.02432298 0.5568485 -0.9924488 0.08501499 0.08841854 -0.5457773 -0.02872878 0.8374376 -0.5777589 0.02849155 0.8157101 -0.1811211 0.02865785 0.9830433 -0.9547448 -0.05406105 0.2924717 -0.8653162 0.05348414 0.4983649 0.9709779 0.05376982 0.233047 0.8947629 -0.05410295 0.4432519 0.9857542 -0.02431273 0.1664256 -0.1886204 0.03999751 0.9812352 0.1039083 -0.05647677 0.9929822 0.2191323 0.05655401 0.9740548 0.4915723 -0.03999871 0.8699178 0.4434754 0.04009878 0.8953891 0.9709779 -0.0537697 -0.233047 0.9857543 0.02431273 -0.1664255 0.6831102 0.05675244 -0.7281069 0.7807689 -0.08481067 -0.6190372 0.2191324 -0.05655455 -0.9740546 0.4915741 0.03999769 -0.8699168 0.4434767 -0.04010057 -0.8953884 0.8947634 0.05410242 -0.4432509 -5.38095e-06 1 4.79396e-07 2.06742e-06 1 1.00475e-06 -2.52532e-06 1 -3.87482e-06 -4.61591e-06 1 -1.23113e-05 -1.03445e-05 1 1.62924e-05 -1.95641e-05 1 5.13555e-06 -6.82602e-07 1 -5.41204e-07 0 1 1.59694e-06 4.44953e-07 1 1.30753e-05 0 1 -0 -1.83178e-06 1 -4.39651e-07 0 1 -0 0 1 -0 -0.6998952 -0.6296109 -0.3372491 -0.7145369 -0.5191656 -0.4689394 -0.7164862 -0.5239571 -0.4605613 -0.7171682 -0.3482821 -0.6036302 -0.7202321 -0.3332752 -0.6084353 -0.7022405 -0.1919506 -0.6855751 -0.7071067 -0.0007752 -0.7071064 -0.7052892 -0.001192212 -0.7089188 -0.6995019 -0.6873099 -0.1957094 -0.7172681 -0.6426635 0.269277 -0.7071062 -0.001441001 0.7071059 -0.7162381 -0.003471314 0.6978474 -0.7041559 -0.6835712 0.1920803 -0.7234025 -0.6903207 -0.01208978 -0.700655 -0.615579 0.3607565 -0.7009121 -0.4483196 0.5547356 -0.7318012 -0.3274741 0.5976853 -0.712589 -0.2278016 0.6635686 -0.7027726 -0.7114133 0.001350522 -1 0 -0 -1 0 -0 0 1 -0 6.4272e-07 1 -3.6969e-07 -1 0 -0 -1 0 -0 -1 0 -0 -0.9999596 0.006719112 -0.005963563 -1 1.93977e-05 8.5581e-05 1 8.83233e-06 -8.66374e-06 1 -2.32913e-05 -5.53413e-05 1 -0.000267009 7.66318e-05 -1 -4.11454e-05 1.46372e-05 -1 0 -0 -1 2.04045e-05 -2.31674e-06 0 -0.1166573 0.9931723 -0.009866118 0.7926245 -0.6096303 0.05110037 -0.8532531 -0.5189874 -0.2470105 -0.7964901 -0.5518962 -0.00110954 0.1117884 0.9937314 0.000515151 -0.9422985 0.3347736 0 -0.9865971 0.1631751 0 0.9876309 0.156797 -0.000776447 -0.9422983 0.3347735 0.002609431 -0.3084437 -0.951239 1 0 -4.11857e-05 0.9999998 -0.000539117 0.000332914 0.9999999 -0.000355186 9.5408e-05 1 5.68362e-05 4.9081e-05 -1 9.69929e-07 0.000173316 1 1.28479e-05 0.000235151 1 -2.89501e-05 -2.27866e-05 1 4.82163e-05 -1.61485e-05 0.9986962 0.04903566 -0.01419281 0.000283589 -0.05268567 -0.9986111 0.000274962 1 5.18553e-05 -8.52264e-05 1 7.78198e-05 0.000412271 1 -2.06963e-05 0.000713397 0.9999995 -0.000759398 0.9998656 0.01612877 -0.002930998 -0.00054565 -0.004053175 0.9999917 0.9099512 0.3939324 0.1296388 0.00045913 0.9999999 0.000227001 0.9986962 -0.04903566 0.01419281 0.000283589 0.05268567 0.9986111 0.000274962 -1 -5.18553e-05 -8.52264e-05 -1 -7.78198e-05 0.000412271 -1 2.06963e-05 0.000713397 -0.9999995 0.000759398 0.9998656 -0.01612877 0.002930998 -0.00054565 0.004053175 -0.9999917 0.9099512 -0.3939324 -0.1296388 0.00045913 -0.9999999 -0.000227001 -0.001031696 -0.9999988 -0.001265764 -0.00228846 -0.999996 0.001710176 -0.01416438 -0.005363225 0.9998853 -1 0 -0 -0.9999958 -0.002905428 4.0265e-05 -1 3.34245e-06 5.42698e-06 -0.9999926 -0.001954078 -0.003314673</float_array>
          <technique_common>
            <accessor source="#link6_02-mesh-normals-array" count="1668" stride="3">
              <param name="X" type="float" />
              <param name="Y" type="float" />
              <param name="Z" type="float" />
            </accessor>
          </technique_common>
        </source>
        <vertices id="link6_02-mesh-vertices">
          <input semantic="POSITION" source="#link6_02-mesh-positions" />
        </vertices>
        <triangles material="link6_02_mat-material" count="1668">
          <input semantic="VERTEX" source="#link6_02-mesh-vertices" offset="0" />
          <input semantic="NORMAL" source="#link6_02-mesh-normals" offset="1" />
          <p>0 0 1 0 2 0 3 1 2 1 4 1 4 2 2 2 5 2 6 3 7 3 8 3 9 4 7 4 6 4 11 5 10 5 37 5 12 6 13 6 14 6 55 7 54 7 53 7 54 8 55 8 56 8 65 9 64 9 124 9 3 10 65 10 46 10 66 11 46 11 65 11 46 12 66 12 47 12 67 13 68 13 69 13 70 14 71 14 72 14 73 15 72 15 71 15 74 16 72 16 73 16 72 17 74 17 75 17 34 18 76 18 25 18 77 19 25 19 76 19 25 20 77 20 106 20 106 21 77 21 45 21 80 22 79 22 78 22 79 23 80 23 81 23 82 24 81 24 80 24 81 25 82 25 6 25 83 26 6 26 82 26 6 27 83 27 9 27 336 28 85 28 84 28 79 29 86 29 78 29 43 30 88 30 44 30 89 31 44 31 88 31 44 32 89 32 90 32 91 33 90 33 89 33 90 34 91 34 92 34 93 35 92 35 91 35 94 36 95 36 96 36 97 37 96 37 95 37 96 38 97 38 98 38 69 39 98 39 97 39 30 40 29 40 99 40 100 41 99 41 29 41 99 42 100 42 101 42 102 43 101 43 100 43 101 44 102 44 97 44 68 45 103 45 69 45 104 46 69 46 103 46 69 47 104 47 105 47 107 48 35 48 87 48 94 49 108 49 95 49 109 50 95 50 108 50 110 51 95 51 109 51 95 52 110 52 111 52 102 53 112 53 97 53 113 54 97 54 112 54 97 55 113 55 69 55 114 56 69 56 113 56 69 57 114 57 67 57 75 58 69 58 72 58 105 59 72 59 69 59 72 60 116 60 115 60 115 61 116 61 93 61 117 62 93 62 116 62 93 63 117 63 92 63 70 64 72 64 118 64 119 65 118 65 72 65 118 66 119 66 85 66 85 67 119 67 84 67 122 68 121 68 123 68 122 69 123 69 64 69 124 70 64 70 123 70 125 71 79 71 27 71 126 72 27 72 79 72 27 73 126 73 26 73 128 74 79 74 129 74 125 75 129 75 79 75 129 76 125 76 130 76 56 77 130 77 125 77 130 78 56 78 131 78 55 79 131 79 56 79 111 80 132 80 95 80 133 81 95 81 132 81 95 82 133 82 134 82 135 83 134 83 133 83 128 84 136 84 79 84 137 85 79 85 136 85 79 86 137 86 86 86 138 87 86 87 137 87 138 88 139 88 86 88 27 89 26 89 25 89 13 90 12 90 28 90 29 91 28 91 12 91 40 92 42 92 41 92 43 93 41 93 42 93 41 94 43 94 44 94 46 95 47 95 48 95 49 96 48 96 47 96 48 97 49 97 50 97 51 98 50 98 49 98 50 99 51 99 52 99 53 100 52 100 51 100 52 101 53 101 54 101 22 102 9 102 21 102 9 103 22 103 7 103 330 104 23 104 8 104 8 105 23 105 6 105 24 106 25 106 26 106 15 107 2 107 1 107 2 108 15 108 5 108 16 109 17 109 18 109 18 110 17 110 2 110 19 111 2 111 17 111 2 112 19 112 0 112 12 113 14 113 20 113 21 114 20 114 14 114 20 115 21 115 9 115 57 116 16 116 18 116 38 117 58 117 36 117 59 118 36 118 58 118 59 119 37 119 36 119 37 120 59 120 60 120 61 121 60 121 59 121 60 122 61 122 62 122 62 123 61 123 63 123 64 124 63 124 61 124 63 125 64 125 4 125 4 126 64 126 3 126 28 127 29 127 30 127 24 128 31 128 25 128 32 129 25 129 31 129 33 130 25 130 32 130 25 131 33 131 34 131 10 132 11 132 107 132 35 133 107 133 11 133 38 134 36 134 39 134 40 135 39 135 36 135 39 136 40 136 41 136 167 137 140 137 166 137 157 138 166 138 140 138 164 139 140 139 165 139 163 140 140 140 164 140 162 141 140 141 163 141 145 142 140 142 162 142 158 143 161 143 147 143 160 144 147 144 161 144 156 145 147 145 160 145 171 146 147 146 172 146 170 147 147 147 171 147 140 148 334 148 169 148 140 149 168 149 165 149 168 150 140 150 167 150 140 151 149 151 144 151 144 152 149 152 178 152 177 153 178 153 149 153 178 154 177 154 175 154 176 155 175 155 177 155 224 156 175 156 176 156 173 157 190 157 174 157 176 158 188 158 190 158 187 159 190 159 188 159 186 160 190 160 187 160 143 161 184 161 185 161 183 162 140 162 182 162 182 163 140 163 181 163 181 164 140 164 180 164 169 165 180 165 140 165 195 166 196 166 143 166 159 167 143 167 196 167 143 168 159 168 147 168 143 169 194 169 195 169 194 170 143 170 193 170 185 171 193 171 143 171 189 172 190 172 335 172 205 173 206 173 176 173 192 174 190 174 204 174 204 175 190 175 203 175 203 176 190 176 202 176 202 177 190 177 201 177 186 178 201 178 190 178 199 179 200 179 190 179 189 180 198 180 190 180 197 181 190 181 198 181 174 182 190 182 197 182 215 183 190 183 214 183 173 184 214 184 190 184 143 185 213 185 184 185 213 186 143 186 212 186 140 187 212 187 143 187 212 188 140 188 211 188 183 189 211 189 140 189 210 190 190 190 209 190 209 191 190 191 208 191 208 192 190 192 179 192 207 193 176 193 206 193 207 194 224 194 176 194 190 195 223 195 199 195 223 196 190 196 222 196 222 197 190 197 221 197 210 198 221 198 190 198 220 199 147 199 146 199 219 200 147 200 218 200 200 201 218 201 147 201 176 202 217 202 205 202 217 203 176 203 216 203 190 204 216 204 176 204 216 205 190 205 215 205 147 206 229 206 200 206 229 207 147 207 228 207 220 208 228 208 147 208 172 209 147 209 227 209 226 210 200 210 225 210 200 211 231 211 232 211 233 212 234 212 200 212 191 213 200 213 234 213 200 214 191 214 190 214 232 215 233 215 200 215 200 216 230 216 231 216 230 217 200 217 226 217 225 218 200 218 229 218 158 219 147 219 159 219 157 220 140 220 143 220 146 221 147 221 156 221 147 222 155 222 142 222 155 223 147 223 154 223 154 224 147 224 153 224 150 225 153 225 147 225 151 226 147 226 152 226 150 227 147 227 151 227 148 228 140 228 141 228 149 229 140 229 148 229 142 230 143 230 147 230 4 231 188 231 63 231 188 232 4 232 187 232 5 233 187 233 4 233 187 234 5 234 186 234 15 235 186 235 5 235 186 236 15 236 201 236 1 237 201 237 15 237 201 238 1 238 202 238 0 239 202 239 1 239 202 240 0 240 203 240 19 241 203 241 0 241 203 242 19 242 204 242 17 243 204 243 19 243 204 244 17 244 192 244 236 245 192 245 17 245 192 246 236 246 190 246 219 247 81 247 227 247 81 248 219 248 79 248 218 249 79 249 219 249 79 250 218 250 126 250 200 251 126 251 218 251 126 252 200 252 26 252 199 253 26 253 200 253 26 254 199 254 24 254 223 255 24 255 199 255 24 256 223 256 31 256 222 257 31 257 223 257 31 258 222 258 32 258 221 259 32 259 222 259 32 260 221 260 33 260 210 261 33 261 221 261 60 262 149 262 37 262 149 263 60 263 177 263 62 264 177 264 60 264 177 265 62 265 176 265 63 266 176 266 62 266 176 267 63 267 188 267 6 268 172 268 81 268 148 269 37 269 149 269 227 270 81 270 172 270 284 271 45 271 235 271 11 272 37 272 148 272 10 273 107 273 282 273 283 274 282 274 107 274 10 275 282 275 36 275 281 276 36 276 282 276 36 277 281 277 40 277 280 278 40 278 281 278 40 279 280 279 42 279 279 280 42 280 280 280 89 281 276 281 91 281 275 282 91 282 276 282 57 283 236 283 16 283 236 284 57 284 246 284 18 285 246 285 57 285 77 286 235 286 45 286 272 287 337 287 72 287 119 288 72 288 337 288 45 289 284 289 106 289 91 290 275 290 93 290 274 291 93 291 275 291 93 292 274 292 115 292 273 293 115 293 274 293 115 294 273 294 72 294 272 295 72 295 273 295 42 296 279 296 43 296 278 297 43 297 279 297 43 298 278 298 88 298 277 299 88 299 278 299 88 300 277 300 89 300 276 301 89 301 277 301 35 302 285 302 87 302 285 303 35 303 331 303 331 304 35 304 243 304 16 305 236 305 17 305 248 306 106 306 284 306 84 307 286 307 336 307 286 308 84 308 337 308 119 309 337 309 84 309 87 310 283 310 107 310 283 311 87 311 285 311 336 312 240 312 85 312 240 313 336 313 332 313 332 314 336 314 286 314 95 315 269 315 97 315 268 316 97 316 269 316 97 317 268 317 101 317 267 318 101 318 268 318 101 319 267 319 99 319 266 320 99 320 267 320 99 321 266 321 30 321 265 322 30 322 266 322 30 323 265 323 28 323 264 324 28 324 265 324 135 325 239 325 127 325 21 326 261 326 22 326 260 327 22 327 261 327 22 328 260 328 7 328 259 329 7 329 260 329 25 330 249 330 27 330 258 331 27 331 249 331 259 332 271 332 7 332 8 333 7 333 271 333 95 334 134 334 269 334 270 335 269 335 134 335 54 336 255 336 52 336 254 337 52 337 255 337 52 338 254 338 50 338 253 339 50 339 254 339 50 340 253 340 48 340 252 341 48 341 253 341 48 342 252 342 46 342 251 343 46 343 252 343 46 344 251 344 3 344 250 345 3 345 251 345 28 346 264 346 13 346 263 347 13 347 264 347 13 348 263 348 14 348 262 349 14 349 263 349 14 350 262 350 21 350 261 351 21 351 262 351 171 352 172 352 23 352 6 353 23 353 172 353 152 354 147 354 241 354 170 355 241 355 147 355 241 356 170 356 242 356 171 357 242 357 170 357 145 358 162 358 240 358 239 359 135 359 133 359 27 360 258 360 125 360 257 361 125 361 258 361 125 362 257 362 56 362 256 363 56 363 257 363 56 364 256 364 54 364 255 365 54 365 256 365 25 366 106 366 249 366 248 367 249 367 106 367 247 368 246 368 2 368 18 369 2 369 246 369 8 370 338 370 330 370 338 371 8 371 271 371 270 372 134 372 287 372 171 373 288 373 242 373 151 374 111 374 150 374 111 375 151 375 132 375 152 376 132 376 151 376 132 377 152 377 133 377 239 378 133 378 152 378 148 379 141 379 331 379 140 380 331 380 141 380 331 381 140 381 245 381 145 382 245 382 140 382 245 383 145 383 244 383 332 384 244 384 145 384 148 385 243 385 11 385 35 386 11 386 243 386 3 387 250 387 2 387 247 388 2 388 250 388 166 389 75 389 167 389 75 390 166 390 69 390 157 391 69 391 166 391 69 392 157 392 98 392 143 393 98 393 157 393 98 394 143 394 96 394 142 395 96 395 143 395 96 396 142 396 94 396 155 397 94 397 142 397 94 398 155 398 108 398 154 399 108 399 155 399 108 400 154 400 109 400 153 401 109 401 154 401 109 402 153 402 110 402 150 403 110 403 153 403 110 404 150 404 111 404 162 405 85 405 240 405 85 406 162 406 118 406 163 407 118 407 162 407 118 408 163 408 70 408 164 409 70 409 163 409 70 410 164 410 71 410 165 411 71 411 164 411 71 412 165 412 73 412 168 413 73 413 165 413 73 414 168 414 74 414 167 415 74 415 168 415 74 416 167 416 75 416 330 417 171 417 23 417 171 418 330 418 288 418 288 419 330 419 338 419 333 420 287 420 134 420 127 421 287 421 333 421 287 422 127 422 239 422 33 423 210 423 34 423 209 424 34 424 210 424 34 425 209 425 76 425 208 426 76 426 209 426 76 427 208 427 77 427 235 428 77 428 208 428 237 429 190 429 238 429 190 430 237 430 179 430 208 431 179 431 237 431 184 432 105 432 185 432 196 433 114 433 159 433 114 434 196 434 67 434 195 435 67 435 196 435 67 436 195 436 68 436 194 437 68 437 195 437 68 438 194 438 103 438 193 439 103 439 194 439 103 440 193 440 104 440 185 441 104 441 193 441 104 442 185 442 105 442 113 443 159 443 114 443 105 444 184 444 116 444 213 445 116 445 184 445 116 446 213 446 117 446 212 447 117 447 213 447 117 448 212 448 92 448 211 449 92 449 212 449 92 450 211 450 90 450 183 451 90 451 211 451 90 452 183 452 44 452 12 453 146 453 29 453 83 454 229 454 9 454 228 455 9 455 229 455 12 456 290 456 146 456 182 457 44 457 183 457 156 458 29 458 146 458 29 459 156 459 100 459 160 460 100 460 156 460 100 461 160 461 102 461 161 462 102 462 160 462 102 463 161 463 112 463 158 464 112 464 161 464 112 465 158 465 113 465 159 466 113 466 158 466 198 467 303 467 197 467 298 468 215 468 299 468 214 469 299 469 215 469 299 470 214 470 300 470 173 471 300 471 214 471 300 472 173 472 301 472 174 473 301 473 173 473 301 474 174 474 302 474 197 475 302 475 174 475 302 476 197 476 303 476 215 477 298 477 216 477 310 478 138 478 311 478 137 479 311 479 138 479 311 480 137 480 312 480 136 481 312 481 137 481 303 482 198 482 304 482 189 483 304 483 198 483 304 484 189 484 305 484 335 485 305 485 189 485 305 486 335 486 306 486 207 487 293 487 224 487 44 488 182 488 41 488 181 489 41 489 182 489 181 490 39 490 41 490 38 491 169 491 58 491 334 492 58 492 169 492 327 493 224 493 293 493 293 494 207 494 294 494 206 495 294 495 207 495 294 496 206 496 295 496 205 497 295 497 206 497 295 498 205 498 296 498 217 499 296 499 205 499 296 500 217 500 297 500 216 501 297 501 217 501 297 502 216 502 298 502 169 503 289 503 180 503 289 504 39 504 180 504 39 505 181 505 180 505 39 506 289 506 38 506 292 507 9 507 291 507 292 508 290 508 20 508 9 509 292 509 20 509 220 510 290 510 291 510 220 511 291 511 228 511 229 512 82 512 225 512 226 513 78 513 230 513 86 514 230 514 78 514 64 515 327 515 122 515 64 516 224 516 327 516 224 517 64 517 175 517 61 518 175 518 64 518 175 519 61 519 178 519 59 520 178 520 61 520 178 521 59 521 144 521 225 522 80 522 226 522 322 523 66 523 323 523 66 524 322 524 47 524 321 525 47 525 322 525 47 526 321 526 49 526 320 527 49 527 321 527 78 528 226 528 80 528 65 529 323 529 66 529 80 530 225 530 82 530 131 531 316 531 130 531 315 532 130 532 316 532 130 533 315 533 129 533 323 534 65 534 324 534 124 535 324 535 65 535 231 536 86 536 326 536 83 537 82 537 229 537 328 538 138 538 310 538 120 539 329 539 121 539 58 540 144 540 59 540 306 541 191 541 307 541 334 542 144 542 58 542 191 543 306 543 335 543 314 544 129 544 315 544 129 545 314 545 128 545 313 546 128 546 314 546 128 547 313 547 136 547 312 548 136 548 313 548 327 549 329 549 122 549 120 550 122 550 329 550 86 551 139 551 326 551 328 552 326 552 139 552 121 553 329 553 123 553 325 554 123 554 329 554 123 555 325 555 124 555 324 556 124 556 325 556 49 557 320 557 51 557 319 558 51 558 320 558 318 559 53 559 319 559 234 560 307 560 191 560 307 561 234 561 308 561 233 562 308 562 234 562 308 563 233 563 309 563 232 564 309 564 233 564 309 565 232 565 326 565 231 566 326 566 232 566 138 567 328 567 139 567 316 568 131 568 317 568 55 569 317 569 131 569 317 570 55 570 318 570 53 571 318 571 55 571 51 572 319 572 53 572 254 573 251 573 253 573 253 574 251 574 252 574 251 575 254 575 258 575 247 576 251 576 246 576 250 577 251 577 247 577 238 578 246 578 251 578 257 579 258 579 256 579 235 580 237 580 284 580 249 581 248 581 258 581 246 582 238 582 236 582 238 583 248 583 284 583 258 584 248 584 238 584 256 585 258 585 255 585 255 586 258 586 254 586 265 587 266 587 264 587 259 588 242 588 271 588 268 589 266 589 267 589 266 590 269 590 242 590 263 591 242 591 262 591 242 592 263 592 266 592 264 593 266 593 263 593 269 594 270 594 242 594 287 595 242 595 270 595 239 596 241 596 287 596 262 597 242 597 261 597 269 598 266 598 268 598 261 599 242 599 260 599 260 600 242 600 259 600 245 601 285 601 331 601 286 602 245 602 244 602 282 603 283 603 281 603 273 604 274 604 272 604 276 605 274 605 275 605 277 606 274 606 276 606 274 607 277 607 281 607 278 608 281 608 277 608 279 609 281 609 278 609 280 610 281 610 279 610 281 611 283 611 245 611 286 612 244 612 332 612 245 613 337 613 274 613 272 614 274 614 337 614 293 615 325 615 327 615 325 616 293 616 324 616 294 617 324 617 293 617 324 618 294 618 295 618 306 619 313 619 305 619 313 620 306 620 312 620 307 621 312 621 306 621 312 622 307 622 308 622 314 623 305 623 313 623 296 624 323 624 295 624 324 625 295 625 323 625 297 626 322 626 296 626 323 627 296 627 322 627 312 628 308 628 311 628 309 629 311 629 308 629 311 630 309 630 310 630 326 631 310 631 309 631 304 632 315 632 303 632 316 633 303 633 315 633 305 634 314 634 304 634 315 635 304 635 314 635 303 636 316 636 302 636 317 637 302 637 316 637 322 638 297 638 321 638 298 639 321 639 297 639 321 640 298 640 320 640 299 641 320 641 298 641 320 642 299 642 319 642 300 643 319 643 299 643 319 644 300 644 318 644 301 645 318 645 300 645 318 646 301 646 317 646 302 647 317 647 301 647 329 648 327 648 325 648 238 649 251 649 258 649 290 650 292 650 291 650 245 651 274 651 281 651 120 652 121 652 122 652 36 653 37 653 10 653 344 654 345 654 340 654 340 655 347 655 344 655 344 656 347 656 346 656 349 657 340 657 351 657 349 658 350 658 347 658 346 659 347 659 348 659 351 660 340 660 352 660 347 661 340 661 349 661 365 662 367 662 369 662 368 663 369 663 367 663 346 664 365 664 344 664 409 665 408 665 407 665 406 666 407 666 408 666 407 667 406 667 405 667 404 668 405 668 406 668 412 669 342 669 418 669 417 670 418 670 342 670 397 671 396 671 395 671 394 672 395 672 396 672 416 673 415 673 414 673 413 674 414 674 415 674 414 675 413 675 395 675 397 676 395 676 413 676 410 677 411 677 367 677 400 678 341 678 409 678 408 679 409 679 341 679 360 680 349 680 419 680 349 681 360 681 350 681 401 682 522 682 523 682 524 683 523 683 522 683 523 684 524 684 369 684 418 685 417 685 416 685 415 686 416 686 417 686 368 687 367 687 411 687 359 688 352 688 356 688 352 689 359 689 351 689 357 690 345 690 421 690 345 691 357 691 340 691 365 692 369 692 524 692 420 693 347 693 343 693 347 694 420 694 348 694 366 695 348 695 420 695 348 696 366 696 346 696 423 697 354 697 353 697 354 698 423 698 422 698 398 699 422 699 423 699 422 700 398 700 399 700 376 701 375 701 374 701 373 702 374 702 375 702 421 703 344 703 339 703 344 704 421 704 345 704 425 705 394 705 396 705 394 706 425 706 424 706 374 707 373 707 372 707 371 708 372 708 373 708 372 709 371 709 370 709 361 710 370 710 371 710 370 711 361 711 364 711 386 712 385 712 384 712 383 713 384 713 385 713 384 714 383 714 382 714 380 715 382 715 383 715 382 716 380 716 381 716 379 717 381 717 380 717 381 718 379 718 378 718 377 719 378 719 379 719 378 720 377 720 376 720 375 721 376 721 377 721 358 722 393 722 392 722 391 723 392 723 393 723 392 724 391 724 390 724 389 725 390 725 391 725 390 726 389 726 388 726 387 727 388 727 389 727 388 728 387 728 386 728 385 729 386 729 387 729 363 730 424 730 425 730 424 731 363 731 362 731 393 732 358 732 355 732 363 733 364 733 361 733 360 734 363 734 343 734 347 735 360 735 343 735 361 736 362 736 363 736 347 737 350 737 360 737 349 738 351 738 419 738 359 739 419 739 351 739 356 740 353 740 355 740 353 741 356 741 340 741 400 742 399 742 341 742 398 743 341 743 399 743 405 744 404 744 402 744 403 745 402 745 404 745 403 746 522 746 402 746 401 747 402 747 522 747 412 748 411 748 342 748 410 749 342 749 411 749 356 750 352 750 340 750 353 751 354 751 355 751 409 752 429 752 400 752 429 753 409 753 426 753 411 754 369 754 368 754 446 755 389 755 447 755 389 756 446 756 387 756 436 757 387 757 446 757 402 758 412 758 418 758 450 759 355 759 451 759 445 760 451 760 355 760 401 761 411 761 402 761 412 762 402 762 411 762 394 763 362 763 426 763 442 764 426 764 362 764 362 765 440 765 441 765 432 766 375 766 377 766 375 767 432 767 373 767 439 768 373 768 432 768 387 769 436 769 385 769 354 770 445 770 355 770 431 771 445 771 354 771 440 772 362 772 444 772 361 773 444 773 362 773 444 774 361 774 427 774 428 775 354 775 422 775 362 776 443 776 442 776 441 777 443 777 362 777 355 778 450 778 393 778 449 779 393 779 450 779 448 780 393 780 449 780 393 781 448 781 391 781 391 782 448 782 389 782 447 783 389 783 448 783 418 784 407 784 405 784 427 785 361 785 437 785 371 786 437 786 361 786 437 787 371 787 438 787 399 788 428 788 422 788 385 789 435 789 383 789 435 790 385 790 436 790 407 791 416 791 426 791 416 792 407 792 418 792 438 793 373 793 439 793 426 794 409 794 407 794 428 795 430 795 354 795 373 796 438 796 371 796 354 797 430 797 431 797 405 798 402 798 418 798 433 799 380 799 434 799 380 800 433 800 379 800 379 801 433 801 377 801 432 802 377 802 433 802 395 803 426 803 414 803 426 804 416 804 414 804 434 805 383 805 435 805 383 806 434 806 380 806 428 807 400 807 429 807 400 808 428 808 399 808 426 809 395 809 394 809 370 810 358 810 372 810 419 811 359 811 364 811 388 812 386 812 374 812 370 813 364 813 358 813 392 814 390 814 374 814 358 815 364 815 359 815 376 816 374 816 381 816 374 817 386 817 384 817 364 818 360 818 419 818 381 819 374 819 382 819 384 820 382 820 374 820 356 821 358 821 359 821 388 822 374 822 390 822 374 823 358 823 392 823 372 824 358 824 374 824 452 825 453 825 454 825 463 826 464 826 465 826 479 827 481 827 482 827 481 828 479 828 480 828 480 829 479 829 477 829 478 830 477 830 479 830 475 831 477 831 478 831 477 832 475 832 476 832 476 833 475 833 474 833 473 834 474 834 475 834 484 835 485 835 452 835 486 836 452 836 485 836 452 837 486 837 453 837 461 838 487 838 462 838 462 839 487 839 488 839 489 840 488 840 487 840 490 841 488 841 489 841 471 842 472 842 473 842 472 843 474 843 473 843 472 844 471 844 470 844 469 845 470 845 471 845 470 846 469 846 468 846 468 847 467 847 466 847 467 848 468 848 469 848 465 849 466 849 467 849 466 850 465 850 464 850 460 851 461 851 462 851 461 852 460 852 459 852 458 853 459 853 460 853 497 854 498 854 463 854 498 855 497 855 496 855 495 856 496 856 497 856 496 857 495 857 494 857 492 858 494 858 495 858 494 859 492 859 493 859 483 860 482 860 481 860 482 861 483 861 484 861 485 862 484 862 483 862 499 863 463 863 498 863 455 864 454 864 453 864 463 865 499 865 464 865 454 866 455 866 456 866 456 867 457 867 458 867 459 868 458 868 457 868 457 869 456 869 455 869 488 870 490 870 491 870 491 871 490 871 492 871 493 872 492 872 490 872 459 873 426 873 461 873 472 874 446 874 474 874 446 875 472 875 436 875 436 876 472 876 435 876 470 877 435 877 472 877 435 878 470 878 434 878 468 879 434 879 470 879 434 880 468 880 433 880 466 881 433 881 468 881 464 882 433 882 466 882 442 883 461 883 426 883 443 884 461 884 442 884 457 885 429 885 459 885 426 886 459 886 429 886 461 887 443 887 487 887 476 888 448 888 477 888 448 889 476 889 447 889 474 890 447 890 476 890 447 891 474 891 446 891 441 892 487 892 443 892 487 893 441 893 489 893 440 894 489 894 441 894 489 895 440 895 490 895 444 896 490 896 440 896 490 897 444 897 493 897 427 898 493 898 444 898 493 899 427 899 494 899 437 900 494 900 427 900 494 901 437 901 496 901 438 902 496 902 437 902 483 903 445 903 485 903 445 904 483 904 451 904 481 905 451 905 483 905 451 906 481 906 450 906 480 907 450 907 481 907 450 908 480 908 449 908 477 909 449 909 480 909 449 910 477 910 448 910 431 911 485 911 445 911 430 912 486 912 431 912 486 913 430 913 453 913 429 914 457 914 428 914 455 915 428 915 457 915 453 916 428 916 455 916 428 917 453 917 430 917 485 918 431 918 486 918 496 919 438 919 498 919 499 920 432 920 464 920 432 921 499 921 439 921 498 922 439 922 499 922 439 923 498 923 438 923 433 924 464 924 432 924 397 925 343 925 396 925 367 926 366 926 410 926 366 927 420 927 343 927 413 928 343 928 397 928 366 929 343 929 410 929 396 930 343 930 425 930 425 931 343 931 363 931 342 932 410 932 343 932 417 933 342 933 415 933 415 934 342 934 413 934 343 935 413 935 342 935 341 936 398 936 339 936 423 937 339 937 398 937 357 938 423 938 353 938 403 939 339 939 522 939 406 940 339 940 404 940 339 941 406 941 341 941 408 942 341 942 406 942 404 943 339 943 403 943 357 944 421 944 339 944 478 945 503 945 475 945 479 946 504 946 478 946 504 947 479 947 505 947 471 948 501 948 469 948 503 949 478 949 504 949 475 950 502 950 473 950 502 951 475 951 503 951 462 952 512 952 460 952 512 953 462 953 513 953 488 954 513 954 462 954 513 955 488 955 514 955 491 956 514 956 488 956 505 957 482 957 506 957 484 958 506 958 482 958 506 959 484 959 507 959 452 960 507 960 484 960 507 961 452 961 508 961 454 962 508 962 452 962 508 963 454 963 509 963 456 964 509 964 454 964 509 965 456 965 510 965 473 966 501 966 471 966 501 967 473 967 502 967 463 968 518 968 497 968 518 969 463 969 519 969 465 970 519 970 463 970 510 971 456 971 511 971 497 972 517 972 495 972 517 973 497 973 518 973 458 974 511 974 456 974 495 975 516 975 492 975 467 976 520 976 465 976 521 977 467 977 500 977 520 978 467 978 521 978 492 979 515 979 491 979 516 980 495 980 517 980 519 981 465 981 520 981 515 982 492 982 516 982 514 983 491 983 515 983 460 984 512 984 458 984 511 985 458 985 512 985 469 986 500 986 467 986 500 987 469 987 501 987 482 988 505 988 479 988 516 989 517 989 503 989 503 990 519 990 520 990 514 991 515 991 503 991 503 992 517 992 518 992 509 993 503 993 508 993 502 994 503 994 501 994 503 995 505 995 506 995 507 996 503 996 506 996 503 997 507 997 508 997 504 998 505 998 503 998 516 999 503 999 515 999 518 1000 519 1000 503 1000 503 1001 521 1001 500 1001 500 1002 501 1002 503 1002 521 1003 503 1003 520 1003 511 1004 503 1004 510 1004 503 1005 512 1005 513 1005 509 1006 510 1006 503 1006 511 1007 512 1007 503 1007 514 1008 503 1008 513 1008 340 1009 357 1009 353 1009 524 1010 339 1010 344 1010 376 1011 381 1011 378 1011 530 1012 531 1012 526 1012 526 1013 533 1013 530 1013 530 1014 533 1014 532 1014 535 1015 526 1015 537 1015 535 1016 536 1016 533 1016 532 1017 533 1017 534 1017 537 1018 526 1018 538 1018 533 1019 526 1019 535 1019 551 1020 553 1020 555 1020 554 1021 555 1021 553 1021 532 1022 551 1022 530 1022 595 1023 594 1023 593 1023 592 1024 593 1024 594 1024 593 1025 592 1025 591 1025 590 1026 591 1026 592 1026 598 1027 528 1027 604 1027 603 1028 604 1028 528 1028 583 1029 582 1029 581 1029 580 1030 581 1030 582 1030 602 1031 601 1031 600 1031 599 1032 600 1032 601 1032 600 1033 599 1033 581 1033 583 1034 581 1034 599 1034 596 1035 597 1035 553 1035 586 1036 527 1036 595 1036 594 1037 595 1037 527 1037 546 1038 535 1038 605 1038 535 1039 546 1039 536 1039 587 1040 708 1040 709 1040 710 1041 709 1041 708 1041 709 1042 710 1042 555 1042 604 1043 603 1043 602 1043 601 1044 602 1044 603 1044 554 1045 553 1045 597 1045 545 1046 538 1046 542 1046 538 1047 545 1047 537 1047 543 1048 531 1048 607 1048 531 1049 543 1049 526 1049 551 1050 555 1050 710 1050 606 1051 533 1051 529 1051 533 1052 606 1052 534 1052 552 1053 534 1053 606 1053 534 1054 552 1054 532 1054 609 1055 540 1055 539 1055 540 1056 609 1056 608 1056 584 1057 608 1057 609 1057 608 1058 584 1058 585 1058 562 1059 561 1059 560 1059 559 1060 560 1060 561 1060 607 1061 530 1061 525 1061 530 1062 607 1062 531 1062 611 1063 580 1063 582 1063 580 1064 611 1064 610 1064 560 1065 559 1065 558 1065 557 1066 558 1066 559 1066 558 1067 557 1067 556 1067 547 1068 556 1068 557 1068 556 1069 547 1069 550 1069 572 1070 571 1070 570 1070 569 1071 570 1071 571 1071 570 1072 569 1072 568 1072 566 1073 568 1073 569 1073 568 1074 566 1074 567 1074 565 1075 567 1075 566 1075 567 1076 565 1076 564 1076 563 1077 564 1077 565 1077 564 1078 563 1078 562 1078 561 1079 562 1079 563 1079 544 1080 579 1080 578 1080 577 1081 578 1081 579 1081 578 1082 577 1082 576 1082 575 1083 576 1083 577 1083 576 1084 575 1084 574 1084 573 1085 574 1085 575 1085 574 1086 573 1086 572 1086 571 1087 572 1087 573 1087 549 1088 610 1088 611 1088 610 1089 549 1089 548 1089 579 1090 544 1090 541 1090 549 1091 550 1091 547 1091 546 1092 549 1092 529 1092 533 1093 546 1093 529 1093 547 1094 548 1094 549 1094 533 1095 536 1095 546 1095 535 1096 537 1096 605 1096 545 1097 605 1097 537 1097 542 1098 539 1098 541 1098 539 1099 542 1099 526 1099 586 1100 585 1100 527 1100 584 1101 527 1101 585 1101 591 1102 590 1102 588 1102 589 1103 588 1103 590 1103 589 1104 708 1104 588 1104 587 1105 588 1105 708 1105 598 1106 597 1106 528 1106 596 1107 528 1107 597 1107 542 1108 538 1108 526 1108 539 1109 540 1109 541 1109 595 1110 615 1110 586 1110 615 1111 595 1111 612 1111 597 1112 555 1112 554 1112 632 1113 575 1113 633 1113 575 1114 632 1114 573 1114 622 1115 573 1115 632 1115 588 1116 598 1116 604 1116 636 1117 541 1117 637 1117 631 1118 637 1118 541 1118 587 1119 597 1119 588 1119 598 1120 588 1120 597 1120 580 1121 548 1121 612 1121 628 1122 612 1122 548 1122 548 1123 626 1123 627 1123 618 1124 561 1124 563 1124 561 1125 618 1125 559 1125 625 1126 559 1126 618 1126 573 1127 622 1127 571 1127 540 1128 631 1128 541 1128 617 1129 631 1129 540 1129 626 1130 548 1130 630 1130 547 1131 630 1131 548 1131 630 1132 547 1132 613 1132 614 1133 540 1133 608 1133 548 1134 629 1134 628 1134 627 1135 629 1135 548 1135 541 1136 636 1136 579 1136 635 1137 579 1137 636 1137 634 1138 579 1138 635 1138 579 1139 634 1139 577 1139 577 1140 634 1140 575 1140 633 1141 575 1141 634 1141 604 1142 593 1142 591 1142 613 1143 547 1143 623 1143 557 1144 623 1144 547 1144 623 1145 557 1145 624 1145 585 1146 614 1146 608 1146 571 1147 621 1147 569 1147 621 1148 571 1148 622 1148 593 1149 602 1149 612 1149 602 1150 593 1150 604 1150 624 1151 559 1151 625 1151 612 1152 595 1152 593 1152 614 1153 616 1153 540 1153 559 1154 624 1154 557 1154 540 1155 616 1155 617 1155 591 1156 588 1156 604 1156 619 1157 566 1157 620 1157 566 1158 619 1158 565 1158 565 1159 619 1159 563 1159 618 1160 563 1160 619 1160 581 1161 612 1161 600 1161 612 1162 602 1162 600 1162 620 1163 569 1163 621 1163 569 1164 620 1164 566 1164 614 1165 586 1165 615 1165 586 1166 614 1166 585 1166 612 1167 581 1167 580 1167 556 1168 544 1168 558 1168 605 1169 545 1169 550 1169 574 1170 572 1170 560 1170 556 1171 550 1171 544 1171 578 1172 576 1172 560 1172 544 1173 550 1173 545 1173 562 1174 560 1174 567 1174 560 1175 572 1175 570 1175 550 1176 546 1176 605 1176 567 1177 560 1177 568 1177 570 1178 568 1178 560 1178 542 1179 544 1179 545 1179 574 1180 560 1180 576 1180 560 1181 544 1181 578 1181 558 1182 544 1182 560 1182 638 1183 639 1183 640 1183 649 1184 650 1184 651 1184 665 1185 667 1185 668 1185 667 1186 665 1186 666 1186 666 1187 665 1187 663 1187 664 1188 663 1188 665 1188 661 1189 663 1189 664 1189 663 1190 661 1190 662 1190 662 1191 661 1191 660 1191 659 1192 660 1192 661 1192 670 1193 671 1193 638 1193 672 1194 638 1194 671 1194 638 1195 672 1195 639 1195 647 1196 673 1196 648 1196 648 1197 673 1197 674 1197 675 1198 674 1198 673 1198 676 1199 674 1199 675 1199 657 1200 658 1200 659 1200 658 1201 660 1201 659 1201 658 1202 657 1202 656 1202 655 1203 656 1203 657 1203 656 1204 655 1204 654 1204 654 1205 653 1205 652 1205 653 1206 654 1206 655 1206 651 1207 652 1207 653 1207 652 1208 651 1208 650 1208 646 1209 647 1209 648 1209 647 1210 646 1210 645 1210 644 1211 645 1211 646 1211 683 1212 684 1212 649 1212 684 1213 683 1213 682 1213 681 1214 682 1214 683 1214 682 1215 681 1215 680 1215 678 1216 680 1216 681 1216 680 1217 678 1217 679 1217 669 1218 668 1218 667 1218 668 1219 669 1219 670 1219 671 1220 670 1220 669 1220 685 1221 649 1221 684 1221 641 1222 640 1222 639 1222 649 1223 685 1223 650 1223 640 1224 641 1224 642 1224 642 1225 643 1225 644 1225 645 1226 644 1226 643 1226 643 1227 642 1227 641 1227 674 1228 676 1228 677 1228 677 1229 676 1229 678 1229 679 1230 678 1230 676 1230 645 1231 612 1231 647 1231 658 1232 632 1232 660 1232 632 1233 658 1233 622 1233 622 1234 658 1234 621 1234 656 1235 621 1235 658 1235 621 1236 656 1236 620 1236 654 1237 620 1237 656 1237 620 1238 654 1238 619 1238 652 1239 619 1239 654 1239 650 1240 619 1240 652 1240 628 1241 647 1241 612 1241 629 1242 647 1242 628 1242 643 1243 615 1243 645 1243 612 1244 645 1244 615 1244 647 1245 629 1245 673 1245 662 1246 634 1246 663 1246 634 1247 662 1247 633 1247 660 1248 633 1248 662 1248 633 1249 660 1249 632 1249 627 1250 673 1250 629 1250 673 1251 627 1251 675 1251 626 1252 675 1252 627 1252 675 1253 626 1253 676 1253 630 1254 676 1254 626 1254 676 1255 630 1255 679 1255 613 1256 679 1256 630 1256 679 1257 613 1257 680 1257 623 1258 680 1258 613 1258 680 1259 623 1259 682 1259 624 1260 682 1260 623 1260 669 1261 631 1261 671 1261 631 1262 669 1262 637 1262 667 1263 637 1263 669 1263 637 1264 667 1264 636 1264 666 1265 636 1265 667 1265 636 1266 666 1266 635 1266 663 1267 635 1267 666 1267 635 1268 663 1268 634 1268 617 1269 671 1269 631 1269 616 1270 672 1270 617 1270 672 1271 616 1271 639 1271 615 1272 643 1272 614 1272 641 1273 614 1273 643 1273 639 1274 614 1274 641 1274 614 1275 639 1275 616 1275 671 1276 617 1276 672 1276 682 1277 624 1277 684 1277 685 1278 618 1278 650 1278 618 1279 685 1279 625 1279 684 1280 625 1280 685 1280 625 1281 684 1281 624 1281 619 1282 650 1282 618 1282 583 1283 529 1283 582 1283 553 1284 552 1284 596 1284 552 1285 606 1285 529 1285 599 1286 529 1286 583 1286 552 1287 529 1287 596 1287 582 1288 529 1288 611 1288 611 1289 529 1289 549 1289 528 1290 596 1290 529 1290 603 1291 528 1291 601 1291 601 1292 528 1292 599 1292 529 1293 599 1293 528 1293 527 1294 584 1294 525 1294 609 1295 525 1295 584 1295 543 1296 609 1296 539 1296 589 1297 525 1297 708 1297 592 1298 525 1298 590 1298 525 1299 592 1299 527 1299 594 1300 527 1300 592 1300 590 1301 525 1301 589 1301 543 1302 607 1302 525 1302 664 1303 689 1303 661 1303 665 1304 690 1304 664 1304 690 1305 665 1305 691 1305 657 1306 687 1306 655 1306 689 1307 664 1307 690 1307 661 1308 688 1308 659 1308 688 1309 661 1309 689 1309 648 1310 698 1310 646 1310 698 1311 648 1311 699 1311 674 1312 699 1312 648 1312 699 1313 674 1313 700 1313 677 1314 700 1314 674 1314 691 1315 668 1315 692 1315 670 1316 692 1316 668 1316 692 1317 670 1317 693 1317 638 1318 693 1318 670 1318 693 1319 638 1319 694 1319 640 1320 694 1320 638 1320 694 1321 640 1321 695 1321 642 1322 695 1322 640 1322 695 1323 642 1323 696 1323 659 1324 687 1324 657 1324 687 1325 659 1325 688 1325 649 1326 704 1326 683 1326 704 1327 649 1327 705 1327 651 1328 705 1328 649 1328 696 1329 642 1329 697 1329 683 1330 703 1330 681 1330 703 1331 683 1331 704 1331 644 1332 697 1332 642 1332 681 1333 702 1333 678 1333 653 1334 706 1334 651 1334 707 1335 653 1335 686 1335 706 1336 653 1336 707 1336 678 1337 701 1337 677 1337 702 1338 681 1338 703 1338 705 1339 651 1339 706 1339 701 1340 678 1340 702 1340 700 1341 677 1341 701 1341 646 1342 698 1342 644 1342 697 1343 644 1343 698 1343 655 1344 686 1344 653 1344 686 1345 655 1345 687 1345 668 1346 691 1346 665 1346 702 1347 703 1347 689 1347 689 1348 705 1348 706 1348 700 1349 701 1349 689 1349 689 1350 703 1350 704 1350 695 1351 689 1351 694 1351 688 1352 689 1352 687 1352 689 1353 691 1353 692 1353 693 1354 689 1354 692 1354 689 1355 693 1355 694 1355 690 1356 691 1356 689 1356 702 1357 689 1357 701 1357 704 1358 705 1358 689 1358 689 1359 707 1359 686 1359 686 1360 687 1360 689 1360 707 1361 689 1361 706 1361 697 1362 689 1362 696 1362 689 1363 698 1363 699 1363 695 1364 696 1364 689 1364 697 1365 698 1365 689 1365 700 1366 689 1366 699 1366 526 1367 543 1367 539 1367 710 1368 525 1368 530 1368 562 1369 567 1369 564 1369 716 1370 717 1370 715 1370 711 1371 715 1371 717 1371 745 1372 744 1372 743 1372 744 1373 745 1373 746 1373 755 1374 754 1374 753 1374 754 1375 755 1375 756 1375 757 1376 756 1376 755 1376 756 1377 757 1377 758 1377 713 1378 758 1378 757 1378 758 1379 713 1379 712 1379 715 1380 711 1380 714 1380 713 1381 714 1381 711 1381 718 1382 794 1382 714 1382 794 1383 718 1383 719 1383 727 1384 728 1384 729 1384 730 1385 729 1385 728 1385 741 1386 739 1386 740 1386 739 1387 741 1387 742 1387 743 1388 742 1388 741 1388 742 1389 743 1389 744 1389 790 1390 789 1390 788 1390 789 1391 790 1391 791 1391 782 1392 768 1392 769 1392 768 1393 782 1393 783 1393 839 1394 791 1394 790 1394 791 1395 839 1395 792 1395 716 1396 836 1396 786 1396 836 1397 716 1397 715 1397 784 1398 783 1398 782 1398 783 1399 784 1399 785 1399 786 1400 785 1400 784 1400 785 1401 786 1401 836 1401 764 1402 766 1402 778 1402 779 1403 778 1403 766 1403 788 1404 759 1404 787 1404 759 1405 788 1405 789 1405 772 1406 740 1406 773 1406 739 1407 773 1407 740 1407 772 1408 773 1408 774 1408 775 1409 774 1409 773 1409 774 1410 775 1410 776 1410 777 1411 776 1411 775 1411 838 1412 792 1412 839 1412 792 1413 838 1413 793 1413 711 1414 793 1414 838 1414 793 1415 711 1415 717 1415 759 1416 760 1416 787 1416 761 1417 760 1417 759 1417 760 1418 761 1418 762 1418 763 1419 762 1419 761 1419 764 1420 765 1420 766 1420 767 1421 766 1421 765 1421 769 1422 768 1422 767 1422 770 1423 738 1423 771 1423 737 1424 771 1424 738 1424 778 1425 779 1425 780 1425 781 1426 780 1426 779 1426 780 1427 781 1427 771 1427 770 1428 771 1428 781 1428 733 1429 732 1429 731 1429 732 1430 733 1430 734 1430 735 1431 734 1431 733 1431 734 1432 735 1432 736 1432 737 1433 736 1433 735 1433 736 1434 737 1434 738 1434 776 1435 777 1435 762 1435 760 1436 762 1436 777 1436 731 1437 729 1437 730 1437 729 1438 731 1438 732 1438 747 1439 746 1439 745 1439 746 1440 747 1440 748 1440 749 1441 748 1441 747 1441 748 1442 749 1442 750 1442 751 1443 750 1443 749 1443 750 1444 751 1444 752 1444 753 1445 752 1445 751 1445 752 1446 753 1446 754 1446 720 1447 719 1447 718 1447 719 1448 720 1448 721 1448 722 1449 721 1449 720 1449 721 1450 722 1450 723 1450 724 1451 723 1451 722 1451 723 1452 724 1452 725 1452 726 1453 725 1453 724 1453 725 1454 726 1454 727 1454 728 1455 727 1455 726 1455 788 1456 712 1456 790 1456 787 1457 712 1457 788 1457 712 1458 839 1458 790 1458 744 1459 746 1459 748 1459 777 1460 775 1460 787 1460 739 1461 712 1461 773 1461 750 1462 752 1462 756 1462 754 1463 756 1463 752 1463 744 1464 748 1464 750 1464 712 1465 787 1465 773 1465 712 1466 756 1466 758 1466 742 1467 712 1467 739 1467 712 1468 742 1468 744 1468 777 1469 787 1469 760 1469 721 1470 723 1470 725 1470 794 1471 836 1471 715 1471 794 1472 768 1472 783 1472 836 1473 794 1473 785 1473 785 1474 794 1474 783 1474 794 1475 781 1475 779 1475 781 1476 794 1476 770 1476 738 1477 770 1477 794 1477 721 1478 725 1478 727 1478 738 1479 734 1479 736 1479 727 1480 729 1480 734 1480 732 1481 734 1481 729 1481 794 1482 719 1482 721 1482 766 1483 768 1483 779 1483 724 1484 714 1484 726 1484 728 1485 714 1485 730 1485 714 1486 728 1486 726 1486 765 1487 764 1487 713 1487 778 1488 713 1488 764 1488 780 1489 714 1489 713 1489 730 1490 714 1490 731 1490 722 1491 714 1491 724 1491 731 1492 714 1492 733 1492 772 1493 713 1493 740 1493 765 1494 774 1494 776 1494 713 1495 774 1495 765 1495 774 1496 713 1496 772 1496 713 1497 753 1497 751 1497 753 1498 713 1498 755 1498 771 1499 714 1499 780 1499 737 1500 714 1500 771 1500 735 1501 714 1501 737 1501 733 1502 714 1502 735 1502 714 1503 722 1503 720 1503 745 1504 713 1504 747 1504 713 1505 778 1505 780 1505 757 1506 755 1506 713 1506 749 1507 713 1507 751 1507 747 1508 713 1508 749 1508 765 1509 762 1509 763 1509 776 1510 762 1510 765 1510 720 1511 718 1511 714 1511 743 1512 713 1512 745 1512 741 1513 713 1513 743 1513 713 1514 741 1514 740 1514 797 1515 765 1515 796 1515 798 1516 799 1516 763 1516 798 1517 763 1517 812 1517 810 1518 809 1518 811 1518 761 1519 812 1519 763 1519 812 1520 761 1520 806 1520 801 1521 808 1521 767 1521 765 1522 800 1522 767 1522 797 1523 800 1523 765 1523 767 1524 809 1524 810 1524 809 1525 767 1525 808 1525 810 1526 813 1526 804 1526 813 1527 810 1527 811 1527 761 1528 805 1528 806 1528 804 1529 813 1529 802 1529 805 1530 761 1530 803 1530 804 1531 803 1531 761 1531 802 1532 803 1532 804 1532 801 1533 767 1533 800 1533 795 1534 763 1534 807 1534 799 1535 807 1535 763 1535 763 1536 795 1536 765 1536 796 1537 765 1537 795 1537 814 1538 817 1538 810 1538 814 1539 810 1539 815 1539 804 1540 815 1540 810 1540 804 1541 816 1541 815 1541 834 1542 797 1542 835 1542 800 1543 833 1543 801 1543 797 1544 834 1544 800 1544 833 1545 800 1545 834 1545 835 1546 796 1546 819 1546 796 1547 835 1547 797 1547 795 1548 819 1548 796 1548 803 1549 825 1549 805 1549 825 1550 803 1550 826 1550 832 1551 801 1551 833 1551 831 1552 801 1552 832 1552 799 1553 821 1553 807 1553 819 1554 795 1554 820 1554 798 1555 822 1555 799 1555 821 1556 799 1556 822 1556 822 1557 798 1557 823 1557 807 1558 820 1558 795 1558 820 1559 807 1559 821 1559 826 1560 802 1560 827 1560 802 1561 826 1561 803 1561 813 1562 827 1562 802 1562 812 1563 823 1563 798 1563 806 1564 823 1564 812 1564 823 1565 806 1565 824 1565 824 1566 806 1566 825 1566 805 1567 825 1567 806 1567 811 1568 828 1568 813 1568 827 1569 813 1569 828 1569 829 1570 809 1570 830 1570 809 1571 829 1571 811 1571 801 1572 831 1572 808 1572 808 1573 831 1573 809 1573 830 1574 809 1574 831 1574 828 1575 811 1575 829 1575 819 1576 820 1576 835 1576 833 1577 835 1577 820 1577 835 1578 833 1578 834 1578 825 1579 823 1579 824 1579 829 1580 830 1580 831 1580 828 1581 829 1581 827 1581 825 1582 826 1582 829 1582 829 1583 831 1583 833 1583 832 1584 833 1584 831 1584 822 1585 820 1585 821 1585 827 1586 829 1586 826 1586 823 1587 825 1587 822 1587 820 1588 822 1588 825 1588 793 1589 815 1589 792 1589 837 1590 792 1590 815 1590 792 1591 837 1591 791 1591 791 1592 837 1592 789 1592 816 1593 789 1593 837 1593 789 1594 816 1594 759 1594 804 1595 761 1595 816 1595 759 1596 816 1596 761 1596 717 1597 815 1597 793 1597 814 1598 786 1598 818 1598 767 1599 810 1599 769 1599 817 1600 769 1600 810 1600 786 1601 814 1601 716 1601 815 1602 717 1602 814 1602 784 1603 818 1603 786 1603 782 1604 818 1604 784 1604 818 1605 782 1605 817 1605 769 1606 817 1606 782 1606 716 1607 814 1607 717 1607 750 1608 756 1608 712 1608 744 1609 750 1609 712 1609 820 1610 825 1610 833 1610 825 1611 829 1611 833 1611 734 1612 794 1612 727 1612 734 1613 738 1613 794 1613 721 1614 727 1614 794 1614 814 1615 818 1615 817 1615 773 1616 787 1616 775 1616 65 1617 3 1617 64 1617 72 1618 105 1618 116 1618 135 1619 127 1619 134 1619 140 1620 144 1620 334 1620 190 1621 191 1621 335 1621 147 1622 219 1622 227 1622 236 1623 238 1623 190 1623 152 1624 241 1624 239 1624 240 1625 332 1625 145 1625 148 1626 331 1626 243 1626 208 1627 237 1627 235 1627 220 1628 146 1628 290 1628 9 1629 228 1629 291 1629 169 1630 38 1630 289 1630 12 1631 20 1631 290 1631 230 1632 86 1632 231 1632 237 1633 238 1633 284 1633 241 1634 242 1634 287 1634 288 1635 338 1635 242 1635 245 1636 286 1636 337 1636 310 1637 326 1637 328 1637 333 1638 134 1638 127 1638 283 1639 285 1639 245 1639 242 1640 338 1640 271 1640 365 1641 346 1641 367 1641 360 1642 364 1642 363 1642 411 1643 401 1643 369 1643 424 1644 362 1644 394 1644 339 1645 524 1645 522 1645 357 1646 339 1646 423 1646 346 1647 366 1647 367 1647 355 1648 358 1648 356 1648 344 1649 365 1649 524 1649 369 1650 401 1650 523 1650 551 1651 532 1651 553 1651 546 1652 550 1652 549 1652 597 1653 587 1653 555 1653 610 1654 548 1654 580 1654 525 1655 710 1655 708 1655 543 1656 525 1656 609 1656 532 1657 552 1657 553 1657 541 1658 544 1658 542 1658 530 1659 551 1659 710 1659 555 1660 587 1660 709 1660 711 1661 712 1661 713 1661 714 1662 794 1662 715 1662 767 1663 768 1663 766 1663 712 1664 838 1664 839 1664 712 1665 711 1665 838 1665 768 1666 794 1666 779 1666 815 1667 816 1667 837 1667</p>
        </triangles>
      </mesh>
    </geometry>
    <geometry id="link6_01-mesh" name="link6_01">
      <mesh>
        <source id="link6_01-mesh-positions">
          <float_array id="link6_01-mesh-positions-array" count="2130">-0.007831752 0.03430002 0.002631843 -0.00734657 0.03427565 0.001453638 -0.008225202 0.03430432 0.000782665 -0.00818926 0.03430348 -0.001097619 -0.002219557 0.03429985 0.007981181 -0.002422332 0.0342741 0.007085204 -0.004767119 0.03429979 0.006774961 -0.007729053 0.03430002 -0.002918481 -0.006859123 0.03427076 -0.00301522 -0.006867885 0.03430008 -0.004593014 -0.005983054 0.03427523 -0.004502773 -0.005915999 0.03429996 -0.00575 -0.004862487 0.03427296 -0.005694627 -0.004920065 0.0342974 -0.006637215 -0.003639996 0.03429996 -0.007403969 0.002442717 0.0343014 0.007915675 0.002382278 0.03427499 0.007097721 7.41001e-05 0.03429991 0.008262693 0.000787802 0.03426861 0.007446289 -0.000894393 0.03426933 0.007430732 -0.003603637 0.03427225 0.006554484 -0.006767749 0.03430265 0.004778325 -0.006013453 0.03427881 0.004466831 -0.006838083 0.03426986 0.00304985 -0.002395391 0.03429865 -0.00790739 -0.000121633 0.03429847 -0.008283019 0.007120192 0.03430002 0.004191696 0.006234943 0.03429996 0.005402982 0.006025493 0.03427803 0.0044505 0.005293011 0.03429639 0.006343364 0.00552529 0.03429639 -0.006142973 0.006769001 0.0342983 -0.004737496 0.007668316 0.03429985 -0.003074347 0.008169293 0.03429985 -0.001238584 0.008238315 0.03429746 0.000630685 0.007483899 0.0342673 -8.05148e-07 0.007886409 0.0342983 0.002463042 0.006866395 0.03427076 0.002993881 0.003737747 0.03427791 0.006489276 0.00405699 0.03429996 0.007183969 0.000922974 0.03426992 -0.007429182 0.002239406 0.03430241 -0.007953047 0.002388477 0.03427308 -0.007103979 0.003990888 0.03429776 -0.007234513 0.003569066 0.03427749 -0.006580173 0.005135834 0.03427863 -0.005453169 0.007289886 0.0342732 -0.001711428 -0.006333947 0.03349995 0.002979993 -0.008041143 0.03349995 0.00199151 -0.006812095 0.03349995 0.001663804 -0.00701189 0.03349995 -7.82255e-05 -0.008243262 0.03349995 -0.000827465 -0.006875991 0.03349995 -0.001311957 -0.006489157 0.03349995 -0.002657592 -0.00748372 0.03349995 -0.003551781 -0.005625128 0.03349995 -0.004187405 -0.006188988 0.03349995 -0.005473494 -0.004408955 0.03349995 -0.005453467 -7.40931e-05 0.03349995 0.008262693 -0.000520138 0.03349995 0.006993293 0.001236498 0.03349995 0.006902754 -0.001957416 0.03349995 0.008026957 -0.001740992 0.03349995 0.006779968 -0.003056347 0.03349995 0.006310939 -0.003728926 0.03349995 0.007372915 -0.004529356 0.03349995 0.005353927 -0.005693018 0.03349995 0.006017744 -0.005716919 0.03349995 0.004061102 -0.007120251 0.03349995 0.004191696 0.006875991 0.03349995 0.001311957 0.008080303 0.03349995 0.001723527 0.006489157 0.03349995 0.002657592 0.007479608 0.03349995 0.003510594 0.005625128 0.03349995 0.004187405 0.006488621 0.03349995 0.005115211 0.004408955 0.03349995 0.005453467 0.004765391 0.03349995 0.006776213 0.002915024 0.03349995 0.006377458 0.002218961 0.03349995 0.0079813 0.003056347 0.03349995 -0.006310939 0.004928171 0.03349995 -0.006631195 0.004529356 0.03349995 -0.005353927 0.006633341 0.03349995 -0.004962623 0.005716919 0.03349995 -0.004061102 0.006333947 0.03349995 -0.002979993 0.007915735 0.03349995 -0.002442479 0.006812095 0.03349995 -0.001663804 0.00701189 0.03349995 7.82205e-05 0.008261203 0.03349995 -0.000150134 -0.004373967 0.03349995 -0.007035374 -0.002915024 0.03349995 -0.006377458 -0.002237737 0.03349995 -0.007953524 -0.001236498 0.03349995 -0.006902754 -0.00038317 0.03349995 -0.008253097 0.00052014 0.03349995 -0.006993293 0.001499354 0.03349995 -0.008125245 0.001740992 0.03349995 -0.006779968 0.003302037 0.03349995 -0.007573723 -0.00052014 0.03369998 -0.006993293 0.001236498 0.03369998 -0.006902754 0.002915024 0.03369998 -0.006377458 0.004408955 0.03369998 -0.005453467 0.005625128 0.03369998 -0.004187405 0.006489157 0.03369998 -0.002657592 0.006875991 0.03369998 -0.001311957 0.00701189 0.03369998 -7.82255e-05 0.006812095 0.03369998 0.001663804 0.006333947 0.03369998 0.002979993 0.005716919 0.03369998 0.004061102 0.004529356 0.03369998 0.005353927 0.003056347 0.03369998 0.006310939 0.001740992 0.03369998 0.006779968 0.000520138 0.03369998 0.006993293 -0.001236498 0.03369998 0.006902754 -0.002915024 0.03369998 0.006377458 -0.004408955 0.03369998 0.005453467 -0.005625128 0.03369998 0.004187405 -0.006489157 0.03369998 0.002657592 -0.006875991 0.03369998 0.001311957 -0.00701189 0.03369998 7.82205e-05 -0.006812095 0.03369998 -0.001663804 -0.006333947 0.03369998 -0.002979993 -0.005716919 0.03369998 -0.004061102 -0.004529356 0.03369998 -0.005353927 -0.003056347 0.03369998 -0.006310939 -0.001740992 0.03369998 -0.006779968 0.000474064 0.03729999 -0.005693078 0.000333252 0.03749996 -0.005703032 0.001570999 0.03749996 -0.005478978 0.002019107 0.03729999 -0.005343317 0.002620577 0.03750169 -0.005075991 0.003020942 0.03729999 -0.004833996 0.003920018 0.03749525 -0.00415492 0.004020988 0.03729999 -0.004057407 0.004912912 0.03749561 -0.002915084 0.004981935 0.03729999 -0.002795457 0.005525112 0.03750169 -0.001449942 0.00555849 0.03729999 -0.00131601 0.005711674 0.03750151 0.000123301 0.005696952 0.03729999 -0.000199003 0.005528748 0.03730112 0.001553356 0.005461633 0.03749954 0.00167483 0.004935979 0.03749996 0.002849996 0.004694521 0.03729999 0.003254771 0.004291832 0.03750014 0.003770411 0.003959953 0.03729999 0.004099965 0.003100037 0.03749966 0.004797697 0.002961575 0.03729999 0.00488466 0.001647174 0.03749579 0.005469501 0.001508712 0.03729999 0.005509316 6.10985e-05 0.03750014 0.005712866 -6.12705e-05 0.03729999 0.005712866 -0.001517653 0.03750193 0.005506932 -0.001644909 0.03729999 0.005470275 -0.002966225 0.03750431 0.004881918 -0.00267595 0.03729999 0.005032956 -0.004127442 0.03730255 0.003995299 -0.00419414 0.03750211 0.003878712 -0.005104541 0.03749549 0.002563774 -0.005165517 0.03729999 0.002438843 -0.005530953 0.03749996 0.001378953 -0.005637586 0.03729999 0.000924129 -0.005706489 0.03750211 0.000271801 -0.005696952 0.03729999 -0.000199003 -0.005510985 0.03750067 -0.001612782 -0.005524218 0.03729999 -0.00145328 -0.004911243 0.03729999 -0.002917945 -0.004725992 0.03749996 -0.003187 -0.004012227 0.037503 -0.004066169 -0.003919184 0.03729999 -0.004155755 -0.00275278 0.03750145 -0.005005657 -0.003020942 0.03729999 -0.004833996 -0.001395523 0.03730225 -0.005572319 -0.001255691 0.03749579 -0.005572915 -0.004408955 0.03729999 -0.005453467 -0.005625128 0.03729999 -0.004187405 -0.006489157 0.03729999 -0.002657592 -0.006875991 0.03729999 -0.001311957 -0.00701189 0.03729999 -7.82258e-05 0.004529356 0.03729999 -0.005353927 0.003056347 0.03729999 -0.006310939 0.001740992 0.03729999 -0.006779968 0.000520136 0.03729999 -0.006993293 -0.001236498 0.03729999 -0.006902754 -0.002915024 0.03729999 -0.006377458 -0.006812095 0.03729999 0.001663804 -0.006333947 0.03729999 0.002979993 -0.005716919 0.03729999 0.004061102 -0.004529356 0.03729999 0.005353927 -0.003056347 0.03729999 0.006310939 -0.001740992 0.03729999 0.006779968 -0.000520138 0.03729999 0.006993293 0.001236498 0.03729999 0.006902754 0.002915024 0.03729999 0.006377458 0.004408955 0.03729999 0.005453467 0.005625128 0.03729999 0.004187405 0.006489157 0.03729999 0.002657592 0.006875991 0.03729999 0.001311957 0.00701189 0.03729999 7.82202e-05 0.006812095 0.03729999 -0.001663804 0.006333947 0.03729999 -0.002979993 0.005716919 0.03729999 -0.004061102 -0.000518472 0.03749996 -0.006993412 0.000877 0.03749996 -0.006944954 0.002094209 0.03750091 -0.00669229 0.003371953 0.03749996 -0.006133973 0.004405081 0.03750151 -0.005456566 0.005626618 0.03750061 -0.004185438 0.006333947 0.03749996 -0.002979993 0.006773769 0.0375033 -0.001813411 0.00701183 0.03750103 -8.08558e-05 0.006813228 0.03749966 0.001658797 0.006186306 0.03749954 0.003301918 0.005393981 0.03749996 0.004461944 0.004530966 0.03750163 0.005352556 0.003061592 0.03749978 0.006308376 0.001395225 0.0374962 0.006872296 0 0.03749996 0.006999969 -0.001235246 0.03750234 0.006902992 -0.002916872 0.03749692 0.006376564 -0.004114985 0.03749996 0.005662977 -0.005056679 0.03750216 0.004859089 -0.005909979 0.03749996 0.003750979 -0.006492435 0.03750419 0.002649843 -0.006945669 0.03750157 0.000965635 -0.006966292 0.03749978 -0.000803511 -0.006656944 0.03749996 -0.002162992 -0.006182312 0.03750097 -0.003309667 -0.005165576 0.03749996 -0.004743099 -0.004114985 0.03749996 -0.005662977 -0.003053903 0.03750067 -0.006312191 -0.001740992 0.03749996 -0.006779968 -0.006747901 0.03743261 -0.003218173 -0.003462314 0.03426915 -0.00663793 -0.003573477 0.03743481 -0.006565988 -0.004945933 0.03743845 -0.005598545 -0.005836904 0.03743249 -0.004679799 -0.007290184 0.037436 -0.001673817 -0.007256627 0.03426903 -0.001840949 -0.007488191 0.03427433 -0.000201233 -0.007470369 0.03743743 0.000523276 -0.006979465 0.03743809 0.00266844 -0.006274282 0.03743159 0.004065215 -0.00547719 0.03743398 0.005069196 -0.004935622 0.03426676 0.005621373 -0.00424689 0.03743869 0.006144762 -0.002850055 0.03743231 0.006912827 -0.002392947 0.03427463 -0.007094919 -0.002133011 0.03743356 -0.007169723 -0.000802662 0.03426826 -0.007443904 -0.000886454 0.03743642 -0.0074175 0.000858727 0.03744035 -0.007423341 0.002322137 0.03743636 -0.007108211 0.003493249 0.03743785 -0.006601452 0.006157696 0.03426867 -0.004253983 0.005952954 0.0374372 -0.004524827 0.006786048 0.03743064 -0.003145456 0.006806075 0.03427064 -0.003126859 0.00729233 0.03743451 -0.001668214 0.007472991 0.03743159 -2.78923e-05 0.007371902 0.03743404 0.001219868 0.007336139 0.03428024 0.001501858 0.006979882 0.03743934 0.002664506 0.006299734 0.03742885 0.00402373 0.005371987 0.03743219 0.005194664 0.004962205 0.03426712 0.005600631 0.004247605 0.03744018 0.006142199 0.002907335 0.03742843 0.006888568 0.00137794 0.03743433 0.00734806 -0.000926528 0.0374419 0.007436394 0.004894971 0.0374332 -0.00565052 -0.005528748 0.03369879 0.001553356 -0.005696952 0.03369998 -0.000199003 -0.00555849 0.03369998 -0.00131601 -0.004981935 0.03369998 -0.002795457 -0.004020988 0.03369998 -0.004057407 -0.003020942 0.03369998 -0.004833996 -0.002019107 0.03369998 -0.005343317 -0.000474065 0.03369998 -0.005693078 0.001395523 0.03369772 -0.005572259 0.003020942 0.03369998 -0.004833996 0.005637586 0.03369998 0.00092413 0.005165517 0.03369998 0.002438843 0.004127442 0.03369736 0.003995299 0.00267595 0.03369998 0.005032956 0.001644909 0.03369998 0.005470275 6.12709e-05 0.03369998 0.005712866 -0.001508712 0.03369998 0.005509316 -0.002961575 0.03369998 0.00488466 -0.003959953 0.03369998 0.004099965 -0.004694521 0.03369998 0.003254771 0.003919184 0.03369998 -0.004155755 0.004911243 0.03369998 -0.002917945 0.005524218 0.03369998 -0.00145328 0.005696952 0.03369998 -0.000199003 -0.000333252 0.03349995 -0.005703032 0.001255691 0.03350418 -0.005572855 0.00275278 0.03349852 -0.005005657 0.004012286 0.03349697 -0.00406605 0.004725992 0.03349995 -0.003187 0.005510985 0.0334993 -0.001612782 0.005706489 0.03349786 0.000271802 0.005530953 0.03349995 0.001378953 0.005104541 0.03350448 0.002563774 0.00419414 0.03349781 0.003878712 0.002966225 0.0334956 0.004881918 0.001517653 0.03349798 0.005506932 -6.10989e-05 0.03349983 0.005712866 -0.001647174 0.03350418 0.005469501 -0.003100037 0.03350025 0.004797697 -0.004291832 0.03349983 0.003770411 -0.004935979 0.03349995 0.002849996 -0.005461633 0.03350043 0.00167483 -0.005711674 0.03349846 0.000123303 -0.005525112 0.03349828 -0.001449942 -0.004912912 0.03350436 -0.002915084 -0.003920018 0.03350466 -0.00415492 -0.002620577 0.03349822 -0.005075991 -0.001570999 0.03349995 -0.005478978 -0.003916084 0.03356587 -0.003222644 -0.005042374 0.03356236 0.000371441 -0.000994335 0.03356617 -0.004955708 -0.002421617 0.03355729 -0.004448771 -0.002770304 0.03356385 0.004231452 0.003840386 0.03355693 0.003298103 0.000572256 0.03355818 0.005040764 0.004764616 0.03355985 -0.001734077 -0.004838526 0.03356468 -0.001487851 -0.004702031 0.033562 0.001875638 -0.003936409 0.03355866 0.003183245 -0.001067817 0.03356045 0.004946708 0.002558887 0.03356766 0.004373431 0.004719197 0.03356832 0.001852273 0.005058407 0.03355997 -3.1015e-05 0.00375688 0.03356343 -0.003384888 0.002543747 0.03355813 -0.004379749 0.000710196 0.03355956 -0.00502181 -0.000710198 0.03744035 -0.00502181 0.000994329 0.03743374 -0.004955708 0.002421677 0.03744262 -0.004448711 0.003911316 0.03743392 -0.003227531 0.004826366 0.03744077 -0.001559853 0.005042374 0.03743755 0.000371441 0.004702031 0.03743791 0.001875638 0.003936409 0.03744125 0.003183245 0.002770304 0.03743612 0.004231452 0.001067817 0.03743946 0.004946708 -0.000572257 0.03744179 0.005040764 -0.002558827 0.03743225 0.004373431 -0.003840386 0.03744304 0.003298103 -0.004719197 0.03743159 0.001852273 -0.005058407 0.03744 -3.10136e-05 -0.004766225 0.03744024 -0.001733243 -0.003755509 0.0374366 -0.003386855 -0.00254333 0.03744179 -0.004379987 -0.007831752 -0.03430002 -0.002631843 -0.00734657 -0.03427565 -0.001453638 -0.008225202 -0.03430432 -0.000782665 -0.00818926 -0.03430348 0.001097619 -0.002219557 -0.03429985 -0.007981181 -0.002422332 -0.0342741 -0.007085204 -0.004767119 -0.03429979 -0.006774961 -0.007729053 -0.03430002 0.002918481 -0.006859123 -0.03427076 0.00301522 -0.006867885 -0.03430008 0.004593014 -0.005983054 -0.03427523 0.004502773 -0.005915999 -0.03429996 0.00575 -0.004862487 -0.03427296 0.005694627 -0.004920065 -0.0342974 0.006637215 -0.003639996 -0.03429996 0.007403969 0.002442717 -0.0343014 -0.007915675 0.002382278 -0.03427499 -0.007097721 7.41001e-05 -0.03429991 -0.008262693 0.000787802 -0.03426861 -0.007446289 -0.000894393 -0.03426933 -0.007430732 -0.003603637 -0.03427225 -0.006554484 -0.006767749 -0.03430265 -0.004778325 -0.006013453 -0.03427881 -0.004466831 -0.006838083 -0.03426986 -0.00304985 -0.002395391 -0.03429865 0.00790739 -0.000121633 -0.03429847 0.008283019 0.007120192 -0.03430002 -0.004191696 0.006234943 -0.03429996 -0.005402982 0.006025493 -0.03427803 -0.0044505 0.005293011 -0.03429639 -0.006343364 0.00552529 -0.03429639 0.006142973 0.006769001 -0.0342983 0.004737496 0.007668316 -0.03429985 0.003074347 0.008169293 -0.03429985 0.001238584 0.008238315 -0.03429746 -0.000630685 0.007483899 -0.0342673 8.05148e-07 0.007886409 -0.0342983 -0.002463042 0.006866395 -0.03427076 -0.002993881 0.003737747 -0.03427791 -0.006489276 0.00405699 -0.03429996 -0.007183969 0.000922974 -0.03426992 0.007429182 0.002239406 -0.03430241 0.007953047 0.002388477 -0.03427308 0.007103979 0.003990888 -0.03429776 0.007234513 0.003569066 -0.03427749 0.006580173 0.005135834 -0.03427863 0.005453169 0.007289886 -0.0342732 0.001711428 -0.006333947 -0.03349995 -0.002979993 -0.008041143 -0.03349995 -0.00199151 -0.006812095 -0.03349995 -0.001663804 -0.00701189 -0.03349995 7.82255e-05 -0.008243262 -0.03349995 0.000827465 -0.006875991 -0.03349995 0.001311957 -0.006489157 -0.03349995 0.002657592 -0.00748372 -0.03349995 0.003551781 -0.005625128 -0.03349995 0.004187405 -0.006188988 -0.03349995 0.005473494 -0.004408955 -0.03349995 0.005453467 -7.40931e-05 -0.03349995 -0.008262693 -0.000520138 -0.03349995 -0.006993293 0.001236498 -0.03349995 -0.006902754 -0.001957416 -0.03349995 -0.008026957 -0.001740992 -0.03349995 -0.006779968 -0.003056347 -0.03349995 -0.006310939 -0.003728926 -0.03349995 -0.007372915 -0.004529356 -0.03349995 -0.005353927 -0.005693018 -0.03349995 -0.006017744 -0.005716919 -0.03349995 -0.004061102 -0.007120251 -0.03349995 -0.004191696 0.006875991 -0.03349995 -0.001311957 0.008080303 -0.03349995 -0.001723527 0.006489157 -0.03349995 -0.002657592 0.007479608 -0.03349995 -0.003510594 0.005625128 -0.03349995 -0.004187405 0.006488621 -0.03349995 -0.005115211 0.004408955 -0.03349995 -0.005453467 0.004765391 -0.03349995 -0.006776213 0.002915024 -0.03349995 -0.006377458 0.002218961 -0.03349995 -0.0079813 0.003056347 -0.03349995 0.006310939 0.004928171 -0.03349995 0.006631195 0.004529356 -0.03349995 0.005353927 0.006633341 -0.03349995 0.004962623 0.005716919 -0.03349995 0.004061102 0.006333947 -0.03349995 0.002979993 0.007915735 -0.03349995 0.002442479 0.006812095 -0.03349995 0.001663804 0.00701189 -0.03349995 -7.82205e-05 0.008261203 -0.03349995 0.000150134 -0.004373967 -0.03349995 0.007035374 -0.002915024 -0.03349995 0.006377458 -0.002237737 -0.03349995 0.007953524 -0.001236498 -0.03349995 0.006902754 -0.00038317 -0.03349995 0.008253097 0.00052014 -0.03349995 0.006993293 0.001499354 -0.03349995 0.008125245 0.001740992 -0.03349995 0.006779968 0.003302037 -0.03349995 0.007573723 -0.00052014 -0.03369998 0.006993293 0.001236498 -0.03369998 0.006902754 0.002915024 -0.03369998 0.006377458 0.004408955 -0.03369998 0.005453467 0.005625128 -0.03369998 0.004187405 0.006489157 -0.03369998 0.002657592 0.006875991 -0.03369998 0.001311957 0.00701189 -0.03369998 7.82255e-05 0.006812095 -0.03369998 -0.001663804 0.006333947 -0.03369998 -0.002979993 0.005716919 -0.03369998 -0.004061102 0.004529356 -0.03369998 -0.005353927 0.003056347 -0.03369998 -0.006310939 0.001740992 -0.03369998 -0.006779968 0.000520138 -0.03369998 -0.006993293 -0.001236498 -0.03369998 -0.006902754 -0.002915024 -0.03369998 -0.006377458 -0.004408955 -0.03369998 -0.005453467 -0.005625128 -0.03369998 -0.004187405 -0.006489157 -0.03369998 -0.002657592 -0.006875991 -0.03369998 -0.001311957 -0.00701189 -0.03369998 -7.82205e-05 -0.006812095 -0.03369998 0.001663804 -0.006333947 -0.03369998 0.002979993 -0.005716919 -0.03369998 0.004061102 -0.004529356 -0.03369998 0.005353927 -0.003056347 -0.03369998 0.006310939 -0.001740992 -0.03369998 0.006779968 0.000474064 -0.03729999 0.005693078 0.000333252 -0.03749996 0.005703032 0.001570999 -0.03749996 0.005478978 0.002019107 -0.03729999 0.005343317 0.002620577 -0.03750169 0.005075991 0.003020942 -0.03729999 0.004833996 0.003920018 -0.03749525 0.00415492 0.004020988 -0.03729999 0.004057407 0.004912912 -0.03749561 0.002915084 0.004981935 -0.03729999 0.002795457 0.005525112 -0.03750169 0.001449942 0.00555849 -0.03729999 0.00131601 0.005711674 -0.03750151 -0.000123301 0.005696952 -0.03729999 0.000199003 0.005528748 -0.03730112 -0.001553356 0.005461633 -0.03749954 -0.00167483 0.004935979 -0.03749996 -0.002849996 0.004694521 -0.03729999 -0.003254771 0.004291832 -0.03750014 -0.003770411 0.003959953 -0.03729999 -0.004099965 0.003100037 -0.03749966 -0.004797697 0.002961575 -0.03729999 -0.00488466 0.001647174 -0.03749579 -0.005469501 0.001508712 -0.03729999 -0.005509316 6.10985e-05 -0.03750014 -0.005712866 -6.12705e-05 -0.03729999 -0.005712866 -0.001517653 -0.03750193 -0.005506932 -0.001644909 -0.03729999 -0.005470275 -0.002966225 -0.03750431 -0.004881918 -0.00267595 -0.03729999 -0.005032956 -0.004127442 -0.03730255 -0.003995299 -0.00419414 -0.03750211 -0.003878712 -0.005104541 -0.03749549 -0.002563774 -0.005165517 -0.03729999 -0.002438843 -0.005530953 -0.03749996 -0.001378953 -0.005637586 -0.03729999 -0.000924129 -0.005706489 -0.03750211 -0.000271801 -0.005696952 -0.03729999 0.000199003 -0.005510985 -0.03750067 0.001612782 -0.005524218 -0.03729999 0.00145328 -0.004911243 -0.03729999 0.002917945 -0.004725992 -0.03749996 0.003187 -0.004012227 -0.037503 0.004066169 -0.003919184 -0.03729999 0.004155755 -0.00275278 -0.03750145 0.005005657 -0.003020942 -0.03729999 0.004833996 -0.001395523 -0.03730225 0.005572319 -0.001255691 -0.03749579 0.005572915 -0.004408955 -0.03729999 0.005453467 -0.005625128 -0.03729999 0.004187405 -0.006489157 -0.03729999 0.002657592 -0.006875991 -0.03729999 0.001311957 -0.00701189 -0.03729999 7.82258e-05 0.004529356 -0.03729999 0.005353927 0.003056347 -0.03729999 0.006310939 0.001740992 -0.03729999 0.006779968 0.000520136 -0.03729999 0.006993293 -0.001236498 -0.03729999 0.006902754 -0.002915024 -0.03729999 0.006377458 -0.006812095 -0.03729999 -0.001663804 -0.006333947 -0.03729999 -0.002979993 -0.005716919 -0.03729999 -0.004061102 -0.004529356 -0.03729999 -0.005353927 -0.003056347 -0.03729999 -0.006310939 -0.001740992 -0.03729999 -0.006779968 -0.000520138 -0.03729999 -0.006993293 0.001236498 -0.03729999 -0.006902754 0.002915024 -0.03729999 -0.006377458 0.004408955 -0.03729999 -0.005453467 0.005625128 -0.03729999 -0.004187405 0.006489157 -0.03729999 -0.002657592 0.006875991 -0.03729999 -0.001311957 0.00701189 -0.03729999 -7.82202e-05 0.006812095 -0.03729999 0.001663804 0.006333947 -0.03729999 0.002979993 0.005716919 -0.03729999 0.004061102 -0.000518472 -0.03749996 0.006993412 0.000877 -0.03749996 0.006944954 0.002094209 -0.03750091 0.00669229 0.003371953 -0.03749996 0.006133973 0.004405081 -0.03750151 0.005456566 0.005626618 -0.03750061 0.004185438 0.006333947 -0.03749996 0.002979993 0.006773769 -0.0375033 0.001813411 0.00701183 -0.03750103 8.08558e-05 0.006813228 -0.03749966 -0.001658797 0.006186306 -0.03749954 -0.003301918 0.005393981 -0.03749996 -0.004461944 0.004530966 -0.03750163 -0.005352556 0.003061592 -0.03749978 -0.006308376 0.001395225 -0.0374962 -0.006872296 0 -0.03749996 -0.006999969 -0.001235246 -0.03750234 -0.006902992 -0.002916872 -0.03749692 -0.006376564 -0.004114985 -0.03749996 -0.005662977 -0.005056679 -0.03750216 -0.004859089 -0.005909979 -0.03749996 -0.003750979 -0.006492435 -0.03750419 -0.002649843 -0.006945669 -0.03750157 -0.000965635 -0.006966292 -0.03749978 0.000803511 -0.006656944 -0.03749996 0.002162992 -0.006182312 -0.03750097 0.003309667 -0.005165576 -0.03749996 0.004743099 -0.004114985 -0.03749996 0.005662977 -0.003053903 -0.03750067 0.006312191 -0.001740992 -0.03749996 0.006779968 -0.006747901 -0.03743261 0.003218173 -0.003462314 -0.03426915 0.00663793 -0.003573477 -0.03743481 0.006565988 -0.004945933 -0.03743845 0.005598545 -0.005836904 -0.03743249 0.004679799 -0.007290184 -0.037436 0.001673817 -0.007256627 -0.03426903 0.001840949 -0.007488191 -0.03427433 0.000201233 -0.007470369 -0.03743743 -0.000523276 -0.006979465 -0.03743809 -0.00266844 -0.006274282 -0.03743159 -0.004065215 -0.00547719 -0.03743398 -0.005069196 -0.004935622 -0.03426676 -0.005621373 -0.00424689 -0.03743869 -0.006144762 -0.002850055 -0.03743231 -0.006912827 -0.002392947 -0.03427463 0.007094919 -0.002133011 -0.03743356 0.007169723 -0.000802662 -0.03426826 0.007443904 -0.000886454 -0.03743642 0.0074175 0.000858727 -0.03744035 0.007423341 0.002322137 -0.03743636 0.007108211 0.003493249 -0.03743785 0.006601452 0.006157696 -0.03426867 0.004253983 0.005952954 -0.0374372 0.004524827 0.006786048 -0.03743064 0.003145456 0.006806075 -0.03427064 0.003126859 0.00729233 -0.03743451 0.001668214 0.007472991 -0.03743159 2.78923e-05 0.007371902 -0.03743404 -0.001219868 0.007336139 -0.03428024 -0.001501858 0.006979882 -0.03743934 -0.002664506 0.006299734 -0.03742885 -0.00402373 0.005371987 -0.03743219 -0.005194664 0.004962205 -0.03426712 -0.005600631 0.004247605 -0.03744018 -0.006142199 0.002907335 -0.03742843 -0.006888568 0.00137794 -0.03743433 -0.00734806 -0.000926528 -0.0374419 -0.007436394 0.004894971 -0.0374332 0.00565052 -0.005528748 -0.03369879 -0.001553356 -0.005696952 -0.03369998 0.000199003 -0.00555849 -0.03369998 0.00131601 -0.004981935 -0.03369998 0.002795457 -0.004020988 -0.03369998 0.004057407 -0.003020942 -0.03369998 0.004833996 -0.002019107 -0.03369998 0.005343317 -0.000474065 -0.03369998 0.005693078 0.001395523 -0.03369772 0.005572259 0.003020942 -0.03369998 0.004833996 0.005637586 -0.03369998 -0.00092413 0.005165517 -0.03369998 -0.002438843 0.004127442 -0.03369736 -0.003995299 0.00267595 -0.03369998 -0.005032956 0.001644909 -0.03369998 -0.005470275 6.12709e-05 -0.03369998 -0.005712866 -0.001508712 -0.03369998 -0.005509316 -0.002961575 -0.03369998 -0.00488466 -0.003959953 -0.03369998 -0.004099965 -0.004694521 -0.03369998 -0.003254771 0.003919184 -0.03369998 0.004155755 0.004911243 -0.03369998 0.002917945 0.005524218 -0.03369998 0.00145328 0.005696952 -0.03369998 0.000199003 -0.000333252 -0.03349995 0.005703032 0.001255691 -0.03350418 0.005572855 0.00275278 -0.03349852 0.005005657 0.004012286 -0.03349697 0.00406605 0.004725992 -0.03349995 0.003187 0.005510985 -0.0334993 0.001612782 0.005706489 -0.03349786 -0.000271802 0.005530953 -0.03349995 -0.001378953 0.005104541 -0.03350448 -0.002563774 0.00419414 -0.03349781 -0.003878712 0.002966225 -0.0334956 -0.004881918 0.001517653 -0.03349798 -0.005506932 -6.10989e-05 -0.03349983 -0.005712866 -0.001647174 -0.03350418 -0.005469501 -0.003100037 -0.03350025 -0.004797697 -0.004291832 -0.03349983 -0.003770411 -0.004935979 -0.03349995 -0.002849996 -0.005461633 -0.03350043 -0.00167483 -0.005711674 -0.03349846 -0.000123303 -0.005525112 -0.03349828 0.001449942 -0.004912912 -0.03350436 0.002915084 -0.003920018 -0.03350466 0.00415492 -0.002620577 -0.03349822 0.005075991 -0.001570999 -0.03349995 0.005478978 -0.003916084 -0.03356587 0.003222644 -0.005042374 -0.03356236 -0.000371441 -0.000994335 -0.03356617 0.004955708 -0.002421617 -0.03355729 0.004448771 -0.002770304 -0.03356385 -0.004231452 0.003840386 -0.03355693 -0.003298103 0.000572256 -0.03355818 -0.005040764 0.004764616 -0.03355985 0.001734077 -0.004838526 -0.03356468 0.001487851 -0.004702031 -0.033562 -0.001875638 -0.003936409 -0.03355866 -0.003183245 -0.001067817 -0.03356045 -0.004946708 0.002558887 -0.03356766 -0.004373431 0.004719197 -0.03356832 -0.001852273 0.005058407 -0.03355997 3.1015e-05 0.00375688 -0.03356343 0.003384888 0.002543747 -0.03355813 0.004379749 0.000710196 -0.03355956 0.00502181 -0.000710198 -0.03744035 0.00502181 0.000994329 -0.03743374 0.004955708 0.002421677 -0.03744262 0.004448711 0.003911316 -0.03743392 0.003227531 0.004826366 -0.03744077 0.001559853 0.005042374 -0.03743755 -0.000371441 0.004702031 -0.03743791 -0.001875638 0.003936409 -0.03744125 -0.003183245 0.002770304 -0.03743612 -0.004231452 0.001067817 -0.03743946 -0.004946708 -0.000572257 -0.03744179 -0.005040764 -0.002558827 -0.03743225 -0.004373431 -0.003840386 -0.03744304 -0.003298103 -0.004719197 -0.03743159 -0.001852273 -0.005058407 -0.03744 3.10136e-05 -0.004766225 -0.03744024 0.001733243 -0.003755509 -0.0374366 0.003386855 -0.00254333 -0.03744179 0.004379987</float_array>
          <technique_common>
            <accessor source="#link6_01-mesh-positions-array" count="710" stride="3">
              <param name="X" type="float" />
              <param name="Y" type="float" />
              <param name="Z" type="float" />
            </accessor>
          </technique_common>
        </source>
        <source id="link6_01-mesh-normals">
          <float_array id="link6_01-mesh-normals-array" count="4260">0.004957139 0.9995517 0.0295282 -0.02425587 0.9995498 -0.01765978 -0.02192598 0.9995943 -0.01817327 -0.03571045 0.9990858 -0.0235024 -0.01869511 0.9997103 0.01515966 -0.02503997 0.9992466 0.0296514 -0.03446984 0.9992485 0.01772886 -0.04228621 0.9991016 0.002820193 -0.03026354 0.999475 -0.01156115 -0.02400022 0.9996991 -0.005070686 -0.02833282 0.9995952 -0.002588272 -0.03574186 0.9992191 -0.01684534 -0.0246213 0.9995122 -0.01920896 -0.01496553 0.9993514 -0.03275334 -0.01426017 0.9995805 -0.02520734 -0.01118093 0.999583 -0.02662229 -0.01608473 0.9993878 -0.03107154 0.01442867 0.9987613 0.04761928 -0.0012573 0.9993897 0.03491169 -0.00764203 0.9990581 0.04271173 -0.0102055 0.9992894 0.03628396 -0.01237589 0.999251 0.03666377 -0.01356273 0.9996622 0.02217131 -0.01447027 0.9996623 0.02158623 -0.01366913 0.9997446 0.01799792 -0.03494971 0.9992207 0.01834416 -0.03444445 0.9993569 0.009969174 -0.03547054 0.9993238 0.009683668 -0.03419518 0.9993885 0.007307887 0.03513175 0.9992931 0.01338088 0.03568196 0.9991946 0.01835811 0.02616882 0.9994878 0.01841658 0.02588152 0.9994398 0.02122086 0.02449458 0.9994763 0.02114695 0.02432018 0.9994056 0.02443242 0.03683859 0.9993061 -0.005502462 0.03555232 0.9993606 -0.00381577 0.0410614 0.9991566 0.000317355 0.0125882 0.9994223 -0.0315684 0.01689475 0.9992182 -0.03574252 0.03866523 0.9992498 0.002194464 0.0443443 0.9989727 0.009333014 0.03508508 0.998815 -0.0337274 0.02591204 0.9995695 -0.01375997 0.02337211 0.9995287 -0.01990652 0.03894466 0.9990304 -0.02053123 0.03325605 0.9994224 -0.00698024 0.02578318 0.9990819 0.03421467 0.01584964 0.9992071 0.03652364 0.007507503 0.999536 0.02952009 0.01306283 0.999599 0.0251255 -0.01088559 0.9994459 -0.0314573 -0.007158279 0.9989807 -0.0445671 0.000771188 0.9992908 -0.03764694 0.005240797 0.9990682 -0.04284185 0.01016026 0.9994671 -0.03102016 0.0177567 0.999355 -0.03121203 0 -1 -0 0 -1 -0 0 -1 -0 0 -1 -0 0 -1 -0 0 -1 -0 0 -1 -0 0 -1 -0 0 -1 -0 0 -1 -0 0 -1 -0 0 -1 -0 0 -1 -0 0 -1 -0 0 -1 -0 0 -1 -0 0 -1 -0 0 -1 -0 0 -1 -0 0 -1 -0 0 -1 -0 0 -1 -0 0 -1 -0 0 -1 -0 0 -1 -0 0 -1 -0 0 -1 -0 0 -1 -0 0 -1 -0 0 -1 -0 0 -1 -0 0 -1 -0 0 -1 -0 0 -1 -0 0 -1 -0 0 -1 -0 0 -1 -0 0 -1 -0 0 -1 -0 0 -1 -0 0 -1 -0 0 -1 -0 0 -1 -0 0 -1 -0 0 -1 -0 0 -1 -0 0 -1 -0 0 -1 -0 0 -1 -0 0 -1 -0 0 -1 -0 -0.9252114 0.1761534 0.3360862 -0.3348839 0.07562327 0.9392198 -0.2945704 -0.1651247 0.9412556 -0.8617902 -0.1241089 0.4918482 -0.8672971 -0.08867579 0.4898289 -0.733516 0.08896642 0.6738243 -0.7182964 -0.0889371 0.6900293 -0.5426715 0.08902972 0.8352134 -0.523957 -0.08860284 0.8471238 -0.1696548 0.1682388 0.971037 -0.04970753 -0.2585493 0.9647183 0.1696549 0.1682388 -0.9710371 0.2945705 -0.1651244 -0.9412556 0.3348839 0.07562345 -0.9392198 0.5239569 -0.08860385 -0.8471237 0.5426715 0.08902913 -0.8352134 0.7182962 -0.08893871 -0.6900293 0.733516 0.08896785 -0.6738241 0.8672972 -0.0886746 -0.489829 0.8617902 -0.124108 -0.4918484 -0.733516 -0.08896785 -0.6738241 -0.7182962 0.08893871 -0.6900293 -0.5426715 -0.08902913 -0.8352134 -0.5239569 0.08860385 -0.8471237 -0.3348839 -0.07562345 -0.9392198 -0.2945705 0.1651244 -0.9412556 -0.1696549 -0.1682388 -0.9710371 -0.04970782 0.2585499 -0.9647181 0.04970782 -0.2585499 -0.9647181 -0.9460496 -0.1761539 0.2719557 -0.9863142 0.1240203 0.1086435 -0.9895637 0.08878147 0.1134977 -0.9895637 -0.08878147 -0.1134977 -0.9863142 -0.1240203 -0.1086435 -0.9460496 0.1761537 -0.2719556 -0.9252113 -0.1761541 -0.3360861 -0.8617902 0.124108 -0.4918484 -0.8672972 0.0886746 -0.489829 0.9252113 0.1761541 -0.3360861 0.733516 -0.08896642 0.6738243 0.7182964 0.0889371 0.6900293 0.5426715 -0.08902972 0.8352134 0.523957 0.08860284 0.8471238 0.3348839 -0.07562327 0.9392198 0.2945704 0.1651247 0.9412556 0.1696548 -0.1682388 0.971037 0.04970753 0.2585493 0.9647183 0.8672971 0.08867579 0.4898289 0.8617902 0.1241089 0.4918482 0.9252114 -0.1761534 0.3360862 0.9460496 0.1761539 0.2719557 0.9863142 -0.1240203 0.1086435 0.9895637 -0.08878147 0.1134977 0.9895637 0.08878147 -0.1134977 0.9863142 0.1240203 -0.1086435 0.9460496 -0.1761537 -0.2719556 -0.4248611 0.1193707 0.8973537 -0.3457185 -0.05968618 0.9364382 -0.1241928 0.01609009 0.9921277 -0.1218014 0.02256435 0.992298 0.1217648 -0.02255761 0.9923027 0.1448251 0.04056781 0.9886253 -0.9741922 0.08890169 0.2074756 -0.9203512 -0.06745994 0.3852308 -0.8938705 0.06876176 0.4430207 -0.7836695 -0.1035054 0.6124939 -0.6987458 0.1458457 0.7003452 -0.5637408 -0.1209338 0.8170504 -0.771467 0.043904 -0.6347529 -0.8260751 -0.08846783 -0.556573 -0.885773 0.08901834 -0.4555017 -0.9599874 -0.08244788 -0.2676315 -0.9693683 -0.01727819 -0.2450032 -0.9979785 0.06061553 -0.01909565 -0.9902456 -0.1198904 0.07099252 -0.1594632 0.01524186 -0.9870862 -0.1629545 0.02480989 -0.9863216 -0.3947506 -0.02487325 -0.9184516 -0.3737561 -0.08275502 -0.923828 -0.5124746 0.07608199 -0.8553253 -0.6507535 -0.06808972 -0.7562299 -0.6649267 -0.03099602 -0.7462652 0.997235 0.06458944 -0.03675144 0.9849273 -0.08880513 -0.1484313 0.9608021 0.0900737 -0.2621945 0.888229 -0.08229005 -0.4519709 0.8795298 -0.01525235 -0.4755993 0.4273321 -0.04531461 0.9029585 0.4107584 -0.09828609 0.9064311 0.5784963 0.0647065 -0.8131144 0.5004172 -0.06501245 -0.86334 0.3788847 0.06535476 -0.9231334 0.2919448 -0.06448966 -0.9542585 0.1377832 0.08467578 -0.9868363 0.06766039 -0.05948251 -0.9959337 0.6967936 -0.08590155 -0.7121093 0.7475264 0.05961823 -0.6615511 0.5608659 0.076469 0.8243676 0.6923605 -0.06827974 0.7183139 0.7062423 -0.03047776 0.7073138 0.8065867 0.0437119 0.5894975 0.84903 -0.06501621 0.524329 0.9122788 0.06558889 0.404284 0.9458858 -0.0647996 0.3179638 0.980063 0.0637086 0.1881965 0.9932413 -0.06539481 0.09589236 0.9188697 0.08927142 -0.3843294 0.7924062 -0.08933377 -0.603417 0.7772989 0.09104079 -0.6225093 0.6115169 -0.07702469 -0.7874734 0.5706036 0.1681646 -0.8038235 0.4467992 -0.1675075 -0.8788127 0.3531559 0.1670064 -0.9205378 0.217784 -0.1644591 -0.9620413 0.1776152 0.07630002 -0.9811377 -0.1509016 -0.08379656 0.9849908 -0.3946911 0.08251154 0.9151015 -0.3874172 0.1247258 0.9134284 -0.5676016 -0.2199278 0.7933852 -0.6153998 0.233887 0.7527149 -0.8209614 0.05729907 0.5681015 -0.8281118 -0.0949288 0.5524667 -0.9380747 0.07642853 0.3378973 0.7439395 -0.1690054 0.6465224 0.6441683 0.1625751 0.7474066 0.6156762 -0.08563464 0.7833324 0.4172127 0.1039683 0.9028423 0.3933144 -0.09211039 0.9147783 0.1512575 0.09317886 0.984093 0.1281792 -0.07837677 0.9886492 -0.1288579 0.07877331 0.9885295 0.9282443 -0.08662182 -0.3617446 0.9893885 0.08574581 -0.1172952 0.9848182 0.1234067 -0.122082 0.970988 -0.2201448 0.09337306 0.9607533 0.2299737 0.1551295 0.9112753 0.05864804 0.4075998 0.8816128 -0.1897836 0.4321355 0.80757 0.1687513 0.5651139 -0.8957713 -0.2388458 -0.3748953 -0.8723666 0.2228165 -0.4351199 -0.598139 0.1211547 -0.7921813 -0.5959707 0.07963693 -0.7990474 -0.08165967 0.05592769 -0.9950898 -0.06431102 -0.09464508 -0.9934316 -0.342719 0.2447919 -0.9069843 -0.4031463 -0.2202446 -0.8882372 -0.9415499 -0.1654294 0.2934569 -0.9736862 0.1673805 0.154658 -0.7777371 -0.08119869 -0.6233232 -0.7697458 -0.1281145 -0.6253623 -0.9897284 -0.04308676 -0.1363137 -0.9764582 0.1903714 -0.1014307 -0.9844945 -0.1675188 0.05204057 0 1 -0 0 1 -0 0 1 -0 0.001206219 0.9999992 4.2745e-05 -8.76794e-05 0.9999985 -0.001701653 -0.000549825 0.9999983 -0.001756846 -0.001428782 0.999999 -9.8076e-05 0 1 -0 0 1 -0 0 1 -0 0 1 -0 0 1 -0 -0.00165683 0.9999985 -0.000563212 -0.001573681 0.9999977 0.001445591 0.000348819 0.9999979 0.002014338 0 1 -0 0 1 -0 0 1 -0 0 1 -0 0 1 -0 0 1 -0 0 1 -0 0 1 -0 0 1 -0 0 1 -0 0 1 -0 0 1 -0 0 1 -0 -0.000462001 0.9999998 0.000460993 0.000738435 0.9999997 0.000417051 0.000915391 0.9999995 0.000263142 0.000885724 0.9999996 9.75634e-05 0.00013794 0.9999998 -0.000654267 0 1 -0 0 1 -0 0 1 -0 0 1 -0 0 1 -0 0 1 -0 0 1 -0 0 1 -0 0 1 -0 0 1 -0 0 1 -0 0 1 -0 0 1 -0 0 1 -0 0 1 -0 0 1 -0 0 1 -0 0 1 -0 0 1 -0 -0.9870234 -0.08615773 0.1355059 -0.9894898 0.0896117 0.1134893 -0.9895431 -0.0895906 -0.1130397 -0.9866581 -0.1212193 -0.1086814 -0.9462183 0.1751705 -0.2720042 -0.902729 -0.2577562 -0.3444446 -0.03414767 -0.1766442 0.9836822 -0.2017297 0.1253455 0.9713875 -0.1707319 -0.1261965 0.9772027 -0.330565 0.1766312 0.9271075 -0.3942585 -0.1760469 0.9019799 -0.5441879 0.1245523 0.8296664 -0.542581 0.09087252 0.8350737 -0.7180473 -0.09121954 0.6899906 -0.7336096 0.08753508 0.67391 -0.8601207 -0.07432824 0.5046461 -0.8685048 0 0.4956808 -0.9357084 0 0.3527745 -0.9373326 0.07398992 0.3404893 0.07683378 -0.1669057 -0.9829745 -0.05075216 0.1649742 -0.9849913 -0.09103274 -0.08036899 -0.9925996 -0.2973715 0.09315925 -0.9502061 -0.319037 -0.09221565 -0.9432452 -0.5238281 0.09131419 -0.8469155 -0.5430153 -0.08914047 -0.8349782 -0.7182672 0.08939063 -0.690001 -0.7124332 0.1245217 -0.6906034 -0.8126838 -0.1774627 -0.5550244 -0.841375 0.2574558 -0.475189 0.1697066 0.1664713 -0.9713326 0.2951346 -0.1654021 -0.9410302 0.3348841 0.07560944 -0.9392209 0.6399629 -0.1667535 -0.7500938 0.71187 0.2561329 -0.6539396 0.5100963 -0.07589554 -0.8567624 0.5373921 0.1647295 -0.8270877 0.8414664 0.2570615 0.4752406 0.9109014 -0.1678739 0.376931 0.9538698 0.1222493 0.2742037 0.9676962 -0.1228634 0.2201561 0.979818 0.1682504 0.107928 0.9655152 -0.2601154 -0.01097095 0.9606116 0.2551205 -0.1101771 0.9349956 -0.2503316 -0.2512317 0.9254437 0.1747664 -0.3361706 0.04970502 0.2587618 0.9646614 0.1695294 -0.1685355 0.9710075 0.29457 0.1651265 0.9412555 0.334676 -0.07399225 0.9394237 0.524029 0.0870493 0.8472403 0.5177129 0.1256022 0.8462845 0.6483116 -0.1772226 0.7404621 0.7798175 -0.177993 -0.6001693 0.8768963 0.127808 -0.4633767 0.861549 -0.1263081 -0.4917109 0.788113 -0.2573357 0.5591568 0.6966177 0.2586319 0.6692034 -0.9963569 0.02432477 -0.08173894 -0.9901764 -0.003100931 -0.1397894 -0.864238 -0.007421016 0.5030283 -0.9528175 -0.005973994 0.303485 -0.9744352 0.02745783 0.2229847 -0.996262 -0.01392567 0.08525276 -0.6581084 0.01869308 0.7526912 -0.7309935 -0.00603348 0.6823579 -0.7831252 0.01440703 0.6216973 -0.8925627 0.01443666 0.4506922 -0.2205659 -0.003971338 0.975364 -0.4817234 0.01551169 0.876186 -0.4098013 -0.005718767 0.9121569 -0.5737009 -0.0105735 0.8189967 -0.3865014 0.009973347 -0.9222349 -0.3929989 0.00709033 -0.9195116 -0.2626548 0.0170806 0.9647387 0.2166161 0.00619775 -0.9762372 0.008511722 0.00202465 -0.9999618 -0.003341376 0.008232772 -0.9999606 -0.1949916 0.003004431 -0.9808003 -0.2143481 -0.005482614 -0.9767419 0.5614172 0.007896363 -0.8274953 0.4055537 0.003574848 -0.9140642 0.3971142 0.007104873 -0.9177417 0.2105041 0.003109455 -0.9775881 0.7610865 -0.006259739 -0.6486201 0.7285911 0.01278871 -0.6848294 0.5839399 -0.006198465 -0.8117732 0.9459731 0.003691554 -0.3242242 0.9462388 0.00408858 -0.3234433 0.8668127 0.002555191 -0.4986274 0.8559588 0.01112693 -0.5169245 0.9951949 -0.002546489 0.09788036 0.9967264 0.004113376 0.0807439 0.9939866 0.002475678 -0.1094744 0.993631 0.000766461 -0.11268 0.8659998 -0.007663726 0.4999856 0.8941523 0.01449441 0.4475283 0.953844 -0.00294739 0.3002879 0.9650267 0.0124579 0.2618555 0.5873242 -0.005850553 0.8093307 0.6443768 0.01463723 0.764568 0.7343132 -0.00801444 0.6787635 0.7837263 0.01587444 0.6209034 0.2135785 -0.009502172 0.9768797 0.2877599 0.0156095 0.9575754 0.4095281 -0.007671415 0.9122653 0.4863544 0.01748031 0.8735868 -0.009257674 -0.001874804 0.9999554 0.03836369 0.02384877 0.9989792 0.09959524 0.9905172 0.09463787 0.1030108 0.9881402 0.1138762 0.145786 0.9879196 -0.052549 0.1363002 0.9905142 -0.01743507 0.1506468 0.9884766 -0.01481449 0.1324418 0.9897849 -0.05277383 0.0996164 0.9902707 -0.09716296 0.06392741 0.9929093 0.1002215 0.06922996 0.9877398 0.1399193 0.1439907 0.988944 0.03544658 0.1087107 0.9932048 0.04154717 0.1355485 0.9878928 0.0754612 0.05237567 0.9916072 -0.118203 0.07875269 0.9906689 -0.1112349 0.08531206 0.9875274 -0.1323315 0.04392617 0.9900774 0.1334809 0.04196703 0.9905807 0.1303401 0.1478671 0.9889565 0.0100193 0.1052251 0.991181 0.0805478 0.1401969 0.9855177 0.0953921 0.1286159 0.9915736 0.01548337 0.1211925 0.9902631 -0.06849294 0.1250482 0.9894729 -0.0728445 -0.1126285 0.9900135 0.0847823 -0.1252757 0.9896467 0.07003873 -0.1313926 0.988789 0.07093763 0.0966705 0.9910354 -0.09221631 0.02957612 0.9917527 -0.124707 0.02795726 0.9899886 -0.1383506 0.05277103 0.9907683 -0.1248732 0.004308283 0.9922967 -0.1238096 -0.1394123 0.9889144 -0.05111408 -0.05739617 0.9886294 -0.138988 -0.04390114 0.9912229 -0.1246985 -0.0297988 0.9898919 -0.1386578 -0.02254968 0.9913766 -0.1290894 -0.002738237 0.9892859 -0.1459654 -0.1156507 0.9892508 0.0894854 -0.1217188 0.9925645 0.000390765 -0.157886 0.9873638 -0.01359462 -0.08260339 0.9892221 -0.1208984 -0.07012993 0.9910539 -0.1135511 0.008229434 0.9915788 0.1292432 0.01820826 0.9853248 0.1697164 -0.06554776 0.9896797 0.1274268 -0.06245291 0.9920706 0.1090677 -0.09193307 0.9906488 0.1008132 -0.1001547 0.9877088 0.1200016 -0.1332 0.9906302 0.03016203 -0.1545156 0.9871773 0.0400725 -0.007252097 0.9931405 0.1167019 -0.1281146 0.9903857 -0.05218148 -0.1327409 0.987686 -0.0828011 -0.1068258 0.9913342 -0.07645034 -0.1087335 0.9891241 -0.09904813 -0.08061009 0.9924845 -0.09206795 -0.1214965 0.9922111 -0.02749121 -0.04208946 0.9897479 0.1364828 -0.04222816 0.9912936 0.1247156 -0.9471693 0.006898283 -0.3206599 -0.9434481 0.01191669 -0.3313059 -0.8616826 -0.002265214 -0.5074426 -0.8486186 0.009636521 -0.5289174 -0.7285374 -0.004674196 -0.6849901 -0.7178841 0.002198636 -0.6961592 -0.5761042 0.009614109 -0.8173197 -0.5587359 -0.000780391 -0.8293454 0.000462002 -0.9999998 0.000460993 -0.000738435 -0.9999997 0.00041705 0 -1 -0 0 -1 -0 -0.000348819 -0.9999979 0.002014338 0 -1 -0 0 -1 -0 0 -1 -0 0 -1 -0 0 -1 -0 0 -1 -0 0 -1 -0 0 -1 -0 8.76788e-05 -0.9999985 -0.001701653 0 -1 -0 0 -1 -0 0 -1 -0 0 -1 -0 0 -1 -0 0 -1 -0 0 -1 -0 0 -1 -0 0 -1 -0 0 -1 -0 0 -1 -0 0 -1 -0 0 -1 -0 0 -1 -0 -0.000885723 -0.9999996 9.75634e-05 0 -1 -0 0 -1 -0 0 -1 -0 -0.001206219 -0.9999992 4.27474e-05 -0.000915391 -0.9999995 0.000263142 -0.00013794 -0.9999997 -0.000654267 0 -1 -0 0 -1 -0 0 -1 -0 0 -1 -0 0 -1 -0 0 -1 -0 0.000549826 -0.9999983 -0.001756846 0.001428782 -0.999999 -9.8076e-05 0 -1 -0 0 -1 -0 0 -1 -0 0.00165683 -0.9999985 -0.00056321 0.001573681 -0.9999977 0.001445591 0 -1 -0 0 -1 -0 0 -1 -0 0 -1 -0 -0.1281789 0.07838082 0.9886488 -0.1512578 -0.09318196 0.9840926 -0.3933138 0.09211277 0.9147784 -0.4172127 -0.1039708 0.902842 -0.6156761 0.08563661 0.7833322 -0.6441681 -0.162579 0.7474059 -0.7439394 0.1690076 0.6465219 -0.8075695 -0.1687522 0.5651144 -0.8816127 0.1897841 0.4321355 0.8209612 -0.05729806 0.5681017 0.6153993 -0.2338943 0.7527133 0.5676015 0.2199265 0.7933857 0.3874167 -0.1247264 0.9134285 -0.970987 0.2201496 0.09337317 -0.2177841 0.1644576 -0.9620414 -0.777298 -0.09104675 -0.6225097 -0.3531565 -0.1670077 -0.9205372 -0.6115167 0.07702463 -0.7874736 -0.9112755 -0.05865001 0.4075995 -0.9607538 -0.2299718 0.1551291 -0.9848178 -0.1234098 -0.122082 -0.9893881 -0.08574891 -0.1172953 -0.9282442 0.08662307 -0.3617445 -0.9188694 -0.08927381 -0.3843293 -0.7924062 0.08933448 -0.6034169 -0.1776146 -0.07630389 -0.9811375 0.08165955 -0.05593085 -0.9950897 0.342718 -0.2447971 -0.9069833 0.4031459 0.2202498 -0.8882362 0.5981384 -0.1211644 -0.7921804 0.5959755 -0.079723 -0.7990354 0.8281114 0.09493207 0.5524668 0.7777322 0.08127695 -0.6233191 0.7697569 0.1280935 -0.625353 0.06431096 0.09464472 -0.9934316 -0.4467987 0.1675093 -0.8788126 -0.5706029 -0.1681693 -0.8038231 0.1509015 0.08380228 0.9849903 0.1288575 -0.07877272 0.9885295 0.8723669 -0.2228167 -0.4351192 0.8957706 0.2388488 -0.374895 0.3946904 -0.08251309 0.9151017 0.9897282 0.04308712 -0.1363137 0.9764575 -0.190375 -0.1014307 0.9844939 0.1675219 0.05204051 0.973686 -0.1673815 0.1546574 0.9415499 0.1654294 0.2934569 0.9380747 -0.07642912 0.3378974 0.8531571 -0.01327395 0.5214852 0.9753474 0.002993226 -0.2206547 0.9840512 -0.01432383 -0.1773079 0.993925 0.01542979 0.1089723 0.9855561 -0.007677078 0.1691753 0.8828629 0.01325011 0.4694439 0.6337185 0.006521999 0.7735363 0.6342894 0.006180763 0.7730709 0.3304419 -0.006361961 0.9438049 0.3347111 -0.008468151 0.9422827 0.02285063 0.996352 -0.08222353 0.04635798 0.9935336 -0.1036433 0.03526127 0.9959152 0.0831238 0.1031897 0.9941015 -0.03338032 0.08771353 0.9952037 0.04331398 0.07394325 0.9963359 0.04297924 0.07887309 0.994599 0.06746792 0.05762481 0.9954732 0.07558178 -0.03550642 0.9959563 0.08252441 0.09119027 0.9957543 -0.01256167 0.08989632 0.9958819 -0.01174771 0.09978097 0.9949632 0.009594857 0.08313846 0.9964337 0.01441293 0.05763709 0.9954719 0.07558935 0.02662867 0.9969138 0.07385081 0.06846225 0.9939408 -0.08599185 0.06180971 0.9960529 -0.06370359 0.07399308 0.9956716 -0.05624127 0.07097727 0.9961726 -0.05101376 -0.01899045 0.994303 0.1048856 -0.03514081 0.9955667 0.08724743 -0.05023723 0.9957001 0.07782882 -0.04785656 0.9967038 0.0655086 -0.08154928 0.9945442 0.0650503 -0.011725 0.9954847 -0.09419482 -0.003377854 0.9965181 -0.08330851 0.01414901 0.9949184 -0.09968507 -0.09219574 0.9951471 0.03438276 -0.07632899 0.9956429 -0.05356425 -0.05678182 0.9962385 -0.06545698 0.005151093 0.9954673 0.09496551 0.000461753 0.9961344 0.08784127 -0.08853119 0.9960169 0.01060974 -0.09075891 0.9958031 0.01178914 -0.07375389 0.9962271 -0.0457381 -0.1005743 0.9948174 -0.01494032 -0.06879973 0.9950549 -0.07164025 -0.04281258 0.9953054 -0.0867998 -0.02942138 0.9967703 -0.07472264 -0.07252889 0.9967271 0.03570312 0.8545349 -0.005766212 -0.519362 0.8629601 0.000778969 -0.5052715 -0.08600288 0.9961004 -0.01968848 -0.09163713 0.994933 -0.04136228 0.3184406 -0.0176984 -0.9477776 0.3873243 0.01266634 -0.9218565 0.642736 -0.007012844 -0.7660558 0.6684873 0.005468606 -0.7437036 -0.05725878 -0.01687431 -0.9982168 0.057258 0.01687407 -0.9982168 -0.3873239 -0.0126664 -0.9218567 -0.3184402 0.01769834 -0.9477778 -0.8629601 -0.00077905 -0.5052716 -0.8545348 0.005766153 -0.5193622 -0.6684873 -0.005468666 -0.7437036 -0.6427364 0.007012605 -0.7660554 -0.9840512 0.01432389 -0.1773079 -0.9753474 -0.002993106 -0.2206545 -0.8766635 -0.007647871 0.4810433 -0.9854109 0.00804466 0.1700019 -0.9936848 -0.01565086 0.1111112 -0.6339977 -0.006192326 0.7733101 -0.6340975 -0.00613296 0.7732288 -0.853449 0.01287484 0.5210173 -0.3347164 0.008468866 0.9422809 -0.3304674 0.006372451 0.9437959 0.03880822 0.01420396 0.9991457 -0.03880691 -0.01420348 0.9991458 -0.09119737 -0.9957535 -0.01256614 -0.08990067 -0.9958814 -0.01175045 -0.09978699 -0.9949626 0.009595453 -0.08315348 -0.9964326 0.01441097 -0.1031931 -0.9941012 -0.03337842 -0.08775597 -0.9951989 0.04333746 -0.07399803 -0.9963302 0.04301828 -0.07887357 -0.9946004 0.06744605 -0.05756849 -0.995481 0.07552057 -0.05767452 -0.9954699 0.07558584 -0.01414978 -0.9949179 -0.09969109 -0.02285325 -0.9963517 -0.08222591 -0.04636216 -0.9935331 -0.1036472 -0.07097721 -0.9961726 -0.05101376 -0.005151093 -0.9954673 0.09496563 -0.00046369 -0.9961342 0.08784431 -0.03525817 -0.995916 0.08311575 -0.02663171 -0.9969139 0.07384783 0.01172798 -0.9954844 -0.09419876 0.003380239 -0.9965178 -0.08331167 0.04281288 -0.9953049 -0.08680605 0.02942198 -0.9967698 -0.07472908 0.08600866 -0.9960997 -0.0196923 0.09164267 -0.9949325 -0.04136472 0.07375848 -0.9962267 -0.04574078 -0.06846404 -0.9939401 -0.08599776 -0.06180977 -0.9960529 -0.06370359 -0.07399302 -0.9956716 -0.05624133 0.100581 -0.9948167 -0.01494383 0.01899498 -0.994302 0.1048945 0.03514218 -0.9955655 0.08726 0.03550875 -0.9959563 0.08252429 0.07633203 -0.9956428 -0.0535624 0.05678188 -0.9962385 -0.06545698 0.06880557 -0.9950543 -0.07164323 0.08141839 -0.994562 0.06494253 0.0733174 -0.9965736 0.03828442 0.09820473 -0.9944819 0.03689897 0.09688001 -0.9952285 0.01159948 0.09184706 -0.9957337 0.00885123 0.05023652 -0.9957004 0.07782787 0.04780101 -0.9967251 0.06522512 0.004957139 -0.9995517 -0.0295282 -0.02425587 -0.9995498 0.01765978 -0.02192598 -0.9995943 0.01817327 -0.03571045 -0.9990858 0.0235024 -0.01869511 -0.9997103 -0.01515966 -0.02503997 -0.9992466 -0.0296514 -0.03446984 -0.9992485 -0.01772886 -0.04228621 -0.9991016 -0.002820193 -0.03026354 -0.999475 0.01156115 -0.02400022 -0.9996991 0.005070686 -0.02833282 -0.9995952 0.002588272 -0.03574186 -0.9992191 0.01684534 -0.0246213 -0.9995122 0.01920896 -0.01496553 -0.9993514 0.03275334 -0.01426017 -0.9995805 0.02520734 -0.01118093 -0.999583 0.02662229 -0.01608473 -0.9993878 0.03107154 0.01442867 -0.9987613 -0.04761928 -0.0012573 -0.9993897 -0.03491169 -0.00764203 -0.9990581 -0.04271173 -0.0102055 -0.9992894 -0.03628396 -0.01237589 -0.999251 -0.03666377 -0.01356273 -0.9996622 -0.02217131 -0.01447027 -0.9996623 -0.02158623 -0.01366913 -0.9997446 -0.01799792 -0.03494971 -0.9992207 -0.01834416 -0.03444445 -0.9993569 -0.009969174 -0.03547054 -0.9993238 -0.009683668 -0.03419518 -0.9993885 -0.007307887 0.03513175 -0.9992931 -0.01338088 0.03568196 -0.9991946 -0.01835811 0.02616882 -0.9994878 -0.01841658 0.02588152 -0.9994398 -0.02122086 0.02449458 -0.9994763 -0.02114695 0.02432018 -0.9994056 -0.02443242 0.03683859 -0.9993061 0.005502462 0.03555232 -0.9993606 0.00381577 0.0410614 -0.9991566 -0.000317355 0.0125882 -0.9994223 0.0315684 0.01689475 -0.9992182 0.03574252 0.03866523 -0.9992498 -0.002194464 0.0443443 -0.9989727 -0.009333014 0.03508508 -0.998815 0.0337274 0.02591204 -0.9995695 0.01375997 0.02337211 -0.9995287 0.01990652 0.03894466 -0.9990304 0.02053123 0.03325605 -0.9994224 0.00698024 0.02578318 -0.9990819 -0.03421467 0.01584964 -0.9992071 -0.03652364 0.007507503 -0.999536 -0.02952009 0.01306283 -0.999599 -0.0251255 -0.01088559 -0.9994459 0.0314573 -0.007158279 -0.9989807 0.0445671 0.000771188 -0.9992908 0.03764694 0.005240797 -0.9990682 0.04284185 0.01016026 -0.9994671 0.03102016 0.0177567 -0.999355 0.03121203 0 1 -0 0 1 -0 0 1 -0 0 1 -0 0 1 -0 0 1 -0 0 1 -0 0 1 -0 0 1 -0 0 1 -0 0 1 -0 0 1 -0 0 1 -0 0 1 -0 0 1 -0 0 1 -0 0 1 -0 0 1 -0 0 1 -0 0 1 -0 0 1 -0 0 1 -0 0 1 -0 0 1 -0 0 1 -0 0 1 -0 0 1 -0 0 1 -0 0 1 -0 0 1 -0 0 1 -0 0 1 -0 0 1 -0 0 1 -0 0 1 -0 0 1 -0 0 1 -0 0 1 -0 0 1 -0 0 1 -0 0 1 -0 0 1 -0 0 1 -0 0 1 -0 0 1 -0 0 1 -0 0 1 -0 0 1 -0 0 1 -0 0 1 -0 0 1 -0 -0.9252114 -0.1761534 -0.3360862 -0.3348839 -0.07562327 -0.9392198 -0.2945704 0.1651247 -0.9412556 -0.8617902 0.1241089 -0.4918482 -0.8672971 0.08867579 -0.4898289 -0.733516 -0.08896642 -0.6738243 -0.7182964 0.0889371 -0.6900293 -0.5426715 -0.08902972 -0.8352134 -0.523957 0.08860284 -0.8471238 -0.1696548 -0.1682388 -0.971037 -0.04970753 0.2585493 -0.9647183 0.1696549 -0.1682388 0.9710371 0.2945705 0.1651244 0.9412556 0.3348839 -0.07562345 0.9392198 0.5239569 0.08860385 0.8471237 0.5426715 -0.08902913 0.8352134 0.7182962 0.08893871 0.6900293 0.733516 -0.08896785 0.6738241 0.8672972 0.0886746 0.489829 0.8617902 0.124108 0.4918484 -0.733516 0.08896785 0.6738241 -0.7182962 -0.08893871 0.6900293 -0.5426715 0.08902913 0.8352134 -0.5239569 -0.08860385 0.8471237 -0.3348839 0.07562345 0.9392198 -0.2945705 -0.1651244 0.9412556 -0.1696549 0.1682388 0.9710371 -0.04970782 -0.2585499 0.9647181 0.04970782 0.2585499 0.9647181 -0.9460496 0.1761539 -0.2719557 -0.9863142 -0.1240203 -0.1086435 -0.9895637 -0.08878147 -0.1134977 -0.9895637 0.08878147 0.1134977 -0.9863142 0.1240203 0.1086435 -0.9460496 -0.1761537 0.2719556 -0.9252113 0.1761541 0.3360861 -0.8617902 -0.124108 0.4918484 -0.8672972 -0.0886746 0.489829 0.9252113 -0.1761541 0.3360861 0.733516 0.08896642 -0.6738243 0.7182964 -0.0889371 -0.6900293 0.5426715 0.08902972 -0.8352134 0.523957 -0.08860284 -0.8471238 0.3348839 0.07562327 -0.9392198 0.2945704 -0.1651247 -0.9412556 0.1696548 0.1682388 -0.971037 0.04970753 -0.2585493 -0.9647183 0.8672971 -0.08867579 -0.4898289 0.8617902 -0.1241089 -0.4918482 0.9252114 0.1761534 -0.3360862 0.9460496 -0.1761539 -0.2719557 0.9863142 0.1240203 -0.1086435 0.9895637 0.08878147 -0.1134977 0.9895637 -0.08878147 0.1134977 0.9863142 -0.1240203 0.1086435 0.9460496 0.1761537 0.2719556 -0.4248611 -0.1193707 -0.8973537 -0.3457185 0.05968618 -0.9364382 -0.1241928 -0.01609009 -0.9921277 -0.1218014 -0.02256435 -0.992298 0.1217648 0.02255761 -0.9923027 0.1448251 -0.04056781 -0.9886253 -0.9741922 -0.08890169 -0.2074756 -0.9203512 0.06745994 -0.3852308 -0.8938705 -0.06876176 -0.4430207 -0.7836695 0.1035054 -0.6124939 -0.6987458 -0.1458457 -0.7003452 -0.5637408 0.1209338 -0.8170504 -0.771467 -0.043904 0.6347529 -0.8260751 0.08846783 0.556573 -0.885773 -0.08901834 0.4555017 -0.9599874 0.08244788 0.2676315 -0.9693683 0.01727819 0.2450032 -0.9979785 -0.06061553 0.01909565 -0.9902456 0.1198904 -0.07099252 -0.1594632 -0.01524186 0.9870862 -0.1629545 -0.02480989 0.9863216 -0.3947506 0.02487325 0.9184516 -0.3737561 0.08275502 0.923828 -0.5124746 -0.07608199 0.8553253 -0.6507535 0.06808972 0.7562299 -0.6649267 0.03099602 0.7462652 0.997235 -0.06458944 0.03675144 0.9849273 0.08880513 0.1484313 0.9608021 -0.0900737 0.2621945 0.888229 0.08229005 0.4519709 0.8795298 0.01525235 0.4755993 0.4273321 0.04531461 -0.9029585 0.4107584 0.09828609 -0.9064311 0.5784963 -0.0647065 0.8131144 0.5004172 0.06501245 0.86334 0.3788847 -0.06535476 0.9231334 0.2919448 0.06448966 0.9542585 0.1377832 -0.08467578 0.9868363 0.06766039 0.05948251 0.9959337 0.6967936 0.08590155 0.7121093 0.7475264 -0.05961823 0.6615511 0.5608659 -0.076469 -0.8243676 0.6923605 0.06827974 -0.7183139 0.7062423 0.03047776 -0.7073138 0.8065867 -0.0437119 -0.5894975 0.84903 0.06501621 -0.524329 0.9122788 -0.06558889 -0.404284 0.9458858 0.0647996 -0.3179638 0.980063 -0.0637086 -0.1881965 0.9932413 0.06539481 -0.09589236 0.9188697 -0.08927142 0.3843294 0.7924062 0.08933377 0.603417 0.7772989 -0.09104079 0.6225093 0.6115169 0.07702469 0.7874734 0.5706036 -0.1681646 0.8038235 0.4467992 0.1675075 0.8788127 0.3531559 -0.1670064 0.9205378 0.217784 0.1644591 0.9620413 0.1776152 -0.07630002 0.9811377 -0.1509016 0.08379656 -0.9849908 -0.3946911 -0.08251154 -0.9151015 -0.3874172 -0.1247258 -0.9134284 -0.5676016 0.2199278 -0.7933852 -0.6153998 -0.233887 -0.7527149 -0.8209614 -0.05729907 -0.5681015 -0.8281118 0.0949288 -0.5524667 -0.9380747 -0.07642853 -0.3378973 0.7439395 0.1690054 -0.6465224 0.6441683 -0.1625751 -0.7474066 0.6156762 0.08563464 -0.7833324 0.4172127 -0.1039683 -0.9028423 0.3933144 0.09211039 -0.9147783 0.1512575 -0.09317886 -0.984093 0.1281792 0.07837677 -0.9886492 -0.1288579 -0.07877331 -0.9885295 0.9282443 0.08662182 0.3617446 0.9893885 -0.08574581 0.1172952 0.9848182 -0.1234067 0.122082 0.970988 0.2201448 -0.09337306 0.9607533 -0.2299737 -0.1551295 0.9112753 -0.05864804 -0.4075998 0.8816128 0.1897836 -0.4321355 0.80757 -0.1687513 -0.5651139 -0.8957713 0.2388458 0.3748953 -0.8723666 -0.2228165 0.4351199 -0.598139 -0.1211547 0.7921813 -0.5959707 -0.07963693 0.7990474 -0.08165967 -0.05592769 0.9950898 -0.06431102 0.09464508 0.9934316 -0.342719 -0.2447919 0.9069843 -0.4031463 0.2202446 0.8882372 -0.9415499 0.1654294 -0.2934569 -0.9736862 -0.1673805 -0.154658 -0.7777371 0.08119869 0.6233232 -0.7697458 0.1281145 0.6253623 -0.9897284 0.04308676 0.1363137 -0.9764582 -0.1903714 0.1014307 -0.9844945 0.1675188 -0.05204057 0 -1 -0 0 -1 -0 0 -1 -0 0.001206219 -0.9999992 -4.2745e-05 -8.76794e-05 -0.9999985 0.001701653 -0.000549825 -0.9999983 0.001756846 -0.001428782 -0.999999 9.8076e-05 0 -1 -0 0 -1 -0 0 -1 -0 0 -1 -0 0 -1 -0 -0.00165683 -0.9999985 0.000563212 -0.001573681 -0.9999977 -0.001445591 0.000348819 -0.9999979 -0.002014338 0 -1 -0 0 -1 -0 0 -1 -0 0 -1 -0 0 -1 -0 0 -1 -0 0 -1 -0 0 -1 -0 0 -1 -0 0 -1 -0 0 -1 -0 0 -1 -0 0 -1 -0 -0.000462001 -0.9999998 -0.000460993 0.000738435 -0.9999997 -0.000417051 0.000915391 -0.9999995 -0.000263142 0.000885724 -0.9999996 -9.75634e-05 0.00013794 -0.9999998 0.000654267 0 -1 -0 0 -1 -0 0 -1 -0 0 -1 -0 0 -1 -0 0 -1 -0 0 -1 -0 0 -1 -0 0 -1 -0 0 -1 -0 0 -1 -0 0 -1 -0 0 -1 -0 0 -1 -0 0 -1 -0 0 -1 -0 0 -1 -0 0 -1 -0 0 -1 -0 -0.9870234 0.08615773 -0.1355059 -0.9894898 -0.0896117 -0.1134893 -0.9895431 0.0895906 0.1130397 -0.9866581 0.1212193 0.1086814 -0.9462183 -0.1751705 0.2720042 -0.902729 0.2577562 0.3444446 -0.03414767 0.1766442 -0.9836822 -0.2017297 -0.1253455 -0.9713875 -0.1707319 0.1261965 -0.9772027 -0.330565 -0.1766312 -0.9271075 -0.3942585 0.1760469 -0.9019799 -0.5441879 -0.1245523 -0.8296664 -0.542581 -0.09087252 -0.8350737 -0.7180473 0.09121954 -0.6899906 -0.7336096 -0.08753508 -0.67391 -0.8601207 0.07432824 -0.5046461 -0.8685048 0 -0.4956808 -0.9357084 0 -0.3527745 -0.9373326 -0.07398992 -0.3404893 0.07683378 0.1669057 0.9829745 -0.05075216 -0.1649742 0.9849913 -0.09103274 0.08036899 0.9925996 -0.2973715 -0.09315925 0.9502061 -0.319037 0.09221565 0.9432452 -0.5238281 -0.09131419 0.8469155 -0.5430153 0.08914047 0.8349782 -0.7182672 -0.08939063 0.690001 -0.7124332 -0.1245217 0.6906034 -0.8126838 0.1774627 0.5550244 -0.841375 -0.2574558 0.475189 0.1697066 -0.1664713 0.9713326 0.2951346 0.1654021 0.9410302 0.3348841 -0.07560944 0.9392209 0.6399629 0.1667535 0.7500938 0.71187 -0.2561329 0.6539396 0.5100963 0.07589554 0.8567624 0.5373921 -0.1647295 0.8270877 0.8414664 -0.2570615 -0.4752406 0.9109014 0.1678739 -0.376931 0.9538698 -0.1222493 -0.2742037 0.9676962 0.1228634 -0.2201561 0.979818 -0.1682504 -0.107928 0.9655152 0.2601154 0.01097095 0.9606116 -0.2551205 0.1101771 0.9349956 0.2503316 0.2512317 0.9254437 -0.1747664 0.3361706 0.04970502 -0.2587618 -0.9646614 0.1695294 0.1685355 -0.9710075 0.29457 -0.1651265 -0.9412555 0.334676 0.07399225 -0.9394237 0.524029 -0.0870493 -0.8472403 0.5177129 -0.1256022 -0.8462845 0.6483116 0.1772226 -0.7404621 0.7798175 0.177993 0.6001693 0.8768963 -0.127808 0.4633767 0.861549 0.1263081 0.4917109 0.788113 0.2573357 -0.5591568 0.6966177 -0.2586319 -0.6692034 -0.9963569 -0.02432477 0.08173894 -0.9901764 0.003100931 0.1397894 -0.864238 0.007421016 -0.5030283 -0.9528175 0.005973994 -0.303485 -0.9744352 -0.02745783 -0.2229847 -0.996262 0.01392567 -0.08525276 -0.6581084 -0.01869308 -0.7526912 -0.7309935 0.00603348 -0.6823579 -0.7831252 -0.01440703 -0.6216973 -0.8925627 -0.01443666 -0.4506922 -0.2205659 0.003971338 -0.975364 -0.4817234 -0.01551169 -0.876186 -0.4098013 0.005718767 -0.9121569 -0.5737009 0.0105735 -0.8189967 -0.3865014 -0.009973347 0.9222349 -0.3929989 -0.00709033 0.9195116 -0.2626548 -0.0170806 -0.9647387 0.2166161 -0.00619775 0.9762372 0.008511722 -0.00202465 0.9999618 -0.003341376 -0.008232772 0.9999606 -0.1949916 -0.003004431 0.9808003 -0.2143481 0.005482614 0.9767419 0.5614172 -0.007896363 0.8274953 0.4055537 -0.003574848 0.9140642 0.3971142 -0.007104873 0.9177417 0.2105041 -0.003109455 0.9775881 0.7610865 0.006259739 0.6486201 0.7285911 -0.01278871 0.6848294 0.5839399 0.006198465 0.8117732 0.9459731 -0.003691554 0.3242242 0.9462388 -0.00408858 0.3234433 0.8668127 -0.002555191 0.4986274 0.8559588 -0.01112693 0.5169245 0.9951949 0.002546489 -0.09788036 0.9967264 -0.004113376 -0.0807439 0.9939866 -0.002475678 0.1094744 0.993631 -0.000766461 0.11268 0.8659998 0.007663726 -0.4999856 0.8941523 -0.01449441 -0.4475283 0.953844 0.00294739 -0.3002879 0.9650267 -0.0124579 -0.2618555 0.5873242 0.005850553 -0.8093307 0.6443768 -0.01463723 -0.764568 0.7343132 0.00801444 -0.6787635 0.7837263 -0.01587444 -0.6209034 0.2135785 0.009502172 -0.9768797 0.2877599 -0.0156095 -0.9575754 0.4095281 0.007671415 -0.9122653 0.4863544 -0.01748031 -0.8735868 -0.009257674 0.001874804 -0.9999554 0.03836369 -0.02384877 -0.9989792 0.09959524 -0.9905172 -0.09463787 0.1030108 -0.9881402 -0.1138762 0.145786 -0.9879196 0.052549 0.1363002 -0.9905142 0.01743507 0.1506468 -0.9884766 0.01481449 0.1324418 -0.9897849 0.05277383 0.0996164 -0.9902707 0.09716296 0.06392741 -0.9929093 -0.1002215 0.06922996 -0.9877398 -0.1399193 0.1439907 -0.988944 -0.03544658 0.1087107 -0.9932048 -0.04154717 0.1355485 -0.9878928 -0.0754612 0.05237567 -0.9916072 0.118203 0.07875269 -0.9906689 0.1112349 0.08531206 -0.9875274 0.1323315 0.04392617 -0.9900774 -0.1334809 0.04196703 -0.9905807 -0.1303401 0.1478671 -0.9889565 -0.0100193 0.1052251 -0.991181 -0.0805478 0.1401969 -0.9855177 -0.0953921 0.1286159 -0.9915736 -0.01548337 0.1211925 -0.9902631 0.06849294 0.1250482 -0.9894729 0.0728445 -0.1126285 -0.9900135 -0.0847823 -0.1252757 -0.9896467 -0.07003873 -0.1313926 -0.988789 -0.07093763 0.0966705 -0.9910354 0.09221631 0.02957612 -0.9917527 0.124707 0.02795726 -0.9899886 0.1383506 0.05277103 -0.9907683 0.1248732 0.004308283 -0.9922967 0.1238096 -0.1394123 -0.9889144 0.05111408 -0.05739617 -0.9886294 0.138988 -0.04390114 -0.9912229 0.1246985 -0.0297988 -0.9898919 0.1386578 -0.02254968 -0.9913766 0.1290894 -0.002738237 -0.9892859 0.1459654 -0.1156507 -0.9892508 -0.0894854 -0.1217188 -0.9925645 -0.000390765 -0.157886 -0.9873638 0.01359462 -0.08260339 -0.9892221 0.1208984 -0.07012993 -0.9910539 0.1135511 0.008229434 -0.9915788 -0.1292432 0.01820826 -0.9853248 -0.1697164 -0.06554776 -0.9896797 -0.1274268 -0.06245291 -0.9920706 -0.1090677 -0.09193307 -0.9906488 -0.1008132 -0.1001547 -0.9877088 -0.1200016 -0.1332 -0.9906302 -0.03016203 -0.1545156 -0.9871773 -0.0400725 -0.007252097 -0.9931405 -0.1167019 -0.1281146 -0.9903857 0.05218148 -0.1327409 -0.987686 0.0828011 -0.1068258 -0.9913342 0.07645034 -0.1087335 -0.9891241 0.09904813 -0.08061009 -0.9924845 0.09206795 -0.1214965 -0.9922111 0.02749121 -0.04208946 -0.9897479 -0.1364828 -0.04222816 -0.9912936 -0.1247156 -0.9471693 -0.006898283 0.3206599 -0.9434481 -0.01191669 0.3313059 -0.8616826 0.002265214 0.5074426 -0.8486186 -0.009636521 0.5289174 -0.7285374 0.004674196 0.6849901 -0.7178841 -0.002198636 0.6961592 -0.5761042 -0.009614109 0.8173197 -0.5587359 0.000780391 0.8293454 0.000462002 0.9999998 -0.000460993 -0.000738435 0.9999997 -0.00041705 0 1 -0 0 1 -0 -0.000348819 0.9999979 -0.002014338 0 1 -0 0 1 -0 0 1 -0 0 1 -0 0 1 -0 0 1 -0 0 1 -0 0 1 -0 8.76788e-05 0.9999985 0.001701653 0 1 -0 0 1 -0 0 1 -0 0 1 -0 0 1 -0 0 1 -0 0 1 -0 0 1 -0 0 1 -0 0 1 -0 0 1 -0 0 1 -0 0 1 -0 0 1 -0 -0.000885723 0.9999996 -9.75634e-05 0 1 -0 0 1 -0 0 1 -0 -0.001206219 0.9999992 -4.27474e-05 -0.000915391 0.9999995 -0.000263142 -0.00013794 0.9999997 0.000654267 0 1 -0 0 1 -0 0 1 -0 0 1 -0 0 1 -0 0 1 -0 0.000549826 0.9999983 0.001756846 0.001428782 0.999999 9.8076e-05 0 1 -0 0 1 -0 0 1 -0 0.00165683 0.9999985 0.00056321 0.001573681 0.9999977 -0.001445591 0 1 -0 0 1 -0 0 1 -0 0 1 -0 -0.1281789 -0.07838082 -0.9886488 -0.1512578 0.09318196 -0.9840926 -0.3933138 -0.09211277 -0.9147784 -0.4172127 0.1039708 -0.902842 -0.6156761 -0.08563661 -0.7833322 -0.6441681 0.162579 -0.7474059 -0.7439394 -0.1690076 -0.6465219 -0.8075695 0.1687522 -0.5651144 -0.8816127 -0.1897841 -0.4321355 0.8209612 0.05729806 -0.5681017 0.6153993 0.2338943 -0.7527133 0.5676015 -0.2199265 -0.7933857 0.3874167 0.1247264 -0.9134285 -0.970987 -0.2201496 -0.09337317 -0.2177841 -0.1644576 0.9620414 -0.777298 0.09104675 0.6225097 -0.3531565 0.1670077 0.9205372 -0.6115167 -0.07702463 0.7874736 -0.9112755 0.05865001 -0.4075995 -0.9607538 0.2299718 -0.1551291 -0.9848178 0.1234098 0.122082 -0.9893881 0.08574891 0.1172953 -0.9282442 -0.08662307 0.3617445 -0.9188694 0.08927381 0.3843293 -0.7924062 -0.08933448 0.6034169 -0.1776146 0.07630389 0.9811375 0.08165955 0.05593085 0.9950897 0.342718 0.2447971 0.9069833 0.4031459 -0.2202498 0.8882362 0.5981384 0.1211644 0.7921804 0.5959755 0.079723 0.7990354 0.8281114 -0.09493207 -0.5524668 0.7777322 -0.08127695 0.6233191 0.7697569 -0.1280935 0.625353 0.06431096 -0.09464472 0.9934316 -0.4467987 -0.1675093 0.8788126 -0.5706029 0.1681693 0.8038231 0.1509015 -0.08380228 -0.9849903 0.1288575 0.07877272 -0.9885295 0.8723669 0.2228167 0.4351192 0.8957706 -0.2388488 0.374895 0.3946904 0.08251309 -0.9151017 0.9897282 -0.04308712 0.1363137 0.9764575 0.190375 0.1014307 0.9844939 -0.1675219 -0.05204051 0.973686 0.1673815 -0.1546574 0.9415499 -0.1654294 -0.2934569 0.9380747 0.07642912 -0.3378974 0.8531571 0.01327395 -0.5214852 0.9753474 -0.002993226 0.2206547 0.9840512 0.01432383 0.1773079 0.993925 -0.01542979 -0.1089723 0.9855561 0.007677078 -0.1691753 0.8828629 -0.01325011 -0.4694439 0.6337185 -0.006521999 -0.7735363 0.6342894 -0.006180763 -0.7730709 0.3304419 0.006361961 -0.9438049 0.3347111 0.008468151 -0.9422827 0.02285063 -0.996352 0.08222353 0.04635798 -0.9935336 0.1036433 0.03526127 -0.9959152 -0.0831238 0.1031897 -0.9941015 0.03338032 0.08771353 -0.9952037 -0.04331398 0.07394325 -0.9963359 -0.04297924 0.07887309 -0.994599 -0.06746792 0.05762481 -0.9954732 -0.07558178 -0.03550642 -0.9959563 -0.08252441 0.09119027 -0.9957543 0.01256167 0.08989632 -0.9958819 0.01174771 0.09978097 -0.9949632 -0.009594857 0.08313846 -0.9964337 -0.01441293 0.05763709 -0.9954719 -0.07558935 0.02662867 -0.9969138 -0.07385081 0.06846225 -0.9939408 0.08599185 0.06180971 -0.9960529 0.06370359 0.07399308 -0.9956716 0.05624127 0.07097727 -0.9961726 0.05101376 -0.01899045 -0.994303 -0.1048856 -0.03514081 -0.9955667 -0.08724743 -0.05023723 -0.9957001 -0.07782882 -0.04785656 -0.9967038 -0.0655086 -0.08154928 -0.9945442 -0.0650503 -0.011725 -0.9954847 0.09419482 -0.003377854 -0.9965181 0.08330851 0.01414901 -0.9949184 0.09968507 -0.09219574 -0.9951471 -0.03438276 -0.07632899 -0.9956429 0.05356425 -0.05678182 -0.9962385 0.06545698 0.005151093 -0.9954673 -0.09496551 0.000461753 -0.9961344 -0.08784127 -0.08853119 -0.9960169 -0.01060974 -0.09075891 -0.9958031 -0.01178914 -0.07375389 -0.9962271 0.0457381 -0.1005743 -0.9948174 0.01494032 -0.06879973 -0.9950549 0.07164025 -0.04281258 -0.9953054 0.0867998 -0.02942138 -0.9967703 0.07472264 -0.07252889 -0.9967271 -0.03570312 0.8545349 0.005766212 0.519362 0.8629601 -0.000778969 0.5052715 -0.08600288 -0.9961004 0.01968848 -0.09163713 -0.994933 0.04136228 0.3184406 0.0176984 0.9477776 0.3873243 -0.01266634 0.9218565 0.642736 0.007012844 0.7660558 0.6684873 -0.005468606 0.7437036 -0.05725878 0.01687431 0.9982168 0.057258 -0.01687407 0.9982168 -0.3873239 0.0126664 0.9218567 -0.3184402 -0.01769834 0.9477778 -0.8629601 0.00077905 0.5052716 -0.8545348 -0.005766153 0.5193622 -0.6684873 0.005468666 0.7437036 -0.6427364 -0.007012605 0.7660554 -0.9840512 -0.01432389 0.1773079 -0.9753474 0.002993106 0.2206545 -0.8766635 0.007647871 -0.4810433 -0.9854109 -0.00804466 -0.1700019 -0.9936848 0.01565086 -0.1111112 -0.6339977 0.006192326 -0.7733101 -0.6340975 0.00613296 -0.7732288 -0.853449 -0.01287484 -0.5210173 -0.3347164 -0.008468866 -0.9422809 -0.3304674 -0.006372451 -0.9437959 0.03880822 -0.01420396 -0.9991457 -0.03880691 0.01420348 -0.9991458 -0.09119737 0.9957535 0.01256614 -0.08990067 0.9958814 0.01175045 -0.09978699 0.9949626 -0.009595453 -0.08315348 0.9964326 -0.01441097 -0.1031931 0.9941012 0.03337842 -0.08775597 0.9951989 -0.04333746 -0.07399803 0.9963302 -0.04301828 -0.07887357 0.9946004 -0.06744605 -0.05756849 0.995481 -0.07552057 -0.05767452 0.9954699 -0.07558584 -0.01414978 0.9949179 0.09969109 -0.02285325 0.9963517 0.08222591 -0.04636216 0.9935331 0.1036472 -0.07097721 0.9961726 0.05101376 -0.005151093 0.9954673 -0.09496563 -0.00046369 0.9961342 -0.08784431 -0.03525817 0.995916 -0.08311575 -0.02663171 0.9969139 -0.07384783 0.01172798 0.9954844 0.09419876 0.003380239 0.9965178 0.08331167 0.04281288 0.9953049 0.08680605 0.02942198 0.9967698 0.07472908 0.08600866 0.9960997 0.0196923 0.09164267 0.9949325 0.04136472 0.07375848 0.9962267 0.04574078 -0.06846404 0.9939401 0.08599776 -0.06180977 0.9960529 0.06370359 -0.07399302 0.9956716 0.05624133 0.100581 0.9948167 0.01494383 0.01899498 0.994302 -0.1048945 0.03514218 0.9955655 -0.08726 0.03550875 0.9959563 -0.08252429 0.07633203 0.9956428 0.0535624 0.05678188 0.9962385 0.06545698 0.06880557 0.9950543 0.07164323 0.08141839 0.994562 -0.06494253 0.0733174 0.9965736 -0.03828442 0.09820473 0.9944819 -0.03689897 0.09688001 0.9952285 -0.01159948 0.09184706 0.9957337 -0.00885123 0.05023652 0.9957004 -0.07782787 0.04780101 0.9967251 -0.06522512</float_array>
          <technique_common>
            <accessor source="#link6_01-mesh-normals-array" count="1420" stride="3">
              <param name="X" type="float" />
              <param name="Y" type="float" />
              <param name="Z" type="float" />
            </accessor>
          </technique_common>
        </source>
        <vertices id="link6_01-mesh-vertices">
          <input semantic="POSITION" source="#link6_01-mesh-positions" />
        </vertices>
        <triangles material="link6_01_mat-material" count="1420">
          <input semantic="VERTEX" source="#link6_01-mesh-vertices" offset="0" />
          <input semantic="NORMAL" source="#link6_01-mesh-normals" offset="1" />
          <p>24 0 247 0 25 0 26 1 28 1 27 1 27 2 28 2 29 2 265 3 29 3 28 3 30 4 45 4 31 4 254 5 31 5 45 5 31 6 254 6 32 6 33 7 35 7 34 7 261 8 34 8 35 8 34 9 261 9 36 9 37 10 36 10 261 10 36 11 37 11 26 11 28 12 26 12 37 12 38 13 29 13 265 13 29 14 38 14 39 14 39 15 38 15 15 15 16 16 15 16 38 16 247 17 249 17 25 17 249 18 40 18 25 18 25 19 40 19 41 19 42 20 41 20 40 20 41 21 42 21 43 21 44 22 43 22 42 22 43 23 44 23 30 23 45 24 30 24 44 24 254 25 257 25 32 25 46 26 32 26 257 26 32 27 46 27 33 27 33 28 46 28 35 28 238 29 8 29 7 29 7 30 8 30 9 30 10 31 9 31 8 31 9 32 10 32 11 32 12 33 11 33 10 33 11 34 12 34 13 34 0 35 1 35 2 35 239 36 2 36 1 36 2 37 239 37 3 37 20 38 4 38 5 38 4 39 20 39 6 39 238 40 3 40 239 40 3 41 238 41 7 41 6 42 244 42 21 42 22 43 21 43 244 43 23 44 21 44 22 44 21 45 23 45 0 45 1 46 0 46 23 46 12 47 233 47 14 47 14 48 233 48 24 48 247 49 24 49 233 49 13 50 12 50 14 50 18 51 15 51 16 51 15 52 18 52 17 52 19 53 17 53 18 53 17 54 19 54 4 54 5 55 4 55 19 55 244 56 6 56 20 56 60 57 78 57 58 57 77 58 78 58 60 58 78 59 77 59 76 59 75 60 76 60 77 60 76 61 75 61 74 61 73 62 74 62 75 62 74 63 73 63 72 63 88 64 87 64 85 64 86 65 85 65 87 65 84 66 85 66 86 66 85 67 84 67 82 67 83 68 82 68 84 68 81 69 82 69 83 69 82 70 81 70 80 70 79 71 80 71 81 71 90 72 91 72 92 72 91 73 90 73 89 73 57 74 89 74 90 74 89 75 57 75 56 75 70 76 69 76 88 76 87 77 88 77 69 77 97 78 79 78 95 78 79 79 97 79 80 79 95 80 94 80 93 80 94 81 95 81 96 81 96 82 95 82 79 82 92 83 93 83 94 83 93 84 92 84 91 84 56 85 55 85 54 85 53 86 54 86 55 86 71 87 72 87 73 87 72 88 71 88 70 88 69 89 70 89 71 89 47 90 68 90 48 90 67 91 68 91 47 91 68 92 67 92 66 92 65 93 66 93 67 93 66 94 65 94 64 94 63 95 64 95 65 95 50 96 51 96 52 96 54 97 53 97 51 97 52 98 51 98 53 98 51 99 50 99 48 99 49 100 48 100 50 100 47 101 48 101 49 101 64 102 63 102 61 102 62 103 61 103 63 103 59 104 61 104 62 104 61 105 59 105 58 105 58 106 59 106 60 106 55 107 56 107 57 107 86 108 103 108 84 108 79 109 100 109 96 109 99 110 96 110 100 110 84 111 103 111 83 111 102 112 83 112 103 112 83 113 102 113 81 113 101 114 81 114 102 114 81 115 101 115 79 115 100 116 79 116 101 116 96 117 99 117 94 117 98 118 94 118 99 118 62 119 113 119 59 119 113 120 62 120 114 120 63 121 114 121 62 121 114 122 63 122 115 122 65 123 115 123 63 123 115 124 65 124 116 124 67 125 116 125 65 125 116 126 67 126 117 126 47 127 117 127 67 127 108 128 73 128 109 128 75 129 109 129 73 129 109 130 75 130 110 130 77 131 110 131 75 131 110 132 77 132 111 132 60 133 111 133 77 133 111 134 60 134 112 134 59 135 112 135 60 135 112 136 59 136 113 136 103 137 86 137 104 137 104 138 86 138 105 138 87 139 105 139 86 139 105 140 87 140 106 140 69 141 106 141 87 141 71 142 106 142 69 142 106 143 71 143 107 143 107 144 71 144 108 144 73 145 108 145 71 145 49 146 117 146 47 146 122 147 55 147 123 147 57 148 123 148 55 148 123 149 57 149 124 149 90 150 124 150 57 150 124 151 90 151 125 151 92 152 125 152 90 152 125 153 92 153 98 153 94 154 98 154 92 154 55 155 122 155 53 155 121 156 53 156 122 156 120 157 53 157 121 157 53 158 120 158 52 158 52 159 120 159 50 159 119 160 50 160 120 160 50 161 119 161 49 161 118 162 49 162 119 162 117 163 49 163 118 163 6 164 64 164 4 164 61 165 4 165 64 165 58 166 4 166 61 166 4 167 58 167 17 167 78 168 17 168 58 168 17 169 78 169 15 169 2 170 48 170 0 170 68 171 0 171 48 171 0 172 68 172 21 172 66 173 21 173 68 173 21 174 66 174 6 174 64 175 6 175 66 175 11 176 56 176 9 176 54 177 9 177 56 177 9 178 54 178 7 178 51 179 7 179 54 179 7 180 51 180 3 180 3 181 51 181 2 181 48 182 2 182 51 182 91 183 25 183 93 183 25 184 91 184 24 184 89 185 24 185 91 185 24 186 89 186 14 186 14 187 89 187 13 187 56 188 13 188 89 188 13 189 56 189 11 189 34 190 88 190 33 190 85 191 33 191 88 191 33 192 85 192 32 192 82 193 32 193 85 193 32 194 82 194 31 194 76 195 15 195 78 195 15 196 76 196 39 196 30 197 80 197 43 197 97 198 43 198 80 198 43 199 97 199 41 199 95 200 41 200 97 200 41 201 95 201 25 201 93 202 25 202 95 202 80 203 30 203 82 203 31 204 82 204 30 204 39 205 76 205 29 205 74 206 29 206 76 206 29 207 74 207 27 207 27 208 74 208 26 208 72 209 26 209 74 209 26 210 72 210 36 210 70 211 36 211 72 211 36 212 70 212 34 212 88 213 34 213 70 213 136 214 135 214 134 214 133 215 134 215 135 215 134 216 133 216 132 216 131 217 132 217 133 217 132 218 131 218 130 218 129 219 130 219 131 219 130 220 129 220 128 220 126 221 128 221 129 221 128 222 126 222 127 222 151 223 152 223 153 223 154 224 153 224 152 224 153 225 154 225 155 225 155 226 154 226 156 226 157 227 156 227 154 227 158 228 156 228 157 228 156 229 158 229 159 229 160 230 159 230 158 230 143 231 144 231 145 231 146 232 145 232 144 232 145 233 146 233 147 233 148 234 147 234 146 234 147 235 148 235 149 235 150 236 149 236 148 236 149 237 150 237 151 237 152 238 151 238 150 238 135 239 136 239 137 239 138 240 137 240 136 240 137 241 138 241 139 241 139 242 138 242 140 242 141 243 140 243 138 243 142 244 140 244 141 244 140 245 142 245 143 245 144 246 143 246 142 246 165 247 164 247 166 247 167 248 166 248 164 248 169 249 170 249 171 249 170 250 169 250 168 250 127 251 172 251 173 251 172 252 127 252 126 252 173 253 172 253 170 253 171 254 170 254 172 254 159 255 160 255 161 255 162 256 161 256 160 256 166 257 168 257 169 257 168 258 166 258 167 258 163 259 164 259 165 259 164 260 163 260 162 260 161 261 162 261 163 261 181 262 129 262 180 262 129 263 181 263 126 263 182 264 126 264 181 264 126 265 182 265 172 265 183 266 172 266 182 266 184 267 172 267 183 267 172 268 184 268 171 268 171 269 184 269 174 269 178 270 185 270 161 270 161 271 185 271 159 271 186 272 159 272 185 272 187 273 159 273 186 273 159 274 187 274 156 274 188 275 156 275 187 275 156 276 188 276 155 276 189 277 155 277 188 277 155 278 189 278 153 278 190 279 153 279 189 279 153 280 190 280 151 280 191 281 151 281 190 281 192 282 151 282 191 282 151 283 192 283 149 283 193 284 149 284 192 284 149 285 193 285 147 285 194 286 147 286 193 286 147 287 194 287 145 287 145 288 194 288 143 288 195 289 143 289 194 289 143 290 195 290 140 290 195 291 196 291 140 291 197 292 140 292 196 292 198 293 140 293 197 293 140 294 198 294 139 294 139 295 198 295 137 295 199 296 137 296 198 296 137 297 199 297 135 297 200 298 135 298 199 298 201 299 135 299 200 299 135 300 201 300 133 300 179 301 133 301 201 301 171 302 174 302 169 302 175 303 169 303 174 303 131 304 180 304 129 304 180 305 131 305 179 305 133 306 179 306 131 306 163 307 178 307 161 307 178 308 163 308 177 308 165 309 177 309 163 309 177 310 165 310 176 310 166 311 176 311 165 311 176 312 166 312 175 312 169 313 175 313 166 313 209 314 199 314 210 314 198 315 210 315 199 315 210 316 198 316 211 316 197 317 211 317 198 317 196 318 211 318 197 318 211 319 196 319 212 319 202 320 182 320 203 320 203 321 182 321 204 321 181 322 204 322 182 322 180 323 204 323 181 323 204 324 180 324 205 324 205 325 180 325 206 325 179 326 206 326 180 326 206 327 179 327 207 327 201 328 207 328 179 328 207 329 201 329 208 329 200 330 208 330 201 330 208 331 200 331 209 331 199 332 209 332 200 332 217 333 191 333 218 333 191 334 217 334 192 334 216 335 192 335 217 335 192 336 216 336 193 336 215 337 193 337 216 337 193 338 215 338 194 338 214 339 194 339 215 339 194 340 214 340 195 340 213 341 195 341 214 341 212 342 195 342 213 342 195 343 212 343 196 343 190 344 218 344 191 344 218 345 190 345 219 345 189 346 219 346 190 346 220 347 188 347 221 347 187 348 221 348 188 348 219 349 189 349 220 349 188 350 220 350 189 350 175 351 227 351 176 351 226 352 176 352 227 352 176 353 226 353 177 353 225 354 177 354 226 354 177 355 225 355 178 355 224 356 178 356 225 356 178 357 224 357 185 357 223 358 185 358 224 358 185 359 223 359 186 359 182 360 202 360 183 360 231 361 183 361 202 361 183 362 231 362 184 362 230 363 184 363 231 363 184 364 230 364 174 364 229 365 174 365 230 365 228 366 174 366 229 366 221 367 187 367 222 367 222 368 187 368 223 368 186 369 223 369 187 369 227 370 175 370 228 370 174 371 228 371 175 371 237 372 239 372 240 372 239 373 237 373 238 373 22 374 242 374 23 374 23 375 241 375 1 375 240 376 1 376 241 376 1 377 240 377 239 377 243 378 244 378 245 378 244 379 243 379 22 379 242 380 22 380 243 380 241 381 23 381 242 381 19 382 269 382 5 382 245 383 20 383 246 383 5 384 246 384 20 384 20 385 245 385 244 385 248 386 247 386 234 386 233 387 234 387 247 387 246 388 5 388 269 388 40 389 251 389 42 389 249 390 251 390 40 390 251 391 249 391 250 391 250 392 249 392 248 392 247 393 248 393 249 393 270 394 44 394 253 394 42 395 253 395 44 395 253 396 42 396 252 396 252 397 42 397 251 397 45 398 255 398 254 398 255 399 45 399 270 399 44 400 270 400 45 400 258 401 46 401 256 401 257 402 256 402 46 402 254 403 256 403 257 403 256 404 254 404 255 404 35 405 260 405 261 405 260 406 35 406 259 406 259 407 35 407 258 407 46 408 258 408 35 408 37 409 263 409 28 409 263 410 37 410 262 410 261 411 262 411 37 411 262 412 261 412 260 412 265 413 266 413 38 413 266 414 265 414 264 414 28 415 264 415 265 415 264 416 28 416 263 416 16 417 268 417 18 417 268 418 16 418 267 418 38 419 267 419 16 419 267 420 38 420 266 420 18 421 269 421 19 421 269 422 18 422 268 422 214 423 264 423 213 423 264 424 214 424 266 424 209 425 258 425 256 425 210 426 258 426 209 426 258 427 210 427 259 427 209 428 256 428 208 428 270 429 206 429 255 429 215 430 266 430 214 430 266 431 215 431 267 431 260 432 211 432 262 432 212 433 262 433 211 433 262 434 212 434 263 434 205 435 253 435 204 435 253 436 205 436 270 436 206 437 270 437 205 437 267 438 215 438 268 438 216 439 268 439 215 439 260 440 259 440 210 440 263 441 212 441 264 441 213 442 264 442 212 442 211 443 260 443 210 443 207 444 256 444 255 444 208 445 256 445 207 445 222 446 242 446 221 446 223 447 242 447 222 447 242 448 223 448 241 448 207 449 255 449 206 449 251 450 203 450 252 450 204 451 252 451 203 451 252 452 204 452 253 452 203 453 251 453 202 453 226 454 232 454 237 454 230 455 248 455 234 455 231 456 248 456 230 456 248 457 231 457 250 457 202 458 250 458 231 458 251 459 250 459 202 459 221 460 242 460 243 460 225 461 240 461 224 461 240 462 225 462 237 462 229 463 234 463 235 463 230 464 234 464 229 464 268 465 216 465 269 465 217 466 269 466 216 466 219 467 245 467 246 467 220 468 245 468 219 468 245 469 220 469 243 469 221 470 243 470 220 470 241 471 223 471 240 471 224 472 240 472 223 472 218 473 269 473 217 473 227 474 232 474 226 474 232 475 227 475 236 475 228 476 236 476 227 476 236 477 228 477 235 477 229 478 235 478 228 478 226 479 237 479 225 479 218 480 246 480 269 480 219 481 246 481 218 481 238 482 237 482 8 482 232 483 8 483 237 483 8 484 232 484 10 484 236 485 10 485 232 485 10 486 236 486 12 486 235 487 12 487 236 487 234 488 12 488 235 488 12 489 234 489 233 489 290 490 116 490 271 490 117 491 271 491 116 491 101 492 280 492 100 492 280 493 101 493 291 493 283 494 109 494 284 494 110 495 284 495 109 495 284 496 110 496 285 496 111 497 285 497 110 497 285 498 111 498 286 498 112 499 286 499 111 499 113 500 286 500 112 500 286 501 113 501 287 501 114 502 287 502 113 502 99 503 279 503 98 503 293 504 104 504 294 504 106 505 281 505 105 505 102 506 291 506 101 506 291 507 102 507 292 507 103 508 292 508 102 508 292 509 103 509 293 509 104 510 293 510 103 510 105 511 294 511 104 511 294 512 105 512 281 512 287 513 114 513 288 513 115 514 288 514 114 514 288 515 115 515 289 515 289 516 115 516 290 516 116 517 290 517 115 517 119 518 271 518 118 518 125 519 277 519 124 519 277 520 125 520 278 520 98 521 278 521 125 521 278 522 98 522 279 522 118 523 271 523 117 523 271 524 119 524 272 524 272 525 119 525 273 525 120 526 273 526 119 526 273 527 120 527 274 527 121 528 274 528 120 528 122 529 274 529 121 529 276 530 124 530 277 530 100 531 279 531 99 531 279 532 100 532 280 532 281 533 106 533 282 533 107 534 282 534 106 534 108 535 282 535 107 535 282 536 108 536 283 536 109 537 283 537 108 537 124 538 276 538 123 538 275 539 123 539 276 539 122 540 123 540 275 540 274 541 122 541 275 541 287 542 307 542 286 542 307 543 287 543 308 543 288 544 308 544 287 544 308 545 288 545 309 545 289 546 309 546 288 546 309 547 289 547 310 547 290 548 310 548 289 548 310 549 290 549 311 549 271 550 311 550 290 550 303 551 283 551 304 551 304 552 283 552 305 552 284 553 305 553 283 553 285 554 305 554 284 554 272 555 313 555 271 555 278 556 318 556 277 556 315 557 275 557 316 557 317 558 277 558 318 558 276 559 316 559 275 559 311 560 271 560 312 560 312 561 271 561 313 561 273 562 313 562 272 562 313 563 273 563 314 563 274 564 314 564 273 564 314 565 274 565 315 565 275 566 315 566 274 566 318 567 278 567 295 567 295 568 279 568 296 568 296 569 279 569 297 569 280 570 297 570 279 570 291 571 297 571 280 571 297 572 291 572 298 572 283 573 303 573 282 573 292 574 298 574 291 574 298 575 292 575 299 575 279 576 295 576 278 576 277 577 317 577 276 577 316 578 276 578 317 578 286 579 306 579 285 579 306 580 286 580 307 580 299 581 292 581 300 581 293 582 300 582 292 582 305 583 285 583 306 583 294 584 300 584 293 584 300 585 294 585 301 585 281 586 301 586 294 586 301 587 281 587 302 587 282 588 302 588 281 588 302 589 282 589 303 589 352 590 319 590 353 590 320 591 350 591 328 591 350 592 320 592 351 592 327 593 351 593 320 593 351 594 327 594 352 594 319 595 352 595 327 595 353 596 319 596 354 596 322 597 354 597 319 597 354 598 322 598 337 598 321 599 337 599 322 599 348 600 152 600 347 600 152 601 348 601 154 601 170 602 354 602 173 602 158 603 350 603 160 603 164 604 352 604 167 604 353 605 167 605 352 605 167 606 353 606 168 606 168 607 353 607 170 607 339 608 130 608 338 608 160 609 350 609 162 609 351 610 162 610 350 610 162 611 351 611 164 611 164 612 351 612 352 612 353 613 354 613 170 613 337 614 173 614 354 614 154 615 348 615 157 615 349 616 157 616 348 616 157 617 349 617 158 617 158 618 349 618 350 618 127 619 338 619 128 619 128 620 338 620 130 620 130 621 339 621 132 621 340 622 132 622 339 622 132 623 340 623 134 623 148 624 346 624 150 624 347 625 150 625 346 625 150 626 347 626 152 626 134 627 341 627 136 627 142 628 344 628 144 628 144 629 344 629 146 629 173 630 337 630 127 630 338 631 127 631 337 631 136 632 341 632 138 632 342 633 138 633 341 633 142 634 343 634 344 634 138 635 342 635 141 635 344 636 345 636 146 636 146 637 345 637 148 637 346 638 148 638 345 638 341 639 134 639 340 639 349 640 329 640 350 640 328 641 350 641 329 641 343 642 141 642 342 642 141 643 343 643 142 643 347 644 330 644 348 644 323 645 348 645 330 645 348 646 323 646 349 646 329 647 349 647 323 647 346 648 325 648 347 648 330 649 347 649 325 649 345 650 331 650 346 650 325 651 346 651 331 651 343 652 332 652 344 652 324 653 344 653 332 653 344 654 324 654 345 654 331 655 345 655 324 655 332 656 342 656 333 656 342 657 332 657 343 657 340 658 326 658 341 658 333 659 341 659 326 659 341 660 333 660 342 660 339 661 335 661 340 661 334 662 340 662 335 662 326 663 340 663 334 663 338 664 336 664 339 664 335 665 339 665 336 665 336 666 337 666 321 666 337 667 336 667 338 667 302 668 332 668 301 668 333 669 301 669 332 669 301 670 333 670 300 670 300 671 333 671 326 671 303 672 332 672 302 672 300 673 326 673 299 673 334 674 299 674 326 674 299 675 334 675 298 675 298 676 334 676 297 676 335 677 297 677 334 677 307 678 325 678 306 678 331 679 306 679 325 679 306 680 331 680 305 680 332 681 303 681 324 681 296 682 336 682 295 682 321 683 295 683 336 683 297 684 335 684 296 684 336 685 296 685 335 685 308 686 330 686 307 686 325 687 307 687 330 687 309 688 323 688 308 688 330 689 308 689 323 689 328 690 312 690 320 690 312 691 328 691 311 691 311 692 328 692 329 692 305 693 331 693 304 693 324 694 304 694 331 694 304 695 324 695 303 695 313 696 320 696 312 696 295 697 321 697 318 697 318 698 321 698 317 698 322 699 317 699 321 699 311 700 329 700 310 700 310 701 329 701 309 701 329 702 323 702 309 702 316 703 319 703 315 703 327 704 315 704 319 704 315 705 327 705 314 705 314 706 327 706 313 706 320 707 313 707 327 707 317 708 322 708 316 708 319 709 316 709 322 709 379 710 602 710 380 710 381 711 383 711 382 711 382 712 383 712 384 712 620 713 384 713 383 713 385 714 400 714 386 714 609 715 386 715 400 715 386 716 609 716 387 716 388 717 390 717 389 717 616 718 389 718 390 718 389 719 616 719 391 719 392 720 391 720 616 720 391 721 392 721 381 721 383 722 381 722 392 722 393 723 384 723 620 723 384 724 393 724 394 724 394 725 393 725 370 725 371 726 370 726 393 726 602 727 604 727 380 727 604 728 395 728 380 728 380 729 395 729 396 729 397 730 396 730 395 730 396 731 397 731 398 731 399 732 398 732 397 732 398 733 399 733 385 733 400 734 385 734 399 734 609 735 612 735 387 735 401 736 387 736 612 736 387 737 401 737 388 737 388 738 401 738 390 738 593 739 363 739 362 739 362 740 363 740 364 740 365 741 364 741 363 741 364 742 365 742 366 742 367 743 366 743 365 743 366 744 367 744 368 744 355 745 356 745 357 745 594 746 357 746 356 746 357 747 594 747 358 747 375 748 359 748 360 748 359 749 375 749 361 749 593 750 358 750 594 750 358 751 593 751 362 751 361 752 599 752 376 752 377 753 376 753 599 753 378 754 376 754 377 754 376 755 378 755 355 755 356 756 355 756 378 756 367 757 588 757 369 757 369 758 588 758 379 758 602 759 379 759 588 759 368 760 367 760 369 760 373 761 370 761 371 761 370 762 373 762 372 762 374 763 372 763 373 763 372 764 374 764 359 764 360 765 359 765 374 765 599 766 361 766 375 766 415 767 433 767 413 767 432 768 433 768 415 768 433 769 432 769 431 769 430 770 431 770 432 770 431 771 430 771 429 771 428 772 429 772 430 772 429 773 428 773 427 773 443 774 442 774 440 774 441 775 440 775 442 775 439 776 440 776 441 776 440 777 439 777 437 777 438 778 437 778 439 778 436 779 437 779 438 779 437 780 436 780 435 780 434 781 435 781 436 781 445 782 446 782 447 782 446 783 445 783 444 783 412 784 444 784 445 784 444 785 412 785 411 785 425 786 424 786 443 786 442 787 443 787 424 787 452 788 434 788 450 788 434 789 452 789 435 789 450 790 449 790 448 790 449 791 450 791 451 791 451 792 450 792 434 792 447 793 448 793 449 793 448 794 447 794 446 794 411 795 410 795 409 795 408 796 409 796 410 796 426 797 427 797 428 797 427 798 426 798 425 798 424 799 425 799 426 799 402 800 423 800 403 800 422 801 423 801 402 801 423 802 422 802 421 802 420 803 421 803 422 803 421 804 420 804 419 804 418 805 419 805 420 805 405 806 406 806 407 806 409 807 408 807 406 807 407 808 406 808 408 808 406 809 405 809 403 809 404 810 403 810 405 810 402 811 403 811 404 811 419 812 418 812 416 812 417 813 416 813 418 813 414 814 416 814 417 814 416 815 414 815 413 815 413 816 414 816 415 816 410 817 411 817 412 817 441 818 458 818 439 818 434 819 455 819 451 819 454 820 451 820 455 820 439 821 458 821 438 821 457 822 438 822 458 822 438 823 457 823 436 823 456 824 436 824 457 824 436 825 456 825 434 825 455 826 434 826 456 826 451 827 454 827 449 827 453 828 449 828 454 828 417 829 468 829 414 829 468 830 417 830 469 830 418 831 469 831 417 831 469 832 418 832 470 832 420 833 470 833 418 833 470 834 420 834 471 834 422 835 471 835 420 835 471 836 422 836 472 836 402 837 472 837 422 837 463 838 428 838 464 838 430 839 464 839 428 839 464 840 430 840 465 840 432 841 465 841 430 841 465 842 432 842 466 842 415 843 466 843 432 843 466 844 415 844 467 844 414 845 467 845 415 845 467 846 414 846 468 846 458 847 441 847 459 847 459 848 441 848 460 848 442 849 460 849 441 849 460 850 442 850 461 850 424 851 461 851 442 851 426 852 461 852 424 852 461 853 426 853 462 853 462 854 426 854 463 854 428 855 463 855 426 855 404 856 472 856 402 856 477 857 410 857 478 857 412 858 478 858 410 858 478 859 412 859 479 859 445 860 479 860 412 860 479 861 445 861 480 861 447 862 480 862 445 862 480 863 447 863 453 863 449 864 453 864 447 864 410 865 477 865 408 865 476 866 408 866 477 866 475 867 408 867 476 867 408 868 475 868 407 868 407 869 475 869 405 869 474 870 405 870 475 870 405 871 474 871 404 871 473 872 404 872 474 872 472 873 404 873 473 873 361 874 419 874 359 874 416 875 359 875 419 875 413 876 359 876 416 876 359 877 413 877 372 877 433 878 372 878 413 878 372 879 433 879 370 879 357 880 403 880 355 880 423 881 355 881 403 881 355 882 423 882 376 882 421 883 376 883 423 883 376 884 421 884 361 884 419 885 361 885 421 885 366 886 411 886 364 886 409 887 364 887 411 887 364 888 409 888 362 888 406 889 362 889 409 889 362 890 406 890 358 890 358 891 406 891 357 891 403 892 357 892 406 892 446 893 380 893 448 893 380 894 446 894 379 894 444 895 379 895 446 895 379 896 444 896 369 896 369 897 444 897 368 897 411 898 368 898 444 898 368 899 411 899 366 899 389 900 443 900 388 900 440 901 388 901 443 901 388 902 440 902 387 902 437 903 387 903 440 903 387 904 437 904 386 904 431 905 370 905 433 905 370 906 431 906 394 906 385 907 435 907 398 907 452 908 398 908 435 908 398 909 452 909 396 909 450 910 396 910 452 910 396 911 450 911 380 911 448 912 380 912 450 912 435 913 385 913 437 913 386 914 437 914 385 914 394 915 431 915 384 915 429 916 384 916 431 916 384 917 429 917 382 917 382 918 429 918 381 918 427 919 381 919 429 919 381 920 427 920 391 920 425 921 391 921 427 921 391 922 425 922 389 922 443 923 389 923 425 923 491 924 490 924 489 924 488 925 489 925 490 925 489 926 488 926 487 926 486 927 487 927 488 927 487 928 486 928 485 928 484 929 485 929 486 929 485 930 484 930 483 930 481 931 483 931 484 931 483 932 481 932 482 932 506 933 507 933 508 933 509 934 508 934 507 934 508 935 509 935 510 935 510 936 509 936 511 936 512 937 511 937 509 937 513 938 511 938 512 938 511 939 513 939 514 939 515 940 514 940 513 940 498 941 499 941 500 941 501 942 500 942 499 942 500 943 501 943 502 943 503 944 502 944 501 944 502 945 503 945 504 945 505 946 504 946 503 946 504 947 505 947 506 947 507 948 506 948 505 948 490 949 491 949 492 949 493 950 492 950 491 950 492 951 493 951 494 951 494 952 493 952 495 952 496 953 495 953 493 953 497 954 495 954 496 954 495 955 497 955 498 955 499 956 498 956 497 956 520 957 519 957 521 957 522 958 521 958 519 958 524 959 525 959 526 959 525 960 524 960 523 960 482 961 527 961 528 961 527 962 482 962 481 962 528 963 527 963 525 963 526 964 525 964 527 964 514 965 515 965 516 965 517 966 516 966 515 966 521 967 523 967 524 967 523 968 521 968 522 968 518 969 519 969 520 969 519 970 518 970 517 970 516 971 517 971 518 971 536 972 484 972 535 972 484 973 536 973 481 973 537 974 481 974 536 974 481 975 537 975 527 975 538 976 527 976 537 976 539 977 527 977 538 977 527 978 539 978 526 978 526 979 539 979 529 979 533 980 540 980 516 980 516 981 540 981 514 981 541 982 514 982 540 982 542 983 514 983 541 983 514 984 542 984 511 984 543 985 511 985 542 985 511 986 543 986 510 986 544 987 510 987 543 987 510 988 544 988 508 988 545 989 508 989 544 989 508 990 545 990 506 990 546 991 506 991 545 991 547 992 506 992 546 992 506 993 547 993 504 993 548 994 504 994 547 994 504 995 548 995 502 995 549 996 502 996 548 996 502 997 549 997 500 997 500 998 549 998 498 998 550 999 498 999 549 999 498 1000 550 1000 495 1000 550 1001 551 1001 495 1001 552 1002 495 1002 551 1002 553 1003 495 1003 552 1003 495 1004 553 1004 494 1004 494 1005 553 1005 492 1005 554 1006 492 1006 553 1006 492 1007 554 1007 490 1007 555 1008 490 1008 554 1008 556 1009 490 1009 555 1009 490 1010 556 1010 488 1010 534 1011 488 1011 556 1011 526 1012 529 1012 524 1012 530 1013 524 1013 529 1013 486 1014 535 1014 484 1014 535 1015 486 1015 534 1015 488 1016 534 1016 486 1016 518 1017 533 1017 516 1017 533 1018 518 1018 532 1018 520 1019 532 1019 518 1019 532 1020 520 1020 531 1020 521 1021 531 1021 520 1021 531 1022 521 1022 530 1022 524 1023 530 1023 521 1023 564 1024 554 1024 565 1024 553 1025 565 1025 554 1025 565 1026 553 1026 566 1026 552 1027 566 1027 553 1027 551 1028 566 1028 552 1028 566 1029 551 1029 567 1029 557 1030 537 1030 558 1030 558 1031 537 1031 559 1031 536 1032 559 1032 537 1032 535 1033 559 1033 536 1033 559 1034 535 1034 560 1034 560 1035 535 1035 561 1035 534 1036 561 1036 535 1036 561 1037 534 1037 562 1037 556 1038 562 1038 534 1038 562 1039 556 1039 563 1039 555 1040 563 1040 556 1040 563 1041 555 1041 564 1041 554 1042 564 1042 555 1042 572 1043 546 1043 573 1043 546 1044 572 1044 547 1044 571 1045 547 1045 572 1045 547 1046 571 1046 548 1046 570 1047 548 1047 571 1047 548 1048 570 1048 549 1048 569 1049 549 1049 570 1049 549 1050 569 1050 550 1050 568 1051 550 1051 569 1051 567 1052 550 1052 568 1052 550 1053 567 1053 551 1053 545 1054 573 1054 546 1054 573 1055 545 1055 574 1055 544 1056 574 1056 545 1056 575 1057 543 1057 576 1057 542 1058 576 1058 543 1058 574 1059 544 1059 575 1059 543 1060 575 1060 544 1060 530 1061 582 1061 531 1061 581 1062 531 1062 582 1062 531 1063 581 1063 532 1063 580 1064 532 1064 581 1064 532 1065 580 1065 533 1065 579 1066 533 1066 580 1066 533 1067 579 1067 540 1067 578 1068 540 1068 579 1068 540 1069 578 1069 541 1069 537 1070 557 1070 538 1070 586 1071 538 1071 557 1071 538 1072 586 1072 539 1072 585 1073 539 1073 586 1073 539 1074 585 1074 529 1074 584 1075 529 1075 585 1075 583 1076 529 1076 584 1076 576 1077 542 1077 577 1077 577 1078 542 1078 578 1078 541 1079 578 1079 542 1079 582 1080 530 1080 583 1080 529 1081 583 1081 530 1081 592 1082 594 1082 595 1082 594 1083 592 1083 593 1083 377 1084 597 1084 378 1084 378 1085 596 1085 356 1085 595 1086 356 1086 596 1086 356 1087 595 1087 594 1087 598 1088 599 1088 600 1088 599 1089 598 1089 377 1089 597 1090 377 1090 598 1090 596 1091 378 1091 597 1091 374 1092 624 1092 360 1092 600 1093 375 1093 601 1093 360 1094 601 1094 375 1094 375 1095 600 1095 599 1095 603 1096 602 1096 589 1096 588 1097 589 1097 602 1097 601 1098 360 1098 624 1098 395 1099 606 1099 397 1099 604 1100 606 1100 395 1100 606 1101 604 1101 605 1101 605 1102 604 1102 603 1102 602 1103 603 1103 604 1103 625 1104 399 1104 608 1104 397 1105 608 1105 399 1105 608 1106 397 1106 607 1106 607 1107 397 1107 606 1107 400 1108 610 1108 609 1108 610 1109 400 1109 625 1109 399 1110 625 1110 400 1110 613 1111 401 1111 611 1111 612 1112 611 1112 401 1112 609 1113 611 1113 612 1113 611 1114 609 1114 610 1114 390 1115 615 1115 616 1115 615 1116 390 1116 614 1116 614 1117 390 1117 613 1117 401 1118 613 1118 390 1118 392 1119 618 1119 383 1119 618 1120 392 1120 617 1120 616 1121 617 1121 392 1121 617 1122 616 1122 615 1122 620 1123 621 1123 393 1123 621 1124 620 1124 619 1124 383 1125 619 1125 620 1125 619 1126 383 1126 618 1126 371 1127 623 1127 373 1127 623 1128 371 1128 622 1128 393 1129 622 1129 371 1129 622 1130 393 1130 621 1130 373 1131 624 1131 374 1131 624 1132 373 1132 623 1132 569 1133 619 1133 568 1133 619 1134 569 1134 621 1134 564 1135 613 1135 611 1135 565 1136 613 1136 564 1136 613 1137 565 1137 614 1137 564 1138 611 1138 563 1138 625 1139 561 1139 610 1139 570 1140 621 1140 569 1140 621 1141 570 1141 622 1141 615 1142 566 1142 617 1142 567 1143 617 1143 566 1143 617 1144 567 1144 618 1144 560 1145 608 1145 559 1145 608 1146 560 1146 625 1146 561 1147 625 1147 560 1147 622 1148 570 1148 623 1148 571 1149 623 1149 570 1149 615 1150 614 1150 565 1150 618 1151 567 1151 619 1151 568 1152 619 1152 567 1152 566 1153 615 1153 565 1153 562 1154 611 1154 610 1154 563 1155 611 1155 562 1155 577 1156 597 1156 576 1156 578 1157 597 1157 577 1157 597 1158 578 1158 596 1158 562 1159 610 1159 561 1159 606 1160 558 1160 607 1160 559 1161 607 1161 558 1161 607 1162 559 1162 608 1162 558 1163 606 1163 557 1163 581 1164 587 1164 592 1164 585 1165 603 1165 589 1165 586 1166 603 1166 585 1166 603 1167 586 1167 605 1167 557 1168 605 1168 586 1168 606 1169 605 1169 557 1169 576 1170 597 1170 598 1170 580 1171 595 1171 579 1171 595 1172 580 1172 592 1172 584 1173 589 1173 590 1173 585 1174 589 1174 584 1174 623 1175 571 1175 624 1175 572 1176 624 1176 571 1176 574 1177 600 1177 601 1177 575 1178 600 1178 574 1178 600 1179 575 1179 598 1179 576 1180 598 1180 575 1180 596 1181 578 1181 595 1181 579 1182 595 1182 578 1182 573 1183 624 1183 572 1183 582 1184 587 1184 581 1184 587 1185 582 1185 591 1185 583 1186 591 1186 582 1186 591 1187 583 1187 590 1187 584 1188 590 1188 583 1188 581 1189 592 1189 580 1189 573 1190 601 1190 624 1190 574 1191 601 1191 573 1191 593 1192 592 1192 363 1192 587 1193 363 1193 592 1193 363 1194 587 1194 365 1194 591 1195 365 1195 587 1195 365 1196 591 1196 367 1196 590 1197 367 1197 591 1197 589 1198 367 1198 590 1198 367 1199 589 1199 588 1199 645 1200 471 1200 626 1200 472 1201 626 1201 471 1201 456 1202 635 1202 455 1202 635 1203 456 1203 646 1203 638 1204 464 1204 639 1204 465 1205 639 1205 464 1205 639 1206 465 1206 640 1206 466 1207 640 1207 465 1207 640 1208 466 1208 641 1208 467 1209 641 1209 466 1209 468 1210 641 1210 467 1210 641 1211 468 1211 642 1211 469 1212 642 1212 468 1212 454 1213 634 1213 453 1213 648 1214 459 1214 649 1214 461 1215 636 1215 460 1215 457 1216 646 1216 456 1216 646 1217 457 1217 647 1217 458 1218 647 1218 457 1218 647 1219 458 1219 648 1219 459 1220 648 1220 458 1220 460 1221 649 1221 459 1221 649 1222 460 1222 636 1222 642 1223 469 1223 643 1223 470 1224 643 1224 469 1224 643 1225 470 1225 644 1225 644 1226 470 1226 645 1226 471 1227 645 1227 470 1227 474 1228 626 1228 473 1228 480 1229 632 1229 479 1229 632 1230 480 1230 633 1230 453 1231 633 1231 480 1231 633 1232 453 1232 634 1232 473 1233 626 1233 472 1233 626 1234 474 1234 627 1234 627 1235 474 1235 628 1235 475 1236 628 1236 474 1236 628 1237 475 1237 629 1237 476 1238 629 1238 475 1238 477 1239 629 1239 476 1239 631 1240 479 1240 632 1240 455 1241 634 1241 454 1241 634 1242 455 1242 635 1242 636 1243 461 1243 637 1243 462 1244 637 1244 461 1244 463 1245 637 1245 462 1245 637 1246 463 1246 638 1246 464 1247 638 1247 463 1247 479 1248 631 1248 478 1248 630 1249 478 1249 631 1249 477 1250 478 1250 630 1250 629 1251 477 1251 630 1251 642 1252 662 1252 641 1252 662 1253 642 1253 663 1253 643 1254 663 1254 642 1254 663 1255 643 1255 664 1255 644 1256 664 1256 643 1256 664 1257 644 1257 665 1257 645 1258 665 1258 644 1258 665 1259 645 1259 666 1259 626 1260 666 1260 645 1260 658 1261 638 1261 659 1261 659 1262 638 1262 660 1262 639 1263 660 1263 638 1263 640 1264 660 1264 639 1264 627 1265 668 1265 626 1265 633 1266 673 1266 632 1266 670 1267 630 1267 671 1267 672 1268 632 1268 673 1268 631 1269 671 1269 630 1269 666 1270 626 1270 667 1270 667 1271 626 1271 668 1271 628 1272 668 1272 627 1272 668 1273 628 1273 669 1273 629 1274 669 1274 628 1274 669 1275 629 1275 670 1275 630 1276 670 1276 629 1276 673 1277 633 1277 650 1277 650 1278 634 1278 651 1278 651 1279 634 1279 652 1279 635 1280 652 1280 634 1280 646 1281 652 1281 635 1281 652 1282 646 1282 653 1282 638 1283 658 1283 637 1283 647 1284 653 1284 646 1284 653 1285 647 1285 654 1285 634 1286 650 1286 633 1286 632 1287 672 1287 631 1287 671 1288 631 1288 672 1288 641 1289 661 1289 640 1289 661 1290 641 1290 662 1290 654 1291 647 1291 655 1291 648 1292 655 1292 647 1292 660 1293 640 1293 661 1293 649 1294 655 1294 648 1294 655 1295 649 1295 656 1295 636 1296 656 1296 649 1296 656 1297 636 1297 657 1297 637 1298 657 1298 636 1298 657 1299 637 1299 658 1299 707 1300 674 1300 708 1300 675 1301 705 1301 683 1301 705 1302 675 1302 706 1302 682 1303 706 1303 675 1303 706 1304 682 1304 707 1304 674 1305 707 1305 682 1305 708 1306 674 1306 709 1306 677 1307 709 1307 674 1307 709 1308 677 1308 692 1308 676 1309 692 1309 677 1309 703 1310 507 1310 702 1310 507 1311 703 1311 509 1311 525 1312 709 1312 528 1312 513 1313 705 1313 515 1313 519 1314 707 1314 522 1314 708 1315 522 1315 707 1315 522 1316 708 1316 523 1316 523 1317 708 1317 525 1317 694 1318 485 1318 693 1318 515 1319 705 1319 517 1319 706 1320 517 1320 705 1320 517 1321 706 1321 519 1321 519 1322 706 1322 707 1322 708 1323 709 1323 525 1323 692 1324 528 1324 709 1324 509 1325 703 1325 512 1325 704 1326 512 1326 703 1326 512 1327 704 1327 513 1327 513 1328 704 1328 705 1328 482 1329 693 1329 483 1329 483 1330 693 1330 485 1330 485 1331 694 1331 487 1331 695 1332 487 1332 694 1332 487 1333 695 1333 489 1333 503 1334 701 1334 505 1334 702 1335 505 1335 701 1335 505 1336 702 1336 507 1336 489 1337 696 1337 491 1337 497 1338 699 1338 499 1338 499 1339 699 1339 501 1339 528 1340 692 1340 482 1340 693 1341 482 1341 692 1341 491 1342 696 1342 493 1342 697 1343 493 1343 696 1343 497 1344 698 1344 699 1344 493 1345 697 1345 496 1345 699 1346 700 1346 501 1346 501 1347 700 1347 503 1347 701 1348 503 1348 700 1348 696 1349 489 1349 695 1349 704 1350 684 1350 705 1350 683 1351 705 1351 684 1351 698 1352 496 1352 697 1352 496 1353 698 1353 497 1353 702 1354 685 1354 703 1354 678 1355 703 1355 685 1355 703 1356 678 1356 704 1356 684 1357 704 1357 678 1357 701 1358 680 1358 702 1358 685 1359 702 1359 680 1359 700 1360 686 1360 701 1360 680 1361 701 1361 686 1361 698 1362 687 1362 699 1362 679 1363 699 1363 687 1363 699 1364 679 1364 700 1364 686 1365 700 1365 679 1365 687 1366 697 1366 688 1366 697 1367 687 1367 698 1367 695 1368 681 1368 696 1368 688 1369 696 1369 681 1369 696 1370 688 1370 697 1370 694 1371 690 1371 695 1371 689 1372 695 1372 690 1372 681 1373 695 1373 689 1373 693 1374 691 1374 694 1374 690 1375 694 1375 691 1375 691 1376 692 1376 676 1376 692 1377 691 1377 693 1377 657 1378 687 1378 656 1378 688 1379 656 1379 687 1379 656 1380 688 1380 655 1380 655 1381 688 1381 681 1381 658 1382 687 1382 657 1382 655 1383 681 1383 654 1383 689 1384 654 1384 681 1384 654 1385 689 1385 653 1385 653 1386 689 1386 652 1386 690 1387 652 1387 689 1387 662 1388 680 1388 661 1388 686 1389 661 1389 680 1389 661 1390 686 1390 660 1390 687 1391 658 1391 679 1391 651 1392 691 1392 650 1392 676 1393 650 1393 691 1393 652 1394 690 1394 651 1394 691 1395 651 1395 690 1395 663 1396 685 1396 662 1396 680 1397 662 1397 685 1397 664 1398 678 1398 663 1398 685 1399 663 1399 678 1399 683 1400 667 1400 675 1400 667 1401 683 1401 666 1401 666 1402 683 1402 684 1402 660 1403 686 1403 659 1403 679 1404 659 1404 686 1404 659 1405 679 1405 658 1405 668 1406 675 1406 667 1406 650 1407 676 1407 673 1407 673 1408 676 1408 672 1408 677 1409 672 1409 676 1409 666 1410 684 1410 665 1410 665 1411 684 1411 664 1411 684 1412 678 1412 664 1412 671 1413 674 1413 670 1413 682 1414 670 1414 674 1414 670 1415 682 1415 669 1415 669 1416 682 1416 668 1416 675 1417 668 1417 682 1417 672 1418 677 1418 671 1418 674 1419 671 1419 677 1419</p>
        </triangles>
      </mesh>
    </geometry>
    <geometry id="link6_00-mesh" name="link6_00">
      <mesh>
        <source id="link6_00-mesh-positions">
          <float_array id="link6_00-mesh-positions-array" count="4830">0.0205 -0.01748698 0.000669995 0.0205 0.01738393 -0.002007722 0.01899999 -0.005279958 0.01668399 0.01899999 -0.01006799 0.01431399 0.01899999 -0.01391798 0.01060897 0.01899999 -0.01738399 -0.002006947 0.01899999 -0.01687395 -0.004636943 0.01899999 -0.01596897 -0.007158994 0.01899999 -0.01306498 -0.01164299 0.01899999 -0.01113396 -0.01350098 0.01899999 -0.008942961 -0.01504194 0.01899999 -0.006541967 -0.016231 0.01899999 -0.003986954 -0.01703995 0.01899999 -0.000976352 -0.01748919 0.01899999 0.001339972 -0.01744896 0.01899999 0.003986954 -0.01703995 0.01899999 0.01468896 -0.009511947 0.01899999 0.01687395 -0.004636943 0.01899999 0.01738399 -0.002006947 0.01899999 0.01748698 0.000669999 0.01899999 0.005279958 0.01668399 0.01899999 0.007764995 0.01568299 0.01899999 0.01006799 0.01431399 0.01899999 0.01213496 0.01260894 0.0205 0.01391911 0.01060754 0.01899999 0.01391798 0.01060897 0.01899999 0.015374 0.008359968 0.0205 0.015374 0.008359968 0.01899999 0.01646995 0.005914986 0.0205 0.01646983 0.005915284 0.01899999 0.01717996 0.003331959 0.01899999 0.01596897 -0.007158994 0.0205 0.01468867 -0.009512364 0.01899999 0.01306498 -0.01164299 0.0205 0.01113396 -0.01350098 0.01899999 0.01113396 -0.01350098 0.01899999 0.008942961 -0.01504296 0.0205 0.008943438 -0.01504266 0.01899999 0.006541967 -0.016231 0.0205 0.006541967 -0.016231 0.02049928 -9.62588e-05 -0.01754432 0.0205 -0.003988862 -0.01703935 0.0205 -0.006541967 -0.016231 0.02049994 -0.008811235 -0.01508796 0.0205 -0.01113414 -0.0135008 0.0205 -0.01306498 -0.01164299 0.0205 -0.01468867 -0.009512364 0.01899999 -0.01468896 -0.009511947 0.0205 -0.01687395 -0.004636943 0.0205 -0.01738399 -0.002007007 0.01899999 -0.01748698 0.000670001 0.0205 -0.01717996 0.003331959 0.01899999 -0.01717996 0.003331959 0.01899999 -0.01646995 0.005914986 0.01899999 -0.01537394 0.008359968 0.0205 -0.01391673 0.01061034 0.01899999 -0.01213496 0.012609 0.01899999 -0.007764995 0.01568299 0.01899999 -0.002670943 0.017295 0.0205 0 0.01749998 0.01899999 0 0.01749998 0.0205 0.002673983 0.01729476 0.01899999 0.002670943 0.017295 0.0205 0.01687395 -0.004636943 0.0205 0.01006799 0.01431399 0.0205 0.007764518 0.01568317 0.0205 0.003988921 -0.01703935 0.0205 -0.01596897 -0.007158994 0.0205 -0.01646983 0.005915284 0.0205 -0.01537394 0.008359968 0.0205 -0.01006871 0.01431351 0.0205 -0.01213496 0.012609 0.0205 -0.007764518 0.01568317 0.0205 -0.005279958 0.01668399 0.0205 -0.002673506 0.01729476 0.0205 0.005279958 0.01668399 0.0205 0.01213496 0.01260894 0.0205 0.01717996 0.003331959 0.0205 0.01748698 0.000669999 0.0205 0.01596897 -0.007158994 0.0205 0.01306533 -0.01164263 0.01353114 -0.01744651 -0.02121686 0.01353251 -0.0199148 -0.0189141 0.01353257 -0.02203202 -0.01639908 0.01353269 -0.02383375 -0.01364982 0.01353257 -0.02639174 -0.007603704 0.0135281 -0.02711671 -0.004347562 0.01350665 0.01272457 -0.02420246 0.01352667 0.01230478 -0.02347016 0.01352626 0.01236909 -0.02268701 0.01360666 0.01276379 -0.02230972 0.01354056 0.01380908 -0.02216845 0.01352518 0.01425057 -0.02251255 0.01354551 0.01455676 -0.02312517 0.01944345 0.02095049 0.01137149 0.01354688 -0.0145567 0.02312624 0.01942265 0.0228812 0.01283133 0.01449996 -0.01454597 0.02315497 0.01944565 0.001302182 0.02482318 0.01944893 -0.022915 -0.01279264 0.01943135 -0.001240372 -0.02534413 0.01947271 0.02292776 -0.01291251 0.019472 0.006962418 0.02566492 0.01946234 -0.005366802 -0.02527111 0.0194717 -0.004911303 -0.02381777 0.01947832 -0.007530331 -0.02294707 0.01350843 0.01459759 0.02312105 0.01649963 -0.01442289 0.02334541 0.01649886 -0.014099 0.02398085 0.01450002 -0.01412826 0.02394556 0.01650011 -0.01338636 0.02423512 0.01449966 -0.01337838 0.02422797 0.01650381 -0.01422327 0.02248936 0.01649999 -0.01348787 0.02211409 0.01649999 -0.01294761 0.02219849 0.01352411 -0.01302874 0.02211689 0.01353919 -0.01250672 0.02251899 0.01649999 -0.01242941 0.02266073 0.01360386 -0.01232677 0.02300542 0.01450085 0.0137853 0.02420061 0.0165013 0.01361483 0.02420562 0.01449948 0.01453328 0.02319598 0.01649975 0.01444447 0.02306216 0.01649999 0.01233035 0.02340769 0.01650017 0.01252049 0.02248239 0.01352977 0.01250511 0.02250283 0.01353669 0.01357936 0.02210044 0.01649999 0.01340854 0.02209436 0.01649999 0.0141583 0.02243518 0.01650124 0.01434469 -0.02275645 0.01649886 0.014099 -0.02398085 0.01650011 0.0133863 -0.02423512 0.01449966 0.01337838 -0.02422797 0.01649975 0.01275008 -0.02404105 0.01650005 0.01377922 -0.02215135 0.01354873 0.01310539 -0.02209669 0.01649999 0.01294761 -0.02219849 0.01351302 -0.01459658 -0.02312391 0.01354002 -0.01421725 -0.02250236 0.01649481 -0.01281177 -0.02410715 0.01450085 -0.0137853 -0.02420061 0.01650053 -0.01429623 -0.02370667 0.01449942 -0.01453322 -0.02319616 0.01353734 -0.01229685 -0.02299863 0.01649999 -0.01240777 -0.0227378 0.01355344 -0.01258695 -0.02242481 0.01352798 -0.01306575 -0.02209621 0.01649999 -0.01303088 -0.02213442 0.01354277 -0.01378113 -0.0221529 0.01649993 -0.01404166 -0.0223239 0.01449996 -0.02732294 0.00101298 0.01350611 -0.02731394 0.001063048 0.01650226 -0.02759975 -0.000660359 0.01449996 -0.02778977 -0.000290367 0.01650011 -0.02779465 0.000241498 0.01649838 -0.02721184 0.001005113 0.01650452 -0.02652376 -0.001063287 0.01649999 -0.0258044 -0.000505221 0.01649999 -0.02570462 0.000162445 0.01649987 -0.02610403 0.000880451 0.01649999 -0.01233035 -0.02340769 0.0165013 -0.01361483 -0.02420562 0.01649975 -0.01444447 -0.02306216 0.01649963 0.01442289 -0.02334541 0.01649999 0.01242941 -0.02266073 0.01649999 0.01234871 -0.02347582 0.01650011 0.02779465 -0.000241499 0.01650226 0.02759975 0.000660362 0.01649838 0.02721852 -0.000997804 0.01649999 0.0263226 0.000967495 0.01649999 0.0258044 0.000505221 0.01649999 0.025927 -0.000664684 0.01649999 0.02636867 -0.000986596 0.01650053 0.01429623 0.02370667 0.01649492 0.01281177 0.02410709 0.01649975 -0.01275008 0.02404105 0.01649999 -0.01234871 0.02347582 0.01449996 -0.01278495 0.02416896 0.01449996 0.02732294 -0.00101298 0.01449972 -0.02767109 0.000528757 0.01449996 -0.01277995 -0.02417498 0.01450002 0.01412826 -0.02394556 0.01449972 0.02767109 -0.000528757 0.01449996 0.02778977 0.000290367 0.01449996 0.01277995 0.02417498 0.01449996 -0.00652498 -0.02671498 0.01449996 0.01278495 -0.02416896 0.01356655 -0.02626287 0.00099638 0.01449996 0.00652498 0.02671498 0.01449996 0.003285944 0.02730298 0.01449996 0 0.02749997 0.01449996 -0.003285944 0.02730298 0.01449996 -0.00652498 0.02671498 0.01449996 0.01454597 -0.02315497 0.01449996 0.02528798 -0.01080596 0.01449996 0.026398 -0.007705986 0.01449996 0.02732598 0.001019954 0.01449996 0.02200198 0.01649695 0.01449996 0.01745897 0.02124696 0.01449996 -0.02712994 -0.004495978 0.01449996 -0.026398 -0.007705986 0.01449996 -0.02200198 -0.01649695 0.01449996 -0.01745897 -0.02124696 0.01449996 -0.01745897 0.02124696 0.01449996 -0.01987296 0.01900899 0.01449996 -0.02712994 0.004495978 0.01449996 -0.026398 0.007705986 0.01449996 -0.02528798 0.01080596 0.01449996 -0.02381598 0.01374995 0.01353269 -0.02373778 0.01381605 0.01449996 -0.02200198 0.01649796 0.01353263 -0.02191597 0.01655495 0.01353293 -0.01978212 0.01905375 0.01449996 -0.009670972 0.02574294 0.01353091 -0.009648561 0.02571809 0.01353257 -0.003185272 0.02728015 0.01449996 0.009670972 0.02574294 0.01353806 0.009781897 0.02566713 0.01353114 0.01744651 0.02121686 0.01449996 0.01987296 0.01900798 0.01449996 0.02381598 0.01374995 0.01449996 0.02528798 0.01080495 0.01449996 0.026398 0.007705986 0.01353257 0.02639174 0.007603704 0.01449996 0.02712994 0.004495978 0.01353788 0.02711945 0.004362046 0.01355183 0.02730852 0.001039385 0.01350992 0.02732318 -0.001080393 0.01449996 0.02712994 -0.004495978 0.01449996 0.02381598 -0.01374995 0.01449996 0.02200198 -0.01649796 0.01449996 0.01987296 -0.01900899 0.01449996 0.01745897 -0.02124696 0.01449996 0.009670972 -0.02574294 0.01449996 0.00652498 -0.02671498 0.01449996 0.003285944 -0.02730298 0.01449996 0 -0.02749997 0.01449996 -0.003285944 -0.02730298 0.01449996 -0.009670972 -0.02574294 0.01449996 -0.01987296 -0.01900798 0.01449996 -0.02381598 -0.01374995 0.01449996 -0.02528798 -0.01080495 0.01353257 -0.02529412 -0.01070231 0.01449996 -0.02732598 -0.001019954 0.01354688 -0.01274955 -0.02416926 0.0135219 0.01418888 0.02245205 0.01353335 0.02567356 0.000244876 0.01352363 -0.01235902 -0.02357 0.01350623 -0.01272392 0.02420127 -0.01899999 0.01889896 -0.02133297 0.01354676 0.01274961 0.0241695 0.01353913 0.01236873 0.02357572 0.01353275 -0.006424844 0.02670371 0.0194593 0.0203424 0.01217293 0.01350957 -0.01224815 0.0233193 0.01943945 -0.000805145 0.02396661 0.01354259 0.01229441 0.02303981 0.01948767 -0.02032208 0.01216697 0.01947271 -0.02292799 0.01291167 0.01945263 0.0203768 -0.01214629 0.01354146 -0.01377373 0.02215766 0.01352804 0.02608084 -0.000878455 0.01354634 0.02645838 -0.001037478 0.01354265 -0.02588772 -0.000664485 0.01353263 0.02191597 -0.01655495 0.01353269 0.02373778 -0.01381605 0.01353269 0.02521836 -0.0108807 0.01353263 0.02633756 -0.007789194 0.0135312 0.02709794 -0.004499018 0.0135293 -0.02730226 -0.001083552 0.01353263 -0.02633756 0.007789194 0.01353269 -0.02521836 0.0108807 0.01352828 -0.009793102 -0.02565747 0.01946347 0.0203818 0.01290339 0.01942521 0.000903042 0.02409756 0.01942765 -0.02127552 -0.01126199 0.0194655 -0.000911806 -0.02597075 0.01946151 -0.000590689 -0.02378511 0.01353889 0.01298797 0.0221436 0.01353293 0.01978212 -0.01905375 0.01352882 0.01732385 -0.02131021 0.01944005 0.02253073 -0.01346731 0.01945489 0.005214631 0.02317941 0.01944088 -0.006819188 -0.02262848 0.0194512 -0.006061553 -0.02567589 0.01354062 -0.02573752 0.000397864 0.01354306 -0.02567327 -0.000156512 0.01355075 -0.02636152 -0.001012742 0.01650124 0.02688097 0.001044511 0.01351135 0.02665305 0.001087665 0.01356536 0.02603435 0.000819229 0.01649999 0.02570462 -0.000162445 0.01354086 0.02573728 -0.000393799 0.0135312 -0.02709758 0.004500627 0.01353877 -0.01733815 0.02130526 0.01353251 0.0199148 0.0189141 0.01353257 0.02203202 0.01639908 0.01353269 0.02383375 0.01364982 0.01353257 0.02529412 0.01070231 0.01353257 9.59182e-05 0.02746528 0.01353251 0.003378093 0.02725702 0.01353275 0.006609022 0.02665871 0.01353853 -0.01424533 0.02251744 0.01353091 0.009649991 -0.02571761 0.01353275 0.006424844 -0.02670371 0.01353257 0.003185272 -0.02728015 0.01353257 -9.59182e-05 -0.02746528 0.01353251 -0.003378093 -0.02725702 0.01353275 -0.006609022 -0.02665871 0.0194329 0.02049815 -0.01318812 0.01943075 0.02074229 0.01340883 0.01943087 -0.02131623 0.01374071 0.01946336 -0.02070659 -0.01157087 0.01947754 0.0219357 -0.01381611 0.01644998 0.02833998 0.002129971 0.01646131 0.01236367 0.02563744 0.01645594 0.01599699 0.02348494 0.01645696 -0.02833795 0.002111971 0.01945936 -0.02834653 0.002145767 0.01648104 -0.02846592 9.43089e-05 0.01644897 -0.01601499 0.02347898 0.01945954 0.01143133 0.02376687 0.01947915 0.01230925 0.02556693 0.01650196 -0.02603417 0.001900315 0.01649963 -0.02492845 0.00094601 0.01650017 -0.02480024 -0.000548189 0.01649999 -0.02556192 -0.001627385 0.01650208 -0.02630418 -0.001953363 0.01644796 -0.02834498 -0.002130985 0.01948314 -0.02625602 0.001981735 0.01947063 -0.0261448 -0.001961529 0.0194754 -0.02486705 0.000814613 0.01946604 -0.02552497 0.001644611 0.01646065 -0.01236414 -0.02564048 0.01650333 -0.01134085 -0.02334743 0.01649993 -0.01183658 -0.02181297 0.01649999 -0.01410144 -0.02128612 0.0165019 -0.01482301 -0.02178198 0.01644998 0.01601397 -0.02347797 0.01650202 0.01471012 -0.02164411 0.01649999 0.01368653 -0.0211749 0.01947695 0.01229411 -0.02556788 0.01946175 0.0114215 -0.02372866 0.0165019 0.0114516 -0.02372729 0.01945734 0.01486599 -0.02178698 0.01946943 0.01600074 -0.02344989 0.01945829 0.01412004 -0.02126324 0.01649922 0.01244413 -0.02136361 0.01946365 0.01309609 -0.02113956 0.01649963 0.01145571 -0.02246022 0.01945799 0.01163554 -0.0221188 0.01648104 0.02846604 -9.11972e-05 0.01650261 0.02589291 0.0018543 0.01650023 0.02480566 0.000660829 0.01650202 0.02603393 -0.001900136 0.01645594 0.02833795 -0.002112984 0.01948362 0.02597171 -0.00191617 0.01945781 -0.01412528 0.02126181 0.01946347 -0.01309579 0.0211398 0.01649922 -0.01244413 0.02136361 0.01946032 -0.01148039 0.02239853 0.01649987 -0.01144111 0.0224964 0.01948058 -0.01133459 0.02346426 0.01650184 -0.0114516 0.02372711 0.01945847 0.02624326 0.001975238 0.01948028 0.02546304 0.001603424 0.01649916 0.02495819 -0.000959774 0.01947718 0.02511411 -0.001240491 0.0165019 0.01482337 0.02178221 0.01649999 0.01410144 0.02128612 0.01649999 0.01306337 0.0211749 0.01649987 0.01180958 0.02184522 0.01650333 0.01134085 0.02334749 0.0194711 0.01134473 0.02289223 0.01946038 0.01214838 0.02152633 0.01947158 0.01316297 0.02110666 0.01946806 0.0148195 0.02173697 0.01649999 -0.01368653 0.0211749 0.01650208 -0.01471012 0.02164411 0.01449996 0.01324498 -0.02523595 0.01449996 -0.02849996 -0 0.01449996 -0.028292 -0.003434956 0.01449996 -0.01618999 -0.02345496 0.01449996 0.028292 -0.003434956 0.01449996 -0.01010596 -0.02664798 0.01449996 -0.006820976 -0.02767199 0.01449996 -0.003434956 -0.028292 0.01449996 0 -0.02849996 0.01449996 0.003434956 0.028292 0.01449996 0 0.02849996 0.01449996 -0.01010596 0.02664798 0.01449996 0.02133297 -0.01889896 0.01449996 0.02345496 -0.01618999 0.01449996 0.02767199 0.006819963 0.01449996 0.02523595 0.01324498 0.01449996 0.02133297 0.01889896 0.01449996 -0.02767199 -0.006819963 0.01449996 -0.02133297 -0.01889896 0.01449996 -0.01889896 0.02133297 0.01449996 -0.02523499 0.01324498 0.01449996 -0.02664798 0.01010596 0.01645594 -0.015998 -0.02348494 0.01449996 -0.01324498 -0.02523499 0.01948016 -0.01230835 -0.02556639 0.01449996 0.02849996 -0 0.01449996 0.028292 0.003434956 0.01449996 0.01618999 0.02345496 0.01449996 0.01324498 0.02523499 0.01449996 0.01010596 0.02664798 0.01449996 -0.028292 0.003434956 0.01947224 -0.02829945 -0.002121746 0.01646506 0.0123564 -0.02561527 0.01449996 0.01010596 -0.02664798 0.01449996 0.01618999 -0.02345496 0.01449996 0.01889896 -0.02133297 0.01449996 0.02523499 -0.01324498 0.01449996 0.02664798 -0.01010596 0.01945811 0.02664953 -0.01001775 0.01449996 0.02767199 -0.006820976 0.01945793 0.02766251 -0.006734848 0.019459 0.02834641 -0.002145349 0.01945793 -0.006734848 -0.02766251 0.01949352 -0.003427803 -0.02823632 0.01449996 0.003434956 -0.028292 0.01949298 0.003438055 -0.02823621 0.01449996 0.006819963 -0.02767199 0.01945799 0.006892323 -0.02762341 0.01449996 -0.02664798 -0.01010596 0.01947349 -0.02657568 -0.01019042 0.01449996 -0.02523595 -0.01324498 0.01449996 -0.02345496 -0.01618999 0.01449996 -0.01889896 -0.02133297 0.01949518 -0.01869189 -0.02143162 0.01944911 -0.01600748 -0.02344948 0.01449996 -0.01324498 0.02523595 0.01449996 -0.01618999 0.02345496 0.01449996 -0.02133297 0.01889896 0.01945787 -0.0213654 0.01881742 0.01449996 -0.02345496 0.01618999 0.01947754 -0.02525067 0.01312929 0.01449996 -0.02767199 0.006820976 0.01945793 -0.02766251 0.006734848 0.01449996 0.006820976 0.02767199 0.01948934 0.003428161 0.02823883 0.01947748 -0.000110321 0.02846008 0.01449996 -0.003434956 0.028292 0.01449996 -0.006819963 0.02767199 0.01945799 -0.006892323 0.02762341 0.01945918 -0.01013422 0.02660119 0.01449996 0.02664798 0.01010596 0.01945799 0.02659159 0.01017057 0.01449996 0.02345496 0.01618999 0.01449996 0.01889896 0.02133297 0.01948338 -0.02341413 0.01616108 0.01947736 -0.02515035 -0.01332223 0.01946449 -0.02469903 -0.000465373 0.01947027 -0.02519482 -0.001301407 0.01946747 -0.02761548 -0.006904125 0.01946872 -0.02825796 -0.003446519 0.01947349 -0.02664965 0.009995281 0.01946365 -0.01486951 0.02177631 0.01945662 -0.01212292 0.02154773 0.01946467 -0.01600366 0.02345395 0.01943045 -0.001238524 0.0246703 0.01948732 -0.003658294 0.02821308 0.01944613 -0.02199697 -0.0137546 0.01947867 0.0100606 0.02662563 0.01947337 0.0067119 0.02766001 0.01943004 0.000328072 -0.02375769 0.01945704 0.02204728 -0.0112344 0.01940971 -0.007192373 -0.02549844 0.01947349 0.01158607 0.0221886 0.01949393 0.01883828 0.02133393 0.0194717 0.01421618 0.02128833 0.01946461 0.01601272 0.02343565 0.01946347 -0.005979657 -0.02264052 0.01948487 0.02328586 0.01634699 0.01948606 0.0250827 0.01342713 0.01946872 0.02825862 0.003442108 0.01945847 0.02830499 0.002118229 0.01948696 0.02518773 -0.01322251 0.01946735 0.0213707 -0.01880407 0.01947247 -0.01315307 -0.02113056 0.0194568 -0.01416367 -0.02127707 0.01945972 -0.01143276 -0.0237708 0.01946228 -0.0148316 -0.02174884 0.0194956 -0.01868307 0.02145284 0.01946175 -0.01176279 -0.02190774 0.01946574 -0.01233464 -0.02141189 0.01649999 -0.01306337 -0.0211749 0.01945662 -0.0123046 0.0255649 0.01949459 0.01882082 -0.02131789 0.01947748 0.02348452 -0.01607698 0.01946735 -0.02124446 -0.01894658 0.01947748 -0.02335923 -0.01625841 0.01947295 -0.01133894 -0.02289187 0.01948595 -0.01013827 -0.02659267 0.01947748 0.000110321 -0.02846008 0.01947551 0.01026856 -0.02654242 0.01946431 0.0225442 0.01153486 0.01945942 0.0121296 -0.02154624 0.01946842 0.01134246 -0.02290719 0.0193966 -0.02121579 0.01133239 0.01946538 0.02484565 0.000761359 0.01945316 0.02472859 -0.000277897 0.01945006 -0.02037477 -0.01214373 0.01944833 -0.000359163 -0.026259 0.01942503 0.02127039 -0.01373183 0.01946413 0.005410015 0.02532726 0.01946747 0.02761548 0.006904125 0.01946735 0.02124446 0.01894658 0.01646578 -0.0123564 0.02561521 0.01353251 -0.02184092 0.002916097 0.01353275 -0.02123987 0.005865156 0.01354187 -0.02023565 0.008709371 0.01353269 -0.01887005 0.01137763 0.01353245 -0.01714658 0.01383978 0.01353269 -0.01510125 0.0160458 0.01353275 -0.0127753 0.01795315 0.01353257 -0.004564881 0.02155697 0.0135324 -0.00158751 0.02197784 0.01353257 0.00729978 0.02079069 0.01353257 0.01497793 0.01616096 0.01353269 0.01878333 0.01152026 0.01353275 0.02119487 0.006025791 0.01354205 0.02181464 0.003072142 0.01353257 0.02203464 8.42613e-05 0.01353251 0.02184092 -0.002916097 0.01353245 0.02024477 -0.008700489 0.01353269 0.01887005 -0.01137763 0.01353245 0.01714658 -0.01383978 0.01353269 0.01510125 -0.0160458 0.01353275 0.0127753 -0.01795315 0.01354181 0.01019978 -0.01952672 0.01353251 0.00745815 -0.02073436 0.01353257 0.004564881 -0.02155697 0.01352643 0.001595139 -0.0219804 0.01353257 -0.004400551 -0.02159106 0.01353257 -0.00729978 -0.02079069 0.0135324 -0.01006126 -0.01960396 0.01353269 -0.01263862 -0.01804959 0.01354199 -0.01498329 -0.01614934 0.0135324 -0.01703912 -0.01397186 0.01353269 -0.01878333 -0.01152026 0.01353245 -0.02017664 -0.008857309 0.01353257 -0.02203464 -8.42613e-05 0.01849997 0.01268696 0.01797294 0.01849997 0.017066 0.01388394 0.01849997 0.02017897 0.008764982 0.01849997 0.02179497 0.002995967 0.01849997 0.02179497 -0.002995967 0.01849997 0.02118396 -0.005935966 0.01849997 0.017066 -0.01388394 0.01849997 0.01501595 -0.01607799 0.01849997 0.007366955 -0.02072995 0.01849997 0.004475951 -0.02153998 0.01849997 0.001500964 -0.02194899 0.01849997 -0.001500964 -0.02194899 0.01849997 -0.007366955 -0.02072995 0.01849997 -0.01012098 -0.01953399 0.01849997 -0.01501595 -0.01607799 0.01849997 -0.01879698 -0.01143097 0.01849997 -0.02017897 -0.008764982 0.01849997 -0.02179497 -0.002995967 0.01849997 -0.02179497 0.002995967 0.01849997 -0.02118396 0.005935966 0.01849997 -0.017066 0.01388394 0.01849997 -0.01012098 0.01953399 0.01849997 -0.007366955 0.02072995 0.01849997 0.001500964 0.02194899 0.01849997 0.004475951 0.02153998 0.01849997 0.007366955 0.02072995 0.01849997 0.01012098 0.01953399 0.01353275 0.02123987 -0.005865156 0.01353245 0.02017664 0.008857309 0.0135324 0.01703912 0.01397186 0.01353269 0.01263862 0.01804959 0.0135324 0.01006126 0.01960396 0.01353257 0.004400551 0.02159106 0.01353234 -0.001418709 -0.02198934 0.01353257 -0.0218178 -0.00308454 0.01353275 -0.02119487 -0.006025791 0.01354175 0.001430034 0.02198374 0.01353251 -0.00745815 0.02073436 0.0135324 -0.01021248 0.01952558 0.01849997 0.02199995 -0 0.01849997 0.02118396 0.005935966 0.01849997 0.01879698 0.01143097 0.01849997 0.01501595 0.01607799 0.01849997 -0.001500964 0.02194899 0.01849997 -0.004475951 0.02153998 0.01849997 -0.01268696 0.017973 0.01849997 -0.01501595 0.01607799 0.01849997 -0.01879698 0.01143097 0.01849997 -0.02017897 0.008764982 0.01849997 -0.02199995 -0 0.01849997 -0.02118396 -0.005935966 0.01849997 -0.017066 -0.01388394 0.01849997 -0.01268696 -0.01797294 0.01849997 -0.004475951 -0.02153998 0.01849997 0.01012098 -0.01953399 0.01849997 0.01268696 -0.017973 0.01849997 0.01879698 -0.01143097 0.01849997 0.02017897 -0.008764982 0.01943969 -0.005314052 -0.02309966 0.01947689 -0.008033812 -0.02448236 0.01943969 -0.007956445 -0.02367097 0.01949882 -0.007708489 -0.02518236 0.01942861 -0.004993796 -0.02461105 0.01950138 0.004895091 0.02374637 0.01943874 0.007654726 0.02517437 0.01945084 0.005967378 0.02267628 0.0194348 0.006825804 0.02264142 0.01947665 0.007644712 0.02304852 0.01944923 0.008090376 0.02420008 0.01944959 0.006142139 0.02568513 0.019427 0.005004048 0.02463304 0.01947265 0.02264618 -0.01160019 0.01943343 0.02093547 -0.01140785 0.01942902 0.02291715 -0.01222211 0.01949912 0.02141803 -0.01115816 0.01943939 0.001312434 -0.02511233 0.01942938 0.000887213 -0.02595776 0.01945781 0.000988606 -0.02413541 0.01945793 -0.001248359 -0.02459448 0.01946306 0.000294807 -0.02630007 0.01945823 -0.02289944 -0.01209414 0.01942521 -0.02077865 -0.01345342 0.0194683 -0.02033925 -0.01286798 0.01945769 -0.02260369 -0.01339006 0.01947796 -0.02136987 -0.01381754 0.01947772 -0.02244263 -0.01140695 0.01949936 -0.02188235 -0.01115787 0.01946198 -0.02222275 0.01129698 0.01944178 -0.02292907 0.01221042 0.01943999 -0.02253061 0.01346725 0.01947236 -0.0219351 0.01381045 0.0194832 -0.02085024 0.01135432 0.01946902 -0.02045214 0.01320296 0.01949924 -0.02269667 0.01162767 0.01943826 -0.000298513 0.02624672 0.01944762 -0.001236915 0.0253722 0.01947277 -0.000898047 0.02597415 0.01944887 0.00037695 0.02624148 0.0194565 0.001008331 0.02585011 0.01946455 0.000227019 0.02369123 0.01945585 0.02192264 0.01121878 0.01948165 0.02170151 0.01392501 0.01946258 0.02261739 0.01338994 0.01945739 0.0228976 0.01212161 0.01949399 -0.002242624 -0.01771545 0.01949524 -0.004627525 0.01723927 0.01949995 0.003109991 0.02022397 0.01949429 0.01784855 -0.000105268 0.01949995 0.003109991 -0.02022397 0.01945805 -0.009746193 -0.01493108 0.01945817 -0.01191157 -0.01326781 0.01945787 -0.0137965 -0.0112949 0.01945793 -0.01656091 -0.006605029 0.01946747 -0.01738297 -0.003990411 0.0194692 -0.01781862 -0.001011848 0.01946735 0.00060798 -0.01782453 0.01946747 0.005957841 -0.01681011 0.01945805 0.01697987 -0.005441784 0.01945799 0.01280152 -0.01241034 0.01945793 0.0108599 0.01414096 0.01945805 0.01289153 0.01231682 0.01945799 0.0146206 0.01020532 0.01945805 0.01600742 0.007853269 0.01945805 0.01701891 0.005318462 0.01946735 0.01763677 0.002647995 0.01947343 0.003395617 0.01751774 0.01946741 0.006100177 0.01675891 0.0194692 0.008523821 0.01567387 0.01947367 -0.002046346 0.01772683 0.01947706 -0.007299602 0.01628524 0.01945787 -0.01529246 0.009167015 0.01945769 -0.01371443 0.01139318 0.01945817 -0.01181346 0.01335519 0.01945781 -0.01776951 0.001450657 0.01945781 -0.009637832 0.01500064 0.01945787 -0.01651257 0.006724834 0.01946747 -0.01734852 0.004137516 0.01945793 -0.0153588 -0.009055435 0.01945799 -0.007351994 -0.01624387 0.01946753 -0.00479865 -0.01717752 0.01945787 0.000747525 0.01781433 0.01947122 0.003250241 -0.01754385 0.01945817 0.008460164 -0.01569521 0.01945799 0.0107578 -0.0142188 0.01945799 0.01454633 -0.01031082 0.01945805 0.01594996 -0.007969319 0.01946735 0.01761382 -0.002796649 0.01899999 0.01779997 -0 0.01899999 0.01759099 0.002716958 0.01899999 0.01282495 0.01234298 0.01899999 0.010791 0.01415598 0.01899999 0.00850296 0.01563799 0.01899999 0.006016969 0.016752 0.01899999 -0.002040982 0.01768296 0.01899999 -0.004716992 0.01716399 0.01899999 -0.007280945 0.01624298 0.01899999 -0.01650899 0.006653964 0.01899999 -0.01733195 0.004055976 0.01899999 -0.01774799 -0.001362979 0.01899999 -0.01733195 -0.004055976 0.01899999 -0.01650899 -0.006653964 0.01899999 -0.01529997 -0.009095966 0.01899999 -0.01373296 -0.011325 0.01899999 -0.004716992 -0.01716399 0.01899999 -0.002040982 -0.01768296 0.01899999 0.003388941 -0.01747399 0.01899999 0.006016969 -0.016752 0.01899999 0.01282495 -0.01234298 0.01899999 0.01759099 -0.002716958 0.01899999 0.010791 -0.01415598 0.01899999 0.00850296 -0.01563799 0.01899999 0.000681999 -0.01778697 0.01899999 -0.007280945 -0.01624298 0.01899999 -0.009675979 -0.01494097 0.01899999 -0.01184296 -0.01328897 0.01899999 0.01455897 0.01024097 0.01899999 0.01595199 0.007897973 0.01899999 0.01697099 0.005370974 0.01899999 0.01697099 -0.005370974 0.01899999 0.01595199 -0.007897973 0.01899999 0.01455897 -0.01024097 0.01899999 -0.01373195 0.011325 0.01899999 -0.01184296 0.01328897 0.01899999 -0.009674966 0.01494097 0.01899999 0.000682001 0.01778697 0.01899999 0.003389 0.01747399 0.01899999 -0.01778906 0.000991274 0.01899999 -0.01529997 0.009095966 0.01899999 0.01182699 -0.01753395 0.01899999 0.009271979 -0.01900994 0.01899999 0.006535947 -0.02011495 0.01899999 0.003672957 -0.02082896 0.01899999 0.000737998 -0.02113699 0.01899999 -0.002210974 -0.021034 0.01899999 -0.005116999 -0.02052199 0.01899999 -0.01057499 -0.01831597 0.01899999 0.01793599 0.01120799 0.01899999 0.01932096 0.008601963 0.01899999 0.02033096 0.005829989 0.01899999 0.02094399 0.002943992 0.01899999 0.01932096 -0.008601963 0.01899999 -0.01521396 0.01469194 0.01899999 -0.01302099 0.01666599 0.01899999 -0.01057499 0.01831597 0.01899999 -0.005116999 0.02052199 0.01899999 0.000738002 0.02113699 0.01899999 0.006535947 0.02011495 0.01899999 -0.0211392 -0.001075744 0.01899999 -0.02068799 0.004396975 0.01899999 -0.01867395 0.009929001 0.01899999 -0.017111 0.01243197 0.01899999 0.02114999 -0 0.01899999 0.01620197 0.01359498 0.01899999 0.01415199 0.01571696 0.01899999 0.01182699 0.01753395 0.01899999 0.009271979 0.01900994 0.01899999 0.003672957 0.02082896 0.01899999 -0.002210974 0.021034 0.01899999 -0.007922947 0.01960998 0.01899999 -0.01987498 0.007233977 0.01899999 -0.02109897 0.001474976 0.01899999 -0.02068799 -0.004396975 0.01899999 -0.01987498 -0.007233977 0.01899999 -0.01867395 -0.009928941 0.01899999 -0.017111 -0.01243197 0.01899999 -0.01521396 -0.01469194 0.01899999 -0.01302099 -0.01666599 0.01899999 -0.007922947 -0.01960998 0.01899999 0.01415199 -0.01571798 0.01899999 0.01620197 -0.01359498 0.01899999 0.01793599 -0.01120799 0.01899999 0.02033096 -0.005829989 0.01899999 0.02094399 -0.002943992 0.01849997 0.02033096 0.005829989 0.01849997 0.01932096 0.008601963 0.01849997 0.01793599 0.01120799 0.01849997 0.01620197 0.01359498 0.01849997 0.01415199 0.01571696 0.01849997 0.01182699 0.01753395 0.01849997 0.006535947 0.02011495 0.01849997 0.000738002 0.02113699 0.01849997 -0.002210974 0.021034 0.01849997 -0.01057499 0.01831597 0.01849997 -0.01302099 0.01666599 0.01849997 -0.01521396 0.01469194 0.01849997 -0.017111 0.01243197 0.01849997 -0.01867395 0.009929001 0.01849997 -0.02068799 0.004396975 0.01849997 -0.0211392 0.001075744 0.01849997 -0.02109897 -0.001474976 0.01849997 -0.017111 -0.01243197 0.01849997 -0.01302099 -0.01666599 0.01849997 -0.007922947 -0.01960998 0.01849997 -0.005116999 -0.02052199 0.01849997 -0.002210974 -0.021034 0.01849997 0.009271979 -0.01900994 0.01849997 0.01620197 -0.01359498 0.01849997 0.01793599 -0.01120799 0.01849997 0.01932096 -0.008601963 0.01849997 0.02033096 -0.005829989 0.01849997 0.02094399 0.002943992 0.01849997 0.02114999 -0 0.01849997 0.02094399 -0.002943992 0.01849997 0.01415199 -0.01571798 0.01849997 0.01182699 -0.01753395 0.01849997 0.006535947 -0.02011495 0.01849997 0.003672957 -0.02082896 0.01849997 0.000737998 -0.02113699 0.01849997 -0.01057499 -0.01831597 0.01849997 -0.01521396 -0.01469194 0.01849997 -0.01867395 -0.009928941 0.01849997 -0.01987498 -0.007233977 0.01849997 -0.02068799 -0.004396975 0.01849997 -0.01987498 0.007233977 0.01849997 -0.007922947 0.01960998 0.01849997 -0.005116999 0.02052199 0.01849997 0.003672957 0.02082896 0.01849997 0.009271979 0.01900994 -0.01899999 -0.006819963 0.02767199 -0.01899999 -0.01010596 0.02664798 0.01349997 -0.01010596 0.02664798 0.01349997 -0.01618999 0.02345496 0.01349997 -0.01889896 0.02133297 -0.01899999 -0.02133297 0.01889896 0.01349997 -0.02345496 0.01618999 -0.01899999 -0.02523499 0.01324498 -0.01899999 -0.02767199 0.006820976 0.01349997 -0.028292 0.003434956 0.01349997 -0.02849996 -0 -0.01899999 -0.02767199 -0.006819963 -0.01899999 -0.02523595 -0.01324498 0.01349997 -0.02523595 -0.01324498 0.01349997 -0.02345496 -0.01618999 0.01349997 -0.01618999 -0.02345496 -0.01899999 -0.01324498 -0.02523499 0.01349997 -0.01010596 -0.02664798 -0.01899999 -0.006820976 -0.02767199 0.01349997 -0.006820976 -0.02767199 -0.01899999 -0.003434956 -0.028292 0.01349997 -0.003434956 -0.028292 -0.01899999 0 -0.02849996 0.01349997 0 -0.02849996 -0.01899999 0.003434956 -0.028292 0.01349997 0.003434956 -0.028292 0.01349997 0.006819963 -0.02767199 -0.01899999 0.01010596 -0.02664798 0.01349997 0.01010596 -0.02664798 -0.01899999 0.01324498 -0.02523595 0.01349997 0.01324498 -0.02523595 0.01349997 0.01618999 -0.02345496 -0.01899999 0.02133297 -0.01889896 -0.01899999 0.02345496 -0.01618999 0.01349997 0.02345496 -0.01618999 0.01349997 0.02664798 -0.01010596 0.01349997 0.02767199 -0.006820976 0.01349997 0.028292 -0.003434956 0.01349997 0.02849996 -0 -0.01899999 0.028292 0.003434956 0.01349997 0.028292 0.003434956 -0.01899999 0.02767199 0.006819963 0.01349997 0.02767199 0.006819963 -0.01899999 0.02664798 0.01010596 0.01349997 0.02664798 0.01010596 0.01349997 0.02345496 0.01618999 0.01349997 0.02133297 0.01889896 -0.01899999 0.01618999 0.02345496 0.01349997 0.01618999 0.02345496 0.01349997 0.01324498 0.02523499 -0.01899999 0.01010596 0.02664798 0.01349997 0.01010596 0.02664798 -0.01899999 0.003434956 0.028292 0.01349997 -0.01324498 -0.02523499 0.01349997 -0.01324498 0.02523595 0.01349997 -0.006819963 0.02767199 0.01349997 -0.003434956 0.028292 0.01349997 0 0.02849996 0.01349997 0.003434956 0.028292 0.01349997 0.006820976 0.02767199 0.01349997 0.01889896 -0.02133297 0.01349997 0.02133297 -0.01889896 0.01349997 0.02523499 -0.01324498 0.01349997 -0.02767199 0.006820976 0.01349997 -0.02664798 0.01010596 0.01349997 -0.02523499 0.01324498 0.01349997 -0.02133297 0.01889896 0.01349997 0.01889896 0.02133297 0.01349997 0.02523595 0.01324498 0.01349997 -0.01889896 -0.02133297 0.01349997 -0.02133297 -0.01889896 0.01349997 -0.02664798 -0.01010596 0.01349997 -0.02767199 -0.006819963 0.01349997 -0.028292 -0.003434956 -0.01899999 0.02133297 0.01889896 -0.01899999 0.02849996 -0 -0.01899999 0.01889896 0.02133297 -0.01899999 -0.028292 -0.003434956 -0.01899999 -0.02849996 -0 -0.01899999 -0.02133297 -0.01889896 -0.01899999 0.02523499 -0.01324498 -0.01899999 0.02664798 -0.01010596 -0.01899999 0.02767199 -0.006820976 -0.01899999 0.028292 -0.003434956 -0.01899999 0.02345496 0.01618999 -0.01899999 0.02523595 0.01324498 -0.01899999 -0.01324498 0.02523595 -0.01899999 -0.01618999 0.02345496 -0.01899999 0 0.02849996 -0.01899999 -0.003434956 0.028292 -0.01899999 -0.01889896 -0.02133297 -0.01899999 0.01324498 0.02523499 -0.01899999 0.006820976 0.02767199 -0.01899999 -0.02345496 0.01618999 -0.01899999 -0.02664798 0.01010596 -0.01899999 -0.028292 0.003434956 -0.01899999 -0.02345496 -0.01618999 -0.01899999 -0.02664798 -0.01010596 -0.01899999 0.01618999 -0.02345496 -0.01899999 0.006819963 -0.02767199 -0.01899999 -0.01618999 -0.02345496 -0.01899999 -0.01010596 -0.02664798 -0.01899999 -0.01889896 0.02133297 0.01899999 0 0.01774996 0.01349997 -0.002709984 0.017542 0.01899999 -0.002709984 0.017542 0.01349997 -0.005355954 0.01692295 0.01899999 -0.005355954 0.01692295 0.01349997 -0.007875978 0.01590698 0.01899999 -0.010212 0.01451796 0.01349997 -0.01411598 0.01076096 0.01899999 -0.01411598 0.01076096 0.01349997 -0.01670497 0.005999982 0.01349997 -0.017425 0.003378987 0.01349997 -0.01773697 0.000680001 0.01899999 -0.01711499 -0.004702985 0.01349997 -0.01619696 -0.007260978 0.01899999 -0.01619696 -0.007260978 0.01349997 -0.01489895 -0.009647965 0.01899999 -0.01489895 -0.009647965 0.01349997 -0.01325094 -0.01180899 0.01899999 -0.01325094 -0.01180899 0.01899999 -0.01129299 -0.01369398 0.01349997 -0.009070992 -0.015257 0.01349997 -0.00663495 -0.01646298 0.01349997 -0.000987067 -0.01773911 0.01899999 0.000987064 -0.01773911 0.01349997 0.001358985 -0.01769798 0.01349997 0.004043996 -0.01728296 0.01349997 0.00663495 -0.01646298 0.01349997 0.009070992 -0.015257 0.01899999 0.01489895 -0.009647965 0.01899999 0.01619696 -0.007260978 0.01349997 0.01711499 -0.004702985 0.01899999 0.01763296 -0.002035975 0.01349997 0.017425 0.003378987 0.01899999 0.015594 0.008479952 0.01349997 0.01411598 0.01075994 0.01899999 0.01411598 0.01075994 0.01349997 0.012308 0.01278895 0.01899999 0.012308 0.01278895 0.01899999 0.010212 0.01451796 0.01899999 0.005355954 0.01692295 0.01349997 0.002709984 0.017542 0.01349997 0 0.01774996 0.01349997 0.01129299 -0.01369398 0.01349997 0.01325094 -0.01181 0.01349997 0.01489895 -0.009647965 0.01349997 0.01619696 -0.007260978 0.01349997 0.01763296 -0.002035975 0.01349997 0.01773697 0.000679999 0.01349997 0.01670497 0.005999982 0.01349997 0.015594 0.008479952 0.01349997 0.010212 0.01451796 0.01349997 0.007875978 0.01590698 0.01349997 0.005355954 0.01692295 0.01349997 -0.01129299 -0.01369398 0.01349997 -0.004043996 -0.01728296 0.01349997 -0.01763296 -0.002035975 0.01349997 -0.01711499 -0.004702985 0.01349997 -0.010212 0.01451796 0.01349997 -0.012308 0.01278895 0.01349997 -0.01559394 0.008479952 0.01899999 -0.007875978 0.01590698 0.01899999 -0.012308 0.01278895 0.01899999 -0.01559394 0.008479952 0.01899999 -0.01670497 0.005999982 0.01899999 -0.017425 0.003378987 0.01899999 -0.01773697 0.000680001 0.01899999 -0.01763296 -0.002035975 0.01899999 -0.009070992 -0.015257 0.01899999 -0.00663495 -0.01646298 0.01899999 -0.004043996 -0.01728296 0.01899999 -0.001358985 -0.01769798 0.01899999 0.004043996 -0.01728296 0.01899999 0.00663495 -0.01646298 0.01899999 0.009070992 -0.015257 0.01899999 0.01129299 -0.01369398 0.01899999 0.01325094 -0.01181 0.01899999 0.01711499 -0.004702985 0.01899999 0.01773697 0.000679999 0.01899999 0.017425 0.003378987 0.01899999 0.01670497 0.005999982 0.01899999 0.007875978 0.01590698 0.01899999 0.002709984 0.017542 -0.02149999 0.01530247 -0.01653617 -0.02149951 0.01492786 -0.01731699 -0.02154123 0.01490461 -0.01809173 -0.02151858 0.01203429 -0.01205259 -0.02153784 0.01129102 -0.01386421 -0.02153778 0.01162141 -0.01472663 -0.0235452 0.0114358 -0.01457661 -0.02349996 0.01126682 -0.01330053 -0.02450013 0.01486945 -0.01811122 -0.02450162 0.001069545 -0.004292905 -0.02449977 -0.01489615 -0.01812148 -0.02157068 -0.01490956 -0.01813286 -0.02449995 0.007199943 -0.02602195 -0.02450156 -0.001152038 -0.004357814 -0.02351379 -0.001122236 -0.004296541 -0.02356684 -0.000128765 -0.003939509 -0.02450025 -0.000188851 -0.004002332 -0.02350747 0.000936901 -0.004147768 -0.02349948 0.01126515 0.01389259 -0.02350091 0.00090993 0.004191815 -0.02350831 0.01149564 0.01465976 -0.02155619 0.01127618 0.01383692 -0.02152627 0.01159489 0.01467692 -0.02152508 0.01488262 0.01806557 -0.02149999 0.01653617 0.01530247 -0.02149951 0.01731699 0.01492786 -0.02154803 0.01810836 0.01490503 -0.01899999 0.01698213 0.0150215 -0.01900011 0.01838576 0.01495409 -0.01904439 0.01845914 0.01599228 -0.01902931 0.01737666 0.01603817 -0.01905608 0.01649057 0.01664561 -0.01899999 0.01530283 0.01653581 -0.01904368 0.01743942 0.02004188 -0.01904642 0.02000981 0.01738524 -0.01904231 0.01604944 0.0186457 -0.01902955 0.01943016 0.01646822 -0.02450007 0.01938235 0.01539111 -0.01899987 0.02034157 0.01582974 -0.02449995 0.02067297 0.01586395 -0.02449995 0.02149868 0.01576054 -0.01899999 0.02145415 0.01578539 -0.01899999 0.022215 0.01531535 -0.02449995 0.02229881 0.01520752 -0.01899999 0.02406698 0.01223796 -0.01899999 0.02520596 0.0133 -0.01899999 0.02352595 0.01608699 -0.01899999 0.02655798 0.01033997 -0.02548485 0.02516835 0.01326829 -0.02546697 0.0236752 0.01578265 -0.02548044 0.02158731 0.01854395 -0.02547317 0.01932626 0.02089494 -0.01899999 0.02153897 0.01866298 -0.01899999 0.01927095 0.02099698 -0.01902955 0.02008432 0.01846158 -0.01905131 0.01957601 0.01941752 -0.01903712 0.01868689 0.02001613 -0.01899999 0.016752 0.02305698 -0.01899999 0.014014 0.02481597 -0.02547299 0.01679092 0.02298283 -0.02547442 0.01438766 0.02454721 -0.02545791 0.01116234 0.02619069 -0.02545219 0.008009493 0.02733075 -0.02547776 0.001123547 0.02846831 -0.02546238 0.00485295 0.02804607 -0.02549999 0 0.01510798 -0.02545791 -0.01100242 0.02625834 -0.02545434 -0.004833221 0.02806347 -0.02545452 -0.007989108 0.02733278 -0.02545779 -0.001509606 0.02843248 -0.02454584 -0.000306763 0.02853137 -0.0245009 -0.007194161 0.02760326 -0.02449995 -0.007199943 0.02602195 -0.02449995 0.01527798 0.01922398 -0.02449995 0.007199943 0.02602195 -0.02449983 0.0148999 0.01812893 -0.02449995 -0.00991398 0.02511399 -0.023 -0.007199943 0.02602195 -0.023 -0.007199943 0.02679997 -0.02449995 -0.0148431 0.01805907 -0.01900023 -0.01501315 0.01854062 -0.01904433 -0.01599222 0.01845937 -0.01902425 -0.01646375 0.01943296 -0.01900041 -0.01590794 0.02061003 -0.01904648 -0.01738476 0.02000963 -0.01905655 -0.01663666 0.01650357 -0.01906269 -0.02005094 0.01760172 -0.01906043 -0.01941365 0.01956766 -0.01902961 -0.01846134 0.02008438 -0.01902967 -0.02002412 0.01868611 -0.01899999 -0.02153897 0.018664 -0.01902508 -0.01959842 0.01662999 -0.01899999 -0.02352595 0.01608699 -0.02546709 -0.02344042 0.01615065 -0.01899999 -0.02520596 0.0133 -0.02548593 -0.02516114 0.01327449 -0.02545797 -0.02649855 0.01041036 -0.02549999 -0.02014642 0.01648539 -0.02549999 -0.01908957 0.01563531 -0.02549999 -0.01775169 0.01542627 -0.02549999 -0.01510798 0.01510798 -0.02549999 -0.02054297 0.017358 -0.02521347 -0.02061676 0.01761215 -0.02549999 -0.02061933 0.01843696 -0.02521109 -0.02047729 0.01896834 -0.02389609 -0.01920819 0.01865512 -0.02389603 -0.01914894 0.01730275 -0.02521359 -0.01968634 0.02006143 -0.02549999 -0.02007013 0.0196765 -0.02547729 -0.02143257 0.01872581 -0.02547729 -0.01915788 0.02104651 -0.02549999 -0.01897406 0.02047556 -0.02521121 -0.01844286 0.02061796 -0.0238974 -0.01808005 0.01936364 -0.02521365 -0.01709926 0.02047938 -0.02549999 -0.01762497 0.02061933 -0.02548664 -0.01468461 0.02439367 -0.02539998 -0.016752 0.02305698 -0.02549999 -0.01638734 0.02007114 -0.02521127 -0.01599639 0.01968008 -0.02549999 -0.01558798 0.01897531 -0.02521371 -0.01544511 0.01844602 -0.02389603 -0.01690196 0.01873856 -0.02389597 -0.01688933 0.01733356 -0.02519994 -0.01551997 0.017358 -0.02518546 -0.0159471 0.01644277 -0.02549999 -0.0156356 0.01697158 -0.02549999 -0.01543098 0.018031 -0.02549999 -0.0164861 0.0159161 -0.02519994 -0.01673096 0.01577997 -0.02520263 -0.0176512 0.01543891 -0.02389758 -0.0180521 0.0167092 -0.02521353 -0.01896262 0.01558375 -0.02521115 -0.02006727 0.01638329 -0.01899999 -0.01401394 0.02481597 -0.01899999 -0.016752 0.02305698 -0.01899999 -0.01109397 0.02625197 -0.01899999 -0.007202804 0.02760076 -0.01899993 -0.008208513 0.02580809 -0.01899999 -0.01251596 0.02392399 -0.01899999 -0.007892966 0.0265333 -0.023 -0.007845282 0.02657055 -0.0229997 -0.008226871 0.02574485 -0.01899999 -0.007199943 0.02679997 -0.02449995 -0.0152145 0.02229171 -0.02449995 -0.01251596 0.02392399 -0.01899981 -0.0154832 0.02204966 -0.02450001 -0.01569676 0.02160632 -0.02450001 -0.01585483 0.02035778 -0.01899999 -0.01927095 0.02099698 -0.02544605 -0.01378768 0.01468032 -0.0254634 -0.01439803 0.01432847 -0.02543711 -0.01311904 0.01470726 -0.02543854 -0.01468265 0.01374012 -0.02549546 -0.02842396 0.001081705 -0.02544808 -0.01431089 0.01247507 -0.02546191 -0.01333606 0.01208728 -0.02544665 -0.01381653 -0.01217734 -0.02545791 -0.02710348 -0.008715152 -0.02545785 -0.02792012 -0.005568504 -0.02548617 -0.02448695 -0.01448434 -0.02549892 -0.01320379 -0.01209336 -0.02543717 -0.01470744 -0.01311796 -0.02544772 -0.01469135 0.01308053 -0.02546358 -0.01439118 -0.01251465 -0.02545791 -0.02816814 0.004137814 -0.02545785 -0.0275132 0.00732094 -0.02544331 -0.01269745 -0.01234477 -0.02549999 -0.01510798 -0.01510798 -0.02545779 -0.02837371 -0.002350151 -0.02545791 -0.02593386 -0.01174771 -0.01899999 -0.02710497 -0.008806943 -0.01899999 -0.02592498 -0.01183897 -0.01899999 -0.02406698 -0.01223796 -0.01899999 -0.02440595 -0.01471698 -0.01899981 -0.02203547 -0.01547521 -0.02449995 -0.02230554 -0.01520192 -0.02449995 -0.02161478 -0.01569437 -0.02450001 -0.02035754 -0.01585477 -0.01900041 -0.0206232 -0.01590758 -0.01905083 -0.0200057 -0.01738697 -0.01902419 -0.01943302 -0.01646369 -0.01904445 -0.01845884 -0.01599222 -0.01900023 -0.01835799 -0.01494377 -0.01902931 -0.01737642 -0.01603823 -0.01899999 -0.0169717 -0.01502716 -0.02149951 -0.01731699 -0.01492786 -0.02149999 -0.01653617 -0.01530247 -0.01905608 -0.01648968 -0.01664626 -0.01899999 -0.01530283 -0.01653581 -0.02149999 -0.01527446 -0.01657515 -0.01899993 -0.01492798 -0.01731514 -0.0214945 -0.01484423 -0.01765942 -0.01902943 -0.01597744 -0.01760303 -0.01904439 -0.01605111 -0.01867789 -0.01899999 -0.01499849 -0.0184859 -0.02450001 -0.01580929 -0.02035135 -0.01899999 -0.01585179 -0.02034914 -0.02449995 -0.01526749 -0.02224332 -0.01899999 -0.01578623 -0.0214709 -0.02449989 -0.01574373 -0.0215035 -0.01899999 -0.01519864 -0.02230691 -0.02450037 -0.01141244 -0.02452909 -0.01899999 -0.01156485 -0.024414 -0.01899999 -0.01540797 -0.02397596 -0.01899999 -0.01257497 -0.02557599 -0.01905089 -0.01760196 -0.02006316 -0.02546727 -0.01265108 -0.02549988 -0.0254873 -0.01558578 -0.02380055 -0.01899999 -0.01804095 -0.02206295 -0.01899999 -0.02043795 -0.01986294 -0.02547347 -0.01810234 -0.02196407 -0.01902961 -0.01868617 -0.02002418 -0.01905131 -0.01957637 -0.0194177 -0.01903796 -0.02007579 -0.0184617 -0.01899999 -0.022569 -0.01740294 -0.02547752 -0.02260839 -0.01728659 -0.02547752 -0.02049005 -0.01975226 -0.02549999 -0.02047556 -0.01897406 -0.02549999 -0.0196765 -0.02007013 -0.02520275 -0.01899415 -0.02046787 -0.02520257 -0.02008396 -0.01965939 -0.02549999 -0.01843696 -0.02061933 -0.02389568 -0.01870244 -0.01918101 -0.02519994 -0.018031 -0.02063095 -0.0238974 -0.0193662 -0.01805448 -0.02520263 -0.02062273 -0.01841551 -0.02549999 -0.02061933 -0.01762497 -0.02521365 -0.02047938 -0.01709926 -0.02549999 -0.02007114 -0.01638734 -0.02521127 -0.01968008 -0.01599639 -0.02389615 -0.01873642 -0.01690077 -0.02549999 -0.01897531 -0.01558798 -0.02521371 -0.01844614 -0.01544511 -0.02389734 -0.01740652 -0.01685279 -0.02521109 -0.01709121 -0.01558661 -0.02549999 -0.01697158 -0.0156356 -0.02549999 -0.018031 -0.01543098 -0.02521353 -0.01600021 -0.01637798 -0.02389615 -0.01670014 -0.01798349 -0.02521115 -0.01544374 -0.01762366 -0.02549999 -0.0159161 -0.0164861 -0.02549999 -0.01542627 -0.01775169 -0.02549999 -0.01563531 -0.01908957 -0.02521342 -0.01558393 -0.01896315 -0.02389663 -0.01736855 -0.01918965 -0.02519994 -0.01619297 -0.01986998 -0.02518534 -0.01702129 -0.02045005 -0.02549999 -0.01648539 -0.02014642 -0.02549999 -0.017358 -0.02054297 -0.02545428 -0.009588122 -0.0268138 -0.02549523 -0.000142043 -0.02845096 -0.0254485 -0.01219624 -0.01304054 -0.02542525 0.01217311 -0.01315695 -0.02547252 0.01244032 -0.01253437 -0.02546727 0.01246857 -0.02558964 -0.02549999 0.01510798 -0.01510798 -0.0254473 -0.01249521 -0.0143212 -0.02546387 -0.01215362 -0.01372671 -0.02544701 0.0125156 -0.01436156 -0.02545797 -0.00333172 -0.02827447 -0.02544093 -0.0130822 -0.01468253 -0.02545803 -0.006462931 -0.027727 -0.02545797 0.003159344 -0.02829426 -0.02545833 0.01313525 -0.01472562 -0.02545517 0.009472727 -0.0268532 -0.02545487 0.006388485 -0.02774953 -0.02546399 0.01216596 -0.01383864 -0.02543336 0.01402431 -0.01459985 -0.02542871 0.01430946 -0.01247817 -0.02544921 0.01303422 -0.01218056 -0.02546405 0.01371645 -0.01213258 -0.02549999 0.01510798 0.01510798 -0.02548778 0.02429646 -0.01478391 -0.0254758 0.01419401 0.01229047 -0.02542889 0.0133602 0.01213461 -0.0254749 0.01473659 -0.01304638 -0.02545839 0.01472574 0.01313513 -0.02545851 0.01255738 0.01245731 -0.02547562 0.01206523 0.01333653 -0.02542847 0.01234447 0.01414501 -0.02542841 0.014593 0.01402777 -0.02545803 0.01305294 0.01470398 -0.02547538 0.01405227 0.01466089 -0.02544617 0.01469993 -0.01377022 -0.02549892 0.01447999 -0.01430833 -0.02545797 0.02656179 0.01024812 -0.02545553 0.02757149 0.00711441 -0.02545785 0.02819281 0.003965795 -0.01899999 0.02820396 0.004099965 -0.01899999 0.02756398 0.007244944 -0.0237832 0.02818453 0.004075825 -0.02378267 0.02845042 0.00091398 -0.02378207 0.02822595 -0.004089534 -0.02549558 0.02843058 0.000812622 -0.02546238 0.02835857 -0.002434968 -0.02545231 0.02791827 -0.005625665 -0.02545791 0.02704977 -0.008880317 -0.01899999 0.02823668 -0.004104256 -0.01899999 0.02710497 -0.008806943 -0.01899999 0.02579969 -0.00803554 -0.01899999 0.02592498 -0.01183897 -0.01899999 0.02440595 -0.01471698 -0.01899999 0.02406698 -0.01223796 -0.02545797 0.02586162 -0.01190584 -0.02547734 0.02246689 -0.01747101 -0.01899999 0.022569 -0.01740396 -0.02549999 0.02054297 -0.017358 -0.02549999 0.02014642 -0.01648539 -0.02549999 0.01908957 -0.01563531 -0.02549999 0.01775169 -0.01542627 -0.02521353 0.01896262 -0.01558375 -0.02520263 0.0176512 -0.01543891 -0.02389758 0.0180521 -0.0167092 -0.02520263 0.0164054 -0.01597726 -0.02549999 0.0164861 -0.0159161 -0.02549999 0.0156356 -0.01697158 -0.02520275 0.01559609 -0.01706534 -0.02389675 0.01688957 -0.0173273 -0.02520287 0.01543903 -0.01841163 -0.02549999 0.01543098 -0.018031 -0.02549999 0.01558798 -0.01897531 -0.0254848 0.01538074 -0.02393305 -0.02549999 0.01638734 -0.02007114 -0.02547752 0.01792526 -0.02210617 -0.01899999 0.01540797 -0.02397596 -0.01899999 0.01257497 -0.02557599 -0.01899999 0.009576976 -0.02684295 -0.01900041 0.00792998 -0.02649813 -0.01899999 0.007199943 -0.02757596 -0.01899993 0.008211612 -0.02580714 -0.0229997 0.008226871 -0.02574485 -0.023 0.007199943 -0.02602195 -0.023 0.007199943 -0.02679997 -0.02449995 0.00991398 -0.02511399 -0.023 0.007845282 -0.02657055 -0.01899999 0.007199943 -0.02679997 -0.02450597 0.007199585 -0.02756398 -0.02454197 0.00333172 -0.02827447 -0.02453261 0.000100372 -0.02846527 -0.02449995 -0.007199943 -0.02602195 -0.02454197 -0.003159344 -0.02829426 -0.02452141 -0.007203519 -0.0275681 -0.01899999 -0.009576976 -0.02684295 -0.01899999 -0.007845282 -0.02657055 -0.01899999 -0.007199943 -0.02757596 -0.01899999 -0.008225679 -0.0257495 -0.023 -0.007892966 -0.0265333 -0.023 -0.007199943 -0.02679997 -0.023 -0.007199943 -0.02602195 -0.02299988 -0.008216261 -0.02574461 -0.01899999 -0.007199943 -0.02679997 -0.02449995 0.01251596 -0.02392399 -0.02449995 0.01575344 -0.02012205 -0.01899993 0.01588499 -0.0205785 -0.01899999 0.01496905 -0.01843404 -0.02449995 0.01506942 -0.02239304 -0.01899999 0.01251596 -0.02392399 -0.02450031 0.01582652 -0.02138751 -0.01899975 0.01554018 -0.02196931 -0.01905608 0.01738977 -0.02000123 -0.01902437 0.01646393 -0.01943296 -0.01902961 0.01846158 -0.02008432 -0.01899999 0.01804095 -0.02206295 -0.01905131 0.01941829 -0.01957553 -0.01907086 0.02004283 -0.01760214 -0.01905608 0.01664561 -0.01649057 -0.01902967 0.02002418 -0.01868605 -0.01904433 0.01867783 -0.01605111 -0.01902443 0.01959961 -0.01663053 -0.01902937 0.01760345 -0.01597726 -0.01899993 0.01731514 -0.01492798 -0.02153652 0.01807284 -0.01488268 -0.0215134 0.01471418 -0.01163941 -0.02149999 0.01678782 -0.01511436 -0.02154397 0.01385068 -0.01127868 -0.02155673 0.01281696 -0.01142817 -0.02349996 0.01175564 -0.01225322 -0.02349996 0.01288551 -0.01137816 -0.02352738 0.003992795 -0.00038279 -0.02352732 0.004297316 -0.001114249 -0.02349382 0.01379919 -0.01126194 -0.02350068 0.003991544 0.000819831 -0.02360814 0.00400865 0.00024586 -0.02360343 0.004336297 0.001107692 -0.02349996 0.01137816 0.01288551 -0.02349996 0.01225322 0.01175564 -0.0235455 0.0145781 0.01143687 -0.02349996 0.01330053 0.01126682 -0.02155297 0.01386433 0.01128327 -0.02152609 0.01287001 0.01142179 -0.02155262 0.01204121 0.01201647 -0.02153146 0.01144438 0.01281303 -0.02151888 0.01472735 0.01163351 -0.02449995 0.0179395 0.01474595 -0.02450227 0.004380464 0.001175761 -0.02450066 0.004450619 -0.001251101 -0.02449995 0.004018604 0.000306204 -0.02449995 0.004078984 -0.000518 -0.0235725 0.01465541 -0.01149594 -0.02449977 0.01812279 -0.01489681 -0.02449995 0.02681297 -0.003167986 -0.02377724 0.02672731 -0.00409168 -0.02450007 0.02008724 -0.01570099 -0.02449995 0.02625596 -0.006291985 -0.02449995 0.02699995 -0 -0.02449995 0.02681297 0.003167986 -0.02378267 0.02703464 -9.88769e-05 -0.02377951 0.02671784 0.004094243 -0.01899999 0.02668696 -0.004099965 -0.01899999 0.02668696 0.004099965 -0.01899999 0.02625596 0.006291985 -0.01899999 0.02533698 0.009329974 -0.02449995 0.02533698 0.009329974 -0.02449995 0.02625596 0.006291985 -0.02449995 0.02406698 0.01223796 -0.02449995 0.02406698 -0.01223796 -0.02449995 0.02533698 -0.009329974 -0.02449995 0.02224469 -0.01526701 -0.01899999 0.02230554 -0.01520192 -0.01899999 0.02153867 -0.01573979 -0.02449989 0.02130484 -0.01583713 -0.01899987 0.02038013 -0.01586645 -0.01900005 0.01840478 -0.014979 -0.02155673 0.0114057 -0.01286739 -0.01899999 0.01653581 -0.01530283 -0.01899999 0.0150215 -0.01698213 -0.01902931 0.01603817 -0.01737666 -0.01904439 0.01599222 -0.01845914 -0.01899999 0.02043795 -0.01986294 -0.02547317 0.02033424 -0.01991546 -0.02549999 0.02007013 -0.0196765 -0.02549999 0.01897406 -0.02047556 -0.02521359 0.01968634 -0.02006143 -0.02519994 0.01870399 -0.02054297 -0.02389663 0.01802659 -0.0193656 -0.02518528 0.01769459 -0.02063035 -0.02389609 0.01920825 -0.01865512 -0.02521109 0.02047729 -0.01896834 -0.02549999 0.02061933 -0.01843696 -0.02521347 0.02061676 -0.01761215 -0.02389603 0.01914894 -0.01730269 -0.02521115 0.02006727 -0.01638329 -0.02389574 0.0168749 -0.01869201 -0.02520281 0.01597881 -0.0196591 -0.02519994 0.01673096 -0.02028298 -0.02549999 0.01762497 -0.02061933 -0.02549999 0.0159161 0.0164861 -0.02549999 0.018031 0.01543098 -0.02549999 0.01542627 0.01775169 -0.02549999 0.01697158 0.0156356 -0.02520275 0.01706534 0.01559609 -0.02520275 0.01597762 0.01640498 -0.02389746 0.01735901 0.01687961 -0.02389967 0.0167641 0.01774197 -0.02520263 0.01543891 0.0176512 -0.02520263 0.01559591 0.018996 -0.02389597 0.01687389 0.01869416 -0.02389991 0.01773864 0.01929801 -0.02520269 0.01640433 0.02008491 -0.02549999 0.01563531 0.01908957 -0.02549999 0.01648539 0.02014642 -0.02520263 0.01764643 0.02062273 -0.02549999 0.017358 0.02054297 -0.02549999 0.01843696 0.02061933 -0.02520275 0.01899415 0.02046787 -0.02549999 0.0196765 0.02007013 -0.02521359 0.02006143 0.01968634 -0.02549999 0.02047556 0.01897406 -0.02521121 0.02061796 0.01844286 -0.02549999 0.02061933 0.01762497 -0.02521365 0.02047938 0.01709926 -0.02549493 0.0200749 0.01639193 -0.02519994 0.01986998 0.01619297 -0.02518516 0.01904076 0.01561313 -0.02550017 0.01897525 0.01558798 -0.02519994 0.018031 0.01543098 -0.02389425 0.01869279 0.01687467 -0.02389687 0.01936292 0.01807755 -0.02389562 0.01867789 0.01919728 -0.02543854 -0.01374 -0.01468265 -0.0254634 -0.01432871 -0.01439785 -0.02544599 -0.0146802 -0.01378703 -0.0190292 -0.01663327 -0.01959609 -0.02152061 -0.006739497 -0.00978595 -0.02149969 -0.007291972 -0.009609818 -0.02160096 -0.006509184 -0.009095311 -0.0210433 -0.007094621 -0.009446382 -0.02104073 -0.00810188 -0.009950518 -0.02104461 -0.006546199 -0.008382916 -0.0210241 -0.01645404 0.009945869 -0.02099984 -0.006624042 0.008361697 -0.02104121 -0.01644742 -0.009946942 -0.02153688 -0.006552278 -0.008654654 -0.02349823 -0.006507098 -0.009072959 -0.02349638 -0.006505846 0.009062826 -0.0235657 -0.006674289 -0.0098266 -0.02350038 -0.001090407 0.004324972 -0.02149981 -0.006512403 0.009157538 -0.02149999 -0.00653398 0.008515 -0.02149975 -0.006885945 0.009203374 -0.02111631 -0.006517648 0.008381009 -0.0210272 -0.006905376 0.009164392 -0.02149999 -0.006837725 0.009978234 -0.02109289 -0.00728178 0.009605288 -0.0215038 -0.007883131 0.009936749 -0.02353239 -0.00674057 0.009895265 -0.02149999 -0.01487177 0.01801782 -0.02150005 -0.01375675 0.01222968 -0.02103823 -0.008108854 0.009934186 -0.0215364 -0.01644623 0.009961843 -0.02450001 -0.01649236 0.01000887 -0.02155309 -0.01593244 0.01052355 -0.02449995 -0.01649999 -0.00999999 -0.02153897 -0.01644998 -0.009961962 -0.02153718 -0.01561558 0.0114628 -0.02450001 -0.01563805 0.01150882 -0.02449995 -0.01585698 0.01074796 -0.02153474 -0.01579159 0.01255667 -0.02152168 -0.01804912 0.01488226 -0.02450001 -0.01586169 0.01258778 -0.02449995 -0.01813542 0.01490193 -0.02450007 -0.02030742 0.01579016 -0.02449995 -0.02406698 0.01223796 -0.01899993 -0.02040106 0.01587551 -0.01901876 -0.01751106 0.01599842 -0.01899999 -0.01846849 0.0149948 -0.01899993 -0.01731514 0.01492798 -0.01905149 -0.01860648 0.01598972 -0.01899993 -0.02149331 0.01577079 -0.02450001 -0.02128052 0.01580744 -0.02449995 -0.02223402 0.01528388 -0.01899999 -0.0222699 0.01526224 -0.01899999 -0.02406698 0.01223796 -0.02449995 -0.02533698 0.009329974 -0.01899999 -0.02533698 0.009329974 -0.01899999 -0.02625596 0.006291985 -0.02449995 -0.02625596 0.006291985 -0.01899999 -0.02655798 0.01033997 -0.01899999 -0.02756398 0.007244944 -0.01899999 -0.02820998 0.004055976 -0.01899999 -0.02681297 0.003167986 -0.01899999 -0.02699995 -0 -0.01899999 -0.02848798 0.000814002 -0.01899999 -0.02681297 -0.003167986 -0.01899999 -0.02839595 -0.002438962 -0.01899999 -0.02625596 -0.006291985 -0.01899999 -0.02793198 -0.005659997 -0.01899999 -0.02533698 -0.009329974 -0.02449995 -0.02533698 -0.009329974 -0.02449995 -0.02406698 -0.01223796 -0.02449989 -0.01819992 -0.01489675 -0.02153176 -0.01808482 -0.0149002 -0.02449995 -0.0160157 -0.01280426 -0.02153813 -0.01583677 -0.01261812 -0.02154994 -0.01560032 -0.01165181 -0.02149945 -0.01350581 -0.01219719 -0.02154141 -0.0159263 -0.0105313 -0.02450007 -0.01575475 -0.01098328 -0.02449995 -0.01566779 -0.01200538 -0.02149975 -0.008001089 -0.009979307 -0.02449995 -0.02625596 -0.006291985 -0.02449995 -0.02681297 -0.003167986 -0.02449995 -0.02699995 -0 -0.02449995 -0.02681297 0.003167986 -0.02149999 -0.01678782 0.01511436 -0.02150017 -0.01510614 0.01679104 -0.01899963 -0.01499909 0.01701307 -0.01899999 -0.01653581 0.01530283 -0.01902931 -0.01603817 0.01737654 -0.02450001 -0.001149117 0.004364132 -0.02450031 0.001037359 0.004274725 -0.02449995 -0.000229604 0.004000544 -0.02350014 -0.000166984 0.003998994 -0.02542793 -0.01248395 0.01255488 -0.02543944 -0.01218938 0.0138269 -0.02546358 -0.01251542 0.01439207 -0.02546405 -0.01213246 0.01315414 -0.01899993 0.01500016 0.01848191 -0.01902937 0.01597738 0.01760309 -0.01899993 0.01492798 0.01731514 -0.02149999 0.01511436 0.01678782 -0.01905107 0.0165466 0.01944768 -0.01899999 0.01588255 0.02041906 -0.01900005 0.01578098 0.02146106 -0.02449977 0.015881 0.02050822 -0.02450037 0.01549249 0.02201503 -0.02450037 0.01141434 0.02452838 -0.01899999 0.01530361 0.02224111 -0.01899999 0.01156485 0.024414 -0.01899999 0.01109397 0.02625197 -0.01899999 0.008225679 0.0257495 -0.02299988 0.008216261 0.02574461 -0.01899999 0.007845282 0.02657055 -0.02299946 0.007930219 0.02649796 -0.023 0.007199943 0.02602195 -0.023 0.007199943 0.02679997 -0.01899999 0.00720191 0.02758908 -0.02450877 0.007200717 0.02754956 -0.01899999 0.007199943 0.02679997 -0.02454328 0.004836559 0.02805697</float_array>
          <technique_common>
            <accessor source="#link6_00-mesh-positions-array" count="1610" stride="3">
              <param name="X" type="float" />
              <param name="Y" type="float" />
              <param name="Z" type="float" />
            </accessor>
          </technique_common>
        </source>
        <source id="link6_00-mesh-normals">
          <float_array id="link6_00-mesh-normals-array" count="9708">8.55001e-07 0.0765255 0.9970676 -0.000304988 0.2280198 0.9736564 0 0.2281863 0.9736176 0 0.3736414 0.9275732 3.84996e-06 -0.7464421 0.6654503 0 -0.7464407 0.665452 0 -0.6363592 0.7713928 -8.68332e-05 -0.6363218 0.7714238 6.57553e-07 -0.5109543 0.8596078 5.09356e-05 -0.5109785 0.8595935 0 -0.3736416 0.9275731 -0.000256022 -0.2281594 0.9736238 0 -0.2280198 0.9736565 0 -0.3736416 0.9275732 3.21605e-06 -0.07652729 0.9970675 0 -0.0765255 0.9970676 0 0.07652598 0.9970676 0 -0.9412342 -0.3377544 0 -0.9817119 -0.1903725 -4.6317e-06 -0.9817124 -0.1903699 0 -0.9992606 -0.03844773 -1.56656e-07 -0.9992606 -0.03844761 4.6681e-07 -0.9934155 0.1145676 0 -0.9934155 0.1145679 0 -0.9642317 0.265061 3.25541e-05 -0.9642365 0.2650434 2.07574e-07 -0.9125141 0.4090454 0 -0.912514 0.4090455 0 -0.8393822 0.5435417 0.000189946 -0.8394399 0.5434525 0.01214736 -0.4498283 -0.8930324 0 -0.4437769 -0.8961373 0 -0.3018631 -0.9533513 0.02546125 -0.5751037 -0.8176842 2.67772e-05 -0.5641409 -0.8256785 0 -0.6933546 -0.7205965 0 -0.6933546 -0.7205966 0 -0.7953632 -0.6061333 0 -0.7953631 -0.6061332 5.2864e-05 -0.8784373 -0.4778577 0 -0.8784232 -0.4778836 0 -0.9412342 -0.3377544 5.98798e-05 0.4434766 -0.896286 0 0.4435067 -0.8962711 0 0.3018608 -0.953352 4.2284e-06 0.3018631 -0.9533513 0.000210746 0.1527029 -0.9882721 0.05431479 0.1224849 -0.9909831 -0.04688918 0.01735144 -0.9987493 0.03903371 -0.1285387 -0.9909361 0.000217594 -0.1475843 -0.9890494 8.08602e-06 -0.3018587 -0.9533526 -7.88352e-05 0.9817124 -0.1903699 0 0.981704 -0.1904133 0 0.9412342 -0.3377544 0 0.9412342 -0.3377544 0 0.8784227 -0.4778844 5.30165e-05 0.8784369 -0.4778583 -4.63021e-07 0.7953631 -0.6061332 -5.46727e-05 0.7953816 -0.606109 -1.56134e-07 0.6933547 -0.7205964 -3.79749e-07 0.6933546 -0.7205966 0 0.575539 -0.8177744 1.57694e-06 0.5755397 -0.8177739 0 0.6363218 0.7714238 0 0.7464697 0.6654193 7.79404e-05 0.7464407 0.6654519 -0.000110309 0.8394399 0.5434526 0 0.8394735 0.5434006 0 0.9125141 0.4090451 -5.63921e-07 0.9125143 0.4090448 3.25172e-05 0.9642365 0.2650434 0 0.9642316 0.265061 0 0.9934155 0.1145679 0 0.9934155 0.1145679 0 0.9992607 -0.03844761 0 0.9992606 -0.03844761 -3.32731e-07 0.3736416 0.9275732 5.13391e-05 0.5109792 0.859593 -5.33714e-07 0.5109542 0.8596079 -4.78962e-07 0.636322 0.7714236 1 0 -0 1 0 -0 1 0 -0 1 0 -0 1 0 -0 1 2.77846e-05 8.77512e-05 1 4.10063e-05 3.65451e-05 1 0 -0 1 0 -0 1 0 -0 0.9999992 0 -0.001309454 1 0 -0 1 0 -0 1 0 -0 1 0 -0 1 0 -0 1 0 -0 1 0 -0 1 0 -0 1 0 -0 1 0 -0 1 0 -0 1 0 -0 1 0 -0 1 0 -0 1 0 -0 1 0 -0 1 0 -0 1 0 -0 1 0 -0 1 -2.83021e-06 1.20962e-05 1 0 -0 1 -1.23274e-06 -7.98096e-06 1 0 -0 1 0 -0 1 0 -0 1 0 -0 1 0 -0 0.5757451 0.5006756 -0.6464067 -0.08126199 0.9707305 0.2260063 0.01170688 0.336013 -0.9417846 0.004758119 0.3524212 -0.9358294 0.002260446 -0.2917666 -0.9564868 -0.06933087 -0.8778909 -0.4738152 0.003026723 0.6065496 0.7950398 -0.0307675 0.4541819 0.8903776 0.009410321 0.05490177 0.9984474 -0.02287518 -0.1543093 0.9877578 -0.009922504 0.8841391 -0.4671185 -0.005029559 0.8909148 -0.4541426 0.002895236 -0.8153324 -0.578986 -0.06180292 -0.0987392 -0.9931923 -0.02190822 0.9239097 0.3819828 -0.002306759 0.8902913 0.4553855 -0.005081415 -0.6101519 0.7922682 -0.01833206 -0.6655792 0.7461021 0.007945001 -0.938198 0.346008 -0.02352029 -0.9948595 0.0984956 -0.04472541 -0.9721359 0.2301115 -0.04826778 -0.5901406 -0.8058562 0.05731183 -0.8007466 -0.596255 -0.05815565 -0.9729124 -0.2237393 -0.02914476 0.8415169 -0.5394441 -0.02149623 0.8234754 -0.5669445 0.005046129 0.9905047 -0.1373862 -0.03692287 0.9788646 0.2011489 -0.01827019 -0.8547524 -0.5187144 -0.09431046 -0.8504064 0.5176047 -0.02740931 0.9282074 -0.3710523 -0.02198225 -0.4137129 0.910142 -0.000220154 -0.4997009 0.866198 -0.03438919 0.02548575 -0.9990835 0.01285952 0.1216279 -0.9924925 -0.00699675 -0.9096984 0.4152106 -0.01113426 -0.9017658 0.4320815 -0.06934595 0.8646712 0.4975289 -0.07332926 -0.9886498 -0.1311278 -0.002300441 0.9308563 0.3653784 0.002430915 0.5968601 0.8023416 0.002261102 0.291769 0.9564862 -0.0618028 0.09873926 0.9931923 -0.04159235 0.4000309 0.9155575 0.006244301 0.07283651 0.9973244 -0.03284597 -0.7302117 -0.6824311 -0.009922862 -0.8841391 0.4671185 -0.005029916 -0.8909149 0.4541425 0.01170742 -0.3360099 0.9417857 0.004757285 -0.3524212 0.9358294 0.01903408 -0.8437649 -0.5363754 -0.04683399 -0.8111 0.5830295 -0.02767163 0.6654363 -0.7459416 0.009380161 0.8465149 -0.5322824 -0.03062975 0.9885501 -0.1477514 0.00322622 0.99505 0.09932327 -0.06785207 0.04656493 0.9966081 -0.09355896 -0.4692262 -0.8781079 -0.02183699 -0.9322253 -0.3612191 -0.008383929 -0.8943547 -0.4472801 0.01285868 -0.1216157 0.9924939 -0.001645982 -0.6147491 -0.788721 0.004718899 -0.1013819 -0.9948364 -0.03139215 0.05653911 -0.9979068 -0.000982366 0.5289444 -0.8486559 -0.0378651 -0.7948743 0.6055915 -0.02037274 0.8370456 0.5467537 -0.09244459 0.8517515 -0.5157262 -0.0215494 0.9141569 0.4047874 -0.05368828 -0.976059 -0.2107756 0.04049915 -0.9888485 0.1433123 -0.02469813 0.1367529 -0.9902973 0.007191061 0.3985442 -0.9171209 -0.01360702 0.6656294 -0.7461584 -0.007647037 0.691844 -0.7220066 -0.02740049 -0.9284319 0.3704908 -0.01947975 0.9964569 -0.08181804 -0.01487529 0.9950247 -0.09851193 -0.01092898 0.8152838 0.5789584 -0.01684182 0.01315408 0.9997716 -0.008590877 -0.01889008 0.9997847 -0.01782232 -0.1348477 -0.9907061 -0.008822679 -0.07284617 -0.9973041 0.000639406 0.8158173 0.5783094 -0.04597771 0.3897904 0.9197551 0.003945052 0.588971 0.8081446 -0.02971529 -0.1785397 -0.9834839 -0.04136836 -0.1819422 -0.9824386 -0.03438502 -0.02548569 0.9990836 -0.04826861 0.5901407 0.8058562 0.05729532 0.8007211 0.596291 -0.05814784 0.9729129 0.2237395 -0.04134184 -0.06327217 -0.9971396 -0.0296992 0.7624043 -0.6464191 -0.0413627 0.7597956 -0.648845 -0.02978992 -0.834102 -0.5508052 -0.0413655 -0.8356872 -0.5476456 -0.02985829 -0.8940894 -0.4468923 -0.0413832 -0.8952782 -0.4435814 -0.02978992 -0.9410145 -0.3370522 -0.04135167 -0.9418037 -0.3336103 -0.02978807 -0.9745388 -0.2222315 -0.04648703 -0.9750307 -0.2171503 -0.02224296 -0.998167 -0.05628341 -0.02064913 -0.9981749 -0.0567494 -0.02974861 0.05981701 -0.997766 -0.04134654 0.05628025 -0.9975585 -0.02984279 -0.05981683 -0.9977632 -0.0413832 0.8952782 0.4435814 -0.02978992 0.9410145 0.3370522 -0.02994239 -0.2950628 -0.9550086 -0.04620397 -0.2995839 -0.9529505 -0.02196997 -0.4502043 -0.8926552 -0.01971489 -0.4496384 -0.8929931 -0.02531731 -0.5542635 -0.8319562 -0.03299766 -0.5559823 -0.8305389 -0.03155285 -0.6796928 -0.7328179 -0.04142814 -0.681585 -0.7305653 -0.02977043 -0.7624027 -0.6464177 -0.04133248 -0.7643519 -0.6434732 -0.02982199 0.8940292 -0.4470151 -0.04139143 0.8920861 -0.4499657 -0.02983212 0.8341932 -0.5506649 -0.04136097 0.8319202 -0.5533517 -0.04143095 0.9734814 -0.2249835 -0.02977484 0.9410495 -0.336956 -0.04134923 0.9394729 -0.3401189 -0.02992713 0.6795635 -0.733006 -0.04607003 0.6755505 -0.735873 -0.02175474 0.5477929 -0.8363311 -0.01989388 0.5482676 -0.8360663 0.002650856 0.4511051 -0.8924669 -0.03302556 0.4415897 -0.8966091 -0.0313819 0.2950497 -0.9549664 -0.04137223 0.292118 -0.955487 -0.02994149 0.1785385 -0.9834772 -0.04141187 0.1750445 -0.9836893 -0.02978992 0.834102 0.5508052 -0.0413655 0.8356872 0.5476456 -0.02985829 0.8940894 0.4468923 -0.02708005 -0.9930221 -0.114777 0.006321907 -0.8923284 -0.4513426 -0.03399002 -0.6952142 -0.7179985 -0.04083001 0.298099 0.9536613 -0.018476 0.4502362 0.8927183 -0.01947945 0.4504851 0.8925715 -0.04135167 0.9418037 0.3336103 -0.02978807 0.9745388 0.2222315 -0.04109513 0.9749042 0.2187987 -0.01872646 0.9982389 0.05628746 -0.0172066 0.9982416 0.05672514 0.003977715 0.9984604 -0.05532664 -0.03279799 0.9972857 -0.06591981 -0.03155499 0.9744859 -0.2222194 -0.04134654 -0.05628025 0.9975585 -0.02984279 0.05981683 0.9977632 -0.04134184 0.06327217 0.9971396 -0.02971529 0.1785397 0.9834839 -0.04136836 0.1819422 0.9824386 -0.02994239 0.2950628 0.9550086 -0.02916747 -0.8379462 0.544973 -0.02298486 -0.823437 0.566942 0.00368148 -0.9941329 0.1081028 -0.03300088 0.5555707 0.8308142 -0.03155285 0.6796928 0.7328179 -0.04142814 0.681585 0.7305653 -0.02977043 0.7624027 0.6464177 -0.04133248 0.7643519 0.6434732 -0.02982199 -0.8940292 0.4470151 -0.04139143 -0.8920861 0.4499657 -0.02983212 -0.8341932 0.5506649 -0.04136097 -0.8319202 0.5533517 -0.0296992 -0.7624043 0.6464191 -0.0413627 -0.7597956 0.648845 -0.02992713 -0.6795635 0.733006 -0.04053032 -0.6769497 0.7349125 -0.01814448 -0.5478324 0.8363913 -0.01907217 -0.5476001 0.8365228 -0.02974861 -0.05981701 0.997766 0.001294493 -0.4511064 0.8924692 -0.03325092 -0.4418768 0.8964593 -0.03136026 -0.2950499 0.954967 -0.04137152 -0.2921107 0.9554892 -0.02994149 -0.1785385 0.9834772 -0.04141187 -0.1750445 0.9836893 -0.006297349 -0.9984484 0.05532598 -0.03306823 -0.9974641 0.06302362 -0.03153163 -0.9744866 0.2222196 -0.04143017 -0.9734796 0.2249915 -0.02977484 -0.9410495 0.336956 -0.04134923 -0.9394729 0.3401189 -0.003964245 -0.5656638 -0.8246264 -0.02696365 0.5542141 0.8319373 -0.02320653 0.8775934 -0.4788436 -0.01147663 0.9039321 -0.427522 -0.1193497 0.3484178 0.92971 -0.05368894 0.9760577 0.2107815 -0.03800296 0.794317 -0.6063137 -0.01373124 0.07862728 -0.9968096 -0.04058277 0.1841049 -0.9820684 0.009943664 0.6252352 -0.780373 -0.02525973 -0.6128887 0.7897654 0.005017817 -0.921256 0.3889243 0.01903259 0.8437649 0.5363754 0.04050004 0.9888485 -0.1433123 -0.03320211 -0.1117289 -0.9931839 -0.01720094 -0.06233513 -0.997907 -0.04740756 0.8110781 -0.5830134 -0.06699091 -0.07335603 0.9950533 0.01764094 0.009901702 0.9997953 -0.02641057 -0.9886692 0.1477692 0.00189507 -0.9933521 -0.1151006 -0.02893978 -0.8735045 -0.4859552 0.01459294 -0.7511481 -0.6599724 -0.01876187 -0.5924329 0.8054013 -0.0356065 0.5826514 -0.8119419 0.2528454 -0.9178689 0.3059182 0.008081018 0.9831476 0.182635 0.005811452 0.9547013 0.2975089 0.006948113 0.9541908 0.2991181 0.005020976 0.9119699 0.4102263 0.01253479 0.9073048 0.4202865 0.00739634 0.8556697 0.5174695 0.006343245 0.9836168 0.1801602 0.007343053 0.6166364 0.7872138 0.02441608 0.5964859 0.8022522 0.01414614 0.2920156 0.9563089 0.00794202 0.425951 0.9047114 0.006996452 0.2975893 0.9546684 0.00877726 0.2950975 0.9554268 -0.019602 -0.570537 0.821038 0.03766173 -0.8164283 0.5762174 0.01510214 -0.8599923 0.5100835 -0.001729786 -0.08666455 0.996236 -0.006356358 -0.4188866 -0.9080163 0.02036565 -0.09187531 -0.9955623 0.006727993 -0.07415777 0.9972238 0.04688411 -0.6525875 -0.7562615 -0.0112667 -0.7835726 -0.6211981 0.02743637 -0.9886991 0.1473819 0.01001673 -0.8557789 0.5172448 0.01238721 0.8515851 0.52407 0.007287561 0.7872141 0.6166366 0.008088946 0.786442 0.6176112 0.005817234 0.7070948 0.7070948 0.00842303 0.7043408 0.7098121 0.005010306 -0.9836337 0.1801102 0.01003384 -0.7917609 0.6107488 -0.003185689 -0.9995436 0.03004115 0.0147674 -0.6975705 -0.7163639 0.006322741 0.1801088 0.9836264 0.01072639 0.1736421 0.9847505 0.01071387 0.06043881 0.9981144 0.009383082 0.06236761 0.9980092 0.006662249 -0.06044095 0.9981495 0.007284998 -0.3007124 0.9536871 0.006243765 -0.4125763 0.9109016 0.02262604 -0.4307729 0.9021767 0.006658434 0.999366 0.03497582 0.006636619 -0.5983171 0.8012319 0.01359504 -0.7070415 0.7070415 0.007151305 -0.7008752 0.713248 0.004997432 -0.7872253 0.6166453 0.006658613 -0.7872176 -0.6166394 0.006979405 -0.9549684 0.2966256 0.008080124 -0.983139 -0.1826813 0.005811452 -0.9547013 -0.2975089 0.008736789 -0.9533793 -0.301648 0.006290972 -0.9119634 -0.4102234 0.009231984 -0.9101345 -0.41421 0.00669229 -0.855674 -0.517472 0.00925523 -0.8536684 -0.5207346 0.006302773 -0.9546728 0.2975906 0.008072793 -0.7859034 -0.6182966 0.005817234 -0.7070948 -0.7070948 0.02330291 -0.6164856 0.7870213 0.01267033 -0.06940346 0.9975082 0.007490634 -0.1801588 0.983609 0.00701636 -0.1794339 0.9837451 0.005009114 -0.2975102 0.9547055 0.0094949 -0.410213 0.9119403 0.06132876 -0.5034959 0.8618182 0.03590416 -0.5171499 0.8551414 0.008952319 -0.2330663 0.9724196 0.00934875 -0.8552831 0.5180767 0.006668865 -0.911852 0.410465 0.008765578 -0.9131191 0.4075986 0.008683919 -0.9078838 -0.4191321 -0.002726137 -0.9017651 -0.4322178 0.019593 0.8282971 0.5599465 0.00175333 0.8149117 0.5795826 0.0109992 -0.07834249 -0.9968659 -0.01400244 0.4298116 -0.9028101 0.04991412 0.7382693 -0.6726567 -0.00257343 0.1118974 -0.9937164 0.03260523 0.06915646 -0.9970728 0.03849512 -0.9992222 -0.008555591 -0.008649766 -0.9907118 0.1357033 0.01713085 0.6187037 0.7854377 0.03649997 0.6576724 0.7524192 -0.009624004 0.9936767 -0.1118659 0.009160339 0.8063834 -0.5913221 0.047701 -0.9505279 -0.3069551 0.00605911 0.1433697 -0.9896506 0.01804757 0.1065312 -0.9941456 0.00429821 -0.3250855 -0.9456748 -0.01672846 0.9371509 -0.3485231 0.01020687 -0.9184246 -0.3954644 -0.01567679 -0.9942037 0.1063638 -0.009245455 -0.5745734 -0.8184008 0.009340941 -0.7979716 0.6026226 0.04001361 -0.7481002 0.6623784 -0.01540285 -0.3867617 0.9220511 0.04161143 -0.1500017 0.9878097 0.05568552 0.9940567 0.09354412 0.04243081 -0.4609954 -0.8863875 -0.007874667 -0.655129 -0.7554761 -0.01170206 0.1177564 0.9929736 -0.01357829 0.9283447 0.3714723 0.03509616 0.4165296 0.9084445 -0.006105422 0.5686249 0.8225742 0.007274568 0.0921207 0.9957213 0.01046007 0.09616243 0.9953107 0.006949126 0.9130839 -0.4077125 0.03469777 0.8981161 -0.4383874 -0.01746368 0.7620042 0.6473366 0.03361868 0.9453537 0.3243088 0.04438066 0.9536985 0.2974718 -0.01645332 0.994979 -0.0987212 0.007595896 -0.8232451 0.5676353 0.01147043 -0.5966371 0.8024292 0.02125018 -0.5662921 0.8239306 0.005830109 -0.1699881 0.9854288 0.02639299 -0.1065114 0.9939611 0.008416295 0.3821359 0.9240679 0.04101049 0.4710969 0.8811276 0.02974843 -0.3856092 -0.9221825 -0.004187345 -0.4104704 -0.9118643 0.05529689 -0.5164793 -0.8545123 0.03686589 -0.5098631 -0.8594653 0.0242803 0.6164712 -0.787003 0.01008135 0.2385983 -0.971066 0.03658872 0.5171371 -0.8551201 0.06147485 0.5037596 -0.8616536 0.009468197 0.4102131 -0.9119406 0.02851963 0.3876242 0.9213762 -0.002679884 0.4104726 0.9118689 0.05671817 0.516438 0.8544442 0.007263243 -0.4275153 -0.9039789 -0.003142595 0.9995411 -0.03012996 0.02745944 0.9887034 -0.147348 0.005010306 0.9836337 -0.1801102 0.0118125 0.9984506 0.05437576 0.01587724 0.9980459 0.06043469 0.01972132 0.9981836 0.05692583 0.01431679 0.9980694 -0.06043612 0.01469743 -0.9913704 -0.1302639 0.03637093 -0.9956796 -0.08543628 0.01941204 0.9977967 -0.06344062 0.03707563 0.5093887 0.8597374 0.01048165 0.9118221 -0.4104514 0.01043772 0.85868 -0.5124059 0.006664514 0.8558028 -0.5172592 0.005009114 0.2975102 -0.9547055 0.007093131 0.1747372 -0.9845896 0.01087582 0.1801532 -0.9835785 0.01110404 0.0670675 -0.9976867 0.006662249 0.06044095 -0.9981495 0.009398221 -0.06306642 -0.9979651 0.007092297 0.9098221 -0.4149379 0.02409672 -0.4018938 0.9153691 0.01975512 -0.9983153 -0.05455452 0.009218037 0.7903218 -0.6126227 0.005801796 0.7872219 -0.6166427 0.008270561 0.7020778 -0.7120522 0.0131939 0.7070452 -0.7070453 0.01183819 0.6029461 -0.7976941 0.006312131 -0.983617 -0.1801603 0.006766319 -0.9994865 -0.0313214 0.02313196 0.4334179 -0.9008961 0.005829334 0.4128568 -0.9107773 0.01024037 0.3048633 -0.9523411 0.01520848 -0.9978802 -0.06327724 0.01330167 -0.9980834 -0.06043696 0.01017493 0.9953624 0.09565627 0.01427698 -0.99807 0.06043612 0.01947933 -0.9977913 0.06350672 0.01120978 -0.06043851 -0.998109 0.01122421 -0.1710717 -0.9851947 0.005010306 -0.1801102 -0.9836337 0.00703299 -0.2998176 -0.9539706 0.008666455 -0.2975853 -0.9546558 0.01063698 -0.2592621 -0.9657484 0.02303373 -0.6004425 -0.7993361 0.01001244 -0.6166221 -0.7871956 0.006949245 0.9555259 -0.2948252 0.004990339 0.9546799 -0.2975928 0.03760147 0.742281 -0.6690329 0.02938395 0.7567261 -0.6530714 0.01194429 0.903373 0.4286894 0.009379148 0.9018261 0.4319974 0.01633709 -0.8259571 -0.5634962 0.006891191 -0.9132177 0.4074136 0.03485387 -0.8981294 0.4383478 0.008724689 0.8229712 -0.5680162 0.009353756 0.8224524 -0.5687571 0.001825451 -0.8149748 -0.5794936 0.01444542 0.5662912 -0.8240787 0.01079463 0.5769874 -0.8166818 0.03390705 -0.416535 -0.9084872 -0.01206517 -0.1199451 -0.9927073 0.0416612 0.1500014 -0.9878076 -0.01564615 0.387845 -0.9215918 0.03764051 0.9992863 -0.003178477 -0.008196234 0.5229499 -0.852324 -0.005832672 0.5197154 -0.8543196 -0.008190393 0.6340739 -0.773229 -0.005832672 -0.5197154 0.8543196 -0.008190393 -0.6340739 0.773229 -0.005810856 -0.631121 0.7756627 -0.008185982 -0.733282 0.6798754 -0.005787312 -0.7306669 0.6827096 -0.008195996 -0.819211 0.5734337 -0.005830526 -0.8170365 0.5765566 -0.008185148 -0.9798244 0.1996927 -0.005786597 -0.9790636 0.2034726 -0.00703144 0.6296076 0.7768815 -0.005823373 0.6311209 0.7756627 -0.004990756 -0.3983317 0.9172279 -0.007040143 -0.5213691 0.8533022 -0.005809843 0.2697858 0.9629029 -0.008186459 0.1323793 0.9911653 -0.00579226 0.1361961 0.990665 -0.008184731 -0.2734628 0.9618478 -0.005806148 -0.2697858 0.9629029 -0.008185148 0.9798244 -0.1996927 -0.005786597 0.9790636 -0.2034726 -0.008196949 0.9978883 -0.06443363 -0.005810618 0.9976504 -0.06826347 -0.00818938 0.9973649 0.07208496 -0.005805909 0.9976505 0.06826347 -0.008193433 0.9782658 0.2071926 -0.005825936 0.3983297 0.9172238 -0.005791902 0.39833 -0.9172239 -0.005836963 0.9422898 -0.3347475 -0.008193433 -0.7280364 -0.6854895 -0.005823373 -0.6311209 -0.7756627 -0.008183598 -0.5164095 -0.8563027 -0.00704056 0.9429289 -0.3329197 -0.005826711 -0.1361961 0.9906648 -0.008205831 0.8901526 -0.4555886 -0.004982531 0.8877941 -0.4602139 -0.008211374 -0.9972672 -0.07342094 -0.005001246 -0.9976547 -0.06826376 -0.007031917 -0.9786599 -0.2053664 -0.005827963 -0.9790633 -0.2034725 -0.00819236 -0.6281502 -0.778049 -0.005814075 -0.7306662 -0.6827102 -0.005787312 0.7306669 -0.6827096 -0.008172154 -0.002986073 0.9999622 -0.008921384 -0.1411221 0.989952 -0.006313323 0 0.9999801 -0.005810856 0.631121 -0.7756627 -0.008185982 0.733282 -0.6798754 -0.005826711 0.1361961 -0.9906648 -0.008192777 0.3948281 0.9187185 -0.005784213 0.5197167 0.854319 -0.008183598 0.5164095 0.8563027 -0.008189082 0.1399568 -0.9901238 -0.00580877 0 -0.9999831 -0.007034182 0.001971065 -0.9999733 -0.004992842 -0.1361967 -0.9906693 -0.008208334 -0.1310602 -0.9913404 -0.005785465 0.8170374 0.5765556 -0.008182227 0.8147957 0.5796905 -0.005833029 0.88779 0.4602118 -0.008200407 0.8860164 0.4635813 -0.005809843 -0.2697858 -0.9629029 -0.008185088 -0.2661008 -0.9639105 -0.005825936 -0.3983297 -0.9172238 -0.008192777 -0.3948281 -0.9187185 -0.005784213 -0.5197167 -0.854319 -0.008185088 0.2661008 0.9639105 -0.008196949 -0.9978883 0.06443363 -0.005810618 -0.9976504 0.06826347 -0.005827963 0.9790633 0.2034725 -0.008183538 0.9409727 0.3383835 -0.005778193 0.9422901 0.3347477 -0.008195996 0.819211 -0.5734337 -0.005830526 0.8170365 -0.5765566 -0.008200407 -0.8860164 -0.4635813 -0.005833029 -0.88779 -0.4602118 -0.008183538 -0.9409727 -0.3383835 -0.005778193 -0.9422901 -0.3347477 -0.008182227 -0.8147957 -0.5796905 -0.005785465 -0.8170374 -0.5765556 -0.008188128 0.4018542 -0.915667 -0.008210062 -0.4030752 0.91513 -0.008197546 -0.9435387 0.3311609 -0.005836963 -0.9422898 0.3347475 -0.008215665 0.7271175 0.6864638 -0.005009949 0.7306693 0.6827132 -0.008184731 0.2734628 -0.9618478 -0.005806148 0.2697858 -0.9629029 -0.008184134 -0.889544 0.4567762 -0.005784511 -0.8877903 0.4602119 0.9550924 0.2561466 0.1489542 0.9706482 0.2346835 0.05258917 0.9526768 0.02704739 -0.3027793 0.9666101 0.07198619 -0.2459328 0.964848 0.1971292 0.1738055 -0.08232438 -0.04035204 0.9957884 0.9602542 -0.2364192 0.148384 0.9996126 -0.02759593 -0.003625869 0.9996281 -0.02570611 -0.009104967 0.9994575 -0.01340347 -0.03008151 0.9999977 0.000271037 -0.002104222 0.9999916 0.003647029 -0.001864731 0.9999846 0.005428671 0.0011729 1 -0.0002138 3.19552e-05 0.9999999 4.00133e-05 0.000354971 1 0.000139382 0.000256541 0.9990862 -0.0392223 -0.0169847 0.9994088 -0.03143775 0.01392203 0.9996553 -0.01774752 0.01934915 0.9999999 -0.000217175 -4.69218e-05 0.9999969 -0.001534342 -0.001980602 0.9996551 -0.01973497 0.01732712 0.9997705 0.004964351 -0.02083903 0.9986409 -0.03154546 -0.04148858 0.9999816 -0.003104507 -0.005218207 0.9999979 0.001723527 -0.001164913 0.9996283 -0.02564549 -0.009257197 0.9996281 -0.02681326 -0.004966259 1 2.8297e-05 2.81349e-05 0.9999941 -0.003398299 -0.000392793 0.9974467 -0.03737783 -0.06085121 0.9997604 0.01043415 -0.01924204 0.9999963 -0.00233823 0.00146228 1 3.71708e-05 -4.8316e-06 1 -9.29608e-05 2.4029e-05 1 6.49919e-06 -6.06502e-05 0.9999967 0.002592861 8.84415e-05 0.9968719 0.04289513 -0.06638187 0.9992282 0.01473826 -0.03640985 0.9996007 0.02663469 -0.009446322 0.9995087 0.03131157 0.001380801 0.9997699 -0.006813466 -0.02034038 0.9997698 -0.003465652 -0.02117764 0.9999977 0.001877546 0.0009313 0.9999971 0.00164479 0.001761615 1 -0.000322467 3.19257e-05 0.9994208 0.02982914 -0.01637989 0.9999979 -0.002078175 -0.000115196 0.9999998 -0.000208771 0.000583933 0.9999977 -0.002145469 8.24304e-06 1 -0.000100417 7.2495e-05 0.9999996 -0.000681965 0.000492339 0.9999998 -0.000524115 0.000587523 0.999997 -0.000520324 0.002429306 0.9999995 -0.0005817 -0.000798168 0.999996 0.001868069 -0.002094089 0.9999981 -4.56171e-05 -0.001968562 0.9999909 -0.001788139 -0.003865718 0.999997 0.001890003 0.001546025 0.9993951 0.03165882 -0.01438617 0.9996386 0.02022778 -0.01771062 0.9995847 0.01907712 0.02159523 0.9994956 0.01389575 0.02855581 0.9999997 -0.000726794 -0.000321823 0.9999997 -0.00033798 -0.000685799 1 0.000255155 -3.81361e-05 0.9996393 0.01814824 -0.01979815 0.9991281 0.03850013 0.01615023 0.9996115 0.02763551 0.00361365 0.9999973 0.001292169 -0.001883149 0.9974755 0.03727102 0.06044429 0.9986385 0.03156989 0.04152566 1 -7.23284e-05 2.31011e-05 0.9996277 0.02683025 0.004967272 0.9997676 -0.0103082 0.01893281 0.9999979 -0.001736521 0.001160919 0.9999963 -0.002744615 0.000134094 0.9999941 0.003310978 0.000869635 1 4.52358e-07 -4.22139e-06 1 3.2954e-06 -1.78402e-06 0.9996278 0.02565866 0.009269535 0.9999999 0 -0.000441496 0.9997776 -0.00488609 0.02052062 0.9999821 0.003050386 0.00515443 0.9999998 1.06993e-05 -0.000581678 0.9968485 -0.04336148 0.06642889 1 0.00010569 -1.04638e-05 0.9994837 -0.03202408 -0.002621531 0.9996408 -0.02404171 0.01183897 0.9999979 -0.00183928 -0.000897546 0.9997794 0.006682693 0.01991176 0.9999998 0.000524115 -0.000587523 0.9999973 -0.00163573 -0.001624166 0.9992568 -0.01450824 0.03571337 0.9993984 -0.03040063 0.01669752 0.9999982 0.001882851 -0.00039836 0.9999874 0.003214299 -0.003861248 0.9997792 0.003390789 0.02073502 1 0 -0 0.9999996 0.000681965 -0.000492339 -1 0 -0 -1 0 -0 -1 0 -0 -1 0 -0 -1 0 -0 -1 0 -0 -1 0 -0 -1 0 -0 -1 0 -0 -1 0 -0 -1 0 -0 -1 0 -0 -1 0 -0 -1 0 -0 -1 0 -0 -1 0 -0 -1 0 -0 -1 0 -0 -1 0 -0 -1 0 -0 -1 0 -0 -1 0 -0 -1 0 -0 -1 0 -0 -1 0 -0 -1 0 -0 -1 0 -0 -1 0 -0 -1 0 -0 -1 0 -0 -1 0 -0 -1 0 -0 -1 0 -0 -1 0 -0 -1 6.86208e-06 3.76043e-05 -0.9999998 0.000474397 0.000189798 -1 0 -0 -1 0 -0 -1 0 -0 -1 0 -0 -0.9999998 -0.000474397 -0.000189798 -1 0 -0 -1 0 -0 -1 0 -0 -1 0 -0 -1 0 -0 -1 0 -0 -1 0 -0 -1 0 -0 -1 0 -0 -1 0 -0 -1 0 -0 -1 0 -0 -1 0 -0 -1 0 -0 -1 0 -0 -1 0 -0 -1 -6.86208e-06 -3.76043e-05 -0.9999995 0.000887191 -0.000389192 -0.9999998 0.000536223 0.000231174 -1 0 -0 -1 0 -0 -1 0 -0 -1 0 -0 -1 0 -0 -1 0 -0 -1 0 -0 -1 0.000121127 0.000296248 -1 0 -0 -1 0 -0 -1 0 -0 -1 0 -0 -1 0.000322562 -1.95321e-05 -0.9999989 -0.000753144 -0.001246035 -1 -0.000322562 1.95321e-05 -1 0 -0 -0.9999989 0.000753146 0.001246035 -0.9999998 -0.000536223 -0.000231174 -1 2.60675e-05 -4.31043e-05 -0.9999998 -0.000592887 0.000380581 -0.9999996 -0.000887188 0.00038919 -1 0 -0 -1 0 -0 -1 0 -0 -0.9999998 0.000592887 -0.000380581 -1 -2.60675e-05 4.31043e-05 -1 0 -0 -1 0 -0 -1 0 -0 -1 0 -0 -1 0 -0 -1 0 -0 -1 0 -0 -1 0 -0 -1 -0.000121127 -0.000296248 -1 0 -0 -1 0 -0 -0.9999999 0.00027338 0.000157119 -1 0 -0 -1 0 -0 -1 0 -0 -1 0 -0 -1 0 -0 -1 0 -0 -1 0 -0 -1 0 -0 -1 0 -0 -1 0 -0 -1 0 -0 -1 0 -0 -1 0 -0 -1 0 -0 -1 0 -0 -1 -0.000288861 -0.000166016 0.9999943 -0.002278029 -0.002482056 0.9999939 -0.002680897 -0.002216398 0.9999925 -0.003356754 -0.001960217 0.9999889 -0.004382073 -0.001744925 0.9998623 -0.01659244 -0.000357526 0.9968603 -0.07909566 0.003665804 0.9999195 -0.007049322 -0.01055538 0.9999524 0.001066565 -0.009699046 0.9999773 0.000331862 -0.006725966 0.9999386 0.01105314 0.000760352 0.999824 0.01863902 0.002140343 0.9999375 -0.002608358 0.0108658 0.9999113 0.01330178 -0.000599728 0.9999902 0.003964245 -0.001976013 0.9999998 -0.000565306 -0.000119624 0.9963459 0.07601994 -0.03893166 0.9999144 0.01052683 0.007762372 0.9999975 -0.001484692 -0.001668214 0.9996982 0.006387889 -0.02372586 0.9988189 0.0169534 -0.04553377 0.9999817 0.000890538 -0.005996644 0.9993367 -0.01961672 -0.03068292 0.9999231 0.00189352 0.01225733 0.9999569 0.007975935 0.004763662 0.9918414 -0.09616392 0.08368438 0.9996992 0.007065773 0.023485 0.9840506 0.01558858 0.1772042 0.9999651 0.008322 0.00068506 0.9997075 -0.01759093 -0.01659709 0.9999857 -0.005330979 -0.000310692 0.9978132 0.06145399 -0.02433836 0.9998793 0.01402521 -0.006695508 0.999862 -0.01661008 0.000391411 0.999935 -0.01122957 0.00198388 0.9997696 0.02043473 -0.006573677 0.9998601 -0.01569682 0.005787432 0.9999424 -0.010257 0.003168284 0.999992 0.001556456 -0.003700554 0.9975297 0.06349402 -0.03004914 0.9991571 -0.04067665 0.005504369 0.999976 -0.006871521 0.000869934 0.9980412 -0.06256061 -9.14907e-06 0.9999576 0.007840931 0.004826068 0.9932129 0.1160835 -0.007266819 0.9999993 0.000670686 0.001013219 0.996628 -0.08109998 -0.01247155 0.9999645 -0.008361518 0.001061022 0.9999811 0.004292368 0.004394471 0.9998958 0.01266056 -0.006936967 0.9958031 -0.04039889 0.08212316 0.9990254 -0.002058386 -0.04409188 0.9999938 0.001791119 -0.003017723 0.9973995 0.07168507 0.007447183 0.9988752 -0.03788667 -0.02851295 0.9993585 -0.0347346 -0.008723139 0.9999998 -0.000112384 0.000706298 0.9993106 0.03709 -0.001624584 0.9997981 0.02002871 0.00161457 0.9981782 -0.04687106 0.03799301 0.9999955 0.00222361 -0.002021431 0.9999093 -0.01325005 -0.002399563 0.9997464 -0.01247525 0.01874762 0.9999691 -0.002037525 0.007600724 0.9999459 -0.005407392 0.008890032 0.9998956 -0.004212737 -0.01382213 0.9999195 -0.01265084 -0.000932258 0.9999337 -0.002470016 -0.0112459 0.9998636 -0.01630306 -0.002635121 0.9996468 -0.02055817 -0.01684373 0.9937266 -0.009158253 0.1114608 0.9999986 -0.001401364 0.000847017 0.999938 -0.003820717 0.01046013 0.9997631 0.02173548 -0.001196563 0.9996272 -0.01224291 -0.02440202 0.9822583 0.1774741 0.06059312 0.9999915 0.002968668 -0.002842366 0.9974082 0.06802225 -0.02345144 0.9997411 -0.01580196 -0.01636552 0.9999356 -0.009233713 0.00661081 0.9998564 -0.007389485 -0.01524657 0.9987038 0.01310157 -0.04918456 0.9998304 0.01805567 0.003640413 0.999915 0.002605497 -0.0127809 0.9996168 -0.02737528 -0.004128217 0.9999095 -0.001351296 0.01338893 0.9999096 -0.00801903 0.01078861 0.9996321 -0.01917797 0.01918345 0.999878 -0.00496149 0.0148124 0.9998766 0.006446003 -0.01432442 0.9995645 -0.005100488 0.02906584 0.9988384 -0.03537398 -0.03271955 0.9999979 -0.001865983 -0.000925198 0.9997357 0.00245589 0.02285999 0.9999909 0.001655697 0.003908574 0.9972688 -0.0149784 -0.07232147 0.999397 -0.004845201 0.03438341 0.9998254 0.01860934 -0.001657068 0.9999521 -0.00423187 -0.008827567 0.9943665 0.0799992 0.06953614 0.9900879 -0.009510278 0.140127 0.9996155 0.000385807 0.02772569 0.9999473 -0.008828163 -0.005230903 0.9970523 0.07602864 0.01031529 0.9998359 0.0145241 -0.01083189 0.9999408 -0.009448766 -0.005413532 0.9971346 -0.008367896 -0.07518339 0.9997217 0.02351343 -0.001930177 0.9999642 -0.005833089 0.006128132 0.9979798 -0.0417118 0.04791915 0.9999206 -0.01257216 -0.000893527 0.9999905 0.003882825 0.001993715 0.9999045 -0.01157128 0.007553398 0.9998224 -0.01836591 -0.004225373 0.99992 -0.01247984 -0.00205779 0.9999246 0.01125878 0.004918932 0.9998222 0.01885133 0.000117351 0.9999699 0.000539659 -0.00774151 0.9989013 -0.04313141 -0.01832705 0.9999988 0.000316446 -0.001538217 0.9999731 -0.007337689 0.000232552 0.9977068 0.0641151 -0.02168941 0.9999959 0.002547502 0.00126034 0.9925723 -0.1158956 -0.03699326 0.9995335 0.03040236 0.002925753 0.9999887 -0.004728436 -0.000503903 0.9999961 -0.000662754 0.002688467 0.9999805 -0.006243467 0.000404764 0.9979983 0.002382159 0.06319582 0.99852 0.04487359 0.03072673 0.9999952 -0.002538263 -0.001752853 0.9998912 0.01429098 -0.003659009 0.9966763 -0.07440829 0.0331633 0.9998965 0.0135619 0.00478655 0.9995955 0.00666958 0.02764803 0.999907 0.005666375 -0.01240915 0.9999465 0.01019704 -0.001754581 0.9997453 0.02253448 -0.001268148 0.9999638 0.008152127 -0.002472162 0.9925891 -0.06930345 -0.0998187 0.9976581 -0.06760424 -0.01039493 0.9999933 0.003592133 -0.000726299 0.99994 0.008085727 -0.00739181 0.9999176 0.007273733 0.01057016 0.999977 0.003656625 -0.005705893 0.9997333 -0.02216845 0.006479322 0.9999862 -0.005210638 0.000655692 0.9998846 0.006014823 -0.01394855 0.9999681 -0.000590584 0.007975161 0.9998838 -0.007875978 -0.01304632 0.9999544 -0.009518384 0.000796409 0.993884 0.02896547 -0.1065636 0.9997587 -0.00607711 0.02111083 0.9984433 0.05574417 0.001891732 0.9998814 0.005451142 0.01440834 0.9997207 -0.02203524 0.008543372 0.9998756 0.002203047 -0.01561814 0.9889903 -0.009941756 -0.147646 0.9929476 -0.009046018 -0.1182082 0.999871 -0.01605916 1.73215e-05 0.9929022 -0.01796835 0.1175686 0.9858722 0.08014965 -0.1470781 0.9999895 -0.00384736 -0.002491056 0.9995782 -0.006418406 0.02832251 0.9972094 0.02034389 0.07182985 0.9999177 0.001996576 -0.01266998 0.999545 -0.02668738 0.01405334 0.9995484 0.0206297 -0.02184933 0.9999178 -0.002428174 0.01258975 0.9989263 0.03325641 0.03225505 0.9904531 -0.03384804 -0.1336292 0.9999399 -0.001246035 0.01089459 0.9986421 -0.002156794 -0.05205166 0.9986837 -0.04823619 0.01744395 0.9999374 -0.01112788 0.001211404 0.9902613 -0.1333863 -0.03988271 0.9997107 0.00537002 -0.02344614 0.9771715 0.01552152 -0.2118843 0.9998891 0.007469832 -0.01288157 0.9999638 0.008494853 -0.000415621 0.9998662 -0.008045375 -0.01424473 0.9988349 0.01995426 0.04393851 0.9998103 -0.00825411 -0.01764678 0.9992811 -0.03678286 0.009179234 0.9998546 -0.01697742 -0.001568496 0.9933468 -0.1024166 -0.05265921 0.9996989 -0.02453374 0.00044523 0.9999704 -0.004154026 -0.006475925 0.9997935 0.02019244 -0.002316772 0.9999866 0.000854397 -0.005112886 0.9997006 -0.005322813 0.02388435 0.9999635 -0.000617189 0.008518218 0.9999931 0.001793682 0.003248512 0.9999939 0.002173602 0.00272566 0.9999939 0.002446055 0.002499341 0.9999927 0.003140985 0.002163767 0.9999903 0.003953695 0.001944899 0.9999095 0.01344114 0.00058109 0.9988301 -0.02572983 0.0409438 0.9996525 0.0102607 0.0242812 0.9999732 0.000451735 0.007310867 0.9999614 0.000950843 0.008735001 0.9999404 -0.001536428 0.01080971 0.9999886 -0.004431843 0.001785933 0.9999923 -0.003385305 0.002011001 0.9966066 0.08178323 -0.009313583 0.9971738 -0.07505214 -0.003424882 0.9998666 -0.01633238 0.000405737 0.998219 0.03565549 -0.0478267 0.996649 0.07411122 -0.03461498 0.9970243 0.07198822 0.02757346 0.9997868 0.008215665 0.01894408 0.9999172 0.01120686 0.006326138 0.9999081 -0.002731919 -0.01328229 0.9999744 0.006098747 0.003770053 0.9997115 -0.01686668 -0.01709777 0.9999959 -0.002743899 -0.000872936 0.9999812 -0.005426883 -0.002832949 0.9999936 -0.00186783 0.003036797 0.9999941 -0.002288758 0.002558708 0.9999938 -0.002712786 0.002272188 0.999581 0.0286619 0.004044651 0.9999477 -0.002832412 -0.009830117 0.9999939 0.002241194 -0.002717733 0.9999938 0.002399206 -0.002583682 0.9999925 0.003205657 -0.002185344 0.9999411 -0.003093898 -0.01040619 0.9999945 0.00303483 -0.001391172 0.9999927 -0.002032399 -0.003267705 0.08136034 -0.993749 -0.07644218 0.08618217 -0.9934094 -0.0755667 0.1155787 -0.105085 0.987724 0.0615372 -0.1146435 0.9914988 0.08617693 0.03890645 0.9955199 0.08098083 0.03804028 0.9959895 0.1462112 0.2022777 0.9683521 0.06159037 0.1900368 0.9798431 0.08682543 0.3418347 0.9357405 0.05419081 0.3375597 0.939743 0.07605195 0.479402 0.8742939 0.05413073 0.4769178 0.8772795 0.07600861 0.607394 0.7907561 0.05396205 0.6053812 0.7941043 0.07613283 0.7209427 0.6888 0.05434066 0.7194864 0.6923774 0.0759902 0.8177804 0.5704917 0.05406081 0.8168786 0.5742707 0.08684295 -0.9688578 0.2318896 0.0539959 -0.972361 0.2271529 0.07608455 -0.9233877 0.3762531 0.0541076 -0.9260768 0.3734356 0.07609921 -0.855212 0.5126609 0.05414038 -0.8582968 0.5102896 0.0760315 -0.7668636 0.6372907 0.05409115 -0.770271 0.6354186 0.07607144 -0.6607608 0.7467318 0.05414581 -0.6644122 0.7454023 0.07605379 -0.5390183 0.8388535 0.05398017 -0.5428538 0.8380907 0.07590991 -0.4055687 0.9109071 0.06165271 -0.4081519 0.9108299 0.08665263 -0.260469 0.9615858 0.06491243 -0.2643585 0.9622375 0.1153747 -0.9896646 0.08516299 0.06165307 -0.9951577 0.07655054 0.07620942 0.6014652 -0.7952558 0.05439615 0.6051902 -0.7942203 0.07499516 0.4796865 -0.8742291 0.09607434 0.4755613 -0.8744205 0.09615749 0.3341103 -0.9376162 0.08180105 0.3369235 -0.9379718 0.1149589 0.1853092 -0.9759328 0.09272712 0.189578 -0.9774773 0.09257477 0.03168183 -0.9952015 0.05417847 0.03810954 -0.9978038 0.07516509 -0.111428 -0.9909259 0.09304136 -0.1143629 -0.9890725 0.07608598 0.895184 0.4391542 0.05410099 0.8948695 0.4430369 0.0759055 0.9512856 0.2988215 0.0615105 0.9515054 0.3014201 0.07612055 0.8134571 -0.5766223 0.0542922 0.8166961 -0.5745085 0.07594275 0.7161105 -0.6938433 0.05370718 0.719694 -0.692211 0.08729457 0.9857019 0.144123 0.0345388 0.9876886 0.1525725 0.1361957 0.9905312 0.01728492 -0.02260261 0.9995436 -0.02004534 0.1127806 0.9815819 -0.1541996 0.06060755 0.9872421 -0.14724 0.08690464 0.9480635 -0.3059789 0.05419915 0.9519093 -0.301548 0.07602912 0.8919779 -0.4456401 0.05406546 0.8948709 -0.4430385 0.09241169 -0.2687902 -0.9587554 0.06139445 -0.2644174 -0.9624522 0.08602106 -0.407163 -0.9092957 0.08760875 -0.4073575 -0.909057 0.08796775 -0.5461882 -0.8330307 0.05426925 -0.5428457 -0.8380771 0.07598495 -0.6661566 -0.7419311 0.05404829 -0.6644157 -0.7454063 0.07608944 -0.7714615 -0.63171 0.0541132 -0.7702701 -0.6354178 0.07607775 -0.8589105 -0.5064436 0.05409216 -0.8582993 -0.5102905 0.07603108 -0.9260959 -0.3695481 0.0540961 -0.9260774 -0.3734357 0.07592242 -0.971509 -0.2245129 0.06172794 -0.9719247 -0.227051 -1 0 -0 -1 0 -0 -1 0 -0 -1 0 -0 -1 0 -0 -1 0 -0 -1 0 -0 -1 0 -0 -1 0 -0 -1 0 -0 -1 0 -0 -1 0 -0 -1 0 -0 -1 0 -0 -1 0 -0 -1 0 -0 -1 0 -0 -1 0 -0 -1 0 -0 -1 0 -0 -1 0 -0 -1 0 -0 -1 0 -0 -1 0 -0 -1 0 -0 -1 0 -0 -1 0 -0 -1 0 -0 -1 0 -0 -1 0 -0 -1 0 -0 -1 0 -0 -1 0 -0 -1 0 -0 -1 0 -0 -1 0 -0 -1 0 -0 -1 0 -0 -1 0 -0 -1 0 -0 -1 0 -0 -1 0 -0 -1 0 -0 -1 0 -0 -1 0 -0 -1 0 -0 -1 0 -0 -1 0 -0 -1 0 -0 -1 0 -0 -1 0 -0 -1 0 -0 -1 0 -0 -1 0 -0 -1 0 -0 -1 0 -0 -1 0 -0 -1 0 -0 -1 0 -0 -1 0 -0 -1 0 -0 -1 0 -0 -1 0 -0 -1 0 -0 -1 0 -0 -1 0 -0 -1 0 -0 -1 0 -0 -1 0 -0 -1 0 -0 -1 0 -0 -1 0 -0 -1 0 -0 -1 0 -0 -1 0 -0 -1 0 -0 -1 0 -0 -1 0 -0 -1 0 -0 -1 0 -0 -1 0 -0 -1 0 -0 -1 0 -0 -1 0 -0 -1 0 -0 -1 0 -0 0 -0.5002207 0.865898 0 -0.5002207 0.865898 0 -0.3744853 0.9272328 0 -0.3744853 0.9272328 0 -0.7193666 0.6946307 0 -0.7193666 0.6946307 0 -0.6155584 0.7880913 0 -0.6155584 0.7880913 0 -0.8830367 0.4693039 0 -0.8830367 0.4693039 0 -0.8090582 0.5877286 0 -0.8090582 0.5877286 0 0.03490531 -0.9993907 0 0.03490531 -0.9993907 0 0.1735147 -0.9848313 0 0.1735147 -0.9848313 0 0.559228 -0.8290139 0 0.559228 -0.8290139 0 0.6690212 -0.7432433 0 0.6690212 -0.7432433 0 0.3091014 -0.9510291 0 0.3091014 -0.9510291 0 0.4385169 -0.8987229 0 0.4385169 -0.8987229 0 0.9134058 -0.4070501 0 0.9134058 -0.4070501 0 0.9613063 -0.2754818 0 0.9613063 -0.2754818 0 0.9908968 -0.134624 0.0315327 0.9897598 -0.1392167 -0.06769019 0.9975824 -0.01573026 0.06769019 0.9975824 0.01573026 -0.0315327 0.9897598 0.1392167 0 0.9908968 0.134624 0 0.7659388 -0.6429136 0 0.7659388 -0.6429136 0 0.8482072 -0.5296645 0 0.8482072 -0.5296645 0 -0.9975607 -0.06980252 0 -0.9975607 -0.06980252 0 -0.9395754 -0.342342 0 -0.9395754 -0.342342 0 -0.978178 -0.207769 0 -0.978178 -0.207769 0 -0.500221 -0.8658978 0 -0.500221 -0.8658978 0 -0.6157697 -0.7879262 0 -0.6157697 -0.7879262 0 -0.8830369 -0.4693037 0 -0.8830369 -0.4693037 0 -0.7192023 -0.6948007 0 -0.7192023 -0.6948007 0 -0.8090589 -0.5877277 0 -0.8090589 -0.5877277 0 -0.1043671 -0.9945389 0 -0.1043671 -0.9945389 0 -0.2419775 -0.9702819 0 -0.2419775 -0.9702819 0 -0.3744852 -0.9272329 0 -0.3744852 -0.9272329 0 -0.9781779 0.207769 0 -0.9781779 0.207769 0 -0.9395755 0.3423419 0 -0.9395755 0.3423419 0 -0.9975607 0.06980252 0 -0.9975607 0.06980252 0 0.9613063 0.2754818 0 0.9613063 0.2754818 0 0.9134058 0.4070503 0 0.9134058 0.4070503 0 0.8482081 0.5296633 0 0.8482081 0.5296633 0 0.7659385 0.6429139 0 0.7659385 0.6429139 0 0.6690209 0.7432437 0 0.6690209 0.7432437 0 0.5592289 0.8290134 0 0.5592289 0.8290134 0 0.4385172 0.8987228 0 0.4385172 0.8987228 0 0.3091012 0.9510291 0 0.3091012 0.9510291 0 0.1735147 0.9848313 0 0.1735147 0.9848313 0 0.03490531 0.9993906 0 0.03490531 0.9993906 0 -0.1043671 0.9945389 0 -0.1043671 0.9945389 0 -0.2419775 0.9702819 0 -0.2419775 0.9702819 -1 0 -0 -1 0 -0 -1 0 -0 -1 0 -0 -1 0 -0 -1 0 -0 -1 0 -0 -1 0 -0 -1 0 -0 -1 0 -0 -1 0 -0 -1 0 -0 -1 0 -0 -1 0 -0 -1 0 -0 -1 0 -0 -1 0 -0 -1 0 -0 -1 0 -0 -1 0 -0 -1 0 -0 -1 0 -0 -1 0 -0 -1 0 -0 -1 0 -0 -1 0 -0 -1 0 -0 -1 0 -0 -1 0 -0 -1 0 -0 -1 0 -0 -1 0 -0 -1 0 -0 -1 0 -0 -1 0 -0 -1 0 -0 -1 0 -0 -1 0 -0 -1 0 -0 -1 0 -0 -1 0 -0 -1 0 -0 -1 0 -0 -1 0 -0 -1 0 -0 -1 0 -0 -1 0 -0 -1 0 -0 -1 0 -0 -1 0 -0 -1 0 -0 -1 0 -0 -1 0 -0 -1 0 -0 -1 0 -0 -1 0 -0 -1 0 -0 -1 0 -0 -1 0 -0 -1 0 -0 -1 0 -0 -1 0 -0 -1 0 -0 -1 0 -0 -1 0 -0 -1 0 -0 -1 0 -0 -1 0 -0 -1 0 -0 -1 0 -0 -1 0 -0 -1 0 -0 -1 0 -0 -1 0 -0 -1 0 -0 -1 0 -0 -1 0 -0 -1 0 -0 -1 0 -0 -1 0 -0 -1 0 -0 -1 0 -0 -1 0 -0 -1 0 -0 -1 0 -0 -1 0 -0 -1 0 -0 -1 0 -0 -1 0 -0 -1 0 -0 -1 0 -0 0 -0.06044232 0.9981717 0 0.06044232 0.9981717 0 0.06044232 0.9981717 0 0.1801124 0.983646 0 0.983646 -0.1801124 0 0.9546917 -0.2975965 0 0.9546917 -0.2975965 0 0.9118723 -0.4104741 0 0.9981717 0.06044232 0 0.9981717 -0.06044232 0 0.9981717 -0.06044232 0 0.983646 -0.1801124 0 -0.5172708 -0.8558218 0 -0.616653 -0.7872351 0 -0.6166525 -0.7872355 0 -0.7071068 -0.7071068 0 0.9981717 0.06044232 0 0.9836366 0.1801639 0 0.9836366 0.1801639 0 0.9547175 0.297514 0 0.9547175 0.297514 0 0.9119814 0.4102315 0 0.9119814 0.4102315 0 0.8556932 0.5174836 0 0.8556932 0.5174836 0 0.7872351 0.616653 0 0.7872351 0.616653 0 0.7071071 0.7071065 0 0.5172708 0.8558218 0 0.4104741 0.9118723 0 0.4104741 0.9118723 0 0.2975965 0.9546917 0 0.616653 -0.7872351 0 0.7071071 -0.7071065 0 0.7071068 -0.7071068 0 0.7872351 -0.616653 0 0.7872351 -0.616653 0 0.8558218 -0.5172708 0 0.8558218 -0.5172708 0 0.9118723 -0.4104741 0 0.6166527 -0.7872353 0 0.5174836 -0.8556932 0 0.5174836 -0.8556932 0 0.4102315 -0.9119814 0 -0.9981717 -0.06044232 0 -0.9981717 0.06044232 0 -0.9981717 0.06044232 0 -0.983646 0.1801124 0 -0.06044232 0.9981717 0 -0.1801639 0.9836366 0 -0.1801639 0.9836366 0 -0.297514 0.9547175 0 -0.297514 0.9547175 0 -0.4102315 0.9119814 0 -0.4102315 0.9119814 0 -0.5174836 0.8556932 0 -0.7071071 -0.7071065 0 -0.7872351 -0.616653 0 -0.7872351 -0.616653 0 -0.8556932 -0.5174836 0 -0.8556932 -0.5174836 0 -0.9119814 -0.4102315 0 -0.9119814 -0.4102315 0 -0.9547175 -0.297514 0 0.5172708 0.8558218 0 0.616653 0.7872351 0 0.6166525 0.7872355 0 0.7071068 0.7071068 0 0.4102315 -0.9119814 0 0.297514 -0.9547175 0 0.297514 -0.9547175 0 0.1801639 -0.9836366 0 0.1801639 -0.9836366 0 0.06044232 -0.9981717 0 0.06044232 -0.9981717 0 -0.06044232 -0.9981717 0 -0.06044232 -0.9981717 0 -0.1801124 -0.983646 0 -0.1801124 -0.983646 0 -0.2975965 -0.9546917 0 -0.7071068 0.7071068 0 -0.7872351 0.616653 0 -0.616653 0.7872351 0 -0.7071071 0.7071065 0 -0.9836366 -0.1801639 0 -0.9981717 -0.06044232 0 -0.9547175 -0.297514 0 -0.9836366 -0.1801639 0 -0.983646 0.1801124 0 -0.9546917 0.2975965 0 -0.9546917 0.2975965 0 -0.9118723 0.4104741 0 -0.9118723 0.4104741 0 -0.8558218 0.5172708 0 -0.8558218 0.5172708 0 -0.7872351 0.616653 0 0.1801124 0.983646 0 0.2975965 0.9546917 0 -0.2975965 -0.9546917 0 -0.4104741 -0.9118723 0 -0.4104741 -0.9118723 0 -0.5172708 -0.8558218 0 -0.6166527 0.7872353 0 -0.5174836 0.8556932 0.999774 0.02016359 0.006737768 0.9991612 -0.03570413 -0.02005141 0.9994951 -0.001920402 0.03171467 0.9995093 -0.005424141 0.03085047 0.9994871 -0.00576961 0.03150039 0.9995059 -0.009712696 0.02989196 0.9995436 -0.008988559 0.02884423 0.9995283 -0.0196585 0.02359539 0.9999854 -0.002221882 0.004939496 0.99941 -0.03079116 -0.01522123 0.9995676 -0.02681446 -0.01206177 0.9994068 -0.02878612 -0.01890426 0.9995679 -0.02515125 -0.01521033 0.9991943 -0.02076083 -0.03434866 0.9991941 -0.01285064 -0.03802579 0.9996235 -0.01126217 -0.0250191 0.9996278 -0.009455561 -0.02558988 0.9994937 -0.009468972 -0.03037655 0.999498 -0.005695044 -0.03116613 0.9994992 -0.005699694 -0.03112769 0.9995071 -0.002007603 -0.03133082 0.9996568 -0.02613282 -0.001841843 0.9996831 -0.02512627 -0.001521468 0.9996061 -0.02765655 -0.004782378 0.9995744 -0.02869433 -0.005255639 0.9994045 -0.03252613 -0.01152217 0.9995721 -0.02792322 -0.008701562 0.9995286 0.01955026 -0.02367192 0.9999832 0.002377152 -0.005284667 0.9992835 0.03731912 0.006308257 0.9991058 0.04087376 0.01081115 0.9995744 0.02869433 0.005255639 0.9994045 0.03252613 0.01152217 0.9995721 0.02792322 0.008701562 0.999415 -0.02615153 -0.02203989 0.9995678 -0.02314299 -0.01812827 0.9994056 -0.02321773 -0.02548205 0.999605 -0.01987582 -0.01987582 0.9991394 -0.01848602 -0.03713357 0.9999451 -0.006468415 -0.008257746 0.999605 0.01987582 0.01987582 0.9990589 0.01830923 0.03932303 0.999977 0.00418657 0.005344629 0.999971 0.003940224 0.006519079 0.9931002 -0.06336796 -0.09867388 0.9994959 -0.001918852 -0.03168898 0.999507 0.001779258 -0.03134649 0.9994951 0.001920402 -0.03171467 0.9995093 0.005424141 -0.03085047 0.9994871 0.00576961 -0.03150039 0.9995059 0.009711444 -0.0298925 0.9995434 0.008989751 -0.02884811 0.9991722 -0.02427685 0.03264224 0.9994152 -0.02443772 0.02392029 0.9994432 -0.02359366 0.02359366 0.9995367 -0.02320647 0.01969385 0.9994527 -0.02603983 0.02039742 0.9995418 -0.02518576 0.01678806 0.999449 -0.02840888 0.01717072 0.9995405 -0.0270664 0.01364582 0.9994492 -0.03026175 0.0136221 0.99941 0.03079116 0.01522123 0.9995676 0.02681446 0.01206177 0.9994068 0.02878612 0.01890426 0.9995679 0.02515125 0.01521033 0.999415 0.02615153 0.02203989 0.9995678 0.02314299 0.01812827 0.9994056 0.02321773 0.02548205 0.9997768 -0.02103519 0.00199145 0.9998234 -0.01758003 0.006640911 0.9992176 0.004210591 -0.03932464 0.9999997 0.000514833 0.000533332 0.9995425 -0.0284487 0.0102725 0.9994522 -0.03159701 0.009849369 0.9995595 -0.02900695 0.00627613 0.9994954 -0.03124511 0.005721151 0.9997657 -0.02080202 -0.005991399 0.999985 -0.005469918 0.000331221 0.9994951 0.03125321 -0.005722641 0.9995595 0.02900862 -0.006278455 0.9994522 0.03159701 -0.009849369 0.9995425 0.0284487 -0.0102725 0.9994492 0.03026175 -0.0136221 0.9995405 0.0270664 -0.01364582 0.999449 0.02840888 -0.01717072 0.9995418 0.02518576 -0.01678806 0.9994527 0.02603983 -0.02039742 0.9997583 0.000983153 0.02196443 0.9996636 -0.02364057 0.01066505 0.9998224 -0.01341277 -0.01323419 0.9949392 0.09867149 -0.01897257 0.9999677 0.008028566 0.000486155 0.9997283 0.0231266 -0.002907633 0.9999597 0.008973717 -0.000543387 0.9997487 0.02190327 0.004777312 0.9992046 -0.03188586 -0.02394694 0.9989676 0.04105412 -0.01945048 0.9995367 0.02320647 -0.01969385 0.9994432 0.02359366 -0.02359366 0.9996089 0.01797962 -0.02142077 0.9995759 0.01795727 -0.02292472 0.9994179 0.02272832 -0.02544492 0.9991852 0.02088594 -0.0345363 0.9998146 0.007369637 0.01778876 0.9998487 0.01659929 -0.005198538 0.9998542 -0.01091194 0.01313352 0.9993534 -0.03144156 0.01744562 0.9979589 -0.05998432 0.02190971 0.9990031 -0.03986859 0.0200842 0.9993913 0.03484755 -0.00165683 0.9998523 0.01144015 0.01282149 0.9994644 0.005643486 0.03223395 0.9997448 0.004002988 -0.02223378 0.9999126 0.01235872 0.004694163 0.9998135 0.01516419 0.01195418 0.9998334 -0.01477634 0.010715 0.999316 0.01429361 0.0341044 0.9993178 0.009483575 0.03569358 0.9994937 0.009468972 0.03037655 0.999498 0.005695044 0.03116613 0.9994992 0.005699694 0.03112769 0.9995071 0.002007603 0.03133082 0.9994959 0.001918852 0.03168898 0.999507 -0.001779258 0.03134649 0.9997184 0.0110988 -0.0209732 0.9999082 0.001124918 -0.01350331 0.9786643 -0.08737277 0.1859626 0.9999918 -0.002494156 0.003184139 0.9999363 0.002480387 -0.01101011 0.9994552 0.02261513 0.02404189 0.9999852 -0.002808511 0.004644095 0.9915481 0.07896631 0.1029403 0.9999811 0.002527713 0.005615353 0.9996988 0.02389979 0.005585968 -1 0 -0 -1 0 -0 -1 0 -0 -1 0 -0 -1 0 -0 -1 0 -0 -1 0 -0 -1 0 -0 -1 0 -0 -1 0 -0 -1 0 -0 -1 0 -0 -1 0 -0 -1 0 -0 -1 0 -0 -1 0 -0 -1 0 -0 -1 0 -0 -1 0 -0 -1 0 -0 -1 0 -0 -1 0 -0 -1 0 -0 -1 0 -0 -1 0 -0 -1 0 -0 -1 0 -0 -1 0 -0 -1 0 -0 -1 0 -0 -1 0 -0 -1 0 -0 -1 0 -0 -1 0 -0 -1 0 -0 -1 0 -0 -1 0 -0 -1 0 -0 -1 0 -0 -1 0 -0 -1 0 -0 -1 0 -0 -1 0 -0 -1 0 -0 -1 0 -0 -1 0 -0 -1 0 -0 0 0.5110831 0.8595312 0 0.7465966 0.6652771 0 0.9412246 -0.3377815 0 0.8785135 -0.4777175 0 0.9816557 -0.1906626 0 0.9816557 -0.1906626 0 0.9992677 -0.03826314 0 0.8785135 -0.4777175 0 0.373927 0.9274582 0 0.7465966 0.6652771 0 0.6363394 0.7714092 0 0.6363394 0.7714092 0 0.373927 0.9274582 0 0.5110831 0.8595312 0 0.9412246 -0.3377815 0 -0.9126085 0.4088345 0 -0.9816557 -0.1906626 0 -0.9992677 -0.03826314 0 -0.9992677 -0.03826314 0 -0.9933848 0.1148331 0 -0.9933848 0.1148331 0 -0.9642783 0.2648913 0 -0.9642783 0.2648913 0 -0.9816557 -0.1906626 0 -0.6935498 -0.7204087 0 -0.5753384 -0.8179156 0 -0.5753384 -0.8179156 0 -0.4436788 -0.8961859 0 -0.4436788 -0.8961859 0 -0.30173 -0.9533934 0 -0.30173 -0.9533934 0 -0.1475748 -0.9890509 -0.002940595 -0.1527476 -0.9882609 0 -0.6363394 0.7714092 0 -0.6363394 0.7714092 0 -0.7464336 0.6654599 0 -0.7464336 0.6654599 0 -0.8392246 0.543785 0 -0.8392246 0.543785 0 -0.9126085 0.4088345 0 0.30173 -0.9533934 0 -0.3739269 0.9274582 0 -0.5110826 0.8595315 0 -0.2277885 0.9737106 0 -0.2277885 0.9737106 0 -0.07652759 0.9970675 0 -0.3739269 0.9274582 0 -0.5110826 0.8595315 0 0.7952967 -0.6062204 0 0.6933587 -0.7205926 0 0.6933587 -0.7205926 0 0.5753384 -0.8179156 0 0.5753384 -0.8179156 0 0.4436781 -0.8961862 0 0.4436781 -0.8961862 0 0.7952967 -0.6062204 0 0.9992677 -0.03826314 0 -0.9412246 -0.3377815 0 -0.9412246 -0.3377815 0 -0.8785139 -0.4777169 0 -0.8785139 -0.4777169 0 -0.7951614 -0.6063978 0 -0.7951614 -0.6063978 0 -0.6935498 -0.7204087 0 0.8391157 0.543953 0 0.9126089 0.4088339 0 0.9126089 0.4088339 0 0.9642783 0.2648913 0 0.9642783 0.2648913 0 0.9933848 0.1148331 0 0.9933848 0.1148331 0 0.8391157 0.543953 0 0.30173 -0.9533934 0 0.1475748 -0.9890509 0.002940595 0.1527476 -0.9882609 -0.006290197 0.01752483 -0.9998266 0.006290197 -0.01752483 -0.9998266 0 0.2277885 0.9737106 0 0.2277885 0.9737106 0 0.07652759 0.9970675 0 0.07652759 0.9970675 0 -0.07652759 0.9970675 0.9999722 0.006138265 0.004253149 0.99997 0.00616151 0.004698812 0.9999712 -0.006662845 0.003623127 0.9999709 -0.006757974 0.003561317 0.9999718 -0.00597012 0.004550755 0.9999704 -0.005586564 0.005286931 0.9999715 -0.005234897 0.005440533 0.9999703 -0.006346762 0.004348814 0.9999694 -0.000598384 -0.007796227 0.999972 -0.002001166 -0.007210552 0.9999715 -0.007288813 -0.002002239 0.999955 -0.002119243 0.009242475 0.9999542 -0.00950098 0.0011487 0.9999701 -0.004895389 0.005990266 0.9999715 -0.004347741 0.006180882 0.99997 0.005377411 0.00558567 0.9999715 -0.007116317 0.00255382 0.9999708 -0.005540847 -0.005272746 0.9999707 -0.006301105 -0.00436896 0.9999718 -0.005609452 -0.004998445 0.9999704 -0.006784021 -0.003649175 0.999972 -0.00683248 -0.003060817 0.9999703 -0.007285892 -0.002509891 0.9999715 -0.006343007 -0.004111826 0.9999439 -0.009852945 -0.003888249 0.99997 -0.007711172 -0.000891396 0.9999716 -0.007522404 0.000470512 0.9999705 -0.007677078 0.000293966 0.9999713 -0.007405996 0.001589894 0.9999706 -0.007539331 0.001464307 0.9999706 -0.00726521 0.002437233 0.9999443 -0.006904482 0.007977247 0.9999707 -0.004772841 -0.005980849 0.9999707 -0.003909111 -0.006574332 0.9999715 -0.003980934 -0.006414771 0.9999709 -0.002854645 -0.007080495 0.9999715 -0.002921581 -0.006963014 0.99997 -0.001764893 -0.007544338 0.9999712 0.006690919 0.003600478 0.9999716 0.004338741 0.006168067 0.9999699 -0.003445088 0.006958782 0.9999718 -0.002034187 0.007230699 0.9999703 -0.002325892 0.007349252 0.9999704 0.004052579 0.006533622 0.9999689 -0.00311321 0.007253289 0.9999713 -0.004820227 -0.0058434 0.9999708 0.007196605 0.002582669 0.9999716 0.007536292 0.000288575 0.9999706 0.00765419 0.000554452 0.9999713 0.007431447 0.001443326 0.9999704 0.007672965 -0.000480237 0.9999714 0.007292509 -0.002003252 0.9999808 -0.000946509 0.006123781 0.9999703 0.007543623 -0.001617968 0.9999718 0.007464528 -0.000862885 0.9999706 0.001940071 0.007416963 0.9999809 -0.000108147 0.006170034 0.9999713 0.001075387 0.00750482 0.9999715 0.001114606 0.00747013 0.9999706 0.002051413 0.007392525 0.9999716 0.002274155 0.007185816 0.9999705 0.002971291 0.007078707 0.9999721 0.003317534 0.006701052 0.9999709 0.006697118 0.003641724 0.9999713 0.007168114 0.002467513 0.9999705 0.007500708 0.00164467 0.9999551 0.008044481 0.005023002 0.9999439 0.001713931 -0.01044517 0.9999563 -0.003086507 -0.008823752 0.9999709 0.00303018 -0.007007062 0.9999716 0.003851234 -0.006476938 0.9999716 0.006220757 -0.004260599 0.9999692 0.007154345 -0.00320506 0.9999703 0.006465852 -0.00418961 0.9999716 0.001715362 -0.007332623 0.9999716 0.00281763 -0.006988644 0.9999705 0.002080857 -0.007395029 0.9999721 0.000571825 -0.007450222 0.9999705 0.001146197 -0.007595539 0.999944 0.01041626 -0.001891613 0.9999557 0.007405757 -0.005814909 0.9999433 0.005197584 0.009301662 0.9999717 0.005465328 -0.005174517 0.9999703 0.00574553 -0.005122244 0.9999709 0.004828512 -0.005908727 0.9999707 0.004870951 -0.005904912 0.9999706 0.004104375 -0.006476879 1 0 -0 1 0 -0 1 0 -0 1 0 -0 1 0 -0 1 0 -0 1 0 -0 1 0 -0 1 0 -0 1 0 -0 1 0 -0 1 0 -0 1 0 -0 1 0 -0 1 0 -0 1 0 -0 1 0 -0 1 0 -0 1 0 -0 1 0 -0 1 0 -0 1 0 -0 1 0 -0 1 0 -0 1 0 -0 1 0 -0 1 0 -0 1 0 -0 1 0 -0 1 0 -0 1 0 -0 1 0 -0 1 -5.97763e-07 1.40216e-07 1 0 -0 1 0 -0 1 0 -0 1 0 -0 1 0 -0 1 0 -0 1 0 -0 1 0 -0 1 0 -0 1 8.21491e-07 -9.99355e-07 1 -1.51526e-07 -8.64485e-06 1 -1.07464e-06 -6.95279e-06 1 0 -0 1 0 -0 1 0 -0 1 0 -0 1 0 -0 1 0 -0 1 0 -0 1 0 -0 1 0 -0 1 0 -0 1 0 -0 1 0 -0 1 0 -0 1 0 -0 1 0 -0 1 0 -0 1 0 -0 1 0 -0 1 0 -0 1 0 -0 1 0 -0 1 0 -0 1 0 -0 1 0 -0 1 0 -0 1 0 -0 1 0 -0 1 0 -0 1 0 -0 1 0 -0 1 0 -0 1 0 -0 1 0 -0 1 0 -0 1 0 -0 1 0 -0 1 0 -0 0.9998674 -0.015872 0.003641903 0.9999904 -0.004402816 -0.000111527 0.9995616 0.01979374 0.0220198 0.9997708 -5.17283e-05 -0.02141255 0.9935516 -0.02980548 -0.109393 0.9997201 0.01947474 -0.01342862 0.998387 -0.05432909 -0.01648688 0.9999696 0.007738232 -0.001057386 0.9837598 0.04642254 -0.1733829 0.999932 0.01156431 0.001498341 0.9809681 -0.03055965 0.191749 0.9994052 -0.03337371 -0.008689641 0.9983341 -0.02876567 0.05001622 0.9999374 -0.004446148 -0.01027327 0.9999693 -0.001608788 -0.007661044 0.9884019 -0.1469323 -0.03837305 0.999875 0.01010233 -0.01216447 0.9882287 0.1028087 -0.1132886 0.992146 0.1203583 0.03405982 0.9991626 0.03277283 -0.02449291 0.9999376 -0.000538948 -0.01115643 0.9996156 -0.02228993 -0.01649022 0.9977548 0.01956868 0.06405019 0.9990398 -0.01472628 -0.04126328 0.9999936 0.00079042 -0.003504693 0.9998018 -0.01471298 0.01340532 0.9794157 -0.05256098 0.1948907 0.9991634 0.03958439 0.01027393 0.999961 0.005633354 0.006808757 0.9974203 -0.01516038 -0.0701642 0.9995993 0.008695006 0.02693283 0.9922782 -0.0146737 0.1231619 0.9999996 0.000905056 -7.64626e-05 0.9986987 -0.04935407 -0.01284927 0.9987239 0.03631907 -0.03509157 0.9999911 -0.003531932 0.002317368 0.9999749 -0.000851264 -0.00704652 0.9998958 -0.01351088 -0.005091309 0.05949074 -0.932178 -0.3570783 0.9985284 -0.03637105 -0.04022783 -0.02522379 -0.9911463 -0.1303564 0.01310688 -0.7156932 -0.6982918 0.01391363 -0.7153294 -0.6986489 1 1.20975e-05 0.000123287 0.07113558 -0.7057901 -0.7048406 0.000534875 0.7101958 -0.704004 1 2.27465e-05 0.000110993 1 1.21381e-05 5.4205e-06 0.0480042 0.3400858 -0.9391683 0.04083716 0.3459023 -0.9373814 0.9999913 0.000147817 -0.004167795 0.9983476 -0.05005764 0.02821552 0.9999968 0.001658916 -0.001915633 0.9997556 -0.01518857 0.01606857 0.0454095 -0.956582 0.2879043 0.9962882 0.07078176 -0.04898768 0.01545047 -0.9350361 0.3542159 0.993981 -0.1093837 0.006083607 0.9999921 -0.003724634 -0.001397728 0.9999985 -0.001393318 0.001001715 0.9999892 -0.002501428 -0.003915488 0.9968283 0.05961197 -0.0527237 0.03097552 -0.04794931 -0.9983693 0.02221888 -0.02744674 -0.9993764 0.9990952 0.002114415 0.04247796 0.9996234 0.01490604 0.02303975 0.9994528 -0.008267164 0.0320273 0.9979591 0.0427652 0.04742038 0.999993 -0.002108514 -0.003065168 0.9999641 0.00648576 -0.005465984 0.9999747 -0.003991842 0.005895674 0.9985601 -0.03512316 0.04054772 0.9982752 -0.03741794 0.04523777 0.001515865 0.4086487 -0.9126904 0.9995194 -0.01275897 0.02825397 0.9995426 -0.01364564 0.0269894 0.01488411 0.3439638 -0.938865 1 -2.64266e-05 -0.000120892 0.003476738 -0.1243219 -0.9922359 0.00746566 -0.5685316 -0.8226276 -0.000408891 -0.5255531 -0.8507608 1 -3.46588e-05 -7.37275e-05 1 1.44601e-06 -1.55085e-06 -0.002945542 -0.8568063 -0.51563 0.9998034 -0.01698124 -0.01023626 -0.004526019 0.8564249 0.5162519 1 0 -0 -0.007308185 0.909583 0.4154579 0.9970475 0.04033672 0.06534028 -0.009968042 0.7976279 0.6030675 -0.007354319 0.7207236 0.6931835 -0.005309939 0.7918011 0.610756 0.9997305 -0.01838499 -0.01418125 0.9983094 -0.0416851 -0.04050636 -0.004861414 0.7171655 0.696886 0.9996989 -0.02188438 0.01109778 0.999726 -0.01849669 -0.0143432 0.9994549 -0.005915045 -0.03247803 0.9999838 0.004569053 0.003395736 0.9994053 -0.006810009 -0.03380614 0.9993933 -0.005952656 -0.03431624 0.9997353 -0.01456695 -0.01781266 0.9997963 -0.01090824 -0.01697939 -0.003730297 0.5405052 0.8413324 -0.005061924 0.6330458 0.7740978 -0.01078605 0.4539476 0.8909631 -0.999656 0.007668197 0.02508193 -0.9995716 0.00834316 0.02805757 -0.9999984 0.000726896 0.00160098 -0.9999555 0.005029618 0.007991373 -0.9999986 0.000135371 0.001650691 -0.9995525 -0.006939649 0.02909833 -0.9998641 -0.004526793 0.0158565 -0.9977084 -0.00848627 0.06712597 -0.9996869 -0.005589127 0.02438533 -0.08919012 -0.01423239 0.995913 0.03773623 -0.1102344 0.993189 0.1484698 -0.1311152 0.9801865 0.999979 0.006446599 0.000570028 1 0 -0 1 3.26047e-05 0.000107809 0.999833 0 0.01827615 1 -4.45583e-06 4.04299e-06 1 3.60136e-06 -1.07644e-05 0 0.317276 -0.9483332 0 1 -0 0.001901566 0.9999915 -0.003666341 1 -8.84903e-06 8.25979e-06 -0.006966352 0.915244 0.4028398 -0.009344696 0.9178388 0.3968433 0.9983007 -0.04162651 -0.04077988 0.999701 -0.02247828 -0.009616315 0.9995741 -0.02837377 -0.006829977 0.9999721 -0.006178259 -0.004199266 0.9999896 -0.002930164 -0.003506243 0.999974 -0.007127583 0.001141488 0.9993202 0.02004456 -0.03094285 0.9994109 0.02717792 -0.02095556 0.9992331 0.000976765 0.03914463 -0.004461646 -0.791919 0.6106098 -0.006294608 -0.8581159 0.5134176 0.9997566 0.003378272 0.02179938 -0.007949709 -0.8564066 0.5162408 -0.007927119 -0.906082 0.4230278 -0.9996669 -0.01873451 0.01775395 -0.9999972 -0.00216645 -0.000984559 -0.9999969 -0.00155723 -0.001936078 -0.9999909 -0.000662155 -0.004238009 -0.9999893 -0.000554789 -0.004607737 -0.131511 0.9024938 0.4101339 -0.999939 -0.01101511 -0.000779548 0.1906487 0.9792092 0.06929945 -0.2891416 0.9523155 -0.09742808 -0.7014248 0.7091279 -0.07169985 -0.6774 0.5952434 -0.4322203 0.2834345 0.8767774 -0.3884923 -0.2844613 0.7763858 -0.5624117 -0.9996523 -0.0241062 0.01068121 -0.9972923 -0.05252712 0.05146706 0.28439 0.5647691 -0.7746987 -0.9992101 -0.02341002 0.0321117 -0.2893837 0.3915024 -0.873489 -0.7013815 0.2923039 -0.6500942 -0.7391006 0.357657 -0.5707992 -0.2845164 -0.098854 -0.9535608 -0.6773514 -0.07668274 -0.7316522 0.283317 0.1016315 -0.953626 -0.9992566 -0.0040856 0.03833609 -0.9998594 -0.0113328 0.01236271 -0.8978006 -0.2650417 0.3517199 -0.9999959 0.001163899 0.00262767 0.2844449 -0.3882676 -0.8765497 -0.2899878 -0.5612027 -0.7752152 -0.9999942 0.002747178 0.002003967 0.2837101 -0.7746934 -0.5651185 -0.2850223 -0.8753744 -0.3904894 -0.6770728 -0.6724167 -0.2990455 -0.7410358 -0.671438 -0.006080806 -0.7233073 -0.6894623 0.03831768 -0.1883393 -0.8910972 0.4128851 -0.688707 -0.6611412 0.2976157 -0.1445525 -0.9872851 0.06612581 0.1329796 -0.9731312 0.187968 0.1858813 -0.9692654 -0.1611606 -1 0 -0 -0.9999719 0.00739336 0.001229286 -0.9999571 0.009203135 0.001016974 0.2729318 -0.7490999 0.6036204 -1 0 -0 -0.175487 -0.6337561 0.7533642 -0.7062689 -0.4494186 0.5469985 0.1399742 -0.3444878 0.9282971 -0.7139381 -0.2415463 0.6572273 -0.7422744 -0.3162067 0.5907979 -0.9999998 2.39685e-05 -0.000669492 -0.6812405 0.08596253 0.7269951 -0.7341321 0.3223363 0.5976198 -0.698283 0.4187071 0.5805906 -0.1131782 0.5823953 0.8049885 0.1031461 0.6234074 0.7750639 -0.1053894 0.90789 0.4057448 -0.6779583 0.6715531 0.2989804 -0.07920211 0.1100819 0.9907619 0.08215469 -0.3597121 0.9294396 -1 0 -0 0.108884 0.1534495 0.9821392 -0.701192 -0.4174055 -0.5780161 -0.7392593 -0.3149756 -0.5952194 0 -0.6412178 0.767359 0.001454234 -0.5429124 0.8397881 0 -0.540509 0.8413382 -0.005527675 -0.451735 0.892135 -0.01279777 -0.4412665 0.8972848 -0.003714442 -0.3275037 0.9448426 1 0 -0 1 -9.44126e-06 5.76696e-06 1 0 -0 1 -3.75539e-06 4.27299e-05 0.006911933 0.9077369 -0.419483 0.002096951 0.916964 -0.3989644 1 0.000192751 0.000226745 0.1122519 0.2589223 -0.9593533 0.01331138 0.3398169 -0.9403974 1 0 -0 0 0.3349807 -0.942225 -0.004410386 0.3591364 -0.9332746 1 0 -0 -7.44989e-05 -0.3219811 0.9467461 -0.08791375 -0.2246794 0.9704589 0.001818418 -0.3358703 0.9419065 0 0.4007494 -0.9161878 0 0.5175586 -0.8556478 -0.0111159 0.5340164 -0.8454011 1 2.25411e-05 3.78549e-05 0.01462602 0.8177544 -0.5753815 0.9979143 -0.0569908 0.03031796 0.9993307 -0.0351969 0.009970963 -0.01443183 0.9590258 -0.2829508 0.01533544 0.9919609 -0.1256117 1 -4.87646e-05 1.69945e-06 -0.01419299 0.4158657 -0.9093153 1 6.68392e-06 -1.46148e-05 1 1.00641e-05 -1.77795e-05 -0.005127012 -0.6330456 0.7740976 0.9997812 0.01130533 -0.01759755 0.9997044 0.0153923 -0.01882195 0.9997305 0.0143668 -0.01823246 -0.005127191 -0.7170152 0.6970387 -0.00710988 -0.7141451 0.6999617 0.9996156 0.01988077 -0.01932686 0.9901478 0.1288859 -0.05473268 0.9990994 -0.009919047 -0.04125654 -0.007087826 -0.7886046 0.6148599 -0.9996395 -0.02294617 0.01394647 -0.7407822 0.6711031 0.0293675 -0.9992442 0.03633803 -0.01380527 -0.999999 0 0.001436591 -0.9990342 0.003382503 -0.04381048 -0.9970367 0.0163744 -0.07516521 -0.9879124 4.10892e-07 -0.155013 -0.9995324 0.02201473 -0.02122104 -0.9999979 -0.001616418 0.001213312 -0.9998587 -0.008394002 0.01455867 -0.9999358 -0.005144536 0.01010411 -0.9996635 0.01918488 0.01745671 -0.9998654 -0.01531291 -0.005896568 -0.999494 -0.03078752 -0.007980942 -0.9961432 -0.08688819 -0.01221239 -0.9991622 -0.03953009 -0.01059484 -0.9937552 -0.07315689 -0.08425343 -0.9992018 -0.02660387 -0.02980053 -0.9999966 0.001962006 0.001731097 -0.9993864 -0.03329133 0.01088869 -0.9984915 -0.05284041 0.01491993 -0.9947668 -0.1000707 0.0206092 -0.930387 0.2397998 0.2772654 -0.9999961 0.001113831 -0.002578437 -0.9999984 -0.001537322 -0.000986182 -0.005384862 -0.8840487 -0.4673638 -0.005334019 -0.9330008 -0.3598349 -0.003839313 -0.9319054 -0.3626811 1 0 -0 1 1.31381e-05 6.11793e-05 -0.005699336 -0.8843635 -0.466764 1 -8.69726e-05 -4.59038e-05 -0.01517862 0.8469317 0.531485 0.01195847 0.5804413 0.8142143 1 3.18949e-05 4.09582e-05 0.01563835 0.1265603 0.9918356 -0.01570141 0.2926937 0.9560773 0.999179 -0.01147717 -0.03885376 0.9990948 -0.01302564 -0.04049557 0.9994765 0.005078732 -0.03195345 0.9970061 0.04947572 -0.05942147 0.9979966 0.04313647 -0.04627984 0.9991174 -0.002684414 -0.04192107 0.9996232 -0.01497679 -0.0230028 0.03135073 0.05998587 0.9977068 -0.02393597 0.4324767 0.9013273 0.9994482 0.008062899 -0.03222048 0.9979652 -0.0427587 -0.04729795 0.03509449 0.6701917 0.7413579 -0.003023028 0.7101467 0.7040472 0.003402829 0.901179 0.4334337 0.9987431 -0.04517757 -0.02170246 -0.01967185 0.9293536 0.3686664 0.9994531 -0.03113675 0.0111407 0.999133 -0.04011493 -0.01113754 -0.007889509 0.9253812 -0.3789557 0.007198929 0.9091573 -0.4163907 0.9987216 -0.04596453 0.02103459 -0.003582775 0.8181455 0.5750001 0.003289282 0.8408243 0.5412982 1 0.000135723 6.34803e-05 0.00357002 0.5100147 0.8601583 -0.004201352 0.5016142 0.8650813 1 0 -0 1 0 -0 -0.00445497 -0.4917584 -0.8707203 0.9998174 -0.01896238 0.002377927 0.9996318 0.01594793 0.0219503 -0.009667932 -0.5010323 -0.8653747 -0.005765616 -0.5877782 -0.8090016 -0.006752252 -0.5894951 -0.8077439 0.9996129 0.01881116 0.02049559 -0.004845857 -0.6761758 -0.7367245 0.9995728 0.02035087 0.02098226 0.9972873 0.02331113 0.06981801 0.9985221 0.04107725 0.03558355 0.9998988 0.01196724 -0.007691025 0.9989875 0.04406172 0.009088993 0.9997476 0.0197671 0.01068216 -0.007093548 -0.7584851 -0.6516517 -0.005121052 -0.8254097 -0.564511 -0.005119502 -0.7558314 -0.6547464 0.9997138 0.01974874 0.01350647 -0.007080316 -0.679552 -0.7335932 -0.9973176 -0.04881787 -0.05454015 -0.9990632 -0.03283017 -0.02819544 -0.998863 -0.03852283 -0.0280838 -0.2811385 0.5717222 0.7707755 0.2815306 0.3887194 0.87729 -0.9997063 -0.009818494 -0.02215909 -0.7099683 0.1195738 0.6940081 -0.1851929 0.1646062 0.9688181 -0.6785396 0.4375764 0.5900092 -0.9999979 -0.000713443 -0.0019266 -0.7389981 0.5809366 0.3411664 -0.7047405 0.6510314 0.2819555 0.2813193 0.9542106 0.1016938 -0.2720084 0.9563922 -0.1064208 -0.6787136 0.7294554 -0.08510398 -0.7368266 0.5937624 -0.3233152 0.2844449 0.8765497 -0.3882676 -0.2899878 0.7752152 -0.5612027 -0.7015116 0.5777617 -0.4172205 0.2837101 0.5651185 -0.7746934 -0.2849642 0.3905171 -0.875381 -0.6770439 0.2990795 -0.6724306 -0.7388525 0.02365249 -0.6734519 -0.7010947 -0.07275938 -0.7093464 0.08760243 -0.1889233 -0.9780766 -0.1953738 -0.1015138 -0.9754609 -0.1054213 -0.5840533 -0.8048404 -0.6772304 -0.4330025 -0.5948681 -0.9999999 0.000211658 -0.000298649 -0.7390388 -0.5709948 -0.3574726 -0.7012938 -0.6503727 -0.2918944 -0.1134336 -0.9070532 -0.405447 0.1031085 -0.9276215 -0.3590084 -1 0 -0 -0.9997475 0.02230858 -0.002686023 -0.9998663 0.01615452 -0.002523958 0.108447 -0.9821864 0.1534569 -0.1056474 -0.9889819 0.1036994 -0.6775486 -0.7313625 0.07769709 -0.7404824 -0.5877313 0.3259723 -0.7210341 -0.5801029 0.3789332 -0.6890969 -0.4238061 0.5878212 -0.1886035 -0.5655536 0.802856 -0.9999909 0.003306269 -0.00265932 0.1790032 -0.7666345 0.6166274 -0.09607785 -0.8269607 0.5539901 -0.9999942 0.001419603 -0.003123819 0.1712302 -0.4076169 0.8969552 -0.9999929 0.000265511 -0.003751695 -0.1030762 -0.1740044 0.9793354 0.1330441 -0.06996673 0.9886374 -0.9993733 -0.02428483 -0.02575272 -0.710192 -0.1142003 0.6946839 -0.7425866 0.003811299 0.6697391 -0.9999817 0.005783081 -0.001777946 -0.999387 -0.01013547 -0.03350847 -0.9999874 -0.00314939 -0.003889799 -0.9993514 0.02683264 0.02401679 -0.9999921 -0.003996789 -9.64289e-05 -0.9649652 0.2064982 -0.161866 -0.9999981 0.00194925 -0.000115828 -0.9994398 0.009495258 -0.03209263 -0.9999876 0.003099679 -0.00390011 -0.999957 -0.008391261 -0.003945469 -0.9993787 0.02363151 0.02614879 -0.9996148 -0.008885443 -0.02629029 -0.9996478 -0.02156645 -0.01546514 -0.9998595 -0.01062709 0.0129674 -0.9950934 -0.01701134 -0.09746718 -0.9995917 0.02287185 -0.01712828 -0.9962907 0.01524651 -0.08469027 -0.9962146 -0.06542479 0.05723732 -0.9993681 0.009837985 -0.03415679 -0.9998388 -0.009177446 0.0154345 -0.9999939 -0.002403855 0.002502858 -0.9994484 0.008585572 -0.03208237 -0.9922642 -0.01285809 -0.1234774 -0.9985016 0.03492403 -0.04212892 -0.9999976 0.001746714 0.001319706 -0.9996765 -0.01845306 -0.0175054 -0.9974302 -0.04580301 -0.05509394 -0.9999987 0.001354753 -0.000856992 -0.9896218 0.08348774 0.116955 -0.9998813 -0.01167494 0.01004642 -0.9978364 -0.0475043 0.04545223 -0.9999262 0.005580961 0.01079124 -0.9999967 -0.001026928 -0.002350568 -0.9994342 -0.02339941 0.02416175 -0.9998471 0.01011228 0.01426482 -1 3.59268e-05 0.000244222 -0.9997999 -0.000915732 -0.01998418 -0.998448 0.01005846 0.05477786 -0.9984996 0.001515328 -0.05473697 -0.9955343 -0.02123945 -0.09198009 -0.9976038 0.005927979 -0.0689314 -0.9874504 -0.1576305 0.009717583 -0.99465 -2.86587e-07 -0.1033024 -0.9883202 -0.1490654 -0.03166502 -0.9996454 -0.02601385 0.005675137 -0.9434864 -0.2640038 0.200338 -0.9926714 -0.09566503 -0.07383573 -0.9893675 0.007262408 0.1452557 -0.9946571 0.08056157 0.06455373 -0.9999548 0.003144323 0.008962929 -0.9987146 0.04881471 0.01364612 -0.9991956 0.03839051 0.01158338 -0.007867932 0.9810482 0.1936037 -0.005095481 0.9518009 0.3066742 -0.002893328 0.979912 0.1994094 -0.004969835 0.9807626 0.195141 -0.000576832 0.9964829 0.08379465 -0.008912622 0.9989556 -0.04481369 -0.01600205 0.997027 0.07537317 0.05756711 0.9981092 -0.02154165 -0.9956291 0.09148353 0.01879876 -0.9980883 0.06071853 -0.01153981 -0.05651664 0.9890035 -0.1366671 -0.002792119 0.9810969 -0.1934973 -0.005326211 0.9661831 -0.2578017 0.007187604 0.9722187 -0.2339639 1 0 -0 -0.003841817 0.9319055 -0.3626811 1 0 -0 -0.005342125 0.9307844 -0.3655296 1 0 -0 1 0 -0 -0.003838419 0.8843709 -0.466769 -0.009899914 0.8784939 -0.477651 -0.008111059 0.8254913 -0.5643566 -0.007199466 0.8265594 -0.5628035 -0.9998732 0.01108199 -0.01143217 -0.9999963 0.002471983 0.001123368 -0.9999952 0.001942455 0.002415001 -0.9999727 0.001142024 0.007309615 -0.9999633 0.001024365 0.008508086 0.108884 -0.1534495 -0.9821392 -0.07920211 -0.1100819 -0.9907619 -0.6812405 -0.08596253 -0.7269951 -0.7124833 0.2783573 -0.6441155 -0.7359372 0.3174321 -0.5980245 -0.0809803 0.3954038 -0.9149307 -1 0 -0 0.08197194 0.7760426 -0.6253307 -0.08134484 0.7997285 -0.5948255 -0.6748271 0.5921744 -0.4403838 -0.1727477 0.9783343 -0.114106 -0.7095566 0.699912 -0.08156388 0.07054269 0.9794053 -0.1891799 -0.9998887 -0.01471924 -0.002447366 0.1803686 0.9702784 0.161329 -0.9997636 -0.02161347 -0.002388298 -1 0 -0 -0.999986 -0.004947602 -0.001873672 -0.9999879 -0.003971397 -0.002897024 -0.00783056 0.5832134 -0.8122813 -0.007832884 0.4917482 -0.8707022 -0.006296694 0.4944195 -0.8692006 -0.004816293 0.3885945 -0.9213963 -0.004456639 0.389275 -0.9211108 -0.003244996 0.2946773 -0.9555913 0.9999999 -0.000152906 0.000495848 1 5.85681e-06 -1.38585e-05 0.9999998 -0.000360812 -0.000497175 0.01162111 -0.9076979 0.4194634 0.002346098 -0.9260285 0.3774464 1 -0.000192751 -0.000226745 0.1122519 -0.2589223 0.9593533 0 -1 -0 1 0 -0 0 -0.317276 0.9483332 -0.00864017 -0.3820876 0.9240857 0.9999998 0.000579216 -0 0 -0.3349807 0.942225 -0.00210148 0.2976346 -0.9546775 -0.05067831 0.2787129 -0.9590364 0.03820288 0.1801891 -0.9828898 -0.009970486 0.1663392 -0.9860182 0.01049393 0.05898278 -0.9982038 0.9996443 0.004455327 -0.02629441 0.9999555 -0.008598446 -0.003882467 0.9999109 0 -0.01335197 0.9996534 -0.004229009 -0.0259844 0.9999006 0.002593874 -0.01385635 -0.01117825 -0.05537956 -0.9984028 0.01195043 -0.1766628 -0.9841989 -0.001672506 -0.05238795 -0.9986255 -0.02687466 0.04769462 -0.9985004 0.0309 -0.1721496 -0.984586 -0.05889034 -0.2800498 -0.9581775 -0.006170749 -0.3941959 -0.9190057 -0.003792643 -0.300238 -0.9538568 -0.003490388 -0.3892775 -0.9211139 1 0 -0 1 0 -0 1 0 -0 0.004410386 0.3591364 0.9332746 1 0 -0 0 0.9999974 -0.002279877 0 0.2633064 0.9647122 -0.002316892 0.9999973 -0 1 4.95024e-05 -6.709e-05 0.002644658 0.9252828 0.3792686 -0.009138166 0.3713283 0.9284567 0.001977026 0.354648 0.9349977 1 0 -0 1 -0.000189423 -0.000278719 0.0519433 0.3335835 0.9412884 -0.006898999 0.9073343 0.4203531 0 0.3349807 0.942225 0 1 -0 1 0 -0 1 0 8.86877e-06 0.000126302 -0.9999999 0.000243514 -0.01411718 -0.4158661 0.9093163 0.01334911 -0.3397872 0.9404076 1 -2.05109e-07 6.13067e-07 1 -3.66979e-07 8.02421e-07 -0.01060521 -0.919581 -0.3927574 -0.007040023 -0.9154194 -0.4024398 1 -3.51324e-05 5.12495e-05 1 -6.00124e-07 1.00095e-06 -0.01824009 -0.5427351 0.8397058 0 -0.5142131 0.8576624 0.9999997 0.000773237 -0.000232082 -0.02506774 -0.9703065 0.240576 0.02202624 -0.7986781 0.6013553 0.999458 0.0328406 -0.002265512 0.9991012 0.04116773 -0.01010143 0.9993426 0.03612327 0.003070354 0.9994181 -0.0227226 0.02543729 0.9997606 -0.01286184 0.01770269 0.9999238 -0.004738509 0.01139831 0.9998244 -0.001759171 -0.01865899 0.9999886 0.004671335 0.000992322 0.9941788 -0.07187288 -0.08026701 0.9991989 0.011258 -0.03840392 0.9995967 -0.001257479 -0.028369 0.03179883 0.04672473 0.9984016 0.9995098 0.02503281 0.01879996 0.9982316 -0.01094341 0.05842924 0.9953298 -0.02573126 0.0930404 0.008498847 -0.623394 0.7818616 -0.001241087 -0.6123456 0.7905892 0.9991834 0.03379201 -0.02214759 0.9999893 0.00424546 0.001838624 0.9999873 0.001582741 0.004788279 0.9999487 -0.005698382 -0.008376002 0.9028726 0.4001947 -0.157052 0.9985324 0.04039996 -0.03606826 1 -2.28031e-05 -4.88589e-05 0.04788494 -0.1365455 -0.9894758 -0.02952653 0.1308331 -0.9909647 -0.02111881 -0.4228262 -0.9059647 0.04510313 -0.5833481 -0.810969 -0.006852567 -0.8003475 -0.5994971 0.9881094 -0.1092684 -0.1081677 0.02725619 -0.9865137 -0.1613938 0.002450644 -0.993762 -0.1114945 0.004058182 -0.7905833 -0.6123411 0.9925649 0.009973108 -0.1213075 0.06233304 0.3732077 -0.9256515 0.01706767 0.7038915 -0.7101024 0.04074186 0.7068052 -0.706234 0.9999995 -0.000810565 0.000637366 0.9999898 0.004449665 0.00078948 0.01624321 0.9231526 -0.3840904 -0.01359945 0.9346639 -0.3552722 0.9999976 0.002190291 0.000162706 0.01607942 0.9971989 0.07304656 0.09008026 0.9958433 -0.01347827 0.1715967 0.9851635 -0.002742111 0.09096974 0.9193688 0.3827343 0.01614379 0.8918302 0.4520822 0.9853269 0.1229496 0.1183823 0.05330282 0.3833194 0.9220765 0.001317203 0.2637578 0.9645881 0.03027576 0.694428 0.718925 0.008414387 0.70135 0.7127674 1 -2.77413e-05 3.88172e-05 1 7.69709e-05 3.5735e-05 1 -3.26603e-05 -1.85693e-05 1 0.000123593 -7.33103e-05 0.1070801 -0.978814 0.1745196 -0.04292428 -0.9973424 0.05887097 1 -1.94927e-05 3.47549e-06 1 -1.07047e-05 6.31874e-07 0.05865126 -0.9953294 0.07667827 1 -1.36038e-05 -8.03001e-07 0.04006952 -0.9974607 -0.05887794 -0.03483664 -0.9965549 -0.07526415 0.9999942 0.003233671 0.001102089 0.003071844 0.002779126 0.9999915 0.001724183 -0.001408517 0.9999975 1 0 -0 -0.01121062 -0.9754521 0.219926 -0.007890343 -0.977249 0.2119484 0.9999997 0.000507972 -0.000711895 1 -8.17018e-05 0.000112366 0.9999967 0.002529501 0.00038944 0.005103647 -0.01256096 -0.9999081 0.001198112 -3.06981e-07 -0.9999992 -0.006103754 -0.9811943 -0.1929261 1 0 -0 0 -0.9786235 -0.2056602 1 0 -0 0 -0.9571647 -0.2895443 0 -0.9571647 -0.2895443 1 0 -0 1 -2.21468e-05 -6.69946e-06 0.09522801 -0.9800004 -0.1747311 1 -1.73804e-05 -3.09888e-06 1 -2.75942e-05 -1.20511e-05 0 -0.9164175 -0.4002236 1 -3.11044e-05 -1.72663e-05 0 -0.8592177 -0.5116102 0 -0.9164175 -0.4002236 1 0 -0 1 0 -0 1 -4.5041e-05 2.64819e-05 1 -3.54812e-05 1.54956e-05 1 -2.6349e-05 7.97064e-06 0.003378391 -0.8568814 0.5155024 1 0 -0 -0.003339231 -0.5742079 0.8187028 0.006913959 -0.5186222 0.8549756 -0.01297563 -0.1086745 0.9939927 0.9999332 -0.009827554 -0.006084263 0.9996576 -0.02542519 -0.006182968 0.0239728 0.1111097 0.993519 0.9980212 -0.02342653 -0.05835127 1 -0.000110538 0.000352121 1 0 -0 0 -0.8596522 0.5108799 1 0 -0 -0.01193648 -0.9244363 0.3811497 0 -0.9164175 0.4002236 0.01237535 -0.9570913 0.2895221 0.005619645 0.4097878 0.9121636 0.9986924 -0.02101528 -0.0466026 -0.005597174 0.378822 0.9254527 9.80078e-05 0.2779911 0.9605836 0.02583795 0.4080808 -0.9125801 -0.01685422 0.3221157 -0.9465503 -0.00104618 0.695367 -0.718654 0.01184409 -0.1262103 0.9919328 0.0204122 -0.1433198 0.9894659 0.1158437 -0.1967369 -0.9735885 0.07981491 -0.2241614 -0.9712781 0.9999999 -0.000515484 0.000240584 -0.0295217 -0.9057718 0.4227363 0.04973602 -0.7918981 0.6086245 0.04526621 -0.9923362 0.1149776 0.9945606 -0.09965234 0.03030651 -0.01524901 -0.6914149 0.722297 0.9999942 -0.002353787 0.00245893 0.9987431 0.02170348 -0.04517966 0.02423399 -0.4333093 0.9009194 0.9994533 -0.01121377 -0.03110104 0.9979591 0.04742062 -0.04276537 0.9994528 0.03202712 0.008266687 -0.02417367 -0.9013222 0.4324741 0.9990612 0.04329562 -0.001572787 0.03258675 -0.9988186 0.03604769 0.9996234 0.02304142 -0.01490175 0.01245462 -0.9954046 -0.09494441 0.0291593 -0.9991722 0.02836531 0.9999375 0.0109384 0.002320706 0.9963982 0.0664612 0.05266529 0.9981347 0.04432392 0.04197907 0.9996912 0.022839 0.009791076 0.7681197 -0.6399213 -0.02220261 0.03595459 -0.7421635 0.6692538 -0.03569287 -0.1783132 0.9833263 0.9996246 -0.02070575 0.01794385 0.9987768 -0.03104525 0.03848659 -0.005129873 0.7556995 -0.6548984 -0.006746232 0.7535017 -0.6574113 0.9983809 -0.03846299 0.04190725 -0.004864275 0.6761757 -0.7367244 0.9988152 -0.04794484 0.008346319 -0.007089853 0.672781 -0.7398077 -0.9987624 0.03443658 -0.03588521 -0.9971865 0.05563646 -0.05023658 -0.9970648 0.04510247 -0.06186741 0.28439 -0.5647691 0.7746987 -0.1929889 -0.434036 0.8799818 -0.7210645 -0.312991 0.6181443 -0.6890437 -0.07244706 0.7210896 -0.6773998 -0.5952436 0.4322204 -0.7405248 -0.3460692 0.5760723 0.2834345 -0.8767774 0.3884923 -0.2844613 -0.7763858 0.5624117 -0.9998482 0.01592946 -0.007058203 -0.99993 0.01180338 0.000835339 0.1906487 -0.9792092 -0.06929945 -0.2891416 -0.9523155 0.09742808 -0.7014248 -0.7091279 0.07169985 -0.7407826 -0.6711025 -0.02936851 -0.6779578 -0.6715534 -0.2989805 -0.9999999 0.000311112 0.00012238 -0.1053894 -0.90789 -0.4057448 -0.6982828 -0.4187072 -0.5805907 -0.1131782 -0.5823953 -0.8049885 0.1031461 -0.6234074 -0.7750639 -0.7341321 -0.3223368 -0.5976195 -0.131511 -0.9024938 -0.4101339 -0.999999 -0.001230239 -0.000737486 -0.6782396 0.6744324 0.291774 -0.7096775 0.4513605 0.5409542 -0.1851992 0.627788 0.7560313 -0.7426797 0.3376387 0.5782967 -0.7103515 0.2482499 0.6586142 0.1788097 0.39847 0.8995825 -0.04219514 0.3393988 0.9396957 -0.9998484 0.01193976 -0.01266849 -0.9999926 -0.001561462 -0.003525197 0.05817896 -0.1057941 0.9926847 -0.9998899 0.001573324 -0.01476275 0.1466065 -0.08319914 0.9856898 -0.7401992 0.6723427 -0.007770359 -0.2814612 0.8806734 0.3810434 0.2816464 0.7751846 0.5654768 0.9997965 0.01661843 0.0114367 -0.005109906 0.5877804 -0.8090045 0.01908755 -0.9981559 -0.05762386 1 5.11292e-06 1.82602e-07 0 -0.4008202 0.9161568 1 -6.62219e-05 -2.36504e-06 1 5.98947e-05 -0.000106051 0.08215469 0.3597121 -0.9294396 -1 0 -0 -0.9998592 0.01562803 -0.006111443 -0.9991837 0.03892368 -0.01081484 -0.9989321 0.04504209 -0.01029795 -0.003836989 0.9510158 0.3091185 -0.005423784 0.9080209 0.4188897 -0.9999963 0 0.002708911 -1 0 -0 -1 0 -0 -0.9926386 0.0133025 -0.1203814 -1 0 -0 -0.9999039 -0.01376944 0.001657843 -0.08131814 0.594762 0.7997784 0.08235806 0.6253107 0.7760179 -0.6783811 0.4384447 0.5895467 -0.7332195 0.5605908 0.3848729 -0.9999645 0.007899105 0.002934873 -0.6929788 0.6617399 0.2861481 -0.0814777 0.9148465 0.3954963 0.08215469 0.9294396 0.3597121 -0.7082049 0.7016654 -0.07817697 -0.706496 0.7029418 -0.0820741 -0.08103352 0.9899851 -0.1155989 -0.9999908 -0.004276156 -0.000319895 -0.6782481 0.5899828 -0.4380636 -0.08093494 0.8002827 -0.5941357 0.08247697 0.7765653 -0.624615 -0.9999831 -0.004535734 0.003648221 -0.9999863 -0.002170324 0.004775762 -0.08133351 0.3960497 -0.9146199 -0.155217 0.4087131 -0.8993672 0.1952944 0.06923496 -0.9782978 -0.9999405 -0.000770161 0.01088243 -0.9998708 0.009179174 0.01319408 -0.2805152 -0.109606 -0.9535711 0.2815306 -0.3887194 -0.87729 -0.9994064 0.021851 0.02663129 -0.9990442 0.01770782 0.03996437 -0.2721068 -0.5702893 -0.7750666 -0.9995421 0.02445089 0.01782512 -0.9969653 0.05454832 0.05554115 0.2843901 -0.7746987 -0.5647692 -0.2893837 -0.873489 -0.3915024 -0.9998304 0.01831513 0.001951873 0.283317 -0.953626 -0.1016315 -0.2845164 -0.9535608 0.098854 -0.9998775 0.01443481 0.006040215 -0.999954 0.006587326 -0.006978094 0.2843356 -0.8766051 0.3882228 -0.1984723 -0.8147086 0.5448474 0.1549748 -0.5642555 0.8109245 0.05809962 -0.589385 0.8057605 -0.9999684 0.007195472 -0.003384888 -0.04188525 -0.1768026 0.9833547 -0.7099599 -0.1149564 0.6947964 -0.7426316 0.004282474 0.6696864 -0.7097018 0.1207066 0.6940845 0 0.1685405 0.9856947 0.07054269 0.1891799 0.9794053 -0.68895 -0.4235545 0.5881747 -0.9999989 0.000983167 -0.001145541 -0.7404821 -0.5877898 0.3258671 -0.6773403 -0.7316625 0.07668381 -0.6787782 -0.4383094 -0.5891902 -0.7366867 -0.5771977 -0.3523285 -0.7086146 -0.07210087 -0.7019022 -0.7047381 -0.08104932 -0.7048228 -0.7017033 -0.6498048 -0.2921749 -0.7209368 -0.5800584 0.3791864 0 -0.1640042 0.9864596 -0.9982782 0.009441614 -0.05789154 -0.6929941 0.2865082 -0.6615681 0.08204525 0.9846826 -0.1538469 -0.9999241 -0.01217317 0.001901924 -0.73363 0.3868505 -0.5586895 -0.9994207 0.03139603 0.01313698 -0.9990344 0.04380506 0.003372311 -0.9992436 0.01373875 0.03637796 -0.9970024 0.07564735 0.01623743 -0.9996741 0.02131122 0.01405954 -0.9999351 0.001290917 -0.01131701 -0.9999958 -0.002849817 -0.000553169 -0.9549634 -0.04111272 -0.2938616 -0.9999663 -0.008040666 0.001655757 -1 0 -0 0.1089047 -0.6237104 -0.7740317 0.1858549 0.1611614 -0.9692704 -1 0 -0 -0.999976 -0.001136124 0.006833195 -0.9999651 -0.000918849 0.008315145 -0.9999945 -0.001965045 0.002693831 -0.999934 -0.01050156 0.004651665 -0.9999537 -0.00626862 -0.00729233 -0.9999331 -0.01150137 -0.001225709 -0.2805888 0.8807644 0.3814761 0.2817332 0.7753323 0.565231 -0.009601414 -0.8305721 -0.5568283 1 -0.000295751 -0.000290005 0.9999986 0.001256525 0.001104235 0.9999611 -0.00782752 0.004061222 0.9992142 -0.03956514 -0.002316057 0.9996002 -0.01330125 0.0249533 0.007696151 0.9983556 0.05680465 0.007369399 0.9982688 0.05835318 0.9996888 -0.02454173 0.004478573 1 -2.96599e-05 -0.00011148 0.003636121 0.9756858 -0.2191436 0.9673094 0.1783058 -0.1803316 0.9999887 -0.001229763 0.004584908 0.05318421 0.9880086 -0.1449495 0.9991104 0.02770602 -0.03179377 1 -8.9153e-05 6.01872e-05 0.9991576 0.04030412 0.007720172 -0.1197999 0.7826645 -0.6108062 0.1254611 0.4442738 -0.8870627 0.9999967 0.002608478 -0.000131471 0.9999996 0.000475128 -0.000860617 0.9999922 -0.002899348 -0.002684712 0.9999969 -5.80652e-05 0.002514779 0.2350739 0.8639858 -0.4452739 0.8525988 0.5173913 -0.07335966 0.002236366 0.9952837 0.0969814 0.01593846 0.999873 -6.99624e-05 0.9999956 0.002975881 -0.000101881 0.9886484 0.1012869 -0.1109741 0.03546983 0.9749813 -0.2194387 0.03669208 0.7140459 -0.6991368 0.004457354 0.9999887 -0.001683771 0.1741604 0.78508 0.5944052 0.9999986 -0.000623966 -0.001552522 1 0.000177056 -0.000223339 0.1201832 0.8839259 0.4519195 0.07278078 0.8971287 0.4357327 0.9999999 0.000243572 0.000318966 0.9999932 -0.003644347 0.000561068 -0.2133179 0.5793818 0.7866462 0.08483368 0.7514716 0.6542886 0.005145072 0.7094511 0.7047358 0.01649063 0.707252 0.7067692 1 -1.2638e-05 -1.40195e-05 0.9999458 -0.003228962 -0.009898364 0.006200492 0.001414656 0.9999799 0.03120279 0.002813458 0.9995091 0.9999269 -0.003838598 -0.01146006 0.01556831 -0.9998787 0.000379518 0.02219313 -0.7373526 0.6751433 -0.01523089 -0.999884 0.000188744 0.01688104 -0.9998575 0.000184572 0.999816 -0.01507627 -0.01186263 0.01157927 -0.9609414 0.2765095 7.60848e-05 -0.9475323 0.3196599 0.005018115 -0.9872868 -0.1588698 0.9998275 -0.017856 -0.005125463 0.9994305 -0.02123945 -0.02622216 1 3.24725e-06 -1.45172e-05 0.009500622 -0.7132658 -0.7008293 0.01619231 -0.7173866 -0.6964871 0.000970153 -0.2537956 -0.9672574 1 -3.23186e-05 5.93752e-05 -0.007286787 -0.378517 -0.9255657 1 1.17932e-06 -1.52117e-05 0.007060229 -0.4146719 -0.9099436 0.9998973 0.005953729 0.01303941 0.9998418 0.001009047 0.01775574 0.9914041 -0.03063744 0.1271981 0.9999718 0.000608833 0.007496714 0.9946482 0.07341498 0.0726999 0.9995887 0.02852737 0.002951025 -0.002949178 0.09543746 -0.9954311 0.01520949 -0.01778495 -0.9997262 1 7.27954e-05 -0.0001041 0.01277005 0.4813081 -0.8764585 0.000286947 0.5478036 -0.8366069 1 5.37843e-05 -3.17548e-05 0.003566145 0.8568133 -0.5156144 0 0.8596802 -0.5108324 1 1.10859e-06 1.18896e-06 0 0.9164175 -0.4002236 0 0.9164175 -0.4002236 1 0 -0 0 0.9571647 -0.2895443 1 0 -0 0 0.9571647 -0.2895443 1 0 -0 1 0 -0 -0.003845691 -0.9510158 0.3091185 -0.005339145 -0.9500632 0.3120118 -0.003839731 -0.9096002 0.4154669 -0.005334794 -0.9794679 0.2015298 -0.005401134 -0.9964938 0.08349204 -0.003836989 -0.9800859 0.198537 -0.006296336 -0.9963239 0.08543479 1 0 -0 1 0 -0 1 0 -0 -0.003837406 -0.999593 -0.02827054 -0.01046073 -0.9998363 -0.01476168 1 0 -0 1 0 -0 1 0 -0 1 0 -0 -0.005335688 -0.9902006 -0.13955 -0.00383526 -0.9897756 -0.1425817 1 0 -0 1 0 -0 -0.005333364 -0.9679182 -0.251209 -0.003840029 -0.967155 -0.2541584 0 0.9571647 0.2895443 0 0.9164175 0.4002236 1 0 -0 0 0.9164175 0.4002236 0 0.8596527 0.5108787 1 0 -0 1 -4.88957e-06 1.65323e-05 1 -3.18541e-05 -4.29696e-05 1 2.24232e-05 1.26973e-05 -0.003847479 -0.4058077 0.9139504 0.005373597 -0.108852 0.9940434 1 2.98144e-05 4.48463e-06 0.02765613 -0.6915065 0.7218406 -0.00107783 -0.7123993 0.7017736 0.9995135 -0.02078694 0.02325481 0.9976463 -0.03994613 0.05573374 0.9996613 -0.01966792 0.01704478 0.9994769 -0.02821779 -0.01580429 0.0460093 -0.7961218 -0.6033849 0.02111113 -0.735791 -0.6768797 -0.01301687 -0.9601337 -0.2792381 0.0329374 -0.9958623 -0.08469623 1 1.09219e-06 -4.75589e-07 0.03027141 -0.9164273 0.3990548 -0.006257772 -0.9713364 0.2376268 0.999922 -0.004621326 0.01159942 0.06216955 -0.00233972 -0.9980629 0.1552409 0.4565224 -0.8760637 1 0.000121411 -0.000172007 0.03022176 -0.000431009 -0.9995431 0.005106985 -0.999987 -0.00033726 0.020998 0.0351088 0.9991629 0.9997014 0.009494721 -0.02251225 -0.010073 -0.391497 0.9201242 0 0.9571647 0.2895443 1 0 -0 0 0.9844743 0.1755288 0 0.9844743 0.1755288 1 0 -0 0 0.9982624 0.05892527 0 0.9982624 0.05892527 1 0 -0 0 0.9982624 -0.05892527 0 0.9982624 -0.05892527 1 4.32003e-06 -2.55002e-07 1 2.03839e-06 2.14031e-06 0 0.9844743 -0.1755288 0 0.9844743 -0.1755288 1 4.70733e-06 -8.39303e-07 1 0 -0 1 4.95888e-06 -1.50007e-06 1 5.01174e-06 -2.18876e-06 0.03492599 -0.05779051 -0.9977176 -0.03498613 0.1814688 -0.9827741 0.9997807 -0.0144217 -0.01518696 1 7.47689e-05 4.49859e-05 -0.01778727 0.7059402 -0.7080481 0.02749204 0.7435526 -0.6681121 0.9979193 -0.04805141 0.04298996 0.02423399 0.4333093 -0.9009194 0.9987398 -0.02173209 0.04523915 0.99945 -0.03179895 -0.009415626 0.9996175 -0.02329856 0.01490062 -0.02537995 0.9819216 -0.1875792 1 -0.000333893 -7.59051e-05 0.05454766 0.9984685 0.009235501 0.01219254 0.9784079 0.2063231 0.9989853 -0.04503697 -4.65722e-05 0.9992879 0.02988505 0.02303147 1 -3.03732e-05 -6.29474e-06 0.02100431 -0.9789763 -0.2028895 0.03021293 -0.7579414 0.6516225 0.9396389 0.1782423 0.292076 0.1861465 0.3736706 0.9086912 0.999075 0.01632708 0.03978204 0.6740411 0.689656 0.2646569 0.9996602 0.001725733 0.02600932 0.04432308 0.7064365 0.7063872 1 -4.42606e-06 -8.64205e-06 1 0.000130374 -0.000165813 0.01476109 -0.2114977 0.977267 0.0591073 -0.1758983 0.9826322 0.9999985 -0.000793915 -0.001551926 -0.01938277 0.3328084 0.9427953 0.01484858 0.3676745 0.929836 0.9999979 0.001005053 -0.001759052 -0.03064489 -0.7028203 0.710707 0.9970395 0.05104219 0.05750566 -0.00969839 0.9625444 0.2709504 0.02937906 0.929237 0.3683145 0.6747016 0.7380889 0.001630723 -0.002695441 0.9485294 -0.3166775 0.9999998 0.000367406 -0.000531888 1 -8.81171e-05 -8.73603e-05 0.02625161 0.9978497 -0.0600571 0.9995909 -0.02855056 0.001700818 0.9999621 0.003196716 -0.008106112 -0.9999169 0.01068878 0.007214188 -0.9999619 0.008560001 -0.001726627 -0.9996665 0.0142486 -0.02154016 -0.9999346 -0.00908643 -0.006933093 -0.9990788 -0.000451067 -0.04291129 -0.9993212 -0.008723855 0.03579062 -0.9978939 0.00742197 -0.06444203 -0.990816 -0.03255629 0.1312391 -0.9894765 -0.1426732 0.02409499 -0.9974889 -0.006933212 0.07048213 -0.003710985 -0.9452438 0.3263441 0.000165168 -0.9626125 0.2708824 0.9991996 0.03880929 0.009701907 0.999592 0.02850919 -0.001765072 0.9994534 0.03109931 -0.01121675 0.9987431 0.04517918 0.02170324 0.02423399 -0.9009194 -0.4333093 0.995886 -0.09056019 0.003149867 -0.03552973 -0.9831997 -0.179042 -0.01524901 -0.722297 -0.6914149 0.9999879 -0.003550231 -0.003398418 0.03627318 -0.9974355 0.06169795 0.9988628 0.04339522 -0.01975291 0.9986308 0.04863834 -0.01925402 -0.001287698 -0.9952816 -0.09702044 0.007149517 -0.9051621 0.4250064 1 -8.22386e-05 -9.77233e-05 1 0.000226446 0.000388275 0.9999998 0.000290381 0.000459311 0.01698178 -0.5245862 -0.851188 0.9979221 0.05499267 0.03357523 -0.007825851 -0.852946 -0.5219405 0.9997184 0.006866455 -0.02271783 0.02563905 -0.9680167 -0.2495722 -0.004225909 -0.5024712 -0.8645836 1 2.19423e-07 -1.3369e-06 -0.009142935 -0.3713282 -0.9284567 1 0 -0 1 0 -0 0.001977026 -0.3546509 -0.9349967 0.002637624 -0.9348717 -0.3549758 1 0 -0 -0.01163095 -0.9072946 -0.4203346 0.9999998 -0.000257095 -0.000693495 0 -0.9999999 0.000475549 0 -0.2633064 -0.9647122 -0.000481462 -0.9999999 -0 0.9999997 -0.000709108 -0 -0.006995856 0.2534894 0.9673129 0.002805829 0.3249028 0.9457433 1 -7.64715e-07 -7.79824e-06 1 -3.3539e-06 -9.43377e-06 0 -0.3349807 -0.942225 0 -0.999997 0.002474963 -0.04617613 0.2102852 0.976549 -0.007672667 0.2210156 0.9752401 0.0733636 0.09155404 0.993094 -0.009827196 0.1125476 0.9935978 0.9997303 0.001635551 0.02316707 0.9998943 -0.01334738 0.00576961 -0.005321264 0.3400343 0.940398 0.008662045 -0.3822057 -0.9240367 0.051952 -0.333595 -0.9412839 -0.003841459 0.4413004 0.8973513 0.999279 -0.02640575 0.02728021 0.009963691 -0.9099949 0.4144998 0.02989584 -0.7174009 0.6960189 0.01079738 -0.712163 0.7019311 -0.006739914 0.6356825 0.7719212 -0.008618414 -0.0398612 -0.9991681 0.9995437 0.001307666 0.03017854 0.03595459 -0.6692538 -0.7421635 -0.02417367 -0.4324741 -0.9013222 0.9999843 -0.003478825 -0.004414319 0.9952227 -0.07594376 0.0613532 0.009499132 -0.7046839 -0.7094579 0 0.999974 -0.007219433 0 -0.9999999 0.000492481 -0.000643157 0.9999943 -0.00331521 0.3738645 0.6575607 -0.6540942 -0.01845127 0.710035 -0.7039247 0.9701464 -0.1638597 0.1787906 1 -0.000118462 4.38801e-05 -0.01332616 0.7020324 0.7120202 0.00021263 -0.9999991 0.001397132 0.01370936 -0.8181994 0.5747711 -0.999999 7.51389e-05 0.001425147 -0.9999989 -8.64451e-05 -0.001461625 0.9998262 -0.01765429 0.005987584 0.9980103 -0.06223285 0.01013058 0.9998369 0.0180425 -0.000818622 0.9993879 0.03318929 -0.0110594 0.9996199 0.02375191 -0.01399952 0.9997811 0.003907561 0.02055394 0.9995426 -0.002143085 -0.03016644 0.9997755 0.02116417 0.000985156 0.9993902 -0.03488725 -0.001468718 0.9879122 0.1516181 0.03226816 0.9904312 -0.109951 -0.08340775 0.9988942 0.006805241 -0.04652029 0.9994211 0.006105542 0.03346681 -1 0 -0 -1 0 -0 -1 0 -0 0.9955392 -0.07755672 0.0537278 0.9995834 0.01953506 0.02124422 0.9938367 0.0639674 -0.09053635 0.9955959 0.06219595 0.07014513 0.9943938 -0.1056396 0.004614651 0.9887895 0.1427255 -0.04387003 0.9968197 0.05040037 -0.06172698 0.9995662 0.02595281 -0.01391869 0.9995294 0.01863449 0.02436977 0.9998405 0.01771587 -0.00223577 0.992285 -0.122523 0.01893818 0.9903616 -0.1086856 -0.08585721 0.9937016 -0.06788951 0.08915162 0.9953377 -0.02809876 -0.09226751 0.999868 -0.01564371 0.004374921 0.9899062 0.1017689 -0.09863477 0.9996408 -0.021066 -0.01656419 0.9996845 -0.02498459 -0.002578675 0.9895794 -0.09299641 -0.1099289 0.9845481 -0.164595 0.0597791 0.9994613 0.03279942 0.001110374 0.9998081 -0.003393292 -0.01929283 0.9942774 0.1062198 -0.01139587 0.99963 -0.008706688 0.02576959 0.9991971 -0.02806001 0.02859574 0.9978032 -0.0458545 0.04781478 0.9959912 -0.02872139 -0.08471435 0.9919978 0.08122783 0.0966556 0.9998363 0.008304834 -0.01607501 0.9988325 0.03523582 -0.03304719 0.04628968 0.7068537 -0.7058436 0.9999796 -0.005981922 -0.002282023 0.9977599 0.06644409 0.007774829 0.9975085 0.01680529 0.068515 -0.007484376 0.8597779 0.5106132 0.9954341 0.05334067 0.07915782 0.9979051 -0.06371986 -0.01118546 -0.006321132 0.5455385 0.8380619 0.99752 -0.0530247 -0.04628354 0.9974032 -0.07002109 0.01685184 0.9968909 0.01016342 -0.07813543 0.9947153 0.09732127 -0.03271365 1 3.18727e-06 -1.92128e-06 1 -1.81932e-05 -3.44838e-05 -0.9999994 -0.001053035 -0.000110891 -0.9999994 0.001105487 -3.51163e-05 -0.9999968 -1.993e-05 0.002549231 0.001570045 0.9999926 0.003532648 -0.9838397 0.1786894 0.01138037 -0.9992114 0.03052908 0.02538812 0.9975073 -0.0168817 -0.06851422 0.9975804 -0.06891924 -0.009140789 0.9999999 0.000336569 0.000120998 -0.9999982 -0.000957235 0.001607418 -0.9999992 0.001217305 -0.000282303 -0.9996603 -0.01733767 0.01945841 -0.9880184 -0.00361073 0.1542936 -0.9899923 0.1300333 0.05483311 -0.9991128 0.02309882 0.03521639 -0.9860945 0.1118971 -0.1228684 -0.9753296 -0.2190205 -0.02760624 -0.9986481 0.04630368 0.02362018 -0.9959193 0.08561968 0.02853208 -0.9987601 -0.04159426 0.02735328 -0.995691 -0.06782293 0.06324249 -0.9987667 -0.002561748 -0.04958349 -0.999758 -0.01789814 -0.01278936 6.83354e-05 -1 -0 -0.001174509 -0.2946786 -0.9555957 0.9968128 -0.01861709 0.07757329 0.9948469 -0.09341412 0.03941285 0.9975769 0.009133875 -0.06897014 0.9999998 -0.00035365 0.000456592 0.9999998 0.000568381 -0.000407861 0.9996888 -0.02183574 0.01205772 1 -4.3193e-05 -3.34549e-05 0.04557734 0.7056868 0.7070565 0.9993332 0.00405395 -0.03628647 0.9975091 0.06850868 -0.01680141 -1 0.000393003 7.7826e-05 -0.999998 0.00033369 -0.001950562 -0.9999908 0.002411186 -0.003534555 -0.9999792 0.004951417 0.004135549 -0.9999926 -0.003624141 -0.001357495 -0.9943616 0.07716459 0.0727362 -0.9932389 0.07911396 -0.08495688 -0.9999541 -0.009571254 0.000553176 -0.9967514 -0.07863736 0.01740616 -0.9999269 -0.01195031 0.001836895 0.9974504 0.02199357 0.06789004 0.9980708 -0.043639 0.04416227 0.9971881 -0.06133139 -0.04306209 0.04503917 0.9935669 -0.1039047 0.004870533 0.9994263 -0.03351593 0.6890038 -0.02631688 0.7242798 0.9993067 -0.003548085 0.03706097 0.9969543 -0.05520772 -0.05508267 1 0.000290049 0.000119432 0.9999998 0.000160212 0.000563978 0.04769319 -0.7060887 0.7065154 -0.9983397 0.008497416 0.05697047 -0.9998711 -0.0077672 0.01405358 -0.9943621 0.07272958 -0.0771653 -0.99091 -0.09381175 -0.09641933 0.9959543 0.08943212 0.008774816 0.9988853 0.04220521 0.02113789 0.9774989 0.1497761 -0.1485362 0.02267616 0.705415 -0.7084317 0.01216697 0.7078868 0.7062212</float_array>
          <technique_common>
            <accessor source="#link6_00-mesh-normals-array" count="3236" stride="3">
              <param name="X" type="float" />
              <param name="Y" type="float" />
              <param name="Z" type="float" />
            </accessor>
          </technique_common>
        </source>
        <vertices id="link6_00-mesh-vertices">
          <input semantic="POSITION" source="#link6_00-mesh-positions" />
        </vertices>
        <triangles material="link6_00_mat-material" count="3236">
          <input semantic="VERTEX" source="#link6_00-mesh-vertices" offset="0" />
          <input semantic="NORMAL" source="#link6_00-mesh-normals" offset="1" />
          <p>60 0 61 0 62 0 62 1 61 1 20 1 75 2 20 2 61 2 20 3 75 3 65 3 71 4 4 4 55 4 4 5 71 5 56 5 70 6 56 6 71 6 56 7 70 7 3 7 72 8 3 8 70 8 3 9 72 9 57 9 57 10 72 10 73 10 74 11 58 11 73 11 2 12 73 12 58 12 73 13 2 13 57 13 59 14 58 14 74 14 58 15 59 15 60 15 61 16 60 16 59 16 7 17 48 17 6 17 49 18 6 18 48 18 6 19 49 19 5 19 0 20 5 20 49 20 5 21 0 21 50 21 51 22 50 22 0 22 50 23 51 23 52 23 68 24 52 24 51 24 52 25 68 25 53 25 69 26 53 26 68 26 53 27 69 27 54 27 55 28 54 28 69 28 54 29 55 29 4 29 43 30 10 30 42 30 11 31 42 31 10 31 42 32 11 32 12 32 10 33 43 33 9 33 44 34 9 34 43 34 45 35 9 35 44 35 9 36 45 36 8 36 46 37 8 37 45 37 8 38 46 38 47 38 47 39 46 39 7 39 46 40 67 40 7 40 48 41 7 41 67 41 36 42 37 42 38 42 37 43 39 43 38 43 66 44 38 44 39 44 38 45 66 45 15 45 15 46 66 46 14 46 66 47 40 47 14 47 14 48 40 48 13 48 41 49 13 49 40 49 13 50 41 50 12 50 12 51 41 51 42 51 18 52 1 52 17 52 1 53 63 53 17 53 79 54 17 54 63 54 17 55 79 55 31 55 32 56 31 56 79 56 31 57 32 57 16 57 16 58 32 58 33 58 80 59 33 59 32 59 34 60 33 60 80 60 33 61 34 61 35 61 37 62 35 62 34 62 35 63 37 63 36 63 22 64 76 64 23 64 24 65 23 65 76 65 23 66 24 66 25 66 25 67 24 67 26 67 24 68 27 68 26 68 29 69 26 69 27 69 26 70 29 70 28 70 28 71 29 71 30 71 29 72 77 72 30 72 78 73 30 73 77 73 30 74 78 74 19 74 1 75 19 75 78 75 19 76 1 76 18 76 20 77 65 77 21 77 21 78 65 78 22 78 65 79 64 79 22 79 76 80 22 80 64 80 46 81 0 81 49 81 61 82 70 82 64 82 1 83 34 83 32 83 67 84 46 84 48 84 48 85 46 85 49 85 42 86 41 86 43 86 43 87 46 87 44 87 46 88 45 88 44 88 72 89 70 89 73 89 73 90 70 90 74 90 41 91 40 91 66 91 77 92 29 92 1 92 74 93 70 93 59 93 59 94 70 94 61 94 51 95 0 95 68 95 55 96 69 96 70 96 70 97 68 97 0 97 69 98 68 98 70 98 55 99 70 99 71 99 64 100 1 100 29 100 46 101 70 101 0 101 77 102 1 102 78 102 79 103 1 103 32 103 1 104 79 104 63 104 76 105 64 105 24 105 61 106 64 106 75 106 75 107 64 107 65 107 34 108 80 108 32 108 66 109 39 109 37 109 29 110 24 110 64 110 43 111 41 111 34 111 66 112 34 112 41 112 46 113 43 113 34 113 64 114 34 114 1 114 34 115 64 115 46 115 70 116 46 116 64 116 24 117 29 117 27 117 37 118 34 118 66 118 135 119 90 119 89 119 112 120 97 120 107 120 108 121 109 121 110 121 111 122 110 122 109 122 110 123 111 123 175 123 177 124 248 124 254 124 302 125 112 125 260 125 113 126 260 126 112 126 260 127 113 127 115 127 114 128 115 128 113 128 109 129 107 129 97 129 107 130 109 130 108 130 175 131 254 131 176 131 177 132 175 132 111 132 112 133 95 133 97 133 95 134 112 134 302 134 115 135 114 135 116 135 117 136 116 136 114 136 116 137 117 137 118 137 176 138 118 138 117 138 118 139 176 139 254 139 120 140 119 140 173 140 121 141 173 141 119 141 173 142 121 142 122 142 250 143 174 143 251 143 123 144 251 144 174 144 251 145 123 145 256 145 124 146 256 146 123 146 254 147 175 147 177 147 121 148 106 148 245 148 174 149 250 149 184 149 128 150 126 150 127 150 126 151 128 151 245 151 119 152 174 152 184 152 174 153 119 153 120 153 122 154 245 154 128 154 245 155 122 155 121 155 186 156 87 156 88 156 129 157 193 157 163 157 256 158 124 158 125 158 125 159 124 159 278 159 131 160 132 160 133 160 186 161 133 161 132 161 127 162 278 162 124 162 278 163 127 163 126 163 134 164 92 164 129 164 181 165 163 165 193 165 163 166 181 166 130 166 130 167 181 167 131 167 132 168 131 168 181 168 183 169 167 169 196 169 178 170 168 170 182 170 170 171 290 171 169 171 290 172 170 172 246 172 291 173 246 173 170 173 246 174 291 174 292 174 178 175 227 175 262 175 288 176 196 176 167 176 129 177 93 177 193 177 93 178 129 178 92 178 139 179 140 179 161 179 92 180 134 180 91 180 91 181 134 181 135 181 136 182 135 182 134 182 135 183 136 183 90 183 166 184 182 184 168 184 88 185 133 185 186 185 142 186 137 186 138 186 171 187 292 187 291 187 167 188 183 188 166 188 182 189 166 189 183 189 169 190 289 190 288 190 289 191 169 191 290 191 164 192 90 192 136 192 90 193 164 193 89 193 139 194 244 194 180 194 89 195 164 195 88 195 165 196 88 196 164 196 133 197 88 197 165 197 168 198 262 198 172 198 262 199 168 199 178 199 288 200 226 200 196 200 226 201 288 201 289 201 292 202 171 202 261 202 261 203 171 203 262 203 172 204 262 204 171 204 185 205 307 205 237 205 307 206 185 206 308 206 140 207 139 207 180 207 161 208 140 208 141 208 142 209 141 209 140 209 141 210 142 210 162 210 306 211 237 211 307 211 231 212 264 212 230 212 264 213 231 213 279 213 240 214 83 214 201 214 83 215 240 215 84 215 241 216 84 216 240 216 84 217 241 217 242 217 200 218 242 218 241 218 242 219 200 219 85 219 199 220 85 220 200 220 85 221 199 221 86 221 243 222 86 222 199 222 86 223 243 223 269 223 236 224 305 224 235 224 305 225 236 225 306 225 237 226 306 226 236 226 297 227 221 227 298 227 222 228 298 228 221 228 238 229 308 229 185 229 308 230 238 230 272 230 180 231 272 231 238 231 272 232 180 232 244 232 137 233 142 233 202 233 137 234 202 234 81 234 239 235 81 235 202 235 81 236 239 236 82 236 201 237 82 237 239 237 82 238 201 238 83 238 229 239 266 239 194 239 266 240 229 240 265 240 230 241 265 241 229 241 265 242 230 242 264 242 268 243 195 243 267 243 194 244 267 244 195 244 267 245 194 245 266 245 232 246 279 246 231 246 279 247 232 247 280 247 193 248 280 248 232 248 280 249 193 249 93 249 87 250 186 250 233 250 87 251 233 251 303 251 234 252 303 252 233 252 303 253 234 253 304 253 235 254 304 254 234 254 304 255 235 255 305 255 220 256 296 256 197 256 296 257 220 257 297 257 221 258 297 258 220 258 144 259 143 259 160 259 143 260 144 260 145 260 147 261 145 261 144 261 301 262 216 262 217 262 184 263 217 263 216 263 217 264 184 264 250 264 298 265 222 265 223 265 224 266 223 266 222 266 223 267 224 267 225 267 196 268 225 268 224 268 225 269 196 269 226 269 227 270 178 270 228 270 227 271 228 271 268 271 195 272 268 272 228 272 215 273 190 273 299 273 189 274 299 274 190 274 299 275 189 275 300 275 188 276 300 276 189 276 300 277 188 277 301 277 216 278 301 278 188 278 244 279 139 279 247 279 160 280 247 280 139 280 247 281 160 281 143 281 106 282 198 282 218 282 219 283 218 283 198 283 218 284 219 284 295 284 197 285 295 285 219 285 295 286 197 286 296 286 208 287 271 287 207 287 271 288 208 288 209 288 210 289 209 289 208 289 209 290 210 290 211 290 204 291 211 291 210 291 211 292 204 292 212 292 203 293 212 293 204 293 212 294 203 294 294 294 97 295 294 295 203 295 294 296 97 296 95 296 190 297 215 297 191 297 248 298 177 298 213 298 248 299 213 299 214 299 192 300 214 300 213 300 214 301 192 301 252 301 191 302 252 302 192 302 252 303 191 303 215 303 151 304 150 304 205 304 151 305 205 305 293 305 206 306 293 306 205 306 293 307 206 307 270 307 207 308 270 308 206 308 270 309 207 309 271 309 145 310 147 310 146 310 106 311 121 311 198 311 162 312 138 312 149 312 138 313 162 313 142 313 156 314 243 314 152 314 152 315 153 315 154 315 154 316 179 316 155 316 146 317 147 317 148 317 149 318 148 318 147 318 148 319 149 319 138 319 157 320 263 320 156 320 263 321 157 321 286 321 153 322 152 322 243 322 179 323 154 323 153 323 155 324 187 324 159 324 187 325 155 325 151 325 150 326 155 326 179 326 269 327 243 327 287 327 156 328 287 328 243 328 158 329 286 329 157 329 286 330 158 330 285 330 159 331 285 331 158 331 285 332 159 332 187 332 287 333 156 333 263 333 151 334 155 334 150 334 118 335 254 335 116 335 478 336 393 336 509 336 449 337 509 337 393 337 509 338 449 338 450 338 394 339 450 339 449 339 450 340 394 340 477 340 451 341 477 341 394 341 393 342 478 342 405 342 406 343 472 343 452 343 472 344 406 344 474 344 316 345 474 345 406 345 322 346 408 346 466 346 442 347 466 347 408 347 466 348 442 348 467 348 456 349 326 349 330 349 326 350 456 350 325 350 455 351 325 351 456 351 328 352 410 352 327 352 329 353 323 353 332 353 323 354 329 354 317 354 330 355 327 355 410 355 324 356 332 356 323 356 332 357 324 357 331 357 441 358 409 358 318 358 399 359 453 359 438 359 477 360 451 360 476 360 395 361 476 361 451 361 476 362 395 362 510 362 452 363 510 363 395 363 510 364 452 364 472 364 409 365 441 365 440 365 437 366 438 366 453 366 317 367 318 367 409 367 493 368 431 368 432 368 388 369 467 369 442 369 467 370 388 370 443 370 389 371 443 371 388 371 443 372 389 372 444 372 445 373 444 373 389 373 447 374 390 374 448 374 511 375 448 375 390 375 448 376 511 376 490 376 479 377 405 377 478 377 462 378 398 378 486 378 436 379 486 379 398 379 486 380 436 380 437 380 438 381 437 381 436 381 397 382 494 382 430 382 459 383 440 383 441 383 458 384 396 384 457 384 427 385 457 385 396 385 457 386 427 386 428 386 429 387 428 387 427 387 428 388 429 388 454 388 430 389 454 389 429 389 454 390 430 390 494 390 440 391 459 391 400 391 494 392 397 392 493 392 431 393 493 393 397 393 398 394 462 394 435 394 444 395 445 395 464 395 446 396 464 396 445 396 464 397 446 397 447 397 390 398 447 398 446 398 434 399 511 399 390 399 511 400 434 400 320 400 435 401 320 401 434 401 320 402 435 402 462 402 453 403 399 403 439 403 400 404 439 404 399 404 439 405 400 405 459 405 490 406 511 406 362 406 363 407 362 407 511 407 460 408 378 408 462 408 320 409 462 409 378 409 318 410 317 410 329 410 365 411 352 411 364 411 352 412 365 412 353 412 314 413 479 413 352 413 364 414 352 414 479 414 361 415 362 415 363 415 362 416 361 416 360 416 356 417 354 417 367 417 366 418 367 418 354 418 504 419 353 419 503 419 503 420 353 420 365 420 334 421 495 421 335 421 483 422 336 422 482 422 489 423 482 423 336 423 482 424 489 424 488 424 501 425 349 425 350 425 487 426 335 426 495 426 495 427 334 427 484 427 346 428 339 428 344 428 360 429 361 429 461 429 359 430 461 430 361 430 461 431 359 431 358 431 377 432 358 432 359 432 353 433 504 433 366 433 335 434 488 434 489 434 488 435 335 435 487 435 358 436 377 436 357 436 367 437 366 437 504 437 378 438 357 438 377 438 357 439 378 439 460 439 354 440 356 440 355 440 420 441 355 441 356 441 315 442 322 442 372 442 321 443 372 443 322 443 374 444 371 444 471 444 471 445 371 445 373 445 372 446 373 446 371 446 373 447 372 447 321 447 368 448 376 448 316 448 376 449 368 449 473 449 369 450 473 450 368 450 473 451 369 451 375 451 370 452 375 452 369 452 375 453 370 453 374 453 371 454 374 454 370 454 333 455 384 455 403 455 384 456 333 456 402 456 402 457 333 457 382 457 401 458 382 458 333 458 414 459 345 459 413 459 338 460 413 460 345 460 413 461 338 461 379 461 411 462 379 462 338 462 379 463 411 463 412 463 315 464 408 464 322 464 408 465 315 465 407 465 407 466 315 466 406 466 403 467 384 467 496 467 355 468 420 468 383 468 419 469 383 469 420 469 383 470 419 470 418 470 314 471 405 471 479 471 405 472 314 472 404 472 351 473 404 473 314 473 404 474 351 474 383 474 331 475 324 475 455 475 325 476 455 476 324 476 355 477 383 477 351 477 316 478 406 478 315 478 416 479 480 479 415 479 492 480 415 480 480 480 415 481 492 481 392 481 412 482 426 482 425 482 424 483 425 483 426 483 425 484 424 484 423 484 497 485 423 485 424 485 423 486 497 486 387 486 422 487 387 487 497 487 480 488 416 488 417 488 327 489 330 489 326 489 319 490 380 490 328 490 481 491 392 491 492 491 392 492 481 492 391 492 491 493 391 493 481 493 391 494 491 494 414 494 345 495 414 495 491 495 396 496 458 496 381 496 410 497 381 497 458 497 498 498 411 498 341 498 411 499 498 499 412 499 426 500 412 500 498 500 328 501 381 501 410 501 381 502 328 502 380 502 342 503 343 503 501 503 380 504 319 504 409 504 317 505 409 505 319 505 387 506 422 506 386 506 421 507 386 507 422 507 386 508 421 508 385 508 496 509 385 509 421 509 385 510 496 510 384 510 401 511 433 511 382 511 432 512 382 512 433 512 382 513 432 513 431 513 417 514 418 514 419 514 418 515 417 515 416 515 347 516 500 516 349 516 350 517 349 517 500 517 341 518 411 518 342 518 343 519 342 519 411 519 344 520 339 520 345 520 333 521 403 521 334 521 484 522 334 522 403 522 337 523 485 523 401 523 433 524 401 524 485 524 338 525 345 525 339 525 336 526 483 526 337 526 485 527 337 527 483 527 339 528 346 528 340 528 348 529 340 529 346 529 340 530 348 530 347 530 500 531 347 531 348 531 349 532 501 532 343 532 584 533 567 533 518 533 591 534 518 534 567 534 518 535 591 535 517 535 601 536 532 536 600 536 532 537 601 537 531 537 553 538 531 538 601 538 531 539 553 539 530 539 552 540 530 540 553 540 530 541 552 541 529 541 602 542 529 542 552 542 573 543 551 543 527 543 550 544 527 544 551 544 541 545 560 545 540 545 598 546 540 546 560 546 600 547 533 547 554 547 533 548 600 548 532 548 599 549 537 549 558 549 537 550 599 550 579 550 557 551 579 551 599 551 535 552 555 552 534 552 554 553 534 553 555 553 513 554 565 554 512 554 564 555 512 555 565 555 512 556 564 556 545 556 595 557 545 557 564 557 545 558 595 558 580 558 563 559 580 559 595 559 580 560 563 560 581 560 558 561 538 561 559 561 567 562 584 562 568 562 565 563 513 563 594 563 575 564 547 564 522 564 546 565 576 565 588 565 576 566 546 566 577 566 514 567 594 567 513 567 555 568 535 568 556 568 515 569 593 569 514 569 594 570 514 570 593 570 526 571 585 571 525 571 549 572 525 572 585 572 525 573 549 573 524 573 586 574 524 574 549 574 522 575 588 575 576 575 588 576 522 576 547 576 566 577 516 577 592 577 579 578 557 578 536 578 536 579 556 579 535 579 556 580 536 580 557 580 592 581 517 581 591 581 517 582 592 582 516 582 590 583 519 583 589 583 539 584 559 584 538 584 559 585 539 585 598 585 540 586 598 586 539 586 520 587 589 587 519 587 589 588 520 588 569 588 582 589 569 589 520 589 569 590 582 590 570 590 578 591 570 591 582 591 597 592 542 592 561 592 543 593 561 593 542 593 561 594 543 594 562 594 544 595 562 595 543 595 570 596 578 596 571 596 521 597 571 597 578 597 571 598 521 598 572 598 577 599 572 599 521 599 572 600 577 600 546 600 538 601 558 601 537 601 527 602 550 602 526 602 585 603 526 603 550 603 596 604 581 604 563 604 581 605 596 605 544 605 562 606 544 606 596 606 516 607 566 607 515 607 593 608 515 608 566 608 574 609 548 609 523 609 587 610 523 610 548 610 524 611 586 611 574 611 548 612 574 612 586 612 523 613 587 613 575 613 547 614 575 614 587 614 583 615 568 615 584 615 534 616 554 616 533 616 528 617 603 617 573 617 551 618 573 618 603 618 542 619 597 619 541 619 560 620 541 620 597 620 519 621 590 621 583 621 568 622 583 622 590 622 529 623 602 623 528 623 603 624 528 624 602 624 605 625 607 625 470 625 616 626 609 626 282 626 469 627 620 627 618 627 275 628 632 628 631 628 634 629 639 629 633 629 637 630 502 630 633 630 502 631 637 631 257 631 319 632 152 632 154 632 327 633 156 633 328 633 152 634 328 634 156 634 323 635 159 635 324 635 326 636 156 636 327 636 156 637 326 637 157 637 157 638 325 638 158 638 324 639 158 639 325 639 158 640 324 640 159 640 328 641 152 641 319 641 319 642 154 642 317 642 323 643 317 643 155 643 325 644 157 644 326 644 159 645 323 645 155 645 155 646 317 646 154 646 334 647 139 647 333 647 141 648 401 648 161 648 139 649 334 649 160 649 149 650 337 650 162 650 401 651 162 651 337 651 162 652 401 652 141 652 489 653 147 653 335 653 160 654 334 654 144 654 333 655 161 655 401 655 161 656 333 656 139 656 335 657 144 657 334 657 144 658 335 658 147 658 147 659 489 659 149 659 336 660 149 660 489 660 337 661 149 661 336 661 338 662 130 662 411 662 130 663 131 663 411 663 339 664 129 664 338 664 163 665 338 665 129 665 133 666 411 666 131 666 411 667 133 667 343 667 165 668 343 668 133 668 343 669 165 669 349 669 164 670 349 670 165 670 130 671 338 671 163 671 340 672 134 672 339 672 349 673 164 673 347 673 129 674 339 674 134 674 134 675 340 675 136 675 347 676 136 676 340 676 136 677 347 677 164 677 354 678 172 678 366 678 171 679 366 679 172 679 169 680 352 680 170 680 353 681 170 681 352 681 288 682 352 682 169 682 172 683 354 683 168 683 351 684 166 684 355 684 168 685 355 685 166 685 352 686 288 686 314 686 167 687 314 687 288 687 291 688 366 688 171 688 366 689 291 689 353 689 170 690 353 690 291 690 355 691 168 691 354 691 314 692 167 692 351 692 351 693 167 693 166 693 371 694 124 694 372 694 315 695 120 695 316 695 173 696 316 696 120 696 370 697 127 697 371 697 122 698 316 698 173 698 120 699 315 699 174 699 128 700 368 700 122 700 368 701 128 701 369 701 123 702 372 702 124 702 369 703 127 703 370 703 127 704 369 704 128 704 368 705 316 705 122 705 124 706 371 706 127 706 372 707 174 707 315 707 174 708 372 708 123 708 361 709 117 709 359 709 320 710 108 710 511 710 117 711 361 711 176 711 107 712 320 712 112 712 378 713 112 713 320 713 176 714 363 714 175 714 175 715 511 715 110 715 114 716 359 716 117 716 363 717 176 717 361 717 511 718 108 718 110 718 108 719 320 719 107 719 377 720 113 720 378 720 112 721 378 721 113 721 363 722 511 722 175 722 113 723 377 723 114 723 359 724 114 724 377 724 413 725 193 725 414 725 232 726 414 726 193 726 414 727 232 727 391 727 231 728 391 728 232 728 202 729 431 729 239 729 383 730 228 730 178 730 224 731 405 731 196 731 405 732 224 732 393 732 222 733 393 733 224 733 393 734 222 734 449 734 405 735 183 735 196 735 221 736 449 736 222 736 449 737 221 737 394 737 220 738 394 738 221 738 394 739 220 739 451 739 197 740 451 740 220 740 451 741 197 741 395 741 219 742 395 742 197 742 395 743 219 743 452 743 198 744 452 744 219 744 452 745 198 745 406 745 391 746 231 746 392 746 230 747 392 747 231 747 392 748 230 748 415 748 229 749 415 749 230 749 415 750 229 750 416 750 194 751 416 751 229 751 416 752 194 752 418 752 195 753 418 753 194 753 418 754 195 754 383 754 228 755 383 755 195 755 213 756 390 756 192 756 390 757 213 757 434 757 177 758 434 758 213 758 435 759 109 759 97 759 409 760 150 760 179 760 381 761 153 761 243 761 407 762 184 762 408 762 216 763 408 763 184 763 408 764 216 764 442 764 383 765 178 765 182 765 185 766 385 766 238 766 385 767 185 767 386 767 237 768 386 768 185 768 386 769 237 769 387 769 236 770 387 770 237 770 387 771 236 771 423 771 188 772 442 772 216 772 442 773 188 773 388 773 189 774 388 774 188 774 388 775 189 775 389 775 190 776 389 776 189 776 389 777 190 777 445 777 191 778 445 778 190 778 445 779 191 779 446 779 192 780 446 780 191 780 446 781 192 781 390 781 413 782 181 782 193 782 119 783 184 783 407 783 177 784 111 784 434 784 235 785 423 785 236 785 423 786 235 786 425 786 234 787 425 787 235 787 425 788 234 788 412 788 233 789 412 789 234 789 412 790 233 790 379 790 186 791 379 791 233 791 182 792 183 792 404 792 404 793 183 793 405 793 402 794 180 794 384 794 238 795 384 795 180 795 384 796 238 796 385 796 383 797 182 797 404 797 406 798 119 798 407 798 409 799 179 799 380 799 380 800 153 800 381 800 382 801 140 801 402 801 379 802 186 802 132 802 434 803 109 803 435 803 109 804 434 804 111 804 140 805 180 805 402 805 381 806 199 806 396 806 200 807 396 807 199 807 396 808 200 808 427 808 181 809 379 809 132 809 379 810 181 810 413 810 241 811 427 811 200 811 427 812 241 812 429 812 240 813 429 813 241 813 429 814 240 814 430 814 201 815 430 815 240 815 430 816 201 816 397 816 239 817 397 817 201 817 397 818 239 818 431 818 179 819 153 819 380 819 207 820 400 820 208 820 400 821 207 821 440 821 121 822 406 822 198 822 199 823 381 823 243 823 435 824 97 824 398 824 203 825 398 825 97 825 398 826 203 826 436 826 204 827 436 827 203 827 436 828 204 828 438 828 210 829 438 829 204 829 438 830 210 830 399 830 208 831 399 831 210 831 399 832 208 832 400 832 206 833 440 833 207 833 440 834 206 834 409 834 205 835 409 835 206 835 409 836 205 836 150 836 431 837 202 837 382 837 142 838 382 838 202 838 665 839 666 839 472 839 667 840 472 840 666 840 472 841 667 841 668 841 668 842 669 842 472 842 670 843 472 843 669 843 472 844 670 844 653 844 686 845 671 845 652 845 652 846 671 846 472 846 672 847 472 847 671 847 432 848 659 848 257 848 660 849 257 849 659 849 654 850 687 850 661 850 681 851 486 851 682 851 486 852 681 852 676 852 652 853 609 853 651 853 609 854 652 854 282 854 611 855 282 855 652 855 673 856 472 856 672 856 686 857 652 857 674 857 651 858 674 858 652 858 673 859 665 859 472 859 641 860 642 860 464 860 358 861 651 861 461 861 486 862 460 862 462 862 486 863 437 863 453 863 651 864 358 864 486 864 357 865 486 865 358 865 460 866 486 866 357 866 362 867 360 867 651 867 651 868 360 868 461 868 633 869 639 869 329 869 455 870 257 870 331 870 459 871 441 871 329 871 318 872 329 872 441 872 332 873 633 873 329 873 633 874 332 874 637 874 637 875 332 875 331 875 453 876 636 876 486 876 311 877 486 877 636 877 638 878 486 878 311 878 459 879 329 879 639 879 312 880 257 880 275 880 494 881 629 881 454 881 257 882 632 882 275 882 330 883 410 883 631 883 627 884 432 884 628 884 257 885 455 885 632 885 456 886 632 886 455 886 459 887 634 887 439 887 634 888 459 888 639 888 634 889 258 889 439 889 439 890 258 890 453 890 635 891 453 891 258 891 635 892 636 892 453 892 632 893 456 893 631 893 330 894 631 894 456 894 312 895 505 895 257 895 629 896 494 896 465 896 465 897 494 897 630 897 493 898 630 898 494 898 432 899 630 899 493 899 464 900 447 900 362 900 448 901 362 901 447 901 362 902 448 902 490 902 444 903 643 903 443 903 443 904 643 904 644 904 98 905 443 905 644 905 443 906 98 906 609 906 274 907 609 907 98 907 274 908 645 908 609 908 464 909 362 909 651 909 255 910 463 910 651 910 651 911 463 911 464 911 641 912 464 912 463 912 616 913 443 913 609 913 464 914 642 914 444 914 640 915 444 915 642 915 643 916 444 916 640 916 614 917 322 917 610 917 466 918 610 918 322 918 102 919 610 919 466 919 615 920 443 920 508 920 443 921 615 921 467 921 467 922 615 922 102 922 373 923 321 923 614 923 609 924 645 924 651 924 255 925 651 925 645 925 376 926 473 926 472 926 471 927 652 927 374 927 375 928 472 928 473 928 508 929 443 929 616 929 467 930 102 930 466 930 614 931 613 931 373 931 373 932 613 932 471 932 612 933 471 933 613 933 471 934 612 934 652 934 652 935 612 935 611 935 322 936 614 936 321 936 510 937 472 937 476 937 472 938 375 938 652 938 652 939 375 939 374 939 253 940 273 940 472 940 472 941 273 941 310 941 648 942 476 942 647 942 476 943 648 943 477 943 477 944 648 944 96 944 653 945 94 945 253 945 376 946 472 946 474 946 96 947 649 947 477 947 477 948 649 948 365 948 503 949 646 949 653 949 94 950 653 950 646 950 365 951 646 951 503 951 646 952 365 952 499 952 649 953 499 953 365 953 365 954 450 954 477 954 479 955 478 955 364 955 647 956 472 956 310 956 472 957 647 957 476 957 367 958 469 958 356 958 469 959 367 959 620 959 653 960 620 960 367 960 618 961 620 961 653 961 653 962 259 962 618 962 509 963 364 963 478 963 450 964 365 964 509 964 480 965 101 965 492 965 619 966 101 966 480 966 313 967 492 967 281 967 492 968 313 968 481 968 481 969 313 969 491 969 507 970 491 970 313 970 491 971 507 971 309 971 367 972 504 972 653 972 653 973 504 973 503 973 420 974 356 974 419 974 417 975 356 975 480 975 356 976 417 976 419 976 617 977 619 977 480 977 281 978 492 978 101 978 424 979 501 979 654 979 501 980 424 980 342 980 501 981 350 981 654 981 500 982 654 982 350 982 469 983 617 983 356 983 480 984 356 984 617 984 424 985 498 985 341 985 341 986 342 986 424 986 346 987 344 987 491 987 491 988 344 988 345 988 424 989 426 989 498 989 424 990 622 990 497 990 625 991 497 991 622 991 497 992 506 992 422 992 506 993 497 993 625 993 500 994 348 994 654 994 654 995 348 995 491 995 346 996 491 996 348 996 103 997 284 997 422 997 284 998 470 998 496 998 470 999 607 999 496 999 496 1000 607 1000 403 1000 605 1001 403 1001 607 1001 283 1002 488 1002 105 1002 650 1003 482 1003 283 1003 283 1004 475 1004 650 1004 650 1005 475 1005 604 1005 403 1006 605 1006 484 1006 103 1007 422 1007 608 1007 496 1008 421 1008 422 1008 487 1009 495 1009 105 1009 105 1010 495 1010 606 1010 104 1011 650 1011 604 1011 650 1012 104 1012 422 1012 422 1013 104 1013 608 1013 432 1014 482 1014 650 1014 482 1015 432 1015 483 1015 485 1016 432 1016 433 1016 432 1017 485 1017 483 1017 484 1018 605 1018 495 1018 606 1019 495 1019 605 1019 105 1020 488 1020 487 1020 468 1021 623 1021 654 1021 654 1022 623 1022 424 1022 621 1023 424 1023 623 1023 622 1024 424 1024 621 1024 650 1025 277 1025 654 1025 422 1026 624 1026 650 1026 650 1027 624 1027 277 1027 650 1028 685 1028 432 1028 684 1029 432 1029 685 1029 432 1030 684 1030 655 1030 655 1031 656 1031 432 1031 657 1032 432 1032 656 1032 432 1033 657 1033 683 1033 683 1034 658 1034 432 1034 659 1035 432 1035 658 1035 100 1036 422 1036 276 1036 654 1037 661 1037 650 1037 688 1038 662 1038 491 1038 491 1039 662 1039 654 1039 687 1040 654 1040 662 1040 663 1041 691 1041 491 1041 690 1042 491 1042 691 1042 491 1043 309 1043 259 1043 692 1044 491 1044 653 1044 491 1045 692 1045 663 1045 654 1046 277 1046 468 1046 624 1047 422 1047 100 1047 630 1048 432 1048 627 1048 629 1049 99 1049 454 1049 454 1050 99 1050 428 1050 99 1051 626 1051 428 1051 428 1052 626 1052 457 1052 631 1053 457 1053 626 1053 457 1054 631 1054 458 1054 458 1055 631 1055 410 1055 491 1056 689 1056 688 1056 689 1057 491 1057 664 1057 690 1058 664 1058 491 1058 660 1059 679 1059 257 1059 486 1060 680 1060 675 1060 680 1061 486 1061 678 1061 677 1062 678 1062 486 1062 676 1063 677 1063 486 1063 486 1064 675 1064 651 1064 257 1065 682 1065 486 1065 682 1066 257 1066 679 1066 693 1067 653 1067 694 1067 670 1068 694 1068 653 1068 687 1069 711 1069 661 1069 717 1070 661 1070 711 1070 661 1071 717 1071 650 1071 710 1072 650 1072 717 1072 650 1073 710 1073 685 1073 709 1074 685 1074 710 1074 685 1075 709 1075 684 1075 718 1076 684 1076 709 1076 684 1077 718 1077 655 1077 719 1078 655 1078 718 1078 655 1079 719 1079 656 1079 720 1080 656 1080 719 1080 656 1081 720 1081 657 1081 708 1082 657 1082 720 1082 657 1083 708 1083 683 1083 707 1084 683 1084 708 1084 692 1085 714 1085 663 1085 724 1086 663 1086 714 1086 663 1087 724 1087 691 1087 725 1088 691 1088 724 1088 691 1089 725 1089 690 1089 726 1090 690 1090 725 1090 690 1091 726 1091 664 1091 713 1092 664 1092 726 1092 664 1093 713 1093 689 1093 715 1094 689 1094 713 1094 689 1095 715 1095 688 1095 716 1096 688 1096 715 1096 688 1097 716 1097 662 1097 712 1098 662 1098 716 1098 662 1099 712 1099 687 1099 711 1100 687 1100 712 1100 653 1101 693 1101 692 1101 714 1102 692 1102 693 1102 678 1103 728 1103 680 1103 729 1104 680 1104 728 1104 680 1105 729 1105 675 1105 701 1106 675 1106 729 1106 675 1107 701 1107 651 1107 700 1108 651 1108 701 1108 651 1109 700 1109 674 1109 699 1110 674 1110 700 1110 674 1111 699 1111 686 1111 730 1112 686 1112 699 1112 686 1113 730 1113 671 1113 731 1114 671 1114 730 1114 683 1115 707 1115 658 1115 706 1116 658 1116 707 1116 658 1117 706 1117 659 1117 705 1118 659 1118 706 1118 676 1119 733 1119 677 1119 727 1120 677 1120 733 1120 677 1121 727 1121 678 1121 728 1122 678 1122 727 1122 659 1123 705 1123 660 1123 704 1124 660 1124 705 1124 732 1125 660 1125 704 1125 660 1126 732 1126 679 1126 679 1127 732 1127 682 1127 703 1128 682 1128 732 1128 682 1129 703 1129 681 1129 702 1130 681 1130 703 1130 681 1131 702 1131 676 1131 733 1132 676 1132 702 1132 671 1133 731 1133 672 1133 698 1134 672 1134 731 1134 672 1135 698 1135 673 1135 697 1136 673 1136 698 1136 673 1137 697 1137 665 1137 696 1138 665 1138 697 1138 665 1139 696 1139 666 1139 695 1140 666 1140 696 1140 666 1141 695 1141 667 1141 721 1142 667 1142 695 1142 667 1143 721 1143 668 1143 722 1144 668 1144 721 1144 668 1145 722 1145 669 1145 723 1146 669 1146 722 1146 669 1147 723 1147 670 1147 694 1148 670 1148 723 1148 696 1149 760 1149 759 1149 741 1150 772 1150 720 1150 707 1151 769 1151 706 1151 769 1152 707 1152 770 1152 708 1153 770 1153 707 1153 770 1154 708 1154 771 1154 720 1155 771 1155 708 1155 771 1156 720 1156 772 1156 768 1157 706 1157 769 1157 706 1158 768 1158 705 1158 704 1159 753 1159 732 1159 753 1160 704 1160 767 1160 705 1161 767 1161 704 1161 767 1162 705 1162 768 1162 701 1163 764 1163 700 1163 750 1164 700 1164 764 1164 700 1165 750 1165 699 1165 763 1166 699 1166 750 1166 699 1167 763 1167 730 1167 751 1168 730 1168 763 1168 766 1169 732 1169 753 1169 732 1170 766 1170 703 1170 756 1171 727 1171 755 1171 727 1172 756 1172 747 1172 733 1173 755 1173 727 1173 755 1174 733 1174 765 1174 764 1175 701 1175 749 1175 729 1176 749 1176 701 1176 762 1177 731 1177 751 1177 730 1178 751 1178 731 1178 702 1179 765 1179 733 1179 765 1180 702 1180 754 1180 703 1181 754 1181 702 1181 754 1182 703 1182 766 1182 696 1183 759 1183 695 1183 719 1184 741 1184 720 1184 741 1185 719 1185 773 1185 718 1186 773 1186 719 1186 773 1187 718 1187 740 1187 709 1188 740 1188 718 1188 749 1189 729 1189 748 1189 728 1190 748 1190 729 1190 748 1191 728 1191 747 1191 727 1192 747 1192 728 1192 713 1193 775 1193 774 1193 775 1194 713 1194 776 1194 726 1195 776 1195 713 1195 776 1196 726 1196 746 1196 725 1197 746 1197 726 1197 746 1198 725 1198 777 1198 724 1199 777 1199 725 1199 777 1200 724 1200 778 1200 714 1201 778 1201 724 1201 778 1202 714 1202 757 1202 693 1203 757 1203 714 1203 757 1204 693 1204 745 1204 760 1205 696 1205 761 1205 697 1206 761 1206 696 1206 761 1207 697 1207 752 1207 698 1208 752 1208 697 1208 752 1209 698 1209 762 1209 731 1210 762 1210 698 1210 721 1211 742 1211 722 1211 742 1212 721 1212 758 1212 695 1213 758 1213 721 1213 758 1214 695 1214 759 1214 736 1215 712 1215 735 1215 716 1216 735 1216 712 1216 735 1217 716 1217 734 1217 715 1218 734 1218 716 1218 734 1219 715 1219 774 1219 713 1220 774 1220 715 1220 694 1221 745 1221 693 1221 745 1222 694 1222 744 1222 740 1223 709 1223 739 1223 710 1224 739 1224 709 1224 739 1225 710 1225 738 1225 717 1226 738 1226 710 1226 738 1227 717 1227 737 1227 711 1228 737 1228 717 1228 737 1229 711 1229 736 1229 712 1230 736 1230 711 1230 723 1231 744 1231 694 1231 744 1232 723 1232 743 1232 722 1233 743 1233 723 1233 743 1234 722 1234 742 1234 734 1235 810 1235 735 1235 801 1236 735 1236 810 1236 735 1237 801 1237 736 1237 811 1238 736 1238 801 1238 775 1239 802 1239 774 1239 809 1240 774 1240 802 1240 774 1241 809 1241 734 1241 810 1242 734 1242 809 1242 746 1243 804 1243 776 1243 803 1244 776 1244 804 1244 776 1245 803 1245 775 1245 802 1246 775 1246 803 1246 786 1247 751 1247 787 1247 763 1248 787 1248 751 1248 787 1249 763 1249 821 1249 750 1250 821 1250 763 1250 788 1251 749 1251 789 1251 748 1252 789 1252 749 1252 789 1253 748 1253 790 1253 747 1254 790 1254 748 1254 821 1255 750 1255 820 1255 764 1256 820 1256 750 1256 820 1257 764 1257 788 1257 749 1258 788 1258 764 1258 792 1259 755 1259 819 1259 765 1260 819 1260 755 1260 819 1261 765 1261 793 1261 754 1262 793 1262 765 1262 793 1263 754 1263 794 1263 766 1264 794 1264 754 1264 753 1265 794 1265 766 1265 794 1266 753 1266 795 1266 795 1267 753 1267 818 1267 767 1268 818 1268 753 1268 790 1269 747 1269 791 1269 756 1270 791 1270 747 1270 791 1271 756 1271 792 1271 755 1272 792 1272 756 1272 745 1273 806 1273 757 1273 807 1274 757 1274 806 1274 779 1275 744 1275 780 1275 743 1276 780 1276 744 1276 806 1277 745 1277 779 1277 744 1278 779 1278 745 1278 761 1279 823 1279 760 1279 784 1280 760 1280 823 1280 760 1281 784 1281 759 1281 783 1282 759 1282 784 1282 780 1283 743 1283 781 1283 742 1284 781 1284 743 1284 782 1285 758 1285 783 1285 759 1286 783 1286 758 1286 781 1287 742 1287 782 1287 758 1288 782 1288 742 1288 751 1289 786 1289 762 1289 822 1290 762 1290 786 1290 762 1291 822 1291 752 1291 785 1292 752 1292 822 1292 752 1293 785 1293 761 1293 823 1294 761 1294 785 1294 805 1295 777 1295 808 1295 778 1296 808 1296 777 1296 777 1297 805 1297 746 1297 804 1298 746 1298 805 1298 808 1299 778 1299 807 1299 757 1300 807 1300 778 1300 818 1301 767 1301 817 1301 768 1302 817 1302 767 1302 817 1303 768 1303 816 1303 769 1304 816 1304 768 1304 816 1305 769 1305 796 1305 770 1306 796 1306 769 1306 796 1307 770 1307 815 1307 771 1308 815 1308 770 1308 815 1309 771 1309 797 1309 772 1310 797 1310 771 1310 797 1311 772 1311 814 1311 741 1312 814 1312 772 1312 814 1313 741 1313 798 1313 773 1314 798 1314 741 1314 798 1315 773 1315 799 1315 740 1316 799 1316 773 1316 799 1317 740 1317 800 1317 739 1318 800 1318 740 1318 800 1319 739 1319 813 1319 738 1320 813 1320 739 1320 813 1321 738 1321 812 1321 737 1322 812 1322 738 1322 812 1323 737 1323 811 1323 736 1324 811 1324 737 1324 603 1325 804 1325 551 1325 805 1326 551 1326 804 1326 551 1327 805 1327 550 1327 808 1328 550 1328 805 1328 550 1329 808 1329 585 1329 807 1330 585 1330 808 1330 585 1331 807 1331 549 1331 806 1332 549 1332 807 1332 549 1333 806 1333 586 1333 779 1334 586 1334 806 1334 558 1335 798 1335 599 1335 799 1336 599 1336 798 1336 599 1337 799 1337 557 1337 800 1338 557 1338 799 1338 557 1339 800 1339 556 1339 813 1340 556 1340 800 1340 817 1341 562 1341 818 1341 596 1342 818 1342 562 1342 818 1343 596 1343 795 1343 563 1344 795 1344 596 1344 809 1345 553 1345 810 1345 601 1346 810 1346 553 1346 810 1347 601 1347 801 1347 600 1348 801 1348 601 1348 801 1349 600 1349 811 1349 554 1350 811 1350 600 1350 811 1351 554 1351 812 1351 555 1352 812 1352 554 1352 812 1353 555 1353 813 1353 556 1354 813 1354 555 1354 816 1355 561 1355 817 1355 562 1356 817 1356 561 1356 792 1357 593 1357 791 1357 566 1358 791 1358 593 1358 593 1359 792 1359 594 1359 819 1360 594 1360 792 1360 594 1361 819 1361 565 1361 793 1362 565 1362 819 1362 565 1363 793 1363 564 1363 794 1364 564 1364 793 1364 564 1365 794 1365 595 1365 595 1366 794 1366 563 1366 795 1367 563 1367 794 1367 572 1368 823 1368 571 1368 785 1369 571 1369 823 1369 571 1370 785 1370 570 1370 822 1371 570 1371 785 1371 570 1372 822 1372 569 1372 786 1373 569 1373 822 1373 561 1374 816 1374 597 1374 796 1375 597 1375 816 1375 597 1376 796 1376 560 1376 815 1377 560 1377 796 1377 560 1378 815 1378 598 1378 797 1379 598 1379 815 1379 598 1380 797 1380 559 1380 814 1381 559 1381 797 1381 559 1382 814 1382 558 1382 798 1383 558 1383 814 1383 591 1384 789 1384 592 1384 790 1385 592 1385 789 1385 592 1386 790 1386 566 1386 791 1387 566 1387 790 1387 823 1388 572 1388 784 1388 546 1389 784 1389 572 1389 568 1390 820 1390 567 1390 788 1391 567 1391 820 1391 820 1392 568 1392 821 1392 590 1393 821 1393 568 1393 589 1394 787 1394 590 1394 821 1395 590 1395 787 1395 552 1396 802 1396 602 1396 803 1397 602 1397 802 1397 787 1398 589 1398 786 1398 569 1399 786 1399 589 1399 602 1400 803 1400 603 1400 804 1401 603 1401 803 1401 789 1402 591 1402 788 1402 567 1403 788 1403 591 1403 587 1404 781 1404 547 1404 782 1405 547 1405 781 1405 547 1406 782 1406 588 1406 783 1407 588 1407 782 1407 586 1408 779 1408 548 1408 780 1409 548 1409 779 1409 548 1410 780 1410 587 1410 781 1411 587 1411 780 1411 588 1412 783 1412 546 1412 784 1413 546 1413 783 1413 553 1414 809 1414 552 1414 802 1415 552 1415 809 1415 913 1416 881 1416 912 1416 882 1417 912 1417 881 1417 912 1418 882 1418 876 1418 883 1419 876 1419 882 1419 907 1420 860 1420 906 1420 859 1421 906 1421 860 1421 906 1422 859 1422 905 1422 886 1423 905 1423 859 1423 863 1424 862 1424 899 1424 861 1425 899 1425 862 1425 899 1426 861 1426 907 1426 860 1427 907 1427 861 1427 840 1428 839 1428 924 1428 893 1429 924 1429 839 1429 924 1430 893 1430 914 1430 894 1431 914 1431 893 1431 862 1432 863 1432 864 1432 865 1433 864 1433 863 1433 864 1434 865 1434 866 1434 867 1435 866 1435 865 1435 866 1436 867 1436 868 1436 909 1437 868 1437 867 1437 868 1438 909 1438 892 1438 908 1439 892 1439 909 1439 892 1440 908 1440 869 1440 898 1441 869 1441 908 1441 869 1442 898 1442 870 1442 900 1443 870 1443 898 1443 872 1444 915 1444 873 1444 874 1445 873 1445 915 1445 873 1446 874 1446 875 1446 916 1447 875 1447 874 1447 855 1448 249 1448 884 1448 856 1449 884 1449 249 1449 884 1450 856 1450 885 1450 857 1451 885 1451 856 1451 885 1452 857 1452 858 1452 904 1453 858 1453 857 1453 858 1454 904 1454 886 1454 905 1455 886 1455 904 1455 249 1456 855 1456 922 1456 854 1457 922 1457 855 1457 922 1458 854 1458 853 1458 852 1459 853 1459 854 1459 901 1460 834 1460 902 1460 833 1461 902 1461 834 1461 902 1462 833 1462 919 1462 887 1463 919 1463 833 1463 881 1464 913 1464 880 1464 824 1465 880 1465 913 1465 880 1466 824 1466 879 1466 825 1467 879 1467 824 1467 879 1468 825 1468 826 1468 910 1469 826 1469 825 1469 826 1470 910 1470 878 1470 911 1471 878 1471 910 1471 914 1472 894 1472 903 1472 838 1473 903 1473 894 1473 903 1474 838 1474 920 1474 837 1475 920 1475 838 1475 920 1476 837 1476 836 1476 895 1477 836 1477 837 1477 836 1478 895 1478 921 1478 896 1479 921 1479 895 1479 915 1480 872 1480 871 1480 891 1481 871 1481 872 1481 871 1482 891 1482 900 1482 870 1483 900 1483 891 1483 853 1484 852 1484 851 1484 850 1485 851 1485 852 1485 851 1486 850 1486 923 1486 849 1487 923 1487 850 1487 923 1488 849 1488 848 1488 847 1489 848 1489 849 1489 848 1490 847 1490 846 1490 845 1491 846 1491 847 1491 846 1492 845 1492 844 1492 843 1493 844 1493 845 1493 844 1494 843 1494 842 1494 841 1495 842 1495 843 1495 828 1496 829 1496 890 1496 917 1497 890 1497 829 1497 827 1498 926 1498 828 1498 829 1499 828 1499 926 1499 835 1500 897 1500 901 1500 834 1501 901 1501 897 1501 921 1502 896 1502 835 1502 897 1503 835 1503 896 1503 919 1504 887 1504 832 1504 888 1505 832 1505 887 1505 832 1506 888 1506 918 1506 889 1507 918 1507 888 1507 918 1508 889 1508 831 1508 830 1509 831 1509 889 1509 831 1510 830 1510 917 1510 890 1511 917 1511 830 1511 876 1512 883 1512 916 1512 875 1513 916 1513 883 1513 842 1514 841 1514 925 1514 877 1515 925 1515 841 1515 925 1516 877 1516 840 1516 839 1517 840 1517 877 1517 926 1518 827 1518 911 1518 878 1519 911 1519 827 1519 247 1520 146 1520 148 1520 146 1521 247 1521 143 1521 880 1522 215 1522 881 1522 215 1523 880 1523 252 1523 879 1524 252 1524 880 1524 252 1525 879 1525 214 1525 826 1526 214 1526 879 1526 214 1527 826 1527 248 1527 878 1528 248 1528 826 1528 242 1529 895 1529 84 1529 837 1530 84 1530 895 1530 84 1531 837 1531 83 1531 838 1532 83 1532 837 1532 877 1533 244 1533 839 1533 244 1534 877 1534 272 1534 841 1535 272 1535 877 1535 272 1536 841 1536 308 1536 843 1537 308 1537 841 1537 308 1538 843 1538 307 1538 845 1539 307 1539 843 1539 307 1540 845 1540 306 1540 269 1541 834 1541 86 1541 897 1542 86 1542 834 1542 86 1543 897 1543 85 1543 896 1544 85 1544 897 1544 85 1545 896 1545 242 1545 895 1546 242 1546 896 1546 303 1547 852 1547 87 1547 854 1548 87 1548 852 1548 864 1549 225 1549 226 1549 225 1550 864 1550 223 1550 866 1551 223 1551 864 1551 223 1552 866 1552 298 1552 868 1553 298 1553 866 1553 83 1554 838 1554 82 1554 894 1555 82 1555 838 1555 82 1556 894 1556 81 1556 893 1557 81 1557 894 1557 81 1558 893 1558 137 1558 839 1559 137 1559 893 1559 891 1560 218 1560 870 1560 218 1561 891 1561 106 1561 872 1562 106 1562 891 1562 873 1563 106 1563 872 1563 151 1564 285 1564 187 1564 847 1565 306 1565 845 1565 306 1566 847 1566 305 1566 849 1567 305 1567 847 1567 305 1568 849 1568 304 1568 850 1569 304 1569 849 1569 304 1570 850 1570 303 1570 852 1571 303 1571 850 1571 828 1572 294 1572 95 1572 294 1573 828 1573 212 1573 890 1574 212 1574 828 1574 212 1575 890 1575 211 1575 830 1576 211 1576 890 1576 211 1577 830 1577 209 1577 889 1578 209 1578 830 1578 209 1579 889 1579 271 1579 888 1580 271 1580 889 1580 298 1581 868 1581 297 1581 892 1582 297 1582 868 1582 297 1583 892 1583 296 1583 869 1584 296 1584 892 1584 296 1585 869 1585 295 1585 870 1586 295 1586 869 1586 295 1587 870 1587 218 1587 151 1588 286 1588 285 1588 263 1589 286 1589 151 1589 91 1590 89 1590 92 1590 88 1591 92 1591 89 1591 271 1592 888 1592 270 1592 887 1593 270 1593 888 1593 270 1594 887 1594 293 1594 833 1595 293 1595 887 1595 293 1596 833 1596 151 1596 834 1597 151 1597 833 1597 861 1598 268 1598 860 1598 267 1599 860 1599 268 1599 860 1600 267 1600 859 1600 266 1601 859 1601 267 1601 859 1602 266 1602 886 1602 265 1603 886 1603 266 1603 886 1604 265 1604 858 1604 264 1605 858 1605 265 1605 858 1606 264 1606 885 1606 151 1607 287 1607 263 1607 287 1608 151 1608 269 1608 854 1609 93 1609 87 1609 226 1610 227 1610 864 1610 862 1611 864 1611 227 1611 115 1612 254 1612 260 1612 862 1613 227 1613 861 1613 268 1614 861 1614 227 1614 138 1615 137 1615 244 1615 226 1616 262 1616 227 1616 279 1617 885 1617 264 1617 885 1618 279 1618 884 1618 280 1619 884 1619 279 1619 884 1620 280 1620 855 1620 93 1621 855 1621 280 1621 855 1622 93 1622 854 1622 302 1623 260 1623 254 1623 254 1624 95 1624 302 1624 839 1625 244 1625 137 1625 92 1626 87 1626 93 1626 289 1627 262 1627 226 1627 262 1628 289 1628 261 1628 289 1629 292 1629 261 1629 246 1630 292 1630 289 1630 125 1631 126 1631 245 1631 256 1632 125 1632 245 1632 256 1633 245 1633 251 1633 248 1634 95 1634 254 1634 834 1635 269 1635 151 1635 875 1636 217 1636 250 1636 217 1637 875 1637 301 1637 883 1638 301 1638 875 1638 301 1639 883 1639 300 1639 882 1640 300 1640 883 1640 300 1641 882 1641 299 1641 881 1642 299 1642 882 1642 299 1643 881 1643 215 1643 88 1644 87 1644 92 1644 245 1645 250 1645 251 1645 95 1646 248 1646 828 1646 827 1647 828 1647 248 1647 138 1648 247 1648 148 1648 244 1649 247 1649 138 1649 827 1650 248 1650 878 1650 250 1651 106 1651 875 1651 873 1652 875 1652 106 1652 106 1653 250 1653 245 1653 863 1654 899 1654 900 1654 901 1655 902 1655 914 1655 909 1656 900 1656 908 1656 908 1657 900 1657 898 1657 900 1658 907 1658 906 1658 907 1659 900 1659 899 1659 825 1660 824 1660 900 1660 913 1661 900 1661 824 1661 912 1662 900 1662 913 1662 910 1663 926 1663 911 1663 825 1664 926 1664 910 1664 900 1665 865 1665 863 1665 865 1666 900 1666 867 1666 867 1667 900 1667 909 1667 912 1668 876 1668 900 1668 916 1669 900 1669 876 1669 874 1670 900 1670 916 1670 915 1671 900 1671 874 1671 871 1672 900 1672 915 1672 917 1673 914 1673 831 1673 829 1674 926 1674 917 1674 914 1675 835 1675 901 1675 835 1676 914 1676 921 1676 921 1677 914 1677 836 1677 836 1678 914 1678 920 1678 920 1679 914 1679 903 1679 914 1680 919 1680 832 1680 919 1681 914 1681 902 1681 832 1682 918 1682 914 1682 831 1683 914 1683 918 1683 914 1684 249 1684 846 1684 848 1685 846 1685 249 1685 900 1686 926 1686 825 1686 249 1687 923 1687 848 1687 923 1688 249 1688 851 1688 851 1689 249 1689 853 1689 853 1690 249 1690 922 1690 846 1691 844 1691 914 1691 924 1692 914 1692 840 1692 840 1693 914 1693 925 1693 925 1694 914 1694 842 1694 842 1695 914 1695 844 1695 857 1696 900 1696 904 1696 856 1697 249 1697 857 1697 906 1698 905 1698 900 1698 904 1699 900 1699 905 1699 857 1700 249 1700 900 1700 978 1701 965 1701 977 1701 963 1702 962 1702 961 1702 957 1703 956 1703 972 1703 972 1704 955 1704 971 1704 973 1705 1003 1705 957 1705 1003 1706 973 1706 958 1706 974 1707 958 1707 973 1707 955 1708 972 1708 956 1708 979 1709 1007 1709 978 1709 962 1710 963 1710 964 1710 964 1711 977 1711 965 1711 977 1712 964 1712 963 1712 1007 1713 979 1713 966 1713 965 1714 978 1714 1007 1714 956 1715 957 1715 1003 1715 989 1716 936 1716 990 1716 983 1717 993 1717 982 1717 992 1718 982 1718 993 1718 982 1719 992 1719 938 1719 991 1720 938 1720 992 1720 938 1721 991 1721 937 1721 990 1722 937 1722 991 1722 937 1723 990 1723 936 1723 993 1724 983 1724 939 1724 945 1725 980 1725 946 1725 947 1726 946 1726 980 1726 946 1727 947 1727 994 1727 948 1728 994 1728 947 1728 994 1729 948 1729 995 1729 981 1730 995 1730 948 1730 995 1731 981 1731 996 1731 949 1732 996 1732 981 1732 996 1733 949 1733 997 1733 985 1734 933 1734 984 1734 933 1735 985 1735 988 1735 934 1736 988 1736 985 1736 988 1737 934 1737 935 1737 986 1738 935 1738 934 1738 935 1739 986 1739 989 1739 936 1740 989 1740 986 1740 998 1741 953 1741 999 1741 931 1742 932 1742 987 1742 984 1743 987 1743 932 1743 929 1744 930 1744 931 1744 930 1745 929 1745 928 1745 927 1746 928 1746 929 1746 932 1747 931 1747 930 1747 987 1748 984 1748 933 1748 971 1749 1002 1749 970 1749 1001 1750 970 1750 1002 1750 970 1751 1001 1751 969 1751 1000 1752 969 1752 1001 1752 969 1753 1000 1753 954 1753 999 1754 954 1754 1000 1754 954 1755 999 1755 953 1755 1002 1756 971 1756 955 1756 958 1757 974 1757 1004 1757 940 1758 939 1758 983 1758 939 1759 940 1759 941 1759 942 1760 941 1760 940 1760 941 1761 942 1761 943 1761 944 1762 943 1762 942 1762 943 1763 944 1763 945 1763 980 1764 945 1764 944 1764 961 1765 960 1765 976 1765 1006 1766 976 1766 960 1766 976 1767 1006 1767 975 1767 1005 1768 975 1768 1006 1768 975 1769 1005 1769 959 1769 1004 1770 959 1770 1005 1770 959 1771 1004 1771 974 1771 960 1772 961 1772 962 1772 953 1773 998 1773 952 1773 950 1774 952 1774 998 1774 952 1775 950 1775 951 1775 951 1776 950 1776 949 1776 997 1777 949 1777 950 1777 967 1778 966 1778 979 1778 966 1779 967 1779 1008 1779 968 1780 1008 1780 967 1780 1008 1781 968 1781 927 1781 928 1782 927 1782 968 1782 542 1783 944 1783 543 1783 942 1784 543 1784 944 1784 971 1785 529 1785 972 1785 528 1786 972 1786 529 1786 970 1787 530 1787 971 1787 530 1788 970 1788 531 1788 969 1789 531 1789 970 1789 529 1790 971 1790 530 1790 967 1791 578 1791 968 1791 578 1792 967 1792 521 1792 959 1793 524 1793 975 1793 954 1794 533 1794 532 1794 524 1795 959 1795 525 1795 531 1796 969 1796 532 1796 954 1797 532 1797 969 1797 944 1798 542 1798 980 1798 972 1799 528 1799 957 1799 522 1800 963 1800 575 1800 575 1801 961 1801 523 1801 961 1802 575 1802 963 1802 523 1803 976 1803 574 1803 975 1804 574 1804 976 1804 574 1805 975 1805 524 1805 976 1806 523 1806 961 1806 526 1807 525 1807 959 1807 974 1808 526 1808 959 1808 526 1809 974 1809 527 1809 973 1810 527 1810 974 1810 527 1811 973 1811 573 1811 957 1812 573 1812 973 1812 573 1813 957 1813 528 1813 533 1814 954 1814 534 1814 576 1815 977 1815 522 1815 977 1816 576 1816 978 1816 577 1817 978 1817 576 1817 978 1818 577 1818 979 1818 521 1819 979 1819 577 1819 979 1820 521 1820 967 1820 543 1821 942 1821 544 1821 980 1822 540 1822 947 1822 953 1823 534 1823 954 1823 534 1824 953 1824 535 1824 952 1825 535 1825 953 1825 539 1826 947 1826 540 1826 535 1827 952 1827 536 1827 963 1828 522 1828 977 1828 983 1829 581 1829 940 1829 938 1830 545 1830 982 1830 580 1831 982 1831 545 1831 982 1832 580 1832 983 1832 545 1833 938 1833 512 1833 936 1834 513 1834 937 1834 952 1835 951 1835 536 1835 512 1836 937 1836 513 1836 937 1837 512 1837 938 1837 536 1838 949 1838 579 1838 949 1839 536 1839 951 1839 579 1840 949 1840 537 1840 981 1841 537 1841 949 1841 537 1842 981 1842 538 1842 948 1843 538 1843 981 1843 538 1844 948 1844 539 1844 947 1845 539 1845 948 1845 940 1846 544 1846 942 1846 544 1847 940 1847 581 1847 581 1848 983 1848 580 1848 980 1849 541 1849 540 1849 578 1850 582 1850 968 1850 520 1851 968 1851 582 1851 584 1852 932 1852 583 1852 932 1853 584 1853 984 1853 515 1854 986 1854 516 1854 986 1855 515 1855 936 1855 934 1856 516 1856 986 1856 928 1857 519 1857 930 1857 930 1858 583 1858 932 1858 583 1859 930 1859 519 1859 968 1860 520 1860 928 1860 519 1861 928 1861 520 1861 514 1862 936 1862 515 1862 936 1863 514 1863 513 1863 541 1864 980 1864 542 1864 516 1865 934 1865 517 1865 985 1866 517 1866 934 1866 517 1867 985 1867 518 1867 984 1868 518 1868 985 1868 518 1869 984 1869 584 1869 4 1870 935 1870 54 1870 935 1871 4 1871 988 1871 56 1872 988 1872 4 1872 26 1873 960 1873 25 1873 53 1874 990 1874 52 1874 990 1875 53 1875 989 1875 52 1876 991 1876 50 1876 989 1877 54 1877 935 1877 21 1878 1007 1878 20 1878 966 1879 20 1879 1007 1879 20 1880 966 1880 62 1880 1008 1881 62 1881 966 1881 62 1882 1008 1882 60 1882 927 1883 60 1883 1008 1883 60 1884 927 1884 58 1884 1002 1885 33 1885 1001 1885 5 1886 993 1886 6 1886 955 1887 16 1887 1002 1887 16 1888 955 1888 31 1888 988 1889 56 1889 933 1889 3 1890 933 1890 56 1890 933 1891 3 1891 987 1891 54 1892 989 1892 53 1892 993 1893 5 1893 992 1893 992 1894 50 1894 991 1894 931 1895 2 1895 929 1895 50 1896 992 1896 5 1896 991 1897 52 1897 990 1897 33 1898 1002 1898 16 1898 929 1899 58 1899 927 1899 58 1900 929 1900 2 1900 960 1901 26 1901 1006 1901 12 1902 996 1902 13 1902 962 1903 25 1903 960 1903 25 1904 962 1904 23 1904 964 1905 23 1905 962 1905 23 1906 964 1906 22 1906 965 1907 22 1907 964 1907 22 1908 965 1908 21 1908 1007 1909 21 1909 965 1909 998 1910 15 1910 950 1910 14 1911 950 1911 15 1911 13 1912 950 1912 14 1912 950 1913 13 1913 997 1913 997 1914 13 1914 996 1914 57 1915 987 1915 3 1915 996 1916 12 1916 995 1916 28 1917 1006 1917 26 1917 1006 1918 28 1918 1005 1918 30 1919 1005 1919 28 1919 1005 1920 30 1920 1004 1920 19 1921 1004 1921 30 1921 1004 1922 19 1922 958 1922 18 1923 958 1923 19 1923 958 1924 18 1924 1003 1924 17 1925 1003 1925 18 1925 1003 1926 17 1926 956 1926 31 1927 956 1927 17 1927 956 1928 31 1928 955 1928 943 1929 47 1929 941 1929 945 1930 8 1930 943 1930 47 1931 943 1931 8 1931 946 1932 9 1932 945 1932 8 1933 945 1933 9 1933 15 1934 998 1934 38 1934 999 1935 38 1935 998 1935 36 1936 1000 1936 35 1936 1001 1937 35 1937 1000 1937 38 1938 999 1938 36 1938 1000 1939 36 1939 999 1939 995 1940 11 1940 994 1940 10 1941 994 1941 11 1941 9 1942 946 1942 10 1942 994 1943 10 1943 946 1943 987 1944 57 1944 931 1944 11 1945 995 1945 12 1945 35 1946 1001 1946 33 1946 939 1947 6 1947 993 1947 6 1948 939 1948 7 1948 941 1949 7 1949 939 1949 7 1950 941 1950 47 1950 2 1951 931 1951 57 1951 614 1952 610 1952 612 1952 610 1953 616 1953 612 1953 616 1954 282 1954 612 1954 610 1955 615 1955 616 1955 610 1956 102 1956 615 1956 502 1957 311 1957 634 1957 311 1958 502 1958 638 1958 311 1959 635 1959 634 1959 311 1960 636 1960 635 1960 99 1961 627 1961 275 1961 465 1962 630 1962 627 1962 627 1963 505 1963 275 1963 608 1964 470 1964 284 1964 608 1965 283 1965 470 1965 608 1966 604 1966 283 1966 608 1967 104 1967 604 1967 283 1968 606 1968 470 1968 283 1969 105 1969 606 1969 606 1970 605 1970 470 1970 641 1971 463 1971 640 1971 463 1972 274 1972 643 1972 643 1973 274 1973 644 1973 274 1974 463 1974 645 1974 469 1975 618 1975 619 1975 618 1976 507 1976 619 1976 507 1977 281 1977 619 1977 507 1978 313 1978 281 1978 253 1979 94 1979 310 1979 94 1980 96 1980 310 1980 310 1981 96 1981 647 1981 506 1982 622 1982 100 1982 506 1983 625 1983 622 1983 622 1984 468 1984 100 1984 468 1985 622 1985 623 1985 100 1986 468 1986 624 1986 1009 1987 1382 1987 1010 1987 1014 1988 1382 1988 1012 1988 1012 1989 1013 1989 1014 1989 1014 1990 1013 1990 1015 1990 1016 1991 1026 1991 1015 1991 1015 1992 1013 1992 1016 1992 1011 1993 1014 1993 1017 1993 1015 1994 1017 1994 1014 1994 1019 1995 1017 1995 1018 1995 1017 1996 1015 1996 1018 1996 1019 1997 1505 1997 1020 1997 1018 1998 1022 1998 1019 1998 1021 1999 1017 1999 1019 1999 1023 2000 1022 2000 1024 2000 1025 2001 1024 2001 1022 2001 1025 2002 1022 2002 1018 2002 1026 2003 1027 2003 1024 2003 1023 2004 1027 2004 1028 2004 1029 2005 1028 2005 1027 2005 1027 2006 1031 2006 1029 2006 1027 2007 1023 2007 1024 2007 1031 2008 1027 2008 1030 2008 1031 2009 1030 2009 1401 2009 1031 2010 1399 2010 1402 2010 1032 2011 1031 2011 1402 2011 1033 2012 1402 2012 1034 2012 1035 2013 1034 2013 1402 2013 1037 2014 1036 2014 1034 2014 1034 2015 1035 2015 1037 2015 1037 2016 1038 2016 1036 2016 1039 2017 1036 2017 1038 2017 1040 2018 1036 2018 1039 2018 1036 2019 1040 2019 1041 2019 1040 2020 1043 2020 1042 2020 1040 2021 1042 2021 1044 2021 1040 2022 1038 2022 1043 2022 1038 2023 1045 2023 1043 2023 1038 2024 1037 2024 1045 2024 1037 2025 1046 2025 1047 2025 1047 2026 1045 2026 1037 2026 1045 2027 1047 2027 1043 2027 1048 2028 1047 2028 1046 2028 1048 2029 1046 2029 1049 2029 1049 2030 1050 2030 1048 2030 1052 2031 1051 2031 1049 2031 1050 2032 1049 2032 1051 2032 1046 2033 1052 2033 1049 2033 1053 2034 1054 2034 1051 2034 1051 2035 1052 2035 1053 2035 1055 2036 1043 2036 1054 2036 1054 2037 1058 2037 1055 2037 1054 2038 1053 2038 1056 2038 1056 2039 1057 2039 1054 2039 1050 2040 1051 2040 1043 2040 1059 2041 1055 2041 1058 2041 1060 2042 1061 2042 1059 2042 1055 2043 1059 2043 1061 2043 1061 2044 1063 2044 1055 2044 1062 2045 1064 2045 1061 2045 1061 2046 1060 2046 1062 2046 1064 2047 1063 2047 1061 2047 1043 2048 1055 2048 1063 2048 1064 2049 1065 2049 1042 2049 1043 2050 1064 2050 1042 2050 1064 2051 1062 2051 1065 2051 1065 2052 1062 2052 1042 2052 1066 2053 1042 2053 1062 2053 1067 2054 1042 2054 1066 2054 1066 2055 1069 2055 1067 2055 1062 2056 1068 2056 1066 2056 1070 2057 1067 2057 1069 2057 1070 2058 1069 2058 1072 2058 1072 2059 1071 2059 1070 2059 1072 2060 1069 2060 1074 2060 1071 2061 1072 2061 1073 2061 1074 2062 1125 2062 1072 2062 1125 2063 1075 2063 1072 2063 1077 2064 1072 2064 1075 2064 1078 2065 1072 2065 1076 2065 1077 2066 1076 2066 1072 2066 1078 2067 1079 2067 1072 2067 1076 2068 1079 2068 1078 2068 1079 2069 1076 2069 1080 2069 1081 2070 1079 2070 1080 2070 1081 2071 1082 2071 1083 2071 1084 2072 1082 2072 1081 2072 1083 2073 1079 2073 1081 2073 1081 2074 1088 2074 1084 2074 1085 2075 1157 2075 1081 2075 1085 2076 1081 2076 1086 2076 1087 2077 1086 2077 1081 2077 1081 2078 1080 2078 1087 2078 1088 2079 1081 2079 1157 2079 1157 2080 1089 2080 1088 2080 1089 2081 1157 2081 1092 2081 1090 2082 1089 2082 1091 2082 1092 2083 1091 2083 1089 2083 1093 2084 1091 2084 1092 2084 1093 2085 1094 2085 1090 2085 1093 2086 1095 2086 1094 2086 1093 2087 1096 2087 1095 2087 1099 2088 1095 2088 1098 2088 1101 2089 1095 2089 1099 2089 1095 2090 1101 2090 1100 2090 1099 2091 1102 2091 1101 2091 1104 2092 1101 2092 1102 2092 1538 2093 1100 2093 1101 2093 1101 2094 1104 2094 1103 2094 1105 2095 1103 2095 1104 2095 1102 2096 1110 2096 1104 2096 1106 2097 1104 2097 1110 2097 1107 2098 1104 2098 1106 2098 1107 2099 1108 2099 1104 2099 1109 2100 1104 2100 1108 2100 1110 2101 1111 2101 1106 2101 1110 2102 1102 2102 1112 2102 1112 2103 1111 2103 1110 2103 1111 2104 1112 2104 1113 2104 1113 2105 1114 2105 1111 2105 1116 2106 1114 2106 1113 2106 1117 2107 1113 2107 1112 2107 1113 2108 1117 2108 1116 2108 1117 2109 1112 2109 1118 2109 1119 2110 1117 2110 1118 2110 1120 2111 1116 2111 1117 2111 1117 2112 1119 2112 1120 2112 1116 2113 1120 2113 1121 2113 1121 2114 1122 2114 1116 2114 1114 2115 1116 2115 1122 2115 1121 2116 1124 2116 1123 2116 1123 2117 1122 2117 1121 2117 1124 2118 1121 2118 1120 2118 1120 2119 1119 2119 1124 2119 1125 2120 1124 2120 1119 2120 1126 2121 1125 2121 1119 2121 1124 2122 1125 2122 1127 2122 1127 2123 1123 2123 1124 2123 1123 2124 1127 2124 1128 2124 1129 2125 1127 2125 1125 2125 1129 2126 1128 2126 1127 2126 1128 2127 1129 2127 1130 2127 1130 2128 1131 2128 1128 2128 1131 2129 1130 2129 1132 2129 1133 2130 1132 2130 1130 2130 1133 2131 1135 2131 1134 2131 1134 2132 1132 2132 1133 2132 1130 2133 1136 2133 1133 2133 1135 2134 1133 2134 1136 2134 1136 2135 1130 2135 1129 2135 1136 2136 1109 2136 1135 2136 1129 2137 1125 2137 1136 2137 1109 2138 1136 2138 1125 2138 1137 2139 1134 2139 1135 2139 1109 2140 1137 2140 1135 2140 1134 2141 1137 2141 1138 2141 1138 2142 1132 2142 1134 2142 1138 2143 1137 2143 1139 2143 1139 2144 1140 2144 1138 2144 1132 2145 1138 2145 1140 2145 1132 2146 1115 2146 1122 2146 1141 2147 1140 2147 1139 2147 1140 2148 1141 2148 1115 2148 1142 2149 1115 2149 1141 2149 1141 2150 1107 2150 1142 2150 1106 2151 1142 2151 1107 2151 1142 2152 1106 2152 1111 2152 1111 2153 1115 2153 1142 2153 1139 2154 1108 2154 1141 2154 1108 2155 1139 2155 1137 2155 1108 2156 1137 2156 1109 2156 1107 2157 1141 2157 1108 2157 1128 2158 1131 2158 1123 2158 1122 2159 1123 2159 1131 2159 1119 2160 1144 2160 1126 2160 1143 2161 1125 2161 1126 2161 1143 2162 1126 2162 1144 2162 1125 2163 1145 2163 1075 2163 1145 2164 1125 2164 1143 2164 1146 2165 1075 2165 1145 2165 1145 2166 1149 2166 1146 2166 1147 2167 1145 2167 1148 2167 1143 2168 1148 2168 1145 2168 1149 2169 1145 2169 1147 2169 1150 2170 1149 2170 1151 2170 1147 2171 1151 2171 1149 2171 1086 2172 1150 2172 1151 2172 1086 2173 1151 2173 1085 2173 1147 2174 1085 2174 1151 2174 1087 2175 1150 2175 1086 2175 1087 2176 1152 2176 1150 2176 1149 2177 1150 2177 1152 2177 1152 2178 1146 2178 1149 2178 1077 2179 1146 2179 1080 2179 1076 2180 1077 2180 1080 2180 1075 2181 1146 2181 1077 2181 1148 2182 1154 2182 1147 2182 1154 2183 1148 2183 1153 2183 1155 2184 1153 2184 1148 2184 1148 2185 1143 2185 1155 2185 1153 2186 1155 2186 1156 2186 1093 2187 1155 2187 1143 2187 1155 2188 1093 2188 1092 2188 1092 2189 1156 2189 1155 2189 1156 2190 1092 2190 1157 2190 1156 2191 1157 2191 1153 2191 1085 2192 1147 2192 1154 2192 1085 2193 1154 2193 1157 2193 1153 2194 1157 2194 1154 2194 1144 2195 1119 2195 1158 2195 1144 2196 1093 2196 1143 2196 1158 2197 1097 2197 1144 2197 1144 2198 1097 2198 1093 2198 1158 2199 1118 2199 1099 2199 1118 2200 1158 2200 1119 2200 1099 2201 1098 2201 1158 2201 1096 2202 1158 2202 1098 2202 1097 2203 1158 2203 1096 2203 1102 2204 1099 2204 1118 2204 1118 2205 1112 2205 1102 2205 1115 2206 1111 2206 1114 2206 1159 2207 1160 2207 1109 2207 1125 2208 1074 2208 1109 2208 1160 2209 1162 2209 1109 2209 1159 2210 1109 2210 1161 2210 1161 2211 1109 2211 1074 2211 1109 2212 1172 2212 1163 2212 1163 2213 1104 2213 1109 2213 1163 2214 1164 2214 1165 2214 1163 2215 1165 2215 1074 2215 1166 2216 1173 2216 1163 2216 1179 2217 1167 2217 1163 2217 1168 2218 1163 2218 1167 2218 1163 2219 1168 2219 1178 2219 1169 2220 1179 2220 1163 2220 1170 2221 1166 2221 1163 2221 1163 2222 1173 2222 1171 2222 1172 2223 1164 2223 1163 2223 1175 2224 1105 2224 1163 2224 1104 2225 1163 2225 1105 2225 1163 2226 1174 2226 1175 2226 1170 2227 1163 2227 1176 2227 1074 2228 1176 2228 1163 2228 1163 2229 1177 2229 1169 2229 1169 2230 1181 2230 1179 2230 1179 2231 1180 2231 1167 2231 1180 2232 1179 2232 1181 2232 1181 2233 1182 2233 1180 2233 1182 2234 1181 2234 1184 2234 1181 2235 1169 2235 1183 2235 1183 2236 1184 2236 1181 2236 1184 2237 1185 2237 1182 2237 1185 2238 1184 2238 1186 2238 1186 2239 1187 2239 1185 2239 1186 2240 1188 2240 1187 2240 1188 2241 1186 2241 1184 2241 1188 2242 1184 2242 1189 2242 1183 2243 1189 2243 1184 2243 1190 2244 1188 2244 1189 2244 1191 2245 1190 2245 1189 2245 1191 2246 1192 2246 1190 2246 1194 2247 1192 2247 1191 2247 1193 2248 1194 2248 1191 2248 1192 2249 1194 2249 1195 2249 1195 2250 1194 2250 1196 2250 1197 2251 1194 2251 1193 2251 1194 2252 1197 2252 1198 2252 1194 2253 1198 2253 1196 2253 1199 2254 1196 2254 1198 2254 1200 2255 1199 2255 1198 2255 1198 2256 1197 2256 1200 2256 1199 2257 1200 2257 1201 2257 1202 2258 1200 2258 1197 2258 1203 2259 1204 2259 1202 2259 1019 2260 1204 2260 1205 2260 1206 2261 1205 2261 1204 2261 1204 2262 1203 2262 1206 2262 1210 2263 1207 2263 1208 2263 1209 2264 1208 2264 1207 2264 1211 2265 1205 2265 1207 2265 1207 2266 1210 2266 1211 2266 1212 2267 1211 2267 1210 2267 1210 2268 1213 2268 1212 2268 1214 2269 1212 2269 1213 2269 1213 2270 1216 2270 1214 2270 1210 2271 1215 2271 1213 2271 1218 2272 1213 2272 1215 2272 1216 2273 1213 2273 1217 2273 1218 2274 1217 2274 1213 2274 1217 2275 1218 2275 1220 2275 1218 2276 1221 2276 1219 2276 1219 2277 1220 2277 1218 2277 1215 2278 1221 2278 1218 2278 1221 2279 1222 2279 1219 2279 1219 2280 1222 2280 1224 2280 1223 2281 1224 2281 1222 2281 1189 2282 1223 2282 1222 2282 1189 2283 1224 2283 1223 2283 1226 2284 1224 2284 1225 2284 1183 2285 1225 2285 1224 2285 1224 2286 1226 2286 1219 2286 1224 2287 1189 2287 1183 2287 1220 2288 1219 2288 1226 2288 1226 2289 1228 2289 1220 2289 1225 2290 1227 2290 1226 2290 1227 2291 1228 2291 1226 2291 1229 2292 1228 2292 1230 2292 1228 2293 1229 2293 1231 2293 1231 2294 1220 2294 1228 2294 1229 2295 1232 2295 1233 2295 1233 2296 1231 2296 1229 2296 1230 2297 1232 2297 1229 2297 1254 2298 1232 2298 1234 2298 1232 2299 1230 2299 1234 2299 1235 2300 1234 2300 1230 2300 1236 2301 1235 2301 1227 2301 1235 2302 1236 2302 1237 2302 1237 2303 1234 2303 1235 2303 1234 2304 1237 2304 1240 2304 1238 2305 1237 2305 1236 2305 1237 2306 1238 2306 1239 2306 1239 2307 1240 2307 1237 2307 1241 2308 1239 2308 1238 2308 1239 2309 1241 2309 1242 2309 1242 2310 1240 2310 1239 2310 1240 2311 1242 2311 1243 2311 1244 2312 1243 2312 1242 2312 1245 2313 1244 2313 1246 2313 1242 2314 1246 2314 1244 2314 1244 2315 1245 2315 1247 2315 1247 2316 1243 2316 1244 2316 1243 2317 1254 2317 1234 2317 1243 2318 1247 2318 1248 2318 1249 2319 1248 2319 1247 2319 1247 2320 1250 2320 1249 2320 1251 2321 1249 2321 1250 2321 1250 2322 1177 2322 1251 2322 1177 2323 1217 2323 1251 2323 1252 2324 1251 2324 1217 2324 1252 2325 1253 2325 1251 2325 1249 2326 1251 2326 1253 2326 1253 2327 1248 2327 1249 2327 1248 2328 1253 2328 1254 2328 1255 2329 1254 2329 1253 2329 1256 2330 1254 2330 1255 2330 1255 2331 1257 2331 1256 2331 1252 2332 1217 2332 1257 2332 1257 2333 1255 2333 1252 2333 1253 2334 1252 2334 1255 2334 1257 2335 1217 2335 1258 2335 1258 2336 1256 2336 1257 2336 1258 2337 1217 2337 1231 2337 1256 2338 1258 2338 1233 2338 1231 2339 1233 2339 1258 2339 1220 2340 1231 2340 1217 2340 1233 2341 1254 2341 1256 2341 1254 2342 1233 2342 1232 2342 1217 2343 1177 2343 1216 2343 1216 2344 1260 2344 1259 2344 1260 2345 1216 2345 1177 2345 1260 2346 1267 2346 1261 2346 1260 2347 1261 2347 1074 2347 1262 2348 1260 2348 1263 2348 1074 2349 1263 2349 1260 2349 1264 2350 1274 2350 1260 2350 1260 2351 1265 2351 1264 2351 1266 2352 1260 2352 1270 2352 1177 2353 1270 2353 1260 2353 1271 2354 1259 2354 1260 2354 1266 2355 1267 2355 1260 2355 1273 2356 1260 2356 1268 2356 1260 2357 1269 2357 1271 2357 1260 2358 1276 2358 1268 2358 1260 2359 1275 2359 1272 2359 1262 2360 1276 2360 1260 2360 1275 2361 1260 2361 1274 2361 1262 2362 1273 2362 1268 2362 1262 2363 1278 2363 1277 2363 1262 2364 1279 2364 1278 2364 1279 2365 1280 2365 1278 2365 1280 2366 1303 2366 1278 2366 1281 2367 1057 2367 1303 2367 1286 2368 1281 2368 1303 2368 1303 2369 1284 2369 1283 2369 1303 2370 1282 2370 1265 2370 1284 2371 1303 2371 1287 2371 1265 2372 1285 2372 1303 2372 1303 2373 1285 2373 1278 2373 1074 2374 1287 2374 1303 2374 1303 2375 1279 2375 1074 2375 1279 2376 1303 2376 1280 2376 1283 2377 1286 2377 1303 2377 1290 2378 1284 2378 1289 2378 1074 2379 1288 2379 1287 2379 1074 2380 1289 2380 1288 2380 1291 2381 1289 2381 1074 2381 1292 2382 1290 2382 1291 2382 1281 2383 1290 2383 1292 2383 1290 2384 1281 2384 1286 2384 1281 2385 1291 2385 1074 2385 1278 2386 1285 2386 1293 2386 1278 2387 1293 2387 1277 2387 1293 2388 1294 2388 1277 2388 1294 2389 1265 2389 1277 2389 1265 2390 1273 2390 1277 2390 1294 2391 1293 2391 1265 2391 1057 2392 1281 2392 1058 2392 1057 2393 1295 2393 1303 2393 1296 2394 1303 2394 1295 2394 1296 2395 1300 2395 1297 2395 1295 2396 1299 2396 1296 2396 1298 2397 1296 2397 1299 2397 1296 2398 1298 2398 1300 2398 1297 2399 1300 2399 1301 2399 1302 2400 1303 2400 1301 2400 1297 2401 1301 2401 1303 2401 1303 2402 1302 2402 1304 2402 1303 2403 1296 2403 1297 2403 1304 2404 1305 2404 1303 2404 1305 2405 1304 2405 1302 2405 1302 2406 1307 2406 1305 2406 1305 2407 1308 2407 1306 2407 1308 2408 1305 2408 1307 2408 1307 2409 1309 2409 1308 2409 1310 2410 1306 2410 1308 2410 1308 2411 1309 2411 1310 2411 1306 2412 1310 2412 1313 2412 1312 2413 1310 2413 1309 2413 1310 2414 1312 2414 1311 2414 1311 2415 1313 2415 1310 2415 1313 2416 1311 2416 1282 2416 1315 2417 1282 2417 1311 2417 1282 2418 1315 2418 1314 2418 1314 2419 1316 2419 1282 2419 1317 2420 1282 2420 1316 2420 1317 2421 1318 2421 1282 2421 1318 2422 1319 2422 1282 2422 1265 2423 1282 2423 1319 2423 1318 2424 1320 2424 1319 2424 1321 2425 1319 2425 1320 2425 1320 2426 1322 2426 1321 2426 1321 2427 1322 2427 1323 2427 1327 2428 1323 2428 1322 2428 1323 2429 1324 2429 1321 2429 1265 2430 1324 2430 1325 2430 1324 2431 1323 2431 1325 2431 1326 2432 1325 2432 1323 2432 1323 2433 1327 2433 1326 2433 1328 2434 1329 2434 1326 2434 1326 2435 1327 2435 1328 2435 1325 2436 1326 2436 1329 2436 1330 2437 1331 2437 1329 2437 1329 2438 1328 2438 1330 2438 1265 2439 1329 2439 1331 2439 1329 2440 1265 2440 1325 2440 1331 2441 1264 2441 1265 2441 1330 2442 1332 2442 1331 2442 1333 2443 1334 2443 1331 2443 1335 2444 1331 2444 1334 2444 1331 2445 1335 2445 1264 2445 1264 2446 1336 2446 1274 2446 1336 2447 1264 2447 1335 2447 1338 2448 1274 2448 1336 2448 1336 2449 1337 2449 1338 2449 1335 2450 1339 2450 1336 2450 1336 2451 1339 2451 1337 2451 1344 2452 1337 2452 1340 2452 1339 2453 1340 2453 1337 2453 1340 2454 1341 2454 1344 2454 1341 2455 1340 2455 1343 2455 1342 2456 1341 2456 1021 2456 1342 2457 1344 2457 1341 2457 1343 2458 1021 2458 1341 2458 1337 2459 1344 2459 1345 2459 1338 2460 1337 2460 1345 2460 1342 2461 1345 2461 1344 2461 1274 2462 1338 2462 1346 2462 1274 2463 1346 2463 1275 2463 1275 2464 1346 2464 1347 2464 1275 2465 1347 2465 1272 2465 1348 2466 1272 2466 1347 2466 1347 2467 1021 2467 1348 2467 1021 2468 1347 2468 1346 2468 1349 2469 1348 2469 1021 2469 1348 2470 1349 2470 1350 2470 1351 2471 1350 2471 1349 2471 1260 2472 1350 2472 1269 2472 1351 2473 1269 2473 1350 2473 1350 2474 1260 2474 1348 2474 1272 2475 1348 2475 1260 2475 1269 2476 1351 2476 1271 2476 1271 2477 1351 2477 1259 2477 1259 2478 1214 2478 1216 2478 1351 2479 1352 2479 1259 2479 1214 2480 1259 2480 1352 2480 1354 2481 1353 2481 1352 2481 1355 2482 1352 2482 1353 2482 1352 2483 1355 2483 1214 2483 1356 2484 1353 2484 1357 2484 1356 2485 1357 2485 1358 2485 1349 2486 1358 2486 1351 2486 1358 2487 1349 2487 1359 2487 1357 2488 1351 2488 1358 2488 1358 2489 1359 2489 1356 2489 1359 2490 1355 2490 1356 2490 1211 2491 1212 2491 1355 2491 1359 2492 1211 2492 1355 2492 1355 2493 1212 2493 1214 2493 1349 2494 1205 2494 1211 2494 1211 2495 1359 2495 1349 2495 1353 2496 1356 2496 1355 2496 1360 2497 1357 2497 1353 2497 1357 2498 1360 2498 1354 2498 1353 2499 1354 2499 1360 2499 1021 2500 1205 2500 1349 2500 1021 2501 1346 2501 1342 2501 1343 2502 1339 2502 1361 2502 1339 2503 1343 2503 1340 2503 1343 2504 1362 2504 1021 2504 1343 2505 1361 2505 1362 2505 1364 2506 1362 2506 1363 2506 1362 2507 1364 2507 1017 2507 1017 2508 1021 2508 1362 2508 1365 2509 1362 2509 1361 2509 1368 2510 1365 2510 1366 2510 1361 2511 1366 2511 1365 2511 1367 2512 1362 2512 1365 2512 1363 2513 1367 2513 1368 2513 1365 2514 1368 2514 1367 2514 1368 2515 1334 2515 1369 2515 1363 2516 1368 2516 1369 2516 1370 2517 1363 2517 1369 2517 1369 2518 1334 2518 1371 2518 1372 2519 1371 2519 1334 2519 1373 2520 1374 2520 1369 2520 1374 2521 1377 2521 1375 2521 1374 2522 1375 2522 1369 2522 1374 2523 1378 2523 1377 2523 1377 2524 1432 2524 1379 2524 1379 2525 1432 2525 1380 2525 1432 2526 1381 2526 1380 2526 1382 2527 1383 2527 1381 2527 1382 2528 1384 2528 1012 2528 1385 2529 1012 2529 1384 2529 1385 2530 1386 2530 1012 2530 1386 2531 1385 2531 1387 2531 1391 2532 1026 2532 1388 2532 1389 2533 1388 2533 1026 2533 1026 2534 1390 2534 1389 2534 1387 2535 1390 2535 1026 2535 1393 2536 1391 2536 1392 2536 1397 2537 1391 2537 1396 2537 1397 2538 1395 2538 1391 2538 1399 2539 1397 2539 1398 2539 1396 2540 1398 2540 1397 2540 1397 2541 1399 2541 1395 2541 1400 2542 1395 2542 1399 2542 1395 2543 1400 2543 1401 2543 1401 2544 1400 2544 1399 2544 1030 2545 1394 2545 1401 2545 1394 2546 1030 2546 1027 2546 1395 2547 1401 2547 1394 2547 1399 2548 1398 2548 1402 2548 1402 2549 1398 2549 1396 2549 1396 2550 1403 2550 1402 2550 1403 2551 1396 2551 1404 2551 1404 2552 1405 2552 1403 2552 1404 2553 1406 2553 1405 2553 1404 2554 1393 2554 1406 2554 1392 2555 1406 2555 1393 2555 1405 2556 1406 2556 1407 2556 1406 2557 1392 2557 1407 2557 1388 2558 1407 2558 1392 2558 1388 2559 1392 2559 1391 2559 1389 2560 1405 2560 1388 2560 1407 2561 1388 2561 1405 2561 1408 2562 1389 2562 1390 2562 1382 2563 1408 2563 1384 2563 1408 2564 1390 2564 1384 2564 1382 2565 1381 2565 1408 2565 1409 2566 1408 2566 1381 2566 1405 2567 1409 2567 1410 2567 1046 2568 1403 2568 1410 2568 1410 2569 1403 2569 1405 2569 1410 2570 1409 2570 1412 2570 1413 2571 1411 2571 1410 2571 1410 2572 1411 2572 1414 2572 1412 2573 1413 2573 1410 2573 1410 2574 1414 2574 1046 2574 1416 2575 1414 2575 1411 2575 1415 2576 1046 2576 1414 2576 1415 2577 1414 2577 1416 2577 1416 2578 1417 2578 1415 2578 1411 2579 1302 2579 1416 2579 1307 2580 1302 2580 1418 2580 1411 2581 1418 2581 1302 2581 1309 2582 1307 2582 1418 2582 1413 2583 1309 2583 1418 2583 1411 2584 1413 2584 1418 2584 1416 2585 1301 2585 1417 2585 1301 2586 1416 2586 1302 2586 1300 2587 1417 2587 1301 2587 1300 2588 1298 2588 1417 2588 1419 2589 1417 2589 1298 2589 1417 2590 1419 2590 1420 2590 1419 2591 1298 2591 1420 2591 1420 2592 1423 2592 1417 2592 1420 2593 1299 2593 1421 2593 1421 2594 1422 2594 1420 2594 1423 2595 1420 2595 1422 2595 1299 2596 1420 2596 1298 2596 1422 2597 1046 2597 1423 2597 1415 2598 1417 2598 1423 2598 1415 2599 1423 2599 1046 2599 1046 2600 1422 2600 1424 2600 1422 2601 1421 2601 1424 2601 1424 2602 1052 2602 1046 2602 1424 2603 1053 2603 1052 2603 1053 2604 1424 2604 1421 2604 1056 2605 1421 2605 1299 2605 1421 2606 1056 2606 1053 2606 1425 2607 1412 2607 1427 2607 1425 2608 1426 2608 1412 2608 1413 2609 1412 2609 1426 2609 1427 2610 1428 2610 1425 2610 1315 2611 1428 2611 1429 2611 1428 2612 1427 2612 1429 2612 1430 2613 1429 2613 1427 2613 1429 2614 1430 2614 1431 2614 1429 2615 1378 2615 1315 2615 1378 2616 1431 2616 1377 2616 1412 2617 1431 2617 1430 2617 1378 2618 1374 2618 1315 2618 1427 2619 1412 2619 1430 2619 1428 2620 1311 2620 1312 2620 1312 2621 1425 2621 1428 2621 1311 2622 1428 2622 1315 2622 1309 2623 1426 2623 1312 2623 1425 2624 1312 2624 1426 2624 1426 2625 1309 2625 1413 2625 1431 2626 1412 2626 1432 2626 1432 2627 1377 2627 1431 2627 1409 2628 1432 2628 1412 2628 1409 2629 1381 2629 1432 2629 1046 2630 1035 2630 1403 2630 1035 2631 1046 2631 1037 2631 1035 2632 1402 2632 1403 2632 1387 2633 1384 2633 1390 2633 1384 2634 1387 2634 1385 2634 1024 2635 1018 2635 1026 2635 1018 2636 1024 2636 1025 2636 1016 2637 1386 2637 1026 2637 1016 2638 1433 2638 1386 2638 1012 2639 1386 2639 1433 2639 1433 2640 1016 2640 1013 2640 1012 2641 1433 2641 1013 2641 1383 2642 1009 2642 1434 2642 1383 2643 1382 2643 1009 2643 1380 2644 1434 2644 1375 2644 1380 2645 1383 2645 1434 2645 1379 2646 1380 2646 1375 2646 1435 2647 1375 2647 1434 2647 1375 2648 1435 2648 1436 2648 1010 2649 1435 2649 1009 2649 1435 2650 1364 2650 1437 2650 1364 2651 1435 2651 1010 2651 1437 2652 1436 2652 1435 2652 1011 2653 1017 2653 1364 2653 1010 2654 1011 2654 1364 2654 1375 2655 1437 2655 1369 2655 1437 2656 1370 2656 1369 2656 1437 2657 1364 2657 1370 2657 1363 2658 1370 2658 1364 2658 1011 2659 1010 2659 1382 2659 1435 2660 1434 2660 1009 2660 1383 2661 1380 2661 1381 2661 1315 2662 1376 2662 1438 2662 1376 2663 1315 2663 1374 2663 1438 2664 1314 2664 1315 2664 1314 2665 1438 2665 1439 2665 1438 2666 1373 2666 1372 2666 1372 2667 1439 2667 1438 2667 1438 2668 1376 2668 1373 2668 1439 2669 1372 2669 1333 2669 1333 2670 1441 2670 1439 2670 1439 2671 1440 2671 1314 2671 1441 2672 1440 2672 1439 2672 1441 2673 1442 2673 1440 2673 1442 2674 1441 2674 1443 2674 1443 2675 1444 2675 1442 2675 1445 2676 1444 2676 1443 2676 1442 2677 1446 2677 1447 2677 1446 2678 1442 2678 1444 2678 1440 2679 1447 2679 1448 2679 1447 2680 1440 2680 1442 2680 1448 2681 1314 2681 1440 2681 1316 2682 1314 2682 1448 2682 1448 2683 1449 2683 1316 2683 1449 2684 1448 2684 1447 2684 1447 2685 1446 2685 1449 2685 1450 2686 1449 2686 1446 2686 1449 2687 1450 2687 1451 2687 1450 2688 1444 2688 1327 2688 1451 2689 1317 2689 1449 2689 1451 2690 1450 2690 1320 2690 1320 2691 1318 2691 1451 2691 1317 2692 1451 2692 1318 2692 1322 2693 1320 2693 1450 2693 1316 2694 1449 2694 1317 2694 1444 2695 1452 2695 1327 2695 1328 2696 1452 2696 1453 2696 1453 2697 1452 2697 1454 2697 1454 2698 1332 2698 1453 2698 1444 2699 1454 2699 1452 2699 1454 2700 1444 2700 1445 2700 1332 2701 1454 2701 1455 2701 1445 2702 1455 2702 1454 2702 1331 2703 1455 2703 1333 2703 1455 2704 1331 2704 1332 2704 1455 2705 1445 2705 1441 2705 1333 2706 1455 2706 1441 2706 1443 2707 1441 2707 1445 2707 1452 2708 1328 2708 1327 2708 1453 2709 1330 2709 1328 2709 1330 2710 1453 2710 1332 2710 1373 2711 1371 2711 1372 2711 1334 2712 1333 2712 1372 2712 1367 2713 1363 2713 1362 2713 1366 2714 1339 2714 1335 2714 1366 2715 1361 2715 1339 2715 1366 2716 1335 2716 1368 2716 1334 2717 1368 2717 1335 2717 1319 2718 1321 2718 1324 2718 1319 2719 1324 2719 1265 2719 1303 2720 1306 2720 1313 2720 1313 2721 1282 2721 1303 2721 1306 2722 1303 2722 1305 2722 1299 2723 1295 2723 1056 2723 1057 2724 1056 2724 1295 2724 1281 2725 1074 2725 1069 2725 1459 2726 1281 2726 1456 2726 1281 2727 1458 2727 1456 2727 1281 2728 1457 2728 1058 2728 1457 2729 1281 2729 1459 2729 1069 2730 1458 2730 1281 2730 1460 2731 1459 2731 1461 2731 1456 2732 1461 2732 1459 2732 1461 2733 1462 2733 1460 2733 1462 2734 1461 2734 1463 2734 1462 2735 1463 2735 1466 2735 1464 2736 1463 2736 1461 2736 1461 2737 1456 2737 1464 2737 1458 2738 1464 2738 1456 2738 1463 2739 1464 2739 1466 2739 1465 2740 1466 2740 1464 2740 1464 2741 1458 2741 1465 2741 1467 2742 1462 2742 1466 2742 1468 2743 1466 2743 1465 2743 1465 2744 1469 2744 1468 2744 1470 2745 1468 2745 1469 2745 1069 2746 1470 2746 1469 2746 1472 2747 1470 2747 1069 2747 1468 2748 1470 2748 1471 2748 1472 2749 1471 2749 1470 2749 1473 2750 1471 2750 1472 2750 1068 2751 1473 2751 1472 2751 1069 2752 1068 2752 1472 2752 1471 2753 1473 2753 1474 2753 1475 2754 1474 2754 1473 2754 1060 2755 1473 2755 1068 2755 1473 2756 1060 2756 1475 2756 1474 2757 1475 2757 1476 2757 1475 2758 1059 2758 1477 2758 1059 2759 1475 2759 1060 2759 1477 2760 1476 2760 1475 2760 1476 2761 1477 2761 1478 2761 1059 2762 1479 2762 1477 2762 1479 2763 1478 2763 1477 2763 1478 2764 1479 2764 1480 2764 1058 2765 1479 2765 1059 2765 1479 2766 1058 2766 1481 2766 1481 2767 1480 2767 1479 2767 1480 2768 1481 2768 1482 2768 1482 2769 1481 2769 1483 2769 1484 2770 1483 2770 1481 2770 1484 2771 1481 2771 1058 2771 1483 2772 1484 2772 1485 2772 1485 2773 1486 2773 1483 2773 1486 2774 1485 2774 1462 2774 1460 2775 1462 2775 1485 2775 1485 2776 1457 2776 1460 2776 1459 2777 1460 2777 1457 2777 1483 2778 1486 2778 1482 2778 1467 2779 1487 2779 1462 2779 1487 2780 1480 2780 1486 2780 1480 2781 1487 2781 1478 2781 1476 2782 1488 2782 1474 2782 1488 2783 1476 2783 1487 2783 1467 2784 1471 2784 1488 2784 1474 2785 1488 2785 1471 2785 1478 2786 1487 2786 1476 2786 1482 2787 1486 2787 1480 2787 1457 2788 1485 2788 1484 2788 1484 2789 1058 2789 1457 2789 1471 2790 1467 2790 1468 2790 1469 2791 1465 2791 1458 2791 1458 2792 1069 2792 1469 2792 1466 2793 1468 2793 1467 2793 1279 2794 1263 2794 1074 2794 1490 2795 1489 2795 1177 2795 1177 2796 1491 2796 1490 2796 1171 2797 1491 2797 1177 2797 1491 2798 1171 2798 1489 2798 1166 2799 1176 2799 1171 2799 1176 2800 1270 2800 1171 2800 1166 2801 1170 2801 1176 2801 1261 2802 1176 2802 1074 2802 1250 2803 1245 2803 1177 2803 1250 2804 1247 2804 1245 2804 1246 2805 1242 2805 1241 2805 1177 2806 1245 2806 1246 2806 1169 2807 1246 2807 1241 2807 1246 2808 1169 2808 1177 2808 1241 2809 1238 2809 1169 2809 1236 2810 1225 2810 1238 2810 1169 2811 1238 2811 1225 2811 1227 2812 1225 2812 1236 2812 1230 2813 1227 2813 1235 2813 1227 2814 1230 2814 1228 2814 1225 2815 1183 2815 1169 2815 1189 2816 1222 2816 1215 2816 1197 2817 1189 2817 1215 2817 1197 2818 1215 2818 1203 2818 1492 2819 1208 2819 1206 2819 1492 2820 1206 2820 1203 2820 1205 2821 1206 2821 1209 2821 1208 2822 1209 2822 1206 2822 1215 2823 1208 2823 1492 2823 1019 2824 1205 2824 1021 2824 1019 2825 1020 2825 1204 2825 1201 2826 1020 2826 1493 2826 1493 2827 1199 2827 1201 2827 1020 2828 1201 2828 1200 2828 1493 2829 1494 2829 1199 2829 1569 2830 1199 2830 1494 2830 1502 2831 1494 2831 1493 2831 1502 2832 1496 2832 1494 2832 1497 2833 1494 2833 1496 2833 1496 2834 1498 2834 1497 2834 1501 2835 1498 2835 1499 2835 1500 2836 1499 2836 1498 2836 1498 2837 1501 2837 1497 2837 1498 2838 1496 2838 1502 2838 1493 2839 1495 2839 1502 2839 1502 2840 1495 2840 1503 2840 1503 2841 1504 2841 1498 2841 1504 2842 1503 2842 1023 2842 1023 2843 1503 2843 1505 2843 1503 2844 1493 2844 1505 2844 1493 2845 1020 2845 1505 2845 1510 2846 1498 2846 1504 2846 1504 2847 1508 2847 1510 2847 1506 2848 1504 2848 1023 2848 1508 2849 1507 2849 1509 2849 1509 2850 1510 2850 1508 2850 1510 2851 1509 2851 1511 2851 1512 2852 1509 2852 1507 2852 1509 2853 1512 2853 1514 2853 1514 2854 1513 2854 1509 2854 1511 2855 1509 2855 1513 2855 1515 2856 1088 2856 1512 2856 1516 2857 1512 2857 1088 2857 1517 2858 1512 2858 1516 2858 1512 2859 1517 2859 1514 2859 1499 2860 1518 2860 1514 2860 1514 2861 1519 2861 1499 2861 1514 2862 1517 2862 1519 2862 1522 2863 1519 2863 1520 2863 1519 2864 1521 2864 1520 2864 1519 2865 1523 2865 1499 2865 1522 2866 1523 2866 1519 2866 1524 2867 1521 2867 1517 2867 1526 2868 1524 2868 1525 2868 1524 2869 1526 2869 1521 2869 1527 2870 1525 2870 1524 2870 1524 2871 1517 2871 1527 2871 1527 2872 1517 2872 1528 2872 1529 2873 1530 2873 1520 2873 1529 2874 1527 2874 1530 2874 1528 2875 1530 2875 1527 2875 1530 2876 1528 2876 1535 2876 1530 2877 1531 2877 1532 2877 1530 2878 1535 2878 1531 2878 1530 2879 1532 2879 1520 2879 1533 2880 1531 2880 1535 2880 1535 2881 1534 2881 1533 2881 1534 2882 1535 2882 1536 2882 1537 2883 1534 2883 1094 2883 1095 2884 1537 2884 1094 2884 1095 2885 1100 2885 1537 2885 1100 2886 1533 2886 1537 2886 1538 2887 1539 2887 1533 2887 1531 2888 1533 2888 1539 2888 1531 2889 1539 2889 1540 2889 1539 2890 1538 2890 1540 2890 1541 2891 1540 2891 1538 2891 1532 2892 1531 2892 1540 2892 1540 2893 1541 2893 1532 2893 1542 2894 1532 2894 1541 2894 1103 2895 1542 2895 1541 2895 1532 2896 1542 2896 1543 2896 1544 2897 1543 2897 1542 2897 1542 2898 1103 2898 1544 2898 1543 2899 1544 2899 1546 2899 1544 2900 1547 2900 1545 2900 1545 2901 1546 2901 1544 2901 1547 2902 1544 2902 1103 2902 1548 2903 1545 2903 1547 2903 1547 2904 1175 2904 1548 2904 1175 2905 1547 2905 1105 2905 1103 2906 1105 2906 1547 2906 1174 2907 1548 2907 1175 2907 1163 2908 1549 2908 1174 2908 1548 2909 1174 2909 1549 2909 1549 2910 1163 2910 1552 2910 1549 2911 1550 2911 1548 2911 1550 2912 1549 2912 1551 2912 1552 2913 1551 2913 1549 2913 1552 2914 1178 2914 1554 2914 1178 2915 1552 2915 1163 2915 1551 2916 1552 2916 1553 2916 1554 2917 1553 2917 1552 2917 1553 2918 1554 2918 1555 2918 1556 2919 1555 2919 1554 2919 1168 2920 1554 2920 1178 2920 1554 2921 1168 2921 1556 2921 1555 2922 1556 2922 1557 2922 1180 2923 1557 2923 1556 2923 1167 2924 1556 2924 1168 2924 1556 2925 1167 2925 1180 2925 1557 2926 1558 2926 1555 2926 1558 2927 1557 2927 1559 2927 1557 2928 1180 2928 1182 2928 1182 2929 1559 2929 1557 2929 1559 2930 1182 2930 1185 2930 1559 2931 1522 2931 1558 2931 1559 2932 1560 2932 1522 2932 1560 2933 1559 2933 1187 2933 1185 2934 1187 2934 1559 2934 1187 2935 1192 2935 1560 2935 1561 2936 1560 2936 1192 2936 1522 2937 1560 2937 1562 2937 1560 2938 1561 2938 1562 2938 1563 2939 1562 2939 1561 2939 1561 2940 1565 2940 1563 2940 1565 2941 1561 2941 1195 2941 1563 2942 1565 2942 1564 2942 1564 2943 1565 2943 1566 2943 1567 2944 1566 2944 1522 2944 1523 2945 1522 2945 1566 2945 1566 2946 1567 2946 1564 2946 1568 2947 1564 2947 1567 2947 1568 2948 1522 2948 1562 2948 1562 2949 1563 2949 1568 2949 1564 2950 1568 2950 1563 2950 1523 2951 1565 2951 1569 2951 1569 2952 1497 2952 1523 2952 1494 2953 1497 2953 1569 2953 1199 2954 1569 2954 1565 2954 1501 2955 1523 2955 1497 2955 1501 2956 1499 2956 1523 2956 1195 2957 1561 2957 1192 2957 1188 2958 1190 2958 1192 2958 1192 2959 1187 2959 1188 2959 1570 2960 1555 2960 1558 2960 1570 2961 1558 2961 1522 2961 1555 2962 1570 2962 1553 2962 1571 2963 1553 2963 1570 2963 1522 2964 1571 2964 1570 2964 1553 2965 1571 2965 1551 2965 1572 2966 1551 2966 1571 2966 1571 2967 1522 2967 1572 2967 1573 2968 1550 2968 1572 2968 1551 2969 1572 2969 1550 2969 1572 2970 1520 2970 1573 2970 1520 2971 1572 2971 1522 2971 1550 2972 1573 2972 1545 2972 1546 2973 1545 2973 1573 2973 1546 2974 1573 2974 1520 2974 1545 2975 1548 2975 1550 2975 1520 2976 1543 2976 1546 2976 1543 2977 1520 2977 1532 2977 1535 2978 1528 2978 1536 2978 1574 2979 1536 2979 1528 2979 1528 2980 1517 2980 1574 2980 1574 2981 1517 2981 1575 2981 1574 2982 1575 2982 1577 2982 1576 2983 1577 2983 1575 2983 1576 2984 1094 2984 1577 2984 1536 2985 1574 2985 1577 2985 1577 2986 1094 2986 1536 2986 1094 2987 1576 2987 1578 2987 1578 2988 1576 2988 1090 2988 1516 2989 1576 2989 1575 2989 1516 2990 1575 2990 1517 2990 1576 2991 1516 2991 1089 2991 1516 2992 1088 2992 1089 2992 1089 2993 1090 2993 1576 2993 1534 2994 1536 2994 1094 2994 1525 2995 1529 2995 1520 2995 1525 2996 1527 2996 1529 2996 1520 2997 1521 2997 1526 2997 1518 2998 1511 2998 1513 2998 1513 2999 1514 2999 1518 2999 1500 3000 1511 3000 1518 3000 1511 3001 1500 3001 1510 3001 1499 3002 1500 3002 1518 3002 1088 3003 1515 3003 1579 3003 1084 3004 1088 3004 1579 3004 1579 3005 1580 3005 1084 3005 1581 3006 1582 3006 1580 3006 1028 3007 1580 3007 1582 3007 1506 3008 1023 3008 1582 3008 1582 3009 1581 3009 1506 3009 1579 3010 1506 3010 1581 3010 1023 3011 1028 3011 1582 3011 1580 3012 1028 3012 1029 3012 1515 3013 1504 3013 1506 3013 1515 3014 1507 3014 1504 3014 1507 3015 1515 3015 1512 3015 1510 3016 1500 3016 1498 3016 1493 3017 1503 3017 1495 3017 1195 3018 1196 3018 1565 3018 1199 3019 1565 3019 1196 3019 1204 3020 1020 3020 1200 3020 1200 3021 1202 3021 1204 3021 1197 3022 1191 3022 1189 3022 1172 3023 1583 3023 1164 3023 1583 3024 1172 3024 1161 3024 1159 3025 1161 3025 1162 3025 1584 3026 1583 3026 1161 3026 1585 3027 1074 3027 1584 3027 1074 3028 1586 3028 1584 3028 1586 3029 1074 3029 1583 3029 1165 3030 1583 3030 1074 3030 1584 3031 1586 3031 1583 3031 1585 3032 1161 3032 1074 3032 1084 3033 1587 3033 1082 3033 1084 3034 1032 3034 1587 3034 1044 3035 1587 3035 1588 3035 1588 3036 1587 3036 1589 3036 1588 3037 1589 3037 1040 3037 1589 3038 1041 3038 1040 3038 1589 3039 1590 3039 1041 3039 1402 3040 1590 3040 1032 3040 1590 3041 1589 3041 1032 3041 1590 3042 1033 3042 1041 3042 1590 3043 1402 3043 1033 3043 1587 3044 1032 3044 1589 3044 1587 3045 1044 3045 1592 3045 1591 3046 1592 3046 1044 3046 1593 3047 1594 3047 1592 3047 1592 3048 1594 3048 1082 3048 1594 3049 1083 3049 1082 3049 1083 3050 1594 3050 1596 3050 1596 3051 1594 3051 1595 3051 1595 3052 1597 3052 1596 3052 1042 3053 1597 3053 1593 3053 1597 3054 1595 3054 1593 3054 1042 3055 1593 3055 1591 3055 1594 3056 1593 3056 1595 3056 1598 3057 1596 3057 1597 3057 1067 3058 1598 3058 1597 3058 1596 3059 1598 3059 1600 3059 1599 3060 1598 3060 1067 3060 1598 3061 1599 3061 1600 3061 1601 3062 1596 3062 1600 3062 1601 3063 1600 3063 1603 3063 1600 3064 1599 3064 1602 3064 1602 3065 1603 3065 1600 3065 1604 3066 1601 3066 1603 3066 1083 3067 1604 3067 1607 3067 1604 3068 1083 3068 1601 3068 1605 3069 1607 3069 1604 3069 1603 3070 1605 3070 1604 3070 1607 3071 1606 3071 1071 3071 1599 3072 1071 3072 1606 3072 1606 3073 1602 3073 1599 3073 1602 3074 1606 3074 1608 3074 1608 3075 1605 3075 1602 3075 1605 3076 1608 3076 1606 3076 1609 3077 1607 3077 1071 3077 1071 3078 1073 3078 1609 3078 1609 3079 1072 3079 1079 3079 1072 3080 1609 3080 1073 3080 1079 3081 1083 3081 1609 3081 1607 3082 1609 3082 1083 3082 1071 3083 1599 3083 1070 3083 1603 3084 1602 3084 1605 3084 1596 3085 1601 3085 1083 3085 1067 3086 1070 3086 1599 3086 1042 3087 1591 3087 1044 3087 1592 3088 1082 3088 1587 3088 1031 3089 1032 3089 1029 3089 1084 3090 1029 3090 1032 3090 1068 3091 1062 3091 1060 3091 1047 3092 1048 3092 1050 3092 1043 3093 1047 3093 1050 3093 1036 3094 1041 3094 1033 3094 1034 3095 1036 3095 1033 3095 1382 3096 1014 3096 1011 3096 115 3097 116 3097 254 3097 1018 3098 1015 3098 1026 3098 1087 3099 1080 3099 1152 3099 1342 3100 1346 3100 1345 3100 1354 3101 1351 3101 1357 3101 1393 3102 1396 3102 1391 3102 1404 3103 1396 3103 1393 3103 1519 3104 1517 3104 1521 3104 1525 3105 1520 3105 1526 3105 1506 3106 1579 3106 1515 3106 1606 3107 1607 3107 1605 3107 316 3108 376 3108 474 3108 406 3109 121 3109 119 3109 382 3110 142 3110 140 3110 637 3111 331 3111 257 3111 486 3112 638 3112 257 3112 472 3113 653 3113 253 3113 509 3114 365 3114 364 3114 276 3115 422 3115 506 3115 496 3116 422 3116 284 3116 283 3117 482 3117 488 3117 259 3118 653 3118 491 3118 432 3119 257 3119 505 3119 505 3120 628 3120 432 3120 146 3121 143 3121 145 3121 91 3122 135 3122 89 3122 125 3123 278 3123 126 3123 926 3124 914 3124 917 3124 914 3125 926 3125 249 3125 249 3126 926 3126 900 3126 613 3127 614 3127 612 3127 612 3128 282 3128 611 3128 616 3129 615 3129 508 3129 634 3130 633 3130 502 3130 638 3131 502 3131 257 3131 634 3132 635 3132 258 3132 275 3133 631 3133 626 3133 626 3134 99 3134 275 3134 627 3135 99 3135 629 3135 629 3136 465 3136 627 3136 505 3137 627 3137 628 3137 275 3138 505 3138 312 3138 103 3139 608 3139 284 3139 283 3140 604 3140 475 3140 643 3141 640 3141 463 3141 640 3142 642 3142 641 3142 274 3143 98 3143 644 3143 463 3144 255 3144 645 3144 617 3145 469 3145 619 3145 619 3146 281 3146 101 3146 507 3147 618 3147 259 3147 259 3148 309 3148 507 3148 273 3149 253 3149 310 3149 96 3150 94 3150 646 3150 646 3151 499 3151 649 3151 649 3152 96 3152 646 3152 647 3153 96 3153 648 3153 276 3154 506 3154 100 3154 622 3155 621 3155 623 3155 468 3156 277 3156 624 3156 1019 3157 1022 3157 1505 3157 1399 3158 1031 3158 1401 3158 1588 3159 1040 3159 1044 3159 1038 3160 1040 3160 1039 3160 1054 3161 1057 3161 1058 3161 1051 3162 1054 3162 1043 3162 1064 3163 1043 3163 1063 3163 1066 3164 1068 3164 1069 3164 1091 3165 1093 3165 1090 3165 1090 3166 1094 3166 1578 3166 1096 3167 1093 3167 1097 3167 1095 3168 1096 3168 1098 3168 1101 3169 1103 3169 1541 3169 1541 3170 1538 3170 1101 3170 1122 3171 1115 3171 1114 3171 1122 3172 1131 3172 1132 3172 1132 3173 1140 3173 1115 3173 1146 3174 1152 3174 1080 3174 1109 3175 1162 3175 1172 3175 1177 3176 1163 3176 1171 3176 1191 3177 1197 3177 1193 3177 1202 3178 1197 3178 1203 3178 1207 3179 1205 3179 1209 3179 1234 3180 1240 3180 1243 3180 1254 3181 1243 3181 1248 3181 1265 3182 1260 3182 1273 3182 1177 3183 1489 3183 1270 3183 1262 3184 1268 3184 1276 3184 1262 3185 1277 3185 1273 3185 1279 3186 1262 3186 1263 3186 1265 3187 1293 3187 1285 3187 1289 3188 1284 3188 1287 3188 1287 3189 1288 3189 1289 3189 1284 3190 1290 3190 1286 3190 1286 3191 1283 3191 1284 3191 1290 3192 1289 3192 1291 3192 1281 3193 1292 3193 1291 3193 1338 3194 1345 3194 1346 3194 1351 3195 1354 3195 1352 3195 1371 3196 1373 3196 1369 3196 1374 3197 1373 3197 1376 3197 1375 3198 1377 3198 1379 3198 1026 3199 1386 3199 1387 3199 1394 3200 1027 3200 1391 3200 1027 3201 1026 3201 1391 3201 1391 3202 1395 3202 1394 3202 1409 3203 1405 3203 1408 3203 1378 3204 1429 3204 1431 3204 1437 3205 1375 3205 1436 3205 1444 3206 1450 3206 1446 3206 1327 3207 1322 3207 1450 3207 1462 3208 1487 3208 1486 3208 1467 3209 1488 3209 1487 3209 1171 3210 1270 3210 1489 3210 1489 3211 1490 3211 1491 3211 1173 3212 1166 3212 1171 3212 1270 3213 1176 3213 1261 3213 1261 3214 1267 3214 1266 3214 1266 3215 1270 3215 1261 3215 1215 3216 1222 3216 1221 3216 1203 3217 1215 3217 1492 3217 1215 3218 1210 3218 1208 3218 1503 3219 1498 3219 1502 3219 1504 3220 1507 3220 1508 3220 1533 3221 1534 3221 1537 3221 1100 3222 1538 3222 1533 3222 1565 3223 1523 3223 1566 3223 1522 3224 1568 3224 1567 3224 1579 3225 1581 3225 1580 3225 1084 3226 1580 3226 1029 3226 1583 3227 1165 3227 1164 3227 1161 3228 1172 3228 1162 3228 1162 3229 1160 3229 1159 3229 1585 3230 1584 3230 1161 3230 1591 3231 1593 3231 1592 3231 1042 3232 1067 3232 1597 3232 290 3233 246 3233 289 3233 1022 3234 1023 3234 1505 3234 1405 3235 1389 3235 1408 3235</p>
        </triangles>
      </mesh>
    </geometry>
  </library_geometries>
  <library_visual_scenes>
    <visual_scene id="Scene" name="Scene">
      <node id="link6_02" name="link6_02" type="NODE">
        <matrix sid="transform">1 0 0 0 0 1 0 0 0 0 1 0 0 0 0 1</matrix>
        <instance_geometry url="#link6_02-mesh" name="link6_02">
          <bind_material>
            <technique_common>
              <instance_material symbol="link6_02_mat-material" target="#link6_02_mat-material" />
            </technique_common>
          </bind_material>
        </instance_geometry>
      </node>
      <node id="link6_01" name="link6_01" type="NODE">
        <matrix sid="transform">1 0 0 0 0 1 0 0 0 0 1 0 0 0 0 1</matrix>
        <instance_geometry url="#link6_01-mesh" name="link6_01">
          <bind_material>
            <technique_common>
              <instance_material symbol="link6_01_mat-material" target="#link6_01_mat-material" />
            </technique_common>
          </bind_material>
        </instance_geometry>
      </node>
      <node id="link6_00" name="link6_00" type="NODE">
        <matrix sid="transform">1 0 0 0 0 1 0 0 0 0 1 0 0 0 0 1</matrix>
        <instance_geometry url="#link6_00-mesh" name="link6_00">
          <bind_material>
            <technique_common>
              <instance_material symbol="link6_00_mat-material" target="#link6_00_mat-material" />
            </technique_common>
          </bind_material>
        </instance_geometry>
      </node>
    </visual_scene>
  </library_visual_scenes>
  <scene>
    <instance_visual_scene url="#Scene" />
  </scene>
</COLLADA>