<?xml version='1.0' encoding='utf-8'?>
<COLLADA xmlns="http://www.collada.org/2005/11/COLLADASchema" version="1.4.1">
  <asset>
    <contributor>
      <author>Blender User</author>
      <authoring_tool>Blender 4.3.2 commit date:2024-12-16, commit time:21:10, hash:32f5fdce0a0a</authoring_tool>
    </contributor>
    <created>2026-05-19T17:36:52</created>
    <modified>2026-05-19T17:36:52</modified>
    <unit name="meter" meter="1" />
    <up_axis>Y_UP</up_axis>
  </asset>
  <library_effects>
    <effect id="link2_02_mat-effect">
      <profile_COMMON>
        <technique sid="common">
          <lambert>
            <emission>
              <color sid="emission">0 0 0 1</color>
            </emission>
            <diffuse>
              <color sid="diffuse">0.8666667 0.9098039 1 1</color>
            </diffuse>
            <index_of_refraction>
              <float sid="ior">1.5</float>
            </index_of_refraction>
          </lambert>
        </technique>
      </profile_COMMON>
    </effect>
    <effect id="link2_01_mat-effect">
      <profile_COMMON>
        <technique sid="common">
          <lambert>
            <emission>
              <color sid="emission">0 0 0 1</color>
            </emission>
            <diffuse>
              <color sid="diffuse">1 0.9490196 0.9098039 1</color>
            </diffuse>
            <index_of_refraction>
              <float sid="ior">1.5</float>
            </index_of_refraction>
          </lambert>
        </technique>
      </profile_COMMON>
    </effect>
    <effect id="link2_00_mat-effect">
      <profile_COMMON>
        <technique sid="common">
          <lambert>
            <emission>
              <color sid="emission">0 0 0 1</color>
            </emission>
            <diffuse>
              <color sid="diffuse">0.5019608 0.5019608 0.5019608 1</color>
            </diffuse>
            <index_of_refraction>
              <float sid="ior">1.5</float>
            </index_of_refraction>
          </lambert>
        </technique>
      </profile_COMMON>
    </effect>
  </library_effects>
  <library_images />
  <library_materials>
    <material id="link2_02_mat-material" name="link2_02_mat">
      <instance_effect url="#link2_02_mat-effect" />
    </material>
    <material id="link2_01_mat-material" name="link2_01_mat">
      <instance_effect url="#link2_01_mat-effect" />
    </material>
    <material id="link2_00_mat-material" name="link2_00_mat">
      <instance_effect url="#link2_00_mat-effect" />
    </material>
  </library_materials>
  <library_geometries>
    <geometry id="link2_02-mesh" name="link2_02">
      <mesh>
        <source id="link2_02-mesh-positions">
          <float_array id="link2_02-mesh-positions-array" count="1200">-0.008202731 -0.01686012 -0.06624996 -0.01034325 -0.01563954 -0.06624996 -0.01774495 -0.006054997 -0.06624996 -0.01838588 -0.00367558 -0.06624996 -0.014054 -0.01241099 -0.06624996 -0.01034367 0.01563918 -0.06624996 -0.014054 0.01241099 -0.06624996 0.01852649 0.00495851 -0.06647312 0.01021844 -0.001146972 -0.06624996 0.01702797 0.004972994 -0.06624996 0.01737499 0.004842936 -0.06624996 0.01823663 0.004616081 -0.06624996 0.0105794 0.01548087 -0.06624996 0.01694649 0.00802648 -0.06624996 0.01652497 0.007204949 -0.06624996 0.01633995 0.006882965 -0.06624996 0.01624 0.006525993 -0.06624996 0.01622998 0.006155967 -0.06624996 0.016312 0.005793988 -0.06624996 0.01647895 0.005462944 -0.06624996 0.01672297 0.005183994 -0.06624996 0.01689368 0.007592678 -0.06624996 0.01696825 0.007791936 -0.06624996 0.01251697 0.01396095 -0.06624996 0.01423895 0.01219898 -0.06624996 0.01571595 0.01022595 -0.06624996 0.008454799 0.01673567 -0.06624996 -0.03508549 -0.01913011 -0.05099993 0.000783999 0.007458984 -0.06624996 -0.001091122 0.01871794 -0.06624996 0.006187975 0.01769995 -0.06624996 0.003812968 0.01835799 -0.06624996 0.001372992 0.01869994 -0.06624996 -0.005920946 0.01779097 -0.06624996 -0.008203029 0.01685994 -0.06624996 -0.003536999 0.01841294 -0.06624996 -0.01556098 0.01046097 -0.06624996 -0.01230496 0.01414698 -0.06624996 -0.01838588 0.00367558 -0.06624996 -0.01774495 0.006054937 -0.06624996 -0.0167973 0.008331656 -0.06624996 -0.018709 -0.001231968 -0.06624996 -0.018709 0.001231968 -0.06624996 -0.01679134 -0.008345484 -0.06624996 -0.01230496 -0.01414698 -0.06624996 -0.01556098 -0.01046097 -0.06624996 -0.001091122 -0.01871794 -0.06624996 -0.003536999 -0.018413 -0.06624996 -0.005920946 -0.01778995 -0.06624996 0.003812968 -0.01835799 -0.06624996 0.001372992 -0.0187 -0.06624996 0.01057678 -0.01548194 -0.06624996 0.008457481 -0.01673406 -0.06624996 0.006187975 -0.017699 -0.06624996 0.01251697 -0.01396095 -0.06624996 0.01571595 -0.01022595 -0.06624996 0.01423895 -0.01219797 -0.06624996 0.01835215 -0.004893481 -0.06624996 0.01774179 -0.004770159 -0.06625008 0.01849538 -0.004952728 -0.06631976 0.01737499 -0.004842996 -0.06624996 0.01821482 -0.004535257 -0.06625002 0.01633995 -0.006882965 -0.06624996 0.01652497 -0.007204949 -0.06624996 0.01702797 -0.004971981 -0.06624996 0.01672297 -0.005183994 -0.06624996 0.01647895 -0.005463004 -0.06624996 0.01694464 -0.008026182 -0.06624996 0.016312 -0.005793988 -0.06624996 0.01622998 -0.006155967 -0.06624996 0.01624 -0.006525993 -0.06624996 0.0168966 -0.007596075 -0.06624996 0.01697057 -0.007812261 -0.06624996 0.01861995 0.002205967 -0.06624996 0.01874995 0 -0.06624996 0.01861995 -0.002205967 -0.06624996 0.01823097 0.004380941 -0.06624996 -0.000784 -0.007458984 -0.06624996 -0.00606805 0.004407823 -0.06624996 -0.006851971 0.003050982 -0.06624996 -0.00733596 0.001558959 -0.06624996 -0.007499992 0 -0.06624996 -0.00733596 -0.001558959 -0.06624996 -0.006851971 -0.003049969 -0.06624996 -0.000784001 0.007458984 -0.06624996 -0.002317965 0.007132947 -0.06624996 -0.003749966 0.006494939 -0.06624996 -0.005017995 0.005573987 -0.06624996 0.003749966 0.006494939 -0.06624996 0.002317965 0.007132947 -0.06624996 0.006851971 0.003050982 -0.06624996 0.00606811 0.004407703 -0.06624996 0.005018949 0.005573987 -0.06624996 0.00606811 -0.004407703 -0.06624996 0.006851971 -0.003049969 -0.06624996 0.00733596 -0.001558959 -0.06624996 0.007499992 0 -0.06624996 0.00733596 0.001558959 -0.06624996 0.000784 -0.007458984 -0.06624996 0.005018949 -0.005573987 -0.06624996 0.003749966 -0.006494998 -0.06624996 0.002317965 -0.007132947 -0.06624996 -0.00606805 -0.004407823 -0.06624996 -0.005017995 -0.005573987 -0.06624996 -0.003749966 -0.006494998 -0.06624996 -0.002317965 -0.007132947 -0.06624996 0.01057797 -0.01548099 -0.06099998 0.01251697 -0.01396095 -0.06099998 0.01423895 -0.01219797 -0.06099998 0.01571595 -0.01022595 -0.06099998 0.01695054 -0.008007943 -0.06099998 0.008455991 -0.01673495 -0.06099998 0.006187975 -0.017699 -0.06099998 0.003812968 -0.01835799 -0.06099998 0.001372992 -0.0187 -0.06099998 -0.001090943 -0.018718 -0.06099998 -0.003536999 -0.018413 -0.06099998 -0.005920946 -0.01778995 -0.06099998 -0.00820297 -0.01686 -0.06099998 -0.01034396 -0.015639 -0.06099998 -0.01230496 -0.01414698 -0.06099998 -0.014054 -0.01241099 -0.06099998 -0.01556098 -0.01046097 -0.06099998 -0.01682895 -0.008347988 -0.06099998 -0.01774495 -0.006054997 -0.06099998 -0.018386 -0.003674983 -0.06099998 -0.018709 -0.001231968 -0.06099998 -0.018709 0.001231968 -0.06099998 -0.018386 0.003674983 -0.06099998 -0.01774495 0.006054937 -0.06099998 -0.01679795 0.008329987 -0.06099998 -0.01556098 0.01046097 -0.06099998 -0.014054 0.01241099 -0.06099998 -0.01230496 0.01414698 -0.06099998 -0.01034396 0.01563894 -0.06099998 -0.00820297 0.01685994 -0.06099998 -0.005920946 0.01779097 -0.06099998 -0.003536999 0.01841294 -0.06099998 -0.001090943 0.01871794 -0.06099998 0.001372992 0.01869994 -0.06099998 0.003812968 0.01835799 -0.06099998 0.006187975 0.01769995 -0.06099998 0.008455991 0.01673495 -0.06099998 0.01057797 0.01548194 -0.06099998 0.01251697 0.01396095 -0.06099998 0.01423895 0.01219898 -0.06099998 0.01571595 0.01022595 -0.06099998 0.01696336 0.007965385 -0.06099998 0.02108496 0.002639949 -0.06769996 0.02065294 0.005003988 -0.06769996 0.02065294 0.005003988 -0.06099998 0.02057296 -0.005222976 -0.06099998 0.02063548 -0.005066394 -0.06114387 0.02108496 -0.002639949 -0.05099999 0.02055984 -0.005356371 -0.05099999 0.01978397 -0.007756948 -0.06099998 0.01978433 -0.007755815 -0.05099999 0.01866698 -0.01015496 -0.06099998 0.01866698 -0.01015496 -0.05099999 0.01725995 -0.01239496 -0.05099999 0.01725995 -0.01239496 -0.06099998 0.01558697 -0.01444399 -0.05099999 0.01558697 -0.01444399 -0.06099998 0.01367098 -0.01626795 -0.05099999 0.01367098 -0.01626795 -0.06099998 0.01154285 -0.01784181 -0.05099999 0.01154398 -0.01784098 -0.06099998 0.009235501 -0.01913791 -0.05099999 0.009237945 -0.01913696 -0.06099998 0.006440281 -0.02029037 -0.05099999 0.006458818 -0.02027958 -0.06099998 0.00644505 0.02028822 -0.05099999 0.009238243 0.01913684 -0.05099999 0.006451904 0.02028256 -0.06099998 0.009237945 0.01913696 -0.06099998 0.01154643 0.01783913 -0.05099999 0.01154398 0.01784098 -0.06099998 0.01367098 0.01626795 -0.05099999 0.01367098 0.01626795 -0.06099998 0.01558697 0.01444399 -0.05099999 0.01558697 0.01444399 -0.06099998 0.01725995 0.01239496 -0.05099999 0.01725995 0.01239496 -0.06099998 0.01866698 0.01015496 -0.05099999 0.01866698 0.01015496 -0.06099998 0.01978433 0.007755815 -0.05099999 0.01978397 0.007756948 -0.06099998 0.02059137 0.005242347 -0.05099993 0.02108496 0.002639949 -0.05099999 0.02124994 0 -0.05099999 0.02124994 0 -0.06769996 0.02108496 -0.002639949 -0.06769996 0.02063959 -0.005015373 -0.06769996 0.02005034 0.005372524 -0.06769996 0.01854473 0.004948616 -0.0676999 0.01811099 0.00485295 -0.06099998 0.018588 -0.004980981 -0.06769996 0.02004754 -0.005370974 -0.06769996 0.02009397 -0.005377948 -0.06099998 0.01811099 -0.00485295 -0.06099998 0.0168913 -0.007586359 -0.06099998 0.01652497 -0.007204949 -0.06099998 0.01633995 -0.006882965 -0.06099998 0.01624 -0.006525993 -0.06099998 0.01622998 -0.006155967 -0.06099998 0.016312 -0.005793988 -0.06099998 0.01647895 -0.005463004 -0.06099998 0.01672297 -0.005183994 -0.06099998 0.01702797 -0.004971981 -0.06099998 0.01774799 -0.004893004 -0.06099998 0.01702797 0.004972994 -0.06099998 0.01672297 0.005183994 -0.06099998 0.01647895 0.005462944 -0.06099998 0.016312 0.005793988 -0.06099998 0.01622998 0.006155967 -0.06099998 0.01624 0.006525993 -0.06099998 0.01633995 0.006882965 -0.06099998 0.01652497 0.007204949 -0.06099998 0.01686388 0.007552981 -0.06099998 0.0169683 -0.007792472 -0.06099998 0.02025985 -0.005315363 -0.06769996 0.0204848 -0.005334138 -0.06099998 0.02046984 -0.005262553 -0.06769996 0.01694899 0.007707297 -0.06099998 0.02056086 0.005062222 -0.06769996 0.02044224 0.005283892 -0.06769996 0.020419 0.005308985 -0.06099998 0.02004826 0.005420684 -0.06099998 -0.03509998 -0.01753199 -0.05761796 -0.03509998 -0.01733195 -0.05809998 -0.03509879 -0.01905471 -0.06099998 -0.03509998 -0.01701396 -0.05851399 -0.03509998 -0.01659995 -0.05883198 -0.03509998 0.01611799 -0.05903196 -0.03509998 0.01659995 -0.05883198 -0.0350998 0.01905739 -0.06099998 -0.03509998 0.01701396 -0.05851399 -0.03509998 0.01733195 -0.05809998 -0.03509396 0.01910799 -0.05099999 -0.03509998 0.01759999 -0.05709999 -0.03509998 0.01753199 -0.05761796 -0.03509998 -0.01759999 -0.05099999 -0.03509998 -0.01759999 -0.05709999 -0.03509998 -0.01611799 -0.05903196 -0.03509998 -0.01559996 -0.05909997 -0.03509998 0.01559996 -0.05909997 -0.03310835 0.02114742 -0.05099999 -0.03314 0.02109998 -0.06099998 -0.03328597 0.02065694 -0.05099999 -0.03328597 0.02065694 -0.06099998 -0.03353095 0.02025997 -0.05099999 -0.03353095 0.02025997 -0.06099998 -0.03385996 0.01993095 -0.05099999 -0.03385996 0.01993095 -0.06099998 -0.03425699 0.01968598 -0.05099999 -0.03425699 0.01968598 -0.06099998 -0.03469997 0.01953995 -0.05099999 -0.03470671 0.01953327 -0.06099998 0.005254864 0.02149516 -0.05099993 0.000821579 0.02149987 -0.05771988 -0.01486879 0.02150118 -0.05714279 -0.03265094 0.02149999 -0.05099999 -0.03472387 -0.01952916 -0.05099999 -0.03469997 -0.01953995 -0.06099998 -0.03425699 -0.01968598 -0.05099999 -0.03425699 -0.01968598 -0.06099998 -0.03385996 -0.01993095 -0.05099999 -0.03385996 -0.01993095 -0.06099998 -0.03353095 -0.02025997 -0.05099999 -0.03353095 -0.02025997 -0.06099998 -0.03328597 -0.020657 -0.05099999 -0.03328597 -0.020657 -0.06099998 -0.03313714 -0.02109748 -0.05099999 -0.03306943 -0.02127361 -0.06099998 0.001555442 -0.0215013 -0.05658406 -0.03265094 -0.02149999 -0.05099999 3.82957e-07 -0.02149999 -0.05099999 -0.01579988 -0.02150011 -0.05716091 -0.03490519 0.01941472 -0.06099998 -0.03496921 0.01932114 -0.05099999 -0.03291898 0.02141797 -0.06099998 -0.03280228 0.02146309 -0.05099999 -0.03307527 0.02126675 -0.06099998 -0.03300094 0.02129995 -0.05099999 -0.03291898 -0.02141797 -0.06099998 -0.03301048 -0.02131801 -0.05099999 -0.03273898 -0.02143496 -0.06099998 -0.03282594 -0.02141833 -0.05099999 -0.03491735 -0.01941126 -0.06099998 -0.03488558 -0.01943552 -0.05099999 0.005812942 0.02085298 -0.06099998 0.006035804 0.02058982 -0.05099999 0.006085991 0.02054798 -0.06099998 0.006085991 -0.02054798 -0.06099998 0.006085991 -0.02054798 -0.05099999 0.005812942 -0.02085298 -0.06099998 0.005812942 -0.02085298 -0.05099999 0.005511224 -0.02135342 -0.06099998 0.005514383 -0.02134597 -0.05099999 0.005317986 0.02146697 -0.06099998 0.005419969 0.02141696 -0.05099999 0.00548911 0.02137154 -0.06099998 0.005508959 0.02125799 -0.05099999 0.005342841 -0.02146232 -0.05099999 0.005311429 -0.02146965 -0.06099998 0.018224 -0.004444003 -0.06769996 0.01861995 -0.002205967 -0.06769996 0.01874995 0 -0.06769996 0.01861995 0.002205967 -0.06769996 0.01822984 0.004403114 -0.06769996 0.0184288 -0.004886686 -0.06769984 0.01831883 -0.004698932 -0.06769996 -0.005017638 0.005574166 -0.05099999 -0.006067991 0.004407942 -0.05099999 -0.006851971 0.003050982 -0.05099999 -0.00733596 0.001558959 -0.05099999 -0.007499992 0 -0.05099999 -0.00733596 -0.001558959 -0.05099999 -0.006851971 -0.003049969 -0.05099999 -0.006067991 -0.004408001 -0.05099999 -0.005017638 -0.005574226 -0.05099999 -0.003749966 -0.006494998 -0.05099999 -0.002317965 -0.007132947 -0.05099999 -0.000784 -0.007458984 -0.05099999 0.000784 -0.007458984 -0.05099999 0.002317965 -0.007132947 -0.05099999 0.003749966 -0.006494998 -0.05099999 0.005017459 -0.00557506 -0.05099999 0.006067991 -0.004408001 -0.05099999 0.006851971 -0.003049969 -0.05099999 0.00733596 -0.001558959 -0.05099999 0.007499992 0 -0.05099999 0.00733596 0.001558959 -0.05099999 0.006851971 0.003050982 -0.05099999 0.006067991 0.004407942 -0.05099999 0.005017399 0.00557506 -0.05099999 0.003749966 0.006494939 -0.05099999 0.002317965 0.007132947 -0.05099999 0.000783999 0.007458984 -0.05099999 -0.000784001 0.007458984 -0.05099999 -0.002317965 0.007132947 -0.05099999 -0.003749966 0.006494939 -0.05099999 -0.008859336 -0.007924079 -0.05099999 0.006960749 0.01096582 -0.05099999 -0.02146697 -0.004749953 -0.05099999 -0.02161997 -0.004952967 -0.05099999 -0.02178299 -0.004996478 -0.05099999 -0.03009998 -0.004999995 -0.05099999 -0.01030904 0.006916821 -0.05099999 -0.01341229 -0.000782238 -0.05099999 -0.03009998 -0.01759999 -0.05099999 -0.02177971 0.004995405 -0.05099999 -0.02140653 -0.004595696 -0.05099993 -0.03009998 0.01759999 -0.05099999 -0.03009998 0.004999995 -0.05099999 -0.03509998 0.01759999 -0.05099999 -0.03009998 0.01759999 -0.05709999 -0.03009998 0.01559996 -0.05909997 -0.03009998 -0.01559996 -0.05909997 -0.03009998 -0.01759999 -0.05709999 -0.03009998 0.01753199 -0.05761796 -0.03009998 0.01733195 -0.05809998 -0.03009998 0.01701396 -0.05851399 -0.03009998 0.01659995 -0.05883198 -0.03009998 0.01611799 -0.05903196 -0.03009998 -0.01611799 -0.05903196 -0.03009998 -0.01659995 -0.05883198 -0.03009998 -0.01701396 -0.05851399 -0.03009998 -0.01733195 -0.05809998 -0.03009998 -0.01753199 -0.05761796 -0.03009998 0.004999995 -0.04249995 -0.03009998 -0.004499971 -0.04199999 -0.03009998 -0.004999995 -0.04249995 -0.0214079 -0.004593074 -0.04249745 -0.02180242 0.004990756 -0.0424968 -0.02150803 0.004816949 -0.04249918 -0.02146697 -0.004749953 -0.04249995 -0.02158415 -0.004895329 -0.04250115 -0.03009998 0.004499971 -0.04199999 -0.02189999 0.004499971 -0.04199999 -0.02164995 0.00493294 -0.04249995 -0.02141696 0.004628956 -0.04249995 -0.02139997 0.004499971 -0.04249995 -0.0218119 -0.004995167 -0.04250103 -0.02189999 -0.004499971 -0.04199999 0.0183655 0.004801392 -0.06769996 0.01773697 0.004768967 -0.06624996 -0.032682 0.02144098 -0.06099998 0.01738399 0.004887938 -0.06099998 0.02061295 0.005109965 -0.06099998 0.01835799 0.004894971 -0.06624996 0.005185961 0.02142596 -0.06099998 -0.0348984 0.0194236 -0.05099999 -0.02148294 0.004818618 -0.05099999 0.01738697 -0.004886984 -0.06099998 0.01774799 0.004892945 -0.06099998 -0.02138996 0.004645943 -0.05099999 -0.02164399 0.004948973 -0.05099999 -0.02133196 0.004542946 -0.05099999 0.01811599 0.004799962 -0.06624996</float_array>
          <technique_common>
            <accessor source="#link2_02-mesh-positions-array" count="400" stride="3">
              <param name="X" type="float" />
              <param name="Y" type="float" />
              <param name="Z" type="float" />
            </accessor>
          </technique_common>
        </source>
        <source id="link2_02-mesh-normals">
          <float_array id="link2_02-mesh-normals-array" count="2400">0 0 -1 0 0 -1 0 0 -1 0 0 -1 0 0 -1 0 0 -1 -3.10218e-05 -2.57767e-05 -1 0 0 -1 1.15116e-05 8.27017e-06 -1 0 0 -1 0 0 -1 0 0 -1 0 0 -1 0 0 -1 0 0 -1 0 0 -1 0 0 -1 0 0 -1 0 0 -1 0 0 -1 0 0 -1 0 0 -1 0 0 -1 0 0 -1 0 0 -1 0 0 -1 0 0 -1 0 0 -1 0 0 -1 0 0 -1 0 0 -1 0 0 -1 0 0 -1 0 0 -1 -0.000536669 0.001271069 -0.9999991 0.000174832 -0.000161763 -1 0 0 -1 0 0 -1 0 0 -1 -3.23157e-05 2.34068e-05 -1 1.23424e-05 -7.32212e-06 -1 0 0 -1 0 0 -1 0 0 -1 0 0 -1 0 0 -1 0 0 -1 0 0 -1 0 0 -1 3.15636e-06 2.50401e-05 -1 0 0 -1 0 0 -1 0 0 -1 0 0 -1 0 0 -1 -0.000111156 0.000161116 -1 0 0 -1 0 0 -1 0 0 -1 0 0 -1 0 0 -1 0 0 -1 0 0 -1 0 0 -1 0 0 -1 0 0 -1 0 0 -1 0 0 -1 0 0 -1 0 0 -1 0 0 -1 0 0 -1 0 0 -1 0 0 -1 0 0 -1 0 0 -1 0 0 -1 0 0 -1 0 0 -1 0 0 -1 0 0 -1 0 0 -1 0 0 -1 0 0 -1 0 0 -1 0 0 -1 0 0 -1 0 0 -1 0 0 -1 0 0 -1 0 0 -1 0 0 -1 0 0 -1 0 0 -1 3.28878e-05 -3.92928e-05 -1 0 0 -1 0 0 -1 0 0 -1 0 0 -1 0 0 -1 0 0 -1 0 0 -1 0 0 -1 0.8670812 -0.498167 -0 0.5689286 0.822387 -0 0.752745 0.6583121 -0 0.752745 0.6583121 -0 0.8928018 0.4504497 -0 0.8928018 0.4504497 -0 0.9752919 0.2209204 -0 0.9752919 0.2209204 -0 0.9996349 -0.0270186 -0 0.9996349 -0.0270186 -0 0.9629361 -0.2697294 -0 0.9629361 -0.2697294 -0 0.8670812 -0.498167 -0 0.5689286 0.822387 -0 0.7164087 -0.6976808 -0 0.7246569 -0.6891089 -0.001100659 0.9367108 0.350104 0.000304955 0.9461818 0.3236343 -0.000814518 0.996622 -0.08212262 0.000739357 0.9927468 -0.1202211 -0.000695173 0.5707476 -0.8211256 -0 0.8670812 0.498167 -0 0.9629361 0.2697294 -0 0.9629361 0.2697294 -0 0.9996349 0.0270186 -0 0.9996349 0.0270186 -0 0.9752919 -0.2209204 -0 0.9752919 -0.2209204 -0 0.8928018 -0.4504497 -0 0.8928018 -0.4504497 -0 0.752745 -0.6583121 -0 0.752745 -0.6583121 -0 0.5707476 -0.8211256 -0 0.2303983 -0.9730964 -0 0.3484458 -0.937289 -0.008651852 -0.01661646 -0.9998272 -0.008341491 0.1946477 -0.9805996 -0.0231682 0.1094995 -0.993712 -0.02337479 0.1095241 0.9939345 -0.009929716 -0.08149969 0.9963995 -0.02336323 -0.01373058 0.9996276 -0.0235815 0.2002698 0.9797018 -0.008740842 0.2322271 0.9726223 -0.008734941 0.3508282 0.9364399 -0 0.5344368 0.8452084 -0 0.9355559 0.353043 -0.009791612 0.7160058 0.6980147 -0.01054376 0.8817495 0.4717163 0.001301229 0.2204841 0.9753863 -0.002882063 0.2885488 0.957441 -0.006797254 -0.9999999 -0.000589086 -7.73316e-05 -0.9999997 -0.000794765 -6.10703e-07 -1 -0.000150862 -0.000363579 -0.9999999 -6.46205e-05 -0.000492273 -0.9999998 -2.58049e-05 -0.000562851 -1 0 -9.21518e-05 -1 9.76433e-06 -7.43838e-05 0.9280164 -0.3725321 -0.002312898 0.2533397 -0.9673734 -0.002769172 0.1114967 -0.9937434 -0.006527364 0.2437439 -0.9697784 -0.01090073 0.7834579 -0.6213883 -0.008387267 0.8242803 -0.566105 -0.009342432 0.8670812 0.498167 -0 0.9957105 0.09249842 -0.002122581 0.9984585 -0.05543398 0.00276786 0.9365038 -0.3506503 -0.002218008 0.8756368 -0.4829685 0.001312792 0.7834648 -0.6213937 -0.007259964 -0.3183689 -0.9479668 0.000263465 -0.3130093 -0.9497501 -0 -0.5251755 -0.850994 -0 -0.5251755 -0.850994 -0 -0.7071048 -0.7071088 -0 0.9818217 -0.1898018 -0.001243412 0.9515361 -0.3075372 2.90185e-07 0.9064822 -0.422244 1.50002e-05 0.9065061 -0.4221928 -0 0.846807 -0.5319003 -0 0.846807 -0.5319003 -0 0.7745969 -0.6324552 -0 -0.3214527 0.9469256 -0.000415279 -0.000782016 0.9997221 -0.02356016 0.7745969 -0.6324552 -0 0.000126532 0.9999998 0.000563681 -0.002104043 0.9999805 -0.005893468 0.9837099 0.179764 -0 0.9399803 -0.3389437 0.03942209 0.9980526 -0.06237846 -0 0.906506 0.4221928 -0 0.9064822 0.422244 1.49134e-05 0.9521243 0.3057113 -0 0.9678558 0.2510573 -0.01501363 0.7160243 0.6980329 -0.007692992 0.9824825 0.1863479 0.001609385 0.9837098 0.179764 -0 0.9980526 0.06237846 -0 0.9980525 0.06237846 -0 0.9980525 -0.06237846 -0 0.846807 0.5319003 -0 0.9832696 -0.1821566 -0 0.9828737 -0.1842789 -0.000812566 -0.2709892 0.9625101 -0.01179105 -0.3639599 0.9313644 -0.009672582 -0.2812194 0.9596393 -0.002845823 -0.2674248 0.9635532 -0.00701183 -0.2581407 -0.9661042 0.002438187 -0.2595096 -0.9657402 0.000788475 -0.3670988 -0.9294844 0.03601753 -0.2559318 -0.966691 0.002747654 0.7212412 0.6926838 -0.000546136 0.7249119 0.6888416 -0 0.3802983 0.9248639 3.155e-06 0.6895042 -0.7242817 -0 0.6895038 -0.724282 -0 0.5946035 -0.804019 -0 0.5946038 -0.8040189 -0 0.4897609 -0.8718569 -1.75933e-05 0.4899382 -0.8717572 3.62781e-05 0.381161 -0.9245086 -0.000291274 0.3802512 -0.9248833 4.15321e-06 0.3811159 0.9245272 -0.000263239 0.4900665 0.871685 -2.22095e-07 0.4899382 0.8717572 3.8751e-05 0.5946025 0.8040198 4.33521e-07 0.5946038 0.8040189 -0 0.689504 0.7242819 -0 0.6895042 0.7242817 -0 0.7745969 0.6324552 -0 0.7745969 0.6324552 -0 0.846807 0.5319003 -0 -0.891182 -0.4536405 -0.002234578 -0.8366522 -0.5477331 0.001328051 0.584217 -0.8115975 0.000208067 0.5880655 -0.8088133 -0 0.7451143 -0.6669368 -0 0.7451143 -0.6669368 -0 0.856391 -0.516328 -0 0.8553367 -0.5180726 0.000119118 -0.2966271 0.9549825 -0.004565 0.4280936 0.9037343 0.000152199 0.4868687 0.8734748 -0.000598605 0.8725921 0.4884347 0.003816962 0.8481966 0.5296639 0.004333734 -0.5011973 -0.8653329 -0.000506943 -0.5095315 -0.8604519 -0.000288178 -0.6953691 0.7186474 0.002778172 -0.8176405 0.5757141 0.004161655 -0.9322865 0.3617188 0.001229286 -0.8671892 -0.4979704 0.002898693 -0.6924458 -0.7214694 0.000876498 0.7852496 0.6191782 -0.001205146 0.7451139 0.6669365 0.000945756 0.5870977 0.809516 -0.000444317 0.5932317 0.8050318 -5.13075e-05 -0.4227699 -0.9062345 -0.002170264 -1 0 -0 0.8003897 -0.5994802 -0 -0.8574395 -0.5145451 -0.006388187 -0.9286227 -0.3709625 -0.006830513 -0.9231855 -0.3843547 -0 -0.9655836 -0.2600932 -0 -0.9655921 -0.2600613 1.55095e-05 -0.9913727 -0.1310735 -0 -0.9913727 -0.1310733 -0 -1 0 -0 -0.9843783 -0.176056 -0.001904964 -0.9913727 0.1310735 1.71482e-07 -0.9913725 0.1310743 -1.79258e-07 0.7153761 -0.6987396 -0 0.7153764 -0.6987392 2.65614e-07 0.6169427 -0.7870081 -0 -0.9655921 0.2600613 1.56317e-05 -0.1237354 -0.9923152 6.89149e-07 -0.509549 -0.8602815 -0.01659816 0.5612772 -0.8276278 0.000441414 0.5028328 -0.8643832 -0.000943225 -0.9846928 0.1742345 0.004754602 -0.9852077 0.1713644 -0 -0.9982681 0.05882877 -0 -0.9982681 0.05882877 -0 -0.3926826 -0.9193325 -0.02506232 -0.861941 -0.5047393 -0.04791682 -0.9333956 -0.3578642 -0.02656894 -0.9368585 -0.3485968 -0.0278635 -0.9982681 -0.05882877 -0 -0.9982681 -0.05882877 -0 -0.9845973 -0.1748376 -0 -0.7071048 -0.7071088 -0 -0.8509969 -0.5251708 -0 -0.8509969 -0.5251708 -0 -0.9473701 -0.3201406 -0 -0.9434998 -0.3313724 -0.000552352 0.009248137 -0.999957 0.000704651 -7.31834e-05 -1 0.000212779 -0.000911264 -0.9999157 -0.0129494 0 -1 2.50935e-05 -1 -0.000293286 -0.000225278 0.000107543 0.9999998 0.000625889 -1 -0.000395947 -0.000164293 -1 -0.000219541 -0.000285816 -1 2.27912e-05 -5.49269e-05 -1 3.31614e-05 -4.31723e-05 -1 4.42932e-05 -3.40224e-05 -0.9999921 0.003979682 -0 -0.9999985 0.00165677 0.000574252 -1 8.89057e-05 -1.1671e-05 -1 5.97833e-05 -2.48063e-05 -0.9999546 -0.009448349 0.001258254 -0.0940268 -0.9955693 0.00083804 0.007049143 -0.9999728 0.002196192 -0.4777268 -0.8784974 0.00441122 -0.5127981 0.8585093 -0.000412818 -0.8226904 0.5684897 5.34798e-05 -0.8782142 0.4782661 -0.001146733 -0.8630563 0.5051036 -0.002052485 -0.002377927 -0.9999762 -0.006478965 -0.5058622 0.8626143 -0.000234821 -0.3130093 0.9497501 -0 -0.2366018 0.9715939 -0.004998981 -0.09659212 0.9953184 -0.003366768 -0.6346396 0.7727984 0.003915131 0.007297158 0.9999734 -3.5478e-07 0.007305204 0.9999733 -4.12532e-06 -0.1237359 0.9923152 -0 -0.1237354 0.9923152 -3.52063e-07 -0.2524551 0.9676086 -3.43298e-07 -0.2524551 0.9676086 -3.43298e-07 -0.3777502 0.9259076 -3.28503e-07 -0.3777475 0.9259087 -1.70449e-06 0.1388072 0.9903194 -3.51355e-07 -0.4953787 0.8686771 -2.73647e-07 -0.4953963 0.8686671 9.2142e-06 -0.6055047 0.7958418 -2.47042e-07 -0.6055051 0.7958415 -0 -0.7044641 0.7097396 -0 -0.7044641 0.7097396 -0 -0.7912492 0.6114937 -0 0.8755477 0.4831234 0.002809941 0.8727083 0.4882422 -0 0.8005355 0.5992854 -0 0.8005355 0.5992854 -0 0.7151778 0.6989425 -0 0.7151778 0.6989425 -0 0.6171939 0.7868111 -0 0.6171942 0.7868109 -1.4339e-07 -0.7912494 0.6114936 -0 0.5084563 0.8610878 -4.50986e-05 0.5085374 0.8610399 -8.43522e-07 0.3915183 0.9201703 3.37611e-05 0.3914514 0.9201987 -3.26477e-07 0.266995 0.9636979 -3.4191e-07 0.266995 0.9636979 -3.4191e-07 0.1388072 0.9903194 -3.51355e-07 0.2673718 -0.9635935 3.41873e-07 0.8737676 -0.4863432 0.000710684 0.8730467 -0.4876366 -0 0.007305204 -0.9999733 -3.42078e-06 0.007297158 -0.9999734 3.5478e-07 0.1388072 -0.9903194 3.51355e-07 0.1388072 -0.9903194 3.51355e-07 -0.999707 0.02417665 0.001162528 0.2673718 -0.9635935 3.41873e-07 0.3912609 -0.9202798 3.26506e-07 0.3911746 -0.9203165 -4.36808e-05 0.5087566 -0.8609104 -0 0.5086873 -0.8609515 3.78827e-05 0.6169422 -0.7870085 -2.22408e-07 -0.4213752 0.9048608 -0.06057971 -0.8648036 0.5021102 -0 -0.8648515 0.5020279 4.46241e-05 -0.9232085 0.3842994 -7.73501e-07 -0.9232091 0.3842979 -0 -0.9655835 0.2600935 -0 0.8003897 -0.5994802 -0 -0.634598 0.7726835 -0.01567173 -0.9165617 0.3987298 -0.03048402 -0.9457238 0.3221324 -0.04286271 0.01166683 0.9999074 -0.007000207 -0.7912493 -0.6114938 -0 -0.7912493 -0.6114937 -0 -0.7044641 -0.7097396 -0 -0.7044641 -0.7097396 -0 -0.6055052 -0.7958413 -0 -0.6055046 -0.7958418 3.68856e-07 -0.8644284 -0.5027561 -0 -0.4953964 -0.8686671 2.24533e-05 -0.4953559 -0.8686901 5.80113e-07 -0.3774001 -0.9260503 8.12874e-06 -0.3773847 -0.9260566 3.28555e-07 -0.2528344 -0.9675096 3.43263e-07 -0.2528344 -0.9675096 3.43263e-07 -0.1237361 -0.9923152 3.52063e-07 0.000396049 0.9998479 -0.01743745 -0.5251755 0.850994 -0 -0.7071048 0.7071088 -0 -0.7071048 0.7071088 -0 -0.8509969 0.5251708 -0 -0.8509969 0.5251708 -0 -0.9497488 0.3130129 -0 -0.9402517 0.3404775 0.00135529 -0.5251755 0.850994 -0 -0.406967 0.9134429 -0 -0.406967 0.9134429 -0 -0.2078741 0.9781556 -0 -0.2078741 0.9781556 -0 0 1 -0 0 1 -0 0.2078741 0.9781556 -0 0.2078741 0.9781556 -0 0.406967 0.9134429 -0 0.406967 0.9134429 -0 0.5876781 0.8090948 -0 0.5876783 0.8090947 -0 0.7431182 0.6691603 -5.20251e-06 -0.9512026 -0.3085671 -0 -0.9512026 -0.308567 -0 -0.9945124 -0.1046183 -0 -0.9945124 -0.1046183 -0 -0.9945124 0.1046183 -0 -0.9945124 0.1046183 -0 -0.9511419 0.3087543 -0 -0.9511419 0.3087543 -0 -0.8660369 0.49998 -0 -0.8660368 0.4999803 -0 -0.7432476 0.6690164 4.52265e-06 -0.7434506 0.6687908 -2.67399e-05 -0.5873814 0.8093102 -8.91504e-07 -0.587375 0.8093149 -0 0 -1 -0 0 -1 -0 -0.207874 -0.9781556 -0 -0.2078742 -0.9781556 -0 -0.406967 -0.9134429 -0 -0.406967 -0.9134429 -0 -0.5873781 -0.8093127 -0 -0.587375 -0.8093149 -3.13721e-07 -0.7434508 -0.6687907 -2.66179e-05 -0.7432476 -0.6690164 4.65658e-06 -0.8658774 -0.5002562 -0 -0.8658773 -0.5002565 -0 0.5876784 -0.8090947 -0 0.5876783 -0.8090947 -0 0.406967 -0.9134429 -0 0.406967 -0.9134429 -0 0.2078742 -0.9781556 -0 0.2078745 -0.9781556 -0 0.7431182 -0.6691603 -5.09583e-06 0.7430706 0.6692131 2.11878e-06 0.8660369 0.49998 -0 0.8660371 0.4999796 -0 0.9511418 0.3087543 -0 0.9511418 0.3087543 -0 0.9945124 0.1046183 -0 0.9945124 0.1046183 -0 0.9945124 -0.1046183 -0 0.9945124 -0.1046183 -0 0.9512026 -0.3085671 -0 0.9512026 -0.3085671 -0 0.8658775 -0.5002562 -0 0.8658774 -0.5002562 -0 0.7430704 -0.6692132 2.2459e-06 -1.04836e-05 6.55227e-07 1 3.37699e-05 2.11062e-06 1 -1.81058e-06 -2.3593e-06 1 0 0 1 0 0 1 0 0 1 0 0 1 0 0 1 0 0 1 4.4215e-05 -8.9758e-05 1 8.17809e-07 1.21625e-06 1 0 0 1 1.08171e-05 1.12736e-05 1 0 0 1 -2.62524e-07 -4.86334e-07 1 -5.00716e-07 1.67562e-06 1 0 0 1 0 0 1 0 0 1 0 0 1 0 0 1 1.21027e-06 4.83492e-06 1 0 0 1 0 0 1 0 0 1 0 0 1 0 0 1 0 0 1 0 0 1 0 0 1 0 0 1 0 0 1 0 0 1 9.21185e-05 5.15634e-05 1 0 0 1 4.47755e-07 -9.88859e-07 1 0 0 1 0 0 1 0 0 1 0 0 1 0 -8.16205e-07 1 0 0 1 0 0 1 0 0 1 0 0 1 0 0 1 0 0 1 0 0 1 0 0 1 0 0 1 0 0 1 0 0 1 0 0 1 0 0 1 0 0 1 0 0 1 0 0 1 0 0 1 0 0 1 0 0 1 0 0 1 0 0 1 0 0 1 0 0 1 0 0 1 0 0 1 0 0 1 0 0 1 0 0 1 0 0 1 0 0 1 0 0 1 0 0 1 0 0 1 4.87655e-05 5.88979e-05 1 0 0 1 0 0 1 0 0 1 0 0 1 0 0 1 0 0 1 0 0 1 0 0 1 0 0 1 -7.12502e-05 -8.32385e-05 1 2.0635e-06 -9.6135e-07 1 -3.93054e-06 2.82289e-06 1 0 0 1 0 0 1 0 0 1 0 0 1 -4.5027e-06 1.05016e-05 -1 0 0 -1 0 2.6624e-06 -1 4.75619e-07 3.8143e-06 -1 -1.94099e-07 1.8756e-06 -1 0 0 -1 0 0 -1 0 0 -1 0 0 -1 0 0 -1 0 0 -1 2.66621e-07 2.68618e-07 -1 0 0 -1 0 0 -1 0 0 -1 -2.67368e-06 5.51376e-06 -1 0 0 -1 0 0 -1 0 0 -1 -1.08358e-05 1.40274e-05 -1 0 0 -1 0 0 -1 1.95514e-05 3.04921e-05 -1 0 0 -1 0 0 -1 0 0 -1 0 0 -1 0 0 -1 0 0 -1 0 0 -1 0 0 -1 0 0 -1 0 0 -1 0 0 -1 0 0 -1 0 0 -1 0 0 -1 0 0 -1 0 0 -1 0 0 -1 0 0 -1 0 0 -1 0 0 -1 0 0 -1 0 0 -1 0 0 -1 -6.77475e-06 -3.12906e-06 -1 0 0 -1 0 0 -1 0 0 -1 -9.67281e-06 1.26043e-06 -1 0 0 -1 0 0 -1 0 0 -1 0 0 -1 0 0 -1 -3.22699e-07 -1.21888e-06 -1 0 0 -1 0 0 -1 0 0 -1 4.36063e-05 1.13113e-05 -1 0 0 -1 0 0 -1 0 0 -1 0 0 -1 0 0 -1 0 0 -1 0 0 -1 2.53105e-07 -1.44479e-05 -1 0 0 -1 -5.40558e-06 -5.72351e-05 -1 0 0 -1 0 0 -1 0 0 -1 7.78867e-06 -2.50754e-05 -1 0 0 -1 0 0 -1 0 0 -1 0 0 -1 0 0 -1 5.97481e-06 -4.02893e-06 -1 0 0 -1 0 0 -1 0 0 -1 0 0 -1 0 0 -1 0 0 -1 0 0 -1 0 0 -1 0 0 -1 1.36781e-06 6.37134e-07 -1 1.20992e-06 7.59982e-07 -1 0 0 -1 -1.30412e-06 9.28336e-07 -1 0 0 -1 0 0 -1 0 0 -1 0 0 -1 0 0 -1 0 0 -1 0 0 -1 0 -0.9914934 0.1301571 0 -0.9236432 0.3832535 0 -0.9236432 0.3832535 0 -0.7930502 0.6091563 0 -0.7930502 0.6091563 0 -0.6091568 0.7930498 0 -0.6091568 0.7930498 0 -0.3832535 0.9236432 0 -0.3832535 0.9236432 0 -0.130153 0.9914939 0 -0.130153 0.9914939 0 0.1301534 0.9914939 0 0.1301534 0.9914939 0 0.3832535 0.9236432 0 0.3832535 0.9236432 0 0.6091568 0.7930498 0 0.6091568 0.7930498 0 0.7930502 0.6091563 0 0.7930502 0.6091563 0 0.9236432 0.3832535 0 0.9236432 0.3832535 0 0.9914934 0.1301571 0 0.9914934 0.1301571 0 1 -0 0 -1 -0 0 -1 -0 0 -0.9914934 0.1301571 0 0 1 0 0 1 0 1 -0 -1 0 -0 -1 0 -0 -1 0 -0 -1 0 -0 -1 0 -0 -1 0 -0 -1 0 -0 -1 0 -0 -1 0 -0 -1 0 -0 -1 0 -0 -1 0 -0 -1 0 -0 -1 0 -0 -1 0 -0 -1 0 -0 -1 0 -0 -1 0 -0 -1 0 -0 0.991424 0.1306409 0.003410339 0.9999997 -0.000872988 0.000166321 0.9999351 -0.00815463 0.007958352 0.000581398 -0.9999998 -0 0.9358847 -0.3523064 0.0002629 0.7985827 -0.6018846 0.000716764 0.6292935 0.7771652 0.002002477 0.6327266 0.7743729 0.001904189 0.3237292 0.9461476 0.002009391 0.3546129 0.9350121 0.001456141 0.4014233 -0.9158815 0.004520177 0.2577302 -0.9662164 0.001025199 0.001107215 0.9999993 0.000548831 0.000422663 -0.9999999 0.000154852 0.000546521 0.9999999 -0 0.8713076 0.4906464 0.009452641 0.8803819 0.4742506 0.00374484 0.7785217 -0.6276178 -0 0.9310495 -0.3648929 -0 0.9000307 0.4358179 0.002734899 0 0 1 0 0 1 0.00051104 0.7071074 0.7071061 0 0.7113879 0.7027996 0.264828 0.6594831 0.7035256 0.4478347 0.552865 0.7026978 0.643139 0.3084884 0.7008618 0.7040584 0.09277451 0.7040559 0.707108 -0.000420053 0.7071054 0.7109575 0 0.703235 0.6616134 -0.2604261 0.7031686 0.5512577 -0.4501663 0.7024707 0.287647 -0.6554611 0.698305 0 -0.7071074 0.7071061 0.00050451 -0.7112322 0.702957 0 0 -1 0 0 -1 0 0 -1 4.48582e-06 -7.11415e-06 -1 0 0 -1 0 0 -1 0 0 -1 -4.99704e-05 0.000165425 -1 0 0 -1 0 0 -1 2.5925e-05 0.000114688 -1 -0.000128693 0.00022521 0.9999999 -0.002224266 -0.002096056 -0.9999954 0 0 -1 -6.74087e-05 8.2936e-05 1 -4.09158e-05 4.71269e-06 -1 2.45722e-05 4.34043e-05 -1 -7.40949e-05 6.11996e-05 -1 0 0 -1 -3.41733e-06 1.88487e-06 -1 6.32427e-05 -0.000161104 -1 1.33566e-05 2.45616e-05 1 7.5641e-05 6.98487e-05 -1 -4.15176e-05 -8.03894e-05 -1 -0.000150164 -0.000734588 -0.9999997 1.57284e-05 -0.000192293 -1 0.9605886 -0.2778639 -0.007825493 0.9355974 0.3530587 -0.002653002 -0.3653949 0.9308015 -0.009744644 -0.1979857 -0.9798926 -0.02474194 0.000167188 -0.9999753 -0.0070194 0 0 1 0 0 1 0 0 1 0 0 1 -2.97457e-07 -2.07488e-05 1 4.67058e-05 -8.17341e-05 1 0 0 1 5.06529e-05 7.14499e-06 1 0 0 1 0 0 1 -9.32714e-07 3.33953e-05 1 2.6249e-05 5.11728e-06 1 0 0 -1 0 0 -1 -9.34217e-06 0 -1 0 6.36554e-06 -1 0 0 -1 9.51637e-06 -2.66819e-05 -1 0 0 -1 9.82282e-06 -1.37397e-05 -1 -1 0 -0 -9.55767e-05 -6.47857e-05 -1 1.15371e-05 2.26955e-05 -1 -8.16834e-05 0.00017792 -1 2.27886e-05 -9.18997e-05 -1 0 0 -1 0 0 -1 0.000260928 -1.40527e-05 -1</float_array>
          <technique_common>
            <accessor source="#link2_02-mesh-normals-array" count="800" stride="3">
              <param name="X" type="float" />
              <param name="Y" type="float" />
              <param name="Z" type="float" />
            </accessor>
          </technique_common>
        </source>
        <vertices id="link2_02-mesh-vertices">
          <input semantic="POSITION" source="#link2_02-mesh-positions" />
        </vertices>
        <triangles material="link2_02_mat-material" count="800">
          <input semantic="VERTEX" source="#link2_02-mesh-vertices" offset="0" />
          <input semantic="NORMAL" source="#link2_02-mesh-normals" offset="1" />
          <p>29 0 12 0 28 0 12 1 16 1 8 1 16 2 12 2 15 2 14 3 15 3 12 3 31 4 12 4 32 4 30 5 12 5 31 5 12 6 22 6 21 6 13 7 22 7 12 7 12 8 21 8 14 8 8 9 20 9 9 9 2 10 3 10 4 10 5 11 34 11 6 11 29 12 6 12 35 12 35 13 6 13 33 13 28 14 6 14 29 14 6 15 40 15 36 15 40 16 6 16 39 16 38 17 39 17 6 17 6 18 37 18 5 18 6 19 42 19 38 19 4 20 42 20 6 20 4 21 43 21 2 21 3 22 42 22 4 22 41 23 42 23 3 23 46 24 48 24 0 24 48 25 46 25 47 25 1 26 4 26 0 26 4 27 45 27 43 27 44 28 4 28 1 28 46 29 53 29 49 29 53 30 46 30 52 30 49 31 50 31 46 31 60 32 64 32 8 32 62 33 63 33 54 33 60 34 61 34 58 34 61 35 57 35 58 35 55 36 56 36 54 36 52 37 54 37 51 37 54 38 72 38 67 38 71 39 72 39 54 39 63 40 71 40 54 40 54 41 70 41 62 41 70 42 54 42 69 42 8 43 69 43 54 43 69 44 8 44 68 44 66 45 68 45 8 45 54 46 67 46 55 46 8 47 65 47 66 47 65 48 8 48 64 48 61 49 8 49 75 49 75 50 8 50 74 50 73 51 74 51 8 51 73 52 8 52 76 52 46 53 54 53 52 53 77 54 54 54 46 54 76 55 8 55 11 55 0 56 4 56 46 56 46 57 4 57 77 57 88 58 89 58 12 58 78 59 6 59 87 59 87 60 6 60 86 60 85 61 86 61 6 61 6 62 84 62 85 62 84 63 6 63 28 63 4 64 82 64 83 64 82 65 4 65 81 65 6 66 81 66 4 66 81 67 6 67 80 67 79 68 80 68 6 68 6 69 78 69 79 69 8 70 97 70 90 70 97 71 8 71 96 71 96 72 8 72 95 72 94 73 95 73 8 73 94 74 8 74 93 74 12 75 92 75 88 75 92 76 12 76 91 76 8 77 91 77 12 77 90 78 91 78 8 78 12 79 89 79 28 79 4 80 105 80 77 80 105 81 4 81 104 81 103 82 104 82 4 82 103 83 4 83 102 83 83 84 102 84 4 84 54 85 101 85 100 85 101 86 54 86 98 86 77 87 98 87 54 87 99 88 54 88 100 88 54 89 99 89 8 89 93 90 8 90 99 90 13 91 12 91 25 91 24 92 25 92 12 92 12 93 23 93 24 93 10 94 11 94 8 94 8 95 9 95 10 95 20 96 8 96 19 96 18 97 19 97 8 97 8 98 17 98 18 98 17 99 8 99 16 99 33 100 6 100 34 100 32 101 12 101 29 101 26 102 12 102 30 102 14 103 217 103 15 103 20 104 211 104 9 104 211 105 20 105 212 105 19 106 212 106 20 106 212 107 19 107 213 107 18 108 213 108 19 108 213 109 18 109 214 109 17 110 214 110 18 110 214 111 17 111 215 111 16 112 215 112 17 112 215 113 16 113 216 113 15 114 216 114 16 114 216 115 15 115 217 115 210 116 9 116 211 116 217 117 14 117 218 117 21 118 218 118 14 118 219 119 71 119 200 119 71 120 219 120 72 120 110 121 72 121 219 121 72 122 110 122 67 122 64 123 208 123 65 123 62 124 202 124 63 124 202 125 62 125 203 125 70 126 203 126 62 126 203 127 70 127 204 127 69 128 204 128 70 128 204 129 69 129 205 129 68 130 205 130 69 130 205 131 68 131 206 131 66 132 206 132 68 132 206 133 66 133 207 133 65 134 207 134 66 134 207 135 65 135 208 135 208 136 64 136 394 136 60 137 394 137 64 137 394 138 60 138 209 138 58 139 209 139 60 139 209 140 58 140 199 140 195 141 399 141 395 141 386 142 395 142 399 142 395 143 386 143 388 143 10 144 388 144 386 144 388 145 10 145 210 145 9 146 210 146 10 146 150 147 149 147 224 147 150 148 224 148 389 148 389 149 224 149 226 149 225 150 226 150 224 150 193 151 226 151 225 151 226 152 193 152 227 152 228 153 230 153 242 153 241 154 242 154 230 154 232 155 243 155 230 155 244 156 230 156 243 156 230 157 244 157 235 157 245 158 235 158 244 158 235 159 245 159 233 159 151 160 192 160 152 160 220 161 198 161 197 161 198 162 220 162 221 162 222 163 221 163 220 163 221 164 222 164 151 164 192 165 151 165 222 165 201 166 63 166 202 166 13 167 147 167 22 167 223 168 22 168 147 168 22 169 223 169 21 169 218 170 21 170 223 170 154 171 221 171 151 171 262 172 263 172 264 172 265 173 264 173 263 173 264 174 265 174 266 174 267 175 266 175 265 175 266 176 267 176 268 176 153 177 154 177 151 177 154 178 156 178 155 178 155 179 156 179 157 179 156 180 158 180 157 180 159 181 157 181 158 181 157 182 159 182 160 182 161 183 160 183 159 183 257 184 256 184 255 184 260 185 259 185 391 185 160 186 161 186 162 186 258 187 260 187 261 187 261 188 260 188 387 188 148 189 149 189 150 189 152 190 153 190 151 190 190 191 153 191 191 191 185 192 184 192 183 192 184 193 185 193 186 193 187 194 186 194 185 194 186 195 187 195 226 195 187 196 389 196 226 196 188 197 150 197 187 197 150 198 188 198 148 198 189 199 148 199 188 199 148 200 189 200 190 200 153 201 190 201 189 201 182 202 183 202 184 202 152 203 191 203 153 203 191 204 152 204 192 204 193 205 194 205 7 205 195 206 7 206 390 206 227 207 7 207 195 207 7 208 227 208 193 208 196 209 197 209 59 209 198 210 59 210 197 210 198 211 57 211 59 211 199 212 58 212 198 212 200 213 71 213 201 213 63 214 201 214 71 214 174 215 173 215 172 215 163 216 162 216 161 216 162 217 163 217 164 217 165 218 164 218 163 218 164 219 165 219 166 219 167 220 166 220 165 220 166 221 167 221 168 221 169 222 170 222 167 222 168 223 167 223 170 223 171 224 172 224 173 224 175 225 174 225 172 225 174 226 175 226 176 226 177 227 176 227 175 227 176 228 177 228 178 228 179 229 178 229 177 229 178 230 179 230 180 230 181 231 180 231 179 231 180 232 181 232 182 232 183 233 182 233 181 233 288 234 27 234 230 234 27 235 288 235 289 235 170 236 169 236 293 236 294 237 293 237 169 237 293 238 294 238 295 238 296 239 295 239 294 239 295 240 296 240 297 240 298 241 297 241 296 241 391 242 258 242 299 242 300 243 299 243 258 243 299 244 300 244 301 244 302 245 301 245 300 245 301 246 302 246 290 246 289 247 288 247 262 247 263 248 262 248 288 248 282 249 283 249 280 249 283 250 282 250 246 250 247 251 246 251 282 251 272 252 273 252 285 252 284 253 285 253 273 253 291 254 290 254 302 254 290 255 291 255 292 255 292 256 291 256 173 256 171 257 173 257 291 257 287 258 286 258 275 258 41 259 127 259 42 259 108 260 55 260 109 260 123 261 43 261 122 261 124 262 43 262 123 262 43 263 124 263 2 263 2 264 124 264 3 264 125 265 3 265 124 265 126 266 3 266 125 266 3 267 126 267 41 267 127 268 41 268 126 268 76 269 309 269 73 269 128 270 42 270 127 270 42 271 128 271 38 271 107 272 56 272 108 272 56 273 107 273 54 273 106 274 54 274 107 274 129 275 38 275 128 275 116 276 46 276 115 276 196 277 59 277 310 277 303 278 297 278 298 278 297 279 303 279 304 279 305 280 61 280 306 280 75 281 306 281 61 281 306 282 75 282 307 282 74 283 307 283 75 283 57 284 310 284 59 284 310 285 57 285 311 285 61 286 311 286 57 286 311 287 61 287 305 287 307 288 74 288 308 288 73 289 308 289 74 289 308 290 73 290 309 290 269 291 268 291 267 291 268 292 269 292 270 292 271 293 270 293 269 293 270 294 271 294 272 294 273 295 272 295 271 295 303 296 274 296 304 296 274 297 276 297 277 297 304 298 277 298 286 298 275 299 277 299 276 299 231 300 230 300 229 300 258 301 259 301 260 301 228 302 229 302 230 302 230 303 231 303 232 303 233 304 234 304 235 304 236 305 235 305 234 305 235 306 236 306 237 306 355 307 238 307 239 307 235 308 239 308 238 308 239 309 235 309 240 309 237 310 240 310 235 310 230 311 27 311 241 311 286 312 287 312 284 312 276 313 274 313 303 313 285 314 284 314 287 314 278 315 392 315 257 315 392 316 278 316 279 316 235 317 279 317 278 317 279 318 235 318 238 318 286 319 277 319 275 319 256 320 257 320 392 320 254 321 255 321 256 321 261 322 387 322 281 322 280 323 281 323 387 323 281 324 280 324 283 324 29 325 139 325 32 325 139 326 29 326 138 326 35 327 138 327 29 327 138 328 35 328 137 328 33 329 137 329 35 329 137 330 33 330 136 330 34 331 136 331 33 331 136 332 34 332 135 332 140 333 32 333 139 333 5 334 135 334 34 334 135 335 5 335 134 335 37 336 134 336 5 336 134 337 37 337 133 337 6 338 133 338 37 338 133 339 6 339 132 339 36 340 132 340 6 340 147 341 13 341 146 341 25 342 146 342 13 342 24 343 146 343 25 343 146 344 24 344 145 344 23 345 145 345 24 345 145 346 23 346 144 346 12 347 144 347 23 347 144 348 12 348 143 348 132 349 36 349 131 349 143 350 12 350 142 350 26 351 142 351 12 351 142 352 26 352 141 352 30 353 141 353 26 353 31 354 141 354 30 354 141 355 31 355 140 355 32 356 140 356 31 356 53 357 113 357 49 357 109 358 67 358 110 358 67 359 109 359 55 359 115 360 46 360 114 360 50 361 114 361 46 361 49 362 114 362 50 362 114 363 49 363 113 363 309 364 76 364 11 364 113 365 53 365 112 365 52 366 112 366 53 366 112 367 52 367 111 367 111 368 52 368 106 368 51 369 106 369 52 369 106 370 51 370 54 370 7 371 385 371 390 371 40 372 131 372 36 372 131 373 40 373 130 373 39 374 130 374 40 374 130 375 39 375 129 375 38 376 129 376 39 376 55 377 108 377 56 377 385 378 7 378 194 378 390 379 385 379 11 379 309 380 11 380 385 380 391 381 259 381 258 381 4 382 122 382 45 382 122 383 4 383 121 383 44 384 121 384 4 384 121 385 44 385 120 385 1 386 120 386 44 386 120 387 1 387 119 387 45 388 122 388 43 388 119 389 1 389 118 389 0 390 118 390 1 390 118 391 0 391 117 391 48 392 117 392 0 392 47 393 117 393 48 393 117 394 47 394 116 394 46 395 116 395 47 395 387 396 260 396 391 396 255 397 254 397 253 397 253 398 252 398 251 398 250 399 251 399 252 399 251 400 250 400 249 400 248 401 249 401 250 401 249 402 248 402 247 402 246 403 247 403 248 403 252 404 253 404 254 404 326 405 100 405 325 405 101 406 325 406 100 406 325 407 101 407 324 407 98 408 324 408 101 408 324 409 98 409 323 409 77 410 323 410 98 410 323 411 77 411 322 411 105 412 322 412 77 412 322 413 105 413 321 413 104 414 321 414 105 414 321 415 104 415 320 415 103 416 320 416 104 416 102 417 320 417 103 417 333 418 90 418 332 418 97 419 332 419 90 419 332 420 97 420 331 420 96 421 331 421 97 421 331 422 96 422 330 422 95 423 330 423 96 423 330 424 95 424 329 424 94 425 329 425 95 425 329 426 94 426 328 426 93 427 328 427 94 427 328 428 93 428 327 428 99 429 327 429 93 429 326 430 327 430 99 430 100 431 326 431 99 431 339 432 84 432 338 432 28 433 338 433 84 433 338 434 28 434 337 434 89 435 337 435 28 435 337 436 89 436 336 436 88 437 336 437 89 437 336 438 88 438 335 438 92 439 335 439 88 439 91 440 335 440 92 440 335 441 91 441 334 441 334 442 91 442 333 442 90 443 333 443 91 443 312 444 87 444 341 444 86 445 341 445 87 445 341 446 86 446 340 446 85 447 340 447 86 447 340 448 85 448 339 448 84 449 339 449 85 449 87 450 312 450 78 450 320 451 102 451 319 451 319 452 102 452 318 452 83 453 318 453 102 453 318 454 83 454 317 454 82 455 317 455 83 455 317 456 82 456 316 456 81 457 316 457 82 457 316 458 81 458 315 458 80 459 315 459 81 459 315 460 80 460 314 460 79 461 314 461 80 461 314 462 79 462 313 462 78 463 313 463 79 463 313 464 78 464 312 464 153 465 189 465 154 465 187 466 189 466 188 466 343 467 189 467 187 467 276 468 350 468 241 468 350 469 276 469 347 469 342 470 347 470 276 470 342 471 349 471 344 471 348 472 393 472 349 472 397 473 348 473 351 473 344 474 349 474 352 474 352 475 349 475 398 475 248 476 250 476 353 476 248 477 353 477 246 477 354 478 348 478 353 478 258 479 353 479 348 479 353 480 258 480 246 480 250 481 252 481 353 481 254 482 353 482 252 482 353 483 254 483 355 483 256 484 355 484 254 484 256 485 238 485 355 485 185 486 343 486 187 486 163 487 189 487 343 487 343 488 179 488 177 488 185 489 183 489 343 489 181 490 343 490 183 490 343 491 181 491 179 491 177 492 175 492 343 492 324 493 342 493 276 493 167 494 163 494 276 494 276 495 163 495 324 495 291 496 343 496 171 496 291 497 302 497 343 497 258 498 302 498 300 498 171 499 343 499 172 499 339 500 343 500 258 500 175 501 172 501 343 501 327 502 326 502 163 502 325 503 163 503 326 503 163 504 325 504 324 504 258 505 348 505 339 505 318 506 317 506 342 506 316 507 342 507 317 507 342 508 316 508 348 508 315 509 348 509 316 509 348 510 315 510 314 510 322 511 342 511 323 511 324 512 323 512 342 512 322 513 321 513 342 513 320 514 342 514 321 514 342 515 320 515 319 515 329 516 328 516 163 516 327 517 163 517 328 517 335 518 343 518 336 518 339 519 338 519 343 519 337 520 343 520 338 520 343 521 337 521 336 521 348 522 340 522 339 522 340 523 348 523 341 523 319 524 318 524 342 524 314 525 313 525 348 525 312 526 348 526 313 526 348 527 312 527 341 527 333 528 343 528 334 528 335 529 334 529 343 529 333 530 332 530 343 530 331 531 343 531 332 531 343 532 331 532 163 532 330 533 163 533 331 533 163 534 330 534 329 534 344 535 345 535 342 535 348 536 349 536 342 536 268 537 270 537 276 537 272 538 276 538 270 538 272 539 287 539 275 539 393 540 396 540 398 540 296 541 276 541 298 541 276 542 296 542 294 542 294 543 169 543 276 543 276 544 169 544 167 544 266 545 268 545 276 545 266 546 276 546 264 546 241 547 264 547 276 547 264 548 241 548 262 548 262 549 27 549 289 549 163 550 154 550 189 550 154 551 163 551 156 551 158 552 156 552 163 552 159 553 163 553 161 553 163 554 159 554 158 554 167 555 165 555 163 555 271 556 121 556 273 556 212 557 395 557 211 557 114 558 304 558 115 558 115 559 304 559 116 559 286 560 116 560 304 560 116 561 286 561 117 561 118 562 117 562 286 562 387 563 136 563 135 563 136 564 387 564 137 564 391 565 137 565 387 565 391 566 138 566 137 566 120 567 273 567 121 567 213 568 195 568 212 568 121 569 271 569 122 569 269 570 122 570 271 570 290 571 139 571 301 571 297 572 114 572 295 572 293 573 295 573 114 573 140 574 139 574 290 574 200 575 198 575 219 575 155 576 219 576 198 576 108 577 162 577 107 577 304 578 114 578 297 578 113 579 170 579 293 579 112 580 170 580 113 580 170 581 112 581 168 581 111 582 168 582 112 582 168 583 111 583 166 583 106 584 166 584 111 584 166 585 106 585 164 585 107 586 164 586 106 586 164 587 107 587 162 587 126 588 255 588 127 588 162 589 108 589 160 589 109 590 160 590 108 590 160 591 109 591 157 591 110 592 157 592 109 592 157 593 110 593 155 593 133 594 387 594 134 594 135 595 134 595 387 595 195 596 216 596 217 596 214 597 215 597 195 597 195 598 213 598 214 598 129 599 253 599 130 599 255 600 126 600 125 600 218 601 195 601 217 601 195 602 218 602 227 602 251 603 130 603 253 603 123 604 255 604 124 604 125 605 124 605 255 605 198 606 221 606 155 606 255 607 265 607 263 607 265 608 255 608 267 608 267 609 123 609 122 609 269 610 267 610 122 610 257 611 255 611 263 611 199 612 198 612 200 612 253 613 127 613 255 613 127 614 253 614 128 614 129 615 128 615 253 615 227 616 186 616 226 616 216 617 195 617 215 617 131 618 249 618 132 618 110 619 219 619 155 619 286 620 119 620 118 620 114 621 113 621 293 621 249 622 131 622 251 622 130 623 251 623 131 623 223 624 147 624 186 624 119 625 286 625 120 625 273 626 286 626 284 626 206 627 209 627 199 627 138 628 391 628 139 628 202 629 199 629 201 629 301 630 391 630 299 630 132 631 249 631 133 631 247 632 133 632 249 632 133 633 247 633 282 633 282 634 280 634 133 634 280 635 387 635 133 635 200 636 201 636 199 636 199 637 202 637 203 637 203 638 204 638 199 638 205 639 199 639 204 639 199 640 205 640 206 640 290 641 292 641 140 641 173 642 140 642 292 642 140 643 173 643 141 643 141 644 173 644 142 644 142 645 174 645 143 645 186 646 147 646 184 646 184 647 147 647 182 647 174 648 142 648 173 648 146 649 182 649 147 649 182 650 146 650 180 650 145 651 180 651 146 651 180 652 145 652 178 652 144 653 178 653 145 653 178 654 144 654 176 654 143 655 176 655 144 655 176 656 143 656 174 656 240 657 360 657 239 657 360 658 240 658 361 658 237 659 361 659 240 659 361 660 237 660 362 660 236 661 362 661 237 661 362 662 236 662 363 662 234 663 363 663 236 663 363 664 234 664 364 664 233 665 364 665 234 665 364 666 233 666 357 666 245 667 357 667 233 667 358 668 244 668 365 668 243 669 365 669 244 669 365 670 243 670 366 670 232 671 366 671 243 671 366 672 232 672 367 672 231 673 367 673 232 673 367 674 231 674 368 674 229 675 368 675 231 675 368 676 229 676 369 676 228 677 369 677 229 677 369 678 228 678 359 678 242 679 359 679 228 679 350 680 359 680 241 680 356 681 353 681 239 681 355 682 239 682 353 682 356 683 239 683 360 683 358 684 357 684 244 684 245 685 244 685 357 685 242 686 241 686 359 686 350 687 347 687 359 687 360 688 354 688 356 688 359 689 347 689 369 689 356 690 354 690 353 690 347 691 368 691 369 691 368 692 347 692 367 692 366 693 367 693 347 693 357 694 354 694 364 694 364 695 354 695 363 695 378 696 370 696 371 696 354 697 371 697 370 697 347 698 365 698 366 698 365 699 347 699 358 699 358 700 354 700 357 700 354 701 360 701 361 701 363 702 354 702 362 702 361 703 362 703 354 703 347 704 372 704 354 704 371 705 354 705 372 705 382 706 396 706 381 706 373 707 352 707 382 707 398 708 382 708 352 708 372 709 347 709 383 709 376 710 352 710 373 710 344 711 377 711 345 711 397 712 375 712 393 712 375 713 397 713 380 713 351 714 380 714 397 714 380 715 351 715 374 715 383 716 345 716 377 716 345 717 383 717 346 717 374 718 351 718 370 718 346 719 383 719 347 719 354 720 370 720 351 720 382 721 398 721 396 721 393 722 381 722 396 722 377 723 344 723 376 723 352 724 376 724 344 724 381 725 393 725 375 725 378 726 371 726 379 726 384 727 379 727 371 727 370 728 378 728 374 728 379 729 374 729 378 729 374 730 379 730 380 730 375 731 380 731 379 731 381 732 375 732 379 732 382 733 381 733 379 733 382 734 379 734 373 734 384 735 373 735 379 735 373 736 384 736 376 736 377 737 376 737 384 737 383 738 377 738 384 738 371 739 372 739 384 739 383 740 384 740 372 740 190 741 307 741 148 741 191 742 306 742 190 742 307 743 190 743 306 743 192 744 305 744 191 744 196 745 305 745 197 745 306 746 191 746 305 746 309 747 149 747 308 747 194 748 224 748 309 748 148 749 308 749 149 749 308 750 148 750 307 750 193 751 225 751 224 751 261 752 281 752 283 752 196 753 310 753 311 753 394 754 207 754 208 754 256 755 392 755 279 755 193 756 224 756 194 756 220 757 192 757 222 757 257 758 235 758 278 758 211 759 388 759 210 759 223 760 227 760 218 760 390 761 11 761 399 761 287 762 272 762 285 762 230 763 263 763 288 763 60 764 8 764 61 764 10 765 386 765 11 765 11 766 386 766 399 766 154 767 155 767 221 767 187 768 150 768 389 768 390 769 399 769 195 769 198 770 58 770 57 770 274 771 277 771 304 771 346 772 347 772 342 772 342 773 345 773 346 773 348 774 397 774 393 774 348 775 354 775 351 775 258 776 261 776 246 776 261 777 283 777 246 777 256 778 279 778 238 778 258 779 343 779 302 779 275 780 276 780 272 780 349 781 393 781 398 781 298 782 276 782 303 782 241 783 27 783 262 783 212 784 195 784 395 784 230 785 235 785 257 785 257 786 263 786 230 786 227 787 223 787 186 787 267 788 255 788 123 788 273 789 120 789 286 789 206 790 207 790 209 790 301 791 139 791 391 791 347 792 354 792 358 792 196 793 311 793 305 793 305 794 192 794 197 794 192 795 220 795 197 795 224 796 149 796 309 796 394 797 209 797 207 797 211 798 395 798 388 798 309 799 385 799 194 799</p>
        </triangles>
      </mesh>
    </geometry>
    <geometry id="link2_01-mesh" name="link2_01">
      <mesh>
        <source id="link2_01-mesh-positions">
          <float_array id="link2_01-mesh-positions-array" count="2061">-0.03009998 0.0102514 -0.05899989 -0.03509998 0.01024997 -0.05899995 -0.03009998 0.01499998 -0.05899995 -0.03509998 0.01499998 -0.05899995 -0.03509998 -0.01024997 -0.05899995 -0.03009998 -0.01024997 -0.05899995 -0.03509998 -0.01499998 -0.05899995 -0.03009998 -0.01499998 -0.05899995 -0.03009998 -0.00874859 -0.05899989 -0.03509998 -0.008749961 -0.05899995 -0.03009998 0 -0.05899995 -0.03509998 0 -0.05899995 -0.03009998 0.008749961 -0.05899995 -0.03509998 0.008749961 -0.05899995 -0.03509998 -0.01749998 -0.05649995 -0.03009998 -0.01749998 -0.05649995 -0.03509998 -0.01749998 -0.05049997 -0.03009998 -0.01749998 -0.05049997 -0.03009998 0.01749998 -0.05649995 -0.03509998 0.01749998 -0.05649995 -0.03009998 0.01749998 -0.05307495 -0.03509998 0.01749998 -0.05307495 -0.03509998 0.009994864 -0.05721604 -0.03009998 0.009994745 -0.05721616 -0.03509998 0.01065099 -0.05693399 -0.03009998 0.01065099 -0.05693399 -0.03509998 0.01110994 -0.05657196 -0.03009998 0.01110994 -0.05657196 -0.03509998 0.01145994 -0.056104 -0.03009998 0.01145994 -0.056104 -0.03509998 0.01170396 -0.05556297 -0.03009998 0.01170396 -0.05556195 -0.03509998 0.01172798 -0.05515897 -0.03009998 0.01172798 -0.05515897 -0.03509998 0.01174998 -0.05498194 -0.03009998 0.01174998 -0.05498194 -0.03509998 0.01172798 -0.05482596 -0.03009998 0.01172798 -0.05482596 -0.03009998 0.01169896 -0.05440098 -0.03509998 0.01144295 -0.05386495 -0.03009998 0.01144295 -0.05386495 -0.03509998 0.01108497 -0.05340296 -0.03009998 0.01108497 -0.05340296 -0.03509998 0.01063698 -0.05306196 -0.03009998 0.01063698 -0.05306196 -0.03509998 0.01007997 -0.05282598 -0.03009998 0.01007997 -0.05282598 -0.03509998 0.009499967 -0.05274999 -0.03009998 0.009499967 -0.05274999 -0.03509998 0.008920967 -0.05282598 -0.03009998 0.008920967 -0.05282598 -0.03509998 0.008361995 -0.05306196 -0.03009998 0.008361995 -0.05306196 -0.03509998 0.00791496 -0.05340296 -0.03009998 0.00791496 -0.05340296 -0.03509998 0.007556974 -0.05386495 -0.03009998 0.007556974 -0.05386495 -0.03509998 0.007330954 -0.05440294 -0.03009998 0.007330954 -0.05440294 -0.03509998 0.007249951 -0.05498194 -0.03009998 0.007249951 -0.05498194 -0.03509998 0.00732094 -0.05556195 -0.03009998 0.00732094 -0.05556195 -0.03509998 0.007539987 -0.056104 -0.03009998 0.007539987 -0.056104 -0.03509998 0.007889986 -0.05657196 -0.03009998 0.007889986 -0.05657196 -0.03509998 0.008349955 -0.05693399 -0.03009998 0.008349955 -0.05693399 -0.03509998 0.008885979 -0.05716496 -0.03009998 0.008885979 -0.05716496 -0.03509998 -0.008885979 -0.05716496 -0.03009998 -0.008885979 -0.05716496 -0.03509998 -0.008349955 -0.05693399 -0.03009998 -0.008349955 -0.05693399 -0.03509998 -0.007889986 -0.05657196 -0.03009998 -0.007889986 -0.05657196 -0.03509998 -0.007539987 -0.056104 -0.03009998 -0.007539987 -0.056104 -0.03509998 -0.007321 -0.05556195 -0.03009998 -0.007321 -0.05556195 -0.03509998 -0.007249951 -0.05498194 -0.03009998 -0.007249951 -0.05498194 -0.03509998 -0.007330954 -0.05440294 -0.03009998 -0.007330954 -0.05440294 -0.03509998 -0.007556974 -0.05386495 -0.03009998 -0.007556974 -0.05386495 -0.03509998 -0.00791496 -0.05340296 -0.03009998 -0.00791496 -0.05340296 -0.03509998 -0.008361995 -0.05306196 -0.03009998 -0.008361995 -0.05306196 -0.03509998 -0.008919954 -0.05282598 -0.03009998 -0.008919954 -0.05282598 -0.03509998 -0.009499967 -0.05274999 -0.03009998 -0.009499967 -0.05274999 -0.03509998 -0.01007896 -0.05282598 -0.03009998 -0.01007896 -0.05282598 -0.03509998 -0.01061195 -0.05304795 -0.03009998 -0.01061195 -0.05304795 -0.03509998 -0.01108497 -0.05340296 -0.03009998 -0.01108497 -0.05340296 -0.03509998 -0.01144295 -0.05386495 -0.03009998 -0.01144295 -0.05386495 -0.03509998 -0.011698 -0.05440098 -0.03009998 -0.011698 -0.05440396 -0.03509998 -0.01172798 -0.05482596 -0.03009998 -0.01172798 -0.05482596 -0.03509998 -0.01174998 -0.05498194 -0.03009998 -0.01174998 -0.05498194 -0.03509998 -0.01172798 -0.05515897 -0.03009998 -0.01172798 -0.05515897 -0.03509998 -0.01170396 -0.05556195 -0.03009998 -0.01170396 -0.05556297 -0.03509998 -0.01146 -0.056104 -0.03009998 -0.01146 -0.056104 -0.03509998 -0.01111 -0.05657196 -0.03009998 -0.01111 -0.05657196 -0.03509998 -0.01060199 -0.05695497 -0.03009998 -0.01064962 -0.05693423 -0.03509998 -0.009994745 -0.05721616 -0.03009998 -0.009994804 -0.0572161 -0.03009998 -0.01849997 -0.04949998 -0.03009998 -0.01899999 -0.04949998 -0.03509998 -0.01849997 -0.04949998 -0.03509998 -0.01899999 -0.04949998 -0.03009998 -0.01949995 -0.01633197 -0.03009998 -0.01949995 -0.04899996 -0.03509998 -0.01949995 -0.04899996 -0.03009998 -0.01990699 -0.01512295 -0.03009998 -0.02161777 -0.01255679 -0.03509998 -0.01990699 -0.01512295 -0.03509998 -0.02161747 -0.0125572 -0.03509998 -0.02299845 -0.009801685 -0.03009998 -0.02299827 -0.009802162 -0.03009998 -0.02402895 -0.006898939 -0.03509998 -0.02402895 -0.006898939 -0.03009998 -0.02469599 -0.003889977 -0.03509998 -0.02469599 -0.003889977 -0.03009998 -0.02498614 -0.000818929 -0.03509998 -0.02498608 -0.000819676 -0.03509998 -0.02489799 0.002258956 -0.03009998 -0.02489799 0.002258956 -0.03009998 -0.02442997 0.005305945 -0.03509998 -0.02442997 0.005305945 -0.03009998 -0.02359199 0.008271992 -0.03509998 -0.02359199 0.008271992 -0.03509998 -0.0223937 0.01111412 -0.03009998 -0.02239423 0.01111328 -0.03009998 -0.02085697 0.01378297 -0.03509998 -0.02085697 0.01378297 -0.03009998 -0.01900297 0.01624399 -0.03509998 -0.01900297 0.01624399 -0.03009998 -0.01685994 0.01845896 -0.03509998 -0.01685994 0.01845896 -0.03009998 -0.01445996 0.02039396 -0.03509998 -0.01445996 0.02039396 -0.03009998 -0.01184386 0.02201616 -0.03509998 -0.01184201 0.0220173 -0.03509998 -0.009041965 0.02330797 -0.03009998 -0.009041965 0.02330797 -0.03509998 -0.006104826 0.02424299 -0.03009998 -0.006104886 0.02424299 -0.03009998 -0.003075957 0.02480995 -0.03509998 -0.003075957 0.02480995 -0.03009998 0 0.02499997 -0.03509998 0 0.02499997 -0.03009998 0.003075957 0.02480995 -0.03509998 0.003075957 0.02480995 -0.03009998 0.006104886 0.02424317 -0.03509998 0.006105303 0.02424311 -0.03509998 0.009041965 0.02330797 -0.03009998 0.009041965 0.02330797 -0.03509998 0.01184117 0.02201783 -0.03009998 0.01184111 0.02201789 -0.03009998 0.01446098 0.02039295 -0.03509998 0.01446098 0.02039295 -0.03509998 0.0168603 0.01845866 -0.03009998 0.01686018 0.01845878 -0.03009998 0.01900297 0.01624399 -0.03509998 0.01900297 0.01624399 -0.03009998 0.02085798 0.01378297 -0.03509998 0.02085798 0.01378297 -0.03009998 0.0223937 0.01111412 -0.03509998 0.02239418 0.01111328 -0.03509998 0.02359199 0.008271992 -0.03009998 0.02359199 0.008271992 -0.03009998 0.02443099 0.005305945 -0.03509998 0.02443099 0.005305945 -0.03009998 0.02489799 0.002258956 -0.03509998 0.02489799 0.002258956 -0.03509998 0.02498686 -0.000822188 -0.03009998 0.02498692 -0.000821726 -0.03009998 0.02469599 -0.003889977 -0.03509998 0.02469599 -0.003889977 -0.03009998 0.02402895 -0.006898999 -0.03509998 0.02402895 -0.006898999 -0.03009998 0.02299845 -0.009801685 -0.03509998 0.02299827 -0.009802162 -0.03509998 0.02161777 -0.01255679 -0.03009998 0.02161747 -0.0125572 -0.03009998 0.01990699 -0.01512295 -0.03509998 0.01990699 -0.01512295 -0.03509998 0.01949995 -0.01633298 -0.03009998 0.01949995 -0.01633298 -0.03509998 0.01949995 -0.04899996 -0.03009998 0.01949995 -0.04899996 -0.03509998 0.01849997 -0.04949998 -0.03509998 0.01899999 -0.04949998 -0.03009998 0.01849997 -0.04949998 -0.03009998 0.01899999 -0.04949998 -0.03009998 0.01931899 -0.049317 -0.03009998 0.01923632 -0.04941338 -0.03509998 0.01923084 -0.04940968 -0.03509998 -0.01912897 -0.049483 -0.03509998 -0.01924997 -0.04943299 -0.03509998 -0.01935398 -0.04935395 -0.03509998 -0.01943296 -0.04924994 -0.03509998 -0.01948297 -0.04912894 -0.03009998 0.01753395 -0.05024099 -0.03509998 0.01753395 -0.05024099 -0.03009998 0.01763397 -0.04999995 -0.03509998 0.01763397 -0.04999995 -0.03009998 0.01779299 -0.049793 -0.03509998 0.01779299 -0.049793 -0.03009998 0.01799994 -0.04963397 -0.03509998 0.01799994 -0.04963397 -0.03009998 0.01824098 -0.04953396 -0.03509998 0.01824098 -0.04953396 -0.03009998 -0.01824098 -0.04953396 -0.03509998 -0.01824098 -0.04953396 -0.03009998 -0.018 -0.04963397 -0.03509998 -0.018 -0.04963397 -0.03009998 -0.01779299 -0.049793 -0.03509998 -0.01779299 -0.049793 -0.03009998 -0.01763397 -0.04999995 -0.03509998 -0.01763397 -0.04999995 -0.03009998 -0.01753395 -0.05024099 -0.03509998 -0.01753395 -0.05024099 -0.03509998 -0.01954698 -0.01590299 -0.03009998 -0.01954698 -0.01590299 -0.03509998 -0.01968497 -0.01549297 -0.03009998 -0.01968497 -0.01549297 -0.03509998 0.01968497 -0.01549297 -0.03009998 0.01968497 -0.01549297 -0.03509998 0.01954698 -0.01590299 -0.03009998 0.01954698 -0.01590299 -0.03009998 0.01741498 -0.05714696 -0.03509998 0.01741498 -0.05714696 -0.03009998 0.01716494 -0.05774998 -0.03509998 0.01716494 -0.05774998 -0.03009998 0.01676797 -0.05826795 -0.03509998 0.01676797 -0.05826795 -0.03509998 0.01612627 -0.05871552 -0.03009998 0.01612472 -0.05871617 -0.03509998 0.01564699 -0.05891495 -0.03009998 0.01564699 -0.05891495 -0.03009998 -0.01564699 -0.05891495 -0.03509998 -0.01564699 -0.05891495 -0.03009998 -0.01624995 -0.05866497 -0.03509998 -0.01624995 -0.05866497 -0.03009998 -0.01676797 -0.05826795 -0.03509998 -0.01676797 -0.05826795 -0.03009998 -0.017165 -0.05774998 -0.03509998 -0.017165 -0.05774998 -0.03009998 -0.01741498 -0.05714696 -0.03509998 -0.01741498 -0.05714696 -0.03509998 0.009240984 -0.05856394 -0.03509998 0.009249985 -0.05764597 -0.03009998 0.009249985 -0.05849999 -0.03009998 0.009249985 -0.05764597 -0.03009998 0.009749948 -0.05849999 -0.03009998 0.009749948 -0.05764597 -0.03509998 0.009749948 -0.05849999 -0.03509998 0.009749948 -0.05764597 -0.03509998 -0.009749948 -0.05849999 -0.03509998 -0.009818971 -0.05760794 -0.03009998 -0.009749948 -0.05849999 -0.03009998 -0.009249985 -0.05849999 -0.03009998 -0.009249985 -0.05764597 -0.03509998 -0.009249985 -0.05849999 -0.03509998 -0.009249985 -0.05764597 -0.03509998 0.009803771 -0.05860716 -0.03009998 0.009819984 -0.058667 -0.03509998 0.009929955 -0.05881595 -0.03509998 0.01001328 -0.05891311 -0.03009998 0.009069979 -0.05881595 -0.03009998 0.009155273 -0.05867862 -0.03009998 -0.009203016 -0.05753111 -0.03509998 -0.009208977 -0.05753898 -0.03009998 -0.009081959 -0.05731797 -0.03509998 -0.008996963 -0.05722999 -0.03009998 -0.009933888 -0.05881881 -0.03009998 -0.009804964 -0.05860996 -0.03009998 -0.009893 -0.05729496 -0.03509998 -0.009893 -0.05729496 -0.03009998 -0.00981599 -0.05739796 -0.03509998 -0.009790956 -0.05745798 -0.03009998 -0.009766995 -0.057518 -0.03509998 -0.009196937 -0.0586059 -0.03509998 -0.009069979 -0.05881595 -0.03009998 -0.009069979 -0.05879497 -0.03509998 -0.008986592 -0.05891317 -0.03509998 0.009081959 -0.05731797 -0.03509998 0.009196102 -0.0575152 -0.03009998 0.009766995 -0.057518 -0.03509998 0.009766995 -0.057518 -0.03009998 0.00981599 -0.05739796 -0.03509998 0.00981599 -0.05739796 -0.03009998 0.00989294 -0.05729496 -0.03509998 0.00989294 -0.05729496 -0.03509998 0.00999999 -0 -0.03009998 0.00999999 -0 -0.03509998 0.009807944 0.001950979 -0.03009998 0.009807944 0.001950979 -0.03509998 0.009238958 0.003826975 -0.03009998 0.009238958 0.003826975 -0.03509998 0.008314967 0.005555987 -0.03009998 0.008314967 0.005555987 -0.03509998 0.007071554 0.007070243 -0.03009998 0.007071912 0.007069826 -0.03509998 0.005555987 0.008314967 -0.03009998 0.005555987 0.008314967 -0.03509998 0.003826975 0.009238958 -0.03009998 0.003826975 0.009238958 -0.03509998 0.001950979 0.009807944 -0.03009998 0.001950979 0.009807944 -0.03509998 0 0.00999999 -0.03009998 0 0.00999999 -0.03509998 -0.001950979 0.009807944 -0.03009998 -0.001950979 0.009807944 -0.03509998 -0.003826975 0.009238958 -0.03009998 -0.003826975 0.009238958 -0.03509998 -0.005555987 0.008314967 -0.03009998 -0.005555987 0.008314967 -0.03509998 -0.007071912 0.007069826 -0.03009998 -0.007071554 0.007070243 -0.03509998 -0.008314967 0.005555987 -0.03009998 -0.008314967 0.005555987 -0.03509998 -0.009238958 0.003826975 -0.03009998 -0.009238958 0.003826975 -0.03509998 -0.009807944 0.001950979 -0.03009998 -0.009807944 0.001950979 -0.03009998 -0.00999999 -0 -0.03509998 -0.009807944 -0.001950979 -0.03009998 -0.009807944 -0.001950979 -0.03509998 -0.009238958 -0.003826975 -0.03009998 -0.009238958 -0.003826975 -0.03509998 -0.008314967 -0.005555987 -0.03009998 -0.008314967 -0.005555987 -0.03509998 -0.007071554 -0.007070243 -0.03009998 -0.007071912 -0.007069826 -0.03509998 -0.005555987 -0.008314967 -0.03009998 -0.005555987 -0.008314967 -0.03509998 -0.003826975 -0.009238958 -0.03009998 -0.003826975 -0.009238958 -0.03509998 -0.001950979 -0.009807944 -0.03009998 -0.001950979 -0.009807944 -0.03509998 0 -0.00999999 -0.03009998 0 -0.00999999 -0.03509998 0.001950979 -0.009807944 -0.03009998 0.001950979 -0.009807944 -0.03509998 0.003826975 -0.009238958 -0.03009998 0.003826975 -0.009238958 -0.03509998 0.005555987 -0.008314967 -0.03009998 0.005555987 -0.008314967 -0.03509998 0.007071912 -0.007069826 -0.03009998 0.007071554 -0.007070243 -0.03509998 0.008314967 -0.005555987 -0.03009998 0.008314967 -0.005555987 -0.03509998 0.009238958 -0.003826975 -0.03009998 0.009238958 -0.003826975 -0.03509998 0.009807944 -0.001950979 -0.03009998 0.009807944 -0.001950979 -0.03509998 0.01169896 -0.05440098 -0.03509998 0.01008331 -0.02476876 -0.03509998 -0.009335577 -0.01034599 -0.03509998 -0.00999999 -0 -0.03509998 -0.01949995 -0.01633197 -0.03509998 0 -0.05307495 -0.03509998 0.01745897 -0.05048799 -0.03009998 0 -0.05307495 -0.03009998 0.01746195 -0.05048096 -0.03009998 -0.01013845 -0.02870225 -0.03009998 0.008271634 -0.01799201 -0.03509998 0.008861958 -0.05894696 -0.03009998 0.008982956 -0.05890399 -0.03009998 0.009202957 -0.05753099 -0.03009998 -0.009782969 -0.05762797 -0.03509998 0.01941496 -0.04916298 -0.03009998 0.009143948 -0.05742597 -0.03509998 -0.01014399 -0.05893898 -0.03009998 -0.01910597 -0.04943996 -0.03009998 -0.01001697 -0.05890399 -0.03509998 0.01930499 -0.04929095 -0.03009998 -0.01939195 -0.049187 -0.03009998 -0.009164988 -0.05866295 -0.03509998 -0.009835004 -0.05866295 -0.03009998 0.01942998 -0.04916697 -0.03009998 0.009924948 -0.05881297 -0.03509998 -0.009145975 -0.05742895 -0.03509998 0.009070992 -0.05876296 -0.03009998 -0.008985996 -0.05891394 -0.03009998 -0.008996963 -0.05722999 -0.03009998 0.01001399 -0.05891394 -0.03009998 0.008869946 -0.05895495 -0.03509998 -0.009069979 -0.05732899 -0.03509998 0.008996963 -0.05722999 -0.03009998 -0.01012998 -0.05895495 -0.03009998 0.009069979 -0.05732899 -0.03509998 0.008978962 -0.05890798 -0.03509998 -0.01001495 -0.05891096 -0.03009998 -0.01923495 -0.04941099 -0.03009998 -0.01930296 -0.04930996 -0.03509998 -0.009947001 -0.05880796 -0.03009998 0.008984982 -0.05724197 -0.03659999 0.0115 -0.05153596 -0.03659999 -0.01999998 -0.06099998 -0.03659999 0.01349997 -0.05499994 -0.03659999 0.01336395 -0.05396497 -0.03659999 0.01999998 -0.06099998 -0.03659999 0.01232796 -0.052172 -0.03659999 0.01296395 -0.05299997 -0.03659999 0.01399999 -0.017587 -0.03659999 0.01300597 -0.01767694 -0.03659999 0.01204496 -0.017946 -0.03659999 0.01114797 -0.01838397 -0.03659999 0.008844971 -0.01959598 -0.03659999 -0.01999998 -0.01758694 -0.03659999 0.01349997 -0.06 -0.03659999 0.01999998 -0.017587 -0.03659999 0.014072 -0.03410375 -0.03659999 -0.01399594 -0.03428423 -0.03659999 -0.0115 -0.05153596 -0.03659999 -0.01232796 -0.052172 -0.03659999 -0.01296395 -0.05299997 -0.03659999 -0.01336395 -0.05396497 -0.03659999 -0.01349997 -0.05499994 -0.03659999 -0.01449996 -0.06099998 -0.03659999 -0.01349997 -0.06 -0.03659999 0.006411969 -0.02052199 -0.03659999 0.003884971 -0.02114599 -0.03659999 -0.01399999 -0.01758694 -0.03659999 0.01053494 -0.05113595 -0.03659999 0.009499967 -0.05099999 -0.03659999 -0.009499967 -0.05099999 -0.03659999 -0.010535 -0.05113595 -0.03659999 -0.01384395 -0.06066197 -0.03659999 -0.013534 -0.06025898 -0.03659999 -0.01399999 -0.06086599 -0.03659999 -0.01424098 -0.06096595 -0.03659999 0.01367098 -0.06047898 -0.03659999 0.01353394 -0.06025898 -0.03659999 -0.01300597 -0.01767694 -0.03659999 -0.01204496 -0.017946 -0.03659999 -0.01114797 -0.01838397 -0.03659999 -0.008844971 -0.01959598 -0.03659999 0.01449996 -0.06099998 -0.03659999 0.01424098 -0.06096595 -0.03659999 -0.006411969 -0.02052199 -0.03659999 -0.003884971 -0.02114599 -0.03659999 -0.00130099 -0.02146095 -0.03659999 0.00130099 -0.02146095 -0.03649795 -0.02077597 -0.06099998 -0.03649795 -0.02077597 -0.01758694 -0.03619796 -0.02149999 -0.06099998 -0.03619796 -0.02149999 -0.01758694 -0.035721 -0.02212095 -0.06099998 -0.035721 -0.02212095 -0.01758694 -0.03509998 -0.02259796 -0.06099998 -0.03509998 -0.02259796 -0.01758694 -0.03437596 -0.02289795 -0.06099998 -0.03437596 -0.02289795 -0.01758694 -0.03359997 -0.023 -0.06099998 -0.03359997 -0.023 -0.01758694 0.004865944 -0.023 -0.05149996 0.004706978 -0.023 -0.05129295 0.004999995 -0.023 -0.05199998 0.004999995 -0.023 -0.06 0.004499971 -0.023 -0.06086599 0.004706978 -0.023 -0.06070697 0.003999948 -0.023 -0.06099998 0.00496596 -0.023 -0.051741 -0.01909995 -0.023 -0.05099999 0.004499971 -0.023 -0.05113399 0.00425899 -0.023 -0.05103397 0.003999948 -0.023 -0.05099999 0.00496596 -0.023 -0.06025898 0.004865944 -0.023 -0.06049996 0.00425899 -0.023 -0.06096595 -0.02552795 -0.023 -0.04865998 -0.02675998 -0.023 -0.04742795 -0.02775996 -0.023 -0.046 -0.02849698 -0.023 -0.04442 -0.02252 -0.023 -0.05039697 -0.02083599 -0.023 -0.05084794 -0.02894794 -0.023 -0.04273694 -0.0291 -0.023 -0.04099994 -0.0291 -0.023 -0.01858699 -0.03009998 -0.023 -0.01758694 -0.029841 -0.023 -0.01762098 -0.02925896 -0.023 -0.01810896 -0.02959996 -0.023 -0.01772099 -0.02913397 -0.023 -0.01832795 -0.03649795 0.02077698 -0.017587 -0.03649795 0.02077698 -0.06099998 -0.03619796 0.02149999 -0.017587 -0.03619796 0.02149999 -0.06099998 -0.035721 0.02212095 -0.017587 -0.035721 0.02212095 -0.06099998 -0.03509998 0.02259796 -0.017587 -0.03509998 0.02259796 -0.06099998 -0.03437596 0.02289795 -0.017587 -0.03437596 0.02289795 -0.06099998 -0.03359997 0.023 -0.017587 -0.03359997 0.023 -0.06099998 -0.02083599 0.023 -0.05084794 0.004499971 0.023 -0.05113399 0.004706978 0.023 -0.05129295 0.004865944 0.023 -0.06049996 0.004706978 0.023 -0.06070697 0.004999995 0.023 -0.05199998 0.004999995 0.023 -0.06 0.004000008 0.023 -0.06099998 0.00425899 0.023 -0.06096595 0.004499971 0.023 -0.06086599 0.003999948 0.023 -0.05099999 -0.02675998 0.023 -0.04742795 -0.02552795 0.023 -0.04865998 -0.0241 0.023 -0.04965996 -0.01909995 0.023 -0.05099999 -0.02252697 0.023 -0.05041098 0.00496596 0.023 -0.06025898 0.00496596 0.023 -0.051741 0.004865944 0.023 -0.05149996 0.00425899 0.023 -0.05103397 -0.02894794 0.023 -0.04273694 -0.02849698 0.023 -0.04442 -0.02775996 0.023 -0.046 -0.0291 0.023 -0.04099994 -0.0291 0.023 -0.01858699 -0.03009998 0.023 -0.017587 -0.029841 0.023 -0.01762098 -0.02941697 0.023 -0.01790398 -0.02923399 0.023 -0.01808696 -0.02913397 0.023 -0.01832795 -0.03509998 0.01395863 -0.03393876 -0.03509998 0.01999998 -0.06099998 -0.03509998 0.0115 -0.05153596 -0.03509998 0.01232796 -0.052172 -0.03509998 0.01296395 -0.05299997 -0.03509998 0.01336395 -0.05396497 -0.03509998 0.01349997 -0.05499994 -0.03509998 0.01349997 -0.06 -0.03509998 -0.01365906 -0.03386813 -0.03509998 -0.01296395 -0.05299997 -0.03509998 -0.01349997 -0.05499994 -0.03509998 -0.01336395 -0.05396497 -0.03509998 -0.01424098 -0.06096595 -0.03509998 -0.01399999 -0.06086599 -0.03509998 -0.01349997 -0.06 -0.03509998 0.01999998 -0.017587 -0.03509998 0.01353394 -0.06025898 -0.03509998 0.01424098 -0.06096595 -0.03509998 0.01449996 -0.06099998 -0.03509998 -0.013534 -0.06025898 -0.03509998 -0.013664 -0.06048399 -0.03509998 -0.01999998 -0.06099998 -0.03509998 -0.01232796 -0.052172 -0.03509998 -0.0115 -0.05153596 -0.03509998 -0.010535 -0.05113595 -0.03509998 -0.009499967 -0.05099999 -0.03509998 0.009499967 -0.05099999 -0.03509998 0.01053494 -0.05113595 -0.03509998 -0.01449996 -0.06099998 -0.03509998 0.01399999 -0.017587 -0.03509998 0.01381695 -0.06068295 -0.03509998 0.01399999 -0.06086599 -0.03509998 -0.01999998 -0.01758694 -0.03509998 0.01300597 -0.01767694 -0.03509998 0.01204496 -0.017946 -0.03509998 0.01114797 -0.01838397 -0.03509998 0.008844971 -0.01959598 -0.03509998 -0.01399999 -0.01758694 -0.03509998 -0.01300597 -0.01767694 -0.03509998 -0.01204496 -0.017946 -0.03509998 -0.01114797 -0.01838397 -0.03509998 -0.008844971 -0.01959598 -0.03509998 -0.006411969 -0.02052199 -0.03509998 -0.003884971 -0.02114599 -0.03509998 0.006411969 -0.02052199 -0.03509998 0.003884971 -0.02114599 -0.03509998 0.00130099 -0.02146095 -0.03509998 -0.00130099 -0.02146095 -0.03359997 -0.02149999 -0.01758694 -0.03359997 -0.02149999 -0.06099998 -0.03398799 -0.02144896 -0.01758694 -0.03398799 -0.02144896 -0.06099998 -0.03434997 -0.021299 -0.01758694 -0.03434997 -0.021299 -0.06099998 -0.03466099 -0.021061 -0.01758694 -0.03466099 -0.021061 -0.06099998 -0.03489899 -0.02074998 -0.01758694 -0.03489899 -0.02074998 -0.06099998 -0.03504896 -0.020388 -0.01758694 -0.03504896 -0.020388 -0.06099998 0.003999948 -0.02149999 -0.05099999 0.004999995 -0.02149999 -0.06 0.003999948 -0.02149999 -0.06099998 0.004865944 -0.02149999 -0.06049996 0.004706978 -0.02149999 -0.06070697 0.004499971 -0.02149999 -0.05113399 0.004706978 -0.02149999 -0.05129295 -0.02552795 -0.02149999 -0.04865998 -0.02894794 -0.02149999 -0.04273694 -0.02849698 -0.02149999 -0.04442 0.004999995 -0.02149999 -0.05199998 0.00496596 -0.02149999 -0.051741 0.004865944 -0.02149999 -0.05149996 -0.01909995 -0.02149999 -0.05099999 -0.02083599 -0.02149999 -0.05084794 -0.02252 -0.02149999 -0.05039697 0.00425899 -0.02149999 -0.05103397 -0.0291 -0.02149999 -0.04099994 -0.0291 -0.02149999 -0.01858699 -0.02775996 -0.02149999 -0.046 -0.02675998 -0.02149999 -0.04742795 0.00425899 -0.02149999 -0.06096595 0.004499971 -0.02149999 -0.06086599 0.00496596 -0.02149999 -0.06025898 -0.03009998 -0.02149999 -0.01758694 -0.029841 -0.02149999 -0.01762098 -0.02959996 -0.02149999 -0.01772099 -0.02926295 -0.02149999 -0.01810395 -0.02913397 -0.02149999 -0.01832795 -0.03359997 0.02149999 -0.06099998 -0.03359997 0.02149999 -0.017587 -0.03398799 0.02144896 -0.06099998 -0.03398799 0.02144896 -0.017587 -0.03434997 0.02129894 -0.06099998 -0.03434997 0.021299 -0.017587 -0.03466099 0.02106094 -0.06099998 -0.03466099 0.021061 -0.017587 -0.03489899 0.02074998 -0.06099998 -0.03489899 0.02074998 -0.017587 -0.03504896 0.02038794 -0.06099998 -0.03504896 0.02038794 -0.017587 0.004865944 0.02149999 -0.05149996 0.004706978 0.02149999 -0.05129295 0.003999948 0.02149999 -0.06099998 0.004999995 0.02149999 -0.05199998 0.004999995 0.02149999 -0.06 -0.01910001 0.02149999 -0.05099999 0.00425899 0.02149999 -0.06096595 0.004499971 0.02149999 -0.06086599 0.004706978 0.02149999 -0.06070697 0.003999948 0.02149999 -0.05099999 0.00425899 0.02149999 -0.05103397 0.004499971 0.02149999 -0.05113399 0.00496596 0.02149999 -0.051741 0.00496596 0.02149999 -0.06025898 0.004865944 0.02149999 -0.06049996 -0.02083599 0.02149999 -0.05084794 -0.02252 0.02149999 -0.05039697 -0.02552795 0.02149999 -0.04865998 -0.02675998 0.02149999 -0.04742795 -0.02775996 0.02149999 -0.046 -0.02849698 0.02149999 -0.04442 -0.02410799 0.02149999 -0.04967099 -0.02894794 0.02149999 -0.04273694 -0.0291 0.02149999 -0.04099994 -0.0291 0.02149999 -0.01858699 -0.03009998 0.02149999 -0.017587 -0.029841 0.02149999 -0.01762098 -0.02926695 0.02149999 -0.01812499 -0.02913397 0.02149999 -0.01832795 -0.03659999 0.01384097 -0.06066 -0.02412599 -0.023 -0.04969495 -0.02410799 -0.02149999 -0.04967099 -0.03659999 0.01401698 -0.06083697 -0.02961796 0.023 -0.01774996 -0.02941799 -0.02149999 -0.01790297 -0.03509998 0.01366299 -0.06048196 -0.02941799 -0.023 -0.01790297 -0.029437 0.02149999 -0.01792997 -0.02962797 0.02149999 -0.01776295 -0.03659999 -0.013664 -0.06048399 -0.03509998 -0.01384395 -0.06066197</float_array>
          <technique_common>
            <accessor source="#link2_01-mesh-positions-array" count="687" stride="3">
              <param name="X" type="float" />
              <param name="Y" type="float" />
              <param name="Z" type="float" />
            </accessor>
          </technique_common>
        </source>
        <source id="link2_01-mesh-normals">
          <float_array id="link2_01-mesh-normals-array" count="4110">0.003242552 0.795048 0.6065379 -0.001637816 -0.9222574 -0.386573 0 -0.8937148 -0.4486354 0 -1 -0 0 -1 -0 -0.00704348 0.9992599 0.03781545 0 0.9970216 0.07712376 0 -1 -0 0 -1 -0 0 1 -0 -0.001674473 0.9999506 -0.009803712 0.004403293 0.8835769 -0.4682653 -0.001864612 0.7603353 -0.6495281 -0.005423247 0.8494362 -0.5276634 0 0.6139324 0.7893586 0.000115969 -0.3444916 -0.9387894 -0.00011319 -0.3402416 -0.9403381 0 0.6123186 0.7906111 3.27103e-07 0.6123085 0.790619 2.42936e-07 -0.6123161 0.7906131 -0.000622252 0.9998742 0.01584595 0 0.9998927 0.01464682 0 1 -0 0 1 -0 0 -1 -0 8.71857e-05 0.8655048 0.5009008 0 0.9030158 -0.4296073 0 0.7904557 -0.6125192 0 0.7904557 -0.6125192 0 0.6002721 -0.7997959 0 0.6002721 -0.7997959 2.53111e-06 -0.8169619 -0.5766918 0.002735316 -0.7588301 -0.6512829 0.002453267 -0.8116511 -0.5841373 -0.000432143 -0.8558228 -0.517269 0.000391636 -0.886682 -0.4623796 0 -0.8942038 -0.4476601 -5.56497e-06 0.395359 0.9185267 -4.12287e-05 0.3951293 0.9186256 0 -0.8008216 0.5989031 0 -0.6192531 0.7851914 0 -0.6192531 0.7851914 0 -0.3950262 0.9186699 5.94208e-06 -0.394988 0.9186863 0 0.9115749 0.4111343 8.19677e-05 0.9118585 0.4105046 1.18407e-05 0.9982403 0.05929946 0 0.9982315 0.05944585 0 0.9923641 0.1233432 0 0.9923641 0.1233432 0 0.9902021 -0.1396417 0 0.9902021 -0.1396417 0 0.9974826 -0.07091099 -4.22839e-05 0.9975179 -0.07041251 -0.000256813 0.9039431 -0.4276528 0 -0.6056709 -0.7957152 0 -0.7904557 -0.6125192 0 -0.7904557 -0.6125192 0 -0.9023615 -0.43098 0 -0.9023615 -0.43098 0 -0.9976802 -0.06807589 0 -0.9976802 -0.06807589 0 -0.9902021 -0.1396417 0 -0.9902021 -0.1396417 0 -0.9923641 0.1233432 0 -0.9923641 0.1233432 0 -0.9982313 0.05945044 -1.18416e-05 -0.9982399 0.05930405 -8.19677e-05 -0.9118585 0.4105046 0 -0.9115749 0.4111343 0 -0.8008216 0.5989031 0 0.7904554 -0.6125197 0 0.6065281 -0.7950622 0 0.6065281 -0.7950622 0 0.388942 -0.9212622 0 0.388942 -0.9212622 0 0.1301439 -0.9914951 0 0.1301439 -0.9914951 0 -0.1299231 -0.9915241 0 -0.1299231 -0.9915241 0 -0.3901266 -0.9207613 0 -0.3901266 -0.9207613 0 -0.6056709 -0.7957152 0 -0.6065281 -0.7950622 0 0.3957815 0.9183447 0 0.3957815 0.9183447 0 0.6184226 0.7858457 0 0.6184226 0.7858457 0 0.8008216 0.5989031 0 0.8008216 0.5989031 0 0.9271733 0.3746328 0 0.9271733 0.3746328 0 0.9925906 0.1215069 0 0.9925906 0.1215069 0 0.9903557 -0.1385479 0 0.9903557 -0.1385479 0 0.9219574 -0.3872911 0 0.9219574 -0.3872911 0 0.7904554 -0.6125197 0 -0.505315 0.862935 0 0.3844944 -0.9231273 0 0.3844944 -0.9231273 0 0.1301437 -0.9914951 0 0.1301437 -0.9914951 0 -0.1299233 -0.991524 0 -0.1299233 -0.991524 0 -0.3895335 -0.9210124 0 -0.3895335 -0.9210124 0 -0.6065281 -0.7950622 0 -0.3957815 0.9183447 0 -0.7904561 -0.6125187 0 -0.7904561 -0.6125187 0 -0.9219574 -0.3872911 0 -0.9219574 -0.3872911 0 -0.9903557 -0.1385479 0 -0.9903557 -0.1385479 0 -0.9925906 0.1215069 0 -0.9925906 0.1215069 0 -0.9271733 0.3746328 0 -0.9271733 0.3746328 0 -0.8008208 0.598904 0 -0.8008208 0.598904 0 -0.6184226 0.7858457 0 -0.6184226 0.7858457 0 -0.505315 0.862935 0 0.4987937 -0.8667207 0 -0.8048508 0.5934771 -0.003254711 -0.7192523 0.6947413 -0.003242015 -0.7961607 0.6050765 0.000167123 -0.8695577 0.4938313 0.000252032 -0.8677603 0.4969829 0.000548512 -0.9337906 0.3578197 0 -0.9256519 0.3783762 -0.007811427 0.9829906 -0.1834898 -0.006477296 0.989565 -0.1439422 9.27425e-05 0.925794 0.3780284 -0.002126932 0.8477035 0.5304661 0 0.8009341 0.5987525 0 -0.3957815 0.9183447 -0.007309854 0.7111141 -0.7030387 -0.00024681 0.8443798 -0.535745 0.000400257 0.4113649 -0.9114707 -0.002023458 0.3162271 -0.9486814 -0.002059578 0.3511331 -0.9363234 0 0.4277377 -0.903903 0.000116034 -0.3444952 -0.9387881 -0.00011316 -0.3402463 -0.9403364 -0.003380715 0.7159621 -0.6981312 0.001105189 0.8345373 -0.5509504 0.001440584 0.4113644 -0.9114698 -0.003721058 0.212108 -0.9772391 -0.003979384 0.3511358 -0.9363161 0 -0.9955652 -0.09407389 0 0 -1 0 0 -1 0 0 -1 2.01198e-05 -1.1497e-05 -1 0 0 -1 0 0 -1 0 0 -1 2.01225e-05 -2.11816e-05 -1 0 -0.7987127 0.6017125 0 -0.8320504 -0.5547 0 -0.8320503 -0.5547002 0 -1 -0 0 -1 -0 0 0 -1 0 0 -1 0 -0.9995898 0.02864199 -1.88021e-05 -0.9995906 0.02861148 -3.93621e-07 -0.9955653 -0.09407329 0 -0.9763014 -0.2164151 0 -0.9763014 -0.2164151 0 -0.9423717 -0.3345679 2.43195e-07 -0.9423715 -0.3345682 -1.24228e-05 -0.8940134 -0.4480403 -1.28167e-05 -0.8940131 -0.4480409 0 -0.6276572 0.7784899 0 -0.6276572 0.7784899 0 -0.7186911 0.6953294 0 -0.7186911 0.6953294 0 -0.7987128 0.6017125 -2.24934e-07 -0.8666016 0.4990007 2.33085e-07 -0.866602 0.499 -2.40048e-05 -0.9214706 0.3884482 0 -0.9214555 0.3884841 0 -0.9623279 0.2718912 0 -0.9623279 0.2718912 0 -0.9884092 0.1518136 0 -0.9884092 0.1518136 0 -0.06165134 0.9980978 0 -0.06165134 0.9980978 0 -0.1839941 0.9829274 0 -0.183994 0.9829274 2.36631e-05 0.9214705 0.3884483 -1.59934e-06 -0.3033481 0.9528799 4.99903e-07 -0.3033448 0.9528808 2.35049e-07 -0.4186872 0.9081305 5.23801e-05 -0.4186105 0.9081659 -1.06398e-06 -0.5269895 0.8498718 0 -0.526991 0.8498709 -3.8964e-06 0.6276274 0.7785139 0 0.6276323 0.7785099 0 0.5270809 0.8498152 2.12067e-07 0.5270805 0.8498153 -2.09148e-06 0.4185699 0.9081845 -2.85397e-07 0.4185726 0.9081834 0 0.3034023 0.9528626 1.07904e-05 0.3034191 0.9528573 0 0.1839361 0.9829382 0 0.1839361 0.9829382 0 0.06165134 0.9980978 0 0.06165134 0.9980978 0 0.9884578 0.1514967 0 0.9884578 0.1514967 0 0.9622431 0.2721918 0 0.9622431 0.2721918 0 0.9214556 0.3884837 2.8802e-07 0.922258 -0.3865749 0 0.8667426 0.4987559 0 0.8667425 0.4987559 0 0.7985571 0.6019192 0 0.7985569 0.6019192 0 0.7186916 0.6953291 0 0.7186915 0.695329 1.30639e-05 0.8940126 -0.4480417 1.24229e-05 0.8940131 -0.4480407 0.004945933 -0.8295062 -0.5584756 -2.43184e-07 0.9423714 -0.3345683 0 0.9423717 -0.3345679 0 0.9763014 -0.2164151 0 0.9763014 -0.2164151 0 0.9955348 -0.0943951 1.94261e-07 0.9955348 -0.0943948 -1.12313e-05 0.9995837 0.02885401 0 0.9995842 0.02883577 -0.005512416 0.7584093 -0.6517552 -0.002887427 0.8038347 -0.5948457 -0.003029942 0.8866738 -0.4623856 0 0.3832474 -0.9236457 0 0 -1 0 0 -1 0 1 -0 0 1 -0 0 0.8320502 -0.5547003 0 0.8320503 -0.5547004 0.01238918 -0.9241268 -0.3818851 0.01414948 -0.7962325 -0.6048252 0.01342117 -0.8100773 -0.5861695 0.01317626 -0.6048445 -0.7962346 0 -0.9940522 -0.1089051 0.005212366 -0.3819043 -0.9241872 0.009399294 -0.2193335 -0.9756046 0.00912702 -0.1306353 -0.9913884 0 -0.4925907 -0.8702611 0 0.3642957 -0.9312834 -0.001078605 0.3439472 -0.9389883 -0.001331984 0.8480978 -0.5298382 -0.005509495 0.7593185 -0.6506958 0 -0.1301597 -0.9914931 0 -0.1301597 -0.9914931 0 0.1301597 -0.9914931 0 0.1301597 -0.9914931 0 0.3832474 -0.9236457 0 0.7937034 -0.6083049 0 0.609163 -0.7930451 0 0.609163 -0.7930451 0 0.793052 -0.609154 0 0.793052 -0.609154 0 0.9236432 -0.3832535 0 0.9236432 -0.3832535 0 0.9568614 -0.2905451 -0.000172561 0.9578271 -0.2873452 0 -0.9914273 -0.1306604 0.009958207 -0.8659054 -0.5001088 0 -0.8574933 -0.5144951 0 -0.8574933 -0.5144951 0 -0.9477548 -0.3189997 0 -0.9477548 -0.3189997 0 -0.9940521 -0.1089056 0 -0.7937034 -0.6083049 0 -0.9914933 -0.1301579 0 -0.9914931 -0.1301597 0 -0.9236432 -0.3832535 0 -0.9236432 -0.3832535 0 -0.793052 -0.609154 0 -0.793052 -0.609154 0 -0.609163 -0.7930451 0 -0.609163 -0.7930451 0 -0.3832474 -0.9236457 0 -0.3832474 -0.9236457 6.55162e-05 0.5720552 -0.8202151 0 0.5717125 -0.820454 0 0.7937034 -0.6083049 0 0.9237554 -0.3829829 0 0.9237554 -0.3829829 0 0.9914804 -0.130256 0 0.9914804 -0.130256 -2.02377e-07 0.99408 -0.1086506 0 0.9940798 -0.1086529 0 0.9477548 -0.3189997 0 0.9477548 -0.3189997 0 0.8574933 -0.5144951 0 0.8574933 -0.5144951 0 -0.9914804 -0.130256 0 -0.9914804 -0.130256 0 -0.9237554 -0.3829829 0 -0.9237554 -0.3829829 0 -0.7937034 -0.6083049 0 -0.6083035 -0.7937045 0 -0.6083035 -0.7937045 0 -0.3829839 -0.923755 0 -0.3829839 -0.923755 0 -0.1302564 -0.9914804 0 -0.1302564 -0.9914804 0 0.130256 -0.9914804 0 0.130256 -0.9914804 0 0.3841353 -0.9232768 -5.11326e-06 0.3841809 -0.9232578 -8.54809e-06 -0.7502716 -0.6611298 -0.000368087 -0.759105 -0.6509681 -0.000461114 -0.8118462 -0.5838711 -0.003415286 -0.8558459 -0.5172196 0.002635955 0.6184177 0.7858452 0 0.602007 0.7984908 0 0.8008216 0.5989031 0 0.8008216 0.5989031 0 0.8944272 -0.4472136 -0.000418852 0.886682 -0.4623797 0.000463839 0.8508673 -0.5253806 -0.003390014 0.7913996 -0.6112897 0.003254711 0.7192523 0.6947413 0.003393709 0.7152785 0.6988314 0.003283619 0.5053122 0.8629304 0.000349712 0.8717985 0.4898647 -7.65753e-05 0.9256744 0.3783211 0 0.924647 0.3808254 0 -0.9912956 0.1316549 0 -0.9912956 0.1316549 0 -0.925794 0.3780284 0 -0.925794 0.3780284 0 -0.8009341 0.5987525 0 -0.8009341 0.5987525 0 -0.6123086 0.7906189 0 -1 -0 0 0.9569515 0.290248 0 0.9569515 0.290248 0 0.9951925 0.09793776 0 0.9951926 0.0979377 0 0.9951926 -0.0979377 0 0.9951925 -0.09793776 0 0.9569515 -0.290248 0 0.9569515 -0.290248 0 0.8819571 -0.4713297 0 0.8819571 -0.4713297 0 0.7728422 -0.6345983 5.17605e-07 0.7728413 -0.6345993 2.14941e-05 0.6346677 -0.7727851 0 0.290248 -0.9569515 0 0.6347101 -0.7727504 0 0.09793776 -0.9951925 0 0.09793776 -0.9951925 0 -0.8819572 -0.4713296 0 0.4713296 -0.8819572 0 -0.7728424 -0.6345981 -5.56214e-07 -0.7728415 -0.6345993 -2.14555e-05 -0.6346682 -0.7727849 0 -0.6347104 -0.7727501 0 -0.4713297 -0.8819571 0 -0.4713297 -0.8819571 0 -0.290248 -0.9569515 0 -0.290248 -0.9569515 0 -0.09793776 -0.9951925 0 0.09793776 0.9951925 0 0.290248 0.9569515 0 0.290248 0.9569515 0 0.4713297 0.8819571 0 0.4713297 0.8819571 0 0.6347104 0.7727501 -2.14555e-05 0.6346682 0.7727849 -5.56214e-07 0.7728415 0.6345993 0 0.7728424 0.6345981 0 0.8819572 0.4713296 0 0.8819572 0.4713296 0 0.09793776 0.9951925 0 -0.09793776 0.9951925 0 -0.09793776 0.9951925 0 -0.9569515 0.290248 0 -0.8819571 0.4713297 0 -0.8819571 0.4713297 0 -0.7728422 0.6345983 5.17605e-07 -0.7728413 0.6345993 2.14941e-05 -0.6346677 0.7727851 0 -0.6347101 0.7727504 0 -0.4713296 0.8819572 0 -0.4713296 0.8819572 0 -0.290248 0.9569515 0 -0.290248 0.9569515 0 -0.9951925 0.09793782 0 -0.9951925 0.0979377 0 -0.9569515 0.290248 0 -0.9569515 -0.290248 0 -0.8819572 -0.4713296 0 -0.9569515 -0.290248 0 -0.09793776 -0.9951925 0 0.290248 -0.9569515 0 0.4713296 -0.8819572 0 -0.9951925 -0.0979377 0 -0.9951925 -0.09793782 -1 -2.00444e-06 -5.51533e-07 -1 2.18504e-07 -0 -1 -1.22727e-07 -2.29649e-07 -1 -2.57709e-06 -1.45e-07 -1 0 -2.37353e-07 -1 0 -2.50963e-07 -1 -8.33453e-06 1.35005e-06 -1 0 -4.54917e-07 -1 -3.83653e-07 -3.26819e-07 -1 7.84271e-07 7.52097e-07 -1 -1.67911e-06 2.12905e-06 -1 -3.89756e-06 2.91483e-06 -1 -3.87502e-05 1.74769e-05 -1 5.48182e-05 6.22681e-05 -1 -5.47981e-06 7.27778e-07 -1 -3.42354e-06 1.39793e-06 -1 -2.28321e-06 1.70686e-06 -1 8.09759e-06 -1.31167e-06 -1 2.71182e-06 -0 -1 3.44089e-06 -4.52048e-07 -1 -3.95607e-07 -0 -1 -5.47616e-06 -1.97439e-06 -1 1.62205e-05 -2.36711e-05 -1 0 -0 -1 0 -0 -1 -6.88047e-07 3.44819e-07 -1 4.12682e-06 -4.2029e-06 -1 1.49522e-05 1.27841e-05 -1 -2.68667e-06 -2.94177e-06 -1 2.30271e-06 3.24767e-06 -1 6.0593e-07 9.80963e-06 -1 -2.02916e-07 3.28509e-06 -1 0 6.57079e-06 -1 0 -0 -1 0 -0 -1 0 -0 -1 0 -0 -1 5.04204e-07 -1.11579e-06 -1 4.4597e-06 -8.19502e-06 -1 0 -0 -1 0 -0 -1 0 -0 -1 0 -0 -1 0 -0 -1 1.49383e-07 -0 -1 2.75214e-07 -0 -0.9999999 0.00022086 2.28057e-07 -1 0 -0 -1 0 -0 -1 1.55254e-07 1.19253e-07 -1 -0.000194735 -1.11806e-05 -1 -2.04417e-07 -2.75229e-07 -1 0 -0 -1 0 -0 -1 0 -0 -1 -2.37874e-06 5.06847e-07 -1 0 -0 -1 -9.04185e-06 9.65153e-06 -1 0 -0 -1 2.52997e-05 7.40018e-06 -1 -3.65094e-07 -4.79651e-07 -1 -5.42068e-07 -0 -1 0 -2.6866e-07 -1 0 -2.62384e-07 -1 0 -2.38027e-07 -1 0 -2.21007e-07 -1 2.23475e-06 2.71129e-07 -1 0 -0 -1 -5.3383e-07 -2.02242e-06 -1 0 -0 -1 8.55708e-07 -1.75744e-06 -1 -2.19916e-07 -0 -1 2.69476e-06 2.48028e-07 -1 -1.72832e-05 -2.08573e-07 -1 0 -0 -1 0 -0 -1 9.72171e-07 -1.80918e-06 -1 0 -0 -1 0 -0 -1 0 -0 -1 4.5309e-05 2.54947e-06 -1 0 -0 -1 0 -0 -1 -4.99721e-06 -4.2726e-06 -1 -2.54482e-07 -0 -1 -2.15463e-06 1.69739e-06 -1 1.63838e-06 2.51108e-07 -1 3.17023e-06 8.96769e-07 -1 -8.52008e-06 -4.90277e-06 -1 0 -0 -1 0 -0 -1 0 -0 -1 4.43153e-06 4.85231e-06 -1 4.7628e-06 1.34644e-06 -1 -7.86221e-06 5.92301e-06 -1 -9.42534e-06 2.66299e-06 -1 2.42453e-07 -0 -1 1.57343e-06 1.75458e-06 -1 -3.25594e-06 5.00092e-07 -1 -6.41566e-06 1.39367e-06 -1 0 -3.5881e-07 -1 0 -0 -1 3.2843e-07 1.39998e-06 -1 0 -0 -1 -5.31054e-07 -1.2635e-06 -1 -2.36928e-06 2.29226e-06 -1 -1.04171e-06 1.29205e-06 -1 -3.55826e-06 3.44356e-06 -1 2.78213e-07 1.39428e-07 -1 -3.01656e-06 2.35413e-06 -1 0 -0 -1 0 -0 -1 0 -1.5043e-07 -1 3.29607e-05 -4.7165e-06 -1 4.90108e-06 1.15871e-06 -1 2.00693e-06 -1.40461e-06 -1 3.89755e-06 2.91482e-06 -1 1.57821e-06 2.09331e-06 -1 -5.77896e-06 8.26937e-07 -1 0 -0 -1 0 -0 -1 -7.84271e-07 7.51879e-07 -1 0 -0 -1 0 -0 -1 0 -0 -1 0 -0 -1 1.80069e-07 -6.20882e-07 -1 8.20992e-07 2.66113e-07 -1 -1.4376e-07 -0 -1 4.08909e-05 -9.98463e-06 -1 0 -0 -1 0 -0 -1 0 -0 -1 0 -0 -1 0 -0 -1 0 -0 -1 0 -0 -1 0 -0 -1 0 -0 -1 3.97437e-05 1.7892e-05 -1 0 -0 -1 0 -0 -1 0 -0 -1 0 -0 -1 0 -0 -1 0 -0 -1 0 -0 -1 0 -0 -1 0 -0 -1 0 -0 -1 0 -0 -1 0 -0 -1 0 -0 -1 0 -0 -1 0 -0 -1 0 -0 -1 0 -0 -1 0 -0 -1 0 -0 -1 0 -0 -1 0 -0 -1 7.04216e-05 7.04214e-05 -1 0 -0 -1 -3.29219e-05 -4.70831e-06 -1 0 -0 -1 0 -0 -1 0 -0 -1 0 -0 -1 -4.31526e-07 -3.34387e-07 -1 -7.23297e-07 -0 -1 -5.8733e-07 -0 -1 0 -0 -1 5.3488e-06 7.64956e-07 -1 0 -0 -1 0 -0 -1 0 -0 -1 0 -0 -1 0 -0 -1 0 -0 -1 -4.88313e-07 -2.33225e-07 1 0 -0 1 0 -0 1 0 -0 1 0 -0 1 0 -0 1 0 -0 1 0 -0 1 0 -0 1 0 -0 1 0 -0 1 0 -0 1 0 -0 1 0 -0 1 0 -0 1 0 -0 1 0 -0 1 0 -0 1 0 -0 1 0 -0 1 0 -0 1 0 -0 1 0 -0 1 0 -0 1 0 -0 1 0 -0 1 0 -0 1 0 -0 1 0 -0 1 0 -0 1 0 -0 1 0 -0 1 0 -0 1 0 -0 1 0 -0 1 0 -0 1 0 -0 1 0 -0 1 0 -0 1 0 -0 1 0 -0 1 0 -0 1 0 -0 1 0 -0 1 0 -0 1 0 -0 1 0 -0 1 0 -0 1 0 -0 1 0 -0 1 0 -0 1 0 -0 1 0 -0 1 0 -0 1 0 -0 1 0 -0 1 0 -0 1 0 -0 1 0 -0 1 0 -0 1 0 -0 1 0 -0 1 0 -0 1 0 -0 1 0 -0 1 0 -0 1 0 -0 1 0 -0 1 0 -0 1 0 -0 1 0 -0 1 0 -0 1 0 -0 1 0 -0 1 0 -0 1 0 -0 1 0 -0 1 0 -0 1 0 -0 1 0 -0 1 0 -0 1 0 -0 1 0 -0 1 0 -0 1 0 -0 1 0 -0 1 0 -0 1 0 -0 1 0 -0 1 0 -0 1 0 -0 1 0 -0 1 0 -0 1 0 -0 1 0 -0 1 0 -0 1 0 -0 1 0 -0 1 0 -0 1 0 -0 1 0 -0 1 0 -0 1 0 -0 1 0 -0 1 0 -0 1 0 -0 1 0 -0 1 0 -0 1 0 -0 1 0 -0 1 0 -0 1 0 -0 1 -4.43648e-05 4.43647e-05 1 0 -0 1 0 -0 1 0 -0 1 0 -0 1 0 -0 1 0 -0 1 0 -0 1 0 -0 1 0 -0 1 0 -0 1 0 -0 1 0 -0 1 0 -0 1 0 -0 1 0 -0 1 0 -0 1 0 -0 1 0 -0 1 0 -0 1 0 -0 1 0 -0 1 0 -0 1 0 -0 1 0 -0 1 0 -0 1 0 -0 1 0 -0 1 0 -0 1 0 -0 1 0 -0 1 0 -0 1 0 -0 1 0 -0 1 0 -0 1 0 -0 1 0 -0 1 0 -0 1 0 -0 1 0 -0 1 0 -0 1 0 -0 1 0 -0 1 0 -0 1 0 -0 1 0 -0 1 0 -0 1 0 -0 1 0 -0 1 0 -0 1 0 -0 1 0 -0 1 0 -0 1 0 -0 1 0 -0 1 0 -0 1 0 -0 1 0 -0 1 0 -0 1 0 -0 1 0 -0 1 0 -0 1 0 -0 1 0 -0 1 0 -0 1 0 -0 1 0 -0 -1 -3.35641e-05 -3.81256e-05 1 0 -0 -1 -3.76042e-05 5.48771e-05 1 0 -0 1 2.42603e-05 -4.21919e-05 -1 2.68964e-05 3.4456e-05 -1 3.07771e-07 1.27705e-07 -1 -1.56282e-05 -2.71795e-05 -1 1.24716e-05 -9.55838e-06 1 0 -0 -1 0 -0 -1 0 -0 1 0 -0 -1 2.05337e-05 5.59565e-05 1 0 -0 1 0 -0 1 0 -0 1 0 -0 1 0 -0 -1 0 -0 -1 4.3518e-05 7.56835e-05 1 -1.11483e-05 2.97274e-05 -1 0 -0 1 0 -0 -1 0 -0 -1 0 -0 -1 0 -0 -1 0 -0 -1 0 -0 -1 0 -0 -1 0 -0 -1 0 -0 -1 0 -0 -1 0 -0 -1 0 -0 -1 0 -0 -1 0 -0 -1 0 -0 -1 0 -0 -1 0 -0 -1 0 -0 -1 0 -0 -1 0 -0 -1 0 -0 -1 0 -0 -1 0 -0 -1 0 -0 -1 0 -0 -1 0 -0 -1 0 -0 -1 0 -0 -1 0 -0 -1 0 -0 -1 0 -0 -1 0 -0 -1 0 -0 -1 0 -0 -1 0 -0 0 -1 -1.86264e-07 2.28178e-07 -1 -1.75267e-07 3.87411e-07 -1 -1.60752e-07 8.53847e-07 -1 -0 -1 0 -0 -1 0 -0 -1 0 -0 -1 0 -0 0 -1 1.37258e-07 1.45102e-07 -1 -0 0 -1 -0 0 -1 -0 0 -1 -1.84906e-07 1.05188e-05 -1 2.53498e-05 5.72134e-06 -1 7.44859e-06 0 -1 3.03184e-07 1.39581e-07 -1 -1.8172e-07 1.86261e-06 -1 -0 3.86473e-06 -1 2.96856e-06 0 -1 -1.86264e-07 1.95123e-07 -1 -0 0 -1 -0 0 -1 1.20589e-07 0 -1 1.65281e-07 2.82841e-06 -1 1.17362e-06 2.14406e-06 -1 2.81458e-07 -0.609157 -0.7930496 -0 -0.7930496 -0.609157 -0 -0.7930496 -0.609157 -0 -0.9238314 -0.3827996 -0 -0.9238314 -0.3827996 -0 -0.9914714 -0.130325 -0 -0.9914714 -0.130325 -0 0 -1 -0 0 -1 -0 0 -1 -0 0 -1 -0 0 -1 -0 0 -1 -0 2.98016e-07 -1 -0 -0.3828008 0.9238309 -0 -0.609157 0.7930496 -0 -0.609157 0.7930496 -0 -0.7930497 0.609157 -0 -0.7930497 0.609157 -0 -0.9236441 0.3832514 -0 -0.9236441 0.3832514 -0 -0.991493 0.13016 -0 -0.991493 0.13016 -0 -0.1303226 0.9914717 -0 -0.1303226 0.9914717 -0 -0.1303226 -0.9914717 -0 -0.1303244 -0.9914715 -0 -0.3828008 -0.9238309 -0 -0.3828008 -0.9238309 -0 -0.609157 -0.7930496 -0 1.86272e-06 1 -0 3.86519e-06 1 -2.96891e-06 1.39582e-07 1 1.81721e-07 -0.3828008 0.9238309 -0 0 1 -1.24101e-07 0 1 -0 0 1 -0 5.72234e-06 1 -7.44989e-06 1.05221e-05 1 -2.53579e-05 0 1 -0 0 1 -0 0 1 -0 0 1 -0 0 1 -0 1.9069e-07 1 -0 0 1 2.33489e-07 0 1 1.86264e-07 8.53869e-07 1 -0 2.82865e-06 1 -1.17372e-06 2.1442e-06 1 -2.81476e-07 -8.45831e-07 1 7.08589e-07 0 1 1.86265e-07 2.2818e-07 1 1.75268e-07 3.87415e-07 1 1.60754e-07 0 1 -0 0 1 -0 0 1 -0 0 1 -0 0 1 1.84906e-07 -1 0 -0 -1 0 -0 3.12387e-06 1 7.82577e-06 -1 0 -0 -1 0 -0 -1 0 -0 -1 0 -0 1 0 -0 1 0 -0 1 0 -0 1 0 -0 1 0 -0 1 0 -0 1 0 -0 1 0 -0 0 -1 -0 0 -1 -0 1 0 -0 1 0 -0 1 0 -0 1 0 -0 0 -1 -0 0 -1 -0 -1.90689e-07 -1 -0 0 -1 -0 0 -1 -0 0 -1 -0 0 -1 -0 0 -1 -0 0 -1 -0 0 -1 -0 0 -1 -0 0 -1 -0 0 -1 -0 0 -1 -0 0 -1 -0 0 -1 -0 0 -1 -0 0 -1 -0 0 -1 -0 0 -1 -0 0 -1 -0 0 -1 -0 0 -1 -0 0 -1 -0 0.6077386 -0.7941372 -0 0.6077386 -0.7941372 -0 0.3827987 -0.9238318 -0 0.3827987 -0.9238318 -0 0.130325 -0.9914714 -0 0.1303336 -0.9914702 -0 0 -1 -0 1 0 -0 0.9914708 -0.1303296 -0 0.9914708 -0.1303296 -0 0.9238311 -0.3828004 -0 0.9238311 -0.3828004 -0 0.794139 -0.6077362 -0 0.794139 -0.6077362 -0 0 1 -0 0 1 -0 0 1 -0 0 1 -0 0 1 -0 0 1 -0 0 1 -0 1.9069e-07 1 -0 0 1 -0 0 1 -0 0 1 -0 0 1 -0 0 1 -0 0 1 -0 0 1 -0 0 1 -0 0 1 -0 0 1 -0 0 1 -0 0 1 -0 0 1 -0 0 1 -0 0 1 -0 0 1 -0 0.7941389 0.6077362 -0 0.7941389 0.6077362 -0 0.6077386 0.7941372 -0 0.6077386 0.7941372 -0 0.3827987 0.9238318 -0 0.3827987 0.9238318 -0 0.1303274 0.9914711 -0 0.130325 0.9914714 -0 0 1 -0 0 1 -0 0.9914708 0.1303296 -0 0.9914708 0.1303296 -0 0.9238311 0.3828004 -0 0.9238311 0.3828004 -0 1 0 -0 1 0 -0 1 0 -0 1 0 -0 0 1 -0 0 1 -0 1 0 -0 1 0 -0 1 0 -0 1 0 -0 1 0 -0 1 0 -0 1 0 -0 1 0 -0 1 0 -0 1 0 -0 1 0 -0 1 0 -0 1 0 -0 1 0 -0 1 0 -0 1 0 -0 1 0 -0 1 0 -0 1 0 -0 1 0 -0 1 0 -0 1 0 -0 1 0 -0 1 0 -0 1 0 -0 1 0 -0 1 0 -0 1 0 -0 0 0 -1 0 0 1 0 0.7943529 -0.6074566 0 0.7943529 -0.6074566 0 0.7031483 -0.7110432 0 0.7031483 -0.7110432 0 0.8658658 -0.5002763 0 0.8658658 -0.5002763 0 0.9914935 -0.1301562 0 0.9914935 -0.1301562 0 0 1 0 0 -1 0 0.6091554 -0.793051 0 0.6091554 -0.793051 0 0.3829178 -0.9237824 0 0.3829178 -0.9237824 0 0.1302802 -0.9914772 0 0.1302802 -0.9914772 0 1 -1.86265e-07 0 1 -1.86265e-07 0.9914935 0 -0.1301562 0 0.9237833 -0.3829159 0 0.7930502 -0.6091562 0 0.7930502 -0.6091562 0.6091523 0 -0.7930533 0.6091523 0 -0.7930533 0.7930511 0 -0.6091551 0.7930511 0 -0.6091551 0.9236426 0 -0.383255 0.9236426 0 -0.383255 0 0 -1 0.9914935 0 -0.1301562 0.7930511 0 -0.6091551 0.7930511 0 -0.6091551 0 -0.1302802 -0.9914772 0 -0.1302802 -0.9914772 0 0 1 0 0 1 0 0 1 0 0 1 0.6091523 0 0.7930533 0 0 -1 0 0 -1 0 0 -1 0 0 -1 0.130151 -1.61617e-06 0.9914942 0.1301602 0 0.991493 0.3832601 0 0.9236404 0.3832601 0 0.9236404 0.6091523 0 0.7930533 0 0 -1 0.7930511 0 0.6091551 0.7930511 0 0.6091551 0.9914935 0 0.1301562 0.9914935 0 0.1301562 0.9236426 0 0.383255 0.9236426 0 0.383255 0.7930511 0 0.6091551 0.7930511 0 0.6091551 0.1301602 0 0.991493 0 0 1 0 0 -1 0 0 1 0 0 1 0 -1 1.86265e-07 0 -1 1.86265e-07 0.6091523 0 0.7930533 0.6091523 0 0.7930533 0 0 1 0 0 1 0 0.9237833 -0.3829159 0 0 1 0 0 1 0 0 1 0 0 1 0 0 1 0 0 -1 0 0 -1 0 0 -1 -0.005617022 -0.8655889 -0.5007238 0.7071063 0 0.7071074 0.7071063 0 0.7071074 0.5799903 0 0.8146234 0.5938047 -0.01999473 0.8043607 0.4157077 -0.01953625 0.9092884 0.4005199 4.22258e-07 0.916288 0.2586983 -1.58555e-06 0.9659581 0.258697 0 0.9659585 0 -0.8488661 -0.528608 0.8191242 0 0.5736163 -0.005255699 -0.7288985 -0.6846016 -0.02202093 -0.7936075 -0.6080315 -0.02215188 -0.7089336 -0.7049273 -0.02167814 -0.7069352 -0.706946 0.500705 -0.01083868 0.8655501 0.5547002 0 0.8320503 0.1301536 0 0.9914938 0.1301536 0 0.9914938 0 0 -1 0.8191242 0 0.5736163 0 0.0901736 0.995926 0 0.2695568 0.9629845 0 0.2695568 0.9629845 0 0.4387798 0.8985946 0 0.4387798 0.8985946 0 0 1 0 0 1 0.9062567 0 0.4227277 0.9062567 0 0.4227277 0 0 -1 0.8191242 0 0.5736163 0 0.3557081 0.9345971 0.9961931 0 0.08717477 0.9961931 0 0.08717477 0.9659199 0 0.2588414 0.9659199 0 0.2588414 0.9062567 0 0.4227277 0.9062567 0 0.4227277 0.8191242 0 0.5736163 0 -0.1301602 -0.991493 0 -0.9914935 -0.1301562 0.6091523 0 -0.7930533 0.6091523 0 -0.7930533 0.3832601 0 -0.9236404 0.3832601 0 -0.9236404 0.1301602 0 -0.991493 0.1301602 0 -0.991493 -0.02240246 -0.4989256 -0.8663552 0 -0.3832608 -0.9236402 0 -0.9914935 -0.1301562 0 -0.1301602 -0.991493 0 0.1301602 -0.991493 0 0.1301602 -0.991493 0 0.3832608 -0.9236402 0 0.3832608 -0.9236402 0.9236426 0 0.383255 0.9236426 0 0.383255 0 0.9914771 -0.130281 0 0.9914771 -0.130281 0.3832601 0 -0.9236404 0 0 1 0 0 1 0 0 1 0 0 1 0.9914935 0 0.1301562 0.9914935 0 0.1301562 0.1301791 -3.31386e-06 -0.9914906 0.1301602 0 -0.991493 0.3832601 0 -0.9236404 0.130151 -1.61617e-06 0.9914942 0.9914939 0 0.1301527 0.9914939 0 0.1301527 0.9236432 0 0.3832535 0.8360254 -0.03226888 0.547741 0.7067075 -0.03345113 0.7067146 0.7536002 -0.02143478 0.6569834 0.6080371 -0.02186208 0.7936076 0.6581857 -0.01091104 0.7527765 0 0 1 0 0 -1 0 0 -1 0 0 1 0 0 1 0 -0.4387798 0.8985946 0 -0.4387798 0.8985946 0 -0.2695533 0.9629855 0 -0.2695533 0.9629855 0 -0.0901736 0.995926 0 -0.0901736 0.995926 0 0.4657145 0.884935 0 0.4657145 0.884935 0 0.1210086 0.9926515 0 0.1210086 0.9926515 0 0 1 0 0 -1 0 -0.1210086 0.9926515 0 -0.1210086 0.9926515 0 -0.239732 0.9708391 0 -0.239732 0.9708391 0 -0.3557083 0.9345971 0 -0.3557083 0.9345971 0 -0.4657142 0.8849352 0 -0.4657142 0.8849352 0 0 1 0 0 1 1 0 -0 1 0 -0 1 0 -0 1 0 -0 0.7071063 0 0.7071074 0 0.3557081 0.9345971 0 0.239732 0.970839 0 0.239732 0.970839 0 0 1 0 0 1 0 0 1 0 0 1 0 0 1 0 0 1 0 0 1 0 0 1 0 0 1 0 0 1 0 0 -1 0 0 -1 0.9914935 -3.23247e-07 -0.1301562 0.7071063 0 0.7071074 0.5736169 0 0.8191236 0.5799664 -0.009067237 0.8145899 0 0 -1 0 0 -1 0 0 -1 0 0 -1 0 0 -1 0 0 -1 0 0 -1 0 0 -1 0 0 -1 0 0 -1 0 0 -1 0 -0.3829178 -0.9237824 0.08722496 -1.73301e-06 0.9961887 0.08722347 0 0.9961888 0.258697 0 0.9659585 0.2501913 0.01020568 0.9681426 0.4157639 0.01043003 0.9094128 0.430831 -0.008915722 0.9023886 0.3832601 0 0.9236404 0.3832601 0 0.9236404 0.7916235 0 0.6110092 0.7918909 7.59607e-05 0.6106625 0.08722347 0 0.9961888 0 -0.3829178 -0.9237824 0 -0.6091554 -0.793051 0 -0.6091554 -0.793051 0 -0.7930502 -0.6091562 0 -0.7930502 -0.6091562 0 -0.9237833 -0.3829159 0 -0.9237833 -0.3829159 0 -0.9914771 -0.130281 0 -0.9914771 -0.130281 0 0 -1 0.3832535 0 0.9236432 0 0.0901736 0.995926 0.9914933 0 -0.1301581 0.9236426 0 -0.383255 0.9236426 0 -0.383255 0.9659199 0 0.2588414 0.9659199 0 0.2588414 0.9961931 0 0.08717477 0.9961931 0 0.08717477 0.1301536 0 0.9914938 0.1301536 0 0.9914938 0.7071068 0 0.7071068 0.3832535 0 0.9236432 0 0 -1 0 0 -1 1 0 -0 1 0 -0 0.868487 0.00066329 0.4957116 0.8665727 0 0.4990509 0.9914939 0 0.1301527 0.9914939 0 0.1301527 0.08722347 0 0.9961888 0.7071068 0 0.7071068 0 0 -1 1 0 -0 1 0 -0 -1 0 -0 1 0 -0 -1 0 -0 -1 -7.45065e-06 -0 -1 6.76393e-05 -5.81273e-05 -1 0 -0 -1 0 -0 -1 6.12978e-07 -0 -1 0 -0 -1 0 -0 -1 0 -0 -1 0 -0 -1 -8.25828e-05 -6.24953e-05 -1 0 -0 -1 0 -0 -1 0 -0 -1 0 -0 -1 0 -0 -1 -6.181e-07 -0 -1 5.83529e-06 -2.41927e-06 1 0 -0 1 0 -0 1 0 -0 1 0 -0 1 0 -0 1 0 -0 1 0 -0 1 0 -0 1 0 -0 1 0 -0 1 0 -0 1 0 -0 1 0 -0 1 0 -0 1 1.70376e-05 -1.94403e-05 1 0 -0 1 0 -0 1 0 -0 1 0 -0 1 0 -0 1 -1.76246e-05 3.90512e-05 -1 0 -0 -1 0 -0 -1 0 -0 -1 0 -0 0 -1 -0 0 -1 -0 0 1 -0 0 1 -0 0 -1 -0 0 -1 -0 0 -1 -0 0 -1 -0 0 1 -0 0 1 -0 0 1 -0 1 0 -0 1 0 -0 1 0 -0 -1 0 -0 1 0 -0</float_array>
          <technique_common>
            <accessor source="#link2_01-mesh-normals-array" count="1370" stride="3">
              <param name="X" type="float" />
              <param name="Y" type="float" />
              <param name="Z" type="float" />
            </accessor>
          </technique_common>
        </source>
        <vertices id="link2_01-mesh-vertices">
          <input semantic="POSITION" source="#link2_01-mesh-positions" />
        </vertices>
        <triangles material="link2_01_mat-material" count="1370">
          <input semantic="VERTEX" source="#link2_01-mesh-vertices" offset="0" />
          <input semantic="NORMAL" source="#link2_01-mesh-normals" offset="1" />
          <p>389 0 302 0 408 0 270 1 281 1 282 1 270 2 272 2 281 2 280 3 279 3 278 3 277 4 278 4 279 4 387 5 276 5 275 5 274 6 275 6 276 6 273 7 272 7 271 7 270 8 271 8 272 8 269 9 268 9 267 9 266 10 267 10 268 10 286 11 266 11 268 11 266 12 286 12 400 12 285 13 400 13 286 13 69 14 70 14 414 14 9 15 8 15 301 15 401 16 301 16 8 16 119 17 293 17 294 17 293 18 119 18 120 18 309 19 23 19 22 19 379 20 381 20 21 20 20 21 21 21 381 21 21 22 20 22 19 22 18 23 19 23 20 23 17 24 16 24 15 24 302 25 389 25 303 25 101 26 102 26 103 26 102 27 101 27 100 27 99 28 100 28 101 28 100 29 99 29 98 29 97 30 98 30 99 30 300 31 301 31 401 31 301 32 300 32 299 32 395 33 299 33 300 33 299 34 395 34 298 34 277 35 298 35 395 35 277 36 279 36 298 36 120 37 119 37 118 37 117 38 118 38 119 38 26 39 27 39 28 39 27 40 26 40 25 40 24 41 25 41 26 41 25 42 24 42 23 42 22 43 23 43 24 43 114 44 113 44 112 44 111 45 112 45 113 45 112 46 111 46 110 46 109 47 110 47 111 47 110 48 109 48 108 48 107 49 108 49 109 49 108 50 107 50 106 50 105 51 106 51 107 51 106 52 105 52 104 52 103 53 104 53 105 53 104 54 103 54 102 54 41 55 42 55 43 55 42 56 41 56 40 56 39 57 40 57 41 57 40 58 39 58 38 58 373 59 38 59 39 59 38 60 373 60 37 60 36 61 37 61 373 61 37 62 36 62 35 62 34 63 35 63 36 63 35 64 34 64 33 64 32 65 33 65 34 65 33 66 32 66 31 66 30 67 31 67 32 67 31 68 30 68 29 68 28 69 29 69 30 69 29 70 28 70 27 70 53 71 54 71 55 71 54 72 53 72 52 72 51 73 52 73 53 73 52 74 51 74 50 74 49 75 50 75 51 75 50 76 49 76 48 76 47 77 48 77 49 77 48 78 47 78 46 78 45 79 46 79 47 79 46 80 45 80 44 80 43 81 44 81 45 81 44 82 43 82 42 82 87 83 88 83 89 83 70 84 69 84 68 84 67 85 68 85 69 85 68 86 67 86 66 86 65 87 66 87 67 87 66 88 65 88 64 88 63 89 64 89 65 89 64 90 63 90 62 90 61 91 62 91 63 91 62 92 61 92 60 92 59 93 60 93 61 93 60 94 59 94 58 94 57 95 58 95 59 95 58 96 57 96 56 96 55 97 56 97 57 97 56 98 55 98 54 98 72 99 290 99 402 99 98 100 97 100 96 100 95 101 96 101 97 101 96 102 95 102 94 102 93 103 94 103 95 103 94 104 93 104 92 104 91 105 92 105 93 105 92 106 91 106 90 106 89 107 90 107 91 107 90 108 89 108 88 108 71 109 72 109 73 109 88 110 87 110 86 110 85 111 86 111 87 111 86 112 85 112 84 112 83 113 84 113 85 113 84 114 83 114 82 114 81 115 82 115 83 115 82 116 81 116 80 116 79 117 80 117 81 117 80 118 79 118 78 118 77 119 78 119 79 119 78 120 77 120 76 120 75 121 76 121 77 121 76 122 75 122 74 122 73 123 74 123 75 123 290 124 72 124 71 124 5 125 4 125 390 125 405 126 402 126 290 126 402 127 405 127 289 127 399 128 289 128 405 128 289 129 399 129 287 129 288 130 287 130 399 130 280 131 287 131 288 131 280 132 278 132 287 132 296 133 387 133 275 133 387 134 296 134 297 134 297 135 296 135 295 135 294 136 295 136 296 136 295 137 294 137 293 137 74 138 73 138 72 138 385 139 400 139 285 139 400 140 385 140 409 140 404 141 409 141 385 141 409 142 404 142 384 142 12 143 384 143 404 143 12 144 13 144 384 144 1 145 0 145 284 145 403 146 284 146 0 146 392 147 413 147 291 147 413 148 392 148 410 148 407 149 410 149 392 149 410 150 407 150 390 150 5 151 390 151 407 151 138 152 137 152 136 152 13 153 12 153 11 153 10 154 11 154 12 154 11 155 10 155 9 155 8 156 9 156 10 156 7 157 6 157 5 157 4 158 5 158 6 158 3 159 2 159 1 159 0 160 1 160 2 160 150 161 149 161 148 161 131 162 130 162 129 162 128 163 129 163 130 163 127 164 126 164 377 164 125 165 377 165 126 165 124 166 123 166 122 166 121 167 122 167 123 167 138 168 141 168 140 168 139 169 138 169 140 169 137 170 138 170 139 170 135 171 136 171 137 171 136 172 135 172 134 172 132 173 134 173 135 173 134 174 132 174 133 174 133 175 132 175 129 175 131 176 129 176 132 176 153 177 154 177 155 177 154 178 153 178 152 178 151 179 152 179 153 179 152 180 151 180 150 180 149 181 150 181 151 181 146 182 148 182 149 182 148 183 146 183 147 183 147 184 146 184 144 184 145 185 144 185 146 185 143 186 144 186 145 186 144 187 143 187 142 187 140 188 142 188 143 188 142 189 140 189 141 189 163 190 164 190 165 190 164 191 163 191 162 191 160 192 162 192 163 192 162 193 160 193 161 193 183 194 182 194 184 194 161 195 160 195 159 195 158 196 159 196 160 196 159 197 158 197 156 197 157 198 156 198 158 198 155 199 156 199 157 199 156 200 155 200 154 200 177 201 176 201 174 201 175 202 174 202 176 202 172 203 174 203 175 203 174 204 172 204 173 204 173 205 172 205 171 205 170 206 171 206 172 206 171 207 170 207 168 207 169 208 168 208 170 208 167 209 168 209 169 209 168 210 167 210 166 210 165 211 166 211 167 211 166 212 165 212 164 212 187 213 188 213 189 213 188 214 187 214 186 214 184 215 186 215 187 215 186 216 184 216 185 216 182 217 185 217 184 217 204 218 205 218 397 218 181 219 182 219 183 219 182 220 181 220 180 220 179 221 180 221 181 221 180 222 179 222 178 222 176 223 178 223 179 223 178 224 176 224 177 224 199 225 198 225 196 225 197 226 196 226 198 226 412 227 214 227 411 227 195 228 196 228 197 228 196 229 195 229 194 229 193 230 194 230 195 230 194 231 193 231 192 231 190 232 192 232 193 232 192 233 190 233 191 233 191 234 190 234 188 234 189 235 188 235 190 235 388 236 210 236 393 236 210 237 388 237 397 237 204 238 397 238 388 238 224 239 225 239 226 239 209 240 208 240 207 240 206 241 207 241 208 241 205 242 204 242 203 242 202 243 203 243 204 243 198 244 200 244 201 244 200 245 198 245 199 245 216 246 394 246 217 246 215 247 394 247 216 247 394 248 215 248 412 248 214 249 412 249 215 249 377 250 125 250 238 250 213 251 411 251 214 251 411 252 213 252 391 252 124 253 391 253 213 253 124 254 122 254 391 254 212 255 209 255 207 255 209 256 212 256 211 256 393 257 211 257 212 257 211 258 393 258 210 258 229 259 228 259 123 259 121 260 123 260 228 260 206 261 208 261 227 261 226 262 227 262 208 262 227 263 226 263 225 263 250 264 249 264 248 264 225 265 224 265 223 265 222 266 223 266 224 266 223 267 222 267 221 267 220 268 221 268 222 268 221 269 220 269 219 269 218 270 219 270 220 270 219 271 218 271 379 271 381 272 379 272 218 272 217 273 126 273 127 273 126 274 217 274 394 274 128 275 130 275 241 275 240 276 241 276 130 276 241 277 240 277 239 277 238 278 239 278 240 278 239 279 238 279 125 279 262 280 261 280 260 280 16 281 17 281 237 281 236 282 237 282 17 282 237 283 236 283 235 283 234 284 235 284 236 284 235 285 234 285 233 285 232 286 233 286 234 286 233 287 232 287 231 287 230 288 231 288 232 288 231 289 230 289 229 289 228 290 229 290 230 290 251 291 253 291 252 291 253 292 251 292 250 292 249 293 250 293 251 293 247 294 248 294 249 294 248 295 247 295 246 295 19 296 246 296 247 296 19 297 18 297 246 297 203 298 202 298 245 298 244 299 245 299 202 299 245 300 244 300 243 300 242 301 243 301 244 301 243 302 242 302 200 302 201 303 200 303 242 303 265 304 15 304 14 304 15 305 265 305 264 305 263 306 264 306 265 306 264 307 263 307 262 307 261 308 262 308 263 308 259 309 260 309 261 309 260 310 259 310 258 310 257 311 258 311 259 311 258 312 257 312 256 312 6 313 256 313 257 313 6 314 7 314 256 314 254 315 2 315 3 315 2 316 254 316 255 316 253 317 255 317 254 317 252 318 253 318 254 318 398 319 284 319 403 319 284 320 398 320 283 320 282 321 283 321 398 321 283 322 282 322 281 322 118 323 117 323 116 323 115 324 116 324 117 324 116 325 115 325 114 325 113 326 114 326 115 326 292 327 274 327 276 327 274 328 292 328 396 328 291 329 396 329 292 329 396 330 291 330 413 330 406 331 408 331 302 331 408 332 406 332 414 332 69 333 414 333 406 333 386 334 303 334 389 334 269 335 303 335 386 335 303 336 269 336 267 336 273 337 271 337 304 337 273 338 304 338 305 338 306 339 305 339 304 339 305 340 306 340 307 340 308 341 307 341 306 341 307 342 308 342 309 342 23 343 309 343 308 343 14 344 15 344 16 344 346 345 345 345 344 345 343 346 344 346 345 346 344 347 343 347 342 347 376 348 342 348 343 348 342 349 376 349 341 349 340 350 341 350 376 350 341 351 340 351 339 351 338 352 339 352 340 352 339 353 338 353 337 353 336 354 337 354 338 354 337 355 336 355 335 355 334 356 335 356 336 356 335 357 334 357 333 357 331 358 330 358 329 358 332 359 333 359 334 359 326 360 327 360 328 360 329 361 328 361 327 361 317 362 316 362 315 362 330 363 331 363 332 363 316 364 317 364 318 364 319 365 318 365 317 365 318 366 319 366 320 366 321 367 320 367 319 367 320 368 321 368 322 368 323 369 322 369 321 369 322 370 323 370 324 370 325 371 324 371 323 371 324 372 325 372 326 372 355 373 356 373 357 373 356 374 355 374 354 374 353 375 354 375 355 375 354 376 353 376 352 376 351 377 352 377 353 377 352 378 351 378 350 378 349 379 350 379 351 379 350 380 349 380 348 380 347 381 348 381 349 381 348 382 347 382 346 382 345 383 346 383 347 383 358 384 357 384 356 384 360 385 359 385 358 385 357 386 358 386 359 386 369 387 370 387 371 387 370 388 369 388 368 388 367 389 368 389 369 389 368 390 367 390 366 390 365 391 366 391 367 391 366 392 365 392 364 392 363 393 364 393 365 393 364 394 363 394 362 394 361 395 362 395 363 395 362 396 361 396 360 396 359 397 360 397 361 397 371 398 372 398 310 398 311 399 310 399 372 399 372 400 371 400 370 400 315 401 314 401 313 401 314 402 315 402 316 402 312 403 313 403 314 403 327 404 326 404 325 404 328 405 329 405 330 405 333 406 332 406 331 406 310 407 311 407 312 407 313 408 312 408 311 408 363 409 365 409 374 409 146 410 336 410 338 410 322 411 169 411 320 411 318 412 320 412 169 412 322 413 324 413 169 413 326 414 169 414 324 414 252 415 254 415 379 415 3 416 379 416 254 416 379 417 3 417 32 417 30 418 3 418 1 418 24 419 26 419 1 419 28 420 1 420 26 420 1 421 28 421 30 421 1 422 281 422 272 422 273 423 305 423 1 423 307 424 1 424 305 424 1 425 307 425 309 425 379 426 21 426 252 426 19 427 252 427 21 427 252 428 19 428 247 428 204 429 374 429 202 429 374 430 204 430 207 430 207 431 204 431 393 431 201 432 242 432 374 432 244 433 374 433 242 433 198 434 374 434 197 434 374 435 198 435 201 435 181 436 176 436 179 436 172 437 181 437 170 437 169 438 170 438 181 438 167 439 169 439 165 439 165 440 169 440 163 440 163 441 169 441 160 441 158 442 160 442 169 442 158 443 146 443 157 443 238 444 240 444 375 444 130 445 375 445 240 445 130 446 131 446 375 446 375 447 377 447 238 447 229 448 123 448 377 448 124 449 377 449 123 449 124 450 213 450 377 450 214 451 377 451 213 451 377 452 214 452 215 452 215 453 216 453 377 453 217 454 377 454 216 454 377 455 217 455 127 455 229 456 377 456 231 456 231 457 377 457 233 457 233 458 377 458 235 458 237 459 377 459 16 459 375 460 374 460 377 460 374 461 375 461 357 461 355 462 357 462 375 462 95 463 97 463 377 463 347 464 349 464 375 464 89 465 91 465 377 465 244 466 202 466 374 466 374 467 47 467 49 467 219 468 379 468 374 468 41 469 43 469 379 469 374 470 379 470 43 470 169 471 326 471 158 471 328 472 158 472 326 472 158 473 328 473 330 473 330 474 332 474 158 474 334 475 158 475 332 475 158 476 334 476 146 476 146 477 334 477 336 477 169 478 181 478 318 478 318 479 181 479 316 479 316 480 181 480 314 480 367 481 374 481 365 481 374 482 371 482 310 482 371 483 374 483 369 483 367 484 369 484 374 484 349 485 351 485 375 485 353 486 375 486 351 486 375 487 353 487 355 487 377 488 374 488 378 488 376 489 343 489 375 489 345 490 375 490 343 490 375 491 345 491 347 491 176 492 181 492 175 492 314 493 181 493 312 493 310 494 312 494 181 494 189 495 181 495 187 495 187 496 181 496 184 496 184 497 181 497 183 497 357 498 359 498 374 498 361 499 374 499 359 499 374 500 361 500 363 500 175 501 181 501 172 501 190 502 181 502 189 502 151 503 146 503 149 503 145 504 146 504 143 504 338 505 340 505 146 505 376 506 146 506 340 506 143 507 146 507 140 507 140 508 146 508 139 508 139 509 376 509 375 509 376 510 139 510 146 510 135 511 375 511 132 511 137 512 375 512 135 512 139 513 375 513 137 513 153 514 146 514 151 514 155 515 146 515 153 515 146 516 155 516 157 516 132 517 375 517 131 517 197 518 374 518 195 518 193 519 195 519 374 519 190 520 310 520 181 520 310 521 190 521 374 521 294 522 4 522 119 522 294 523 275 523 4 523 193 524 374 524 190 524 113 525 115 525 4 525 117 526 4 526 115 526 4 527 117 527 119 527 105 528 107 528 14 528 109 529 14 529 107 529 6 530 111 530 4 530 265 531 109 531 263 531 109 532 265 532 14 532 101 533 377 533 99 533 97 534 99 534 377 534 14 535 16 535 105 535 103 536 16 536 377 536 101 537 103 537 377 537 390 538 4 538 275 538 11 539 73 539 75 539 77 540 79 540 11 540 81 541 11 541 79 541 11 542 81 542 378 542 83 543 378 543 81 543 378 544 83 544 85 544 378 545 89 545 377 545 89 546 378 546 87 546 85 547 87 547 378 547 4 548 111 548 113 548 6 549 257 549 109 549 259 550 109 550 257 550 109 551 259 551 261 551 261 552 263 552 109 552 55 553 378 553 53 553 51 554 53 554 378 554 55 555 57 555 378 555 59 556 378 556 57 556 378 557 59 557 11 557 61 558 11 558 59 558 93 559 95 559 377 559 93 560 377 560 91 560 75 561 77 561 11 561 9 562 71 562 11 562 73 563 11 563 71 563 69 564 13 564 67 564 11 565 67 565 13 565 67 566 11 566 65 566 63 567 65 567 11 567 400 568 267 568 266 568 13 569 400 569 384 569 279 570 9 570 298 570 405 571 71 571 280 571 309 572 22 572 1 572 374 573 51 573 378 573 51 574 374 574 49 574 45 575 374 575 43 575 374 576 45 576 47 576 39 577 41 577 379 577 32 578 34 578 379 578 36 579 379 579 34 579 11 580 61 580 63 580 1 581 22 581 24 581 206 582 227 582 374 582 206 583 374 583 207 583 374 584 221 584 219 584 227 585 225 585 374 585 223 586 374 586 225 586 374 587 223 587 221 587 379 588 373 588 39 588 382 589 344 589 342 589 264 590 110 590 15 590 110 591 264 591 262 591 260 592 258 592 110 592 256 593 110 593 258 593 110 594 256 594 7 594 262 595 260 595 110 595 150 596 148 596 152 596 152 597 148 597 154 597 7 598 112 598 110 598 108 599 106 599 15 599 17 600 15 600 106 600 382 601 342 601 138 601 148 602 138 602 342 602 144 603 148 603 147 603 154 604 148 604 156 604 138 605 148 605 141 605 141 606 148 606 142 606 142 607 148 607 144 607 148 608 342 608 341 608 203 609 383 609 205 609 208 610 205 610 383 610 205 611 208 611 209 611 232 612 382 612 230 612 234 613 382 613 232 613 236 614 17 614 382 614 230 615 382 615 228 615 121 616 228 616 382 616 236 617 382 617 234 617 122 618 394 618 391 618 133 619 382 619 134 619 382 620 126 620 121 620 122 621 121 621 126 621 333 622 331 622 161 622 329 623 161 623 331 623 327 624 325 624 171 624 323 625 171 625 325 625 171 626 323 626 321 626 341 627 339 627 148 627 339 628 337 628 148 628 335 629 148 629 337 629 148 630 335 630 161 630 317 631 315 631 180 631 161 632 335 632 333 632 366 633 383 633 368 633 368 634 383 634 370 634 182 635 180 635 185 635 185 636 180 636 186 636 186 637 180 637 188 637 180 638 313 638 311 638 313 639 180 639 315 639 354 640 352 640 382 640 126 641 382 641 125 641 382 642 356 642 354 642 370 643 383 643 372 643 311 644 372 644 383 644 321 645 319 645 171 645 180 646 171 646 319 646 317 647 180 647 319 647 344 648 382 648 346 648 348 649 346 649 382 649 362 650 383 650 364 650 366 651 364 651 383 651 362 652 360 652 383 652 358 653 383 653 360 653 383 654 358 654 382 654 356 655 382 655 358 655 311 656 383 656 191 656 136 657 382 657 138 657 191 658 383 658 192 658 192 659 383 659 194 659 194 660 383 660 196 660 136 661 134 661 382 661 129 662 382 662 133 662 177 663 174 663 180 663 173 664 180 664 174 664 311 665 191 665 180 665 108 666 15 666 110 666 188 667 180 667 191 667 246 668 18 668 253 668 42 669 40 669 381 669 0 670 2 670 381 670 220 671 383 671 218 671 381 672 253 672 18 672 253 673 381 673 255 673 2 674 255 674 381 674 37 675 35 675 381 675 33 676 381 676 35 676 381 677 31 677 0 677 52 678 380 678 54 678 380 679 52 679 383 679 245 680 383 680 203 680 0 681 31 681 29 681 200 682 199 682 383 682 383 683 199 683 196 683 29 684 27 684 0 684 383 685 245 685 243 685 222 686 224 686 383 686 226 687 383 687 224 687 383 688 226 688 208 688 381 689 218 689 383 689 56 690 54 690 380 690 44 691 383 691 46 691 383 692 44 692 381 692 381 693 44 693 42 693 10 694 12 694 70 694 70 695 68 695 10 695 66 696 10 696 68 696 10 697 66 697 64 697 48 698 46 698 383 698 383 699 52 699 50 699 268 700 12 700 286 700 386 701 408 701 70 701 25 702 0 702 27 702 0 703 25 703 23 703 308 704 0 704 23 704 0 705 308 705 306 705 306 706 304 706 0 706 271 707 0 707 304 707 270 708 0 708 271 708 38 709 381 709 40 709 50 710 48 710 383 710 18 711 20 711 381 711 205 712 209 712 397 712 382 713 350 713 348 713 350 714 382 714 352 714 329 715 327 715 161 715 171 716 161 716 327 716 128 717 241 717 382 717 239 718 382 718 241 718 382 719 129 719 128 719 164 720 161 720 166 720 171 721 168 721 161 721 156 722 148 722 159 722 161 723 159 723 148 723 383 724 220 724 222 724 171 725 180 725 173 725 178 726 177 726 180 726 162 727 161 727 164 727 383 728 243 728 200 728 166 729 161 729 168 729 380 730 383 730 382 730 239 731 125 731 382 731 116 732 114 732 5 732 5 733 292 733 276 733 5 734 118 734 116 734 112 735 5 735 114 735 98 736 382 736 100 736 102 737 100 737 382 737 382 738 104 738 102 738 380 739 90 739 88 739 381 740 38 740 37 740 5 741 120 741 118 741 293 742 120 742 5 742 74 743 10 743 76 743 78 744 76 744 10 744 10 745 80 745 78 745 80 746 10 746 82 746 380 747 82 747 10 747 82 748 380 748 84 748 86 749 84 749 380 749 88 750 86 750 380 750 90 751 382 751 92 751 17 752 104 752 382 752 380 753 58 753 56 753 58 754 380 754 60 754 10 755 60 755 380 755 60 756 10 756 62 756 64 757 62 757 10 757 72 758 8 758 74 758 382 759 90 759 380 759 94 760 92 760 382 760 94 761 382 761 96 761 98 762 96 762 382 762 395 763 300 763 8 763 5 764 295 764 293 764 295 765 387 765 297 765 10 766 74 766 8 766 1 767 283 767 281 767 0 768 282 768 398 768 207 769 393 769 212 769 397 770 209 770 210 770 12 771 285 771 286 771 303 772 69 772 302 772 235 773 377 773 237 773 9 774 299 774 298 774 251 775 252 775 249 775 248 776 253 776 250 776 405 777 290 777 71 777 69 778 406 778 302 778 209 779 211 779 210 779 1 780 284 780 283 780 287 781 72 781 289 781 72 782 402 782 289 782 398 783 403 783 0 783 404 784 285 784 12 784 412 785 411 785 391 785 413 786 410 786 390 786 9 787 301 787 299 787 407 788 291 788 5 788 400 789 409 789 384 789 300 790 401 790 8 790 423 791 430 791 424 791 422 792 430 792 423 792 420 793 430 793 421 793 415 794 430 794 420 794 417 795 418 795 419 795 433 796 434 796 431 796 433 797 431 797 432 797 438 798 437 798 436 798 416 799 436 799 437 799 436 800 416 800 435 800 431 801 435 801 416 801 435 802 431 802 434 802 417 803 419 803 428 803 419 804 430 804 429 804 442 805 430 805 415 805 441 806 431 806 427 806 439 807 430 807 440 807 426 808 430 808 439 808 438 809 449 809 437 809 449 810 446 810 448 810 431 811 445 811 432 811 445 812 431 812 444 812 430 813 444 813 431 813 444 814 430 814 443 814 443 815 430 815 442 815 455 816 431 816 454 816 454 817 431 817 453 817 453 818 431 818 452 818 441 819 452 819 431 819 459 820 431 820 458 820 458 821 431 821 455 821 675 822 450 822 428 822 457 823 428 823 456 823 419 824 456 824 428 824 488 825 485 825 480 825 479 826 487 826 485 826 486 827 485 827 487 827 477 828 485 828 486 828 430 829 461 829 440 829 461 830 430 830 460 830 460 831 430 831 431 831 431 832 459 832 460 832 493 833 472 833 494 833 472 834 491 834 492 834 491 835 472 835 490 835 489 836 490 836 472 836 485 837 488 837 478 837 484 838 485 838 483 838 475 839 483 839 485 839 472 840 485 840 482 840 478 841 479 841 485 841 476 842 485 842 477 842 474 843 475 843 485 843 485 844 472 844 480 844 492 845 495 845 472 845 472 846 676 846 489 846 493 847 676 847 472 847 494 848 472 848 482 848 485 849 481 849 474 849 481 850 485 850 476 850 468 851 467 851 466 851 465 852 466 852 467 852 466 853 465 853 464 853 463 854 464 854 465 854 464 855 463 855 462 855 427 856 462 856 463 856 427 857 416 857 462 857 682 858 501 858 497 858 499 859 497 859 501 859 499 860 498 860 497 860 473 861 497 861 498 861 497 862 473 862 496 862 472 863 496 863 473 863 496 864 472 864 495 864 511 865 510 865 509 865 508 866 509 866 510 866 509 867 508 867 507 867 506 868 507 868 508 868 507 869 506 869 505 869 504 870 505 870 506 870 505 871 504 871 503 871 419 872 503 872 504 872 419 873 429 873 503 873 512 874 513 874 514 874 513 875 512 875 511 875 471 876 472 876 473 876 472 877 471 877 470 877 469 878 470 878 471 878 470 879 469 879 468 879 467 880 468 880 469 880 521 881 522 881 520 881 518 882 519 882 522 882 516 883 517 883 522 883 510 884 511 884 512 884 514 885 530 885 522 885 528 886 514 886 527 886 526 887 527 887 514 887 519 888 524 888 522 888 523 889 522 889 524 889 541 890 544 890 539 890 542 891 544 891 679 891 539 892 540 892 541 892 540 893 539 893 513 893 538 894 513 894 539 894 513 895 538 895 514 895 515 896 529 896 522 896 525 897 522 897 529 897 520 898 522 898 532 898 522 899 531 899 518 899 531 900 522 900 521 900 528 901 530 901 514 901 534 902 522 902 525 902 517 903 533 903 522 903 532 904 522 904 533 904 535 905 514 905 538 905 514 906 537 906 526 906 537 907 514 907 536 907 535 908 536 908 514 908 522 909 534 909 516 909 427 910 431 910 416 910 429 911 430 911 422 911 522 912 530 912 515 912 430 913 418 913 421 913 418 914 430 914 419 914 424 915 430 915 425 915 426 916 425 916 430 916 553 917 592 917 588 917 592 918 553 918 591 918 545 919 591 919 553 919 591 920 545 920 590 920 590 921 545 921 589 921 581 922 589 922 545 922 587 923 553 923 588 923 586 924 553 924 587 924 684 925 672 925 670 925 671 926 670 926 672 926 586 927 585 927 553 927 584 928 553 928 585 928 583 929 553 929 584 929 582 930 553 930 583 930 635 931 670 931 671 931 670 932 635 932 669 932 634 933 669 933 635 933 669 934 634 934 668 934 666 935 668 935 634 935 662 936 667 936 634 936 658 937 655 937 649 937 647 938 657 938 655 938 656 939 655 939 657 939 634 940 665 940 666 940 665 941 634 941 664 941 663 942 664 942 634 942 634 943 661 943 662 943 661 944 634 944 651 944 655 945 651 945 648 945 654 946 660 946 655 946 659 947 655 947 660 947 650 948 655 948 659 948 655 949 658 949 646 949 651 950 634 950 648 950 646 951 647 951 655 951 655 952 653 952 654 952 653 953 655 953 652 953 648 954 652 954 655 954 641 955 640 955 639 955 638 956 639 956 640 956 639 957 638 957 637 957 636 958 637 958 638 958 637 959 636 959 635 959 634 960 635 960 636 960 649 961 655 961 650 961 577 962 553 962 582 962 560 963 546 963 645 963 644 964 645 964 546 964 645 965 644 965 643 965 642 966 643 966 644 966 643 967 642 967 641 967 640 968 641 968 642 968 632 969 633 969 623 969 623 970 630 970 631 970 630 971 623 971 629 971 593 972 629 972 623 972 625 973 594 973 624 973 614 974 624 974 594 974 622 975 593 975 623 975 593 976 622 976 594 976 613 977 594 977 622 977 606 978 621 978 610 978 621 979 606 979 605 979 606 980 628 980 608 980 609 981 627 981 606 981 626 982 606 982 627 982 607 983 606 983 626 983 605 984 606 984 618 984 611 985 617 985 606 985 616 986 606 986 617 986 620 987 606 987 594 987 594 988 625 988 612 988 594 989 677 989 620 989 610 990 611 990 606 990 620 991 619 991 606 991 618 992 606 992 619 992 602 993 601 993 600 993 599 994 600 994 601 994 600 995 599 995 598 995 597 996 598 996 599 996 598 997 597 997 596 997 595 998 596 998 597 998 596 999 595 999 594 999 593 1000 594 1000 595 1000 615 1001 606 1001 616 1001 594 1002 613 1002 614 1002 566 1003 577 1003 604 1003 603 1004 604 1004 577 1004 604 1005 603 1005 602 1005 601 1006 602 1006 603 1006 581 1007 545 1007 580 1007 580 1008 545 1008 579 1008 579 1009 545 1009 578 1009 574 1010 578 1010 545 1010 608 1011 609 1011 606 1011 594 1012 606 1012 607 1012 566 1013 553 1013 577 1013 575 1014 576 1014 562 1014 574 1015 545 1015 560 1015 553 1016 566 1016 555 1016 573 1017 555 1017 566 1017 555 1018 573 1018 559 1018 557 1019 559 1019 573 1019 545 1020 572 1020 547 1020 572 1021 545 1021 571 1021 553 1022 571 1022 545 1022 571 1023 553 1023 570 1023 570 1024 553 1024 569 1024 569 1025 553 1025 568 1025 568 1026 553 1026 567 1026 554 1027 567 1027 553 1027 552 1028 563 1028 546 1028 563 1029 552 1029 562 1029 561 1030 562 1030 552 1030 560 1031 545 1031 546 1031 557 1032 686 1032 559 1032 554 1033 553 1033 556 1033 555 1034 556 1034 553 1034 546 1035 551 1035 552 1035 551 1036 546 1036 550 1036 549 1037 550 1037 546 1037 546 1038 545 1038 549 1038 548 1039 549 1039 545 1039 548 1040 545 1040 547 1040 508 1041 640 1041 506 1041 540 1042 513 1042 671 1042 446 1043 558 1043 448 1043 558 1044 446 1044 686 1044 685 1045 686 1045 446 1045 686 1046 685 1046 565 1046 447 1047 565 1047 685 1047 565 1048 447 1048 564 1048 438 1049 564 1049 447 1049 438 1050 559 1050 564 1050 635 1051 671 1051 513 1051 642 1052 506 1052 640 1052 567 1053 433 1053 568 1053 432 1054 568 1054 433 1054 568 1055 432 1055 569 1055 445 1056 569 1056 432 1056 569 1057 445 1057 570 1057 444 1058 570 1058 445 1058 555 1059 559 1059 436 1059 438 1060 436 1060 559 1060 521 1061 659 1061 531 1061 434 1062 554 1062 435 1062 554 1063 434 1063 567 1063 433 1064 567 1064 434 1064 519 1065 653 1065 524 1065 653 1066 519 1066 654 1066 518 1067 654 1067 519 1067 654 1068 518 1068 660 1068 531 1069 660 1069 518 1069 660 1070 531 1070 659 1070 416 1071 437 1071 566 1071 521 1072 650 1072 659 1072 479 1073 608 1073 487 1073 608 1074 479 1074 609 1074 571 1075 443 1075 572 1075 442 1076 572 1076 443 1076 429 1077 560 1077 503 1077 645 1078 503 1078 560 1078 503 1079 645 1079 505 1079 643 1080 505 1080 645 1080 516 1081 647 1081 517 1081 510 1082 638 1082 508 1082 640 1083 508 1083 638 1083 504 1084 644 1084 419 1084 546 1085 419 1085 644 1085 656 1086 525 1086 655 1086 525 1087 656 1087 534 1087 657 1088 534 1088 656 1088 534 1089 657 1089 516 1089 647 1090 516 1090 657 1090 638 1091 510 1091 636 1091 646 1092 517 1092 647 1092 517 1093 646 1093 533 1093 616 1094 476 1094 615 1094 476 1095 616 1095 481 1095 617 1096 481 1096 616 1096 481 1097 617 1097 474 1097 611 1098 474 1098 617 1098 474 1099 611 1099 475 1099 605 1100 484 1100 621 1100 507 1101 641 1101 509 1101 573 1102 566 1102 437 1102 525 1103 529 1103 655 1103 651 1104 655 1104 529 1104 417 1105 428 1105 551 1105 552 1106 551 1106 428 1106 610 1107 475 1107 611 1107 475 1108 610 1108 483 1108 505 1109 643 1109 507 1109 641 1110 507 1110 643 1110 556 1111 435 1111 554 1111 639 1112 509 1112 641 1112 509 1113 639 1113 511 1113 637 1114 511 1114 639 1114 511 1115 637 1115 513 1115 635 1116 513 1116 637 1116 514 1117 634 1117 512 1117 636 1118 512 1118 634 1118 512 1119 636 1119 510 1119 561 1120 450 1120 681 1120 625 1121 490 1121 612 1121 489 1122 612 1122 490 1122 612 1123 489 1123 677 1123 676 1124 677 1124 489 1124 677 1125 676 1125 620 1125 493 1126 620 1126 676 1126 620 1127 493 1127 619 1127 494 1128 619 1128 493 1128 450 1129 561 1129 451 1129 490 1130 625 1130 491 1130 675 1131 681 1131 450 1131 681 1132 675 1132 575 1132 678 1133 575 1133 675 1133 575 1134 678 1134 576 1134 541 1135 684 1135 679 1135 684 1136 541 1136 672 1136 540 1137 672 1137 541 1137 540 1138 671 1138 672 1138 514 1139 522 1139 634 1139 537 1140 665 1140 526 1140 441 1141 583 1141 452 1141 584 1142 452 1142 583 1142 452 1143 584 1143 453 1143 585 1144 453 1144 584 1144 453 1145 585 1145 454 1145 582 1146 441 1146 577 1146 427 1147 577 1147 441 1147 536 1148 666 1148 537 1148 665 1149 537 1149 666 1149 648 1150 634 1150 522 1150 664 1151 526 1151 665 1151 455 1152 586 1152 458 1152 622 1153 496 1153 613 1153 495 1154 613 1154 496 1154 613 1155 495 1155 614 1155 492 1156 614 1156 495 1156 614 1157 492 1157 624 1157 491 1158 624 1158 492 1158 624 1159 491 1159 625 1159 456 1160 562 1160 457 1160 552 1161 451 1161 561 1161 478 1162 609 1162 479 1162 609 1163 478 1163 627 1163 488 1164 627 1164 478 1164 627 1165 488 1165 626 1165 480 1166 626 1166 488 1166 480 1167 607 1167 626 1167 457 1168 576 1168 678 1168 576 1169 457 1169 562 1169 451 1170 552 1170 428 1170 456 1171 563 1171 562 1171 449 1172 573 1172 437 1172 573 1173 449 1173 557 1173 448 1174 557 1174 449 1174 557 1175 448 1175 558 1175 658 1176 533 1176 646 1176 533 1177 658 1177 532 1177 555 1178 436 1178 556 1178 435 1179 556 1179 436 1179 652 1180 524 1180 653 1180 465 1181 601 1181 463 1181 603 1182 463 1182 601 1182 463 1183 603 1183 427 1183 577 1184 427 1184 603 1184 649 1185 532 1185 658 1185 649 1186 520 1186 532 1186 523 1187 648 1187 522 1187 648 1188 523 1188 652 1188 524 1189 652 1189 523 1189 605 1190 485 1190 484 1190 544 1191 670 1191 539 1191 670 1192 544 1192 674 1192 543 1193 674 1193 544 1193 674 1194 543 1194 673 1194 542 1195 673 1195 543 1195 673 1196 542 1196 683 1196 679 1197 683 1197 542 1197 683 1198 679 1198 684 1198 591 1199 461 1199 592 1199 456 1200 419 1200 563 1200 546 1201 563 1201 419 1201 422 1202 574 1202 429 1202 560 1203 429 1203 574 1203 425 1204 580 1204 579 1204 425 1205 579 1205 424 1205 578 1206 424 1206 579 1206 424 1207 578 1207 423 1207 574 1208 423 1208 578 1208 423 1209 574 1209 422 1209 454 1210 585 1210 455 1210 586 1211 455 1211 585 1211 459 1212 588 1212 460 1212 592 1213 460 1213 588 1213 460 1214 592 1214 461 1214 416 1215 566 1215 462 1215 461 1216 591 1216 440 1216 590 1217 440 1217 591 1217 440 1218 590 1218 439 1218 589 1219 439 1219 590 1219 439 1220 589 1220 426 1220 581 1221 426 1221 589 1221 426 1222 581 1222 425 1222 580 1223 425 1223 581 1223 482 1224 485 1224 618 1224 605 1225 618 1225 485 1225 622 1226 623 1226 496 1226 497 1227 496 1227 623 1227 606 1228 615 1228 477 1228 476 1229 477 1229 615 1229 526 1230 664 1230 527 1230 587 1231 458 1231 586 1231 458 1232 587 1232 459 1232 588 1233 459 1233 587 1233 601 1234 465 1234 599 1234 467 1235 599 1235 465 1235 599 1236 467 1236 597 1236 469 1237 597 1237 467 1237 597 1238 469 1238 595 1238 471 1239 595 1239 469 1239 595 1240 471 1240 593 1240 473 1241 593 1241 471 1241 629 1242 593 1242 498 1242 473 1243 498 1243 593 1243 480 1244 472 1244 607 1244 594 1245 607 1245 472 1245 486 1246 606 1246 477 1246 663 1247 527 1247 664 1247 527 1248 663 1248 528 1248 667 1249 528 1249 663 1249 594 1250 472 1250 596 1250 470 1251 596 1251 472 1251 596 1252 470 1252 598 1252 468 1253 598 1253 470 1253 598 1254 468 1254 600 1254 466 1255 600 1255 468 1255 600 1256 466 1256 602 1256 464 1257 602 1257 466 1257 602 1258 464 1258 604 1258 462 1259 604 1259 464 1259 604 1260 462 1260 566 1260 572 1261 442 1261 547 1261 651 1262 529 1262 661 1262 515 1263 661 1263 529 1263 661 1264 515 1264 662 1264 530 1265 662 1265 515 1265 662 1266 530 1266 667 1266 528 1267 667 1267 530 1267 621 1268 483 1268 610 1268 483 1269 621 1269 484 1269 500 1270 680 1270 682 1270 680 1271 500 1271 632 1271 482 1272 618 1272 494 1272 415 1273 547 1273 442 1273 547 1274 415 1274 548 1274 420 1275 548 1275 415 1275 548 1276 420 1276 549 1276 421 1277 549 1277 420 1277 549 1278 421 1278 550 1278 418 1279 550 1279 421 1279 550 1280 418 1280 551 1280 417 1281 551 1281 418 1281 571 1282 570 1282 443 1282 501 1283 630 1283 499 1283 441 1284 582 1284 583 1284 606 1285 486 1285 628 1285 487 1286 628 1286 486 1286 628 1287 487 1287 608 1287 666 1288 536 1288 668 1288 535 1289 668 1289 536 1289 668 1290 535 1290 669 1290 538 1291 669 1291 535 1291 499 1292 629 1292 498 1292 629 1293 499 1293 630 1293 682 1294 631 1294 501 1294 630 1295 501 1295 631 1295 506 1296 642 1296 504 1296 644 1297 504 1297 642 1297 649 1298 650 1298 520 1298 521 1299 520 1299 650 1299 502 1300 632 1300 500 1300 632 1301 502 1301 633 1301 497 1302 633 1302 502 1302 497 1303 623 1303 633 1303 619 1304 494 1304 618 1304 631 1305 682 1305 680 1305 444 1306 443 1306 570 1306 670 1307 669 1307 539 1307 538 1308 539 1308 669 1308 685 1309 438 1309 447 1309 559 1310 565 1310 564 1310 30 1311 32 1311 3 1311 272 1312 273 1312 1 1312 204 1313 388 1313 393 1313 294 1314 296 1314 275 1314 6 1315 109 1315 111 1315 103 1316 105 1316 16 1316 275 1317 274 1317 390 1317 274 1318 396 1318 390 1318 396 1319 413 1319 390 1319 13 1320 69 1320 267 1320 69 1321 303 1321 267 1321 400 1322 13 1322 267 1322 71 1323 9 1323 279 1323 279 1324 280 1324 71 1324 280 1325 288 1325 405 1325 288 1326 399 1326 405 1326 379 1327 36 1327 373 1327 247 1328 249 1328 252 1328 7 1329 5 1329 112 1329 126 1330 394 1330 122 1330 394 1331 412 1331 391 1331 253 1332 248 1332 246 1332 381 1333 33 1333 31 1333 8 1334 72 1334 278 1334 72 1335 287 1335 278 1335 70 1336 12 1336 268 1336 268 1337 269 1337 70 1337 269 1338 386 1338 70 1338 386 1339 389 1339 408 1339 408 1340 414 1340 70 1340 270 1341 282 1341 0 1341 276 1342 387 1342 5 1342 5 1343 291 1343 292 1343 17 1344 106 1344 104 1344 278 1345 277 1345 8 1345 277 1346 395 1346 8 1346 295 1347 5 1347 387 1347 404 1348 385 1348 285 1348 407 1349 392 1349 291 1349 449 1350 438 1350 446 1350 451 1351 428 1351 450 1351 428 1352 457 1352 675 1352 457 1353 678 1353 675 1353 497 1354 502 1354 500 1354 500 1355 682 1355 497 1355 543 1356 544 1356 542 1356 544 1357 541 1357 679 1357 670 1358 674 1358 673 1358 673 1359 683 1359 670 1359 683 1360 684 1360 670 1360 667 1361 663 1361 634 1361 594 1362 612 1362 677 1362 623 1363 631 1363 680 1363 680 1364 632 1364 623 1364 562 1365 561 1365 681 1365 681 1366 575 1366 562 1366 557 1367 558 1367 686 1367 685 1368 446 1368 438 1368 559 1369 686 1369 565 1369</p>
        </triangles>
      </mesh>
    </geometry>
    <geometry id="link2_00-mesh" name="link2_00">
      <mesh>
        <source id="link2_00-mesh-positions">
          <float_array id="link2_00-mesh-positions-array" count="5850">-0.01357996 -0.03355467 -0.06287086 -0.01357996 -0.034141 -0.06250196 -0.01357996 -0.03481996 -0.05099999 -0.0135799 -0.03492939 -0.0452283 -0.01357996 -0.03204268 -0.05081266 -0.01357996 -0.03266197 -0.05360287 -0.01357996 -0.03283244 -0.05414843 -0.01357996 -0.0321241 -0.05326336 -0.01357996 -0.03480398 -0.06124895 -0.01357996 -0.0346052 -0.06194025 -0.01357996 -0.02811908 -0.0471909 -0.01357996 -0.02858096 -0.04757547 -0.01357996 -0.028683 -0.04822635 -0.01357996 -0.02834695 -0.04931896 -0.01357996 -0.02829396 -0.05016994 -0.01357996 -0.02846199 -0.05100697 -0.01357996 -0.02883899 -0.05177199 -0.01357996 -0.02939999 -0.052414 -0.01357996 -0.03010696 -0.05289095 -0.01357996 -0.03091299 -0.05316996 -0.01357972 -0.02771043 -0.047122 -0.01357066 -0.02171778 -0.04509824 -0.01351964 -0.021326 -0.04712164 -0.01357996 0.03400921 -0.06262552 -0.01357996 0.03328901 -0.0629459 -0.01357996 0.02849996 -0.06299996 -0.01357996 0.03281998 -0.06299996 -0.01357996 0.03280407 -0.05398833 -0.01357996 0.03481996 -0.06099998 -0.01357996 0.03171509 -0.0495212 -0.01357984 0.02827376 -0.04728806 -0.0135799 0.02790772 -0.04713177 -0.01357996 0.03091299 -0.05316996 -0.01357996 0.03010696 -0.05289095 -0.01357996 0.03217643 -0.05327475 -0.01357996 0.02939999 -0.052414 -0.01357996 0.02883899 -0.05177199 -0.01357996 0.02846199 -0.05100697 -0.01357996 0.02829498 -0.05017095 -0.01358002 0.03467488 -0.06180351 -0.01357996 0.03490495 -0.04522395 -0.01357996 0.03491407 -0.04705274 -0.01354116 0.02139616 -0.04510176 -0.0135042 0.02122771 -0.04712337 -0.01357996 0.02834796 -0.04931896 -0.01357996 0.02871221 -0.04814499 -0.01116645 -0.01905047 -0.04741984 -0.01115143 -0.01903367 -0.04540604 0.01308441 -0.0189926 -0.04848384 -0.008649468 -0.01899892 -0.04822325 -0.009114503 -0.01899921 -0.0477159 0.01703995 -0.01899898 -0.05099999 -0.0079723 -0.01899886 -0.05093604 0.01332885 -0.01898282 -0.05052757 -0.008555471 -0.01899915 -0.05028051 -0.01294237 0.02010309 -0.04517835 -0.01207995 0.01940298 -0.04730397 -0.01207995 0.01940298 -0.04528796 -0.01120644 0.01905602 -0.04741477 -0.01109528 0.0190255 -0.04541325 -0.01293063 0.02011185 -0.04719579 -0.01294237 -0.02010089 -0.04719394 -0.01207995 -0.01940095 -0.04528796 -0.01207995 -0.01940095 -0.04730397 -0.01341497 -0.02099913 -0.04511916 -0.01293063 -0.02010983 -0.04517948 0.01331782 0.01897805 -0.04851222 -0.008579969 0.01899999 -0.04774796 -0.008618772 0.01900112 -0.04817587 -0.009024441 0.01900094 -0.04773992 0.0223959 -0.009735822 -0.04966396 0.02239453 0.00986135 -0.04966378 0.02237564 -0.01016962 -0.05167758 0.02238208 0.009976625 -0.05167824 0.02195698 0.01200795 -0.04960799 0.02195698 0.01200795 -0.051624 0.02120798 0.01377195 -0.04951298 0.02120798 0.01377195 -0.05152899 0.02013599 0.01536196 -0.04937696 0.02013599 0.01536196 -0.05139297 0.018781 0.01671695 -0.049205 0.018781 0.01671695 -0.05122095 0.017192 0.01778894 -0.049003 0.017192 0.01778894 -0.05101895 0.01542699 0.01853799 -0.04877895 0.01542699 0.01853799 -0.05079495 0.01342546 0.01898211 -0.05053222 0.02213418 -0.01142144 -0.04962259 0.02181327 -0.01246088 -0.05160564 0.02165895 -0.01282596 -0.04956996 0.02104717 -0.01407766 -0.04949259 0.02123898 -0.013713 -0.05153298 0.02042877 -0.01500445 -0.05143022 0.01988571 -0.01566618 -0.04934525 0.01842564 -0.01700764 -0.04916012 0.01825886 -0.01712876 -0.05115485 0.01677507 -0.01801288 -0.04895013 0.01661777 -0.01808726 -0.05094617 0.01494133 -0.01868772 -0.04871737 0.01481384 -0.01871854 -0.05071723 0.01703995 0.01899898 -0.05099999 -0.008579194 0.0189988 -0.05022966 -0.007956743 0.01899898 -0.05095249 -0.001635372 0.03486377 -0.04811364 0.029558 0.01823657 -0.05066782 0.02940821 0.0186336 -0.050915 0.02779847 0.02088803 -0.05045914 0.02704095 0.02189695 -0.05099999 0.02564102 0.02342724 -0.05017095 0.02582371 0.02333498 -0.05040031 0.02376157 0.0254448 -0.05090177 0.0236147 0.02550399 -0.04993647 0.02146095 0.02732306 -0.04966223 0.02146649 0.02740848 -0.05104136 0.02064996 0.02787995 -0.04953896 0.01911401 0.02908402 -0.04955917 0.0184099 0.02941089 -0.04925805 0.01638323 0.03071033 -0.04963648 0.01637399 0.03062033 -0.04901504 0.01313626 0.03210902 -0.04858922 0.01375728 0.03197461 -0.04962968 0.01044821 0.0331211 -0.04826724 0.01080399 0.03309345 -0.04962456 0.008658945 0.03359794 -0.04802495 0.00777775 0.03392064 -0.04811549 0.005901515 0.03419899 -0.04767334 0.004672229 0.03451168 -0.04807502 0.004510998 0.03453594 -0.04769396 0.001462578 0.03482031 -0.04730474 0.003725945 0.03454095 -0.047405 -0.002348959 0.03481799 -0.04663997 -0.001913964 0.03491997 -0.04689496 0.001141369 0.03478044 -0.047082 -0.003663659 0.03493475 -0.04667383 -0.01357996 0.03481996 -0.05099999 0 0.02849996 -0.06299996 0.03084254 0.01210194 -0.06299453 0.026169 0.01128798 -0.06299996 0.008043169 -0.03205621 -0.06299221 0.009747982 -0.02678096 -0.06299996 0.0330128 0.001431882 -0.06299465 0.02845197 -0.001656949 -0.06299996 0.02806699 0.004948973 -0.06299996 0.02072995 0.01955795 -0.06299996 -0.01357996 -0.03281998 -0.06299996 -0.01357996 -0.02849996 -0.06299996 0 -0.02849996 -0.06299996 0.02706009 -0.0191574 -0.06298935 0.02468198 -0.01424998 -0.06299996 0.03016173 -0.0136438 -0.06298691 0.03244554 -0.006324827 -0.06299376 0.02806699 -0.004948973 -0.06299996 0.02845197 0.001656949 -0.06299996 0.00334382 -0.03296446 -0.06299078 0.003308951 -0.02830696 -0.06299996 0.01586878 -0.02902364 -0.06299 0.015661 -0.02381098 -0.06299996 0.022861 -0.01701897 -0.06299996 0.02072995 -0.01955795 -0.06299996 0.026169 -0.01128798 -0.06299996 0.02730298 -0.008174002 -0.06299996 0.02730298 0.008173942 -0.06299996 0.01901644 0.02712637 -0.0629903 0.015661 0.02381098 -0.06299996 0.006572961 -0.02773195 -0.06299996 0.01279097 -0.02546799 -0.06299996 0.02468198 0.01424998 -0.06299996 0.01259797 0.0308482 -0.0629605 0.009747982 0.02678096 -0.06299996 0.00327754 0.03294783 -0.06299418 0.02298802 -0.02379274 -0.06299138 0.01831895 -0.02183198 -0.06299996 0.022861 0.01701897 -0.06299996 0.01831895 0.02183198 -0.06299996 0.02414482 0.02270227 -0.06299209 0.01279097 0.02546894 -0.06299996 0.006572961 0.02773195 -0.06299996 0.003308951 0.02830696 -0.06299996 0.03118544 0.01532769 -0.05088329 0.02942347 -0.01845467 -0.05065047 0.02454727 -0.02453696 -0.0500319 0.02767479 -0.02099841 -0.05043292 0.0184139 -0.02940833 -0.04925811 0.02321499 -0.02579396 -0.04986399 -0.002341985 -0.03481698 -0.04663997 0.001490831 -0.03477102 -0.04712837 0.005895793 -0.03419995 -0.04767149 0.008662998 -0.03359699 -0.04802596 0.01043879 -0.0331161 -0.04826349 0.01322484 -0.03206944 -0.04860258 -0.001563727 -0.03486937 -0.04822021 -0.003278374 -0.0349031 -0.04669094 -0.001909971 -0.03491997 -0.04689496 0.004523813 -0.03452795 -0.04772841 0.003727972 -0.03453999 -0.04740494 0.001311838 -0.03483355 -0.04730874 0.007906973 -0.03388828 -0.04811477 0.008177638 -0.03384798 -0.04997706 0.01409852 -0.03183162 -0.04970884 0.01082324 -0.03308957 -0.04964762 0.01630365 -0.03072625 -0.04922765 0.01938879 -0.02889561 -0.04957884 0.01647096 -0.03052198 -0.04901099 0.01980698 -0.028638 -0.05099999 0.02065098 -0.02787798 -0.04953896 0.02195495 -0.02686899 -0.04970496 0.02389699 -0.0253089 -0.05103093 0.02372395 -0.02545499 -0.05009895 0.02142196 -0.02741098 -0.04980897 0.02180439 -0.02713108 -0.05086964 0.02580738 -0.02328693 -0.05021393 0.02668714 -0.02235251 -0.05103796 0.02796453 -0.02072745 -0.05074799 0.0297988 -0.01802688 -0.05098754 0.01725095 -0.03024595 -0.05099999 0.005928277 -0.0343126 -0.05089992 0.002949774 -0.03469586 -0.05090552 0.000955451 -0.03480434 -0.06116652 0.000150868 -0.03416675 -0.06248044 0.000208075 -0.03371864 -0.0627945 0.003793239 0.03438556 -0.0619722 0.00566864 0.03432226 -0.06146848 0.008807182 0.03368163 -0.06128382 0.008470237 0.03363549 -0.06173652 0.01096212 0.03301537 -0.06137835 0.01214492 0.03241604 -0.06190997 0.00974667 0.03319531 -0.06194537 0.01948243 0.02884501 -0.06132823 0.02027666 0.02804309 -0.06193381 0.02726489 0.02163761 -0.06134682 0.02810722 0.02018278 -0.06192797 0.02705043 0.02159804 -0.06191647 0.02856439 0.0188964 -0.06241542 0.02619475 0.02185964 -0.06254845 0.03208231 0.01345318 -0.06147992 0.03088021 0.01561117 -0.06195992 0.03474634 0.00213766 -0.06129437 0.03451734 0.002468883 -0.06194025 0.03426617 0.005005896 -0.06188207 0.03401315 0.002427518 -0.06255435 0.03363889 0.005680084 -0.06255197 0.03189504 -0.01380974 -0.0615617 0.02684992 -0.02215969 -0.06130021 0.02591657 -0.02294123 -0.06192064 0.02448886 -0.02393966 -0.06241542 0.02653759 -0.02163666 -0.0624141 0.005692839 -0.03434562 -0.06128638 0.007407248 -0.03388464 -0.06173723 0.006594479 -0.03375762 -0.06226116 0.003408133 -0.0346024 -0.06151396 0.000287881 -0.03459471 -0.06194877 0.0036062 -0.0335772 -0.06277942 0.004836559 -0.03434723 -0.06173551 0.003705203 -0.03418511 -0.06228756 0.009286582 -0.03331571 -0.06197792 0.008953034 -0.0336433 -0.06126892 0.007546067 -0.03289729 -0.06279599 0.0108816 -0.03158503 -0.06292426 0.01093965 -0.03229534 -0.0625717 0.01141303 -0.03283768 -0.06153821 0.01323592 -0.03219097 -0.06133079 0.01445996 -0.03047555 -0.06280153 0.01348268 -0.03147339 -0.0624147 0.01534587 -0.03100693 -0.06196159 0.01293486 -0.03209906 -0.06193894 0.01565277 -0.03108441 -0.06128668 0.01725274 -0.03019779 -0.06150054 0.01641041 -0.02990514 -0.06255155 0.02122688 -0.02577263 -0.06293028 0.01869583 -0.02790182 -0.06285941 0.01955533 -0.02788656 -0.06258946 0.02394521 -0.02497613 -0.06195443 0.02174925 -0.02659791 -0.06231057 0.01880902 -0.02902299 -0.06198573 0.02458465 -0.0246489 -0.06126528 0.02215641 -0.02685481 -0.06134229 0.02255207 -0.02635246 -0.06173717 0.02050405 -0.02797633 -0.0617358 0.01924574 -0.0290054 -0.06130433 0.02453404 -0.02322018 -0.06278264 0.02205348 -0.02577239 -0.0626744 0.02725595 -0.01998507 -0.06276077 0.02761703 -0.02087068 -0.06191325 0.02808773 -0.01958113 -0.06241482 0.02910917 -0.01872164 -0.06192117 0.02897799 -0.01928591 -0.06133472 0.02885073 -0.01749974 -0.0627892 0.02981442 -0.01685458 -0.06241583 0.03067392 -0.01581186 -0.06209486 0.03049564 -0.01669287 -0.06151187 0.03105509 -0.01573306 -0.06124347 0.0321899 -0.01264983 -0.06196635 0.03159123 -0.01191794 -0.06278216 0.03017908 -0.01507186 -0.06279611 0.03211873 -0.009216547 -0.06291937 0.03274458 -0.009582459 -0.06255215 0.03380489 -0.007404744 -0.06196391 0.03295481 -0.01058399 -0.06192123 0.0315327 -0.01336741 -0.06241542 0.03251177 -0.01244574 -0.06124186 0.03353708 -0.009380578 -0.06126821 0.03347021 -0.006581246 -0.06254148 0.03417617 -0.006397843 -0.06152105 0.03304797 -0.005891799 -0.06286126 0.03393298 -0.003348648 -0.06256872 0.03437161 -0.004076302 -0.06191384 0.03445124 -0.004948616 -0.06137496 0.03333091 -0.002207517 -0.062922 0.03476095 -0.001814782 -0.06125158 0.03459358 -0.001323103 -0.06191462 0.03478521 -1.23424e-05 -0.06139367 0.03459829 0.000574087 -0.06192791 0.0341137 -7.21308e-05 -0.06254053 0.03357321 0.00105673 -0.06285744 0.03438836 0.005469202 -0.06129568 0.03301554 0.005113184 -0.06292295 0.03360289 0.008244097 -0.06196236 0.03306329 0.008898317 -0.06241458 0.0336464 0.0089643 -0.06122183 0.03260821 0.008648872 -0.06279993 0.03224354 0.01200264 -0.0622543 0.03318929 0.01034271 -0.06153571 0.03251749 0.01241707 -0.0612626 0.03200298 0.01123785 -0.06267517 0.03095269 0.01340585 -0.06280285 0.0286386 0.01716607 -0.06292808 0.02910763 0.01871502 -0.06193369 0.02977758 0.01651722 -0.06259834 0.0313456 0.013776 -0.06241506 0.03096938 0.01589882 -0.06125128 0.03019893 0.01724499 -0.0614888 0.0292378 0.01890099 -0.06126171 0.02747416 0.01955467 -0.06279975 0.02525097 0.02368891 -0.06189799 0.02421349 0.024001 -0.06256544 0.02498728 0.0242266 -0.06132245 0.02359366 0.02555507 -0.06148105 0.02412772 0.02341723 -0.06285357 0.02163386 0.02632302 -0.06257927 0.02267754 0.02613925 -0.06195211 0.02182739 0.02711409 -0.06127005 0.01943922 0.02755582 -0.06281185 0.01598024 0.03009629 -0.06258034 0.01537531 0.03100019 -0.06194996 0.0180121 0.02929133 -0.06226706 0.02007079 0.02773886 -0.06241559 0.01812732 0.02957165 -0.06173598 0.01609623 0.03087049 -0.06131386 0.01334375 0.03140097 -0.06253588 0.01323539 0.03218501 -0.06143528 0.01604539 0.02948671 -0.06286084 0.008925199 0.0321806 -0.06292569 0.01032108 0.03247576 -0.06258177 0.002177119 0.03407752 -0.06251925 0.005834102 0.03373897 -0.06241476 0.007585346 0.03353124 -0.0622859 0.006139099 0.03319025 -0.06279069 0.001753568 0.03478366 -0.06128156 0.0008349 0.0346024 -0.06192994 0.002025008 0.0337643 -0.06275349 0.03118336 -0.01531445 -0.05088353 0.03242254 -0.01256275 -0.0510239 0.03362494 -0.009009957 -0.05126297 0.03438198 -0.005445957 -0.05129098 0.03439837 -0.004628539 -0.05109697 0.03471183 -0.001684725 -0.05112826 0.03435277 0.005299866 -0.05111235 0.0337482 0.008108615 -0.05107921 0.03362494 0.009009957 -0.05126297 0.03276997 0.01146596 -0.05103194 0.03240579 0.01258277 -0.05102211 0.03299295 0.01019096 -0.05094397 0.03116399 -0.000256004 -0.050776 0.03301799 -0.000153004 -0.05094498 0.03470611 0.00128293 -0.05112683 0.03299295 -0.01018095 -0.05094295 0.03334599 -0.009655952 -0.05106794 0.03390002 -0.007398366 -0.0510832 0.03285598 -0.01121699 -0.05103796 0.03326696 0.009928941 -0.05106395 -0.04810738 0.00606352 0.005252003 -0.02809995 0.006040573 0.005307495 -0.04805546 0.007010877 0.003886401 -0.04805082 0.007642507 0.002411603 -0.04639995 0.006927967 0.003999948 -0.04639995 0.007726967 0.002070963 -0.04805588 0.007974267 0.000818145 -0.04639995 0.007999956 -0 -0.04805463 0.007645368 -0.002407193 -0.04639995 0.007726967 -0.002070963 -0.04804795 0.007972002 -0.000810192 -0.04805272 0.007012248 -0.003881871 -0.04639995 0.006927967 -0.003999948 -0.04804843 0.006090641 -0.005207836 -0.04639995 0.005656957 -0.005656957 -0.0480566 0.00491327 -0.006334066 -0.04639995 0.003999948 -0.006927967 -0.0480594 0.002023637 -0.007757902 -0.04639995 0.002070963 -0.007726967 -0.04804772 0.003530561 -0.007193565 -0.04805588 0.000404721 -0.008006453 -0.04639995 0 -0.007999956 -0.04639995 -0.002070963 -0.007726967 -0.04815 -0.001191914 -0.007962405 -0.04805439 -0.004245698 -0.006799101 -0.04639995 -0.003999948 -0.006927967 -0.04811972 -0.002759635 -0.007545351 -0.04805123 -0.005513131 -0.005816757 -0.04639995 -0.005656957 -0.005656957 -0.04804962 -0.006568372 -0.00459063 -0.04639995 -0.006927967 -0.003999948 -0.04805743 -0.00736314 -0.003169715 -0.04639995 -0.007726967 -0.002070963 -0.04804873 -0.007848918 -0.001614272 -0.04639995 -0.007999956 -0 -0.04813319 -0.008041262 2.43301e-07 -0.04805815 -0.007851243 0.00162214 -0.04639995 -0.007726967 0.002070963 -0.04639995 -0.006927967 0.003999948 -0.04806798 -0.00737977 0.003143787 -0.04639929 -0.006088018 0.005220353 -0.04803782 -0.006590306 0.004550337 -0.04796963 -0.005530238 0.005782365 -0.04805141 -0.004244327 0.006798505 -0.02809995 -0.003999948 0.006927967 -0.04812073 -0.002777636 0.007536351 -0.02809995 -0.002070963 0.007726967 -0.04805541 0.000414031 0.008005917 -0.02809995 0 0.007999956 -0.04805773 -0.00122404 0.007922947 -0.04805439 0.00202012 0.007756173 -0.02809995 0.002070963 0.007726967 -0.04805034 0.003521323 0.007199347 -0.02809995 0.003999948 0.006927967 -0.04805719 0.004900634 0.006344139 -0.02787697 0.03522199 -0.03525996 -0.0284 0.03512096 -0.03527498 -0.02507895 0.03418797 -0.03973197 -0.02503699 0.03383499 -0.04191696 -0.0247997 0.03320783 -0.04667901 -0.02829521 0.03184711 -0.04668647 -0.0284 0.03219699 -0.04423499 -0.024881 0.03347998 -0.04427397 -0.02096068 0.03422635 -0.04668587 -0.01722806 0.03478449 -0.04665642 -0.01357996 0.03494459 -0.04649066 -0.01557993 0.03478121 -0.04968643 -0.01740497 0.03490298 -0.04478198 -0.01654183 0.03485262 -0.0448051 -0.021375 0.03453296 -0.04312497 -0.01979112 0.0345866 -0.04373788 -0.02122497 0.03441494 -0.04427897 -0.01900696 0.03477698 -0.04426395 -0.02309298 0.03435397 -0.04192495 -0.02253299 0.03430694 -0.04207795 -0.02137696 0.03442996 -0.04286396 -0.0284 0.03330397 -0.03947997 -0.02544695 0.03425896 -0.03959196 -0.0284 0.03300398 -0.04062896 -0.0284 0.03267794 -0.04187399 -0.03083604 0.03145992 -0.04318958 -0.0285353 0.03458464 -0.03617805 -0.0284 0.03413599 -0.03733998 -0.02694398 0.03455096 -0.03735095 -0.0284 0.03380799 -0.038176 -0.02655369 0.03440755 -0.03754055 -0.02579796 0.03423398 -0.038724 -0.02839982 0.03616416 -0.03343528 -0.0353291 0.02422159 -0.06280481 -0.03527605 0.02500808 -0.0629788 -0.01465976 0.02444171 -0.06299722 -0.03104442 0.02819693 -0.0629822 -0.02643191 0.03046524 -0.06299 -0.01750111 0.03283268 -0.06299209 -0.01357996 -0.03301799 -0.04509699 -0.01584863 -0.03300303 -0.0447967 -0.01557999 -0.03475522 -0.05319589 -0.01720815 -0.03478938 -0.04668754 -0.01557999 -0.03488093 -0.04669713 -0.021151 -0.03419333 -0.04669153 -0.02468246 -0.03324645 -0.0466662 -0.02835649 -0.03182137 -0.04668176 -0.03082764 -0.03147023 -0.04316252 -0.0284 -0.03220099 -0.04423195 -0.02488195 -0.03347998 -0.04425895 -0.025038 -0.033836 -0.04189199 -0.0284 -0.03267496 -0.04186797 -0.02788096 -0.03522497 -0.03524595 -0.02792716 -0.03549265 -0.03437471 -0.0284 -0.03511995 -0.03526395 -0.02840024 -0.03616863 -0.03342819 -0.0284 -0.03413897 -0.03733295 -0.027085 -0.03465098 -0.03652495 -0.02751052 -0.03498536 -0.03553766 -0.02547097 -0.03425395 -0.03955996 -0.02849644 -0.03327149 -0.03952246 -0.02655363 -0.03440779 -0.03754854 -0.02695494 -0.03455096 -0.03732794 -0.023135 -0.03434497 -0.04189097 -0.02359998 -0.03420799 -0.04119896 -0.02137696 -0.03442597 -0.04286396 -0.02122795 -0.034415 -0.04425394 -0.02137297 -0.03452897 -0.04312497 -0.01649981 -0.03484886 -0.04481208 -0.01740396 -0.03490096 -0.04478198 -0.01908397 -0.03476798 -0.04423499 -0.01357984 -0.03492945 -0.04645758 -0.01842331 -0.03278207 -0.06299018 -0.01484543 -0.02433037 -0.06297731 -0.03117507 -0.02807193 -0.06298995 -0.03503274 -0.02483671 -0.06299954 -0.04356187 0.0134325 -0.06262362 -0.04337882 0.01375144 -0.05104917 -0.0247727 0.03085762 -0.05475139 -0.02730488 0.02981227 -0.05447924 -0.02692896 0.02998298 -0.06099998 -0.03652751 -0.02349895 -0.06261432 -0.03793936 -0.02204293 -0.06262516 -0.03242552 -0.02687186 -0.05113363 -0.03186506 -0.02725636 -0.05215805 -0.034895 -0.02495598 -0.06099998 -0.03825497 -0.02164 -0.05099999 -0.0352689 -0.02460384 -0.05056244 -0.03079998 -0.02794945 -0.05317085 -0.031093 -0.02775698 -0.06099998 -0.0290569 -0.02894532 -0.05402582 -0.02692896 -0.02998298 -0.06099998 -0.02658891 -0.03013914 -0.05458104 -0.02248895 -0.03158795 -0.06099998 -0.0231201 -0.03143262 -0.05480128 -0.01357996 -0.03281998 -0.05479699 -0.01786398 -0.03253895 -0.05479699 -0.01786398 -0.03253895 -0.06099998 -0.03100967 0.02781122 -0.05300766 -0.034895 0.024957 -0.06099998 -0.031093 0.02775698 -0.06099998 -0.03200197 0.02716541 -0.05198556 -0.03487384 0.02497488 -0.05101341 -0.03245216 0.02685153 -0.05105125 -0.02955663 0.02867263 -0.05384355 -0.02248895 0.03158795 -0.06099998 -0.02250796 0.03158199 -0.054798 -0.01357996 0.03281998 -0.054798 -0.01786398 0.03253895 -0.06099998 -0.01786398 0.03253895 -0.054798 -0.03624588 0.0237264 -0.06251972 -0.03825497 0.02164 -0.05099999 -0.03681194 0.02306497 -0.05099999 -0.04257816 0.01543259 -0.06261867 -0.04111784 0.01784324 -0.05096608 -0.04092216 0.01821154 -0.06256222 -0.03897166 0.02083617 -0.06261628 -0.04503715 0.009347617 -0.05123406 -0.04513305 0.009129405 -0.06261748 -0.04606699 -0.004612505 -0.0502597 -0.04603463 -0.005012452 -0.06256318 -0.04630279 -0.002696871 -0.06255865 -0.0463882 -6.63887e-07 -0.05157095 -0.04632049 0.002549171 -0.06255692 -0.04605495 0.004710972 -0.051068 -0.04602414 0.004958033 -0.06247639 -0.04506313 0.009309172 -0.04905015 -0.03947198 -0.02003198 -0.05099999 -0.04110354 -0.01786577 -0.05113196 -0.04062551 -0.01865029 -0.06262362 -0.04271882 -0.01512938 -0.04968339 -0.04225695 -0.01603096 -0.06256258 -0.0434609 -0.01361137 -0.04932409 -0.0435267 -0.01344758 -0.06254094 -0.04418665 -0.01165848 -0.05096131 -0.0450468 -0.009294629 -0.05119711 -0.0450828 -0.009316742 -0.06262701 -0.04639995 -0.01733195 0.005199968 -0.04639995 0.01899999 -0.018 -0.04639935 0.02792745 -0.01799947 -0.04639995 -0.02786701 -0.01799988 -0.04640036 0.02648138 -0.02000015 -0.04639995 0.01899999 -0.01999998 -0.04640078 -0.01510262 -0.02964264 -0.04639995 -0.01899999 -0.01999998 -0.04639995 -0.02996695 -0.01422399 -0.04639995 0.01525968 -0.02955389 -0.04639995 -0.03146797 -0.01049494 -0.04639995 -0.00633198 0.01880997 -0.04639995 -0.01759195 0.02812296 -0.04639995 0.003454983 0.009383976 -0.04639995 0.004731953 0.00880897 -0.04639995 0.004731953 0.01880997 -0.04639995 -0.03048098 0.01308798 -0.04639995 -0.03183996 0.009305 -0.04639995 -0.03273099 0.005385994 -0.04639995 -0.03314298 0.001387 -0.04639995 -0.02086395 0.02578794 -0.04639995 -0.02382999 0.02307599 -0.04639995 -0.007331967 0.006799995 -0.04639995 -0.02644598 0.020024 -0.04639995 -0.02867394 0.01667797 -0.04639995 0.03173696 -0.009648978 -0.04639995 0.03267097 -0.005739986 -0.04639995 0.01733195 0.005199968 -0.04639995 0.03312599 -0.001745998 -0.04639995 0.03309398 0.002272963 -0.04639995 -0.03306698 -0.002631962 -0.04639995 -0.03250598 -0.006611943 -0.04639995 -0.004731953 0.01880997 -0.04639995 0.001566946 0.03313499 -0.04639995 -0.002451956 0.03308099 -0.04639995 0.01852899 -0.02751398 -0.04640036 -0.02650547 -0.02000045 -0.04639995 -0.02345597 -0.02345496 -0.04639995 -0.00643599 0.03254097 -0.04639995 -0.010324 0.031524 -0.04639995 -0.01406097 0.03004395 -0.04639995 -0.003454983 0.009383976 -0.04639995 -0.001172959 0.009930968 -0.04639995 0.001172959 0.009930968 -0.04639995 0.007331967 0.006799995 -0.04639995 0.01733195 0.006799995 -0.04639995 0.02821695 0.01743894 -0.04639995 0.03033697 -0.013417 -0.04639995 -0.02100497 -0.02567398 -0.04639995 -0.01834499 -0.02763694 -0.04639995 0.01325297 0.03040897 -0.04639995 0.009476959 0.031789 -0.04639995 0.005562961 0.03270196 -0.04639995 0.02590095 0.02072399 -0.04639995 0.02320396 0.02370494 -0.04639995 0.02016699 0.02633696 -0.04639995 0.016833 0.02858299 -0.04639995 0.02134698 -0.02539098 -0.04639995 0.02392196 -0.02297997 -0.04639995 0.03257596 0.006258964 -0.04639995 0.03157997 0.01015299 -0.04639995 0.03011995 0.01389795 -0.04639995 0.006093323 0.005219221 -0.03257197 0.04253196 -0.01999998 -0.03983807 0.03434258 -0.01999992 -0.03257197 0.04036897 -0.02406996 -0.03257244 0.03714984 -0.0287919 -0.03255641 0.03538531 -0.031008 -0.04455655 0.01948291 -0.02910393 -0.04124015 0.02412617 -0.02985042 -0.04132014 -0.02410703 -0.02973002 -0.04128438 -0.017659 -0.04924875 -0.03972721 -0.02009421 -0.04648244 -0.04126197 -0.01817798 -0.04470294 -0.03442633 -0.0255497 -0.04814857 -0.04000163 -0.02133488 -0.03801244 -0.03233754 -0.0297777 -0.04011392 -0.03229248 -0.02845162 -0.04336386 -0.03377699 -0.02750396 -0.04203295 -0.03223031 -0.02735894 -0.04751431 -0.04340481 -0.01444458 -0.04490447 -0.04421257 -0.01385426 -0.04059255 -0.04311996 -0.01583898 -0.04096096 -0.04535025 -0.01710265 -0.02974271 -0.03637403 -0.02684146 -0.03598624 -0.03583896 -0.02834099 -0.03455895 -0.04041796 -0.01997298 -0.04131096 -0.04166495 -0.0189808 -0.03797984 -0.04204893 -0.01899999 -0.03599995 -0.04301697 -0.018018 -0.03450095 -0.04061096 -0.02114146 -0.03599977 -0.04165166 -0.02043646 -0.03398197 -0.03958898 -0.02291297 -0.03517198 -0.03243196 -0.03190398 -0.03599995 -0.03247338 -0.03291136 -0.03438925 -0.03587478 -0.02936595 -0.03291201 -0.03253597 -0.03490555 -0.031614 -0.03655803 -0.03015255 -0.03074586 -0.04509973 -0.01620763 -0.0311073 -0.04632979 -0.01385486 -0.03088563 -0.04583781 -0.01332128 -0.03327572 -0.04468655 -0.01552003 -0.0334562 -0.04505032 -0.01339036 -0.03675472 -0.04409736 -0.01533222 -0.03655183 -0.04229277 -0.01639533 -0.04546844 -0.03267246 -0.02671837 -0.05006784 -0.03266215 -0.02682656 -0.04892402 -0.03222346 -0.02787262 -0.04541492 -0.03378641 -0.02646923 -0.04570215 -0.03378695 -0.02864897 -0.03903597 -0.03667545 -0.02559727 -0.03800064 -0.03544795 -0.02507299 -0.04505896 -0.03631263 -0.02488452 -0.04180479 -0.03888595 -0.02191996 -0.04153698 -0.03753978 -0.02257293 -0.04821252 -0.03804254 -0.02234643 -0.04509174 -0.04182696 -0.017946 -0.04112696 -0.04363751 -0.0209673 -0.02919358 -0.03973197 -0.02336996 -0.03381699 -0.03990924 -0.02417749 -0.03207343 -0.04177671 -0.02157777 -0.03168821 -0.03994774 -0.02574753 -0.0301823 -0.0433492 -0.01847243 -0.03245556 -0.04366123 -0.01936477 -0.03053802 -0.03256416 -0.03706496 -0.02890336 -0.03257197 -0.03971099 -0.025141 -0.03973913 -0.03447824 -0.01999992 -0.03257125 -0.04253482 -0.0200001 -0.03623408 0.02389383 -0.04824548 -0.035474 0.02504694 -0.04505896 -0.04068255 0.01857781 -0.0489667 -0.04208552 0.01657247 -0.04662609 -0.03245091 0.03256714 -0.03494662 -0.03250408 0.03388905 -0.0329926 -0.03592026 0.02865004 -0.03385901 -0.04636663 0.01406288 -0.03062677 -0.04609853 0.01343947 -0.03213983 -0.04500436 0.01559174 -0.03225439 -0.04276794 0.01503676 -0.04965132 -0.04205369 0.01898103 -0.03602206 -0.04165416 0.01899838 -0.03799951 -0.03994417 0.02205812 -0.03599512 -0.04139178 0.02076315 -0.03410613 -0.03746962 0.02461141 -0.03800046 -0.03987252 0.02151161 -0.0380001 -0.03888499 0.02191996 -0.041538 -0.04040497 0.019988 -0.04131495 -0.04180598 0.01797598 -0.04113298 -0.03241801 0.03075116 -0.03800082 -0.0341953 0.02824306 -0.0389139 -0.03234785 0.02964061 -0.04038035 -0.03229576 0.02801686 -0.04475468 -0.03232234 0.02882862 -0.04235589 -0.03381794 0.02746295 -0.04203099 -0.03224384 0.02732747 -0.04757386 -0.03372192 0.02652144 -0.04575055 -0.03375709 0.02598613 -0.04889506 -0.03266376 0.02682095 -0.04895877 -0.03267306 0.02671837 -0.05006736 -0.04309397 0.015881 -0.04096698 -0.0439682 0.01402533 -0.04187995 -0.04319453 0.01468294 -0.04594558 -0.04406726 0.01555752 -0.03594112 -0.04497396 0.01344996 -0.03715497 -0.04459589 0.01362323 -0.0388621 -0.04540711 0.0132929 -0.0351957 -0.04517596 0.01635795 -0.030788 -0.03600704 0.03052979 -0.03118413 -0.03630483 0.02693337 -0.03599888 -0.03243499 0.03189998 -0.03599995 -0.0397517 0.02007395 -0.04638022 -0.03634506 0.02485018 -0.04179799 -0.03804391 0.0223453 -0.04509341 -0.04124599 0.01820099 -0.04470598 -0.038329 0.02167797 -0.04809296 -0.03979647 0.02367299 -0.03308862 -0.04000645 0.02491194 -0.03096729 -0.04335278 0.01847589 -0.03243345 -0.04180687 0.02157723 -0.03162086 -0.04367429 0.01940071 -0.03047257 -0.04616755 -0.009335577 -0.03349733 -0.04607683 -0.007033109 -0.03657948 -0.04635143 0.007653594 -0.03192228 -0.045937 -0.005804002 -0.04488694 -0.04633712 -0.003550589 -0.03537982 -0.04562187 -0.007665216 -0.04363197 -0.04501932 -0.009688079 -0.04648745 -0.04408031 0.01233828 -0.04814803 -0.04409295 0.01282894 -0.04460698 -0.04464197 0.01237297 -0.04092597 -0.04569339 0.01017183 -0.03646892 -0.04573595 -0.01046699 -0.03593099 -0.043998 -0.01308095 -0.04459297 -0.04456996 -0.01261895 -0.040901 -0.04629868 -0.008831024 -0.03244572 -0.04628056 0.007752597 -0.03297466 -0.04595899 0.01021397 -0.03451997 -0.04532796 0.01045799 -0.03929299 -0.04611444 0.005904793 -0.0383194 -0.04551196 -0.01055496 -0.037539 -0.04483884 -0.01102209 -0.04278779 -0.04544597 -0.009143948 -0.04120796 -0.045282 0.009946942 -0.04110449 -0.04499685 0.01012945 -0.04463148 -0.04554396 0.007915198 -0.04498803 -0.0458461 0.006757259 -0.04219067 -0.04627722 0.002960979 -0.04701924 -0.04635328 0.003281116 -0.03460538 -0.04640007 -0.00058185 -0.03265416 -0.04619997 0.006793975 -0.03492897 -0.04577398 -0.008845984 -0.03773897 -0.04456478 0.01598358 -0.04894024 -0.04437553 0.01623463 -0.06095933 -0.02245098 0.03367072 -0.06099385 -0.02245098 0.03367096 -0.05319797 -0.03283661 -0.02901434 -0.05198287 -0.0352379 -0.02725553 -0.06126356 -0.03132098 -0.02996098 -0.05276596 -0.03366702 -0.02844905 -0.05084598 -0.02774709 -0.0317943 -0.06136459 -0.02757585 -0.03191149 -0.05321431 -0.03133583 -0.02994912 -0.06130033 -0.02994298 -0.03073596 -0.05308699 -0.02498412 -0.03285259 -0.06144446 -0.02247357 -0.03365582 -0.06128072 -0.02245098 -0.03367096 -0.05319696 -0.01778686 -0.03456354 -0.0612365 -0.01772695 -0.034572 -0.05319696 -0.01522415 -0.03473311 -0.06141358 -0.01358157 0.03480875 -0.06135535 -0.0173493 0.03459346 -0.06131273 -0.01557999 0.03476297 -0.05319797 -0.01772695 0.03457194 -0.05319797 -0.01955139 0.03425604 -0.06144636 -0.02693146 0.03215581 -0.06123977 -0.0273689 0.03198915 -0.05321151 -0.02994298 0.03073596 -0.05308699 -0.02983874 0.03075337 -0.06142801 -0.03132098 0.02996098 -0.05276596 -0.03673988 0.02599924 -0.0510239 -0.03523457 0.02726238 -0.06121492 -0.03311532 0.02882438 -0.05169785 -0.03242599 0.02927899 -0.05224597 -0.03214794 0.02943485 -0.06135118 -0.03681403 0.02588057 -0.06142538 -0.03959453 0.0231502 -0.05073738 -0.03892904 0.02386504 -0.06123518 -0.04346966 0.01779878 -0.05001258 -0.04186117 0.02030903 -0.06124079 -0.04208862 0.01999449 -0.05100452 -0.04616785 0.01226156 -0.05102872 -0.04633206 0.01181465 -0.06099247 -0.04699683 0.009600937 -0.06146514 -0.04740887 0.008251845 -0.04955828 -0.04772698 0.00677514 -0.06129467 -0.04815953 0.004110813 -0.04814225 -0.04827827 0.002621352 -0.06134366 -0.04839396 1.43536e-05 -0.04808259 -0.04832476 -0.001526176 -0.06139874 -0.04829806 -0.002468466 -0.06105446 -0.04689085 -0.009914875 -0.06156384 -0.04628831 -0.01197433 -0.04918599 -0.04764676 -0.007163047 -0.06127488 -0.04750794 -0.007859051 -0.04890632 -0.03386443 -0.0283274 -0.05018216 -0.03579831 -0.02673447 -0.06155967 -0.03711861 -0.02565252 -0.05111432 -0.03858935 -0.0242235 -0.06125235 -0.03992724 -0.02275902 -0.05109274 -0.04084169 -0.02159506 -0.06141322 -0.04199463 -0.02009797 -0.06130266 -0.04166227 -0.02051585 -0.05096197 -0.04233968 -0.01967716 -0.04910498 -0.04333811 -0.01797884 -0.06140643 -0.04449212 -0.01602518 -0.06126725 -0.04465526 -0.01573765 -0.05115795 -0.04625982 -0.01199942 -0.06128031 -0.04150325 -0.02593767 -0.0318135 -0.04838979 -0.01514357 -0.03052008 -0.04344278 -0.02488487 -0.02997463 -0.04635548 -0.01996445 -0.03000938 -0.04433643 -0.02187502 -0.0313332 -0.041978 -0.02120399 -0.04155099 -0.04040098 -0.02320098 -0.04179298 -0.04078596 -0.02350199 -0.03857398 -0.03384876 -0.0284298 -0.04904407 -0.03341531 -0.02889215 -0.04810172 -0.03516697 -0.02803796 -0.04541695 -0.0334115 -0.02967095 -0.04505157 -0.03676998 -0.02612698 -0.04825299 -0.03340196 -0.03034627 -0.0433225 -0.03641986 -0.02766531 -0.04228538 -0.03530395 -0.02983695 -0.03958195 -0.03339999 -0.03103005 -0.04156875 -0.04724842 -0.01397269 -0.03570687 -0.04627019 -0.01451969 -0.03970837 -0.04550397 -0.01660299 -0.03770697 -0.04476797 -0.01695799 -0.04120099 -0.0398944 -0.0230233 -0.04675698 -0.0413376 -0.02134311 -0.04604434 -0.04286295 -0.019369 -0.04486799 -0.04133594 -0.02478158 -0.03372853 -0.04322367 -0.02217137 -0.03333824 -0.04113197 -0.02408295 -0.035676 -0.04294097 -0.02165597 -0.03526598 -0.04248797 -0.02128899 -0.03821897 -0.04343396 -0.01911997 -0.04136097 -0.04684329 -0.01754844 -0.03112351 -0.04823064 -0.01431125 -0.03151947 -0.04495799 -0.0195192 -0.03302884 -0.04651105 -0.016797 -0.03289675 -0.04461795 -0.01914095 -0.03494495 -0.04616099 -0.01654499 -0.03467398 -0.044061 -0.01898699 -0.03794097 -0.03747165 -0.03140282 -0.03227758 -0.03885608 -0.03151643 -0.03004604 -0.03742462 -0.02982139 -0.03447872 -0.03339797 -0.03507816 -0.03468626 -0.03339999 -0.03697198 -0.03226494 -0.03339862 -0.03904724 -0.02960646 -0.03732198 -0.02879697 -0.03650194 -0.03338211 -0.03398537 -0.03636074 -0.03717094 -0.02776199 -0.03928995 -0.03686696 -0.02645796 -0.04531794 -0.03339999 -0.03192597 -0.03984999 -0.033396 -0.03283607 -0.03810065 -0.04522097 -0.01536196 -0.04469496 -0.04374468 -0.01776766 -0.04625296 -0.04506969 -0.01511096 -0.04808062 -0.04789108 -0.01394313 -0.03305584 -0.04756599 -0.01392197 -0.03441798 -0.03735762 0.0322178 -0.03152322 -0.03340572 0.03901559 -0.02964997 -0.03981095 0.023018 -0.048195 -0.04246795 0.01957499 -0.04814499 -0.03676897 0.02612698 -0.04825299 -0.03365987 0.02863943 -0.04853874 -0.03388351 0.02837085 -0.04938375 -0.03377747 0.02836406 -0.0505734 -0.03516596 0.02803796 -0.04541796 -0.03339987 0.02964627 -0.04516291 -0.04648762 0.01434254 -0.03886157 -0.04549497 0.01661497 -0.03771096 -0.04476195 0.01696598 -0.04120397 -0.045219 0.01536297 -0.04470396 -0.04345077 0.01846259 -0.0450266 -0.03716897 0.02776396 -0.03928995 -0.03667527 0.02731138 -0.0424928 -0.03686696 0.02645897 -0.04531896 -0.03339999 0.03192597 -0.03984999 -0.03334403 0.0308842 -0.04197871 -0.04004895 0.02307498 -0.04507994 -0.04039496 0.02320694 -0.04179495 -0.04077696 0.02351295 -0.03857696 -0.03727442 0.02899283 -0.03622615 -0.04111999 0.02409696 -0.03567898 -0.04235547 0.02338284 -0.03359603 -0.03739058 0.03040307 -0.03370314 -0.04240727 0.02472114 -0.03164744 -0.03339785 0.03509485 -0.03466558 -0.04839003 0.01524496 -0.03047192 -0.04676401 0.01825314 -0.03066188 -0.04668503 0.01717156 -0.03187459 -0.0482459 0.01433694 -0.03145051 -0.04579669 0.02091652 -0.03003871 -0.04516297 0.02073794 -0.031057 -0.04303508 0.02551108 -0.0299769 -0.04626059 0.0165674 -0.03418028 -0.04790753 0.01394432 -0.032992 -0.04735696 0.01391601 -0.03527015 -0.04122763 0.02146375 -0.04624849 -0.04196995 0.02121198 -0.04155397 -0.04342597 0.01912999 -0.04136598 -0.04247599 0.02130299 -0.03822398 -0.04404795 0.01900196 -0.03794699 -0.04479777 0.0191152 -0.03429073 -0.04504871 0.0199604 -0.03213244 -0.0334022 0.03346168 -0.03714251 -0.03339523 0.03282642 -0.03811842 -0.042925 0.02167397 -0.035272 -0.03089398 0.03444397 -0.035977 -0.03068476 0.03069776 -0.04680907 -0.03091394 0.03223299 -0.04071295 -0.03090298 0.03324794 -0.03827595 -0.03088498 0.03725594 -0.03188395 -0.028602 0.03731894 -0.03182995 -0.03088796 0.03579598 -0.03385096 -0.02823352 0.0362606 -0.03304874 -0.02850997 0.03865164 -0.02993428 -0.03088498 0.03874295 -0.02999997 -0.03211534 0.02986723 -0.04718238 -0.0332387 0.0290597 -0.04787272 -0.03090298 -0.033248 -0.03827494 -0.03068941 -0.03069031 -0.04681622 -0.03288215 -0.02932816 -0.0476011 -0.03211158 -0.02987056 -0.04718023 -0.03088498 -0.03874295 -0.02999997 -0.03088498 -0.037256 -0.03188395 -0.02845299 -0.03750395 -0.03138995 -0.0285139 -0.03865176 -0.02994239 -0.03088796 -0.03579598 -0.03385096 -0.02823305 -0.0362612 -0.03304809 -0.028602 -0.037319 -0.03182995 -0.03089398 -0.03444397 -0.03597694 -0.03091394 -0.03223299 -0.04071295 -0.04833555 -0.003509938 -0.03550481 -0.04839825 6.54507e-05 -0.0369777 -0.04839956 -0.006381332 -0.03121799 -0.04835087 0.007234454 -0.03207886 -0.04702597 0.01116794 -0.04126495 -0.04626309 0.01220667 -0.04765158 -0.04759097 0.007871985 -0.04489797 -0.04809176 -0.006388306 -0.03803437 -0.04815584 -0.004045426 -0.04837781 -0.04690706 -0.01166087 -0.04127275 -0.04689729 -0.010769 -0.0446034 -0.04718297 -0.01242899 -0.03765296 -0.04595196 -0.01354795 -0.04477 -0.04759097 -0.007871985 -0.04489797 -0.04771864 -0.009117543 -0.03822582 -0.04830396 0.003908216 -0.03609794 -0.04806834 0.006715357 -0.0379343 -0.04793965 0.006449103 -0.04213672 -0.04750198 0.01068997 -0.03780096 -0.04595196 0.01354795 -0.04477 -0.04653799 0.01296299 -0.04116398 -0.04791545 0.01046425 -0.03488326 -0.04820036 0.01042187 -0.03273206 -0.04819345 -0.01065009 -0.03279387 -0.0478779 -0.01026111 -0.03521281 -0.04832398 -0.007061958 -0.03271496 -0.04818898 -0.006982982 -0.03504395 -0.04718297 0.01242899 -0.03765296 -0.0284 -0.04318696 0.01854395 -0.0284 -0.04511296 0.01318395 -0.02852201 -0.0469644 0.01368778 -0.0284 -0.04637598 0.007631003 -0.0284 -0.04695898 0.001964986 -0.02852857 -0.04887384 0.002258718 -0.0284 -0.04685199 -0.003728985 -0.0284 -0.02956199 0.03653895 -0.0284 -0.03376394 0.03269499 -0.02853202 -0.03542196 0.03375148 -0.0284 -0.03747099 0.02837097 -0.0284 -0.03716099 -0.02877497 -0.0284 -0.04245996 -0.02015298 -0.0284 -0.03971099 -0.025141 -0.028512 -0.03943198 -0.028898 -0.0284 -0.040627 0.02363097 -0.0284 -0.04605698 -0.009367942 -0.0284 -0.044586 -0.01486998 -0.02853626 -0.04495209 -0.01931774 -0.0284 -0.00347495 0.04687094 -0.0284 -0.00911796 0.04610699 -0.02853131 -0.010966 0.0476824 -0.0284 -0.01462799 0.04466599 -0.0284 0.007881999 0.04633396 -0.0284 0.002219974 0.04694795 -0.028512 0.002031981 0.04884499 -0.0284 0.01877695 0.04308599 -0.0284 0.01342797 0.04504096 -0.028512 0.01402598 0.04683196 -0.0284 -0.01992297 0.04256796 -0.0284 -0.02492499 0.039846 -0.028512 -0.02854698 0.03968697 -0.0284 0.03669899 0.02936398 -0.028512 0.03745996 0.03141194 -0.0284 0.03287798 0.03358697 -0.0284 0.02857398 0.03731697 -0.0285297 0.03166627 0.0372982 -0.0284 0.02385097 0.04049897 -0.02853006 0.02183604 0.04378086 -0.0284 0.04474395 0.01438599 -0.0284 0.04267597 0.01969194 -0.028512 0.04405498 0.02119296 -0.0284 0.039981 0.02470898 -0.0284 0.04688996 0.003220975 -0.0284 0.04615598 0.008868992 -0.02853012 0.04815292 0.008668005 -0.0284 0.04629099 -0.008132994 -0.0284 0.04496794 -0.01367199 -0.0284 0.04298394 -0.01901 -0.028512 0.04367095 -0.02197295 -0.028512 0.04774397 -0.010513 -0.0284 0.04693496 -0.00247395 -0.0284 0.04036897 -0.02406996 -0.028512 0.03943198 -0.028898 -0.0284 0.03716099 -0.02877599 -0.02869999 0.03905594 -0.029585 -0.02852821 -0.0420233 -0.02505964 -0.03339999 -0.04224097 -0.02483397 -0.02869999 -0.039056 -0.02958399 -0.03339999 -0.04484695 -0.01974195 -0.028512 -0.04367095 -0.02197295 -0.02853596 -0.04672098 -0.01444 -0.03339999 -0.04684197 -0.01438194 -0.028512 -0.04774397 -0.01051294 -0.03339999 -0.04819899 -0.008825957 -0.02853393 -0.0488438 -0.002887785 -0.03339999 -0.04889899 -0.003148972 -0.028512 -0.04845196 -0.006511986 -0.02869999 -0.04815798 -0.00881797 -0.03339999 -0.04893195 0.002569973 -0.02853876 -0.04815942 0.008641183 -0.03339999 -0.04829996 0.008255004 -0.028512 -0.04855996 0.005649983 -0.03339999 -0.04700899 0.01382696 -0.028512 -0.04566299 0.01746195 -0.03339999 -0.04507696 0.01921099 -0.02852755 -0.04234617 0.02451068 -0.03339999 -0.04253095 0.024333 -0.028512 -0.04405498 0.02119398 -0.02869999 -0.04503899 0.019194 -0.02852922 -0.03953993 0.02881616 -0.03339999 -0.039406 0.029123 -0.03339999 -0.03574395 0.03351598 -0.028512 -0.03745996 0.031412 -0.02852296 -0.03167092 0.03728467 -0.03339999 -0.03159499 0.03745299 -0.03339999 -0.02701598 0.04087996 -0.02852672 -0.02183526 0.04378527 -0.03339999 -0.02206796 0.04374897 -0.028512 -0.02515196 0.04192095 -0.02869999 -0.02699196 0.04084497 -0.028512 -0.01786696 0.045506 -0.03339999 -0.016819 0.04602295 -0.02869999 -0.01680797 0.04598999 -0.03339999 -0.01134198 0.04766899 -0.028512 -0.01402598 0.04683196 -0.02852421 -0.005900561 0.04856485 -0.03339999 -0.005709946 0.048666 -0.028512 -0.002031981 0.04884499 -0.03339999 0 0.04899996 -0.028526 0.005894362 0.0485711 -0.03339999 0.005709946 0.048666 -0.02869999 0 0.048958 -0.02853763 0.01098179 0.04767978 -0.03339999 0.01134198 0.04766899 -0.02853041 0.01712572 0.04583233 -0.03339999 0.01681995 0.04602295 -0.03339999 0.02206796 0.04374897 -0.028512 0.02515196 0.04192095 -0.03339999 0.02701598 0.04087996 -0.03339999 0.03159499 0.03745299 -0.028512 0.02854698 0.03968697 -0.02869999 0.02699196 0.04084396 -0.02852952 0.03541368 0.03375977 -0.03339999 0.03574395 0.03351598 -0.02853679 0.03953719 0.02882415 -0.03339999 0.039406 0.02912294 -0.02852553 0.042342 0.02450984 -0.03339999 0.04253196 0.02433198 -0.03339999 0.04507696 0.01921099 -0.0285288 0.04696923 0.01369929 -0.03339999 0.04700899 0.01382696 -0.028512 0.04566299 0.01746195 -0.02869999 0.04503899 0.01919394 -0.03339999 0.04829996 0.008254945 -0.02853637 0.04887658 0.002265393 -0.03339999 0.04893296 0.002569973 -0.028512 0.04855996 0.005649983 -0.02852654 0.04883956 -0.002881884 -0.03339999 0.04889899 -0.003148972 -0.028512 0.04845196 -0.006511986 -0.03339999 0.04819899 -0.008825957 -0.02853596 0.04672098 -0.01444 -0.03339999 0.04684197 -0.014382 -0.02869999 0.04815798 -0.008818984 -0.028512 0.04534494 -0.01826995 -0.03339999 0.04484695 -0.01974296 -0.02869999 0.04480999 -0.01972597 -0.03339999 0.04224097 -0.02483397 -0.02852928 0.04203206 -0.02504235 -0.02824115 -0.03459888 -0.03218013 -0.02838599 -0.03573906 -0.03060585 -0.02812099 -0.03405696 -0.03306895 -0.02807796 -0.036013 -0.03307294 -0.02800536 -0.03371727 -0.03363323 -0.02654272 -0.03247094 -0.03724533 -0.02719479 -0.03285086 -0.03582143 -0.02713096 -0.03458297 -0.03601294 -0.02507698 -0.03418099 -0.03973299 -0.02560323 -0.03227406 -0.03870898 -0.02561295 -0.03401196 -0.03870195 -0.02579498 -0.03422695 -0.03872698 -0.02419799 -0.03417396 -0.04062896 -0.02470856 -0.03224921 -0.03985393 -0.02357423 -0.03230744 -0.04100471 -0.02357095 -0.03399699 -0.04102098 -0.02253299 -0.03430199 -0.04207897 -0.02268689 -0.03238552 -0.04177969 -0.02114588 -0.03256207 -0.04285758 -0.02109497 -0.03424495 -0.04286599 -0.01829397 -0.03452998 -0.04416799 -0.01849812 -0.03283476 -0.04410642 -0.01975071 -0.03458601 -0.0437538 -0.01983433 -0.03270375 -0.04354554 -0.01729625 -0.0329256 -0.04448223 -0.01809698 -0.03475099 -0.04437696 -0.01829397 0.03453296 -0.04416799 -0.01825696 0.032857 -0.04418897 -0.01809698 0.03475296 -0.04437696 -0.01632094 0.03299337 -0.04473388 -0.02115046 0.032561 -0.04283964 -0.02109497 0.03424894 -0.04286599 -0.01957195 0.03273314 -0.04368251 -0.02359998 0.03421396 -0.04119896 -0.02265042 0.03239589 -0.04180842 -0.02419799 0.03417998 -0.04062795 -0.02358007 0.03230875 -0.04101675 -0.02357095 0.03400295 -0.04102098 -0.02483916 0.03225296 -0.03969788 -0.02569168 0.03231567 -0.03858947 -0.02561295 0.03401899 -0.03870195 -0.02752596 0.03500294 -0.035501 -0.02744495 0.033032 -0.03526395 -0.02713197 0.03458797 -0.036013 -0.02709627 0.03274315 -0.03614991 -0.02708995 0.03465896 -0.03651595 -0.026416 0.03245097 -0.03745597 -0.0279318 0.0355246 -0.03431087 -0.02815234 0.03415024 -0.03289681 -0.02793037 0.0336672 -0.03375613 -0.02807796 0.03601294 -0.033073 -0.02835208 0.03531163 -0.03115212 -0.02845299 0.03750497 -0.03138899 -0.04839998 -0.03393 -0.002184987 -0.04839998 -0.03395295 0.001783967 -0.04839438 -0.008067131 0.00247538 -0.04839378 -0.007320225 -0.004214406 -0.04839998 -0.03250199 -0.00997895 -0.04839998 -0.03344398 -0.00612396 -0.04839998 -0.02951198 0.01688396 -0.04839313 -0.006452918 0.005445659 -0.04839998 -0.02734297 0.020208 -0.04839998 -0.02930998 -0.017232 -0.04839998 -0.03111797 -0.01369899 -0.04839372 0.002812087 0.007964015 -0.04839998 0.01874595 0.02836596 -0.04839998 0.021923 0.02598798 -0.04839998 -0.007869958 0.033077 -0.04839366 -0.000477104 0.008422672 -0.04839998 -0.00396198 0.03376799 -0.04839998 -0.03351396 0.005727946 -0.04839998 -0.03261798 0.009593963 -0.04839998 -0.03127795 0.01332998 -0.04839998 0.02161395 -0.02624595 -0.04839998 0.02452498 -0.023548 -0.04839307 0.007006466 -0.004712343 -0.04839998 0.02710199 -0.02052998 -0.04839998 0.011671 0.03193396 -0.04839998 0.01531195 0.030357 -0.04839998 0 0.03399997 -0.04839998 0.00396198 0.03376799 -0.04839998 0.007869958 0.033077 -0.04839378 0.008299827 -0.00157094 -0.04839998 0.03111797 -0.01369899 -0.04839998 0.02930998 -0.017232 -0.04839432 0.007735013 0.003373086 -0.04839998 0.03351396 0.005727946 -0.04839998 0.03395295 0.001783967 -0.04839998 -0.01531195 0.030357 -0.04839998 -0.01167094 0.03193396 -0.04839998 -0.02480196 0.023256 -0.04839998 -0.02192294 0.02598798 -0.04839998 -0.01874494 0.02836596 -0.04839301 0.003054678 -0.007871568 -0.04839503 -0.005115091 -0.006714284 -0.04839968 -0.01927769 -0.02801483 -0.04839998 0.03393 -0.002184987 -0.04839998 0.03344398 -0.00612396 -0.04839998 0.03250294 -0.00997895 -0.04839998 0.03127795 0.01332998 -0.04839998 0.03261798 0.009593963 -0.04839998 -0.02161395 -0.02624499 -0.04839998 -0.02452498 -0.02354794 -0.04839998 -0.02710199 -0.02052998 -0.04839974 0.01905566 -0.02819579 -0.04839998 0.02480196 0.023256 -0.04839998 0.02734297 0.020208 -0.04839998 0.02951198 0.01688396 -0.01357996 0.03342205 -0.06291973 -0.01630663 0.03366458 -0.06277436 -0.0135799 0.03414219 -0.06251567 -0.0162155 0.0341494 -0.06240791 -0.01357996 0.03458487 -0.06194144 -0.01626658 0.03449958 -0.06196171 -0.01357996 -0.03408777 -0.06256252 -0.0135799 -0.03470879 -0.06171303 -0.0152167 -0.03454548 -0.06196445 -0.03677701 0.02401417 -0.06292575 -0.03665173 -0.02407759 -0.06293147 -0.03559648 -0.02443104 -0.06297093 -0.03745394 -0.02354747 -0.06287962 -0.0348013 -0.02604615 -0.06284761 -0.04050564 -0.01975494 -0.06292337 -0.04174435 -0.01858294 -0.06279885 -0.04525017 -0.01087236 -0.06289064 -0.04691058 -0.003263294 -0.0629065 -0.0469619 0.002840936 -0.06290179 -0.04373836 0.01440662 -0.06292057 -0.04531806 0.01090741 -0.06286406 -0.03994125 0.02046102 -0.06293642 -0.01964783 0.03304052 -0.06284922 -0.02268177 0.03217691 -0.06291723 -0.02475082 0.03292459 -0.06154429 -0.02212685 0.03367495 -0.06158274 -0.02628338 0.03127509 -0.06278538 -0.02928513 0.0296958 -0.06284904 -0.03297615 0.02744418 -0.06285172 -0.04056155 0.0219525 -0.06142294 -0.04362404 0.01752597 -0.06145691 -0.04596018 0.01255184 -0.06165224 -0.04521781 0.01445853 -0.06142246 -0.04812872 -0.004049718 -0.06141692 -0.0316435 -0.02849274 -0.0627911 -0.03286665 -0.02894353 -0.0615037 -0.02640497 -0.03120225 -0.06279265 -0.02915757 -0.02995193 -0.06278544 -0.0238536 -0.03183591 -0.06291836 -0.01834118 -0.03326267 -0.0628547 -0.01984494 -0.03421562 -0.06142234 -0.019562 0.03407144 -0.06196534 -0.02729213 0.03175872 -0.06194657 -0.02967977 0.03063958 -0.06194055 -0.03195846 0.02930623 -0.06194734 -0.03414672 0.02783435 -0.0619449 -0.03620892 0.0261619 -0.06194967 -0.03810405 0.02442634 -0.06193256 -0.04057013 0.0216462 -0.06195771 -0.04206097 0.01963269 -0.06194728 -0.04348832 0.01741653 -0.06194412 -0.04471623 0.01507133 -0.06194782 -0.0469498 0.009182095 -0.0619387 -0.04750913 0.00673449 -0.06194883 -0.04800873 0.00415343 -0.06176602 -0.04813736 0.001500904 -0.06195056 -0.04813635 -0.001531064 -0.06195074 -0.04791808 -0.004250764 -0.06195729 -0.04750078 -0.006776154 -0.06194919 -0.04607474 -0.01185613 -0.06195056 -0.04515457 -0.01418662 -0.06193226 -0.04349046 -0.01741391 -0.06193572 -0.04160755 -0.02042186 -0.06176656 -0.039258 -0.02320969 -0.06193262 -0.0370326 -0.02542531 -0.06196933 -0.03100377 -0.02988743 -0.06195855 -0.02791917 -0.03150057 -0.06193447 -0.02562528 -0.03242558 -0.06194967 -0.02310943 -0.0332719 -0.06194382 -0.02055197 -0.03388136 -0.06194853 -0.01797395 -0.03432339 -0.06195914 -0.02225899 0.03337299 -0.06211096 -0.02480196 0.03261566 -0.06211316 -0.0456891 0.01259887 -0.06211358 -0.04769659 0.004157602 -0.06228989 -0.04671406 -0.009223282 -0.06225818 -0.0413689 -0.02028369 -0.06225013 -0.03406196 -0.02775353 -0.06211233 -0.01966059 0.03354895 -0.06256091 -0.02298754 0.03277534 -0.06255745 -0.02636188 0.03176885 -0.06241554 -0.02959501 0.03010445 -0.06256163 -0.03173023 0.02885895 -0.06255561 -0.03387808 0.02743095 -0.06253641 -0.03646624 0.02527695 -0.06256055 -0.03895246 0.02275079 -0.06257629 -0.04122155 0.02000176 -0.06254011 -0.04306846 0.01709157 -0.06257736 -0.04466491 0.0140534 -0.06254756 -0.04586178 0.01092404 -0.06257504 -0.04685503 0.007448613 -0.06256318 -0.04762655 0.001524507 -0.06256717 -0.04763454 -0.001995265 -0.06255418 -0.04706388 -0.00658524 -0.06254941 -0.04589432 -0.01093196 -0.06254732 -0.04459881 -0.01414221 -0.06256961 -0.04325687 -0.01684921 -0.06254857 -0.03994041 -0.02165615 -0.06254714 -0.0383979 -0.02336347 -0.06256365 -0.03649109 -0.0252462 -0.0625692 -0.03332871 -0.02786654 -0.06252992 -0.02946609 -0.03033578 -0.06241542 -0.0263071 -0.03179079 -0.06241565 -0.02442806 -0.03231567 -0.06256073 -0.0210852 -0.03327983 -0.06254726 -0.01820057 -0.03374963 -0.06258368 -0.01592576 -0.03402614 -0.06255292 -0.04376351 0.01553386 -0.06265884 -0.0472567 0.004150807 -0.06267213 -0.0472697 -0.0041188 -0.06266415 -0.0135799 -0.03333258 -0.06294292 -0.02809995 0.007331967 0.005199968 -0.02809995 0.006386935 0.005206823 -0.04109996 0.007331967 0.005199968 -0.04309999 0.009332001 0.005199968 -0.04509997 0.01733195 0.005199968 -0.04109996 -0.007331967 0.005199968 -0.02810001 -0.006168603 0.005231082 -0.02809995 -0.007331967 0.005199968 -0.04309999 -0.01533198 0.005199968 -0.04509997 -0.01733195 0.005199968 -0.02617597 0.03073942 -0.04517179 -0.01357996 0.03263294 -0.05356699 -0.01557993 0.03103858 -0.05317217 0.01950299 -0.01607996 -0.05131298 -0.03010022 0.003690063 0.009307146 -0.02353972 0.03169405 -0.04507839 -0.00590229 -0.02837246 -0.04914957 -0.03610795 0.02381598 -0.06099998 -0.01357889 0.02853989 -0.04755634 -0.01357996 -0.03477799 -0.06100398 -0.04826182 -0.005597472 0.00590837 -0.04830002 -0.00802356 0.001657783 -0.04830038 -0.007525682 0.003238976 -0.04829984 -0.00671947 0.004686892 -0.04837155 -0.004376649 0.007038056 -0.04830026 -0.001232206 0.00810039 -0.04830002 0.000423352 0.00818181 -0.04829877 0.002059936 0.007927954 -0.04829967 0.003615379 0.007351636 -0.04836374 0.005112171 0.006501019 -0.04829978 0.007167398 0.003967821 -0.04829961 0.007819235 0.002445459 -0.04836171 0.008237838 0.000747656 -0.04829961 0.008149862 -0.00083667 -0.04829961 0.007814526 -0.002460241 -0.04829984 0.007159292 -0.003982841 -0.04829853 0.006210684 -0.005340158 -0.04836845 0.004989683 -0.006608188 -0.04829961 0.003600955 -0.007358729 -0.04829889 0.002046525 -0.00793159 -0.0483635 0.000361129 -0.00826162 -0.04829925 -0.004339873 -0.006947338 -0.04829901 -0.005649447 -0.005931794 -0.0482999 -0.006728529 -0.004673719 -0.04830032 -0.007532238 -0.003223538 -0.0483697 -0.008120179 -0.001604616 -0.04838573 -0.002851963 0.007845699 -0.04838603 0.006368279 0.005399405 -0.04838383 -0.00131148 -0.008240699 -0.04838365 -0.002941846 -0.007807791 -0.04838377 -0.008344173 4.81451e-05 -0.035106 -0.02405697 -0.06099998 -0.01525396 -0.02407395 -0.06261098 -0.03554785 0.02402341 -0.06100004 -0.03536319 -0.02417057 -0.06279271 -0.01557999 0.02832698 -0.04994797 -0.0356698 -0.02399778 -0.06266027 -0.03601121 -0.02388358 -0.06099992 -0.04365855 -0.01468163 -0.0629059 -0.04597306 -0.008106648 -0.06292456 -0.04615086 0.007646918 -0.06290256 -0.03850871 0.02178555 -0.06286519 -0.03649121 0.02384775 -0.06286078 -0.03757297 0.02244997 -0.06262922 -0.0363357 0.02374976 -0.06270378 -0.04098522 0.01836436 -0.06277501 -0.04242545 0.01635098 -0.06289386 -0.04377925 0.01351523 -0.0628575 -0.045138 0.01014339 -0.06288444 -0.04456347 0.01130294 -0.06278592 -0.04444229 0.01120227 -0.06255447 -0.04628103 0.005803227 -0.06290251 -0.04579693 0.007272899 -0.06283074 -0.04562419 0.007163226 -0.06256103 -0.04611289 0.005126535 -0.06274688 -0.04646915 0.002543032 -0.0627861 -0.04679924 0.000882326 -0.06290251 -0.04641735 -0.000216153 -0.06255787 -0.04656326 -0.000275262 -0.06278556 -0.04632848 -0.00403589 -0.06277668 -0.0465365 -0.004096746 -0.06289988 -0.04565936 -0.008143603 -0.06285583 -0.04559373 -0.007348239 -0.06261539 -0.04421389 -0.01284426 -0.06290352 -0.04419225 -0.01240062 -0.0628125 -0.04437941 -0.01137858 -0.06255775 -0.04252237 -0.01627266 -0.06289994 -0.04232037 -0.01619589 -0.06277889 -0.04019308 -0.01969093 -0.0628553 -0.03933525 -0.02038592 -0.06261694 -0.03820341 -0.02209615 -0.06285864 -0.03643941 -0.02388834 -0.06285673 -0.03579163 0.0242502 -0.06294625 -0.008551716 0.02099901 -0.05027842 0.008677184 0.03099858 -0.05320739 -0.035106 -0.02443099 -0.06297796 -0.03611809 -0.02382165 -0.06264966 -0.01519805 0.02410989 -0.06274175 0.01043474 0.03113108 -0.05386054 0.01660877 0.02828931 -0.05108231 0 0.02849996 -0.06099998 0.003308951 0.02830696 -0.06099998 0.006572961 0.02773195 -0.06099998 0.009747982 0.02678096 -0.06099998 0.01279097 0.02546894 -0.06099998 0.015661 0.02381098 -0.06099998 0.01831895 0.02183198 -0.06099998 0.02072995 0.01955795 -0.06099998 0.022861 0.01701897 -0.06099998 0.02468198 0.01424998 -0.06099998 0.026169 0.01128798 -0.06099998 0.02730298 0.008173942 -0.06099998 0.02806699 0.004948973 -0.06099998 0.02845197 0.001656949 -0.06099998 0.02845197 -0.001656949 -0.06099998 0.02806699 -0.004948973 -0.06099998 0.02730298 -0.008174002 -0.06099998 0.026169 -0.01128798 -0.06099998 0.02468198 -0.01424998 -0.06099998 0.022861 -0.01701897 -0.06099998 0.02072995 -0.01955795 -0.06099998 0.01831895 -0.02183198 -0.06099998 0.015661 -0.02381098 -0.06099998 0.01279097 -0.02546799 -0.06099998 0.009747982 -0.02678096 -0.06099998 0.006572961 -0.02773195 -0.06099998 0.003308951 -0.02830696 -0.06099998 0 -0.02849996 -0.06099998 -0.01357996 -0.02849996 -0.06099998 -0.01357996 0.02849996 -0.06099998 0.00593549 -0.0275163 -0.04960656 0.01986199 -0.02612799 -0.05135798 0.01703995 -0.02099895 -0.05099999 0.03068476 0.01163727 -0.05273187 0.02935743 0.01472318 -0.05256408 -0.009036481 0.02100682 -0.04770612 0.02751863 0.017919 -0.05233025 0.002319157 0.02738577 -0.04913759 0.01703995 0.02099895 -0.05099999 0.01740813 0.0278216 -0.0510497 0.02041566 0.02571767 -0.05142855 0.02302163 0.02341657 -0.05175989 0.03095203 -0.0109502 -0.05276536 0.02542269 0.02078562 -0.05206435 0.029787 -0.01378095 -0.05261796 0.02858406 -0.0161513 -0.05246573 0.02666616 -0.01915365 -0.05222195 0.02192932 -0.02443373 -0.0516206 0.02443879 -0.02192366 -0.05193918 -0.008541882 -0.02099895 -0.050318 -0.008590579 -0.02099895 -0.04845494 0.01047998 0.031102 -0.055 0.00841999 0.03172194 -0.055 0.009455919 -0.031403 -0.05378532 0.01047998 -0.031102 -0.05499994 0.00841999 -0.03172099 -0.05699998 0.006343126 -0.03220707 -0.05407691 0.00841999 0.03172194 -0.05699998 0.007054984 0.03205299 -0.06099998 0.01047998 0.031102 -0.05699998 0.01047998 0.031102 -0.06099998 0.01378095 0.02978694 -0.05699998 0.01378095 0.02978694 -0.06099998 0.01692098 0.02812194 -0.05699998 0.01692098 0.02812194 -0.06099998 0.01986199 0.02612799 -0.05699998 0.01986199 0.02612799 -0.06099998 0.02256995 0.02382695 -0.05699998 0.02256995 0.02382695 -0.06099998 0.02501398 0.02124696 -0.05699998 0.02501398 0.02124696 -0.06099998 0.02716499 0.01841795 -0.05699998 0.02716499 0.01841795 -0.06099998 0.028997 0.01537299 -0.05699998 0.028997 0.01537299 -0.06099998 0.03048896 0.01214796 -0.05699998 0.03048896 0.01214796 -0.06099998 0.03162395 0.008779942 -0.05699998 0.03162395 0.008779942 -0.06099998 0.03238797 0.005309939 -0.05699998 0.03238797 0.005309939 -0.06099998 0.032772 0.001776993 -0.05699998 0.032772 0.001776993 -0.06099998 0.032772 -0.001776993 -0.05699998 0.032772 -0.001776993 -0.06099998 0.03238797 -0.005309998 -0.05699998 0.03238797 -0.005309998 -0.06099998 0.03162395 -0.008780002 -0.05699998 0.03162395 -0.008780002 -0.06099998 0.03048896 -0.01214796 -0.05699998 0.03048896 -0.01214796 -0.06099998 0.028997 -0.01537299 -0.05699998 0.028997 -0.01537299 -0.06099998 0.02716499 -0.01841795 -0.05699998 0.02716499 -0.01841795 -0.06099998 0.02501398 -0.02124696 -0.05699998 0.02501398 -0.02124696 -0.06099998 0.02256995 -0.02382695 -0.05699998 0.02256995 -0.02382695 -0.06099998 0.01986199 -0.02612799 -0.05699998 0.01986199 -0.02612799 -0.06099998 0.01692098 -0.028122 -0.05699998 0.01692098 -0.028122 -0.06099998 0.01378095 -0.029787 -0.05699998 0.01378095 -0.029787 -0.06099998 0.01047998 -0.031102 -0.05699998 0.01047998 -0.031102 -0.06099998 0.007054984 -0.03205299 -0.06099998 0.01153838 -0.03071457 -0.05364739 0.01378095 -0.029787 -0.05499994 0.01359659 -0.02985477 -0.05310213 0.01692098 -0.028122 -0.05499994 0.01596325 -0.02856326 -0.05133855 0.01708942 -0.0280075 -0.0510233 0.01986199 -0.02612799 -0.05499994 0.02256995 -0.02382695 -0.05499994 0.02501398 -0.02124696 -0.05499994 0.02716499 -0.01841795 -0.05499994 0.028997 -0.01537299 -0.05499994 0.03048896 -0.01214796 -0.05499994 0.03162395 -0.008780002 -0.05499994 0.03189188 -0.007788717 -0.05286699 0.03238797 -0.005309998 -0.05499994 0.03262239 -0.003791272 -0.05292433 0.032772 -0.001776993 -0.05499994 0.03283536 0.000203261 -0.05293756 0.032772 0.001776993 -0.05499994 0.03264886 0.003395497 -0.05292588 0.03238797 0.005309939 -0.05499994 0.03221559 0.006314992 -0.05289405 0.03162395 0.008779942 -0.05499994 0.03142535 0.009494125 -0.05282282 0.03048896 0.01214796 -0.05499994 0.028997 0.01537299 -0.05499994 0.02716499 0.01841795 -0.05499994 0.02501398 0.02124696 -0.05499994 0.02256995 0.02382695 -0.05499994 0.01986199 0.02612799 -0.055 0.01692098 0.02812194 -0.055 0.01555174 0.02890235 -0.05220586 0.01378095 0.02978694 -0.055 0.01332199 0.02994936 -0.05306941 0.002003014 0.03276884 -0.05407822 0 0.03281998 -0.06099998 0.003548979 0.03262799 -0.06099998 0.005382895 0.03237187 -0.05406904 0.003607273 -0.03261429 -0.05407285 0.003548979 -0.03262799 -0.06099998 0.00117284 -0.03279179 -0.05406421 0 -0.03281998 -0.06099998 -0.01357996 0.03281998 -0.06099998 -0.007972717 0.02099901 -0.0509358 -0.008637607 0.02099841 -0.04822742 -0.008753001 -0.02099901 -0.04806274 -0.007959723 -0.02099889 -0.05095165 0.001101791 -0.03197753 -0.0532453 0.01503139 -0.02898669 -0.0520401 0.01094126 -0.02834397 -0.05070841 0.002334833 -0.02828472 -0.05002766 0.008688867 -0.03100645 -0.05320996 0.01319313 -0.02975463 -0.05271881 0.01123994 -0.03045541 -0.05309116 0.01556688 0.02879774 -0.05180472 0.01596033 0.02855503 -0.0513128 0.00017692 0.02827149 -0.04977685 -0.0105828 0.02853393 -0.04863142 0.01112401 0.03045463 -0.05308789 0.000857212 0.03220659 -0.05329298 -0.006115794 -0.02791297 -0.04820865 -0.006187975 -0.02815896 -0.04842495 -0.006150424 -0.02833014 -0.04872596 0.01651895 -0.02834999 -0.05112397 -0.009048521 -0.02101278 -0.04769945 0.01023328 -0.02798879 -0.05028843 0.002108573 -0.02791392 -0.04931962 0.002068281 -0.02816295 -0.04960739 -0.03001654 0.02891558 -0.04589629 0.01452475 0.0292533 -0.05232769 0.01291674 0.02981144 -0.05274456 0.009156107 0.03130877 -0.05349975 0.007745683 0.03187572 -0.05393534 0.006359636 0.03200513 -0.05361193 0.003822624 0.03213417 -0.05338203 0.001115202 0.03263366 -0.05365794 0.003705263 0.03247129 -0.05370175 0.01008415 0.02802443 -0.05028742 0.01021075 0.02835011 -0.05068641 -0.01049226 0.02850902 -0.04825299 -0.000641317 0.0276668 -0.04883694 1.94474e-06 0.0279141 -0.04906904 3.69277e-05 0.02815937 -0.04938083 0.006266236 -0.0317915 -0.05340039 0.002434074 -0.03227376 -0.05337184 0.00116229 -0.03265708 -0.05369979 0.01581293 -0.02876746 -0.05202001 0.006539762 -0.03203201 -0.05369633 0.00356251 -0.03247946 -0.05369746 -0.01357996 -0.03281998 -0.06099998 0.008433699 -0.01997888 -0.05699998 0.02082598 -0.004222989 -0.05699998 0.01147699 -0.01788395 -0.05699998 0.01375299 -0.01619899 -0.05699998 0.01578497 -0.01422697 -0.05699998 0.02007997 -0.006954967 -0.05699998 0.01897698 -0.009562969 -0.05699998 0.01753699 -0.01200097 -0.05699998 0.02120298 -0.001415967 -0.05699998 0.02120298 0.001415967 -0.05699998 0.02082598 0.004222989 -0.05699998 0.02007997 0.006954967 -0.05699998 0.01897698 0.009562969 -0.05699998 0.01753699 0.01200097 -0.05699998 0.01578497 0.01422697 -0.05699998 0.01375299 0.01619899 -0.05699998 0.008668124 -0.01946735 -0.05699998 0.01147699 0.01788395 -0.05699998 0.008645236 0.01948148 -0.0569995 0.008428514 0.02000921 -0.05699998 0.02082598 0.004222989 -0.05499994 0.02120298 0.001415967 -0.05499994 0.008433759 0.01997834 -0.05499994 0.02120298 -0.001415967 -0.05499994 0.02082598 -0.004222989 -0.05499994 0.02007997 -0.006954967 -0.05499994 0.01147699 0.01788395 -0.05499994 0.01375299 0.01619899 -0.05499994 0.01578497 0.01422697 -0.05499994 0.01897698 -0.009562969 -0.05499994 0.01753699 -0.01200097 -0.05499994 0.01578497 -0.01422697 -0.05499994 0.01375299 -0.01619899 -0.05499994 0.008668601 0.01946687 -0.05499994 0.02007997 0.006954967 -0.05499994 0.01897698 0.009562969 -0.05499994 0.01753699 0.01200097 -0.05499994 0.01147699 -0.01788395 -0.05499994 0.008644104 -0.01948237 -0.05500048 0.00841999 -0.03172099 -0.05499994 0.008428454 -0.02000987 -0.05499994 -0.02810001 0.003598451 0.009399175 -0.02809995 0.005545973 0.008320987 -0.04109996 0.005545973 0.008320987 -0.04109996 0.004731953 0.00880897 -0.04639995 0.00633198 0.007739961 -0.04109996 0.00633198 0.007739961 -0.02809995 0.007331967 0.006799995 -0.04639995 -0.004731953 0.00880897 -0.04109996 -0.005545973 0.008320987 -0.02810001 -0.003765344 0.00928229 -0.03010028 -0.00364381 0.009341657 -0.03009998 -0.001172959 0.009930968 -0.03009998 0.001172959 0.009930968 -0.02809995 -0.005545973 0.008320987 -0.02809995 -0.007331967 0.006799995 -0.04109996 -0.00633198 0.007739961 -0.04639995 -0.00633198 0.007739961 -0.02809995 0.003341913 0.00994116 -0.03009998 -0.003302097 0.01104283 -0.03009998 -0.003341913 0.00994116 -0.02809995 -0.003312587 0.01100057 -0.02809995 -0.003399431 0.009713292 -0.03009998 -0.002639949 0.01170724 -0.02809995 -0.002678453 0.01169401 -0.02809995 0 0.01199996 -0.03009998 0 0.01199996 -0.02809995 0.002639949 0.01170724 -0.03009998 0.002678453 0.01169401 -0.02809995 0.003026664 0.01147747 -0.03009998 0.003055572 0.0114488 -0.02809995 0.003302097 0.01104283 -0.03009998 0.003312587 0.01100057 -0.02809995 -0.003055572 0.0114488 -0.03009998 -0.003026664 0.01147747 -0.03009998 0.003377616 0.009745299 -0.04109996 -0.007331967 0.006799995 -0.04309779 0.006332039 0.01017034 -0.04639995 0.00633198 0.01880997 -0.04509997 0.00633198 0.01880997 -0.04309999 0.00633198 0.01680999 -0.04309999 0.004731953 0.01680999 -0.04509997 0.004731953 0.01880997 -0.04309886 -0.006332099 0.01017159 -0.04309999 -0.00633198 0.01680999 -0.04509997 -0.00633198 0.01880997 -0.04309999 -0.004731953 0.01102799 -0.04109996 -0.004731953 0.00880897 -0.04509997 -0.004731953 0.01880997 -0.04309999 -0.004731953 0.01680999 -0.04639995 -0.01733195 0.006799995 -0.04509997 -0.01733195 0.006799995 -0.04309999 -0.009332001 0.005199968 -0.04309999 -0.01533198 0.006799995 -0.04309999 -0.009331941 0.006799995 -0.04309999 0.004731953 0.01102799 -0.04509997 0.01733195 0.006799995 -0.04309999 0.009332001 0.006799995 -0.04109996 0.007331967 0.006799995 -0.04309999 0.01533198 0.005199968 -0.04309999 0.01533198 0.006799995 -0.01357996 0.02505695 -0.06099998 -0.01357996 0.02505695 -0.06299996 -0.01357996 0.03119117 -0.05478781 -0.01357996 0.03301799 -0.045098 -0.01357996 0.03125435 -0.0451014 -0.01357996 0.02997499 -0.04536998 -0.01357996 0.02890497 -0.04589998 -0.01357996 0.02799695 -0.04667496 -0.01357996 0.02730596 -0.04764896 -0.01357996 0.02687394 -0.04876196 -0.01357996 0.02672696 -0.04994797 -0.01357996 0.02687394 -0.05113297 -0.01357996 0.02730596 -0.05224597 -0.01357996 0.02799695 -0.05321997 -0.01357996 0.02890497 -0.05399495 -0.01357996 0.02997499 -0.05452495 -0.01357996 -0.02505695 -0.06299996 -0.01357996 -0.02505695 -0.06099998 -0.01357996 -0.03157699 -0.05479699 -0.01357996 -0.03032195 -0.05463194 -0.01357996 -0.02915197 -0.05414795 -0.01357996 -0.02814698 -0.05337697 -0.01357996 -0.027377 -0.05237197 -0.01357996 -0.026892 -0.05120295 -0.01357996 -0.02672696 -0.04994696 -0.01357996 -0.026892 -0.04869198 -0.01357996 -0.027377 -0.04752194 -0.01357996 -0.02814698 -0.04651796 -0.01357996 -0.02915197 -0.04574698 -0.01357996 -0.03032195 -0.04526299 -0.01357996 -0.03157699 -0.04509699 -0.03010797 0.02968496 -0.04260498 -0.02910172 0.03236365 -0.03599852 -0.02802646 0.03278839 -0.03539878 -0.02795052 0.03201073 -0.03725647 -0.02910012 0.03152853 -0.03799915 -0.02782344 0.03143393 -0.0390014 -0.030276 0.03048896 -0.03995597 -0.02788883 0.03055906 -0.04222273 -0.02812212 0.02990591 -0.04537576 -0.03133594 0.02811598 -0.04651391 -0.0420345 0.01764166 -0.06288653 -0.030586 -0.03278195 -0.03489494 -0.03069394 -0.03419697 -0.03265595 -0.03107702 -0.03029888 -0.03984171 -0.03008395 -0.02971595 -0.04252797 -0.02967023 -0.02912938 -0.04575353 -0.0312249 -0.02818024 -0.046476 -0.02723842 -0.03030729 -0.04522866 -0.02775365 -0.03074562 -0.04169219 -0.02545493 -0.03157085 -0.0419619 -0.02783513 -0.03140664 -0.0390796 -0.02794218 -0.03198915 -0.03731024 -0.02910244 -0.0315383 -0.03799802 -0.02910113 -0.03236824 -0.03599947 -0.02802962 -0.03273767 -0.03550022 -0.03239715 -0.03077626 -0.03799998 -0.0291 0.04253196 -0.01999998 -0.0291 -0.04341697 -0.01799994 -0.03257197 -0.044586 -0.01486998 -0.03257197 0.04496794 -0.01367199 -0.02910006 0.04342216 -0.01800054 -0.03257197 0.04629099 -0.008132994 -0.03257197 0.04693496 -0.00247395 -0.03257197 0.04688996 0.003220975 -0.03257197 0.04615598 0.008868992 -0.03257197 0.04474395 0.01438599 -0.03257197 0.04267597 0.01969194 -0.03257197 0.039981 0.02470898 -0.03257197 0.03669899 0.02936398 -0.03257197 0.03287798 0.03358697 -0.03257197 0.02857398 0.03731697 -0.03257197 0.02385097 0.04049897 -0.03257197 0.01877695 0.04308599 -0.03257197 0.01342797 0.04504096 -0.03257197 0.007881999 0.04633396 -0.03257197 0.002219974 0.04694795 -0.03257197 -0.00347495 0.04687094 -0.03257197 -0.00911796 0.04610699 -0.03257197 -0.01462799 0.04466599 -0.03257197 -0.01992297 0.04256796 -0.03257197 -0.02492499 0.039846 -0.03257197 -0.02956199 0.03653895 -0.03257197 -0.03376394 0.03269499 -0.03257197 -0.03747099 0.02837097 -0.03257197 -0.040627 0.02363097 -0.03257197 -0.04318696 0.01854395 -0.03257197 -0.04511296 0.01318395 -0.03257197 -0.04637598 0.007631003 -0.03257197 -0.04695898 0.001964986 -0.03257197 -0.04685199 -0.003728985 -0.03257197 -0.04605698 -0.009367942 -0.0291 -0.04253196 -0.01999998 -0.01528096 -0.02405697 -0.06099998 -0.01528197 0.02405697 -0.06099998 -0.01674842 -0.03292614 -0.04509663 -0.01994365 -0.03251403 -0.04509687 -0.02340108 -0.0317322 -0.04508715 -0.03592187 0.03976982 -0.01800006 -0.03257197 0.04341697 -0.018 -0.03935611 -0.03600394 -0.0179755 -0.03257197 -0.04341697 -0.01799994 -0.02465999 0.03179699 -0.04205197 -0.02647113 0.0313664 -0.04109001 -0.02048552 0.03241169 -0.04509788 -0.01715409 0.03290218 -0.04509729 -0.03654837 0.02058804 -0.03599995 -0.0365622 0.02057278 -0.03799998 -0.03619796 0.02149999 -0.03599995 -0.03619796 0.02149999 -0.03799998 -0.035721 0.02212095 -0.03599995 -0.035721 0.02212095 -0.03799998 -0.03509998 0.02259796 -0.03599995 -0.03509998 0.02259796 -0.03799998 -0.03417122 0.02296233 -0.03599995 -0.03418642 0.02294844 -0.03799998 -0.0291 0.023 -0.03799998 -0.03659999 0.01899999 -0.03599995 -0.03659999 0.01899999 -0.03799998 -0.03654837 0.02058804 -0.018 -0.0365622 0.02057278 -0.01999998 -0.03619796 0.02149999 -0.018 -0.03619796 0.02149999 -0.01999998 -0.035721 0.02212095 -0.018 -0.035721 0.02212095 -0.01999998 -0.03509998 0.02259796 -0.018 -0.03509998 0.02259796 -0.01999998 -0.03417122 0.02296233 -0.018 -0.03418642 0.02294844 -0.01999998 -0.0291 0.023 -0.01999998 -0.0291 0.023 -0.018 -0.03659999 0.01899999 -0.018 -0.03659999 0.01899999 -0.01999998 -0.0291 0.023 -0.03599995 -0.01557999 -0.02843797 -0.049106 -0.01557999 -0.02832698 -0.04994696 -0.01557999 -0.03157693 -0.05319696 -0.01557999 -0.03073596 -0.05308699 -0.01557999 -0.02995198 -0.05276197 -0.01557999 -0.02927899 -0.05224597 -0.01557999 -0.02876198 -0.05157196 -0.01557999 -0.02843797 -0.05078899 -0.01557999 -0.02876198 -0.04832196 -0.01557999 -0.02927899 -0.04764896 -0.01557999 -0.02995198 -0.04713296 -0.01557999 -0.03073596 -0.04680794 -0.01557999 -0.03157699 -0.04669696 -0.01557999 0.02927899 -0.05224597 -0.01557999 0.02995198 -0.05276197 -0.01557999 0.03157699 -0.04669797 -0.01557999 0.03073596 -0.046808 -0.01557999 0.02995198 -0.04713296 -0.01557999 0.02927899 -0.04764896 -0.01557999 0.02876198 -0.04832297 -0.01557999 0.02843797 -0.049106 -0.01557999 0.02843797 -0.05078899 -0.01557999 0.02876198 -0.05157297 -0.01557999 0.03489595 -0.04669797 -0.03659999 -0.01899999 -0.03799998 -0.03654664 -0.02059823 -0.03799867 -0.03619796 -0.02149999 -0.03799998 -0.035721 -0.02212095 -0.03799998 -0.03509998 -0.02259796 -0.03799998 -0.03417122 -0.02296233 -0.03799998 -0.0291 -0.023 -0.03799998 -0.0291 -0.023 -0.03599995 -0.03659999 -0.01899999 -0.03599995 -0.03656232 -0.02057123 -0.03599995 -0.03619796 -0.02149999 -0.03599995 -0.035721 -0.02212095 -0.03599995 -0.03509998 -0.02259796 -0.03599995 -0.03417629 -0.02295011 -0.03599524 -0.03619796 -0.02149999 -0.01799994 -0.03656232 -0.02057123 -0.01799994 -0.04639995 -0.01899999 -0.01799994 -0.03417724 -0.02295655 -0.01799923 -0.035721 -0.02212095 -0.01799994 -0.03509998 -0.02259796 -0.01799994 -0.03659999 -0.01899999 -0.01999998 -0.03654849 -0.02058643 -0.01999998 -0.03619796 -0.02149999 -0.01999998 -0.035721 -0.02212095 -0.01999998 -0.03509998 -0.02259796 -0.01999998 -0.03417122 -0.02296233 -0.01999998 -0.0291 -0.023 -0.01999998 -0.03659999 -0.01899999 -0.01799994 -0.0291 -0.023 -0.01799994</float_array>
          <technique_common>
            <accessor source="#link2_00-mesh-positions-array" count="1950" stride="3">
              <param name="X" type="float" />
              <param name="Y" type="float" />
              <param name="Z" type="float" />
            </accessor>
          </technique_common>
        </source>
        <source id="link2_00-mesh-normals">
          <float_array id="link2_00-mesh-normals-array" count="11745">-0.000691163 0.9999887 0.004700303 -0.000747372 0.9999997 -0.000278484 -8.51645e-05 0.9993947 -0.03478914 0.000227084 0.9998855 0.01512986 -0.000286127 1 0.000295754 -0.02615708 0.9996247 -0.008140861 -1 0 -0 -1 -4.69902e-06 2.31572e-06 -1 -5.73891e-06 1.15189e-06 -1 -6.91762e-06 -4.30826e-07 -1 4.2218e-06 1.7494e-05 -1 -2.49583e-05 -4.3302e-05 -1 2.02396e-05 3.92157e-06 -0.9996816 0.009415686 -0.02341169 -0.9999967 0.000674871 0.002472877 -0.9999992 0.000337642 0.001187264 -1 0 -0 -1 0 -0 -1 0 -0 -1 6.91584e-06 1.14134e-05 -1 -3.70685e-06 3.23916e-06 -1 -2.22218e-07 -4.66586e-07 -1 -4.73289e-05 -4.55109e-05 -1 0 -0 -1 3.971e-06 -0 -1 0 -0 -1 0 -0 -1 -2.81276e-05 2.08795e-05 -1 0 -0 -1 0 -0 -1 0 -0 -1 0 -0 -1 0 -0 -1 0 -0 -1 -1.36298e-06 1.01176e-06 -1 0 6.37483e-05 -1 0 1.19542e-06 -1 -3.74224e-07 -6.23016e-06 -1 0 -0 -0.9997855 -0.01135593 -0.01732164 -0.9999443 -0.002782285 0.01018226 -0.9999972 0.000990383 0.002155482 -0.000771733 -0.9999993 -0.00089906 -1 0 -0 -1 -5.10837e-07 7.57431e-06 -1 -1.02263e-06 8.99398e-07 -1 1.26763e-06 -0 -1 0 -0 -0.909135 0.4163549 -0.01105296 -0.1772561 0.9840266 -0.01649075 -0.1626293 0.9866754 -0.004839539 -0.3295598 0.9441127 0.006457567 -0.000752876 -0.9999996 0.000472612 -0.3906432 -0.9205421 -0 -0.3462042 0.9381278 -0.007674574 -0.5036029 0.8639028 0.007491767 -0.520906 0.8535737 -0.008296012 -0.6439877 0.7650004 0.007372796 -0.677946 0.7347627 -0.02264946 -0.7573162 0.6529721 0.009988903 -0.8080638 0.5886198 -0.02365463 -0.8464428 0.5322524 0.01555472 -0.8981013 0.4396565 0.01077651 -0.9473164 0.3199746 -0.01442027 -0.9704578 0.2391831 0.03167027 -0.9879843 0.1528348 -0.02298873 -0.218298 -0.9757878 -0.01357191 -0.2042618 -0.9789163 -0 -0.3906432 -0.9205421 -0 -0.559267 -0.8289877 -0 -0.5592669 -0.8289876 -0 -0.7071068 -0.7071068 -0 -0.7071068 -0.7071068 -0 -0.8291512 -0.5590245 -0 -0.8291512 -0.5590245 -0 -0.9204621 -0.3908319 -0 -0.9204621 -0.3908319 -0 -0.9787966 -0.2048344 -0 -0.9798657 -0.1995854 -0.005369663 -0.9999808 0.000319168 0.006196439 -0.9999493 -7.05387e-05 0.01007241 -0.8895636 -0.4567552 -0.007155478 -0.002003073 -0.9999595 0.008782565 -0.02726489 -0.9995343 -0.0137059 -0.002207696 -0.9999945 -0.002498745 -0.00064225 -0.9999473 0.01024854 -0.001071274 -0.9999973 -0.0020442 -0.639614 0.7686632 0.007130742 -0.8779678 0.4786649 0.007231712 -0.9048928 0.4250651 -0.02210533 -0.6302663 -0.7763791 -0 -0.9770925 0.2121807 0.01641976 -0.3587729 0.933411 -0.005104839 -0.3678174 0.929898 -0 -0.6301761 0.7764523 -0 -0.640681 -0.7677747 -0.007059335 -0.000291092 1 -0.000118328 -0.9068651 -0.4210145 0.01850843 -0.3572911 -0.9339761 0.005626678 -0.3691595 -0.9293661 -0 -1 -3.88745e-06 3.41899e-06 -1 6.52789e-07 -5.20137e-06 -1 1.4148e-05 -4.70079e-07 -1 0 -0 0.004204571 -0.7882622 -0.6153252 -0.2947452 -0.9093714 -0.2935454 -0.2769526 -0.928458 -0.2475138 -0.1768944 -0.9052782 -0.3862382 -0.1876848 -0.9197468 -0.3447322 -0.09198367 -0.8834393 -0.459428 -0.06976687 -0.8350831 -0.5456821 -0.06267261 -0.8422456 -0.5354386 -0.001978695 -0.7849556 -0.6195489 -0.000383832 -0.8029794 -0.5960068 -0.02022337 -0.7875152 -0.6159634 -0.3587193 -0.8698159 -0.338734 -0.3337102 -0.8966499 -0.2909578 -0.2606365 -0.8561126 -0.4462507 -0.4247493 -0.8934626 -0.1459882 -0.3646581 -0.9077142 -0.2075557 -0.07516306 -0.8415335 -0.5349504 -0.04573309 -0.8674001 -0.4955053 -0.01643621 -0.9236865 -0.3827966 -0.005284965 -0.7542472 -0.6565693 0.03952169 -0.8023229 -0.5955804 -0.1143318 -0.975636 -0.1872504 -0.9547797 -0.2164678 -0.2038072 -0.4557442 -0.8668235 -0.2022725 -0.3588916 -0.8700857 -0.3378574 -0.4520506 -0.8705453 -0.1944251 -0.203494 -0.9041978 -0.3755217 -0.2399297 -0.8966065 -0.3721969 -0.1760492 -0.8734272 -0.4540171 -0.9983615 0.05716615 0.002527713 -0.9252278 -0.3763703 -0.04794681 -0.9220761 -0.3813948 -0.06567925 -0.9466561 -0.3195282 -0.04176098 -0.9446828 -0.31612 -0.0874204 -0.9583876 -0.2803905 -0.05361407 -0.9573374 0.2881092 -0.02231687 -0.9838243 -0.1759265 -0.03375774 -0.9725437 0.2076966 -0.1049801 -0.9890507 0.1422478 -0.0392974 -0.9975312 0.06120926 -0.03442305 -0.9971289 -0.07494747 -0.01080256 -0.9657973 0.2482171 -0.07499271 -0.05500161 -0.813527 -0.5789202 -0.1737486 -0.822358 -0.5417922 -0.9718162 -0.234813 -0.02088552 -0.9691049 -0.238452 -0.06305795 -0.9705697 -0.2318979 -0.06494379 -0.9902443 -0.1323285 -0.04365074 -0.1115829 0.9744064 -0.1951445 -0.480751 0.850662 -0.2127265 -0.01639902 0.9232472 -0.3838562 0.04523658 0.7853966 -0.6173377 0.04725831 0.7840801 -0.6188579 -0.4542577 0.8695329 -0.1938104 0.06107896 0.7627068 -0.6438539 -0.2562672 0.8655403 -0.4303106 -0.3447746 0.8929107 -0.2895532 -0.7869332 0.6101852 -0.09170687 -0.7847143 0.601351 -0.1503346 -0.7957746 0.5898839 -0.1370391 -0.7925275 0.5784111 -0.1932376 -0.825573 0.5305377 -0.1922472 -0.008062303 0.8029589 -0.5959799 -0.1907171 0.9156333 -0.3538963 -0.1901488 0.9139293 -0.3585758 -0.1409733 0.8785011 -0.456467 -0.08654689 0.9259481 -0.3676001 -0.4575644 0.8660462 -0.2014914 -0.2962477 0.9090394 -0.2930608 -0.2769436 0.9295476 -0.2433998 -0.2770124 0.9296997 -0.2427397 -0.3634548 0.9084406 -0.2064854 -0.4227593 0.8944531 -0.145699 -0.07784718 0.8413631 -0.5348346 -0.04626214 0.8689531 -0.4927275 0.04519402 -0.7837008 -0.6194922 0.04575306 -0.7841351 -0.6189013 -0.4812797 -0.8499927 -0.2142012 -0.4891676 -0.8452248 -0.2151978 -0.06149762 0.8423058 -0.5354802 -0.09692239 -0.917927 -0.3847287 -0.1408464 -0.8784356 -0.4566325 -0.07104051 0.8328071 -0.5489861 -0.3605757 0.8714601 -0.3324792 -0.1764301 0.8734878 -0.4537528 -0.2399662 0.896544 -0.3723238 -0.2010346 0.9046081 -0.3758582 -0.1320729 0.8795751 -0.4570606 -0.1735298 0.824796 -0.538144 -0.03086912 0.802619 -0.5956928 0.01072788 0.7849119 -0.6195144 -0.000321234 0.7878531 -0.6158632 -0.9982667 -0.05771118 -0.0115354 -0.9983671 0.0571202 -0.000652337 -0.9998438 -0.01767128 -0.000308773 -0.9979829 -0.04767912 -0.04191249 -0.994496 -0.09176486 -0.05056625 -0.9866719 -0.1278402 -0.1006755 -0.977693 -0.1775639 -0.1121946 -0.9495627 -0.284132 -0.1326638 -0.9549769 -0.2744292 -0.1127281 -0.917811 -0.3752199 -0.1297412 0.9979798 -0.06194972 0.01409012 0.9979819 -0.06080138 0.01831048 0.9983783 -0.05357271 0.01925021 -0.9928674 0.1188117 -0.00990498 -0.9995641 0.02717983 -0.01152658 -0.998659 0.03354644 -0.03943169 -0.9999843 0.003831088 0.004066884 -0.9243082 -0.3753325 -0.06913614 -0.9772704 0.1403076 -0.1589225 -0.9440543 0.2915921 -0.1540636 -0.9556053 0.2614998 -0.1357803 -0.9543166 0.2171757 -0.2052183 0.9983925 -0.05612397 -0.007912456 0.9977399 -0.0671826 -0.001262485 0.9977662 -0.06679016 0.001307368 0.9983875 -0.0564692 0.00581032 0.9975599 -0.06746184 0.01797622 0.9974508 -0.0701096 0.0132867 0.9978988 -0.06145763 -0.0205155 0.9978107 -0.06215238 -0.02260279 0.99722 -0.06912529 -0.0278176 0.9973753 -0.0683462 -0.02389997 0.9983126 -0.05609786 -0.01499819 0.9981934 -0.05916374 -0.01046937 0.9980637 -0.04198455 0.04589468 0.9977097 -0.06763011 -0.001269876 0.9977046 -0.06770086 -0.0014382 0.9981641 -0.05562406 0.02396661 0.9986266 -0.04451745 0.02762413 0.9978253 -0.05887991 0.02963095 0.997799 -0.05537086 0.03648495 0.9978513 -0.05453574 0.03631114 0.9978355 -0.05439805 0.03694671 0.9987888 -0.03254544 0.03690272 0.9983944 -0.02086555 0.05266118 -0.9741518 0.1892009 -0.1234149 -0.9702412 0.1906815 -0.1492401 -0.9592344 0.2661349 -0.09508723 -0.9572505 0.2665649 -0.112315 -0.9387435 0.3398952 -0.05685061 -0.9585474 0.284576 -0.01426124 -0.980149 0.1970106 -0.02224355 -0.985258 0.1685069 -0.02953279 0.9981942 -0.04721659 -0.03713631 0.9984682 -0.04772537 -0.02799153 0.9975954 -0.05673247 -0.03980952 0.9977676 -0.05658918 -0.03546214 0.9983361 -0.05050152 -0.02783244 0.9981746 -0.05115187 -0.03210896 0.9977073 -0.05138063 0.04404902 0.997638 -0.04835504 0.04878836 -0.98126 0.1441098 -0.1279106 -0.9974841 0.06453931 -0.02932667 -0.9881755 0.08249908 -0.1292401 -0.9983271 0.0382722 -0.04333895 -0.9936437 0.02441215 -0.1098917 -0.9712326 0.0638011 -0.2294267 -0.9861335 -0.1646258 -0.02095609 -0.9994851 0.001545906 -0.03204858 -0.9845244 0.02983289 -0.1726896 -0.9999072 -2.97085e-05 0.01362663 -0.9224366 0.3757659 -0.08894193 -0.9634488 0.1296046 -0.2344548 -0.9889107 0.07264274 -0.1295317 -0.99885 -0.03158473 -0.03607112 -0.9987797 -0.03557902 -0.03425139 -0.9700095 -0.07056826 -0.2325975 -0.9654049 -0.1875132 -0.1811966 -0.9822815 -0.1520105 -0.109617 -0.993981 -0.09119355 -0.06070953 -0.9969778 -0.04996836 -0.05948489 -0.9987875 -0.03268963 -0.03681021 -0.9903606 -0.03306889 -0.1345077 -0.9982603 -0.05883175 0.003880858 -0.9225806 0.3757688 -0.08742219 -0.9190564 0.385846 -0.08036434 -0.9143036 0.4045738 -0.01921117 -0.9854946 -0.01456618 -0.1690801 -0.9806635 0.194258 -0.02372694 -0.9824018 -0.1155662 -0.146735 -0.9635956 -0.1325218 -0.2322099 -0.9702895 -0.07069009 -0.2313898 -0.7643192 0.636056 -0.1060615 -0.9965334 -0.01814252 -0.08119159 -0.8220978 -0.5399457 -0.1805931 -0.7474822 -0.5765942 -0.3298628 -0.720353 -0.5469304 -0.4265663 -0.7126048 -0.5220565 -0.4686697 -0.732146 -0.5362331 -0.4200195 -0.7327107 -0.5451678 -0.4073414 -0.8258828 -0.5486326 -0.1300761 -0.7445898 -0.5557505 -0.3697669 -0.8708141 -0.4858669 -0.07494121 -0.8759229 -0.4715789 -0.1018443 -0.8738833 -0.4749571 -0.1036519 -0.7351712 -0.5683248 -0.3695001 -0.7414292 -0.6098943 -0.2798424 -0.7205236 -0.6158198 -0.3187661 -0.720161 -0.6152416 -0.3206961 -0.7957581 -0.3969742 -0.4573626 -0.8276036 -0.5272772 -0.1924865 -0.8204237 -0.5154888 -0.2473384 -0.8223948 -0.5078654 -0.256397 -0.7963358 -0.4774075 -0.3713913 -0.8221533 -0.4522852 -0.3456907 -0.8518295 -0.4056041 -0.3314692 -0.8532909 -0.4879967 -0.1837221 -0.7416263 -0.6382162 -0.2065686 -0.7342358 -0.6225183 -0.2708667 -0.8476419 -0.5129875 -0.1354514 -0.7257219 -0.6809101 -0.09843319 -0.7250357 -0.6812953 -0.1007964 -0.7131831 -0.6999866 -0.03726345 -0.8459533 -0.5296238 -0.06214326 -0.8485799 -0.524855 -0.06663006 -0.8339327 -0.5432374 -0.09720855 -0.8505792 -0.5182201 -0.08923566 -0.7461542 -0.6490291 -0.1483747 -0.8539267 -0.5042417 -0.1286451 -0.8498514 -0.497266 -0.1745826 -0.8774961 -0.4438751 -0.1815919 -0.7265524 -0.4955511 -0.4759735 -0.7556961 -0.5241202 -0.3927105 -0.6367875 -0.7563612 -0.1497309 -0.6803209 -0.7254552 -0.1042988 -0.6747948 -0.7144564 -0.184943 -0.8720689 -0.4478695 -0.1972529 -0.8695563 -0.4448466 -0.2144372 -0.8703464 -0.4338433 -0.2329746 -0.8546183 -0.4295167 -0.2917926 -0.717374 -0.6961244 -0.02802318 -0.6250046 -0.7788205 -0.0529893 -0.8873899 -0.4602995 -0.02575969 -0.6933255 -0.6716597 -0.2610996 -0.5834329 -0.8024277 -0.1253637 -0.7846775 -0.6014601 -0.1500904 -0.7459977 -0.4450899 -0.4953608 -0.7239643 -0.4955633 -0.4798882 -0.9570446 -0.2899363 -0.001652359 -0.7755246 -0.6231133 -0.1014468 -0.8788269 -0.4565247 -0.1387385 -0.8726322 -0.4648458 -0.1497716 -0.647754 -0.7383618 -0.187714 -0.6897023 -0.6763326 -0.258621 -0.687833 -0.7000501 -0.1918738 -0.621293 -0.7310369 -0.2820992 -0.915609 -0.402056 -0.003339946 -0.8622156 -0.5065413 0.000493519 -0.861024 -0.5085642 -0.000324757 -0.8444347 -0.5356314 -0.005408108 -0.7783386 -0.6278447 -0.000357069 -0.6280741 -0.77575 -0.06111437 -0.7924553 -0.5784381 -0.1934529 -0.8007366 -0.5616683 -0.208206 -0.7943273 -0.5476486 -0.2629168 -0.7979782 -0.5358703 -0.2758151 -0.7812027 -0.5114548 -0.3579612 -0.7817283 -0.5013148 -0.3709235 -0.8461972 -0.4784746 -0.2345469 -0.8474777 -0.4716902 -0.2434947 -0.7957073 -0.5900202 -0.1368433 -0.8215037 -0.4596242 -0.337457 -0.7363997 -0.4002315 -0.5454633 -0.785282 -0.3829212 -0.4865219 -0.7309514 -0.4489982 -0.5139169 -0.7914885 -0.6103866 -0.03120958 -0.7690561 -0.6366945 -0.05632823 -0.8204436 -0.5702011 -0.04174965 -0.7558484 -0.5292214 -0.38551 -0.806096 -0.589061 -0.05671262 -0.8149878 -0.5710508 -0.09846705 -0.7868476 -0.610062 -0.09324866 -0.8201416 -0.5644767 -0.09345507 -0.8176668 -0.5585588 -0.1394019 -0.8492518 0.4972708 -0.1774634 -0.8549222 0.4825998 -0.1902767 -0.8216608 0.5390484 -0.1852039 -0.8259309 0.5486454 -0.1297169 -0.8173515 0.5590023 -0.1394738 -0.8197055 0.5644526 -0.09734576 -0.8184628 0.5659547 -0.09906488 -0.8119278 0.5817497 -0.0483796 -0.8233919 0.5668741 -0.02606689 -0.8862764 0.4335049 -0.163057 -0.8643025 0.4692357 -0.1811046 -0.8536425 0.5047822 -0.1284111 -0.8475986 0.5131815 -0.1349865 -0.8504999 0.5184341 -0.08874732 -0.8359982 0.544337 -0.06931138 -0.8533397 0.520047 -0.03690975 -0.7883438 0.3964063 -0.4705063 -0.7144269 0.4895127 -0.4999715 -0.8680031 0.4474387 -0.2153352 -0.8547084 0.4263236 -0.2961786 -0.8658155 0.4213957 -0.2697948 -0.7426071 0.4529879 -0.4932917 -0.8059059 0.4358115 -0.4007294 -0.8397134 0.4670902 -0.2769622 -0.8375191 0.4686796 -0.280894 -0.7912337 0.5417932 -0.2835654 -0.8028292 0.4812876 -0.3518915 -0.7731488 0.4721143 -0.4234961 -0.7318808 0.4277023 -0.5304915 -0.7238861 0.612915 -0.3167399 -0.7402772 0.6147943 -0.2720618 -0.7565372 0.5975402 -0.2657012 -0.7800187 0.589097 -0.2110346 -0.8008226 0.5616358 -0.2079629 -0.8082116 0.5103623 -0.2938099 -0.09385269 0.8621004 -0.4979704 -0.7826716 0.6214883 -0.03431385 -0.7717913 0.6334086 -0.0559622 -0.7798337 0.6219514 -0.07096362 -0.7467464 0.3962059 -0.5342198 -0.7851293 0.4359308 -0.4399278 -0.7379404 0.5631564 -0.3718857 -0.7417302 0.5703257 -0.3529375 -0.7442901 0.5581651 -0.3667206 -0.8248901 0.5113204 -0.2410556 -0.8683102 0.4840502 -0.1083185 -0.8705532 0.4880324 -0.06294047 -0.8714646 0.4789606 -0.1055756 -0.869704 0.4896758 -0.06190651 -0.8797723 0.4546409 -0.1389329 -0.6309726 0.7708647 -0.08741408 -0.6129044 0.7639489 -0.2018174 -0.7423622 0.637998 -0.2045896 -0.7457007 0.6579587 -0.1049807 -0.72529 0.6711733 -0.1532347 -0.7292193 0.6808756 -0.06817466 -0.7712904 -0.551221 -0.318224 -0.7691888 -0.5716335 -0.2856287 -0.7731204 -0.5798069 -0.2571168 -0.7622986 -0.6109958 -0.2135061 -0.7625173 -0.6116113 -0.2109483 -0.7460651 -0.6487817 -0.1498972 -0.6574834 0.742401 -0.1286714 -0.7119638 0.694711 -0.1023916 -0.6273949 0.7763581 -0.06036359 -0.6309449 0.7718619 -0.07834386 -0.7838689 0.3933606 -0.4804342 -0.7010747 0.6831057 -0.2045995 -0.7660439 0.6249542 -0.1503627 -0.7036085 0.6838251 -0.19318 -0.8251876 0.3937951 -0.4049578 -0.7287645 0.5316514 -0.4315659 -0.7278452 0.5397121 -0.4230273 -0.7147801 0.6989198 -0.02450621 -0.7078551 0.7052276 -0.03993999 -0.6193365 0.783967 -0.04263913 -0.7235298 0.612332 -0.3186756 -0.6798571 0.725812 -0.1048384 -0.6756875 0.7172044 -0.1704825 0.9981745 -0.01970911 0.05709111 -0.7511704 0.5128643 -0.4155879 -0.7567229 0.5293202 -0.3836542 -0.7709945 0.5401192 -0.3374 -0.7732074 0.5782322 -0.2603803 -0.6258617 0.7305741 -0.2730544 -0.7064861 -0.2038056 0.6777467 -0.7064993 0.5927076 0.3867254 -0.706495 0.5926964 0.3867504 -0.7064981 0.633765 0.3149641 -0.7065044 0.6337767 0.3149264 -0.7065032 0.6661211 0.2390313 -0.7065202 0.6661407 0.2389264 -0.7065184 0.6894314 0.1597376 -0.7065109 0.6894282 0.1597846 -0.7064946 -0.281335 0.6493967 -0.7065045 -0.2812748 0.649412 -0.7065051 -0.2036877 0.6777624 -0.7064962 0.5435955 0.4531745 -0.7064888 -0.1233661 0.6968891 -0.7065119 -0.1232215 0.6968913 -0.7065086 -0.0413255 0.7064969 -0.7065014 -0.04137063 0.7065015 -0.7065027 0.04132586 0.7065029 -0.7065099 0.04137015 0.706493 -0.7065078 0.1233628 0.6968705 -0.7064846 0.1232262 0.6969181 -0.7064906 0.2036577 0.6777865 -0.7065154 0.2037972 0.6777188 -0.7065191 0.5883917 -0.3932247 -0.7065182 0.7076824 -0.004207313 -0.706501 0.7077001 -0.004100978 -0.7065039 0.7023897 -0.08660739 -0.7065128 0.7023743 -0.0866602 -0.7065112 0.6874933 -0.1679136 -0.7064957 0.6875308 -0.1678246 -0.7064995 0.6632761 -0.2468264 -0.7065176 0.6632201 -0.2469251 -0.7065153 0.6299611 -0.3224673 -0.7065027 0.6300075 -0.3224042 -0.7065106 0.2813739 0.6493623 -0.706615 0.5879881 -0.3936562 -0.70827 0.480288 -0.5173752 -0.7064983 0.354996 0.6122401 -0.7064948 0.354979 0.6122541 -0.7064954 0.4240561 0.5666044 -0.7065019 0.4240843 0.5665752 -0.7064981 0.4871422 0.5133741 -0.7065004 0.4871509 0.5133628 -0.7065004 0.5436089 0.4531518 -0.7065067 -0.6300041 -0.3224022 -0.7065073 -0.6632538 -0.246864 -0.7065233 -0.6632733 -0.2467658 -0.7065215 -0.6874832 -0.1679113 -0.7065089 -0.6874769 -0.1679904 -0.7065112 -0.7023826 -0.08660656 -0.7065024 -0.7023846 -0.08666145 -0.7065005 -0.7077007 -0.004083931 -0.7064977 -0.7077034 -0.004101157 -0.7064963 -0.7033836 0.07819473 -0.706512 -0.7033573 0.07828938 -0.7065033 -0.6299976 -0.322422 0.01009219 -0.8072421 -0.5901343 -0.7065012 -0.5435917 0.4531714 -0.7064929 0.2812801 0.6494224 -0.7065122 -0.6894374 0.159739 -0.7065197 -0.6894197 0.1597825 -0.7065172 -0.666108 0.2390267 -0.7065001 -0.6661595 0.2389332 -0.7065016 -0.6337369 0.3150126 -0.7064865 -0.6337924 0.3149351 -0.7064899 -0.5927348 0.3867008 -0.7065001 -0.592692 0.3867477 -0.706497 -0.5436114 0.4531541 -0.706517 0.7033525 0.07828885 -0.7065 -0.4871408 0.5133728 -0.7064977 -0.4871526 0.5133647 -0.7065007 -0.4240531 0.5666002 -0.7065116 -0.423993 0.5666317 -0.7065073 -0.3549908 0.6122328 -0.7064962 -0.3550556 0.6122079 -0.7065865 -0.5388292 -0.4586923 -0.7064986 -0.5880719 -0.3937401 -0.7065023 -0.5880817 -0.3937188 -0.9999662 -0.006916165 -0.004461526 -0.9999029 -0.0020442 0.01378864 -1 0.000131845 0.000142306 -1 0.000197888 8.65155e-05 -1 -0.000215524 -4.99508e-05 -1 -0.000209249 -7.50518e-05 -1 -0.000226105 8.41819e-05 -1 -0.000235389 5.7458e-05 -0.9999999 0.000221317 -0.000510979 -1 -0.000240422 2.96637e-05 -1 -0.000241099 1.39714e-06 -0.9999979 0.001797556 -0.000977128 -0.9999891 0.004226744 -0.002000391 -0.7068312 -0.5379519 -0.4593446 -0.7062438 -0.4828998 -0.5177138 -1 -0.00019914 -9.89536e-05 -0.9999013 0.01205343 -0.007215499 -1 -1.44319e-05 -0.000246459 -1 1.44635e-05 -0.000246998 -1 -0.000122494 -0.000211274 -1 -9.7541e-05 -0.000225203 -1 -0.000205989 0.000175889 -0.9999605 -0.006690442 -0.005855143 -1 -2.9171e-05 0.000285978 -1 -0.000185454 -0.000121013 -0.9999993 -9.97511e-06 0.001187682 -0.9999328 -0.01015037 -0.005607783 -0.9999994 0.000555481 -0.000957793 -0.9999994 0.000662659 -0.000885588 -0.999966 0.006744682 0.00474596 -1 0.00018447 -0.000194395 -1 0.000206257 -0.000171949 -0.9999999 0.000160367 -0.000533294 -0.7084612 0.4797438 -0.5176181 -0.7072314 -0.4804857 -0.5186109 -0.7061918 -0.4220424 -0.5684834 -0.7001535 -0.4310855 -0.5691665 -0.7066806 0.5380662 -0.4594423 -0.7068071 0.53761 -0.4597817 -0.7049014 0.4312642 -0.5631388 -0.705837 0.4293504 -0.563429 -0.7065128 0.7033538 0.07831507 -1 -9.70106e-05 0.000406186 -0.9999941 -0.002405226 0.002464413 -0.9999999 -0.000418815 -0.00034915 -0.9999999 -0.000374618 -0.000394775 -0.9999976 -0.001863837 -0.00113815 -0.9999428 0.008246243 0.006821274 -0.9999993 -0.000802768 0.000925282 -1 0.0002014 0.000134837 -1 0.000183429 0.000156626 -0.02695709 0.9337955 -0.3567905 -0.6976824 0.3660517 -0.6158291 -0.7102642 -0.3635808 -0.6027719 -0.00156337 0.1321242 -0.991232 -0.1005184 0.2610435 -0.9600793 -0.3229591 0.9438151 0.07007426 -0.2131758 0.9707605 -0.1103629 -0.2740178 0.9508839 -0.1439931 -0.04279065 0.2269921 -0.9729561 -0.1769991 0.2912728 -0.9401231 -0.7517709 0.619517 0.2259187 -0.118395 0.2636282 -0.957331 -0.1043788 0.2089009 -0.9723504 -0.02728676 0.1020585 -0.9944041 -0.1788228 0.2188668 -0.9592287 -0.0973367 -0.1189959 -0.988112 0.2384144 0.3938967 -0.8876958 -0.02581477 0.03452926 -0.9990702 -0.01256918 -0.03433954 -0.9993312 0.2722368 -0.2253633 -0.935467 -0.02549558 0.2872096 -0.9575284 -0.03451657 0.2991309 -0.9535877 -1 -4.82656e-05 -0.000240533 0.007726192 -0.5991705 0.8005841 0.01800626 -0.2676283 0.963354 0.004656314 -0.2899671 0.9570253 0.007397353 -0.2878053 0.9576604 0.007359325 -0.4145865 0.9099801 0.0118218 -0.3974962 0.9175277 0.01216638 -0.397834 0.9173767 0.009022295 -0.5965468 0.8025276 0.009006023 -0.5054696 0.8627974 0.007043898 -0.5015955 0.8650736 0.01690131 -0.4898618 0.8716363 0.0178579 -0.6095356 0.7925576 0.01431083 -0.6882605 0.7253225 0.01771926 0.2681108 0.9632251 0.005981147 0.2877599 0.957684 0.017982 0.3069779 0.9515467 0.01072245 0.1743038 0.9846335 0.0126425 0.1725853 0.9849135 0.01808667 -0.7538229 0.6568287 0.008868813 -0.9918405 -0.1271762 0.006563484 -0.9924623 -0.1223746 0.01703304 -0.994073 -0.1073716 0.008539438 -0.9714093 -0.2372574 0.02106052 -0.9674577 -0.2521551 0.01013809 -0.68563 0.7278795 0.01791793 -0.7803174 0.625127 0.005954504 -0.7681072 0.6402936 0.008922159 -0.05469888 0.998463 0.01138466 -0.8374693 0.5463657 0.01186323 -0.837701 0.5460004 0.008832335 -0.9404619 0.3397843 0.008850872 -0.8975739 0.4407752 0.006651163 -0.8954538 0.4451047 0.01701039 -0.8887894 0.4580003 0.008012771 -0.9412044 0.3377425 0.01793652 -0.9452371 0.3258913 0.006778299 0.8954882 0.4450335 0.01082521 0.3992717 0.9167687 0.006110846 0.9938396 0.1106593 0.01736277 0.9955143 0.09300512 0.01027274 0.9741418 0.2257035 0.01393812 0.9733305 0.2289837 0.008850812 0.8974867 0.4409528 0.008832335 0.9404619 0.3397843 0.008012771 0.9412044 0.3377425 0.01629531 0.9445866 0.3278573 0.01292484 0.3975545 0.9174876 0.0178793 0.8883343 0.4588489 0.01270067 0.8374287 0.5463991 0.01087242 0.8383364 0.5450449 0.008636951 0.9382433 -0.3458682 0.009615063 0.9371665 -0.3487499 0.01937866 0.9409685 -0.3379391 0.01741266 0.7798097 0.6257745 0.008922159 0.05469888 0.998463 0.007380604 0.05839216 0.9982665 0.01673537 0.07077991 0.9973515 0.007380604 -0.05839216 0.9982665 0.01785308 -0.07225924 0.9972261 0.01360225 -0.1742977 0.9845991 0.01053285 -0.1716307 0.985105 0.01821684 0.753667 0.657004 0.005954504 0.7681072 0.6402936 0.00887829 -0.971631 -0.2363354 0.01036208 0.6882941 0.7253578 0.01305449 0.6864793 0.7270321 0.009189546 0.5058313 0.8625835 0.009192943 0.5962007 0.8027827 0.007726192 0.5991705 0.8005841 0.01632541 0.6079782 0.7937859 0.007044374 0.5015965 0.865073 0.01757931 0.4890511 0.8720779 0.9974032 0.07004928 -0.01673138 0.9976645 0.04762732 0.04896134 0.9983349 0.04277372 0.03870195 0.9979715 -0.04098063 0.04871892 0.998542 -0.0296725 0.04509317 0.9981144 -0.03564065 0.04997456 0.9983904 -0.0243467 0.051225 0.9979634 -0.03049045 0.05602997 0.9978749 -0.0290125 0.05834257 0.9981657 0.0551666 -0.02493894 0.9983634 0.05360388 -0.01992321 0.9974273 0.06922382 -0.01861971 0.9973956 0.04723578 0.05450481 0.9978511 0.06315118 0.01746499 0.99796 0.06220304 0.01437205 0.9976249 0.0667302 0.01707863 0.9976728 0.06652075 0.01496666 0.9983864 0.05631268 0.007318258 0.9979182 0.05463147 0.03427308 0.9977123 0.05545669 0.03866368 0.9976157 0.05640417 0.03976768 0.9978969 0.05584126 0.0329163 0.998312 0.05116468 0.02748429 0.9980402 0.006746351 0.06221175 0.9985002 -0.008708238 0.0540505 0.9975169 0.01435983 0.06894659 0.9971898 0.01218622 0.07391953 0.9982302 0.01350241 0.05791527 0.9982328 0.02353608 0.05456525 0.9979063 0.02220189 0.06074589 0.9980323 -0.007667064 0.06223005 0.9983943 0 0.05664592 0.9982661 -0.000795827 0.05885881 0.9981848 0.007855832 0.05971139 0.9981929 0.05518352 0.0237832 0.9978327 -0.01664906 0.06366157 0.9976184 -0.01319128 0.06769973 0.9980835 -0.008302509 0.06132382 0.9975533 0.027848 0.06412386 0.9977436 0.02862697 0.06073021 0.9981877 0.02733379 0.05361104 0.9982727 0.03229504 0.04907864 0.9983555 0.03203165 0.04754412 0.9979744 0.04215908 0.04764151 0.9981113 0.04214692 0.04469394 0.001564145 0.7944042 -0.6073875 0.01759177 -0.8820085 -0.4709049 0.006230533 -0.890175 -0.4555762 0.0184189 -0.9005581 -0.4343453 0.04383981 -0.6740273 -0.7374045 0.001419723 -0.7954801 -0.605978 0.000669223 -0.8768385 -0.4807847 0.01519751 -0.8309836 -0.5560892 0.01111012 -0.8287718 -0.5594765 0.04618579 0.6654182 -0.7450405 0.0153408 -0.9740787 0.2256889 0.009835124 -0.9730511 0.2303797 0.01775747 -0.9955946 0.09206569 0.006017923 -0.9938594 0.1104869 0.01809966 -0.9909684 0.1328684 0.01155847 -0.9999166 -0.005770146 0.01164966 -0.999915 -0.005852341 0.9976784 0.06809663 -0.00081614 0.9983932 0.05279809 0.02057784 0.9981811 0.05564719 -0.02319222 0.9983032 0.04741781 -0.03379452 0.9983465 0.04749608 -0.0323773 0.9977554 0.05750751 -0.03430658 0.9977496 0.05956661 -0.03078395 0.9987267 0.04194891 -0.02802479 0.008841693 0.9918479 -0.1271198 0.9976047 0.06915837 0.001401603 0.9977913 0.06642585 0.000524851 0.9978367 0.06567305 -0.003004074 0.9983777 0.05657255 -0.006437957 0.9981636 0.05965 -0.01055544 0.9987289 0.04695111 -0.01833474 0.01915132 -0.9370167 -0.3487591 0.009414374 -0.9400526 -0.3408996 0.9858736 -0.005706787 -0.1673941 0.8262346 0.1006025 0.5542703 0.7909376 0.1086321 0.6021768 0.8884487 -0.01073944 0.4588502 -0.03989106 0.06769233 0.9969084 0.7181165 0.09387803 0.6895619 0.7099037 0.1002615 0.6971258 0.6419461 0.07965785 0.7626006 0.9294235 -0.009386837 0.3688955 0.2757856 0.07958608 0.9579188 0.991407 -0.02747565 0.1278948 0.9744191 0.06500691 0.2151316 0.9579043 0.07275968 0.2777148 0.9539052 0.0865609 0.2873536 0.4625756 0.08108597 0.882864 0.2074223 -0.08130085 0.9748672 0.5309446 -0.000723266 0.8474062 0.5584672 0.08212012 0.8254518 0.6306058 0.07027745 0.772915 0.5568297 -0.005340635 0.8306096 0.01675254 0.01505094 0.9997464 0.5548641 0.0780363 0.828273 0.359728 -0.003749251 0.9330496 0.891119 0.0823425 0.446236 0.9962945 0.01297533 0.08502256 -1 0.000226301 8.41934e-05 -1 0.000194961 -9.6877e-05 -1 0.000205753 -7.37982e-05 -1 0.000212848 -4.93304e-05 -1 0.000216079 -2.40514e-05 -1 4.29799e-05 -0.000243077 -0.9999947 -0.003062069 -0.001174151 -0.99991 -0.01102387 0.007650852 -0.999999 -0.00084565 -0.001129746 -0.9999387 0.008574426 -0.007003545 -0.9999993 -0.000833482 0.000899282 -1 0.000215835 0.000110453 -0.9999989 -0.00148195 -0.00016496 -0.9999246 0.000898677 -0.01224678 -1 -0.000225566 0.000151016 -1 -0.000241083 0.000123374 -1 -0.000325128 -0.000102122 -1 -7.07035e-05 -0.000235122 -1 -4.2575e-05 -0.000240787 -0.9999901 0.000333487 -0.004419744 0.8441951 0.08390605 0.5294283 0.84539 0.08231216 0.5277693 0.8913142 0.0820052 0.4459084 -1 0.000224326 -0.000146379 -1 0.000400986 0.000209759 -0.9999993 0.001168608 0.000144187 -0.9999993 0.001144409 0.000279655 -0.9999608 -0.001742601 0.008685171 0.259087 -0.05806076 0.9641073 -0.9999998 0.00063333 3.67015e-06 -0.9999645 0.001358568 -0.008306264 0.9989267 0.04624056 0.002703309 0.9944059 0.055449 0.0899024 0.01183229 0.8308084 -0.5564329 0.01767927 0.8819432 -0.4710241 0.006281971 0.8901379 -0.4556479 0.00865674 0.892211 -0.4515358 -0.1416332 0.004786074 0.9899076 0.8870465 -0.003102123 0.4616696 0.9452457 -0.09843158 0.311162 0.7961209 -0.03744202 0.6039782 0.0153523 0.8290297 -0.5589939 0.9959352 0.02721244 0.08586406 0.9144489 -0.09769088 0.3927336 0.892214 -0.074763 0.4453815 0.949179 -0.0847904 0.3031006 0.9828085 -0.03261488 0.1817241 0.9921052 0.02155786 0.1235415 0.01857566 0.9908412 0.1337489 0.008827924 0.971598 -0.2364725 0.008539438 0.9714093 -0.2372574 0.02106052 0.9674577 -0.2521551 0.006563484 0.9924623 -0.1223746 0.01792734 0.9941952 -0.1060879 0.01250851 0.9999041 -0.005944609 0.01114046 0.9999123 -0.007167696 0.6310311 -0.0699591 0.7725965 0.1561756 0.001412987 0.9877283 0.9990842 -0.04185509 0.00887835 0.9943534 -0.07225853 0.07771801 0.9971183 -0.03125607 0.06912475 -0.00090753 0.877315 -0.4799141 0.2735373 -0.001977562 0.9618594 0.0100941 -0.004674971 0.9999381 0.5648021 -0.08284628 0.8210574 0.5550638 -0.07165557 0.8287157 0.6510965 -0.08590042 0.7541183 0.2776088 0.06148618 0.9587246 0.3785142 -0.08515721 0.9216699 0.2607575 0.06785386 0.9630168 0.265449 0.07292467 0.961363 0.7238063 0.007333874 0.6899643 0.2985152 0.001300573 0.954404 0.5883911 -0.213135 0.7799804 0.7065486 -0.09494042 0.701267 0.5315542 -0.007128477 0.8469943 0.9863131 0.003497064 -0.1648463 0.7842379 -0.1113362 0.6103894 0.7111787 -0.09198111 0.6969679 -0.9176066 -0.3974875 -0.001336157 0.8436384 -0.08768856 0.5297027 0.843649 -0.08770382 0.5296833 0.4653186 0.009667634 0.8850905 0.537532 -0.06910264 0.8404071 0.7314049 -0.5351121 0.4227315 0.7329193 -0.545207 0.4069134 0.8034165 -0.3848922 0.4542906 0.8315167 -0.5550282 0.02288621 0.8712239 -0.4881972 0.05130809 0.8682559 -0.4766935 0.1374587 0.8910366 -0.4357252 0.1272692 0.8750646 -0.4611455 0.1469932 0.850426 -0.4188283 0.3183683 0.8697072 -0.4428024 0.2180259 0.873167 -0.4318815 0.2259598 0.7526043 -0.6325026 0.1831043 0.7505395 -0.6175092 0.2353146 0.6662402 -0.7363559 0.1179148 0.6582331 -0.744381 0.1123664 0.7509083 -0.6346997 0.182464 0.7797371 -0.6227812 0.06444895 0.7694225 -0.5741474 0.2798993 0.8525325 -0.5183772 0.06688356 0.7321442 -0.5703859 0.3723235 0.7508082 -0.5744926 0.3259528 0.8034625 -0.5929195 0.05380237 0.6756592 -0.7103354 0.197252 0.6366808 -0.7434796 0.2046356 0.8169152 -0.5693433 0.09218358 0.8208965 -0.5628956 0.09632021 0.7713131 -0.6302331 0.08878242 0.7871618 -0.6061765 0.1136947 0.7561735 -0.646444 0.1015469 0.7853769 -0.6005926 0.1499055 0.7082239 0.5917434 0.3850439 0.7051737 0.5792788 0.4088594 0.7064128 0.550004 0.4455069 0.7018233 0.6244012 0.3428807 0.7816225 -0.6058787 0.1482474 0.8005478 -0.5509082 0.2358463 0.7130611 0.416305 0.5641224 0.7101233 0.527798 0.4659982 0.7084112 0.5104415 0.4874455 0.7089416 0.4274012 0.5610079 0.7077293 0.4741574 0.5237308 0.7091401 0.4703317 0.5252698 0.7066021 0.3964356 0.5861333 0.7346663 0.3570365 0.5768797 0.6080045 -0.7910071 0.0681045 0.869459 -0.4911327 0.05319631 0.6074438 -0.7875449 0.1038513 0.871761 -0.4646082 0.1554731 0.8507833 -0.4153971 0.3218901 0.7403048 -0.5472933 0.3904086 0.592497 -0.7952161 0.1287584 0.6425969 -0.7414633 0.1931357 0.6824388 -0.6900432 0.241076 0.718094 -0.6222903 0.311602 0.806898 -0.5719709 0.1475296 0.8194509 -0.5592556 0.1254327 0.8726277 -0.4803236 0.08837467 0.8801783 -0.4639561 0.1001539 0.5718387 0.03376299 -0.819671 0.01870453 0.00045886 -0.9998249 0.5037462 0.02612513 -0.8634566 0.7974886 -0.6008499 0.05469286 0.8290755 -0.5585898 0.02472621 0.8952427 0.05484557 -0.4421905 0.8367694 0.03881055 -0.5461784 0.76299 0.08962529 -0.6401668 0.5989374 -0.06306153 -0.7983089 -0.001943051 0.000215212 -0.9999981 0.5347298 -0.06094539 -0.8428225 0.8354321 -0.1070216 -0.5390727 0.8065859 -0.1411747 -0.5740114 0.8966873 -0.1782018 -0.4052109 0.9247992 -0.1015112 -0.3666632 0.7624158 -0.6464875 0.02785938 0.005321145 0.000818539 -0.9999855 0.3911753 -0.01322329 -0.9202212 0.8449934 -0.02830278 -0.5340273 0.8389385 -0.0291953 -0.5434426 0.7564217 -0.5233622 0.3923241 0.7563052 -0.5295494 0.3841615 0.7734563 -0.5549713 0.3062223 0.8021778 -0.4379677 0.4058263 0.7637484 -0.3883059 0.5156617 0.7393339 -0.4471213 0.5034561 0.7878482 -0.4597743 0.4097594 0.7933174 -0.4900882 0.3611941 0.8213385 -0.4871727 0.2967588 0.7010981 -0.7099534 0.06653976 0.7005677 -0.7104524 0.06680119 0.6484128 -0.7609872 0.021434 0.6034566 -0.7950295 0.06138652 0.6125521 -0.7898356 0.03065478 0.814107 -0.537836 0.2190028 0.7335444 -0.5046469 0.4552407 0.7861955 -0.4965662 0.3678568 0.7850307 -0.5378611 0.3072983 0.8077305 -0.5318213 0.2544358 0.7356983 -0.4890466 0.4685953 0.7094815 -0.6485416 0.2757348 0.6816706 -0.6860751 0.2542169 0.7068665 -0.6612915 0.2510642 0.7172804 -0.680327 0.1505463 0.715408 -0.6824338 0.149919 0.7219311 -0.6877052 0.07666176 0.727011 -0.6816448 0.08255571 0.7273302 -0.6857373 0.02747929 0.8486117 -0.4709811 0.2409043 0.8414252 -0.5336899 0.08472704 0.851079 -0.5152423 0.100945 0.8490989 -0.5116037 0.131502 0.8463273 -0.5171237 0.1277236 0.8514909 -0.4968292 0.1677019 0.8433151 -0.4908097 0.2189189 0.8269275 -0.4528222 0.333381 0.8270151 -0.4439151 0.3449425 0.8793456 0.4653444 0.1010248 0.6836516 0.6723567 0.2838258 0.8067331 0.5875373 0.06310135 0.818325 0.5495109 0.1684698 0.8159143 0.554538 0.1636198 0.8102821 0.5706672 0.1333484 0.0456252 0.01255017 -0.9988798 0.8922242 0.177698 -0.4151619 0.748616 0.134446 -0.6492291 0.4863005 0.09594196 -0.8685083 0.217971 0.03662091 -0.975268 0.8783186 0.4582251 0.1363314 0.8134901 0.4064895 0.4159329 0.8148403 0.3851906 0.4332013 0.876156 0.4432043 0.1895272 0.8726494 0.4484592 0.1933066 0.7431031 0.5607717 0.3651478 0.7382793 0.5397523 0.4044888 0.7277799 0.5382344 0.4250178 0.7586636 0.5703616 0.3148286 0.7320241 0.5689911 0.3746863 0.8629361 0.4254688 0.2726126 0.8604806 0.4278501 0.2766181 0.8574831 0.4631448 0.2240975 0.806874 0.400229 -0.4344778 0.7716737 0.3760631 -0.5129292 0.3618397 0.1703515 -0.9165437 0.4400554 0.216213 -0.8715522 0.01221293 0.004984915 -0.999913 0.7151061 0.2895647 -0.6362198 0.7031859 0.450785 -0.5498387 -0.07098603 -0.03078651 -0.9970021 0.4406428 0.1596974 -0.8833633 0.6450694 0.1718091 -0.7445584 -0.02347838 -0.005803346 -0.9997075 0.8404042 0.2709266 -0.469382 0.7572083 0.2548425 -0.6014075 0.2209698 0.06625336 -0.9730277 0.7943675 0.5254608 0.3047479 0.7827597 0.5305373 0.3252961 0.7997011 0.5382855 0.2659454 0.7763041 0.4118489 0.4772132 0.7269885 0.4476075 0.5207065 0.7886664 0.4590271 0.4090226 0.7945303 0.4907171 0.3576568 0.8238264 0.4883061 0.2878667 0.8199231 0.5160506 0.2478266 0.8673893 0.4967996 0.02874338 0.8539985 0.5173753 0.05485796 0.821351 0.5159005 0.2433706 0.7388629 0.4908252 0.4617058 0.7653241 0.4874758 0.4202932 0.8823165 0.4480597 0.1440837 0.8496427 0.5111897 0.1295854 0.851472 0.5145528 0.101148 0.817218 0.5689043 0.09220981 0.7577776 0.6520776 0.02383381 0.6988301 0.7128261 0.05929082 0.7642343 0.5437031 0.3468903 0.8474693 0.51569 0.1259359 0.8495914 0.4902715 0.1944952 0.8511295 0.4887202 0.1916534 0.8504047 0.4672085 0.2419258 0.8330063 0.4740285 0.2853024 0.8311325 0.4400091 0.3400159 0.8323422 0.5539329 0.01910322 0.7889496 0.4373118 0.4316446 0.7380645 0.511675 0.4398289 0.7474613 0.5129974 0.4220607 0.7701301 0.5453617 0.3308779 0.7611109 0.5431345 0.3545632 0.7766988 0.567463 0.2733585 0.7669612 0.5643552 0.3054077 0.7175965 0.6217011 0.3139158 0.6384443 0.7480943 0.1809529 0.7436249 0.6143288 0.26386 0.604784 0.7933456 0.06956398 0.6899837 0.7225876 0.0423057 0.7797492 0.6088917 0.1457466 0.7498248 0.6336954 0.1902448 0.7444229 0.6398428 0.1908815 0.7057787 0.6609913 0.254886 0.5631802 0.826254 0.01150763 0.70503 0.6616882 0.2551497 0.874301 0.4820936 0.05642247 0.8634601 0.500463 0.0630353 0.6633011 0.7409486 0.1050091 0.8188756 0.5564323 0.1408051 0.8213621 0.5621796 0.09653222 0.7707698 0.6309845 0.08816105 0.7742004 0.6279745 0.07913076 0.7224268 0.6882503 0.0664156 0.6851809 0.7191395 0.1156095 0.6062849 0.7835437 0.1359329 0.844947 0.5272257 0.08998686 0.8766497 0.4700039 0.1028671 0.7987661 0.5616288 0.2157448 0.7710746 0.5738149 0.2760081 0.7962414 0.6026276 0.05328887 0.7960756 0.602847 0.05328249 0.6135011 0.7823405 0.1075159 0.6314785 0.7710744 0.08172661 0.6261045 0.7446506 0.2312762 0.6504012 0.7315128 0.204615 0.6744672 0.7110418 0.1987801 0.7168088 0.6807156 0.1510351 0.7152673 0.6824477 0.1505252 0.7557872 0.6468673 0.1017263 0.7871466 0.6061286 0.1140545 0.785449 0.6007478 0.1489027 0.6522558 -0.6438529 -0.4000197 0.4566684 -0.4777751 -0.7504565 0.5395238 -0.5264347 -0.6571002 0.1427291 -0.1375446 -0.980158 0.5002544 -0.439548 -0.7460181 0.2505446 -0.220302 -0.9427059 0.3472348 -0.9374775 0.02374887 0.1880285 0.9817394 -0.02886432 0.4474036 0.8861975 -0.12035 0.6184482 0.7857548 -0.010549 0.4650438 -0.8843495 -0.04074651 0.3659452 0.9305685 0.01124411 0.001645743 -0.9940449 -0.1089589 -0.005449295 -0.9995154 -0.03064817 0.1325512 -0.07593876 -0.9882629 0.6454352 -0.3157357 -0.6955029 0.6378211 -0.3135101 -0.7034882 0.02159631 -0.000856738 -0.9997664 -0.05311149 0.02176409 -0.9983514 0.2149623 -0.1809037 -0.9597213 0.6242548 -0.4683594 -0.6252564 0.6611412 -0.5027987 -0.5568535 0.5175064 -0.3234373 -0.7921965 0.7357462 -0.4277682 -0.5250638 -0.004228711 0.9980272 -0.06264138 0.5036689 -0.3127658 -0.805292 -0.9144042 0.4047906 -0.00308597 -0.9171656 0.3984594 -0.006117343 -0.7842195 0.6204386 -0.007463335 -0.7715423 0.6361736 0.002404689 -0.8469892 0.5316044 -0.002484738 -0.8511333 0.5249298 -0.004570603 -0.991281 0.1316313 -0.005937457 -0.4379296 0.8989942 -0.005198001 -0.3235815 0.9461982 0.002012372 -0.8569478 0.515396 -0.00272715 -0.6895996 0.7241693 0.005598008 -0.7065629 0.7076438 -0.003036439 -0.6581577 0.7528701 -0.003897905 -0.5754004 0.8178547 0.005309581 -0.9995785 -0.02897572 -0.001843392 -0.9999151 0.0112937 -0.006503999 -0.7909746 -0.6118485 0.000695417 -0.7922412 -0.6102064 0.001379847 -0.7591407 -0.6508976 -0.006142437 -0.7175167 -0.6965162 0.005914628 -0.6692627 -0.7429867 -0.007635891 -0.6349581 -0.7725466 -0.000238059 -0.6849496 -0.7284475 0.01443362 -0.5534261 -0.8328123 -0.01196271 -0.9588631 -0.2838209 -0.005209743 -0.9837112 0.1797107 0.004051089 -0.9682636 0.2498769 -0.005196154 -0.9552454 0.2958141 0.000459096 -0.9579205 0.2870187 0.002913773 -0.4342904 0.900766 -0.003545224 -0.9858359 -0.167705 0.001627326 -0.9905339 -0.1371392 -0.005946755 -0.9642019 -0.2651543 0.002819299 0 0.9999443 -0.01055204 -0.490265 -0.8715734 -0.000360061 -0.5680873 -0.8229683 -0.000157053 -0.5702784 -0.8214114 -0.00811547 -0.5373129 -0.8431274 -0.02076035 -0.06606018 -0.9978155 -0.0005519 -0.1873501 0.9822857 0.003812253 -0.1512113 0.9884915 -0.00441873 -0.01937401 0.9998123 -0 -0.04870837 0.9987996 -0.005189001 -0.1473003 0.9886203 -0.03053683 -0.088611 0.9960653 -0.001485168 -0.05713886 0.998331 -0.008394598 -0.08503413 -0.9963577 -0.006359934 -0.4959737 0.8683206 -0.005433857 -0.532979 0.8458085 -0.02326881 -0.5572169 0.8302776 -0.01218664 -0.5771059 0.8166507 -0.005521297 -0.6242936 0.7811762 0.004612386 -0.4909601 0.8711713 -0.004315137 -0.02631169 -0.9996464 -0.003826081 -0.02775889 -0.9996059 -0.004196882 -0.1901435 -0.9817554 -0.00131154 -0.1873514 -0.9822928 0.000367889 -0.3247174 -0.9458107 -0.000867523 -0.3054454 -0.9521251 0.01268798 -0.3578279 -0.9337689 -0.005906701 -0.4573069 -0.8893032 -0.003177344 -0.4451932 -0.8953754 -0.01028376 -0.3202947 0.9473179 -2.98069e-05 -0.1978672 0.9802288 -3.06839e-05 0.9756124 -0.1917574 0.1068157 0.9749222 0.06046593 0.2141742 0.9626085 0.1652967 0.2146199 0.982915 -0.1457359 0.1124235 0.9514608 -0.2453489 0.1858127 0.9649986 -0.1699893 0.1997029 0.9025943 0.4249804 0.0686677 0.9353399 0.3121524 0.1664339 0.9472779 0.3012814 0.1090602 0.9200654 0.3724918 0.1213654 0.9975052 0.06544154 0.02647304 0.9794336 0.1965538 0.04556763 0.9803069 0.1920412 0.04602843 0.9760428 0.2099143 0.05724132 0.9618763 0.2688716 0.05002021 0.9840844 0.1770293 0.01544338 0.9778642 0.2071195 0.02972066 0.964372 0.2640389 0.0164352 0.9387181 0.3439002 0.02325612 0.9993157 -0.00503391 0.03664332 0.9813953 -0.03579747 0.1886315 0.9971463 -0.04120117 0.06325948 0.9503007 0.2909415 0.1108224 0.9559471 0.2767072 0.09797072 0.9685755 0.1989787 0.1492282 0.9731969 0.1930318 0.1250066 0.9005887 -0.4346301 0.006054997 0.9113056 -0.4063891 0.06610566 0.9420696 -0.30953 0.1292133 0.92021 -0.3809247 0.09005534 0.5586972 -0.2086291 -0.8027024 0.7814978 -0.2120473 -0.5867684 0.7106909 -0.175884 -0.6811631 0.9984207 -0.01079678 0.05513268 0.02182489 -0.001597881 -0.9997605 0.5545055 -0.1426301 -0.819866 -0.001097917 2.0968e-05 -0.9999994 0.4323763 -0.09866875 -0.8962785 0.9428791 -0.2938419 0.1569579 0.9896922 0.1430005 0.007761299 0.1985206 -0.07344555 -0.9773409 -0.1410617 0.04771637 -0.9888502 0.8076409 -0.2529346 -0.5326728 0.7738467 -0.3223956 -0.5451811 0.6609376 -0.2571081 -0.7050226 0.6202663 -0.2439996 -0.7454756 0.2144854 -0.07865482 -0.973555 0.9978099 0.01389682 0.06467092 0.9963991 0.05119591 0.06758612 0.9974871 -0.03802263 0.05978155 0.9972097 -0.03935152 0.06343775 0.9999222 -0.00683403 0.01044422 0.9973047 0.01485109 0.07185286 0.9870193 0.08908379 0.1336303 0.9855969 0.1202798 0.1188755 0.9928393 0.08670473 0.08217281 0.9838959 0.1222817 0.1303689 0.9879757 0.1535643 0.01794242 0.9802916 0.1632981 0.1111848 0.9203204 0.3863543 0.06116056 0.9436571 0.3232441 0.07088446 0.9143397 -0.4006586 0.05878478 0.9936581 0.06005668 0.09506201 0.9470643 -0.3175281 0.04738205 0.9461726 -0.3204771 0.04529726 0.9691736 -0.2444413 0.03083795 0.9795389 -0.1999322 0.02303993 0.9930638 -0.1175187 0.00372523 0.964843 0.2534843 0.06945252 0.9901867 0.1116647 0.0840317 0.9972402 0.073116 0.01288551 0.9798536 -0.145635 0.136665 0.9869353 -0.08585196 0.1363378 0.9936118 -0.07958608 0.08000957 0.9997982 0.0200532 0.001243174 0.999877 0.01252675 0.009442746 0.9733098 -0.2264075 0.03751623 0.9970629 -0.07299214 0.02319049 0.9337683 -0.353869 0.05341851 0.9506586 -0.3101841 0.005846738 0.9238162 0.3802872 0.04410475 0.9581542 0.2810018 0.05457556 0.998784 -0.04874879 0.007374227 0.9824764 -0.1839623 0.02996802 0.9662398 -0.2492527 0.06522071 0.9430913 -0.3166887 0.1014254 0.9637238 -0.2589874 0.06451368 0.9551996 -0.2621055 0.1374574 0.9674268 -0.2361602 0.09117954 0.9907363 -0.05023038 0.126168 0.9665279 -0.1239396 0.2246388 0.9763428 -0.2003598 0.08130645 0.9860301 -0.163393 0.03236263 0.9999282 -0.01197862 0.000259154 0.9985482 -0.04028165 0.03576081 0.9872328 -0.1555763 0.03416723 0.9968245 -0.07921254 0.008147776 0.9908173 -0.122541 0.05713891 0.510949 0.4725225 0.7180903 0.5115619 -0.2803927 0.8122096 0.5123381 0.6865219 -0.5159433 0.5127103 0.7823349 -0.3536669 0.5133713 0.7880897 0.3396537 0.5134567 0.8449878 -0.149526 0.5050266 -0.6910138 -0.5171539 0.5128706 -0.8453328 -0.149587 0.5137585 -0.4716011 0.71669 0.5151624 0 0.8570926 0.5127691 -0.7884534 0.3397194 0.3585045 -0.5502145 0.7541475 0.1095172 -0.9240179 0.3663289 0.1589778 -0.9426617 0.2934534 0.5424281 -0.5840077 0.6039095 0.07970052 -0.8908078 0.4473358 0.7179015 0.6929413 0.0667079 0.6638208 0.706879 0.2442623 0.7710455 0.4765653 0.4223439 0.7633796 0.6354186 0.1161677 0.7992812 0.5047376 0.3261739 0.3764766 -0.8909882 -0.2537823 0.2321935 -0.9650395 0.1215935 0.801126 -0.579661 0.1489638 0.8369653 -0.5346572 -0.1167511 0.4137234 -0.8258944 -0.3830552 0.3598421 0.5523227 0.7519663 0.1591714 0.9427821 0.2929612 0.3151379 0.9466539 -0.06733936 0.5430901 0.5837814 0.6035333 0.6574714 0.6108754 0.4410927 0.06404829 0.8952183 0.4410011 0.0782715 0.8944071 0.4403516 0.3750482 0.889253 -0.2618548 0.4120194 0.8265331 -0.3835142 0.8363676 0.5364198 -0.1128856 -0.08208727 -0.7486259 -0.6578913 -0.4696049 -0.5767554 -0.6684494 -0.4984083 -0.5973457 -0.6283051 -0.5369396 -0.5419266 -0.646538 -0.5562173 -0.5483298 -0.6244652 -0.5671919 -0.5061366 -0.649707 -0.6140536 -0.5084954 -0.6036313 -0.1308484 -0.7533181 -0.644508 -0.1321905 -0.7556335 -0.6415167 -0.1847922 -0.7707033 -0.6098099 -0.202894 -0.7128787 -0.6712958 -0.2562682 -0.7482091 -0.6119721 -0.2442591 -0.7304923 -0.6377449 -0.7546611 0.1397354 -0.6410622 -0.6547511 -0.414819 -0.6318435 -0.7134181 -0.3583552 -0.6021761 -0.6918672 -0.3560801 -0.6281137 -0.3084867 -0.7555484 -0.5779122 -0.712966 -0.2832664 -0.6414356 -0.7040629 -0.2831006 -0.6512675 -0.745082 -0.2530396 -0.6171092 -0.3842793 -0.6323084 -0.6726928 -0.4410442 -0.674739 -0.5917831 -0.2497162 0.5547249 -0.7936764 -0.2024878 0.5662209 -0.7989948 -0.5880801 0.3016499 -0.750446 -0.3181532 -0.6906797 -0.6494154 -0.3808736 -0.7365959 -0.5588932 -0.07126414 0.6099582 -0.7892226 -0.03083544 0.6063974 -0.7945637 -0.02268815 -0.7630077 -0.6459912 -0.06445086 -0.7854897 -0.6155095 -0.3901699 0.665841 -0.6359428 -0.3904212 0.6704251 -0.6309528 -0.3278173 0.6931186 -0.6419677 -0.3285886 0.6976027 -0.6366946 -0.299797 0.7587667 -0.5782688 -0.2309188 0.6754554 -0.7003117 -0.2203681 0.7418043 -0.6333753 -0.1663185 0.7122172 -0.6819713 -0.1611943 0.7549492 -0.6356635 -0.5549887 -0.7458539 -0.3683606 -0.4872202 -0.7325298 -0.475412 -0.6377277 0.4690221 -0.6110005 -0.1030845 0.7560973 -0.6462898 -0.1002716 0.7771178 -0.621316 -0.02315598 0.7851876 -0.618825 -0.02053719 0.791823 -0.6104052 -0.7812011 -0.131032 -0.6103734 -0.7206061 0.3246101 -0.6126624 -0.6756228 0.3486418 -0.649602 -0.6827535 0.3584926 -0.6366559 -0.6442112 0.4170397 -0.6411473 -0.6395325 0.4109666 -0.6496959 -0.7701886 -0.169988 -0.6147468 -0.722537 -0.0905435 -0.6853774 -0.790321 -0.06195837 -0.6095523 -0.7691152 -0.000615155 -0.6391099 -0.7700657 -0.000225503 -0.6379646 -0.7701119 0.0465188 -0.6362105 -0.57524 0.4659714 -0.6722868 -0.5941146 0.532455 -0.6029258 -0.5283208 0.5241245 -0.66796 -0.5362703 0.5795317 -0.6136425 -0.4834325 0.5881404 -0.6483702 -0.4871769 0.6025047 -0.6321761 -0.432176 0.641505 -0.6337944 -0.4321749 0.6414973 -0.6338029 -0.7701047 0.1785141 -0.6124308 -0.7149246 0.2020438 -0.6693735 -0.7517542 0.2460758 -0.6118108 -0.6666269 0.2610906 -0.6981692 -0.4229933 0.1695962 -0.8901202 -0.3017289 0.4424651 -0.8445025 -0.2425993 0.3987429 -0.8843923 -0.2494283 0.4234207 -0.8709193 -0.4560667 0.1918548 -0.8690195 -0.3099533 0.3821859 -0.8705532 -0.4293832 0.195157 -0.8817844 -0.3666175 0.2026519 -0.908033 -0.3843657 0.2184056 -0.8969738 -0.3654033 0.2433992 -0.8984638 -0.07218796 0.4906014 -0.8683888 -0.1458569 0.4539667 -0.8789994 -0.113739 0.4686075 -0.8760539 -0.1143367 0.4878496 -0.8654073 -0.3064408 0.2756233 -0.9111125 -0.3370404 0.337186 -0.8790389 -0.2799366 0.3296701 -0.9016392 -0.2775584 -0.378615 -0.8829565 -0.4399234 -0.2248552 -0.8694295 -0.4171745 -0.1707284 -0.8926461 -0.450304 -0.1756377 -0.8754301 -0.478931 -0.1292844 -0.8682803 -0.4196103 -0.07785707 -0.9043592 -0.4245972 -0.07738083 -0.9020695 -0.3376849 -0.4201545 -0.8422821 -0.3059195 -0.336196 -0.8907219 -0.3585215 -0.3605924 -0.8610664 -0.355776 -0.3128972 -0.8806354 -0.3313198 -0.2769996 -0.9019415 -0.3789002 0.3012398 -0.8750367 -0.4925279 -0.03960973 -0.8693948 -0.446037 -0.002297997 -0.8950116 -0.5067972 0.03695595 -0.8612728 -0.4517827 0.0843591 -0.8881306 -0.4595624 0.1277675 -0.8789072 -0.4623513 0.1291517 -0.8772406 -0.4002847 -0.2208005 -0.8893927 -0.6184547 -0.166776 -0.7679191 -0.7403496 -0.09273803 -0.6657944 -0.6541175 0.06199306 -0.7538482 -0.6514398 0.104167 -0.7515155 -0.002966403 0.4892935 -0.8721141 -0.2164911 0.4464883 -0.8682048 -0.2163617 -0.5518913 -0.8053593 -0.5115868 -0.3640465 -0.7782989 -0.5425583 -0.3640258 -0.757044 -0.2525293 -0.5513571 -0.7951317 -0.2561898 -0.5561255 -0.7906271 -0.3048487 -0.5224761 -0.7962952 -0.320712 -0.5378288 -0.7796692 -0.1848012 -0.9401577 0.2862728 -0.02496439 -0.06753438 -0.9974045 -0.06156033 -0.2805767 -0.9578555 -0.1916803 0.925951 -0.3253819 -0.121235 0.9360202 -0.3304063 -0.7922685 0.5097824 -0.3353096 -0.8010051 0.5291362 -0.2800101 -0.7614583 0.5621325 -0.3227822 -0.761572 0.5675563 -0.3128705 -0.3543735 0.8807954 -0.3140366 -0.70024 0.6242705 -0.3463385 -0.7037798 0.6324943 -0.3234887 -0.6797952 0.6898588 -0.2489448 -0.6316529 0.6861706 -0.3608108 -0.6013181 0.7422857 -0.2956831 -0.5997374 0.7340313 -0.3186111 -0.1223566 0.9327608 -0.339096 -0.05809348 0.9697149 -0.2372302 -0.002955019 -0.9952703 -0.0970999 -0.5674323 0.792089 -0.2249792 -0.5259436 0.7814034 -0.3358451 -0.4764537 0.8159032 -0.3275573 -0.4764966 0.8153555 -0.3288561 -0.4033473 0.8588212 -0.3158119 -0.4015694 0.8706063 -0.2842298 -0.9327922 0.316792 -0.1718767 -0.1354727 0.1787381 -0.9745255 -0.8784825 0.4547823 -0.1464295 -0.9088451 0.4014559 0.1132859 -0.9224212 0.3717408 -0.1046319 -0.8443222 0.5275338 0.09395796 -0.9751081 -0.1432259 0.1692641 -0.1778454 -0.2514988 -0.9513776 -0.1298578 -0.1637349 -0.9779201 -0.2299192 -0.2561298 -0.9389008 -0.1578658 -0.2726524 -0.9490727 -0.1000369 -0.2130757 -0.9719008 -0.1023895 -0.2198224 -0.9701518 -0.9884813 -0.07583785 -0.1309705 -0.9802792 0.1318374 -0.1472128 -0.556542 -0.8088349 0.1898605 -0.8218621 0.3533341 -0.4468755 -0.8567371 0.07701236 -0.5099712 -0.6802515 -0.5440518 -0.4911879 -0.5518748 -0.6739922 -0.4910894 -0.7238683 -0.4809423 -0.4946808 -0.8522844 0.1290815 -0.5069017 -0.8386789 0.2857322 -0.4636538 -0.841889 -0.2597142 -0.4730447 -0.8681576 -0.2231336 -0.4432986 -0.9381949 -0.07448393 -0.3379976 -0.9442096 -0.07102578 -0.3215954 -0.9464086 -0.000298112 -0.3229717 -0.9679198 0.01417982 -0.2508592 -0.9358981 0.06939858 -0.345367 -0.7306035 -0.6405401 -0.2364884 -0.7187334 -0.5831933 -0.3785602 -0.9384359 -0.1592553 -0.3065547 -0.7771207 -0.5805075 -0.2430938 -0.7992665 -0.5175032 -0.3055545 -0.7915052 -0.5177153 -0.3247929 -0.8379958 -0.4759719 -0.2668592 -0.8308185 -0.4280176 -0.3557268 -0.8973898 -0.3946847 -0.1972703 -0.8487553 0.3753396 -0.3724712 -0.9338749 0.1580561 -0.3207741 -0.9231337 0.2122787 -0.3205649 -0.9307981 0.2230389 -0.2896006 -0.8918013 0.2913426 -0.3461357 -0.8809273 -0.3503203 -0.3181868 -0.8474041 0.4441626 -0.2909051 -0.8389127 0.4321503 -0.330865 -0.8958222 -0.3139657 -0.3145282 -0.9202076 -0.2186815 -0.3246483 -0.9428656 -0.156728 -0.2940081 -0.3443205 -0.872835 -0.345836 -0.1352759 -0.9501844 -0.2808026 -0.1585435 -0.9158937 -0.3687853 -0.2222107 -0.9301558 -0.2922886 -0.2136542 -0.9202355 -0.3279003 -0.277692 -0.9225744 -0.2678502 -0.2954893 -0.8809507 -0.3696106 -0.3592265 -0.8860549 -0.2930239 -0.3193687 0.8444854 -0.4299396 -0.2554493 0.8590528 -0.4435919 -0.2538737 0.8657019 -0.4314029 -0.2014584 0.8712116 -0.4476661 -0.5766466 -0.7720372 -0.2672773 -0.4398099 -0.84547 -0.3028993 -0.4402654 -0.8457752 -0.3013814 -0.4893028 -0.810181 -0.322784 -0.6618909 -0.7043266 -0.2565631 -0.6675804 -0.6649826 -0.3348649 -0.04477733 -0.9454357 -0.3227173 -0.07661378 -0.9434704 -0.3224809 -0.08336001 -0.9519107 -0.2948173 0.06631201 -0.8933959 0.4443495 0.003825187 -0.2789809 -0.9602891 -0.001536965 -0.001537203 -0.9999976 -0.00584042 0 -0.9999829 0.000918733 -0.762678 -0.6467776 0 -0.001714944 -0.9999986 -0.002947509 -0.002947747 -0.9999913 -0.000459746 -0.01359146 -0.9999076 0 -0.007267475 -0.9999737 0 0.001812517 -0.9999984 -0.001625001 0.001624763 -0.9999973 -0.006177246 0 -0.9999809 0 0.02673822 -0.9996425 0.000671353 0.01924103 -0.9998146 -0.003114879 0.00311464 -0.9999903 0.5036106 0.7218802 -0.4746212 -0.7645022 0.5665212 -0.3075549 -0.9500936 0.01547253 -0.311581 -0.7148615 -0.1078832 0.6908939 -0.9522456 -0.1059789 0.2863507 -0.7793246 0.3864234 -0.4932851 -0.9443134 0.2564462 -0.2061738 -0.8244341 0.4945955 -0.2751067 -0.7731766 -0.08760052 -0.6281114 -0.9501572 0.2973212 -0.09381592 -0.8315169 0.551494 -0.06658869 -0.7743135 0.6271182 -0.08462458 -0.7617338 0.6428507 0.08065098 -0.7401483 -0.658684 -0.1353363 -0.9499639 -0.2871143 -0.1230201 -0.9523226 -0.2504907 0.1741728 -0.8463708 -0.4891723 0.2106349 -0.7609468 -0.6000152 0.2468638 -0.9527494 -0.2974767 0.06145113 -0.8405017 -0.5418015 -0.002858161 -0.8326416 -0.4607052 -0.3073413 -0.7179414 -0.3669086 -0.5915558 -0.9522957 -0.1065345 -0.2859777 -0.8449191 -0.08134812 -0.5286721 -0.7697544 -0.5365174 -0.3458721 -0.7476613 -0.4453117 -0.492646 -0.7688452 0.3008758 0.5642259 -0.7487502 0.1568531 0.6440266 -0.7884542 0.1577803 0.5945128 -0.7692424 0.0173192 0.6387224 -0.7156664 -0.4829933 0.5045185 -0.8297005 0.1291636 -0.5430598 -0.01546865 -0.4498088 -0.892991 -0.02303701 -0.4296652 -0.9026943 -0.04860162 -0.4963454 -0.8667637 -0.09302425 -0.5045082 -0.8583811 -0.3566042 -0.2822711 -0.8905933 -0.09842747 -0.4205217 -0.9019277 -0.1356682 -0.4825151 -0.8653169 -0.1576889 -0.4617743 -0.8728681 -0.7197649 0.6618509 0.2095042 -0.9530242 0.2650529 0.1466014 -0.8487162 0.4017061 0.3439666 -0.7738842 0.4747627 0.4191701 -0.9497503 0.1916987 0.2474387 -0.8361125 0.2500537 0.488251 -0.8367439 -0.2918785 0.4633214 -0.00287491 -0.1106352 -0.993857 -0.02184748 -0.274753 -0.9612666 -0.6487343 0.3173187 -0.6917027 -0.6431891 0.4881164 -0.5899577 -0.4348387 0.5411261 -0.7197901 -0.4119797 0.7018696 -0.581078 -0.5808919 -0.5701144 0.580977 -0.6423075 0.05893915 0.7641775 -0.6237516 -0.1199344 0.7723662 -0.5902243 -0.1332767 0.7961612 -0.5808912 -0.2815124 0.7637514 -0.7683301 0.1387834 -0.6248263 -0.7589865 0.2992583 -0.5782594 -0.5710694 -0.6749452 0.4672567 -0.5852782 -0.6648675 0.4641128 -0.5777803 -0.7502578 0.321377 -0.5842224 -0.7454583 0.3208988 -0.5843556 -0.7945586 0.1649393 -0.5807932 -0.7972261 0.1646505 -0.5770595 -0.8167005 -0.001646399 -0.6548317 -0.7555992 0.01629072 -0.6235392 -0.7657655 -0.157487 -0.5859478 -0.7915091 -0.1737195 -0.5769192 -0.7501819 -0.3230968 -0.6433307 0.7634431 0.05727273 -0.6229337 0.7457005 0.2363988 -0.5841883 0.6162483 0.5281687 -0.5754827 0.5001001 0.6470854 -0.5810614 0.4986678 0.6431937 -0.5795597 0.3452087 0.7382015 -0.5844071 -0.7459372 -0.3194465 -0.5989457 0.6997313 -0.3894099 -0.5853911 0.7733492 -0.2434097 -0.5863429 0.7726286 -0.2434073 -0.585519 0.8078392 -0.06755208 -0.5635594 0.7254616 -0.3951032 -0.5812019 -0.6581087 -0.4786413 -0.5823745 -0.1241584 -0.8033832 -0.589932 0.7667397 0.2531606 -0.5823274 0.7108707 0.3944079 -0.5846835 0.7096512 0.3931161 -0.5742938 0.6201258 0.5344442 -0.647332 -0.536446 -0.5414676 -0.6245523 -0.4137929 -0.6623517 -0.5831481 -0.4201024 -0.6953073 -0.5754404 -0.2830553 -0.7672993 -0.5820617 -0.2828243 -0.7623744 -0.5841345 -0.1243566 -0.8020738 -0.5822083 0.04196548 -0.8119559 -0.5908615 0.03972452 -0.8057943 -0.5809398 0.2186483 -0.7840293 -0.57998 -0.2819337 0.7642883 -0.5756781 -0.4343251 0.692789 -0.661207 -0.3817884 0.6457887 -0.6276919 -0.5358209 0.5647113 -0.5814619 0.6080961 -0.5404824 0.9263474 0.2413446 -0.2891942 0.950355 0.3104943 -0.02046203 0.7871881 0.5594446 -0.2595314 0.6313543 0.6538593 -0.416965 0.6732149 0.6684924 -0.3160691 0.7873439 0.537842 -0.3013564 0.6702803 0.4591517 -0.5830128 0.860992 -0.4227863 -0.282745 0.9349803 -0.2236542 -0.275301 0.7249987 -0.172916 -0.666691 0.7781266 -0.1166044 -0.617189 0.7583848 -0.119496 -0.6407598 0.8345063 -0.4113778 -0.3665617 0.6450592 -0.3177713 -0.6949245 0.8962593 -0.1463076 -0.4187045 0.9222695 -0.1387003 -0.3608062 0.5583192 0.5731167 -0.5998475 0.7568978 -0.03612893 -0.6525339 0.9627145 -0.03411024 -0.2683601 0.03909295 -0.624629 -0.7799425 0.02761507 -0.5761054 -0.8169088 0.2649781 -0.5629996 -0.782827 0.1029163 -0.6154425 -0.7814338 0.09601587 -0.5999297 -0.7942703 0.1637565 -0.6450797 -0.7463618 0.5029075 -0.277482 -0.8185889 0.5710895 -0.2813143 -0.7711802 0.5199901 -0.229191 -0.8228497 0.5977712 -0.2192404 -0.7711052 0.3858834 -0.4874591 -0.7832482 0.478493 -0.4957977 -0.7247269 0.3934851 -0.4374335 -0.8085923 0.4763197 -0.4232845 -0.7706814 0.4383225 -0.3632297 -0.8221542 0.5070582 -0.3826647 -0.7723081 0.2230793 -0.5345104 -0.8151897 0.324097 0.677412 -0.6603592 0.2630787 0.7120796 -0.6509473 0.5766873 0.772314 -0.2663882 0.5850275 0.7409284 -0.3297995 0.4917162 0.6259077 -0.6053552 0.4848625 0.6079717 -0.628712 0.06346583 0.9341803 -0.3511117 0.05008053 0.7997735 -0.5982093 0.3207188 0.8986069 -0.299408 0.4098958 0.8654425 -0.288088 0.1381049 0.8180605 -0.5583047 0.08729487 0.7354492 -0.6719332 0.0467537 0.2580322 -0.9650044 0.2154641 0.7377831 -0.6397275 0.2515194 0.746064 -0.6165439 0.1562481 0.8672037 -0.4728047 0.172826 0.8786779 -0.445035 0.1376689 0.4031172 -0.9047341 0.1713299 0.4442975 -0.879344 0.2699744 0.9190985 -0.2870047 0.2704438 0.9164977 -0.2947745 0.1216048 0.4536042 -0.8828678 0.1011068 0.9614614 -0.2556746 0.2091834 0.8423368 -0.4967 0.1931118 0.4204341 -0.8865342 0.1942139 0.4271367 -0.8830828 0.4532892 0.8213617 -0.3462569 0.4751427 0.7314267 -0.4891363 0.4308159 0.7561529 -0.4925752 0.3682665 0.6849041 -0.6287179 0.09846162 0.177652 -0.9791553 0.02493715 0.09474259 -0.9951894 0.3170542 0.7401209 -0.5930411 0.3597234 0.8326166 -0.4211278 0.4327598 -0.8520224 -0.2945792 0.6544823 -0.4147079 -0.6321948 0.714127 -0.6533972 -0.2511869 0.6826733 -0.6560009 -0.3219002 0.5939244 -0.5658723 -0.5718762 0.03787589 -0.9566739 -0.2886875 0.06129133 -0.888121 -0.4555047 0.03026193 -0.7747919 -0.6314917 0.03841626 0.3362841 -0.9409767 0.2726463 -0.7221371 -0.635753 0.3490247 -0.8855236 -0.3066427 0.08995223 -0.8905865 -0.4458299 0.526342 -0.3336118 -0.7820916 0.1677684 -0.9336187 -0.3165594 0.157267 -0.8757951 -0.4563441 0.5808356 0.8140193 0.001650214 0.2651628 0.9641983 0.003229022 0.2953006 0.9554014 -0.002376258 0.01461958 0.9998905 -0.002318024 0.3430443 0.9393179 -0.001627147 0.3542881 0.9351358 0.001009106 0.5133256 0.8581929 -0.001360177 0.5116869 0.8591717 -0.000790799 0.4176063 0.9086253 -0.002262413 0.7633222 0.6460178 0.000324882 0.7507919 0.6605291 -0.003574967 0.1869622 0.9823671 1.58542e-05 0.000543259 0 -0.9999998 0 -0.00205934 -0.9999979 0.002488195 -0.000959191 -0.9999964 0.001372098 -0.000160469 -0.9999991 0.001314759 -0.000209493 -0.9999991 0.0011729 0 -0.9999993 0.200111 0.9797709 -0.002139031 0.1167908 0.9931421 -0.005356729 0.09557545 0.995422 -0.000621131 0.002366781 0.9999971 -0 -0.002067685 0.999976 -0.006613373 0.7861133 -0.6180819 0.000851751 0.8036113 -0.5951402 -0.004110336 0.8273411 -0.5616933 0.002715587 0.5132945 -0.8582107 0.001773476 0.5282163 -0.8491086 0.001506209 0.7274778 -0.6861299 -0.00135678 0.6024402 -0.7981522 -0.004353582 0.5942414 -0.8042858 -0.001241385 0.6723515 -0.7402256 0.003074109 0.6564841 -0.7543262 -0.004536271 0.8627142 -0.505598 0.009752333 0.7148618 0.6992618 0.002338588 0.6901853 0.7236247 -0.003411889 0.6615791 0.7498705 -0.002684235 0.6500788 0.759866 0.00107032 0.5939103 0.8045283 -0.002196848 0.8628168 -0.505469 -0.006940007 0.890654 -0.4546797 0.001340746 0.7991152 0.6011738 0.00222361 0.8138527 0.5810711 0.000117353 0.8111453 0.5848422 0.001759529 0.7259746 -0.6877073 0.004429101 0.7396027 -0.6730428 0.00111401 -0.9824167 6.92949e-05 -0.1867017 0.3592504 0.9302046 0.07522356 0.428557 0.8932653 0.1357058 0.429736 0.8918349 0.1412714 0.1277254 -0.006919801 0.9917855 0.2634583 0.9634034 0.04943525 0.1277891 0.006652057 0.991779 0.06611329 0.01273155 0.9977309 -0.149427 0.04204696 0.9878783 0.4018764 0.000882915 0.9156935 0.327161 0.9339072 0.1441634 0.1861278 0.9655172 0.1820246 0.234835 0.9713124 0.03747898 0.1879685 0.8833952 0.4292793 0.1047099 0.9889815 0.1046495 -0.02019864 0.9971918 -0.07211482 -0.2873491 0.9515378 -0.1095743 0.04337996 0.998405 -0.03613442 -0.02353292 0.9894077 0.1432432 0.6482394 0.7596575 0.05202078 0.6475686 0.7603865 0.04967099 0.5707346 0.8194212 0.05301916 0.6138783 0.7845461 0.08741164 0.4915274 0.8368248 0.2410912 0.5178327 0.845529 0.1301156 0.06965821 0.01005363 0.9975202 0.1025382 0.005434453 0.9947143 0.09197068 0.008052349 0.9957291 0.106873 -0.000804933 0.9942724 0.1073442 -0.0002778 0.9942219 0.3346558 -0.00064633 0.9423402 0.07015216 -0.01048946 0.9974811 0.07947182 -0.009341776 0.9967933 0.07189321 -0.01274126 0.997331 -0.2298054 -0.05869483 0.9714651 0.09076988 0.000123263 0.9958719 0.4337921 0.9010114 0.001697182 0 0 -1 0.00097707 -0.001791656 -0.9999979 -0.003140449 -0.9999862 -0.004198491 -0.001873493 -0.9999837 -0.005389392 -0.002275347 0.999985 0.004974424 0.08638316 0.9936059 0.07269948 -0.000191015 0.9987735 -0.04951256 0.3529745 0.931259 0.0903638 0.334671 -0.9423291 -0.003366172 0.002093911 0.9997138 -0.02383178 0.3582289 0.4875354 -0.7962294 0.0763747 0.5730444 -0.8159578 0.07531154 0.5917366 -0.8026058 0.1297717 0.60849 -0.7828787 0.140075 0.5866431 -0.7976396 0.3385879 0.5237822 -0.7816715 0.3268028 0.517054 -0.79111 0.4965127 0.3616341 -0.7891108 0.002245426 -0.2605934 -0.9654461 -0.000942762 -0.1731305 -0.9848985 -0.000933788 0.9840878 -0.1776806 -0.000622809 -0.9944148 0.1055411 0.001543819 -0.9610624 -0.2763273 0.00057254 -0.9657972 -0.2592981 0.000204102 -0.7789469 -0.6270899 -0.000447114 -0.7708232 -0.637049 0.5939934 0.1400476 -0.792186 0.4936472 -0.3259738 -0.806259 0.5791488 0.1737721 -0.796486 0.6386651 0.2069095 -0.7411446 0.5885968 0.2396807 -0.7720797 0.5732486 0.2186889 -0.789659 0.5444539 0.25809 -0.7980975 0.4754365 0.3058452 -0.8248751 0.8648144 0.50209 -0.001263201 0.8807631 0.4735429 0.003678381 0.8671506 0.497958 0.009358406 0.04007083 -0.999193 0.002776384 0.9907398 0.1357657 0.001510977 0.9318201 0.3629202 0.000342473 0.9515123 0.3075454 0.006336867 0.9504497 0.310831 0.005438804 0.9507197 0.3100054 0.005355417 0.9217006 0.3878837 0.003779113 0.9138608 0.4059901 0.005528688 0.9999865 0.00192064 0.004829764 0.9998757 -0.01272106 0.009309053 0.1116244 -0.9937503 0.000627444 0.3585803 -0.9334961 0.002250552 0.416342 -0.9092038 -0.002787888 0.4477072 -0.894177 0.002392411 0.4846751 -0.8746943 -0.000181617 0.4461747 -0.8949368 -0.004030346 0.5358358 -0.8443138 -0.003783226 0.08131635 -0.9966744 -0.005266785 0.1276205 -0.9918178 -0.003223299 0.2028765 -0.9792032 -0.001487135 0.2105998 -0.977567 -0.003256022 0.2753853 -0.9613328 0.001486778 0.3107662 -0.9504747 -0.004724383 0.9103126 0.4139038 0.003828525 0.910903 -0.412608 0.00323081 0.951853 -0.3065174 0.00480324 0.9483453 -0.3171795 0.006205499 0.9541061 -0.2993083 0.009796977 0.9187388 -0.3948113 0.006555974 0.001231312 0.7481678 -0.6635084 -0.00161153 0.7771508 -0.6293124 0.002448439 0.9621592 -0.2724772 -0.000525613 0.114574 -0.9934146 0.003067016 0.2870479 -0.9579114 -0.001112937 0.4063996 -0.9136947 0.002813577 0.5979698 -0.8015137 0.000207764 -0.5739803 -0.8188691 -0.001647293 -0.5325035 -0.8464262 0.9778946 -0.2090169 0.005833387 0.9998263 0.01782017 0.005455374 0.9960929 0.08758467 0.01130509 0.9942614 0.1068487 0.005251407 0.9776047 0.2103362 0.006914079 0.9782072 0.2074887 0.007687449 0.9857883 -0.1679747 -0.002435505 0.9709224 -0.2393786 0.002738535 0.9824979 -0.1862575 -0.002436995 0.9997536 -0.02142173 0.005811214 0.9950864 -0.0986706 0.008193016 0.9943662 -0.1058183 0.006186723 0.9118958 -0.4103878 0.005296111 0.9165096 -0.4000101 0.0014593 0.2077438 0.9454171 -0.2510558 -0.000692548 -0.9997392 -0.02282643 0.2943048 0.889941 -0.3484104 0.7566927 0.5676637 -0.3243057 0.0214765 -0.9993634 -0.02848821 0.3561418 -0.9338991 0.03155177 0.1864292 -0.9824511 0.005835235 0.1326601 -0.9592393 -0.2495222 0.191273 -0.8438385 -0.5013494 0.1300433 -0.8471292 -0.5152289 0.6125293 0.4610111 -0.6420877 0.9528523 0.1008959 -0.2861686 0.7669143 0.08871829 -0.6355876 0.5791 -0.5147959 -0.6321617 0.7078306 -0.7016743 0.08141976 0.6528863 -0.7526771 0.08495074 0.6581314 -0.7493404 0.07315802 0.5443251 -0.8383256 -0.03033971 0.544297 -0.8306031 0.1176399 0.6019905 -0.7984783 0.006311237 0.7048321 -0.7061303 0.06776112 0.7428449 -0.6686445 0.03310555 0.8232545 -0.4342446 0.3656276 0.2680552 -0.9617134 0.05704051 0.3586531 -0.9297371 0.08340781 0.3592315 -0.9296404 0.0819844 0.4194957 -0.8971346 0.1384668 0.514666 -0.8181684 0.2563578 0.4980358 -0.7891556 0.3594354 0.5133926 -0.8571184 0.04214477 0.1276277 -0.991763 -0.01082623 0.09540683 -0.995424 0.005330085 0.2686469 -0.9615973 0.05621016 0.1945497 -0.9806976 0.01956033 0.7746101 -0.6202258 0.1236904 0.7617729 -0.6275249 0.1609798 0.8012678 -0.5265249 0.2841507 0.8142885 -0.5325946 0.2308186 0.4387624 -0.7714968 -0.4607387 0.04139071 -0.1060864 -0.9934951 0.1510586 -0.2699943 -0.9509387 0.2305068 -0.3993227 -0.8873602 0.275526 -0.4452435 -0.8519646 0.06685167 -0.2639818 -0.9622081 0.3295284 -0.6729795 -0.6622005 0.3880392 -0.8633393 -0.3226001 0.4035118 -0.8699976 -0.2833418 0.531441 -0.7841759 -0.3203727 0.5107427 -0.8031982 -0.3066179 0.1102221 -0.1636623 -0.9803397 0.06449347 -0.08804404 -0.9940266 0.5181086 -0.5594935 -0.6469395 0.4510188 -0.6313295 -0.6308766 0.1032587 -0.2259119 -0.9686596 0.04884099 -0.2542034 -0.9659168 0.04896736 -0.3069297 -0.9504716 0.01750671 -0.3193656 -0.9474699 0.1354994 -0.4315872 -0.8918366 0.3282124 -0.7368188 -0.5910792 0.2845875 -0.8385025 -0.4646757 0.1631534 -0.4279054 -0.8889758 0.6262413 -0.7784335 0.04316353 0.1875872 -0.7030622 -0.6859406 0.2616378 -0.7657522 -0.587511 0.2076833 -0.9593498 -0.1910907 0.2383143 -0.9194527 -0.3127508 0.267558 -0.9164322 -0.2975981 0.000412685 0.001377761 -0.999999 0.003214657 0.007455945 -0.999967 0.001175343 -0.001578569 -0.999998 -0.000400645 0.007326245 -0.999973 0.001060903 0.001836419 -0.9999978 7.32539e-05 0.001255929 -0.9999993 0.000337575 0.001061141 -0.9999994 0.001350581 0.001083195 -0.9999985 0.001148641 0.000755412 -0.9999991 0.001169145 0.001239538 -0.9999985 0.1319758 0.009567737 0.9912068 0.1315535 0.008209705 0.9912751 0.1282802 0.01319247 0.9916503 0.1391581 0.002718865 0.9902665 0.1344677 -0.008383214 0.9908826 0.133546 0.00873053 0.9910042 0.1352739 0.006457388 0.9907872 0.1359406 0.002688229 0.9907133 0.1349381 0.003934085 0.9908462 0.001235604 0.001659572 -0.9999979 0.1361808 0.002008318 0.990682 0.001303315 0.001093864 -0.9999986 0.000221429 0.001256942 -0.9999992 0.001097321 0.000399615 -0.9999994 0.000115087 -0.001973152 -0.9999981 0.000347297 -0.001971423 -0.999998 4.53622e-05 -0.001785099 -0.9999984 0.005007982 0.0061993 -0.9999682 0.001082479 -0.001874983 -0.9999976 0.001103818 0.001676976 -0.999998 0.000489462 -0.001634061 -0.9999986 0.000883396 -0.0020473 -0.9999975 0.001747667 -0.001094877 -0.9999979 0.001271903 -0.001348555 -0.9999982 0.1327626 0.006951808 0.9911234 0.001220047 0.000289034 -0.9999992 0.001895368 -0.001246452 -0.9999974 0.001393675 -0.000507531 -0.9999989 0.002296268 -0.001648962 -0.999996 0.001073122 0.000538736 -0.9999993 0.1351785 -0.009862482 0.9907721 0.00252211 -0.001266181 -0.999996 0.001323938 -0.00031365 -0.9999991 0.001272618 0.00026863 -0.9999991 0.001179695 0.00013797 -0.9999994 0.124726 -0.009854853 0.9921423 0.1287586 -0.007891535 0.9916446 0.1236572 -0.007680535 0.9922953 0.1260288 -0.007652342 0.9919971 0.1285708 -0.00798124 0.9916682 0.1305309 -0.007721602 0.9914141 0.1316273 -0.007661044 0.9912697 0.131988 -0.007460772 0.9912233 0.1303027 -0.004642367 0.9914634 0.1236352 -0.00927782 0.9922843 0.08723843 -0.9932912 0.0759074 -0.2929486 -0.949453 -0.1127828 0.126765 -0.9526036 0.2765452 0.1261826 -0.9693447 0.2108287 -0.1267261 -0.8915427 0.4348472 0.04187351 -0.9987531 -0.02718555 0.1259896 -0.006982922 0.992007 0.210144 -0.9308505 0.2989262 0.00027286 -0.9998203 -0.01895076 0.001176059 -0.001871228 -0.9999975 0.001772522 -0.001487672 -0.9999973 0.132314 -0.007190823 0.9911817 0.1439041 -0.000977209 0.9895911 0.1304911 -0.01160383 0.9913816 0.1341395 -0.006184875 0.9909432 0.133372 -0.006933331 0.9910418 0.1508288 0.000822918 0.9885596 0.1293782 0.008333027 0.9915603 0.1298608 0.008058249 0.9914995 0.127282 0.008780181 0.9918277 0.1346065 -0.004530191 0.9908888 0.1359408 -0.002656042 0.9907134 0.1251552 0.009335041 0.9920933 0.124735 0.00820899 0.9921562 0.1257167 0.00743401 0.9920384 0.1328314 0.002824068 0.9911347 0.1374175 -1.81369e-05 0.9905132 0.1374644 -1.42818e-06 0.9905067 0.137022 0.003988981 0.9905599 0.1244688 0.01017785 0.9921713 0.12279 -0.005028724 0.99242 0.1264864 -0.006950259 0.991944 0.1284273 -0.00584799 0.9917017 0.1310455 -0.004098117 0.9913679 0.1354147 -0.000533197 0.9907889 0.1217188 0.007506728 0.9925363 0.1369581 0.0106337 0.9905198 0.1281707 0.007793426 0.9917215 0.5819154 -0.7909207 -0.1892586 0.1338434 0.007665157 0.9909729 0.1289045 -0.008258938 0.9916226 0.1300182 -0.008094847 0.9914786 0.1318731 -0.007351815 0.9912393 0.1309218 -0.007918596 0.9913611 0.1238225 0.009094238 0.9922628 0.1259371 0.006688892 0.9920157 0.1300234 0.004881799 0.9914989 0.1284331 0.005903422 0.9917006 0.2238214 0.05962967 -0.9728044 0.6799858 0.39355 -0.6186578 0.8087 0.3444476 -0.476823 0.8581899 0.312719 -0.4070835 0.9092798 0.3281911 -0.2559313 0.3934234 0.2394902 -0.8876162 0.6813101 0.3947961 -0.616403 0.6626982 0.3342821 -0.6701392 0.7560572 0.3316901 -0.5642334 0.8639643 0.4192479 -0.278921 0.8527181 0.4377613 -0.2850211 0.8074906 0.5094268 -0.2973942 0.3210119 0.1111449 -0.9405308 0.3892507 0.1349111 -0.9111986 0.4528115 0.08305275 -0.8877297 0.7916588 0.1474522 -0.5929031 0.7409754 0.1603555 -0.6521055 0.9545505 0.1024684 -0.2798815 0.09488564 0.01930916 -0.9953009 0.473186 0.05509287 -0.8792382 0.4591183 0.0487973 -0.8870339 0.7874795 -0.006272852 -0.616309 0.4763816 -0.01870709 -0.8790395 0.2386852 0.001478493 -0.9710959 0.8324386 0.2631777 -0.4876304 0.7758024 0.2350882 -0.585546 0.9244211 0.1810215 -0.3356736 0.9445472 0.2059085 -0.2557974 0.2494809 0.01866567 -0.9681998 0.7708755 0.09077405 -0.6304847 0.1856904 0.2156333 -0.958656 0.6151305 0.7353696 -0.2843344 0.4990914 0.5504751 -0.669242 0.4504527 0.6553485 -0.6063091 0.5221416 0.7791089 -0.3469259 0.5051667 0.8457628 -0.1717323 0.1603505 0.1914246 -0.9683204 0.2552252 0.4265767 -0.8676937 0.153897 0.2462109 -0.95692 0.2776651 0.3236853 -0.9045053 0.3421662 0.3749901 -0.8615711 0.2349645 0.1902812 -0.9531971 0.1952743 0.1472957 -0.9696246 0.3766698 0.2016915 -0.9041242 0.2476703 0.1203993 -0.9613342 0.7821766 0.4503222 -0.4305924 0.3954442 0.359157 -0.845358 0.6137365 0.4634727 -0.6391562 0.6036652 0.5248276 -0.6001203 0.5672967 0.5197952 -0.6387389 0.5314869 0.01669639 -0.8469019 0.7183512 0.6209996 -0.3135779 0.7226974 0.6382752 -0.2651665 0.06535857 0.04152518 -0.9969974 0.3513742 0.2920219 -0.8895276 0.6715881 -0.4684278 -0.5740599 0.7707687 -0.5364405 -0.3437254 0.7779511 -0.5790205 -0.2439823 0.7265503 -0.5954588 -0.3428607 0.2831861 -0.1924542 -0.9395568 0.2485793 -0.2027424 -0.9471557 0.1931713 -0.1692739 -0.9664528 0.2240619 -0.1253393 -0.9664815 0.2253483 -0.1263417 -0.9660516 0.2852789 -0.1235304 -0.9504505 0.815342 -0.4974507 -0.2962436 0.7816991 -0.4463511 -0.4355655 0.7162743 -0.4184988 -0.5583993 0.8052315 -0.3671403 -0.4656288 0.5478304 -0.6913161 -0.4711303 0.4975857 -0.676078 -0.5434401 0.5630136 -0.6503889 -0.5099118 0.3885402 -0.6181553 -0.6833159 0.3975002 -0.7010717 -0.5920237 0.6523298 -0.7086997 -0.2687203 0.6637378 -0.7093241 -0.2373003 0.5816797 -0.7339032 -0.3507634 0.6341518 -0.5187573 -0.5733607 0.6235533 -0.4704648 -0.624375 0.2083706 -0.2147941 -0.9541725 0.2810556 -0.3116604 -0.9076759 0.2757809 -0.3616731 -0.8905827 0.2846132 -0.3678019 -0.8852781 0.2507907 -0.05319672 -0.9665786 0.122698 -0.009085297 -0.9924024 0.4799481 -0.0182892 -0.8771063 0.2380841 -0.03427672 -0.9706395 0.9470468 0.03187626 -0.3195096 0.9557151 0.03893649 -0.2917063 0.7716284 0.02883905 -0.6354195 0.7697108 0.02742803 -0.6378032 0.9422512 -0.004683017 -0.3348744 0.4358068 -0.04827576 -0.8987446 0.5145598 -0.08086931 -0.8536325 0.9501634 -0.08206784 -0.3007565 0.960464 -0.07750678 -0.2673983 0.7946585 -0.06423074 -0.6036492 0.7190355 -0.2535867 -0.6470562 0.1234559 -0.03944766 -0.9915657 0.7723006 -0.2145175 -0.5979416 0.7225178 -0.2534814 -0.643207 0.7542365 -0.3387569 -0.5624688 0.4433573 -0.1316093 -0.8866302 0.4770247 -0.1122335 -0.8716944 0.4537393 -0.1113624 -0.8841488 0.4162896 0.2723378 -0.8674879 0.2572944 -0.09907054 -0.9612411 0.8930165 -0.332721 -0.3030151 0.8949143 -0.3246797 -0.3061233 0.9179139 -0.309188 -0.2486702 0.9031938 -0.2462106 -0.3515981 -0.0473681 -0.9903104 0.1305432 -0.04492086 0.7926589 0.6080083 0.002898812 0.7579423 0.6523152 -0.02376383 0.6084508 0.7932358 -0.02940547 0.6122928 0.7900841 -0.000877869 0.257058 0.9663956 -0.05558246 0.3820846 0.9224543 0.002935707 0.4488568 0.8935989 -0.1163308 0.03423637 0.9926202 0.02806484 0.1306385 0.9910328 -0.03578454 -0.1306063 0.9907883 -0.01407516 -0.1517662 0.9883162 0.03505134 0.7566196 -0.6529152 0.01520729 0.87178 -0.4896615 -0.1058382 0.9496425 -0.2949191 0.03432846 0.923338 -0.3824506 -0.03888714 0.9906734 -0.1305911 -0.007436096 -0.3506352 0.9364826 0.007601916 -0.9796987 0.2003316 -0.04913914 -0.9902256 -0.1305321 0.008027017 -0.978966 -0.2038654 -0.03167301 -0.9234192 -0.3824837 -0.01901036 -0.919051 -0.3936799 0.01347875 -0.5278155 0.8492521 -0.03986459 -0.3823716 0.9231483 -0.0510047 -0.6078305 0.7924271 0.01500999 -0.691211 0.7224971 -0.04287427 -0.7927302 0.608063 -0.001078248 -0.8211443 0.5707197 -0.0197494 -0.9237024 0.3826016 -0.0348249 -0.9183449 0.394246 0.01624011 -0.9998671 0.00148952 0.8365526 0.2169391 0.5031076 0.5120392 0.1479548 0.8461236 0.2446317 0.8152983 0.5248275 0.1947354 0.8350821 0.5145058 0.5311166 0.685845 0.4975256 0.06894302 0.8801495 0.4696634 0.06607657 0.8801864 0.4700063 0.8283455 -0.1997604 0.5233923 0.8257657 -0.1458583 0.5448268 -0.02367794 0.9930528 -0.1152628 0.5614708 -0.8271917 0.02246147 0.5929967 -0.8052045 -0.000716114 0.8973315 -0.4413571 -0.000340372 0.9042379 -0.4270215 -0.002535939 0.7018999 -0.7122756 -0.000208155 0.685144 -0.7283788 -0.006466984 0.7026413 -0.7115162 -0.00632292 0.6935771 -0.7203198 -0.009498238 0.6065044 -0.7950801 0.000141938 0.2018309 -0.9794203 -0.000328878 0.2014078 -0.9795075 -0 0.06545281 -0.9978557 -0 0.06545281 -0.9978557 -0 0.304634 -0.9524695 1.2108e-05 0.3399215 -0.9403447 0.01432609 0.94873 -0.3160817 -0.001933574 0.9300868 -0.3673112 -0.004590272 0.2014061 0.9794995 -0.004037439 0.2059695 0.9785584 -0 0.06545275 0.9978557 -0 0.06545364 0.9978556 5.99275e-07 0.350049 0.9366524 0.01217067 0.3399524 0.94043 0.004869103 0.435231 0.900318 -0.001154541 0.471408 0.8818248 0.01263523 0.4970883 0.8676956 0.002730548 0.4714417 -0.8818877 0.004093408 0.510173 -0.8600717 0.000519213 0.4551585 -0.8902633 0.01619279 0.6125597 -0.7898629 0.02978521 0.9933601 0.1150416 -0.001126527 0.9359301 -0.3520829 -0.00850445 0.8488134 0.5286921 -0.000784353 0.8025291 0.5965678 -0.007343292 0.7990025 0.6012616 -0.008916199 0.7647219 0.6442728 -0.01063001 0.7973741 0.6034849 0.000730205 0.9977142 0.06701457 -0.008690416 0.7179176 0.6961128 -0.004637539 0.970163 -0.2424281 -0.003526091 0.9570757 -0.2897701 0.006281971 0.9837839 -0.1789267 -0.01243275 0.9776889 -0.2100499 -0.00191015 0.9826271 0.1855592 -0.003447294 0.9765991 0.2148279 -0.01015883 0.9679187 0.2512388 -0.003536343 0.8614463 -0.5078404 -0.002894818 0.7556694 -0.6549519 -0.00130403 0.7983933 -0.6020886 -0.007597982 0.8025653 -0.5965398 -0.005403995 0.8590599 -0.5118722 -0.001761674 0.9925179 -0.1220997 3.4631e-05 0.997533 -0.06948465 -0.009981513 0.9993854 -0.03500151 -0.001966416 0.998929 0.04613113 -0.003556489 0.2915081 -0.6547946 -0.6973285 0.04925888 -0.2887036 -0.9561506 0.5931325 0.8051013 -0.002402603 0.5606914 0.8276996 0.02320605 0.5626286 0.8265345 0.01701807 0.7050691 0.7090861 -0.00862497 0.5811487 0.8137006 0.01255363 0.381383 -0.9244145 -0.002211153 0.2011184 -0.5955069 -0.777768 0.1818013 0.1779133 -0.9671066 0.5388331 0.5296534 -0.6550772 0.5169125 0.4960466 -0.697667 1 0 -0 0.7112372 -0.4729095 0.5200945 0.7069928 -0.5507651 0.4436429 0.705295 -0.5887625 0.3948643 0.7073907 -0.5840497 0.3981009 0.7054201 -0.6258912 0.3326297 1 0 -0 1 0 -0 1 0 -0 1 0 -0 0.7091091 -0.3732506 0.5982042 0.7067625 -0.4835276 0.5164184 1 0 -0 1 0.000266928 2.28935e-05 1 0 -0 1 0 -0 1 4.31894e-05 0.000107361 1 -6.67619e-05 -5.75678e-05 1 0 -0 1 0 -0 1 0 -0 1 2.02691e-06 2.32586e-06 1 0 -0 1 0 -0 1 0 -0 1 0 -0 1 4.97958e-05 8.22467e-05 1 0 -0 1 0 -0 1 0 -0 1 0 -0 1 0 -0 1 0 -0 0.5241495 0.3867285 -0.7587545 -0.2275648 -0.1381003 -0.9639204 0.07719731 0.05140703 -0.9956896 0.1886615 0.115821 -0.9751884 0.6563012 0.4132588 -0.6312575 0.71236 -0.4181838 0.5636184 0.7072036 -0.4254234 0.5646929 0.7106981 -0.5221633 0.4714379 0.7059278 -0.5372578 0.461541 1 0 -0 0.5785418 0.4906091 -0.6516075 0.5399855 0.4476827 -0.7127383 0.1807553 0.1508821 -0.9718858 0.2951937 0.2649065 -0.9179788 -0.1510962 -0.1328755 -0.9795479 1 0 -0 1 0 -0 1 0 -0 1 0 -0 1 0 -0 1 0 -0 1 0 -0 1 0 -0 1 0 -0 0.9999999 -6.19757e-05 -0.000537329 1 0 -0 1 0 -0 1 0 -0 1 0 -0 1 0 -0 1 -5.41061e-05 6.9782e-05 1 9.48686e-06 -5.94664e-07 1 0 -0 0.9464743 0.3227592 -0.003606915 0.939931 0.3412845 -0.007389426 0.9245537 0.3810018 -0.00617516 0.9374625 0.3480863 -0.000353923 0.8974555 0.4411039 0.00099777 0.8985378 0.4388937 0.001500129 0.8600157 0.5102443 -0.004875957 1 0 -0 1 0 -0 1 0 -0 1 0 -0 1 0 -0 1 -4.5234e-07 1.09207e-06 1 -1.66708e-07 1.26466e-06 1 -6.43393e-06 -3.17239e-06 1 -5.12353e-05 -2.11506e-06 1 0 -0 1 0 -0 1 0 -0 1 0 -0 1 0 -0 1 0 -0 1 0 -0 1 4.20125e-07 -3.62268e-07 1 -3.51154e-07 7.91299e-07 1 -4.57127e-06 -3.4678e-05 1 0 -0 1 0 -0 1 0 -0 1 0 -0 1 0 -0 1 0 -0 1 0 -0 1 0 -0 1 0 -0 1 0 -0 1 0 -0 1 0 -0 1 0 -0 1 4.7654e-05 -6.57325e-05 1 0 -0 1 0 -0 1 0 -0 1 0 -0 1 0 -0 1 0 -0 1 0 -0 1 0 -0 1 0 -0 1 0 -0 -0.000896962 -0.6091446 -0.7930586 -0.1760436 0.9181866 -0.3548831 -0.02893429 0.7676174 -0.640255 -0.2589494 0.899161 -0.3527816 -0.2713078 0.9473657 -0.1699712 -0.133911 0.9191341 -0.3704864 -0.1336197 0.9197304 -0.3691096 0.3687725 0.5499079 -0.7494052 0.1310129 0.05347126 0.9899376 -0.000362521 0.000486362 -0.9999998 -0.001162827 -0.001077711 -0.9999988 -0.2454323 0.9242957 -0.2923021 0.1385853 0.06598162 0.9881501 0.0012362 -0.6845538 -0.7289612 -0.005155622 -0.6218799 -0.7830956 0.001082062 -0.526958 -0.8498906 -0.003385782 -0.382674 -0.9238772 -0.002028465 -0.8216101 -0.5700463 -0.3600479 0.9255812 -0.1168974 -0.3402499 0.9287629 -0.1470696 -0.1718483 0.9356545 -0.3082513 0.05662035 0.9967301 -0.05764847 -0.03748834 0.9989156 -0.02760589 -0.02364045 0.9928463 0.117036 -0.03711414 0.9907402 0.1305999 0.01195031 0.9544759 0.2980484 -0.0508008 0.9226898 0.3821817 0.0154249 0.8726236 0.4881498 -0.000486866 -0.347781 -0.9375757 -0.001119077 -0.1306899 -0.9914227 -0.003481864 -0.1536308 -0.9881221 0.000716832 0.2414162 -0.9704213 -0.004188001 0.1306889 -0.9914146 0.000752296 0.05060094 -0.9987186 -0.004712164 0.3826715 -0.9238725 0.000292115 0.4494293 -0.8933159 -0.002437233 0.616242 -0.7875531 -0.001854956 0.6199231 -0.7846604 0.003557801 0.714753 -0.6993679 -0.2579123 0.9661484 0.006197154 -0.04288446 0.9988626 -0.02084308 0.07813078 0.7918124 -0.6057463 -0.1520165 0.8596269 -0.4877834 -0.3406075 0.9300185 -0.1380295 -0.3433251 0.925129 -0.1620625 -0.3172972 0.9127037 -0.257477 -0.3230841 0.9332594 -0.1569831 -0.266476 0.9324067 -0.2441484 -0.09761524 0.7603154 -0.6421773 -0.3069262 0.9208629 -0.2404325 -0.1873754 0.9724999 -0.1383272 -0.1543477 0.9748986 -0.1604666 -0.001645624 0.9754 -0.2204363 -0.1597348 0.9826215 -0.09455078 0.2569701 0.8406624 -0.4767107 -0.3095905 0.9458116 -0.09795016 -0.5930408 0.7505014 0.2916338 -0.02031004 0.9990575 -0.03836357 -0.05598586 0.9463738 0.3181858 -0.2552279 0.9613394 -0.1033697 -0.2381749 0.9625654 -0.1293856 -0.1955865 0.9712576 -0.1356639 -0.2307089 0.9659516 -0.1170933 -0.0138005 0.9405263 -0.3394406 -0.2552134 0.9534705 -0.1604993 -0.1607667 0.9802551 0.1151258 -0.07660079 0.9908332 -0.1112743 -0.2584543 0.9622583 -0.0852077 -0.1474323 0.9881574 -0.04252839 -0.01325052 0.9994235 0.03125888 -0.07747787 -0.9909064 -0.1100077 -0.2397759 -0.9245338 -0.2962175 -0.3086304 -0.9469764 -0.08934795 -0.2128867 -0.6269571 -0.7494025 -0.1150293 -0.6909227 -0.7137184 -0.9698269 0.2213358 -0.102207 -0.1804741 -0.6420181 -0.7451454 -0.3585967 -0.9258076 -0.1195349 -0.233103 -0.9658622 -0.1130183 -0.1919948 -0.968541 -0.1583234 -0.1781356 -0.6674125 -0.7230686 -0.2954925 -0.9545392 -0.03922915 -0.2584371 -0.9612896 -0.0955649 -0.1942994 -0.9719389 -0.132599 -0.1857633 -0.9730184 -0.1368473 -0.3388322 -0.9288218 -0.1499428 -0.13187 -0.9202275 -0.3684993 0.2410737 -0.8427184 -0.4813618 -0.1793847 -0.9376838 -0.2976074 -0.3172417 -0.9133906 -0.2550984 -0.3426438 -0.9254329 -0.1617686 -0.1539252 -0.9752668 -0.1586241 -0.3394841 -0.93094 -0.1345405 -0.263239 -0.9323273 -0.2479337 -0.2583585 -0.9658885 0.01761728 -0.2700561 -0.9491319 -0.1619206 -0.002021312 0 -0.999998 0.3807082 -0.8757167 -0.2969537 0.000469626 0.00132358 -0.9999991 -0.1619976 -0.9761272 0.1446806 -0.3234578 -0.9334603 -0.155006 -0.01369863 0.007321357 -0.9998794 -0.03745633 -0.9991446 -0.01752126 -0.05295217 -0.9678019 0.2460802 -0.02756392 -0.9996201 5.60546e-05 -0.09861439 -0.6399708 -0.762045 -0.1098635 -0.9895445 -0.09344309 -0.1976643 -0.9799581 0.02471828 -0.1490034 -0.9861344 -0.07305508 0.0557419 -0.9970557 -0.05265754 -0.6303085 -0.07270622 -0.7729328 -0.000231065 0.05304634 -0.998592 0.00114125 -0.001607596 -0.999998 -0.02508807 0.5797896 -0.8143799 -0.000889484 0.000114935 -0.9999996 -0.006794869 -0.2155959 -0.9764592 -0.002436757 -0.00021602 -0.9999971 -0.002008378 0 -0.999998 0.2774453 0.5904511 -0.7578863 0.2664327 0.7167889 -0.6443814 0.001234948 0.819917 -0.5724812 -0.002842545 0.5778346 -0.8161489 -0.0059188 -0.9996923 -0.02409154 -0.02193319 -0.9995725 -0.01933485 0.1306704 -0.05434972 0.9899351 0.1389682 -0.06788927 0.9879671 0.06555974 0.301981 -0.951057 0.4332115 -0.7983946 0.4182032 0.07099843 -0.8773087 0.4746457 0.5704073 -0.6558235 0.4945007 0.5251975 -0.6718707 0.5222618 0.1916529 -0.877812 0.4389936 0.06103998 -0.9084098 0.413601 0.6282383 -0.5996479 0.4957207 0.2495118 -0.5386307 0.8047489 0.6585644 -0.608904 0.4421863 0.3010269 -0.9510645 -0.06970614 0.2502468 0.5396007 0.8038704 0.110187 0.9242348 0.3655802 0.2325138 0.9649343 0.1218159 0.8021978 0.5782692 0.1486045 0.5040454 -0.7218586 -0.4741923 0.5155665 -0.14561 0.8443867 -0.9932307 0.1161583 -0 -0.9932307 -0.1161583 -0 -0.9932307 -0.1161583 -0 -1 0 -0 -1 0 -0 -0.9932307 0.1161583 -0 -0.2869325 0.9579508 -8.92159e-07 -0.9730679 -0.2305188 -0 -0.9730679 -0.2305188 -0 -0.9396347 -0.3421793 -0 -0.9396347 -0.3421793 -0 -0.8937019 -0.4486613 -0 -0.8937019 -0.4486613 -0 -0.8355154 -0.549467 -0 -0.05822676 -0.9983034 9.29744e-07 -0.05822676 -0.9983034 9.29744e-07 -0.1734928 -0.9848352 9.17201e-07 -0.1734928 -0.9848352 9.17201e-07 -0.2869325 -0.9579508 8.92163e-07 -0.2869325 -0.9579508 8.92163e-07 -0.3959216 -0.9182843 8.5522e-07 -0.6861362 -0.7274731 6.77512e-07 -0.3959216 -0.9182843 8.5522e-07 -0.6861362 -0.7274731 6.77512e-07 -0.5971957 -0.8020955 7.4701e-07 -0.5002275 -0.8658941 8.06428e-07 -0.5002275 -0.865894 8.06427e-07 -0.5971957 -0.8020955 7.4701e-07 -0.7659662 -0.6428808 5.98729e-07 -0.2869325 0.9579508 -8.92159e-07 -0.1734928 0.9848351 -9.17197e-07 -0.1734928 0.9848351 -9.17197e-07 -0.05822676 0.9983034 -9.29741e-07 0 1 -9.31321e-07 0 1 -9.31321e-07 0 -1 9.31324e-07 0 -1 9.31324e-07 -0.396176 0.9181746 -8.55115e-07 -0.396176 0.9181746 -8.55115e-07 -0.05822676 0.9983034 -9.29741e-07 -0.9730679 0.2305188 -0 -0.9730679 0.2305188 -0 -0.9396347 0.3421793 -0 -0.9396347 0.3421793 -0 -0.8937019 0.4486613 -0 -0.8355155 -0.5494667 5.11731e-07 -0.8937019 0.4486613 -0 -0.8355154 0.549467 -0 -0.7659662 -0.6428808 5.98729e-07 -0.5000011 0.8660247 -8.06547e-07 -0.8355155 0.5494667 -5.11731e-07 -0.7659662 0.6428808 -5.98729e-07 -0.7659662 0.6428808 -5.98729e-07 -0.6861362 0.7274731 -6.77512e-07 -0.6861362 0.7274731 -6.77512e-07 -0.5971957 0.8020955 -7.4701e-07 -0.5000011 0.8660247 -8.06548e-07 -0.5971957 0.8020955 -7.4701e-07 -0.117603 -0.1978778 -0.9731464 -0.2494195 -0.8744096 -0.4161704 -0.05724769 0.9863087 -0.154654 -0.2899172 -0.9287043 -0.2312062 -0.0792703 0.6912691 -0.7182362 -0.06488335 0.7590956 -0.6477376 -0.01616382 0.95757 -0.2877472 0.001938879 0.9980644 0.06215864 -0.1070598 0.3623438 -0.9258753 -0.05090093 0.7186164 -0.6935413 -0.09539502 0.4236794 -0.900775 -0.03050345 0.273366 -0.9614263 -0.02257251 0.9933955 -0.1124985 -0.05240374 0.9497863 -0.3084799 -0.07114881 0.863286 -0.499675 -0.09189248 0.7593432 -0.644169 -0.09889936 0.6733205 -0.7327063 -0.04689896 0.7665123 -0.6405149 -0.1377242 0.1647318 -0.9766758 -0.1215454 0.6351608 -0.7627564 -0.1221354 0.6753749 -0.7272906 -0.1066383 0.8585986 -0.5014348 -0.05688214 0.3977195 -0.9157422 -0.01679903 0.2844103 -0.9585555 -0.055862 0.9897229 -0.1316361 -0.1161082 0.4969947 -0.8599507 -0.1177705 0.4389806 -0.8907447 0.000395531 -0.6498306 -0.760079 -0.005189359 -0.539148 -0.842195 -0.002286493 -0.9265289 -0.3762165 -0.003955543 -0.9494778 -0.3138092 -0.04691565 -0.76652 -0.6405045 -0.06731182 -0.9965047 -0.04947191 -0.1070766 -0.2501626 -0.9622647 -0.05578875 -0.6971897 -0.7147126 -0.04963201 -0.7207343 -0.6914324 -0.01768219 -0.9603949 -0.2780808 -0.06832456 -0.7621766 -0.6437536 -0.1278577 -0.3893889 -0.9121561 -0.06656533 -0.7805641 -0.6215212 -0.09531992 -0.5380501 -0.8375059 -0.1047095 -0.4521735 -0.8857625 -0.03915727 -0.9976467 -0.05628365 -0.127516 -0.3509715 -0.9276631 -0.1168182 -0.7049122 -0.6996087 -0.1186318 -0.4977466 -0.859171 -0.07723426 -0.9507768 -0.3000972 -0.09244656 -0.7775178 -0.6220287 -0.05413931 -0.9556113 -0.2896137 -0.07279521 -0.9571937 -0.2801445 -0.2349331 -0.8880497 -0.3951887 -0.1801278 -0.8042709 -0.5663058 -0.2410175 -0.8729008 -0.4242107 -0.1485996 -0.8298485 -0.5378378 -0.03868383 -0.6355972 -0.7710511 -0.1122007 -0.96111 -0.252346 -0.1438704 -0.8989158 -0.4138258 -0.1371092 -0.6684156 -0.7310415 0.1939722 0.7281308 -0.6574195 -0.1026314 -0.5868469 -0.8031672 -0.09958046 -0.7027176 -0.7044655 -0.06378668 -0.9028436 -0.4252114 -0.03596776 -0.30037 -0.9531444 -0.1928612 -0.8527314 -0.4854419 -0.1711248 -0.9140503 -0.3677342 -0.1534096 -0.6930948 -0.7043331 -0.1242164 -0.000817614 -0.9922547 -0.07618182 0.000753421 -0.9970937 -0.08030742 0.00037922 -0.9967701 -0.3700801 -0.9289999 -0 -0.3700801 -0.9289999 -0 -0.2675427 -0.963546 -0 -0.2881489 -0.957395 0.01910644 -0.2460287 0.9682787 -0.04366111 -0.2278897 0.9736869 -0 -0.2877703 0.9576849 -0.005285561 -0.108174 0.000192314 -0.994132 -0.002272903 -0.9999948 -0.002270221 0 -0.9999728 -0.007387101 -0.1141094 -0.006104052 -0.9934495 -0.09269684 -0.001770317 -0.9956929 -1 0 -0 -0.8568713 0.5155304 -0 -0.9075803 0.4198788 -0 -0.9075803 0.4198788 -0 -0.9476371 0.3193494 -0 -0.9476371 0.3193494 -0 -0.9766089 0.2150232 -0 -0.9766089 0.2150231 -0 -0.9941451 0.1080529 -0 -0.9941451 0.1080529 -0 -0.8568713 0.5155304 -0 -1 0 -0 -0.9941451 -0.1080529 -0 -0.9941451 -0.1080529 -0 -0.9766089 -0.2150232 -0 -0.9766089 -0.2150232 -0 -0.2306349 0.9730381 -0.002058327 -0.2675255 0.9634842 0.01132345 -0.7960321 -0.6052543 -0 -0.2881771 -0.9574888 0.01300334 -0.9476371 -0.3193494 -0 -0.9476371 -0.3193494 -0 -0.9075803 -0.4198788 -0 -0.9075803 -0.4198788 -0 -0.8568714 -0.5155301 -0 -0.8568714 -0.5155301 -0 -0.7960321 -0.6052543 -0 -0.000604126 0.9379548 -0.3467571 -0.7259821 -0.6877135 -0 -0.7259821 -0.6877135 -0 -0.6475179 -0.7620503 -0 -0.6475179 -0.7620503 -0 -0.5611782 -0.8276951 -0 -0.5611782 -0.8276951 -0 -0.4684693 -0.8834798 -0 -0.4684693 -0.8834798 -0 -0.2661713 0.8827325 -0.3872158 -0.1424727 -0.01274228 -0.9897167 -0.1261433 6.46061e-05 -0.992012 -0.06940537 0.9350442 -0.3476712 -0.06894654 0.9362414 -0.3445267 -0.1384581 0.9266937 -0.3493826 -0.1388737 0.9250189 -0.3536298 -0.000737646 0.5337319 -0.8456534 -0.005160331 0.6599972 -0.7512504 -0.00227952 0.9545089 -0.298174 -0.2092126 0.9249713 -0.3172668 -0.2877743 0.9576983 -0 -0.7066807 -0.6907049 -0.1533924 -0.4989775 -0.8661538 -0.02826762 -0.3819447 -0.924141 0.009035229 -0.5048841 -0.8631806 -0.003366529 -0.5611671 -0.8276788 0.006274163 -0.5736543 -0.8190813 -0.005168557 -0.6606549 -0.7505151 0.01619613 -0.2223062 -0.9749769 -0 -0.2660065 -0.963525 -0.02932947 -0.8658976 -0.4997673 0.02130591 -0.6475052 -0.7620354 -0.006267607 -0.7375315 -0.6750913 0.01729464 -0.7259643 -0.6876966 -0.007005095 -0.8062325 -0.5912832 0.01932144 -0.7960088 -0.6052366 -0.007664024 -0.8568221 -0.5155006 -0.01072651 -0.9176192 -0.3963224 0.03005999 -0.907461 -0.4198236 -0.01620757 -0.9450246 -0.3269025 0.007957935 -0.9474786 -0.319296 0.01828545 -0.116631 -0.9931582 -0.005836606 -0.1618387 -0.9867967 0.006360411 -0.20526 -0.9786972 -0.004487514 -0.2304409 -0.9730845 -0.001884639 -0.161842 0.9868165 -0.000588031 -0.002681732 0.3824906 -0.9239555 0 0.9999983 0.001815974 -0.002734541 0.9999898 -0.003603994 -0.4176571 -0.9083165 -0.02288419 -0.05401927 -0.9985058 0.008256077 -0.370065 -0.9289621 0.00902307 -0.3760614 -0.9265238 -0.01146316 -0.4684001 -0.8833494 0.01717853 -0.05402046 0.9985269 0.005074739 -0.0727185 0.9973515 -0.001358687 -0.1472132 0.9890809 0.006876349 -0.8430274 0.5377961 -0.008952438 -0.6548645 0.7514227 -0.08072376 -0.3844649 0.9231292 -0.004383206 -0.369978 0.9287436 0.02348643 -0.3121003 0.9496425 -0.02779078 -0.4684236 0.8833937 -0.01395934 -0.7959124 0.6051633 0.0173484 -0.7796839 0.6261211 -0.008095383 -0.7258937 0.6876297 0.01561206 -0.7076335 0.706542 -0.007296919 -0.6474539 0.7619749 0.01406443 -0.7259821 0.6877135 -0 -0.3700801 0.9289999 -0 -0.3700801 0.9289999 -0 -0.4684693 0.8834798 -0 -0.4684693 0.8834798 -0 -0.5611782 0.8276951 -0 -0.5611782 0.8276951 -0 -0.6475179 0.7620503 -0 -0.6475179 0.7620503 -0 -0.7259821 0.6877135 -0 -0.6338635 0.7734449 -0 -0.7960321 0.6052543 -0 -0.7960321 0.6052543 -0 -0.5143539 0.857573 -0.002901017 -0.3640076 0.9312403 0.01702547 -0.4504194 0.8924431 0.02584081 -0.9073917 0.4197916 0.02037411 -0.8918867 0.4522132 -0.006437003 -0.8567214 0.51544 0.01871109 -0.9704718 -0.241028 -0.009486019 -0.9763579 -0.2149679 0.02267175 -0.9248924 0.3800384 -0.01203662 -0.9891252 -0.1466663 -0.0109688 -0.9982054 -0.05827683 -0.01378101 -0.993827 -0.1080183 0.02529597 -0.9983783 0.0531646 -0.02035433 -0.9995278 0 0.03072881 -0.5611215 0.8277335 -0 -0.5611782 0.8276951 -5.76557e-05 -0.9935971 0.1079933 0.03319931 -0.9835582 0.1794554 -0.02022093 -0.9763568 0.2149677 0.02272272 -0.9585809 0.2845735 -0.01185834 -0.9473361 0.319248 0.02519816 -0.2390056 0.8479744 -0.4730917 -0.202286 0.8742572 -0.4413102 -0.2376713 0.8843625 -0.4017652 -0.1440573 0.6985149 -0.7009454 -0.1873958 0.7852053 -0.5901995 -0.1444235 0.7471847 -0.6487349 -0.125934 -1.18313e-05 -0.9920387 -0.1257423 0.000101102 -0.9920629 -0.0546866 0.7477355 -0.661741 -0.09780919 0.6527775 -0.751209 -0.09654235 0.7268065 -0.6800233 -0.002556979 0.0077973 -0.9999663 -0.001933276 0 -0.9999981 -0.9996382 -0.00631529 -0.02614516 -0.9986671 -0.02411967 -0.04563021 0.001263856 -0.5592918 -0.8289699 -0.003525912 -0.4784848 -0.8780888 -0.000672974 -0.599669 -0.8002479 -0.001909911 -0.7530115 -0.6580046 -0.001734137 -0.9254849 -0.3787806 -0.004461646 -0.2336591 -0.9723083 -0.00227952 0.7530109 -0.6580041 0.00023289 0.6619132 -0.7495805 -0.001369476 -0.07948571 -0.9968351 -0.001085877 -0.08262604 -0.99658 -0.000329676 -0.3271086 -0.9449868 -0.01500594 -0.9014084 -0.4327098 -0.001804053 -0.7558382 -0.654756 0.000457986 0.07689732 -0.9970389 0.001165986 0.5592918 -0.82897 -0.004603028 0.2310478 -0.9729315 -0.003224253 0.9918796 -0.1271394 0.001066386 0.8969916 -0.4420464 0.000593454 0.901319 -0.4331555 -0.02389895 0.8696475 -0.4930945 0.001188933 0.9804447 -0.1967915 -0.003315985 0.9558123 0.293959 -0.001355648 0.9962244 0.08680599 0.003937065 -0.9806179 -0.1958902 -0.003483474 -0.9980646 0.06208801 0.002910435 -0.9684365 0.2492434 -0.00871855 -0.9550496 0.2963175 0.001738071 -0.8969908 -0.4420459 -0.1259322 -7.54762e-06 -0.9920389 -0.003057718 -0.992823 -0.1195542 -0.001587569 0.04881155 -0.9988067 -0.000322701 0.3271086 -0.9449868 -0.003685355 0.4771758 -0.8788002 -0.7363678 0.007672429 -0.6765379 -0.7471048 0.000503163 -0.6647061 -0.1256254 0.00867021 -0.9920399 -0.9237575 0.01711308 -0.3825955 -0.7371197 -0.01606029 -0.6755712 -0.1259752 0.000196656 -0.9920335 -0.1259259 1.19236e-06 -0.9920397 -0.1262971 -0.000286585 -0.9919924 -0.1282598 0.001264572 -0.9917398 -0.1260074 -0.000249612 -0.9920293 -0.1283789 0.00819832 -0.9916913 -0.7748346 -0.03053498 -0.631426 -0.12619 9.55607e-05 -0.9920061 -0.1283036 0.001902222 -0.991733 -0.002564549 0.008321762 -0.999962 -0.001898765 0 -0.9999982 -0.9990685 -0.01051914 -0.04184973 -0.9997262 0.01326191 -0.01927363 -0.7577482 -0.005488336 -0.6525239 -0.124835 0.000567698 -0.9921773 -0.2577539 0.9397068 -0.2247533 -0.7941301 0.005457997 -0.6077232 -0.7318379 -0.02449786 -0.6810383 -0.7504461 -0.000482254 -0.6609316 -0.1259702 -6.69007e-05 -0.9920341 -0.1259555 -2.44354e-05 -0.9920359 -0.1259335 -0.000129101 -0.9920387 -0.1258236 -1.96436e-05 -0.9920527 -0.1258946 7.87046e-06 -0.9920436 -0.1294775 -0.002718627 -0.9915786 -0.1260774 6.87925e-05 -0.9920204 -0.1259427 0 -0.9920375 -0.1253004 -0.000466786 -0.9921187 -0.1294525 -0.002201855 -0.9915832 -0.1469759 0.01577192 -0.9890143 -0.1259239 0 -0.9920399 -0.1259708 -6.80287e-05 -0.992034 -0.1259506 7.78553e-05 -0.9920365 -0.1259173 0.000179817 -0.9920407 -0.1259195 0.000175754 -0.9920405 -0.1259192 0.000177572 -0.9920405 -0.1258462 -0.000271584 -0.9920498 -0.1259335 -4.62222e-05 -0.9920387 -0.1259405 -0.000216693 -0.9920378 -0.1259927 -7.20574e-05 -0.9920312 -0.1259247 0.000160618 -0.9920397 -0.1262933 -8.77009e-05 -0.9919929 -0.1273074 0.00393033 -0.9918556 -0.1282524 0.002124428 -0.9917393 -0.1280524 -0.005685985 -0.9917511 -0.126287 -0.002321183 -0.9919911 -0.1291373 -0.003594279 -0.9916202 -0.1257031 -0.000444684 -0.9920679 -0.1251601 0.000170235 -0.9921366 -0.1260089 6.86181e-05 -0.9920291 -0.1259323 -4.97874e-05 -0.9920389 0.00010539 -1 2.75644e-06 -2.35701e-06 -1 -2.44688e-05 -1.32044e-05 -1 -0.000133711 -0.004748463 -0.9991182 -0.04171645 -4.72796e-07 6.97339e-07 1 0 0 1 0 0 1 0 0 1 0 0 1 0 0 1 0 0 1 0 0 1 0 0 1 0 0 1 0 0 1 0 0 1 0 0 1 0 0 1 0 0 1 0 0 1 0 0 1 0 0 1 0 0 1 0 0 1 0 0 1 0 0 1 0 0 1 0 0 1 0 0 1 0 0 1 0 0 1 0 0 1 0 0 1 0 0 1 0 0 1 4.89459e-07 1.04295e-06 1 -5.28401e-07 7.09697e-07 1 0 0 1 0 0 1 0 0 1 0 0 1 0 0 1 0 0 1 1.14631e-06 2.62756e-07 1 -3.96727e-07 7.48182e-07 1 0 0 1 0 0 1 0 0 1 0 0 1 0 0 1 0 0 1 0 0 1 -6.83407e-07 1.06388e-06 1 4.88986e-07 7.21217e-07 1 0 0 1 0 0 1 0 0 1 0 0 1 0 0 1 5.09409e-07 6.84188e-07 1 -4.89459e-07 1.04295e-06 1 0 0 1 0 0 1 0 0 1 -0.001909554 0.9998452 -0.01749479 2.17939e-06 1 0.000210981 0.000268852 0.9999999 0.000276449 -1.50506e-07 -2.83838e-07 -1 -1.93292e-07 -2.61087e-07 -1 -1.79502e-07 -2.64751e-07 -1 0 0 -1 -0.000150784 2.88736e-05 -1 0 0 -1 0 0 -1 -7.25804e-06 -3.95699e-06 -1 0 0 -1 6.94025e-07 -8.02204e-07 -1 0 0 -1 0.00094323 -0.000516331 -0.9999994 0 0 -1 1.51592e-07 -2.85884e-07 -1 1.57811e-07 -2.79954e-07 -1 1.8133e-07 -2.67448e-07 -1 1.9084e-07 -2.57775e-07 -1 -6.94025e-07 -8.02204e-07 -1 0 0 -1 0 0 -1 0 0 -1 0 0 -1 0 0 -1 0 0 -1 0 0 -1 0 0 -1 0 0 -1 0 0 -1 0 0 -1 0 0 -1 0 0 -1 0 0 -1 0 0 -1 0 0 -1 0 0 -1 0 0 -1 0 0 -1 0 0 -1 0 0 -1 0 0 -1 0 0 -1 0 0 -1 0 0 -1 0 0 -1 0 0 1 0 0 1 -6.94025e-07 8.02204e-07 1 -1.2461e-07 3.12804e-07 1 0 3.18168e-07 1 -0.000153094 -2.93206e-05 1 -1.50506e-07 2.83838e-07 1 -1.93292e-07 2.61087e-07 1 -1.79502e-07 2.64751e-07 1 0 0 1 0 0 1 0 0 1 0 0 1 0 0 1 0 0 1 0 0 1 0 0 1 0 0 1 0 0 1 0.000952306 0.000521724 0.9999994 0 0 1 1.9084e-07 2.57775e-07 1 1.8133e-07 2.67448e-07 1 1.57796e-07 2.79962e-07 1 1.51589e-07 2.8588e-07 1 0 0 1 0 0 1 0 0 1 0 0 1 0 0 1 0 0 1 0 0 1 0 3.17331e-07 1 0 0 1 0 0 1 0 0 1 3.78208e-07 1.73617e-07 1 1.24303e-07 3.12034e-07 1 6.94025e-07 8.02204e-07 1 0 0 1 0 0 1 0 0 1 0 0 1 0 0 1 -0.5950163 -0.8037137 -0 -0.5950163 -0.8037137 -0 -0.6964327 -0.7176221 -0 -0.6964329 -0.717622 3.34169e-07 -0.7858035 -0.6184762 2.88e-07 -0.991101 0.1331117 -0 -0.9087914 -0.4171818 0.007571697 -0.5950163 0.8037137 -0 -0.6964325 0.7176223 -0 -0.6964327 0.7176221 -3.34169e-07 -0.7858035 0.6184762 -2.88e-07 -0.7858035 0.6184762 -2.88e-07 -0.861025 0.5085626 -2.36818e-07 -0.861025 0.5085626 -2.36818e-07 -0.921016 0.3895249 -1.81387e-07 -0.4910105 -0.8711534 -0.000630631 -0.9250578 -0.3798106 -0.003434538 -0.9256472 0.378372 0.003440558 -0.909078 0.4165534 -0.00778371 -0.4913485 -0.8709631 -0 -0.4914033 0.8709321 -0 -0.5950163 0.8037137 -0 -0.9999998 0.000725266 -0 -0.9999959 0.0011698 -0.002603054 -0.9210159 0.3895251 -0 -0.9646823 0.2634164 -0 -0.9646823 0.2634164 -0 -0.991101 0.1331117 -0 -1 0 -0 -1 0 -0 -0.991101 -0.1331117 -0 -0.991101 -0.1331117 -0 -0.9646823 -0.2634164 -0 -0.9210159 -0.3895251 -0 -0.921016 -0.3895249 1.81387e-07 -0.861025 -0.5085626 2.36818e-07 -0.861025 -0.5085626 2.36818e-07 -0.7858035 -0.6184762 2.88e-07 -0.9999998 -0.000731841 -0 -0.999996 -0.001176059 0.002601623 -0.491056 0.8711278 0.000648502 -0.9646823 -0.2634164 -0 0 0.484352 0.8748732 -0.000161813 -0.2320058 0.9727144 0.01242095 -0.594374 0.8040929 0 -0.6849099 0.7286279 0 -0.6849099 0.7286279 0 -0.6849099 0.7286279 0 -0.47506 0.8799534 0 0.5944205 0.8041544 0.00517553 0.6483572 0.7613186 0 0.6849099 0.7286279 0 -0.4105721 0.9118282 0.007006168 -0.5141733 0.8576577 -0.002498269 -0.4191734 0.9079027 0 -0.6483657 0.761329 0 -0.233099 0.9724531 0 0 1 0 0 1 0 0.2405515 0.9706364 0.001220345 0.2330988 0.9724523 -0.00172311 0.4165089 0.90913 0 0.4105722 0.9118281 0.009858846 0.514161 0.857637 0 0.6849099 0.7286279 0 0.6849099 0.7286279 0.01275175 0.9985802 0.05172002 0.005958378 -0.867497 0.4974068 -0.00455904 -0.8446274 0.5353351 0.0044775 0.9993374 0.03612071 -0.00437504 0.1134874 0.9935298 0 0.1102148 0.9939078 0 -0.1102148 0.9939078 0.00437504 -0.1134874 0.9935298 -0.021007 -0.9975133 0.06727534 -0.0044775 -0.9993374 0.03612095 -0.005958378 0.867497 0.4974068 0.00455904 0.8446274 0.5353351 -0.004117548 0.5450957 0.8383637 0.004159569 0.5108139 0.8596813 -0.004159569 -0.5108139 0.8596813 0.004117548 -0.5450957 0.8383637 -0.02576482 0.903571 0.4276632 0.02555483 -0.8928827 0.4495639 -0.02710068 -0.7620505 0.6469503 0.01057612 0.8141302 0.5805862 0 1 -0 0 1 -0 0 -1 -0 0 -1 -0 1 -2.77641e-07 4.27015e-07 1 -0.000105138 -9.65724e-05 1 5.58888e-07 3.5423e-07 1 0.00010062 -6.08545e-05 1 9.2658e-05 3.57125e-05 1 9.74406e-07 2.5365e-05 1 -5.9726e-07 3.42458e-07 1 2.56295e-07 4.31335e-07 1 -1.97103e-06 -0 1 5.28344e-05 -0 1 0 -0 1 0 -0 1 -3.83579e-06 2.244e-05 1 -5.12719e-06 1.23784e-05 1 9.81179e-06 1.08895e-05 1 -1.51701e-05 -1.68363e-05 1 2.04508e-05 -2.40139e-05 1 5.33055e-05 -2.97563e-05 1 -7.36171e-07 3.56801e-07 1 0 -0 1 7.0556e-07 -0 1 0 4.59316e-07 1 1.37873e-06 -0 0 1 -3.56381e-05 1.29088e-05 1 1.29088e-05 -2.86426e-05 1 3.2795e-06 0 1 -0 0 -1 2.09852e-07 0 -1 -0 0 -1 -0 0 -1 -0 0 0 1 0 0 1 1 0 0.000164986 0.9999998 0.000684476 -0 0 -1 -0 0 -1 -0 -4.44267e-05 -1 1.62668e-05 0 -1 -4.40454e-05 0 1 -2.09852e-07 0 1 -0 0 1 -0 0 1 -0 0 2.32831e-07 1 2.32831e-07 0 1 0 0 1 0 0 1 0 -1 -0 0 -1 -0 1 0 -0 1 0 -0 0 0 1 0 0 1 0.9999992 -0.001190066 0.000329331 1 0 -0 0 1 -0 0 1 -0 0 2.32831e-07 1 1.41109e-07 0 1 0 0 1 0 2.32831e-07 1 1 0 -0 1 0 -0 1 2.74519e-05 5.34409e-05 1 -1.05329e-06 -1.45709e-06 1 0 -0 1 -3.37733e-06 2.08905e-06 1 0 -0 1 0 -0 1 0 -0 1 0 -0 1 0 -0 1 0 -0 1 0 -0 -0.000249569 -0.649204 0.7606143 0.9999897 0 -0.004533767 1 2.85437e-06 -7.30013e-07 1 0 -0 1 0 -0 1 7.54032e-07 3.34368e-06 1 0 -0 1 0 -0 1 0 -0 1 0 -0 0.9999966 0.001218676 0.002286612 1 -4.06311e-05 -5.95068e-06 1 0 -0 1 0 -0 1 -2.16565e-05 -0 1 -1.58324e-07 7.74807e-05 1 0 -0 1 0 -0 1 0 -0 1 0 -0 1 0 -0 1 0 -0 1 0 -0 1 0 -0 1 3.73949e-05 -2.19964e-05 1 0 -0 1 0 -0 1 0 -0 1 0 -0 1 -6.4427e-05 6.06178e-05 1 0 -0 1 0 -0 1 0.000165328 -0 1 -4.85415e-05 -2.55682e-05 1 2.28685e-05 4.6679e-07 1 0.000268129 5.45341e-05 1 0 -0 1 0 -0 1 0 -0 0 0.5806398 -0.8141606 0 0.5806398 -0.8141606 0.005709528 0.7821058 0.6231195 -0.000702017 0.7897939 0.6133721 0 0.674977 -0.7378388 -0.005617678 0.9144561 0.4046461 -0.1191938 0.921086 0.3706662 0 0.9367958 0.3498768 0 0.9660686 0.2582858 0 0.9660686 0.2582858 0 0.9902077 0.1396018 0 0.9902077 0.1396018 0 0.9998235 0.01878863 0 0.9998235 0.01878863 0 -0.1078106 -0.9941715 0 -0.2270519 -0.9738827 0 -0.2270519 -0.9738827 0 -0.3432792 -0.9392334 0 -0.3432792 -0.9392334 0.2215427 0.9024725 0.369408 0.09266191 0.8850727 0.4561361 0.04544961 0.9138711 0.4034526 0.1170842 0.8406462 0.5287771 0 0.8932652 -0.44953 0 0.8323742 -0.5542142 0 0.8323742 -0.5542142 0 0.7591946 -0.6508638 0 0.7591946 -0.6508638 0 0.674977 -0.7378388 0.4819957 0.851431 0.2067494 0.09400445 0.8820993 0.4615887 0.04402822 0.8435563 0.535233 0.03723752 0.8527155 0.5210467 0.1358733 0.9131948 0.3842054 0.1304855 0.9156711 0.3801577 0.4229218 0.8804455 0.2143661 0.2872317 0.8854731 0.365288 0.2687091 0.8679931 0.4175923 0.2079929 0.9002673 0.3824368 0.1740853 0.932169 0.3174197 0.2616045 0.9337172 0.244408 0 -0.1078106 -0.9941715 0.3735146 0.8682693 0.3264893 0.01791846 0.8117672 0.5837062 0.08579635 0.8403453 0.5352184 0.02019363 0.8097844 0.5863799 0.01855605 0.8089447 0.5875918 0 -0.991661 -0.128874 0.0912894 -0.8824931 0.4613807 0.4415666 -0.8765463 0.1915348 0.1827899 -0.9294273 0.3205506 0 -0.9999688 -0.007901012 0 -0.9999688 -0.007901012 0 -0.9935869 0.1130709 0 -0.9935869 0.1130709 0 -0.9726402 0.2323167 0 0.47799 -0.8783652 0 0.47799 -0.8783652 0 0.3683617 -0.9296826 0 0.3683617 -0.9296826 0.0534836 -0.8263956 0.5605442 0.006639122 -0.7983878 0.602107 0 0.2530154 -0.9674623 0.3362882 -0.9268134 0.1671146 0.2627938 -0.9324606 0.2479044 0.3059758 -0.9054372 0.2942147 0 -0.9687742 -0.2479444 0 0.9410886 -0.33816 0 0.8932652 -0.44953 0 -0.7415192 -0.6709317 0 -0.817289 -0.5762279 0 -0.817289 -0.5762279 0 -0.8809444 -0.4732198 0 -0.8809444 -0.4732198 0 -0.9317344 -0.3631407 0 -0.9317344 -0.3631407 0 -0.9687742 -0.2479444 0 0.9410886 -0.33816 0.001163482 0.8185748 0.5743989 0 0.8179697 0.5752611 0 0.8758007 0.4826728 0.001912236 0.8764744 0.4814447 -0.000764039 0.9061547 0.4229457 0 0.1341645 -0.9909591 0 0.0135197 -0.9999086 0 0.0135197 -0.9999086 0.001469552 -0.941825 0.3361002 0 0.2530154 -0.9674623 0 0.1341645 -0.9909591 0 -0.9726402 0.2323167 0.01464039 -0.9134458 0.4066969 -0.07546097 -0.8858451 0.4578035 0 -0.8830427 0.4692927 0 -0.8262549 0.5632965 -0.08409363 -0.9340297 0.3471553 0 -0.941377 0.3373563 0 0.9367957 0.3498768 0 -0.8830427 0.4692927 5.86527e-05 -0.826279 0.5632612 0 0.9947481 -0.1023541 0 0.9947481 -0.1023541 0 0.9750967 -0.2217805 0 0.9750967 -0.2217805 0.213052 -0.9100872 0.3554577 0.2120842 -0.9100861 0.3560387 0.4839313 -0.8479641 0.2162578 0.3732314 -0.8775206 0.3010915 0.4496029 -0.8669304 0.2151486 0.271152 -0.8691341 0.413621 0.3099683 -0.9041254 0.2940698 0.3715868 -0.8569934 0.3570513 0 -0.7415192 -0.6709317 0 -0.654917 -0.7557009 0 -0.654917 -0.7557009 0 -0.5587465 -0.8293386 0 -0.5587465 -0.8293386 0 -0.4542227 -0.8908882 0 -0.4542227 -0.8908882 0.00763458 -0.7822644 0.6228997 0.1163698 -0.8382765 0.5326824 0 -0.991661 -0.128874 0.09160518 -0.8802608 0.4655634 0.1438663 -0.9107359 0.3871212 0.1368772 -0.9141071 0.3816711 -0.000234823 -0.7891547 0.6141946 0.03754729 -0.8298603 0.5567065 0.4540235 0.8533682 0.2561743 0.4533433 0.8743579 0.1731416 0.3501359 0.9228226 0.1606338 0.3413533 0.9160875 0.2103844 0.4104652 0.9032306 0.1252722 0.2914588 0.9068182 0.3045203 1.78806e-07 2.42706e-07 1 0 4.14382e-06 1 1.32849e-07 3.67509e-07 1 0 4.13319e-07 1 -1.63852e-06 9.38173e-07 1 0 0 1 1.63869e-07 3.06537e-07 1 8.26986e-05 2.35537e-05 1 2.18877e-06 0 1 0 4.30602e-07 1 0.000151503 -0.000205719 1 0.00028325 -0.000297859 0.9999999 0 4.13328e-07 1 -4.74743e-06 -1.92801e-05 1 -1.63877e-07 3.06551e-07 1 -1.32854e-07 3.67522e-07 1 0.2495509 0.9440855 0.215469 0.3521734 0.9113585 0.2130721 0.3163119 0.9172807 0.2419564 0.3371641 0.925262 0.173812 0.2721034 0.953501 0.1295971 0.28741 0.8844497 0.3676198 0.2660852 0.8861779 0.3793249 0.2854612 0.8501934 0.4423608 0.1033964 0.9904427 0.09128236 0.2984764 0.9016839 0.3128542 0.06586551 0.9961523 0.05781424 0.2958542 0.901868 0.3148087 0.1628344 0.980673 0.1084691 0.2121919 0.9663985 0.1450814 0.1427043 0.9836062 0.1102462 0.02857989 0.9855498 0.1669574 0.1267725 0.9829369 0.1332813 0.2188147 0.965929 0.1382077 0.261811 0.9419004 0.2104247 0.2636698 0.9421487 0.2069637 0.7064713 0.7076167 0.01329743 0.7064726 0.7040139 -0.07253134 0.7064566 0.7076298 0.01338136 0.7064566 0.7040393 -0.07244181 0.706468 0.7008146 0.09880238 0.7064714 0.700814 0.09878271 0.7064683 0.6837365 0.1827759 0.7064594 0.3382307 -0.6217034 0.7064456 0.3383058 -0.6216782 0.7064406 0.4111344 -0.5761164 0.7064782 0.410939 -0.5762097 0.7064836 0.477576 -0.5223046 0.7064538 0.4777212 -0.5222122 0.7064518 0.5373723 -0.4606047 0.7064583 0.6901426 -0.1569066 0.7064692 0.6901187 -0.1569637 0.7064639 0.6837342 0.1828016 0.7064585 0.2607097 -0.657987 0.7064784 0.2605975 -0.6580102 0.7068919 0.662616 0.2474754 0.7064539 -0.1606981 -0.6892742 0.7064537 -0.0762456 -0.7036404 0.7064686 -0.1607756 -0.6892412 0.706453 0.6322173 -0.3181593 0.7064516 0.666085 -0.239284 0.7064614 0.6660569 -0.2393333 0.7064791 -0.3954195 -0.5869674 0.7064844 -0.3954409 -0.5869466 0.7064847 -0.3215675 -0.6304551 0.7064646 -0.3214755 -0.6305246 0.7064647 -0.2429424 -0.6647455 0.7064672 -0.2429543 -0.6647385 0.7064538 -0.6856589 -0.1754849 0.7064723 -0.6856672 -0.1753782 0.7064698 -0.7018412 -0.0912097 0.7064701 -0.7018412 -0.09120804 0.7064684 -0.7077226 -0.005591869 0.7064608 -0.7077298 -0.005635023 0.7064762 0.1790683 -0.6847087 0.7064705 0.1791013 -0.6847059 0.7064663 0.009508788 -0.7076829 0.7064629 0.6321834 -0.3182047 0.7064621 0.5891135 -0.3922455 0.7064661 0.5890975 -0.3922624 0.7064638 0.5373194 -0.4606484 0.706462 -0.6234256 -0.3350403 0.7064641 -0.659434 -0.2570125 0.7064526 -0.659421 -0.2570771 0.7072364 -0.6257109 0.3290935 0.7064715 0.09495365 -0.7013429 0.7064526 0.09506201 -0.7013472 0.7064558 0.009568631 -0.7076926 0.706464 -0.07630276 -0.7036238 0.7064823 -0.524796 -0.474839 0.7064797 -0.4635094 -0.5348321 0.7064791 -0.463507 -0.5348352 0.7098758 0.6155357 0.3423334 0.7057656 -0.6640883 0.2467422 0.7064605 -0.7032136 0.08002614 0.7064841 -0.6883523 0.1644722 0.7064027 -0.662563 0.2490091 0.7064857 -0.6234685 -0.3349106 0.7064743 -0.6883751 0.1644195 0.7064753 -0.7031895 0.08010774 0.7064868 -0.5784236 -0.4078021 0.7064847 -0.5784186 -0.4078128 0.7064875 -0.5248122 -0.4748131 0.7157492 -0.6574177 0.2355953 0.2577316 -0.9455825 0.1986158 0.2994253 -0.8991946 0.3190508 0.312505 -0.8989474 0.3069758 0.3302138 -0.912012 0.2432958 0.3001272 -0.8856086 0.3544307 0.2649791 -0.8855612 0.3815332 0.2757614 -0.8766106 0.394347 0.1677184 -0.979206 0.1141324 0.3273 -0.9135493 0.241459 0.3741791 -0.9131874 0.1614891 0.3835721 -0.9082404 0.1672474 0.2565719 -0.8583959 0.4442152 0.3275031 -0.9226419 0.2036504 0.2684103 -0.9542444 0.1318079 0.03191828 -0.9842587 0.1738274 0.085316 -0.9948861 0.05406248 0.3304947 -0.9289882 0.1665955 0.3002548 -0.9430465 0.1432145 0.2097197 -0.9661371 0.1503223 0.227566 -0.9649363 0.1308114 0.2761552 -0.9239497 0.2646796 0.1444125 -0.9809962 0.1295816 0.1385129 -0.983156 0.119241 0.2540522 -0.9457468 0.2025351 0.495068 -0.8688542 8.09185e-07 0.5244864 -0.8514186 -0.000617674 0.5065593 -0.8621655 -0.008272528 0.5067979 0.8620647 -0.000603281 0.4979398 0.8672117 -8.18055e-07 0.5194921 0.854274 -0.01854759 0.9997121 -0.02399379 -0 0.9994502 -0.03247827 -0.006677091 0.7930496 -0.609157 5.67322e-07 0.7930496 -0.609157 5.67322e-07 0.00742793 -0.9999724 9.31717e-07 0.01012563 -0.9999254 0.006842136 0.9307535 -0.3656472 3.40535e-07 0.9334579 -0.3586677 -0.003727853 0.3582069 -0.9336348 0.003735542 0.609157 -0.7930496 7.38585e-07 0.609157 -0.7930496 7.38585e-07 0.3651896 -0.9309331 8.66999e-07 0.933458 -0.3586671 -0.003728508 0.01012563 -0.9999254 0.006841242 0.00742793 -0.9999724 -0 0.9994502 -0.03247833 -0.00667715 0.9997121 -0.02399379 -0 0.7930496 -0.609157 -0 0.7930496 -0.609157 -0 0.9307535 -0.3656472 -0 0.3582068 -0.9336348 0.003734707 0.3651896 -0.9309331 -0 0.609157 -0.7930496 -0 0.609157 -0.7930496 -0 0.003501415 -0.9999615 -0.00804758 0.000317309 -1 9.31376e-07 0 -1 -0 0 -1 -0 1 4.74275e-06 -0 1 0 4.84425e-05 9.90763e-06 -1.28986e-05 -1 1.15513e-05 -8.87282e-06 -1 1.33272e-05 -5.23562e-06 -1 -1.05385e-06 2.74676e-06 -1 1.79138e-05 1.03989e-05 -1 3.46291e-06 -2.16602e-05 -1 0 0 -1 -5.81652e-06 3.84404e-07 -1 0 0 -1 0 0 -1 0 1.17289e-06 1 9.27005e-06 -5.63337e-05 1 3.86539e-05 -1.68947e-05 1 3.32209e-05 -2.55176e-05 1 2.75754e-05 -3.58999e-05 1 -3.93333e-07 3.50534e-06 1 5.93738e-05 2.78184e-05 1 0.000163343 -0.000166373 1 4.72634e-05 5.84171e-06 1 5.9028e-07 3.60779e-06 1 0.9999997 0.000185481 0.000731641 1 1.39776e-05 -0 -2.49687e-05 -0.000215016 -1 -9.21345e-05 2.2113e-06 -1 5.31016e-05 -0.000166148 -1 3.23631e-05 -2.48587e-05 -1 3.24014e-05 -1.27289e-05 -1 0.000101512 -0.000132157 -1 6.37004e-05 -0.000176658 -1 8.68623e-05 -0.00013093 -1 1.86316e-06 -0.000111665 -1 0.000490282 9.74136e-05 -0.9999999 -0.004031002 -0.006002545 0.9999738 0.001416087 -4.60176e-05 0.999999 0.001275479 -0.000175809 0.9999992 0.001231193 -0.000473079 0.9999991 0.000255005 -0.000195874 1 0.000159367 -0.000207477 1 0.000376303 -7.26851e-05 1 8.9055e-05 -0.000227017 1 -0.000418579 -0.000156431 0.9999999 0 4.1741e-07 1 0.000936779 -0.004545867 -0.9999892 0.000408348 -0.006225407 -0.9999805 0.000146786 -0.002204537 0.9999976 0.002952158 0.01453465 0.99989 0.000262371 -0.00195384 0.999998 -0.000215969 -0.8155961 0.5786216 -0.006808042 -0.2054321 0.9786478 0.008331298 -0.1201071 0.992726 0.001751363 -0.4438579 0.8960956 -0.000102907 -0.4651172 0.8852491 0.000381173 -0.9322405 0.3618392 0.001472473 -0.8029668 0.596022 0.001487195 -0.9924049 0.1230048 -0.000128383 -0.9957449 0.09215289 0.001282691 -0.9910036 -0.1338288 0.000646736 -0.9923931 -0.123107 -0.000252571 -0.9479049 -0.3185535 0.001998543 -0.9322386 -0.3618385 -0.001346707 -0.6952385 -0.718778 0.001643598 -0.815595 -0.5786209 -0.001114606 -0.8448927 -0.5349347 -0.001228749 -0.48528 -0.874358 0.002233088 -0.6492006 -0.760614 0.004678249 -0.2625029 -0.9649199 -0.000751535 -0.2112555 -0.9774307 0.00227636 -0.4438598 -0.8960934 -0.00147593 -0.05961966 -0.9982201 -0.000937331 -0.9390671 0.3437327 0.001825034 0.7937947 -0.608183 0.001344919 0.9898321 -0.1422344 0.000577714 0.991481 -0.1302507 0.001813471 0.9914661 0.1303523 -0.000148795 0.9955585 0.09414553 0.001050472 0.9237756 0.3829327 -0.001561284 0.1637983 -0.9864926 0.002420663 0.1303526 -0.9914647 -0.001646637 0.6497249 -0.7601677 0.001864373 0.6086797 -0.7934138 -0.001571834 0.4190271 -0.9079724 0.001753509 0.3822587 -0.9240536 -0.000295581 0.9361808 -0.3515188 0.001609385 0.9236592 -0.3832114 -0.001176953 0.8246761 -0.5656041 -4.81413e-05 0.7935041 0.608565 0.001013636 0.7847778 0.6197764 0.00053108 0.6086807 0.7934151 0.000747571 0.6064579 0.7951152 0.000199583 0.4073703 0.913263 0.002733111 0.3822579 0.9240517 -0.001082956 0.1311281 0.9913648 0.00261265 0.1057671 0.9943875 0.000114047 0 1 -4.05986e-05 0.000363175 1 0.001116335 -0.007494091 0.9999713 -0.001093327 0.9353998 0.3535903 0.000424007 -0.001888155 -0.9999982 -6.72996e-07 2.997e-06 -1 3.41915e-05 -0.9836226 0.1802405 -0.001657009 -0.9914208 0.130699 -0.000639113 -0.9240168 0.3823513 0.002449691 -0.8946971 0.4466665 -0.002887547 -0.7934525 0.6086253 0.002027034 -0.6354879 0.7721082 0.000146306 -0.6084562 0.7935875 -1.5671e-05 -0.3829401 0.9237732 0 -0.1076812 0.9941855 0 -0.3826684 0.9238858 -0.000653616 -0.38294 -0.923773 -0.002578556 -0.7554225 -0.6552329 0.000569464 -0.7930171 -0.6091992 -0.000439954 -0.613473 -0.7897155 -0.001893997 -0.898095 -0.4397974 0.002028644 -0.9241877 -0.3819332 -0.000888634 -0.9914016 -0.1308517 0.000534681 -0.003212988 -0.9999946 -0.005904614 5.07678e-05 -0.9999825 -0.000483991 0.000346952 0.9999998 0 0 1 -0.001589059 0.005214273 0.9999851 0.000185612 -0.1176614 -0.9930538 0.001322627 -0.1308538 -0.9914008 -0.000729197 -0.6084571 -0.7935864 0.000618609 -0.4049308 -0.9143471 -0.004922807 0.008407711 -0.9999526 -0.000935378 -0.01333206 -0.9999107 0.001176714 -0.9959785 -0.08958435 0.002185106 -0.1296951 0.9915515 -1 1.14293e-05 3.37386e-06 -1 4.34676e-07 -1.79866e-07 -1 5.93763e-07 -4.55452e-07 -1 8.80578e-07 -1.14851e-06 -1 1.61793e-06 -3.90297e-06 -1 5.0732e-06 1.32243e-05 -1 1.89496e-07 1.43569e-06 -1 1.62887e-06 3.92936e-06 -1 3.89879e-06 1.61123e-06 -1 4.34875e-07 -1.80125e-07 -1 7.42121e-07 -0 -1 1.43568e-06 1.89491e-07 -0.000257081 0.129692 -0.9915543 -0.000616192 0.006926536 0.9999759 -0.02519744 0 -0.9996824 -0.001945734 0.00062237 -0.999998 0.00552082 0.01578581 -0.9998602 -0.000747213 0.007397651 -0.9999724 -0.00322318 0.00138688 0.9999939 -0.001247882 0.006542682 0.9999778 0.003995418 0.09074372 0.9958662 0.002227067 0.9999823 -0.005513072 -0.001699864 0.9240157 -0.3823508 0.001884996 0.7934545 -0.6086267 -0.003773331 0.8467603 -0.5319612 0.000630482 0.4090877 -0.9124949 -0.00074686 0.608456 -0.7935872 -0.001891613 0.3531698 0.9355574 0.000144559 0.6061748 0.7953314 -1.58386e-05 0.3826925 0.9238758 0.000733288 0.9253012 0.3792322 0.000568757 0.9241895 0.3819339 -0.001793563 0.7708251 0.6370443 0 0.7930182 0.6091979 -0.002477228 0.9913988 0.1308525 0.00110656 0.9529348 -0.3031732 -0.000902408 0.3829399 -0.9237728 0.001297056 0.1033815 -0.994641 0 0.6084562 0.7935874 0.001592278 0.648519 -0.7611968 -0.00165224 0.9914209 -0.1306979 -1 -1.61787e-06 3.90282e-06 -1 -8.80559e-07 1.14848e-06 -1 -5.93755e-07 4.55445e-07 -1 -7.82622e-07 7.82621e-07 -1 -3.92276e-06 1.62321e-06 -1 -3.93709e-06 -1.62706e-06 -1 -1.14508e-06 -8.79655e-07 -1 -4.55372e-07 -5.93925e-07 -1 1.51842e-05 8.43745e-06 -1 -3.37766e-06 1.7787e-05 -1 2.80603e-07 -2.08908e-05 -0.9999998 4.83856e-05 0.000574453 -0.9999998 2.62226e-06 0.000557921 -1 0 -0 -1 0 -0 -1 0 -0 -1 0 -0 -1 0 -0 -1 0 -0 -1 0 -0 -1 0 -0 -1 0 -0 0.6993895 -0.3368895 0.6303648 0.7057847 -0.3642629 0.6076022 0.6992979 -0.4249094 0.5748344 0.7071068 0 0.7071068 0.7071068 0 0.7071068 0.7071068 0 0.7071068 0.7071068 0 0.7071068 0.7071067 0.7071069 -0 0.7071068 0.7071067 -4.01943e-07 0.7071068 0.7071068 -4.01944e-07 0.7071066 0.707107 -0 0.7071068 -0.7071068 -0 0.7071069 -0.7071066 4.01943e-07 0.7071068 -0.7071067 4.01943e-07 0.7071067 -0.7071069 -0 0.6993022 0.4249073 0.5748305 0.6993818 0.3369184 0.6303578 0.7057806 0.364265 0.6076058 -0.003930985 0.01107299 -0.9999309 0.000550062 -0.000232272 -0.9999998 0.004127144 -0.000666376 -0.9999912 0 9.55108e-07 -1 0.000217729 5.03865e-05 -1 7.35265e-05 0.000187432 -1 0.003272533 -0.000215872 -0.9999946 0.000123719 0.000161067 -1 0.000187052 0.000143679 -1 0.003400802 0.002740144 -0.9999904 0.003781914 0.9999928 -9.31492e-07 0 0.9999532 0.009673655 0.000601972 0.002830326 0.9999958 4.1416e-05 3.18125e-05 1 0.002022981 0.00263369 0.9999945 0 0 1 2.83719e-05 9.90712e-05 1 0.000950228 0.001780986 0.999998 4.01099e-05 1.57345e-05 1 0.002356231 -0.000881316 0.9999969 -0.000144509 5.44956e-05 1 -0.003490984 0.00428915 0.9999847 0.9999997 -0.000120726 -0.000718383 1 -0.000288832 -0 0 0 1 1.64401e-06 1.02932e-05 1 0 0 1 7.18677e-06 2.81925e-06 1 -0.000988284 0.002136766 0.9999972 -7.73882e-05 0.001847565 0.9999983 0.00389713 0.000269981 0.9999923 6.04731e-06 4.64505e-06 1 0.000144334 -2.44534e-05 1 5.02596e-06 6.5432e-06 1 4.29273e-05 0 -1 -1.33336e-06 -3.39895e-06 -1 -2.04545e-05 5.84603e-06 -1 5.59314e-05 -2.19553e-05 -1 -2.31605e-06 -3.01522e-06 -1 4.21731e-05 1.41414e-05 -1 3.56691e-05 2.73982e-05 -1 1.05615e-05 6.67577e-05 -1 0 1.17408e-06 -1 0 7.52271e-06 -1 0 1 -0 0 1 -0 1 0 -0 1 0 -0 0.7930496 0.609157 -0 0.7930496 0.609157 -0 0.609157 0.7930496 -0 0.00742793 0.9999725 -0 0.008556246 0.9999593 -0.002861201 0.609157 0.7930496 -0 0.9336357 0.3582046 0.003735899 0.9309331 0.3651896 -0 0.9997127 0.02396756 -0 0.362189 0.9321033 -0.001607179 0.3651909 0.9309327 -0 0.9994511 0.03245013 0.006669044 0.609157 0.7930496 -7.38585e-07 0.3562283 0.9343867 -0.00479114 0.3651893 0.9309332 -8.66999e-07 0.7930496 0.609157 -5.67322e-07 0.7930496 0.609157 -5.67322e-07 0.609157 0.7930496 -7.38585e-07 0.009820699 0.9999334 -0.006067872 0.007428288 0.9999725 -9.30315e-07 0.9994159 0.03336399 0.007387697 0.9327079 0.3606244 0.002443194 0.9997128 0.0239675 -0 0.9309329 0.3651903 -3.4011e-07 -1 2.64042e-06 -1.09366e-06 -1 2.35348e-06 -2.35348e-06 -1 1.64743e-05 -3.52771e-06 -0.09501576 0.4308269 -0.8974186 -0.9999284 -0.006545245 -0.01002204 -1 0 -0 -0.1255123 0.001740276 -0.9920905 0.7049545 0.6579512 0.2648386 -1 0 -0 -1 -0.00018056 4.2748e-05 -1 0 -0 -1 -7.0246e-05 -1.90009e-05 -1 0.000103358 -0.000401541 -6.93543e-05 -0.9993299 -0.03660368 0.9954404 0.0443834 0.08443039 0.9933346 -0.04952788 0.1040836 -0.4129813 0.2913475 -0.8628807 -0.4569054 -0.1302263 -0.879931 -0.4419041 -0.003019869 -0.8970571 -0.4061036 0.06838476 -0.9112647 0.09077823 -2.76499e-05 0.9958712 -0.02066791 0.8235669 -0.5668424 0.6394706 -0.7687105 -0.01271128 0.6230782 0.782149 -0.004067718 0.692789 0.7211403 0.000487966 0.003581941 -0.8251792 -0.5648596 0.2445489 -0.8011534 0.5462135 -0.1259639 -8.91579e-05 -0.9920348 -0.1253183 0.00045637 -0.9921165 -0.02800524 0.3345537 0.9419605 -3.72889e-05 -0.439356 0.8983129 0.0377925 0.8509398 0.5239019 0.4041537 -0.8881265 0.2188405 0.04104125 -0.8664122 0.49764 0.7097156 0.6486014 0.2749913 0.003040969 -0.6143872 0.7889988 0.000750834 -0.2393587 0.9709309 -1 1.11642e-05 5.44007e-05 -1 0.000111033 2.51912e-05</float_array>
          <technique_common>
            <accessor source="#link2_00-mesh-normals-array" count="3915" stride="3">
              <param name="X" type="float" />
              <param name="Y" type="float" />
              <param name="Z" type="float" />
            </accessor>
          </technique_common>
        </source>
        <vertices id="link2_00-mesh-vertices">
          <input semantic="POSITION" source="#link2_00-mesh-positions" />
        </vertices>
        <triangles material="link2_00_mat-material" count="3915">
          <input semantic="VERTEX" source="#link2_00-mesh-vertices" offset="0" />
          <input semantic="NORMAL" source="#link2_00-mesh-normals" offset="1" />
          <p>53 0 54 0 48 0 54 1 53 1 52 1 52 2 53 2 51 2 48 3 50 3 47 3 50 4 48 4 49 4 50 5 46 5 47 5 1661 6 1383 6 6 6 16 7 3 7 15 7 15 8 3 8 14 8 14 9 3 9 13 9 13 10 3 10 12 10 11 11 12 11 3 11 24 12 1614 12 23 12 20 13 21 13 22 13 21 14 20 14 3 14 10 15 3 15 20 15 7 16 4 16 19 16 19 17 4 17 18 17 18 18 4 18 17 18 3 19 17 19 4 19 17 20 3 20 16 20 134 21 29 21 41 21 39 22 23 22 1614 22 134 23 28 23 29 23 26 24 1614 24 24 24 1614 25 26 25 1493 25 25 26 1493 26 26 26 30 27 40 27 29 27 38 28 29 28 37 28 37 29 29 29 36 29 34 30 36 30 29 30 36 31 34 31 35 31 35 32 34 32 33 32 33 33 34 33 32 33 41 34 29 34 40 34 39 35 1614 35 28 35 27 36 28 36 1614 36 45 37 29 37 44 37 38 38 44 38 29 38 43 39 42 39 31 39 40 40 31 40 42 40 1382 41 29 41 45 41 102 42 86 42 101 42 2 43 4 43 1383 43 2 44 3 44 4 44 1661 45 0 45 1 45 144 46 0 46 1661 46 144 47 1661 47 145 47 91 48 90 48 88 48 53 49 48 49 99 49 98 50 99 50 48 50 99 51 98 51 97 51 67 52 101 52 86 52 84 53 83 53 82 53 96 54 97 54 98 54 97 55 96 55 95 55 94 56 95 56 96 56 95 57 94 57 1377 57 93 58 1377 58 94 58 1377 59 93 59 92 59 90 60 92 60 93 60 92 61 90 61 91 61 89 62 88 62 90 62 87 63 88 63 89 63 88 64 87 64 72 64 70 65 72 65 87 65 85 66 66 66 86 66 66 67 85 67 84 67 83 68 84 68 85 68 81 69 82 69 83 69 82 70 81 70 80 70 79 71 80 71 81 71 80 72 79 72 78 72 77 73 78 73 79 73 78 74 77 74 76 74 75 75 76 75 77 75 76 76 75 76 74 76 73 77 74 77 75 77 74 78 73 78 71 78 73 79 72 79 71 79 70 80 71 80 72 80 60 81 55 81 43 81 69 82 67 82 59 82 58 83 69 83 59 83 69 84 68 84 67 84 59 85 67 85 66 85 86 86 66 86 67 86 61 87 65 87 62 87 65 88 61 88 64 88 22 89 64 89 61 89 55 90 56 90 57 90 64 91 22 91 21 91 63 92 47 92 46 92 47 93 63 93 62 93 61 94 62 94 63 94 55 95 60 95 56 95 49 96 48 96 54 96 42 97 43 97 55 97 57 98 58 98 59 98 58 99 57 99 56 99 1 100 9 100 1661 100 1661 101 9 101 8 101 5 102 4 102 7 102 1492 103 145 103 1661 103 890 104 969 104 891 104 482 105 486 105 976 105 495 106 976 106 486 106 964 107 496 107 491 107 496 108 964 108 495 108 975 109 893 109 964 109 893 110 975 110 889 110 972 111 889 111 975 111 968 112 891 112 969 112 969 113 890 113 972 113 889 114 972 114 890 114 862 115 482 115 865 115 976 116 865 116 482 116 896 117 865 117 976 117 481 118 483 118 965 118 482 119 965 119 483 119 975 120 489 120 972 120 490 121 972 121 489 121 969 122 974 122 970 122 974 123 969 123 973 123 972 124 973 124 969 124 973 125 972 125 490 125 988 126 867 126 866 126 965 127 482 127 860 127 862 128 860 128 482 128 965 129 860 129 967 129 964 130 976 130 495 130 976 131 964 131 896 131 897 132 896 132 964 132 827 133 828 133 829 133 900 134 833 134 847 134 989 135 833 135 900 135 833 136 989 136 987 136 986 137 987 137 989 137 987 138 835 138 833 138 982 139 822 139 825 139 990 140 984 140 985 140 981 141 994 141 995 141 993 142 995 142 994 142 994 143 992 143 993 143 984 144 977 144 985 144 981 145 982 145 983 145 489 146 975 146 493 146 964 147 893 147 897 147 987 148 990 148 835 148 990 149 987 149 991 149 986 150 991 150 987 150 984 151 990 151 991 151 467 152 958 152 959 152 962 153 963 153 912 153 956 154 1197 154 957 154 1197 155 956 155 960 155 961 156 960 156 956 156 962 157 912 157 953 157 959 158 958 158 957 158 954 159 922 159 921 159 460 160 922 160 954 160 943 161 924 161 942 161 924 162 943 162 925 162 945 163 925 163 943 163 925 164 945 164 951 164 947 165 951 165 945 165 956 166 957 166 958 166 955 167 464 167 456 167 464 168 955 168 462 168 952 169 462 169 955 169 462 170 952 170 461 170 953 171 912 171 460 171 954 172 459 172 460 172 459 173 954 173 458 173 456 174 458 174 954 174 460 175 441 175 953 175 440 176 953 176 441 176 952 177 958 177 436 177 467 178 436 178 958 178 970 179 971 179 968 179 968 180 969 180 970 180 967 181 860 181 966 181 966 182 860 182 858 182 958 183 952 183 931 183 493 184 975 184 491 184 964 185 491 185 975 185 952 186 949 186 931 186 922 187 460 187 912 187 955 188 921 188 950 188 921 189 955 189 954 189 456 190 954 190 955 190 955 191 949 191 952 191 949 192 955 192 950 192 958 193 931 193 956 193 956 194 931 194 961 194 904 195 961 195 931 195 977 196 829 196 985 196 827 197 829 197 978 197 977 198 978 198 829 198 977 199 984 199 1003 199 1003 200 984 200 1001 200 991 201 1001 201 984 201 991 202 986 202 988 202 988 203 986 203 867 203 989 204 867 204 986 204 867 205 989 205 898 205 1006 206 1007 206 1008 206 1007 207 1006 207 1079 207 1005 208 1079 208 1006 208 994 209 827 209 992 209 978 210 992 210 827 210 992 211 978 211 980 211 979 212 980 212 978 212 900 213 898 213 989 213 1004 214 998 214 941 214 997 215 913 215 916 215 1004 216 913 216 997 216 941 217 913 217 1004 217 1011 218 1072 218 1021 218 1009 219 1010 219 1011 219 1010 220 1009 220 1077 220 1008 221 1077 221 1009 221 1077 222 1008 222 1075 222 1007 223 1075 223 1008 223 1017 224 1023 224 1065 224 1023 225 1017 225 1066 225 1022 226 1066 226 1017 226 1066 227 1022 227 1068 227 1021 228 1068 228 1022 228 1068 229 1021 229 1072 229 1012 230 1089 230 1013 230 1072 231 1011 231 1070 231 1010 232 1070 232 1011 232 1005 233 1083 233 1079 233 1083 234 1005 234 1081 234 1020 235 1081 235 1005 235 1081 236 1020 236 1085 236 1015 237 1085 237 1020 237 1085 238 1015 238 1088 238 1014 239 1088 239 1015 239 1027 240 1096 240 1034 240 998 241 1004 241 995 241 997 242 995 242 1004 242 995 243 997 243 981 243 996 244 981 244 997 244 981 245 996 245 982 245 825 246 983 246 982 246 983 247 825 247 994 247 827 248 994 248 825 248 1016 249 1019 249 971 249 1019 250 1016 250 1061 250 1018 251 1061 251 1016 251 1061 252 1018 252 1065 252 1017 253 1065 253 1018 253 1016 254 971 254 1146 254 1013 255 1014 255 1015 255 1014 256 1013 256 1089 256 993 257 998 257 995 257 992 258 998 258 993 258 998 259 992 259 999 259 980 260 999 260 992 260 999 261 980 261 935 261 940 262 999 262 935 262 985 263 835 263 990 263 932 264 980 264 979 264 980 265 932 265 935 265 850 266 932 266 979 266 916 267 996 267 997 267 941 268 998 268 940 268 999 269 940 269 998 269 979 270 977 270 1002 270 979 271 1002 271 1000 271 902 272 901 272 1000 272 866 273 991 273 988 273 991 274 866 274 1001 274 1002 275 1003 275 1001 275 1003 276 1002 276 977 276 977 277 979 277 978 277 1001 278 1000 278 1002 278 985 279 829 279 831 279 783 280 996 280 916 280 996 281 783 281 982 281 982 282 783 282 822 282 979 283 880 283 850 283 981 284 983 284 994 284 1000 285 1001 285 902 285 866 286 902 286 1001 286 880 287 1000 287 901 287 923 288 942 288 924 288 1000 289 880 289 979 289 885 290 877 290 883 290 892 291 893 291 888 291 891 292 887 292 890 292 886 293 890 293 887 293 890 294 886 294 889 294 888 295 889 295 886 295 877 296 885 296 878 296 889 297 888 297 893 297 900 298 899 298 898 298 869 299 898 299 899 299 898 300 869 300 867 300 892 301 897 301 893 301 864 302 897 302 892 302 897 303 864 303 896 303 865 304 896 304 864 304 880 305 879 305 850 305 876 306 883 306 877 306 883 307 876 307 881 307 874 308 881 308 876 308 881 309 874 309 853 309 879 310 882 310 881 310 882 311 879 311 880 311 883 312 884 312 885 312 863 313 864 313 894 313 892 314 894 314 864 314 885 315 869 315 878 315 870 316 895 316 855 316 895 317 870 317 861 317 861 318 870 318 840 318 847 319 844 319 899 319 872 320 899 320 844 320 878 321 899 321 872 321 899 322 878 322 869 322 863 323 855 323 895 323 869 324 885 324 868 324 884 325 868 325 885 325 868 326 884 326 866 326 849 327 886 327 887 327 886 328 849 328 888 328 859 329 861 329 857 329 861 330 859 330 895 330 863 331 895 331 859 331 884 332 902 332 866 332 902 333 884 333 901 333 882 334 901 334 884 334 901 335 882 335 880 335 840 336 838 336 861 336 861 337 838 337 836 337 899 338 900 338 847 338 865 339 864 339 862 339 857 340 858 340 859 340 854 341 855 341 856 341 851 342 852 342 853 342 887 343 851 343 849 343 832 344 848 344 833 344 870 345 855 345 871 345 868 346 867 346 869 346 866 347 867 347 868 347 860 348 859 348 858 348 863 349 862 349 864 349 859 350 862 350 863 350 862 351 859 351 860 351 846 352 847 352 848 352 847 353 846 353 844 353 845 354 844 354 846 354 842 355 844 355 845 355 844 356 842 356 843 356 836 357 857 357 861 357 877 358 856 358 876 358 875 359 876 359 856 359 876 360 875 360 874 360 873 361 874 361 875 361 874 362 873 362 853 362 849 363 853 363 873 363 884 364 883 364 882 364 881 365 882 365 883 365 856 366 877 366 854 366 853 367 879 367 881 367 879 368 853 368 852 368 852 369 850 369 879 369 853 370 849 370 851 370 840 371 870 371 843 371 871 372 843 372 870 372 844 373 843 373 871 373 873 374 888 374 849 374 872 375 844 375 871 375 871 376 854 376 872 376 854 377 871 377 855 377 854 378 878 378 872 378 878 379 854 379 877 379 946 380 914 380 939 380 939 381 947 381 946 381 945 382 946 382 947 382 946 383 945 383 944 383 943 384 944 384 945 384 944 385 943 385 917 385 942 386 917 386 943 386 917 387 942 387 906 387 906 388 942 388 821 388 939 389 913 389 941 389 913 390 939 390 914 390 914 391 946 391 915 391 944 392 915 392 946 392 915 393 944 393 917 393 906 394 819 394 917 394 821 395 819 395 906 395 932 396 936 396 933 396 930 397 938 397 903 397 940 398 939 398 941 398 935 399 934 399 940 399 939 400 940 400 934 400 936 401 938 401 930 401 948 402 934 402 937 402 934 403 948 403 939 403 947 404 939 404 948 404 927 405 951 405 928 405 928 406 948 406 930 406 937 407 930 407 948 407 930 408 937 408 936 408 918 409 950 409 921 409 950 410 918 410 926 410 925 411 926 411 918 411 926 412 925 412 927 412 951 413 927 413 925 413 948 414 928 414 947 414 436 415 461 415 952 415 817 416 821 416 905 416 942 417 905 417 821 417 905 418 942 418 923 418 937 419 933 419 936 419 933 420 937 420 934 420 950 421 926 421 949 421 929 422 949 422 926 422 949 423 929 423 931 423 951 424 947 424 928 424 917 425 916 425 915 425 819 426 783 426 916 426 913 427 915 427 916 427 819 428 916 428 917 428 915 429 913 429 914 429 907 430 963 430 908 430 963 431 907 431 912 431 919 432 924 432 918 432 924 433 919 433 923 433 920 434 923 434 919 434 923 435 920 435 905 435 888 436 873 436 892 436 875 437 892 437 873 437 892 438 875 438 894 438 856 439 894 439 875 439 894 440 856 440 863 440 855 441 863 441 856 441 911 442 912 442 907 442 907 443 905 443 920 443 907 444 909 444 910 444 907 445 908 445 909 445 932 446 933 446 935 446 918 447 922 447 919 447 925 448 918 448 924 448 919 449 922 449 911 449 934 450 935 450 933 450 903 451 931 451 929 451 904 452 931 452 903 452 905 453 907 453 817 453 811 454 817 454 907 454 910 455 811 455 907 455 918 456 921 456 922 456 907 457 920 457 911 457 919 458 911 458 920 458 1096 459 1027 459 1100 459 929 460 930 460 903 460 930 461 929 461 928 461 926 462 928 462 929 462 928 463 926 463 927 463 912 464 911 464 922 464 1234 465 1099 465 1212 465 1123 466 1251 466 1121 466 1251 467 1123 467 1252 467 1124 468 1252 468 1123 468 1252 469 1124 469 1244 469 1126 470 1244 470 1124 470 1244 471 1126 471 1245 471 1129 472 1245 472 1126 472 1245 473 1129 473 1231 473 1097 474 1233 474 1093 474 1233 475 1097 475 1234 475 1099 476 1234 476 1097 476 1250 477 1121 477 1251 477 1102 478 1212 478 1099 478 1212 479 1102 479 1214 479 1104 480 1214 480 1102 480 1214 481 1104 481 1224 481 1106 482 1224 482 1104 482 1224 483 1106 483 1225 483 1109 484 1225 484 1106 484 1225 485 1109 485 1226 485 1111 486 1226 486 1109 486 1226 487 1111 487 1222 487 904 488 1229 488 1143 488 1134 489 1232 489 1131 489 1232 490 1134 490 1241 490 1136 491 1241 491 1134 491 1241 492 1136 492 1242 492 1138 493 1242 493 1136 493 1242 494 1138 494 1243 494 1141 495 1243 495 1138 495 1243 496 1141 496 1228 496 1143 497 1228 497 1141 497 1228 498 1143 498 1229 498 1112 499 1222 499 1111 499 1229 500 904 500 1221 500 1219 501 903 501 938 501 1114 502 1223 502 1112 502 1223 503 1114 503 1210 503 1115 504 1210 504 1114 504 1210 505 1115 505 1211 505 1119 506 1211 506 1115 506 1211 507 1119 507 1250 507 1121 508 1250 508 1119 508 1207 509 1064 509 1208 509 1067 510 1208 510 1064 510 1208 511 1067 511 1202 511 1069 512 1202 512 1067 512 1202 513 1069 513 1203 513 1071 514 1203 514 1069 514 1203 515 1071 515 1198 515 1074 516 1198 516 1071 516 1198 517 1074 517 1199 517 1076 518 1199 518 1074 518 1199 519 1076 519 1215 519 1064 520 1207 520 1062 520 1259 521 1260 521 1261 521 1206 522 1087 522 1235 522 1222 523 1112 523 1223 523 1078 524 1215 524 1076 524 1215 525 1078 525 1216 525 1080 526 1216 526 1078 526 1216 527 1080 527 1217 527 1082 528 1217 528 1080 528 1217 529 1082 529 1204 529 1086 530 1204 530 1082 530 1204 531 1086 531 1206 531 1087 532 1206 532 1086 532 1231 533 1131 533 1232 533 1090 534 1235 534 1087 534 1235 535 1090 535 1236 535 1091 536 1236 536 1090 536 1236 537 1091 537 1237 537 1093 538 1237 538 1091 538 1237 539 1093 539 1233 539 887 540 891 540 1248 540 1062 541 1248 541 891 541 1248 542 1062 542 1207 542 1388 543 1233 543 1410 543 1396 544 1232 544 1227 544 1247 545 1239 545 1246 545 1246 546 1239 546 1240 546 1230 547 1245 547 1231 547 1245 548 1230 548 1244 548 1227 549 1243 549 1228 549 1243 550 1227 550 1242 550 1234 551 1410 551 1233 551 1242 552 1227 552 1241 552 1232 553 1241 553 1227 553 1239 554 850 554 1240 554 1413 555 850 555 1239 555 1247 556 887 556 1248 556 851 557 887 557 1247 557 1230 558 1252 558 1244 558 1404 559 850 559 1412 559 1225 560 1213 560 1224 560 1214 561 1224 561 1213 561 1209 562 1223 562 1210 562 1223 563 1209 563 1222 563 1219 564 1220 564 1221 564 1220 565 1219 565 1401 565 1412 566 850 566 1413 566 1252 567 1230 567 1251 567 850 568 1404 568 932 568 1238 569 932 569 1404 569 1388 570 1237 570 1233 570 1237 571 1388 571 1236 571 1205 572 1236 572 1388 572 1236 573 1205 573 1235 573 1206 574 1235 574 1205 574 1410 575 1234 575 1212 575 1219 576 938 576 1218 576 1246 577 851 577 1247 577 851 578 1246 578 852 578 1246 579 1240 579 852 579 1221 580 903 580 1219 580 904 581 903 581 1221 581 1218 582 938 582 936 582 1218 583 936 583 1249 583 1131 584 1231 584 1129 584 1239 585 1247 585 1201 585 1411 586 1251 586 1230 586 1251 587 1411 587 1250 587 1211 588 1250 588 1411 588 932 589 1238 589 1249 589 1401 590 1249 590 1238 590 1218 591 1249 591 1401 591 1201 592 1248 592 1207 592 1248 593 1201 593 1247 593 801 594 1257 594 1258 594 1249 595 936 595 932 595 850 596 852 596 1240 596 26 597 473 597 1253 597 472 598 1279 598 1276 598 785 599 1277 599 806 599 1278 600 785 600 805 600 1277 601 785 601 1278 601 473 602 1276 602 1275 602 1280 603 471 603 1281 603 818 604 1282 604 820 604 1279 605 472 605 1280 605 471 606 1280 606 472 606 473 607 472 607 1276 607 1281 608 469 608 1262 608 1263 609 510 609 509 609 510 610 1264 610 1418 610 1264 611 510 611 1263 611 469 612 1456 612 1262 612 1456 613 469 613 468 613 473 614 1254 614 1253 614 1275 615 1254 615 473 615 1213 616 1225 616 1209 616 1090 617 1036 617 1091 617 1099 618 1100 618 1026 618 1100 619 1099 619 1098 619 1097 620 1098 620 1099 620 1098 621 1097 621 1096 621 1093 622 1096 622 1097 622 1096 623 1093 623 1092 623 1036 624 1095 624 1091 624 1094 625 1091 625 1095 625 1091 626 1094 626 1093 626 1092 627 1093 627 1094 627 1036 628 1090 628 1089 628 1087 629 1089 629 1090 629 1033 630 1109 630 1108 630 1109 631 1033 631 1111 631 1110 632 1111 632 1033 632 1106 633 1108 633 1109 633 1108 634 1106 634 1105 634 1014 635 1087 635 1088 635 1072 636 1069 636 1073 636 1069 637 1072 637 1071 637 1070 638 1071 638 1072 638 1067 639 1068 639 1069 639 1068 640 1067 640 1066 640 1089 641 1087 641 1014 641 1088 642 1086 642 1085 642 1086 643 1088 643 1087 643 1103 644 1107 644 1104 644 1082 645 1085 645 1086 645 1085 646 1082 646 1081 646 1079 647 1084 647 1080 647 1083 648 1080 648 1084 648 1080 649 1083 649 1082 649 1081 650 1082 650 1083 650 1078 651 1079 651 1080 651 1079 652 1078 652 1007 652 1123 653 1046 653 1124 653 1043 654 1111 654 1110 654 1129 655 1132 655 1131 655 1130 656 1131 656 1132 656 1126 657 1050 657 1129 657 1050 658 1126 658 1125 658 1046 659 1128 659 1124 659 1127 660 1124 660 1128 660 1124 661 1127 661 1126 661 1125 662 1126 662 1127 662 1111 663 1043 663 1112 663 1046 664 1123 664 1122 664 1121 665 1122 665 1123 665 1122 666 1121 666 1120 666 1140 667 1142 667 1141 667 1138 668 1140 668 1141 668 1140 669 1138 669 1137 669 1120 670 1121 670 1038 670 1030 671 1104 671 1107 671 1104 672 1030 672 1106 672 1105 673 1106 673 1030 673 1102 674 1103 674 1104 674 1103 675 1102 675 1101 675 1099 676 1101 676 1102 676 1101 677 1099 677 1026 677 1038 678 1119 678 1118 678 1119 679 1038 679 1121 679 1068 680 1073 680 1069 680 1115 681 1118 681 1119 681 1118 682 1115 682 1041 682 1113 683 1117 683 1114 683 1116 684 1114 684 1117 684 1114 685 1116 685 1115 685 1041 686 1115 686 1116 686 1112 687 1113 687 1114 687 1113 688 1112 688 1043 688 1051 689 1052 689 1137 689 1118 690 1039 690 1038 690 1037 691 1038 691 1039 691 1012 692 1036 692 1089 692 1036 693 1012 693 1094 693 1035 694 1094 694 1012 694 1094 695 1035 695 1092 695 1034 696 1092 696 1035 696 1092 697 1034 697 1096 697 1140 698 1053 698 1054 698 1053 699 1140 699 1052 699 1137 700 1052 700 1140 700 1039 701 1118 701 1040 701 1044 702 1125 702 1127 702 1125 703 1044 703 1050 703 1049 704 1050 704 1044 704 1050 705 1049 705 1132 705 1048 706 1132 706 1049 706 1037 707 1120 707 1038 707 1120 708 1037 708 1122 708 1047 709 1122 709 1037 709 1122 710 1047 710 1046 710 1045 711 1046 711 1047 711 1028 712 1105 712 1029 712 1026 713 1100 713 1027 713 1028 714 1108 714 1105 714 1108 715 1028 715 1033 715 1032 716 1033 716 1028 716 1033 717 1032 717 1110 717 1031 718 1110 718 1032 718 1024 719 1103 719 1101 719 1103 720 1024 720 1030 720 1029 721 1030 721 1024 721 1030 722 1029 722 1105 722 1046 723 1045 723 1127 723 1025 724 1026 724 1027 724 1026 725 1025 725 1101 725 1024 726 1101 726 1025 726 1031 727 1043 727 1110 727 1043 728 1031 728 1113 728 1042 729 1113 729 1031 729 1113 730 1042 730 1116 730 1040 731 1116 731 1042 731 1116 732 1040 732 1041 732 1118 733 1041 733 1040 733 1060 734 961 734 904 734 1065 735 1062 735 1061 735 1062 736 1065 736 1064 736 1023 737 1064 737 1065 737 1063 738 968 738 971 738 968 739 1063 739 891 739 1019 740 891 740 1063 740 891 741 1019 741 1062 741 1061 742 1062 742 1019 742 961 743 1060 743 960 743 1076 744 1007 744 1078 744 1007 745 1076 745 1075 745 1077 746 1074 746 1010 746 1074 747 1077 747 1076 747 1075 748 1076 748 1077 748 1071 749 1010 749 1074 749 1010 750 1071 750 1070 750 1048 751 1130 751 1132 751 1044 752 1127 752 1045 752 1196 753 960 753 1059 753 1058 754 1059 754 960 754 1059 755 1058 755 1057 755 1144 756 1057 756 1058 756 1057 757 1144 757 1053 757 1054 758 1053 758 1144 758 1135 759 1139 759 1136 759 1130 760 1048 760 1133 760 1056 761 1133 761 1048 761 1133 762 1056 762 1135 762 1051 763 1135 763 1056 763 1135 764 1051 764 1055 764 1137 765 1055 765 1051 765 1064 766 1066 766 1067 766 1066 767 1064 767 1023 767 1182 768 1181 768 1178 768 1186 769 1187 769 1188 769 1183 770 437 770 1184 770 1185 771 1184 771 437 771 466 772 1184 772 1185 772 1181 773 1180 773 1183 773 437 774 1183 774 1180 774 1179 775 1178 775 1181 775 1189 776 1188 776 1187 776 959 777 1193 777 1195 777 1195 778 1193 778 1192 778 1193 779 1194 779 1192 779 1187 780 1186 780 1194 780 1192 781 1194 781 1186 781 1177 782 450 782 1175 782 1169 783 503 783 475 783 1180 784 1181 784 1182 784 454 785 1179 785 1175 785 1178 786 1179 786 454 786 1176 787 1175 787 450 787 455 788 1175 788 1176 788 454 789 1175 789 455 789 1172 790 1171 790 1177 790 1190 791 1189 791 465 791 1188 792 1189 792 1190 792 1201 793 1208 793 1202 793 1200 794 1217 794 1204 794 1217 795 1200 795 1216 795 1216 796 1200 796 1215 796 1199 797 1215 797 1200 797 1214 798 1213 798 1212 798 1410 799 1212 799 1213 799 1393 800 1211 800 1411 800 1211 801 1393 801 1210 801 1209 802 1210 802 1393 802 1218 803 1401 803 1219 803 1208 804 1201 804 1207 804 1232 805 1396 805 1231 805 1230 806 1231 806 1396 806 1220 807 1229 807 1221 807 1229 808 1220 808 1228 808 1227 809 1228 809 1220 809 1209 810 1226 810 1222 810 1226 811 1209 811 1225 811 1414 812 1199 812 1200 812 1184 813 466 813 1191 813 465 814 1191 814 466 814 1191 815 465 815 1189 815 1206 816 1205 816 1204 816 1200 817 1204 817 1205 817 1409 818 1203 818 1198 818 1203 819 1409 819 1202 819 1201 820 1202 820 1409 820 503 821 1169 821 1170 821 1199 822 1414 822 1198 822 1409 823 1198 823 1414 823 960 824 1196 824 1197 824 1197 825 1196 825 959 825 1143 826 1144 826 904 826 1054 827 1144 827 1143 827 1141 828 1054 828 1143 828 1054 829 1141 829 1142 829 1155 830 1154 830 1156 830 1153 831 1154 831 1155 831 493 832 1151 832 1149 832 1152 833 1151 833 493 833 1058 834 904 834 1144 834 492 835 1151 835 1152 835 1151 836 492 836 1150 836 496 837 1150 837 492 837 493 838 1149 838 488 838 1147 839 488 839 1149 839 488 840 1147 840 1148 840 1132 841 1129 841 1050 841 1055 842 1136 842 1139 842 1136 843 1055 843 1138 843 1137 844 1138 844 1055 844 1134 845 1135 845 1136 845 1135 846 1134 846 1133 846 1131 847 1133 847 1134 847 1133 848 1131 848 1130 848 1161 849 1162 849 499 849 973 850 1148 850 1147 850 970 851 1146 851 971 851 973 852 1146 852 970 852 1145 853 1146 853 973 853 904 854 1058 854 1060 854 1165 855 1166 855 1167 855 1164 856 1163 856 500 856 1162 857 1161 857 1163 857 500 858 1163 858 1161 858 499 859 1162 859 1159 859 450 860 1177 860 1171 860 1168 861 1167 861 1166 861 1173 862 1174 862 448 862 1174 863 1173 863 1172 863 1171 864 1172 864 1173 864 1166 865 1165 865 1169 865 1170 866 1169 866 1165 866 1158 867 1157 867 1159 867 1160 868 1159 868 1157 868 499 869 1159 869 1160 869 1153 870 1158 870 1154 870 1157 871 1158 871 1153 871 833 872 848 872 847 872 1150 873 496 873 1154 873 1156 874 1154 874 496 874 1163 875 1164 875 1168 875 1167 876 1168 876 1164 876 639 877 739 877 705 877 706 878 705 878 739 878 738 879 581 879 707 879 703 880 549 880 702 880 549 881 703 881 710 881 734 882 732 882 731 882 732 883 734 883 736 883 734 884 735 884 736 884 738 885 707 885 709 885 737 886 734 886 708 886 709 887 708 887 734 887 721 888 715 888 743 888 720 889 715 889 721 889 727 890 701 890 728 890 700 891 728 891 701 891 717 892 743 892 715 892 742 893 746 893 744 893 713 894 740 894 747 894 703 895 702 895 745 895 704 896 740 896 741 896 740 897 704 897 706 897 742 898 745 898 702 898 727 899 725 899 701 899 725 900 727 900 723 900 742 901 719 901 745 901 719 902 742 902 718 902 744 903 718 903 742 903 718 904 744 904 717 904 743 905 717 905 744 905 717 906 716 906 718 906 698 907 697 907 608 907 696 908 608 908 697 908 668 909 608 909 696 909 697 910 698 910 699 910 715 911 716 911 717 911 711 912 713 912 714 912 620 913 689 913 621 913 608 914 668 914 609 914 669 915 609 915 668 915 620 916 642 916 689 916 609 917 642 917 620 917 669 918 642 918 609 918 655 919 621 919 689 919 621 920 655 920 578 920 728 921 730 921 729 921 703 922 733 922 710 922 726 923 728 923 729 923 735 924 734 924 737 924 707 925 708 925 709 925 704 926 705 926 706 926 728 927 726 927 727 927 723 928 727 928 726 928 723 929 724 929 725 929 720 930 721 930 722 930 712 931 719 931 716 931 718 932 716 932 719 932 733 933 703 933 732 933 731 934 732 934 703 934 1442 935 1443 935 1440 935 1440 936 1444 936 1270 936 1444 937 1440 937 1443 937 546 938 742 938 549 938 702 939 549 939 742 939 1443 940 1442 940 556 940 1441 941 556 941 1442 941 556 942 555 942 1443 942 1440 943 1435 943 1439 943 1435 944 1440 944 1271 944 1438 945 1439 945 1435 945 1439 946 1438 946 558 946 1437 947 1438 947 1436 947 1438 948 1437 948 560 948 560 949 558 949 1438 949 742 950 546 950 746 950 1270 951 1271 951 1440 951 1439 952 1442 952 1440 952 1442 953 1439 953 1441 953 558 954 1441 954 1439 954 739 955 748 955 706 955 747 956 706 956 748 956 706 957 747 957 740 957 738 958 751 958 581 958 640 959 581 959 751 959 751 960 641 960 640 960 641 961 751 961 750 961 749 962 750 962 751 962 750 963 749 963 714 963 546 964 547 964 700 964 537 965 700 965 547 965 700 966 537 966 728 966 728 967 537 967 730 967 538 968 730 968 537 968 711 969 714 969 749 969 748 970 739 970 641 970 748 971 750 971 747 971 714 972 747 972 750 972 747 973 714 973 713 973 750 974 748 974 641 974 721 975 724 975 722 975 724 976 721 976 725 976 743 977 725 977 721 977 725 978 743 978 701 978 744 979 701 979 743 979 701 980 744 980 700 980 746 981 700 981 744 981 700 982 746 982 546 982 749 983 709 983 711 983 703 984 745 984 731 984 719 985 731 985 745 985 731 986 719 986 734 986 712 987 734 987 719 987 711 988 734 988 712 988 734 989 711 989 709 989 709 990 749 990 738 990 751 991 738 991 749 991 652 992 653 992 654 992 648 993 649 993 650 993 645 994 644 994 643 994 660 995 661 995 662 995 661 996 660 996 659 996 659 997 647 997 658 997 1444 998 1423 998 1270 998 555 999 1446 999 1443 999 1445 1000 1443 1000 1446 1000 1443 1001 1445 1001 1444 1001 1423 1002 1444 1002 1445 1002 654 1003 653 1003 674 1003 670 1004 578 1004 655 1004 578 1005 670 1005 671 1005 672 1006 673 1006 674 1006 675 1007 674 1007 673 1007 667 1008 666 1008 657 1008 666 1009 667 1009 668 1009 669 1010 668 1010 667 1010 657 1011 666 1011 656 1011 665 1012 656 1012 666 1012 671 1013 670 1013 672 1013 673 1014 672 1014 670 1014 105 1015 104 1015 178 1015 568 1016 566 1016 1448 1016 1451 1017 1448 1017 566 1017 1448 1018 1451 1018 1447 1018 1450 1019 1447 1019 1451 1019 1447 1020 1450 1020 1422 1020 1449 1021 568 1021 1448 1021 566 1022 564 1022 1451 1022 1269 1023 1423 1023 1447 1023 1447 1024 1423 1024 1448 1024 1446 1025 571 1025 1445 1025 1422 1026 1269 1026 1447 1026 1448 1027 571 1027 1449 1027 571 1028 1448 1028 1445 1028 1445 1029 1448 1029 1423 1029 692 1030 691 1030 663 1030 690 1031 663 1031 691 1031 664 1032 663 1032 690 1032 695 1033 655 1033 689 1033 689 1034 642 1034 695 1034 692 1035 695 1035 642 1035 695 1036 692 1036 694 1036 663 1037 694 1037 692 1037 694 1038 663 1038 661 1038 643 1039 563 1039 565 1039 676 1040 645 1040 643 1040 661 1041 663 1041 662 1041 642 1042 693 1042 692 1042 691 1043 692 1043 693 1043 674 1044 675 1044 654 1044 688 1045 654 1045 675 1045 654 1046 688 1046 645 1046 644 1047 645 1047 688 1047 644 1048 686 1048 521 1048 521 1049 686 1049 522 1049 642 1050 669 1050 693 1050 675 1051 659 1051 688 1051 659 1052 675 1052 661 1052 673 1053 661 1053 675 1053 661 1054 673 1054 694 1054 670 1055 694 1055 673 1055 694 1056 670 1056 695 1056 644 1057 563 1057 643 1057 655 1058 695 1058 670 1058 693 1059 669 1059 691 1059 667 1060 691 1060 669 1060 691 1061 667 1061 690 1061 657 1062 690 1062 667 1062 690 1063 657 1063 664 1063 656 1064 664 1064 657 1064 681 1065 1819 1065 648 1065 651 1066 680 1066 679 1066 1819 1067 681 1067 682 1067 646 1068 678 1068 677 1068 646 1069 522 1069 686 1069 682 1070 685 1070 647 1070 685 1071 682 1071 684 1071 681 1072 684 1072 682 1072 684 1073 681 1073 650 1073 646 1074 677 1074 518 1074 648 1075 650 1075 681 1075 676 1076 565 1076 652 1076 643 1077 565 1077 676 1077 680 1078 646 1078 683 1078 658 1079 688 1079 659 1079 688 1080 658 1080 644 1080 687 1081 644 1081 658 1081 644 1082 687 1082 686 1082 683 1083 686 1083 687 1083 686 1084 683 1084 646 1084 651 1085 646 1085 680 1085 676 1086 654 1086 645 1086 654 1087 676 1087 652 1087 663 1088 664 1088 662 1088 656 1089 662 1089 664 1089 521 1090 562 1090 644 1090 563 1091 644 1091 562 1091 651 1092 678 1092 646 1092 518 1093 522 1093 646 1093 680 1094 649 1094 679 1094 649 1095 680 1095 650 1095 683 1096 650 1096 680 1096 650 1097 683 1097 684 1097 687 1098 684 1098 683 1098 684 1099 687 1099 685 1099 658 1100 685 1100 687 1100 685 1101 658 1101 647 1101 545 1102 1427 1102 1428 1102 1428 1103 1427 1103 1426 1103 1425 1104 1426 1104 1427 1104 1426 1105 1425 1105 1262 1105 1427 1106 551 1106 1425 1106 1274 1107 1262 1107 1425 1107 1381 1108 545 1108 1417 1108 1415 1109 1420 1109 1421 1109 1420 1110 1415 1110 1418 1110 1421 1111 1460 1111 516 1111 1417 1112 545 1112 468 1112 1460 1113 1421 1113 1420 1113 1417 1114 468 1114 1857 1114 1461 1115 1857 1115 468 1115 1272 1116 1430 1116 1431 1116 548 1117 511 1117 1430 1117 1431 1118 1430 1118 511 1118 1272 1119 1804 1119 1430 1119 1804 1120 1274 1120 1430 1120 1274 1121 1425 1121 1429 1121 551 1122 1429 1122 1425 1122 1429 1123 551 1123 550 1123 1430 1124 1429 1124 548 1124 550 1125 548 1125 1429 1125 1418 1126 1415 1126 1416 1126 1430 1127 1274 1127 1429 1127 823 1128 822 1128 784 1128 783 1129 784 1129 822 1129 817 1130 818 1130 821 1130 820 1131 821 1131 818 1131 819 1132 821 1132 820 1132 784 1133 819 1133 820 1133 828 1134 827 1134 826 1134 807 1135 806 1135 808 1135 786 1136 806 1136 807 1136 819 1137 784 1137 783 1137 816 1138 818 1138 817 1138 811 1139 816 1139 817 1139 811 1140 812 1140 816 1140 810 1141 815 1141 812 1141 829 1142 830 1142 831 1142 830 1143 829 1143 828 1143 843 1144 842 1144 840 1144 841 1145 840 1145 842 1145 839 1146 840 1146 841 1146 840 1147 839 1147 838 1147 837 1148 838 1148 839 1148 838 1149 837 1149 836 1149 788 1150 836 1150 837 1150 836 1151 788 1151 790 1151 833 1152 835 1152 834 1152 825 1153 826 1153 827 1153 826 1154 825 1154 824 1154 822 1155 824 1155 825 1155 824 1156 822 1156 823 1156 809 1157 808 1157 806 1157 985 1158 834 1158 835 1158 834 1159 985 1159 831 1159 834 1160 832 1160 833 1160 1856 1161 1416 1161 1415 1161 789 1162 793 1162 794 1162 793 1163 789 1163 788 1163 788 1164 787 1164 790 1164 787 1165 788 1165 789 1165 800 1166 799 1166 798 1166 804 1167 805 1167 786 1167 805 1168 804 1168 802 1168 28 1169 446 1169 134 1169 446 1170 28 1170 803 1170 801 1171 803 1171 28 1171 804 1172 803 1172 802 1172 801 1173 802 1173 803 1173 799 1174 800 1174 476 1174 809 1175 815 1175 810 1175 810 1176 812 1176 814 1176 814 1177 812 1177 813 1177 813 1178 812 1178 910 1178 811 1179 910 1179 812 1179 808 1180 809 1180 810 1180 1383 1181 476 1181 800 1181 2 1182 476 1182 1383 1182 798 1183 797 1183 796 1183 797 1184 798 1184 799 1184 792 1185 796 1185 797 1185 796 1186 792 1186 795 1186 791 1187 795 1187 792 1187 792 1188 793 1188 791 1188 794 1189 793 1189 792 1189 806 1190 786 1190 785 1190 786 1191 805 1191 785 1191 762 1192 769 1192 735 1192 672 1193 766 1193 671 1193 674 1194 763 1194 672 1194 769 1195 762 1195 770 1195 736 1196 735 1196 769 1196 735 1197 737 1197 762 1197 565 1198 567 1198 652 1198 653 1199 765 1199 674 1199 765 1200 653 1200 764 1200 652 1201 764 1201 653 1201 756 1202 753 1202 755 1202 755 1203 753 1203 757 1203 773 1204 757 1204 753 1204 757 1205 773 1205 758 1205 772 1206 758 1206 773 1206 554 1207 755 1207 757 1207 757 1208 570 1208 554 1208 758 1209 570 1209 757 1209 569 1210 570 1210 758 1210 754 1211 707 1211 581 1211 707 1212 754 1212 708 1212 767 1213 708 1213 754 1213 764 1214 772 1214 765 1214 771 1215 765 1215 772 1215 765 1216 771 1216 674 1216 763 1217 674 1217 771 1217 512 1218 710 1218 759 1218 759 1219 710 1219 733 1219 732 1220 761 1220 733 1220 760 1221 733 1221 761 1221 1432 1222 1433 1222 553 1222 1436 1223 553 1223 1437 1223 553 1224 1436 1224 1432 1224 754 1225 581 1225 780 1225 1432 1226 1435 1226 1424 1226 1435 1227 1432 1227 1436 1227 1271 1228 1424 1228 1435 1228 1435 1229 1436 1229 1438 1229 736 1230 761 1230 732 1230 755 1231 554 1231 756 1231 1424 1232 1272 1232 1432 1232 1272 1233 1424 1233 1273 1233 1434 1234 553 1234 1433 1234 1433 1235 511 1235 1434 1235 511 1236 1433 1236 1431 1236 1432 1237 1431 1237 1433 1237 1431 1238 1432 1238 1272 1238 766 1239 780 1239 671 1239 753 1240 756 1240 752 1240 781 1241 767 1241 779 1241 754 1242 779 1242 767 1242 779 1243 754 1243 780 1243 578 1244 671 1244 780 1244 763 1245 752 1245 672 1245 752 1246 763 1246 753 1246 752 1247 766 1247 672 1247 771 1248 753 1248 763 1248 753 1249 771 1249 782 1249 772 1250 782 1250 771 1250 652 1251 567 1251 764 1251 772 1252 764 1252 567 1252 760 1253 759 1253 733 1253 756 1254 766 1254 752 1254 775 1255 759 1255 760 1255 759 1256 775 1256 561 1256 561 1257 775 1257 776 1257 777 1258 559 1258 776 1258 559 1259 777 1259 778 1259 772 1260 773 1260 782 1260 753 1261 782 1261 773 1261 557 1262 756 1262 554 1262 768 1263 762 1263 737 1263 762 1264 768 1264 781 1264 767 1265 781 1265 768 1265 780 1266 756 1266 557 1266 766 1267 756 1267 780 1267 561 1268 776 1268 559 1268 557 1269 559 1269 778 1269 512 1270 759 1270 552 1270 561 1271 552 1271 759 1271 569 1272 772 1272 567 1272 772 1273 569 1273 758 1273 779 1274 557 1274 778 1274 777 1275 776 1275 774 1275 775 1276 774 1276 776 1276 761 1277 775 1277 760 1277 775 1278 761 1278 774 1278 736 1279 774 1279 761 1279 774 1280 736 1280 769 1280 767 1281 768 1281 708 1281 737 1282 708 1282 768 1282 774 1283 769 1283 777 1283 770 1284 777 1284 769 1284 557 1285 779 1285 780 1285 770 1286 781 1286 779 1286 770 1287 778 1287 777 1287 778 1288 770 1288 779 1288 762 1289 781 1289 770 1289 1116 1290 1117 1290 1113 1290 1100 1291 1098 1291 1096 1291 960 1292 1060 1292 1058 1292 1054 1293 1142 1293 1140 1293 1127 1294 1128 1294 1046 1294 1055 1295 1139 1295 1135 1295 1019 1296 1063 1296 971 1296 1072 1297 1073 1297 1068 1297 1094 1298 1095 1298 1036 1298 1030 1299 1107 1299 1103 1299 1083 1300 1084 1300 1079 1300 1167 1301 1164 1301 500 1301 500 1302 502 1302 1167 1302 499 1303 498 1303 1161 1303 499 1304 1160 1304 1157 1304 1167 1305 505 1305 1170 1305 108 1306 110 1306 111 1306 110 1307 108 1307 109 1307 109 1308 108 1308 107 1308 106 1309 107 1309 108 1309 104 1310 105 1310 106 1310 488 1311 487 1311 493 1311 1156 1312 494 1312 1153 1312 492 1313 1152 1313 493 1313 488 1314 1148 1314 973 1314 973 1315 490 1315 488 1315 455 1316 1176 1316 450 1316 454 1317 453 1317 1178 1317 465 1318 463 1318 1190 1318 1182 1319 1178 1319 1180 1319 466 1320 1185 1320 437 1320 448 1321 447 1321 1173 1321 1173 1322 452 1322 450 1322 1186 1323 435 1323 1192 1323 1192 1324 467 1324 959 1324 959 1325 1195 1325 1192 1325 1359 1326 1323 1326 1358 1326 1353 1327 1330 1327 1352 1327 1317 1328 1352 1328 1330 1328 1352 1329 1317 1329 1351 1329 1316 1330 1351 1330 1317 1330 1351 1331 1316 1331 1350 1331 1329 1332 1350 1332 1316 1332 1358 1333 1323 1333 1357 1333 1322 1334 1357 1334 1323 1334 1321 1335 1357 1335 1322 1335 1357 1336 1321 1336 1356 1336 1356 1337 1321 1337 1355 1337 1320 1338 1355 1338 1321 1338 1306 1339 1343 1339 1327 1339 1314 1340 1349 1340 1329 1340 1349 1341 1314 1341 1348 1341 1313 1342 1348 1342 1314 1342 1319 1343 1355 1343 1320 1343 1348 1344 1313 1344 1347 1344 1312 1345 1347 1345 1313 1345 1328 1346 1347 1346 1312 1346 1354 1347 1318 1347 1353 1347 1330 1348 1353 1348 1318 1348 1333 1349 1279 1349 1334 1349 1279 1350 1333 1350 1332 1350 1340 1351 1360 1351 1341 1351 1355 1352 1319 1352 1354 1352 1318 1353 1354 1353 1319 1353 1256 1354 1254 1354 1331 1354 1254 1355 1256 1355 1255 1355 1261 1356 1359 1356 1259 1356 1323 1357 1359 1357 1261 1357 1335 1358 1297 1358 1334 1358 1296 1359 1334 1359 1297 1359 1334 1360 1296 1360 1333 1360 1295 1361 1333 1361 1296 1361 1325 1362 1333 1362 1295 1362 1333 1363 1325 1363 1332 1363 1324 1364 1332 1364 1325 1364 1332 1365 1324 1365 1331 1365 1294 1366 1331 1366 1324 1366 837 1367 1330 1367 1288 1367 1318 1368 1288 1368 1330 1368 1301 1369 1339 1369 1302 1369 1331 1370 1294 1370 1256 1370 1258 1371 1256 1371 1294 1371 1256 1372 1258 1372 1255 1372 1257 1373 1255 1373 1258 1373 1310 1374 1346 1374 1311 1374 1304 1375 1341 1375 1326 1375 1341 1376 1304 1376 1340 1376 1303 1377 1340 1377 1304 1377 1340 1378 1303 1378 1339 1378 1302 1379 1339 1379 1303 1379 1311 1380 1346 1380 1328 1380 1346 1381 1310 1381 1345 1381 1309 1382 1345 1382 1310 1382 1345 1383 1309 1383 1344 1383 1308 1384 1344 1384 1309 1384 1344 1385 1308 1385 1327 1385 1339 1386 1301 1386 1338 1386 1300 1387 1338 1387 1301 1387 1338 1388 1300 1388 1337 1388 1299 1389 1337 1389 1300 1389 1337 1390 1299 1390 1336 1390 1298 1391 1336 1391 1299 1391 1336 1392 1298 1392 1335 1392 1297 1393 1335 1393 1298 1393 1305 1394 1343 1394 1306 1394 1343 1395 1305 1395 1342 1395 1326 1396 1342 1396 1305 1396 1342 1397 1326 1397 1341 1397 1341 1398 1272 1398 1342 1398 1335 1399 1281 1399 1336 1399 1281 1400 1335 1400 1280 1400 1334 1401 1280 1401 1335 1401 1273 1402 1342 1402 1272 1402 1336 1403 1281 1403 1337 1403 1360 1404 1272 1404 1341 1404 1272 1405 1360 1405 1804 1405 1340 1406 1804 1406 1360 1406 1339 1407 1274 1407 1340 1407 1275 1408 1331 1408 1254 1408 1332 1409 1276 1409 1279 1409 1276 1410 1332 1410 1275 1410 1331 1411 1275 1411 1332 1411 1338 1412 1262 1412 1274 1412 1337 1413 1262 1413 1338 1413 1262 1414 1337 1414 1281 1414 1287 1415 1353 1415 1266 1415 1348 1416 1422 1416 1349 1416 1422 1417 1348 1417 1269 1417 1347 1418 1269 1418 1348 1418 1346 1419 1423 1419 1347 1419 1346 1420 1270 1420 1423 1420 1362 1421 1270 1421 1346 1421 1352 1422 1266 1422 1353 1422 1266 1423 1352 1423 1265 1423 1351 1424 1265 1424 1352 1424 1350 1425 1265 1425 1351 1425 1350 1426 1267 1426 1265 1426 1338 1427 1274 1427 1339 1427 1345 1428 1270 1428 1362 1428 1344 1429 1271 1429 1345 1429 1361 1430 1271 1430 1344 1430 1343 1431 1424 1431 1361 1431 1343 1432 1273 1432 1424 1432 1342 1433 1273 1433 1343 1433 1349 1434 1422 1434 1268 1434 1328 1435 1346 1435 1347 1435 1345 1436 1362 1436 1346 1436 1327 1437 1361 1437 1344 1437 1361 1438 1327 1438 1343 1438 1255 1439 1253 1439 1254 1439 1280 1440 1334 1440 1279 1440 1356 1441 1355 1441 1289 1441 1329 1442 1268 1442 1350 1442 1349 1443 1268 1443 1329 1443 1289 1444 1355 1444 1290 1444 1354 1445 1290 1445 1355 1445 1290 1446 1354 1446 1287 1446 1353 1447 1287 1447 1354 1447 796 1448 1293 1448 798 1448 509 1449 507 1449 1291 1449 1291 1450 507 1450 1292 1450 805 1451 1294 1451 1278 1451 1294 1452 805 1452 1258 1452 1303 1453 1283 1453 1302 1453 820 1454 1302 1454 1283 1454 1302 1455 820 1455 1301 1455 1282 1456 1301 1456 820 1456 1295 1457 806 1457 1277 1457 1301 1458 1282 1458 1300 1458 818 1459 1300 1459 1282 1459 816 1460 1300 1460 818 1460 1300 1461 816 1461 1299 1461 1299 1462 816 1462 1298 1462 812 1463 1298 1463 816 1463 802 1464 1258 1464 805 1464 801 1465 1258 1465 802 1465 1260 1466 1383 1466 800 1466 815 1467 1298 1467 812 1467 1298 1468 815 1468 1297 1468 1297 1469 815 1469 1296 1469 809 1470 1296 1470 815 1470 1296 1471 809 1471 1295 1471 806 1472 1295 1472 809 1472 824 1473 823 1473 1284 1473 469 1474 1281 1474 471 1474 1285 1475 784 1475 1283 1475 784 1476 1285 1476 823 1476 1284 1477 823 1477 1285 1477 1283 1478 784 1478 820 1478 831 1479 1286 1479 834 1479 1266 1480 509 1480 1287 1480 509 1481 1266 1481 1263 1481 1263 1482 1266 1482 1265 1482 509 1483 1290 1483 1287 1483 1291 1484 1290 1484 509 1484 1290 1485 1291 1485 1289 1485 1286 1486 831 1486 830 1486 826 1487 1307 1487 828 1487 788 1488 1288 1488 793 1488 1326 1489 1284 1489 1304 1489 1307 1490 1327 1490 1308 1490 1315 1491 1329 1491 1316 1491 1330 1492 837 1492 1317 1492 1329 1493 1315 1493 1314 1493 1327 1494 1307 1494 1306 1494 1284 1495 1326 1495 1305 1495 832 1496 1328 1496 1312 1496 1328 1497 832 1497 1311 1497 1310 1498 1286 1498 1309 1498 830 1499 1309 1499 1286 1499 1309 1500 830 1500 1308 1500 828 1501 1308 1501 830 1501 1308 1502 828 1502 1307 1502 841 1503 1316 1503 839 1503 1316 1504 841 1504 1315 1504 1286 1505 1310 1505 834 1505 842 1506 1315 1506 841 1506 1315 1507 842 1507 1314 1507 845 1508 1314 1508 842 1508 846 1509 1314 1509 845 1509 1314 1510 846 1510 1313 1510 848 1511 1313 1511 846 1511 1284 1512 1285 1512 1304 1512 1307 1513 826 1513 1306 1513 1306 1514 826 1514 1305 1514 824 1515 1305 1515 826 1515 1305 1516 824 1516 1284 1516 1313 1517 848 1517 1312 1517 1304 1518 1285 1518 1303 1518 1283 1519 1303 1519 1285 1519 1312 1520 848 1520 832 1520 832 1521 834 1521 1311 1521 1311 1522 834 1522 1310 1522 791 1523 1319 1523 795 1523 1293 1524 1323 1524 798 1524 1323 1525 1293 1525 1322 1525 1322 1526 1293 1526 1321 1526 796 1527 1321 1527 1293 1527 795 1528 1321 1528 796 1528 1321 1529 795 1529 1320 1529 1320 1530 795 1530 1319 1530 1277 1531 1325 1531 1295 1531 1325 1532 1277 1532 1324 1532 1278 1533 1324 1533 1277 1533 1324 1534 1278 1534 1294 1534 788 1535 837 1535 1288 1535 1319 1536 791 1536 1318 1536 793 1537 1318 1537 791 1537 1318 1538 793 1538 1288 1538 839 1539 1317 1539 837 1539 1317 1540 839 1540 1316 1540 800 1541 1261 1541 1260 1541 1261 1542 800 1542 1323 1542 798 1543 1323 1543 800 1543 1170 1544 504 1544 503 1544 381 1545 634 1545 1365 1545 1761 1546 634 1546 1368 1546 634 1547 1761 1547 1367 1547 381 1548 380 1548 634 1548 599 1549 1368 1549 634 1549 1366 1550 634 1550 1367 1550 634 1551 1366 1551 1365 1551 1364 1552 1365 1552 1366 1552 420 1553 1373 1553 572 1553 1373 1554 420 1554 1372 1554 1754 1555 1372 1555 420 1555 1369 1556 1370 1556 1371 1556 1370 1557 1369 1557 420 1557 1754 1558 420 1558 1369 1558 1197 1559 959 1559 957 1559 1205 1560 1386 1560 1200 1560 1389 1561 1213 1561 1390 1561 1404 1562 1403 1562 1238 1562 1402 1563 1238 1563 1403 1563 1388 1564 1384 1564 1205 1564 1387 1565 1205 1565 1384 1565 1386 1566 1205 1566 1387 1566 1209 1567 1390 1567 1213 1567 1385 1568 1200 1568 1386 1568 1414 1569 1200 1569 1385 1569 1385 1570 415 1570 1414 1570 1409 1571 1414 1571 415 1571 1396 1572 1395 1572 1230 1572 1394 1573 1230 1573 1395 1573 1399 1574 1220 1574 1400 1574 1398 1575 1220 1575 1399 1575 1220 1576 1398 1576 1227 1576 1397 1577 1227 1577 1398 1577 1396 1578 1227 1578 1397 1578 1411 1579 1230 1579 1394 1579 1393 1580 1392 1580 1209 1580 1391 1581 1209 1581 1392 1581 1390 1582 1209 1582 1391 1582 1394 1583 380 1583 1411 1583 1393 1584 1411 1584 380 1584 1405 1585 406 1585 1413 1585 403 1586 1413 1586 406 1586 1413 1587 403 1587 1412 1587 1404 1588 1412 1588 403 1588 1401 1589 1400 1589 1220 1589 1410 1590 1213 1590 1389 1590 1359 1591 1363 1591 1259 1591 1363 1592 1359 1592 1292 1592 1358 1593 1292 1593 1359 1593 1357 1594 1292 1594 1358 1594 1268 1595 1267 1595 1350 1595 1292 1596 1357 1596 1291 1596 1356 1597 1291 1597 1357 1597 1291 1598 1356 1598 1289 1598 1409 1599 1408 1599 1201 1599 1407 1600 1201 1600 1408 1600 1406 1601 1201 1601 1407 1601 1201 1602 1406 1602 1239 1602 1405 1603 1239 1603 1406 1603 1413 1604 1239 1604 1405 1604 1401 1605 1238 1605 1402 1605 1363 1606 507 1606 144 1606 507 1607 1363 1607 1292 1607 425 1608 423 1608 1388 1608 1384 1609 1388 1609 423 1609 423 1610 422 1610 1384 1610 421 1611 1384 1611 422 1611 1401 1612 393 1612 1400 1612 403 1613 400 1613 1404 1613 397 1614 1404 1614 400 1614 1404 1615 397 1615 1403 1615 399 1616 1403 1616 397 1616 1389 1617 425 1617 1410 1617 1388 1618 1410 1618 425 1618 391 1619 1400 1619 393 1619 1400 1620 391 1620 1399 1620 388 1621 1399 1621 391 1621 1399 1622 388 1622 1398 1622 390 1623 1398 1623 388 1623 1398 1624 390 1624 1397 1624 386 1625 1397 1625 390 1625 1397 1626 386 1626 1396 1626 383 1627 1396 1627 386 1627 1396 1628 383 1628 1395 1628 382 1629 1395 1629 383 1629 415 1630 413 1630 1409 1630 411 1631 1409 1631 413 1631 1407 1632 407 1632 1406 1632 404 1633 1406 1633 407 1633 1406 1634 404 1634 1405 1634 406 1635 1405 1635 404 1635 1395 1636 382 1636 1394 1636 1387 1637 419 1637 1386 1637 416 1638 1386 1638 419 1638 1386 1639 416 1639 1385 1639 415 1640 1385 1640 416 1640 419 1641 1387 1641 421 1641 380 1642 1394 1642 382 1642 1391 1643 427 1643 1390 1643 1409 1644 411 1644 1408 1644 409 1645 1408 1645 411 1645 1408 1646 409 1646 1407 1646 407 1647 1407 1647 409 1647 380 1648 434 1648 1393 1648 432 1649 1393 1649 434 1649 1393 1650 432 1650 1392 1650 430 1651 1392 1651 432 1651 1392 1652 430 1652 1391 1652 427 1653 1391 1653 430 1653 429 1654 1390 1654 427 1654 1390 1655 429 1655 1389 1655 425 1656 1389 1656 429 1656 1403 1657 399 1657 1402 1657 395 1658 1402 1658 399 1658 1402 1659 395 1659 1401 1659 393 1660 1401 1660 395 1660 1384 1661 421 1661 1387 1661 316 1662 321 1662 318 1662 322 1663 318 1663 321 1663 229 1664 331 1664 230 1664 336 1665 333 1665 339 1665 333 1666 336 1666 335 1666 326 1667 230 1667 331 1667 230 1668 326 1668 232 1668 289 1669 241 1669 290 1669 296 1670 302 1670 300 1670 295 1671 301 1671 296 1671 301 1672 304 1672 296 1672 305 1673 296 1673 304 1673 241 1674 289 1674 288 1674 287 1675 298 1675 288 1675 296 1676 305 1676 302 1676 306 1677 302 1677 305 1677 339 1678 333 1678 334 1678 304 1679 312 1679 309 1679 310 1680 308 1680 309 1680 218 1681 251 1681 253 1681 251 1682 218 1682 219 1682 262 1683 261 1683 267 1683 256 1684 253 1684 251 1684 253 1685 256 1685 248 1685 248 1686 256 1686 258 1686 293 1687 287 1687 286 1687 287 1688 293 1688 298 1688 292 1689 298 1689 293 1689 298 1690 292 1690 295 1690 280 1691 272 1691 270 1691 279 1692 272 1692 280 1692 272 1693 279 1693 244 1693 244 1694 279 1694 245 1694 281 1695 245 1695 279 1695 245 1696 281 1696 283 1696 261 1697 262 1697 258 1697 342 1698 348 1698 343 1698 348 1699 352 1699 225 1699 227 1700 340 1700 228 1700 339 1701 228 1701 340 1701 228 1702 339 1702 345 1702 338 1703 345 1703 339 1703 220 1704 358 1704 357 1704 358 1705 220 1705 353 1705 224 1706 349 1706 225 1706 343 1707 349 1707 347 1707 355 1708 354 1708 220 1708 353 1709 220 1709 354 1709 351 1710 169 1710 356 1710 355 1711 226 1711 352 1711 225 1712 352 1712 226 1712 220 1713 221 1713 355 1713 223 1714 355 1714 221 1714 351 1715 352 1715 167 1715 348 1716 167 1716 352 1716 223 1717 224 1717 226 1717 224 1718 223 1718 222 1718 352 1719 351 1719 356 1719 221 1720 220 1720 357 1720 355 1721 223 1721 226 1721 342 1722 167 1722 348 1722 167 1723 342 1723 350 1723 343 1724 347 1724 346 1724 228 1725 344 1725 346 1725 343 1726 346 1726 344 1726 344 1727 342 1727 343 1727 167 1728 350 1728 162 1728 169 1729 351 1729 167 1729 225 1730 343 1730 348 1730 343 1731 225 1731 349 1731 263 1732 266 1732 265 1732 283 1733 287 1733 284 1733 242 1734 274 1734 243 1734 271 1735 243 1735 274 1735 243 1736 271 1736 244 1736 250 1737 249 1737 217 1737 249 1738 250 1738 253 1738 218 1739 253 1739 250 1739 356 1740 169 1740 359 1740 258 1741 262 1741 264 1741 260 1742 259 1742 264 1742 252 1743 249 1743 253 1743 283 1744 286 1744 287 1744 252 1745 247 1745 246 1745 247 1746 252 1746 248 1746 113 1747 227 1747 115 1747 122 1748 222 1748 124 1748 222 1749 122 1749 224 1749 128 1750 357 1750 103 1750 224 1751 122 1751 349 1751 120 1752 349 1752 122 1752 347 1753 115 1753 227 1753 115 1754 347 1754 117 1754 349 1755 120 1755 347 1755 107 1756 229 1756 109 1756 335 1757 109 1757 229 1757 124 1758 221 1758 126 1758 144 1759 145 1759 153 1759 146 1760 153 1760 145 1760 147 1761 148 1761 149 1761 141 1762 150 1762 151 1762 150 1763 141 1763 140 1763 152 1764 140 1764 141 1764 221 1765 124 1765 222 1765 357 1766 126 1766 221 1766 126 1767 357 1767 128 1767 357 1768 28 1768 134 1768 134 1769 103 1769 357 1769 211 1770 242 1770 212 1770 285 1771 212 1771 242 1771 212 1772 285 1772 213 1772 278 1773 201 1773 266 1773 201 1774 278 1774 203 1774 210 1775 242 1775 211 1775 203 1776 278 1776 209 1776 275 1777 209 1777 278 1777 274 1778 209 1778 275 1778 209 1779 274 1779 206 1779 290 1780 360 1780 289 1780 109 1781 335 1781 110 1781 336 1782 110 1782 335 1782 340 1783 110 1783 336 1783 110 1784 340 1784 113 1784 227 1785 113 1785 340 1785 289 1786 213 1786 285 1786 213 1787 289 1787 360 1787 107 1788 106 1788 229 1788 105 1789 229 1789 106 1789 229 1790 105 1790 331 1790 206 1791 274 1791 210 1791 242 1792 210 1792 274 1792 360 1793 372 1793 178 1793 119 1794 122 1794 121 1794 118 1795 117 1795 119 1795 120 1796 119 1796 117 1796 372 1797 360 1797 361 1797 121 1798 122 1798 123 1798 178 1799 372 1799 370 1799 369 1800 370 1800 372 1800 371 1801 369 1801 372 1801 371 1802 373 1802 379 1802 124 1803 123 1803 122 1803 126 1804 125 1804 124 1804 127 1805 125 1805 126 1805 128 1806 132 1806 126 1806 129 1807 126 1807 132 1807 126 1808 129 1808 127 1808 130 1809 131 1809 103 1809 132 1810 103 1810 131 1810 103 1811 132 1811 128 1811 111 1812 110 1812 112 1812 113 1813 112 1813 110 1813 112 1814 113 1814 114 1814 114 1815 113 1815 115 1815 117 1816 116 1816 115 1816 116 1817 117 1817 118 1817 367 1818 379 1818 373 1818 374 1819 366 1819 373 1819 373 1820 366 1820 367 1820 364 1821 365 1821 373 1821 374 1822 373 1822 365 1822 375 1823 376 1823 373 1823 377 1824 373 1824 376 1824 364 1825 373 1825 377 1825 361 1826 378 1826 372 1826 375 1827 372 1827 378 1827 372 1828 373 1828 371 1828 120 1829 117 1829 347 1829 135 1830 25 1830 26 1830 155 1831 138 1831 139 1831 2 1832 1383 1832 190 1832 217 1833 190 1833 1383 1833 133 1834 41 1834 40 1834 130 1835 103 1835 133 1835 41 1836 133 1836 103 1836 119 1837 120 1837 122 1837 260 1838 199 1838 259 1838 134 1839 41 1839 103 1839 341 1840 345 1840 338 1840 354 1841 359 1841 353 1841 359 1842 354 1842 356 1842 355 1843 356 1843 354 1843 356 1844 355 1844 352 1844 345 1845 341 1845 344 1845 342 1846 344 1846 341 1846 233 1847 232 1847 332 1847 219 1848 0 1848 153 1848 144 1849 153 1849 0 1849 39 1850 28 1850 357 1850 217 1851 1383 1851 8 1851 9 1852 217 1852 8 1852 9 1853 250 1853 217 1853 250 1854 9 1854 218 1854 1 1855 218 1855 9 1855 240 1856 319 1856 317 1856 286 1857 283 1857 281 1857 323 1858 317 1858 319 1858 317 1859 323 1859 320 1859 324 1860 320 1860 323 1860 320 1861 324 1861 328 1861 327 1862 328 1862 324 1862 332 1863 232 1863 327 1863 331 1864 105 1864 330 1864 178 1865 330 1865 105 1865 330 1866 178 1866 329 1866 190 1867 217 1867 216 1867 367 1868 318 1868 368 1868 368 1869 318 1869 379 1869 379 1870 318 1870 369 1870 322 1871 369 1871 318 1871 369 1872 322 1872 370 1872 234 1873 370 1873 322 1873 370 1874 234 1874 178 1874 365 1875 308 1875 374 1875 310 1876 374 1876 308 1876 246 1877 215 1877 249 1877 199 1878 260 1878 198 1878 265 1879 198 1879 260 1879 198 1880 265 1880 200 1880 266 1881 200 1881 265 1881 200 1882 266 1882 214 1882 214 1883 266 1883 201 1883 249 1884 216 1884 217 1884 216 1885 249 1885 215 1885 215 1886 246 1886 197 1886 255 1887 197 1887 246 1887 197 1888 255 1888 199 1888 259 1889 199 1889 255 1889 329 1890 178 1890 234 1890 241 1891 299 1891 361 1891 361 1892 299 1892 378 1892 300 1893 378 1893 299 1893 378 1894 300 1894 376 1894 376 1895 300 1895 362 1895 353 1896 23 1896 358 1896 39 1897 358 1897 23 1897 358 1898 39 1898 357 1898 24 1899 169 1899 26 1899 169 1900 24 1900 359 1900 23 1901 359 1901 24 1901 359 1902 23 1902 353 1902 218 1903 1 1903 219 1903 0 1904 219 1904 1 1904 302 1905 377 1905 300 1905 236 1906 374 1906 310 1906 374 1907 236 1907 366 1907 236 1908 314 1908 366 1908 366 1909 314 1909 367 1909 318 1910 367 1910 314 1910 362 1911 300 1911 377 1911 377 1912 302 1912 363 1912 306 1913 363 1913 302 1913 363 1914 306 1914 364 1914 308 1915 364 1915 306 1915 364 1916 308 1916 365 1916 360 1917 290 1917 361 1917 241 1918 361 1918 290 1918 222 1919 223 1919 221 1919 190 1920 191 1920 3 1920 224 1921 225 1921 226 1921 229 1922 230 1922 231 1922 216 1923 195 1923 190 1923 187 1924 196 1924 197 1924 197 1925 196 1925 193 1925 246 1926 249 1926 252 1926 247 1927 248 1927 254 1927 253 1928 248 1928 252 1928 230 1929 232 1929 233 1929 236 1930 237 1930 238 1930 237 1931 239 1931 240 1931 243 1932 244 1932 245 1932 180 1933 206 1933 210 1933 205 1934 209 1934 183 1934 206 1935 183 1935 209 1935 183 1936 206 1936 207 1936 204 1937 203 1937 208 1937 209 1938 208 1938 203 1938 208 1939 209 1939 205 1939 207 1940 206 1940 180 1940 179 1941 213 1941 360 1941 188 1942 187 1942 197 1942 198 1943 189 1943 199 1943 199 1944 189 1944 188 1944 200 1945 189 1945 198 1945 201 1946 182 1946 200 1946 202 1947 200 1947 182 1947 200 1948 214 1948 201 1948 215 1949 193 1949 216 1949 195 1950 216 1950 193 1950 197 1951 199 1951 188 1951 193 1952 215 1952 197 1952 210 1953 211 1953 181 1953 181 1954 211 1954 212 1954 181 1955 212 1955 179 1955 213 1956 179 1956 212 1956 266 1957 263 1957 273 1957 138 1958 155 1958 257 1958 155 1959 269 1959 261 1959 267 1960 261 1960 269 1960 267 1961 269 1961 270 1961 256 1962 138 1962 257 1962 262 1963 267 1963 263 1963 264 1964 263 1964 260 1964 265 1965 260 1965 263 1965 277 1966 278 1966 273 1966 266 1967 273 1967 278 1967 268 1968 269 1968 155 1968 155 1969 170 1969 268 1969 244 1970 271 1970 272 1970 272 1971 273 1971 270 1971 155 1972 261 1972 257 1972 153 1973 138 1973 256 1973 153 1974 256 1974 251 1974 153 1975 251 1975 219 1975 256 1976 257 1976 258 1976 263 1977 264 1977 262 1977 264 1978 259 1978 254 1978 261 1979 258 1979 257 1979 203 1980 204 1980 201 1980 258 1981 254 1981 248 1981 254 1982 258 1982 264 1982 246 1983 247 1983 255 1983 254 1984 255 1984 247 1984 259 1985 255 1985 254 1985 176 1986 169 1986 168 1986 168 1987 167 1987 175 1987 171 1988 170 1988 156 1988 162 1989 175 1989 167 1989 175 1990 162 1990 163 1990 135 1991 169 1991 177 1991 26 1992 169 1992 135 1992 136 1993 172 1993 174 1993 172 1994 136 1994 166 1994 173 1995 174 1995 143 1995 76 1996 104 1996 106 1996 80 1997 108 1997 82 1997 82 1998 108 1998 111 1998 70 1999 87 1999 360 1999 89 2000 360 2000 87 2000 111 2001 112 2001 82 2001 106 2002 78 2002 76 2002 104 2003 74 2003 178 2003 74 2004 104 2004 76 2004 163 2005 162 2005 173 2005 74 2006 71 2006 178 2006 143 2007 174 2007 172 2007 177 2008 169 2008 176 2008 137 2009 136 2009 161 2009 154 2010 153 2010 146 2010 164 2011 153 2011 154 2011 153 2012 164 2012 138 2012 167 2013 168 2013 169 2013 156 2014 155 2014 165 2014 173 2015 162 2015 174 2015 139 2016 138 2016 164 2016 165 2017 155 2017 139 2017 158 2018 147 2018 170 2018 170 2019 171 2019 158 2019 78 2020 108 2020 80 2020 161 2021 136 2021 142 2021 148 2022 147 2022 157 2022 160 2023 150 2023 159 2023 149 2024 159 2024 150 2024 166 2025 136 2025 137 2025 48 2026 187 2026 188 2026 159 2027 149 2027 148 2027 151 2028 150 2028 160 2028 136 2029 140 2029 142 2029 142 2030 140 2030 152 2030 184 2031 21 2031 3 2031 187 2032 48 2032 186 2032 188 2033 189 2033 48 2033 48 2034 189 2034 98 2034 202 2035 98 2035 189 2035 182 2036 98 2036 202 2036 183 2037 94 2037 205 2037 94 2038 183 2038 180 2038 65 2039 184 2039 62 2039 194 2040 47 2040 185 2040 190 2041 184 2041 191 2041 184 2042 190 2042 192 2042 193 2043 194 2043 195 2043 194 2044 185 2044 195 2044 185 2045 190 2045 195 2045 190 2046 185 2046 192 2046 47 2047 194 2047 48 2047 196 2048 186 2048 193 2048 3 2049 2 2049 190 2049 170 2050 155 2050 156 2050 158 2051 157 2051 147 2051 94 2052 180 2052 93 2052 210 2053 93 2053 180 2053 181 2054 93 2054 210 2054 93 2055 181 2055 90 2055 90 2056 181 2056 179 2056 114 2057 82 2057 112 2057 82 2058 114 2058 84 2058 116 2059 84 2059 114 2059 84 2060 116 2060 66 2060 90 2061 179 2061 89 2061 360 2062 89 2062 179 2062 130 2063 40 2063 42 2063 129 2064 132 2064 59 2064 59 2065 132 2065 130 2065 42 2066 55 2066 130 2066 178 2067 71 2067 360 2067 70 2068 360 2068 71 2068 108 2069 78 2069 106 2069 116 2070 118 2070 66 2070 186 2071 48 2071 194 2071 185 2072 47 2072 184 2072 184 2073 47 2073 62 2073 64 2074 184 2074 65 2074 64 2075 21 2075 184 2075 119 2076 121 2076 66 2076 123 2077 66 2077 121 2077 66 2078 123 2078 125 2078 278 2079 277 2079 275 2079 119 2080 66 2080 118 2080 98 2081 182 2081 96 2081 204 2082 96 2082 182 2082 205 2083 96 2083 204 2083 96 2084 205 2084 94 2084 129 2085 59 2085 125 2085 66 2086 125 2086 59 2086 55 2087 57 2087 130 2087 59 2088 130 2088 57 2088 136 2089 319 2089 315 2089 235 2090 232 2090 326 2090 234 2091 320 2091 235 2091 234 2092 321 2092 320 2092 322 2093 321 2093 234 2093 332 2094 327 2094 325 2094 232 2095 235 2095 327 2095 327 2096 235 2096 328 2096 320 2097 328 2097 235 2097 234 2098 235 2098 329 2098 330 2099 329 2099 235 2099 330 2100 326 2100 331 2100 136 2101 324 2101 319 2101 323 2102 319 2102 324 2102 319 2103 240 2103 315 2103 238 2104 240 2104 316 2104 317 2105 316 2105 240 2105 236 2106 238 2106 314 2106 136 2107 315 2107 140 2107 239 2108 315 2108 240 2108 315 2109 239 2109 313 2109 311 2110 309 2110 312 2110 304 2111 313 2111 312 2111 307 2112 140 2112 313 2112 316 2113 320 2113 321 2113 317 2114 320 2114 316 2114 316 2115 314 2115 238 2115 314 2116 316 2116 318 2116 313 2117 140 2117 315 2117 237 2118 240 2118 238 2118 162 2119 341 2119 174 2119 340 2120 336 2120 339 2120 334 2121 338 2121 339 2121 344 2122 228 2122 345 2122 346 2123 227 2123 228 2123 227 2124 346 2124 347 2124 337 2125 174 2125 341 2125 342 2126 341 2126 350 2126 350 2127 341 2127 162 2127 341 2128 338 2128 337 2128 334 2129 337 2129 338 2129 332 2130 174 2130 337 2130 174 2131 332 2131 325 2131 325 2132 327 2132 324 2132 324 2133 136 2133 325 2133 326 2134 330 2134 235 2134 233 2135 337 2135 334 2135 230 2136 233 2136 231 2136 231 2137 233 2137 333 2137 334 2138 333 2138 233 2138 239 2139 312 2139 313 2139 333 2140 229 2140 231 2140 229 2141 333 2141 335 2141 136 2142 174 2142 325 2142 337 2143 233 2143 332 2143 282 2144 283 2144 284 2144 284 2145 285 2145 282 2145 242 2146 282 2146 285 2146 282 2147 242 2147 243 2147 281 2148 147 2148 286 2148 279 2149 147 2149 281 2149 147 2150 279 2150 170 2150 286 2151 147 2151 293 2151 149 2152 293 2152 147 2152 293 2153 149 2153 292 2153 284 2154 289 2154 285 2154 289 2155 284 2155 288 2155 288 2156 284 2156 287 2156 241 2157 288 2157 291 2157 277 2158 272 2158 276 2158 272 2159 277 2159 273 2159 271 2160 276 2160 272 2160 270 2161 273 2161 267 2161 263 2162 267 2162 273 2162 271 2163 274 2163 275 2163 271 2164 275 2164 276 2164 276 2165 275 2165 277 2165 243 2166 245 2166 282 2166 283 2167 282 2167 245 2167 268 2168 170 2168 279 2168 279 2169 280 2169 268 2169 270 2170 268 2170 280 2170 268 2171 270 2171 269 2171 150 2172 303 2172 294 2172 150 2173 140 2173 307 2173 304 2174 307 2174 313 2174 303 2175 150 2175 307 2175 236 2176 310 2176 237 2176 311 2177 237 2177 310 2177 237 2178 311 2178 239 2178 312 2179 239 2179 311 2179 309 2180 311 2180 310 2180 307 2181 304 2181 303 2181 301 2182 303 2182 304 2182 308 2183 306 2183 309 2183 305 2184 309 2184 306 2184 309 2185 305 2185 304 2185 295 2186 291 2186 298 2186 150 2187 294 2187 149 2187 295 2188 296 2188 297 2188 291 2189 295 2189 297 2189 288 2190 298 2190 291 2190 292 2191 294 2191 295 2191 295 2192 303 2192 301 2192 303 2193 295 2193 294 2193 1451 2194 1452 2194 1450 2194 294 2195 292 2195 149 2195 241 2196 291 2196 299 2196 297 2197 299 2197 291 2197 299 2198 297 2198 300 2198 297 2199 296 2199 300 2199 387 2200 390 2200 389 2200 408 2201 409 2201 410 2201 409 2202 408 2202 407 2202 405 2203 407 2203 408 2203 407 2204 405 2204 404 2204 403 2205 406 2205 402 2205 402 2206 406 2206 405 2206 404 2207 405 2207 406 2207 403 2208 402 2208 400 2208 401 2209 400 2209 402 2209 398 2210 400 2210 401 2210 400 2211 398 2211 397 2211 422 2212 420 2212 421 2212 419 2213 421 2213 418 2213 419 2214 418 2214 416 2214 417 2215 416 2215 418 2215 414 2216 416 2216 417 2216 397 2217 398 2217 399 2217 388 2218 389 2218 390 2218 385 2219 386 2219 387 2219 386 2220 385 2220 383 2220 385 2221 384 2221 383 2221 382 2222 383 2222 384 2222 395 2223 399 2223 396 2223 396 2224 399 2224 398 2224 394 2225 395 2225 396 2225 395 2226 394 2226 393 2226 392 2227 393 2227 394 2227 393 2228 392 2228 391 2228 389 2229 391 2229 392 2229 391 2230 389 2230 388 2230 386 2231 390 2231 387 2231 379 2232 367 2232 368 2232 379 2233 369 2233 371 2233 123 2234 124 2234 125 2234 125 2235 127 2235 129 2235 114 2236 115 2236 116 2236 132 2237 131 2237 130 2237 133 2238 40 2238 130 2238 377 2239 376 2239 362 2239 364 2240 377 2240 363 2240 416 2241 414 2241 415 2241 533 2242 536 2242 534 2242 535 2243 533 2243 534 2243 548 2244 710 2244 511 2244 512 2245 511 2245 710 2245 547 2246 534 2246 537 2246 547 2247 1381 2247 534 2247 546 2248 545 2248 547 2248 545 2249 546 2249 1427 2249 534 2250 536 2250 537 2250 541 2251 540 2251 544 2251 543 2252 544 2252 540 2252 544 2253 543 2253 542 2253 1614 2254 542 2254 543 2254 513 2255 540 2255 541 2255 540 2256 513 2256 515 2256 1434 2257 552 2257 553 2257 511 2258 512 2258 1434 2258 528 2259 529 2259 532 2259 531 2260 532 2260 529 2260 532 2261 531 2261 1661 2261 530 2262 1661 2262 531 2262 529 2263 528 2263 527 2263 526 2264 527 2264 528 2264 527 2265 526 2265 525 2265 524 2266 525 2266 526 2266 523 2267 525 2267 524 2267 515 2268 514 2268 535 2268 535 2269 539 2269 533 2269 514 2270 539 2270 535 2270 537 2271 536 2271 538 2271 556 2272 554 2272 555 2272 512 2273 552 2273 1434 2273 566 2274 563 2274 564 2274 564 2275 563 2275 1453 2275 562 2276 1453 2276 563 2276 1453 2277 562 2277 517 2277 521 2278 517 2278 562 2278 554 2279 556 2279 557 2279 516 2280 517 2280 521 2280 553 2281 552 2281 1437 2281 561 2282 1437 2282 552 2282 1437 2283 561 2283 560 2283 559 2284 560 2284 561 2284 555 2285 554 2285 1446 2285 570 2286 1446 2286 554 2286 1446 2287 570 2287 571 2287 710 2288 548 2288 549 2288 1427 2289 546 2289 551 2289 549 2290 551 2290 546 2290 551 2291 549 2291 550 2291 550 2292 549 2292 548 2292 560 2293 559 2293 558 2293 557 2294 558 2294 559 2294 558 2295 557 2295 1441 2295 1441 2296 557 2296 556 2296 1456 2297 1428 2297 1426 2297 1456 2298 1426 2298 1262 2298 520 2299 523 2299 524 2299 523 2300 520 2300 519 2300 522 2301 1421 2301 516 2301 521 2302 522 2302 516 2302 518 2303 519 2303 520 2303 513 2304 514 2304 515 2304 1428 2305 1456 2305 468 2305 1454 2306 1455 2306 1263 2306 1455 2307 1454 2307 516 2307 517 2308 516 2308 1454 2308 634 2309 384 2309 599 2309 641 2310 739 2310 630 2310 639 2311 638 2311 576 2311 638 2312 636 2312 576 2312 637 2313 636 2313 638 2313 635 2314 636 2314 637 2314 616 2315 626 2315 1707 2315 385 2316 599 2316 384 2316 599 2317 385 2317 597 2317 387 2318 597 2318 385 2318 581 2319 640 2319 607 2319 629 2320 641 2320 630 2320 617 2321 633 2321 618 2321 579 2322 621 2322 578 2322 621 2323 579 2323 620 2323 609 2324 620 2324 579 2324 392 2325 574 2325 619 2325 574 2326 392 2326 573 2326 394 2327 573 2327 392 2327 573 2328 394 2328 577 2328 396 2329 577 2329 394 2329 577 2330 396 2330 581 2330 633 2331 617 2331 632 2331 599 2332 632 2332 617 2332 632 2333 599 2333 631 2333 601 2334 631 2334 599 2334 577 2335 630 2335 576 2335 630 2336 577 2336 629 2336 607 2337 629 2337 577 2337 1740 2338 628 2338 622 2338 628 2339 1740 2339 627 2339 1707 2340 627 2340 1740 2340 627 2341 1707 2341 626 2341 564 2342 1453 2342 1452 2342 1422 2343 1267 2343 1268 2343 1450 2344 1267 2344 1422 2344 1267 2345 1450 2345 1452 2345 1452 2346 1451 2346 564 2346 641 2347 629 2347 640 2347 607 2348 640 2348 629 2348 639 2349 576 2349 739 2349 630 2350 739 2350 576 2350 1740 2351 622 2351 587 2351 1453 2352 517 2352 1452 2352 1454 2353 1452 2353 517 2353 1452 2354 1454 2354 1267 2354 1263 2355 1267 2355 1454 2355 1265 2356 1267 2356 1263 2356 590 2357 572 2357 589 2357 1752 2358 596 2358 588 2358 596 2359 1752 2359 595 2359 594 2360 595 2360 1752 2360 595 2361 594 2361 593 2361 1719 2362 593 2362 594 2362 593 2363 1719 2363 592 2363 584 2364 592 2364 1719 2364 572 2365 590 2365 591 2365 420 2366 572 2366 418 2366 588 2367 589 2367 572 2367 572 2368 1752 2368 588 2368 585 2369 586 2369 587 2369 1719 2370 583 2370 584 2370 572 2371 417 2371 418 2371 609 2372 579 2372 608 2372 577 2373 581 2373 607 2373 417 2374 572 2374 414 2374 571 2375 570 2375 1449 2375 569 2376 1449 2376 570 2376 1449 2377 569 2377 568 2377 567 2378 568 2378 569 2378 568 2379 567 2379 566 2379 565 2380 566 2380 567 2380 563 2381 566 2381 565 2381 582 2382 414 2382 572 2382 414 2383 582 2383 412 2383 580 2384 412 2384 582 2384 580 2385 410 2385 412 2385 579 2386 408 2386 1937 2386 398 2387 581 2387 396 2387 401 2388 581 2388 398 2388 581 2389 401 2389 780 2389 578 2390 780 2390 401 2390 389 2391 597 2391 387 2391 597 2392 389 2392 619 2392 392 2393 619 2393 389 2393 402 2394 405 2394 579 2394 408 2395 579 2395 405 2395 606 2396 610 2396 604 2396 410 2397 1937 2397 408 2397 1937 2398 410 2398 575 2398 580 2399 575 2399 410 2399 402 2400 578 2400 401 2400 626 2401 616 2401 625 2401 618 2402 625 2402 616 2402 604 2403 624 2403 605 2403 624 2404 604 2404 623 2404 587 2405 623 2405 604 2405 623 2406 587 2406 622 2406 604 2407 605 2407 606 2407 572 2408 603 2408 582 2408 603 2409 572 2409 602 2409 591 2410 602 2410 572 2410 599 2411 600 2411 601 2411 600 2412 599 2412 598 2412 597 2413 598 2413 599 2413 579 2414 578 2414 402 2414 616 2415 617 2415 618 2415 587 2416 615 2416 585 2416 615 2417 587 2417 614 2417 604 2418 614 2418 587 2418 614 2419 604 2419 613 2419 1710 2420 613 2420 604 2420 583 2421 612 2421 584 2421 612 2422 583 2422 611 2422 604 2423 611 2423 583 2423 611 2424 604 2424 610 2424 1461 2425 468 2425 470 2425 464 2426 465 2426 456 2426 465 2427 464 2427 463 2427 462 2428 463 2428 464 2428 463 2429 462 2429 1190 2429 461 2430 1190 2430 462 2430 1190 2431 461 2431 1186 2431 516 2432 1460 2432 1455 2432 1766 2433 448 2433 1174 2433 470 2434 472 2434 473 2434 471 2435 472 2435 470 2435 466 2436 456 2436 465 2436 448 2437 1766 2437 40 2437 380 2438 381 2438 434 2438 433 2439 434 2439 381 2439 434 2440 433 2440 432 2440 431 2441 432 2441 433 2441 382 2442 384 2442 380 2442 439 2443 440 2443 442 2443 441 2444 442 2444 440 2444 1192 2445 435 2445 436 2445 447 2446 448 2446 444 2446 445 2447 134 2447 446 2447 413 2448 415 2448 414 2448 412 2449 413 2449 414 2449 411 2450 413 2450 412 2450 410 2451 411 2451 412 2451 411 2452 410 2452 409 2452 432 2453 431 2453 430 2453 428 2454 430 2454 431 2454 430 2455 428 2455 427 2455 429 2456 426 2456 425 2456 426 2457 429 2457 428 2457 427 2458 428 2458 429 2458 424 2459 425 2459 426 2459 425 2460 424 2460 423 2460 1370 2461 423 2461 424 2461 423 2462 1370 2462 422 2462 420 2463 422 2463 1370 2463 438 2464 1178 2464 453 2464 444 2465 448 2465 445 2465 1186 2466 461 2466 435 2466 436 2467 435 2467 461 2467 441 2468 460 2468 442 2468 442 2469 460 2469 438 2469 459 2470 438 2470 460 2470 438 2471 459 2471 437 2471 458 2472 437 2472 459 2472 437 2473 458 2473 457 2473 456 2474 457 2474 458 2474 1178 2475 438 2475 1180 2475 437 2476 1180 2476 438 2476 443 2477 452 2477 1173 2477 452 2478 443 2478 451 2478 467 2479 1192 2479 436 2479 456 2480 466 2480 457 2480 455 2481 449 2481 439 2481 1920 2482 445 2482 446 2482 445 2483 1920 2483 444 2483 451 2484 443 2484 439 2484 451 2485 439 2485 449 2485 455 2486 439 2486 454 2486 442 2487 454 2487 439 2487 454 2488 442 2488 453 2488 438 2489 453 2489 442 2489 451 2490 450 2490 452 2490 449 2491 450 2491 451 2491 444 2492 1173 2492 447 2492 1173 2493 444 2493 443 2493 445 2494 448 2494 40 2494 502 2495 501 2495 1167 2495 496 2496 495 2496 1156 2496 1156 2497 495 2497 494 2497 1153 2498 494 2498 495 2498 487 2499 489 2499 493 2499 501 2500 502 2500 500 2500 497 2501 491 2501 496 2501 481 2502 480 2502 484 2502 1161 2503 484 2503 480 2503 484 2504 1161 2504 485 2504 498 2505 485 2505 1161 2505 480 2506 501 2506 500 2506 501 2507 480 2507 479 2507 500 2508 1161 2508 480 2508 499 2509 1157 2509 485 2509 481 2510 484 2510 483 2510 491 2511 492 2511 493 2511 489 2512 488 2512 490 2512 487 2513 488 2513 489 2513 482 2514 485 2514 486 2514 485 2515 482 2515 484 2515 1153 2516 485 2516 1157 2516 482 2517 483 2517 484 2517 486 2518 1153 2518 495 2518 485 2519 498 2519 499 2519 491 2520 497 2520 492 2520 507 2521 1779 2521 144 2521 468 2522 545 2522 1428 2522 508 2523 507 2523 509 2523 501 2524 505 2524 1167 2524 485 2525 1153 2525 486 2525 1779 2526 507 2526 508 2526 503 2527 477 2527 506 2527 478 2528 506 2528 477 2528 506 2529 3 2529 503 2529 505 2530 501 2530 1170 2530 479 2531 1170 2531 501 2531 1170 2532 479 2532 504 2532 477 2533 504 2533 479 2533 504 2534 477 2534 503 2534 1459 2535 510 2535 1418 2535 508 2536 510 2536 1459 2536 510 2537 508 2537 509 2537 1420 2538 1418 2538 1264 2538 471 2539 470 2539 469 2539 468 2540 469 2540 470 2540 470 2541 473 2541 1764 2541 26 2542 1764 2542 473 2542 1264 2543 1455 2543 1420 2543 1460 2544 1420 2544 1455 2544 508 2545 1418 2545 1416 2545 1418 2546 508 2546 1459 2546 506 2547 476 2547 2 2547 478 2548 476 2548 506 2548 475 2549 503 2549 474 2549 3 2550 474 2550 503 2550 1455 2551 1264 2551 1263 2551 200 2552 202 2552 189 2552 184 2553 192 2553 185 2553 208 2554 205 2554 204 2554 182 2555 201 2555 204 2555 194 2556 193 2556 186 2556 184 2557 3 2557 191 2557 183 2558 207 2558 180 2558 1170 2559 1165 2559 1167 2559 1153 2560 1155 2560 1156 2560 492 2561 497 2561 496 2561 450 2562 1171 2562 1173 2562 450 2563 449 2563 455 2563 437 2564 457 2564 466 2564 1186 2565 1188 2565 1190 2565 970 2566 974 2566 973 2566 376 2567 375 2567 378 2567 151 2568 1479 2568 141 2568 1476 2569 142 2569 1477 2569 152 2570 1477 2570 142 2570 1477 2571 152 2571 1478 2571 141 2572 1478 2572 152 2572 1478 2573 141 2573 1479 2573 1488 2574 139 2574 1489 2574 142 2575 1476 2575 161 2575 1475 2576 161 2576 1476 2576 161 2577 1475 2577 137 2577 1474 2578 137 2578 1475 2578 137 2579 1474 2579 166 2579 1473 2580 166 2580 1474 2580 166 2581 1473 2581 172 2581 1464 2582 135 2582 1465 2582 177 2583 1465 2583 135 2583 1465 2584 177 2584 1466 2584 176 2585 1466 2585 177 2585 1466 2586 176 2586 1467 2586 168 2587 1467 2587 176 2587 1467 2588 168 2588 1468 2588 143 2589 1471 2589 173 2589 175 2590 1468 2590 168 2590 1470 2591 173 2591 1471 2591 173 2592 1470 2592 163 2592 1468 2593 175 2593 1469 2593 163 2594 1469 2594 175 2594 1469 2595 163 2595 1470 2595 172 2596 1472 2596 143 2596 164 2597 1489 2597 139 2597 1489 2598 164 2598 1490 2598 154 2599 1490 2599 164 2599 1490 2600 154 2600 1491 2600 146 2601 145 2601 1491 2601 1492 2602 1491 2602 145 2602 25 2603 135 2603 1493 2603 1464 2604 1493 2604 135 2604 139 2605 1488 2605 165 2605 1487 2606 165 2606 1488 2606 146 2607 1491 2607 154 2607 1479 2608 151 2608 1480 2608 160 2609 1480 2609 151 2609 1480 2610 160 2610 1481 2610 159 2611 1481 2611 160 2611 1481 2612 159 2612 1482 2612 1472 2613 172 2613 1473 2613 148 2614 1482 2614 159 2614 1482 2615 148 2615 1483 2615 1471 2616 143 2616 1472 2616 165 2617 1487 2617 156 2617 157 2618 1483 2618 148 2618 1483 2619 157 2619 1484 2619 158 2620 1484 2620 157 2620 1484 2621 158 2621 1485 2621 171 2622 1485 2622 158 2622 1485 2623 171 2623 1486 2623 1486 2624 156 2624 1487 2624 156 2625 1486 2625 171 2625 1652 2626 1503 2626 1501 2626 1605 2627 1603 2627 1641 2627 11 2628 1634 2628 12 2628 1603 2629 1626 2629 1641 2629 1621 2630 1638 2630 1637 2630 1638 2631 1621 2631 1639 2631 1639 2632 1621 2632 1622 2632 13 2633 1380 2633 14 2633 1494 2634 1637 2634 1638 2634 1621 2635 1637 2635 1635 2635 1635 2636 1637 2636 1577 2636 1623 2637 1656 2637 1619 2637 1634 2638 1622 2638 1380 2638 1622 2639 1634 2639 1639 2639 1633 2640 1639 2640 1634 2640 1639 2641 1633 2641 1638 2641 1632 2642 1638 2642 1633 2642 1576 2643 1621 2643 1635 2643 1632 2644 10 2644 20 2644 10 2645 1632 2645 11 2645 1633 2646 11 2646 1632 2646 1634 2647 11 2647 1633 2647 1656 2648 1623 2648 1655 2648 1655 2649 1623 2649 1625 2649 1380 2650 12 2650 1634 2650 1638 2651 1632 2651 1494 2651 20 2652 1494 2652 1632 2652 1631 2653 34 2653 1647 2653 1375 2654 1647 2654 34 2654 27 2655 1647 2655 1375 2655 1647 2656 27 2656 1606 2656 1650 2657 1463 2657 1649 2657 1651 2658 45 2658 1629 2658 1463 2659 1503 2659 1649 2659 1647 2660 1648 2660 1646 2660 1650 2661 1627 2661 1463 2661 1628 2662 1650 2662 1654 2662 1649 2663 1654 2663 1650 2663 30 2664 1501 2664 31 2664 1654 2665 1649 2665 1653 2665 1653 2666 1649 2666 1652 2666 1503 2667 1652 2667 1649 2667 1629 2668 1654 2668 1651 2668 1501 2669 30 2669 1652 2669 1382 2670 1652 2670 30 2670 1652 2671 1382 2671 1653 2671 1651 2672 1653 2672 1382 2672 1653 2673 1651 2673 1654 2673 1654 2674 1629 2674 1628 2674 45 2675 1651 2675 1382 2675 1644 2676 1462 2676 1643 2676 1642 2677 1630 2677 1605 2677 1605 2678 1643 2678 1462 2678 1641 2679 1642 2679 1605 2679 1646 2680 1631 2680 1647 2680 1606 2681 1609 2681 1648 2681 1645 2682 1648 2682 1609 2682 1645 2683 1643 2683 1630 2683 1646 2684 1630 2684 1458 2684 1630 2685 1646 2685 1645 2685 1645 2686 1646 2686 1648 2686 1648 2687 1647 2687 1606 2687 1458 2688 1631 2688 1646 2688 1643 2689 1645 2689 1644 2689 1644 2690 1645 2690 1609 2690 1643 2691 1605 2691 1630 2691 1595 2692 1585 2692 1497 2692 1589 2693 1587 2693 1595 2693 1587 2694 1585 2694 1595 2694 1526 2695 1525 2695 1524 2695 1523 2696 1524 2696 1525 2696 1524 2697 1523 2697 1522 2697 1521 2698 1522 2698 1523 2698 1701 2699 1520 2699 1517 2699 1519 2700 1520 2700 1701 2700 1701 2701 1517 2701 1518 2701 1506 2702 1497 2702 1585 2702 27 2703 1614 2703 1606 2703 1607 2704 1606 2704 1614 2704 1591 2705 1595 2705 1593 2705 1591 2706 1589 2706 1595 2706 1548 2707 1547 2707 1546 2707 1555 2708 1556 2708 1557 2708 1556 2709 1555 2709 1554 2709 1553 2710 1554 2710 1555 2710 1554 2711 1553 2711 1552 2711 1551 2712 1552 2712 1553 2712 1552 2713 1551 2713 1550 2713 1549 2714 1550 2714 1551 2714 1550 2715 1549 2715 1548 2715 1547 2716 1548 2716 1549 2716 1558 2717 1557 2717 1556 2717 1545 2718 1546 2718 1547 2718 1546 2719 1545 2719 1544 2719 1543 2720 1544 2720 1545 2720 1544 2721 1543 2721 1542 2721 1541 2722 1542 2722 1543 2722 1519 2723 1571 2723 1520 2723 1571 2724 1519 2724 1570 2724 1533 2725 1534 2725 1535 2725 1515 2726 1462 2726 1516 2726 1542 2727 1541 2727 1540 2727 1539 2728 1540 2728 1541 2728 1540 2729 1539 2729 1538 2729 1537 2730 1538 2730 1539 2730 1538 2731 1537 2731 1536 2731 1535 2732 1536 2732 1537 2732 1536 2733 1535 2733 1534 2733 1612 2734 6 2734 1657 2734 1534 2735 1533 2735 1532 2735 1531 2736 1532 2736 1533 2736 1532 2737 1531 2737 1530 2737 1529 2738 1530 2738 1531 2738 1530 2739 1529 2739 1528 2739 1527 2740 1528 2740 1529 2740 1528 2741 1527 2741 1526 2741 1525 2742 1526 2742 1527 2742 1574 2743 1572 2743 1517 2743 46 2744 50 2744 1636 2744 1377 2745 51 2745 95 2745 1612 2746 1657 2746 1610 2746 1660 2747 1610 2747 1657 2747 1610 2748 1660 2748 1520 2748 1659 2749 1520 2749 1660 2749 7 2750 1656 2750 5 2750 1657 2751 5 2751 1656 2751 5 2752 1657 2752 6 2752 1520 2753 1659 2753 1517 2753 1569 2754 1570 2754 1519 2754 1602 2755 1626 2755 1603 2755 1626 2756 1602 2756 1627 2756 1463 2757 1627 2757 1602 2757 1602 2758 1503 2758 1463 2758 1601 2759 1503 2759 1602 2759 1503 2760 1601 2760 1504 2760 1504 2761 1601 2761 1505 2761 1516 2762 1644 2762 1521 2762 1644 2763 1516 2763 1462 2763 1498 2764 1500 2764 1598 2764 1600 2765 1505 2765 1601 2765 1507 2766 1505 2766 1600 2766 1599 2767 1507 2767 1600 2767 1500 2768 1507 2768 1599 2768 1598 2769 1500 2769 1599 2769 1597 2770 1498 2770 1598 2770 1497 2771 1498 2771 1597 2771 1596 2772 1497 2772 1597 2772 1595 2773 1497 2773 1596 2773 1594 2774 1595 2774 1596 2774 1608 2775 1609 2775 1606 2775 1522 2776 1609 2776 1608 2776 1609 2777 1522 2777 1644 2777 1521 2778 1644 2778 1522 2778 1611 2779 1610 2779 1571 2779 1656 2780 7 2780 1619 2780 1661 2781 6 2781 1613 2781 1612 2782 1613 2782 6 2782 1605 2783 1604 2783 1603 2783 1608 2784 1606 2784 1607 2784 1604 2785 1462 2785 1515 2785 1462 2786 1604 2786 1605 2786 1602 2787 1603 2787 1604 2787 1613 2788 1612 2788 1611 2788 1610 2789 1611 2789 1612 2789 1520 2790 1571 2790 1610 2790 1509 2791 1581 2791 1510 2791 1575 2792 1658 2792 1576 2792 1573 2793 1572 2793 1574 2793 1518 2794 1572 2794 1573 2794 1572 2795 1518 2795 1517 2795 1573 2796 1574 2796 1575 2796 1580 2797 1510 2797 1581 2797 1510 2798 1580 2798 1512 2798 1579 2799 1512 2799 1580 2799 1512 2800 1579 2800 1511 2800 1578 2801 1511 2801 1579 2801 1559 2802 1560 2802 1561 2802 1570 2803 1569 2803 1568 2803 1567 2804 1568 2804 1569 2804 1568 2805 1567 2805 1566 2805 1565 2806 1566 2806 1567 2806 1566 2807 1565 2807 1564 2807 1563 2808 1564 2808 1565 2808 1564 2809 1563 2809 1562 2809 1561 2810 1562 2810 1563 2810 1562 2811 1561 2811 1560 2811 1511 2812 1578 2812 1495 2812 1560 2813 1559 2813 1558 2813 1557 2814 1558 2814 1559 2814 1635 2815 1577 2815 1575 2815 1635 2816 1575 2816 1576 2816 1658 2817 1575 2817 1574 2817 1582 2818 1508 2818 1583 2818 1508 2819 1582 2819 1509 2819 1581 2820 1509 2820 1582 2820 1594 2821 1593 2821 1595 2821 1592 2822 1593 2822 1594 2822 1508 2823 1506 2823 1583 2823 1591 2824 1593 2824 1592 2824 1591 2825 1590 2825 1589 2825 1590 2826 1591 2826 1592 2826 1589 2827 1588 2827 1587 2827 1588 2828 1589 2828 1590 2828 1577 2829 1495 2829 1578 2829 1575 2830 1577 2830 1578 2830 1586 2831 1587 2831 1588 2831 1586 2832 1585 2832 1587 2832 1584 2833 1585 2833 1586 2833 1506 2834 1585 2834 1584 2834 1583 2835 1506 2835 1584 2835 1517 2836 1624 2836 1574 2836 1620 2837 1574 2837 1624 2837 1574 2838 1620 2838 1658 2838 1625 2839 1659 2839 1655 2839 1659 2840 1625 2840 1517 2840 1624 2841 1517 2841 1625 2841 1512 2842 92 2842 1510 2842 1512 2843 1377 2843 92 2843 1657 2844 1656 2844 1660 2844 1660 2845 1656 2845 1659 2845 1655 2846 1659 2846 1656 2846 52 2847 51 2847 1618 2847 1496 2848 1618 2848 51 2848 1513 2849 1514 2849 54 2849 49 2850 54 2850 1514 2850 33 2851 1630 2851 35 2851 35 2852 1630 2852 1642 2852 1641 2853 35 2853 1642 2853 35 2854 1641 2854 36 2854 36 2855 1626 2855 1650 2855 1630 2856 33 2856 1458 2856 16 2857 1620 2857 17 2857 1624 2858 17 2858 1620 2858 1631 2859 1458 2859 32 2859 32 2860 34 2860 1631 2860 32 2861 1458 2861 33 2861 1626 2862 1627 2862 1650 2862 1626 2863 36 2863 1641 2863 1619 2864 7 2864 19 2864 17 2865 1625 2865 18 2865 18 2866 1625 2866 1623 2866 1622 2867 1621 2867 15 2867 15 2868 1621 2868 16 2868 1620 2869 16 2869 1621 2869 1576 2870 1620 2870 1621 2870 15 2871 14 2871 1622 2871 12 2872 1380 2872 13 2872 14 2873 1380 2873 1622 2873 37 2874 1628 2874 38 2874 38 2875 1628 2875 44 2875 1629 2876 44 2876 1628 2876 44 2877 1629 2877 45 2877 36 2878 1650 2878 37 2878 51 2879 1512 2879 1511 2879 37 2880 1650 2880 1628 2880 19 2881 1623 2881 1619 2881 18 2882 1623 2882 19 2882 1624 2883 1625 2883 17 2883 1513 2884 54 2884 1618 2884 52 2885 1618 2885 54 2885 1577 2886 1494 2886 1495 2886 1617 2887 49 2887 1514 2887 49 2888 1617 2888 50 2888 99 2889 97 2889 51 2889 79 2890 81 2890 100 2890 83 2891 100 2891 81 2891 1636 2892 20 2892 22 2892 83 2893 85 2893 100 2893 86 2894 100 2894 85 2894 1636 2895 50 2895 1617 2895 51 2896 97 2896 95 2896 22 2897 61 2897 1636 2897 1615 2898 1502 2898 102 2898 100 2899 102 2899 1502 2899 1616 2900 1457 2900 68 2900 101 2901 68 2901 1457 2901 101 2902 1457 2902 102 2902 1496 2903 1495 2903 1494 2903 1658 2904 1620 2904 1576 2904 1616 2905 69 2905 1499 2905 69 2906 1616 2906 68 2906 1615 2907 102 2907 1457 2907 1496 2908 1511 2908 1495 2908 100 2909 1507 2909 79 2909 1507 2910 100 2910 1505 2910 1506 2911 72 2911 1497 2911 73 2912 1497 2912 72 2912 1499 2913 43 2913 31 2913 1505 2914 100 2914 1504 2914 1502 2915 1504 2915 100 2915 1503 2916 1504 2916 1502 2916 43 2917 1499 2917 60 2917 69 2918 58 2918 1499 2918 51 2919 1511 2919 1496 2919 1510 2920 92 2920 1509 2920 91 2921 1509 2921 92 2921 88 2922 1509 2922 91 2922 1509 2923 88 2923 1508 2923 1508 2924 88 2924 1506 2924 72 2925 1506 2925 88 2925 79 2926 1507 2926 1500 2926 75 2927 1498 2927 1497 2927 77 2928 1498 2928 75 2928 75 2929 1497 2929 73 2929 1636 2930 1494 2930 20 2930 46 2931 1636 2931 63 2931 61 2932 63 2932 1636 2932 58 2933 56 2933 1499 2933 99 2934 51 2934 53 2934 60 2935 1499 2935 56 2935 1503 2936 1502 2936 1501 2936 31 2937 1501 2937 1499 2937 77 2938 1500 2938 1498 2938 79 2939 1500 2939 77 2939 1513 2940 1618 2940 1514 2940 1496 2941 1514 2941 1618 2941 1617 2942 1514 2942 1496 2942 1617 2943 1496 2943 1636 2943 1564 2944 1485 2944 1566 2944 1491 2945 1613 2945 1490 2945 1478 2946 1548 2946 1477 2946 1548 2947 1478 2947 1550 2947 1479 2948 1550 2948 1478 2948 1550 2949 1479 2949 1552 2949 1480 2950 1552 2950 1479 2950 1552 2951 1480 2951 1554 2951 1481 2952 1554 2952 1480 2952 1554 2953 1481 2953 1556 2953 1482 2954 1556 2954 1481 2954 1556 2955 1482 2955 1558 2955 1483 2956 1558 2956 1482 2956 1558 2957 1483 2957 1560 2957 1484 2958 1560 2958 1483 2958 1490 2959 1611 2959 1489 2959 1611 2960 1490 2960 1613 2960 1614 2961 1493 2961 1607 2961 1613 2962 1491 2962 1661 2962 1492 2963 1661 2963 1491 2963 1471 2964 1534 2964 1532 2964 1534 2965 1471 2965 1536 2965 1472 2966 1536 2966 1471 2966 1536 2967 1472 2967 1538 2967 1473 2968 1538 2968 1472 2968 1538 2969 1473 2969 1540 2969 1474 2970 1540 2970 1473 2970 1540 2971 1474 2971 1542 2971 1475 2972 1542 2972 1474 2972 1542 2973 1475 2973 1544 2973 1476 2974 1544 2974 1475 2974 1485 2975 1564 2975 1562 2975 1486 2976 1566 2976 1485 2976 1477 2977 1546 2977 1476 2977 1526 2978 1468 2978 1528 2978 1468 2979 1526 2979 1467 2979 1524 2980 1467 2980 1526 2980 1467 2981 1524 2981 1466 2981 1522 2982 1466 2982 1524 2982 1487 2983 1568 2983 1486 2983 1566 2984 1486 2984 1568 2984 1464 2985 1607 2985 1493 2985 1466 2986 1522 2986 1465 2986 1608 2987 1465 2987 1522 2987 1465 2988 1608 2988 1464 2988 1607 2989 1464 2989 1608 2989 1544 2990 1476 2990 1546 2990 1546 2991 1477 2991 1548 2991 1469 2992 1528 2992 1468 2992 1528 2993 1469 2993 1530 2993 1568 2994 1487 2994 1570 2994 1488 2995 1570 2995 1487 2995 1570 2996 1488 2996 1571 2996 1489 2997 1571 2997 1488 2997 1571 2998 1489 2998 1611 2998 1470 2999 1530 2999 1469 2999 1530 3000 1470 3000 1532 3000 1471 3001 1532 3001 1470 3001 1485 3002 1562 3002 1484 3002 1560 3003 1484 3003 1562 3003 1616 3004 1499 3004 1502 3004 1615 3005 1616 3005 1502 3005 1616 3006 1615 3006 1457 3006 1527 3007 1679 3007 1525 3007 1679 3008 1527 3008 1677 3008 1529 3009 1677 3009 1527 3009 1677 3010 1531 3010 1676 3010 1680 3011 1525 3011 1679 3011 1521 3012 1523 3012 1681 3012 1525 3013 1681 3013 1523 3013 1567 3014 1662 3014 1678 3014 1569 3015 1662 3015 1567 3015 1531 3016 1677 3016 1529 3016 1549 3017 1663 3017 1547 3017 1525 3018 1680 3018 1681 3018 1667 3019 1553 3019 1668 3019 1567 3020 1678 3020 1565 3020 1664 3021 1565 3021 1678 3021 1565 3022 1664 3022 1563 3022 1665 3023 1563 3023 1664 3023 1563 3024 1665 3024 1561 3024 1666 3025 1561 3025 1665 3025 1663 3026 1551 3026 1667 3026 1553 3027 1667 3027 1551 3027 1670 3028 1547 3028 1663 3028 1555 3029 1668 3029 1553 3029 1668 3030 1555 3030 1669 3030 1557 3031 1669 3031 1555 3031 1669 3032 1557 3032 1666 3032 1559 3033 1666 3033 1557 3033 1666 3034 1559 3034 1561 3034 1569 3035 1519 3035 1662 3035 1533 3036 1676 3036 1531 3036 1547 3037 1670 3037 1545 3037 1671 3038 1545 3038 1670 3038 1663 3039 1549 3039 1551 3039 1545 3040 1671 3040 1543 3040 1672 3041 1543 3041 1671 3041 1543 3042 1672 3042 1541 3042 1673 3043 1541 3043 1672 3043 1539 3044 1673 3044 1537 3044 1676 3045 1533 3045 1675 3045 1535 3046 1675 3046 1533 3046 1675 3047 1535 3047 1674 3047 1537 3048 1674 3048 1535 3048 1674 3049 1537 3049 1673 3049 1541 3050 1673 3050 1539 3050 1580 3051 1693 3051 1579 3051 1690 3052 1600 3052 1689 3052 1601 3053 1689 3053 1600 3053 1573 3054 1702 3054 1518 3054 1701 3055 1518 3055 1702 3055 1700 3056 1573 3056 1699 3056 1575 3057 1699 3057 1573 3057 1699 3058 1575 3058 1694 3058 1578 3059 1694 3059 1575 3059 1690 3060 1599 3060 1600 3060 1599 3061 1690 3061 1598 3061 1583 3062 1687 3062 1582 3062 1698 3063 1598 3063 1690 3063 1598 3064 1698 3064 1597 3064 1697 3065 1597 3065 1698 3065 1597 3066 1697 3066 1596 3066 1696 3067 1596 3067 1697 3067 1596 3068 1696 3068 1594 3068 1682 3069 1594 3069 1696 3069 1573 3070 1700 3070 1702 3070 1582 3071 1691 3071 1581 3071 1689 3072 1601 3072 1688 3072 1602 3073 1688 3073 1601 3073 1688 3074 1602 3074 1695 3074 1604 3075 1695 3075 1602 3075 1584 3076 1687 3076 1583 3076 1687 3077 1584 3077 1686 3077 1586 3078 1686 3078 1584 3078 1686 3079 1586 3079 1685 3079 1588 3080 1685 3080 1586 3080 1685 3081 1588 3081 1683 3081 1590 3082 1683 3082 1588 3082 1515 3083 1516 3083 1684 3083 1682 3084 1683 3084 1590 3084 1594 3085 1682 3085 1592 3085 1590 3086 1592 3086 1682 3086 1604 3087 1684 3087 1695 3087 1515 3088 1684 3088 1604 3088 1579 3089 1694 3089 1578 3089 1694 3090 1579 3090 1693 3090 1693 3091 1580 3091 1692 3091 1581 3092 1692 3092 1580 3092 1692 3093 1581 3093 1691 3093 1691 3094 1582 3094 1687 3094 1688 3095 1679 3095 1689 3095 1677 3096 1689 3096 1679 3096 1689 3097 1677 3097 1690 3097 1676 3098 1690 3098 1677 3098 1690 3099 1676 3099 1698 3099 1663 3100 1686 3100 1670 3100 1684 3101 1680 3101 1695 3101 1694 3102 1665 3102 1699 3102 1665 3103 1694 3103 1666 3103 1693 3104 1666 3104 1694 3104 1666 3105 1693 3105 1669 3105 1692 3106 1669 3106 1693 3106 1669 3107 1692 3107 1668 3107 1691 3108 1668 3108 1692 3108 1668 3109 1691 3109 1667 3109 1695 3110 1680 3110 1688 3110 1680 3111 1684 3111 1681 3111 1700 3112 1662 3112 1702 3112 1662 3113 1700 3113 1678 3113 1679 3114 1688 3114 1680 3114 1699 3115 1664 3115 1700 3115 1664 3116 1699 3116 1665 3116 1701 3117 1702 3117 1519 3117 1662 3118 1519 3118 1702 3118 1687 3119 1667 3119 1691 3119 1667 3120 1687 3120 1663 3120 1686 3121 1663 3121 1687 3121 1685 3122 1670 3122 1686 3122 1670 3123 1685 3123 1671 3123 1683 3124 1671 3124 1685 3124 1671 3125 1683 3125 1672 3125 1682 3126 1672 3126 1683 3126 1672 3127 1682 3127 1673 3127 1673 3128 1696 3128 1674 3128 1697 3129 1674 3129 1696 3129 1674 3130 1697 3130 1675 3130 1698 3131 1675 3131 1697 3131 1675 3132 1698 3132 1676 3132 1521 3133 1681 3133 1516 3133 1684 3134 1516 3134 1681 3134 1678 3135 1700 3135 1664 3135 1696 3136 1673 3136 1682 3136 1704 3137 1705 3137 1703 3137 1714 3138 613 3138 1713 3138 1718 3139 1717 3139 1711 3139 1717 3140 1718 3140 1738 3140 1719 3141 1738 3141 1718 3141 1738 3142 1719 3142 594 3142 1711 3143 1716 3143 1712 3143 1705 3144 1704 3144 1708 3144 1709 3145 1708 3145 1704 3145 1708 3146 1709 3146 1760 3146 613 3147 1710 3147 1749 3147 1711 3148 1712 3148 1749 3148 1749 3149 1713 3149 613 3149 1716 3150 1711 3150 1717 3150 613 3151 1714 3151 614 3151 1715 3152 614 3152 1714 3152 614 3153 1715 3153 615 3153 1378 3154 615 3154 1715 3154 615 3155 1378 3155 585 3155 1706 3156 585 3156 1378 3156 585 3157 1706 3157 586 3157 1705 3158 1706 3158 1378 3158 616 3159 1707 3159 1760 3159 1708 3160 1760 3160 1707 3160 1737 3161 1734 3161 1720 3161 1735 3162 1721 3162 1723 3162 1721 3163 1735 3163 1736 3163 1733 3164 1720 3164 1734 3164 1728 3165 1729 3165 1730 3165 1729 3166 1728 3166 1727 3166 1725 3167 1727 3167 1728 3167 1725 3168 1726 3168 1727 3168 1724 3169 1723 3169 1722 3169 1721 3170 1722 3170 1723 3170 1732 3171 1733 3171 1734 3171 1733 3172 1732 3172 1731 3172 1730 3173 1731 3173 1732 3173 1731 3174 1730 3174 1729 3174 1736 3175 1726 3175 1725 3175 1726 3176 1736 3176 1735 3176 1703 3177 1737 3177 1720 3177 1713 3178 1724 3178 1722 3178 1724 3179 1713 3179 1712 3179 1737 3180 1703 3180 1378 3180 1364 3181 1366 3181 1709 3181 1760 3182 1709 3182 1366 3182 1717 3183 1738 3183 1371 3183 1369 3184 1371 3184 1738 3184 1726 3185 1735 3185 426 3185 1712 3186 426 3186 1724 3186 431 3187 1733 3187 1731 3187 1365 3188 1709 3188 381 3188 426 3189 1723 3189 1724 3189 433 3190 381 3190 1709 3190 426 3191 1735 3191 1723 3191 1731 3192 1729 3192 431 3192 1365 3193 1364 3193 1709 3193 1371 3194 1370 3194 1717 3194 1704 3195 433 3195 1709 3195 433 3196 1704 3196 431 3196 1703 3197 431 3197 1704 3197 426 3198 1712 3198 424 3198 1716 3199 424 3199 1712 3199 424 3200 1716 3200 1370 3200 1717 3201 1370 3201 1716 3201 1703 3202 1720 3202 431 3202 1726 3203 426 3203 1727 3203 428 3204 1727 3204 426 3204 1727 3205 428 3205 1729 3205 431 3206 1729 3206 428 3206 431 3207 1720 3207 1733 3207 1739 3208 1708 3208 1707 3208 1739 3209 1741 3209 1742 3209 1741 3210 1739 3210 1707 3210 1707 3211 1740 3211 1741 3211 586 3212 1706 3212 1757 3212 1757 3213 1743 3213 586 3213 1744 3214 586 3214 1743 3214 586 3215 1744 3215 587 3215 1741 3216 1740 3216 1744 3216 587 3217 1744 3217 1740 3217 1746 3218 1745 3218 1751 3218 1748 3219 1751 3219 1745 3219 1747 3220 583 3220 1746 3220 1719 3221 1746 3221 583 3221 1746 3222 1719 3222 1745 3222 1719 3223 1718 3223 1745 3223 1748 3224 1749 3224 1710 3224 604 3225 1750 3225 1710 3225 1751 3226 1710 3226 1750 3226 1710 3227 1751 3227 1748 3227 1756 3228 1738 3228 594 3228 1755 3229 1756 3229 1753 3229 594 3230 1753 3230 1756 3230 1753 3231 594 3231 1752 3231 572 3232 1373 3232 1752 3232 1753 3233 1752 3233 1373 3233 1372 3234 1754 3234 1755 3234 1756 3235 1755 3235 1754 3235 1750 3236 604 3236 1747 3236 583 3237 1747 3237 604 3237 1739 3238 1742 3238 1757 3238 1743 3239 1757 3239 1742 3239 1368 3240 599 3240 1758 3240 617 3241 1758 3241 599 3241 1760 3242 1759 3242 616 3242 1762 3243 616 3243 1759 3243 616 3244 1762 3244 617 3244 1758 3245 617 3245 1762 3245 1762 3246 1759 3246 1761 3246 1367 3247 1761 3247 1759 3247 1614 3248 1255 3248 1257 3248 1766 3249 1767 3249 445 3249 1766 3250 445 3250 40 3250 445 3251 1778 3251 1765 3251 1778 3252 445 3252 1777 3252 1777 3253 445 3253 1776 3253 1776 3254 445 3254 1775 3254 1775 3255 445 3255 1774 3255 1774 3256 445 3256 1773 3256 1773 3257 445 3257 1772 3257 1772 3258 445 3258 1771 3258 1769 3259 1640 3259 1770 3259 28 3260 1614 3260 801 3260 542 3261 445 3261 1765 3261 542 3262 134 3262 445 3262 134 3263 542 3263 28 3263 1768 3264 445 3264 1767 3264 1769 3265 445 3265 1768 3265 1770 3266 445 3266 1769 3266 1771 3267 445 3267 1770 3267 1614 3268 28 3268 542 3268 1614 3269 1257 3269 801 3269 1255 3270 1614 3270 1253 3270 1763 3271 1764 3271 1614 3271 26 3272 1614 3272 1764 3272 26 3273 1253 3273 1614 3273 1661 3274 1383 3274 1260 3274 530 3275 2 3275 1661 3275 1383 3276 1661 3276 2 3276 1788 3277 530 3277 1787 3277 1787 3278 530 3278 1786 3278 1786 3279 530 3279 1785 3279 1785 3280 530 3280 1784 3280 1793 3281 530 3281 1792 3281 474 3282 530 3282 1793 3282 1260 3283 1259 3283 1661 3283 1789 3284 530 3284 1788 3284 1784 3285 530 3285 1783 3285 1783 3286 530 3286 1782 3286 1782 3287 530 3287 1781 3287 1259 3288 1363 3288 1661 3288 1779 3289 1780 3289 144 3289 1661 3290 144 3290 1780 3290 144 3291 1661 3291 1363 3291 2 3292 530 3292 506 3292 474 3293 3 3293 530 3293 506 3294 530 3294 3 3294 1790 3295 530 3295 1789 3295 1791 3296 530 3296 1790 3296 1792 3297 530 3297 1791 3297 1012 3298 1845 3298 1035 3298 1844 3299 1035 3299 1845 3299 696 3300 1146 3300 668 3300 696 3301 1016 3301 1146 3301 1845 3302 1012 3302 1846 3302 1821 3303 1017 3303 1855 3303 1017 3304 1821 3304 1022 3304 1822 3305 1022 3305 1821 3305 1022 3306 1822 3306 1021 3306 1854 3307 1021 3307 1822 3307 1021 3308 1854 3308 1011 3308 1853 3309 1011 3309 1854 3309 1011 3310 1853 3310 1009 3310 1852 3311 1009 3311 1853 3311 1838 3312 1028 3312 1839 3312 1028 3313 1838 3313 1032 3313 1837 3314 1032 3314 1838 3314 1032 3315 1837 3315 1031 3315 1836 3316 1031 3316 1837 3316 1807 3317 1816 3317 1814 3317 1818 3318 1817 3318 1805 3318 1805 3319 1817 3319 666 3319 665 3320 666 3320 1817 3320 1848 3321 1020 3321 1849 3321 1020 3322 1848 3322 1015 3322 1847 3323 1015 3323 1848 3323 1015 3324 1847 3324 1013 3324 1846 3325 1013 3325 1847 3325 1013 3326 1846 3326 1012 3326 651 3327 679 3327 1810 3327 1818 3328 1805 3328 1149 3328 1806 3329 1149 3329 1805 3329 1147 3330 1149 3330 1806 3330 1815 3331 1817 3331 1818 3331 1817 3332 1815 3332 1816 3332 1809 3333 649 3333 1808 3333 1807 3334 649 3334 648 3334 648 3335 1819 3335 1807 3335 1816 3336 1807 3336 1819 3336 1814 3337 1816 3337 1815 3337 1807 3338 1814 3338 1812 3338 1029 3339 1839 3339 1028 3339 649 3340 1807 3340 1808 3340 668 3341 1806 3341 666 3341 1805 3342 666 3342 1806 3342 668 3343 1146 3343 1806 3343 1145 3344 1806 3344 1146 3344 1827 3345 1048 3345 1828 3345 704 3346 1795 3346 1796 3346 1640 3347 723 3347 1803 3347 1797 3348 1798 3348 1799 3348 1048 3349 1827 3349 1056 3349 1826 3350 1056 3350 1827 3350 1056 3351 1826 3351 1051 3351 1825 3352 1051 3352 1826 3352 1051 3353 1825 3353 1052 3353 1035 3354 1844 3354 1034 3354 1843 3355 1034 3355 1844 3355 1034 3356 1843 3356 1027 3356 1842 3357 1027 3357 1843 3357 704 3358 1194 3358 705 3358 1196 3359 639 3359 705 3359 1027 3360 1842 3360 1025 3360 1802 3361 1801 3361 1794 3361 1801 3362 1799 3362 1800 3362 1794 3363 1801 3363 1800 3363 1828 3364 1049 3364 1829 3364 1849 3365 1005 3365 1850 3365 1005 3366 1849 3366 1020 3366 1832 3367 1037 3367 1833 3367 1037 3368 1832 3368 1047 3368 1831 3369 1047 3369 1832 3369 1047 3370 1831 3370 1045 3370 1830 3371 1045 3371 1831 3371 1045 3372 1830 3372 1044 3372 1829 3373 1044 3373 1830 3373 1044 3374 1829 3374 1049 3374 1006 3375 1850 3375 1005 3375 1016 3376 696 3376 1018 3376 697 3377 1018 3377 696 3377 1018 3378 697 3378 1017 3378 699 3379 1017 3379 697 3379 1017 3380 699 3380 1855 3380 1840 3381 1024 3381 1841 3381 1024 3382 1840 3382 1029 3382 1839 3383 1029 3383 1840 3383 1824 3384 1052 3384 1862 3384 1841 3385 1025 3385 1842 3385 1025 3386 1841 3386 1024 3386 1823 3387 1052 3387 1825 3387 1820 3388 1053 3388 1824 3388 1053 3389 1820 3389 1057 3389 637 3390 1057 3390 1820 3390 1057 3391 637 3391 638 3391 1052 3392 1824 3392 1053 3392 1823 3393 1862 3393 1052 3393 1821 3394 1864 3394 1822 3394 1820 3395 635 3395 637 3395 638 3396 1059 3396 1057 3396 1009 3397 1852 3397 1008 3397 1851 3398 1008 3398 1852 3398 1008 3399 1851 3399 1006 3399 1850 3400 1006 3400 1851 3400 1800 3401 1798 3401 720 3401 1799 3402 1798 3402 1800 3402 726 3403 1803 3403 723 3403 724 3404 723 3404 1794 3404 1640 3405 1794 3405 723 3405 720 3406 722 3406 1800 3406 1800 3407 722 3407 1794 3407 724 3408 1794 3408 722 3408 1039 3409 1833 3409 1037 3409 1833 3410 1039 3410 1834 3410 1040 3411 1834 3411 1039 3411 1834 3412 1040 3412 1835 3412 1042 3413 1835 3413 1040 3413 1835 3414 1042 3414 1836 3414 1031 3415 1836 3415 1042 3415 638 3416 639 3416 1196 3416 704 3417 741 3417 1795 3417 1049 3418 1828 3418 1048 3418 1194 3419 704 3419 1796 3419 1796 3420 1795 3420 1797 3420 1798 3421 1797 3421 1795 3421 638 3422 1196 3422 1059 3422 1196 3423 705 3423 1193 3423 1809 3424 679 3424 649 3424 1809 3425 1810 3425 679 3425 1813 3426 1808 3426 1812 3426 1808 3427 1813 3427 1809 3427 1811 3428 1809 3428 1813 3428 1808 3429 1807 3429 1812 3429 524 3430 1856 3430 520 3430 1415 3431 520 3431 1856 3431 526 3432 528 3432 1856 3432 532 3433 1856 3433 528 3433 1856 3434 532 3434 1780 3434 1661 3435 1780 3435 532 3435 1856 3436 524 3436 526 3436 1415 3437 1421 3437 520 3437 1763 3438 1614 3438 1857 3438 543 3439 1857 3439 1614 3439 534 3440 1417 3440 535 3440 1381 3441 1417 3441 534 3441 1857 3442 543 3442 540 3442 1857 3443 535 3443 1417 3443 535 3444 1857 3444 515 3444 540 3445 515 3445 1857 3445 1158 3446 1813 3446 1154 3446 1154 3447 1813 3447 1812 3447 1812 3448 1814 3448 1154 3448 1860 3449 1811 3449 1813 3449 1162 3450 1860 3450 1813 3450 1150 3451 1815 3451 1151 3451 1818 3452 1151 3452 1815 3452 1151 3453 1818 3453 1149 3453 1169 3454 1858 3454 1166 3454 1150 3455 1154 3455 1814 3455 1858 3456 1169 3456 475 3456 1814 3457 1815 3457 1150 3457 1859 3458 1163 3458 1168 3458 1162 3459 1163 3459 1860 3459 1859 3460 1168 3460 1166 3460 1858 3461 475 3461 474 3461 1859 3462 1166 3462 1858 3462 1860 3463 1163 3463 1859 3463 1158 3464 1159 3464 1813 3464 1813 3465 1159 3465 1162 3465 1853 3466 602 3466 1852 3466 590 3467 1851 3467 591 3467 591 3468 1852 3468 602 3468 1852 3469 591 3469 1851 3469 1854 3470 603 3470 1853 3470 602 3471 1853 3471 603 3471 603 3472 1854 3472 582 3472 612 3473 1843 3473 584 3473 1844 3474 584 3474 1843 3474 584 3475 1844 3475 592 3475 1845 3476 592 3476 1844 3476 592 3477 1845 3477 593 3477 1846 3478 593 3478 1845 3478 593 3479 1846 3479 595 3479 589 3480 1850 3480 590 3480 1851 3481 590 3481 1850 3481 1822 3482 582 3482 1854 3482 1843 3483 612 3483 1842 3483 611 3484 1842 3484 612 3484 582 3485 1822 3485 1864 3485 1838 3486 624 3486 1837 3486 624 3487 1838 3487 605 3487 623 3488 1837 3488 624 3488 1849 3489 588 3489 1848 3489 588 3490 1849 3490 589 3490 1850 3491 589 3491 1849 3491 627 3492 1834 3492 628 3492 1835 3493 628 3493 1834 3493 628 3494 1835 3494 622 3494 1836 3495 622 3495 1835 3495 622 3496 1836 3496 623 3496 1837 3497 623 3497 1836 3497 1829 3498 632 3498 1828 3498 631 3499 1828 3499 632 3499 1828 3500 631 3500 1827 3500 601 3501 1827 3501 631 3501 1827 3502 601 3502 1826 3502 600 3503 1826 3503 601 3503 1842 3504 611 3504 1841 3504 610 3505 1841 3505 611 3505 605 3506 1839 3506 606 3506 596 3507 1848 3507 588 3507 1848 3508 596 3508 1847 3508 595 3509 1847 3509 596 3509 1847 3510 595 3510 1846 3510 633 3511 1830 3511 618 3511 1830 3512 633 3512 1829 3512 632 3513 1829 3513 633 3513 574 3514 1861 3514 619 3514 1841 3515 610 3515 1840 3515 606 3516 1840 3516 610 3516 1840 3517 606 3517 1839 3517 1839 3518 605 3518 1838 3518 1833 3519 626 3519 1832 3519 626 3520 1833 3520 627 3520 1834 3521 627 3521 1833 3521 580 3522 1863 3522 575 3522 619 3523 1861 3523 597 3523 1826 3524 600 3524 1825 3524 597 3525 1823 3525 598 3525 1823 3526 597 3526 1861 3526 1831 3527 618 3527 1830 3527 1825 3528 598 3528 1823 3528 598 3529 1825 3529 600 3529 618 3530 1831 3530 625 3530 1832 3531 625 3531 1831 3531 625 3532 1832 3532 626 3532 1861 3533 1862 3533 1823 3533 1181 3534 1865 3534 1179 3534 1799 3535 1191 3535 1797 3535 1191 3536 1799 3536 1184 3536 1184 3537 1799 3537 1866 3537 1189 3538 1797 3538 1191 3538 1797 3539 1189 3539 1796 3539 1187 3540 1796 3540 1189 3540 1867 3541 1177 3541 1175 3541 1801 3542 1866 3542 1799 3542 1374 3543 1801 3543 1802 3543 1866 3544 1801 3544 1374 3544 1194 3545 1796 3545 1187 3545 1183 3546 1866 3546 1865 3546 1865 3547 1379 3547 1179 3547 1766 3548 1174 3548 1868 3548 1172 3549 1868 3549 1174 3549 1374 3550 1379 3550 1866 3550 1865 3551 1866 3551 1379 3551 1179 3552 1379 3552 1175 3552 1867 3553 1175 3553 1379 3553 1183 3554 1184 3554 1866 3554 1868 3555 1177 3555 1867 3555 1177 3556 1868 3556 1172 3556 1183 3557 1865 3557 1181 3557 1764 3558 1763 3558 470 3558 1461 3559 470 3559 1857 3559 1763 3560 1857 3560 470 3560 1780 3561 1416 3561 1856 3561 1779 3562 508 3562 1780 3562 508 3563 1416 3563 1780 3563 1881 3564 1870 3564 1880 3564 1869 3565 1880 3565 1870 3565 1871 3566 1872 3566 1873 3566 1874 3567 1873 3567 1872 3567 1896 3568 1877 3568 1879 3568 1878 3569 1879 3569 1877 3569 1872 3570 1871 3570 1870 3570 1869 3571 1870 3571 1871 3571 1878 3572 1877 3572 1876 3572 1873 3573 1874 3573 1875 3573 1876 3574 1875 3574 1874 3574 1875 3575 1876 3575 1877 3575 1882 3576 1883 3576 1884 3576 1891 3577 1892 3577 1890 3577 1893 3578 1890 3578 1892 3578 1882 3579 1894 3579 1883 3579 1895 3580 1883 3580 1894 3580 1884 3581 1885 3581 1886 3581 1887 3582 1886 3582 1885 3582 1885 3583 1884 3583 1883 3583 1891 3584 1890 3584 1889 3584 1888 3585 1889 3585 1890 3585 1889 3586 1888 3586 1887 3586 1886 3587 1887 3587 1888 3587 712 3588 1880 3588 711 3588 1880 3589 712 3589 1881 3589 573 3590 577 3590 1894 3590 1895 3591 1894 3591 577 3591 1892 3592 1824 3592 1893 3592 1824 3593 1892 3593 1820 3593 1889 3594 1887 3594 576 3594 1887 3595 1885 3595 576 3595 1883 3596 576 3596 1885 3596 1889 3597 636 3597 1891 3597 576 3598 636 3598 1889 3598 576 3599 1883 3599 577 3599 1820 3600 1892 3600 635 3600 635 3601 1891 3601 636 3601 1891 3602 635 3602 1892 3602 577 3603 1883 3603 1895 3603 573 3604 1894 3604 1882 3604 573 3605 1882 3605 574 3605 1884 3606 574 3606 1882 3606 1886 3607 574 3607 1884 3607 1888 3608 574 3608 1886 3608 1890 3609 1893 3609 1861 3609 1824 3610 1861 3610 1893 3610 1861 3611 1824 3611 1862 3611 574 3612 1888 3612 1861 3612 1890 3613 1861 3613 1888 3613 1795 3614 1896 3614 1798 3614 1879 3615 1798 3615 1896 3615 712 3616 716 3616 1870 3616 1870 3617 1881 3617 712 3617 715 3618 1874 3618 716 3618 1872 3619 716 3619 1874 3619 1870 3620 716 3620 1872 3620 1874 3621 715 3621 1876 3621 1876 3622 715 3622 1878 3622 720 3623 1878 3623 715 3623 1878 3624 720 3624 1879 3624 1798 3625 1879 3625 720 3625 711 3626 1880 3626 713 3626 1869 3627 713 3627 1880 3627 713 3628 1871 3628 740 3628 1871 3629 713 3629 1869 3629 1873 3630 740 3630 1871 3630 1875 3631 740 3631 1873 3631 740 3632 1877 3632 741 3632 1877 3633 740 3633 1875 3633 741 3634 1896 3634 1795 3634 1896 3635 741 3635 1877 3635 544 3636 1765 3636 541 3636 1765 3637 544 3637 542 3637 1868 3638 1867 3638 1767 3638 1767 3639 1867 3639 1379 3639 1767 3640 1766 3640 1868 3640 1770 3641 1803 3641 1771 3641 1767 3642 1379 3642 1768 3642 1374 3643 1768 3643 1379 3643 1768 3644 1802 3644 1769 3644 1769 3645 1802 3645 1640 3645 1771 3646 726 3646 1772 3646 1803 3647 726 3647 1771 3647 1772 3648 729 3648 1773 3648 730 3649 1773 3649 729 3649 538 3650 1773 3650 730 3650 1773 3651 538 3651 1774 3651 536 3652 1774 3652 538 3652 1774 3653 536 3653 1775 3653 1776 3654 533 3654 539 3654 1775 3655 533 3655 1776 3655 536 3656 533 3656 1775 3656 1777 3657 539 3657 514 3657 1776 3658 539 3658 1777 3658 1765 3659 514 3659 513 3659 1778 3660 514 3660 1765 3660 1777 3661 514 3661 1778 3661 541 3662 1765 3662 513 3662 726 3663 729 3663 1772 3663 1784 3664 523 3664 1785 3664 518 3665 677 3665 1787 3665 1786 3666 518 3666 1787 3666 1787 3667 678 3667 1788 3667 678 3668 1787 3668 677 3668 1788 3669 651 3669 1789 3669 1782 3670 529 3670 527 3670 1781 3671 529 3671 1782 3671 1784 3672 525 3672 523 3672 1783 3673 525 3673 1784 3673 525 3674 1783 3674 527 3674 1782 3675 527 3675 1783 3675 1786 3676 519 3676 518 3676 1785 3677 519 3677 1786 3677 519 3678 1785 3678 523 3678 1789 3679 1810 3679 1790 3679 1810 3680 1789 3680 651 3680 1790 3681 1809 3681 1791 3681 1810 3682 1809 3682 1790 3682 1811 3683 1791 3683 1809 3683 1791 3684 1811 3684 1792 3684 1792 3685 1860 3685 1793 3685 1811 3686 1860 3686 1792 3686 1793 3687 1858 3687 474 3687 1858 3688 1793 3688 1859 3688 1859 3689 1793 3689 1860 3689 678 3690 651 3690 1788 3690 529 3691 1781 3691 531 3691 530 3692 531 3692 1781 3692 790 3693 1904 3693 836 3693 1898 3694 836 3694 1904 3694 1904 3695 790 3695 1903 3695 787 3696 1903 3696 790 3696 1903 3697 787 3697 1902 3697 789 3698 1902 3698 787 3698 1902 3699 789 3699 1901 3699 1900 3700 1901 3700 789 3700 1900 3701 794 3701 792 3701 794 3702 1900 3702 789 3702 1908 3703 965 3703 1907 3703 858 3704 1905 3704 966 3704 1906 3705 966 3705 1905 3705 967 3706 966 3706 1906 3706 857 3707 1897 3707 858 3707 1905 3708 858 3708 1897 3708 1897 3709 857 3709 1898 3709 479 3710 1909 3710 477 3710 1909 3711 478 3711 477 3711 1899 3712 799 3712 476 3712 799 3713 1899 3713 797 3713 792 3714 797 3714 1899 3714 965 3715 1908 3715 481 3715 1909 3716 481 3716 1908 3716 1907 3717 967 3717 1906 3717 967 3718 1907 3718 965 3718 480 3719 1909 3719 479 3719 481 3720 1909 3720 480 3720 857 3721 836 3721 1898 3721 792 3722 1899 3722 1900 3722 478 3723 1899 3723 476 3723 1903 3724 1899 3724 1904 3724 1902 3725 1899 3725 1903 3725 1901 3726 1899 3726 1902 3726 1900 3727 1899 3727 1901 3727 1909 3728 1906 3728 478 3728 1908 3729 1906 3729 1909 3729 1907 3730 1906 3730 1908 3730 1897 3731 1906 3731 1905 3731 1906 3732 1904 3732 1899 3732 1904 3733 1906 3733 1898 3733 1898 3734 1906 3734 1897 3734 1913 3735 953 3735 1912 3735 1376 3736 803 3736 804 3736 1912 3737 444 3737 1920 3737 443 3738 1912 3738 439 3738 443 3739 444 3739 1912 3739 439 3740 1912 3740 440 3740 807 3741 1376 3741 786 3741 804 3742 786 3742 1376 3742 808 3743 1376 3743 807 3743 910 3744 909 3744 1419 3744 1917 3745 908 3745 1916 3745 1916 3746 908 3746 1915 3746 908 3747 963 3747 1915 3747 1914 3748 962 3748 953 3748 1915 3749 962 3749 1914 3749 1911 3750 1376 3750 808 3750 1911 3751 810 3751 814 3751 808 3752 810 3752 1911 3752 910 3753 1918 3753 813 3753 1919 3754 813 3754 1918 3754 814 3755 813 3755 1919 3755 1910 3756 814 3756 1919 3756 1918 3757 910 3757 1419 3757 1917 3758 909 3758 908 3758 1914 3759 953 3759 1913 3759 440 3760 1912 3760 953 3760 814 3761 1910 3761 1911 3761 963 3762 962 3762 1915 3762 1419 3763 909 3763 1917 3763 1913 3764 1912 3764 1914 3764 1914 3765 1912 3765 1915 3765 1915 3766 1912 3766 1916 3766 1419 3767 1916 3767 1912 3767 1916 3768 1419 3768 1917 3768 1918 3769 1419 3769 1919 3769 1919 3770 1419 3770 1910 3770 1910 3771 1419 3771 1911 3771 1376 3772 1911 3772 1419 3772 803 3773 1376 3773 446 3773 446 3774 1912 3774 1920 3774 1715 3775 1737 3775 1378 3775 1714 3776 1713 3776 1722 3776 1728 3777 1714 3777 1725 3777 1730 3778 1732 3778 1715 3778 1734 3779 1715 3779 1732 3779 1714 3780 1736 3780 1725 3780 1721 3781 1736 3781 1714 3781 1722 3782 1721 3782 1714 3782 1714 3783 1728 3783 1715 3783 1730 3784 1715 3784 1728 3784 1734 3785 1737 3785 1715 3785 1748 3786 1745 3786 1749 3786 1711 3787 1749 3787 1745 3787 1718 3788 1711 3788 1745 3788 1751 3789 1750 3789 1746 3789 1747 3790 1746 3790 1750 3790 1744 3791 1743 3791 1741 3791 1742 3792 1741 3792 1743 3792 1366 3793 1367 3793 1760 3793 1759 3794 1760 3794 1367 3794 1761 3795 1368 3795 1762 3795 1758 3796 1762 3796 1368 3796 1373 3797 1372 3797 1753 3797 1755 3798 1753 3798 1372 3798 1754 3799 1369 3799 1756 3799 1738 3800 1756 3800 1369 3800 1739 3801 1705 3801 1708 3801 1757 3802 1706 3802 1739 3802 1705 3803 1739 3803 1706 3803 659 3804 1921 3804 647 3804 1819 3805 1927 3805 1816 3805 1922 3806 647 3806 1921 3806 1927 3807 1819 3807 1926 3807 682 3808 1926 3808 1819 3808 1926 3809 682 3809 1925 3809 647 3810 1923 3810 682 3810 1925 3811 682 3811 1924 3811 1924 3812 682 3812 1923 3812 1923 3813 647 3813 1922 3813 1921 3814 659 3814 1929 3814 660 3815 1929 3815 659 3815 656 3816 1932 3816 662 3816 1931 3817 662 3817 1932 3817 1932 3818 656 3818 1933 3818 1929 3819 660 3819 1930 3819 662 3820 1930 3820 660 3820 1934 3821 656 3821 1928 3821 1930 3822 662 3822 1931 3822 665 3823 1928 3823 656 3823 1928 3824 665 3824 1817 3824 1933 3825 656 3825 1934 3825 1816 3826 1928 3826 1817 3826 1928 3827 1816 3827 1927 3827 1937 3828 1936 3828 1948 3828 575 3829 1936 3829 1937 3829 1821 3830 1949 3830 1864 3830 575 3831 1935 3831 1936 3831 1863 3832 1940 3832 575 3832 1940 3833 1863 3833 1938 3833 1938 3834 1863 3834 1864 3834 1935 3835 575 3835 1939 3835 1938 3836 1864 3836 1949 3836 1939 3837 575 3837 1940 3837 1855 3838 699 3838 1947 3838 1946 3839 698 3839 1945 3839 698 3840 1946 3840 699 3840 608 3841 1944 3841 698 3841 1945 3842 698 3842 1944 3842 1943 3843 608 3843 1942 3843 1944 3844 608 3844 1943 3844 579 3845 1942 3845 608 3845 579 3846 1941 3846 1942 3846 1946 3847 1947 3847 699 3847 1941 3848 579 3848 1948 3848 1937 3849 1948 3849 579 3849 1821 3850 1855 3850 1949 3850 1947 3851 1949 3851 1855 3851 1943 3852 1935 3852 1944 3852 1939 3853 1944 3853 1935 3853 1944 3854 1939 3854 1945 3854 1947 3855 1946 3855 1949 3855 1938 3856 1949 3856 1946 3856 1940 3857 1945 3857 1939 3857 1942 3858 1936 3858 1943 3858 1935 3859 1943 3859 1936 3859 1948 3860 1936 3860 1941 3860 1938 3861 1946 3861 1940 3861 1945 3862 1940 3862 1946 3862 1942 3863 1941 3863 1936 3863 1933 3864 1925 3864 1932 3864 1934 3865 1926 3865 1933 3865 1925 3866 1933 3866 1926 3866 1923 3867 1931 3867 1924 3867 1932 3868 1924 3868 1931 3868 1924 3869 1932 3869 1925 3869 1934 3870 1928 3870 1926 3870 1927 3871 1926 3871 1928 3871 1922 3872 1921 3872 1930 3872 1922 3873 1930 3873 1923 3873 1929 3874 1930 3874 1921 3874 1931 3875 1923 3875 1930 3875 1899 3876 478 3876 1906 3876 1912 3877 1376 3877 1419 3877 1912 3878 446 3878 1376 3878 1494 3879 1577 3879 1637 3879 29 3880 1382 3880 30 3880 29 3881 1375 3881 34 3881 1494 3882 1636 3882 1496 3882 582 3883 1863 3883 580 3883 1383 3884 4 3884 6 3884 4 3885 5 3885 6 3885 1661 3886 8 3886 1383 3886 29 3887 28 3887 27 3887 30 3888 31 3888 40 3888 102 3889 100 3889 86 3889 959 3890 1196 3890 1193 3890 973 3891 1147 3891 1145 3891 1340 3892 1274 3892 1804 3892 1347 3893 1423 3893 1269 3893 1345 3894 1271 3894 1270 3894 1361 3895 1424 3895 1271 3895 372 3896 375 3896 373 3896 420 3897 418 3897 421 3897 547 3898 545 3898 1381 3898 520 3899 522 3899 518 3899 522 3900 520 3900 1421 3900 380 3901 384 3901 634 3901 187 3902 186 3902 196 3902 1512 3903 51 3903 1377 3903 1501 3904 1502 3904 1499 3904 1378 3905 1703 3905 1705 3905 1749 3906 1712 3906 1713 3906 1806 3907 1145 3907 1147 3907 1794 3908 1640 3908 1802 3908 705 3909 1194 3909 1193 3909 1863 3910 582 3910 1864 3910 1803 3911 1770 3911 1640 3911 1802 3912 1768 3912 1374 3912 3 3913 10 3913 11 3913 29 3914 27 3914 1375 3914</p>
        </triangles>
      </mesh>
    </geometry>
  </library_geometries>
  <library_visual_scenes>
    <visual_scene id="Scene" name="Scene">
      <node id="link2_02" name="link2_02" type="NODE">
        <matrix sid="transform">1 0 0 0 0 1 0 0 0 0 1 0 0 0 0 1</matrix>
        <instance_geometry url="#link2_02-mesh" name="link2_02">
          <bind_material>
            <technique_common>
              <instance_material symbol="link2_02_mat-material" target="#link2_02_mat-material" />
            </technique_common>
          </bind_material>
        </instance_geometry>
      </node>
      <node id="link2_01" name="link2_01" type="NODE">
        <matrix sid="transform">1 0 0 0 0 1 0 0 0 0 1 0 0 0 0 1</matrix>
        <instance_geometry url="#link2_01-mesh" name="link2_01">
          <bind_material>
            <technique_common>
              <instance_material symbol="link2_01_mat-material" target="#link2_01_mat-material" />
            </technique_common>
          </bind_material>
        </instance_geometry>
      </node>
      <node id="link2_00" name="link2_00" type="NODE">
        <matrix sid="transform">1 0 0 0 0 1 0 0 0 0 1 0 0 0 0 1</matrix>
        <instance_geometry url="#link2_00-mesh" name="link2_00">
          <bind_material>
            <technique_common>
              <instance_material symbol="link2_00_mat-material" target="#link2_00_mat-material" />
            </technique_common>
          </bind_material>
        </instance_geometry>
      </node>
    </visual_scene>
  </library_visual_scenes>
  <scene>
    <instance_visual_scene url="#Scene" />
  </scene>
</COLLADA>