# Blender 4.3.2
# www.blender.org
mtllib link4_02.mtl
o link4_02
v -0.023256 0.000297 -0.094500
v -0.023309 0.000393 -0.096500
v -0.023639 -0.001129 -0.096500
v -0.023732 -0.001186 -0.094500
v -0.024942 -0.001735 -0.094500
v -0.025058 -0.001735 -0.096500
v -0.026361 -0.001129 -0.094500
v -0.026443 -0.001023 -0.096500
v -0.026691 0.000393 -0.094500
v -0.026692 0.000264 -0.096500
v -0.026023 0.001443 -0.096500
v -0.025738 0.001607 -0.094500
v -0.024262 0.001607 -0.096500
v -0.024183 0.001532 -0.094500
v 0.014159 -0.022265 -0.094500
v 0.014107 -0.022389 -0.096500
v 0.012573 -0.023459 -0.094500
v 0.012427 -0.023459 -0.096500
v 0.010893 -0.022389 -0.094500
v 0.010968 -0.022468 -0.096500
v 0.010893 -0.020912 -0.096500
v 0.010968 -0.020834 -0.094500
v 0.012203 -0.019907 -0.094500
v 0.012107 -0.019959 -0.096500
v 0.013831 -0.020423 -0.096500
v 0.013861 -0.020521 -0.094500
v -0.010734 -0.022048 -0.094500
v -0.010893 -0.022389 -0.096500
v -0.012427 -0.023459 -0.094500
v -0.011882 -0.023248 -0.096500
v -0.013239 -0.023258 -0.096500
v -0.014107 -0.022389 -0.094500
v -0.014261 -0.021815 -0.096500
v -0.014032 -0.020833 -0.094500
v -0.013523 -0.020208 -0.096500
v -0.013005 -0.019990 -0.094500
v -0.011762 -0.020043 -0.096500
v -0.011477 -0.020208 -0.094500
v -0.010902 -0.021033 -0.096500
v 0.017540 -0.013065 -0.094500
v 0.017497 -0.013054 -0.096500
v 0.016459 -0.023267 -0.096500
v 0.018364 -0.021878 -0.094500
v 0.020761 -0.019618 -0.096500
v 0.022260 -0.017798 -0.094500
v 0.024716 -0.014090 -0.096500
v 0.024691 -0.014140 -0.094500
v -0.027883 0.006183 -0.096500
v -0.027433 0.007726 -0.094500
v -0.028514 0.001623 -0.094500
v -0.028516 -0.001593 -0.096500
v -0.027890 -0.006153 -0.094500
v -0.027021 -0.009250 -0.096500
v -0.025185 -0.013470 -0.094500
v -0.024334 -0.014835 -0.096500
v -0.021075 -0.019275 -0.096500
v -0.022080 -0.018020 -0.094500
v -0.017706 -0.022410 -0.094500
v -0.016381 -0.023322 -0.096500
v -0.012600 -0.025678 -0.096500
v -0.012580 -0.025709 -0.094500
v -0.025780 0.011900 -0.096500
v -0.025828 0.011869 -0.094500
v 0.015057 -0.015695 -0.096500
v 0.011626 -0.018442 -0.094500
v 0.011153 -0.018732 -0.096500
v 0.005939 -0.020976 -0.094500
v 0.005404 -0.021120 -0.096500
v -0.000231 -0.021799 -0.094500
v -0.000786 -0.021786 -0.096500
v -0.005498 -0.020946 -0.094500
v -0.005492 -0.020939 -0.096500
v -0.004784 -0.017470 -0.094500
v -0.004776 -0.017470 -0.096500
v -0.009169 -0.015560 -0.094500
v -0.009643 -0.015271 -0.096500
v -0.013895 -0.011538 -0.094500
v -0.014243 -0.011105 -0.096500
v -0.016446 -0.007317 -0.094500
v -0.016446 -0.007317 -0.096500
v -0.017785 -0.003144 -0.094500
v -0.017873 -0.002596 -0.096500
v -0.017911 0.001787 -0.094500
v -0.017911 0.001787 -0.096500
v -0.017008 0.006075 -0.094500
v -0.016813 0.006595 -0.096500
v -0.014477 0.010819 -0.094500
v -0.014453 0.010912 -0.096500
v 0.012600 -0.025678 -0.094500
v 0.012580 -0.025710 -0.096500
v 0.024259 -0.013106 -0.094500
v 0.024199 -0.013094 -0.096500
v -0.017952 -0.001317 -0.096500
v -0.017458 -0.004382 -0.096500
v -0.023416 -0.000656 -0.096500
v -0.026584 -0.000656 -0.096500
v -0.028235 -0.003878 -0.096500
v -0.028500 0.000015 -0.096500
v -0.026700 -0.000000 -0.096500
v -0.015313 0.011987 -0.096500
v -0.014917 0.011827 -0.096500
v -0.024150 0.001472 -0.096500
v -0.014597 0.011462 -0.096500
v -0.024560 0.001642 -0.096500
v -0.025374 0.011989 -0.096500
v -0.025756 0.011842 -0.096499
v -0.026202 -0.001202 -0.096500
v -0.025850 -0.001472 -0.096500
v -0.027441 -0.007697 -0.096500
v -0.025440 -0.001642 -0.096500
v -0.026132 -0.011373 -0.096500
v -0.025000 -0.001700 -0.096500
v -0.024334 -0.014835 -0.096500
v -0.013156 -0.020067 -0.096500
v -0.013860 -0.020607 -0.096500
v -0.024560 -0.001642 -0.096500
v -0.012060 -0.023293 -0.096500
v -0.011650 -0.023123 -0.096500
v -0.010858 -0.022091 -0.096500
v 0.012510 -0.026069 -0.096500
v -0.011140 -0.022694 -0.096500
v 0.012276 -0.023350 -0.096500
v -0.014485 0.010990 -0.096500
v -0.025850 0.001472 -0.096500
v -0.028231 0.003907 -0.096500
v -0.025440 0.001642 -0.096500
v -0.027433 0.007726 -0.096500
v -0.025000 0.001700 -0.096500
v -0.026063 0.011523 -0.096500
v -0.026202 0.001202 -0.096500
v -0.026584 0.000656 -0.096500
v -0.010858 -0.021211 -0.096500
v -0.005522 -0.020656 -0.096500
v -0.010800 -0.021651 -0.096500
v -0.005448 -0.020906 -0.096500
v -0.005251 -0.021099 -0.096500
v -0.014142 -0.022091 -0.096500
v -0.013972 -0.022501 -0.096500
v -0.016381 -0.023322 -0.096500
v -0.013702 -0.022853 -0.096500
v -0.012874 -0.025449 -0.096500
v -0.014566 0.010620 -0.096500
v -0.023798 0.001202 -0.096500
v -0.016249 0.007744 -0.096500
v -0.023416 0.000656 -0.096500
v -0.017338 0.004837 -0.096500
v -0.017911 0.001787 -0.096500
v -0.023300 -0.000000 -0.096500
v -0.004919 -0.017355 -0.096500
v -0.011028 -0.020801 -0.096500
v -0.004762 -0.017709 -0.096500
v -0.016446 -0.007317 -0.096500
v -0.024150 -0.001472 -0.096500
v -0.023798 -0.001202 -0.096500
v 0.017357 -0.013169 -0.096500
v 0.013156 -0.020067 -0.096500
v 0.015057 -0.015695 -0.096500
v 0.012662 -0.017685 -0.096500
v -0.014944 -0.010034 -0.096500
v -0.012500 -0.019951 -0.096500
v -0.012998 -0.012452 -0.096500
v -0.012060 -0.020009 -0.096500
v -0.010665 -0.014500 -0.096500
v -0.011457 -0.020291 -0.096500
v -0.008015 -0.016117 -0.096500
v -0.014200 -0.021651 -0.096500
v -0.019413 -0.020866 -0.096500
v -0.014142 -0.021211 -0.096500
v -0.022080 -0.018020 -0.096500
v 0.011844 -0.020067 -0.096500
v 0.010007 -0.019311 -0.096500
v 0.012500 -0.019951 -0.096500
v 0.001050 -0.021725 -0.096500
v -0.002063 -0.021652 -0.096500
v 0.011140 -0.020607 -0.096500
v 0.007147 -0.020542 -0.096500
v 0.010858 -0.021211 -0.096500
v 0.004141 -0.021352 -0.096500
v 0.010800 -0.021651 -0.096500
v 0.010858 -0.022091 -0.096500
v 0.011028 -0.022501 -0.096500
v 0.011298 -0.022853 -0.096500
v 0.011650 -0.023123 -0.096500
v 0.012641 -0.025706 -0.096500
v 0.013702 -0.022853 -0.096500
v 0.016459 -0.023267 -0.096500
v 0.013350 -0.023123 -0.096500
v 0.012873 -0.025449 -0.096500
v 0.012940 -0.023293 -0.096500
v -0.012510 -0.026068 -0.096501
v -0.012724 -0.023350 -0.096500
v -0.012641 -0.025706 -0.096500
v -0.013350 -0.023123 -0.096500
v 0.017765 -0.013011 -0.096500
v 0.023842 -0.013012 -0.096500
v 0.013860 -0.020607 -0.096500
v 0.024544 -0.013501 -0.096500
v 0.024675 -0.013949 -0.096500
v 0.024225 -0.013161 -0.096500
v 0.013972 -0.022501 -0.096500
v 0.014142 -0.022091 -0.096500
v 0.019551 -0.020736 -0.096500
v 0.014200 -0.021651 -0.096500
v 0.022260 -0.017798 -0.096500
v 0.014142 -0.021211 -0.096500
v 0.024596 -0.014389 -0.096500
v -0.017952 -0.001317 -0.094500
v -0.017911 0.001787 -0.094500
v -0.023358 0.000440 -0.094500
v 0.011140 -0.020607 -0.094500
v 0.011844 -0.020067 -0.094500
v 0.010007 -0.019311 -0.094500
v -0.013860 -0.020607 -0.094500
v -0.027441 -0.007697 -0.094500
v -0.026132 -0.011373 -0.094500
v -0.026584 -0.000656 -0.094500
v -0.026700 -0.000000 -0.094500
v -0.028500 0.000015 -0.094500
v -0.026584 0.000656 -0.094500
v -0.028231 0.003907 -0.094500
v -0.026063 0.011523 -0.094500
v -0.025375 0.011989 -0.094500
v -0.028235 -0.003878 -0.094500
v -0.026202 -0.001202 -0.094500
v -0.014566 0.010620 -0.094500
v -0.015313 0.011987 -0.094500
v -0.023528 0.000850 -0.094500
v -0.017338 0.004837 -0.094500
v -0.023956 0.001360 -0.094500
v -0.025756 0.011842 -0.094501
v -0.026202 0.001202 -0.094500
v -0.025850 0.001472 -0.094500
v -0.027433 0.007726 -0.094500
v -0.025440 0.001642 -0.094500
v -0.025000 0.001700 -0.094500
v -0.024560 0.001642 -0.094500
v -0.016249 0.007744 -0.094500
v 0.015057 -0.015695 -0.094500
v 0.012662 -0.017685 -0.094500
v 0.012500 -0.019951 -0.094500
v -0.023301 -0.000224 -0.094500
v -0.017458 -0.004382 -0.094500
v -0.023528 -0.000850 -0.094500
v -0.016446 -0.007317 -0.094500
v -0.013156 -0.020067 -0.094500
v -0.023956 -0.001360 -0.094500
v -0.008015 -0.016117 -0.094500
v -0.010665 -0.014500 -0.094500
v -0.011844 -0.020067 -0.094500
v -0.024334 -0.014835 -0.094500
v -0.014142 -0.021211 -0.094500
v -0.022080 -0.018020 -0.094500
v -0.014200 -0.021651 -0.094500
v -0.019413 -0.020866 -0.094500
v -0.014142 -0.022091 -0.094500
v -0.016381 -0.023322 -0.094500
v -0.013972 -0.022501 -0.094500
v -0.014485 0.010991 -0.094500
v -0.014597 0.011462 -0.094500
v 0.023842 -0.013012 -0.094500
v 0.013860 -0.020607 -0.094500
v 0.014142 -0.022091 -0.094500
v 0.013972 -0.022501 -0.094500
v 0.016459 -0.023267 -0.094500
v 0.013702 -0.022853 -0.094500
v 0.012873 -0.025449 -0.094500
v -0.012500 -0.036029 -0.094479
v 0.012500 -0.036034 -0.094460
v 0.012060 -0.023293 -0.094500
v 0.012510 -0.026068 -0.094499
v 0.012724 -0.023350 -0.094500
v 0.012641 -0.025706 -0.094500
v -0.024560 -0.001642 -0.094500
v -0.025000 -0.001700 -0.094500
v -0.025440 -0.001642 -0.094500
v -0.025850 -0.001472 -0.094500
v -0.012724 -0.023350 -0.094500
v -0.014917 0.011827 -0.094500
v 0.017357 -0.013169 -0.094500
v 0.013156 -0.020067 -0.094500
v -0.012500 -0.019951 -0.094500
v -0.012998 -0.012452 -0.094500
v -0.014944 -0.010034 -0.094500
v -0.013350 -0.023123 -0.094500
v -0.013702 -0.022853 -0.094500
v 0.017765 -0.013011 -0.094500
v -0.011140 -0.020607 -0.094500
v -0.004969 -0.017325 -0.094500
v -0.010858 -0.021211 -0.094500
v -0.004759 -0.017647 -0.094500
v 0.014200 -0.021651 -0.094500
v 0.019551 -0.020736 -0.094500
v 0.014142 -0.021211 -0.094500
v 0.022260 -0.017798 -0.094500
v 0.024596 -0.014390 -0.094500
v 0.024675 -0.013949 -0.094500
v 0.013350 -0.023123 -0.094500
v -0.011028 -0.022501 -0.094500
v 0.011298 -0.022853 -0.094500
v -0.010858 -0.022091 -0.094500
v 0.011028 -0.022501 -0.094500
v 0.010858 -0.022091 -0.094500
v -0.011298 -0.022853 -0.094500
v 0.011650 -0.023123 -0.094500
v -0.012060 -0.023293 -0.094500
v -0.012641 -0.025706 -0.094500
v -0.012510 -0.026068 -0.094501
v 0.024544 -0.013501 -0.094500
v -0.005251 -0.021099 -0.094500
v -0.010800 -0.021651 -0.094500
v -0.002063 -0.021652 -0.094500
v 0.001050 -0.021725 -0.094500
v 0.004141 -0.021352 -0.094500
v 0.010800 -0.021651 -0.094500
v 0.007147 -0.020542 -0.094500
v 0.010858 -0.021211 -0.094500
v -0.012873 -0.025449 -0.094500
v -0.011650 -0.023123 -0.094500
v 0.024225 -0.013160 -0.094500
v -0.005448 -0.020906 -0.094500
v -0.005522 -0.020656 -0.094500
v 0.012500 -0.035888 -0.094478
v 0.012500 -0.035600 -0.096500
v -0.012500 -0.035600 -0.096500
v -0.012500 -0.035889 -0.094478
v -0.014879 0.011885 -0.094500
v -0.014941 0.011898 -0.096500
v 0.012500 -0.039069 -0.093549
v -0.002924 -0.039100 -0.093000
v -0.012500 -0.038977 -0.094334
v 0.012500 -0.038346 -0.095212
v -0.012500 -0.036716 -0.096393
v 0.012500 -0.036521 -0.096448
v 0.012500 -0.037046 -0.093616
v -0.012500 -0.037047 -0.093572
v -0.002924 -0.037100 -0.093000
v 0.012500 -0.037078 -0.093289
v 0.012500 -0.039100 -0.093000
v 0.012500 -0.038981 -0.093906
v 0.012500 -0.036800 -0.093921
v 0.012500 -0.038631 -0.094750
v 0.012500 -0.038075 -0.095475
v 0.012500 -0.036350 -0.094299
v 0.012500 -0.037350 -0.096031
v 0.012500 -0.036506 -0.096381
v -0.012500 -0.036506 -0.096381
v -0.012500 -0.036350 -0.094299
v -0.012500 -0.037350 -0.096031
v -0.012500 -0.036800 -0.093921
v -0.012500 -0.038075 -0.095475
v -0.012500 -0.038631 -0.094750
v -0.012500 -0.037090 -0.093249
v -0.012500 -0.038981 -0.093906
v -0.012500 -0.039100 -0.093000
v 0.001742 -0.039100 -0.050454
v 0.002188 -0.037100 -0.051546
v 0.000687 -0.037100 -0.046296
v 0.000667 -0.039100 -0.043378
v 0.001161 -0.037100 -0.039140
v 0.001542 -0.039100 -0.038062
v 0.003374 -0.039100 -0.033719
v 0.003684 -0.037100 -0.033209
v 0.007996 -0.039100 -0.028248
v 0.008020 -0.037100 -0.028246
v -0.022805 -0.039100 -0.059946
v -0.022811 -0.037100 -0.059935
v -0.017206 -0.039100 -0.068131
v -0.018118 -0.037100 -0.066675
v -0.015102 -0.037100 -0.072577
v -0.014051 -0.039100 -0.075728
v -0.012723 -0.037100 -0.081075
v -0.012623 -0.039100 -0.083163
v 0.012407 -0.039100 -0.082383
v 0.012372 -0.037100 -0.082257
v 0.010992 -0.037100 -0.072450
v 0.010949 -0.039100 -0.072459
v 0.007664 -0.039100 -0.062065
v 0.007791 -0.037100 -0.062451
v 0.008253 -0.039100 0.002906
v 0.008253 -0.037100 0.002906
v 0.008767 -0.039100 -0.000079
v 0.008747 -0.037100 -0.000594
v 0.008006 -0.039100 -0.003531
v 0.008006 -0.037100 -0.003531
v 0.006337 -0.039100 -0.006059
v 0.005970 -0.037100 -0.006421
v 0.003419 -0.039100 -0.008054
v 0.003419 -0.037100 -0.008054
v 0.000414 -0.039100 -0.008802
v 0.000016 -0.037100 -0.008811
v -0.003021 -0.039100 -0.008212
v -0.003877 -0.037100 -0.007913
v -0.005615 -0.039100 -0.006817
v -0.007426 -0.037100 -0.004661
v -0.007824 -0.039100 -0.003918
v -0.008837 -0.039100 -0.000810
v -0.008843 -0.037100 -0.000737
v -0.008140 -0.039100 0.003372
v -0.007979 -0.037100 0.003737
v -0.005192 -0.039100 0.007119
v -0.004949 -0.037100 0.007265
v -0.001514 -0.039100 0.008680
v -0.001120 -0.037100 0.008740
v 0.003229 -0.039100 0.008198
v 0.003482 -0.037100 0.008072
v 0.006445 -0.039100 0.005944
v 0.006783 -0.037100 0.005555
v -0.005035 -0.039100 0.011917
v -0.005139 -0.037100 0.010995
v -0.005505 -0.039100 0.010436
v -0.006010 -0.037100 0.010157
v -0.007448 -0.039100 0.010021
v -0.007580 -0.037100 0.010083
v -0.008465 -0.039100 0.011498
v -0.008478 -0.037100 0.011616
v -0.007842 -0.039100 0.013132
v -0.007892 -0.037100 0.013041
v -0.006060 -0.037100 0.013320
v -0.005848 -0.039100 0.013204
v -0.005100 -0.037100 0.012230
v -0.011849 -0.039100 0.000419
v -0.011826 -0.037100 0.000317
v -0.012068 -0.039100 -0.001107
v -0.012161 -0.037100 -0.001219
v -0.013967 -0.039100 -0.001706
v -0.014095 -0.037100 -0.001666
v -0.015275 -0.039100 -0.000247
v -0.015286 -0.037100 -0.000096
v -0.014376 -0.039100 0.001537
v -0.014257 -0.037100 0.001599
v -0.012607 -0.039100 0.001527
v -0.012494 -0.037100 0.001455
v -0.005039 -0.039100 -0.011243
v -0.005051 -0.037100 -0.012050
v -0.005506 -0.039100 -0.012949
v -0.005994 -0.037100 -0.013290
v -0.007423 -0.039100 -0.013353
v -0.007518 -0.037100 -0.013237
v -0.008490 -0.037100 -0.012006
v -0.008476 -0.039100 -0.011960
v -0.008169 -0.039100 -0.010688
v -0.008218 -0.037100 -0.010789
v -0.007427 -0.037100 -0.010065
v -0.006489 -0.039100 -0.009894
v -0.005529 -0.037100 -0.010379
v 0.008474 -0.039100 -0.011482
v 0.008558 -0.037100 -0.011606
v 0.007994 -0.039100 -0.012949
v 0.007506 -0.037100 -0.013290
v 0.006049 -0.039100 -0.013337
v 0.005742 -0.037100 -0.013144
v 0.005026 -0.039100 -0.011900
v 0.005016 -0.037100 -0.011785
v 0.005505 -0.039100 -0.010436
v 0.005598 -0.037100 -0.010359
v 0.007448 -0.039100 -0.010021
v 0.007346 -0.037100 -0.010026
v 0.014376 -0.039100 -0.001537
v 0.014257 -0.037100 -0.001599
v 0.012607 -0.039100 -0.001527
v 0.012494 -0.037100 -0.001455
v 0.011849 -0.039100 -0.000419
v 0.011826 -0.037100 -0.000317
v 0.012068 -0.039100 0.001107
v 0.012161 -0.037100 0.001219
v 0.013967 -0.039100 0.001706
v 0.014095 -0.037100 0.001666
v 0.015275 -0.039100 0.000247
v 0.015286 -0.037100 0.000096
v 0.008513 -0.037100 0.011547
v 0.008182 -0.039100 0.010585
v 0.007304 -0.037100 0.009970
v 0.006728 -0.039100 0.009988
v 0.005492 -0.039100 0.010448
v 0.005401 -0.037100 0.010547
v 0.005105 -0.039100 0.012392
v 0.005166 -0.037100 0.012531
v 0.006997 -0.039100 0.013483
v 0.006896 -0.037100 0.013453
v 0.008064 -0.037100 0.012797
v 0.008356 -0.039100 0.012322
v 0.003257 -0.039100 0.013458
v 0.003232 -0.037100 0.014074
v 0.002785 -0.037100 0.011608
v 0.002841 -0.039100 0.011855
v 0.001638 -0.039100 0.010655
v -0.000276 -0.037100 0.010130
v -0.000894 -0.039100 0.010239
v -0.002512 -0.037100 0.011386
v -0.002842 -0.039100 0.011908
v -0.003200 -0.037100 0.012893
v -0.003283 -0.039100 0.013504
v -0.002960 -0.037100 0.015003
v -0.002803 -0.039100 0.015194
v -0.001239 -0.039100 0.016579
v -0.000606 -0.037100 0.016827
v 0.001041 -0.039100 0.016625
v 0.002235 -0.037100 0.015938
v 0.002654 -0.039100 0.015494
v -0.008417 -0.039100 0.006684
v -0.008353 -0.037100 0.007196
v -0.008943 -0.039100 0.004936
v -0.009000 -0.037100 0.004871
v -0.010154 -0.039100 0.003824
v -0.010176 -0.037100 0.003812
v -0.012585 -0.039100 0.003489
v -0.011911 -0.037100 0.003483
v -0.013909 -0.037100 0.004280
v -0.014559 -0.039100 0.005170
v -0.014904 -0.037100 0.006117
v -0.014967 -0.039100 0.007163
v -0.014755 -0.037100 0.007832
v -0.013960 -0.039100 0.009112
v -0.013138 -0.037100 0.009807
v -0.012124 -0.039100 0.010029
v -0.010685 -0.037100 0.009899
v -0.010040 -0.039100 0.009548
v -0.009299 -0.037100 0.009014
v -0.008863 -0.039100 0.008347
v -0.008519 -0.039100 -0.005904
v -0.008420 -0.037100 -0.007032
v -0.008668 -0.039100 -0.008070
v -0.008972 -0.037100 -0.008574
v -0.010054 -0.039100 -0.009595
v -0.010124 -0.037100 -0.009646
v -0.011757 -0.039100 -0.010024
v -0.011911 -0.037100 -0.010017
v -0.013738 -0.039100 -0.009363
v -0.013909 -0.037100 -0.009220
v -0.014864 -0.039100 -0.007595
v -0.015064 -0.037100 -0.007019
v -0.014826 -0.039100 -0.005866
v -0.014383 -0.037100 -0.004916
v -0.014010 -0.039100 -0.004426
v -0.012721 -0.037100 -0.003595
v -0.012475 -0.039100 -0.003571
v -0.010650 -0.039100 -0.003625
v -0.010573 -0.037100 -0.003664
v -0.009359 -0.039100 -0.004477
v -0.008934 -0.037100 -0.004952
v 0.003179 -0.039100 -0.012716
v 0.003213 -0.037100 -0.012867
v 0.003125 -0.039100 -0.014541
v 0.003087 -0.037100 -0.014619
v 0.002269 -0.039100 -0.015861
v 0.001811 -0.037100 -0.016281
v 0.000400 -0.039100 -0.016795
v -0.001105 -0.037100 -0.016681
v -0.001665 -0.039100 -0.016299
v -0.002845 -0.039100 -0.015138
v -0.002896 -0.037100 -0.015068
v -0.003261 -0.039100 -0.012606
v -0.003267 -0.037100 -0.013280
v -0.002474 -0.037100 -0.011317
v -0.001638 -0.039100 -0.010655
v -0.000633 -0.037100 -0.010287
v 0.000065 -0.039100 -0.010226
v 0.001924 -0.037100 -0.010719
v 0.002047 -0.039100 -0.010887
v 0.014963 -0.039100 -0.005893
v 0.015050 -0.037100 -0.006993
v 0.014542 -0.039100 -0.008345
v 0.013955 -0.037100 -0.009142
v 0.012548 -0.039100 -0.010021
v 0.011416 -0.037100 -0.010120
v 0.009877 -0.039100 -0.009499
v 0.009161 -0.037100 -0.008816
v 0.008620 -0.039100 -0.007955
v 0.008321 -0.037100 -0.006474
v 0.008772 -0.039100 -0.005043
v 0.009537 -0.037100 -0.004284
v 0.011291 -0.039100 -0.003455
v 0.011513 -0.037100 -0.003436
v 0.013385 -0.039100 -0.003947
v 0.013909 -0.037100 -0.004280
v 0.014978 -0.039100 0.006284
v 0.014847 -0.037100 0.007780
v 0.014472 -0.037100 0.004826
v 0.013960 -0.039100 0.004389
v 0.011672 -0.039100 0.003369
v 0.011416 -0.037100 0.003380
v 0.009038 -0.039100 0.004756
v 0.008910 -0.037100 0.004938
v 0.008417 -0.039100 0.006816
v 0.008424 -0.037100 0.006970
v 0.009079 -0.039100 0.008797
v 0.009222 -0.037100 0.008967
v 0.011296 -0.039100 0.010018
v 0.011513 -0.037100 0.010037
v 0.014096 -0.039100 0.009128
v 0.013516 -0.037100 0.009469
v -0.014892 -0.039100 -0.006186
v -0.014637 -0.039100 -0.005376
v -0.009602 -0.039100 0.009240
v -0.008143 -0.039100 -0.012666
v -0.008348 -0.039100 -0.012273
v -0.028500 -0.039100 -0.018837
v -0.004170 -0.039100 0.028193
v -0.008128 -0.039100 0.027316
v -0.028500 -0.039100 0.000000
v -0.028212 -0.039100 0.004045
v -0.025939 -0.039100 0.011808
v -0.027352 -0.039100 0.008007
v -0.021576 -0.039100 0.018620
v -0.024001 -0.039100 0.015370
v -0.018716 -0.039100 0.021494
v -0.015476 -0.039100 0.023932
v -0.011923 -0.039100 0.025886
v -0.000126 -0.039100 0.028500
v 0.003919 -0.039100 0.028229
v 0.018524 -0.039100 0.021659
v 0.015263 -0.039100 0.024069
v 0.011693 -0.039100 0.025991
v 0.007886 -0.039100 0.027387
v 0.023863 -0.039100 0.015582
v 0.021410 -0.039100 0.018811
v 0.006602 -0.039100 0.013385
v 0.007266 -0.039100 0.013326
v 0.008143 -0.039100 0.012667
v 0.007843 -0.039100 0.012994
v 0.006898 -0.039100 0.009998
v 0.007331 -0.039100 0.010094
v 0.025833 -0.039100 0.012038
v 0.007725 -0.039100 0.010299
v 0.008052 -0.039100 0.010599
v 0.008424 -0.039100 0.012062
v 0.008424 -0.039100 0.011396
v 0.008291 -0.039100 0.010973
v 0.010580 -0.039100 0.009804
v 0.011408 -0.039100 0.009988
v 0.013065 -0.039100 0.009696
v 0.013780 -0.039100 0.009240
v 0.014181 -0.039100 0.004661
v 0.013556 -0.039100 0.004088
v 0.028174 -0.039100 0.004295
v 0.012256 -0.039100 0.009951
v 0.008746 -0.039100 0.008124
v 0.009202 -0.039100 0.008839
v 0.009827 -0.039100 0.009412
v 0.014354 -0.039100 0.008614
v 0.014745 -0.039100 0.007862
v 0.027280 -0.039100 0.008250
v 0.014929 -0.039100 0.007033
v 0.014892 -0.039100 0.006186
v 0.014637 -0.039100 0.005376
v 0.012803 -0.039100 0.003696
v 0.011975 -0.039100 0.003512
v 0.008253 -0.039100 0.002906
v 0.011127 -0.039100 0.003549
v 0.010318 -0.039100 0.003805
v 0.009602 -0.039100 0.004260
v 0.009029 -0.039100 0.004886
v 0.007271 -0.039100 0.004868
v 0.008637 -0.039100 0.005638
v 0.008454 -0.039100 0.006467
v 0.008491 -0.039100 0.007314
v 0.012198 -0.039100 0.001093
v 0.012525 -0.039100 0.001393
v 0.014218 -0.039100 0.001541
v 0.014593 -0.039100 0.001302
v 0.014893 -0.039100 0.000975
v 0.015173 -0.039100 0.000371
v 0.028499 -0.039100 0.000253
v 0.012919 -0.039100 0.001597
v 0.013352 -0.039100 0.001694
v 0.013795 -0.039100 0.001674
v 0.008633 -0.039100 -0.001429
v 0.011806 -0.039100 -0.000148
v 0.008717 -0.039100 0.000763
v 0.011865 -0.039100 0.000516
v 0.013205 -0.039100 -0.001674
v 0.012782 -0.039100 -0.001541
v 0.008006 -0.039100 -0.003531
v 0.015174 -0.039100 -0.000295
v 0.015041 -0.039100 -0.000718
v 0.014802 -0.039100 -0.001093
v 0.014475 -0.039100 -0.001393
v 0.014081 -0.039100 -0.001597
v 0.013648 -0.039100 -0.001694
v 0.012407 -0.039100 -0.001302
v 0.011980 -0.039100 -0.000792
v 0.009029 -0.039100 -0.008614
v 0.008403 -0.039100 -0.008769
v 0.008637 -0.039100 -0.007862
v 0.008454 -0.039100 -0.007033
v 0.011408 -0.039100 -0.003512
v 0.012256 -0.039100 -0.003549
v 0.013065 -0.039100 -0.003804
v 0.013780 -0.039100 -0.004260
v 0.008491 -0.039100 -0.006186
v 0.008746 -0.039100 -0.005376
v 0.009202 -0.039100 -0.004661
v 0.009827 -0.039100 -0.004088
v 0.010580 -0.039100 -0.003696
v 0.014354 -0.039100 -0.004886
v 0.014745 -0.039100 -0.005638
v 0.028246 -0.039100 -0.003794
v 0.014929 -0.039100 -0.006467
v 0.027422 -0.039100 -0.007764
v 0.014892 -0.039100 -0.007314
v 0.014637 -0.039100 -0.008123
v 0.014181 -0.039100 -0.008839
v 0.012803 -0.039100 -0.009804
v 0.011975 -0.039100 -0.009988
v 0.009313 -0.039100 -0.027410
v 0.011127 -0.039100 -0.009951
v 0.009602 -0.039100 -0.009240
v 0.010318 -0.039100 -0.009696
v 0.013556 -0.039100 -0.009412
v 0.026043 -0.039100 -0.011577
v 0.024136 -0.039100 -0.015156
v 0.021741 -0.039100 -0.018428
v 0.015688 -0.039100 -0.023794
v 0.018906 -0.039100 -0.021327
v 0.006689 -0.039100 -0.029578
v 0.006898 -0.039100 -0.013385
v 0.001542 -0.039100 -0.038062
v 0.000283 -0.039100 -0.016738
v -0.000821 -0.039100 -0.037009
v -0.000564 -0.039100 -0.016701
v -0.001374 -0.039100 -0.016445
v 0.002775 -0.039100 -0.034959
v 0.004507 -0.039100 -0.032105
v 0.001112 -0.039100 -0.016554
v 0.001864 -0.039100 -0.016162
v 0.000696 -0.039100 -0.044661
v 0.000843 -0.039100 -0.041326
v 0.001106 -0.039100 -0.047975
v 0.002061 -0.039100 -0.051174
v 0.008461 -0.039100 -0.064345
v 0.006228 -0.039100 -0.059146
v 0.003536 -0.039100 -0.054169
v 0.010217 -0.039100 -0.069725
v 0.012500 -0.039100 -0.086500
v 0.012245 -0.039100 -0.080847
v 0.011482 -0.039100 -0.075240
v -0.005276 -0.039100 -0.041115
v -0.010571 -0.039100 -0.037862
v -0.005037 -0.039100 -0.040741
v -0.004710 -0.039100 -0.040441
v -0.004317 -0.039100 -0.040236
v -0.003660 -0.039100 -0.040121
v -0.003017 -0.039100 -0.040293
v -0.002642 -0.039100 -0.040531
v -0.002343 -0.039100 -0.040859
v -0.002289 -0.039100 -0.042754
v -0.003587 -0.039100 -0.043527
v -0.002943 -0.039100 -0.043354
v -0.004251 -0.039100 -0.043468
v -0.004828 -0.039100 -0.043136
v -0.002138 -0.039100 -0.041252
v -0.002042 -0.039100 -0.041685
v -0.002061 -0.039100 -0.042129
v -0.005128 -0.039100 -0.042809
v -0.005333 -0.039100 -0.042415
v -0.005429 -0.039100 -0.041982
v -0.005409 -0.039100 -0.041538
v -0.012500 -0.039100 -0.086500
v -0.022808 -0.039100 -0.059940
v -0.018118 -0.039100 -0.066675
v -0.016129 -0.039100 -0.070342
v -0.028487 -0.039100 -0.040974
v -0.014556 -0.039100 -0.074206
v -0.013418 -0.039100 -0.078220
v -0.012730 -0.039100 -0.082335
v -0.028171 -0.039100 -0.044971
v -0.027434 -0.039100 -0.048913
v -0.026283 -0.039100 -0.052754
v -0.024731 -0.039100 -0.056451
v -0.024295 -0.039100 -0.036142
v -0.024718 -0.039100 -0.036008
v -0.025446 -0.039100 -0.033546
v -0.024975 -0.039100 -0.033075
v -0.024581 -0.039100 -0.032870
v -0.023925 -0.039100 -0.032755
v -0.025093 -0.039100 -0.035770
v -0.025393 -0.039100 -0.035442
v -0.025597 -0.039100 -0.035049
v -0.022402 -0.039100 -0.033886
v -0.022306 -0.039100 -0.034319
v -0.025694 -0.039100 -0.034616
v -0.025674 -0.039100 -0.034172
v -0.022326 -0.039100 -0.034763
v -0.022459 -0.039100 -0.035186
v -0.022698 -0.039100 -0.035560
v -0.023025 -0.039100 -0.035860
v -0.023419 -0.039100 -0.036065
v -0.023852 -0.039100 -0.036161
v -0.023282 -0.039100 -0.032927
v -0.022736 -0.039100 -0.033309
v -0.008717 -0.039100 -0.000763
v -0.007824 -0.039100 -0.003918
v -0.008229 -0.039100 -0.009912
v -0.006604 -0.039100 -0.005741
v -0.003021 -0.039100 -0.008212
v -0.002203 -0.039100 -0.009697
v -0.004969 -0.039100 -0.007202
v 0.003419 -0.039100 -0.008054
v 0.001308 -0.039100 -0.008652
v -0.000884 -0.039100 -0.008705
v 0.005315 -0.039100 -0.006951
v 0.006876 -0.039100 -0.005411
v 0.004027 -0.039100 0.007768
v 0.002243 -0.039100 0.009235
v 0.001968 -0.039100 0.008526
v 0.005832 -0.039100 0.006523
v -0.004401 -0.039100 0.007562
v -0.002382 -0.039100 0.008419
v -0.000214 -0.039100 0.008747
v -0.006144 -0.039100 0.006230
v -0.008385 -0.039100 0.002500
v -0.007500 -0.039100 0.004507
v -0.008746 -0.039100 0.005376
v -0.008744 -0.039100 0.000336
v -0.008491 -0.039100 0.006186
v -0.008454 -0.039100 0.007033
v -0.008637 -0.039100 0.007862
v -0.008463 -0.039100 0.011766
v -0.008291 -0.039100 0.012410
v -0.008347 -0.039100 0.011110
v -0.008143 -0.039100 0.010716
v -0.007843 -0.039100 0.010389
v -0.009029 -0.039100 0.008614
v -0.007468 -0.039100 0.010151
v -0.007045 -0.039100 0.010017
v -0.006379 -0.039100 0.010018
v -0.005209 -0.039100 0.010973
v -0.005076 -0.039100 0.011396
v -0.005076 -0.039100 0.012062
v -0.005448 -0.039100 0.010599
v -0.005775 -0.039100 0.010299
v -0.005357 -0.039100 0.012666
v -0.003238 -0.039100 0.013217
v -0.006455 -0.039100 0.013365
v -0.006032 -0.039100 0.013232
v -0.005657 -0.039100 0.012994
v -0.008052 -0.039100 0.012784
v -0.007542 -0.039100 0.013212
v -0.006898 -0.039100 0.013385
v -0.011865 -0.039100 -0.000516
v -0.012198 -0.039100 -0.001093
v -0.008552 -0.039100 -0.001849
v -0.011903 -0.039100 0.000581
v -0.011806 -0.039100 0.000148
v -0.012525 -0.039100 -0.001393
v -0.012919 -0.039100 -0.001597
v -0.015129 -0.039100 -0.002819
v -0.013352 -0.039100 -0.001694
v -0.013795 -0.039100 -0.001674
v -0.014218 -0.039100 -0.001541
v -0.014593 -0.039100 -0.001302
v -0.015173 -0.039100 -0.000371
v -0.014893 -0.039100 -0.000975
v -0.010580 -0.039100 0.003696
v -0.011408 -0.039100 0.003512
v -0.014081 -0.039100 0.001597
v -0.014475 -0.039100 0.001393
v -0.014802 -0.039100 0.001093
v -0.012407 -0.039100 0.001302
v -0.012107 -0.039100 0.000975
v -0.014745 -0.039100 0.005638
v -0.014929 -0.039100 0.006467
v -0.014892 -0.039100 0.007314
v -0.015174 -0.039100 0.000295
v -0.015041 -0.039100 0.000718
v -0.012782 -0.039100 0.001541
v -0.012256 -0.039100 0.003549
v -0.013205 -0.039100 0.001674
v -0.013065 -0.039100 0.003804
v -0.013648 -0.039100 0.001694
v -0.013780 -0.039100 0.004260
v -0.014354 -0.039100 0.004886
v -0.008291 -0.039100 -0.010973
v -0.009049 -0.039100 -0.010452
v -0.008424 -0.039100 -0.011396
v -0.008444 -0.039100 -0.011840
v -0.007266 -0.039100 -0.013326
v -0.007843 -0.039100 -0.012994
v -0.006032 -0.039100 -0.010151
v -0.005657 -0.039100 -0.010389
v -0.003693 -0.039100 -0.015698
v -0.005209 -0.039100 -0.012410
v -0.005448 -0.039100 -0.012784
v -0.005037 -0.039100 -0.011766
v -0.005775 -0.039100 -0.013084
v -0.006169 -0.039100 -0.013289
v -0.006602 -0.039100 -0.013385
v -0.005357 -0.039100 -0.010716
v -0.005153 -0.039100 -0.011110
v -0.007725 -0.039100 -0.010299
v -0.006455 -0.039100 -0.010017
v -0.006898 -0.039100 -0.009998
v -0.007331 -0.039100 -0.010094
v -0.008052 -0.039100 -0.010599
v 0.006455 -0.039100 -0.013365
v 0.004363 -0.039100 -0.014994
v 0.006169 -0.039100 -0.010094
v 0.005775 -0.039100 -0.010299
v 0.005448 -0.039100 -0.010599
v 0.005209 -0.039100 -0.010973
v 0.006032 -0.039100 -0.013232
v 0.005657 -0.039100 -0.012994
v 0.005357 -0.039100 -0.012666
v 0.005076 -0.039100 -0.012062
v 0.005076 -0.039100 -0.011396
v 0.006825 -0.039100 -0.009979
v 0.007468 -0.039100 -0.010151
v 0.007843 -0.039100 -0.010389
v 0.008143 -0.039100 -0.010716
v 0.008291 -0.039100 -0.012410
v 0.008052 -0.039100 -0.012784
v 0.008347 -0.039100 -0.011110
v 0.008463 -0.039100 -0.011766
v 0.007542 -0.039100 -0.013212
v 0.006455 -0.039100 0.010017
v 0.006032 -0.039100 0.010151
v 0.005657 -0.039100 0.010389
v 0.005037 -0.039100 0.011766
v 0.003201 -0.039100 0.012936
v 0.005153 -0.039100 0.011110
v 0.005357 -0.039100 0.010716
v 0.005209 -0.039100 0.012410
v 0.005448 -0.039100 0.012784
v 0.005775 -0.039100 0.013084
v 0.006169 -0.039100 0.013289
v -0.003201 -0.039100 0.014064
v -0.002946 -0.039100 0.014873
v -0.002490 -0.039100 0.015589
v -0.001864 -0.039100 0.016162
v -0.001112 -0.039100 0.016554
v -0.000283 -0.039100 0.016738
v 0.000564 -0.039100 0.016701
v -0.003054 -0.039100 0.012388
v -0.002662 -0.039100 0.011636
v 0.001864 -0.039100 0.010838
v -0.000564 -0.039100 0.010299
v 0.000283 -0.039100 0.010262
v 0.001112 -0.039100 0.010446
v -0.001374 -0.039100 0.010554
v -0.002089 -0.039100 0.011010
v 0.002490 -0.039100 0.011411
v 0.002945 -0.039100 0.012126
v 0.001374 -0.039100 0.016445
v 0.002089 -0.039100 0.015990
v 0.002662 -0.039100 0.015364
v 0.003054 -0.039100 0.014612
v 0.003238 -0.039100 0.013783
v -0.009827 -0.039100 0.004088
v -0.009202 -0.039100 0.004661
v -0.011975 -0.039100 0.009988
v -0.011127 -0.039100 0.009951
v -0.010318 -0.039100 0.009696
v -0.014637 -0.039100 0.008123
v -0.014181 -0.039100 0.008839
v -0.013556 -0.039100 0.009412
v -0.012803 -0.039100 0.009804
v -0.014745 -0.039100 -0.007862
v -0.014929 -0.039100 -0.007033
v -0.009827 -0.039100 -0.009412
v -0.013065 -0.039100 -0.009696
v -0.013780 -0.039100 -0.009240
v -0.014354 -0.039100 -0.008614
v -0.010580 -0.039100 -0.009804
v -0.011408 -0.039100 -0.009988
v -0.012256 -0.039100 -0.009951
v -0.009202 -0.039100 -0.008839
v -0.008746 -0.039100 -0.008124
v -0.008637 -0.039100 -0.005638
v -0.008454 -0.039100 -0.006467
v -0.008491 -0.039100 -0.007314
v -0.009029 -0.039100 -0.004886
v -0.009602 -0.039100 -0.004260
v -0.010318 -0.039100 -0.003804
v -0.011975 -0.039100 -0.003512
v -0.011127 -0.039100 -0.003549
v -0.012803 -0.039100 -0.003696
v -0.013556 -0.039100 -0.004088
v -0.014181 -0.039100 -0.004661
v -0.002089 -0.039100 -0.015990
v -0.002662 -0.039100 -0.015364
v -0.003201 -0.039100 -0.012936
v -0.003238 -0.039100 -0.013783
v -0.003054 -0.039100 -0.014612
v -0.002946 -0.039100 -0.012126
v -0.002490 -0.039100 -0.011411
v -0.001864 -0.039100 -0.010838
v -0.001112 -0.039100 -0.010446
v -0.000283 -0.039100 -0.010262
v 0.000564 -0.039100 -0.010299
v 0.001374 -0.039100 -0.010554
v 0.002089 -0.039100 -0.011010
v 0.003201 -0.039100 -0.014064
v 0.002945 -0.039100 -0.014874
v 0.002490 -0.039100 -0.015589
v 0.002662 -0.039100 -0.011636
v 0.003054 -0.039100 -0.012388
v 0.003238 -0.039100 -0.013217
v -0.021576 -0.037100 0.018620
v -0.018716 -0.037100 0.021494
v 0.003919 -0.037100 0.028229
v 0.001106 -0.037100 -0.047975
v -0.013418 -0.037100 -0.078220
v -0.010571 -0.037100 -0.037862
v -0.028487 -0.037100 -0.040974
v -0.006032 -0.037100 0.013232
v -0.008128 -0.037100 0.027316
v -0.009827 -0.037100 -0.009412
v -0.010580 -0.037100 -0.009804
v -0.008746 -0.037100 -0.008124
v -0.008491 -0.037100 -0.007314
v -0.008229 -0.037100 -0.009912
v -0.009029 -0.037100 -0.004886
v -0.009602 -0.037100 -0.004260
v 0.009029 -0.037100 -0.008614
v 0.009602 -0.037100 -0.009240
v 0.008403 -0.037100 -0.008769
v -0.002662 -0.037100 -0.015364
v -0.003054 -0.037100 -0.014612
v 0.006602 -0.037100 0.013385
v 0.015263 -0.037100 0.024069
v -0.007824 -0.037100 -0.003918
v -0.009202 -0.037100 0.004661
v -0.008746 -0.037100 0.005376
v -0.007500 -0.037100 0.004507
v -0.008385 -0.037100 0.002500
v -0.008744 -0.037100 0.000336
v -0.008717 -0.037100 -0.000763
v -0.006144 -0.037100 0.006230
v -0.008491 -0.037100 0.006186
v -0.004401 -0.037100 0.007562
v -0.002382 -0.037100 0.008419
v -0.008454 -0.037100 0.007033
v 0.001968 -0.037100 0.008526
v 0.002243 -0.037100 0.009235
v -0.000214 -0.037100 0.008747
v 0.004027 -0.037100 0.007768
v 0.010580 -0.037100 0.009804
v 0.009827 -0.037100 0.009412
v 0.006793 -0.037100 0.009634
v 0.008454 -0.037100 0.006467
v 0.008637 -0.037100 0.005638
v 0.007271 -0.037100 0.004868
v 0.009202 -0.037100 0.008839
v 0.008746 -0.037100 0.008124
v 0.008491 -0.037100 0.007314
v 0.005832 -0.037100 0.006523
v 0.010318 -0.037100 0.003805
v 0.008253 -0.037100 0.002906
v 0.009602 -0.037100 0.004260
v 0.009029 -0.037100 0.004886
v 0.011127 -0.037100 0.003549
v 0.011975 -0.037100 0.003512
v 0.028174 -0.037100 0.004295
v 0.012803 -0.037100 0.003696
v 0.013556 -0.037100 0.004088
v 0.014181 -0.037100 0.004661
v 0.014929 -0.037100 0.007033
v 0.014745 -0.037100 0.007862
v 0.025833 -0.037100 0.012038
v 0.014637 -0.037100 0.005376
v 0.014892 -0.037100 0.006186
v 0.027280 -0.037100 0.008250
v 0.014354 -0.037100 0.008614
v 0.013780 -0.037100 0.009240
v 0.013065 -0.037100 0.009696
v 0.014218 -0.037100 0.001541
v 0.014593 -0.037100 0.001302
v 0.014893 -0.037100 0.000975
v 0.013795 -0.037100 0.001674
v 0.013352 -0.037100 0.001694
v 0.012919 -0.037100 0.001597
v 0.012525 -0.037100 0.001393
v 0.012198 -0.037100 0.001093
v 0.011865 -0.037100 0.000516
v 0.008717 -0.037100 0.000763
v 0.008633 -0.037100 -0.001429
v 0.014475 -0.037100 -0.001393
v 0.014802 -0.037100 -0.001093
v 0.028499 -0.037100 0.000253
v 0.008006 -0.037100 -0.003531
v 0.012407 -0.037100 -0.001302
v 0.012782 -0.037100 -0.001541
v 0.011806 -0.037100 -0.000148
v 0.011980 -0.037100 -0.000792
v 0.013205 -0.037100 -0.001674
v 0.013648 -0.037100 -0.001694
v 0.014081 -0.037100 -0.001597
v 0.015041 -0.037100 -0.000718
v 0.015174 -0.037100 -0.000295
v 0.015173 -0.037100 0.000371
v 0.014745 -0.037100 -0.005638
v 0.014929 -0.037100 -0.006467
v 0.028246 -0.037100 -0.003794
v 0.014892 -0.037100 -0.007314
v 0.027422 -0.037100 -0.007764
v 0.014637 -0.037100 -0.008123
v 0.014354 -0.037100 -0.004886
v 0.013780 -0.037100 -0.004260
v 0.013065 -0.037100 -0.003804
v 0.012256 -0.037100 -0.003549
v 0.011408 -0.037100 -0.003512
v 0.010580 -0.037100 -0.003696
v 0.009827 -0.037100 -0.004088
v 0.009202 -0.037100 -0.004661
v 0.008746 -0.037100 -0.005376
v 0.008491 -0.037100 -0.006186
v 0.008637 -0.037100 -0.007862
v 0.008454 -0.037100 -0.007033
v 0.005315 -0.037100 -0.006951
v 0.006876 -0.037100 -0.005411
v 0.003419 -0.037100 -0.008054
v 0.001308 -0.037100 -0.008652
v -0.000884 -0.037100 -0.008705
v -0.004202 -0.037100 -0.009872
v -0.003021 -0.037100 -0.008212
v -0.006604 -0.037100 -0.005741
v -0.004969 -0.037100 -0.007202
v -0.017676 -0.037100 -0.002569
v -0.014593 -0.037100 -0.001302
v -0.014218 -0.037100 -0.001541
v -0.013795 -0.037100 -0.001674
v -0.013352 -0.037100 -0.001694
v -0.008552 -0.037100 -0.001849
v -0.012919 -0.037100 -0.001597
v -0.012525 -0.037100 -0.001393
v -0.012198 -0.037100 -0.001093
v -0.011865 -0.037100 -0.000516
v -0.015174 -0.037100 0.000295
v -0.015173 -0.037100 -0.000371
v -0.025939 -0.037100 0.011808
v -0.014893 -0.037100 -0.000975
v -0.014892 -0.037100 0.007314
v -0.014081 -0.037100 0.001597
v -0.014475 -0.037100 0.001393
v -0.011806 -0.037100 0.000148
v -0.011903 -0.037100 0.000581
v -0.014929 -0.037100 0.006467
v -0.014745 -0.037100 0.005638
v -0.014354 -0.037100 0.004886
v -0.013780 -0.037100 0.004260
v -0.014802 -0.037100 0.001093
v -0.015041 -0.037100 0.000718
v -0.012107 -0.037100 0.000975
v -0.011408 -0.037100 0.003512
v -0.012407 -0.037100 0.001302
v -0.012256 -0.037100 0.003549
v -0.012782 -0.037100 0.001541
v -0.013065 -0.037100 0.003804
v -0.013205 -0.037100 0.001674
v -0.013648 -0.037100 0.001694
v 0.005448 -0.037100 -0.010599
v 0.005209 -0.037100 -0.010973
v 0.005357 -0.037100 -0.012666
v 0.005657 -0.037100 -0.012994
v 0.006689 -0.037100 -0.029578
v 0.006032 -0.037100 -0.013232
v 0.006455 -0.037100 -0.013365
v 0.005076 -0.037100 -0.011396
v 0.005076 -0.037100 -0.012062
v 0.008463 -0.037100 -0.011766
v 0.009313 -0.037100 -0.027410
v 0.007542 -0.037100 -0.013212
v 0.008052 -0.037100 -0.012784
v 0.008347 -0.037100 -0.011110
v 0.008143 -0.037100 -0.010716
v 0.007843 -0.037100 -0.010389
v 0.007468 -0.037100 -0.010151
v 0.006825 -0.037100 -0.009979
v 0.006169 -0.037100 -0.010094
v 0.005775 -0.037100 -0.010299
v 0.008291 -0.037100 -0.012410
v 0.006898 -0.037100 -0.013385
v 0.005037 -0.037100 0.011766
v 0.005357 -0.037100 0.010716
v 0.005657 -0.037100 0.010389
v 0.006032 -0.037100 0.010151
v 0.006455 -0.037100 0.010017
v 0.005153 -0.037100 0.011110
v 0.006169 -0.037100 0.013289
v 0.005775 -0.037100 0.013084
v 0.003238 -0.037100 0.013783
v 0.005448 -0.037100 0.012784
v 0.005209 -0.037100 0.012410
v 0.023863 -0.037100 0.015582
v 0.008143 -0.037100 0.012667
v 0.007843 -0.037100 0.012994
v 0.007266 -0.037100 0.013326
v 0.006898 -0.037100 0.009998
v 0.007331 -0.037100 0.010094
v 0.007725 -0.037100 0.010299
v 0.008052 -0.037100 0.010599
v 0.008291 -0.037100 0.010973
v 0.008424 -0.037100 0.011396
v 0.008424 -0.037100 0.012062
v -0.011975 -0.037100 0.009988
v -0.011127 -0.037100 0.009951
v -0.013556 -0.037100 0.009412
v -0.014181 -0.037100 0.008839
v -0.014637 -0.037100 0.008123
v -0.012803 -0.037100 0.009804
v -0.011923 -0.037100 0.025886
v -0.010318 -0.037100 0.009696
v -0.007468 -0.037100 0.010151
v -0.009029 -0.037100 0.008614
v -0.008143 -0.037100 0.010716
v -0.009602 -0.037100 0.009240
v -0.008347 -0.037100 0.011110
v -0.007843 -0.037100 0.010389
v -0.007045 -0.037100 0.010017
v -0.006379 -0.037100 0.010018
v -0.008637 -0.037100 0.007862
v -0.009827 -0.037100 0.004088
v -0.010580 -0.037100 0.003696
v -0.002946 -0.037100 -0.012126
v -0.003201 -0.037100 -0.012936
v -0.003238 -0.037100 -0.013783
v -0.001112 -0.037100 -0.010446
v -0.001864 -0.037100 -0.010838
v -0.002490 -0.037100 -0.011411
v -0.000283 -0.037100 -0.010262
v 0.000564 -0.037100 -0.010299
v 0.002945 -0.037100 -0.014874
v 0.003201 -0.037100 -0.014064
v 0.003238 -0.037100 -0.013217
v 0.003054 -0.037100 -0.012388
v 0.002662 -0.037100 -0.011636
v 0.002089 -0.037100 -0.011010
v 0.001374 -0.037100 -0.010554
v -0.000821 -0.037100 -0.037009
v -0.001374 -0.037100 -0.016445
v -0.000564 -0.037100 -0.016701
v 0.001112 -0.037100 -0.016554
v 0.001864 -0.037100 -0.016162
v 0.002490 -0.037100 -0.015589
v 0.002775 -0.037100 -0.034959
v 0.001542 -0.037100 -0.038062
v 0.000283 -0.037100 -0.016738
v 0.004507 -0.037100 -0.032105
v -0.002089 -0.037100 -0.015990
v 0.011408 -0.037100 0.009988
v 0.012256 -0.037100 0.009951
v 0.014181 -0.037100 -0.008839
v 0.010318 -0.037100 -0.009696
v 0.011127 -0.037100 -0.009951
v 0.011975 -0.037100 -0.009988
v 0.026043 -0.037100 -0.011577
v 0.012803 -0.037100 -0.009804
v 0.013556 -0.037100 -0.009412
v -0.014892 -0.037100 -0.006186
v -0.014929 -0.037100 -0.007033
v -0.014745 -0.037100 -0.007862
v -0.014637 -0.037100 -0.005376
v -0.014181 -0.037100 -0.004661
v -0.010318 -0.037100 -0.003804
v -0.013556 -0.037100 -0.004088
v -0.011127 -0.037100 -0.003549
v -0.011975 -0.037100 -0.003512
v -0.012803 -0.037100 -0.003696
v -0.008454 -0.037100 -0.006467
v -0.008637 -0.037100 -0.005638
v -0.009202 -0.037100 -0.008839
v -0.011408 -0.037100 -0.009988
v -0.014354 -0.037100 -0.008614
v -0.013780 -0.037100 -0.009240
v -0.013065 -0.037100 -0.009696
v -0.012256 -0.037100 -0.009951
v -0.003201 -0.037100 0.014064
v -0.002946 -0.037100 0.014873
v -0.002490 -0.037100 0.015589
v -0.001864 -0.037100 0.016162
v 0.001374 -0.037100 0.016445
v 0.000564 -0.037100 0.016701
v -0.000283 -0.037100 0.016738
v -0.001112 -0.037100 0.016554
v 0.003054 -0.037100 0.014612
v 0.002662 -0.037100 0.015364
v 0.002089 -0.037100 0.015990
v 0.003201 -0.037100 0.012936
v 0.002945 -0.037100 0.012126
v 0.001112 -0.037100 0.010446
v 0.001864 -0.037100 0.010838
v 0.002490 -0.037100 0.011411
v -0.002089 -0.037100 0.011010
v -0.001374 -0.037100 0.010554
v -0.000564 -0.037100 0.010299
v 0.000283 -0.037100 0.010262
v -0.002662 -0.037100 0.011636
v -0.005076 -0.037100 0.011396
v -0.003238 -0.037100 0.013217
v -0.003054 -0.037100 0.012388
v -0.008143 -0.037100 -0.012666
v -0.011944 -0.037100 -0.014953
v -0.008424 -0.037100 -0.012062
v -0.008052 -0.037100 -0.010599
v -0.007725 -0.037100 -0.010299
v -0.008291 -0.037100 -0.010973
v -0.008424 -0.037100 -0.011396
v -0.005657 -0.037100 -0.010389
v -0.006032 -0.037100 -0.010151
v -0.006455 -0.037100 -0.010017
v -0.006898 -0.037100 -0.009998
v -0.007331 -0.037100 -0.010094
v -0.005775 -0.037100 -0.013084
v -0.005448 -0.037100 -0.012784
v -0.007266 -0.037100 -0.013326
v -0.006602 -0.037100 -0.013385
v -0.006169 -0.037100 -0.013289
v -0.005209 -0.037100 -0.012410
v -0.005037 -0.037100 -0.011766
v -0.005153 -0.037100 -0.011110
v -0.005357 -0.037100 -0.010716
v -0.007843 -0.037100 -0.012994
v -0.008463 -0.037100 0.011766
v -0.008291 -0.037100 0.012410
v -0.008052 -0.037100 0.012784
v -0.007542 -0.037100 0.013212
v -0.006455 -0.037100 0.013365
v -0.006898 -0.037100 0.013385
v -0.005657 -0.037100 0.012994
v -0.005357 -0.037100 0.012666
v -0.005076 -0.037100 0.012062
v -0.005775 -0.037100 0.010299
v -0.005448 -0.037100 0.010599
v -0.005209 -0.037100 0.010973
v -0.004710 -0.037100 -0.040441
v -0.005037 -0.037100 -0.040741
v -0.004828 -0.037100 -0.043136
v -0.004251 -0.037100 -0.043468
v -0.004317 -0.037100 -0.040236
v -0.003587 -0.037100 -0.043527
v -0.002943 -0.037100 -0.043354
v -0.002289 -0.037100 -0.042754
v -0.002042 -0.037100 -0.041685
v -0.002138 -0.037100 -0.041252
v -0.002343 -0.037100 -0.040859
v -0.002642 -0.037100 -0.040531
v -0.003017 -0.037100 -0.040293
v -0.003660 -0.037100 -0.040121
v -0.002061 -0.037100 -0.042129
v -0.005333 -0.037100 -0.042415
v -0.005128 -0.037100 -0.042809
v -0.005276 -0.037100 -0.041115
v -0.005409 -0.037100 -0.041538
v -0.005429 -0.037100 -0.041982
v -0.014556 -0.037100 -0.074206
v -0.016129 -0.037100 -0.070342
v -0.018118 -0.037100 -0.066675
v -0.028171 -0.037100 -0.044971
v -0.022808 -0.037100 -0.059940
v -0.024731 -0.037100 -0.056451
v -0.026283 -0.037100 -0.052754
v -0.027434 -0.037100 -0.048913
v -0.012500 -0.037100 -0.086500
v -0.012730 -0.037100 -0.082335
v 0.002061 -0.037100 -0.051174
v 0.003536 -0.037100 -0.054169
v 0.006228 -0.037100 -0.059146
v 0.008461 -0.037100 -0.064345
v 0.010217 -0.037100 -0.069725
v 0.011482 -0.037100 -0.075240
v 0.012245 -0.037100 -0.080847
v 0.012500 -0.037100 -0.086500
v 0.000843 -0.037100 -0.041326
v 0.000696 -0.037100 -0.044661
v 0.024136 -0.037100 -0.015156
v 0.021741 -0.037100 -0.018428
v 0.018906 -0.037100 -0.021327
v 0.015688 -0.037100 -0.023794
v 0.018524 -0.037100 0.021659
v 0.021410 -0.037100 0.018811
v 0.007886 -0.037100 0.027387
v 0.011693 -0.037100 0.025991
v -0.004170 -0.037100 0.028193
v -0.000126 -0.037100 0.028500
v -0.015476 -0.037100 0.023932
v -0.024001 -0.037100 0.015370
v -0.027352 -0.037100 0.008007
v -0.028212 -0.037100 0.004045
v -0.028501 -0.037100 -0.000010
v -0.024295 -0.037100 -0.036142
v -0.023852 -0.037100 -0.036161
v -0.022306 -0.037100 -0.034319
v -0.022402 -0.037100 -0.033886
v -0.022736 -0.037100 -0.033309
v -0.023282 -0.037100 -0.032927
v -0.023925 -0.037100 -0.032755
v -0.023025 -0.037100 -0.035860
v -0.022698 -0.037100 -0.035560
v -0.025597 -0.037100 -0.035049
v -0.025393 -0.037100 -0.035442
v -0.023419 -0.037100 -0.036065
v -0.022459 -0.037100 -0.035186
v -0.022326 -0.037100 -0.034763
v -0.024581 -0.037100 -0.032870
v -0.024975 -0.037100 -0.033075
v -0.025446 -0.037100 -0.033546
v -0.025093 -0.037100 -0.035770
v -0.024718 -0.037100 -0.036008
v -0.025674 -0.037100 -0.034172
v -0.025694 -0.037100 -0.034616
v -0.028487 -0.039100 -0.040974
v -0.028487 -0.037100 -0.040974
v -0.027966 -0.037100 -0.046611
v -0.027835 -0.039100 -0.047310
v -0.025737 -0.037100 -0.054313
v -0.025461 -0.039100 -0.054969
v -0.028486 -0.039100 0.002405
v -0.028489 -0.037100 0.002106
v 0.017092 -0.037100 -0.022887
v 0.017666 -0.039100 -0.022448
v 0.023071 -0.037100 -0.016889
v 0.023031 -0.039100 -0.016860
v 0.026043 -0.039100 -0.011577
v 0.026996 -0.037100 -0.009606
v 0.027885 -0.039100 -0.005790
v 0.028529 -0.037100 -0.000903
v 0.028499 -0.039100 0.000253
v 0.028018 -0.039100 0.005675
v 0.027962 -0.037100 0.006073
v 0.025301 -0.039100 0.013242
v 0.025833 -0.037100 0.012038
v 0.023189 -0.037100 0.016726
v 0.020048 -0.039100 0.020317
v 0.018524 -0.037100 0.021659
v 0.015263 -0.039100 0.024069
v 0.014075 -0.037100 0.024877
v 0.009829 -0.039100 0.026797
v 0.005492 -0.037100 0.028039
v 0.002438 -0.039100 0.028440
v -0.002222 -0.037100 0.028558
v -0.006160 -0.039100 0.027806
v -0.008129 -0.037100 0.027316
v -0.012877 -0.039100 0.025483
v -0.011923 -0.037100 0.025886
v -0.017856 -0.037100 0.022269
v -0.020203 -0.039100 0.020243
v -0.022846 -0.037100 0.017037
v -0.025250 -0.039100 0.013461
v -0.027007 -0.037100 0.009277
v -0.027352 -0.039100 0.008007
v -0.022231 -0.039100 -0.034477
v -0.022260 -0.037100 -0.034151
v -0.022855 -0.037100 -0.035816
v -0.023124 -0.039100 -0.036004
v -0.024115 -0.037100 -0.036176
v -0.024893 -0.039100 -0.035994
v -0.025349 -0.037100 -0.035612
v -0.025724 -0.039100 -0.034677
v -0.025709 -0.037100 -0.034352
v -0.025097 -0.039100 -0.033028
v -0.025145 -0.037100 -0.033119
v -0.023404 -0.037100 -0.032802
v -0.023107 -0.039100 -0.032940
v -0.002127 -0.037100 -0.042664
v -0.002138 -0.039100 -0.042514
v -0.003287 -0.039100 -0.043545
v -0.003879 -0.037100 -0.043597
v -0.004991 -0.039100 -0.043078
v -0.005049 -0.037100 -0.042939
v -0.005492 -0.037100 -0.041706
v -0.005450 -0.039100 -0.041608
v -0.004611 -0.039100 -0.040297
v -0.004683 -0.037100 -0.040379
v -0.003376 -0.037100 -0.040135
v -0.003259 -0.039100 -0.040188
v -0.002198 -0.039100 -0.040958
v -0.002280 -0.037100 -0.040886
v -0.028487 -0.039100 -0.040974
v -0.028487 -0.037100 -0.040974
v -0.001825 0.021673 -0.094500
v -0.001825 0.021673 -0.096500
v 0.002906 0.021614 -0.094500
v 0.003497 0.021526 -0.096500
v 0.009331 0.019711 -0.094500
v 0.009868 0.019448 -0.096500
v 0.013798 0.016813 -0.094500
v 0.013798 0.016813 -0.096500
v 0.017149 0.013472 -0.094500
v 0.017512 0.012997 -0.096500
v 0.020430 0.007630 -0.094500
v 0.020632 0.007067 -0.096500
v 0.021613 0.002438 -0.094500
v 0.021804 0.000469 -0.096500
v 0.021688 -0.002293 -0.094500
v 0.020916 -0.006174 -0.096500
v 0.020428 -0.007467 -0.094500
v 0.018878 -0.010960 -0.094500
v 0.018888 -0.010941 -0.096500
v 0.025780 -0.011900 -0.096500
v 0.025828 -0.011869 -0.094500
v 0.027433 -0.007726 -0.096500
v 0.028026 -0.005502 -0.094500
v 0.028467 -0.002316 -0.096500
v 0.028500 -0.000015 -0.094500
v 0.028031 0.005473 -0.096500
v 0.027890 0.006153 -0.094500
v 0.026133 0.011373 -0.096500
v 0.026133 0.011373 -0.094500
v 0.023510 0.016217 -0.096500
v 0.023109 0.016783 -0.094500
v 0.018245 0.021973 -0.096500
v 0.017706 0.022410 -0.094500
v 0.012600 0.025678 -0.096500
v 0.012580 0.025709 -0.094500
v -0.016902 0.022998 -0.096500
v -0.017356 0.022657 -0.094500
v -0.021598 0.018657 -0.096500
v -0.021965 0.018224 -0.094500
v -0.024680 0.014198 -0.096500
v -0.024720 0.014018 -0.094500
v -0.012494 0.013042 -0.094500
v -0.012500 0.013034 -0.096500
v 0.026603 -0.000841 -0.094500
v 0.026744 -0.000297 -0.096500
v 0.025817 -0.001532 -0.096500
v 0.024836 -0.001761 -0.094500
v 0.024262 -0.001607 -0.096500
v 0.023526 -0.000918 -0.094500
v 0.023309 -0.000393 -0.096500
v 0.023397 0.000841 -0.094500
v 0.023526 0.000918 -0.096500
v 0.024836 0.001761 -0.096500
v 0.025164 0.001761 -0.094500
v 0.026268 0.001186 -0.096500
v 0.026474 0.000918 -0.094500
v -0.010970 0.020683 -0.096500
v -0.010968 0.020833 -0.094500
v -0.012427 0.019842 -0.094500
v -0.012797 0.019907 -0.096500
v -0.014107 0.020912 -0.094500
v -0.014032 0.020833 -0.096500
v -0.014107 0.022389 -0.096500
v -0.014098 0.022268 -0.094500
v -0.013239 0.023258 -0.094500
v -0.012893 0.023342 -0.096500
v -0.011882 0.023248 -0.094500
v -0.011170 0.022878 -0.096500
v -0.010893 0.022389 -0.094500
v 0.014159 0.021036 -0.094500
v 0.014030 0.020683 -0.096500
v 0.012573 0.019842 -0.094500
v 0.012203 0.019907 -0.096500
v 0.010893 0.020912 -0.094500
v 0.010968 0.020833 -0.096500
v 0.010893 0.022389 -0.096500
v 0.010968 0.022468 -0.094500
v 0.011995 0.023312 -0.094500
v 0.012573 0.023459 -0.096500
v 0.013727 0.022981 -0.094500
v 0.014032 0.022468 -0.096500
v -0.024295 0.039100 -0.036142
v -0.023852 0.039100 -0.036161
v -0.003660 0.039100 -0.040121
v 0.001542 0.039100 -0.038062
v 0.000843 0.039100 -0.041326
v -0.002042 0.039100 -0.041685
v -0.023419 0.039100 -0.036065
v -0.023025 0.039100 -0.035860
v -0.022698 0.039100 -0.035560
v -0.022459 0.039100 -0.035186
v -0.022326 0.039100 -0.034763
v -0.022306 0.039100 -0.034319
v 0.002061 0.039100 -0.051174
v 0.003536 0.039100 -0.054169
v 0.012500 0.039100 -0.086500
v 0.006228 0.039100 -0.059146
v -0.002138 0.039100 -0.041252
v -0.002343 0.039100 -0.040859
v 0.002775 0.039100 -0.034959
v -0.002642 0.039100 -0.040531
v 0.004507 0.039100 -0.032105
v -0.003017 0.039100 -0.040293
v -0.024975 0.039100 -0.033075
v -0.025446 0.039100 -0.033546
v -0.028504 0.039100 -0.000053
v -0.024718 0.039100 -0.036008
v -0.028171 0.039100 -0.044971
v -0.025093 0.039100 -0.035770
v -0.028487 0.039100 -0.040974
v -0.025393 0.039100 -0.035442
v -0.025597 0.039100 -0.035049
v -0.004317 0.039100 -0.040236
v -0.004710 0.039100 -0.040441
v -0.005037 0.039100 -0.040741
v -0.012500 0.039100 -0.086500
v -0.012730 0.039100 -0.082335
v -0.004251 0.039100 -0.043468
v -0.002943 0.039100 -0.043354
v -0.002289 0.039100 -0.042754
v 0.000696 0.039100 -0.044661
v -0.002061 0.039100 -0.042129
v 0.001106 0.039100 -0.047975
v -0.003587 0.039100 -0.043527
v 0.012500 0.039047 -0.093831
v -0.012500 0.038951 -0.094334
v -0.013418 0.039100 -0.078220
v -0.014556 0.039100 -0.074206
v 0.008461 0.039100 -0.064345
v 0.010217 0.039100 -0.069725
v 0.012245 0.039100 -0.080847
v 0.011482 0.039100 -0.075240
v 0.006689 0.039100 -0.029578
v -0.022402 0.039100 -0.033886
v 0.009353 0.039100 -0.027378
v -0.023925 0.039100 -0.032755
v -0.024581 0.039100 -0.032870
v -0.005276 0.039100 -0.041115
v -0.005409 0.039100 -0.041538
v -0.005429 0.039100 -0.041982
v 0.028328 0.039100 0.003127
v 0.028489 0.039100 -0.000794
v -0.022736 0.039100 -0.033309
v 0.028110 0.039100 -0.004700
v 0.027198 0.039100 -0.008517
v -0.004686 0.039100 -0.012126
v -0.023282 0.039100 -0.032927
v -0.012769 0.039100 -0.002437
v -0.012017 0.039100 -0.004958
v -0.025674 0.039100 -0.034172
v -0.025694 0.039100 -0.034616
v -0.004999 0.039100 -0.042991
v -0.022808 0.039100 -0.059940
v -0.016129 0.039100 -0.070342
v -0.018118 0.039100 -0.066675
v 0.018709 0.039100 -0.021499
v 0.015578 0.039100 -0.023866
v -0.002149 0.039100 -0.012821
v 0.000476 0.039100 -0.012991
v 0.003081 0.039100 -0.012630
v 0.011277 0.039100 -0.006468
v 0.012348 0.039100 -0.004066
v -0.010773 0.039100 -0.007276
v -0.009088 0.039100 -0.009295
v -0.007031 0.039100 -0.010935
v -0.028230 0.039100 0.003915
v -0.027424 0.039100 0.007756
v -0.026099 0.039100 0.011449
v -0.024279 0.039100 0.014926
v -0.027434 0.039100 -0.048913
v -0.005333 0.039100 -0.042415
v -0.026283 0.039100 -0.052754
v -0.024731 0.039100 -0.056451
v 0.025770 0.039100 -0.012172
v 0.023854 0.039100 -0.015597
v 0.021485 0.039100 -0.018726
v 0.005560 0.039100 -0.011751
v 0.007812 0.039100 -0.010391
v 0.009744 0.039100 -0.008606
v 0.012914 0.039100 -0.001497
v 0.012951 0.039100 0.001133
v 0.027630 0.039100 0.006988
v 0.012457 0.039100 0.003717
v 0.026408 0.039100 0.010718
v 0.011454 0.039100 0.006148
v -0.006721 0.039100 0.011128
v -0.008823 0.039100 0.009547
v -0.012866 0.039100 0.025431
v -0.021998 0.039100 0.018120
v -0.019301 0.039100 0.020970
v -0.016237 0.039100 0.023422
v 0.008101 0.039100 0.010167
v 0.019878 0.039100 0.020424
v 0.009982 0.039100 0.008328
v 0.022495 0.039100 0.017500
v 0.024685 0.039100 0.014244
v 0.003435 0.039100 0.012538
v 0.009998 0.039100 0.026689
v 0.005889 0.039100 0.011590
v 0.013570 0.039100 0.025062
v 0.016884 0.039100 0.022961
v -0.010564 0.039100 0.007576
v -0.011873 0.039100 0.005294
v -0.012696 0.039100 0.002796
v -0.001788 0.039100 0.012877
v -0.001566 0.039100 0.028457
v 0.000841 0.039100 0.012973
v 0.002358 0.039100 0.028402
v 0.006237 0.039100 0.027809
v -0.004343 0.039100 0.012253
v -0.009251 0.039100 0.026957
v -0.005460 0.039100 0.027972
v -0.012999 0.039100 0.000183
v -0.022402 0.037100 -0.033886
v -0.022306 0.037100 -0.034319
v -0.004710 0.037100 -0.040441
v -0.005429 0.037100 -0.041982
v -0.023025 0.037100 -0.035860
v -0.028171 0.037100 -0.044971
v -0.023419 0.037100 -0.036065
v -0.023852 0.037100 -0.036161
v -0.028487 0.037100 -0.040974
v -0.025393 0.037100 -0.035442
v -0.025597 0.037100 -0.035049
v -0.005037 0.037100 -0.040741
v -0.024295 0.037100 -0.036142
v -0.024718 0.037100 -0.036008
v -0.025093 0.037100 -0.035770
v -0.004251 0.037100 -0.043468
v -0.013418 0.037100 -0.078220
v -0.012730 0.037100 -0.082335
v -0.026283 0.037100 -0.052754
v -0.004999 0.037100 -0.042991
v -0.005333 0.037100 -0.042415
v -0.027434 0.037100 -0.048913
v -0.004317 0.037100 -0.040236
v -0.028504 0.037100 -0.000053
v -0.012769 0.037100 -0.002437
v 0.007812 0.037100 -0.010391
v 0.005560 0.037100 -0.011751
v -0.003660 0.037100 -0.040121
v 0.006228 0.037100 -0.059146
v 0.003536 0.037100 -0.054169
v 0.012500 0.037100 -0.086500
v 0.002061 0.037100 -0.051174
v -0.016129 0.037100 -0.070342
v -0.014556 0.037100 -0.074206
v -0.012500 0.037100 -0.086500
v -0.003587 0.037100 -0.043527
v -0.002943 0.037100 -0.043354
v -0.024731 0.037100 -0.056451
v -0.022808 0.037100 -0.059940
v -0.018118 0.037100 -0.066675
v -0.012951 0.037100 -0.001133
v -0.012999 0.037100 0.000183
v -0.028230 0.037100 0.003915
v -0.012696 0.037100 0.002796
v 0.004507 0.037100 -0.032105
v 0.006689 0.037100 -0.029578
v 0.022495 0.037100 0.017500
v 0.009353 0.037100 -0.027378
v 0.001542 0.037100 -0.038062
v 0.002775 0.037100 -0.034959
v -0.002642 0.037100 -0.040531
v 0.012245 0.037100 -0.080847
v 0.011482 0.037100 -0.075240
v 0.010217 0.037100 -0.069725
v -0.025446 0.037100 -0.033546
v -0.024975 0.037100 -0.033075
v -0.024581 0.037100 -0.032870
v -0.023925 0.037100 -0.032755
v -0.023282 0.037100 -0.032927
v -0.022736 0.037100 -0.033309
v -0.004343 0.037100 0.012253
v -0.001788 0.037100 0.012877
v -0.005460 0.037100 0.027972
v 0.000696 0.037100 -0.044661
v 0.000843 0.037100 -0.041326
v -0.002061 0.037100 -0.042129
v 0.008461 0.037100 -0.064345
v -0.005276 0.037100 -0.041115
v -0.022326 0.037100 -0.034763
v -0.005409 0.037100 -0.041538
v -0.022459 0.037100 -0.035186
v -0.022698 0.037100 -0.035560
v -0.010564 0.037100 0.007576
v -0.024279 0.037100 0.014926
v -0.011873 0.037100 0.005294
v -0.026099 0.037100 0.011449
v -0.027424 0.037100 0.007756
v 0.012457 0.037100 0.003717
v 0.012951 0.037100 0.001133
v 0.012914 0.037100 -0.001497
v 0.012348 0.037100 -0.004066
v -0.002343 0.037100 -0.040859
v -0.002138 0.037100 -0.041252
v -0.002042 0.037100 -0.041685
v 0.001106 0.037100 -0.047975
v -0.002289 0.037100 -0.042754
v -0.025694 0.037100 -0.034616
v -0.025674 0.037100 -0.034172
v 0.003081 0.037100 -0.012630
v 0.000476 0.037100 -0.012991
v -0.002149 0.037100 -0.012821
v -0.004686 0.037100 -0.012126
v -0.007031 0.037100 -0.010935
v -0.009088 0.037100 -0.009295
v -0.001566 0.037100 0.028457
v 0.000841 0.037100 0.012973
v 0.002358 0.037100 0.028402
v 0.006237 0.037100 0.027809
v 0.003435 0.037100 0.012538
v 0.009998 0.037100 0.026689
v 0.005889 0.037100 0.011590
v 0.013570 0.037100 0.025062
v -0.003017 0.037100 -0.040293
v 0.011277 0.037100 -0.006468
v 0.009744 0.037100 -0.008606
v -0.010773 0.037100 -0.007276
v -0.012017 0.037100 -0.004958
v -0.009251 0.037100 0.026957
v -0.012866 0.037100 0.025431
v -0.006721 0.037100 0.011128
v -0.016237 0.037100 0.023422
v -0.008823 0.037100 0.009547
v -0.019301 0.037100 0.020970
v -0.021998 0.037100 0.018120
v 0.016884 0.037100 0.022961
v 0.008101 0.037100 0.010167
v 0.019878 0.037100 0.020424
v 0.009982 0.037100 0.008328
v 0.011454 0.037100 0.006148
v 0.015578 0.037100 -0.023866
v 0.018709 0.037100 -0.021499
v 0.021485 0.037100 -0.018726
v 0.023854 0.037100 -0.015597
v 0.025770 0.037100 -0.012172
v 0.027198 0.037100 -0.008517
v 0.028110 0.037100 -0.004700
v 0.024685 0.037100 0.014244
v 0.028489 0.037100 -0.000794
v 0.028328 0.037100 0.003127
v 0.026408 0.037100 0.010718
v 0.027630 0.037100 0.006988
v -0.028487 0.037100 -0.040974
v -0.028487 0.039100 -0.040974
v -0.027966 0.039100 -0.046611
v -0.027835 0.037100 -0.047310
v -0.025737 0.039100 -0.054313
v -0.025461 0.037100 -0.054969
v -0.022811 0.039100 -0.059935
v -0.022805 0.037100 -0.059946
v -0.017206 0.037100 -0.068131
v -0.018118 0.039100 -0.066675
v -0.015102 0.039100 -0.072577
v -0.013984 0.037100 -0.075827
v -0.012675 0.039100 -0.081882
v -0.012623 0.037100 -0.083163
v 0.012500 0.039063 -0.093578
v 0.012306 0.039100 -0.080236
v 0.012500 0.037084 -0.093248
v 0.012364 0.037100 -0.081973
v -0.028491 0.037100 -0.040974
v -0.028442 0.039100 0.002604
v 0.009365 0.037100 -0.027367
v 0.009336 0.039100 -0.027392
v 0.016941 0.039100 -0.022994
v 0.017499 0.037100 -0.022573
v 0.022559 0.039100 -0.017516
v 0.022981 0.037100 -0.016959
v 0.026475 0.039100 -0.010716
v 0.026729 0.037100 -0.010065
v 0.028110 0.039100 -0.004700
v 0.028110 0.037100 -0.004700
v 0.028549 0.039100 0.000823
v 0.028521 0.037100 0.001521
v 0.027630 0.039100 0.006988
v 0.027630 0.037100 0.006988
v 0.025814 0.039100 0.012222
v 0.025507 0.037100 0.012850
v 0.022495 0.039100 0.017500
v 0.022495 0.037100 0.017500
v 0.018729 0.039100 0.021563
v 0.018196 0.037100 0.022015
v 0.012155 0.039100 0.025846
v 0.011519 0.037100 0.026136
v 0.004662 0.039100 0.028178
v 0.003971 0.037100 0.028284
v -0.003182 0.039100 0.028383
v -0.003875 0.037100 0.028297
v -0.010785 0.039100 0.026447
v -0.009251 0.037100 0.026957
v -0.014917 0.037100 0.024356
v -0.017575 0.039100 0.022513
v -0.020982 0.037100 0.019378
v -0.023039 0.039100 0.016881
v -0.025464 0.037100 0.012937
v -0.026763 0.039100 0.009975
v -0.028294 0.037100 0.004345
v 0.002170 0.037100 -0.051471
v 0.002188 0.039100 -0.051546
v 0.000808 0.037100 -0.046630
v 0.000735 0.039100 -0.046038
v 0.001002 0.037100 -0.039958
v 0.001127 0.039100 -0.039375
v 0.002775 0.037100 -0.034959
v 0.002775 0.039100 -0.034959
v 0.005304 0.037100 -0.030982
v 0.005694 0.039100 -0.030530
v 0.010855 0.037100 -0.071967
v 0.009609 0.039100 -0.067475
v 0.007257 0.037100 -0.061238
v 0.006228 0.039100 -0.059146
v -0.012500 0.037084 -0.093248
v -0.012500 0.039063 -0.093578
v -0.013056 0.037100 0.000913
v -0.012978 0.039099 0.001602
v -0.012547 0.039099 -0.003600
v -0.012348 0.037100 -0.004204
v -0.010773 0.039100 -0.007276
v -0.010773 0.037100 -0.007276
v -0.008322 0.039100 -0.010065
v -0.007952 0.037100 -0.010360
v -0.004686 0.039100 -0.012126
v -0.004686 0.037100 -0.012126
v -0.001081 0.039100 -0.013015
v -0.000609 0.037100 -0.013046
v 0.004139 0.039100 -0.012387
v 0.003081 0.037100 -0.012630
v 0.006953 0.037100 -0.011055
v 0.007812 0.039100 -0.010391
v 0.010473 0.039100 -0.007802
v 0.010749 0.037100 -0.007417
v 0.012348 0.039100 -0.004066
v 0.012348 0.037100 -0.004066
v 0.013053 0.039100 -0.000420
v 0.013060 0.037100 0.000053
v 0.012161 0.039100 0.004761
v 0.011980 0.037100 0.005199
v 0.009298 0.039100 0.009171
v 0.008959 0.037100 0.009502
v 0.005889 0.039100 0.011590
v 0.005889 0.037100 0.011590
v 0.002392 0.039100 0.012839
v 0.001925 0.037100 0.012917
v -0.002865 0.039100 0.012742
v -0.003325 0.037100 0.012630
v -0.007657 0.039100 0.010579
v -0.008036 0.037100 0.010295
v -0.011209 0.039100 0.006702
v -0.011444 0.037100 0.006292
v -0.012500 0.036241 -0.094440
v 0.012500 0.035994 -0.094473
v 0.012500 0.037021 -0.093666
v -0.012500 0.037073 -0.093394
v 0.012500 0.038138 -0.095438
v -0.012500 0.036892 -0.096336
v 0.012500 0.036419 -0.096480
v 0.012500 0.035847 -0.094484
v 0.012500 0.036178 -0.096463
v 0.012500 0.036251 -0.094351
v 0.012500 0.037119 -0.096153
v 0.012500 0.036667 -0.094067
v 0.012500 0.037782 -0.095736
v 0.012500 0.038336 -0.095182
v 0.012500 0.036951 -0.093651
v 0.012500 0.038753 -0.094519
v -0.012500 0.036951 -0.093651
v -0.012500 0.038753 -0.094519
v -0.012500 0.036667 -0.094067
v -0.012500 0.038336 -0.095182
v -0.012500 0.037782 -0.095736
v -0.012500 0.036251 -0.094351
v -0.012500 0.037119 -0.096153
v -0.012500 0.035848 -0.094484
v -0.012500 0.036178 -0.096463
v -0.018357 0.021800 -0.094500
v -0.020684 0.019607 -0.094500
v -0.014142 0.021211 -0.094500
v 0.025000 -0.001700 -0.094500
v 0.024344 -0.001584 -0.094500
v 0.019601 -0.011967 -0.094501
v 0.023798 -0.001202 -0.094500
v 0.021333 -0.004239 -0.094500
v 0.023416 -0.000656 -0.094500
v 0.021731 -0.000912 -0.094500
v 0.021613 0.002438 -0.094500
v 0.023300 -0.000000 -0.094500
v 0.020982 0.005730 -0.094500
v -0.013860 0.020607 -0.094500
v -0.024599 0.014383 -0.094500
v -0.022750 0.017166 -0.094500
v 0.020428 -0.007467 -0.094500
v 0.018948 -0.010734 -0.094500
v 0.012724 0.023350 -0.094500
v 0.012874 0.025449 -0.094500
v 0.012060 0.023293 -0.094500
v 0.012641 0.025706 -0.094500
v 0.012510 0.026068 -0.094499
v 0.011650 0.023123 -0.094500
v -0.011298 0.022853 -0.094500
v -0.011028 0.022501 -0.094500
v -0.001825 0.021673 -0.094500
v -0.012663 0.013013 -0.094500
v -0.012500 0.019951 -0.094500
v -0.013156 0.020067 -0.094500
v 0.018916 -0.011145 -0.094500
v 0.019119 -0.011620 -0.094500
v -0.024675 0.013949 -0.094500
v -0.024405 0.013312 -0.094500
v -0.023952 0.013026 -0.094500
v -0.014200 0.021651 -0.094500
v -0.014142 0.022091 -0.094500
v -0.015799 0.023720 -0.094500
v -0.012510 0.026068 -0.094500
v -0.012724 0.023350 -0.094499
v 0.010858 0.022091 -0.094500
v 0.011028 0.022501 -0.094500
v 0.011298 0.022853 -0.094500
v 0.013702 0.022853 -0.094500
v 0.016381 0.023322 -0.094500
v 0.013350 0.023123 -0.094500
v 0.019852 0.008885 -0.094500
v 0.023416 0.000656 -0.094500
v 0.025656 0.001584 -0.094500
v 0.026202 0.001202 -0.094500
v 0.028235 0.003878 -0.094500
v 0.026584 0.000656 -0.094500
v 0.028500 -0.000015 -0.094500
v -0.024590 0.013609 -0.094500
v -0.013350 0.023123 -0.094500
v -0.012641 0.025706 -0.094502
v -0.010858 0.022091 -0.094500
v -0.010800 0.021651 -0.094500
v -0.012351 0.013129 -0.094500
v -0.011844 0.020067 -0.094500
v -0.010033 0.014945 -0.094500
v -0.011140 0.020607 -0.094500
v 0.027441 0.007697 -0.094500
v 0.025000 0.001700 -0.094500
v 0.026133 0.011373 -0.094500
v 0.024335 0.014835 -0.094500
v 0.026584 -0.000656 -0.094500
v 0.028231 -0.003907 -0.094500
v 0.026700 -0.000000 -0.094500
v 0.026063 -0.011523 -0.094500
v 0.025374 -0.011989 -0.094500
v 0.025755 -0.011842 -0.094501
v 0.026202 -0.001202 -0.094500
v 0.025656 -0.001584 -0.094500
v 0.027433 -0.007726 -0.094500
v 0.011844 0.020067 -0.094500
v 0.011051 0.018733 -0.094500
v 0.012500 0.019951 -0.094500
v 0.013798 0.016813 -0.094500
v 0.013156 0.020067 -0.094500
v 0.011140 0.020607 -0.094500
v 0.008042 0.020209 -0.094500
v 0.010800 0.021651 -0.094500
v -0.012060 0.023293 -0.094500
v 0.010858 0.021211 -0.094500
v 0.004842 0.021204 -0.094500
v 0.001526 0.021696 -0.094500
v -0.011650 0.023123 -0.094500
v -0.013972 0.022501 -0.094500
v -0.013702 0.022853 -0.094500
v -0.012878 0.025444 -0.094500
v -0.004759 0.017647 -0.094500
v 0.013860 0.020607 -0.094500
v 0.018252 0.011830 -0.094500
v 0.016217 0.014493 -0.094500
v -0.005448 0.020906 -0.094500
v -0.004971 0.017324 -0.094500
v -0.010858 0.021211 -0.094500
v 0.013972 0.022501 -0.094500
v 0.014142 0.022091 -0.094500
v 0.019413 0.020866 -0.094500
v 0.014200 0.021651 -0.094500
v 0.022080 0.018020 -0.094500
v 0.014142 0.021211 -0.094500
v 0.024344 0.001584 -0.094500
v 0.023798 0.001202 -0.094500
v -0.005250 0.021100 -0.094500
v -0.007667 0.016285 -0.094500
v -0.005522 0.020656 -0.094500
v 0.014142 0.022091 -0.096500
v 0.013972 0.022501 -0.096500
v 0.016381 0.023322 -0.096500
v 0.013702 0.022853 -0.096500
v 0.012874 0.025449 -0.096500
v 0.028231 -0.003907 -0.096500
v 0.026044 -0.001360 -0.096500
v 0.026472 -0.000850 -0.096500
v 0.026472 0.000850 -0.096500
v 0.028235 0.003878 -0.096500
v 0.026642 0.000440 -0.096500
v 0.028500 -0.000015 -0.096500
v 0.026700 -0.000000 -0.096500
v 0.026642 -0.000440 -0.096500
v -0.011140 0.022694 -0.096500
v -0.013350 0.023123 -0.096500
v -0.012724 0.023350 -0.096500
v 0.026044 0.001360 -0.096500
v 0.027441 0.007697 -0.096500
v 0.025440 0.001642 -0.096500
v 0.026133 0.011373 -0.096500
v 0.025000 0.001700 -0.096500
v -0.010858 0.022091 -0.096500
v 0.012510 0.026069 -0.096500
v -0.010800 0.021651 -0.096500
v 0.013350 0.023123 -0.096500
v 0.012940 0.023293 -0.096500
v 0.012276 0.023350 -0.096502
v -0.011650 0.023123 -0.096500
v -0.012060 0.023293 -0.096500
v 0.023528 0.000850 -0.096500
v 0.023358 0.000440 -0.096500
v 0.021613 0.002438 -0.096500
v 0.026063 -0.011523 -0.096500
v 0.025000 -0.001700 -0.096500
v 0.027433 -0.007726 -0.096500
v 0.025440 -0.001642 -0.096500
v 0.025755 -0.011842 -0.096501
v 0.024344 -0.001584 -0.096500
v 0.025374 -0.011989 -0.096500
v 0.011140 0.020607 -0.096500
v 0.011844 0.020067 -0.096500
v 0.011051 0.018733 -0.096500
v 0.013798 0.016813 -0.096500
v 0.021333 -0.004239 -0.096500
v 0.021731 -0.000912 -0.096500
v 0.023358 -0.000440 -0.096500
v 0.018948 -0.010734 -0.096500
v 0.019601 -0.011967 -0.096501
v 0.012641 0.025706 -0.096500
v 0.023300 -0.000000 -0.096500
v 0.020428 -0.007467 -0.096500
v 0.023798 -0.001202 -0.096500
v 0.023528 -0.000850 -0.096500
v 0.014200 0.021651 -0.096500
v 0.019413 0.020866 -0.096500
v 0.014142 0.021211 -0.096500
v 0.022080 0.018020 -0.096500
v 0.013860 0.020607 -0.096500
v 0.024334 0.014835 -0.096500
v -0.013702 0.022853 -0.096500
v -0.015799 0.023720 -0.096500
v -0.013972 0.022501 -0.096500
v -0.018357 0.021800 -0.096500
v 0.008042 0.020209 -0.096500
v 0.004842 0.021204 -0.096500
v 0.019119 -0.011620 -0.096500
v 0.018916 -0.011145 -0.096499
v -0.012879 0.025444 -0.096500
v -0.012641 0.025706 -0.096500
v -0.012510 0.026068 -0.096500
v -0.010033 0.014945 -0.096500
v -0.012351 0.013129 -0.096500
v -0.012500 0.019951 -0.096500
v -0.012663 0.013013 -0.096500
v -0.013156 0.020067 -0.096500
v -0.023952 0.013026 -0.096500
v -0.013860 0.020607 -0.096500
v 0.010858 0.022091 -0.096500
v 0.011028 0.022501 -0.096500
v 0.011298 0.022853 -0.096500
v 0.010800 0.021651 -0.096500
v 0.010858 0.021211 -0.096500
v 0.012500 0.019951 -0.096500
v 0.013156 0.020067 -0.096500
v 0.016217 0.014493 -0.096500
v 0.018252 0.011830 -0.096500
v 0.023798 0.001202 -0.096500
v 0.020982 0.005730 -0.096500
v 0.024344 0.001584 -0.096500
v -0.012060 0.020009 -0.096500
v -0.011457 0.020291 -0.096500
v -0.007667 0.016285 -0.096500
v -0.011028 0.020801 -0.096500
v -0.014142 0.022091 -0.096500
v -0.014200 0.021651 -0.096500
v -0.020684 0.019607 -0.096500
v -0.014142 0.021211 -0.096500
v -0.022750 0.017166 -0.096500
v -0.024675 0.013949 -0.096500
v -0.024599 0.014383 -0.096500
v -0.010858 0.021211 -0.096500
v -0.004762 0.017709 -0.096500
v -0.001825 0.021673 -0.096500
v -0.005250 0.021100 -0.096500
v 0.019852 0.008885 -0.096500
v -0.024405 0.013312 -0.096500
v -0.004920 0.017354 -0.096500
v -0.024590 0.013609 -0.096500
v 0.001526 0.021696 -0.096500
v 0.011650 0.023123 -0.096500
v -0.005448 0.020906 -0.096500
v -0.005522 0.020656 -0.096500
v -0.012601 0.025675 -0.094500
v -0.012580 0.025707 -0.096500
v 0.019327 -0.011883 -0.096500
v 0.019385 -0.011916 -0.094500
v -0.024313 0.013141 -0.096500
v -0.024146 0.013068 -0.094500
v -0.005497 0.020947 -0.096500
v -0.005492 0.020939 -0.094500
v -0.009108 0.015580 -0.094500
v -0.008686 0.015819 -0.096500
v -0.004776 0.017469 -0.094500
v -0.004785 0.017469 -0.096500
v -0.022231 0.037100 -0.034477
v -0.022260 0.039100 -0.034151
v -0.022855 0.039100 -0.035816
v -0.022813 0.037100 -0.035702
v -0.024010 0.037100 -0.036236
v -0.024115 0.039100 -0.036176
v -0.025349 0.039100 -0.035612
v -0.025675 0.037100 -0.035154
v -0.025709 0.039100 -0.034352
v -0.025097 0.037100 -0.033028
v -0.025145 0.039100 -0.033119
v -0.023404 0.039100 -0.032802
v -0.023107 0.037100 -0.032940
v -0.002127 0.039100 -0.042664
v -0.002303 0.037100 -0.042940
v -0.003879 0.039100 -0.043597
v -0.003979 0.037100 -0.043553
v -0.005123 0.037100 -0.042876
v -0.005190 0.039100 -0.042781
v -0.005441 0.037100 -0.041366
v -0.005401 0.039100 -0.041238
v -0.003965 0.037100 -0.040038
v -0.003820 0.039100 -0.040025
v -0.002198 0.037100 -0.040958
v -0.002280 0.039100 -0.040886
v -0.028487 0.039100 -0.040974
v -0.007235 -0.037100 -0.041834
v -0.007216 -0.037070 -0.041484
v -0.007239 -0.036958 -0.040801
v -0.006922 -0.037099 -0.040357
v -0.007238 -0.036609 -0.039881
v -0.000316 -0.037137 -0.040893
v -0.000235 -0.036604 -0.039886
v -0.000704 -0.037100 -0.040084
v -0.000235 -0.037100 -0.041834
v -0.000252 -0.037001 -0.041028
v -0.006218 -0.037097 -0.039352
v -0.006571 -0.036596 -0.038996
v -0.005219 -0.037097 -0.038653
v -0.005429 -0.036596 -0.038198
v -0.004343 -0.037100 -0.038387
v -0.004084 -0.036596 -0.037838
v -0.003430 -0.037097 -0.038337
v -0.003040 -0.036600 -0.037894
v -0.002253 -0.037097 -0.038652
v -0.002039 -0.036596 -0.038199
v -0.001254 -0.037097 -0.039351
v -0.000898 -0.036596 -0.038998
v -0.007154 -0.037137 -0.042774
v -0.007235 -0.036604 -0.043781
v -0.006766 -0.037100 -0.043584
v -0.007218 -0.037001 -0.042640
v -0.000254 -0.037070 -0.042183
v -0.000232 -0.036958 -0.042866
v -0.000548 -0.037099 -0.043310
v -0.000232 -0.036609 -0.043786
v -0.001253 -0.037097 -0.044315
v -0.000671 -0.036600 -0.044405
v -0.001435 -0.036596 -0.045120
v -0.002251 -0.037097 -0.045014
v -0.002367 -0.036600 -0.045592
v -0.003127 -0.037100 -0.045280
v -0.003387 -0.036596 -0.045830
v -0.004040 -0.037097 -0.045330
v -0.004774 -0.036596 -0.045708
v -0.005218 -0.037097 -0.045015
v -0.006037 -0.036596 -0.045119
v -0.006216 -0.037097 -0.044316
v -0.006799 -0.036600 -0.044405
v -0.000235 -0.029100 -0.039897
v -0.000235 -0.029100 -0.043770
v 0.000024 -0.029100 -0.043202
v 0.000204 -0.029100 -0.042528
v 0.000265 -0.029100 -0.041834
v 0.000204 -0.029100 -0.041139
v 0.000024 -0.029100 -0.040466
v -0.000235 -0.036622 -0.043767
v -0.000235 -0.029100 -0.043770
v -0.000235 -0.029100 -0.039897
v -0.000235 -0.036608 -0.039898
v -0.000234 -0.036962 -0.042834
v -0.000235 -0.037029 -0.041058
v -0.000235 -0.037097 -0.042136
v -0.002512 -0.036836 -0.041673
v -0.002345 -0.037107 -0.041257
v -0.002670 -0.036830 -0.041219
v -0.002984 -0.036836 -0.040855
v -0.002819 -0.037107 -0.040639
v -0.003417 -0.036830 -0.040646
v -0.003539 -0.037107 -0.040341
v -0.003896 -0.036836 -0.040610
v -0.004123 -0.037100 -0.040385
v -0.004486 -0.036836 -0.040854
v -0.004652 -0.037107 -0.040640
v -0.004800 -0.036830 -0.041219
v -0.005126 -0.037107 -0.041258
v -0.004958 -0.036836 -0.041672
v -0.005227 -0.037107 -0.042031
v -0.004875 -0.036836 -0.042305
v -0.004929 -0.037107 -0.042751
v -0.004604 -0.036830 -0.042703
v -0.004208 -0.036836 -0.042973
v -0.004310 -0.037107 -0.043224
v -0.003575 -0.036836 -0.043057
v -0.003735 -0.037100 -0.043334
v -0.003158 -0.037107 -0.043224
v -0.002985 -0.036836 -0.042813
v -0.002540 -0.037107 -0.042749
v -0.002596 -0.036836 -0.042306
v -0.002243 -0.037107 -0.042029
v -0.004958 0.036836 -0.041673
v -0.005125 0.037107 -0.041257
v -0.004800 0.036829 -0.041219
v -0.004487 0.036836 -0.040855
v -0.004651 0.037107 -0.040639
v -0.004053 0.036829 -0.040646
v -0.003931 0.037107 -0.040341
v -0.003575 0.036836 -0.040610
v -0.003347 0.037100 -0.040385
v -0.002985 0.036836 -0.040854
v -0.002818 0.037107 -0.040640
v -0.002670 0.036829 -0.041219
v -0.002344 0.037107 -0.041258
v -0.002512 0.036836 -0.041672
v -0.002243 0.037107 -0.042031
v -0.002595 0.036836 -0.042305
v -0.002541 0.037107 -0.042751
v -0.002984 0.036836 -0.042812
v -0.003160 0.037107 -0.043224
v -0.003417 0.036829 -0.043021
v -0.003895 0.036836 -0.043057
v -0.003735 0.037100 -0.043334
v -0.004312 0.037107 -0.043224
v -0.004486 0.036836 -0.042813
v -0.004930 0.037107 -0.042749
v -0.004875 0.036836 -0.042306
v -0.005227 0.037107 -0.042029
v -0.005060 0.036829 -0.041603
v -0.003966 0.028810 -0.040509
v -0.003504 0.036829 -0.040509
v -0.002410 0.028810 -0.041603
v -0.002410 0.036829 -0.042064
v -0.003504 0.028810 -0.043158
v -0.003966 0.036829 -0.043158
v -0.005060 0.028810 -0.042064
v -0.004898 -0.028810 -0.041300
v -0.004269 -0.036830 -0.040671
v -0.003504 -0.028810 -0.040509
v -0.003144 -0.036830 -0.040726
v -0.002396 -0.036830 -0.041954
v -0.002427 -0.028810 -0.041886
v -0.003615 -0.028810 -0.043173
v -0.003855 -0.036830 -0.043173
v -0.004843 -0.028810 -0.042425
v -0.005043 -0.036830 -0.041886
v -0.003735 -0.028100 -0.041834
v -0.002547 -0.028810 -0.041515
v -0.002670 -0.028810 -0.041219
v -0.002506 -0.028810 -0.041834
v -0.003735 -0.028100 -0.041834
v -0.003735 -0.028100 -0.041834
v -0.003120 -0.028810 -0.040769
v -0.003417 -0.028810 -0.040646
v -0.002866 -0.028810 -0.040964
v -0.003735 -0.028100 -0.041834
v -0.003735 -0.028100 -0.041834
v -0.003735 -0.028100 -0.041834
v -0.004053 -0.028810 -0.040646
v -0.004350 -0.028810 -0.040769
v -0.003735 -0.028810 -0.040604
v -0.003735 -0.028100 -0.041834
v -0.003735 -0.028100 -0.041834
v -0.003735 -0.028100 -0.041834
v -0.004800 -0.028810 -0.041219
v -0.004923 -0.028810 -0.041515
v -0.004604 -0.028810 -0.040964
v -0.003735 -0.028100 -0.041834
v -0.003735 -0.028100 -0.041834
v -0.003735 -0.028100 -0.041834
v -0.004923 -0.028810 -0.042152
v -0.004800 -0.028810 -0.042448
v -0.004965 -0.028810 -0.041834
v -0.003735 -0.028100 -0.041834
v -0.003735 -0.028100 -0.041834
v -0.003735 -0.028100 -0.041834
v -0.004350 -0.028810 -0.042898
v -0.004053 -0.028810 -0.043021
v -0.004604 -0.028810 -0.042703
v -0.003735 -0.028100 -0.041834
v -0.003735 -0.028100 -0.041834
v -0.003735 -0.028100 -0.041834
v -0.003417 -0.028810 -0.043021
v -0.003120 -0.028810 -0.042898
v -0.003735 -0.028810 -0.043063
v -0.003735 -0.028100 -0.041834
v -0.003735 -0.028100 -0.041834
v -0.003735 -0.028100 -0.041834
v -0.002670 -0.028810 -0.042448
v -0.002547 -0.028810 -0.042152
v -0.002866 -0.028810 -0.042703
v -0.003735 -0.028100 -0.041834
v -0.003735 -0.028100 -0.041834
v -0.003735 -0.028100 -0.041834
v -0.003735 0.028100 -0.041834
v -0.004923 0.028810 -0.041515
v -0.004800 0.028810 -0.041219
v -0.004965 0.028810 -0.041834
v -0.003735 0.028100 -0.041834
v -0.003735 0.028100 -0.041834
v -0.004350 0.028810 -0.040769
v -0.004053 0.028810 -0.040646
v -0.004604 0.028810 -0.040964
v -0.003735 0.028100 -0.041834
v -0.003735 0.028100 -0.041834
v -0.003735 0.028100 -0.041834
v -0.003417 0.028810 -0.040646
v -0.003120 0.028810 -0.040769
v -0.003735 0.028810 -0.040604
v -0.003735 0.028100 -0.041834
v -0.003735 0.028100 -0.041834
v -0.003735 0.028100 -0.041834
v -0.002670 0.028810 -0.041219
v -0.002547 0.028810 -0.041515
v -0.002866 0.028810 -0.040964
v -0.003735 0.028100 -0.041834
v -0.003735 0.028100 -0.041834
v -0.003735 0.028100 -0.041834
v -0.002547 0.028810 -0.042152
v -0.002670 0.028810 -0.042448
v -0.002506 0.028810 -0.041834
v -0.003735 0.028100 -0.041834
v -0.003735 0.028100 -0.041834
v -0.003735 0.028100 -0.041834
v -0.003120 0.028810 -0.042898
v -0.003417 0.028810 -0.043021
v -0.002866 0.028810 -0.042703
v -0.003735 0.028100 -0.041834
v -0.003735 0.028100 -0.041834
v -0.003735 0.028100 -0.041834
v -0.004053 0.028810 -0.043021
v -0.004350 0.028810 -0.042898
v -0.003735 0.028810 -0.043063
v -0.003735 0.028100 -0.041834
v -0.003735 0.028100 -0.041834
v -0.003735 0.028100 -0.041834
v -0.004800 0.028810 -0.042448
v -0.004923 0.028810 -0.042152
v -0.004604 0.028810 -0.042703
v -0.003735 0.028100 -0.041834
v -0.003735 0.028100 -0.041834
v -0.003735 0.028100 -0.041834
v 0.000261 0.036596 -0.041483
v -0.000288 0.037100 -0.041226
v -0.000554 0.037097 -0.040351
v -0.000100 0.036596 -0.040137
v -0.001253 0.037097 -0.039352
v -0.000899 0.036596 -0.038996
v -0.002251 0.037097 -0.038653
v -0.002041 0.036596 -0.038198
v -0.003127 0.037100 -0.038387
v -0.003387 0.036596 -0.037838
v -0.004040 0.037097 -0.038337
v -0.004430 0.036600 -0.037894
v -0.005218 0.037097 -0.038652
v -0.005431 0.036596 -0.038199
v -0.006216 0.037097 -0.039351
v -0.006572 0.036596 -0.038998
v -0.006916 0.037097 -0.040349
v -0.007371 0.036596 -0.040139
v -0.007182 0.037100 -0.041226
v -0.007731 0.036596 -0.041485
v -0.007232 0.037097 -0.042139
v -0.007609 0.036596 -0.042873
v -0.006916 0.037097 -0.043316
v -0.007020 0.036596 -0.044135
v -0.006218 0.037097 -0.044315
v -0.006035 0.036596 -0.045120
v -0.005219 0.037097 -0.045014
v -0.005103 0.036600 -0.045592
v -0.004343 0.037100 -0.045280
v -0.004084 0.036596 -0.045830
v -0.003430 0.037097 -0.045330
v -0.002696 0.036596 -0.045708
v -0.002253 0.037097 -0.045015
v -0.001433 0.036596 -0.045119
v -0.001254 0.037097 -0.044316
v -0.000449 0.036596 -0.044133
v -0.000555 0.037097 -0.043318
v 0.000140 0.036596 -0.042871
v -0.000239 0.037097 -0.042140
v -0.005235 0.037100 -0.042031
v -0.007235 0.037100 -0.042140
v -0.005132 0.037100 -0.041255
v -0.004314 0.037100 -0.043231
v -0.005220 0.037100 -0.045018
v -0.004935 0.037100 -0.042754
v -0.003156 0.037100 -0.043231
v -0.003429 0.037100 -0.045333
v -0.003735 0.037100 -0.043334
v -0.004343 0.037100 -0.045280
v -0.006219 0.037100 -0.044318
v -0.006919 0.037100 -0.043318
v -0.002338 0.037100 -0.041255
v -0.002814 0.037100 -0.040634
v -0.001251 0.037100 -0.039349
v -0.007182 0.037100 -0.041226
v -0.006919 0.037100 -0.040349
v -0.004656 0.037100 -0.040634
v -0.002535 0.037100 -0.042754
v -0.001251 0.037100 -0.044318
v -0.002250 0.037100 -0.045018
v -0.002236 0.037100 -0.042031
v -0.000551 0.037100 -0.043318
v -0.000551 0.037100 -0.040349
v -0.000288 0.037100 -0.041226
v -0.000235 0.037100 -0.042140
v -0.003538 0.037100 -0.040334
v -0.002250 0.037100 -0.038650
v -0.004123 0.037100 -0.040385
v -0.004343 0.037100 -0.038387
v -0.003429 0.037100 -0.038334
v -0.006219 0.037100 -0.039349
v -0.005220 0.037100 -0.038650
v -0.007494 -0.029100 -0.043202
v -0.007235 -0.029100 -0.043770
v -0.007235 -0.029100 -0.039897
v -0.007494 -0.029100 -0.040466
v -0.007674 -0.029100 -0.041139
v -0.007674 -0.029100 -0.042528
v -0.007735 -0.029100 -0.041834
v -0.007235 -0.036608 -0.043769
v -0.007235 -0.029100 -0.043770
v -0.007235 -0.029100 -0.039897
v -0.007235 -0.037097 -0.041532
v -0.007236 -0.037029 -0.042610
v -0.007235 -0.036622 -0.039900
v -0.007236 -0.036962 -0.040833
v -0.002236 -0.037100 -0.042031
v -0.000235 -0.037100 -0.042140
v -0.005235 -0.037100 -0.042031
v -0.007235 -0.037100 -0.042140
v -0.006919 -0.037100 -0.043318
v -0.004935 -0.037100 -0.042754
v -0.002535 -0.037100 -0.042754
v -0.001251 -0.037100 -0.044318
v -0.000551 -0.037100 -0.043318
v -0.005132 -0.037100 -0.041255
v -0.007182 -0.037100 -0.041226
v -0.004656 -0.037100 -0.040634
v -0.006219 -0.037100 -0.039349
v -0.006919 -0.037100 -0.040349
v -0.000288 -0.037100 -0.041226
v -0.002338 -0.037100 -0.041255
v -0.000551 -0.037100 -0.040349
v -0.003156 -0.037100 -0.043231
v -0.002250 -0.037100 -0.045018
v -0.004314 -0.037100 -0.043231
v -0.004343 -0.037100 -0.045280
v -0.003735 -0.037100 -0.043334
v -0.003429 -0.037100 -0.045333
v -0.006219 -0.037100 -0.044318
v -0.005220 -0.037100 -0.045018
v -0.004123 -0.037100 -0.040385
v -0.005220 -0.037100 -0.038650
v -0.003538 -0.037100 -0.040334
v -0.003429 -0.037100 -0.038334
v -0.004343 -0.037100 -0.038387
v -0.001251 -0.037100 -0.039349
v -0.002814 -0.037100 -0.040634
v -0.002250 -0.037100 -0.038650
v -0.000210 -0.029100 -0.043784
v -0.000216 -0.036600 -0.043781
v -0.007260 -0.029100 -0.039883
v -0.007255 -0.036600 -0.039886
v -0.007031 0.036600 -0.039532
v -0.007851 0.036600 -0.041936
v -0.007781 -0.029100 -0.042176
v -0.007328 -0.036600 -0.043826
v -0.007235 -0.029100 -0.043770
v -0.000439 0.036600 -0.044135
v 0.000381 0.036600 -0.041731
v 0.000311 -0.029100 -0.041491
v -0.000142 -0.036600 -0.039841
v -0.000235 -0.029100 -0.039897
v -0.001922 -0.036600 -0.045481
v -0.002106 0.036600 -0.045567
v -0.004691 -0.036600 -0.045793
v -0.004524 0.036600 -0.045794
v -0.006643 0.036600 -0.044678
v -0.005246 -0.036600 -0.038002
v -0.005364 0.036600 -0.038100
v -0.002946 0.036600 -0.037873
v -0.002438 -0.036600 -0.038009
v -0.000828 0.036600 -0.038989
v -0.027500 -0.037100 -0.034467
v -0.027481 -0.037070 -0.034118
v -0.027503 -0.036958 -0.033435
v -0.027187 -0.037099 -0.032991
v -0.027503 -0.036609 -0.032515
v -0.020581 -0.037137 -0.033527
v -0.020500 -0.036604 -0.032520
v -0.020969 -0.037100 -0.032717
v -0.020500 -0.037100 -0.034467
v -0.020517 -0.037001 -0.033661
v -0.026483 -0.037097 -0.031986
v -0.027064 -0.036600 -0.031896
v -0.026300 -0.036596 -0.031181
v -0.025484 -0.037097 -0.031287
v -0.025037 -0.036596 -0.030593
v -0.024608 -0.037100 -0.031021
v -0.023695 -0.037097 -0.030971
v -0.023649 -0.036596 -0.030472
v -0.022518 -0.037097 -0.031286
v -0.022304 -0.036596 -0.030832
v -0.021519 -0.037097 -0.031985
v -0.021163 -0.036596 -0.031632
v -0.027419 -0.037137 -0.035408
v -0.027500 -0.036604 -0.036415
v -0.027031 -0.037100 -0.036217
v -0.027483 -0.037001 -0.035273
v -0.020519 -0.037070 -0.034817
v -0.020497 -0.036958 -0.035500
v -0.020813 -0.037099 -0.035944
v -0.020497 -0.036609 -0.036420
v -0.021517 -0.037097 -0.036949
v -0.020936 -0.036600 -0.037039
v -0.021700 -0.036596 -0.037754
v -0.022250 -0.037100 -0.037498
v -0.023091 -0.037097 -0.037857
v -0.022632 -0.036600 -0.038226
v -0.023652 -0.036596 -0.038463
v -0.024000 -0.037100 -0.037967
v -0.024907 -0.037097 -0.037858
v -0.025039 -0.036596 -0.038342
v -0.025750 -0.037100 -0.037498
v -0.026302 -0.036596 -0.037753
v -0.026481 -0.037097 -0.036950
v -0.027064 -0.036600 -0.037039
v -0.020500 -0.029100 -0.032531
v -0.020500 -0.029100 -0.036404
v -0.020241 -0.029100 -0.035835
v -0.020061 -0.029100 -0.035162
v -0.020000 -0.029100 -0.034467
v -0.020061 -0.029100 -0.033773
v -0.020241 -0.029100 -0.033099
v -0.020500 -0.036612 -0.036402
v -0.020500 -0.029100 -0.036404
v -0.020500 -0.029100 -0.032531
v -0.020500 -0.036608 -0.032532
v -0.020499 -0.036955 -0.035501
v -0.020500 -0.037029 -0.033691
v -0.020500 -0.037097 -0.034769
v -0.022777 -0.036836 -0.034307
v -0.022508 -0.037107 -0.034270
v -0.022935 -0.036830 -0.033853
v -0.022806 -0.037107 -0.033550
v -0.023248 -0.036836 -0.033489
v -0.023250 -0.037100 -0.033168
v -0.023838 -0.036836 -0.033244
v -0.023804 -0.037107 -0.032975
v -0.024318 -0.036830 -0.033280
v -0.024388 -0.037100 -0.033018
v -0.024751 -0.036836 -0.033488
v -0.024917 -0.037107 -0.033274
v -0.025065 -0.036830 -0.033853
v -0.025299 -0.037100 -0.033717
v -0.025223 -0.036836 -0.034306
v -0.025492 -0.037107 -0.034272
v -0.025140 -0.036836 -0.034939
v -0.025449 -0.037100 -0.034856
v -0.025194 -0.037107 -0.035384
v -0.024869 -0.036830 -0.035337
v -0.024473 -0.036836 -0.035607
v -0.024575 -0.037107 -0.035858
v -0.023840 -0.036836 -0.035691
v -0.024000 -0.037100 -0.035967
v -0.023423 -0.037107 -0.035858
v -0.023249 -0.036836 -0.035447
v -0.022805 -0.037107 -0.035383
v -0.022860 -0.036836 -0.034940
v -0.022551 -0.037100 -0.034856
v -0.025223 0.036836 -0.034307
v -0.025492 0.037107 -0.034270
v -0.025065 0.036829 -0.033853
v -0.025299 0.037100 -0.033717
v -0.024752 0.036836 -0.033489
v -0.024916 0.037107 -0.033273
v -0.024318 0.036829 -0.033280
v -0.024196 0.037107 -0.032975
v -0.023840 0.036836 -0.033244
v -0.023423 0.037107 -0.033077
v -0.023249 0.036836 -0.033488
v -0.022805 0.037107 -0.033552
v -0.022935 0.036829 -0.033853
v -0.022777 0.036836 -0.034306
v -0.022508 0.037107 -0.034272
v -0.022860 0.036836 -0.034939
v -0.022551 0.037100 -0.034856
v -0.022806 0.037107 -0.035384
v -0.023248 0.036836 -0.035446
v -0.023425 0.037107 -0.035858
v -0.023838 0.036836 -0.035690
v -0.024000 0.037100 -0.035967
v -0.024472 0.036836 -0.035607
v -0.024577 0.037107 -0.035858
v -0.024869 0.036829 -0.035337
v -0.025195 0.037107 -0.035383
v -0.025140 0.036836 -0.034940
v -0.025449 0.037100 -0.034856
v -0.025274 0.028810 -0.034349
v -0.025325 0.036829 -0.034237
v -0.024534 0.028810 -0.033305
v -0.023769 0.036829 -0.033143
v -0.022968 0.028810 -0.033605
v -0.022675 0.036829 -0.034698
v -0.022956 0.028810 -0.035207
v -0.024231 0.036829 -0.035792
v -0.024463 0.028810 -0.035730
v -0.025274 -0.028810 -0.034586
v -0.024862 -0.036830 -0.033435
v -0.024740 -0.028810 -0.033424
v -0.023138 -0.028810 -0.033435
v -0.023409 -0.036830 -0.033360
v -0.022692 -0.036830 -0.034415
v -0.022838 -0.028810 -0.035001
v -0.023769 -0.036830 -0.035792
v -0.024231 -0.028810 -0.035792
v -0.025162 -0.036830 -0.035001
v -0.024000 -0.028100 -0.034467
v -0.022812 -0.028810 -0.034149
v -0.022935 -0.028810 -0.033853
v -0.022770 -0.028810 -0.034467
v -0.024000 -0.028100 -0.034467
v -0.024000 -0.028100 -0.034467
v -0.023385 -0.028810 -0.033403
v -0.023682 -0.028810 -0.033280
v -0.023131 -0.028810 -0.033598
v -0.024000 -0.028100 -0.034467
v -0.024000 -0.028100 -0.034467
v -0.024000 -0.028100 -0.034467
v -0.024318 -0.028810 -0.033280
v -0.024615 -0.028810 -0.033403
v -0.024000 -0.028810 -0.033238
v -0.024000 -0.028100 -0.034467
v -0.024000 -0.028100 -0.034467
v -0.024000 -0.028100 -0.034467
v -0.025065 -0.028810 -0.033853
v -0.025188 -0.028810 -0.034149
v -0.024869 -0.028810 -0.033598
v -0.024000 -0.028100 -0.034467
v -0.024000 -0.028100 -0.034467
v -0.024000 -0.028100 -0.034467
v -0.025188 -0.028810 -0.034786
v -0.025065 -0.028810 -0.035082
v -0.025230 -0.028810 -0.034467
v -0.024000 -0.028100 -0.034467
v -0.024000 -0.028100 -0.034467
v -0.024000 -0.028100 -0.034467
v -0.024615 -0.028810 -0.035532
v -0.024318 -0.028810 -0.035655
v -0.024869 -0.028810 -0.035337
v -0.024000 -0.028100 -0.034467
v -0.024000 -0.028100 -0.034467
v -0.024000 -0.028100 -0.034467
v -0.023682 -0.028810 -0.035655
v -0.023385 -0.028810 -0.035532
v -0.024000 -0.028810 -0.035697
v -0.024000 -0.028100 -0.034467
v -0.024000 -0.028100 -0.034467
v -0.024000 -0.028100 -0.034467
v -0.022935 -0.028810 -0.035082
v -0.022812 -0.028810 -0.034786
v -0.023131 -0.028810 -0.035337
v -0.024000 -0.028100 -0.034467
v -0.024000 -0.028100 -0.034467
v -0.024000 -0.028100 -0.034467
v -0.024000 0.028100 -0.034467
v -0.025188 0.028810 -0.034149
v -0.025065 0.028810 -0.033853
v -0.025230 0.028810 -0.034467
v -0.024000 0.028100 -0.034467
v -0.024000 0.028100 -0.034467
v -0.024615 0.028810 -0.033403
v -0.024318 0.028810 -0.033280
v -0.024869 0.028810 -0.033598
v -0.024000 0.028100 -0.034467
v -0.024000 0.028100 -0.034467
v -0.024000 0.028100 -0.034467
v -0.023682 0.028810 -0.033280
v -0.023385 0.028810 -0.033403
v -0.024000 0.028810 -0.033238
v -0.024000 0.028100 -0.034467
v -0.024000 0.028100 -0.034467
v -0.024000 0.028100 -0.034467
v -0.022935 0.028810 -0.033853
v -0.022812 0.028810 -0.034149
v -0.023131 0.028810 -0.033598
v -0.024000 0.028100 -0.034467
v -0.024000 0.028100 -0.034467
v -0.024000 0.028100 -0.034467
v -0.022812 0.028810 -0.034786
v -0.022935 0.028810 -0.035082
v -0.022770 0.028810 -0.034467
v -0.024000 0.028100 -0.034467
v -0.024000 0.028100 -0.034467
v -0.024000 0.028100 -0.034467
v -0.023385 0.028810 -0.035532
v -0.023682 0.028810 -0.035655
v -0.023131 0.028810 -0.035337
v -0.024000 0.028100 -0.034467
v -0.024000 0.028100 -0.034467
v -0.024000 0.028100 -0.034467
v -0.024318 0.028810 -0.035655
v -0.024615 0.028810 -0.035532
v -0.024000 0.028810 -0.035697
v -0.024000 0.028100 -0.034467
v -0.024000 0.028100 -0.034467
v -0.024000 0.028100 -0.034467
v -0.025065 0.028810 -0.035082
v -0.025188 0.028810 -0.034786
v -0.024869 0.028810 -0.035337
v -0.024000 0.028100 -0.034467
v -0.024000 0.028100 -0.034467
v -0.024000 0.028100 -0.034467
v -0.020004 0.036596 -0.034117
v -0.020503 0.037097 -0.034162
v -0.020819 0.037097 -0.032985
v -0.020365 0.036596 -0.032771
v -0.021517 0.037097 -0.031986
v -0.020936 0.036600 -0.031896
v -0.021700 0.036596 -0.031181
v -0.022516 0.037097 -0.031287
v -0.022963 0.036596 -0.030593
v -0.023392 0.037100 -0.031021
v -0.024305 0.037097 -0.030971
v -0.024000 0.036600 -0.030467
v -0.025039 0.036596 -0.030593
v -0.025482 0.037097 -0.031286
v -0.026302 0.036596 -0.031182
v -0.026481 0.037097 -0.031985
v -0.027064 0.036600 -0.031896
v -0.027181 0.037097 -0.032983
v -0.027636 0.036596 -0.032773
v -0.027496 0.037097 -0.034160
v -0.027996 0.036596 -0.034119
v -0.027447 0.037100 -0.035075
v -0.027874 0.036596 -0.035507
v -0.027181 0.037097 -0.035950
v -0.027285 0.036596 -0.036769
v -0.026483 0.037097 -0.036949
v -0.026300 0.036596 -0.037754
v -0.025750 0.037100 -0.037498
v -0.024909 0.037097 -0.037857
v -0.025368 0.036600 -0.038226
v -0.024348 0.036596 -0.038463
v -0.024000 0.037100 -0.037967
v -0.023093 0.037097 -0.037858
v -0.022961 0.036596 -0.038342
v -0.022250 0.037100 -0.037498
v -0.021698 0.036596 -0.037753
v -0.021519 0.037097 -0.036950
v -0.020714 0.036596 -0.036767
v -0.020819 0.037097 -0.035952
v -0.020125 0.036596 -0.035505
v -0.020553 0.037100 -0.035075
v -0.025449 0.037100 -0.034856
v -0.027447 0.037100 -0.035075
v -0.025500 0.037100 -0.034270
v -0.027500 0.037100 -0.034161
v -0.024579 0.037100 -0.035865
v -0.024909 0.037100 -0.037861
v -0.025750 0.037100 -0.037498
v -0.025200 0.037100 -0.035388
v -0.023421 0.037100 -0.035865
v -0.023091 0.037100 -0.037861
v -0.024000 0.037100 -0.035967
v -0.024000 0.037100 -0.037967
v -0.026484 0.037100 -0.036952
v -0.027184 0.037100 -0.035952
v -0.022800 0.037100 -0.033547
v -0.021516 0.037100 -0.031983
v -0.027184 0.037100 -0.032983
v -0.025299 0.037100 -0.033717
v -0.024921 0.037100 -0.033267
v -0.022800 0.037100 -0.035388
v -0.021516 0.037100 -0.036952
v -0.022250 0.037100 -0.037498
v -0.022551 0.037100 -0.034856
v -0.020816 0.037100 -0.035952
v -0.020816 0.037100 -0.032983
v -0.022500 0.037100 -0.034270
v -0.020500 0.037100 -0.034161
v -0.020553 0.037100 -0.035075
v -0.023421 0.037100 -0.033070
v -0.022515 0.037100 -0.031283
v -0.024197 0.037100 -0.032968
v -0.024306 0.037100 -0.030968
v -0.023392 0.037100 -0.031021
v -0.026484 0.037100 -0.031983
v -0.025485 0.037100 -0.031283
v -0.027759 -0.029100 -0.035835
v -0.027500 -0.029100 -0.036404
v -0.027500 -0.029100 -0.032531
v -0.027759 -0.029100 -0.033099
v -0.027939 -0.029100 -0.033773
v -0.027939 -0.029100 -0.035162
v -0.028000 -0.029100 -0.034467
v -0.027500 -0.036608 -0.036403
v -0.027500 -0.029100 -0.036404
v -0.027500 -0.029100 -0.032531
v -0.027500 -0.037097 -0.034165
v -0.027501 -0.037029 -0.035243
v -0.027500 -0.036622 -0.032534
v -0.027501 -0.036962 -0.033467
v -0.022500 -0.037100 -0.034270
v -0.022551 -0.037100 -0.034856
v -0.020553 -0.037100 -0.035075
v -0.025500 -0.037100 -0.034270
v -0.027447 -0.037100 -0.035075
v -0.025449 -0.037100 -0.034856
v -0.027184 -0.037100 -0.035952
v -0.025200 -0.037100 -0.035388
v -0.022800 -0.037100 -0.035388
v -0.021516 -0.037100 -0.036952
v -0.020816 -0.037100 -0.035952
v -0.027500 -0.037100 -0.034161
v -0.024921 -0.037100 -0.033267
v -0.026484 -0.037100 -0.031983
v -0.025299 -0.037100 -0.033717
v -0.027184 -0.037100 -0.032983
v -0.020500 -0.037100 -0.034161
v -0.020816 -0.037100 -0.032983
v -0.022800 -0.037100 -0.033547
v -0.023421 -0.037100 -0.035865
v -0.023091 -0.037100 -0.037861
v -0.022250 -0.037100 -0.037498
v -0.024579 -0.037100 -0.035865
v -0.024909 -0.037100 -0.037861
v -0.024000 -0.037100 -0.035967
v -0.024000 -0.037100 -0.037967
v -0.026484 -0.037100 -0.036952
v -0.025750 -0.037100 -0.037498
v -0.024197 -0.037100 -0.032968
v -0.025485 -0.037100 -0.031283
v -0.023421 -0.037100 -0.033070
v -0.023694 -0.037100 -0.030968
v -0.024608 -0.037100 -0.031021
v -0.021516 -0.037100 -0.031983
v -0.022515 -0.037100 -0.031283
v -0.020475 -0.029100 -0.036417
v -0.020480 -0.036600 -0.036415
v -0.027525 -0.029100 -0.032517
v -0.027570 -0.036600 -0.032489
v -0.027762 0.036600 -0.033001
v -0.027987 0.036600 -0.035163
v -0.028046 -0.029100 -0.034810
v -0.027593 -0.036600 -0.036460
v -0.027500 -0.029100 -0.036404
v -0.020887 0.036600 -0.037059
v -0.019884 0.036600 -0.034365
v -0.019954 -0.029100 -0.034125
v -0.020407 -0.036600 -0.032475
v -0.020500 -0.029100 -0.032531
v -0.022490 -0.036600 -0.038299
v -0.023044 0.036600 -0.038427
v -0.025297 -0.036600 -0.038292
v -0.025099 0.036600 -0.038328
v -0.026908 0.036600 -0.037312
v -0.025964 0.036600 -0.030848
v -0.025465 -0.036600 -0.030704
v -0.023044 -0.036600 -0.030508
v -0.022848 0.036600 -0.030560
v -0.020891 0.036600 -0.031897
vn -0.7699 0.6380 0.0123
vn -0.9844 -0.1761 -0.0025
vn -0.9712 -0.2378 0.0141
vn -0.7378 0.6748 -0.0153
vn -0.0214 0.9998 -0.0046
vn 0.0362 0.9992 0.0162
vn 0.7683 0.6398 -0.0161
vn 0.8082 0.5888 0.0040
vn 0.9760 -0.2161 -0.0269
vn 0.9890 -0.1478 0.0089
vn 0.5548 -0.8314 0.0305
vn 0.4042 -0.9144 -0.0236
vn -0.4128 -0.9107 0.0136
vn -0.4811 -0.8766 -0.0141
vn -0.9347 0.3555 -0.0068
vn -0.9067 0.4212 0.0210
vn -0.0454 0.9987 -0.0211
vn 0.0327 0.9994 0.0068
vn 0.8891 0.4574 -0.0179
vn 0.8646 0.5022 0.0128
vn 0.9053 -0.4248 0.0026
vn 0.8765 -0.4811 -0.0141
vn 0.1545 -0.9880 -0.0017
vn 0.2143 -0.9766 0.0154
vn -0.7483 -0.6633 0.0134
vn -0.7792 -0.6265 -0.0187
vn -0.9660 0.2491 -0.0698
vn -0.8872 0.4612 -0.0147
vn -0.0774 0.9940 -0.0769
vn -0.4111 0.9114 -0.0158
vn 0.4592 0.8875 0.0378
vn 0.8899 0.4521 -0.0605
vn 0.9940 0.0888 0.0637
vn 0.8921 -0.4502 -0.0387
vn 0.5740 -0.8163 0.0640
vn 0.2603 -0.9650 -0.0337
vn -0.3767 -0.9254 0.0416
vn -0.6052 -0.7936 -0.0636
vn -0.9326 -0.3607 0.0153
vn -0.3809 0.9245 -0.0142
vn 0.5536 0.8327 0.0073
vn -0.4023 0.9154 0.0135
vn 0.5138 0.8579 -0.0102
vn 0.8718 -0.4898 0.0061
vn 0.8759 -0.4825 -0.0007
vn 0.5705 -0.8211 0.0174
vn 0.6400 -0.7680 -0.0244
vn 0.7323 -0.6807 0.0190
vn 0.7968 -0.6034 -0.0323
vn 0.9978 -0.0638 -0.0194
vn 0.9946 -0.1031 0.0096
vn -0.5798 0.8147 -0.0078
vn -0.5640 0.8258 -0.0015
vn -0.9764 0.2150 0.0195
vn -0.9508 0.3090 -0.0243
vn -0.9964 0.0647 -0.0548
vn -0.9966 -0.0661 0.0492
vn -0.9775 -0.2051 -0.0492
vn -0.9421 -0.3309 0.0548
vn -0.8840 -0.4667 -0.0272
vn -0.8360 -0.5484 0.0190
vn -0.7355 -0.6767 0.0327
vn -0.7951 -0.6062 -0.0190
vn -0.6276 -0.7778 -0.0335
vn -0.5656 -0.8247 0.0014
vn -0.8720 -0.4896 0.0063
vn -0.8784 -0.4780 0.0006
vn 0.5187 0.8549 -0.0105
vn 0.5640 0.8257 0.0111
vn -0.6727 0.7345 -0.0891
vn -0.5406 0.8410 -0.0201
vn -0.4939 0.8695 -0.0006
vn -0.2844 0.9587 -0.0016
vn -0.2358 0.9718 0.0016
vn 0.0010 1.0000 -0.0024
vn 0.0519 0.9987 -0.0019
vn 0.8267 0.5626 -0.0026
vn 0.8288 0.5595 0.0045
vn 0.8872 0.4614 0.0038
vn 0.8888 0.4582 0.0086
vn 0.5132 0.8582 -0.0021
vn 0.5582 0.8297 -0.0019
vn 0.7534 0.6576 0.0007
vn 0.7888 0.6146 0.0014
vn 0.9127 0.4086 -0.0051
vn 0.9146 0.4044 0.0051
vn 0.9829 0.1839 0.0013
vn 0.9910 0.1339 -0.0013
vn 0.9953 -0.0970 -0.0051
vn 0.9948 -0.1015 0.0051
vn 0.9453 -0.3261 0.0015
vn 0.9281 -0.3722 -0.0029
vn 0.9967 -0.0805 0.0047
vn 0.9997 -0.0230 -0.0108
vn -0.0000 -0.0000 -1.0000
vn -0.0000 0.0001 -1.0000
vn -0.0001 -0.0003 -1.0000
vn -0.0000 -0.0003 -1.0000
vn 0.0001 -0.0001 -1.0000
vn -0.0001 -0.0000 -1.0000
vn 0.0001 -0.0000 -1.0000
vn 0.0032 -0.0056 -1.0000
vn 0.0011 -0.0020 -1.0000
vn 0.0007 -0.2945 -0.9556
vn 0.0009 -0.0022 -1.0000
vn -0.0007 -0.0049 -1.0000
vn -0.0001 -0.0001 -1.0000
vn 0.0002 0.0001 -1.0000
vn -0.0000 -0.0002 -1.0000
vn -0.0000 -0.0001 -1.0000
vn 0.0001 -0.0002 -1.0000
vn -0.0000 0.0004 -1.0000
vn -0.0000 0.0002 -1.0000
vn -0.0002 0.0002 -1.0000
vn 0.0001 0.0001 -1.0000
vn 0.0004 -0.0004 -1.0000
vn 0.0005 -0.0005 -1.0000
vn -0.0006 -0.0000 -1.0000
vn -0.0013 0.0012 -1.0000
vn -0.0012 0.0011 -1.0000
vn -0.0021 0.0025 -1.0000
vn -0.0001 0.0002 -1.0000
vn -0.0003 0.0006 -1.0000
vn -0.0002 0.0005 -1.0000
vn -0.0002 0.0001 -1.0000
vn 0.0002 -0.0003 -1.0000
vn -0.0001 0.0003 -1.0000
vn -0.0003 -0.0000 -1.0000
vn -0.0000 0.0003 -1.0000
vn 0.0004 0.0002 -1.0000
vn 0.0021 0.0002 -1.0000
vn 0.0030 0.0003 -1.0000
vn 0.0026 0.0003 -1.0000
vn -0.0049 -0.3626 -0.9319
vn 0.0648 -0.0101 -0.9978
vn -0.0073 -0.0002 -1.0000
vn -0.0043 -0.0000 -1.0000
vn -0.0076 -0.0002 -1.0000
vn -0.0008 -0.0000 -1.0000
vn 0.0008 -0.0004 -1.0000
vn -0.0002 -0.0000 -1.0000
vn -0.0009 -0.0002 -1.0000
vn 0.0002 -0.0004 -1.0000
vn -0.0002 0.0003 -1.0000
vn -0.0000 -0.0000 1.0000
vn -0.0001 -0.0001 1.0000
vn -0.0001 -0.0002 1.0000
vn -0.0000 -0.0001 1.0000
vn -0.0002 0.0001 1.0000
vn -0.0088 0.0129 0.9999
vn 0.0002 -0.0000 1.0000
vn -0.0000 0.0001 1.0000
vn 0.0001 -0.0000 1.0000
vn -0.0001 -0.0000 1.0000
vn 0.0001 -0.0001 1.0000
vn 0.0002 -0.0001 1.0000
vn 0.0003 0.3562 0.9344
vn -0.0004 0.3422 0.9396
vn 0.0010 0.0023 1.0000
vn 0.0209 0.0038 0.9998
vn -0.0000 0.0004 1.0000
vn 0.0063 -0.0001 1.0000
vn 0.0033 0.0001 1.0000
vn 0.0068 -0.0002 1.0000
vn 0.0033 -0.0001 1.0000
vn 0.0030 -0.0001 1.0000
vn 0.0029 -0.0002 1.0000
vn 0.0005 -0.0003 1.0000
vn 0.0006 -0.0002 1.0000
vn 0.0008 -0.0001 1.0000
vn -0.0006 -0.0004 1.0000
vn -0.0007 -0.0006 1.0000
vn -0.0007 -0.0005 1.0000
vn 0.0003 -0.0001 1.0000
vn 0.0001 -0.0014 1.0000
vn 0.0001 -0.0017 1.0000
vn -0.0009 0.0006 1.0000
vn -0.0001 0.0002 1.0000
vn 0.0010 0.0001 1.0000
vn -0.0000 -0.0002 1.0000
vn -0.0000 0.0002 1.0000
vn 0.0004 0.0008 1.0000
vn -0.0004 0.0016 1.0000
vn 0.0004 0.0009 1.0000
vn 0.0016 -0.0005 1.0000
vn 0.0019 -0.0005 1.0000
vn 0.0003 -0.0003 1.0000
vn 0.0002 -0.0003 1.0000
vn -0.0000 -0.0003 1.0000
vn 0.0001 0.0002 1.0000
vn 0.0001 0.0001 1.0000
vn -0.0008 0.0003 1.0000
vn 0.0004 -0.0002 1.0000
vn -0.0011 0.0017 1.0000
vn -0.0016 0.0017 1.0000
vn -0.0143 0.0021 0.9999
vn 0.0001 -0.0002 1.0000
vn -0.0001 0.0003 1.0000
vn 1.0000 -0.0083 -0.0023
vn 1.0000 -0.0081 -0.0012
vn -1.0000 -0.0081 0.0002
vn -1.0000 -0.0078 -0.0011
vn -0.0013 -0.9991 -0.0421
vn -0.0099 -0.9112 -0.4118
vn 0.0044 -0.9794 -0.2017
vn 0.0055 -0.7682 -0.6401
vn 0.0001 0.9050 0.4255
vn 0.0034 0.9105 0.4135
vn -0.0001 0.9990 0.0449
vn 1.0000 -0.0000 -0.0000
vn -1.0000 -0.0000 -0.0000
vn -1.0000 -0.0001 -0.0000
vn -1.0000 0.0002 -0.0001
vn -1.0000 -0.0000 -0.0001
vn -1.0000 -0.0000 0.0001
vn 0.9861 0.1085 0.1255
vn 0.9477 0.0116 0.3189
vn 0.9179 0.0109 0.3966
vn 0.9991 -0.0167 -0.0381
vn 0.9735 0.0252 -0.2271
vn 0.9491 0.0109 -0.3147
vn 0.8658 -0.0054 -0.5003
vn 0.8360 0.0049 -0.5487
vn 0.6412 -0.0042 -0.7673
vn 0.6381 -0.0073 -0.7699
vn -0.8550 0.0002 -0.5187
vn -0.8555 0.0060 -0.5178
vn -0.8776 -0.0219 -0.4789
vn -0.8413 0.0094 -0.5404
vn -0.9261 0.0599 -0.3725
vn -0.9596 -0.0212 -0.2807
vn -0.9848 0.0786 -0.1548
vn -0.9984 0.0081 -0.0556
vn 0.9744 -0.0188 0.2239
vn 0.9973 0.0099 0.0733
vn 0.9969 0.0124 0.0782
vn 0.9743 -0.0219 0.2240
vn 0.9200 0.0170 0.3915
vn 0.9279 0.0130 0.3725
vn -0.9413 0.0086 -0.3374
vn -0.9450 -0.0086 -0.3268
vn -1.0000 0.0013 0.0042
vn -0.9974 -0.0013 0.0725
vn -0.9172 0.0086 0.3984
vn -0.9126 -0.0086 0.4087
vn -0.7261 0.0013 0.6876
vn -0.6774 -0.0013 0.7356
vn -0.4006 0.0086 0.9162
vn -0.3913 -0.0071 0.9202
vn -0.0532 0.0024 0.9986
vn 0.0102 -0.0116 0.9999
vn 0.3086 0.0106 0.9511
vn 0.4411 -0.0368 0.8967
vn 0.6543 -0.0701 0.7530
vn 0.8443 -0.0264 0.5353
vn 0.9042 -0.0214 0.4265
vn 0.9957 -0.0100 0.0920
vn 0.9967 -0.0078 0.0811
vn 0.9228 0.0046 -0.3853
vn 0.8942 -0.0047 -0.4476
vn 0.6110 -0.0024 -0.7916
vn 0.5692 -0.0200 -0.8220
vn 0.1668 0.0077 -0.9860
vn 0.0981 -0.0041 -0.9952
vn -0.3441 -0.0019 -0.9389
vn -0.3938 -0.0213 -0.9190
vn -0.7213 0.0008 -0.6926
vn -0.7700 -0.0041 -0.6381
vn -0.9187 -0.0236 0.3942
vn -0.9892 0.0554 -0.1360
vn -0.9402 -0.0188 -0.3401
vn -0.6694 0.0638 0.7401
vn -0.3801 -0.0183 0.9248
vn 0.3789 0.0418 0.9245
vn 0.4824 -0.0162 0.8758
vn 0.9927 0.0198 0.1191
vn 0.9982 -0.0039 0.0591
vn 0.5869 0.0182 -0.8094
vn 0.6295 -0.0197 -0.7767
vn -0.3362 -0.0155 -0.9417
vn -0.4708 0.0436 -0.8812
vn -0.9741 0.0154 -0.2257
vn -0.9869 -0.0150 -0.1606
vn -0.7679 0.0198 0.6403
vn -0.7081 -0.0176 0.7059
vn 0.2610 0.0210 0.9651
vn 0.3425 -0.0219 0.9393
vn 0.9903 0.0202 0.1376
vn 0.9987 -0.0226 0.0447
vn 0.5237 0.0189 -0.8517
vn 0.4504 -0.0210 -0.8926
vn -0.4674 0.0157 -0.8839
vn -0.5371 -0.0170 -0.8433
vn -0.9631 0.0691 -0.2600
vn -0.9795 -0.0546 0.1937
vn -0.6897 0.0707 0.7206
vn -0.4136 -0.0243 0.9102
vn 0.3737 0.0336 0.9269
vn 0.4679 -0.0291 0.8833
vn 0.9754 0.0099 0.2201
vn 0.9801 0.0114 0.1984
vn 0.7968 0.0473 -0.6023
vn 0.8708 -0.0038 -0.4915
vn 0.3250 -0.0352 -0.9451
vn -0.1467 0.0592 -0.9874
vn -0.6734 -0.0618 -0.7367
vn -0.9855 0.0314 -0.1665
vn -0.9970 -0.0393 -0.0670
vn -0.6817 0.0392 0.7306
vn -0.4322 -0.0450 0.9007
vn 0.3755 0.0532 0.9253
vn 0.5681 -0.0303 0.8224
vn 0.9897 0.0299 0.1400
vn 0.9986 -0.0161 0.0511
vn 0.6715 0.0163 -0.7409
vn 0.6235 -0.0053 -0.7818
vn -0.3754 -0.0024 -0.9268
vn -0.3411 -0.0196 -0.9398
vn -0.9903 0.0202 -0.1376
vn -0.9987 -0.0226 -0.0447
vn -0.5237 0.0189 0.8517
vn -0.4504 -0.0210 0.8926
vn 0.4674 0.0157 0.8839
vn 0.5371 -0.0170 0.8433
vn 0.9741 0.0154 0.2257
vn 0.9869 -0.0150 0.1606
vn 0.7679 0.0198 -0.6403
vn 0.7081 -0.0176 -0.7059
vn -0.2610 0.0210 -0.9651
vn -0.3425 -0.0219 -0.9393
vn -0.9221 0.0753 -0.3797
vn -0.9908 -0.0541 0.1241
vn -0.8009 0.0398 0.5975
vn -0.2749 -0.0607 0.9595
vn 0.0485 -0.0052 0.9988
vn 0.7368 -0.0186 0.6758
vn 0.7684 -0.0208 0.6396
vn 0.9137 0.0248 -0.4057
vn 0.8777 -0.0045 -0.4791
vn -0.0804 0.0405 -0.9959
vn 0.0041 -0.0144 -0.9999
vn -0.7576 -0.0142 -0.6526
vn -0.8125 -0.0590 0.5800
vn -0.9999 0.0097 0.0090
vn -0.9871 -0.0292 -0.1571
vn -0.8771 0.0344 0.4790
vn -0.4590 -0.0333 0.8878
vn 0.0381 -0.0575 0.9976
vn 0.2841 0.0326 0.9582
vn 0.7415 -0.0129 0.6709
vn 0.8521 0.0425 0.5216
vn 0.9850 -0.0360 0.1685
vn 0.9999 0.0089 -0.0058
vn 0.8737 -0.0389 -0.4849
vn 0.8346 0.0129 -0.5507
vn 0.4079 0.0073 -0.9130
vn 0.1824 -0.0476 -0.9821
vn -0.3032 -0.0080 -0.9529
vn -0.6479 -0.0649 -0.7589
vn -0.8123 0.0246 -0.5827
vn -0.9981 0.0170 0.0589
vn -0.9947 -0.0012 -0.1031
vn -0.9606 -0.0293 0.2765
vn -0.9633 -0.0187 0.2678
vn -0.6763 0.0047 0.7366
vn -0.6688 -0.0031 0.7434
vn -0.1365 0.0042 0.9906
vn -0.1582 0.0310 0.9869
vn 0.2567 0.0144 0.9664
vn 0.0382 -0.0099 0.9992
vn 0.6714 -0.0158 0.7409
vn 0.8677 0.0490 0.4947
vn 0.9785 -0.0315 0.2037
vn 0.9897 0.0309 -0.1399
vn 0.9259 -0.0420 -0.3755
vn 0.7182 0.0275 -0.6953
vn 0.4435 -0.0300 -0.8958
vn 0.1058 0.0443 -0.9934
vn -0.0948 0.0036 -0.9955
vn -0.2237 0.0980 -0.9697
vn -0.5380 -0.0256 -0.8426
vn -0.7117 0.0773 -0.6983
vn -0.8266 0.0070 -0.5628
vn -0.8657 0.0500 -0.4981
vn -0.9714 0.0251 -0.2360
vn -0.9980 -0.0226 0.0586
vn -0.9163 0.0412 0.3984
vn -0.8248 -0.0090 0.5654
vn -0.5051 0.0246 0.8627
vn -0.4615 -0.0041 0.8872
vn 0.0343 0.0104 0.9994
vn 0.0862 -0.0127 0.9962
vn 0.6095 0.0120 0.7927
vn 0.6706 -0.0198 0.7416
vn 0.9547 0.0386 0.2951
vn 0.9961 -0.0136 0.0874
vn 0.9587 0.0298 -0.2829
vn 0.8240 -0.0443 -0.5648
vn 0.7030 0.0089 -0.7112
vn 0.3021 -0.0189 -0.9531
vn 0.2167 0.0149 -0.9761
vn -0.2951 -0.0062 -0.9555
vn -0.3332 -0.0253 -0.9425
vn -0.7113 0.0106 -0.7028
vn -0.8353 -0.0390 -0.5484
vn -0.9632 -0.0001 -0.2688
vn -0.9737 -0.0120 -0.2277
vn -0.9538 0.0041 0.3004
vn -0.9378 -0.0236 0.3464
vn -0.6862 0.0210 0.7271
vn -0.5225 -0.0462 0.8514
vn -0.1229 -0.0020 0.9924
vn 0.3254 -0.0255 0.9452
vn 0.5330 0.0121 0.8460
vn 0.8779 -0.0071 0.4788
vn 0.8773 0.0178 0.4796
vn 0.9689 0.0140 -0.2471
vn 0.9995 -0.0071 -0.0297
vn 0.7455 -0.0283 -0.6660
vn 0.5189 0.0320 -0.8543
vn 0.1733 -0.0517 -0.9835
vn -0.0440 0.0071 -0.9990
vn -0.5737 -0.0151 -0.8189
vn -0.6371 0.0255 -0.7703
vn -0.9620 0.0056 -0.2731
vn -0.9970 -0.0392 0.0672
vn -0.8652 0.0575 0.4981
vn -0.6801 -0.0327 0.7324
vn -0.2681 0.0301 0.9629
vn 0.0968 -0.0301 0.9948
vn 0.5315 0.0257 0.8467
vn 0.7677 -0.0643 0.6376
vn 0.9397 0.0415 0.3394
vn 0.9976 -0.0039 -0.0697
vn 0.8541 0.0482 -0.5178
vn 0.6403 -0.0153 -0.7680
vn 0.1486 0.0389 -0.9881
vn 0.0377 -0.0259 -0.9990
vn -0.5092 0.0267 -0.8602
vn -0.6727 -0.0429 -0.7387
vn -0.7986 -0.0461 0.6001
vn -0.9941 0.0206 0.1065
vn -0.9605 -0.0206 -0.2775
vn -0.6302 -0.0084 0.7764
vn -0.0107 -0.0146 0.9998
vn 0.0721 -0.0204 0.9972
vn 0.7695 0.0137 0.6385
vn 0.8174 -0.0173 0.5759
vn 0.9998 0.0139 -0.0154
vn 0.9973 -0.0139 -0.0718
vn 0.7742 0.0155 -0.6328
vn 0.7230 -0.0132 -0.6907
vn 0.1044 0.0187 -0.9944
vn 0.0458 0.0146 -0.9988
vn -0.6931 0.0387 -0.7198
vn -0.5020 0.0022 -0.8649
vn -0.0000 -1.0000 -0.0000
vn -0.0000 -1.0000 -0.0002
vn -0.0059 -1.0000 -0.0019
vn -0.0981 -0.9952 -0.0044
vn -0.0219 -0.9998 -0.0029
vn -0.0102 -0.9999 -0.0023
vn -0.0033 -1.0000 -0.0048
vn 0.0001 -1.0000 -0.0000
vn -0.0000 1.0000 -0.0000
vn 0.0001 1.0000 -0.0000
vn 0.0015 1.0000 0.0023
vn -0.0000 1.0000 0.0004
vn 0.0102 0.9999 0.0033
vn 0.0176 0.9998 0.0039
vn 0.0378 0.9993 0.0050
vn 0.1673 0.9859 0.0075
vn -0.9955 -0.0063 -0.0943
vn -0.9958 -0.0000 -0.0921
vn -0.9853 -0.0012 -0.1707
vn -0.9773 0.0036 -0.2116
vn -0.9326 -0.0036 -0.3608
vn -0.9168 0.0012 -0.3993
vn 0.5940 -0.0042 -0.8044
vn 0.6383 0.0074 -0.7698
vn 0.8016 -0.0116 -0.5977
vn 0.8009 -0.0249 -0.5983
vn 0.8992 -0.0074 -0.4375
vn 0.9432 -0.0671 -0.3254
vn 0.9818 0.0448 -0.1843
vn 0.9926 -0.0403 -0.1144
vn 0.9922 -0.0734 -0.1008
vn 0.9954 0.0359 0.0884
vn 0.9966 0.0118 0.0811
vn 0.9404 -0.0409 0.3377
vn 0.9404 -0.0419 0.3374
vn 0.8879 -0.0081 0.4600
vn 0.9223 -0.0130 0.3862
vn 0.7994 -0.1161 0.5895
vn 0.7113 0.0191 0.7026
vn 0.6412 -0.0092 0.7673
vn 0.5506 -0.0258 0.8344
vn 0.4788 -0.0259 0.8775
vn 0.3411 0.0917 0.9356
vn 0.2376 -0.0855 0.9676
vn 0.2150 -0.1343 0.9673
vn 0.0668 0.0972 0.9930
vn -0.0717 -0.2243 0.9719
vn -0.2056 0.0370 0.9779
vn -0.3254 -0.0900 0.9413
vn -0.3299 -0.0789 0.9407
vn -0.4676 0.0117 0.8839
vn -0.4128 0.0135 0.9107
vn -0.6022 -0.0646 0.7957
vn -0.7105 0.0599 0.7011
vn -0.8039 -0.0227 0.5944
vn -0.8584 0.1603 0.4873
vn -0.8618 0.2093 0.4621
vn -0.9309 -0.0673 0.3589
vn -0.9792 0.0430 0.1982
vn -0.9792 0.0390 0.1994
vn -0.9790 0.0311 0.2016
vn -0.9789 0.0289 0.2023
vn -0.9998 -0.0057 -0.0177
vn -0.9998 -0.0023 -0.0183
vn 1.0000 0.0032 0.0091
vn 1.0000 0.0012 0.0087
vn -0.6842 -0.0304 0.7287
vn -0.9992 0.0389 0.0114
vn -0.9820 -0.0389 -0.1847
vn -0.4973 0.0583 0.8656
vn 0.0663 -0.0269 0.9974
vn 0.4831 0.0608 0.8734
vn 0.7648 -0.0319 0.6435
vn 0.9948 0.0491 0.0897
vn 0.9955 -0.0105 -0.0943
vn 0.5884 0.0317 -0.8080
vn 0.6245 -0.0208 -0.7807
vn -0.3226 -0.0247 -0.9462
vn -0.4901 0.0432 -0.8706
vn -0.8809 -0.0122 -0.4731
vn -0.8874 -0.0375 0.4595
vn -0.9274 0.0331 0.3727
vn -0.2489 0.0310 0.9680
vn 0.0371 -0.0407 0.9985
vn 0.7071 0.0399 0.7060
vn 0.7738 -0.0214 0.6330
vn 0.9949 0.0104 -0.1006
vn 0.9891 0.0134 -0.1465
vn 0.5231 0.0035 -0.8523
vn 0.5791 -0.0126 -0.8151
vn -0.2162 -0.0055 -0.9763
vn -0.2840 0.0089 -0.9588
vn -0.8564 -0.0166 -0.5160
vn -1.0000 -0.0014 -0.0000
vn 0.8342 -0.5515 -0.0045
vn 0.8331 -0.5532 -0.0041
vn 0.0916 -0.9958 -0.0007
vn 0.0894 -0.9960 0.0046
vn -0.1314 -0.9913 -0.0005
vn -0.1835 -0.9830 -0.0018
vn -0.4066 -0.9136 0.0018
vn -0.4541 -0.8909 0.0005
vn -0.6329 -0.7742 -0.0046
vn -0.6359 -0.7718 0.0046
vn -0.7852 -0.6192 -0.0005
vn -0.8168 -0.5770 -0.0018
vn -0.9283 -0.3717 0.0018
vn -0.9479 -0.3183 0.0106
vn -0.9897 -0.1410 0.0239
vn -0.9996 -0.0264 0.0013
vn -0.9916 0.1184 0.0527
vn -0.9619 0.2727 -0.0196
vn -0.9350 0.3547 0.0011
vn -0.9993 -0.0355 0.0102
vn -0.9999 -0.0144 -0.0052
vn -0.5412 -0.8408 -0.0095
vn 0.5558 -0.8313 -0.0043
vn -0.5063 -0.8623 0.0043
vn 0.5783 -0.8157 0.0150
vn 0.9532 -0.3007 0.0315
vn 0.9793 -0.2019 -0.0154
vn 0.9973 -0.0719 0.0158
vn 0.9991 0.0281 -0.0305
vn 0.9843 0.1767 -0.0053
vn 0.9739 0.2270 -0.0037
vn 0.9175 0.3977 -0.0041
vn 0.9163 0.4004 0.0041
vn 0.8258 0.5640 0.0012
vn 0.7950 0.6066 -0.0041
vn 0.6588 0.7523 0.0050
vn 0.6198 0.7848 -0.0012
vn 0.8730 0.4878 -0.0020
vn 0.8784 0.4778 0.0008
vn -0.8701 0.4928 0.0009
vn -0.8752 0.4837 -0.0004
vn -0.5966 0.8026 -0.0006
vn -0.6239 0.7815 -0.0018
vn -0.7488 0.6627 -0.0005
vn -0.7750 0.6320 0.0032
vn -0.9884 0.1509 -0.0148
vn -0.9993 0.0224 0.0303
vn 0.3158 -0.9488 0.0028
vn -0.4702 -0.8825 0.0095
vn 0.3122 -0.9500 0.0045
vn -0.5814 -0.8131 -0.0306
vn -0.4643 0.8849 0.0357
vn -0.8749 0.4799 -0.0651
vn -0.9882 0.1465 0.0439
vn 0.0534 0.9963 -0.0674
vn 0.4215 0.9056 0.0475
vn 0.8573 0.5118 -0.0560
vn 0.9708 0.2383 0.0295
vn 0.8706 -0.4900 -0.0446
vn 0.8253 -0.5638 0.0317
vn 0.1172 -0.9931 0.0089
vn -0.0557 -0.9975 -0.0441
vn -0.7300 -0.6825 0.0353
vn -0.8557 -0.5154 -0.0459
vn -0.9324 -0.3615 -0.0056
vn -0.8535 0.5183 0.0540
vn -0.8808 0.4723 -0.0346
vn -0.0263 0.9993 -0.0253
vn 0.1588 0.9869 0.0270
vn 0.8876 0.4603 -0.0179
vn 0.8765 0.4811 0.0141
vn 0.9134 -0.4061 0.0283
vn 0.9394 -0.3418 -0.0252
vn 0.4148 -0.9097 -0.0182
vn 0.2007 -0.9778 0.0596
vn -0.3376 -0.9408 -0.0295
vn -0.7561 -0.6503 0.0731
vn -0.9393 0.3366 -0.0664
vn -0.8342 0.5503 0.0344
vn -0.0397 0.9985 -0.0389
vn 0.8930 0.4492 -0.0284
vn 0.8956 -0.4433 0.0366
vn 0.8873 -0.4609 -0.0153
vn 0.2901 -0.9566 -0.0263
vn -0.0106 -0.9985 0.0542
vn -0.6985 -0.7135 -0.0542
vn -0.8944 -0.4445 0.0502
vn -0.0002 0.9675 -0.2528
vn -0.0006 1.0000 -0.0012
vn -0.0194 0.9998 -0.0073
vn 0.0005 1.0000 -0.0018
vn -0.0009 0.9211 -0.3894
vn 0.0988 0.9949 -0.0189
vn 0.0006 -0.9446 0.3282
vn -0.0003 -1.0000 0.0006
vn -0.0203 -0.9998 0.0039
vn -0.0004 -1.0000 0.0010
vn -0.0003 -0.8992 0.4375
vn 0.0005 -1.0000 0.0017
vn 0.0307 -0.9995 0.0110
vn 0.0014 -1.0000 -0.0000
vn -0.8774 -0.0227 -0.4792
vn -0.9269 0.0476 -0.3724
vn -0.9611 -0.0675 -0.2679
vn -0.9901 0.0351 -0.1356
vn -0.9976 0.0168 -0.0667
vn 0.9999 0.0024 0.0145
vn 0.9919 -0.0509 0.1162
vn 0.9999 0.0038 0.0143
vn 0.9987 -0.0143 0.0495
vn -0.9975 -0.0700 0.0043
vn -0.9841 0.0399 0.1730
vn -0.9977 -0.0173 0.0649
vn 0.5804 0.0005 -0.8143
vn 0.5801 -0.0017 -0.8145
vn 0.5863 -0.0044 -0.8101
vn 0.6291 0.0032 -0.7773
vn 0.7795 -0.0017 -0.6264
vn 0.8144 0.0017 -0.5803
vn 0.9177 -0.0043 -0.3973
vn 0.9375 0.0013 -0.3479
vn 0.9861 0.0041 -0.1664
vn 0.9865 -0.0041 -0.1635
vn 0.9999 -0.0038 0.0167
vn 0.9979 0.0038 0.0653
vn 0.9698 0.0041 0.2438
vn 0.9691 -0.0041 0.2466
vn 0.9089 -0.0038 0.4170
vn 0.8876 0.0038 0.4607
vn 0.7902 0.0041 0.6128
vn 0.7884 -0.0041 0.6152
vn 0.6594 -0.0013 0.7518
vn 0.6184 0.0043 0.7858
vn 0.4406 -0.0017 0.8977
vn 0.3880 0.0017 0.9217
vn 0.1797 -0.0017 0.9837
vn 0.1225 0.0017 0.9925
vn -0.0948 -0.0017 0.9955
vn -0.1496 0.0109 0.9887
vn -0.3803 -0.0185 0.9247
vn -0.2927 0.0193 0.9560
vn -0.5146 0.0558 0.8556
vn -0.6228 -0.0502 0.7808
vn -0.7266 0.0502 0.6853
vn -0.8118 -0.0502 0.5818
vn -0.8869 0.0462 0.4596
vn -0.9403 -0.0736 0.3322
vn 0.9306 0.0055 0.3661
vn 0.9293 -0.0019 0.3693
vn 0.9898 -0.0003 0.1423
vn 0.9964 0.0012 0.0849
vn 0.9854 -0.0019 -0.1701
vn 0.9742 -0.0006 -0.2259
vn 0.8962 0.0050 -0.4437
vn 0.8943 -0.0050 -0.4474
vn 0.7731 -0.0020 -0.6343
vn 0.7390 0.0025 -0.6737
vn 0.9721 0.0910 0.2163
vn 0.9487 -0.0693 0.3085
vn 0.9193 0.0395 0.3916
vn 0.8936 -0.0096 0.4487
vn -0.9999 -0.0041 -0.0147
vn -0.9999 -0.0025 -0.0150
vn 0.9889 -0.0023 -0.1484
vn 0.9983 0.0003 -0.0575
vn 0.9674 0.0012 0.2532
vn 0.9466 0.0055 0.3222
vn 0.8291 -0.0069 0.5591
vn 0.8251 0.0059 0.5650
vn 0.6435 -0.0004 0.7654
vn 0.6024 0.0004 0.7982
vn 0.3634 -0.0059 0.9316
vn 0.3575 0.0059 0.9339
vn 0.0792 -0.0032 0.9969
vn 0.0268 -0.0115 0.9996
vn -0.3085 0.0065 0.9512
vn -0.2046 -0.0107 0.9788
vn -0.5399 -0.0065 0.8417
vn -0.6271 0.0107 0.7788
vn -0.7899 0.0115 0.6131
vn -0.8210 0.0032 0.5709
vn -0.9488 -0.0059 0.3157
vn -0.9508 0.0059 0.3098
vn -0.9996 -0.0032 0.0286
vn -0.9996 0.0019 -0.0294
vn -0.9360 -0.0047 -0.3519
vn -0.9118 0.0047 -0.4105
vn -0.7295 -0.0019 -0.6840
vn -0.6886 0.0032 -0.7251
vn -0.4558 -0.0059 -0.8901
vn -0.4502 0.0059 -0.8929
vn -0.1797 -0.0032 -0.9837
vn -0.1223 0.0019 -0.9925
vn 0.2061 -0.0047 -0.9785
vn 0.2677 0.0047 -0.9635
vn 0.5753 -0.0047 -0.8180
vn 0.6259 0.0047 -0.7799
vn 0.8517 -0.0049 -0.5240
vn 0.8837 0.0065 -0.4680
vn 0.0026 -0.4352 0.9003
vn -0.0018 -0.3260 0.9454
vn 0.0053 0.7175 -0.6966
vn -0.0074 0.3821 -0.9241
vn 0.0017 0.2683 -0.9633
vn -1.0000 0.0001 0.0001
vn -0.0003 0.0002 1.0000
vn -0.0006 -0.0005 1.0000
vn -0.0003 -0.0002 1.0000
vn -0.0003 -0.0001 1.0000
vn -0.0005 -0.0002 1.0000
vn -0.0004 0.0001 1.0000
vn 0.0014 -0.0004 1.0000
vn 0.0018 -0.0005 1.0000
vn 0.0004 -0.0003 1.0000
vn 0.0012 -0.0021 1.0000
vn 0.0016 -0.0022 1.0000
vn 0.0145 -0.0026 0.9999
vn -0.0002 -0.0000 1.0000
vn 0.0013 0.0001 1.0000
vn 0.0026 0.0011 1.0000
vn 0.0028 0.0014 1.0000
vn -0.0003 0.0004 1.0000
vn 0.0014 -0.0019 1.0000
vn 0.0019 -0.0010 1.0000
vn 0.0016 -0.0016 1.0000
vn -0.0006 -0.0003 1.0000
vn -0.0002 -0.0001 1.0000
vn 0.0003 0.0001 1.0000
vn -0.0004 -0.0002 1.0000
vn -0.0001 0.0001 1.0000
vn -0.0016 0.0006 1.0000
vn -0.0447 0.0131 0.9989
vn -0.0485 0.0142 0.9987
vn -0.0484 0.0141 0.9987
vn -0.0000 0.0003 1.0000
vn -0.0003 -0.0000 1.0000
vn 0.0028 -0.0038 1.0000
vn 0.0030 -0.0043 1.0000
vn 0.0028 -0.0039 1.0000
vn 0.0003 -0.0000 1.0000
vn -0.0011 -0.0063 1.0000
vn 0.0001 0.0004 1.0000
vn -0.0063 -0.0863 0.9962
vn -0.0064 -0.0877 0.9961
vn -0.0001 -0.0015 1.0000
vn -0.0001 -0.0003 1.0000
vn 0.0082 -0.0017 1.0000
vn -0.0001 -0.0004 1.0000
vn 0.0002 0.0002 1.0000
vn 0.0005 0.0003 1.0000
vn 0.0004 0.0006 -1.0000
vn -0.0022 0.0054 -1.0000
vn 0.0005 0.0005 -1.0000
vn 0.0004 0.0007 -1.0000
vn -0.0003 0.0019 -1.0000
vn 0.0026 0.0001 -1.0000
vn 0.0003 0.0009 -1.0000
vn -0.0026 0.0040 -1.0000
vn -0.0023 0.0036 -1.0000
vn -0.0024 0.0037 -1.0000
vn -0.0002 -0.0001 -1.0000
vn -0.0006 0.0004 -1.0000
vn -0.0001 0.0001 -1.0000
vn -0.0021 -0.0000 -1.0000
vn -0.0017 0.0004 -1.0000
vn -0.0019 0.0002 -1.0000
vn -0.0026 -0.0007 -1.0000
vn -0.0028 -0.0007 -1.0000
vn -0.0025 -0.0007 -1.0000
vn 0.0009 -0.0002 -1.0000
vn 0.0010 -0.0005 -1.0000
vn -0.0013 0.0050 -1.0000
vn 0.0003 -0.0000 -1.0000
vn -0.0001 0.0004 -1.0000
vn -0.0002 -0.0003 -1.0000
vn 0.0003 -0.0004 -1.0000
vn -0.0004 -0.0002 -1.0000
vn 0.0002 0.0002 -1.0000
vn -0.0005 0.0003 -1.0000
vn -0.0003 -0.0006 -1.0000
vn -0.0002 -0.0004 -1.0000
vn -0.0001 -0.0005 -1.0000
vn -0.0002 0.0010 -1.0000
vn 0.0099 -0.0350 -0.9993
vn 0.0095 -0.0336 -0.9994
vn 0.0095 -0.0321 -0.9994
vn 0.0003 -0.0010 -1.0000
vn -0.0001 0.0005 -1.0000
vn 0.0001 0.0003 -1.0000
vn 0.0001 0.0002 -1.0000
vn -0.0000 -0.0011 -1.0000
vn -0.0000 -0.0010 -1.0000
vn -0.0001 0.0007 -1.0000
vn 0.0010 0.0005 -1.0000
vn 1.0000 0.0081 0.0025
vn 1.0000 0.0079 0.0013
vn -1.0000 0.0079 -0.0000
vn -1.0000 0.0077 0.0013
vn 0.8847 -0.4662 -0.0039
vn 0.8862 -0.4632 -0.0077
vn 0.5135 -0.8581 0.0016
vn 0.4819 -0.8762 0.0006
vn -0.6780 -0.0281 0.7346
vn -0.9997 0.0174 -0.0142
vn -0.7071 0.0252 0.7067
vn 0.0610 0.0398 0.9973
vn 0.0873 -0.0252 0.9959
vn 0.7373 -0.0129 0.6754
vn 0.9294 0.0835 0.3594
vn 0.9942 0.0031 -0.1075
vn 0.6109 0.0578 -0.7896
vn -0.8636 0.0303 -0.5033
vn -0.8876 -0.0298 0.4597
vn -0.7918 0.0298 0.6101
vn 0.0465 -0.0242 0.9986
vn 0.1057 0.0166 0.9943
vn 0.8067 0.0046 0.5910
vn 0.8393 -0.0162 0.5435
vn 0.9523 0.0195 -0.3045
vn 0.9242 -0.0174 -0.3815
vn 0.1322 0.0211 -0.9910
vn 0.0545 -0.0068 -0.9985
vn -0.8312 -0.0141 -0.5558
vn -1.0000 0.0016 0.0010
vn -0.6168 -0.7298 0.2949
vn -0.5798 -0.7993 0.1579
vn -0.5401 -0.8332 0.1188
vn -0.5883 -0.7188 0.3705
vn 0.6074 -0.7136 0.3492
vn 0.6297 -0.6929 0.3513
vn 0.9106 -0.3759 0.1718
vn 0.9323 -0.0874 0.3511
vn 0.8969 -0.4409 0.0352
vn -0.4869 -0.7138 0.5034
vn -0.4880 -0.7076 0.5110
vn -0.3112 -0.7077 0.6342
vn -0.3066 -0.7025 0.6422
vn -0.1380 -0.7031 0.6976
vn -0.0717 -0.7005 0.7100
vn 0.0699 -0.7137 0.6970
vn 0.1335 -0.7087 0.6928
vn 0.3042 -0.7129 0.6319
vn 0.3099 -0.7076 0.6350
vn 0.4895 -0.7077 0.5094
vn 0.4907 -0.7078 0.5082
vn -0.6130 -0.7143 -0.3376
vn -0.6290 -0.6978 -0.3428
vn -0.9104 -0.3765 -0.1717
vn -0.9323 -0.0874 -0.3511
vn -0.8968 -0.4410 -0.0352
vn 0.6168 -0.7298 -0.2949
vn 0.5798 -0.7993 -0.1579
vn 0.5401 -0.8332 -0.1188
vn 0.5866 -0.7237 -0.3636
vn 0.4917 -0.7186 -0.4918
vn 0.5370 -0.7112 -0.4536
vn 0.4025 -0.7123 -0.5750
vn 0.3018 -0.7150 -0.6307
vn 0.2402 -0.7001 -0.6724
vn 0.1270 -0.7132 -0.6893
vn 0.0553 -0.6990 -0.7130
vn -0.0684 -0.7027 -0.7082
vn -0.1841 -0.7035 -0.6864
vn -0.2986 -0.7073 -0.6407
vn -0.3994 -0.7079 -0.5826
vn -0.4894 -0.7150 -0.4993
vn -0.5407 -0.7051 -0.4588
vn 1.0000 0.0003 -0.0009
vn 1.0000 0.0004 -0.0008
vn 1.0000 -0.0002 0.0006
vn 1.0000 0.0002 -0.0003
vn 1.0000 -0.0000 0.0002
vn 1.0000 0.0001 -0.0003
vn 1.0000 0.0001 -0.0008
vn 1.0000 0.0001 -0.0006
vn 1.0000 0.0002 -0.0004
vn 1.0000 -0.0004 0.0013
vn 1.0000 -0.0000 0.0004
vn -0.7145 -0.6948 -0.0821
vn -0.6668 -0.6878 -0.2868
vn -0.6185 -0.6679 -0.4141
vn -0.4535 -0.6962 -0.5565
vn -0.4459 -0.6965 -0.5622
vn -0.2083 -0.6919 -0.6912
vn -0.1087 -0.6914 -0.7142
vn 0.1010 -0.7199 -0.6867
vn 0.1947 -0.7147 -0.6718
vn 0.4179 -0.7163 -0.5588
vn 0.4460 -0.6968 -0.5618
vn 0.6137 -0.6920 -0.3801
vn 0.6749 -0.6826 -0.2801
vn 0.7145 -0.6948 -0.0823
vn 0.7093 -0.6987 0.0937
vn 0.6689 -0.6948 0.2642
vn 0.5698 -0.6879 0.4496
vn 0.4902 -0.6679 0.5601
vn 0.2695 -0.6965 0.6650
vn 0.2752 -0.7168 0.6407
vn -0.0793 -0.7248 0.6844
vn 0.0307 -0.7314 0.6812
vn -0.2837 -0.7071 0.6477
vn -0.4323 -0.7037 0.5638
vn -0.5678 -0.6987 0.4353
vn -0.6563 -0.7037 0.2721
vn -0.7093 -0.6987 0.0931
vn 0.7145 0.6948 -0.0821
vn 0.6668 0.6878 -0.2868
vn 0.6185 0.6679 -0.4141
vn 0.4535 0.6962 -0.5565
vn 0.4459 0.6965 -0.5622
vn 0.2083 0.6919 -0.6912
vn 0.1087 0.6914 -0.7142
vn -0.1010 0.7199 -0.6867
vn -0.1947 0.7147 -0.6718
vn -0.4179 0.7163 -0.5588
vn -0.4460 0.6968 -0.5618
vn -0.6137 0.6920 -0.3801
vn -0.6749 0.6826 -0.2801
vn -0.7145 0.6948 -0.0823
vn -0.7093 0.6987 0.0937
vn -0.6565 0.7037 0.2717
vn -0.5674 0.6987 0.4357
vn -0.4472 0.6948 0.5633
vn -0.2736 0.6987 0.6610
vn -0.1445 0.6679 0.7301
vn 0.0866 0.7151 0.6937
vn -0.0307 0.7314 0.6812
vn 0.2837 0.7071 0.6477
vn 0.4324 0.7037 0.5638
vn 0.5678 0.6987 0.4353
vn 0.6563 0.7037 0.2721
vn 0.7093 0.6987 0.0931
vn 0.9844 0.0390 0.1717
vn 0.9844 -0.0390 -0.1717
vn 0.1717 0.0390 -0.9844
vn -0.1717 -0.0390 -0.9844
vn -0.9844 0.0390 -0.1717
vn -0.9844 -0.0390 0.1717
vn -0.1717 0.0390 0.9844
vn 0.1717 -0.0390 0.9844
vn 0.9957 0.0293 0.0880
vn 0.8770 -0.0264 -0.4798
vn 0.4598 0.0240 -0.8877
vn -0.2039 -0.0173 -0.9788
vn -0.5240 -0.0005 -0.8517
vn -0.9887 -0.0034 0.1496
vn -0.9993 -0.0042 0.0375
vn -0.1408 -0.0128 0.9900
vn 0.0620 0.0284 0.9977
vn 0.8586 -0.0175 0.5123
vn -0.4649 -0.8642 -0.1926
vn -0.4830 -0.8660 -0.1294
vn -0.4330 -0.8660 -0.2500
vn -0.5000 -0.8660 -0.0000
vn -0.4989 -0.8642 -0.0657
vn -0.1926 -0.8642 -0.4649
vn -0.2500 -0.8660 -0.4330
vn -0.1294 -0.8660 -0.4830
vn -0.3535 -0.8660 -0.3536
vn -0.3063 -0.8642 -0.3992
vn -0.3536 -0.8660 -0.3535
vn -0.3992 -0.8642 -0.3063
vn 0.1926 -0.8642 -0.4649
vn 0.1294 -0.8660 -0.4830
vn 0.2500 -0.8660 -0.4330
vn -0.0000 -0.8660 -0.5000
vn 0.0657 -0.8642 -0.4989
vn -0.0657 -0.8642 -0.4989
vn 0.4649 -0.8642 -0.1926
vn 0.4330 -0.8660 -0.2500
vn 0.4830 -0.8660 -0.1294
vn 0.3536 -0.8660 -0.3535
vn 0.3992 -0.8642 -0.3063
vn 0.3535 -0.8660 -0.3536
vn 0.3063 -0.8642 -0.3992
vn 0.4649 -0.8642 0.1926
vn 0.4830 -0.8660 0.1294
vn 0.4330 -0.8660 0.2500
vn 0.5000 -0.8660 -0.0000
vn 0.4830 -0.8660 0.1293
vn 0.4989 -0.8642 0.0657
vn 0.4989 -0.8642 -0.0657
vn 0.1926 -0.8642 0.4649
vn 0.2500 -0.8660 0.4330
vn 0.1294 -0.8660 0.4830
vn 0.3535 -0.8660 0.3536
vn 0.3063 -0.8642 0.3992
vn 0.3536 -0.8660 0.3535
vn 0.3992 -0.8642 0.3063
vn -0.1926 -0.8642 0.4649
vn -0.1294 -0.8660 0.4830
vn -0.2500 -0.8660 0.4330
vn -0.0000 -0.8660 0.5000
vn -0.0657 -0.8642 0.4989
vn 0.0657 -0.8642 0.4989
vn -0.4649 -0.8642 0.1926
vn -0.4330 -0.8660 0.2500
vn -0.4830 -0.8660 0.1294
vn -0.3536 -0.8660 0.3535
vn -0.3992 -0.8642 0.3063
vn -0.3536 -0.8660 0.3536
vn -0.3063 -0.8642 0.3992
vn -0.4989 -0.8642 0.0657
vn 0.4649 0.8641 -0.1926
vn 0.4830 0.8660 -0.1294
vn 0.4330 0.8660 -0.2500
vn 0.5000 0.8660 -0.0001
vn 0.4989 0.8641 -0.0657
vn 0.1926 0.8641 -0.4649
vn 0.2500 0.8660 -0.4330
vn 0.1294 0.8660 -0.4830
vn 0.3536 0.8660 -0.3536
vn 0.3064 0.8641 -0.3993
vn 0.3993 0.8641 -0.3064
vn -0.1926 0.8641 -0.4649
vn -0.1294 0.8660 -0.4830
vn -0.2500 0.8660 -0.4330
vn -0.0000 0.8660 -0.5000
vn -0.0657 0.8641 -0.4989
vn 0.0657 0.8641 -0.4989
vn -0.4649 0.8641 -0.1926
vn -0.4330 0.8660 -0.2500
vn -0.4830 0.8660 -0.1294
vn -0.3536 0.8660 -0.3536
vn -0.3993 0.8641 -0.3064
vn -0.3064 0.8641 -0.3993
vn -0.4649 0.8641 0.1926
vn -0.4830 0.8660 0.1294
vn -0.4330 0.8660 0.2500
vn -0.5000 0.8660 -0.0000
vn -0.4989 0.8641 0.0657
vn -0.4990 0.8641 -0.0657
vn -0.1926 0.8641 0.4649
vn -0.2500 0.8660 0.4330
vn -0.1294 0.8660 0.4830
vn -0.3536 0.8660 0.3536
vn -0.3064 0.8641 0.3993
vn -0.3993 0.8641 0.3064
vn 0.1926 0.8641 0.4649
vn 0.1294 0.8660 0.4830
vn 0.2500 0.8660 0.4330
vn -0.0000 0.8660 0.5000
vn 0.0657 0.8641 0.4989
vn -0.0657 0.8641 0.4989
vn 0.4649 0.8641 0.1926
vn 0.4330 0.8660 0.2500
vn 0.4830 0.8660 0.1294
vn 0.3536 0.8660 0.3536
vn 0.3993 0.8641 0.3064
vn 0.3064 0.8641 0.3993
vn 0.5000 0.8660 0.0001
vn 0.4989 0.8641 0.0657
vn 0.6436 0.7025 0.3038
vn 0.7121 0.6986 0.0699
vn 0.7061 0.6914 0.1529
vn 0.6402 0.7077 0.2988
vn 0.4997 0.7078 0.4993
vn 0.4994 0.7077 0.4998
vn 0.3112 0.7077 0.6342
vn 0.3066 0.7025 0.6422
vn 0.1380 0.7031 0.6976
vn 0.0717 0.7005 0.7100
vn -0.0699 0.7137 0.6970
vn -0.1335 0.7087 0.6928
vn -0.3042 0.7129 0.6319
vn -0.3099 0.7077 0.6350
vn -0.4993 0.7078 0.4997
vn -0.4998 0.7077 0.4994
vn -0.6342 0.7077 0.3112
vn -0.6422 0.7025 0.3066
vn -0.6976 0.7031 0.1380
vn -0.7151 0.6960 0.0650
vn -0.7082 0.7027 -0.0684
vn -0.6864 0.7035 -0.1841
vn -0.6407 0.7073 -0.2986
vn -0.5821 0.7035 -0.4078
vn -0.4999 0.7073 -0.4998
vn -0.4108 0.7079 -0.5745
vn -0.3018 0.7150 -0.6307
vn -0.2402 0.7001 -0.6724
vn -0.1270 0.7132 -0.6893
vn -0.0553 0.6990 -0.7130
vn 0.0684 0.7027 -0.7082
vn 0.1841 0.7035 -0.6864
vn 0.2986 0.7073 -0.6407
vn 0.4078 0.7035 -0.5821
vn 0.4998 0.7073 -0.4999
vn 0.5823 0.7035 -0.4075
vn 0.6406 0.7073 -0.2989
vn 0.6865 0.7035 -0.1838
vn 0.7081 0.7027 -0.0686
vn -1.0000 0.0003 -0.0007
vn -1.0000 -0.0004 0.0016
vn -1.0000 -0.0000 0.0003
vn -1.0000 0.0001 0.0003
vn -1.0000 0.0001 -0.0003
vn -1.0000 0.0001 -0.0000
vn -1.0000 -0.0002 0.0006
vn -1.0000 0.0003 -0.0015
vn -1.0000 0.0002 -0.0008
vn -1.0000 -0.0000 0.0005
vn -1.0000 -0.0017 0.0016
vn -1.0000 -0.0000 0.0008
vn -1.0000 -0.0001 0.0016
vn -0.8597 -0.0011 0.5108
vn -0.9991 0.0022 -0.0427
vn -0.9985 -0.0009 -0.0539
vn -0.8279 0.0008 0.5609
vn 0.8597 -0.0011 -0.5108
vn 0.9991 0.0022 0.0427
vn 0.9985 -0.0009 0.0539
vn 0.8280 0.0012 -0.5607
vn 0.7060 -0.0013 -0.7082
vn 0.4329 -0.0011 -0.9014
vn 0.3908 0.0003 -0.9205
vn -0.2604 -0.0024 -0.9655
vn -0.1939 0.0004 -0.9810
vn -0.7309 0.0019 -0.6824
vn -0.6067 -0.0036 -0.7950
vn -1.0000 0.0076 -0.0045
vn -0.6843 -0.0014 0.7292
vn -0.3667 -0.0017 0.9303
vn -0.3914 0.0006 0.9202
vn 0.1942 0.0014 0.9810
vn 0.3312 -0.0027 0.9436
vn 0.7310 0.0022 0.6823
vn 0.6321 -0.0031 0.7749
vn 1.0000 0.0076 0.0045
vn -0.5866 -0.7237 0.3636
vn 0.9105 -0.3762 0.1717
vn 0.8968 -0.4409 0.0352
vn -0.4917 -0.7186 0.4918
vn -0.5370 -0.7112 0.4536
vn -0.3992 -0.7079 0.5827
vn -0.3066 -0.7027 0.6420
vn -0.1779 -0.6986 0.6930
vn -0.0978 -0.6914 0.7158
vn 0.0654 -0.7025 0.7087
vn 0.0618 -0.7077 0.7038
vn 0.2983 -0.7078 0.6403
vn 0.2988 -0.7077 0.6402
vn -0.9101 -0.3767 -0.1723
vn -0.9323 -0.0873 -0.3511
vn -0.8969 -0.4409 -0.0352
vn 0.5799 -0.7993 -0.1579
vn 0.5401 -0.8331 -0.1188
vn 0.4995 -0.7141 -0.4905
vn 0.3966 -0.7085 -0.5837
vn 0.3367 -0.6914 -0.6392
vn 0.1942 -0.7063 -0.6808
vn 0.2574 -0.7180 -0.6467
vn 0.0475 -0.7030 -0.7096
vn -0.0280 -0.6914 -0.7219
vn -0.1742 -0.7024 -0.6902
vn -0.1779 -0.7025 -0.6891
vn -0.3427 -0.7031 -0.6231
vn -0.4015 -0.7005 -0.5900
vn -0.4973 -0.7105 -0.4979
vn 1.0000 0.0004 -0.0009
vn 1.0000 0.0001 -0.0004
vn 1.0000 -0.0003 0.0013
vn 1.0000 -0.0000 0.0003
vn -0.6929 -0.7163 -0.0825
vn -0.7095 -0.6968 -0.1053
vn -0.6361 -0.6920 -0.3414
vn -0.5819 -0.6914 -0.4281
vn -0.4142 -0.7199 -0.5570
vn -0.3374 -0.7146 -0.6127
vn -0.0996 -0.7163 -0.6906
vn -0.0920 -0.7065 -0.7017
vn 0.1829 -0.7072 -0.6830
vn 0.1831 -0.7070 -0.6831
vn 0.4304 -0.7067 -0.5616
vn 0.4311 -0.7065 -0.5612
vn 0.6123 -0.7072 -0.3536
vn 0.6125 -0.7070 -0.3535
vn 0.7046 -0.7065 -0.0666
vn 0.6932 -0.7166 -0.0772
vn 0.6530 -0.7162 0.2461
vn 0.6659 -0.7314 0.1466
vn 0.5546 -0.6964 0.4554
vn 0.4902 -0.6679 0.5600
vn 0.0307 -0.7315 0.6812
vn -0.5525 -0.7071 0.4413
vn -0.6326 -0.7283 0.2634
vn -0.6792 -0.7147 0.1673
vn 0.6929 0.7163 -0.0825
vn 0.7016 0.7065 -0.0927
vn 0.6123 0.7072 -0.3534
vn 0.6124 0.7070 -0.3537
vn 0.4311 0.7067 -0.5611
vn 0.4272 0.6968 -0.5762
vn 0.0959 0.6826 -0.7245
vn -0.1054 0.6947 -0.7115
vn -0.2740 0.6987 -0.6609
vn -0.4283 0.6948 -0.5777
vn -0.5818 0.6878 -0.4340
vn -0.6678 0.6679 -0.3286
vn -0.7121 0.6965 -0.0882
vn -0.6901 0.7168 -0.1000
vn -0.6406 0.7248 0.2537
vn -0.6660 0.7314 0.1466
vn -0.5522 0.7071 0.4417
vn -0.4327 0.7037 0.5635
vn -0.2833 0.7071 0.6479
vn -0.0908 0.7283 0.6792
vn 0.0142 0.7147 0.6993
vn 0.2591 0.7163 0.6479
vn 0.2854 0.6968 0.6581
vn 0.4945 0.6919 0.5260
vn 0.5642 0.6914 0.4513
vn 0.6452 0.7199 0.2559
vn 0.6792 0.7147 0.1673
vn 0.9993 0.0069 -0.0380
vn 0.9856 -0.0348 -0.1655
vn 0.3804 0.0247 -0.9245
vn -0.1681 -0.0527 -0.9844
vn -0.7684 0.0383 -0.6388
vn -0.9831 -0.0485 0.1767
vn -0.8131 0.0269 0.5814
vn 0.1754 -0.0314 0.9840
vn 0.3511 0.0079 0.9363
vn 0.9082 0.0276 0.4177
vn 0.9903 -0.0187 0.1374
vn 0.6487 0.0065 -0.7610
vn 0.5325 -0.0069 -0.8464
vn -0.6317 -0.0171 -0.7750
vn -0.4350 0.0062 -0.9004
vn -0.9991 0.0282 0.0307
vn -0.9070 -0.0314 0.4201
vn -0.1935 0.0336 0.9805
vn 0.1716 -0.0288 0.9847
vn 0.1294 -0.8660 0.4829
vn -0.3535 -0.8660 0.3536
vn 0.5000 0.8660 -0.0000
vn 0.3993 0.8641 -0.3063
vn 0.0657 0.8641 -0.4990
vn -0.4989 0.8641 -0.0657
vn 0.3993 0.8641 0.3063
vn 0.6403 0.7078 0.2982
vn 0.7038 0.7077 0.0618
vn 0.7087 0.7025 0.0654
vn 0.6372 0.7131 0.2924
vn 0.4995 0.7161 0.4875
vn 0.5462 0.7180 0.4314
vn 0.3992 0.7079 0.5827
vn 0.3066 0.7027 0.6420
vn 0.1809 0.7042 0.6866
vn 0.0978 0.6914 0.7158
vn -0.0565 0.7109 0.7010
vn 0.0207 0.7180 0.6957
vn -0.1898 0.7079 0.6803
vn -0.2986 0.7073 0.6407
vn -0.3994 0.7079 0.5826
vn -0.4937 0.7182 0.4904
vn -0.5476 0.7087 0.4449
vn -0.6392 0.7129 0.2885
vn -0.6456 0.7076 0.2872
vn -0.7024 0.7077 0.0755
vn -0.7083 0.7025 0.0685
vn -0.7027 0.7031 -0.1089
vn -0.6942 0.6960 -0.1835
vn -0.6421 0.7027 -0.3065
vn -0.5077 0.7027 -0.4984
vn -0.4048 0.7042 -0.5833
vn -0.3367 0.6914 -0.6392
vn -0.1942 0.7063 -0.6808
vn -0.2574 0.7180 -0.6467
vn -0.0475 0.7030 -0.7096
vn 0.0280 0.6914 -0.7219
vn 0.1742 0.7024 -0.6902
vn 0.1779 0.7025 -0.6891
vn 0.3427 0.7031 -0.6231
vn 0.4099 0.6960 -0.5895
vn 0.5076 0.7027 -0.4985
vn 0.6420 0.7027 -0.3066
vn 0.6930 0.6986 -0.1779
vn 0.7158 0.6914 -0.0978
vn -0.0001 -1.0000 -0.0000
vn -1.0000 -0.0000 0.0007
vn -0.9837 0.0017 -0.1799
vn -0.9986 -0.0014 -0.0535
vn -0.9213 0.0020 0.3889
vn -0.1588 -0.0078 -0.9873
vn 0.8786 -0.0011 -0.4775
vn 0.9999 0.0023 0.0157
vn 0.9985 -0.0009 0.0538
vn 0.7769 0.0026 -0.6296
vn 0.6848 -0.0026 -0.7287
vn 0.3664 -0.0023 -0.9305
vn 0.2547 0.0011 -0.9670
vn -0.3311 -0.0026 -0.9436
vn -0.2760 0.0003 -0.9612
vn -0.7230 0.0014 -0.6909
vn -0.6321 -0.0031 -0.7749
vn -1.0000 0.0073 -0.0048
vn -0.6515 -0.0028 0.7586
vn -0.4644 0.0018 0.8856
vn -0.3809 -0.0008 0.9246
vn 0.2756 0.0002 0.9613
vn 0.2522 -0.0009 0.9677
vn 0.6053 -0.0010 0.7960
vn 0.7770 -0.0005 0.6296
vn 0.9910 0.0064 -0.1336
s 1
usemtl link4_02_mat
f 3//1 1//2 2//3
f 1//2 3//1 4//4
f 4//4 3//1 5//5
f 6//6 5//5 3//1
f 5//5 6//6 7//7
f 8//8 7//7 6//6
f 7//7 8//8 9//9
f 10//10 9//9 8//8
f 11//11 9//9 10//10
f 9//9 11//11 12//12
f 13//13 12//12 11//11
f 12//12 13//13 14//14
f 14//14 13//13 1//2
f 2//3 1//2 13//13
f 15//15 16//16 17//17
f 18//18 17//17 16//16
f 17//17 18//18 19//19
f 20//20 19//19 18//18
f 21//21 19//19 20//20
f 19//19 21//21 22//22
f 22//22 21//21 23//23
f 24//24 23//23 21//21
f 25//25 23//23 24//24
f 23//23 25//25 26//26
f 26//26 25//25 15//15
f 16//16 15//15 25//25
f 27//27 28//28 29//29
f 30//30 29//29 28//28
f 31//31 29//29 30//30
f 29//29 31//31 32//32
f 33//33 32//32 31//31
f 32//32 33//33 34//34
f 35//35 34//34 33//33
f 34//34 35//35 36//36
f 37//37 36//36 35//35
f 36//36 37//37 38//38
f 39//39 38//38 37//37
f 38//38 39//39 27//27
f 28//28 27//27 39//39
f 40//40 91//41 41//42
f 92//43 41//42 91//41
f 89//44 90//45 42//46
f 89//44 42//46 43//47
f 44//48 43//47 42//46
f 43//47 44//48 45//49
f 46//50 45//49 44//48
f 45//49 46//50 47//51
f 63//52 62//53 48//54
f 63//52 48//54 49//55
f 49//55 48//54 50//56
f 51//57 50//56 48//54
f 50//56 51//57 52//58
f 53//59 52//58 51//57
f 52//58 53//59 54//60
f 55//61 54//60 53//59
f 56//62 54//60 55//61
f 54//60 56//62 57//63
f 57//63 56//62 58//64
f 59//65 58//64 56//62
f 60//66 58//64 59//65
f 58//64 60//66 61//67
f 327//68 62//53 326//69
f 63//52 326//69 62//53
f 64//70 40//40 41//42
f 40//40 64//70 65//71
f 66//72 65//71 64//70
f 65//71 66//72 67//73
f 68//74 67//73 66//72
f 67//73 68//74 69//75
f 70//76 69//75 68//74
f 69//75 70//76 71//77
f 72//78 71//77 70//76
f 73//79 74//80 75//81
f 76//82 75//81 74//80
f 75//81 76//82 77//83
f 78//84 77//83 76//82
f 77//83 78//84 79//85
f 80//86 79//85 78//84
f 79//85 80//86 81//87
f 82//88 81//87 80//86
f 81//87 82//88 83//89
f 84//90 83//89 82//88
f 83//89 84//90 85//91
f 86//92 85//91 84//90
f 85//91 86//92 87//93
f 88//94 87//93 86//92
f 73//79 71//77 74//80
f 72//78 74//80 71//77
f 47//51 46//50 91//41
f 92//43 91//41 46//50
s 0
f 93//95 94//95 95//95
f 98//95 96//95 97//95
f 96//96 98//97 99//98
f 100//95 101//95 102//95
f 102//99 101//99 103//99
f 104//100 105//100 102//100
f 100//95 102//95 105//95
f 96//101 107//101 97//101
f 108//95 97//95 107//95
f 97//95 108//95 109//95
f 110//101 109//101 108//101
f 109//95 110//95 111//95
f 112//100 111//100 110//100
f 111//95 112//95 113//95
f 114//95 115//95 116//95
s 1
f 117//102 118//103 333//104
s 0
f 119//95 120//95 121//95
s 1
f 333//104 121//105 120//106
f 118//103 121//105 333//104
s 0
f 123//95 102//95 103//95
f 124//101 125//101 126//101
f 127//95 126//95 125//95
f 126//107 127//107 128//107
f 129//108 128//108 127//108
f 124//95 130//95 125//95
f 131//108 125//108 130//108
f 125//100 131//100 98//100
f 98//109 131//109 99//109
f 132//110 133//110 134//110
f 134//111 133//111 135//96
f 136//112 134//112 135//113
f 137//95 138//95 139//95
f 140//113 139//113 138//113
f 139//95 140//95 141//95
f 123//114 142//115 102//114
f 102//95 142//116 143//95
f 144//99 143//99 142//117
f 143//99 144//99 145//99
f 146//95 145//95 144//95
f 147//95 145//95 146//95
f 145//96 147//96 148//96
f 93//95 148//95 147//95
f 148//110 93//110 95//110
f 104//101 128//101 105//101
f 129//118 105//118 128//118
f 105//119 129//120 106//121
f 151//122 150//123 149//124
f 152//95 153//95 94//95
f 154//95 94//95 153//95
f 94//96 154//96 95//96
f 155//110 156//125 157//125
f 157//95 156//95 158//95
f 150//95 151//95 132//95
f 133//98 132//95 151//126
f 116//107 153//107 114//107
f 152//95 114//95 153//95
f 159//95 114//95 152//95
f 114//101 159//101 160//101
f 161//95 160//95 159//95
f 160//100 161//100 162//100
f 163//95 162//95 161//95
f 162//101 163//101 164//101
f 165//95 164//95 163//95
f 149//127 164//95 165//95
f 164//96 149//96 150//96
f 137//99 139//99 166//99
f 167//95 166//95 139//95
f 166//96 167//96 168//96
f 169//95 168//95 167//95
f 168//95 169//95 115//95
f 113//95 115//95 169//95
f 112//95 115//95 113//95
f 115//101 112//101 116//101
f 158//99 170//99 171//99
f 170//128 158//128 172//128
f 156//100 172//100 158//100
f 173//96 119//96 174//96
f 134//96 174//96 119//96
f 174//129 134//129 136//129
f 170//108 175//108 171//108
f 171//95 175//95 176//95
f 177//95 176//95 175//95
f 176//95 177//95 178//95
f 179//109 178//113 177//113
f 178//95 179//95 173//95
f 180//110 173//110 179//110
f 173//110 180//110 119//110
f 180//96 181//96 119//96
f 182//113 119//113 181//113
f 119//95 182//95 120//95
f 183//130 120//130 182//130
f 120//115 183//130 122//115
f 120//131 122//132 184//133
f 185//96 186//96 187//96
f 188//95 187//95 186//95
f 187//101 188//128 189//101
s 1
f 333//104 332//134 117//102
f 190//135 117//102 332//134
s 0
f 117//112 190//112 191//112
f 191//136 190//137 192//138
f 140//95 193//95 141//95
f 191//95 141//95 193//95
f 141//139 191//139 192//139
f 194//95 195//95 196//95
f 198//95 196//95 197//95
f 156//95 155//95 196//95
f 194//140 196//140 155//140
f 189//141 188//141 122//141
f 122//142 188//142 184//142
f 195//122 199//122 196//122
f 196//110 199//110 197//110
f 185//110 200//110 186//110
f 201//109 186//107 200//110
f 186//95 201//95 202//95
f 203//110 202//110 201//110
f 202//95 203//95 204//95
f 205//96 204//96 203//96
f 204//110 205//110 206//143
f 196//110 206//110 205//110
f 206//144 196//144 198//144
f 207//145 208//145 209//145
f 210//146 211//146 212//146
f 213//145 214//145 215//145
f 216//147 217//147 218//147
f 219//148 218//148 217//146
f 218//145 219//145 220//145
f 223//145 216//145 218//145
f 216//149 223//149 224//149
f 209//145 208//145 227//145
f 228//145 227//145 208//145
f 227//145 228//145 229//145
f 221//150 222//150 230//150
f 219//146 231//146 220//151
f 232//152 220//152 231//152
f 220//145 232//145 233//145
f 234//153 233//153 232//153
f 233//154 234//154 221//154
f 235//154 221//154 234//154
f 221//154 235//154 222//154
f 236//154 222//154 235//154
f 222//145 236//145 226//145
f 229//155 226//155 236//155
f 226//145 229//145 225//145
f 225//145 229//145 237//145
f 228//145 237//145 229//145
f 238//153 239//153 240//153
f 209//145 241//145 207//145
f 207//145 241//145 242//145
f 243//145 242//145 241//145
f 242//145 243//145 244//145
f 213//145 245//145 246//145
f 247//145 248//145 249//145
f 250//145 213//145 215//145
f 213//152 250//152 251//152
f 252//145 251//145 250//145
f 251//146 252//146 253//146
f 254//145 253//145 252//145
f 253//152 254//152 255//152
f 256//145 255//145 254//145
f 255//145 256//145 257//145
f 212//145 211//145 239//145
f 239//156 211//156 240//156
f 262//145 263//145 264//145
f 265//152 264//152 263//152
f 264//145 265//145 266//145
s 1
f 267//157 268//158 269//159
f 270//160 269//159 268//158
s 0
f 269//161 270//161 271//161
f 271//162 270//163 272//164
f 246//153 273//153 213//153
f 274//146 213//146 273//146
f 213//145 274//145 214//145
f 275//154 214//154 274//154
f 214//145 275//145 223//145
f 276//155 223//155 275//155
f 223//148 276//148 224//148
f 258//165 259//166 225//167
f 225//168 259//169 278//170
f 226//171 225//172 278//173
f 238//174 280//174 279//152
f 240//154 280//154 238//154
f 244//145 246//145 245//145
f 243//145 246//145 244//145
f 249//145 248//145 281//145
f 282//145 281//145 248//145
f 281//154 282//154 245//154
f 283//145 245//145 282//145
f 245//145 283//145 244//145
f 277//175 284//176 256//176
f 285//145 256//145 284//145
f 256//148 285//148 257//148
f 260//145 286//145 261//145
f 261//145 286//145 280//145
f 279//177 280//177 286//177
f 287//153 247//153 249//153
f 247//145 287//145 288//145
f 289//145 321//145 287//145
f 290//145 287//145 321//145
f 262//148 264//148 291//148
f 292//145 291//145 264//145
f 291//145 292//145 293//145
f 294//145 293//145 292//145
f 293//145 294//145 261//145
f 295//145 261//145 294//145
f 261//178 295//178 296//178
f 265//153 297//153 266//153
f 271//145 266//145 297//145
f 266//179 271//179 272//179
f 298//152 299//152 300//152
f 301//180 300//181 299//180
f 300//145 301//145 302//145
f 298//152 303//152 299//152
s 1
f 267//157 299//182 303//183
f 299//182 267//157 304//184
f 269//159 304//184 267//157
s 0
f 305//185 306//186 307//187
f 308//145 261//188 296//145
f 309//189 310//189 311//189
f 312//145 311//145 310//145
f 310//148 300//148 312//148
f 302//152 312//152 300//152
f 312//145 302//145 313//145
f 314//152 313//152 302//152
f 313//145 314//145 315//145
f 316//148 315//148 314//190
f 315//145 316//145 212//145
f 210//191 212//191 316//191
f 256//190 317//190 277//190
f 277//192 317//192 305//192
f 306//193 305//193 317//193
s 1
f 303//183 318//194 267//157
f 305//195 267//157 318//194
f 267//157 305//195 307//196
s 0
f 308//152 319//152 261//152
f 261//197 319//197 260//197
f 287//145 290//145 288//145
f 310//180 309//180 320//198
f 321//198 310//198 320//198
f 310//180 321//180 289//152
s 1
f 89//44 322//199 90//45
f 323//200 90//45 322//199
f 60//66 324//201 61//67
f 325//202 61//67 324//201
f 87//93 88//94 326//69
f 327//68 326//69 88//94
f 329//203 330//204 328//205
f 328//205 330//204 331//206
f 332//134 331//206 330//204
f 331//206 332//134 333//104
f 268//158 267//157 334//207
f 335//208 334//207 267//157
f 335//208 336//209 334//207
s 0
f 339//210 337//210 338//210
f 337//210 339//210 340//210
f 341//210 340//210 339//210
f 342//210 340//210 341//210
f 340//210 342//210 343//210
f 344//210 343//210 342//210
f 343//210 344//210 322//210
f 345//210 322//210 344//210
f 323//210 322//210 345//210
f 346//211 325//211 324//211
f 325//212 346//212 347//212
f 348//211 347//211 346//211
f 347//213 348//213 349//213
f 350//211 349//211 348//211
f 351//212 349//212 350//212
f 349//212 351//212 352//212
f 353//214 352//214 351//214
f 354//215 352//215 353//215
s 1
f 357//216 355//217 356//218
f 355//217 357//216 358//219
f 359//220 358//219 357//216
f 358//219 359//220 360//221
f 360//221 359//220 361//222
f 362//223 361//222 359//220
f 361//222 362//223 363//224
f 364//225 363//224 362//223
f 365//226 366//227 367//228
f 368//229 367//228 366//227
f 369//230 367//228 368//229
f 367//228 369//230 370//231
f 371//232 370//231 369//230
f 370//231 371//232 372//233
f 375//234 373//235 374//236
f 373//235 375//234 376//237
f 376//237 375//234 377//238
f 378//239 377//238 375//234
f 356//218 377//238 378//239
f 377//238 356//218 355//217
f 379//240 380//241 381//242
f 382//243 381//242 380//241
f 381//242 382//243 383//244
f 384//245 383//244 382//243
f 383//244 384//245 385//246
f 386//247 385//246 384//245
f 385//246 386//247 387//248
f 388//249 387//248 386//247
f 387//248 388//249 389//250
f 390//251 389//250 388//249
f 389//250 390//251 391//252
f 392//253 391//252 390//251
f 391//252 392//253 393//254
f 394//255 393//254 392//253
f 393//254 394//255 395//256
f 395//256 394//255 396//257
f 397//258 396//257 394//255
f 396//257 397//258 398//259
f 399//260 398//259 397//258
f 398//259 399//260 400//261
f 401//262 400//261 399//260
f 400//261 401//262 402//263
f 403//264 402//263 401//262
f 402//263 403//264 404//265
f 405//266 404//265 403//264
f 404//265 405//266 406//267
f 407//268 406//267 405//266
f 406//267 407//268 379//240
f 380//241 379//240 407//268
f 409//269 408//270 420//271
f 408//270 409//269 410//272
f 411//273 410//272 409//269
f 410//272 411//273 412//274
f 413//275 412//274 411//273
f 412//274 413//275 414//276
f 415//277 414//276 413//275
f 414//276 415//277 416//278
f 417//279 416//278 415//277
f 418//280 416//278 417//279
f 416//278 418//280 419//281
f 420//271 419//281 418//280
f 419//281 420//271 408//270
f 421//282 422//283 423//284
f 424//285 423//284 422//283
f 423//284 424//285 425//286
f 426//287 425//286 424//285
f 425//286 426//287 427//288
f 428//289 427//288 426//287
f 427//288 428//289 429//290
f 430//291 429//290 428//289
f 429//290 430//291 431//292
f 432//293 431//292 430//291
f 431//292 432//293 421//282
f 422//283 421//282 432//293
f 433//294 434//295 435//296
f 436//297 435//296 434//295
f 435//296 436//297 437//298
f 438//299 437//298 436//297
f 439//300 437//298 438//299
f 437//298 439//300 440//301
f 440//301 439//300 441//302
f 442//303 441//302 439//300
f 443//304 441//302 442//303
f 441//302 443//304 444//305
f 445//306 444//305 443//304
f 444//305 445//306 433//294
f 434//295 433//294 445//306
f 446//307 447//308 448//309
f 449//310 448//309 447//308
f 448//309 449//310 450//311
f 451//312 450//311 449//310
f 450//311 451//312 452//313
f 453//314 452//313 451//312
f 452//313 453//314 454//315
f 455//316 454//315 453//314
f 454//315 455//316 456//317
f 457//318 456//317 455//316
f 447//308 456//317 457//318
f 456//317 447//308 446//307
f 468//319 469//320 458//321
f 459//322 458//321 469//320
f 458//321 459//322 460//323
f 461//324 460//323 459//322
f 460//323 461//324 462//325
f 463//326 462//325 461//324
f 462//325 463//326 464//327
f 465//328 464//327 463//326
f 464//327 465//328 466//329
f 467//330 466//329 465//328
f 466//329 467//330 468//319
f 469//320 468//319 467//330
f 481//331 470//332 471//333
f 472//334 471//333 470//332
f 471//333 472//334 473//335
f 473//335 472//334 474//336
f 475//337 474//336 472//334
f 474//336 475//337 476//338
f 477//339 476//338 475//337
f 476//338 477//339 478//340
f 479//341 478//340 477//339
f 480//342 478//340 479//341
f 478//340 480//342 481//331
f 470//332 481//331 480//342
f 484//343 482//344 483//345
f 482//344 484//343 485//346
f 485//346 484//343 486//347
f 487//348 486//347 484//343
f 486//347 487//348 488//349
f 489//350 488//349 487//348
f 488//349 489//350 490//351
f 491//352 490//351 489//350
f 490//351 491//352 492//353
f 493//354 492//353 491//352
f 492//353 493//354 494//355
f 494//355 493//354 495//356
f 496//357 495//356 493//354
f 495//356 496//357 497//358
f 498//359 497//358 496//357
f 497//358 498//359 499//360
f 483//345 499//360 498//359
f 499//360 483//345 482//344
f 500//361 501//362 502//363
f 503//364 502//363 501//362
s 0
f 502//365 503//365 504//365
f 505//366 504//366 503//366
s 1
f 504//367 505//368 506//369
f 507//370 506//369 505//368
f 508//371 506//369 507//370
f 506//369 508//371 509//372
f 510//373 509//372 508//371
f 509//372 510//373 511//374
f 512//375 511//374 510//373
f 511//374 512//375 513//376
f 514//377 513//376 512//375
f 513//376 514//377 515//378
f 516//379 515//378 514//377
f 515//378 516//379 517//380
s 0
f 518//381 517//381 516//381
s 1
f 517//382 518//383 519//384
f 501//362 519//384 518//383
f 519//384 501//362 500//361
f 520//385 521//386 522//387
f 523//388 522//387 521//386
f 522//387 523//388 524//389
f 525//390 524//389 523//388
f 524//389 525//390 526//391
f 527//392 526//391 525//390
f 526//391 527//392 528//393
f 529//394 528//393 527//392
f 528//393 529//394 530//395
f 531//396 530//395 529//394
f 530//395 531//396 532//397
f 533//398 532//397 531//396
f 532//397 533//398 534//399
f 535//400 534//399 533//398
f 534//399 535//400 536//401
f 536//401 535//400 537//402
f 538//403 537//402 535//400
f 537//402 538//403 539//404
f 540//405 539//404 538//403
f 539//404 540//405 520//385
f 521//386 520//385 540//405
f 541//406 542//407 543//408
f 544//409 543//408 542//407
f 543//408 544//409 545//410
f 546//411 545//410 544//409
f 545//410 546//411 547//412
f 548//413 547//412 546//411
f 547//412 548//413 549//414
f 549//414 548//413 550//415
f 551//416 550//415 548//413
f 550//415 551//416 552//417
f 553//418 552//417 551//416
f 554//419 552//417 553//418
f 552//417 554//419 555//420
f 556//421 555//420 554//419
f 555//420 556//421 557//422
f 558//423 557//422 556//421
f 557//422 558//423 559//424
f 559//424 558//423 541//406
f 542//407 541//406 558//423
f 560//425 561//426 562//427
f 563//428 562//427 561//426
f 562//427 563//428 564//429
f 565//430 564//429 563//428
f 564//429 565//430 566//431
f 567//432 566//431 565//430
f 566//431 567//432 568//433
f 569//434 568//433 567//432
f 568//433 569//434 570//435
f 571//436 570//435 569//434
f 570//435 571//436 572//437
f 573//438 572//437 571//436
f 572//437 573//438 574//439
f 575//440 574//439 573//438
f 574//439 575//440 560//425
f 561//426 560//425 575//440
f 578//441 576//442 577//443
f 576//442 578//441 579//444
f 579//444 578//441 580//445
f 581//446 580//445 578//441
f 580//445 581//446 582//447
f 583//448 582//447 581//446
f 582//447 583//448 584//449
f 585//450 584//449 583//448
f 584//449 585//450 586//451
f 587//452 586//451 585//450
f 586//451 587//452 588//453
f 589//454 588//453 587//452
f 588//453 589//454 590//455
f 591//456 590//455 589//454
f 577//443 590//455 591//456
f 590//455 577//443 576//442
s 0
f 595//457 596//457 597//457
f 602//457 601//457 600//457
f 601//457 602//457 603//457
f 602//457 604//457 605//457
f 606//457 604//457 602//457
f 608//457 607//457 606//457
f 598//457 599//457 609//457
f 610//457 609//457 599//457
f 611//457 612//457 610//457
f 612//457 613//457 610//457
f 614//457 610//457 613//457
f 616//457 610//457 615//457
f 618//457 610//457 617//457
f 610//457 618//457 615//457
f 619//457 615//457 620//457
f 618//457 620//457 615//457
f 623//457 622//457 621//457
f 622//457 623//457 624//457
f 625//457 624//457 623//457
f 619//457 626//457 615//457
f 615//457 626//457 623//457
f 627//457 623//457 626//457
f 628//457 623//457 627//457
f 623//457 628//457 625//457
f 629//457 630//457 621//457
f 631//457 632//457 623//457
f 633//457 634//457 635//457
f 621//457 630//457 623//457
f 636//457 623//457 630//457
f 623//457 636//457 631//457
f 637//457 638//457 621//457
f 639//457 621//457 638//457
f 621//457 639//457 629//457
f 632//457 640//457 623//457
f 641//457 623//457 640//457
f 623//457 641//457 642//457
f 643//457 642//457 641//457
f 642//457 643//457 635//457
f 644//457 635//457 643//457
f 645//457 635//457 644//457
f 635//457 645//457 633//457
f 634//457 646//457 635//457
f 647//457 635//457 646//457
f 635//457 647//457 648//457
f 647//457 649//457 648//457
f 650//457 648//457 649//457
f 650//457 651//457 648//457
f 652//457 648//457 651//457
f 648//457 652//457 653//457
f 654//457 653//457 652//457
f 655//457 653//457 654//457
f 653//457 655//457 621//457
f 656//457 621//457 655//457
f 621//457 656//457 637//457
f 657//457 658//457 648//457
f 635//457 659//457 660//457
f 660//457 661//457 635//457
f 662//457 635//457 661//457
f 635//457 662//457 663//457
f 658//457 664//457 648//457
f 665//457 648//457 664//457
f 648//457 665//457 635//457
f 666//457 635//457 665//457
f 635//457 666//457 659//457
f 667//457 668//457 669//457
f 670//457 669//457 668//457
f 669//457 670//457 648//457
f 648//457 670//457 657//457
f 671//457 672//457 673//457
f 674//457 663//457 662//457
f 675//457 663//457 674//457
f 663//457 675//457 676//457
f 676//457 677//457 663//457
f 678//457 663//457 677//457
f 663//457 678//457 679//457
f 672//457 680//457 673//457
f 681//457 673//457 680//457
f 673//457 681//457 667//457
f 668//457 667//457 681//457
f 684//457 683//457 682//457
f 683//457 684//457 685//457
f 686//457 663//457 673//457
f 679//457 673//457 663//457
f 673//457 679//457 671//457
f 686//457 687//457 663//457
f 688//457 663//457 687//457
f 663//457 688//457 689//457
f 690//457 691//457 673//457
f 692//457 673//457 691//457
f 693//457 673//457 692//457
f 694//457 673//457 693//457
f 673//457 694//457 686//457
f 689//457 695//457 663//457
f 696//457 663//457 695//457
f 663//457 696//457 697//457
f 698//457 697//457 696//457
f 697//457 698//457 699//457
f 698//457 700//457 699//457
f 701//457 699//457 700//457
f 699//457 701//457 702//457
f 703//457 704//457 705//457
f 706//457 705//457 704//457
f 705//457 707//457 683//457
f 707//457 705//457 708//457
f 706//457 708//457 705//457
f 709//457 710//457 702//457
f 699//457 702//457 710//457
f 709//457 703//457 710//457
f 705//457 710//457 703//457
f 710//457 705//457 711//457
f 712//457 711//457 705//457
f 714//457 705//457 713//457
f 705//457 714//457 712//457
f 705//457 716//457 715//457
f 717//457 718//457 719//457
f 720//457 719//457 718//457
f 719//457 720//457 721//457
f 717//457 722//457 718//457
f 723//457 718//457 722//457
f 718//457 723//457 724//457
f 715//457 724//457 723//457
f 724//457 715//457 725//457
f 726//457 727//457 719//457
f 717//457 719//457 727//457
f 726//457 719//457 728//457
s 1
f 329//203 728//457 719//457
f 728//457 329//203 729//457
f 730//458 731//457 329//203
f 732//457 329//203 731//457
f 329//203 732//457 729//457
f 328//205 730//458 329//203
f 730//458 328//205 733//459
f 734//460 735//461 328//205
f 736//462 328//205 735//461
f 328//205 736//462 733//459
s 0
f 739//457 738//457 737//457
f 738//457 739//457 740//457
f 740//457 741//457 738//457
f 742//457 738//457 741//457
f 738//457 742//457 719//457
f 742//457 743//457 719//457
f 744//457 719//457 743//457
f 719//457 744//457 745//457
s 1
f 747//457 329//203 748//457
f 746//457 748//457 329//203
f 747//457 749//457 329//203
f 329//203 749//457 750//457
s 0
f 745//457 751//457 719//457
f 752//457 719//457 751//457
s 1
f 719//457 752//457 329//203
f 753//457 329//203 752//457
f 329//203 753//457 746//457
f 750//457 754//457 329//203
f 755//457 329//203 754//457
f 329//203 755//457 756//457
s 0
f 737//457 738//457 757//457
f 757//457 738//457 756//457
s 1
f 756//457 738//457 329//203
f 330//204 329//203 758//463
s 0
f 759//457 760//457 738//457
f 761//457 738//457 760//457
f 761//457 763//457 738//457
f 764//457 738//457 763//457
s 1
f 738//457 764//457 329//203
f 765//457 329//203 764//457
f 329//203 765//457 758//463
s 0
f 762//457 766//457 738//457
f 767//457 738//457 766//457
f 738//457 767//457 768//457
f 768//457 769//457 738//457
f 759//457 738//457 769//457
f 770//457 771//457 762//457
f 772//457 773//457 597//457
f 774//457 597//457 773//457
f 597//457 774//457 775//457
f 771//457 776//457 762//457
f 777//457 762//457 776//457
f 762//457 777//457 778//457
f 779//457 780//457 738//457
f 778//457 781//457 762//457
f 782//457 762//457 781//457
f 762//457 782//457 597//457
f 772//457 597//457 782//457
f 780//457 783//457 738//457
f 784//457 738//457 783//457
f 738//457 784//457 785//457
f 785//457 786//457 738//457
f 787//457 738//457 786//457
f 738//457 787//457 762//457
f 788//457 762//457 787//457
f 762//457 788//457 770//457
f 775//457 789//457 597//457
f 790//457 597//457 789//457
f 842//457 791//457 843//457
f 793//457 794//457 792//457
f 795//457 797//457 793//457
f 793//457 797//457 794//457
f 798//457 799//457 796//457
f 800//457 796//457 799//457
f 796//457 800//457 795//457
f 897//457 801//457 798//457
f 801//457 897//457 802//457
f 683//457 802//457 897//457
f 802//457 683//457 673//457
f 685//457 673//457 683//457
f 673//457 685//457 690//457
f 803//457 804//457 805//457
f 806//457 621//457 803//457
f 621//457 806//457 653//457
f 808//457 809//457 804//457
f 805//457 804//457 809//457
f 826//457 807//457 808//457
f 807//457 826//457 810//457
f 811//457 812//457 813//457
f 791//457 814//457 843//457
f 843//457 814//457 811//457
f 813//457 812//457 815//457
f 810//457 815//457 812//457
f 815//457 810//457 816//457
f 816//457 810//457 817//457
f 826//457 817//457 810//457
f 819//457 608//457 818//457
f 594//457 820//457 608//457
f 820//457 594//457 821//457
f 821//457 594//457 822//457
f 823//457 822//457 594//457
f 822//457 823//457 824//457
f 824//457 823//457 825//457
f 825//457 823//457 826//457
f 827//457 808//457 828//457
f 829//457 828//457 808//457
f 827//457 830//457 808//457
f 831//457 808//457 830//457
f 808//457 831//457 826//457
f 832//457 829//457 833//457
f 834//457 835//457 599//457
f 836//457 599//457 835//457
f 599//457 836//457 833//457
f 833//457 836//457 832//457
f 837//457 838//457 608//457
f 608//457 838//457 599//457
f 839//457 599//457 838//457
f 599//457 839//457 834//457
f 840//457 841//457 842//457
f 841//457 845//457 842//457
f 846//457 842//457 845//457
f 842//457 846//457 847//457
f 848//457 847//457 846//457
f 848//457 849//457 847//457
f 850//457 847//457 849//457
f 847//457 850//457 851//457
f 843//457 844//457 842//457
f 840//457 842//457 844//457
f 852//457 847//457 853//457
f 851//457 853//457 847//457
f 843//457 854//457 855//457
f 856//457 602//457 857//457
f 858//457 857//457 602//457
f 855//457 859//457 860//457
f 856//457 861//457 602//457
f 862//457 602//457 861//457
f 602//457 862//457 863//457
f 852//457 864//457 602//457
f 865//457 602//457 864//457
f 602//457 865//457 858//457
f 855//457 860//457 843//457
f 859//457 855//457 866//457
f 867//457 866//457 855//457
f 866//457 867//457 868//457
f 869//457 868//457 867//457
f 868//457 869//457 870//457
f 871//457 870//457 869//457
f 870//457 871//457 856//457
f 872//457 856//457 871//457
f 856//457 872//457 861//457
f 873//457 874//457 875//457
f 875//457 874//457 876//457
f 596//457 876//457 874//457
f 878//457 597//457 877//457
f 597//457 878//457 595//457
f 879//457 880//457 795//457
f 881//457 882//457 883//457
f 795//457 884//457 881//457
f 881//457 884//457 882//457
f 883//457 885//457 881//457
f 886//457 881//457 885//457
f 881//457 886//457 597//457
f 887//457 597//457 886//457
f 597//457 887//457 877//457
f 880//457 888//457 795//457
f 889//457 795//457 888//457
f 795//457 889//457 884//457
f 891//457 795//457 892//457
f 793//457 892//457 795//457
f 892//457 793//457 893//457
f 890//457 893//457 793//457
f 874//457 894//457 890//457
f 894//457 874//457 873//457
f 896//457 716//457 895//457
f 716//457 896//457 715//457
f 798//457 898//457 897//457
f 898//457 798//457 899//457
f 900//457 899//457 798//457
f 895//457 901//457 896//457
f 902//457 896//457 901//457
f 896//457 902//457 903//457
f 903//457 904//457 896//457
f 896//457 904//457 798//457
f 905//457 798//457 904//457
f 798//457 905//457 900//457
f 897//457 906//457 683//457
f 906//457 907//457 683//457
f 908//457 683//457 907//457
f 683//457 908//457 909//457
f 910//457 911//457 705//457
f 909//457 912//457 683//457
f 913//457 683//457 912//457
f 683//457 913//457 705//457
f 705//457 913//457 910//457
f 911//457 914//457 705//457
f 705//457 914//457 716//457
f 621//457 915//457 803//457
f 916//457 803//457 915//457
f 803//457 916//457 917//457
f 918//457 919//457 920//457
f 803//457 920//457 919//457
f 920//457 803//457 921//457
f 917//457 921//457 803//457
f 922//457 919//457 918//457
f 919//457 922//457 923//457
f 923//457 924//457 610//457
f 925//457 610//457 924//457
f 610//457 925//457 617//457
f 833//457 926//457 599//457
f 927//457 599//457 926//457
f 599//457 927//457 928//457
f 928//457 929//457 599//457
f 930//457 599//457 929//457
f 599//457 930//457 610//457
f 931//457 610//457 930//457
f 610//457 931//457 932//457
f 829//457 933//457 833//457
f 933//457 829//457 934//457
f 936//457 808//457 937//457
f 804//457 937//457 808//457
f 937//457 804//457 938//457
f 935//457 938//457 804//457
f 936//457 939//457 808//457
f 940//457 808//457 939//457
f 808//457 940//457 829//457
f 934//457 829//457 940//457
f 935//457 804//457 941//457
f 803//457 941//457 804//457
f 941//457 803//457 942//457
f 919//457 942//457 803//457
f 932//457 943//457 610//457
f 944//457 610//457 943//457
f 945//457 946//457 923//457
f 946//457 947//457 923//457
f 923//457 947//457 919//457
f 843//457 948//457 854//457
f 813//457 949//457 811//457
f 811//457 949//457 843//457
f 948//457 843//457 949//457
f 950//457 951//457 608//457
f 951//457 952//457 608//457
f 608//457 952//457 594//457
f 953//457 954//457 602//457
f 954//457 955//457 602//457
f 956//457 602//457 955//457
f 602//457 956//457 950//457
f 863//457 953//457 602//457
f 597//457 957//457 600//457
f 958//457 600//457 957//457
f 600//457 958//457 592//457
f 960//457 961//457 597//457
f 962//457 597//457 961//457
f 597//457 962//457 957//457
f 959//457 963//457 874//457
f 964//457 874//457 963//457
f 874//457 964//457 597//457
f 965//457 597//457 964//457
f 597//457 965//457 960//457
f 959//457 874//457 966//457
f 793//457 966//457 874//457
f 966//457 793//457 967//457
f 969//457 792//457 968//457
f 792//457 969//457 793//457
f 970//457 793//457 969//457
f 793//457 970//457 967//457
f 842//457 972//457 971//457
f 972//457 842//457 973//457
f 974//457 975//457 842//457
f 973//457 842//457 975//457
f 974//457 842//457 976//457
f 847//457 976//457 842//457
f 976//457 847//457 977//457
f 593//457 978//457 847//457
f 847//457 978//457 977//457
f 979//457 980//457 881//457
f 981//457 795//457 982//457
f 881//457 982//457 795//457
f 982//457 881//457 983//457
f 980//457 983//457 881//457
f 981//457 984//457 795//457
f 985//457 795//457 984//457
f 795//457 985//457 796//457
f 986//457 796//457 985//457
f 986//457 987//457 796//457
f 988//457 796//457 987//457
f 796//457 988//457 798//457
f 988//457 989//457 798//457
f 990//457 798//457 989//457
f 798//457 990//457 991//457
f 992//457 993//457 896//457
f 896//457 993//457 715//457
f 994//457 715//457 993//457
f 715//457 994//457 725//457
f 991//457 995//457 798//457
f 996//457 798//457 995//457
f 798//457 996//457 896//457
f 997//457 896//457 996//457
f 896//457 997//457 992//457
f 944//457 945//457 610//457
f 923//457 610//457 945//457
f 616//457 611//457 610//457
f 606//457 602//457 608//457
f 819//457 837//457 608//457
f 950//457 608//457 602//457
f 820//457 818//457 608//457
f 823//457 817//457 826//457
f 968//457 792//457 971//457
f 842//457 971//457 792//457
f 592//457 593//457 600//457
f 847//457 600//457 593//457
f 852//457 600//457 847//457
f 602//457 600//457 852//457
f 891//457 879//457 795//457
f 707//457 682//457 683//457
f 890//457 793//457 874//457
f 874//457 597//457 596//457
f 790//464 779//464 597//464
f 738//457 597//457 779//457
f 597//457 738//457 881//457
f 719//457 881//457 738//457
f 881//457 719//457 979//457
f 721//457 979//457 719//457
f 1009//465 1010//465 1011//465
f 1014//465 1015//465 1016//465
f 1022//465 1023//465 1024//465
f 1025//465 1026//465 1135//465
f 1135//465 1026//465 1027//465
f 1024//465 1023//465 1028//465
f 1029//465 1028//465 1023//465
f 1029//465 1032//465 1028//465
f 1030//465 1028//465 1032//465
f 1035//465 1034//465 1033//465
f 1034//465 1035//465 1031//465
f 1033//465 1034//465 1036//465
f 1037//465 1038//465 1039//465
f 1040//465 1041//465 1042//465
f 1038//465 1043//465 1039//465
f 1044//465 1039//465 1043//465
f 1039//465 1044//465 1045//465
f 1039//465 1046//465 1036//465
f 1046//465 1039//465 1042//465
f 1045//465 1042//465 1039//465
f 1042//465 1045//465 1040//465
f 1047//465 1048//465 1049//465
f 1049//465 1048//465 1050//465
f 1047//465 1051//465 1048//465
f 1052//465 1048//465 1051//465
f 1048//465 1052//465 1053//465
f 1052//465 1054//465 1053//465
f 1055//465 1053//465 1054//465
f 1053//465 1055//465 1056//465
f 1057//465 1058//465 1059//465
f 1056//465 1060//465 1053//465
f 1061//465 1053//465 1060//465
f 1057//465 1053//465 1061//465
f 1053//465 1057//465 1062//465
f 1059//465 1062//465 1057//465
f 1058//465 1063//465 1059//465
f 1064//465 1059//465 1063//465
f 1059//465 1064//465 1065//465
f 1050//465 1048//465 1041//465
f 1042//465 1041//465 1048//465
f 1066//465 1053//465 1067//465
f 1068//465 1067//465 1053//465
f 1066//465 1069//465 1053//465
f 1070//465 1053//465 1069//465
f 1053//465 1070//465 1048//465
f 1071//465 1048//465 1070//465
f 1048//465 1071//465 1072//465
f 1072//465 1073//465 1048//465
f 1074//465 1048//465 1073//465
f 1048//465 1074//465 1075//465
f 1075//465 1074//465 1076//465
f 1077//465 1078//465 1079//465
f 1080//465 1081//465 1082//465
f 1074//465 1083//465 1076//465
f 1084//465 1076//465 1083//465
f 1076//465 1084//465 1080//465
f 1080//465 1084//465 1081//465
f 1082//465 1085//465 1080//465
f 1086//465 1080//465 1085//465
f 1080//465 1086//465 1079//465
f 1087//465 1079//465 1086//465
f 1079//465 1087//465 1077//465
f 1078//465 1088//465 1079//465
f 1089//465 1079//465 1088//465
f 1090//465 1079//465 1089//465
f 1079//465 1090//465 1053//465
f 1053//465 1090//465 1068//465
f 1091//465 1079//465 1092//465
f 1093//465 1092//465 1079//465
f 1092//465 1093//465 1094//465
f 1095//465 1094//465 1093//465
f 1094//465 1095//465 1096//465
f 1091//465 1097//465 1079//465
f 1098//465 1079//465 1097//465
f 1079//465 1098//465 1099//465
f 1099//465 1100//465 1079//465
f 1101//465 1079//465 1100//465
f 1079//465 1101//465 1080//465
f 1102//465 1080//465 1101//465
f 1080//465 1102//465 1103//465
f 1104//465 1105//465 1080//465
f 1106//465 1080//465 1105//465
f 1014//465 1016//465 1107//465
f 1108//465 1107//465 1016//465
f 1104//465 1080//465 1103//465
f 1016//465 1168//465 1109//465
f 1106//465 1108//465 1080//465
f 1016//465 1080//465 1108//465
f 1080//465 1016//465 1110//465
f 1109//465 1110//465 1016//465
f 1111//465 1217//465 1112//465
f 1113//465 1112//465 1217//465
f 1109//465 1168//465 1111//465
f 1114//465 1115//465 1217//465
f 1217//465 1115//465 1113//465
f 1021//465 1116//465 1011//465
f 1117//465 1011//465 1116//465
f 1011//465 1117//465 1114//465
f 1114//465 1117//465 1115//465
f 1118//465 1119//465 1120//465
f 1120//465 1121//465 1118//465
f 1122//465 1118//465 1121//465
f 1118//465 1122//465 1123//465
f 1124//465 1123//465 1122//465
f 1123//465 1124//465 1125//465
f 1125//465 1126//465 1123//465
f 1127//465 1123//465 1126//465
f 1128//465 1129//465 1130//465
f 1130//465 1129//465 1118//465
f 1131//465 1118//465 1129//465
f 1118//465 1131//465 1119//465
f 1130//465 1133//465 1134//465
f 1132//465 1137//465 1130//465
f 1138//465 1130//465 1137//465
f 1130//465 1138//465 1133//465
f 1139//465 1133//465 1138//465
f 1133//465 1139//465 1140//465
f 1134//465 1141//465 1130//465
f 1142//465 1130//465 1141//465
f 1128//465 1130//465 1142//465
f 1136//465 1143//465 1144//465
f 1145//465 1144//465 1143//465
f 1144//465 1145//465 1146//465
f 1147//465 1146//465 1145//465
f 1146//465 1147//465 1148//465
f 1149//465 1148//465 1147//465
f 1148//465 1149//465 1140//465
f 1150//465 1140//465 1149//465
f 1140//465 1150//465 1133//465
f 1151//465 1152//465 1111//465
f 1153//465 1154//465 1155//465
f 1156//465 1155//465 1154//465
f 1155//465 1156//465 1157//465
f 1152//465 1158//465 1111//465
f 1159//465 1111//465 1158//465
f 1111//465 1159//465 1155//465
f 1155//465 1159//465 1153//465
f 1160//465 1016//465 1161//465
f 1163//465 1161//465 1162//465
f 1160//465 1164//465 1016//465
f 1165//465 1016//465 1164//465
f 1016//465 1165//465 1166//465
f 1166//465 1167//465 1016//465
f 1168//465 1016//465 1167//465
f 1168//465 1169//465 1111//465
f 1170//465 1111//465 1169//465
f 1111//465 1170//465 1151//465
f 1163//465 1171//465 1161//465
f 1160//465 1161//465 1171//465
f 1174//465 1175//465 1036//465
f 1176//465 1036//465 1175//465
f 1036//465 1176//465 1039//465
f 1177//465 1039//465 1176//465
f 1178//465 1036//465 1173//465
f 1036//465 1178//465 1174//465
f 1179//465 1180//465 1181//465
f 1180//465 1182//465 1181//465
f 1183//465 1181//465 1182//465
f 1181//465 1183//465 1173//465
f 1185//465 1186//465 1184//465
f 1187//465 1184//465 1186//465
f 1184//465 1187//465 1020//465
f 1020//465 1187//465 1019//465
f 1177//465 1188//465 1039//465
f 1189//465 1039//465 1188//465
f 1039//465 1189//465 1059//465
f 1190//465 1059//465 1189//465
f 1059//465 1190//465 1191//465
f 1191//465 1192//465 1059//465
f 1193//465 1059//465 1192//465
f 1194//465 1059//465 1193//465
f 1059//465 1194//465 1184//465
f 1184//465 1194//465 1185//465
f 1197//465 1198//465 1130//465
f 1199//465 1130//465 1198//465
f 1130//465 1199//465 1132//465
f 1200//465 1130//465 1195//465
f 1130//465 1200//465 1197//465
f 1201//465 1196//465 1195//465
f 1196//465 1201//465 1202//465
f 1202//465 1201//465 1206//465
f 1207//465 1206//465 1201//465
f 1206//465 1207//465 1205//465
f 1206//465 1205//465 1204//465
f 1208//465 1204//465 1205//465
f 1204//465 1208//465 1203//465
f 1209//465 1210//465 1030//465
f 1032//465 1211//465 1030//465
f 1030//465 1211//465 1204//465
f 1022//465 1135//465 1212//465
f 1135//465 1022//465 1025//465
f 1024//465 1025//465 1022//465
f 1136//465 1144//465 1135//465
f 1213//465 1135//465 1144//465
f 1135//465 1213//465 1212//465
f 1214//465 1215//465 1114//465
f 1216//465 1114//465 1215//465
f 1114//465 1216//465 1018//465
f 1217//465 1218//465 1114//465
f 1219//465 1114//465 1218//465
f 1114//465 1219//465 1214//465
f 1111//465 1220//465 1217//465
f 1220//465 1111//465 1221//465
f 1222//465 1223//465 1155//465
f 1224//465 1155//465 1223//465
f 1155//465 1224//465 1111//465
f 1225//465 1111//465 1224//465
f 1111//465 1225//465 1226//465
f 1226//465 1227//465 1111//465
f 1228//465 1111//465 1227//465
f 1111//465 1228//465 1221//465
f 1229//465 1230//465 1231//465
f 1232//465 1233//465 1155//465
f 1234//465 1155//465 1233//465
f 1222//465 1155//465 1234//465
f 1235//465 1236//465 1237//465
f 1232//465 1155//465 1237//465
f 1238//465 1237//465 1155//465
f 1237//465 1238//465 1235//465
f 1230//465 1229//465 1239//465
f 1037//465 1039//465 1240//465
f 1059//465 1240//465 1039//465
f 1240//465 1059//465 1241//465
f 1065//465 1241//465 1059//465
f 1096//465 1095//465 1242//465
f 1016//465 1015//465 1161//465
f 1161//465 1015//465 1243//465
f 1243//465 1244//465 1161//465
f 1245//465 1161//465 1244//465
f 1161//465 1245//465 1246//465
f 1247//465 1246//465 1245//465
f 1247//465 1248//465 1246//465
f 1242//465 1246//465 1248//465
f 1246//465 1242//465 1095//465
f 1250//465 1118//465 1249//465
f 1118//465 1250//465 1251//465
f 1118//465 1253//465 1252//465
f 1253//465 1118//465 1255//465
f 1254//465 1256//465 1123//465
f 1257//465 1123//465 1256//465
f 1123//465 1257//465 1118//465
f 1258//465 1118//465 1257//465
f 1118//465 1258//465 1255//465
f 1254//465 1123//465 1013//465
f 1259//466 1011//466 1010//466
f 1011//465 1259//465 1021//465
f 1260//465 1021//465 1259//465
f 1021//465 1260//465 1012//465
f 1008//465 1007//465 1011//465
f 1261//465 1011//465 1007//465
f 1011//465 1261//465 1009//465
f 1292//465 1262//465 1008//465
f 1263//465 1292//465 1251//465
f 1292//465 1263//465 1264//465
f 1264//465 1265//465 1292//465
f 1266//465 1292//465 1265//465
f 1292//465 1266//465 1262//465
f 1006//465 1268//465 1267//465
f 1268//465 1006//465 1269//465
f 1270//465 1269//465 1006//465
f 1271//465 1272//465 1000//465
f 1273//465 1000//465 1272//465
f 1000//465 1273//465 1006//465
f 1274//465 1006//465 1273//465
f 1006//465 1274//465 1270//465
f 1181//465 1275//465 1000//465
f 1275//465 1276//465 1000//465
f 1277//465 1000//465 1276//465
f 1271//465 1000//465 1277//465
f 1173//465 1278//465 1181//465
f 1278//465 1173//465 1279//465
f 1280//465 1281//465 1034//465
f 1034//465 1281//465 1036//465
f 1282//465 1036//465 1281//465
f 1036//465 1282//465 1173//465
f 1279//465 1173//465 1282//465
f 1283//465 1284//465 1031//465
f 1285//465 1031//465 1284//465
f 1031//465 1285//465 1034//465
f 1286//465 1034//465 1285//465
f 1034//465 1286//465 1280//465
f 1283//465 1031//465 1287//465
f 1288//465 1287//465 1031//465
f 1267//465 1289//465 1288//465
f 1290//465 1288//465 1289//465
f 1288//465 1290//465 1287//465
f 1291//465 1292//465 1293//465
f 1294//465 1296//465 1008//465
f 1297//465 1008//465 1296//465
f 1008//465 1297//465 1293//465
f 1298//465 1299//465 1114//465
f 1299//465 1300//465 1114//465
f 1301//465 1114//465 1300//465
f 1114//465 1301//465 1011//465
f 1302//465 1011//465 1301//465
f 1011//465 1302//465 1295//465
f 1303//465 1304//465 1018//465
f 1306//465 1292//465 1305//465
f 1292//465 1306//465 1018//465
f 1307//465 1018//465 1306//465
f 1018//465 1307//465 1303//465
f 1304//465 1308//465 1018//465
f 1309//465 1018//465 1308//465
f 1018//465 1309//465 1114//465
f 1114//465 1309//465 1310//465
f 1310//465 1311//465 1114//465
f 1298//465 1114//465 1311//465
f 1312//465 1292//465 1291//465
f 1292//465 1312//465 1305//465
f 1313//465 1201//465 1314//465
f 1315//465 1314//465 1201//465
f 1207//465 1201//465 1313//465
f 1316//465 1315//465 1201//465
f 1005//465 1317//465 1006//465
f 1318//465 1006//465 1317//465
f 1006//465 1318//465 1201//465
f 1316//465 1201//465 1318//465
f 1267//465 1319//465 1006//465
f 1319//465 1267//465 1320//465
f 1321//465 1320//465 1267//465
f 1288//465 1321//465 1267//465
f 1322//465 1030//465 1210//465
f 1030//465 1322//465 1031//465
f 1322//465 1323//465 1031//465
f 1324//465 1031//465 1323//465
f 1031//465 1324//465 1288//465
f 1325//465 1326//465 1003//465
s 1
f 1327//465 1328//465 336//209
s 0
f 1325//465 1003//465 1329//465
s 1
f 1330//465 336//209 1328//465
f 1330//465 1331//465 336//209
f 336//209 1331//465 1332//465
s 0
f 1333//465 1334//465 1229//465
f 1335//465 1229//465 1334//465
f 1229//465 1335//465 1336//465
f 1336//465 1337//465 1229//465
f 1338//465 1229//465 1337//465
f 1229//465 1338//465 1003//465
f 1003//465 1338//465 1329//465
s 1
f 1339//465 336//209 1332//465
f 336//209 1339//465 1333//465
f 1340//465 1341//465 336//209
f 336//209 1341//465 1327//465
s 0
f 1326//465 1342//465 1003//465
f 1343//465 1003//465 1342//465
f 1003//465 1343//465 1344//465
f 1002//465 1345//465 1003//465
f 1346//465 1003//465 1345//465
f 1003//465 1346//465 1347//465
f 1004//465 1003//465 1348//465
f 1347//465 1349//465 1003//465
f 1003//465 1349//465 1350//465
f 1350//465 1351//465 1003//465
f 1352//465 1003//465 1351//465
f 1003//465 1352//465 1348//465
s 1
f 1353//467 1354//465 336//209
f 1002//465 336//209 1354//465
f 1353//467 336//209 335//208
f 1340//465 336//209 1344//465
f 1344//465 336//209 1003//465
f 1002//465 1003//465 336//209
f 1333//465 1229//465 336//209
f 1001//465 336//209 1229//465
f 1001//465 1355//465 336//209
f 1356//465 336//209 1355//465
f 336//209 1356//465 1357//465
f 1357//465 1358//468 336//209
f 336//209 1358//468 334//207
f 1359//469 334//207 1358//468
f 334//207 1359//469 1360//470
f 1360//470 1361//471 334//207
f 1362//472 334//207 1361//471
s 0
f 1231//465 1236//465 1229//465
f 1236//465 1231//465 1237//465
f 1236//465 1363//465 1229//465
f 1364//465 1229//465 1363//465
f 1229//465 1364//465 1001//465
f 1172//465 1161//465 1157//465
f 1161//465 1172//465 1162//465
f 1155//465 1157//465 1161//465
f 1246//465 1365//465 1161//465
f 1366//465 1161//465 1365//465
f 1161//465 1366//465 1367//465
f 1367//465 1368//465 1161//465
f 1369//465 1370//465 1020//465
f 1184//465 1020//465 1370//465
f 1371//465 1372//465 1000//465
f 1020//465 1000//465 1372//465
f 1374//465 1006//465 1373//465
f 1006//465 1374//465 1000//465
f 1319//465 1005//465 1006//465
f 1375//465 1201//465 999//465
f 1377//465 1130//465 1378//465
f 1118//465 1378//465 1130//465
f 1378//465 1118//465 1379//465
f 1251//465 1379//465 1118//465
f 1380//465 1381//465 1004//465
f 1382//465 1383//465 1292//465
f 1384//465 1292//465 1383//465
f 1384//465 1385//465 1292//465
f 1386//465 1292//465 1385//465
f 1292//465 1386//465 1379//465
f 1003//465 1387//465 1388//465
f 1389//465 1390//465 1004//465
f 1004//465 1381//465 1003//465
f 1391//465 1003//465 1381//465
f 1003//465 1391//465 1387//465
f 1388//465 1392//465 1003//465
f 1393//465 1003//465 1392//465
f 1003//465 1393//465 1382//465
f 1386//465 1394//465 1379//465
f 1395//465 1379//465 1394//465
f 1379//465 1395//465 1396//465
f 1390//465 1397//465 1004//465
f 1398//465 1004//465 1397//465
f 1004//465 1398//465 1380//465
f 1399//465 1379//465 1396//465
f 1379//465 1399//465 1004//465
f 1400//465 1004//465 1399//465
f 1004//465 1400//465 1389//465
f 1382//465 1292//465 1003//465
f 1018//465 1003//465 1292//465
f 1003//465 1018//465 1229//465
f 1017//465 1229//465 1018//465
f 1229//465 1017//465 1239//465
f 1379//465 1251//465 1292//465
f 1293//465 1292//465 1008//465
f 1008//465 1011//465 1294//465
f 1294//465 1011//465 1295//465
f 1013//465 1123//465 1012//465
f 1012//465 1123//465 1021//465
f 1127//465 1135//465 1123//465
f 1027//465 1123//465 1135//465
f 1203//465 1209//465 1204//465
f 1030//465 1204//465 1209//465
f 1130//465 1201//465 1195//465
f 1118//465 1252//465 1249//465
f 1376//465 998//465 1130//465
f 1019//465 1179//465 1020//465
f 1181//465 1020//465 1179//465
f 1020//465 1181//465 1000//465
f 998//465 999//465 1130//465
f 1201//465 1130//465 999//465
s 1
f 1401//473 1402//474 1403//475
f 1401//473 1403//475 1404//476
f 1405//477 1404//476 1403//475
f 1404//476 1405//477 1406//478
f 366//227 1406//478 1405//477
f 1406//478 366//227 365//226
f 363//224 364//225 1409//479
f 363//224 1409//479 1410//480
f 1411//481 1410//480 1409//479
f 1410//480 1411//481 1412//482
f 1412//482 1411//481 1413//483
f 1414//484 1413//483 1411//481
f 1413//483 1414//484 1415//485
f 1416//486 1415//485 1414//484
f 1415//485 1416//486 1417//487
s 0
f 1417//488 1416//488 1418//488
f 1419//489 1418//489 1416//489
s 1
f 1418//490 1419//491 1420//492
f 1421//493 1420//492 1419//491
f 1422//494 1420//492 1421//493
f 1420//492 1422//494 1423//495
f 1424//496 1423//495 1422//494
f 1423//495 1424//496 1425//497
f 1426//498 1425//497 1424//496
f 1425//497 1426//498 1427//499
f 1428//500 1427//499 1426//498
f 1427//499 1428//500 1429//501
s 0
f 1430//502 1429//502 1428//502
s 1
f 1429//503 1430//503 1431//503
s 0
f 1432//504 1431//504 1430//504
s 1
f 1431//505 1432//506 1433//507
f 1434//508 1433//507 1432//506
f 1435//509 1433//507 1434//508
f 1433//507 1435//509 1436//510
f 1437//511 1436//510 1435//509
f 1436//510 1437//511 1438//512
f 1439//513 1438//512 1437//511
s 0
f 1438//514 1439//514 1440//514
s 1
f 1440//515 1439//516 1407//517
f 1439//516 1408//518 1407//517
f 372//233 371//232 354//519
f 352//520 354//519 371//232
f 374//236 373//235 337//521
f 338//522 337//521 373//235
f 1443//523 1441//524 1442//525
f 1441//524 1443//523 1444//526
f 1445//527 1444//526 1443//523
f 1444//526 1445//527 1446//528
f 1447//529 1446//528 1445//527
f 1446//528 1447//529 1448//530
f 1449//531 1448//530 1447//529
f 1448//530 1449//531 1450//532
f 1451//533 1450//532 1449//531
f 1452//534 1450//532 1451//533
f 1450//532 1452//534 1453//535
f 1442//525 1453//535 1452//534
f 1453//535 1442//525 1441//524
f 1466//536 1454//537 1455//538
f 1455//538 1454//537 1456//539
f 1457//540 1456//539 1454//537
f 1456//539 1457//540 1458//541
f 1459//542 1458//541 1457//540
f 1460//543 1458//541 1459//542
f 1458//541 1460//543 1461//544
f 1461//544 1460//543 1462//545
f 1463//546 1462//545 1460//543
f 1464//547 1462//545 1463//546
f 1462//545 1464//547 1465//548
f 1465//548 1464//547 1466//536
f 1467//549 1466//536 1464//547
f 1454//537 1466//536 1467//549
s 0
f 1407//550 1408//550 1468//550
f 1469//211 1468//211 1408//211
s 1
f 2175//551 2174//552 1470//553
f 1471//554 1470//553 2174//552
f 1470//553 1471//554 1472//555
f 1473//556 1472//555 1471//554
f 1472//555 1473//556 1474//557
f 1475//558 1474//557 1473//556
f 1474//557 1475//558 1476//559
f 1477//560 1476//559 1475//558
f 1476//559 1477//560 1478//561
f 1479//562 1478//561 1477//560
f 1478//561 1479//562 1480//563
f 1481//564 1480//563 1479//562
f 1480//563 1481//564 1482//565
f 1483//566 1482//565 1481//564
f 1482//565 1483//566 1484//567
f 1485//568 1484//567 1483//566
f 1484//567 1485//568 1486//569
f 1486//569 1485//568 1487//570
f 1488//571 1487//570 1485//568
f 2170//572 1489//573 2171//574
f 1490//575 2171//574 1489//573
f 1490//575 1489//573 1491//576
f 1490//575 1491//576 1492//577
f 1493//578 1492//577 1491//576
f 1492//577 1493//578 1494//579
f 1495//580 1494//579 1493//578
f 1494//579 1495//580 1496//581
f 1497//582 1496//581 1495//580
f 1496//581 1497//582 1498//583
f 1499//584 1498//583 1497//582
f 1498//583 1499//584 1500//585
f 1501//586 1500//585 1499//584
f 1500//585 1501//586 1502//587
f 1503//588 1502//587 1501//586
f 1502//587 1503//588 1504//589
f 2168//590 2169//591 1505//592
f 2168//590 1505//592 1506//593
f 1507//594 1506//593 1505//592
f 1506//593 1507//594 1508//595
f 1509//596 1508//595 1507//594
f 1508//595 1509//596 1510//597
f 1511//598 2173//599 1512//600
f 2172//601 1512//600 2173//599
f 1515//602 1513//603 1514//604
f 1513//603 1515//602 1516//605
f 1517//606 1516//605 1515//602
f 1516//605 1517//606 1518//607
f 1519//608 1518//607 1517//606
f 1518//607 1519//608 1520//609
f 1521//610 1520//609 1519//608
f 1522//611 1520//609 1521//610
f 1520//609 1522//611 1523//612
f 1524//613 1523//612 1522//611
f 1523//612 1524//613 1525//614
f 1514//604 1525//614 1524//613
f 1525//614 1514//604 1513//603
f 1538//615 1526//616 1527//617
f 1527//617 1526//616 1528//618
f 1529//619 1528//618 1526//616
f 1528//618 1529//619 1530//620
f 1531//621 1530//620 1529//619
f 1532//622 1530//620 1531//621
f 1530//620 1532//622 1533//623
f 1533//623 1532//622 1534//624
f 1535//625 1534//624 1532//622
f 1534//624 1535//625 1536//626
f 1537//627 1536//626 1535//625
f 1536//626 1537//627 1538//615
f 1526//616 1538//615 1537//627
f 1539//628 1540//629 1541//630
f 1542//619 1541//630 1540//629
f 1541//630 1542//619 1543//631
f 1544//621 1543//631 1542//619
f 1545//632 1543//631 1544//621
f 1543//631 1545//632 1546//633
f 1546//633 1545//632 1547//634
f 1548//635 1547//634 1545//632
f 1547//634 1548//635 1549//636
f 1550//637 1549//636 1548//635
f 1549//636 1550//637 1539//628
f 1540//629 1539//628 1550//637
s 0
f 1551//465 1552//465 1553//465
f 1554//465 1555//465 1556//465
f 1552//465 1557//465 1553//465
f 1558//465 1553//465 1557//465
f 1553//465 1558//465 1559//465
f 1559//465 1560//465 1553//465
f 1561//465 1553//465 1560//465
f 1553//465 1561//465 1562//465
f 1563//465 1564//465 1565//465
f 1566//465 1565//465 1564//465
f 1556//465 1567//465 1554//465
f 1568//465 1554//465 1567//465
f 1554//465 1568//465 1569//465
f 1570//465 1569//465 1568//465
f 1569//465 1570//465 1571//465
f 1572//465 1571//465 1570//465
f 1573//465 1574//465 1575//465
f 1576//465 1577//465 1578//465
f 1579//465 1578//465 1577//465
f 1578//465 1579//465 1580//465
f 1581//465 1580//465 1579//465
f 1553//465 1582//465 1551//465
f 1583//465 1551//465 1582//465
f 1551//465 1583//465 1584//465
f 1585//465 1586//465 1587//465
f 1588//465 1589//465 1590//465
f 1590//465 1589//465 1555//465
f 1591//465 1555//465 1589//465
f 1555//465 1591//465 1556//465
f 1590//465 1592//465 1588//465
f 1563//465 1588//465 1592//465
f 1565//465 1588//465 1563//465
f 1588//465 1565//465 1593//465
s 1
f 1594//638 1593//639 1565//640
f 1593//639 1594//638 1587//641
f 1595//642 1587//641 1594//638
f 1587//641 1595//642 1585//643
s 0
f 1586//465 1596//465 1587//465
f 1597//465 1587//465 1596//465
f 1566//465 1598//465 1565//465
f 1599//465 1565//465 1598//465
f 1565//465 1599//465 1600//465
f 1601//465 1600//465 1599//465
f 1572//465 1553//465 1571//465
f 1562//465 1571//465 1553//465
f 1571//465 1562//465 1602//465
f 1603//465 1602//465 1562//465
f 1602//465 1603//465 1604//465
f 1606//465 1575//465 1605//465
f 1575//465 1606//465 1573//465
f 1584//465 1607//465 1551//465
f 1608//465 1551//465 1607//465
f 1551//465 1608//465 1609//465
f 1610//465 1611//465 1612//465
f 1613//465 1612//465 1611//465
f 1612//465 1613//465 1614//465
f 1616//465 1617//465 1618//465
f 1619//465 1575//465 1574//465
f 1575//465 1619//465 1579//465
f 1620//465 1579//465 1619//465
f 1579//465 1620//465 1581//465
f 1597//465 1623//465 1587//465
f 1624//465 1587//465 1623//465
f 1587//465 1624//465 1621//465
f 1622//465 1621//465 1624//465
f 1625//465 1626//465 1603//465
f 1604//465 1603//465 1626//465
f 1615//465 1627//465 1612//465
f 1628//465 1612//465 1627//465
f 1612//465 1628//465 1629//465
f 1610//465 1630//465 1631//465
f 1618//465 1632//465 1616//465
f 1633//465 1616//465 1632//465
f 1616//465 1633//465 1612//465
f 1634//465 1612//465 1633//465
f 1612//465 1634//465 1615//465
f 1575//465 1635//465 1605//465
f 1636//465 1605//465 1635//465
f 1637//465 1605//465 1636//465
f 1605//465 1637//465 1638//465
f 1576//465 1551//465 1577//465
f 1609//465 1577//465 1551//465
f 1577//465 1609//465 1639//465
f 1640//465 1639//465 1609//465
f 1639//465 1640//465 1641//465
f 1621//465 1641//465 1640//465
f 1641//465 1621//465 1642//465
f 1622//465 1642//465 1621//465
f 1614//465 1643//465 1612//465
f 1644//465 1612//465 1643//465
f 1612//465 1644//465 1603//465
f 1645//465 1603//465 1644//465
f 1603//465 1645//465 1625//465
f 1629//465 1646//465 1612//465
f 1647//465 1612//465 1646//465
f 1612//465 1647//465 1610//465
f 1648//465 1610//465 1647//465
f 1610//465 1648//465 1630//465
f 1631//465 1649//465 1610//465
f 1650//465 1610//465 1649//465
f 1610//465 1650//465 1651//465
f 1652//465 1651//465 1650//465
f 1651//465 1652//465 1653//465
f 1654//465 1653//465 1652//465
f 1655//465 1656//465 1657//465
f 1638//465 1658//465 1605//465
f 1659//465 1605//465 1658//465
f 1605//465 1659//465 1660//465
f 1661//465 1662//465 1663//465
f 1664//465 1663//465 1662//465
f 1663//465 1664//465 1654//465
f 1665//465 1654//465 1664//465
f 1654//465 1665//465 1653//465
f 1666//465 1667//465 1668//465
f 1669//465 1668//465 1667//465
f 1668//465 1669//465 1661//465
f 1670//465 1661//465 1669//465
f 1661//465 1670//465 1662//465
f 1656//465 1671//465 1657//465
f 1672//465 1657//465 1671//465
f 1657//465 1672//465 1673//465
f 1674//465 1675//465 1676//465
f 1677//465 1676//465 1675//465
f 1676//465 1677//465 1666//465
f 1678//465 1666//465 1677//465
f 1666//465 1678//465 1667//465
f 1655//465 1657//465 1679//465
f 1680//465 1679//465 1657//465
f 1679//465 1680//465 1674//465
f 1681//465 1674//465 1680//465
f 1674//465 1681//465 1675//465
f 1660//465 1657//465 1605//465
f 1673//465 1605//465 1657//465
f 1605//465 1673//465 1616//465
f 1682//465 1616//465 1673//465
f 1616//465 1682//465 1617//465
f 1683//457 1684//457 1685//457
f 1686//457 1687//457 1688//457
f 1689//457 1688//457 1687//457
f 1688//457 1689//457 1690//457
f 1691//457 1692//457 1693//457
f 1685//457 1684//457 1694//457
f 1690//457 1695//457 1688//457
f 1696//457 1688//457 1695//457
f 1688//457 1696//457 1691//457
f 1697//457 1691//457 1696//457
f 1691//457 1697//457 1692//457
f 1698//457 1699//457 1700//457
f 1701//457 1702//457 1703//457
f 1686//457 1688//457 1703//457
f 1704//457 1703//457 1688//457
f 1703//457 1704//457 1701//457
f 1685//457 1705//457 1706//457
f 1707//457 1706//457 1705//457
f 1708//457 1709//457 1710//457
f 1711//457 1712//457 1713//457
f 1714//457 1713//457 1712//457
f 1716//457 1698//457 1715//457
f 1698//457 1716//457 1699//457
f 1700//457 1717//457 1698//457
s 1
f 1924//644 1698//645 1717//646
f 1698//645 1924//644 1718//647
f 1923//648 1718//647 1924//644
f 1718//647 1923//648 1719//649
s 0
f 1701//457 1720//457 1702//457
f 1721//457 1702//457 1720//457
f 1702//457 1721//457 1698//457
f 1722//457 1698//457 1721//457
f 1698//457 1722//457 1715//457
f 1707//457 1723//457 1706//457
f 1724//457 1706//457 1723//457
f 1706//457 1724//457 1725//457
f 1726//457 1725//457 1724//457
f 1727//457 1728//457 1729//457
f 1730//457 1729//457 1728//457
f 1731//457 1732//457 1733//457
f 1734//457 1735//457 1736//457
f 1706//457 1737//457 1738//457
f 1738//457 1739//457 1706//457
f 1740//457 1706//457 1739//457
f 1740//457 1741//457 1706//457
f 1742//457 1706//457 1741//457
f 1706//457 1742//457 1685//457
f 1685//457 1742//457 1683//457
f 1743//457 1744//457 1745//457
f 1746//457 1747//457 1748//457
f 1734//457 1736//457 1713//457
f 1749//457 1713//457 1736//457
f 1713//457 1749//457 1711//457
f 1694//457 1684//457 1750//457
f 1751//457 1750//457 1684//457
f 1750//457 1751//457 1752//457
f 1753//457 1752//457 1751//457
f 1752//457 1753//457 1686//457
f 1754//457 1686//457 1753//457
f 1686//457 1754//457 1687//457
f 1755//457 1756//457 1757//457
f 1758//457 1757//457 1756//457
f 1757//457 1758//457 1726//457
f 1759//457 1726//457 1758//457
f 1726//457 1759//457 1725//457
f 1760//457 1761//457 1729//457
f 1762//457 1729//457 1761//457
f 1729//457 1762//457 1763//457
f 1733//457 1764//457 1731//457
f 1765//457 1731//457 1764//457
f 1731//457 1765//457 1747//457
f 1766//457 1747//457 1765//457
f 1747//457 1766//457 1748//457
s 1
f 1923//648 1713//650 1719//649
s 0
f 1714//457 1719//457 1713//457
f 1767//457 1719//457 1714//457
f 1719//457 1767//457 1768//457
f 1746//457 1768//457 1767//457
f 1748//457 1768//457 1746//457
f 1693//457 1769//457 1691//457
f 1770//457 1691//457 1769//457
f 1691//457 1770//457 1706//457
f 1737//457 1706//457 1770//457
f 1709//457 1771//457 1710//457
f 1772//457 1710//457 1771//457
f 1710//457 1772//457 1705//457
f 1773//457 1705//457 1772//457
f 1773//457 1774//457 1705//457
f 1775//457 1705//457 1774//457
f 1705//457 1775//457 1776//457
f 1745//457 1744//457 1777//457
f 1778//457 1777//457 1744//457
f 1777//457 1778//457 1779//457
f 1779//457 1778//457 1780//457
f 1781//457 1780//457 1778//457
f 1780//457 1781//457 1782//457
f 1783//457 1782//457 1781//457
f 1782//457 1783//457 1784//457
f 1732//457 1727//457 1733//457
f 1729//457 1733//457 1727//457
f 1733//457 1729//457 1785//457
f 1763//457 1785//457 1729//457
f 1785//457 1763//457 1710//457
f 1786//651 1710//651 1763//651
f 1787//457 1710//457 1786//457
f 1710//457 1787//457 1708//457
f 1776//457 1788//457 1705//457
f 1789//457 1705//457 1788//457
f 1705//457 1789//457 1707//457
f 1745//457 1790//457 1743//457
f 1791//457 1743//457 1790//457
f 1743//457 1791//457 1792//457
f 1793//457 1792//457 1791//457
f 1792//457 1793//457 1794//457
f 1795//457 1794//457 1793//457
f 1794//457 1795//457 1755//457
f 1796//457 1755//457 1795//457
f 1755//457 1796//457 1756//457
f 1784//457 1783//457 1797//457
f 1798//457 1797//457 1783//457
f 1797//457 1798//457 1799//457
f 1800//457 1799//457 1798//457
f 1799//457 1800//457 1729//457
f 1801//457 1729//457 1800//457
f 1729//457 1801//457 1760//457
f 1802//457 1729//457 1730//457
f 1729//457 1802//457 1803//457
f 1803//457 1804//457 1729//457
f 1805//457 1729//457 1804//457
f 1729//457 1805//457 1806//457
f 1806//457 1807//457 1729//457
f 1808//457 1729//457 1807//457
f 1729//457 1808//457 1809//457
f 1808//457 1810//457 1809//457
f 1811//457 1809//457 1810//457
f 1809//457 1811//457 1812//457
f 1813//457 1812//457 1811//457
s 1
f 1814//473 1815//474 1816//475
f 1814//473 1816//475 1817//476
f 1818//477 1817//476 1816//475
f 1817//476 1818//477 1819//478
f 1820//227 1819//478 1818//477
f 1819//478 1820//227 1821//226
f 1821//226 1820//227 1822//652
f 1823//229 1822//652 1820//227
f 1824//653 1822//652 1823//229
f 1822//652 1824//653 1825//654
f 1826//655 1825//654 1824//653
f 1825//654 1826//655 1827//656
f 1828//657 1829//658 1830//659
f 1831//660 1830//659 1829//658
f 1832//661 1868//662 1833//663
f 1834//664 1835//665 1836//666
f 1834//664 1836//666 1837//667
f 1838//668 1837//667 1836//666
f 1837//667 1838//668 1839//669
f 1840//670 1839//669 1838//668
f 1839//669 1840//670 1841//671
f 1842//672 1841//671 1840//670
f 1841//671 1842//672 1843//673
f 1844//674 1843//673 1842//672
f 1843//673 1844//674 1845//675
f 1846//676 1845//675 1844//674
f 1845//675 1846//676 1847//677
f 1848//678 1847//677 1846//676
f 1847//677 1848//678 1849//679
f 1850//680 1849//679 1848//678
f 1849//679 1850//680 1851//681
f 1852//682 1851//681 1850//680
f 1851//681 1852//682 1853//683
f 1854//684 1853//683 1852//682
f 1853//683 1854//684 1855//685
f 1856//686 1855//685 1854//684
f 1855//685 1856//686 1857//687
f 1858//688 1857//687 1856//686
f 1857//687 1858//688 1859//689
f 1860//690 1859//689 1858//688
f 1859//689 1860//690 1861//691
f 1861//691 1860//690 1862//692
f 1863//693 1862//692 1860//690
f 1862//692 1863//693 1864//694
f 1865//695 1864//694 1863//693
f 1864//694 1865//695 1866//696
f 1867//697 1866//696 1865//695
f 1866//696 1867//697 1868//662
f 1833//663 1868//662 1867//697
f 1869//698 1870//699 1871//700
f 1872//701 1871//700 1870//699
f 1871//700 1872//701 1873//702
f 1874//703 1873//702 1872//701
f 1873//702 1874//703 1875//704
f 1876//705 1875//704 1874//703
f 1875//704 1876//705 1877//706
f 1878//707 1877//706 1876//705
f 1877//706 1878//707 1834//664
f 1835//665 1834//664 1878//707
f 1831//660 1829//658 1879//708
f 1880//709 1879//708 1829//658
f 1879//708 1880//709 1881//710
f 1882//711 1881//710 1880//709
f 1870//699 1881//710 1882//711
f 1881//710 1870//699 1869//698
f 1827//656 1826//655 1883//712
f 1884//713 1883//712 1826//655
f 1886//714 1885//715 1887//716
f 1888//717 1887//716 1885//715
f 1887//716 1888//717 1889//718
f 1890//719 1889//718 1888//717
f 1889//718 1890//719 1891//720
f 1892//721 1891//720 1890//719
f 1891//720 1892//721 1893//722
f 1894//723 1893//722 1892//721
f 1893//722 1894//723 1895//724
f 1896//725 1895//724 1894//723
f 1895//724 1896//725 1897//726
f 1898//727 1897//726 1896//725
f 1899//728 1897//726 1898//727
f 1897//726 1899//728 1900//729
f 1900//729 1899//728 1901//730
f 1902//731 1901//730 1899//728
f 1901//730 1902//731 1903//732
f 1904//733 1903//732 1902//731
f 1903//732 1904//733 1905//734
f 1906//735 1905//734 1904//733
f 1905//734 1906//735 1907//736
f 1908//737 1907//736 1906//735
f 1907//736 1908//737 1909//738
f 1910//739 1909//738 1908//737
f 1909//738 1910//739 1911//740
f 1912//741 1911//740 1910//739
f 1911//740 1912//741 1913//742
f 1914//743 1913//742 1912//741
f 1913//742 1914//743 1915//744
f 1916//745 1915//744 1914//743
f 1915//744 1916//745 1917//746
f 1918//747 1917//746 1916//745
f 1917//746 1918//747 1919//748
f 1920//749 1919//748 1918//747
f 1919//748 1920//749 1886//714
f 1885//715 1886//714 1920//749
f 1923//648 1921//750 1922//751
f 1921//750 1923//648 1924//644
f 1925//752 1595//642 1594//638
f 1595//642 1925//752 1926//753
f 1927//754 1926//753 1925//752
s 0
f 1928//210 1929//210 1930//210
f 1931//210 1930//210 1929//210
f 1930//210 1931//210 1932//210
f 1933//210 1932//210 1931//210
f 1934//210 1932//210 1933//210
f 1932//210 1934//210 1935//210
f 1936//210 1935//210 1934//210
f 1935//210 1936//210 1830//210
f 1828//210 1830//210 1936//210
f 1883//214 1884//214 1937//214
f 1938//211 1937//211 1884//211
f 1937//211 1938//211 1939//211
f 1940//211 1939//211 1938//211
f 1941//211 1939//211 1940//211
f 1939//211 1941//211 1942//211
f 1943//755 1942//755 1941//755
f 1942//755 1943//755 1944//755
f 1945//211 1944//211 1943//211
f 1946//145 1947//145 1948//145
f 1949//148 1950//148 1951//148
f 1950//145 1952//145 1953//145
f 1954//756 1953//756 1952//756
f 1953//153 1954//153 1955//153
f 1955//153 1954//153 1956//153
f 1957//757 1956//758 1954//759
f 1956//145 1957//145 1958//760
f 1948//148 1947//148 1959//148
f 1961//145 1959//145 1947//145
f 1959//145 1961//145 1960//145
f 1953//145 1962//145 1950//145
f 1963//759 1950//153 1962//153
f 1950//168 1963//168 1951//168
f 1964//761 1965//761 1966//761
f 1965//193 1967//193 1966//193
f 1966//762 1967//763 1968//764
s 1
f 1921//750 1969//765 1922//751
f 1966//766 1922//751 1969//765
f 1922//751 1966//766 1968//767
s 0
f 1970//180 1971//180 1972//180
f 1975//768 1973//768 1974//768
f 1973//145 1975//145 1980//145
f 1980//155 1975//155 1959//155
f 1963//769 1976//769 1951//769
f 1951//770 1976//771 1977//771
f 1978//772 1959//772 1960//772
f 1979//155 1980//155 1959//155
f 1948//152 1981//152 1946//152
f 1982//148 1946//148 1981//148
f 1946//145 1982//145 1983//145
s 1
f 1986//773 1987//774 1921//750
f 1988//775 1921//750 1987//774
f 1921//750 1988//775 1969//765
s 0
f 1989//148 1990//148 1991//148
f 1965//145 1991//145 1990//145
f 1991//145 1965//145 1964//145
f 1958//776 1957//777 1992//778
f 1993//154 1992//154 1957//779
f 1994//154 1995//154 1996//154
f 1997//780 1996//780 1995//780
f 1996//145 1997//145 1998//145
f 1978//155 1999//155 1959//155
f 1979//148 1959//148 1999//148
f 1985//781 1984//781 2000//781
f 2001//782 2000//783 1984//784
f 1971//189 2002//145 1972//145
f 2003//152 1972//152 2002//152
f 1972//785 2003//785 2052//785
f 1973//786 2004//145 1974//786
f 1974//153 2004//153 2005//153
f 2006//145 2005//145 2004//145
f 2007//145 2005//145 2006//145
f 2008//145 1994//145 1996//145
f 1994//153 2008//153 2009//153
f 2010//145 2009//145 2008//145
f 2009//145 2010//145 2011//145
f 1998//145 2012//145 2013//145
f 2012//152 1998//152 2014//152
f 1997//148 2014//178 1998//181
f 2016//787 2017//788 2015//789
f 2012//146 2018//146 2013//146
f 2019//191 2013//191 2018//191
f 2013//145 2019//145 2020//145
f 2020//154 2019//154 2015//154
f 1949//790 2015//154 2019//790
f 2015//145 1949//145 2016//145
f 1951//154 2016//154 1949//154
f 2021//152 2022//152 2023//152
f 2024//145 2023//145 2022//145
f 2023//154 2024//154 2025//154
f 2026//156 2022//156 2021//156
f 2022//148 2026//148 2027//148
s 1
f 1921//750 1984//791 1986//773
s 0
f 1986//148 1984//148 2028//148
f 1985//792 2028//792 1984//792
f 2028//793 1985//793 2029//794
f 2030//152 2027//152 2026//152
f 2027//145 2030//145 2031//145
f 2028//152 2031//152 2030//152
f 2031//148 2028//148 2032//148
f 2029//795 2032//145 2028//145
f 2032//145 2029//795 1972//145
f 2033//181 1972//796 2029//795
f 1972//148 2033//148 1970//148
f 1982//145 2034//145 1983//145
f 2035//191 1983//191 2034//191
f 1983//145 2035//145 2036//145
f 2000//145 2036//145 2035//145
f 2001//797 2036//797 2000//797
f 2038//145 2025//145 2039//145
f 2040//145 2025//145 2024//145
f 2025//145 2040//145 2039//145
f 2037//798 2007//798 2042//798
f 2007//145 2037//145 2043//145
f 1989//180 2044//180 1990//180
f 2045//145 1990//145 2044//145
f 1990//145 2045//145 2046//145
f 2047//152 2046//152 2045//152
f 2046//145 2047//145 2048//145
f 2049//148 2048//148 2047//148
f 2048//145 2049//145 2011//145
f 2038//145 2011//145 2049//145
f 2011//145 2038//145 2009//145
f 2009//145 2038//145 2050//145
f 2039//153 2050//153 2038//153
f 1992//799 2050//161 2039//154
f 2050//153 1992//800 2051//153
f 1993//153 2051//153 1992//800
f 2041//152 2052//785 2003//785
f 2006//145 2053//145 2007//145
f 2042//145 2007//145 2053//145
f 2037//145 2054//796 2043//145
f 2043//148 2054//148 2003//148
f 2003//180 2054//180 2041//180
f 2055//111 2056//111 2057//111
f 2058//113 2057//113 2056//113
f 2057//95 2058//95 2059//95
f 2060//95 2061//95 2062//95
f 2063//95 2064//95 2065//95
f 2066//95 2065//95 2064//95
f 2065//110 2066//110 2067//110
f 2060//95 2062//95 2066//95
f 2068//95 2066//95 2062//95
f 2066//96 2068//96 2067//96
s 1
f 2070//801 1927//754 2071//802
s 0
f 2063//99 2072//99 2064//99
f 2064//95 2072//95 2073//95
f 2074//125 2073//125 2072//125
f 2073//95 2074//95 2075//95
f 2076//101 2075//101 2074//101
s 1
f 2069//803 1927//754 2077//804
f 2078//805 2077//804 1927//754
s 0
f 2077//110 2078//110 2079//110
f 2058//95 2080//95 2059//95
f 2081//101 2059//128 2080//101
f 2082//806 2059//806 2081//806
s 1
f 2069//803 2083//804 1927//754
f 2084//807 1927//754 2083//804
f 1927//754 2084//807 2071//802
s 0
f 2085//95 2086//95 2087//95
f 2088//101 2089//101 2090//101
f 2091//101 2090//101 2089//101
f 2090//95 2091//95 2060//95
f 2061//95 2060//95 2091//95
f 2093//100 2089//100 2094//100
f 2088//95 2094//95 2089//95
f 2092//808 2094//809 2088//810
f 2095//811 2096//141 2097//141
f 2097//95 2096//95 2098//95
f 2099//95 2100//95 2101//95
f 2104//122 2079//122 2078//122
f 2087//95 2086//95 2100//95
f 2105//99 2100//99 2086//99
f 2100//96 2105//96 2101//96
f 2094//101 2103//101 2093//101
f 2102//812 2093//812 2103//812
f 2106//95 2093//95 2102//95
f 2093//95 2106//95 2107//95
f 2099//101 2107//101 2106//101
f 2107//99 2099//99 2108//99
f 2101//95 2108//95 2099//95
f 2055//813 2057//813 2109//813
f 2110//95 2109//95 2057//95
f 2109//110 2110//110 2111//110
f 2112//95 2111//95 2110//95
f 2111//96 2112//96 2113//96
f 2114//95 2113//95 2112//95
f 2070//95 2115//95 2116//95
f 2117//107 2116//107 2115//107
f 2116//95 2117//95 2118//95
f 2119//110 2095//110 2097//110
f 2095//110 2119//110 2120//110
f 2121//814 2122//815 2103//816
f 2103//817 2122//818 2102//819
f 2116//95 2123//95 2070//95
s 1
f 2070//801 2123//820 1927//754
f 2124//821 1927//754 2123//820
f 2124//821 2125//822 1927//754
f 1927//754 2125//822 1926//753
s 0
f 2126//95 2127//95 2128//95
f 2129//823 2128//100 2127//100
f 2128//101 2129//101 2130//101
f 2131//95 2130//95 2129//95
f 2130//95 2131//95 2132//95
f 2133//95 2120//95 2134//95
f 2135//824 2134//109 2120//96
f 2133//96 2136//96 2120//96
f 2137//110 2120//110 2136//110
f 2120//129 2137//129 2095//129
f 2096//115 2138//115 2098//115
f 2139//100 2098//100 2138//100
f 2098//95 2139//95 2140//95
f 2140//95 2139//95 2141//95
f 2113//95 2141//95 2139//95
f 2085//115 2087//115 2142//115
f 2143//95 2142//95 2087//95
f 2142//95 2143//95 2144//95
f 2128//100 2145//100 2126//100
f 2146//95 2126//95 2145//95
f 2126//95 2146//95 2147//95
f 2147//95 2146//95 2162//825
f 2148//110 2162//110 2146//110
f 2117//95 2149//95 2118//95
f 2150//96 2118//96 2149//96
f 2118//95 2150//95 2151//95
f 2152//110 2151//110 2150//113
f 2151//95 2152//95 2153//95
f 2132//96 2153//96 2152//96
f 2155//826 2132//826 2154//826
f 2132//95 2155//95 2153//95
f 2156//95 2167//95 2148//95
f 2157//95 2148//95 2167//95
f 2158//98 2159//98 2079//98
f 2143//95 2160//827 2144//95
f 2141//828 2144//829 2160//811
f 2113//107 2144//107 2141//107
f 2144//95 2113//95 2076//95
f 2114//95 2076//95 2113//95
f 2076//95 2114//95 2075//95
f 2132//122 2131//99 2161//113
f 2148//830 2157//107 2162//831
f 2163//95 2132//95 2161//95
f 2132//813 2163//813 2154//813
f 2164//832 2082//833 2120//832
f 2165//834 2120//835 2082//836
f 2120//113 2165//837 2135//838
f 2079//110 2159//110 2166//839
f 2167//840 2079//840 2166//840
f 2079//109 2167//109 2156//96
f 2164//841 2158//841 2082//824
f 2079//842 2082//838 2158//842
f 2104//843 2082//843 2079//843
f 2082//844 2104//844 2059//844
s 1
f 1503//588 1929//845 1504//589
f 1928//846 1504//589 1929//845
f 2168//590 1944//847 2169//591
f 1945//848 2169//591 1944//847
f 2170//572 1487//570 1488//571
f 1487//570 2170//572 2171//574
f 2172//601 1510//597 1509//596
f 1510//597 2172//601 2173//599
f 2179//849 2174//552 2178//850
f 2175//551 2178//850 2174//552
f 1511//598 1512//600 2176//851
f 2177//852 2176//851 1512//600
f 2176//851 2177//852 2178//850
f 2179//849 2178//850 2177//852
f 2182//853 2180//854 2181//525
f 2180//854 2182//853 2183//855
f 2183//855 2182//853 2184//856
f 2185//857 2184//856 2182//853
f 2186//858 2184//856 2185//857
f 2184//856 2186//858 2187//859
f 2188//860 2187//859 2186//858
f 2187//859 2188//860 2189//861
f 2190//533 2189//861 2188//860
f 2191//534 2189//861 2190//533
f 2189//861 2191//534 2192//535
f 2181//525 2192//535 2191//534
f 2192//535 2181//525 2180//854
f 2203//862 2193//863 2194//864
f 2195//865 2194//864 2193//863
f 2194//864 2195//865 2196//866
f 2196//866 2195//865 2197//867
f 2198//868 2197//867 2195//865
f 2197//867 2198//868 2199//869
f 2200//870 2199//869 2198//868
f 2199//869 2200//870 2201//871
f 2202//872 2201//871 2200//870
f 2201//871 2202//872 2203//862
f 2204//873 2203//862 2202//872
f 2193//863 2203//862 2204//873
s 0
f 1833//874 2205//874 1832//874
s 1
f 2209//875 2208//876 2207//877
f 2208//876 2209//875 2210//878
f 2212//879 2213//880 2215//881
f 2211//882 2215//881 2213//880
f 2214//883 2215//881 2211//882
f 2216//884 2210//878 2209//875
f 2210//878 2216//884 2217//885
f 2218//886 2217//885 2216//884
f 2217//885 2218//886 2219//887
f 2220//888 2219//887 2218//886
f 2219//887 2220//888 2221//889
f 2222//890 2221//889 2220//888
f 2221//889 2222//890 2223//891
f 2224//892 2223//891 2222//890
f 2223//891 2224//892 2225//893
f 2226//894 2225//893 2224//892
f 2225//893 2226//894 2227//895
f 2213//880 2227//895 2226//894
f 2227//895 2213//880 2212//879
f 2229//896 2230//897 2231//898
f 2228//899 2231//898 2230//897
f 2206//900 2231//898 2228//899
f 2234//901 2233//902 2232//903
f 2233//902 2234//901 2235//904
f 2236//905 2235//904 2234//901
f 2235//904 2236//905 2237//906
f 2237//906 2236//905 2238//907
f 2239//908 2238//907 2236//905
f 2238//907 2239//908 2240//909
f 2241//910 2240//909 2239//908
f 2240//909 2241//910 2242//911
f 2243//912 2242//911 2241//910
f 2242//911 2243//912 2244//913
f 2245//914 2244//913 2243//912
f 2244//913 2245//914 2246//915
f 2247//916 2246//915 2245//914
f 2246//915 2247//916 2248//917
f 2230//897 2248//917 2247//916
f 2248//917 2230//897 2229//896
s 0
f 2249//457 2250//457 2251//457
f 2251//457 2252//457 2253//457
f 2253//457 2254//457 2251//457
f 2255//457 2251//457 2254//457
f 2251//457 2255//457 2249//457
f 2258//210 2256//918 2257//210
f 2256//919 2258//920 2260//921
f 2259//922 2261//923 2258//924
f 2261//925 2262//923 2258//923
f 2258//926 2262//927 2260//928
s 1
f 2263//929 2264//930 2265//931
f 2265//931 2264//930 2266//932
f 2267//933 2266//932 2264//930
f 2266//932 2267//933 2268//934
f 2269//935 2268//934 2267//933
f 2268//934 2269//935 2270//936
f 2271//937 2270//936 2269//935
f 2270//936 2271//937 2272//938
f 2273//939 2272//938 2271//937
f 2272//938 2273//939 2274//940
f 2275//941 2274//940 2273//939
f 2274//940 2275//941 2276//942
f 2277//943 2276//942 2275//941
f 2276//942 2277//943 2278//944
f 2279//945 2278//944 2277//943
f 2278//944 2279//945 2280//946
f 2280//946 2279//945 2281//947
f 2282//948 2281//947 2279//945
f 2281//947 2282//948 2283//949
f 2284//950 2283//949 2282//948
f 2285//951 2283//949 2284//950
f 2283//949 2285//951 2286//952
f 2287//953 2286//952 2285//951
f 2286//952 2287//953 2288//954
f 2289//955 2288//954 2287//953
f 2288//954 2289//955 2263//929
f 2264//930 2263//929 2289//955
f 2290//956 2291//957 2292//958
f 2292//958 2291//957 2293//959
f 2294//960 2293//959 2291//957
f 2293//959 2294//960 2295//961
f 2296//962 2295//961 2294//960
f 2295//961 2296//962 2297//963
f 2298//964 2297//963 2296//962
f 2297//963 2298//964 2299//965
f 2300//966 2299//965 2298//964
f 2299//965 2300//966 2301//967
f 2302//968 2301//967 2300//966
f 2301//967 2302//968 2303//969
f 2304//970 2303//969 2302//968
f 2303//969 2304//970 2305//971
f 2306//972 2305//971 2304//970
f 2305//971 2306//972 2307//973
f 2308//974 2307//973 2306//972
f 2307//973 2308//974 2309//975
f 2309//975 2308//974 2310//976
f 2311//977 2310//976 2308//974
f 2312//978 2310//976 2311//977
f 2310//976 2312//978 2313//979
f 2314//980 2313//979 2312//978
f 2313//979 2314//980 2315//981
f 2316//982 2315//981 2314//980
f 2315//981 2316//982 2290//956
f 2291//957 2290//956 2316//982
f 2324//983 2317//984 2318//985
f 2319//986 2318//985 2317//984
f 2318//985 2319//986 2320//987
f 2321//988 2320//987 2319//986
f 2320//987 2321//988 2322//989
f 2323//990 2322//989 2321//988
f 2322//989 2323//990 2324//983
f 2317//984 2324//983 2323//990
f 2334//991 2325//992 2326//993
f 2327//994 2326//993 2325//992
f 2326//993 2327//994 2328//995
f 2328//995 2327//994 2329//996
f 2330//997 2329//996 2327//994
f 2331//998 2329//996 2330//997
f 2329//996 2331//998 2332//999
f 2333//1000 2332//999 2331//998
f 2332//999 2333//1000 2334//991
f 2325//992 2334//991 2333//1000
f 2335//1001 2336//1002 2337//1003
f 2338//1004 2336//1002 2339//1005
f 2340//1006 2341//1007 2342//1008
f 2343//1009 2341//1007 2344//1010
f 2337//1003 2343//1011 2345//1012
f 2346//1013 2347//1014 2348//1015
f 2349//1016 2347//1014 2350//1017
f 2342//1008 2349//1016 2351//1018
f 2352//1019 2353//1020 2354//1021
f 2355//1022 2353//1020 2356//1023
f 2348//1015 2355//1024 2357//1025
f 2358//1026 2359//1027 2360//1028
f 2361//1029 2359//1030 2362//1031
f 2354//1021 2361//1029 2363//1032
f 2364//1033 2365//1034 2366//1035
f 2367//1036 2365//1034 2368//1037
f 2360//1028 2367//1038 2369//1039
f 2370//1040 2371//1041 2372//1042
f 2373//1043 2371//1041 2374//1044
f 2366//1035 2373//1043 2375//1045
f 2376//1046 2377//1047 2378//1048
f 2379//1049 2377//1047 2380//1050
f 2372//1042 2379//1051 2381//1052
f 2378//1048 2338//1004 2382//1053
f 2383//1054 2384//1055 2385//1056
f 2386//1057 2384//1055 2387//1058
f 2388//1059 2389//1060 2390//1061
f 2391//1062 2389//1060 2392//1063
f 2385//1056 2391//1062 2393//1064
f 2394//1065 2395//1066 2396//1067
f 2397//1068 2395//1066 2398//1069
f 2390//1061 2397//1068 2399//1070
f 2400//1071 2401//1072 2402//1073
f 2403//1074 2401//1072 2404//1075
f 2396//1067 2403//1074 2405//1076
f 2406//1077 2407//1078 2408//1079
f 2409//1080 2407//1078 2410//1081
f 2402//1073 2409//1080 2411//1082
f 2412//1083 2413//1084 2414//1085
f 2415//1086 2413//1084 2416//1087
f 2408//1079 2415//1086 2417//1088
f 2418//1089 2419//1090 2420//1091
f 2421//1092 2419//1090 2422//1093
f 2414//1085 2421//1092 2423//1094
f 2424//1095 2425//1096 2426//1097
f 2427//1098 2425//1096 2428//1099
f 2420//1091 2427//1098 2429//1100
f 2426//1097 2386//1101 2430//1102
f 2433//1103 2431//1104 2432//1105
f 2431//1104 2433//1103 2434//1106
f 2435//1107 2434//1106 2433//1103
f 2434//1106 2435//1107 2436//1108
f 2437//1109 2436//1108 2435//1107
f 2436//1108 2437//1109 2438//1110
f 2439//1111 2438//1110 2437//1109
f 2438//1110 2439//1111 2440//1112
f 2441//1113 2440//1112 2439//1111
f 2440//1112 2441//1113 2442//1114
f 2443//1115 2442//1114 2441//1113
f 2442//1114 2443//1115 2444//1116
f 2445//1117 2444//1116 2443//1115
f 2444//1116 2445//1117 2446//1118
f 2447//1119 2446//1118 2445//1117
f 2446//1118 2447//1119 2448//1120
f 2449//1121 2448//1120 2447//1119
f 2448//1120 2449//1121 2450//1122
f 2451//1123 2450//1122 2449//1121
f 2450//1122 2451//1123 2452//1124
f 2453//1125 2452//1124 2451//1123
f 2452//1124 2453//1125 2454//1126
f 2455//1127 2454//1126 2453//1125
f 2454//1126 2455//1127 2456//1128
f 2457//1129 2456//1128 2455//1127
f 2456//1128 2457//1129 2458//1130
f 2459//1131 2458//1130 2457//1129
f 2458//1130 2459//1131 2460//1132
f 2461//1133 2460//1132 2459//1131
f 2460//1132 2461//1133 2462//1134
f 2463//1135 2462//1134 2461//1133
f 2462//1134 2463//1135 2464//1136
f 2465//1137 2464//1136 2463//1135
f 2464//1136 2465//1137 2466//1138
f 2467//1139 2466//1138 2465//1137
f 2466//1138 2467//1139 2468//1140
f 2469//1141 2468//1140 2467//1139
f 2468//1140 2469//1141 2431//1104
f 2432//1105 2431//1104 2469//1141
s 0
f 2470//465 2471//465 2472//465
f 2473//465 2474//465 2475//465
f 2476//465 2477//465 2478//465
f 2478//465 2477//465 2473//465
f 2479//465 2473//465 2477//465
f 2473//465 2479//465 2474//465
f 2474//465 2480//465 2475//465
f 2481//465 2475//465 2480//465
f 2475//465 2481//465 2470//465
f 2470//465 2481//465 2471//465
f 2482//465 2483//465 2484//465
f 2471//465 2485//465 2472//465
f 2486//465 2472//465 2485//465
f 2472//465 2486//465 2487//465
f 2488//465 2489//465 2476//465
f 2490//465 2476//465 2489//465
f 2476//465 2490//465 2477//465
f 2491//465 2492//465 2488//465
f 2489//465 2488//465 2492//465
f 2484//465 2493//465 2482//465
f 2494//465 2482//465 2493//465
f 2482//465 2494//465 2491//465
f 2495//465 2491//465 2494//465
f 2491//465 2495//465 2492//465
f 2496//465 2497//465 2483//465
f 2484//465 2483//465 2497//465
f 2498//465 2499//465 2496//465
f 2500//465 2496//465 2499//465
f 2496//465 2500//465 2497//465
f 2486//465 2501//465 2487//465
f 2502//465 2487//465 2501//465
f 2487//465 2502//465 2498//465
f 2498//465 2502//465 2499//465
f 2503//457 2504//457 2505//457
f 2505//457 2506//457 2503//457
f 2507//457 2503//457 2506//457
f 2503//457 2507//457 2508//457
f 2509//464 2508//464 2507//464
f 2512//211 2511//211 2510//1142
f 2514//1143 2513//1144 2512//1145
f 2510//1146 2514//1147 2512//1148
f 2513//1149 2516//1150 2512//1151
f 2512//1152 2516//1153 2515//1154
f 2521//457 2519//457 2520//457
f 2519//457 2521//457 2522//457
f 2525//457 2523//457 2524//457
f 2523//457 2525//457 2517//457
f 2517//457 2525//457 2518//457
f 2526//457 2527//457 2519//457
f 2520//457 2519//457 2527//457
f 2528//457 2529//457 2526//457
f 2530//457 2526//457 2529//457
f 2526//457 2530//457 2527//457
f 2531//457 2517//457 2518//457
f 2517//457 2531//457 2532//457
f 2533//457 2532//457 2531//457
f 2534//457 2535//457 2523//457
f 2524//457 2523//457 2535//457
f 2536//457 2537//457 2538//457
f 2539//457 2538//457 2537//457
f 2538//457 2539//457 2534//457
f 2534//457 2539//457 2535//457
f 2540//457 2522//457 2521//457
f 2522//457 2540//457 2536//457
f 2541//457 2536//457 2540//457
f 2536//457 2541//457 2537//457
f 2542//457 2543//457 2528//457
f 2529//457 2528//457 2543//457
f 2544//457 2545//457 2542//457
f 2546//457 2542//457 2545//457
f 2542//457 2546//457 2543//457
f 2547//457 2532//457 2533//457
f 2532//457 2547//457 2548//457
f 2549//457 2548//457 2547//457
f 2548//457 2549//457 2544//457
f 2544//457 2549//457 2545//457
s 1
f 2552//1155 2555//1156 2556//1157
f 2554//1158 2555//1156 2552//1155
f 2550//1159 2560//1160 2561//1161
f 2559//1162 2560//1160 2550//1159
f 2550//1159 2551//1163 2559//1162
f 2564//1164 2559//1162 2551//1163
f 2559//1162 2564//1164 2565//1165
f 2566//1166 2565//1165 2564//1164
f 2565//1165 2566//1166 2567//1167
f 2567//1167 2566//1166 2568//1168
f 2557//1169 2568//1168 2566//1166
f 2558//1170 2568//1168 2557//1169
f 2568//1168 2558//1170 2555//1156
f 2556//1157 2555//1156 2558//1170
f 2552//1155 2553//1171 2554//1158
f 2569//1172 2554//1158 2553//1171
f 2554//1158 2569//1172 2570//1173
f 2570//1173 2569//1172 2571//1174
f 2572//1175 2571//1174 2569//1172
f 2571//1174 2572//1175 2573//1176
f 2562//1177 2573//1176 2572//1175
f 2563//1178 2573//1176 2562//1177
f 2573//1176 2563//1178 2560//1160
f 2561//1161 2560//1160 2563//1178
f 2577//875 2576//876 2575//877
f 2576//876 2577//875 2578//1179
f 2580//879 2581//880 2583//1180
f 2579//882 2583//1180 2581//880
f 2582//1181 2583//1180 2579//882
f 2584//1182 2578//1179 2577//875
f 2578//1179 2584//1182 2585//1183
f 2585//1183 2584//1182 2586//1184
f 2587//1185 2586//1184 2584//1182
f 2586//1184 2587//1185 2588//1186
f 2589//1187 2588//1186 2587//1185
f 2590//1188 2588//1186 2589//1187
f 2588//1186 2590//1188 2591//1189
f 2592//1190 2591//1189 2590//1188
f 2591//1189 2592//1190 2593//1191
f 2594//894 2593//1191 2592//1190
f 2593//1191 2594//894 2595//895
f 2581//880 2595//895 2594//894
f 2595//895 2581//880 2580//879
f 2597//896 2598//897 2599//1192
f 2596//1193 2599//1192 2598//897
f 2574//1194 2599//1192 2596//1193
f 2602//901 2601//1195 2600//1196
f 2601//1195 2602//901 2603//904
f 2604//1197 2603//904 2602//901
f 2603//904 2604//1197 2605//906
f 2605//906 2604//1197 2606//1198
f 2607//1199 2606//1198 2604//1197
f 2608//1200 2606//1198 2607//1199
f 2606//1198 2608//1200 2609//1201
f 2609//1201 2608//1200 2610//1202
f 2611//1203 2610//1202 2608//1200
f 2612//1204 2610//1202 2611//1203
f 2610//1202 2612//1204 2613//1205
f 2614//1206 2613//1205 2612//1204
f 2613//1205 2614//1206 2615//1207
f 2616//1208 2615//1207 2614//1206
f 2615//1207 2616//1208 2617//917
f 2598//897 2617//917 2616//1208
f 2617//917 2598//897 2597//896
s 0
f 2618//457 2619//457 2620//457
f 2620//457 2621//457 2622//457
f 2622//457 2623//457 2620//457
f 2624//457 2620//457 2623//457
f 2620//457 2624//457 2618//457
f 2627//210 2625//1209 2626//210
f 2627//920 2629//919 2625//1210
f 2628//922 2630//923 2627//924
f 2630//925 2631//923 2627//923
f 2627//926 2631//1211 2629//1212
s 1
f 2632//1213 2633//1214 2634//1215
f 2635//1216 2634//1215 2633//1214
f 2634//1215 2635//1216 2636//1217
f 2637//1218 2636//1217 2635//1216
f 2636//1217 2637//1218 2638//1219
f 2639//1220 2638//1219 2637//1218
f 2638//1219 2639//1220 2640//1221
f 2641//1222 2640//1221 2639//1220
f 2640//1221 2641//1222 2642//1223
f 2643//1224 2642//1223 2641//1222
f 2642//1223 2643//1224 2644//1225
f 2645//1226 2644//1225 2643//1224
f 2644//1225 2645//1226 2646//1227
f 2647//1228 2646//1227 2645//1226
f 2646//1227 2647//1228 2648//1229
f 2649//1230 2648//1229 2647//1228
f 2650//1231 2648//1229 2649//1230
f 2648//1229 2650//1231 2651//1232
f 2651//1232 2650//1231 2652//947
f 2653//948 2652//947 2650//1231
f 2652//947 2653//948 2654//949
f 2655//1233 2654//949 2653//948
f 2656//951 2654//949 2655//1233
f 2654//949 2656//951 2657//952
f 2658//1234 2657//952 2656//951
f 2657//952 2658//1234 2659//1235
f 2660//1236 2659//1235 2658//1234
f 2659//1235 2660//1236 2632//1213
f 2633//1214 2632//1213 2660//1236
f 2661//1237 2662//1238 2663//1239
f 2664//1240 2663//1239 2662//1238
f 2663//1239 2664//1240 2665//1241
f 2666//1242 2665//1241 2664//1240
f 2665//1241 2666//1242 2667//961
f 2668//1243 2667//961 2666//1242
f 2667//961 2668//1243 2669//1244
f 2670//1245 2669//1244 2668//1243
f 2669//1244 2670//1245 2671//1246
f 2672//1247 2671//1246 2670//1245
f 2671//1246 2672//1247 2673//1248
f 2673//1248 2672//1247 2674//1249
f 2675//1250 2674//1249 2672//1247
f 2674//1249 2675//1250 2676//1251
f 2677//1252 2676//1251 2675//1250
f 2678//1253 2676//1251 2677//1252
f 2676//1251 2678//1253 2679//1254
f 2680//1255 2679//1254 2678//1253
f 2679//1254 2680//1255 2681//1256
f 2682//1257 2681//1256 2680//1255
f 2681//1256 2682//1257 2683//1258
f 2684//1259 2683//1258 2682//1257
f 2683//1258 2684//1259 2685//1260
f 2686//1261 2685//1260 2684//1259
f 2685//1260 2686//1261 2687//1262
f 2688//1263 2687//1262 2686//1261
f 2687//1262 2688//1263 2661//1237
f 2662//1238 2661//1237 2688//1263
f 2689//1264 2690//1265 2691//1266
f 2692//1267 2691//1266 2690//1265
f 2691//1266 2692//1267 2693//1268
f 2694//1269 2693//1268 2692//1267
f 2693//1268 2694//1269 2695//1270
f 2696//1271 2695//1270 2694//1269
f 2695//1270 2696//1271 2697//1272
f 2690//1265 2697//1272 2696//1271
f 2697//1272 2690//1265 2689//1264
f 2707//1273 2698//1274 2699//1275
f 2700//1276 2699//1275 2698//1274
f 2701//1277 2699//1275 2700//1276
f 2699//1275 2701//1277 2702//1278
f 2702//1278 2701//1277 2703//1279
f 2704//1280 2703//1279 2701//1277
f 2703//1279 2704//1280 2705//1281
f 2706//1282 2705//1281 2704//1280
f 2705//1281 2706//1282 2707//1273
f 2698//1274 2707//1273 2706//1282
f 2708//1001 2709//1002 2710//1003
f 2711//1004 2709//1002 2712//1005
f 2713//1006 2714//1007 2715//1008
f 2716//1009 2714//1007 2717//1010
f 2710//1003 2716//1011 2718//1012
f 2719//1013 2720//1014 2721//1015
f 2722//1016 2720//1014 2723//1017
f 2715//1008 2722//1016 2724//1018
f 2725//1019 2726//1020 2727//1021
f 2728//1022 2726//1020 2729//1023
f 2721//1015 2728//1024 2730//1025
f 2731//1026 2732//1027 2733//1028
f 2734//1029 2732//1027 2735//1031
f 2727//1021 2734//1029 2736//1032
f 2737//1033 2738//1034 2739//1283
f 2740//1036 2738//1034 2741//1037
f 2733//1028 2740//1038 2742//1039
f 2743//1040 2744//1041 2745//1042
f 2746//1043 2744//1041 2747//1044
f 2739//1035 2746//1043 2748//1045
f 2749//1046 2750//1047 2751//1048
f 2752//1049 2750//1047 2753//1050
f 2745//1042 2752//1284 2754//1052
f 2751//1048 2711//1004 2755//1053
f 2756//1054 2757//1055 2758//1056
f 2759//1285 2757//1055 2760//1058
f 2761//1059 2762//1060 2763//1061
f 2764//1062 2762//1060 2765//1063
f 2758//1056 2764//1062 2766//1286
f 2767//1065 2768//1066 2769//1067
f 2770//1068 2768//1066 2771//1069
f 2763//1061 2770//1068 2772//1287
f 2773//1071 2774//1072 2775//1073
f 2776//1074 2774//1072 2777//1075
f 2769//1067 2776//1074 2778//1076
f 2779//1077 2780//1078 2781//1079
f 2782//1080 2780//1078 2783//1081
f 2775//1073 2782//1080 2784//1288
f 2785//1083 2786//1084 2787//1085
f 2788//1086 2786//1084 2789//1087
f 2781//1079 2788//1086 2790//1088
f 2791//1089 2792//1090 2793//1091
f 2794//1092 2792//1090 2795//1093
f 2787//1085 2794//1092 2796//1094
f 2797//1095 2798//1096 2799//1097
f 2800//1098 2798//1096 2801//1289
f 2793//1091 2800//1098 2802//1100
f 2799//1097 2759//1285 2803//1102
f 2806//1290 2804//1291 2805//1292
f 2804//1291 2806//1290 2807//1293
f 2808//1294 2807//1293 2806//1290
f 2807//1293 2808//1294 2809//1295
f 2809//1295 2808//1294 2810//1296
f 2811//1297 2810//1296 2808//1294
f 2810//1296 2811//1297 2812//1298
f 2813//1299 2812//1298 2811//1297
f 2814//1300 2812//1298 2813//1299
f 2812//1298 2814//1300 2815//1301
f 2815//1301 2814//1300 2816//1302
f 2817//1303 2816//1302 2814//1300
f 2816//1302 2817//1303 2818//1304
f 2819//1305 2818//1304 2817//1303
f 2818//1304 2819//1305 2820//1306
f 2821//1307 2820//1306 2819//1305
f 2820//1306 2821//1307 2822//1308
f 2823//1309 2822//1308 2821//1307
f 2822//1308 2823//1309 2824//1310
f 2825//1311 2824//1310 2823//1309
f 2824//1310 2825//1311 2826//1312
f 2827//1313 2826//1312 2825//1311
f 2826//1312 2827//1313 2828//1126
f 2829//1314 2828//1126 2827//1313
f 2828//1126 2829//1314 2830//1315
f 2831//1316 2830//1315 2829//1314
f 2832//1317 2830//1315 2831//1316
f 2830//1315 2832//1317 2833//1318
f 2833//1318 2832//1317 2834//1319
f 2835//1320 2834//1319 2832//1317
f 2836//1321 2834//1319 2835//1320
f 2834//1319 2836//1321 2837//1322
f 2838//1323 2837//1322 2836//1321
f 2837//1322 2838//1323 2839//1324
f 2840//1325 2839//1324 2838//1323
f 2839//1324 2840//1325 2841//1138
f 2842//1326 2841//1138 2840//1325
f 2841//1138 2842//1326 2843//1327
f 2844//1328 2843//1327 2842//1326
f 2805//1292 2843//1327 2844//1328
f 2843//1327 2805//1292 2804//1291
s 0
f 2845//465 2846//465 2847//465
f 2848//465 2847//465 2846//465
f 2851//465 2849//465 2850//465
f 2849//465 2851//465 2852//465
f 2853//465 2854//465 2855//465
f 2856//465 2855//465 2854//465
f 2855//465 2856//465 2849//465
f 2850//465 2849//465 2856//465
f 2851//465 2857//465 2852//465
f 2858//465 2852//465 2857//465
f 2852//465 2858//465 2845//465
f 2845//465 2858//465 2846//465
f 2861//465 2847//465 2848//465
f 2847//465 2861//465 2862//465
f 2862//465 2861//465 2863//465
f 2864//465 2865//465 2853//465
f 2866//465 2853//465 2865//465
f 2854//465 2853//465 2866//465
f 2867//465 2868//465 2864//465
f 2865//465 2864//465 2868//465
f 2860//465 2869//465 2859//465
f 2859//465 2869//465 2870//465
f 2871//465 2870//465 2869//465
f 2870//465 2871//465 2867//465
f 2872//465 2867//465 2871//465
f 2867//465 2872//465 2868//465
f 2873//465 2874//465 2859//465
f 2860//465 2859//465 2874//465
f 2875//465 2876//465 2873//465
f 2877//465 2873//465 2876//465
f 2873//465 2877//465 2874//465
f 2861//465 2878//465 2863//465
f 2879//465 2863//465 2878//465
f 2863//465 2879//465 2875//465
f 2875//465 2879//465 2876//465
f 2880//457 2881//457 2882//457
f 2882//457 2883//457 2880//457
f 2884//457 2880//457 2883//457
f 2880//457 2884//457 2885//457
f 2886//1329 2885//1329 2884//1329
f 2889//211 2888//211 2887//1142
f 2891//1143 2890//1144 2889//1145
f 2887//1146 2891//1147 2889//1148
f 2890//1149 2893//1150 2889//1151
f 2889//1152 2893//1330 2892//1154
f 2894//457 2895//457 2896//457
f 2897//457 2898//457 2899//457
f 2900//457 2899//457 2898//457
f 2899//457 2900//457 2901//457
f 2904//457 2902//457 2903//457
f 2902//457 2904//457 2895//457
f 2895//457 2904//457 2896//457
f 2897//457 2905//457 2898//457
f 2906//457 2907//457 2908//457
f 2909//457 2908//457 2907//457
f 2908//457 2909//457 2897//457
f 2897//457 2909//457 2905//457
f 2896//457 2910//457 2894//457
f 2911//457 2894//457 2910//457
f 2894//457 2911//457 2912//457
f 2915//457 2913//457 2914//457
f 2913//457 2915//457 2902//457
f 2903//457 2902//457 2915//457
f 2916//457 2917//457 2918//457
f 2919//457 2918//457 2917//457
f 2918//457 2919//457 2913//457
f 2914//457 2913//457 2919//457
f 2920//457 2901//457 2900//457
f 2901//457 2920//457 2916//457
f 2921//457 2916//457 2920//457
f 2917//457 2916//457 2921//457
f 2922//457 2923//457 2906//457
f 2907//457 2906//457 2923//457
f 2924//457 2925//457 2922//457
f 2926//457 2922//457 2925//457
f 2922//457 2926//457 2923//457
f 2927//457 2912//457 2911//457
f 2912//457 2927//457 2924//457
f 2928//457 2924//457 2927//457
f 2924//457 2928//457 2925//457
s 1
f 2934//1331 2935//1332 2933//1333
f 2931//1334 2933//1333 2935//1332
f 2929//1335 2939//1336 2940//1337
f 2938//1338 2939//1336 2929//1335
f 2929//1335 2930//1339 2938//1338
f 2943//1340 2938//1338 2930//1339
f 2938//1338 2943//1340 2944//1341
f 2945//1342 2944//1341 2943//1340
f 2944//1341 2945//1342 2946//1343
f 2946//1343 2945//1342 2947//1344
f 2936//1345 2947//1344 2945//1342
f 2937//1346 2947//1344 2936//1345
f 2947//1344 2937//1346 2934//1331
f 2935//1332 2934//1331 2937//1346
f 2931//1334 2932//1347 2933//1333
f 2933//1333 2932//1347 2948//1348
f 2949//1349 2948//1348 2932//1347
f 2950//1350 2948//1348 2949//1349
f 2948//1348 2950//1350 2951//1351
f 2941//1352 2951//1351 2950//1350
f 2951//1351 2941//1352 2952//1353
f 2942//1354 2952//1353 2941//1352
f 2952//1353 2942//1354 2939//1336
f 2940//1337 2939//1336 2942//1354
