# Blender 4.3.2
# www.blender.org
o finger_outter
v -0.026040 -0.017045 -0.050086
v -0.026127 -0.017214 -0.049500
v -0.026241 -0.017544 -0.048536
v -0.026133 -0.016178 -0.051500
v -0.026188 -0.016509 -0.050452
v -0.026360 -0.016500 -0.049500
v -0.026452 -0.016500 -0.048500
v -0.025500 -0.018281 -0.048395
v -0.025500 -0.017114 -0.050210
v -0.025500 -0.017527 -0.049500
v -0.025500 -0.017913 -0.048896
v -0.025500 -0.016120 -0.052304
v -0.025500 -0.016450 -0.051500
v -0.025500 -0.016831 -0.050710
v -0.024500 -0.018323 -0.048454
v -0.024500 -0.017161 -0.050294
v -0.024500 -0.017630 -0.049500
v -0.024500 -0.017968 -0.048954
v -0.024500 -0.016157 -0.052384
v -0.024500 -0.016547 -0.051500
v -0.024500 -0.016891 -0.050794
v -0.026115 -0.018160 -0.048227
v -0.026055 -0.016055 -0.052151
v -0.026018 -0.021014 -0.044043
v -0.026075 -0.021064 -0.043500
v -0.026138 -0.021125 -0.042500
v -0.026154 -0.021145 -0.041500
v -0.026156 -0.021147 -0.040500
v -0.026143 -0.020182 -0.045500
v -0.026191 -0.020521 -0.044425
v -0.026310 -0.020500 -0.043500
v -0.026374 -0.020500 -0.042500
v -0.026391 -0.020500 -0.041500
v -0.026393 -0.020500 -0.040500
v -0.026094 -0.019108 -0.047135
v -0.026177 -0.019465 -0.046435
v -0.026379 -0.019500 -0.045500
v -0.026461 -0.019500 -0.044500
v -0.026220 -0.018496 -0.047481
v -0.026423 -0.018500 -0.046500
v -0.026472 -0.018500 -0.045500
v -0.026471 -0.018500 -0.044500
v -0.026440 -0.017500 -0.047500
v -0.026471 -0.017500 -0.046500
v -0.026470 -0.016500 -0.047500
v -0.026469 -0.016500 -0.046500
v -0.025500 -0.021034 -0.044103
v -0.025500 -0.021165 -0.043500
v -0.025500 -0.021303 -0.042500
v -0.025500 -0.021349 -0.041500
v -0.025500 -0.021354 -0.040500
v -0.025500 -0.020077 -0.046107
v -0.025500 -0.020415 -0.045500
v -0.025500 -0.020838 -0.044603
v -0.025500 -0.019188 -0.047236
v -0.025500 -0.019687 -0.046607
v -0.025500 -0.018781 -0.047736
v -0.024500 -0.021046 -0.044142
v -0.024500 -0.021197 -0.043500
v -0.024500 -0.021351 -0.042500
v -0.024500 -0.021403 -0.041500
v -0.024500 -0.021409 -0.040500
v -0.024500 -0.020093 -0.046129
v -0.024500 -0.020468 -0.045500
v -0.024500 -0.020875 -0.044642
v -0.024500 -0.019214 -0.047269
v -0.024500 -0.019714 -0.046629
v -0.024500 -0.018823 -0.047769
v -0.026046 -0.020041 -0.046058
v -0.026470 -0.017000 -0.045000
v -0.026469 -0.018000 -0.042000
v -0.026159 -0.021150 -0.039500
v -0.026160 -0.021152 -0.038500
v -0.026161 -0.021153 -0.037500
v -0.026162 -0.021155 -0.036500
v -0.026163 -0.021157 -0.035500
v -0.026164 -0.021159 -0.034500
v -0.026166 -0.021161 -0.033500
v -0.026167 -0.021163 -0.032500
v -0.026395 -0.020500 -0.039500
v -0.026397 -0.020500 -0.038500
v -0.026398 -0.020500 -0.037500
v -0.026399 -0.020500 -0.036500
v -0.026400 -0.020500 -0.035500
v -0.026401 -0.020500 -0.034500
v -0.026402 -0.020500 -0.033500
v -0.026404 -0.020500 -0.032500
v -0.025500 -0.021359 -0.039500
v -0.025500 -0.021363 -0.038500
v -0.025500 -0.021367 -0.037500
v -0.025500 -0.021371 -0.036500
v -0.025500 -0.021376 -0.035500
v -0.025500 -0.021380 -0.034500
v -0.025500 -0.021384 -0.033500
v -0.025500 -0.021389 -0.032500
v -0.024500 -0.021414 -0.039500
v -0.024500 -0.021419 -0.038500
v -0.024500 -0.021424 -0.037500
v -0.024500 -0.021428 -0.036500
v -0.024500 -0.021433 -0.035500
v -0.024500 -0.021438 -0.034500
v -0.024500 -0.021443 -0.033500
v -0.024500 -0.021448 -0.032500
v -0.026467 -0.018000 -0.038000
v -0.026470 -0.018000 -0.034000
v -0.026168 -0.021165 -0.031500
v -0.026169 -0.021167 -0.030500
v -0.026171 -0.021169 -0.029500
v -0.026172 -0.021171 -0.028500
v -0.026173 -0.021173 -0.027500
v -0.026175 -0.021176 -0.026500
v -0.026176 -0.021178 -0.025500
v -0.026177 -0.021180 -0.024500
v -0.026405 -0.020500 -0.031500
v -0.026407 -0.020500 -0.030500
v -0.026408 -0.020500 -0.029500
v -0.026409 -0.020500 -0.028500
v -0.026410 -0.020500 -0.027500
v -0.026412 -0.020500 -0.026500
v -0.026413 -0.020500 -0.025500
v -0.026415 -0.020500 -0.024500
v -0.025500 -0.021393 -0.031500
v -0.025500 -0.021398 -0.030500
v -0.025500 -0.021402 -0.029500
v -0.025500 -0.021407 -0.028500
v -0.025500 -0.021411 -0.027500
v -0.025500 -0.021416 -0.026500
v -0.025500 -0.021420 -0.025500
v -0.025500 -0.021425 -0.024500
v -0.024500 -0.021453 -0.031500
v -0.024500 -0.021458 -0.030500
v -0.024500 -0.021463 -0.029500
v -0.024500 -0.021468 -0.028500
v -0.024500 -0.021473 -0.027500
v -0.024500 -0.021478 -0.026500
v -0.024500 -0.021483 -0.025500
v -0.024500 -0.021488 -0.024500
v -0.026470 -0.018000 -0.030000
v -0.026466 -0.018000 -0.026000
v -0.026179 -0.021182 -0.023500
v -0.026136 -0.021133 -0.022500
v -0.026061 -0.021055 -0.021920
v -0.026417 -0.020500 -0.023500
v -0.026369 -0.020500 -0.022500
v -0.026168 -0.020458 -0.021552
v -0.026067 -0.020097 -0.020880
v -0.026350 -0.019500 -0.021500
v -0.026143 -0.019468 -0.020528
v -0.026058 -0.019114 -0.019810
v -0.026375 -0.018500 -0.021500
v -0.026310 -0.018500 -0.020500
v -0.026152 -0.018529 -0.019486
v -0.026086 -0.018203 -0.018500
v -0.026368 -0.017500 -0.019500
v -0.026293 -0.017500 -0.018500
v -0.026179 -0.017555 -0.017503
v -0.026180 -0.017300 -0.016500
v -0.026457 -0.016500 -0.019500
v -0.026441 -0.016500 -0.018500
v -0.026431 -0.016500 -0.017500
v -0.026416 -0.016500 -0.016500
v -0.025500 -0.021429 -0.023500
v -0.025500 -0.021316 -0.022500
v -0.025500 -0.021100 -0.021850
v -0.025500 -0.020707 -0.021350
v -0.025500 -0.020207 -0.020728
v -0.025500 -0.019787 -0.020228
v -0.025511 -0.019266 -0.019486
v -0.025185 -0.019061 -0.018893
v -0.025852 -0.018881 -0.019143
v -0.025511 -0.018686 -0.018536
v -0.025509 -0.018186 -0.017503
v -0.025181 -0.018048 -0.016887
v -0.025848 -0.017925 -0.017172
v -0.025509 -0.017786 -0.016532
v -0.024500 -0.021492 -0.023500
v -0.024500 -0.021366 -0.022500
v -0.024500 -0.021119 -0.021815
v -0.024500 -0.020775 -0.021315
v -0.024500 -0.020275 -0.020617
v -0.024500 -0.019918 -0.020117
v -0.024500 -0.019526 -0.019500
v -0.024500 -0.019108 -0.018809
v -0.024500 -0.018830 -0.018309
v -0.024500 -0.018421 -0.017500
v -0.024500 -0.018091 -0.016780
v -0.024500 -0.017886 -0.016280
v -0.026448 -0.019000 -0.023000
v -0.026037 -0.018056 -0.017838
v -0.026455 -0.017000 -0.023000
v -0.026436 -0.017000 -0.021000
v -0.026127 -0.017148 -0.015500
v -0.026059 -0.017055 -0.014779
v -0.026364 -0.016500 -0.015500
v -0.026221 -0.016572 -0.014467
v -0.025500 -0.017426 -0.015500
v -0.025510 -0.017129 -0.014467
v -0.025183 -0.017031 -0.013871
v -0.025850 -0.016954 -0.014112
v -0.025510 -0.016862 -0.013523
v -0.025500 -0.016643 -0.012500
v -0.025500 -0.016504 -0.011500
v -0.025500 -0.016412 -0.010500
v -0.025500 -0.016358 -0.009500
v -0.025500 -0.016328 -0.008500
v -0.024500 -0.017601 -0.015500
v -0.024500 -0.017286 -0.014500
v -0.024500 -0.017071 -0.013690
v -0.024500 -0.016956 -0.013190
v -0.024500 -0.016825 -0.012500
v -0.024500 -0.016677 -0.011500
v -0.024500 -0.016580 -0.010500
v -0.024500 -0.016530 -0.009500
v -0.024500 -0.016523 -0.008500
v -0.026218 -0.016312 -0.013000
v -0.026176 -0.016176 -0.011000
v -0.026133 -0.016116 -0.009000
v -0.025500 -0.016299 -0.007500
v -0.025500 -0.016259 -0.006500
v -0.024500 -0.016545 -0.007500
v -0.024500 -0.016568 -0.006500
v -0.026070 -0.016058 -0.007000
v -0.026010 -0.016008 -0.005237
v -0.025015 -0.016369 -0.005021
v -0.024890 -0.016280 -0.003000
v -0.024609 -0.016127 -0.001299
v -0.026049 -0.013500 -0.057147
v -0.026211 -0.013500 -0.056500
v -0.026052 -0.012500 -0.057164
v -0.026214 -0.012500 -0.056500
v -0.025071 -0.015010 -0.056043
v -0.025013 -0.014012 -0.059016
v -0.025171 -0.014139 -0.058500
v -0.025529 -0.014299 -0.057451
v -0.025443 -0.014746 -0.056426
v -0.025091 -0.013500 -0.059147
v -0.025447 -0.013500 -0.058500
v -0.025856 -0.013500 -0.057647
v -0.025163 -0.012500 -0.059273
v -0.025553 -0.012500 -0.058500
v -0.025890 -0.012500 -0.057664
v -0.024500 -0.015011 -0.056051
v -0.024500 -0.014097 -0.059218
v -0.024500 -0.014374 -0.058500
v -0.024500 -0.014677 -0.057500
v -0.024500 -0.014899 -0.056551
v -0.024225 -0.013293 -0.060255
v -0.024535 -0.013575 -0.059682
v -0.024348 -0.012500 -0.060427
v -0.024848 -0.012500 -0.059774
v -0.026067 -0.014146 -0.056793
v -0.026129 -0.011000 -0.056828
v -0.026125 -0.009000 -0.056821
v -0.025188 -0.011000 -0.059183
v -0.025888 -0.011000 -0.057655
v -0.025180 -0.009000 -0.059175
v -0.025883 -0.009000 -0.057642
v -0.024355 -0.010000 -0.060469
v -0.026063 -0.015056 -0.055198
v -0.026140 -0.015145 -0.054500
v -0.026205 -0.015285 -0.053500
v -0.026216 -0.015545 -0.052490
v -0.026369 -0.015500 -0.051500
v -0.026442 -0.015500 -0.050500
v -0.026188 -0.014551 -0.055519
v -0.026366 -0.014500 -0.054500
v -0.026442 -0.014500 -0.053500
v -0.026465 -0.014500 -0.052500
v -0.026471 -0.014500 -0.051500
v -0.026471 -0.014500 -0.050500
v -0.025443 -0.015094 -0.055519
v -0.025500 -0.015355 -0.054500
v -0.025500 -0.015651 -0.053500
v -0.025500 -0.015907 -0.052804
v -0.025738 -0.014919 -0.055865
v -0.024500 -0.015147 -0.055500
v -0.024500 -0.015418 -0.054500
v -0.024500 -0.015735 -0.053500
v -0.024500 -0.015954 -0.052884
v -0.026469 -0.015000 -0.049000
v -0.026413 -0.013000 -0.055000
v -0.026470 -0.013000 -0.053000
v -0.026470 -0.013000 -0.051000
v -0.026470 -0.013000 -0.049000
v -0.026411 -0.011000 -0.055000
v -0.026470 -0.011000 -0.053000
v -0.026410 -0.009000 -0.055000
v -0.026470 -0.009000 -0.053000
v -0.026470 -0.010000 -0.050000
v -0.026469 -0.012000 -0.044000
v -0.026470 -0.012000 -0.036000
v -0.026470 -0.012000 -0.028000
v -0.026470 -0.012000 -0.020000
v -0.026461 -0.015500 -0.013500
v -0.026447 -0.015500 -0.012500
v -0.026425 -0.015500 -0.011500
v -0.026401 -0.015500 -0.010500
v -0.026380 -0.015500 -0.009500
v -0.026358 -0.015500 -0.008500
v -0.026470 -0.014500 -0.013500
v -0.026471 -0.014500 -0.012500
v -0.026471 -0.014500 -0.011500
v -0.026471 -0.014500 -0.010500
v -0.026471 -0.014500 -0.009500
v -0.026471 -0.014500 -0.008500
v -0.026469 -0.015000 -0.015000
v -0.026470 -0.013000 -0.015000
v -0.026470 -0.013000 -0.013000
v -0.026470 -0.013000 -0.011000
v -0.026470 -0.013000 -0.009000
v -0.026470 -0.010000 -0.014000
v -0.026470 -0.010000 -0.010000
v -0.026326 -0.015500 -0.007500
v -0.026285 -0.015500 -0.006500
v -0.026251 -0.015500 -0.005500
v -0.026187 -0.015572 -0.004584
v -0.026229 -0.015401 -0.003500
v -0.026196 -0.015302 -0.002500
v -0.026103 -0.015143 -0.001500
v -0.026029 -0.015036 -0.000876
v -0.026470 -0.014500 -0.007500
v -0.026469 -0.014500 -0.006500
v -0.026468 -0.014500 -0.005500
v -0.026466 -0.014500 -0.004500
v -0.026461 -0.014500 -0.003500
v -0.026387 -0.014500 -0.002500
v -0.026211 -0.014500 -0.001500
v -0.026051 -0.014451 -0.000526
v -0.026443 -0.009500 -0.001500
v -0.026372 -0.009500 -0.000500
v -0.026469 -0.008500 -0.001500
v -0.026453 -0.008500 -0.000500
v -0.025443 -0.015676 -0.001524
v -0.025555 -0.015291 -0.000526
v -0.025926 -0.014752 -0.000209
v -0.024890 -0.015936 -0.001207
v -0.024720 -0.015837 -0.000500
v -0.026470 -0.013000 -0.007000
v -0.026470 -0.013000 -0.005000
v -0.026429 -0.013000 -0.003000
v -0.026168 -0.013000 -0.001000
v -0.026455 -0.011000 -0.003000
v -0.026273 -0.011000 -0.001000
v -0.026470 -0.009000 -0.003000
v -0.025936 -0.015954 -0.004307
v -0.025779 -0.015851 -0.003000
v -0.026470 -0.010000 -0.006000
v -0.026120 -0.007000 -0.056817
v -0.026120 -0.005000 -0.056817
v -0.026120 -0.003000 -0.056816
v -0.026119 -0.001000 -0.056814
v -0.025179 -0.007000 -0.059174
v -0.025882 -0.007000 -0.057635
v -0.025178 -0.005000 -0.059173
v -0.025882 -0.005000 -0.057634
v -0.025176 -0.003000 -0.059172
v -0.025880 -0.003000 -0.057633
v -0.025170 -0.001000 -0.059167
v -0.025874 -0.001000 -0.057627
v -0.024348 -0.006000 -0.060454
v -0.024344 -0.002000 -0.060446
v -0.026408 -0.007000 -0.055000
v -0.026470 -0.007000 -0.053000
v -0.026408 -0.005000 -0.055000
v -0.026470 -0.005000 -0.053000
v -0.026408 -0.003000 -0.055000
v -0.026470 -0.003000 -0.053000
v -0.026406 -0.001000 -0.055000
v -0.026467 -0.001000 -0.053000
v -0.026470 -0.006000 -0.050000
v -0.026470 -0.002000 -0.050000
v -0.026470 -0.004000 -0.044000
v -0.026469 -0.004000 -0.036000
v -0.026470 -0.004000 -0.028000
v -0.026470 -0.004000 -0.020000
v -0.026444 -0.003500 -0.009500
v -0.026469 -0.003500 -0.008500
v -0.026375 -0.002500 -0.009500
v -0.026454 -0.002500 -0.008500
v -0.026439 -0.003000 -0.015000
v -0.026291 -0.003000 -0.013000
v -0.026288 -0.003000 -0.011000
v -0.026379 -0.001000 -0.015000
v -0.026168 -0.001000 -0.013000
v -0.026164 -0.001000 -0.011000
v -0.026373 -0.001000 -0.009000
v -0.026466 -0.006000 -0.014000
v -0.026466 -0.006000 -0.010000
v -0.026409 -0.007000 -0.003000
v -0.026456 -0.007000 -0.001000
v -0.026220 -0.005000 -0.003000
v -0.026350 -0.005000 -0.001000
v -0.026450 -0.003000 -0.007000
v -0.026280 -0.003000 -0.005000
v -0.026195 -0.003000 -0.003000
v -0.026323 -0.003000 -0.001000
v -0.026468 -0.001000 -0.007000
v -0.026422 -0.001000 -0.005000
v -0.026371 -0.001000 -0.003000
v -0.026438 -0.001000 -0.001000
v -0.026416 -0.006000 -0.006000
v -0.023000 -0.018323 -0.048458
v -0.023000 -0.016872 -0.050868
v -0.023000 -0.017804 -0.049229
v -0.021000 -0.018321 -0.048456
v -0.021000 -0.016871 -0.050867
v -0.021000 -0.017802 -0.049228
v -0.019000 -0.018322 -0.048456
v -0.019000 -0.016872 -0.050867
v -0.019000 -0.017803 -0.049228
v -0.017000 -0.018321 -0.048455
v -0.017000 -0.016870 -0.050865
v -0.017000 -0.017801 -0.049227
v -0.022000 -0.016161 -0.052396
v -0.018000 -0.016160 -0.052393
v -0.023500 -0.021046 -0.044143
v -0.023500 -0.020468 -0.045500
v -0.023500 -0.020876 -0.044643
v -0.022500 -0.021047 -0.044144
v -0.022500 -0.020466 -0.045500
v -0.022500 -0.020875 -0.044644
v -0.021500 -0.021047 -0.044144
v -0.021500 -0.020466 -0.045500
v -0.021500 -0.020875 -0.044644
v -0.020500 -0.021047 -0.044144
v -0.020500 -0.020466 -0.045500
v -0.020500 -0.020875 -0.044644
v -0.019500 -0.021047 -0.044144
v -0.019500 -0.020466 -0.045500
v -0.019500 -0.020875 -0.044644
v -0.018500 -0.021047 -0.044144
v -0.018500 -0.020466 -0.045500
v -0.018500 -0.020875 -0.044643
v -0.017500 -0.021047 -0.044143
v -0.017500 -0.020466 -0.045500
v -0.017500 -0.020875 -0.044643
v -0.016500 -0.021047 -0.044143
v -0.016500 -0.020466 -0.045500
v -0.016500 -0.020875 -0.044643
v -0.023000 -0.020092 -0.046127
v -0.023000 -0.021272 -0.043000
v -0.023000 -0.021403 -0.041000
v -0.021000 -0.020091 -0.046126
v -0.021000 -0.021273 -0.043000
v -0.021000 -0.021403 -0.041000
v -0.019000 -0.020091 -0.046126
v -0.019000 -0.021274 -0.043000
v -0.019000 -0.021403 -0.041000
v -0.017000 -0.020091 -0.046126
v -0.017000 -0.021274 -0.043000
v -0.017000 -0.021404 -0.041000
v -0.022000 -0.019249 -0.047221
v -0.018000 -0.019248 -0.047220
v -0.020000 -0.021429 -0.036000
v -0.020000 -0.021469 -0.028000
v -0.023500 -0.021121 -0.021805
v -0.023500 -0.020790 -0.021305
v -0.023500 -0.020290 -0.020574
v -0.022500 -0.021122 -0.021800
v -0.022500 -0.020800 -0.021300
v -0.022500 -0.020300 -0.020543
v -0.021500 -0.021122 -0.021799
v -0.021500 -0.020802 -0.021299
v -0.021500 -0.020302 -0.020531
v -0.020500 -0.021122 -0.021798
v -0.020500 -0.020804 -0.021298
v -0.020500 -0.020304 -0.020525
v -0.019500 -0.021123 -0.021797
v -0.019500 -0.020805 -0.021297
v -0.019500 -0.020305 -0.020523
v -0.018500 -0.021123 -0.021796
v -0.018500 -0.020806 -0.021296
v -0.018500 -0.020305 -0.020521
v -0.017500 -0.021124 -0.021794
v -0.017500 -0.020808 -0.021294
v -0.017500 -0.020307 -0.020518
v -0.016500 -0.021124 -0.021794
v -0.016500 -0.020808 -0.021294
v -0.016500 -0.020308 -0.020516
v -0.023000 -0.021429 -0.023000
v -0.023000 -0.019234 -0.018788
v -0.023006 -0.018371 -0.017021
v -0.023188 -0.017960 -0.016101
v -0.021000 -0.021428 -0.023000
v -0.021000 -0.019290 -0.018712
v -0.021000 -0.018538 -0.017000
v -0.019000 -0.021429 -0.023000
v -0.019000 -0.019298 -0.018700
v -0.019000 -0.018566 -0.017000
v -0.017000 -0.021430 -0.023000
v -0.017000 -0.019302 -0.018695
v -0.017000 -0.018572 -0.017000
v -0.022000 -0.019972 -0.020043
v -0.018000 -0.019988 -0.020019
v -0.022209 -0.018033 -0.015898
v -0.023006 -0.017630 -0.015010
v -0.023172 -0.017068 -0.012833
v -0.022729 -0.016908 -0.011052
v -0.022800 -0.016838 -0.008864
v -0.021000 -0.018085 -0.015709
v -0.021000 -0.017846 -0.014854
v -0.021000 -0.017461 -0.013000
v -0.021211 -0.017190 -0.010829
v -0.021335 -0.017158 -0.009081
v -0.019000 -0.018105 -0.015625
v -0.019000 -0.017894 -0.014813
v -0.019000 -0.017567 -0.013000
v -0.019000 -0.017412 -0.011000
v -0.019000 -0.017472 -0.009000
v -0.017000 -0.018108 -0.015614
v -0.017000 -0.017899 -0.014807
v -0.017000 -0.017574 -0.013000
v -0.017000 -0.017421 -0.011000
v -0.017000 -0.017481 -0.009000
v -0.023101 -0.017038 -0.005500
v -0.023179 -0.017076 -0.004500
v -0.023053 -0.017026 -0.001697
v -0.023601 -0.016872 -0.005500
v -0.023679 -0.016865 -0.004500
v -0.023432 -0.016793 -0.001418
v -0.023500 -0.016569 -0.000500
v -0.022500 -0.017230 -0.005500
v -0.022500 -0.017359 -0.004500
v -0.022597 -0.017261 -0.001418
v -0.022412 -0.017269 -0.000500
v -0.022996 -0.016997 -0.001030
v -0.022912 -0.016941 -0.000500
v -0.021148 -0.018080 -0.003500
v -0.021179 -0.018110 -0.002500
v -0.020500 -0.018357 -0.003500
v -0.020500 -0.018463 -0.002500
v -0.019500 -0.018576 -0.003500
v -0.019500 -0.018736 -0.002500
v -0.019500 -0.018809 -0.001500
v -0.019500 -0.018890 -0.000500
v -0.018500 -0.018600 -0.003500
v -0.018500 -0.018766 -0.002500
v -0.018500 -0.018842 -0.001500
v -0.018500 -0.018930 -0.000500
v -0.022881 -0.016948 -0.006864
v -0.023079 -0.017083 -0.003000
v -0.020564 -0.018067 -0.004586
v -0.020845 -0.018331 -0.001000
v -0.021000 -0.017447 -0.007000
v -0.021057 -0.017788 -0.005065
v -0.021663 -0.017813 -0.003000
v -0.021689 -0.017788 -0.001000
v -0.019000 -0.018187 -0.004904
v -0.019000 -0.017728 -0.007000
v -0.019000 -0.017956 -0.005809
v -0.017000 -0.018194 -0.004914
v -0.017000 -0.018681 -0.003000
v -0.017000 -0.018887 -0.001000
v -0.017000 -0.017737 -0.007000
v -0.017000 -0.017960 -0.005829
v -0.019078 -0.011105 -0.064028
v -0.019136 -0.010500 -0.064053
v -0.018438 -0.011463 -0.064113
v -0.018500 -0.010500 -0.064303
v -0.017500 -0.011500 -0.064392
v -0.017029 -0.010058 -0.065014
v -0.017418 -0.010435 -0.064759
v -0.016148 -0.011096 -0.065058
v -0.016489 -0.011458 -0.064728
v -0.016489 -0.010435 -0.065156
v -0.016815 -0.010725 -0.064931
v -0.018829 -0.009000 -0.064211
v -0.017055 -0.009000 -0.065069
v -0.017354 -0.012142 -0.064104
v -0.023208 -0.014041 -0.060092
v -0.023525 -0.014170 -0.059565
v -0.023500 -0.014477 -0.058500
v -0.023238 -0.013187 -0.061182
v -0.023556 -0.013573 -0.060507
v -0.023417 -0.012500 -0.061369
v -0.023916 -0.012500 -0.060927
v -0.023476 -0.011500 -0.061467
v -0.023976 -0.011500 -0.060972
v -0.023477 -0.010500 -0.061469
v -0.023977 -0.010500 -0.060973
v -0.023474 -0.009500 -0.061468
v -0.023974 -0.009500 -0.060969
v -0.023469 -0.008500 -0.061467
v -0.023969 -0.008500 -0.060964
v -0.022500 -0.014070 -0.060201
v -0.022500 -0.014257 -0.059500
v -0.022500 -0.014481 -0.058500
v -0.022074 -0.013045 -0.062041
v -0.022445 -0.013308 -0.061509
v -0.022500 -0.013852 -0.060701
v -0.022283 -0.012500 -0.062185
v -0.022783 -0.012500 -0.061869
v -0.022959 -0.011500 -0.061967
v -0.022963 -0.010500 -0.061969
v -0.022962 -0.009500 -0.061968
v -0.022961 -0.008500 -0.061967
v -0.021500 -0.013147 -0.062162
v -0.021500 -0.013588 -0.061500
v -0.021500 -0.013941 -0.060798
v -0.021093 -0.012089 -0.063047
v -0.021456 -0.012453 -0.062653
v -0.021200 -0.011500 -0.063108
v -0.021700 -0.011500 -0.062830
v -0.021255 -0.010500 -0.063143
v -0.021755 -0.010500 -0.062849
v -0.020500 -0.013260 -0.062339
v -0.020500 -0.013721 -0.061500
v -0.020500 -0.013961 -0.060840
v -0.020500 -0.012270 -0.063166
v -0.020500 -0.012770 -0.062839
v -0.020500 -0.011500 -0.063420
v -0.020500 -0.010500 -0.063503
v -0.019121 -0.013025 -0.063028
v -0.019472 -0.013262 -0.062566
v -0.019500 -0.013775 -0.061500
v -0.019500 -0.013967 -0.060853
v -0.019472 -0.012563 -0.063282
v -0.019787 -0.012938 -0.062943
v -0.019447 -0.011463 -0.063810
v -0.019636 -0.010500 -0.063860
v -0.018500 -0.013077 -0.063092
v -0.018500 -0.013410 -0.062500
v -0.018500 -0.013802 -0.061500
v -0.018500 -0.013969 -0.060856
v -0.018438 -0.012415 -0.063635
v -0.018730 -0.011772 -0.063935
v -0.017500 -0.013143 -0.063189
v -0.017500 -0.013491 -0.062500
v -0.017500 -0.012623 -0.063689
v -0.016500 -0.013188 -0.063282
v -0.016500 -0.013544 -0.062500
v -0.016500 -0.012778 -0.063782
v -0.023000 -0.014869 -0.056703
v -0.023874 -0.013959 -0.059941
v -0.022461 -0.011000 -0.062340
v -0.022461 -0.009000 -0.062346
v -0.021000 -0.014079 -0.060319
v -0.021000 -0.014374 -0.059000
v -0.021000 -0.014868 -0.056699
v -0.021165 -0.009000 -0.063161
v -0.019000 -0.014078 -0.060354
v -0.019658 -0.009000 -0.063859
v -0.017000 -0.014075 -0.060349
v -0.017000 -0.013894 -0.061175
v -0.018000 -0.014669 -0.057618
v -0.020000 -0.015568 -0.054099
v -0.018827 -0.007000 -0.064215
v -0.018832 -0.005000 -0.064225
v -0.018904 -0.003000 -0.064345
v -0.018780 -0.000961 -0.064757
v -0.017078 -0.007000 -0.065098
v -0.017093 -0.005000 -0.065116
v -0.016072 -0.002240 -0.066047
v -0.017192 -0.003007 -0.065243
v -0.016588 -0.000671 -0.066133
v -0.017308 -0.001228 -0.065535
v -0.020053 -0.000809 -0.064038
v -0.023464 -0.007500 -0.061465
v -0.023964 -0.007500 -0.060958
v -0.023461 -0.006500 -0.061460
v -0.023961 -0.006500 -0.060954
v -0.023453 -0.001500 -0.061443
v -0.023953 -0.001500 -0.060946
v -0.023447 -0.000500 -0.061439
v -0.023946 -0.000500 -0.060939
v -0.022959 -0.007500 -0.061965
v -0.022953 -0.006500 -0.061960
v -0.022932 -0.001500 -0.061943
v -0.022929 -0.000500 -0.061938
v -0.021240 -0.005500 -0.063132
v -0.021740 -0.005500 -0.062843
v -0.021241 -0.004500 -0.063134
v -0.021740 -0.004500 -0.062840
v -0.020500 -0.005500 -0.063484
v -0.020500 -0.004500 -0.063496
v -0.022456 -0.007000 -0.062345
v -0.022444 -0.005000 -0.062342
v -0.023454 -0.005000 -0.061452
v -0.022436 -0.003000 -0.062332
v -0.023449 -0.003000 -0.061447
v -0.022430 -0.001000 -0.062331
v -0.021161 -0.007000 -0.063155
v -0.021161 -0.003000 -0.063179
v -0.021175 -0.000995 -0.063242
v -0.019659 -0.006000 -0.063856
v -0.019854 -0.002595 -0.063931
v -0.015000 -0.018321 -0.048455
v -0.015000 -0.016870 -0.050866
v -0.015000 -0.017801 -0.049227
v -0.013000 -0.018321 -0.048454
v -0.013000 -0.016869 -0.050865
v -0.013000 -0.017800 -0.049227
v -0.011000 -0.018321 -0.048454
v -0.011000 -0.016869 -0.050865
v -0.011000 -0.017800 -0.049227
v -0.009000 -0.018321 -0.048454
v -0.009000 -0.016869 -0.050865
v -0.009000 -0.017800 -0.049227
v -0.014000 -0.016159 -0.052391
v -0.010000 -0.016159 -0.052390
v -0.015500 -0.021047 -0.044143
v -0.015500 -0.020465 -0.045500
v -0.015500 -0.020875 -0.044643
v -0.014500 -0.021047 -0.044143
v -0.014500 -0.020465 -0.045500
v -0.014500 -0.020875 -0.044643
v -0.013500 -0.021047 -0.044142
v -0.013500 -0.020465 -0.045500
v -0.013500 -0.020875 -0.044643
v -0.012500 -0.021047 -0.044142
v -0.012500 -0.020465 -0.045500
v -0.012500 -0.020875 -0.044642
v -0.011500 -0.021047 -0.044143
v -0.011500 -0.020465 -0.045500
v -0.011500 -0.020875 -0.044643
v -0.010500 -0.021047 -0.044143
v -0.010500 -0.020465 -0.045500
v -0.010500 -0.020875 -0.044643
v -0.009500 -0.021047 -0.044143
v -0.009500 -0.020466 -0.045500
v -0.009500 -0.020875 -0.044643
v -0.008500 -0.021047 -0.044143
v -0.008500 -0.020466 -0.045500
v -0.008500 -0.020875 -0.044643
v -0.015000 -0.020091 -0.046126
v -0.015000 -0.021274 -0.043000
v -0.015000 -0.021404 -0.041000
v -0.013000 -0.020091 -0.046126
v -0.013000 -0.021274 -0.043000
v -0.013000 -0.021404 -0.041000
v -0.011000 -0.020091 -0.046126
v -0.011000 -0.021274 -0.043000
v -0.011000 -0.021404 -0.041000
v -0.009000 -0.020091 -0.046126
v -0.009000 -0.021274 -0.043000
v -0.009000 -0.021404 -0.041000
v -0.014000 -0.019247 -0.047220
v -0.010000 -0.019247 -0.047219
v -0.012000 -0.021429 -0.036000
v -0.012000 -0.021469 -0.028000
v -0.015500 -0.021123 -0.021795
v -0.015500 -0.020808 -0.021295
v -0.015500 -0.020308 -0.020516
v -0.014500 -0.021124 -0.021795
v -0.014500 -0.020807 -0.021295
v -0.014500 -0.020307 -0.020519
v -0.013500 -0.021124 -0.021796
v -0.013500 -0.020805 -0.021296
v -0.013500 -0.020305 -0.020526
v -0.012500 -0.021123 -0.021798
v -0.012500 -0.020801 -0.021298
v -0.012500 -0.020301 -0.020542
v -0.011500 -0.021122 -0.021804
v -0.011500 -0.020791 -0.021304
v -0.011500 -0.020291 -0.020577
v -0.010500 -0.021120 -0.021814
v -0.010500 -0.020774 -0.021314
v -0.010500 -0.020274 -0.020617
v -0.009500 -0.021117 -0.021822
v -0.009500 -0.020761 -0.021322
v -0.009500 -0.020262 -0.020649
v -0.009271 -0.017724 -0.017153
v -0.009610 -0.017395 -0.016630
v -0.009334 -0.016500 -0.016361
v -0.008500 -0.021117 -0.021827
v -0.008500 -0.020746 -0.021327
v -0.008500 -0.020247 -0.020688
v -0.008531 -0.017441 -0.017551
v -0.008971 -0.017058 -0.016971
v -0.008360 -0.016500 -0.017332
v -0.008860 -0.016500 -0.016861
v -0.015000 -0.021429 -0.023000
v -0.015000 -0.019301 -0.018697
v -0.015000 -0.018568 -0.017000
v -0.013000 -0.021429 -0.023000
v -0.013000 -0.019273 -0.018737
v -0.012991 -0.018468 -0.016981
v -0.012109 -0.017983 -0.016043
v -0.011000 -0.021428 -0.023000
v -0.011000 -0.019180 -0.018847
v -0.011000 -0.018285 -0.017121
v -0.011000 -0.017842 -0.016241
v -0.009000 -0.021427 -0.023000
v -0.008922 -0.019017 -0.018960
v -0.009419 -0.018126 -0.017423
v -0.008090 -0.017825 -0.018058
v -0.014000 -0.019984 -0.020026
v -0.010000 -0.019904 -0.020133
v -0.013500 -0.017493 -0.013500
v -0.013500 -0.017313 -0.012500
v -0.013447 -0.017149 -0.011490
v -0.013710 -0.017126 -0.010500
v -0.013839 -0.017109 -0.009500
v -0.013907 -0.017087 -0.008500
v -0.013079 -0.016939 -0.011149
v -0.013210 -0.016735 -0.010500
v -0.013324 -0.016425 -0.009567
v -0.013600 -0.016500 -0.008500
v -0.012437 -0.017221 -0.013440
v -0.012752 -0.017103 -0.012500
v -0.012940 -0.017037 -0.011816
v -0.012062 -0.016945 -0.013067
v -0.012227 -0.016567 -0.012450
v -0.012705 -0.016564 -0.011490
v -0.012880 -0.016236 -0.010500
v -0.012982 -0.016041 -0.009945
v -0.011500 -0.017658 -0.015500
v -0.011509 -0.017235 -0.014519
v -0.011848 -0.017096 -0.013734
v -0.011137 -0.016500 -0.014150
v -0.011630 -0.016567 -0.013440
v -0.011867 -0.016278 -0.012749
v -0.010540 -0.017254 -0.015564
v -0.010899 -0.017093 -0.014864
v -0.010248 -0.016500 -0.015301
v -0.010748 -0.016500 -0.014650
v -0.009950 -0.017066 -0.015941
v -0.009834 -0.016500 -0.015801
v -0.015000 -0.018105 -0.015626
v -0.015000 -0.017892 -0.014813
v -0.015000 -0.017556 -0.013000
v -0.015000 -0.017383 -0.011000
v -0.015000 -0.017405 -0.009000
v -0.013138 -0.018054 -0.015825
v -0.012991 -0.017764 -0.014948
v -0.015500 -0.018066 -0.005291
v -0.015500 -0.018274 -0.004500
v -0.015500 -0.018532 -0.003500
v -0.015500 -0.018666 -0.002500
v -0.015500 -0.018736 -0.001500
v -0.015500 -0.018835 -0.000500
v -0.015500 -0.017639 -0.007500
v -0.015500 -0.017806 -0.006500
v -0.015500 -0.017950 -0.005791
v -0.014945 -0.018038 -0.005177
v -0.014863 -0.018121 -0.004500
v -0.014790 -0.018233 -0.003500
v -0.014781 -0.018284 -0.002500
v -0.014776 -0.018315 -0.001500
v -0.014755 -0.018370 -0.000500
v -0.014406 -0.017280 -0.007433
v -0.014545 -0.017396 -0.006500
v -0.014640 -0.017577 -0.005506
v -0.014479 -0.017500 -0.004500
v -0.014409 -0.017500 -0.003500
v -0.014404 -0.017500 -0.002500
v -0.014395 -0.017500 -0.001500
v -0.014357 -0.017500 -0.000500
v -0.014011 -0.016976 -0.007056
v -0.014045 -0.016869 -0.006500
v -0.014092 -0.016707 -0.005500
v -0.014116 -0.016611 -0.004500
v -0.014119 -0.016601 -0.003500
v -0.014124 -0.016600 -0.002500
v -0.014120 -0.016621 -0.001500
v -0.014102 -0.016677 -0.000500
v -0.013960 -0.017046 -0.007722
v -0.013817 -0.016586 -0.007433
v -0.013884 -0.016369 -0.006500
v -0.013953 -0.016159 -0.005000
v -0.013969 -0.016100 -0.003000
v -0.013952 -0.016149 -0.001000
v -0.009014 -0.009014 -0.072021
v -0.009035 -0.008056 -0.073064
v -0.009172 -0.008434 -0.072412
v -0.008126 -0.009121 -0.073227
v -0.008476 -0.009259 -0.072412
v -0.008490 -0.008494 -0.073479
v -0.008793 -0.008723 -0.072687
v -0.008098 -0.008143 -0.074791
v -0.015500 -0.012400 -0.064348
v -0.015500 -0.011268 -0.065186
v -0.015500 -0.011768 -0.064848
v -0.015443 -0.010446 -0.065662
v -0.015178 -0.009500 -0.066115
v -0.015679 -0.009500 -0.065811
v -0.015268 -0.008500 -0.066183
v -0.015768 -0.008500 -0.065848
v -0.014136 -0.013017 -0.064023
v -0.014147 -0.012048 -0.065045
v -0.014474 -0.012508 -0.064484
v -0.014488 -0.011557 -0.065339
v -0.014814 -0.011928 -0.064945
v -0.014500 -0.010805 -0.065890
v -0.014029 -0.009060 -0.067022
v -0.014417 -0.009436 -0.066632
v -0.014074 -0.008500 -0.067058
v -0.014573 -0.008500 -0.066683
v -0.013500 -0.013048 -0.064075
v -0.013500 -0.012140 -0.065147
v -0.013500 -0.012640 -0.064575
v -0.013327 -0.011151 -0.066148
v -0.013596 -0.011491 -0.065716
v -0.013162 -0.010122 -0.067103
v -0.013578 -0.010559 -0.066524
v -0.013993 -0.010996 -0.065997
v -0.013497 -0.009436 -0.067249
v -0.013828 -0.009727 -0.066900
v -0.013017 -0.008087 -0.068016
v -0.013410 -0.008452 -0.067621
v -0.012500 -0.013087 -0.064161
v -0.012500 -0.012268 -0.065316
v -0.012500 -0.012768 -0.064661
v -0.012500 -0.011321 -0.066346
v -0.012500 -0.011821 -0.065816
v -0.012500 -0.010327 -0.067319
v -0.012500 -0.010827 -0.066846
v -0.012280 -0.009320 -0.068248
v -0.012568 -0.009592 -0.067829
v -0.012019 -0.008063 -0.069021
v -0.012483 -0.008408 -0.068466
v -0.012947 -0.008754 -0.067957
v -0.011500 -0.013117 -0.064274
v -0.011505 -0.012337 -0.065562
v -0.011500 -0.012878 -0.064774
v -0.011237 -0.009238 -0.069233
v -0.011610 -0.009612 -0.068575
v -0.011061 -0.008143 -0.070077
v -0.011483 -0.008436 -0.069460
v -0.011904 -0.008730 -0.068915
v -0.010500 -0.013134 -0.064415
v -0.010500 -0.012628 -0.065500
v -0.010500 -0.012963 -0.064915
v -0.010232 -0.009215 -0.070260
v -0.010553 -0.009560 -0.069542
v -0.010875 -0.009904 -0.068902
v -0.010136 -0.008243 -0.071195
v -0.010517 -0.008526 -0.070502
v -0.010898 -0.008810 -0.069900
v -0.009299 -0.013017 -0.065055
v -0.009579 -0.013122 -0.064596
v -0.009579 -0.012841 -0.065433
v -0.009966 -0.012998 -0.064993
v -0.009212 -0.009188 -0.071500
v -0.009555 -0.009559 -0.070557
v -0.009712 -0.008546 -0.071517
v -0.009935 -0.008909 -0.070927
v -0.008500 -0.013030 -0.065113
v -0.008500 -0.013172 -0.064500
v -0.008500 -0.012888 -0.065613
v -0.008521 -0.009729 -0.071560
v -0.008869 -0.009904 -0.070853
v -0.014786 -0.010191 -0.066124
v -0.010838 -0.012111 -0.066158
v -0.010518 -0.010465 -0.068487
v -0.011163 -0.011166 -0.067190
v -0.011842 -0.011944 -0.065936
v -0.011983 -0.009986 -0.067989
v -0.008899 -0.012264 -0.066906
v -0.008633 -0.010193 -0.070655
v -0.008979 -0.010976 -0.068983
v -0.009345 -0.011831 -0.067385
v -0.009841 -0.009882 -0.069852
v -0.008020 -0.012008 -0.068016
v -0.015500 -0.013216 -0.063382
v -0.015500 -0.013576 -0.062500
v -0.015500 -0.012900 -0.063882
v -0.014481 -0.013197 -0.063574
v -0.014500 -0.013596 -0.062500
v -0.014802 -0.012969 -0.063956
v -0.013500 -0.013292 -0.063500
v -0.013500 -0.013608 -0.062500
v -0.012500 -0.013336 -0.063500
v -0.012500 -0.013612 -0.062500
v -0.015000 -0.014074 -0.060347
v -0.015000 -0.013898 -0.061173
v -0.013000 -0.014074 -0.060346
v -0.013000 -0.013899 -0.061173
v -0.014000 -0.014668 -0.057617
v -0.010000 -0.013773 -0.061739
v -0.010000 -0.014669 -0.057617
v -0.012000 -0.015565 -0.054098
v -0.009132 -0.015500 -0.016143
v -0.009013 -0.014969 -0.016014
v -0.009024 -0.012106 -0.016120
v -0.008172 -0.015500 -0.017192
v -0.008672 -0.015500 -0.016643
v -0.008097 -0.014400 -0.017458
v -0.008635 -0.014582 -0.016408
v -0.008310 -0.013500 -0.017500
v -0.008614 -0.013500 -0.016500
v -0.008601 -0.012500 -0.017500
v -0.008862 -0.012463 -0.016472
v -0.008000 -0.014000 -0.018000
v -0.008144 -0.012808 -0.018708
v -0.008072 -0.010574 -0.020566
v -0.008635 -0.010826 -0.018818
v -0.009040 -0.011096 -0.017098
v -0.008238 -0.009000 -0.020847
v -0.008950 -0.008919 -0.018923
v -0.009405 -0.009000 -0.017000
v -0.013088 -0.015748 -0.009279
v -0.013187 -0.015449 -0.008532
v -0.013054 -0.014866 -0.008219
v -0.012185 -0.015528 -0.011499
v -0.012585 -0.015500 -0.010500
v -0.012892 -0.015449 -0.009567
v -0.012971 -0.015081 -0.008886
v -0.012073 -0.014824 -0.011165
v -0.012201 -0.014494 -0.010497
v -0.012549 -0.014500 -0.009500
v -0.012833 -0.014519 -0.008532
v -0.011001 -0.015997 -0.014001
v -0.011168 -0.015598 -0.013478
v -0.011721 -0.015528 -0.012450
v -0.011079 -0.014819 -0.013130
v -0.011267 -0.014491 -0.012526
v -0.011049 -0.011922 -0.010122
v -0.010098 -0.015747 -0.015127
v -0.010485 -0.015539 -0.014479
v -0.010871 -0.015331 -0.013797
v -0.010191 -0.014500 -0.014269
v -0.010712 -0.014491 -0.013478
v -0.010931 -0.014152 -0.012877
v -0.010203 -0.011520 -0.011435
v -0.010656 -0.011553 -0.010473
v -0.010022 -0.010945 -0.011059
v -0.010138 -0.010774 -0.010500
v -0.009119 -0.013500 -0.015214
v -0.009616 -0.013546 -0.014441
v -0.009080 -0.012463 -0.015471
v -0.009332 -0.012500 -0.014500
v -0.009558 -0.011500 -0.013500
v -0.009811 -0.011520 -0.012479
v -0.009914 -0.011200 -0.011726
v -0.009623 -0.010500 -0.013500
v -0.009686 -0.010500 -0.012500
v -0.009834 -0.010567 -0.011435
v -0.009897 -0.010274 -0.010500
v -0.009720 -0.009500 -0.011500
v -0.009728 -0.009500 -0.010500
v -0.009825 -0.009560 -0.009480
v -0.009830 -0.009319 -0.008500
v -0.009737 -0.008500 -0.011500
v -0.009649 -0.008500 -0.010500
v -0.009570 -0.008500 -0.009500
v -0.009526 -0.008500 -0.008500
v -0.008884 -0.013500 -0.015714
v -0.008948 -0.012772 -0.015785
v -0.012062 -0.013870 -0.010162
v -0.012155 -0.013215 -0.008862
v -0.011878 -0.014622 -0.011386
v -0.010050 -0.013910 -0.014068
v -0.010494 -0.013231 -0.012764
v -0.011142 -0.012864 -0.011132
v -0.011791 -0.012715 -0.009204
v -0.010072 -0.011866 -0.012132
v -0.010888 -0.011067 -0.008921
v -0.010083 -0.009876 -0.008817
v -0.009527 -0.014783 -0.015307
v -0.009839 -0.012649 -0.013356
v -0.009411 -0.011000 -0.015000
v -0.009953 -0.010086 -0.009801
v -0.009683 -0.009000 -0.015000
v -0.009769 -0.009000 -0.013000
v -0.012044 -0.015881 -0.012083
v -0.009878 -0.009175 -0.007500
v -0.009945 -0.009069 -0.006500
v -0.009525 -0.008500 -0.007500
v -0.009552 -0.008500 -0.006500
v -0.013208 -0.014722 -0.007066
v -0.013542 -0.015000 -0.005000
v -0.013561 -0.015000 -0.003000
v -0.013512 -0.015000 -0.001000
v -0.012575 -0.013213 -0.006849
v -0.012774 -0.013225 -0.005000
v -0.012768 -0.013223 -0.003000
v -0.012702 -0.013258 -0.000984
v -0.011198 -0.010862 -0.007003
v -0.011309 -0.010712 -0.005000
v -0.011286 -0.010744 -0.003000
v -0.011219 -0.010859 -0.000984
v -0.010301 -0.009622 -0.007000
v -0.010198 -0.009219 -0.004912
v -0.010232 -0.009319 -0.003288
v -0.010292 -0.009652 -0.001000
v -0.009738 -0.008696 -0.005271
v -0.009574 -0.008628 -0.002809
v -0.009364 -0.008638 -0.001000
v -0.012055 -0.011909 -0.005398
v -0.012045 -0.011927 -0.002557
v -0.011951 -0.012089 -0.007180
v -0.011995 -0.012009 -0.000753
v -0.008061 -0.000114 -0.088779
v -0.008001 -0.002005 -0.084032
v -0.008177 -0.000818 -0.086890
v -0.008319 -0.000985 -0.084980
v -0.008240 -0.001004 -0.082273
v -0.009123 -0.007500 -0.073246
v -0.009539 -0.007500 -0.072500
v -0.009006 -0.006053 -0.074015
v -0.009180 -0.006432 -0.073558
v -0.009766 -0.006482 -0.072412
v -0.008036 -0.007095 -0.076118
v -0.008136 -0.007457 -0.075449
v -0.008507 -0.007500 -0.074500
v -0.008865 -0.007500 -0.073745
v -0.008096 -0.006500 -0.076334
v -0.008368 -0.006500 -0.075500
v -0.008797 -0.006432 -0.074409
v -0.008966 -0.006720 -0.073930
v -0.010011 -0.006137 -0.072020
v -0.010033 -0.005000 -0.072058
v -0.010127 -0.003000 -0.072225
v -0.010412 -0.000711 -0.072660
v -0.008096 -0.004971 -0.076833
v -0.008781 -0.005000 -0.074711
v -0.009525 -0.005000 -0.073029
v -0.008023 -0.002139 -0.078765
v -0.008238 -0.003025 -0.076992
v -0.008898 -0.003000 -0.074856
v -0.009659 -0.003000 -0.073112
v -0.008262 -0.001005 -0.078979
v -0.008716 -0.000841 -0.076843
v -0.009133 -0.001191 -0.075175
v -0.009874 -0.001269 -0.073377
v -0.011129 -0.007500 -0.070167
v -0.011181 -0.006500 -0.070241
v -0.010251 -0.007500 -0.071377
v -0.010751 -0.007500 -0.070667
v -0.010259 -0.006482 -0.071584
v -0.010815 -0.006500 -0.070741
v -0.009916 -0.007500 -0.071877
v -0.009984 -0.006804 -0.071974
v -0.014691 -0.007000 -0.066681
v -0.015804 -0.007000 -0.065868
v -0.014723 -0.005000 -0.066706
v -0.015833 -0.005000 -0.065886
v -0.014864 -0.003007 -0.066802
v -0.015944 -0.003203 -0.065962
v -0.014125 -0.000323 -0.068113
v -0.015056 -0.001087 -0.067102
v -0.013566 -0.007000 -0.067611
v -0.013607 -0.005000 -0.067641
v -0.012732 -0.003000 -0.068737
v -0.013725 -0.003000 -0.067749
v -0.012077 -0.000804 -0.070098
v -0.013001 -0.000994 -0.068998
v -0.013956 -0.001245 -0.067960
v -0.011655 -0.007000 -0.069589
v -0.010813 -0.005000 -0.070855
v -0.011710 -0.005000 -0.069645
v -0.010950 -0.002904 -0.070955
v -0.011812 -0.003000 -0.069770
v -0.011225 -0.001008 -0.071202
v -0.011939 -0.001775 -0.069925
v -0.012597 -0.006000 -0.068595
v -0.008011 -0.006094 -0.022023
v -0.008374 -0.006989 -0.020985
v -0.009057 -0.007000 -0.019104
v -0.009561 -0.007000 -0.017000
v -0.008107 -0.005000 -0.022235
v -0.008685 -0.004844 -0.020809
v -0.009136 -0.005065 -0.019265
v -0.009603 -0.005000 -0.017000
v -0.008127 -0.002698 -0.022680
v -0.008860 -0.003000 -0.020802
v -0.009376 -0.003000 -0.019000
v -0.009724 -0.003000 -0.017000
v -0.008126 -0.001309 -0.022681
v -0.008850 -0.001000 -0.020780
v -0.009343 -0.001000 -0.019000
v -0.009676 -0.001000 -0.017000
v -0.009801 -0.007000 -0.015000
v -0.009822 -0.007000 -0.013000
v -0.009643 -0.007000 -0.011000
v -0.009249 -0.006806 -0.008798
v -0.009769 -0.005000 -0.015000
v -0.009740 -0.005000 -0.013000
v -0.009502 -0.005000 -0.011000
v -0.009035 -0.004929 -0.008923
v -0.009833 -0.003000 -0.015000
v -0.009702 -0.003000 -0.013000
v -0.009356 -0.003000 -0.011000
v -0.008869 -0.003000 -0.009198
v -0.009778 -0.001000 -0.015000
v -0.009641 -0.001000 -0.013000
v -0.009209 -0.000883 -0.010791
v -0.008782 -0.001097 -0.009333
v -0.009144 -0.007438 -0.007459
v -0.009107 -0.007699 -0.006500
v -0.009085 -0.007843 -0.005500
v -0.009069 -0.007907 -0.004500
v -0.009036 -0.007959 -0.003500
v -0.009008 -0.007991 -0.002945
v -0.009043 -0.006749 -0.007766
v -0.008981 -0.007063 -0.007099
v -0.008924 -0.007199 -0.006500
v -0.008829 -0.007343 -0.005500
v -0.008727 -0.007407 -0.004500
v -0.008630 -0.007459 -0.003500
v -0.008620 -0.007595 -0.002567
v -0.008327 -0.007404 -0.001440
v -0.008338 -0.007515 -0.000500
v -0.008920 -0.006450 -0.007459
v -0.008709 -0.006500 -0.006500
v -0.008479 -0.006500 -0.005500
v -0.008214 -0.006411 -0.004419
v -0.008130 -0.006557 -0.003500
v -0.008056 -0.006646 -0.002500
v -0.008017 -0.006803 -0.001734
v -0.008002 -0.000047 -0.005057
v -0.008002 -0.000047 -0.004951
v -0.008473 -0.004980 -0.006978
v -0.008086 -0.005281 -0.005282
v -0.008173 -0.003000 -0.007086
v -0.008087 -0.001295 -0.007292
v -0.001500 -0.017350 -0.049500
v -0.001465 -0.017509 -0.048554
v -0.001085 -0.016500 -0.048225
v -0.000933 -0.017074 -0.049500
v -0.000953 -0.017071 -0.048873
v -0.000647 -0.016500 -0.049500
v -0.000884 -0.016500 -0.048724
v -0.007000 -0.018321 -0.048454
v -0.007000 -0.016869 -0.050865
v -0.007000 -0.017800 -0.049227
v -0.005000 -0.018322 -0.048455
v -0.005000 -0.016870 -0.050865
v -0.005000 -0.017801 -0.049228
v -0.003000 -0.018293 -0.048430
v -0.003000 -0.016865 -0.050860
v -0.003000 -0.017786 -0.049215
v -0.001857 -0.018139 -0.048235
v -0.001078 -0.016710 -0.050722
v -0.006000 -0.016159 -0.052391
v -0.002000 -0.016134 -0.052341
v -0.007500 -0.021047 -0.044143
v -0.007500 -0.020466 -0.045500
v -0.007500 -0.020875 -0.044643
v -0.006500 -0.021047 -0.044143
v -0.006500 -0.020466 -0.045500
v -0.006500 -0.020875 -0.044643
v -0.005500 -0.021046 -0.044142
v -0.005500 -0.020467 -0.045500
v -0.005500 -0.020875 -0.044642
v -0.004500 -0.021046 -0.044141
v -0.004500 -0.020467 -0.045500
v -0.004500 -0.020876 -0.044641
v -0.003500 -0.021034 -0.044106
v -0.003500 -0.021166 -0.043500
v -0.003500 -0.021305 -0.042500
v -0.003500 -0.021351 -0.041500
v -0.003500 -0.021356 -0.040500
v -0.003500 -0.020436 -0.045500
v -0.003500 -0.020853 -0.044606
v -0.003500 -0.019209 -0.047266
v -0.003500 -0.019709 -0.046616
v -0.003500 -0.018822 -0.047766
v -0.002979 -0.021015 -0.044048
v -0.002922 -0.021066 -0.043500
v -0.002859 -0.021127 -0.042500
v -0.002842 -0.021147 -0.041500
v -0.002840 -0.021149 -0.040500
v -0.002795 -0.020203 -0.045500
v -0.002753 -0.020533 -0.044429
v -0.002653 -0.020500 -0.043500
v -0.002617 -0.020500 -0.042500
v -0.002604 -0.020500 -0.041500
v -0.002598 -0.020500 -0.040500
v -0.002702 -0.019137 -0.047175
v -0.002589 -0.019482 -0.046442
v -0.002367 -0.019500 -0.045500
v -0.002357 -0.019500 -0.044500
v -0.002440 -0.019500 -0.043500
v -0.002504 -0.019500 -0.042500
v -0.002421 -0.018788 -0.047505
v -0.002042 -0.018847 -0.046500
v -0.002088 -0.018501 -0.045547
v -0.002265 -0.018500 -0.044500
v -0.002393 -0.018500 -0.043500
v -0.002476 -0.018500 -0.042500
v -0.002060 -0.017500 -0.045278
v -0.002208 -0.017500 -0.044500
v -0.002047 -0.016500 -0.045187
v -0.002194 -0.016500 -0.044500
v -0.001817 -0.018325 -0.047500
v -0.001911 -0.018347 -0.046500
v -0.001512 -0.017500 -0.047500
v -0.001764 -0.017500 -0.046500
v -0.001351 -0.016500 -0.047500
v -0.001685 -0.016500 -0.046500
v -0.007000 -0.020091 -0.046126
v -0.007000 -0.021274 -0.043000
v -0.007000 -0.021404 -0.041000
v -0.005000 -0.020091 -0.046127
v -0.005000 -0.021273 -0.043000
v -0.005000 -0.021405 -0.041000
v -0.003213 -0.020066 -0.046093
v -0.002519 -0.019000 -0.041000
v -0.002422 -0.017000 -0.043000
v -0.002546 -0.017000 -0.041000
v -0.001982 -0.018169 -0.045912
v -0.001934 -0.017000 -0.045732
v -0.006000 -0.019248 -0.047220
v -0.003500 -0.021361 -0.039500
v -0.003500 -0.021365 -0.038500
v -0.003500 -0.021370 -0.037500
v -0.003500 -0.021374 -0.036500
v -0.003500 -0.021379 -0.035500
v -0.003500 -0.021384 -0.034500
v -0.003500 -0.021388 -0.033500
v -0.003500 -0.021392 -0.032500
v -0.002838 -0.021152 -0.039500
v -0.002837 -0.021154 -0.038500
v -0.002836 -0.021156 -0.037500
v -0.002834 -0.021158 -0.036500
v -0.002832 -0.021161 -0.035500
v -0.002831 -0.021163 -0.034500
v -0.002830 -0.021164 -0.033500
v -0.002829 -0.021166 -0.032500
v -0.002597 -0.020500 -0.039500
v -0.002596 -0.020500 -0.038500
v -0.002594 -0.020500 -0.037500
v -0.002592 -0.020500 -0.036500
v -0.002591 -0.020500 -0.035500
v -0.002589 -0.020500 -0.034500
v -0.002588 -0.020500 -0.033500
v -0.002587 -0.020500 -0.032500
v -0.002520 -0.019000 -0.039000
v -0.002519 -0.019000 -0.037000
v -0.002519 -0.019000 -0.035000
v -0.002519 -0.019000 -0.033000
v -0.002526 -0.017000 -0.039000
v -0.002520 -0.017000 -0.037000
v -0.002522 -0.017000 -0.035000
v -0.002548 -0.017000 -0.033000
v -0.006000 -0.021420 -0.038000
v -0.006000 -0.021440 -0.034000
v -0.003500 -0.021396 -0.031500
v -0.003500 -0.021400 -0.030500
v -0.003500 -0.021405 -0.029500
v -0.003500 -0.021409 -0.028500
v -0.003500 -0.021413 -0.027500
v -0.003500 -0.021418 -0.026500
v -0.003500 -0.021422 -0.025500
v -0.003500 -0.021427 -0.024500
v -0.003201 -0.016287 -0.024252
v -0.002828 -0.021168 -0.031500
v -0.002826 -0.021170 -0.030500
v -0.002825 -0.021172 -0.029500
v -0.002824 -0.021173 -0.028500
v -0.002823 -0.021176 -0.027500
v -0.002821 -0.021178 -0.026500
v -0.002820 -0.021180 -0.025500
v -0.002819 -0.021182 -0.024500
v -0.002586 -0.020500 -0.031500
v -0.002585 -0.020500 -0.030500
v -0.002583 -0.020500 -0.029500
v -0.002582 -0.020500 -0.028500
v -0.002581 -0.020500 -0.027500
v -0.002579 -0.020500 -0.026500
v -0.002578 -0.020500 -0.025500
v -0.002577 -0.020500 -0.024500
v -0.002532 -0.017500 -0.025500
v -0.002634 -0.017500 -0.024500
v -0.002659 -0.016500 -0.025500
v -0.002864 -0.016572 -0.024551
v -0.002519 -0.019000 -0.031000
v -0.002519 -0.019000 -0.029000
v -0.002519 -0.019000 -0.027000
v -0.002521 -0.019000 -0.025000
v -0.002567 -0.017000 -0.031000
v -0.002564 -0.017000 -0.029000
v -0.002572 -0.017000 -0.027000
v -0.006000 -0.021459 -0.030000
v -0.006000 -0.021479 -0.026000
v -0.007500 -0.021115 -0.021837
v -0.007500 -0.020723 -0.021337
v -0.007500 -0.020223 -0.020736
v -0.007500 -0.019306 -0.019624
v -0.007500 -0.018764 -0.019124
v -0.007500 -0.018264 -0.018778
v -0.007564 -0.017495 -0.018352
v -0.007940 -0.017158 -0.017949
v -0.007328 -0.016500 -0.018353
v -0.007828 -0.016500 -0.017832
v -0.006500 -0.021109 -0.021850
v -0.006500 -0.020701 -0.021350
v -0.006500 -0.020201 -0.020777
v -0.006500 -0.019200 -0.019809
v -0.006582 -0.018430 -0.019369
v -0.006970 -0.018050 -0.018979
v -0.006383 -0.017500 -0.019359
v -0.006883 -0.017500 -0.018897
v -0.006368 -0.016552 -0.019566
v -0.006871 -0.016500 -0.018853
v -0.005500 -0.021107 -0.021857
v -0.005500 -0.020669 -0.021357
v -0.005500 -0.020169 -0.020838
v -0.005544 -0.019448 -0.020350
v -0.005906 -0.019080 -0.019947
v -0.005311 -0.018500 -0.020252
v -0.005811 -0.018500 -0.019862
v -0.005086 -0.017155 -0.021127
v -0.005333 -0.017493 -0.020522
v -0.005852 -0.017500 -0.019859
v -0.005237 -0.016451 -0.021476
v -0.005785 -0.016552 -0.020526
v -0.005961 -0.016919 -0.019943
v -0.004500 -0.021114 -0.021855
v -0.004447 -0.020458 -0.021297
v -0.004745 -0.020096 -0.020920
v -0.004099 -0.019500 -0.021057
v -0.004599 -0.019500 -0.020789
v -0.004213 -0.018500 -0.021268
v -0.004713 -0.018500 -0.020752
v -0.004541 -0.017560 -0.021549
v -0.004896 -0.017822 -0.020870
v -0.004852 -0.016751 -0.021794
v -0.003500 -0.021431 -0.023500
v -0.003500 -0.021314 -0.022500
v -0.003500 -0.021097 -0.021886
v -0.003500 -0.020500 -0.021566
v -0.003075 -0.019122 -0.022097
v -0.003445 -0.019473 -0.021576
v -0.003023 -0.018037 -0.023032
v -0.003244 -0.018422 -0.022458
v -0.003788 -0.018500 -0.021768
v -0.003210 -0.017500 -0.023246
v -0.003753 -0.017578 -0.022545
v -0.003562 -0.016587 -0.023571
v -0.003923 -0.016888 -0.022908
v -0.002818 -0.021184 -0.023500
v -0.002867 -0.021130 -0.022500
v -0.002944 -0.021050 -0.021947
v -0.002575 -0.020500 -0.023500
v -0.002668 -0.020500 -0.022500
v -0.002881 -0.020500 -0.021874
v -0.002537 -0.019500 -0.023500
v -0.002761 -0.019473 -0.022458
v -0.002897 -0.019788 -0.021884
v -0.002733 -0.018422 -0.023419
v -0.002866 -0.018704 -0.022764
v -0.002867 -0.017500 -0.023746
v -0.002973 -0.016953 -0.023962
v -0.007000 -0.021423 -0.023000
v -0.007000 -0.019753 -0.020256
v -0.006117 -0.016253 -0.020211
v -0.005000 -0.021423 -0.023000
v -0.004468 -0.016522 -0.022495
v -0.003976 -0.017964 -0.021970
v -0.005231 -0.008088 -0.081187
v -0.005539 -0.008260 -0.080542
v -0.004500 -0.008152 -0.081323
v -0.004500 -0.008529 -0.080500
v -0.006131 -0.008106 -0.080237
v -0.002000 -0.008371 -0.080935
v -0.007120 -0.009125 -0.075315
v -0.007296 -0.009289 -0.074500
v -0.007511 -0.009524 -0.073525
v -0.007773 -0.009814 -0.072500
v -0.007030 -0.008044 -0.078117
v -0.007113 -0.008167 -0.077500
v -0.007264 -0.008378 -0.076500
v -0.007509 -0.008521 -0.075532
v -0.007796 -0.008736 -0.074500
v -0.007942 -0.008931 -0.073894
v -0.006064 -0.009048 -0.078125
v -0.006201 -0.009164 -0.077500
v -0.006397 -0.009345 -0.076500
v -0.006543 -0.009541 -0.075594
v -0.006751 -0.009789 -0.074500
v -0.006909 -0.009926 -0.073822
v -0.006299 -0.008266 -0.079500
v -0.006499 -0.008479 -0.078455
v -0.006701 -0.008667 -0.077500
v -0.006897 -0.008878 -0.076500
v -0.006993 -0.008992 -0.075982
v -0.005190 -0.011063 -0.073211
v -0.005514 -0.011169 -0.072508
v -0.005233 -0.010084 -0.076240
v -0.005540 -0.010204 -0.075524
v -0.005500 -0.010541 -0.074500
v -0.005514 -0.010846 -0.073527
v -0.005856 -0.010945 -0.072847
v -0.005124 -0.009043 -0.079105
v -0.005474 -0.009159 -0.078475
v -0.005500 -0.009520 -0.077500
v -0.005540 -0.009856 -0.076544
v -0.005474 -0.008755 -0.079463
v -0.005791 -0.008915 -0.078792
v -0.004500 -0.011111 -0.073382
v -0.004500 -0.011358 -0.072500
v -0.004500 -0.010144 -0.076415
v -0.004500 -0.010451 -0.075500
v -0.004500 -0.010772 -0.074500
v -0.004500 -0.010965 -0.073882
v -0.004500 -0.009086 -0.079206
v -0.004500 -0.009368 -0.078500
v -0.004500 -0.009752 -0.077500
v -0.004500 -0.009970 -0.076915
v -0.004500 -0.008877 -0.079706
v -0.006172 -0.010120 -0.074853
v -0.006695 -0.010467 -0.072767
v -0.005899 -0.009957 -0.075873
v -0.002000 -0.009559 -0.078074
v -0.002000 -0.010960 -0.073978
v -0.007500 -0.012087 -0.068225
v -0.007500 -0.012363 -0.067500
v -0.007500 -0.012696 -0.066500
v -0.007575 -0.011379 -0.069574
v -0.007500 -0.011853 -0.068725
v -0.007958 -0.010976 -0.069956
v -0.006248 -0.012052 -0.069188
v -0.006549 -0.012176 -0.068571
v -0.006500 -0.012492 -0.067500
v -0.006500 -0.012735 -0.066500
v -0.006549 -0.011859 -0.069513
v -0.006915 -0.011979 -0.068951
v -0.005500 -0.012088 -0.069363
v -0.005500 -0.012291 -0.068500
v -0.005500 -0.011483 -0.071500
v -0.005500 -0.011780 -0.070500
v -0.005500 -0.011962 -0.069863
v -0.004500 -0.012097 -0.069445
v -0.004500 -0.012303 -0.068500
v -0.004500 -0.011619 -0.071500
v -0.004500 -0.011860 -0.070500
v -0.004500 -0.011988 -0.069945
v -0.007000 -0.013043 -0.065101
v -0.007029 -0.010994 -0.071014
v -0.007952 -0.009964 -0.071933
v -0.005000 -0.012629 -0.067000
v -0.005000 -0.013043 -0.065099
v -0.002000 -0.012200 -0.068973
v -0.002000 -0.012877 -0.065858
v -0.002000 -0.011828 -0.070648
v -0.004000 -0.014221 -0.059677
v -0.001060 -0.015500 -0.048134
v -0.001058 -0.014500 -0.048125
v -0.000072 -0.015500 -0.050143
v -0.000404 -0.015500 -0.049500
v -0.000832 -0.015500 -0.048634
v -0.000050 -0.014500 -0.050081
v -0.000372 -0.014500 -0.049500
v -0.000822 -0.014500 -0.048625
v -0.000022 -0.013160 -0.050035
v -0.000702 -0.012999 -0.048727
v -0.006000 -0.015565 -0.054098
v -0.002000 -0.015551 -0.054085
v -0.000524 -0.010231 -0.048839
v -0.002145 -0.015000 -0.044863
v -0.002478 -0.015000 -0.043000
v -0.002621 -0.015000 -0.041000
v -0.002122 -0.013000 -0.044831
v -0.002454 -0.013000 -0.043000
v -0.002607 -0.013000 -0.041000
v -0.002062 -0.011290 -0.044661
v -0.002340 -0.011000 -0.043000
v -0.002509 -0.011000 -0.041000
v -0.002079 -0.009000 -0.044356
v -0.002310 -0.009000 -0.043000
v -0.002490 -0.009000 -0.041000
v -0.001498 -0.015000 -0.047000
v -0.001924 -0.015000 -0.045726
v -0.001453 -0.013000 -0.047000
v -0.001906 -0.013000 -0.045663
v -0.001217 -0.010986 -0.047306
v -0.001911 -0.010926 -0.045185
v -0.001199 -0.009000 -0.047261
v -0.001882 -0.009000 -0.045178
v -0.002573 -0.015000 -0.035000
v -0.002740 -0.015000 -0.033000
v -0.002629 -0.013000 -0.035000
v -0.002834 -0.013000 -0.033000
v -0.002543 -0.014000 -0.038000
v -0.002521 -0.010000 -0.038000
v -0.002579 -0.010000 -0.034000
v -0.003136 -0.015228 -0.025233
v -0.003502 -0.015518 -0.024512
v -0.003427 -0.014416 -0.025450
v -0.003802 -0.014668 -0.024773
v -0.003188 -0.013500 -0.026405
v -0.003042 -0.012292 -0.027135
v -0.003453 -0.012494 -0.026502
v -0.003135 -0.011500 -0.027243
v -0.003635 -0.011500 -0.026616
v -0.003285 -0.010500 -0.027322
v -0.003785 -0.010500 -0.026790
v -0.003429 -0.009500 -0.027415
v -0.003929 -0.009500 -0.026932
v -0.003063 -0.008246 -0.028076
v -0.003530 -0.008617 -0.027526
v -0.003997 -0.008987 -0.026997
v -0.002884 -0.015537 -0.025540
v -0.002951 -0.015895 -0.024919
v -0.002958 -0.014831 -0.025899
v -0.002927 -0.013500 -0.027500
v -0.002980 -0.013500 -0.026904
v -0.002950 -0.012575 -0.027481
v -0.002995 -0.012958 -0.026990
v -0.002909 -0.011500 -0.027743
v -0.002892 -0.010500 -0.027823
v -0.002565 -0.009500 -0.029500
v -0.002714 -0.009500 -0.028500
v -0.002933 -0.009500 -0.027915
v -0.002529 -0.008500 -0.029500
v -0.002803 -0.008548 -0.028446
v -0.002981 -0.008913 -0.027979
v -0.006058 -0.010782 -0.024080
v -0.006251 -0.009000 -0.024349
v -0.004105 -0.014514 -0.024524
v -0.004013 -0.012030 -0.026014
v -0.004724 -0.012947 -0.024743
v -0.004199 -0.011000 -0.026203
v -0.005141 -0.011117 -0.025103
v -0.004514 -0.008666 -0.026520
v -0.005395 -0.009073 -0.025428
v -0.002807 -0.015000 -0.031000
v -0.002797 -0.015000 -0.029000
v -0.002877 -0.014833 -0.026849
v -0.002902 -0.013000 -0.031000
v -0.002893 -0.013000 -0.029000
v -0.003776 -0.013098 -0.025748
v -0.002756 -0.011000 -0.031000
v -0.002761 -0.011000 -0.029000
v -0.002544 -0.009000 -0.031000
v -0.007086 -0.015220 -0.019190
v -0.007283 -0.015532 -0.018552
v -0.007790 -0.015500 -0.017692
v -0.007223 -0.014507 -0.019514
v -0.007712 -0.014400 -0.018400
v -0.007889 -0.014667 -0.017763
v -0.006803 -0.015532 -0.019514
v -0.006955 -0.015887 -0.018920
v -0.006933 -0.014845 -0.019857
v -0.006067 -0.014137 -0.022110
v -0.006493 -0.014775 -0.020769
v -0.006382 -0.012668 -0.022610
v -0.007065 -0.013066 -0.021089
v -0.007857 -0.013148 -0.019202
v -0.006792 -0.010990 -0.022839
v -0.007727 -0.011046 -0.021064
v -0.007071 -0.009127 -0.023068
v -0.007851 -0.009000 -0.021694
v -0.005005 -0.015002 -0.023001
v -0.005851 -0.015392 -0.021403
v -0.005513 -0.013387 -0.023462
v -0.005910 -0.011731 -0.023873
v -0.007981 -0.011931 -0.019948
v -0.003868 -0.015807 -0.023845
v -0.007009 -0.002015 -0.089021
v -0.007098 -0.002199 -0.088500
v -0.007059 -0.001102 -0.090131
v -0.007146 -0.001461 -0.089413
v -0.007437 -0.001500 -0.088500
v -0.007108 -0.000177 -0.091219
v -0.007245 -0.000506 -0.090478
v -0.007686 -0.000421 -0.089435
v -0.007839 -0.000694 -0.088500
v -0.006079 -0.003069 -0.089096
v -0.006273 -0.003277 -0.088500
v -0.006456 -0.002420 -0.089392
v -0.006773 -0.002699 -0.088500
v -0.006224 -0.001236 -0.091294
v -0.006529 -0.001502 -0.090504
v -0.006833 -0.001768 -0.089688
v -0.006580 -0.000572 -0.091590
v -0.006891 -0.000844 -0.090797
v -0.005269 -0.004116 -0.088171
v -0.005500 -0.003216 -0.089300
v -0.005562 -0.003753 -0.088502
v -0.005137 -0.002058 -0.091074
v -0.005482 -0.002317 -0.090526
v -0.005500 -0.002853 -0.089800
v -0.005274 -0.001125 -0.092150
v -0.005539 -0.001513 -0.091518
v -0.005804 -0.001902 -0.090877
v -0.005500 -0.000145 -0.093165
v -0.005564 -0.000697 -0.092490
v -0.005940 -0.000967 -0.091961
v -0.004500 -0.004195 -0.088287
v -0.004108 -0.003010 -0.090013
v -0.004465 -0.003287 -0.089583
v -0.004500 -0.003852 -0.088787
v -0.004500 -0.002112 -0.091142
v -0.004465 -0.002677 -0.090408
v -0.004775 -0.002979 -0.089971
v -0.004500 -0.001212 -0.092254
v -0.004500 -0.001712 -0.091642
v -0.004500 -0.000291 -0.093330
v -0.004500 -0.000791 -0.092754
v -0.006166 -0.002158 -0.090210
v -0.006117 -0.000127 -0.092759
v -0.002000 -0.004218 -0.088321
v -0.002000 -0.000790 -0.092809
v -0.002000 -0.002798 -0.090284
v -0.007053 -0.007090 -0.080218
v -0.007062 -0.006108 -0.082227
v -0.007135 -0.006285 -0.081500
v -0.007196 -0.006564 -0.080531
v -0.007045 -0.005081 -0.084152
v -0.007117 -0.005261 -0.083500
v -0.007193 -0.005560 -0.082537
v -0.007369 -0.005500 -0.081500
v -0.007468 -0.005500 -0.080500
v -0.007015 -0.004025 -0.086041
v -0.007084 -0.004182 -0.085500
v -0.007177 -0.004531 -0.084491
v -0.007370 -0.004500 -0.083500
v -0.007477 -0.004500 -0.082500
v -0.007524 -0.004500 -0.081500
v -0.007567 -0.004500 -0.080500
v -0.007071 -0.003137 -0.087214
v -0.007141 -0.003482 -0.086425
v -0.007241 -0.002550 -0.087528
v -0.007527 -0.002500 -0.086500
v -0.006152 -0.007126 -0.082255
v -0.006338 -0.007310 -0.081500
v -0.006548 -0.007522 -0.080561
v -0.006326 -0.006306 -0.083500
v -0.006558 -0.006534 -0.082575
v -0.006838 -0.006785 -0.081500
v -0.006965 -0.006939 -0.080885
v -0.006079 -0.005066 -0.086107
v -0.006259 -0.005247 -0.085500
v -0.006536 -0.005505 -0.084515
v -0.006826 -0.005761 -0.083500
v -0.006964 -0.005934 -0.082894
v -0.006199 -0.004187 -0.087286
v -0.006473 -0.004439 -0.086407
v -0.006759 -0.004682 -0.085500
v -0.006933 -0.004884 -0.084819
v -0.006575 -0.003552 -0.087583
v -0.006866 -0.003804 -0.086708
v -0.006951 -0.002917 -0.087880
v -0.005244 -0.007095 -0.083180
v -0.005546 -0.007290 -0.082553
v -0.005539 -0.007805 -0.081512
v -0.005898 -0.007954 -0.080903
v -0.005177 -0.006067 -0.085117
v -0.005506 -0.006261 -0.084527
v -0.005546 -0.006796 -0.083508
v -0.005911 -0.006959 -0.082922
v -0.005002 -0.005001 -0.087001
v -0.005401 -0.005163 -0.086464
v -0.005506 -0.005721 -0.085470
v -0.005843 -0.005930 -0.084879
v -0.005469 -0.004485 -0.087477
v -0.005669 -0.004854 -0.086773
v -0.004500 -0.007164 -0.083313
v -0.004500 -0.007579 -0.082500
v -0.004500 -0.007915 -0.081823
v -0.004500 -0.006123 -0.085211
v -0.004500 -0.006523 -0.084500
v -0.004500 -0.006900 -0.083813
v -0.004500 -0.005020 -0.087032
v -0.004500 -0.005349 -0.086500
v -0.004500 -0.005829 -0.085711
v -0.004500 -0.004695 -0.087532
v -0.006138 -0.006116 -0.084212
v -0.007610 -0.002976 -0.084980
v -0.007717 -0.003020 -0.082880
v -0.007729 -0.003000 -0.081000
v -0.007857 -0.001335 -0.087242
v -0.007965 -0.001913 -0.085099
v -0.007936 -0.002019 -0.082221
v -0.007944 -0.001750 -0.081000
v -0.005936 -0.003967 -0.087952
v -0.002000 -0.005619 -0.086105
v -0.002000 -0.007418 -0.082895
v -0.007127 -0.007241 -0.079500
v -0.007197 -0.007539 -0.078470
v -0.007450 -0.007500 -0.077500
v -0.007771 -0.007457 -0.076471
v -0.007392 -0.006500 -0.079500
v -0.007564 -0.006500 -0.078500
v -0.007778 -0.006500 -0.077500
v -0.007949 -0.006500 -0.076834
v -0.006799 -0.007741 -0.079500
v -0.006935 -0.007898 -0.078784
v -0.007679 -0.005000 -0.079000
v -0.007949 -0.005350 -0.077368
v -0.007867 -0.003043 -0.078979
v -0.007986 -0.003249 -0.077934
v -0.007970 -0.001865 -0.079696
v -0.007898 -0.007762 -0.075748
v -0.000434 -0.004000 -0.048941
v -0.002078 -0.007000 -0.044350
v -0.002309 -0.007000 -0.043000
v -0.002490 -0.007000 -0.041000
v -0.002076 -0.005000 -0.044344
v -0.002307 -0.005000 -0.043000
v -0.002489 -0.005000 -0.041000
v -0.002075 -0.003000 -0.044339
v -0.002306 -0.003000 -0.043000
v -0.002489 -0.003000 -0.041000
v -0.002074 -0.001000 -0.044333
v -0.002305 -0.001000 -0.043000
v -0.002489 -0.001000 -0.041000
v -0.001197 -0.007000 -0.047257
v -0.001880 -0.007000 -0.045175
v -0.001194 -0.005000 -0.047254
v -0.001877 -0.005000 -0.045172
v -0.001191 -0.003000 -0.047250
v -0.001875 -0.003000 -0.045169
v -0.001188 -0.001000 -0.047246
v -0.001873 -0.001000 -0.045166
v -0.002529 -0.007000 -0.035000
v -0.002560 -0.007000 -0.033000
v -0.002639 -0.005000 -0.035000
v -0.002779 -0.005000 -0.033000
v -0.002714 -0.003000 -0.035000
v -0.002867 -0.003000 -0.033000
v -0.002608 -0.001000 -0.035000
v -0.002726 -0.001000 -0.033000
v -0.002522 -0.006000 -0.038000
v -0.002526 -0.002000 -0.038000
v -0.003172 -0.007500 -0.028189
v -0.003338 -0.006500 -0.028349
v -0.003054 -0.005191 -0.029127
v -0.003502 -0.005512 -0.028502
v -0.003132 -0.004500 -0.029271
v -0.003632 -0.004500 -0.028623
v -0.003213 -0.003500 -0.029374
v -0.003713 -0.003500 -0.028708
v -0.003254 -0.002500 -0.029387
v -0.003754 -0.002500 -0.028754
v -0.003255 -0.001500 -0.029344
v -0.003755 -0.001500 -0.028760
v -0.003222 -0.000500 -0.029268
v -0.003722 -0.000500 -0.028734
v -0.002566 -0.007500 -0.029500
v -0.002803 -0.007500 -0.028689
v -0.002689 -0.006500 -0.029500
v -0.002890 -0.006500 -0.028849
v -0.002874 -0.005515 -0.029476
v -0.002966 -0.005858 -0.028956
v -0.002923 -0.004500 -0.029771
v -0.002948 -0.003500 -0.029874
v -0.002945 -0.002500 -0.029887
v -0.002915 -0.001500 -0.029844
v -0.002858 -0.000500 -0.029768
v -0.006426 -0.006733 -0.024642
v -0.006021 -0.004129 -0.026028
v -0.006720 -0.004996 -0.024768
v -0.006078 -0.003000 -0.026103
v -0.006882 -0.003000 -0.024917
v -0.006088 -0.001000 -0.026117
v -0.006892 -0.001000 -0.024925
v -0.004730 -0.007000 -0.026736
v -0.005805 -0.007309 -0.025359
v -0.005020 -0.005040 -0.027017
v -0.005925 -0.005148 -0.025899
v -0.004232 -0.003000 -0.028231
v -0.005198 -0.003000 -0.027174
v -0.004248 -0.001000 -0.028247
v -0.005213 -0.001000 -0.027190
v -0.002568 -0.007000 -0.031000
v -0.002805 -0.005000 -0.031000
v -0.002899 -0.003000 -0.031000
v -0.002757 -0.001000 -0.031000
v -0.004086 -0.004833 -0.028085
v -0.003820 -0.006611 -0.027825
v -0.007858 -0.003065 -0.023208
v -0.007862 -0.000940 -0.023209
v -0.007512 -0.006357 -0.022974
v -0.007997 -0.007007 -0.001067
v -0.007993 -0.007015 -0.000500
v -0.007987 -0.006482 -0.001440
v -0.007979 -0.006500 -0.000500
v -0.007991 -0.005048 -0.005050
v -0.007986 -0.005429 -0.004419
v -0.007974 -0.005500 -0.003500
v -0.007971 -0.005500 -0.002500
v -0.007985 -0.004420 -0.005430
v -0.007971 -0.004500 -0.004500
v -0.007970 -0.004500 -0.003500
v -0.007970 -0.004500 -0.002500
v -0.007973 -0.003500 -0.005500
v -0.007970 -0.003500 -0.004500
v -0.007969 -0.002500 -0.005500
v -0.007970 -0.002500 -0.004500
v -0.007996 -0.001199 -0.007015
v -0.007985 -0.001519 -0.006558
v -0.007969 -0.001500 -0.005500
v -0.007970 -0.001500 -0.004500
v -0.007990 -0.000500 -0.007036
v -0.007977 -0.000500 -0.006500
v -0.007983 -0.000428 -0.005434
v -0.007983 -0.000428 -0.004571
v -0.007995 -0.006018 -0.004032
v -0.007987 -0.006102 -0.003000
v -0.007995 -0.004033 -0.006021
v -0.007971 -0.005000 -0.001000
v -0.007986 -0.003000 -0.006172
v -0.007970 -0.002000 -0.002000
v -0.024070 -0.016042 0.000215
v -0.026085 -0.013500 0.002500
v -0.026199 -0.013500 0.003500
v -0.026350 -0.013500 0.004500
v -0.026402 -0.013500 0.005500
v -0.026243 -0.013564 0.006540
v -0.026185 -0.013283 0.007500
v -0.026108 -0.012500 0.002500
v -0.026237 -0.012500 0.003500
v -0.026392 -0.012500 0.004500
v -0.026467 -0.012500 0.005500
v -0.026467 -0.012500 0.006500
v -0.026421 -0.012500 0.007500
v -0.025319 -0.015220 0.000500
v -0.025201 -0.015136 0.001500
v -0.025124 -0.015079 0.002500
v -0.025082 -0.015049 0.003500
v -0.025075 -0.015040 0.004500
v -0.025053 -0.015026 0.005091
v -0.025819 -0.014580 0.000500
v -0.025702 -0.014541 0.001500
v -0.025624 -0.014577 0.002500
v -0.025582 -0.014640 0.003500
v -0.025575 -0.014710 0.004500
v -0.025432 -0.014711 0.005454
v -0.025918 -0.013940 0.006900
v -0.025551 -0.013793 0.007538
v -0.024442 -0.015763 0.000529
v -0.024500 -0.015567 0.001500
v -0.024500 -0.015453 0.002500
v -0.024500 -0.015393 0.003500
v -0.024500 -0.015352 0.004500
v -0.024508 -0.015184 0.005454
v -0.024847 -0.014927 0.005757
v -0.024890 -0.013944 0.007897
v -0.026016 -0.014060 0.001000
v -0.026066 -0.014108 0.003000
v -0.026164 -0.014202 0.005000
v -0.026094 -0.014094 0.006234
v -0.026043 -0.013000 0.001000
v -0.026142 -0.011000 0.001000
v -0.026267 -0.011000 0.003000
v -0.026453 -0.011000 0.005000
v -0.026470 -0.011000 0.007000
v -0.026370 -0.009000 0.001000
v -0.026434 -0.009000 0.003000
v -0.026470 -0.009000 0.005000
v -0.026470 -0.009000 0.007000
v -0.024805 -0.014519 0.006810
v -0.026095 -0.013104 0.008165
v -0.026236 -0.012524 0.008499
v -0.026140 -0.012207 0.009288
v -0.026459 -0.011500 0.008500
v -0.026269 -0.011575 0.009573
v -0.026150 -0.011292 0.010323
v -0.026470 -0.010500 0.008500
v -0.026466 -0.010500 0.009500
v -0.026274 -0.010594 0.010594
v -0.026150 -0.010323 0.011292
v -0.026140 -0.009288 0.012208
v -0.026235 -0.008499 0.012525
v -0.026094 -0.008165 0.013101
v -0.025476 -0.013267 0.008499
v -0.025127 -0.013063 0.009091
v -0.025794 -0.012873 0.008831
v -0.025537 -0.012513 0.009523
v -0.025634 -0.011574 0.010584
v -0.025321 -0.011189 0.011190
v -0.025988 -0.010990 0.010990
v -0.025635 -0.010585 0.011575
v -0.025538 -0.009523 0.012514
v -0.025127 -0.009090 0.013062
v -0.025794 -0.008832 0.012875
v -0.025476 -0.008499 0.013261
v -0.024534 -0.013748 0.008512
v -0.024411 -0.013188 0.009455
v -0.024686 -0.012820 0.009758
v -0.024766 -0.011856 0.010845
v -0.024436 -0.011462 0.011461
v -0.024772 -0.010847 0.011857
v -0.024686 -0.009757 0.012820
v -0.024411 -0.009454 0.013186
v -0.024525 -0.008506 0.013742
v -0.026470 -0.009000 0.009000
v -0.026416 -0.009018 0.011019
v -0.024223 -0.014114 0.008187
v -0.024448 -0.012417 0.010422
v -0.025948 -0.011958 0.009954
v -0.024450 -0.010423 0.012418
v -0.025949 -0.009955 0.011959
v -0.024208 -0.008176 0.014104
v -0.026459 -0.003000 0.001000
v -0.026372 -0.003000 0.003000
v -0.026277 -0.003000 0.005000
v -0.026385 -0.003000 0.007000
v -0.026450 -0.001000 0.001000
v -0.026262 -0.001000 0.003000
v -0.026157 -0.001000 0.005000
v -0.026288 -0.001000 0.007000
v -0.026468 -0.006000 0.002000
v -0.026465 -0.006000 0.006000
v -0.026420 -0.007500 0.012500
v -0.026184 -0.007500 0.013277
v -0.026467 -0.006500 0.012500
v -0.026245 -0.006538 0.013561
v -0.026184 -0.005500 0.014236
v -0.026185 -0.004410 0.014528
v -0.026006 -0.004016 0.015005
v -0.026282 -0.003500 0.014500
v -0.026051 -0.003500 0.015047
v -0.026187 -0.002458 0.014565
v -0.026062 -0.002763 0.015058
v -0.025546 -0.007531 0.013785
v -0.025243 -0.007219 0.014115
v -0.025910 -0.006897 0.013935
v -0.025546 -0.006538 0.014293
v -0.025482 -0.005502 0.014752
v -0.025136 -0.005171 0.015062
v -0.025803 -0.004683 0.014880
v -0.025482 -0.004410 0.015136
v -0.025500 -0.003500 0.015339
v -0.025963 -0.002096 0.014942
v -0.025578 -0.002458 0.015284
v -0.025840 -0.001500 0.014775
v -0.025340 -0.001500 0.015217
v -0.025671 -0.000500 0.014583
v -0.025171 -0.000500 0.015113
v -0.024874 -0.007885 0.013938
v -0.024525 -0.007531 0.014298
v -0.024524 -0.006530 0.014799
v -0.024207 -0.006217 0.015102
v -0.024873 -0.005837 0.014939
v -0.024524 -0.005502 0.015229
v -0.024500 -0.004500 0.015567
v -0.024470 -0.003553 0.015823
v -0.024646 -0.002500 0.015811
v -0.024447 -0.001477 0.015757
v -0.024500 -0.000500 0.015524
v -0.026098 -0.006231 0.014102
v -0.026456 -0.005000 0.013000
v -0.026467 -0.003000 0.009000
v -0.026453 -0.003000 0.011000
v -0.026426 -0.003000 0.013000
v -0.026430 -0.001000 0.009000
v -0.026266 -0.001000 0.011000
v -0.026159 -0.001000 0.013000
v -0.026068 -0.001000 0.014179
v -0.026470 -0.006000 0.010000
v -0.024117 -0.003255 0.016058
v -0.024146 -0.002500 0.016078
v -0.024078 -0.001795 0.016045
v -0.019500 -0.018871 0.000500
v -0.019500 -0.018786 0.001500
v -0.019500 -0.018734 0.002500
v -0.019500 -0.018582 0.003500
v -0.019500 -0.018312 0.004500
v -0.019500 -0.018086 0.005313
v -0.019500 -0.017944 0.005813
v -0.019500 -0.017665 0.006500
v -0.019421 -0.017178 0.007568
v -0.019701 -0.016974 0.007946
v -0.018500 -0.018925 0.000500
v -0.018500 -0.018844 0.001500
v -0.018500 -0.018782 0.002500
v -0.018500 -0.018622 0.003500
v -0.018500 -0.018351 0.004500
v -0.018500 -0.018105 0.005384
v -0.018500 -0.017967 0.005884
v -0.018500 -0.017712 0.006500
v -0.018500 -0.017249 0.007500
v -0.022811 -0.016749 0.001005
v -0.022646 -0.016649 0.003000
v -0.022641 -0.016415 0.004709
v -0.022101 -0.016065 0.006761
v -0.020783 -0.018244 0.001000
v -0.020675 -0.018185 0.002747
v -0.020156 -0.018091 0.004831
v -0.021565 -0.017660 0.001000
v -0.021205 -0.017771 0.003102
v -0.021260 -0.017280 0.005014
v -0.020882 -0.016866 0.006887
v -0.017000 -0.018885 0.001000
v -0.017000 -0.018702 0.003000
v -0.017000 -0.018229 0.004942
v -0.017000 -0.017967 0.005885
v -0.017000 -0.017481 0.007000
v -0.019034 -0.017003 0.008006
v -0.019421 -0.016781 0.008404
v -0.019500 -0.016245 0.009399
v -0.018500 -0.017004 0.008008
v -0.018500 -0.016771 0.008508
v -0.018500 -0.016271 0.009443
v -0.017000 -0.016682 0.008653
v -0.020637 -0.016192 0.008652
v -0.023681 -0.015812 0.004500
v -0.023447 -0.015731 0.005485
v -0.022901 -0.015939 0.005809
v -0.023929 -0.015954 0.001191
v -0.023784 -0.015859 0.003000
v -0.023194 -0.015210 0.007168
v -0.021800 -0.015853 0.007688
v -0.019500 -0.015932 0.009899
v -0.019500 -0.015531 0.010500
v -0.019500 -0.015099 0.011152
v -0.019500 -0.014750 0.011652
v -0.019500 -0.014250 0.012269
v -0.019500 -0.013763 0.012769
v -0.019500 -0.013263 0.013267
v -0.019500 -0.012774 0.013767
v -0.019500 -0.012274 0.014246
v -0.019500 -0.011639 0.014746
v -0.019500 -0.011139 0.015091
v -0.019500 -0.010500 0.015529
v -0.019500 -0.009905 0.015937
v -0.018500 -0.015962 0.009943
v -0.018500 -0.015587 0.010500
v -0.018500 -0.015125 0.011191
v -0.018500 -0.014780 0.011691
v -0.018500 -0.014280 0.012300
v -0.018500 -0.013795 0.012800
v -0.018500 -0.013295 0.013298
v -0.018500 -0.012802 0.013798
v -0.018500 -0.012302 0.014271
v -0.018500 -0.011671 0.014771
v -0.018500 -0.011171 0.015113
v -0.018500 -0.010500 0.015579
v -0.018500 -0.009949 0.015966
v -0.022671 -0.014635 0.008847
v -0.022158 -0.014109 0.010164
v -0.023391 -0.013823 0.009391
v -0.022987 -0.012931 0.010940
v -0.022989 -0.010943 0.012934
v -0.022153 -0.010159 0.014105
v -0.023385 -0.009385 0.013820
v -0.022798 -0.008811 0.014543
v -0.021212 -0.015458 0.009199
v -0.020775 -0.014744 0.010771
v -0.021540 -0.013553 0.011538
v -0.021545 -0.011542 0.013558
v -0.020771 -0.010767 0.014741
v -0.021330 -0.009155 0.015366
v -0.017000 -0.015961 0.009941
v -0.017000 -0.015162 0.011126
v -0.017000 -0.014279 0.012299
v -0.017000 -0.013297 0.013298
v -0.017000 -0.012301 0.014271
v -0.017000 -0.011114 0.015154
v -0.017000 -0.009947 0.015965
v -0.020887 -0.012862 0.012863
v -0.023231 -0.011875 0.011873
v -0.019500 -0.009405 0.016245
v -0.019469 -0.008415 0.016781
v -0.019116 -0.008025 0.017012
v -0.018500 -0.009449 0.016276
v -0.018500 -0.008537 0.016776
v -0.018500 -0.008037 0.017017
v -0.017000 -0.008675 0.016690
v -0.020620 -0.008635 0.016182
v -0.023189 -0.007159 0.015207
v -0.023403 -0.005294 0.015873
v -0.023966 -0.003922 0.015982
v -0.023912 -0.000814 0.015941
v -0.021779 -0.007684 0.015840
v -0.023580 -0.003553 0.016278
v -0.023500 -0.002500 0.016445
v -0.022676 -0.003500 0.016804
v -0.022176 -0.003500 0.017113
v -0.022785 -0.002500 0.016868
v -0.022285 -0.002500 0.017183
v -0.019783 -0.007951 0.016974
v -0.019469 -0.007570 0.017194
v -0.019500 -0.006500 0.017668
v -0.019500 -0.005766 0.017934
v -0.019500 -0.005265 0.018071
v -0.019500 -0.004500 0.018294
v -0.019500 -0.003500 0.018574
v -0.019500 -0.002500 0.018732
v -0.019500 -0.001500 0.018807
v -0.019500 -0.000500 0.018886
v -0.018500 -0.007500 0.017277
v -0.018500 -0.006500 0.017712
v -0.018500 -0.005827 0.017952
v -0.018500 -0.005327 0.018089
v -0.018500 -0.004500 0.018331
v -0.018500 -0.003500 0.018612
v -0.018500 -0.002500 0.018770
v -0.018500 -0.001500 0.018844
v -0.018500 -0.000500 0.018931
v -0.022109 -0.006758 0.016069
v -0.022693 -0.004756 0.016451
v -0.022801 -0.000996 0.016743
v -0.020887 -0.006895 0.016869
v -0.021270 -0.005036 0.017293
v -0.020148 -0.004818 0.018082
v -0.021297 -0.003244 0.017757
v -0.020786 -0.002892 0.018176
v -0.021583 -0.001000 0.017658
v -0.020792 -0.001000 0.018269
v -0.017000 -0.007000 0.017497
v -0.017000 -0.005831 0.017954
v -0.017000 -0.004916 0.018212
v -0.017000 -0.003000 0.018692
v -0.017000 -0.001000 0.018888
v -0.015500 -0.018816 0.000500
v -0.015500 -0.018716 0.001500
v -0.015500 -0.018672 0.002500
v -0.015500 -0.018538 0.003500
v -0.015500 -0.018284 0.004500
v -0.015500 -0.018076 0.005285
v -0.015500 -0.017926 0.005785
v -0.015500 -0.017636 0.006500
v -0.015577 -0.017169 0.007555
v -0.015295 -0.016954 0.007925
v -0.014769 -0.018353 0.000500
v -0.014795 -0.018294 0.001500
v -0.014790 -0.018280 0.002500
v -0.014811 -0.018226 0.003500
v -0.014896 -0.018108 0.004500
v -0.014965 -0.018032 0.005126
v -0.014384 -0.017500 0.000500
v -0.014433 -0.017500 0.001500
v -0.014423 -0.017500 0.002500
v -0.014461 -0.017500 0.003500
v -0.014591 -0.017500 0.004500
v -0.014763 -0.017555 0.005476
v -0.014797 -0.017279 0.006500
v -0.014899 -0.017114 0.007259
v -0.014115 -0.016641 0.000500
v -0.014137 -0.016570 0.001500
v -0.014134 -0.016562 0.002500
v -0.014132 -0.016429 0.003482
v -0.014245 -0.016500 0.004500
v -0.014320 -0.016500 0.005500
v -0.014442 -0.016500 0.006500
v -0.014712 -0.016572 0.007555
v -0.013965 -0.016106 0.001000
v -0.013983 -0.016055 0.002818
v -0.015961 -0.017004 0.008008
v -0.015577 -0.016761 0.008405
v -0.015500 -0.016235 0.009391
v -0.014789 -0.016315 0.008500
v -0.014885 -0.016133 0.009229
v -0.014021 -0.015938 0.003803
v -0.014070 -0.015771 0.005000
v -0.014136 -0.015140 0.007071
v -0.013536 -0.015000 0.001000
v -0.013622 -0.015016 0.002996
v -0.013773 -0.014886 0.005000
v -0.013924 -0.014612 0.006706
v -0.012715 -0.013244 0.001005
v -0.012818 -0.013175 0.003000
v -0.013013 -0.012977 0.004983
v -0.013322 -0.012831 0.006873
v -0.012169 -0.011205 0.005142
v -0.012734 -0.011275 0.007095
v -0.012054 -0.009491 0.007491
v -0.011227 -0.010849 0.001005
v -0.011329 -0.010658 0.002945
v -0.011793 -0.010692 0.004801
v -0.011919 -0.010146 0.006229
v -0.010298 -0.009645 0.001000
v -0.010438 -0.009351 0.003245
v -0.010866 -0.009092 0.005097
v -0.011439 -0.008841 0.006869
v -0.009370 -0.008632 0.001000
v -0.009531 -0.008484 0.002576
v -0.009859 -0.008168 0.004307
v -0.012058 -0.011902 0.002095
v -0.011986 -0.012023 0.000212
v -0.015500 -0.015917 0.009891
v -0.015500 -0.015509 0.010500
v -0.015500 -0.015092 0.011143
v -0.015500 -0.014736 0.011643
v -0.015500 -0.014236 0.012253
v -0.015500 -0.013743 0.012753
v -0.015500 -0.013243 0.013248
v -0.015500 -0.012760 0.013748
v -0.015500 -0.012260 0.014233
v -0.015500 -0.011626 0.014733
v -0.015500 -0.011126 0.015082
v -0.015500 -0.010500 0.015506
v -0.015500 -0.009901 0.015924
v -0.014433 -0.015500 0.008500
v -0.014716 -0.015550 0.009538
v -0.014861 -0.015219 0.010500
v -0.014960 -0.015042 0.011067
v -0.014141 -0.014441 0.008462
v -0.014341 -0.014500 0.009500
v -0.014554 -0.014500 0.010500
v -0.014810 -0.014478 0.011440
v -0.014904 -0.014130 0.012140
v -0.014268 -0.013500 0.010500
v -0.014472 -0.013500 0.011500
v -0.014787 -0.013477 0.012484
v -0.014917 -0.013129 0.013133
v -0.014068 -0.012557 0.010571
v -0.014255 -0.012500 0.011500
v -0.014482 -0.012500 0.012500
v -0.014778 -0.012489 0.013480
v -0.014900 -0.012148 0.014131
v -0.014242 -0.011500 0.012500
v -0.014467 -0.011500 0.013500
v -0.014818 -0.011431 0.014478
v -0.014969 -0.011052 0.015033
v -0.014068 -0.010583 0.012544
v -0.014284 -0.010500 0.013500
v -0.014573 -0.010500 0.014500
v -0.014869 -0.010500 0.015216
v -0.014342 -0.009500 0.014500
v -0.014714 -0.009541 0.015553
v -0.014136 -0.008469 0.014446
v -0.014427 -0.008500 0.015500
v -0.014054 -0.013426 0.009405
v -0.014028 -0.011498 0.011502
v -0.014058 -0.009393 0.013416
v -0.013981 -0.014068 0.008103
v -0.013812 -0.012935 0.008935
v -0.013927 -0.012262 0.010284
v -0.013098 -0.010857 0.008857
v -0.013757 -0.010985 0.010990
v -0.013929 -0.010304 0.012241
v -0.012571 -0.009184 0.009184
v -0.013104 -0.008848 0.010850
v -0.013817 -0.008925 0.012930
v -0.013978 -0.008115 0.014077
v -0.011846 -0.008320 0.008313
v -0.015500 -0.009401 0.016238
v -0.015527 -0.008417 0.016767
v -0.015878 -0.008029 0.017014
v -0.014886 -0.009235 0.016132
v -0.014787 -0.008500 0.016320
v -0.009065 -0.007932 0.002777
v -0.009193 -0.007786 0.003500
v -0.009048 -0.005930 0.005933
v -0.009201 -0.003500 0.007774
v -0.009067 -0.002778 0.007928
v -0.008340 -0.007515 0.000500
v -0.008334 -0.007405 0.001446
v -0.008646 -0.007559 0.002466
v -0.008739 -0.007286 0.003500
v -0.008017 -0.006807 0.001743
v -0.008082 -0.006639 0.002500
v -0.008239 -0.006536 0.003500
v -0.008144 -0.005693 0.004672
v -0.008481 -0.005478 0.005479
v -0.008113 -0.004500 0.005761
v -0.008201 -0.003595 0.006426
v -0.008751 -0.003500 0.007274
v -0.008087 -0.002500 0.006628
v -0.008649 -0.002467 0.007557
v -0.008019 -0.001733 0.006795
v -0.008331 -0.001440 0.007404
v -0.008334 -0.000500 0.007516
v -0.010075 -0.007889 0.005237
v -0.010731 -0.007233 0.007233
v -0.010088 -0.005226 0.007873
v -0.009114 -0.006869 0.004911
v -0.009891 -0.006530 0.006531
v -0.008005 -0.004925 0.001226
v -0.008005 -0.004814 0.002124
v -0.009139 -0.004911 0.006869
v -0.008000 -0.003994 0.001993
v -0.008000 -0.003994 0.002007
v -0.008000 -0.003991 0.005990
v -0.014126 -0.007086 0.015154
v -0.014066 -0.005000 0.015786
v -0.014019 -0.003830 0.015943
v -0.012060 -0.007480 0.009481
v -0.012741 -0.007092 0.011269
v -0.013318 -0.006872 0.012833
v -0.013917 -0.006726 0.014630
v -0.012169 -0.005142 0.011204
v -0.013009 -0.004992 0.012982
v -0.013767 -0.005000 0.014893
v -0.012813 -0.003000 0.013181
v -0.013613 -0.003000 0.015016
v -0.012701 -0.000986 0.013260
v -0.013511 -0.001000 0.015000
v -0.011448 -0.006860 0.008831
v -0.011924 -0.006210 0.010139
v -0.010875 -0.005086 0.009084
v -0.011796 -0.004801 0.010690
v -0.010438 -0.003247 0.009350
v -0.011327 -0.002945 0.010661
v -0.010290 -0.001000 0.009653
v -0.011217 -0.000986 0.010860
v -0.009867 -0.004285 0.008162
v -0.009532 -0.002578 0.008484
v -0.009363 -0.001000 0.008639
v -0.012072 -0.002564 0.011877
v -0.011992 -0.000762 0.012013
v -0.015211 -0.007939 0.016961
v -0.015527 -0.007563 0.017187
v -0.015500 -0.006500 0.017638
v -0.015500 -0.005739 0.017914
v -0.015500 -0.005239 0.018064
v -0.015500 -0.004500 0.018271
v -0.015500 -0.003500 0.018534
v -0.015500 -0.002500 0.018669
v -0.015500 -0.001500 0.018735
v -0.015500 -0.000500 0.018834
v -0.014701 -0.007563 0.016577
v -0.014891 -0.007272 0.017123
v -0.014422 -0.006500 0.016500
v -0.014789 -0.006500 0.017279
v -0.014310 -0.005500 0.016500
v -0.014766 -0.005458 0.017550
v -0.014972 -0.005096 0.018024
v -0.014240 -0.004500 0.016500
v -0.014593 -0.004500 0.017500
v -0.014901 -0.004500 0.018102
v -0.014806 -0.003500 0.018226
v -0.014781 -0.002500 0.018284
v -0.014778 -0.001500 0.018313
v -0.014756 -0.000500 0.018369
v -0.014277 -0.003000 0.017006
v -0.014245 -0.001000 0.017074
v -0.013977 -0.002832 0.016074
v -0.013952 -0.001000 0.016148
v -0.007992 -0.007015 0.000500
v -0.007996 -0.007008 0.001076
v -0.007978 -0.006500 0.000500
v -0.007986 -0.006484 0.001446
v -0.007985 -0.006139 0.002500
v -0.007991 -0.006036 0.003500
v -0.007988 -0.005416 0.004403
v -0.007991 -0.005026 0.005025
v -0.007972 -0.004500 0.004500
v -0.007987 -0.004500 0.005261
v -0.007989 -0.003324 0.006043
v -0.007985 -0.002500 0.006128
v -0.007987 -0.001440 0.006477
v -0.007996 -0.001066 0.007007
v -0.007978 -0.000500 0.006500
v -0.007992 -0.000500 0.007016
v -0.007998 -0.006003 0.004005
v -0.007986 -0.004973 0.000977
v -0.007980 -0.004994 0.003023
v -0.007974 -0.003024 0.001024
v -0.007974 -0.003024 0.002976
v -0.007973 -0.003024 0.005023
v -0.007970 -0.001000 0.001000
v -0.007970 -0.001000 0.003000
v -0.007971 -0.001000 0.005000
v -0.025096 0.000214 -0.059165
v -0.025260 0.000528 -0.058520
v -0.025723 0.000436 -0.057444
v -0.025863 0.000723 -0.056500
v -0.025091 0.001100 -0.058200
v -0.025219 0.001234 -0.057500
v -0.025363 0.001394 -0.056500
v -0.024205 0.000500 -0.060263
v -0.024723 0.000528 -0.059499
v -0.024931 0.000881 -0.058867
v -0.024049 0.001050 -0.060061
v -0.024235 0.001205 -0.059500
v -0.024558 0.001377 -0.058520
v -0.024459 0.001771 -0.057520
v -0.024797 0.001894 -0.056500
v -0.026058 0.000141 -0.056786
v -0.024198 0.002078 -0.056850
v -0.026153 0.000543 -0.055458
v -0.026279 0.000500 -0.054500
v -0.026342 0.000500 -0.053500
v -0.026366 0.000500 -0.052500
v -0.026389 0.000500 -0.051500
v -0.026423 0.000500 -0.050500
v -0.026018 0.001028 -0.055096
v -0.026062 0.001116 -0.054500
v -0.026112 0.001274 -0.053500
v -0.026114 0.001543 -0.052442
v -0.026194 0.001500 -0.051500
v -0.026281 0.001500 -0.050500
v -0.026065 0.004500 -0.049232
v -0.026263 0.004500 -0.048500
v -0.026023 0.005047 -0.049047
v -0.026139 0.005428 -0.048472
v -0.025950 0.000905 -0.055763
v -0.025523 0.001505 -0.055521
v -0.025728 0.001616 -0.054500
v -0.025096 0.002091 -0.055279
v -0.025228 0.002240 -0.054500
v -0.025348 0.002538 -0.053485
v -0.025758 0.002418 -0.052442
v -0.025900 0.002684 -0.051500
v -0.025976 0.002882 -0.050857
v -0.025077 0.003066 -0.053142
v -0.025226 0.003232 -0.052500
v -0.025409 0.003546 -0.051516
v -0.025862 0.003527 -0.050514
v -0.025148 0.004113 -0.051194
v -0.025277 0.004468 -0.050401
v -0.025735 0.004500 -0.049732
v -0.025001 0.005001 -0.050001
v -0.025401 0.005172 -0.049428
v -0.025500 0.005715 -0.048754
v -0.025500 0.006223 -0.048254
v -0.024964 0.001981 -0.055946
v -0.024579 0.002252 -0.055568
v -0.024500 0.002644 -0.054500
v -0.024500 0.002917 -0.053843
v -0.024500 0.003146 -0.053343
v -0.024500 0.003541 -0.052500
v -0.024500 0.003895 -0.051824
v -0.024500 0.004184 -0.051324
v -0.024500 0.004684 -0.050507
v -0.024500 0.005004 -0.050007
v -0.024500 0.005366 -0.049500
v -0.024500 0.005862 -0.048829
v -0.024500 0.006267 -0.048329
v -0.026440 0.001000 -0.049000
v -0.026009 0.002030 -0.052070
v -0.026053 0.002642 -0.050735
v -0.026276 0.003007 -0.049014
v -0.026083 0.006119 -0.048120
v -0.025920 0.001840 -0.053118
v -0.025979 0.003878 -0.049929
v -0.026432 0.004500 -0.047500
v -0.026470 0.004500 -0.046500
v -0.026446 0.004500 -0.041500
v -0.026430 0.004500 -0.040500
v -0.026391 0.005500 -0.047500
v -0.026464 0.005500 -0.046500
v -0.026211 0.005324 -0.041500
v -0.026195 0.005272 -0.040500
v -0.026158 0.006471 -0.047425
v -0.026199 0.006542 -0.046552
v -0.026026 0.007020 -0.047042
v -0.026026 0.007020 -0.046921
v -0.025500 0.006723 -0.047594
v -0.025823 0.006903 -0.046254
v -0.025494 0.006813 -0.045471
v -0.025500 0.006556 -0.044500
v -0.025596 0.006261 -0.043409
v -0.025399 0.006180 -0.042500
v -0.025247 0.006112 -0.041500
v -0.025157 0.006072 -0.040500
v -0.025500 0.007046 -0.047094
v -0.025494 0.007070 -0.046552
v -0.025157 0.007056 -0.045785
v -0.024500 0.006767 -0.047621
v -0.024798 0.006968 -0.045119
v -0.024479 0.006868 -0.044557
v -0.024500 0.006612 -0.043500
v -0.024500 0.006424 -0.042500
v -0.024500 0.006289 -0.041500
v -0.024500 0.006211 -0.040500
v -0.024500 0.007061 -0.047121
v -0.024500 0.007185 -0.046500
v -0.024479 0.007111 -0.045471
v -0.024131 0.007020 -0.044928
v -0.026442 0.005000 -0.045000
v -0.026346 0.005005 -0.042977
v -0.026177 0.006228 -0.045000
v -0.026070 0.006071 -0.043682
v -0.025946 0.005959 -0.042758
v -0.025702 0.005798 -0.041000
v -0.026468 0.002000 -0.046000
v -0.026470 0.002000 -0.042000
v -0.026422 0.004500 -0.039500
v -0.026426 0.004500 -0.038500
v -0.026440 0.004500 -0.037500
v -0.026456 0.004500 -0.036500
v -0.026467 0.004500 -0.035500
v -0.026470 0.004500 -0.034500
v -0.026187 0.005253 -0.039500
v -0.026191 0.005266 -0.038500
v -0.026206 0.005312 -0.037500
v -0.026222 0.005405 -0.036500
v -0.026224 0.005586 -0.035565
v -0.026378 0.005500 -0.034500
v -0.026210 0.006360 -0.033500
v -0.026249 0.006587 -0.032578
v -0.026103 0.007111 -0.032297
v -0.025130 0.006061 -0.039500
v -0.025163 0.006079 -0.038500
v -0.025251 0.006126 -0.037500
v -0.025387 0.006201 -0.036500
v -0.025587 0.006284 -0.035565
v -0.025412 0.006687 -0.034415
v -0.025744 0.006860 -0.033500
v -0.025972 0.006978 -0.032963
v -0.025020 0.007008 -0.034026
v -0.025244 0.007100 -0.033500
v -0.025583 0.007291 -0.032578
v -0.024500 0.006191 -0.039500
v -0.024500 0.006227 -0.038500
v -0.024500 0.006320 -0.037500
v -0.024500 0.006469 -0.036500
v -0.024500 0.006674 -0.035500
v -0.024500 0.006895 -0.034641
v -0.024500 0.007041 -0.034141
v -0.024500 0.007258 -0.033500
v -0.024500 0.007626 -0.032500
v -0.026463 0.005000 -0.033000
v -0.026102 0.006122 -0.034887
v -0.025646 0.005759 -0.039000
v -0.025819 0.005859 -0.037000
v -0.025978 0.005977 -0.035942
v -0.026468 0.002000 -0.038000
v -0.026467 0.002000 -0.034000
v -0.026426 0.006500 -0.031500
v -0.026454 0.006500 -0.030500
v -0.026339 0.006500 -0.029500
v -0.026103 0.006441 -0.028516
v -0.026190 0.007254 -0.031500
v -0.026222 0.007359 -0.030500
v -0.026152 0.007252 -0.029500
v -0.026056 0.007085 -0.028859
v -0.025897 0.006735 -0.028193
v -0.025751 0.006441 -0.027559
v -0.025313 0.006596 -0.026408
v -0.025197 0.006380 -0.025500
v -0.025099 0.006190 -0.024500
v -0.025423 0.007752 -0.031420
v -0.025423 0.007875 -0.030541
v -0.025500 0.007669 -0.029500
v -0.025538 0.007300 -0.028516
v -0.025246 0.007192 -0.027500
v -0.025097 0.007085 -0.026680
v -0.024993 0.006993 -0.026013
v -0.024895 0.006880 -0.025500
v -0.024749 0.006690 -0.024500
v -0.024500 0.007909 -0.031664
v -0.024500 0.007975 -0.030230
v -0.024500 0.007846 -0.029500
v -0.024500 0.007647 -0.028500
v -0.024500 0.007463 -0.027500
v -0.024596 0.007233 -0.026408
v -0.024395 0.007192 -0.025500
v -0.024249 0.007153 -0.024500
v -0.026467 0.001000 -0.027000
v -0.026468 0.001000 -0.025000
v -0.026330 0.003000 -0.027000
v -0.026257 0.003008 -0.024975
v -0.026467 0.005000 -0.031000
v -0.026324 0.005000 -0.029000
v -0.026073 0.004859 -0.027146
v -0.026034 0.004133 -0.025669
v -0.026019 0.006068 -0.027932
v -0.025987 0.003965 -0.024751
v -0.025898 0.005307 -0.026708
v -0.025656 0.004995 -0.024975
v -0.026453 0.002000 -0.030000
v -0.026361 0.002500 -0.023500
v -0.026358 0.002500 -0.022500
v -0.026369 0.002500 -0.021500
v -0.026393 0.002500 -0.020500
v -0.026428 0.002500 -0.019500
v -0.026458 0.002500 -0.018500
v -0.026128 0.003330 -0.023500
v -0.026125 0.003289 -0.022500
v -0.026135 0.003297 -0.021500
v -0.026159 0.003354 -0.020500
v -0.026164 0.003559 -0.019464
v -0.026292 0.003500 -0.018500
v -0.026136 0.004503 -0.017433
v -0.026313 0.004500 -0.016500
v -0.026015 0.005035 -0.017056
v -0.026092 0.005245 -0.016500
v -0.025030 0.006058 -0.023500
v -0.025002 0.006004 -0.022947
v -0.025019 0.006043 -0.020253
v -0.025061 0.006148 -0.019500
v -0.025113 0.006493 -0.018401
v -0.025000 0.007001 -0.018002
v -0.024669 0.006558 -0.023500
v -0.024702 0.006403 -0.022568
v -0.024637 0.006500 -0.021500
v -0.024763 0.006426 -0.020552
v -0.024806 0.006648 -0.019500
v -0.024909 0.006821 -0.018669
v -0.024169 0.007117 -0.023500
v -0.024137 0.007103 -0.022500
v -0.024151 0.007120 -0.021500
v -0.024209 0.007173 -0.020500
v -0.024306 0.007266 -0.019500
v -0.024545 0.007321 -0.018401
v -0.026469 0.001000 -0.023000
v -0.026469 0.001000 -0.021000
v -0.026470 0.001000 -0.019000
v -0.026470 0.001000 -0.017000
v -0.026447 0.003000 -0.017000
v -0.026041 0.004093 -0.018803
v -0.025918 0.003809 -0.023000
v -0.025918 0.003826 -0.021000
v -0.025968 0.003931 -0.019772
v -0.025329 0.005210 -0.022870
v -0.025259 0.005334 -0.021079
v -0.025608 0.005018 -0.018991
v -0.025861 0.005335 -0.017219
v -0.025088 0.007189 -0.017047
v -0.026435 0.004500 -0.015500
v -0.026470 0.004500 -0.014500
v -0.026222 0.005575 -0.015574
v -0.026432 0.005500 -0.014500
v -0.026103 0.006301 -0.015290
v -0.026228 0.006580 -0.014583
v -0.026442 0.006500 -0.013500
v -0.026470 0.006500 -0.012500
v -0.026105 0.007500 -0.014263
v -0.026331 0.007500 -0.013500
v -0.026462 0.007500 -0.012500
v -0.026438 0.001000 -0.015000
v -0.026289 0.001000 -0.013000
v -0.026286 0.001000 -0.011000
v -0.026435 0.001000 -0.009000
v -0.026470 0.003000 -0.015000
v -0.026456 0.003000 -0.013000
v -0.026456 0.003000 -0.011000
v -0.026470 0.003000 -0.009000
v -0.026470 0.005000 -0.013000
v -0.025984 0.005958 -0.015956
v -0.025832 0.007137 -0.015202
v -0.026470 0.006000 -0.010000
v -0.026450 0.001000 -0.003000
v -0.026444 0.001000 -0.001000
v -0.026288 0.003000 -0.003000
v -0.026261 0.003000 -0.001000
v -0.026220 0.005000 -0.003000
v -0.026185 0.005000 -0.001000
v -0.026360 0.007000 -0.003000
v -0.026326 0.007000 -0.001000
v -0.026462 0.002000 -0.006000
v -0.026452 0.006000 -0.006000
v -0.027092 0.011825 -0.100318
v -0.027138 0.011739 -0.099500
v -0.027138 0.011740 -0.098500
v -0.027139 0.011738 -0.097500
v -0.027140 0.011735 -0.096500
v -0.027068 0.012689 -0.101078
v -0.027190 0.012414 -0.100591
v -0.027371 0.012500 -0.099500
v -0.027371 0.012500 -0.098500
v -0.027372 0.012500 -0.097500
v -0.027374 0.012500 -0.096500
v -0.027103 0.013500 -0.101118
v -0.027338 0.013500 -0.100500
v -0.027468 0.013500 -0.099500
v -0.027465 0.013500 -0.098500
v -0.027456 0.013500 -0.097500
v -0.027445 0.013500 -0.096500
v -0.027102 0.014500 -0.101117
v -0.027337 0.014500 -0.100500
v -0.027455 0.014500 -0.099500
v -0.027411 0.014500 -0.098500
v -0.027351 0.014500 -0.097500
v -0.027308 0.014500 -0.096500
v -0.027067 0.015309 -0.101076
v -0.027188 0.015585 -0.100590
v -0.027330 0.015500 -0.099500
v -0.027220 0.015500 -0.098500
v -0.027103 0.015535 -0.097596
v -0.027097 0.015307 -0.096500
v -0.026079 0.010932 -0.101063
v -0.026226 0.010809 -0.100500
v -0.026332 0.010717 -0.099500
v -0.026333 0.010714 -0.098500
v -0.026335 0.010712 -0.097500
v -0.026337 0.010709 -0.096500
v -0.026304 0.011500 -0.101235
v -0.026777 0.011495 -0.100591
v -0.026833 0.011239 -0.099500
v -0.026833 0.011240 -0.098500
v -0.026835 0.011238 -0.097500
v -0.026837 0.011235 -0.096500
v -0.026596 0.012414 -0.101375
v -0.026993 0.012023 -0.100985
v -0.026500 0.013500 -0.101561
v -0.026500 0.014500 -0.101557
v -0.026596 0.015585 -0.101369
v -0.026993 0.015975 -0.100983
v -0.026963 0.015891 -0.097327
v -0.026934 0.015807 -0.096500
v -0.025500 0.010785 -0.101194
v -0.025500 0.010410 -0.100500
v -0.025500 0.010247 -0.099500
v -0.025500 0.010241 -0.098500
v -0.025500 0.010237 -0.097500
v -0.025500 0.010232 -0.096500
v -0.025500 0.011500 -0.101616
v -0.025500 0.012500 -0.101878
v -0.025500 0.013500 -0.101910
v -0.025500 0.014500 -0.101904
v -0.025500 0.015500 -0.101865
v -0.024500 0.010651 -0.101309
v -0.024415 0.010133 -0.100405
v -0.024561 0.010030 -0.099500
v -0.024591 0.010027 -0.098500
v -0.024631 0.010025 -0.097500
v -0.024682 0.010023 -0.096500
v -0.024500 0.011500 -0.101778
v -0.024500 0.012500 -0.101937
v -0.024500 0.013500 -0.101934
v -0.024500 0.014500 -0.101929
v -0.024500 0.015500 -0.101922
v -0.024025 0.009998 -0.100008
v -0.024076 0.009995 -0.099000
v -0.024157 0.009989 -0.097000
v -0.027141 0.011733 -0.095500
v -0.027142 0.011730 -0.094500
v -0.027143 0.011726 -0.093500
v -0.027146 0.011722 -0.092500
v -0.027100 0.011810 -0.091500
v -0.027036 0.011933 -0.090957
v -0.027375 0.012500 -0.095500
v -0.027375 0.012500 -0.094500
v -0.027377 0.012500 -0.093500
v -0.027379 0.012500 -0.092500
v -0.027293 0.012500 -0.091500
v -0.027102 0.012500 -0.090877
v -0.027444 0.013500 -0.095500
v -0.027454 0.013500 -0.094500
v -0.027464 0.013500 -0.093500
v -0.027469 0.013500 -0.092500
v -0.027385 0.013500 -0.091500
v -0.027150 0.013500 -0.090816
v -0.027305 0.014500 -0.095500
v -0.027342 0.014500 -0.094500
v -0.027401 0.014500 -0.093500
v -0.027450 0.014500 -0.092500
v -0.027384 0.014500 -0.091500
v -0.027150 0.014500 -0.090815
v -0.027095 0.015296 -0.095500
v -0.027122 0.015385 -0.094500
v -0.027160 0.015581 -0.093561
v -0.027309 0.015500 -0.092500
v -0.027277 0.015500 -0.091500
v -0.027098 0.015500 -0.090879
v -0.026340 0.010707 -0.095500
v -0.026342 0.010705 -0.094500
v -0.026345 0.010704 -0.093500
v -0.026347 0.010702 -0.092500
v -0.026273 0.010763 -0.091500
v -0.026133 0.010884 -0.090885
v -0.026840 0.011233 -0.095500
v -0.026842 0.011230 -0.094500
v -0.026845 0.011226 -0.093500
v -0.026847 0.011222 -0.092500
v -0.026773 0.011310 -0.091500
v -0.026480 0.011560 -0.090725
v -0.026419 0.012523 -0.090321
v -0.026031 0.012872 -0.089983
v -0.026547 0.013500 -0.090316
v -0.026047 0.013500 -0.089975
v -0.026545 0.014500 -0.090315
v -0.026929 0.015796 -0.095500
v -0.026960 0.015885 -0.094500
v -0.026989 0.015969 -0.093934
v -0.026417 0.015466 -0.090324
v -0.025500 0.010227 -0.095500
v -0.025500 0.010220 -0.094500
v -0.025500 0.010218 -0.093500
v -0.025500 0.010214 -0.092500
v -0.025500 0.010312 -0.091500
v -0.025407 0.010761 -0.090531
v -0.025012 0.010992 -0.089993
v -0.025719 0.011500 -0.090188
v -0.025219 0.011500 -0.089882
v -0.025568 0.012523 -0.089820
v -0.025500 0.013500 -0.089803
v -0.025500 0.014500 -0.089859
v -0.025497 0.015466 -0.089939
v -0.024697 0.010020 -0.095500
v -0.024702 0.010015 -0.094500
v -0.024743 0.010014 -0.093500
v -0.024809 0.010012 -0.092500
v -0.024537 0.010047 -0.091487
v -0.024500 0.010445 -0.090500
v -0.024500 0.010892 -0.089864
v -0.024500 0.011500 -0.089566
v -0.024500 0.012500 -0.089472
v -0.024500 0.013500 -0.089611
v -0.024500 0.014500 -0.089746
v -0.024500 0.015500 -0.089861
v -0.026037 0.014805 -0.089981
v -0.024199 0.009989 -0.095000
v -0.024276 0.009983 -0.093000
v -0.024228 0.009985 -0.091811
v -0.025947 0.012206 -0.090033
v -0.025828 0.015777 -0.090034
v -0.025038 0.008009 -0.031033
v -0.025038 0.008009 -0.030901
v -0.024500 0.008038 -0.031164
v -0.024500 0.008038 -0.030730
v -0.025037 0.008041 -0.016087
v -0.024171 0.008106 -0.017295
v -0.024502 0.008237 -0.016452
v -0.026134 0.008427 -0.013459
v -0.026386 0.008500 -0.012500
v -0.026057 0.009083 -0.013098
v -0.026155 0.009450 -0.012438
v -0.026124 0.010431 -0.011406
v -0.026352 0.010500 -0.010500
v -0.026008 0.011008 -0.011010
v -0.026119 0.011225 -0.010500
v -0.026141 0.012210 -0.009288
v -0.026238 0.012526 -0.008503
v -0.026098 0.013107 -0.008171
v -0.025170 0.008198 -0.015500
v -0.025494 0.008468 -0.014441
v -0.025799 0.008712 -0.013765
v -0.025132 0.009101 -0.014168
v -0.025479 0.009306 -0.013459
v -0.025500 0.009807 -0.012791
v -0.025500 0.010225 -0.012291
v -0.025500 0.010725 -0.011680
v -0.025500 0.011158 -0.011180
v -0.025569 0.011702 -0.010511
v -0.025543 0.012517 -0.009527
v -0.025804 0.012877 -0.008838
v -0.025137 0.013070 -0.009099
v -0.025482 0.013276 -0.008503
v -0.024494 0.008707 -0.015497
v -0.024823 0.008890 -0.014835
v -0.024156 0.009084 -0.015161
v -0.024494 0.009279 -0.014501
v -0.024592 0.009825 -0.013552
v -0.024987 0.009993 -0.012991
v -0.024321 0.010177 -0.013254
v -0.024584 0.010546 -0.012560
v -0.024847 0.010915 -0.011898
v -0.024181 0.011106 -0.012130
v -0.024481 0.011488 -0.011488
v -0.024782 0.011870 -0.010852
v -0.024691 0.012823 -0.009765
v -0.024414 0.013197 -0.009459
v -0.024540 0.013759 -0.008517
v -0.026021 0.008046 -0.014046
v -0.026448 0.009000 -0.011000
v -0.026470 0.009000 -0.009000
v -0.026045 0.010051 -0.012064
v -0.026416 0.011019 -0.009018
v -0.025949 0.011959 -0.009954
v -0.024456 0.012422 -0.010429
v -0.024234 0.014118 -0.008196
v -0.026439 0.008500 -0.001500
v -0.026444 0.008500 -0.000500
v -0.026341 0.009500 -0.001500
v -0.026338 0.009500 -0.000500
v -0.026424 0.012500 -0.007500
v -0.026468 0.012500 -0.006500
v -0.026052 0.012500 -0.001500
v -0.026053 0.012500 -0.000500
v -0.026188 0.013287 -0.007500
v -0.026244 0.013566 -0.006543
v -0.026016 0.013548 -0.001480
v -0.026019 0.013548 -0.000557
v -0.026166 0.014189 -0.005500
v -0.026147 0.014186 -0.004500
v -0.026004 0.014006 -0.001800
v -0.026009 0.014018 -0.000262
v -0.025554 0.013800 -0.007544
v -0.025923 0.013943 -0.006905
v -0.025997 0.013914 -0.001133
v -0.025997 0.013914 -0.000928
v -0.025256 0.014122 -0.007240
v -0.025554 0.014288 -0.006543
v -0.025430 0.014708 -0.005454
v -0.025539 0.014686 -0.004500
v -0.025401 0.014667 -0.003586
v -0.025500 0.014509 -0.002500
v -0.025506 0.014496 -0.001471
v -0.025649 0.014411 -0.000557
v -0.025049 0.015025 -0.005090
v -0.025038 0.015020 -0.004500
v -0.025002 0.015001 -0.003977
v -0.025014 0.015009 -0.001142
v -0.025063 0.015042 -0.000500
v -0.024900 0.013950 -0.007907
v -0.024540 0.014315 -0.007544
v -0.024510 0.014802 -0.006531
v -0.024851 0.014929 -0.005757
v -0.024972 0.014982 -0.003311
v -0.024963 0.014977 -0.002500
v -0.024979 0.014987 -0.001809
v -0.024184 0.015090 -0.006219
v -0.024510 0.015185 -0.005454
v -0.024500 0.015323 -0.004500
v -0.024583 0.015239 -0.003586
v -0.024463 0.015281 -0.002500
v -0.024587 0.015244 -0.001485
v -0.024500 0.015381 -0.000500
v -0.026442 0.009000 -0.003000
v -0.026272 0.011000 -0.003000
v -0.026151 0.011000 -0.001000
v -0.026399 0.013000 -0.005000
v -0.026149 0.013000 -0.003000
v -0.026095 0.014096 -0.006238
v -0.026046 0.014065 -0.003000
v -0.026466 0.010000 -0.006000
v -0.027091 0.016171 -0.100317
v -0.027110 0.016207 -0.099500
v -0.027042 0.016080 -0.098500
v -0.027001 0.016001 -0.097994
v -0.026300 0.016500 -0.101228
v -0.026771 0.016503 -0.100590
v -0.026798 0.016707 -0.099500
v -0.026721 0.016580 -0.098500
v -0.026689 0.016401 -0.097596
v -0.026523 0.016500 -0.096500
v -0.026073 0.017062 -0.101058
v -0.026219 0.017186 -0.100500
v -0.026298 0.017252 -0.099500
v -0.026221 0.017186 -0.098500
v -0.026139 0.017118 -0.097500
v -0.026089 0.017075 -0.096500
v -0.025500 0.016500 -0.101596
v -0.025500 0.017202 -0.101182
v -0.025500 0.017574 -0.100500
v -0.025500 0.017694 -0.099500
v -0.025500 0.017572 -0.098500
v -0.025500 0.017443 -0.097500
v -0.025500 0.017363 -0.096500
v -0.024500 0.016500 -0.101753
v -0.024500 0.017333 -0.101294
v -0.024500 0.017815 -0.100500
v -0.024500 0.017919 -0.099500
v -0.024500 0.017805 -0.098500
v -0.024500 0.017685 -0.097500
v -0.024500 0.017611 -0.096500
v -0.027041 0.016076 -0.093267
v -0.027094 0.016173 -0.092500
v -0.027087 0.016160 -0.091500
v -0.027031 0.016059 -0.090961
v -0.026509 0.016500 -0.095500
v -0.026573 0.016500 -0.094500
v -0.026741 0.016446 -0.093561
v -0.026768 0.016673 -0.092500
v -0.026750 0.016660 -0.091500
v -0.026477 0.016435 -0.090732
v -0.026080 0.017067 -0.095500
v -0.026113 0.017095 -0.094500
v -0.026184 0.017154 -0.093500
v -0.026268 0.017223 -0.092500
v -0.026250 0.017207 -0.091500
v -0.026128 0.017106 -0.090891
v -0.025497 0.016450 -0.090215
v -0.025161 0.016083 -0.089973
v -0.025500 0.017347 -0.095500
v -0.025500 0.017397 -0.094500
v -0.025500 0.017507 -0.093500
v -0.025500 0.017636 -0.092500
v -0.025500 0.017606 -0.091500
v -0.025500 0.017257 -0.090744
v -0.024500 0.016640 -0.090136
v -0.024500 0.016140 -0.089957
v -0.024500 0.017595 -0.095500
v -0.024500 0.017640 -0.094500
v -0.024500 0.017742 -0.093500
v -0.024500 0.017861 -0.092500
v -0.024500 0.017832 -0.091500
v -0.024500 0.017374 -0.090636
v -0.016141 0.007924 -0.089500
v -0.016069 0.007955 -0.088901
v -0.016061 0.007971 -0.090780
v -0.019542 0.000533 -0.064287
v -0.019236 0.001071 -0.064123
v -0.018262 0.000261 -0.065155
v -0.018557 0.000557 -0.064798
v -0.018500 0.001142 -0.064280
v -0.017395 0.000485 -0.065426
v -0.017754 0.000928 -0.064916
v -0.017087 0.001014 -0.065030
v -0.017452 0.001177 -0.064550
v -0.016500 0.000718 -0.065646
v -0.016500 0.001060 -0.065146
v -0.016500 0.001337 -0.064500
v -0.016768 0.000130 -0.066110
v -0.020086 0.000222 -0.064065
v -0.023285 0.000500 -0.061283
v -0.023785 0.000500 -0.060763
v -0.023085 0.001076 -0.061086
v -0.023451 0.001227 -0.060436
v -0.023500 0.001615 -0.059500
v -0.023500 0.001866 -0.058500
v -0.023500 0.001979 -0.057895
v -0.023500 0.002070 -0.057395
v -0.023500 0.002254 -0.056500
v -0.022279 0.000500 -0.062236
v -0.022778 0.000500 -0.061783
v -0.022086 0.001072 -0.062084
v -0.022451 0.001240 -0.061452
v -0.022500 0.001641 -0.060500
v -0.022500 0.001838 -0.059500
v -0.022427 0.001953 -0.058401
v -0.022711 0.001999 -0.057993
v -0.022427 0.002066 -0.057596
v -0.022500 0.002273 -0.056500
v -0.021182 0.000500 -0.063138
v -0.021682 0.000500 -0.062736
v -0.021045 0.001031 -0.063038
v -0.021427 0.001199 -0.062450
v -0.021500 0.001615 -0.061500
v -0.021500 0.001801 -0.060500
v -0.020451 0.000533 -0.063680
v -0.020500 0.001146 -0.063240
v -0.020500 0.001518 -0.062500
v -0.020500 0.001774 -0.061500
v -0.020500 0.001814 -0.060500
v -0.019903 0.000889 -0.063949
v -0.019542 0.001276 -0.063569
v -0.019500 0.001695 -0.062500
v -0.019500 0.001805 -0.061500
v -0.019500 0.001814 -0.060500
v -0.018500 0.001500 -0.063500
v -0.018500 0.001762 -0.062500
v -0.018500 0.001806 -0.061500
v -0.018500 0.001814 -0.060500
v -0.017500 0.001599 -0.063500
v -0.017500 0.001793 -0.062500
v -0.016500 0.001681 -0.063500
v -0.016500 0.001808 -0.062500
v -0.022044 0.002000 -0.058002
v -0.021022 0.001900 -0.058975
v -0.020905 0.001998 -0.057985
v -0.021977 0.002000 -0.058002
v -0.021022 0.002170 -0.057019
v -0.019000 0.001899 -0.059000
v -0.019000 0.001999 -0.057993
v -0.019000 0.002175 -0.056997
v -0.017000 0.001810 -0.061000
v -0.017000 0.001900 -0.059000
v -0.017000 0.001999 -0.057996
v -0.017000 0.002176 -0.056998
v -0.023500 0.002508 -0.055500
v -0.023500 0.002818 -0.054500
v -0.023500 0.002993 -0.053983
v -0.023500 0.003194 -0.053483
v -0.023500 0.003622 -0.052500
v -0.022500 0.002521 -0.055500
v -0.022500 0.002825 -0.054500
v -0.022500 0.002996 -0.053990
v -0.022500 0.003196 -0.053490
v -0.022500 0.003624 -0.052500
v -0.023000 0.004635 -0.050629
v -0.023000 0.005617 -0.049164
v -0.023000 0.006264 -0.048328
v -0.021000 0.002667 -0.055000
v -0.021000 0.003268 -0.053322
v -0.021000 0.004633 -0.050626
v -0.021000 0.005615 -0.049163
v -0.021000 0.006264 -0.048326
v -0.019000 0.002668 -0.055000
v -0.019000 0.003269 -0.053323
v -0.019000 0.004633 -0.050626
v -0.019000 0.005615 -0.049163
v -0.019000 0.006264 -0.048326
v -0.017000 0.002670 -0.055000
v -0.017000 0.003270 -0.053324
v -0.017000 0.004634 -0.050627
v -0.017000 0.005616 -0.049164
v -0.017000 0.006264 -0.048327
v -0.022000 0.003927 -0.051861
v -0.018000 0.003927 -0.051860
v -0.023500 0.006764 -0.047619
v -0.023500 0.006894 -0.044381
v -0.023500 0.007061 -0.047119
v -0.023500 0.007233 -0.046500
v -0.023500 0.007205 -0.045500
v -0.023500 0.007033 -0.044881
v -0.022500 0.006763 -0.047622
v -0.022500 0.006897 -0.044371
v -0.022500 0.007063 -0.047122
v -0.022500 0.007242 -0.046500
v -0.022500 0.007215 -0.045500
v -0.022500 0.007036 -0.044871
v -0.021500 0.006764 -0.047622
v -0.021500 0.006896 -0.044374
v -0.021500 0.007064 -0.047122
v -0.021500 0.007242 -0.046500
v -0.021500 0.007214 -0.045500
v -0.021500 0.007036 -0.044874
v -0.020500 0.006764 -0.047622
v -0.020500 0.006895 -0.044375
v -0.020500 0.007064 -0.047122
v -0.020500 0.007242 -0.046500
v -0.020500 0.007214 -0.045500
v -0.020500 0.007035 -0.044875
v -0.019500 0.006763 -0.047622
v -0.019500 0.006895 -0.044374
v -0.019500 0.007064 -0.047122
v -0.019500 0.007242 -0.046500
v -0.019500 0.007214 -0.045500
v -0.019500 0.007036 -0.044875
v -0.018500 0.006764 -0.047623
v -0.018500 0.006895 -0.044374
v -0.018500 0.007064 -0.047123
v -0.018500 0.007242 -0.046500
v -0.018500 0.007214 -0.045500
v -0.018500 0.007036 -0.044874
v -0.017500 0.006764 -0.047623
v -0.017500 0.006896 -0.044373
v -0.017500 0.007064 -0.047123
v -0.017500 0.007242 -0.046500
v -0.017500 0.007214 -0.045500
v -0.017500 0.007036 -0.044873
v -0.016500 0.006764 -0.047622
v -0.016500 0.006896 -0.044373
v -0.016500 0.007064 -0.047122
v -0.016500 0.007241 -0.046500
v -0.016500 0.007214 -0.045500
v -0.016500 0.007036 -0.044873
v -0.023000 0.006590 -0.043000
v -0.023000 0.006326 -0.041000
v -0.021000 0.006589 -0.043000
v -0.021000 0.006325 -0.041000
v -0.019000 0.006589 -0.043000
v -0.019000 0.006325 -0.041000
v -0.017000 0.006590 -0.043000
v -0.017000 0.006326 -0.041000
v -0.023000 0.006287 -0.039000
v -0.023000 0.006470 -0.037000
v -0.023000 0.006917 -0.034838
v -0.023000 0.007513 -0.033000
v -0.021000 0.006287 -0.039000
v -0.021000 0.006470 -0.037000
v -0.021000 0.006917 -0.034839
v -0.021000 0.007514 -0.033000
v -0.019000 0.006287 -0.039000
v -0.019000 0.006470 -0.037000
v -0.019000 0.006917 -0.034839
v -0.019000 0.007514 -0.033000
v -0.017000 0.006287 -0.039000
v -0.017000 0.006470 -0.037000
v -0.017000 0.006918 -0.034839
v -0.017000 0.007514 -0.033000
v -0.023500 0.007949 -0.031806
v -0.023500 0.007990 -0.030062
v -0.023500 0.007440 -0.025500
v -0.023500 0.007424 -0.024500
v -0.022500 0.007953 -0.031836
v -0.022908 0.007998 -0.030010
v -0.022500 0.007543 -0.025500
v -0.022500 0.007595 -0.024500
v -0.023011 0.007809 -0.029021
v -0.023000 0.007554 -0.027000
v -0.021000 0.007952 -0.031836
v -0.021000 0.007865 -0.028968
v -0.021000 0.007692 -0.027000
v -0.021000 0.007725 -0.025000
v -0.019000 0.007952 -0.031835
v -0.019000 0.007875 -0.028964
v -0.019000 0.007730 -0.027000
v -0.019000 0.007801 -0.025000
v -0.017000 0.007952 -0.031835
v -0.017000 0.007875 -0.028964
v -0.017000 0.007729 -0.027000
v -0.017000 0.007800 -0.025000
v -0.023500 0.007423 -0.023500
v -0.023500 0.007448 -0.022500
v -0.023500 0.007513 -0.021500
v -0.023500 0.007629 -0.020500
v -0.023473 0.007810 -0.019585
v -0.023822 0.007901 -0.018500
v -0.022500 0.007687 -0.023500
v -0.022415 0.007843 -0.022422
v -0.022675 0.007893 -0.021500
v -0.022898 0.007956 -0.020500
v -0.022990 0.007995 -0.019975
v -0.023973 0.007985 -0.017962
v -0.021123 0.007930 -0.023178
v -0.018000 0.007952 -0.023718
v -0.023500 0.009993 -0.099500
v -0.023500 0.009987 -0.098500
v -0.023500 0.010630 -0.101324
v -0.023500 0.010131 -0.100508
v -0.023500 0.011500 -0.101793
v -0.022427 0.009997 -0.099482
v -0.022427 0.009991 -0.098582
v -0.022500 0.010630 -0.101324
v -0.022500 0.010130 -0.100505
v -0.022045 0.010001 -0.099137
v -0.022045 0.010001 -0.098970
v -0.022500 0.011500 -0.101793
v -0.021585 0.009993 -0.099482
v -0.021585 0.009979 -0.098582
v -0.021500 0.010631 -0.101323
v -0.021500 0.010131 -0.100515
v -0.021975 0.010001 -0.099137
v -0.021975 0.010001 -0.098970
v -0.021500 0.011500 -0.101792
v -0.020500 0.009959 -0.099500
v -0.020500 0.009922 -0.098500
v -0.020500 0.010630 -0.101324
v -0.020500 0.010130 -0.100558
v -0.020500 0.011500 -0.101793
v -0.019500 0.010627 -0.101325
v -0.019500 0.010127 -0.100639
v -0.019500 0.011500 -0.101794
v -0.018500 0.010626 -0.101325
v -0.018500 0.010126 -0.100716
v -0.018500 0.011500 -0.101793
v -0.017500 0.009686 -0.099500
v -0.017500 0.009523 -0.098500
v -0.017500 0.010626 -0.101323
v -0.017500 0.010126 -0.100763
v -0.017500 0.011500 -0.101792
v -0.016500 0.009570 -0.099500
v -0.016500 0.009327 -0.098500
v -0.016500 0.010618 -0.101322
v -0.016500 0.010118 -0.100803
v -0.016500 0.011500 -0.101790
v -0.023000 0.009999 -0.100006
v -0.023000 0.009980 -0.097000
v -0.021000 0.009992 -0.100036
v -0.021000 0.009895 -0.097000
v -0.019000 0.009943 -0.100178
v -0.019000 0.009802 -0.099000
v -0.019000 0.009641 -0.097000
v -0.017000 0.009875 -0.100283
v -0.016750 0.009132 -0.096933
v -0.022000 0.014000 -0.101931
v -0.018000 0.014000 -0.101931
v -0.023538 0.009954 -0.091487
v -0.023230 0.009973 -0.090934
v -0.023897 0.010013 -0.091145
v -0.023538 0.010200 -0.090560
v -0.023500 0.010741 -0.089635
v -0.023500 0.011500 -0.089239
v -0.023500 0.012500 -0.089324
v -0.023500 0.013500 -0.089534
v -0.022500 0.009849 -0.091500
v -0.022500 0.009923 -0.090784
v -0.022500 0.010126 -0.090284
v -0.022564 0.010658 -0.089412
v -0.022273 0.010930 -0.088940
v -0.022564 0.011546 -0.089056
v -0.022273 0.011243 -0.088940
v -0.022500 0.012500 -0.089238
v -0.022500 0.013500 -0.089474
v -0.021500 0.009710 -0.091500
v -0.021512 0.009843 -0.090467
v -0.021512 0.010288 -0.089540
v -0.021500 0.010827 -0.088874
v -0.021500 0.011928 -0.089017
v -0.021500 0.011428 -0.088874
v -0.021500 0.012500 -0.089174
v -0.021500 0.013500 -0.089431
v -0.020500 0.009529 -0.091500
v -0.020500 0.009583 -0.090500
v -0.020500 0.010140 -0.089183
v -0.020500 0.010640 -0.088826
v -0.020864 0.011993 -0.089002
v -0.020518 0.011596 -0.088859
v -0.020518 0.012406 -0.089118
v -0.020197 0.012010 -0.088997
v -0.020500 0.013500 -0.089413
v -0.019591 0.009644 -0.089407
v -0.019318 0.009865 -0.088826
v -0.019985 0.010014 -0.089011
v -0.019591 0.010408 -0.088744
v -0.019500 0.011500 -0.088803
v -0.018235 0.008904 -0.089723
v -0.018541 0.009159 -0.089434
v -0.018500 0.009667 -0.088661
v -0.018500 0.010500 -0.088457
v -0.018500 0.011500 -0.088778
v -0.017576 0.008703 -0.089434
v -0.017294 0.008835 -0.088690
v -0.017961 0.009025 -0.089057
v -0.017576 0.009415 -0.088462
v -0.017500 0.010500 -0.088333
v -0.017500 0.011500 -0.088732
v -0.016641 0.008200 -0.089500
v -0.016523 0.008482 -0.088462
v -0.016586 0.009596 -0.088031
v -0.016500 0.010500 -0.088265
v -0.016500 0.011500 -0.088680
v -0.023000 0.009951 -0.095000
v -0.023000 0.009913 -0.093000
v -0.023000 0.015000 -0.089756
v -0.021000 0.009800 -0.095000
v -0.021000 0.009697 -0.093000
v -0.020844 0.009891 -0.089792
v -0.021854 0.010044 -0.090112
v -0.021000 0.015000 -0.089720
v -0.019000 0.009467 -0.095000
v -0.018813 0.009219 -0.092879
v -0.018854 0.009088 -0.091000
v -0.019000 0.012695 -0.089175
v -0.019000 0.015000 -0.089714
v -0.017047 0.008964 -0.095050
v -0.017314 0.008778 -0.093093
v -0.017004 0.008404 -0.090984
v -0.017000 0.012774 -0.089133
v -0.017000 0.015000 -0.089683
v -0.016309 0.008796 -0.087845
v -0.016309 0.009327 -0.087845
v -0.023500 0.008076 -0.031306
v -0.023500 0.008076 -0.030562
v -0.022500 0.008090 -0.031336
v -0.022545 0.008075 -0.030406
v -0.021500 0.008091 -0.031336
v -0.021500 0.008100 -0.030500
v -0.020500 0.008090 -0.031335
v -0.020500 0.008102 -0.030500
v -0.019500 0.008090 -0.031335
v -0.019500 0.008101 -0.030500
v -0.018500 0.008090 -0.031335
v -0.018500 0.008101 -0.030500
v -0.017500 0.008090 -0.031335
v -0.017500 0.008101 -0.030500
v -0.016500 0.008090 -0.031335
v -0.016500 0.008101 -0.030500
v -0.022241 0.008005 -0.029974
v -0.021000 0.008010 -0.029936
v -0.019000 0.008011 -0.029927
v -0.017000 0.008011 -0.029928
v -0.021500 0.008231 -0.021500
v -0.021500 0.008501 -0.020500
v -0.021493 0.008815 -0.019489
v -0.021821 0.008928 -0.018768
v -0.021155 0.009059 -0.019149
v -0.021493 0.009180 -0.018461
v -0.021436 0.009640 -0.017444
v -0.021771 0.009852 -0.016500
v -0.021061 0.010037 -0.017074
v -0.021271 0.010187 -0.016500
v -0.020500 0.008385 -0.021500
v -0.020500 0.008693 -0.020500
v -0.020500 0.008931 -0.019821
v -0.020500 0.009131 -0.019321
v -0.020500 0.009496 -0.018500
v -0.020500 0.009864 -0.017729
v -0.020500 0.010127 -0.017229
v -0.020420 0.010629 -0.016411
v -0.020033 0.011012 -0.016019
v -0.022025 0.008007 -0.022037
v -0.022287 0.008129 -0.021000
v -0.022704 0.008452 -0.018791
v -0.022954 0.008924 -0.016961
v -0.020775 0.008064 -0.022661
v -0.019000 0.008113 -0.022859
v -0.019000 0.008606 -0.021000
v -0.019000 0.009248 -0.019283
v -0.019000 0.009920 -0.017854
v -0.019000 0.010642 -0.016641
v -0.017000 0.008114 -0.022859
v -0.017000 0.008607 -0.021000
v -0.017000 0.009250 -0.019285
v -0.017000 0.009921 -0.017856
v -0.017000 0.010643 -0.016643
v -0.019500 0.011411 -0.015500
v -0.019500 0.011889 -0.014859
v -0.019500 0.012299 -0.014359
v -0.019500 0.012799 -0.013777
v -0.019500 0.013274 -0.013277
v -0.019500 0.013774 -0.012776
v -0.019500 0.014253 -0.012276
v -0.019500 0.014753 -0.011653
v -0.019500 0.015099 -0.011153
v -0.019500 0.015531 -0.010500
v -0.019500 0.015932 -0.009899
v -0.018500 0.011421 -0.015500
v -0.018500 0.011895 -0.014870
v -0.018500 0.012312 -0.014370
v -0.018500 0.012812 -0.013796
v -0.018500 0.013295 -0.013296
v -0.018500 0.013795 -0.012801
v -0.018500 0.014279 -0.012301
v -0.018500 0.014779 -0.011691
v -0.018500 0.015125 -0.011191
v -0.018500 0.015587 -0.010500
v -0.018500 0.015961 -0.009941
v -0.017500 0.014779 -0.011691
v -0.017500 0.015126 -0.011191
v -0.017500 0.015587 -0.010500
v -0.016500 0.014776 -0.011689
v -0.016500 0.015125 -0.011189
v -0.016500 0.015587 -0.010500
v -0.023267 0.009543 -0.015267
v -0.023909 0.009948 -0.013921
v -0.022503 0.010458 -0.014515
v -0.023072 0.011073 -0.013082
v -0.022322 0.012253 -0.012280
v -0.022991 0.012937 -0.010950
v -0.023396 0.013827 -0.009397
v -0.022161 0.014111 -0.010165
v -0.022676 0.014639 -0.008850
v -0.021967 0.009977 -0.015957
v -0.021081 0.011079 -0.015091
v -0.021493 0.011905 -0.013498
v -0.020298 0.012191 -0.014232
v -0.020911 0.012889 -0.012902
v -0.021549 0.013562 -0.011545
v -0.020213 0.014152 -0.012167
v -0.020777 0.014746 -0.010774
v -0.021213 0.015460 -0.009201
v -0.017000 0.011657 -0.015184
v -0.017000 0.012311 -0.014369
v -0.017000 0.013300 -0.013297
v -0.017000 0.014278 -0.012300
v -0.017000 0.015962 -0.009942
v -0.023244 0.011908 -0.011896
v -0.023447 0.015734 -0.005488
v -0.023675 0.015803 -0.004500
v -0.022904 0.015941 -0.005813
v -0.023199 0.015213 -0.007172
v -0.021802 0.015855 -0.007692
v -0.023709 0.015804 -0.002000
v -0.023500 0.016500 -0.101770
v -0.023500 0.017356 -0.101311
v -0.023500 0.017854 -0.100500
v -0.023500 0.017952 -0.099500
v -0.023500 0.017839 -0.098500
v -0.022500 0.016500 -0.101770
v -0.022500 0.017356 -0.101311
v -0.022500 0.017854 -0.100500
v -0.022500 0.017952 -0.099500
v -0.022500 0.017839 -0.098500
v -0.021500 0.016500 -0.101770
v -0.021500 0.017356 -0.101311
v -0.021500 0.017854 -0.100500
v -0.021500 0.017952 -0.099500
v -0.021500 0.017839 -0.098500
v -0.020500 0.016500 -0.101770
v -0.020500 0.017356 -0.101311
v -0.020500 0.017854 -0.100500
v -0.020500 0.017952 -0.099500
v -0.020500 0.017840 -0.098500
v -0.019500 0.016500 -0.101770
v -0.019500 0.017356 -0.101311
v -0.019500 0.017854 -0.100500
v -0.019500 0.017953 -0.099500
v -0.019500 0.017840 -0.098500
v -0.018500 0.016500 -0.101770
v -0.018500 0.017356 -0.101311
v -0.018500 0.017854 -0.100500
v -0.018500 0.017953 -0.099500
v -0.018500 0.017840 -0.098500
v -0.017500 0.016500 -0.101770
v -0.017500 0.017356 -0.101311
v -0.017500 0.017854 -0.100500
v -0.017500 0.017953 -0.099500
v -0.017500 0.017840 -0.098500
v -0.016500 0.016500 -0.101770
v -0.016500 0.017356 -0.101311
v -0.016500 0.017854 -0.100500
v -0.016500 0.017953 -0.099500
v -0.016500 0.017840 -0.098500
v -0.023000 0.017682 -0.097000
v -0.021000 0.017683 -0.097000
v -0.019000 0.017683 -0.097000
v -0.017000 0.017683 -0.097000
v -0.023500 0.016666 -0.090122
v -0.023500 0.017868 -0.091500
v -0.023500 0.017393 -0.090622
v -0.022500 0.016678 -0.090122
v -0.022500 0.017867 -0.091500
v -0.022500 0.017392 -0.090622
v -0.021500 0.016680 -0.090122
v -0.021500 0.017867 -0.091500
v -0.021500 0.017392 -0.090622
v -0.020500 0.016681 -0.090122
v -0.020500 0.017867 -0.091500
v -0.020500 0.017392 -0.090622
v -0.019500 0.016676 -0.090122
v -0.019500 0.017867 -0.091500
v -0.019500 0.017392 -0.090622
v -0.018500 0.016676 -0.090123
v -0.018500 0.017867 -0.091500
v -0.018500 0.017392 -0.090623
v -0.017500 0.016685 -0.090123
v -0.017500 0.017867 -0.091500
v -0.017500 0.017392 -0.090623
v -0.016500 0.016691 -0.090123
v -0.016500 0.017867 -0.091500
v -0.016500 0.017392 -0.090623
v -0.023000 0.017652 -0.095000
v -0.023000 0.017835 -0.093000
v -0.023000 0.016172 -0.089947
v -0.021000 0.017653 -0.095000
v -0.021000 0.017835 -0.093000
v -0.021000 0.016181 -0.089942
v -0.019000 0.016176 -0.089944
v -0.017000 0.016188 -0.089938
v -0.018000 0.017744 -0.094000
v -0.019500 0.016245 -0.009399
v -0.019424 0.016781 -0.008404
v -0.019041 0.017003 -0.008007
v -0.018500 0.016270 -0.009441
v -0.018500 0.016771 -0.008509
v -0.018500 0.017004 -0.008009
v -0.017000 0.016683 -0.008655
v -0.020638 0.016193 -0.008654
v -0.023079 0.016045 -0.005146
v -0.023176 0.016114 -0.004500
v -0.022543 0.016271 -0.005488
v -0.022402 0.016643 -0.004404
v -0.022002 0.017002 -0.004007
v -0.021500 0.017436 -0.003500
v -0.021500 0.017465 -0.002500
v -0.020903 0.017929 -0.003500
v -0.020950 0.017956 -0.002500
v -0.020404 0.018270 -0.003500
v -0.020450 0.018335 -0.002500
v -0.019707 0.016975 -0.007947
v -0.019424 0.017179 -0.007568
v -0.019500 0.017667 -0.006500
v -0.019500 0.017945 -0.005818
v -0.019500 0.018087 -0.005318
v -0.019500 0.018314 -0.004500
v -0.019500 0.018581 -0.003500
v -0.019500 0.018726 -0.002500
v -0.019500 0.018775 -0.001500
v -0.019500 0.018863 -0.000500
v -0.018500 0.017249 -0.007500
v -0.018500 0.017712 -0.006500
v -0.018500 0.017967 -0.005885
v -0.018500 0.018105 -0.005385
v -0.018500 0.018352 -0.004500
v -0.018500 0.018623 -0.003500
v -0.018500 0.018783 -0.002500
v -0.018500 0.018845 -0.001500
v -0.018500 0.018925 -0.000500
v -0.022105 0.016068 -0.006763
v -0.022570 0.016592 -0.003000
v -0.022606 0.016618 -0.001000
v -0.020884 0.016868 -0.006890
v -0.021263 0.017282 -0.005013
v -0.021210 0.017760 -0.001083
v -0.020159 0.018092 -0.004833
v -0.020687 0.018236 -0.000722
v -0.017000 0.017482 -0.007000
v -0.017000 0.017967 -0.005885
v -0.017000 0.018229 -0.004943
v -0.017000 0.018702 -0.003000
v -0.017000 0.018885 -0.001000
v -0.013128 0.007949 -0.097123
v -0.013477 0.007870 -0.096411
v -0.012432 0.007845 -0.097474
v -0.012500 0.007452 -0.096500
v -0.011009 0.006996 -0.097007
v -0.011251 0.006862 -0.096500
v -0.011405 0.007394 -0.097404
v -0.011751 0.007111 -0.096500
v -0.010500 0.006870 -0.097187
v -0.010441 0.006389 -0.096441
v -0.010500 0.007195 -0.097687
v -0.014011 0.007996 -0.096018
v -0.012054 0.007982 -0.098030
v -0.010069 0.005957 -0.096068
v -0.010642 0.007877 -0.098565
v -0.008742 0.005549 -0.096677
v -0.008950 0.007297 -0.098683
v -0.009373 0.006502 -0.097453
v -0.015500 0.007539 -0.089500
v -0.015511 0.007720 -0.088541
v -0.014318 0.006791 -0.089500
v -0.014274 0.006796 -0.088500
v -0.014818 0.007115 -0.089500
v -0.014774 0.007184 -0.088500
v -0.014259 0.007877 -0.095000
v -0.014880 0.007743 -0.092974
v -0.014739 0.007285 -0.090947
v -0.012127 0.005905 -0.092300
v -0.012612 0.005831 -0.090655
v -0.012565 0.005404 -0.088930
v -0.012859 0.007118 -0.094857
v -0.013157 0.006789 -0.093013
v -0.013327 0.006459 -0.091208
v -0.013620 0.006293 -0.089000
v -0.010007 0.003992 -0.092017
v -0.010203 0.003784 -0.091000
v -0.010570 0.003430 -0.088860
v -0.010512 0.005530 -0.094615
v -0.010884 0.005124 -0.092892
v -0.011374 0.006393 -0.095330
v -0.011926 0.006051 -0.093233
v -0.008078 0.001897 -0.092155
v -0.008465 0.001496 -0.090585
v -0.008788 0.001165 -0.088989
v -0.008525 0.003880 -0.094513
v -0.008809 0.003162 -0.092857
v -0.009253 0.002724 -0.091022
v -0.009782 0.002650 -0.089274
v -0.009163 0.004798 -0.095140
v -0.009752 0.004224 -0.093092
v -0.011327 0.004664 -0.090342
v -0.013093 0.005909 -0.087787
v -0.013514 0.006476 -0.087456
v -0.013246 0.006736 -0.086500
v -0.013060 0.006926 -0.085954
v -0.013935 0.007109 -0.087124
v -0.013497 0.007422 -0.086539
v -0.013060 0.007069 -0.085954
v -0.012078 0.004922 -0.087500
v -0.012005 0.004994 -0.086987
v -0.012633 0.005545 -0.087472
v -0.012264 0.005491 -0.086592
v -0.012951 0.006055 -0.087121
v -0.012826 0.006236 -0.086500
v -0.012418 0.006477 -0.085583
v -0.012019 0.006028 -0.084979
v -0.012500 0.007666 -0.086236
v -0.012500 0.007166 -0.085875
v -0.011141 0.003830 -0.087500
v -0.011088 0.003883 -0.086707
v -0.011641 0.004422 -0.087500
v -0.011486 0.004506 -0.086514
v -0.011251 0.004636 -0.085500
v -0.011111 0.004837 -0.084500
v -0.011030 0.004953 -0.083956
v -0.011884 0.005151 -0.086320
v -0.011751 0.005343 -0.085500
v -0.011407 0.005513 -0.084580
v -0.011030 0.005054 -0.083956
v -0.011500 0.006645 -0.085267
v -0.011500 0.006145 -0.084871
v -0.011500 0.007793 -0.086156
v -0.011500 0.007293 -0.085768
v -0.010235 0.002688 -0.087500
v -0.010221 0.002660 -0.086500
v -0.010735 0.003330 -0.087500
v -0.010770 0.003530 -0.086424
v -0.010988 0.004018 -0.086041
v -0.010911 0.004136 -0.085500
v -0.010786 0.004337 -0.084500
v -0.010460 0.004591 -0.083508
v -0.010079 0.004177 -0.082500
v -0.010500 0.005727 -0.084199
v -0.010500 0.005227 -0.083762
v -0.010500 0.006823 -0.085153
v -0.010500 0.006323 -0.084699
v -0.010688 0.007904 -0.086073
v -0.010413 0.007542 -0.085720
v -0.009101 0.000793 -0.085500
v -0.009049 0.000881 -0.084718
v -0.009449 0.001500 -0.085500
v -0.009229 0.001413 -0.084431
v -0.009378 0.002500 -0.081500
v -0.009262 0.002500 -0.080500
v -0.009535 0.003605 -0.081566
v -0.009184 0.003201 -0.080500
v -0.009847 0.004896 -0.083061
v -0.009508 0.004622 -0.082554
v -0.009500 0.004105 -0.081848
v -0.009464 0.005489 -0.083516
v -0.009180 0.005062 -0.082924
v -0.009795 0.006932 -0.085060
v -0.009439 0.006480 -0.084522
v -0.009477 0.007426 -0.085381
v -0.009129 0.007044 -0.084960
v -0.008864 0.000293 -0.085500
v -0.008864 0.000529 -0.084431
v -0.008991 0.001021 -0.084051
v -0.008735 0.003893 -0.081140
v -0.008441 0.003658 -0.080576
v -0.008500 0.004787 -0.082277
v -0.008441 0.004244 -0.081484
v -0.008068 0.004024 -0.080961
v -0.008500 0.005678 -0.083365
v -0.008500 0.005178 -0.082777
v -0.008500 0.006623 -0.084371
v -0.008500 0.007636 -0.085316
v -0.008500 0.007136 -0.084871
v -0.014514 0.007502 -0.087467
v -0.012073 0.005908 -0.085240
v -0.010231 0.003167 -0.085087
v -0.010134 0.003761 -0.083000
v -0.010007 0.003984 -0.081991
v -0.010007 0.004007 -0.081991
v -0.009080 0.000933 -0.087113
v -0.008913 0.001119 -0.083000
v -0.008840 0.001210 -0.081000
v -0.009881 0.002174 -0.087000
v -0.009864 0.002640 -0.084727
v -0.009697 0.002880 -0.083000
v -0.009749 0.005916 -0.084084
v -0.008791 0.006076 -0.083918
v -0.011003 0.000005 -0.072005
v -0.010142 0.000212 -0.073281
v -0.010485 0.000282 -0.072403
v -0.009064 0.000818 -0.077500
v -0.009174 0.000464 -0.076518
v -0.009430 0.000500 -0.075500
v -0.009616 0.000500 -0.074500
v -0.009735 0.000527 -0.073569
v -0.009624 0.000849 -0.072500
v -0.009091 0.001514 -0.077506
v -0.009176 0.001265 -0.076500
v -0.009261 0.001207 -0.075500
v -0.009257 0.001131 -0.074500
v -0.009188 0.001070 -0.073500
v -0.009124 0.001037 -0.072500
v -0.009121 0.002483 -0.079552
v -0.009114 0.002147 -0.078500
v -0.009067 0.002058 -0.077844
v -0.009059 0.003043 -0.079920
v -0.008891 0.000318 -0.077500
v -0.008963 0.000107 -0.076863
v -0.008842 0.001857 -0.077177
v -0.008505 0.001793 -0.076463
v -0.008500 0.001604 -0.075500
v -0.008500 0.001432 -0.074500
v -0.008500 0.001306 -0.073500
v -0.008500 0.001238 -0.072500
v -0.008500 0.002850 -0.079199
v -0.008500 0.002531 -0.078500
v -0.008505 0.002186 -0.077506
v -0.008175 0.002068 -0.076772
v -0.008500 0.003154 -0.079699
v -0.008931 0.001090 -0.078869
v -0.015208 0.000160 -0.067159
v -0.015525 0.000434 -0.066544
v -0.015500 0.000922 -0.065838
v -0.015500 0.001132 -0.065338
v -0.015500 0.001467 -0.064500
v -0.014475 0.000306 -0.067495
v -0.014510 0.000834 -0.066441
v -0.014849 0.000981 -0.065952
v -0.014182 0.001022 -0.066068
v -0.014510 0.001169 -0.065571
v -0.014500 0.001570 -0.064500
v -0.013104 0.000086 -0.069110
v -0.013462 0.000237 -0.068468
v -0.013500 0.000640 -0.067500
v -0.013500 0.000908 -0.066711
v -0.013500 0.001068 -0.066211
v -0.012480 0.000235 -0.069466
v -0.012500 0.000567 -0.068500
v -0.012464 0.000862 -0.067442
v -0.012774 0.000963 -0.066880
v -0.012107 0.001018 -0.067070
v -0.012464 0.001128 -0.066528
v -0.011159 0.000129 -0.071500
v -0.011525 0.000297 -0.070503
v -0.011500 0.000594 -0.069500
v -0.011402 0.000839 -0.068402
v -0.011003 0.001001 -0.068003
v -0.011500 0.001627 -0.065500
v -0.011500 0.001795 -0.064500
v -0.010500 0.000520 -0.071500
v -0.010500 0.000714 -0.070500
v -0.010434 0.000871 -0.069455
v -0.010723 0.000934 -0.068670
v -0.010056 0.001013 -0.069092
v -0.010434 0.001057 -0.068402
v -0.010500 0.001750 -0.065500
v -0.010500 0.001819 -0.064500
v -0.009622 0.000892 -0.071500
v -0.009728 0.000925 -0.070500
v -0.009122 0.001034 -0.071500
v -0.009228 0.001063 -0.070500
v -0.009500 0.001813 -0.065500
v -0.009500 0.001821 -0.064500
v -0.008500 0.001231 -0.071500
v -0.008500 0.001289 -0.070500
v -0.008500 0.001826 -0.065500
v -0.008500 0.001821 -0.064500
v -0.014125 0.000103 -0.068113
v -0.012133 0.000109 -0.070171
v -0.013000 0.001547 -0.065000
v -0.011114 0.001221 -0.067136
v -0.009179 0.001266 -0.069143
v -0.009000 0.001691 -0.067000
v -0.015500 0.001743 -0.063500
v -0.015500 0.001812 -0.062500
v -0.014500 0.001784 -0.063500
v -0.014500 0.001812 -0.062500
v -0.013500 0.001806 -0.063500
v -0.013500 0.001811 -0.062500
v -0.012500 0.001815 -0.063500
v -0.012500 0.001811 -0.062500
v -0.015000 0.001810 -0.061000
v -0.015000 0.001899 -0.059000
v -0.015000 0.001999 -0.057995
v -0.015000 0.002176 -0.056998
v -0.013000 0.001810 -0.061000
v -0.013000 0.001899 -0.059000
v -0.013000 0.001999 -0.057993
v -0.013000 0.002175 -0.056997
v -0.011000 0.001899 -0.059000
v -0.011000 0.001999 -0.057994
v -0.011000 0.002176 -0.056997
v -0.009000 0.001900 -0.059000
v -0.009000 0.001999 -0.057996
v -0.009000 0.002176 -0.056998
v -0.010000 0.001812 -0.062000
v -0.015000 0.002669 -0.055000
v -0.015000 0.003269 -0.053323
v -0.015000 0.004633 -0.050626
v -0.015000 0.005615 -0.049163
v -0.015000 0.006263 -0.048326
v -0.013000 0.002669 -0.055000
v -0.013000 0.003269 -0.053323
v -0.013000 0.004634 -0.050627
v -0.013000 0.005615 -0.049163
v -0.013000 0.006264 -0.048327
v -0.011000 0.002669 -0.055000
v -0.011000 0.003269 -0.053323
v -0.011000 0.004634 -0.050627
v -0.011000 0.005615 -0.049163
v -0.011000 0.006264 -0.048327
v -0.009000 0.002670 -0.055000
v -0.009000 0.003270 -0.053324
v -0.009000 0.004634 -0.050627
v -0.009000 0.005615 -0.049163
v -0.009000 0.006264 -0.048327
v -0.014000 0.003926 -0.051860
v -0.010000 0.003927 -0.051861
v -0.015500 0.006763 -0.047622
v -0.015500 0.006896 -0.044373
v -0.015500 0.007064 -0.047122
v -0.015500 0.007241 -0.046500
v -0.015500 0.007214 -0.045500
v -0.015500 0.007036 -0.044873
v -0.014500 0.006763 -0.047622
v -0.014500 0.006896 -0.044373
v -0.014500 0.007064 -0.047122
v -0.014500 0.007242 -0.046500
v -0.014500 0.007214 -0.045500
v -0.014500 0.007036 -0.044873
v -0.013500 0.006764 -0.047622
v -0.013500 0.006896 -0.044373
v -0.013500 0.007064 -0.047122
v -0.013500 0.007242 -0.046500
v -0.013500 0.007214 -0.045500
v -0.013500 0.007036 -0.044873
v -0.012500 0.006764 -0.047622
v -0.012500 0.006896 -0.044374
v -0.012500 0.007064 -0.047122
v -0.012500 0.007242 -0.046500
v -0.012500 0.007214 -0.045500
v -0.012500 0.007036 -0.044874
v -0.011500 0.006764 -0.047622
v -0.011500 0.006896 -0.044374
v -0.011500 0.007064 -0.047122
v -0.011500 0.007242 -0.046500
v -0.011500 0.007214 -0.045500
v -0.011500 0.007036 -0.044874
v -0.010500 0.006764 -0.047622
v -0.010500 0.006896 -0.044374
v -0.010500 0.007064 -0.047122
v -0.010500 0.007242 -0.046500
v -0.010500 0.007214 -0.045500
v -0.010500 0.007036 -0.044874
v -0.009500 0.006764 -0.047622
v -0.009500 0.006895 -0.044374
v -0.009500 0.007064 -0.047122
v -0.009500 0.007242 -0.046500
v -0.009500 0.007214 -0.045500
v -0.009500 0.007036 -0.044874
v -0.008500 0.006764 -0.047622
v -0.008500 0.006895 -0.044376
v -0.008500 0.007064 -0.047122
v -0.008500 0.007241 -0.046500
v -0.008500 0.007213 -0.045500
v -0.008500 0.007035 -0.044875
v -0.015000 0.006590 -0.043000
v -0.015000 0.006326 -0.041000
v -0.013000 0.006589 -0.043000
v -0.013000 0.006326 -0.041000
v -0.011000 0.006589 -0.043000
v -0.011000 0.006326 -0.041000
v -0.009000 0.006589 -0.043000
v -0.009000 0.006325 -0.041000
v -0.015000 0.006287 -0.039000
v -0.015000 0.006470 -0.037000
v -0.015000 0.006917 -0.034839
v -0.015000 0.007514 -0.033000
v -0.013000 0.006287 -0.039000
v -0.013000 0.006470 -0.037000
v -0.013000 0.006918 -0.034839
v -0.013000 0.007514 -0.033000
v -0.011000 0.006287 -0.039000
v -0.011000 0.006470 -0.037000
v -0.011000 0.006918 -0.034839
v -0.011000 0.007514 -0.033000
v -0.009000 0.006286 -0.039000
v -0.009000 0.006469 -0.037000
v -0.009000 0.006917 -0.034839
v -0.009000 0.007513 -0.033000
v -0.013500 0.007952 -0.031836
v -0.012500 0.007952 -0.031835
v -0.012026 0.008000 -0.030002
v -0.011500 0.007952 -0.031835
v -0.011500 0.007996 -0.030022
v -0.010500 0.007952 -0.031836
v -0.010500 0.007993 -0.030036
v -0.009165 0.006841 -0.024235
v -0.009500 0.007952 -0.031836
v -0.009500 0.007988 -0.030055
v -0.009500 0.007260 -0.025500
v -0.009499 0.007144 -0.024541
v -0.008258 0.006781 -0.025283
v -0.008557 0.006478 -0.024561
v -0.008500 0.007952 -0.031835
v -0.008500 0.007979 -0.030091
v -0.008555 0.007084 -0.025570
v -0.008925 0.007038 -0.024902
v -0.015000 0.007952 -0.031835
v -0.015000 0.007874 -0.028964
v -0.015000 0.007725 -0.027000
v -0.015000 0.007787 -0.025000
v -0.012979 0.007849 -0.029006
v -0.013000 0.007632 -0.027000
v -0.013000 0.007634 -0.025000
v -0.011000 0.007791 -0.029000
v -0.011000 0.007517 -0.027000
v -0.011000 0.007454 -0.025000
v -0.008189 0.005766 -0.024220
v -0.009000 0.007734 -0.029000
v -0.009000 0.007365 -0.027000
v -0.012027 0.006956 -0.018109
v -0.012188 0.007975 -0.021853
v -0.012034 0.007956 -0.020135
v -0.012121 0.007792 -0.019500
v -0.012218 0.007460 -0.018465
v -0.011031 0.006951 -0.021066
v -0.011147 0.006766 -0.020500
v -0.011500 0.007611 -0.023500
v -0.011500 0.007673 -0.022500
v -0.011493 0.007562 -0.021460
v -0.011691 0.007574 -0.020481
v -0.010019 0.006979 -0.023036
v -0.010166 0.006760 -0.022500
v -0.010507 0.006492 -0.021510
v -0.010823 0.006266 -0.020500
v -0.010411 0.007274 -0.023422
v -0.010666 0.007256 -0.022500
v -0.010869 0.007149 -0.021733
v -0.009032 0.004948 -0.022052
v -0.009148 0.004569 -0.021406
v -0.009611 0.004580 -0.020436
v -0.009102 0.005876 -0.023143
v -0.009266 0.005526 -0.022431
v -0.009731 0.005489 -0.021573
v -0.009877 0.005149 -0.020726
v -0.009467 0.006577 -0.023423
v -0.009809 0.006260 -0.022500
v -0.009831 0.007094 -0.023703
v -0.008148 0.004500 -0.023220
v -0.008637 0.004569 -0.022431
v -0.008865 0.004281 -0.021677
v -0.008508 0.005488 -0.023519
v -0.008828 0.005210 -0.022719
v -0.008856 0.006174 -0.023810
v -0.014662 0.007964 -0.023395
v -0.013003 0.007859 -0.023064
v -0.012320 0.007148 -0.017000
v -0.010080 0.003734 -0.016878
v -0.010148 0.005424 -0.020594
v -0.010685 0.005326 -0.018952
v -0.010929 0.005024 -0.016920
v -0.011546 0.006696 -0.019224
v -0.011814 0.006297 -0.017000
v -0.008197 0.001000 -0.022435
v -0.008844 0.001000 -0.020776
v -0.009350 0.001000 -0.019000
v -0.009694 0.001000 -0.017000
v -0.008141 0.003053 -0.022797
v -0.008949 0.003127 -0.020933
v -0.009536 0.003000 -0.019000
v -0.009882 0.002909 -0.017013
v -0.009850 0.004228 -0.019000
v -0.009986 0.004021 -0.017923
v -0.009976 0.006034 -0.021954
v -0.010002 0.002982 -0.015061
v -0.010002 0.002982 -0.014946
v -0.010124 0.003419 -0.015437
v -0.010130 0.003420 -0.014567
v -0.009088 0.002500 -0.009733
v -0.009192 0.003474 -0.009455
v -0.009060 0.003790 -0.008858
v -0.009727 0.004526 -0.009446
v -0.009307 0.004476 -0.008515
v -0.009970 0.005037 -0.009076
v -0.009838 0.005201 -0.008500
v -0.008921 0.002500 -0.009233
v -0.008644 0.002500 -0.008500
v -0.008969 0.003123 -0.009092
v -0.008839 0.003474 -0.008515
v -0.008925 0.004127 -0.008191
v -0.012438 0.007081 -0.015000
v -0.012360 0.007124 -0.013000
v -0.010099 0.003724 -0.013000
v -0.010016 0.003959 -0.011932
v -0.011047 0.004964 -0.015000
v -0.010978 0.005008 -0.013001
v -0.010736 0.005212 -0.011010
v -0.010459 0.005516 -0.009429
v -0.011898 0.006163 -0.015000
v -0.011845 0.006249 -0.013000
v -0.011791 0.006809 -0.010878
v -0.011151 0.006855 -0.008862
v -0.009801 0.001000 -0.015000
v -0.009665 0.001000 -0.013000
v -0.009224 0.000857 -0.010791
v -0.008790 0.001075 -0.009315
v -0.009971 0.002811 -0.015003
v -0.009870 0.002862 -0.013000
v -0.009553 0.003019 -0.011015
v -0.009893 0.004149 -0.010883
v -0.012147 0.007462 -0.010863
v -0.009148 0.004793 -0.007726
v -0.009525 0.005469 -0.007453
v -0.009204 0.005747 -0.006500
v -0.009035 0.005957 -0.005945
v -0.009205 0.007770 -0.003500
v -0.009070 0.007926 -0.002775
v -0.008133 0.000500 -0.007542
v -0.008004 0.000884 -0.006130
v -0.008010 0.000530 -0.005434
v -0.008010 0.000500 -0.004797
v -0.008133 0.001533 -0.007414
v -0.008004 0.001104 -0.006130
v -0.008003 0.001888 -0.006912
v -0.008012 0.001272 -0.005500
v -0.008011 0.001259 -0.004778
v -0.008252 0.002500 -0.007500
v -0.008029 0.002500 -0.006743
v -0.008431 0.003500 -0.007500
v -0.008109 0.003500 -0.006574
v -0.008802 0.004476 -0.007436
v -0.008313 0.004414 -0.006412
v -0.008111 0.004690 -0.005699
v -0.008968 0.005040 -0.007060
v -0.008809 0.005247 -0.006500
v -0.008465 0.005491 -0.005489
v -0.008116 0.005736 -0.004500
v -0.008204 0.006425 -0.003577
v -0.008088 0.006625 -0.002500
v -0.008019 0.006791 -0.001730
v -0.008754 0.007270 -0.003500
v -0.008650 0.007556 -0.002465
v -0.008333 0.007404 -0.001438
v -0.008336 0.007516 -0.000500
v -0.010078 0.005897 -0.007847
v -0.010653 0.007303 -0.007124
v -0.010089 0.007871 -0.005224
v -0.008002 0.005956 -0.003962
v -0.009865 0.006557 -0.006568
v -0.009141 0.006866 -0.004912
v -0.015199 0.008945 -0.098168
v -0.015500 0.009445 -0.099500
v -0.015519 0.009122 -0.098501
v -0.015500 0.010615 -0.101322
v -0.015500 0.010115 -0.100831
v -0.015500 0.011500 -0.101790
v -0.014036 0.008993 -0.099013
v -0.014422 0.008874 -0.098501
v -0.014422 0.009255 -0.099408
v -0.014703 0.009054 -0.098835
v -0.014500 0.010627 -0.101322
v -0.014500 0.010127 -0.100839
v -0.014500 0.011500 -0.101791
v -0.013500 0.008939 -0.099100
v -0.013500 0.008644 -0.098500
v -0.013477 0.008211 -0.097474
v -0.013795 0.008079 -0.096684
v -0.013500 0.009233 -0.099600
v -0.013500 0.010622 -0.101328
v -0.013500 0.010122 -0.100859
v -0.013500 0.011500 -0.101797
v -0.012500 0.008832 -0.099247
v -0.012432 0.008318 -0.098418
v -0.012721 0.008088 -0.097790
v -0.012500 0.009174 -0.099747
v -0.012500 0.010583 -0.101355
v -0.012500 0.010083 -0.100908
v -0.012500 0.011500 -0.101824
v -0.011482 0.010422 -0.101333
v -0.011803 0.010036 -0.100961
v -0.011500 0.011500 -0.101869
v -0.010500 0.010500 -0.101534
v -0.010500 0.011500 -0.101912
v -0.009500 0.010500 -0.101671
v -0.009500 0.011500 -0.101936
v -0.008500 0.010500 -0.101784
v -0.008500 0.011500 -0.101942
v -0.015000 0.009799 -0.100335
v -0.015158 0.008679 -0.097135
v -0.013000 0.009703 -0.100383
v -0.010776 0.009565 -0.100641
v -0.011088 0.008610 -0.099374
v -0.009000 0.009202 -0.100783
v -0.009000 0.008227 -0.099734
v -0.014000 0.014000 -0.101931
v -0.010000 0.014000 -0.101932
v -0.015852 0.008130 -0.088234
v -0.015956 0.009994 -0.088003
v -0.015574 0.010424 -0.088175
v -0.015500 0.011500 -0.088630
v -0.014500 0.010604 -0.088184
v -0.014500 0.011500 -0.088572
v -0.015918 0.008039 -0.091726
v -0.015000 0.012859 -0.089085
v -0.015000 0.015000 -0.089653
v -0.013000 0.011119 -0.088298
v -0.012889 0.012959 -0.089021
v -0.013000 0.015000 -0.089613
v -0.011000 0.013091 -0.088924
v -0.011000 0.015000 -0.089549
v -0.009000 0.013192 -0.088834
v -0.009000 0.015000 -0.089499
v -0.015254 0.008181 -0.094295
v -0.010416 0.011372 -0.088144
v -0.015511 0.008478 -0.087636
v -0.015574 0.009596 -0.087777
v -0.014545 0.008500 -0.087190
v -0.014242 0.008167 -0.086897
v -0.014500 0.009500 -0.087627
v -0.013500 0.008798 -0.087125
v -0.013500 0.008298 -0.086808
v -0.013500 0.009500 -0.087530
v -0.012500 0.008894 -0.087067
v -0.012500 0.008394 -0.086737
v -0.012500 0.009500 -0.087422
v -0.011859 0.008962 -0.087024
v -0.011515 0.008577 -0.086704
v -0.011515 0.009433 -0.087245
v -0.011192 0.009054 -0.086966
v -0.010413 0.008404 -0.086363
v -0.010500 0.009658 -0.087207
v -0.010500 0.009158 -0.086899
v -0.014895 0.010072 -0.087965
v -0.013000 0.010237 -0.087879
v -0.010021 0.008007 -0.085995
v -0.010776 0.010688 -0.087832
v -0.009000 0.009289 -0.086700
v -0.009000 0.008157 -0.085873
v -0.009000 0.010850 -0.087688
v -0.015500 0.008090 -0.031335
v -0.015500 0.008101 -0.030500
v -0.014500 0.008090 -0.031335
v -0.014500 0.008101 -0.030500
v -0.013500 0.008091 -0.031336
v -0.013500 0.008100 -0.030500
v -0.012500 0.008091 -0.031335
v -0.012416 0.008075 -0.030401
v -0.011500 0.008090 -0.031335
v -0.011500 0.008090 -0.030522
v -0.010500 0.008092 -0.031336
v -0.010500 0.008092 -0.030536
v -0.009500 0.008092 -0.031336
v -0.009500 0.008092 -0.030555
v -0.008500 0.008092 -0.031335
v -0.008500 0.008092 -0.030592
v -0.015000 0.008011 -0.029927
v -0.013097 0.008007 -0.029957
v -0.013500 0.008263 -0.021500
v -0.013500 0.008555 -0.020500
v -0.013458 0.008860 -0.019504
v -0.013109 0.008910 -0.018500
v -0.013106 0.008792 -0.017500
v -0.013164 0.008643 -0.016500
v -0.013763 0.009070 -0.019173
v -0.013609 0.009219 -0.018500
v -0.013654 0.009533 -0.017459
v -0.013570 0.009500 -0.016500
v -0.013948 0.010050 -0.017099
v -0.013907 0.010139 -0.016500
v -0.012513 0.008095 -0.021512
v -0.012420 0.008206 -0.020481
v -0.012621 0.008372 -0.019500
v -0.012752 0.008410 -0.018500
v -0.012859 0.008292 -0.017500
v -0.012932 0.008143 -0.016500
v -0.011954 0.008033 -0.021186
v -0.011954 0.008033 -0.020802
v -0.015038 0.008092 -0.022863
v -0.015000 0.008576 -0.021000
v -0.015000 0.009223 -0.019255
v -0.015000 0.009898 -0.017802
v -0.015089 0.010613 -0.016603
v -0.013177 0.008042 -0.022197
v -0.015500 0.011414 -0.015500
v -0.015500 0.011889 -0.014857
v -0.015500 0.012297 -0.014357
v -0.015500 0.012797 -0.013772
v -0.015500 0.013267 -0.013272
v -0.015500 0.013767 -0.012767
v -0.015500 0.014244 -0.012267
v -0.015500 0.014744 -0.011649
v -0.015500 0.015096 -0.011149
v -0.015500 0.015518 -0.010500
v -0.015500 0.015922 -0.009897
v -0.014271 0.010733 -0.015500
v -0.014085 0.010784 -0.014500
v -0.014044 0.010865 -0.013500
v -0.014016 0.010951 -0.012885
v -0.014771 0.011207 -0.015500
v -0.014569 0.011555 -0.014540
v -0.014250 0.011500 -0.013500
v -0.014109 0.011467 -0.012531
v -0.014836 0.012191 -0.014233
v -0.014694 0.012515 -0.013501
v -0.014384 0.012500 -0.012500
v -0.014159 0.012411 -0.011413
v -0.014071 0.012710 -0.010500
v -0.014882 0.013163 -0.013168
v -0.014742 0.013498 -0.012495
v -0.014436 0.013500 -0.011500
v -0.014262 0.013500 -0.010500
v -0.014890 0.014144 -0.012159
v -0.014799 0.014486 -0.011443
v -0.014549 0.014500 -0.010500
v -0.014339 0.014500 -0.009500
v -0.014142 0.014437 -0.008457
v -0.014957 0.015045 -0.011072
v -0.014858 0.015223 -0.010500
v -0.014714 0.015552 -0.009540
v -0.014435 0.015500 -0.008500
v -0.013900 0.010233 -0.015500
v -0.013904 0.010284 -0.014500
v -0.014059 0.011779 -0.011689
v -0.014054 0.013423 -0.009399
v -0.013261 0.008705 -0.015000
v -0.013191 0.008779 -0.013000
v -0.012964 0.009032 -0.011016
v -0.012521 0.009238 -0.009172
v -0.013896 0.010683 -0.012750
v -0.013676 0.010992 -0.010978
v -0.013097 0.010855 -0.008858
v -0.013968 0.012114 -0.010761
v -0.013817 0.012932 -0.008931
v -0.013983 0.014061 -0.008095
v -0.011904 0.008185 -0.008803
v -0.014139 0.015135 -0.007066
v -0.014072 0.015765 -0.005000
v -0.014022 0.015935 -0.003798
v -0.012059 0.009483 -0.007483
v -0.012745 0.011265 -0.007088
v -0.012178 0.011198 -0.005134
v -0.013330 0.012828 -0.006867
v -0.013018 0.012971 -0.004974
v -0.012818 0.013175 -0.003000
v -0.012713 0.013246 -0.001007
v -0.013927 0.014605 -0.006699
v -0.013777 0.014882 -0.005000
v -0.013622 0.015015 -0.002995
v -0.013534 0.015000 -0.001000
v -0.011447 0.008831 -0.006864
v -0.010878 0.009080 -0.005085
v -0.010442 0.009346 -0.003240
v -0.010295 0.009649 -0.001000
v -0.011926 0.010134 -0.006206
v -0.011801 0.010683 -0.004790
v -0.011330 0.010657 -0.002942
v -0.011224 0.010852 -0.001007
v -0.009870 0.008158 -0.004282
v -0.009533 0.008482 -0.002573
v -0.009366 0.008636 -0.001000
v -0.012058 0.011903 -0.002101
v -0.011985 0.012025 -0.000238
v -0.015500 0.016500 -0.101770
v -0.015500 0.017356 -0.101311
v -0.015500 0.017854 -0.100500
v -0.015500 0.017953 -0.099500
v -0.015500 0.017840 -0.098500
v -0.014500 0.016500 -0.101770
v -0.014500 0.017356 -0.101311
v -0.014500 0.017854 -0.100500
v -0.014500 0.017953 -0.099500
v -0.014500 0.017840 -0.098500
v -0.013500 0.016500 -0.101770
v -0.013500 0.017356 -0.101311
v -0.013500 0.017854 -0.100500
v -0.013500 0.017953 -0.099500
v -0.013500 0.017840 -0.098500
v -0.012500 0.016500 -0.101770
v -0.012500 0.017356 -0.101311
v -0.012500 0.017854 -0.100500
v -0.012500 0.017953 -0.099500
v -0.012500 0.017840 -0.098500
v -0.011500 0.016500 -0.101770
v -0.011500 0.017356 -0.101311
v -0.011500 0.017854 -0.100500
v -0.011500 0.017953 -0.099500
v -0.011500 0.017840 -0.098500
v -0.010500 0.016500 -0.101770
v -0.010500 0.017356 -0.101311
v -0.010500 0.017854 -0.100500
v -0.010500 0.017953 -0.099500
v -0.010500 0.017841 -0.098500
v -0.009500 0.016500 -0.101770
v -0.009500 0.017356 -0.101311
v -0.009500 0.017854 -0.100500
v -0.009500 0.017953 -0.099500
v -0.009500 0.017841 -0.098500
v -0.008500 0.016500 -0.101770
v -0.008500 0.017356 -0.101311
v -0.008500 0.017855 -0.100500
v -0.008500 0.017953 -0.099500
v -0.008500 0.017841 -0.098500
v -0.015000 0.017683 -0.097000
v -0.013000 0.017683 -0.097000
v -0.011000 0.017683 -0.097000
v -0.009000 0.017683 -0.097000
v -0.015500 0.016693 -0.090123
v -0.015500 0.017867 -0.091500
v -0.015500 0.017392 -0.090623
v -0.014500 0.016695 -0.090123
v -0.014500 0.017867 -0.091500
v -0.014500 0.017392 -0.090623
v -0.013500 0.016700 -0.090123
v -0.013500 0.017867 -0.091500
v -0.013500 0.017392 -0.090624
v -0.012500 0.016711 -0.090123
v -0.012500 0.017867 -0.091500
v -0.012500 0.017392 -0.090623
v -0.011500 0.016720 -0.090124
v -0.011500 0.017867 -0.091500
v -0.011500 0.017392 -0.090624
v -0.010500 0.016722 -0.090124
v -0.010500 0.017867 -0.091500
v -0.010500 0.017392 -0.090624
v -0.009500 0.016726 -0.090125
v -0.009500 0.017867 -0.091500
v -0.009500 0.017392 -0.090625
v -0.008500 0.016733 -0.090126
v -0.008500 0.017867 -0.091500
v -0.008500 0.017392 -0.090626
v -0.015000 0.016194 -0.089934
v -0.013000 0.016206 -0.089927
v -0.011000 0.016221 -0.089916
v -0.009000 0.016229 -0.089909
v -0.014000 0.017744 -0.094000
v -0.010000 0.017745 -0.094000
v -0.015500 0.016237 -0.009397
v -0.015569 0.016762 -0.008407
v -0.015948 0.017005 -0.008011
v -0.014885 0.016133 -0.009233
v -0.014789 0.016316 -0.008500
v -0.015281 0.016955 -0.007926
v -0.015569 0.017171 -0.007556
v -0.015500 0.017637 -0.006500
v -0.015500 0.017927 -0.005786
v -0.015500 0.018076 -0.005286
v -0.015500 0.018284 -0.004500
v -0.015500 0.018537 -0.003500
v -0.015500 0.018672 -0.002500
v -0.015500 0.018716 -0.001500
v -0.015500 0.018816 -0.000500
v -0.014713 0.016573 -0.007556
v -0.014444 0.016500 -0.006500
v -0.014323 0.016500 -0.005500
v -0.014248 0.016500 -0.004500
v -0.014899 0.017114 -0.007259
v -0.014798 0.017279 -0.006500
v -0.014765 0.017555 -0.005475
v -0.014593 0.017500 -0.004500
v -0.014965 0.018032 -0.005126
v -0.014897 0.018108 -0.004500
v -0.014812 0.018226 -0.003500
v -0.014790 0.018281 -0.002500
v -0.014795 0.018294 -0.001500
v -0.014769 0.018353 -0.000500
v -0.014288 0.016998 -0.002995
v -0.014267 0.017054 -0.001000
v -0.013983 0.016055 -0.002816
v -0.013965 0.016108 -0.001000
v -0.005500 0.002777 -0.096214
v -0.005500 0.003798 -0.097187
v -0.005500 0.003298 -0.096714
v -0.005500 0.004836 -0.098147
v -0.005500 0.004336 -0.097687
v -0.005500 0.005881 -0.099103
v -0.005500 0.005381 -0.098647
v -0.005322 0.006913 -0.100070
v -0.005593 0.006548 -0.099680
v -0.005593 0.007402 -0.100406
v -0.005988 0.007003 -0.099997
v -0.004500 0.002617 -0.096368
v -0.004500 0.003641 -0.097333
v -0.004500 0.003141 -0.096868
v -0.004500 0.004684 -0.098278
v -0.004500 0.004184 -0.097833
v -0.004500 0.005757 -0.099203
v -0.004500 0.005257 -0.098778
v -0.004500 0.006864 -0.100107
v -0.004500 0.006364 -0.099703
v -0.004500 0.007500 -0.100588
v -0.006413 0.003594 -0.096407
v -0.006407 0.005606 -0.098395
v -0.007118 0.004857 -0.097141
v -0.006900 0.007741 -0.100243
v -0.007131 0.006810 -0.099163
v -0.007877 0.006073 -0.097918
v -0.002000 0.003102 -0.096885
v -0.002000 0.007181 -0.100348
v -0.002000 0.005231 -0.098776
v -0.007165 0.000755 -0.092302
v -0.007025 0.001971 -0.094032
v -0.007199 0.001746 -0.093500
v -0.007536 0.001460 -0.092562
v -0.006048 0.000955 -0.094048
v -0.006228 0.000573 -0.093411
v -0.006761 0.000453 -0.092581
v -0.006064 0.001941 -0.095060
v -0.006390 0.001622 -0.094374
v -0.006772 0.001246 -0.093500
v -0.006981 0.001024 -0.092969
v -0.005500 0.000806 -0.094208
v -0.005500 0.000306 -0.093665
v -0.005500 0.001780 -0.095224
v -0.005500 0.001280 -0.094708
v -0.005500 0.002277 -0.095724
v -0.004500 0.000654 -0.094372
v -0.004500 0.000154 -0.093830
v -0.004500 0.001622 -0.095384
v -0.004500 0.001122 -0.094872
v -0.004500 0.002117 -0.095884
v -0.007588 0.000648 -0.091292
v -0.007909 0.000151 -0.089725
v -0.007061 0.002904 -0.095039
v -0.007888 0.002526 -0.093473
v -0.007788 0.004167 -0.095782
v -0.002000 0.001106 -0.094898
v -0.007500 0.003829 -0.080298
v -0.007721 0.004917 -0.082112
v -0.007500 0.005827 -0.083204
v -0.007432 0.005272 -0.082467
v -0.006500 0.003952 -0.080086
v -0.006500 0.005911 -0.083110
v -0.006500 0.005460 -0.082500
v -0.006914 0.004631 -0.081383
v -0.007000 0.007283 -0.084715
v -0.007000 0.006293 -0.083657
v -0.005000 0.003993 -0.080014
v -0.005000 0.005717 -0.082794
v -0.005000 0.004700 -0.081262
v -0.005000 0.007324 -0.084675
v -0.005000 0.006342 -0.083589
v -0.003000 0.005719 -0.082794
v -0.003000 0.004701 -0.081261
v -0.003000 0.006342 -0.083587
v -0.001000 0.005719 -0.082794
v -0.001000 0.004701 -0.081260
v -0.001000 0.006342 -0.083587
v -0.002000 0.003993 -0.080013
v -0.002000 0.007325 -0.084674
v -0.007713 0.001897 -0.075500
v -0.007422 0.001815 -0.074553
v -0.007984 0.002994 -0.079011
v -0.007591 0.002889 -0.078442
v -0.007500 0.002557 -0.077500
v -0.007549 0.002206 -0.076463
v -0.007591 0.003330 -0.079407
v -0.007318 0.003111 -0.078737
v -0.006819 0.001958 -0.074256
v -0.006861 0.002971 -0.078071
v -0.006517 0.002851 -0.077531
v -0.006500 0.002527 -0.076500
v -0.006500 0.003665 -0.079500
v -0.006517 0.003193 -0.078442
v -0.006194 0.003039 -0.077884
v -0.007914 0.001969 -0.076106
v -0.006998 0.001745 -0.072984
v -0.006810 0.002111 -0.075119
v -0.006153 0.002034 -0.073726
v -0.005000 0.001968 -0.072782
v -0.005000 0.003537 -0.079000
v -0.005000 0.002867 -0.077214
v -0.005000 0.002295 -0.075000
v -0.005000 0.002054 -0.073564
v -0.003000 0.001970 -0.072774
v -0.003000 0.003537 -0.079000
v -0.003000 0.002867 -0.077214
v -0.003000 0.002297 -0.075000
v -0.003000 0.002056 -0.073548
v -0.001000 0.001971 -0.072773
v -0.001000 0.003537 -0.079000
v -0.001000 0.002867 -0.077214
v -0.001000 0.002297 -0.075000
v -0.001000 0.002056 -0.073546
v -0.007500 0.001679 -0.069500
v -0.007500 0.001774 -0.068500
v -0.007500 0.001825 -0.067500
v -0.007500 0.001831 -0.066500
v -0.006500 0.001812 -0.069500
v -0.006500 0.001836 -0.068500
v -0.006500 0.001836 -0.067500
v -0.006500 0.001831 -0.066500
v -0.007000 0.001681 -0.071000
v -0.007000 0.001823 -0.065000
v -0.005000 0.001858 -0.071000
v -0.005000 0.001837 -0.069000
v -0.005000 0.001833 -0.067000
v -0.005000 0.001823 -0.065000
v -0.002000 0.001848 -0.070000
v -0.002000 0.001828 -0.066000
v -0.007000 0.001899 -0.059000
v -0.007000 0.001999 -0.057995
v -0.007000 0.002176 -0.056998
v -0.004988 0.001903 -0.058975
v -0.005127 0.001999 -0.057997
v -0.004087 0.002000 -0.058001
v -0.004988 0.002172 -0.057024
v -0.003017 0.001903 -0.058977
v -0.002281 0.001996 -0.057974
v -0.003224 0.002001 -0.058006
v -0.003017 0.002171 -0.057021
v -0.001000 0.001874 -0.059000
v -0.001000 0.001980 -0.057858
v -0.001000 0.002130 -0.056929
v -0.006000 0.001812 -0.062000
v -0.002000 0.001812 -0.062000
v -0.001023 0.002777 -0.048060
v -0.001500 0.003858 -0.051702
v -0.001004 0.003989 -0.049012
v -0.001084 0.003593 -0.048436
v -0.001500 0.004103 -0.051202
v -0.001500 0.004427 -0.050500
v -0.001422 0.004549 -0.049472
v -0.001387 0.004500 -0.048500
v -0.001840 0.005158 -0.049266
v -0.001800 0.005307 -0.048500
v -0.000072 0.002710 -0.050152
v -0.000277 0.002426 -0.049588
v -0.000827 0.002466 -0.048436
v -0.000555 0.003692 -0.051445
v -0.000332 0.003482 -0.050491
v -0.000711 0.003593 -0.049407
v -0.000890 0.003322 -0.048726
v -0.000925 0.004036 -0.051075
v -0.000861 0.004128 -0.050500
v -0.000890 0.004134 -0.049678
v -0.007000 0.002669 -0.055000
v -0.007000 0.003269 -0.053323
v -0.007000 0.004633 -0.050627
v -0.007000 0.005615 -0.049163
v -0.007000 0.006264 -0.048326
v -0.005000 0.002670 -0.055000
v -0.005000 0.003270 -0.053324
v -0.005000 0.004634 -0.050627
v -0.005000 0.005616 -0.049164
v -0.005000 0.006264 -0.048327
v -0.003000 0.002665 -0.055000
v -0.003000 0.003264 -0.053318
v -0.003000 0.003921 -0.051847
v -0.003087 0.004635 -0.050606
v -0.002859 0.005448 -0.049270
v -0.003116 0.006217 -0.048272
v -0.000450 0.001000 -0.048953
v -0.001000 0.002570 -0.055000
v -0.001000 0.003152 -0.053194
v -0.006000 0.003927 -0.051861
v -0.007500 0.006764 -0.047622
v -0.007500 0.006895 -0.044375
v -0.007500 0.007064 -0.047122
v -0.007500 0.007242 -0.046500
v -0.007500 0.007213 -0.045500
v -0.007500 0.007035 -0.044875
v -0.006500 0.006764 -0.047622
v -0.006500 0.006896 -0.044372
v -0.006500 0.007064 -0.047122
v -0.006500 0.007242 -0.046500
v -0.006500 0.007214 -0.045500
v -0.006500 0.007036 -0.044873
v -0.005500 0.006764 -0.047618
v -0.005500 0.006895 -0.044379
v -0.005500 0.007061 -0.047118
v -0.005500 0.007233 -0.046500
v -0.005500 0.007206 -0.045500
v -0.005500 0.007034 -0.044879
v -0.004500 0.006765 -0.047620
v -0.004194 0.006970 -0.045114
v -0.004516 0.006870 -0.044554
v -0.004500 0.007061 -0.047120
v -0.004500 0.007186 -0.046500
v -0.004516 0.007113 -0.045469
v -0.004861 0.007021 -0.044924
v -0.003003 0.005997 -0.043008
v -0.003096 0.005931 -0.042500
v -0.003248 0.005830 -0.041500
v -0.003339 0.005776 -0.040500
v -0.003500 0.006762 -0.047599
v -0.003170 0.006918 -0.046243
v -0.003502 0.006825 -0.045469
v -0.003500 0.006560 -0.044500
v -0.003402 0.006262 -0.043405
v -0.003596 0.006181 -0.042500
v -0.003500 0.007049 -0.047099
v -0.003502 0.007073 -0.046546
v -0.003837 0.007056 -0.045781
v -0.002040 0.004838 -0.046202
v -0.002096 0.004503 -0.045479
v -0.002252 0.004500 -0.044500
v -0.002381 0.004500 -0.043500
v -0.002477 0.004500 -0.042500
v -0.002539 0.004500 -0.041500
v -0.002563 0.004500 -0.040500
v -0.002109 0.005753 -0.047500
v -0.002157 0.005452 -0.046521
v -0.002356 0.005500 -0.045500
v -0.002515 0.005500 -0.044500
v -0.002732 0.005598 -0.043405
v -0.002754 0.005431 -0.042500
v -0.002783 0.005330 -0.041500
v -0.002802 0.005276 -0.040500
v -0.002668 0.006503 -0.047428
v -0.002714 0.006551 -0.046546
v -0.002757 0.006304 -0.045500
v -0.002849 0.006168 -0.044500
v -0.002931 0.006071 -0.043674
v -0.002969 0.007022 -0.047047
v -0.002969 0.007022 -0.046910
v -0.001640 0.004500 -0.047500
v -0.001883 0.004503 -0.046521
v -0.001899 0.005253 -0.047500
v -0.001973 0.005086 -0.046868
v -0.007000 0.006590 -0.043000
v -0.007000 0.006326 -0.041000
v -0.005000 0.006554 -0.043000
v -0.005000 0.006288 -0.041000
v -0.002078 0.001000 -0.044357
v -0.002310 0.001000 -0.043000
v -0.002491 0.001000 -0.041000
v -0.002061 0.003127 -0.044795
v -0.002353 0.003000 -0.043000
v -0.002504 0.003000 -0.041000
v -0.003794 0.006093 -0.041000
v -0.001202 0.001000 -0.047266
v -0.001882 0.001000 -0.045179
v -0.001352 0.002815 -0.047211
v -0.001924 0.002780 -0.045318
v -0.001957 0.004171 -0.045799
v -0.003367 0.005758 -0.039500
v -0.003333 0.005771 -0.038500
v -0.003244 0.005818 -0.037500
v -0.003107 0.005911 -0.036500
v -0.003018 0.005982 -0.035953
v -0.003411 0.006286 -0.035572
v -0.003588 0.006690 -0.034416
v -0.003254 0.006864 -0.033500
v -0.003026 0.006981 -0.032968
v -0.003980 0.007008 -0.034026
v -0.003754 0.007100 -0.033500
v -0.003415 0.007291 -0.032580
v -0.002567 0.004500 -0.039500
v -0.002564 0.004500 -0.038500
v -0.002550 0.004500 -0.037500
v -0.002534 0.004500 -0.036500
v -0.002523 0.004500 -0.035500
v -0.002520 0.004500 -0.034500
v -0.002808 0.005258 -0.039500
v -0.002804 0.005271 -0.038500
v -0.002789 0.005318 -0.037500
v -0.002773 0.005411 -0.036500
v -0.002771 0.005589 -0.035572
v -0.002613 0.005500 -0.034500
v -0.002935 0.006070 -0.035286
v -0.002854 0.006181 -0.034500
v -0.002785 0.006364 -0.033500
v -0.002746 0.006588 -0.032580
v -0.002895 0.007112 -0.032301
v -0.007000 0.006288 -0.039000
v -0.007000 0.006471 -0.037000
v -0.007000 0.006918 -0.034839
v -0.007000 0.007514 -0.033000
v -0.005000 0.006248 -0.039000
v -0.005000 0.006432 -0.037000
v -0.005000 0.006893 -0.034798
v -0.005000 0.007476 -0.033000
v -0.002527 0.005000 -0.033000
v -0.003850 0.006072 -0.039000
v -0.003676 0.006165 -0.037000
v -0.002520 0.002000 -0.038000
v -0.002525 0.002000 -0.034000
v -0.007004 0.004964 -0.025005
v -0.007270 0.004578 -0.024574
v -0.007175 0.005500 -0.025176
v -0.007697 0.005459 -0.024532
v -0.007282 0.006781 -0.026259
v -0.007589 0.006448 -0.025589
v -0.007896 0.006114 -0.024886
v -0.007500 0.007952 -0.031834
v -0.007500 0.007972 -0.030114
v -0.007500 0.007304 -0.027500
v -0.007569 0.007091 -0.026555
v -0.007949 0.007024 -0.025949
v -0.006108 0.004500 -0.026133
v -0.006669 0.004578 -0.025403
v -0.006971 0.004297 -0.024956
v -0.006233 0.005500 -0.026226
v -0.006733 0.005500 -0.025675
v -0.006234 0.006840 -0.027170
v -0.006565 0.006477 -0.026564
v -0.006895 0.006115 -0.025896
v -0.006500 0.007952 -0.031834
v -0.006500 0.007963 -0.030140
v -0.006541 0.007152 -0.027502
v -0.006901 0.007038 -0.026925
v -0.005047 0.006965 -0.028025
v -0.005453 0.006569 -0.027504
v -0.005858 0.006173 -0.026869
v -0.005500 0.007949 -0.031804
v -0.005500 0.007954 -0.030188
v -0.005500 0.007736 -0.029500
v -0.005428 0.007278 -0.028415
v -0.005714 0.007088 -0.027836
v -0.004497 0.006579 -0.028237
v -0.004829 0.006298 -0.027839
v -0.004500 0.007909 -0.031660
v -0.004500 0.007950 -0.030309
v -0.004500 0.007669 -0.029500
v -0.004500 0.007219 -0.028688
v -0.003181 0.000500 -0.029202
v -0.003681 0.000500 -0.028700
v -0.003163 0.001500 -0.029178
v -0.003663 0.001500 -0.028687
v -0.003164 0.002500 -0.029178
v -0.003664 0.002500 -0.028691
v -0.003167 0.003500 -0.029180
v -0.003667 0.003500 -0.028698
v -0.003171 0.004500 -0.029182
v -0.003671 0.004500 -0.028704
v -0.003173 0.005500 -0.029182
v -0.003673 0.005500 -0.028711
v -0.003218 0.006500 -0.029195
v -0.003718 0.006500 -0.028778
v -0.003579 0.007754 -0.031418
v -0.003579 0.007856 -0.030560
v -0.003504 0.007385 -0.029484
v -0.003841 0.007113 -0.028892
v -0.002806 0.000500 -0.029702
v -0.002787 0.001500 -0.029678
v -0.002787 0.002500 -0.029678
v -0.002788 0.003500 -0.029680
v -0.002788 0.004500 -0.029682
v -0.002786 0.005500 -0.029682
v -0.002565 0.006500 -0.031500
v -0.002555 0.006500 -0.030500
v -0.002791 0.006500 -0.029695
v -0.002806 0.007256 -0.031500
v -0.002783 0.007345 -0.030500
v -0.002864 0.007230 -0.029806
v -0.006050 0.001000 -0.026066
v -0.006851 0.001000 -0.024893
v -0.006076 0.003000 -0.026096
v -0.006897 0.003000 -0.024932
v -0.007000 0.007647 -0.029000
v -0.005166 0.001000 -0.027138
v -0.005178 0.003000 -0.027156
v -0.004223 0.005000 -0.028207
v -0.005218 0.005000 -0.027207
v -0.002555 0.001000 -0.031000
v -0.002534 0.003000 -0.031000
v -0.002534 0.005000 -0.031000
v -0.004199 0.002000 -0.028194
v -0.007834 0.004500 -0.023720
v -0.007929 0.005099 -0.023894
v -0.007833 0.001721 -0.023263
v -0.007989 0.000500 -0.007042
v -0.007986 0.000530 -0.006478
v -0.007992 0.000217 -0.005723
v -0.007989 0.000500 -0.004297
v -0.007994 0.001222 -0.007023
v -0.007992 0.001496 -0.006521
v -0.007991 0.001772 -0.005500
v -0.007989 0.001555 -0.004467
v -0.007985 0.004414 -0.005419
v -0.007972 0.004500 -0.004500
v -0.007991 0.005025 -0.005032
v -0.007987 0.005236 -0.004500
v -0.007990 0.006042 -0.003295
v -0.007985 0.006125 -0.002500
v -0.007987 0.006475 -0.001438
v -0.007978 0.006500 -0.000500
v -0.007996 0.007007 -0.001063
v -0.007992 0.007016 -0.000500
v -0.007987 0.003000 -0.006158
v -0.007973 0.003000 -0.005000
v -0.007994 0.004023 -0.006020
v -0.007973 0.005018 -0.003019
v -0.007971 0.005000 -0.001000
v -0.007970 0.002000 -0.002000
v -0.007320 0.008858 -0.101110
v -0.007643 0.008438 -0.100575
v -0.007592 0.009404 -0.101376
v -0.007987 0.009006 -0.100995
v -0.007500 0.010500 -0.101860
v -0.007500 0.011500 -0.101944
v -0.006500 0.008689 -0.101209
v -0.006500 0.008189 -0.100832
v -0.006500 0.009500 -0.101626
v -0.006500 0.010500 -0.101890
v -0.006500 0.011500 -0.101944
v -0.005500 0.008562 -0.101259
v -0.005500 0.008062 -0.100956
v -0.005500 0.009500 -0.101679
v -0.005500 0.010500 -0.101894
v -0.005500 0.011500 -0.101944
v -0.004500 0.008531 -0.101263
v -0.004500 0.008031 -0.100980
v -0.004500 0.009500 -0.101683
v -0.004500 0.010500 -0.101893
v -0.004500 0.011500 -0.101944
v -0.003500 0.008531 -0.101261
v -0.003500 0.008031 -0.100981
v -0.003500 0.009500 -0.101680
v -0.003500 0.010500 -0.101891
v -0.003500 0.011500 -0.101944
v -0.002500 0.008533 -0.101259
v -0.002500 0.008033 -0.100980
v -0.002500 0.009500 -0.101677
v -0.002500 0.010500 -0.101890
v -0.002500 0.011500 -0.101943
v -0.001500 0.008534 -0.101257
v -0.001500 0.008034 -0.100979
v -0.001500 0.009500 -0.101674
v -0.001500 0.010500 -0.101889
v -0.001500 0.011500 -0.101943
v -0.000500 0.008537 -0.101255
v -0.000500 0.008037 -0.100977
v -0.000500 0.009500 -0.101672
v -0.000500 0.010500 -0.101889
v -0.000500 0.011500 -0.101944
v -0.007966 0.008017 -0.099982
v -0.006000 0.014000 -0.101931
v -0.002000 0.014000 -0.101931
v -0.007000 0.013236 -0.088788
v -0.007000 0.015000 -0.089473
v -0.005000 0.013242 -0.088780
v -0.005000 0.015000 -0.089469
v -0.003000 0.013244 -0.088779
v -0.003000 0.015000 -0.089467
v -0.001000 0.013244 -0.088779
v -0.001000 0.015000 -0.089467
v -0.006000 0.011819 -0.088100
v -0.002000 0.011829 -0.088095
v -0.007136 0.009347 -0.086518
v -0.007000 0.008340 -0.085706
v -0.006919 0.010595 -0.087369
v -0.005000 0.009184 -0.086351
v -0.005000 0.008368 -0.085676
v -0.005000 0.010624 -0.087369
v -0.003000 0.009185 -0.086350
v -0.003000 0.008369 -0.085675
v -0.003000 0.010625 -0.087368
v -0.001000 0.009185 -0.086350
v -0.001000 0.008369 -0.085675
v -0.001000 0.010625 -0.087368
v -0.007500 0.008091 -0.031334
v -0.007500 0.008091 -0.030614
v -0.006500 0.008090 -0.031334
v -0.006500 0.008090 -0.030640
v -0.005500 0.008076 -0.031304
v -0.005500 0.008076 -0.030688
v -0.004500 0.008037 -0.031160
v -0.004500 0.008037 -0.030809
v -0.003965 0.008008 -0.031030
v -0.003965 0.008008 -0.030934
v -0.007500 0.016500 -0.101770
v -0.007500 0.017356 -0.101311
v -0.007500 0.017854 -0.100500
v -0.007500 0.017953 -0.099500
v -0.007500 0.017841 -0.098500
v -0.006500 0.016500 -0.101770
v -0.006500 0.017356 -0.101311
v -0.006500 0.017854 -0.100500
v -0.006500 0.017953 -0.099500
v -0.006500 0.017841 -0.098500
v -0.005500 0.016500 -0.101770
v -0.005500 0.017356 -0.101311
v -0.005500 0.017854 -0.100500
v -0.005500 0.017953 -0.099500
v -0.005500 0.017841 -0.098500
v -0.004500 0.016500 -0.101770
v -0.004500 0.017356 -0.101311
v -0.004500 0.017854 -0.100500
v -0.004500 0.017953 -0.099500
v -0.004500 0.017841 -0.098500
v -0.003500 0.016500 -0.101769
v -0.003500 0.017356 -0.101311
v -0.003500 0.017854 -0.100500
v -0.003500 0.017953 -0.099500
v -0.003500 0.017841 -0.098500
v -0.002500 0.016500 -0.101769
v -0.002500 0.017356 -0.101311
v -0.002500 0.017854 -0.100500
v -0.002500 0.017953 -0.099500
v -0.002500 0.017841 -0.098500
v -0.001500 0.016500 -0.101769
v -0.001500 0.017356 -0.101311
v -0.001500 0.017854 -0.100500
v -0.001500 0.017953 -0.099500
v -0.001500 0.017841 -0.098500
v -0.000500 0.016500 -0.101769
v -0.000500 0.017356 -0.101310
v -0.000500 0.017854 -0.100500
v -0.000500 0.017953 -0.099500
v -0.000500 0.017841 -0.098500
v -0.007000 0.017683 -0.097000
v -0.005000 0.017683 -0.097000
v -0.003000 0.017684 -0.097000
v -0.001000 0.017684 -0.097000
v -0.007500 0.016736 -0.090125
v -0.007500 0.017867 -0.091500
v -0.007500 0.017392 -0.090625
v -0.006500 0.016735 -0.090126
v -0.006500 0.017867 -0.091500
v -0.006500 0.017392 -0.090626
v -0.005500 0.016736 -0.090126
v -0.005500 0.017867 -0.091500
v -0.005500 0.017392 -0.090626
v -0.004500 0.016737 -0.090125
v -0.004500 0.017867 -0.091500
v -0.004500 0.017392 -0.090625
v -0.003500 0.016738 -0.090125
v -0.003500 0.017867 -0.091500
v -0.003500 0.017392 -0.090625
v -0.002500 0.016739 -0.090124
v -0.002500 0.017868 -0.091500
v -0.002500 0.017392 -0.090624
v -0.001500 0.016739 -0.090125
v -0.001500 0.017868 -0.091500
v -0.001500 0.017392 -0.090625
v -0.000500 0.016738 -0.090125
v -0.000500 0.017867 -0.091500
v -0.000500 0.017391 -0.090625
v -0.007000 0.016236 -0.089903
v -0.005000 0.016236 -0.089903
v -0.003000 0.016239 -0.089902
v -0.001000 0.016238 -0.089902
v -0.006000 0.017745 -0.094000
v -0.002000 0.017746 -0.094000
v -0.026462 0.001000 0.001000
v -0.026359 0.001000 0.003000
v -0.026266 0.001000 0.005000
v -0.026381 0.001000 0.007000
v -0.026407 0.003000 0.001000
v -0.026464 0.003000 0.003000
v -0.026450 0.003000 0.005000
v -0.026466 0.003000 0.007000
v -0.026356 0.005000 0.001000
v -0.026468 0.005000 0.003000
v -0.026434 0.007000 0.001000
v -0.026469 0.007000 0.003000
v -0.026470 0.006000 0.006000
v -0.026438 0.000500 0.008500
v -0.026325 0.000500 0.009500
v -0.026045 0.000500 0.012500
v -0.026017 0.000567 0.013540
v -0.026009 0.000279 0.014019
v -0.026437 0.001500 0.008500
v -0.026319 0.001500 0.009500
v -0.026044 0.001500 0.012500
v -0.026013 0.001461 0.013540
v -0.026004 0.001768 0.014007
v -0.025998 0.000945 0.013900
v -0.025651 0.000567 0.014411
v -0.025065 0.000500 0.015042
v -0.025998 0.001101 0.013900
v -0.025507 0.001457 0.014497
v -0.025015 0.001146 0.015010
v -0.025500 0.002500 0.014511
v -0.025401 0.003591 0.014668
v -0.025001 0.003985 0.015001
v -0.025538 0.004500 0.014687
v -0.025038 0.004500 0.015019
v -0.025429 0.005452 0.014704
v -0.025049 0.005086 0.015025
v -0.025919 0.006899 0.013941
v -0.025551 0.006539 0.014282
v -0.025551 0.007541 0.013796
v -0.025252 0.007235 0.014120
v -0.024500 0.000500 0.015382
v -0.024979 0.001813 0.014987
v -0.024587 0.001488 0.015244
v -0.024963 0.002500 0.014977
v -0.024463 0.002500 0.015281
v -0.024971 0.003318 0.014982
v -0.024583 0.003591 0.015239
v -0.024500 0.004500 0.015322
v -0.024844 0.005753 0.014926
v -0.024506 0.005452 0.015183
v -0.024506 0.006527 0.014797
v -0.024177 0.006212 0.015087
v -0.024896 0.007902 0.013947
v -0.024537 0.007541 0.014311
v -0.026139 0.001000 0.011000
v -0.026435 0.003000 0.009000
v -0.026264 0.003000 0.011000
v -0.026145 0.003000 0.013000
v -0.026047 0.003000 0.014066
v -0.026398 0.005000 0.013000
v -0.026156 0.005000 0.014186
v -0.026330 0.007010 0.012962
v -0.026092 0.006232 0.014092
v -0.026465 0.006000 0.010000
v -0.026187 0.014561 0.002462
v -0.026284 0.014500 0.003500
v -0.026186 0.014527 0.004412
v -0.026183 0.014234 0.005500
v -0.026063 0.015059 0.002770
v -0.026053 0.015049 0.003500
v -0.026007 0.015006 0.004021
v -0.025906 0.013933 0.006894
v -0.025544 0.013781 0.007529
v -0.025668 0.014581 0.000500
v -0.025834 0.014769 0.001500
v -0.025958 0.014936 0.002104
v -0.025799 0.014878 0.004687
v -0.025479 0.014750 0.005500
v -0.025544 0.014291 0.006537
v -0.025239 0.014113 0.007215
v -0.025169 0.015112 0.000500
v -0.025334 0.015215 0.001500
v -0.025575 0.015285 0.002462
v -0.025500 0.015344 0.003500
v -0.025479 0.015137 0.004412
v -0.025132 0.015061 0.005167
v -0.024870 0.013936 0.007882
v -0.024870 0.014937 0.005833
v -0.024522 0.014796 0.006528
v -0.024522 0.014295 0.007529
v -0.024500 0.015522 0.000500
v -0.024445 0.015755 0.001479
v -0.024646 0.015811 0.002500
v -0.024472 0.015826 0.003557
v -0.024500 0.015568 0.004500
v -0.024522 0.015228 0.005500
v -0.024204 0.015100 0.006214
v -0.026440 0.009000 0.001000
v -0.026470 0.009000 0.003000
v -0.026276 0.011000 0.001000
v -0.026455 0.011000 0.003000
v -0.026164 0.013000 0.001000
v -0.026428 0.013000 0.003000
v -0.026455 0.013000 0.005000
v -0.026328 0.012959 0.007009
v -0.026068 0.014175 0.001000
v -0.026097 0.014101 0.006228
v -0.026470 0.010000 0.006000
v -0.026237 0.008501 0.012525
v -0.026097 0.008168 0.013106
v -0.026140 0.009288 0.012208
v -0.026234 0.012524 0.008497
v -0.026140 0.012206 0.009288
v -0.026093 0.013099 0.008162
v -0.025797 0.008834 0.012875
v -0.025478 0.008501 0.013271
v -0.025539 0.009524 0.012514
v -0.025130 0.009093 0.013065
v -0.025989 0.010990 0.010990
v -0.025635 0.010585 0.011574
v -0.025281 0.010179 0.012154
v -0.025635 0.011575 0.010585
v -0.025322 0.011191 0.011190
v -0.025790 0.012873 0.008829
v -0.025536 0.012513 0.009521
v -0.025282 0.012153 0.010180
v -0.025474 0.013257 0.008497
v -0.025123 0.013060 0.009088
v -0.024537 0.008514 0.013752
v -0.024686 0.009759 0.012820
v -0.024412 0.009456 0.013191
v -0.024767 0.010846 0.011857
v -0.024394 0.010430 0.012441
v -0.024020 0.010014 0.013011
v -0.024773 0.011858 0.010847
v -0.024437 0.011461 0.011462
v -0.024101 0.011065 0.012062
v -0.024684 0.012819 0.009754
v -0.024395 0.012443 0.010430
v -0.024106 0.012066 0.011068
v -0.024522 0.013738 0.008504
v -0.024410 0.013183 0.009453
v -0.024017 0.013010 0.010013
v -0.026470 0.009000 0.009000
v -0.026416 0.009018 0.011019
v -0.026416 0.011019 0.009018
v -0.026191 0.010737 0.010736
v -0.025948 0.009954 0.011959
v -0.024229 0.008191 0.014116
v -0.025948 0.011959 0.009955
v -0.024204 0.014102 0.008173
v -0.024146 0.016077 0.002500
v -0.024119 0.016059 0.003262
v -0.024075 0.016044 0.001799
v -0.023675 0.004500 0.015803
v -0.023447 0.005486 0.015731
v -0.022901 0.005810 0.015939
v -0.023728 0.001000 0.015819
v -0.023690 0.003000 0.015789
v -0.023195 0.007169 0.015211
v -0.021801 0.007688 0.015855
v -0.023176 0.004500 0.016114
v -0.023079 0.005143 0.016045
v -0.022402 0.004405 0.016643
v -0.022003 0.004008 0.017002
v -0.022541 0.005486 0.016270
v -0.021889 0.004675 0.016920
v -0.021533 0.004405 0.017258
v -0.021731 0.005500 0.016804
v -0.021232 0.005500 0.017174
v -0.020734 0.004500 0.017821
v -0.020449 0.005498 0.017708
v -0.019500 0.000500 0.018863
v -0.019500 0.001500 0.018775
v -0.019500 0.002500 0.018726
v -0.019500 0.003500 0.018581
v -0.019500 0.004500 0.018313
v -0.019500 0.005815 0.017944
v -0.019500 0.005315 0.018086
v -0.019500 0.006500 0.017665
v -0.019703 0.007947 0.016974
v -0.019422 0.007568 0.017178
v -0.018500 0.000500 0.018925
v -0.018500 0.001500 0.018845
v -0.018500 0.002500 0.018783
v -0.018500 0.003500 0.018622
v -0.018500 0.004500 0.018351
v -0.018500 0.005884 0.017967
v -0.018500 0.005384 0.018105
v -0.018500 0.006500 0.017712
v -0.018500 0.007500 0.017249
v -0.022607 0.001000 0.016618
v -0.022570 0.003000 0.016592
v -0.022101 0.006761 0.016065
v -0.021210 0.001083 0.017760
v -0.020687 0.000722 0.018236
v -0.021213 0.003000 0.017696
v -0.020427 0.003000 0.018303
v -0.020158 0.004831 0.018091
v -0.020882 0.006887 0.016866
v -0.017000 0.001000 0.018885
v -0.017000 0.003000 0.018702
v -0.017000 0.005885 0.017967
v -0.017000 0.004942 0.018229
v -0.017000 0.007000 0.017481
v -0.023911 0.015941 0.000816
v -0.023969 0.015984 0.003929
v -0.023403 0.015873 0.005293
v -0.023187 0.015206 0.007158
v -0.021778 0.015839 0.007682
v -0.019500 0.009900 0.015932
v -0.019500 0.010500 0.015531
v -0.019500 0.011652 0.014750
v -0.019500 0.011152 0.015098
v -0.019500 0.012768 0.013763
v -0.019500 0.012268 0.014250
v -0.019500 0.013767 0.012774
v -0.019500 0.013267 0.013263
v -0.019500 0.014747 0.011639
v -0.019500 0.014247 0.012274
v -0.019500 0.015937 0.009905
v -0.019500 0.015529 0.010500
v -0.019500 0.015091 0.011139
v -0.018500 0.009943 0.015962
v -0.018500 0.010500 0.015587
v -0.018500 0.011690 0.014779
v -0.018500 0.011190 0.015124
v -0.018500 0.012800 0.013795
v -0.018500 0.012300 0.014279
v -0.018500 0.013798 0.012802
v -0.018500 0.013298 0.013295
v -0.018500 0.014771 0.011671
v -0.018500 0.014271 0.012302
v -0.018500 0.015966 0.009949
v -0.018500 0.015579 0.010500
v -0.018500 0.015113 0.011171
v -0.023393 0.009394 0.013824
v -0.022674 0.008849 0.014637
v -0.022987 0.010940 0.012932
v -0.022159 0.010164 0.014110
v -0.023383 0.013818 0.009383
v -0.022988 0.012934 0.010943
v -0.022797 0.014541 0.008809
v -0.022152 0.014104 0.010158
v -0.021212 0.009200 0.015459
v -0.021540 0.011539 0.013553
v -0.020775 0.010771 0.014744
v -0.021545 0.013558 0.011541
v -0.021329 0.015366 0.009154
v -0.020771 0.014740 0.010767
v -0.017000 0.009942 0.015962
v -0.017000 0.011126 0.015162
v -0.017000 0.013298 0.013297
v -0.017000 0.012299 0.014278
v -0.017000 0.015965 0.009947
v -0.017000 0.015154 0.011114
v -0.017000 0.014271 0.012301
v -0.023231 0.011874 0.011875
v -0.020887 0.012863 0.012862
v -0.019422 0.008404 0.016781
v -0.019036 0.008006 0.017003
v -0.019500 0.009400 0.016246
v -0.018500 0.008509 0.016771
v -0.018500 0.008009 0.017004
v -0.018500 0.009443 0.016271
v -0.017000 0.008654 0.016682
v -0.020637 0.008653 0.016192
v -0.023500 0.016444 0.002500
v -0.023581 0.016279 0.003557
v -0.022784 0.016867 0.002500
v -0.022678 0.016805 0.003500
v -0.022284 0.017182 0.002500
v -0.022178 0.017114 0.003500
v -0.019782 0.016974 0.007951
v -0.019500 0.017934 0.005765
v -0.019500 0.017668 0.006500
v -0.019469 0.017194 0.007570
v -0.019500 0.018886 0.000500
v -0.019500 0.018806 0.001500
v -0.019500 0.018732 0.002500
v -0.019500 0.018574 0.003500
v -0.019500 0.018294 0.004500
v -0.019500 0.018071 0.005265
v -0.018500 0.017952 0.005827
v -0.018500 0.017712 0.006500
v -0.018500 0.017277 0.007500
v -0.018500 0.018931 0.000500
v -0.018500 0.018844 0.001500
v -0.018500 0.018770 0.002500
v -0.018500 0.018612 0.003500
v -0.018500 0.018331 0.004500
v -0.018500 0.018089 0.005327
v -0.022800 0.016742 0.000997
v -0.022693 0.016452 0.004757
v -0.022107 0.016068 0.006758
v -0.021582 0.017657 0.001000
v -0.021297 0.017757 0.003244
v -0.021270 0.017293 0.005037
v -0.020887 0.016869 0.006895
v -0.020791 0.018269 0.001000
v -0.020786 0.018175 0.002892
v -0.020148 0.018082 0.004818
v -0.017000 0.017954 0.005831
v -0.017000 0.017497 0.007000
v -0.017000 0.018888 0.001000
v -0.017000 0.018692 0.003000
v -0.017000 0.018212 0.004916
v -0.019469 0.016781 0.008415
v -0.019500 0.016245 0.009405
v -0.019115 0.017012 0.008025
v -0.018500 0.016776 0.008536
v -0.018500 0.016276 0.009449
v -0.018500 0.017017 0.008036
v -0.017000 0.016690 0.008675
v -0.020619 0.016181 0.008634
v -0.009065 0.002787 0.007931
v -0.009196 0.003500 0.007781
v -0.009089 0.004841 0.006890
v -0.009476 0.004568 0.007543
v -0.009050 0.005929 0.005929
v -0.009256 0.005557 0.006534
v -0.009782 0.005500 0.007281
v -0.009089 0.006891 0.004843
v -0.009256 0.006534 0.005557
v -0.009062 0.007934 0.002793
v -0.009192 0.007785 0.003500
v -0.009475 0.007545 0.004569
v -0.009783 0.007281 0.005500
v -0.008332 0.000500 0.007517
v -0.008018 0.001744 0.006800
v -0.008327 0.001447 0.007405
v -0.008083 0.002500 0.006633
v -0.008644 0.002472 0.007559
v -0.008245 0.003500 0.006535
v -0.008745 0.003500 0.007281
v -0.008008 0.004182 0.004156
v -0.008148 0.004671 0.005694
v -0.008524 0.004423 0.006447
v -0.008899 0.004174 0.007110
v -0.008148 0.005694 0.004673
v -0.008482 0.005478 0.005478
v -0.008815 0.005262 0.006224
v -0.008017 0.006804 0.001745
v -0.008081 0.006639 0.002500
v -0.008242 0.006539 0.003500
v -0.008523 0.006447 0.004424
v -0.008815 0.006224 0.005262
v -0.008332 0.007516 0.000500
v -0.008326 0.007405 0.001447
v -0.008642 0.007560 0.002476
v -0.008742 0.007285 0.003500
v -0.008898 0.007112 0.004176
v -0.010083 0.005230 0.007879
v -0.010083 0.007879 0.005231
v -0.010732 0.007231 0.007231
v -0.008008 0.003815 0.004156
v -0.008014 0.004320 0.003131
v -0.009894 0.006528 0.006528
v -0.008014 0.003671 0.003131
v -0.014020 0.003810 0.015940
v -0.014070 0.005000 0.015771
v -0.014138 0.007068 0.015137
v -0.012710 0.001010 0.013249
v -0.013532 0.001000 0.015000
v -0.012815 0.003000 0.013179
v -0.013619 0.002996 0.015016
v -0.012173 0.005139 0.011203
v -0.013014 0.004981 0.012975
v -0.013774 0.005000 0.014886
v -0.012058 0.007484 0.009485
v -0.012740 0.007091 0.011269
v -0.013327 0.006870 0.012830
v -0.013926 0.006702 0.014608
v -0.010291 0.001000 0.009654
v -0.011221 0.001010 0.010856
v -0.010437 0.003249 0.009351
v -0.011326 0.002945 0.010662
v -0.010872 0.005091 0.009087
v -0.011796 0.004797 0.010688
v -0.011445 0.006863 0.008835
v -0.011923 0.006217 0.010139
v -0.009362 0.001000 0.008641
v -0.009528 0.002583 0.008487
v -0.009863 0.004294 0.008165
v -0.012055 0.002108 0.011908
v -0.011984 0.000266 0.012027
v -0.015500 0.000500 0.018815
v -0.015500 0.001500 0.018716
v -0.015500 0.002500 0.018672
v -0.015500 0.003500 0.018538
v -0.015500 0.004500 0.018284
v -0.015500 0.005785 0.017926
v -0.015500 0.005285 0.018076
v -0.015500 0.006500 0.017635
v -0.015294 0.007925 0.016954
v -0.015577 0.007555 0.017169
v -0.014769 0.000500 0.018353
v -0.014795 0.001500 0.018294
v -0.014790 0.002500 0.018280
v -0.014811 0.003500 0.018226
v -0.014245 0.004500 0.016500
v -0.014590 0.004500 0.017500
v -0.014896 0.004500 0.018108
v -0.014320 0.005500 0.016500
v -0.014764 0.005476 0.017555
v -0.014965 0.005126 0.018032
v -0.014443 0.006500 0.016500
v -0.014798 0.006500 0.017278
v -0.014713 0.007555 0.016572
v -0.014900 0.007258 0.017113
v -0.014266 0.001000 0.017055
v -0.014287 0.002996 0.016999
v -0.013964 0.001000 0.016110
v -0.013982 0.002821 0.016058
v -0.014017 0.015947 0.003840
v -0.014064 0.015792 0.005000
v -0.014125 0.015156 0.007088
v -0.012058 0.009485 0.007484
v -0.012162 0.011210 0.005150
v -0.012737 0.011274 0.007096
v -0.012699 0.013263 0.000988
v -0.012809 0.013184 0.003000
v -0.013005 0.012987 0.005000
v -0.013314 0.012835 0.006875
v -0.013509 0.015000 0.001000
v -0.013609 0.015017 0.003001
v -0.013763 0.014896 0.005000
v -0.013915 0.014634 0.006729
v -0.010288 0.009656 0.001000
v -0.010432 0.009355 0.003257
v -0.010868 0.009091 0.005092
v -0.011445 0.008834 0.006863
v -0.011215 0.010862 0.000988
v -0.011322 0.010666 0.002949
v -0.011790 0.010697 0.004811
v -0.011920 0.010146 0.006219
v -0.009360 0.008642 0.001000
v -0.009526 0.008489 0.002589
v -0.009860 0.008169 0.004296
v -0.012070 0.011882 0.002571
v -0.011991 0.012014 0.000773
v -0.015500 0.009892 0.015917
v -0.015500 0.010500 0.015509
v -0.015500 0.011642 0.014735
v -0.015500 0.011142 0.015092
v -0.015500 0.012753 0.013743
v -0.015500 0.012253 0.014235
v -0.015500 0.013748 0.012760
v -0.015500 0.013248 0.013243
v -0.015500 0.014733 0.011626
v -0.015500 0.014233 0.012260
v -0.015500 0.015924 0.009901
v -0.015500 0.015506 0.010500
v -0.015500 0.015082 0.011126
v -0.014143 0.008458 0.014438
v -0.014435 0.008500 0.015500
v -0.014343 0.009500 0.014500
v -0.014716 0.009538 0.015550
v -0.014555 0.010500 0.014500
v -0.014862 0.010500 0.015219
v -0.014810 0.011440 0.014478
v -0.014960 0.011066 0.015042
v -0.014482 0.012500 0.012500
v -0.014787 0.012484 0.013477
v -0.014904 0.012140 0.014130
v -0.014778 0.013480 0.012489
v -0.014917 0.013133 0.013129
v -0.014136 0.014448 0.008471
v -0.014341 0.014500 0.009500
v -0.014572 0.014500 0.010500
v -0.014818 0.014479 0.011432
v -0.014900 0.014131 0.012148
v -0.014427 0.015500 0.008500
v -0.014714 0.015553 0.009541
v -0.014869 0.015216 0.010500
v -0.014969 0.015033 0.011052
v -0.014055 0.009399 0.013421
v -0.014027 0.011503 0.011499
v -0.014267 0.011018 0.013014
v -0.014057 0.013419 0.009397
v -0.014264 0.013012 0.011021
v -0.012572 0.009183 0.009184
v -0.013102 0.008852 0.010853
v -0.013815 0.008931 0.012932
v -0.013982 0.008097 0.014063
v -0.013102 0.010852 0.008850
v -0.013757 0.010991 0.010985
v -0.013928 0.010284 0.012257
v -0.013815 0.012931 0.008927
v -0.013928 0.012244 0.010307
v -0.013977 0.014080 0.008119
v -0.011846 0.008316 0.008316
v -0.015577 0.008405 0.016761
v -0.015961 0.008008 0.017004
v -0.015500 0.009392 0.016235
v -0.014789 0.008500 0.016315
v -0.014885 0.009230 0.016133
v -0.015211 0.016961 0.007939
v -0.015500 0.017914 0.005740
v -0.015500 0.017638 0.006500
v -0.015526 0.017187 0.007563
v -0.015500 0.018835 0.000500
v -0.015500 0.018737 0.001500
v -0.015500 0.018669 0.002500
v -0.015500 0.018534 0.003500
v -0.015500 0.018271 0.004500
v -0.015500 0.018064 0.005240
v -0.014237 0.016500 0.004500
v -0.014308 0.016500 0.005500
v -0.014421 0.016500 0.006500
v -0.014701 0.016577 0.007563
v -0.014591 0.017500 0.004500
v -0.014765 0.017550 0.005458
v -0.014788 0.017279 0.006500
v -0.014891 0.017123 0.007272
v -0.014755 0.018370 0.000500
v -0.014776 0.018314 0.001500
v -0.014780 0.018284 0.002500
v -0.014806 0.018226 0.003500
v -0.014901 0.018102 0.004500
v -0.014972 0.018024 0.005097
v -0.014243 0.017076 0.001000
v -0.014276 0.017007 0.003001
v -0.013950 0.016152 0.001000
v -0.013976 0.016078 0.002837
v -0.015526 0.016767 0.008417
v -0.015500 0.016238 0.009401
v -0.015877 0.017014 0.008029
v -0.014787 0.016320 0.008500
v -0.014886 0.016132 0.009235
v -0.007978 0.000500 0.006500
v -0.007992 0.000500 0.007017
v -0.007986 0.001447 0.006480
v -0.007996 0.001078 0.007009
v -0.007985 0.004510 0.004493
v -0.007988 0.004403 0.005417
v -0.007989 0.005417 0.004404
v -0.007991 0.005028 0.005028
v -0.007978 0.006500 0.000500
v -0.007986 0.006483 0.001447
v -0.007992 0.007016 0.000500
v -0.007996 0.007008 0.001078
v -0.007971 0.001000 0.005000
v -0.007976 0.002997 0.004998
v -0.007988 0.003000 0.006084
v -0.007972 0.005000 0.001000
v -0.007986 0.005106 0.002989
v -0.007999 0.004004 0.006003
v -0.007987 0.006089 0.003000
v -0.007998 0.006004 0.004006
v -0.007974 0.001973 0.001997
v 0.000153 -0.016105 -0.051500
v 0.000101 -0.016101 -0.050796
v 0.000103 -0.016038 -0.052117
v 0.004000 -0.008373 -0.080935
v 0.002000 -0.009558 -0.078073
v 0.002000 -0.010960 -0.073978
v 0.006000 -0.009558 -0.078073
v 0.006000 -0.010959 -0.073979
v 0.004000 -0.012427 -0.067918
v 0.004500 -0.014683 -0.057500
v 0.004500 -0.014685 -0.056500
v 0.005500 -0.014595 -0.057500
v 0.005489 -0.014314 -0.056489
v 0.005788 -0.013500 -0.056160
v 0.005871 -0.012500 -0.056085
v 0.006572 -0.014307 -0.057423
v 0.006286 -0.014152 -0.056816
v 0.006953 -0.013914 -0.057039
v 0.006572 -0.013548 -0.056686
v 0.006500 -0.012500 -0.056471
v 0.007500 -0.014170 -0.057722
v 0.007477 -0.013548 -0.057242
v 0.007129 -0.013247 -0.056931
v 0.007712 -0.012500 -0.057151
v 0.007212 -0.012500 -0.056886
v 0.005000 -0.014372 -0.059000
v 0.007000 -0.014333 -0.059000
v 0.002000 -0.013774 -0.061738
v 0.001890 -0.014650 -0.057685
v 0.006000 -0.013774 -0.061738
v 0.006853 -0.010000 -0.056619
v 0.000500 -0.015595 -0.053500
v 0.000462 -0.015772 -0.052470
v 0.000627 -0.015485 -0.051538
v 0.000206 -0.015500 -0.050643
v 0.000767 -0.014500 -0.051330
v 0.000267 -0.014500 -0.050581
v 0.001598 -0.015274 -0.053404
v 0.001305 -0.015267 -0.052500
v 0.001076 -0.015142 -0.051897
v 0.001997 -0.014982 -0.053006
v 0.001700 -0.014589 -0.052573
v 0.001127 -0.014500 -0.051830
v 0.002402 -0.015037 -0.055471
v 0.002515 -0.015094 -0.054585
v 0.002192 -0.015095 -0.053673
v 0.002669 -0.014990 -0.055784
v 0.002859 -0.014744 -0.054308
v 0.002449 -0.014530 -0.053489
v 0.002040 -0.014315 -0.052955
v 0.002579 -0.013500 -0.053435
v 0.002079 -0.013500 -0.052911
v 0.002616 -0.012500 -0.053396
v 0.002116 -0.012500 -0.052871
v 0.003015 -0.015006 -0.055117
v 0.003015 -0.015006 -0.054975
v 0.003409 -0.014810 -0.055471
v 0.003356 -0.014415 -0.054626
v 0.003030 -0.014078 -0.053971
v 0.003568 -0.013500 -0.054390
v 0.003068 -0.013500 -0.053935
v 0.003609 -0.012500 -0.054348
v 0.003109 -0.012500 -0.053896
v 0.004439 -0.014289 -0.055533
v 0.004066 -0.014085 -0.054945
v 0.004634 -0.013500 -0.055294
v 0.004134 -0.013500 -0.054890
v 0.004686 -0.012500 -0.055241
v 0.004186 -0.012500 -0.054848
v 0.005149 -0.014122 -0.055889
v 0.005288 -0.013500 -0.055794
v 0.005371 -0.012500 -0.055741
v 0.001000 -0.015213 -0.055000
v 0.001673 -0.013000 -0.052391
v 0.000751 -0.012999 -0.051175
v 0.000011 -0.012154 -0.049982
v 0.001731 -0.011000 -0.052324
v 0.001749 -0.009000 -0.052303
v 0.003648 -0.011000 -0.054316
v 0.002654 -0.011000 -0.053346
v 0.003665 -0.009000 -0.054302
v 0.002671 -0.009000 -0.053328
v 0.000646 -0.010000 -0.050819
v 0.004792 -0.010000 -0.055242
v 0.004000 -0.002338 -0.090846
v 0.004000 -0.006338 -0.084820
v 0.006875 -0.004000 -0.056598
v 0.001753 -0.007000 -0.052298
v 0.001757 -0.005000 -0.052293
v 0.001761 -0.003000 -0.052288
v 0.001765 -0.001000 -0.052283
v 0.003671 -0.007000 -0.054297
v 0.002676 -0.007000 -0.053323
v 0.003676 -0.005000 -0.054292
v 0.002681 -0.005000 -0.053318
v 0.003682 -0.003000 -0.054286
v 0.002686 -0.003000 -0.053312
v 0.003686 -0.001000 -0.054283
v 0.002690 -0.001000 -0.053308
v 0.000664 -0.006000 -0.050802
v 0.000672 -0.002000 -0.050795
v 0.004810 -0.006000 -0.055228
v 0.004823 -0.002000 -0.055219
v 0.012000 -0.008375 -0.080935
v 0.010000 -0.009558 -0.078073
v 0.010000 -0.010958 -0.073978
v 0.014000 -0.009558 -0.078074
v 0.014000 -0.010956 -0.073977
v 0.012000 -0.012427 -0.067920
v 0.008500 -0.014228 -0.059500
v 0.008485 -0.014158 -0.058495
v 0.008808 -0.013824 -0.058158
v 0.008485 -0.013494 -0.057776
v 0.008500 -0.012500 -0.057533
v 0.009581 -0.014104 -0.059434
v 0.009302 -0.014082 -0.058825
v 0.009969 -0.013988 -0.059057
v 0.009566 -0.013573 -0.058451
v 0.009164 -0.013157 -0.057929
v 0.009778 -0.012500 -0.058096
v 0.009278 -0.012500 -0.057883
v 0.010588 -0.013879 -0.059434
v 0.010500 -0.013351 -0.058727
v 0.010500 -0.012500 -0.058394
v 0.011541 -0.013424 -0.059434
v 0.011234 -0.013147 -0.058892
v 0.011901 -0.012830 -0.059057
v 0.011541 -0.012498 -0.058814
v 0.012500 -0.013757 -0.061500
v 0.012500 -0.013643 -0.060500
v 0.012500 -0.013241 -0.059721
v 0.012463 -0.012498 -0.059230
v 0.012105 -0.012163 -0.058960
v 0.012675 -0.011500 -0.059123
v 0.012175 -0.011500 -0.058935
v 0.012695 -0.010500 -0.059111
v 0.012195 -0.010500 -0.058930
v 0.013500 -0.013629 -0.061500
v 0.013512 -0.013289 -0.060459
v 0.013186 -0.013091 -0.059905
v 0.013853 -0.012877 -0.060098
v 0.013512 -0.012526 -0.059733
v 0.013500 -0.011500 -0.059443
v 0.013500 -0.010500 -0.059408
v 0.014500 -0.013415 -0.061500
v 0.014500 -0.013135 -0.060793
v 0.014547 -0.012526 -0.060259
v 0.014912 -0.011750 -0.060041
v 0.014547 -0.011450 -0.059849
v 0.014500 -0.010500 -0.059776
v 0.015444 -0.013160 -0.061512
v 0.015074 -0.013030 -0.060959
v 0.015740 -0.012854 -0.061186
v 0.015444 -0.012512 -0.060718
v 0.015419 -0.011450 -0.060210
v 0.015033 -0.011083 -0.059988
v 0.015555 -0.010500 -0.060163
v 0.015055 -0.010500 -0.059980
v 0.008141 -0.014061 -0.057923
v 0.010313 -0.014040 -0.059723
v 0.013000 -0.013495 -0.063000
v 0.012802 -0.009000 -0.059146
v 0.015000 -0.013419 -0.063000
v 0.014245 -0.012210 -0.059895
v 0.015566 -0.009000 -0.060156
v 0.014783 -0.009000 -0.059873
v 0.009916 -0.013751 -0.061770
v 0.009932 -0.010000 -0.058086
v 0.012000 -0.002338 -0.090846
v 0.012000 -0.006338 -0.084821
v 0.012128 -0.004000 -0.058868
v 0.020000 -0.008372 -0.080934
v 0.018000 -0.009560 -0.078075
v 0.018000 -0.010955 -0.073975
v 0.022000 -0.009561 -0.078076
v 0.022000 -0.010954 -0.073973
v 0.020012 -0.013001 -0.065007
v 0.020012 -0.013001 -0.064989
v 0.020407 -0.012919 -0.065404
v 0.020407 -0.012897 -0.064593
v 0.021500 -0.012817 -0.065500
v 0.021500 -0.012669 -0.064500
v 0.022500 -0.012649 -0.065500
v 0.022556 -0.012305 -0.064436
v 0.022927 -0.011954 -0.064060
v 0.023569 -0.012279 -0.065439
v 0.023282 -0.012144 -0.064727
v 0.023949 -0.011965 -0.065064
v 0.023630 -0.011626 -0.064373
v 0.023978 -0.010951 -0.064019
v 0.021000 -0.012624 -0.067000
v 0.023000 -0.012529 -0.067000
v 0.018000 -0.012200 -0.068973
v 0.018085 -0.012868 -0.065781
v 0.018000 -0.011826 -0.070649
v 0.022000 -0.012198 -0.068973
v 0.022000 -0.011824 -0.070649
v 0.016500 -0.013302 -0.063500
v 0.016549 -0.013178 -0.062446
v 0.016248 -0.013077 -0.061853
v 0.016915 -0.012968 -0.062076
v 0.016606 -0.012578 -0.061436
v 0.016298 -0.012187 -0.060863
v 0.016964 -0.011954 -0.061019
v 0.016579 -0.011572 -0.060730
v 0.016500 -0.010500 -0.060514
v 0.017500 -0.013186 -0.063500
v 0.017500 -0.013073 -0.062786
v 0.017500 -0.012844 -0.062286
v 0.017500 -0.012344 -0.061652
v 0.017541 -0.011572 -0.061145
v 0.017236 -0.011287 -0.060908
v 0.017893 -0.010500 -0.061042
v 0.017393 -0.010500 -0.060851
v 0.018431 -0.013060 -0.063550
v 0.018051 -0.013013 -0.062971
v 0.018718 -0.012920 -0.063250
v 0.018519 -0.012538 -0.062489
v 0.018592 -0.011593 -0.061636
v 0.018500 -0.010500 -0.061274
v 0.019140 -0.013023 -0.063917
v 0.019484 -0.012816 -0.063550
v 0.019500 -0.012295 -0.062637
v 0.019500 -0.011287 -0.061856
v 0.019500 -0.010500 -0.061653
v 0.020500 -0.012505 -0.063500
v 0.020500 -0.012111 -0.062874
v 0.020444 -0.011436 -0.062365
v 0.020074 -0.011060 -0.061970
v 0.020714 -0.010500 -0.062115
v 0.020214 -0.010500 -0.061920
v 0.021412 -0.012212 -0.063502
v 0.021020 -0.012009 -0.062991
v 0.021686 -0.011798 -0.063170
v 0.021412 -0.011479 -0.062813
v 0.021500 -0.010500 -0.062441
v 0.022539 -0.011542 -0.063471
v 0.022152 -0.011131 -0.062922
v 0.022843 -0.010500 -0.063091
v 0.022342 -0.010500 -0.062826
v 0.022973 -0.009500 -0.063014
v 0.022473 -0.009500 -0.062766
v 0.022992 -0.008500 -0.063004
v 0.022493 -0.008500 -0.062761
v 0.023311 -0.011287 -0.063772
v 0.023587 -0.010571 -0.063619
v 0.023500 -0.009500 -0.063365
v 0.023500 -0.008500 -0.063336
v 0.017297 -0.009000 -0.060784
v 0.018319 -0.012157 -0.061851
v 0.019243 -0.011888 -0.062072
v 0.019000 -0.009000 -0.061405
v 0.021161 -0.009000 -0.062197
v 0.020322 -0.009000 -0.061883
v 0.022260 -0.012120 -0.063836
v 0.020000 -0.002336 -0.090844
v 0.020000 -0.006338 -0.084820
v 0.022997 -0.007847 -0.063001
v 0.022598 -0.007508 -0.062806
v 0.022500 -0.006500 -0.062751
v 0.022500 -0.005500 -0.062744
v 0.022500 -0.004500 -0.062738
v 0.023402 -0.007508 -0.063263
v 0.023003 -0.007180 -0.062998
v 0.023508 -0.006500 -0.063321
v 0.023008 -0.006500 -0.062996
v 0.023514 -0.005500 -0.063315
v 0.023015 -0.005500 -0.062991
v 0.023520 -0.004500 -0.063309
v 0.023020 -0.004500 -0.062988
v 0.021167 -0.007000 -0.062188
v 0.020335 -0.007000 -0.061879
v 0.021175 -0.005000 -0.062181
v 0.020350 -0.005000 -0.061873
v 0.021184 -0.003000 -0.062171
v 0.020367 -0.003000 -0.061867
v 0.021188 -0.001000 -0.062166
v 0.020377 -0.001000 -0.061865
v 0.023018 -0.003000 -0.063006
v 0.023021 -0.001000 -0.063003
v 0.017986 -0.006000 -0.061020
v 0.017994 -0.002000 -0.061007
v 0.024937 -0.008253 -0.080882
v 0.026117 -0.008097 -0.080218
v 0.024500 -0.011099 -0.073358
v 0.024500 -0.011330 -0.072500
v 0.024500 -0.010445 -0.075500
v 0.024500 -0.010766 -0.074500
v 0.024500 -0.010960 -0.073858
v 0.024500 -0.009085 -0.079204
v 0.024500 -0.009369 -0.078500
v 0.024500 -0.009751 -0.077500
v 0.024500 -0.009968 -0.076907
v 0.024500 -0.008875 -0.079704
v 0.025151 -0.011053 -0.073189
v 0.025491 -0.011128 -0.072443
v 0.025527 -0.010195 -0.075507
v 0.025500 -0.010526 -0.074500
v 0.025491 -0.010828 -0.073513
v 0.025818 -0.010925 -0.072738
v 0.025113 -0.009042 -0.079101
v 0.025468 -0.009153 -0.078462
v 0.025500 -0.009505 -0.077500
v 0.025527 -0.009843 -0.076538
v 0.025468 -0.008742 -0.079460
v 0.025780 -0.008904 -0.078771
v 0.026026 -0.011019 -0.072071
v 0.026359 -0.010315 -0.073500
v 0.026488 -0.010471 -0.072404
v 0.026053 -0.009040 -0.078104
v 0.026185 -0.009152 -0.077500
v 0.026365 -0.009331 -0.076500
v 0.026518 -0.009497 -0.075503
v 0.026703 -0.009650 -0.074500
v 0.026859 -0.009802 -0.073500
v 0.026950 -0.009918 -0.072737
v 0.026278 -0.008251 -0.079500
v 0.026487 -0.008465 -0.078419
v 0.026685 -0.008627 -0.077500
v 0.026865 -0.008805 -0.076500
v 0.026960 -0.008930 -0.075829
v 0.027011 -0.010016 -0.072070
v 0.027031 -0.009049 -0.075162
v 0.027086 -0.009150 -0.074500
v 0.027150 -0.009302 -0.073500
v 0.027155 -0.009551 -0.072442
v 0.027016 -0.008025 -0.078067
v 0.027070 -0.008127 -0.077500
v 0.027145 -0.008305 -0.076500
v 0.027171 -0.008558 -0.075497
v 0.027304 -0.008500 -0.074500
v 0.027384 -0.008500 -0.073500
v 0.027426 -0.008500 -0.072500
v 0.024856 -0.010109 -0.076318
v 0.025878 -0.009946 -0.075845
v 0.026140 -0.010111 -0.074839
v 0.024500 -0.012057 -0.069285
v 0.024500 -0.012162 -0.068500
v 0.024500 -0.012218 -0.067500
v 0.024512 -0.012154 -0.066586
v 0.024500 -0.011587 -0.071500
v 0.024500 -0.011822 -0.070500
v 0.024500 -0.011966 -0.069785
v 0.024853 -0.011886 -0.066310
v 0.024578 -0.011592 -0.065386
v 0.024302 -0.011298 -0.064686
v 0.024968 -0.010932 -0.065041
v 0.024538 -0.010608 -0.064451
v 0.024683 -0.009500 -0.064301
v 0.024706 -0.008500 -0.064276
v 0.025027 -0.012012 -0.069078
v 0.025053 -0.012026 -0.068500
v 0.025040 -0.012022 -0.067500
v 0.025010 -0.012006 -0.066977
v 0.025500 -0.011364 -0.071500
v 0.025500 -0.011580 -0.070500
v 0.025416 -0.011771 -0.069447
v 0.025553 -0.011734 -0.068500
v 0.025540 -0.011636 -0.067500
v 0.025438 -0.011463 -0.066620
v 0.025199 -0.011220 -0.065708
v 0.025866 -0.010697 -0.066263
v 0.025485 -0.010481 -0.065512
v 0.025104 -0.010265 -0.064883
v 0.025679 -0.009500 -0.065436
v 0.025179 -0.009500 -0.064801
v 0.025703 -0.008500 -0.065398
v 0.025203 -0.008500 -0.064776
v 0.026116 -0.011089 -0.071500
v 0.026234 -0.011190 -0.070500
v 0.026271 -0.011243 -0.069500
v 0.026235 -0.011234 -0.068500
v 0.026126 -0.011136 -0.067500
v 0.026033 -0.011041 -0.066929
v 0.026616 -0.010578 -0.071500
v 0.026734 -0.010663 -0.070500
v 0.026772 -0.010656 -0.069500
v 0.026772 -0.010446 -0.068482
v 0.026494 -0.010500 -0.067500
v 0.026137 -0.010418 -0.066558
v 0.026973 -0.009780 -0.068136
v 0.026826 -0.009468 -0.067578
v 0.026345 -0.009500 -0.066500
v 0.026042 -0.009500 -0.065936
v 0.026831 -0.008500 -0.067441
v 0.026399 -0.008500 -0.066500
v 0.026068 -0.008500 -0.065898
v 0.027048 -0.010078 -0.071500
v 0.027093 -0.010163 -0.070500
v 0.027082 -0.010156 -0.069500
v 0.027038 -0.010077 -0.068803
v 0.027256 -0.009500 -0.071500
v 0.027311 -0.009500 -0.070500
v 0.027264 -0.009500 -0.069500
v 0.027089 -0.009468 -0.068482
v 0.027013 -0.009114 -0.067963
v 0.027448 -0.008500 -0.071500
v 0.027451 -0.008500 -0.070500
v 0.027371 -0.008500 -0.069500
v 0.027170 -0.008500 -0.068500
v 0.027021 -0.008500 -0.067941
v 0.024187 -0.012107 -0.065731
v 0.026012 -0.010031 -0.065982
v 0.024108 -0.010284 -0.063910
v 0.024194 -0.009000 -0.063841
v 0.024100 -0.003010 -0.090014
v 0.024460 -0.003287 -0.089580
v 0.024500 -0.003851 -0.088785
v 0.024500 -0.002108 -0.091137
v 0.024460 -0.002671 -0.090408
v 0.024766 -0.002975 -0.089966
v 0.024500 -0.001208 -0.092249
v 0.024500 -0.001708 -0.091637
v 0.024500 -0.000286 -0.093326
v 0.024500 -0.000786 -0.092749
v 0.025500 -0.003207 -0.089286
v 0.025552 -0.003740 -0.088500
v 0.025120 -0.002053 -0.091067
v 0.025472 -0.002304 -0.090516
v 0.025500 -0.002840 -0.089786
v 0.025255 -0.001118 -0.092142
v 0.025521 -0.001504 -0.091508
v 0.025786 -0.001890 -0.090860
v 0.025500 -0.000134 -0.093153
v 0.025553 -0.000682 -0.092485
v 0.025922 -0.000957 -0.091948
v 0.026066 -0.003058 -0.089081
v 0.026255 -0.003261 -0.088500
v 0.026442 -0.002408 -0.089377
v 0.026755 -0.002674 -0.088500
v 0.026214 -0.001223 -0.091282
v 0.026516 -0.001483 -0.090480
v 0.026818 -0.001743 -0.089673
v 0.026567 -0.000548 -0.091558
v 0.026881 -0.000806 -0.090767
v 0.027003 -0.002004 -0.089006
v 0.027075 -0.002174 -0.088500
v 0.027039 -0.001076 -0.090100
v 0.027096 -0.001446 -0.089404
v 0.027278 -0.001500 -0.088500
v 0.027064 -0.000139 -0.091169
v 0.027140 -0.000483 -0.090460
v 0.027335 -0.000500 -0.089500
v 0.027442 -0.000500 -0.088500
v 0.026152 -0.002146 -0.090193
v 0.026104 -0.000117 -0.092755
v 0.024877 -0.004153 -0.088226
v 0.024500 -0.007162 -0.083309
v 0.024500 -0.007573 -0.082500
v 0.024500 -0.007911 -0.081817
v 0.024500 -0.006898 -0.083809
v 0.024327 -0.005027 -0.087043
v 0.024596 -0.005278 -0.086599
v 0.024500 -0.005827 -0.085705
v 0.024596 -0.004754 -0.087426
v 0.024994 -0.004999 -0.086999
v 0.025229 -0.007092 -0.083175
v 0.025537 -0.007280 -0.082542
v 0.025531 -0.007792 -0.081509
v 0.025884 -0.007945 -0.080884
v 0.025537 -0.006783 -0.083505
v 0.025895 -0.006950 -0.082904
v 0.025500 -0.005195 -0.086320
v 0.025496 -0.005708 -0.085466
v 0.025827 -0.005919 -0.084861
v 0.025552 -0.004375 -0.087563
v 0.025500 -0.004883 -0.086820
v 0.026137 -0.007116 -0.082237
v 0.026314 -0.007296 -0.081500
v 0.026533 -0.007509 -0.080527
v 0.026304 -0.006292 -0.083500
v 0.026543 -0.006518 -0.082542
v 0.026814 -0.006747 -0.081500
v 0.026948 -0.006911 -0.080836
v 0.026068 -0.005057 -0.086094
v 0.026239 -0.005233 -0.085500
v 0.026521 -0.005491 -0.084490
v 0.026804 -0.005729 -0.083500
v 0.026949 -0.005909 -0.082846
v 0.026185 -0.004178 -0.087271
v 0.026460 -0.004428 -0.086390
v 0.026740 -0.004657 -0.085500
v 0.026918 -0.004864 -0.084784
v 0.026563 -0.003538 -0.087563
v 0.026852 -0.003785 -0.086686
v 0.026940 -0.002894 -0.087854
v 0.027043 -0.007072 -0.080170
v 0.027049 -0.006085 -0.082180
v 0.027118 -0.006247 -0.081500
v 0.027176 -0.006547 -0.080502
v 0.027036 -0.005063 -0.084118
v 0.027106 -0.005229 -0.083500
v 0.027177 -0.005545 -0.082508
v 0.027342 -0.005500 -0.081500
v 0.027426 -0.005500 -0.080500
v 0.027007 -0.004012 -0.086019
v 0.027074 -0.004157 -0.085500
v 0.027158 -0.004519 -0.084471
v 0.027326 -0.004500 -0.083500
v 0.027423 -0.004500 -0.082500
v 0.027464 -0.004500 -0.081500
v 0.027479 -0.004500 -0.080500
v 0.027060 -0.003118 -0.087188
v 0.027114 -0.003471 -0.086411
v 0.027281 -0.003500 -0.085500
v 0.027405 -0.003500 -0.084500
v 0.027460 -0.003500 -0.083500
v 0.027478 -0.003500 -0.082500
v 0.027180 -0.002536 -0.087513
v 0.027363 -0.002500 -0.086500
v 0.027447 -0.002500 -0.085500
v 0.027475 -0.002500 -0.084500
v 0.027480 -0.002500 -0.083500
v 0.027480 -0.002500 -0.082500
v 0.027414 -0.001500 -0.087500
v 0.027465 -0.001500 -0.086500
v 0.027475 -0.000500 -0.087500
v 0.027480 -0.000500 -0.086500
v 0.024914 -0.006237 -0.084833
v 0.025920 -0.003957 -0.087937
v 0.026124 -0.006106 -0.084195
v 0.027480 -0.003000 -0.081000
v 0.027480 -0.001000 -0.085000
v 0.027480 -0.001000 -0.083000
v 0.027480 -0.001000 -0.081000
v 0.026778 -0.007711 -0.079500
v 0.026920 -0.007875 -0.078734
v 0.027108 -0.007211 -0.079500
v 0.027150 -0.007525 -0.078440
v 0.027282 -0.007500 -0.077500
v 0.027377 -0.007500 -0.076500
v 0.027430 -0.007500 -0.075500
v 0.027458 -0.007500 -0.074500
v 0.027332 -0.006500 -0.079500
v 0.027413 -0.006500 -0.078500
v 0.027452 -0.006500 -0.077500
v 0.027472 -0.006500 -0.076500
v 0.027479 -0.006500 -0.075500
v 0.027480 -0.006500 -0.074500
v 0.027464 -0.005500 -0.079500
v 0.027478 -0.005500 -0.078500
v 0.027480 -0.004500 -0.079500
v 0.027480 -0.004500 -0.078500
v 0.027478 -0.007000 -0.073000
v 0.027480 -0.005000 -0.077000
v 0.027480 -0.005000 -0.075000
v 0.027480 -0.005000 -0.073000
v 0.027480 -0.002000 -0.078000
v 0.027480 -0.002000 -0.074000
v 0.024712 -0.007500 -0.064272
v 0.024719 -0.006500 -0.064267
v 0.024726 -0.005500 -0.064261
v 0.024733 -0.004500 -0.064255
v 0.024738 -0.003500 -0.064250
v 0.024741 -0.002500 -0.064248
v 0.024743 -0.001500 -0.064244
v 0.024737 -0.000500 -0.064248
v 0.025707 -0.007500 -0.065392
v 0.025207 -0.007500 -0.064772
v 0.025711 -0.006500 -0.065386
v 0.025211 -0.006500 -0.064767
v 0.025715 -0.005500 -0.065378
v 0.025215 -0.005500 -0.064761
v 0.025721 -0.004500 -0.065370
v 0.025221 -0.004500 -0.064755
v 0.025725 -0.003500 -0.065364
v 0.025225 -0.003500 -0.064750
v 0.025727 -0.002500 -0.065360
v 0.025228 -0.002500 -0.064748
v 0.025731 -0.001500 -0.065356
v 0.025231 -0.001500 -0.064744
v 0.025728 -0.000500 -0.065360
v 0.025228 -0.000500 -0.064748
v 0.026834 -0.007500 -0.067434
v 0.026406 -0.007500 -0.066500
v 0.026837 -0.006500 -0.067428
v 0.026413 -0.006500 -0.066500
v 0.026840 -0.005500 -0.067421
v 0.026421 -0.005500 -0.066500
v 0.026843 -0.004500 -0.067416
v 0.026429 -0.004500 -0.066500
v 0.027024 -0.007500 -0.067934
v 0.027026 -0.006500 -0.067928
v 0.027028 -0.005500 -0.067921
v 0.027030 -0.004500 -0.067916
v 0.027473 -0.007000 -0.071000
v 0.027280 -0.007000 -0.069000
v 0.026074 -0.007000 -0.065889
v 0.027473 -0.005000 -0.071000
v 0.027287 -0.005000 -0.069000
v 0.026084 -0.005000 -0.065874
v 0.027472 -0.003000 -0.071000
v 0.027293 -0.003000 -0.069000
v 0.026773 -0.003000 -0.067270
v 0.026092 -0.003000 -0.065862
v 0.027469 -0.001000 -0.071000
v 0.027296 -0.001000 -0.069000
v 0.026777 -0.001000 -0.067264
v 0.026095 -0.001000 -0.065858
v 0.024231 -0.004000 -0.063811
v 0.004000 0.004986 -0.098519
v 0.004000 0.001106 -0.094898
v 0.001000 0.005719 -0.082794
v 0.001000 0.004701 -0.081261
v 0.001000 0.006342 -0.083588
v 0.003000 0.005718 -0.082794
v 0.003000 0.004701 -0.081261
v 0.003000 0.006342 -0.083588
v 0.005000 0.005718 -0.082794
v 0.005000 0.004700 -0.081261
v 0.005000 0.006342 -0.083588
v 0.007000 0.005718 -0.082794
v 0.007000 0.004700 -0.081261
v 0.007000 0.006342 -0.083588
v 0.002000 0.003993 -0.080013
v 0.002000 0.007325 -0.084675
v 0.006000 0.003993 -0.080014
v 0.006000 0.007324 -0.084675
v 0.001000 0.003537 -0.079000
v 0.001000 0.002867 -0.077215
v 0.003000 0.003537 -0.079000
v 0.003000 0.002866 -0.077215
v 0.005000 0.003536 -0.079000
v 0.005000 0.002866 -0.077215
v 0.007000 0.003537 -0.079000
v 0.007000 0.002866 -0.077215
v 0.002000 0.002118 -0.073819
v 0.006000 0.002118 -0.073819
v 0.004000 0.001838 -0.068000
v 0.004500 0.001806 -0.057500
v 0.004500 0.001765 -0.056500
v 0.005885 0.000500 -0.056090
v 0.005500 0.001741 -0.057500
v 0.005527 0.001383 -0.056459
v 0.006500 0.000500 -0.056498
v 0.006500 0.001538 -0.057500
v 0.006500 0.001162 -0.056813
v 0.007666 0.000500 -0.057199
v 0.007166 0.000500 -0.056908
v 0.007414 0.001236 -0.057517
v 0.007023 0.001016 -0.056986
v 0.001000 0.001838 -0.059000
v 0.001219 0.001961 -0.057312
v 0.000873 0.002049 -0.056800
v 0.003000 0.001807 -0.059000
v 0.003020 0.001899 -0.057006
v 0.002300 0.002026 -0.056208
v 0.005000 0.001794 -0.059000
v 0.007000 0.001760 -0.059000
v 0.002000 0.001808 -0.062000
v 0.006000 0.001809 -0.062000
v 0.000464 0.002839 -0.053440
v 0.000748 0.002854 -0.052500
v 0.000716 0.002514 -0.051511
v 0.000189 0.002426 -0.050491
v 0.000107 0.003022 -0.053067
v 0.000248 0.003119 -0.052500
v 0.000236 0.003205 -0.051500
v 0.000092 0.003136 -0.050819
v 0.001756 0.000500 -0.052296
v 0.001699 0.001500 -0.052395
v 0.001500 0.002476 -0.053500
v 0.001461 0.002291 -0.052592
v 0.001102 0.002191 -0.051852
v 0.002679 0.000500 -0.053336
v 0.002179 0.000500 -0.052796
v 0.002966 0.001997 -0.055976
v 0.002911 0.001864 -0.054188
v 0.002619 0.001518 -0.053540
v 0.002091 0.001500 -0.052895
v 0.002580 0.002088 -0.055585
v 0.002546 0.002156 -0.054513
v 0.002190 0.002114 -0.053500
v 0.002010 0.002013 -0.052987
v 0.003669 0.000500 -0.054305
v 0.003169 0.000500 -0.053836
v 0.003460 0.001876 -0.055585
v 0.003434 0.001513 -0.054536
v 0.003101 0.001197 -0.053900
v 0.003100 0.002038 -0.055309
v 0.003100 0.002038 -0.054855
v 0.004732 0.000500 -0.055220
v 0.004232 0.000500 -0.054805
v 0.004480 0.001383 -0.055503
v 0.004133 0.001163 -0.054885
v 0.005385 0.000500 -0.055720
v 0.005212 0.001175 -0.055839
v 0.000839 0.001000 -0.051128
v 0.000053 0.001000 -0.049907
v 0.001000 0.002368 -0.055000
v 0.000011 0.002044 -0.049980
v 0.000500 0.008538 -0.101254
v 0.000500 0.008038 -0.100977
v 0.000500 0.009500 -0.101669
v 0.000500 0.010500 -0.101888
v 0.000500 0.011500 -0.101944
v 0.001500 0.008538 -0.101253
v 0.001500 0.008038 -0.100976
v 0.001500 0.009500 -0.101669
v 0.001500 0.010500 -0.101888
v 0.001500 0.011500 -0.101944
v 0.002500 0.008538 -0.101253
v 0.002500 0.008038 -0.100976
v 0.002500 0.009500 -0.101668
v 0.002500 0.010500 -0.101888
v 0.002500 0.011500 -0.101944
v 0.003500 0.008539 -0.101252
v 0.003500 0.008039 -0.100976
v 0.003500 0.009500 -0.101668
v 0.003500 0.010500 -0.101888
v 0.003500 0.011500 -0.101944
v 0.004500 0.008539 -0.101252
v 0.004500 0.008039 -0.100976
v 0.004500 0.009500 -0.101667
v 0.004500 0.010500 -0.101888
v 0.004500 0.011500 -0.101944
v 0.005500 0.008539 -0.101251
v 0.005500 0.008039 -0.100976
v 0.005500 0.009500 -0.101666
v 0.005500 0.010500 -0.101887
v 0.005500 0.011500 -0.101944
v 0.006500 0.008540 -0.101250
v 0.006500 0.008040 -0.100976
v 0.006500 0.009500 -0.101664
v 0.006500 0.010500 -0.101887
v 0.006500 0.011500 -0.101944
v 0.007500 0.008540 -0.101248
v 0.007500 0.008040 -0.100976
v 0.007500 0.009500 -0.101663
v 0.007500 0.010500 -0.101887
v 0.007500 0.011500 -0.101944
v 0.002000 0.014000 -0.101931
v 0.006000 0.014000 -0.101931
v 0.001000 0.013244 -0.088779
v 0.001000 0.015000 -0.089467
v 0.003000 0.013243 -0.088779
v 0.003000 0.015000 -0.089467
v 0.005000 0.013243 -0.088780
v 0.005000 0.015000 -0.089468
v 0.007000 0.013243 -0.088780
v 0.007000 0.015000 -0.089468
v 0.002000 0.011828 -0.088095
v 0.006000 0.011828 -0.088096
v 0.001000 0.009184 -0.086350
v 0.001000 0.008369 -0.085675
v 0.001000 0.010625 -0.087368
v 0.003000 0.009184 -0.086351
v 0.003000 0.008369 -0.085676
v 0.003000 0.010624 -0.087369
v 0.005000 0.009184 -0.086351
v 0.005000 0.008368 -0.085676
v 0.005000 0.010624 -0.087369
v 0.007000 0.009184 -0.086351
v 0.007000 0.008368 -0.085676
v 0.007000 0.010624 -0.087369
v 0.000500 0.016500 -0.101769
v 0.000500 0.017356 -0.101310
v 0.000500 0.017854 -0.100500
v 0.000500 0.017953 -0.099500
v 0.000500 0.017841 -0.098500
v 0.001500 0.016500 -0.101769
v 0.001500 0.017356 -0.101310
v 0.001500 0.017854 -0.100500
v 0.001500 0.017953 -0.099500
v 0.001500 0.017841 -0.098500
v 0.002500 0.016500 -0.101770
v 0.002500 0.017356 -0.101311
v 0.002500 0.017854 -0.100500
v 0.002500 0.017953 -0.099500
v 0.002500 0.017841 -0.098500
v 0.003500 0.016500 -0.101771
v 0.003500 0.017357 -0.101312
v 0.003500 0.017855 -0.100500
v 0.003500 0.017953 -0.099500
v 0.003500 0.017841 -0.098500
v 0.004500 0.016500 -0.101771
v 0.004500 0.017357 -0.101312
v 0.004500 0.017855 -0.100500
v 0.004500 0.017953 -0.099500
v 0.004500 0.017841 -0.098500
v 0.005500 0.016500 -0.101771
v 0.005500 0.017357 -0.101312
v 0.005500 0.017855 -0.100500
v 0.005500 0.017953 -0.099500
v 0.005500 0.017841 -0.098500
v 0.006500 0.016500 -0.101771
v 0.006500 0.017357 -0.101312
v 0.006500 0.017855 -0.100500
v 0.006500 0.017954 -0.099500
v 0.006500 0.017841 -0.098500
v 0.007500 0.016500 -0.101771
v 0.007500 0.017357 -0.101312
v 0.007500 0.017855 -0.100500
v 0.007500 0.017954 -0.099500
v 0.007500 0.017842 -0.098500
v 0.001000 0.017684 -0.097000
v 0.003000 0.017684 -0.097000
v 0.005000 0.017684 -0.097000
v 0.007000 0.017684 -0.097000
v 0.000500 0.016737 -0.090126
v 0.000500 0.017866 -0.091500
v 0.000500 0.017391 -0.090626
v 0.001500 0.016737 -0.090126
v 0.001500 0.017866 -0.091500
v 0.001500 0.017391 -0.090626
v 0.002500 0.016737 -0.090126
v 0.002500 0.017866 -0.091500
v 0.002500 0.017391 -0.090626
v 0.003500 0.016737 -0.090125
v 0.003500 0.017867 -0.091500
v 0.003500 0.017392 -0.090625
v 0.004500 0.016737 -0.090125
v 0.004500 0.017867 -0.091500
v 0.004500 0.017392 -0.090625
v 0.005500 0.016737 -0.090125
v 0.005500 0.017867 -0.091500
v 0.005500 0.017392 -0.090625
v 0.006500 0.016737 -0.090125
v 0.006500 0.017867 -0.091500
v 0.006500 0.017392 -0.090625
v 0.007500 0.016737 -0.090125
v 0.007500 0.017867 -0.091500
v 0.007500 0.017392 -0.090625
v 0.001000 0.016237 -0.089902
v 0.003000 0.016237 -0.089902
v 0.005000 0.016237 -0.089902
v 0.007000 0.016237 -0.089902
v 0.002000 0.017746 -0.094000
v 0.006000 0.017746 -0.094000
v 0.012000 0.004989 -0.098516
v 0.012000 0.001107 -0.094897
v 0.009000 0.005718 -0.082794
v 0.009000 0.004700 -0.081261
v 0.009000 0.006342 -0.083588
v 0.011000 0.005718 -0.082794
v 0.011000 0.004700 -0.081261
v 0.011000 0.006342 -0.083588
v 0.013000 0.005718 -0.082794
v 0.013000 0.004700 -0.081261
v 0.013000 0.006342 -0.083588
v 0.015000 0.005718 -0.082794
v 0.015000 0.004700 -0.081261
v 0.015000 0.006341 -0.083589
v 0.010000 0.003993 -0.080014
v 0.010000 0.007324 -0.084675
v 0.014000 0.003993 -0.080014
v 0.014000 0.007324 -0.084676
v 0.009000 0.003537 -0.079000
v 0.009000 0.002866 -0.077215
v 0.011000 0.003537 -0.079000
v 0.011000 0.002867 -0.077214
v 0.013000 0.003537 -0.079000
v 0.013000 0.002867 -0.077214
v 0.015000 0.003537 -0.079000
v 0.015000 0.002867 -0.077214
v 0.010000 0.002119 -0.073818
v 0.014000 0.002120 -0.073815
v 0.012000 0.001839 -0.068000
v 0.008939 0.000934 -0.058034
v 0.008563 0.000560 -0.057697
v 0.008500 0.001771 -0.059500
v 0.008563 0.001380 -0.058421
v 0.008272 0.001136 -0.057861
v 0.009550 0.000560 -0.058152
v 0.009251 0.000267 -0.057896
v 0.009500 0.001685 -0.059500
v 0.009500 0.001286 -0.058665
v 0.010500 0.000500 -0.058515
v 0.010500 0.001522 -0.059500
v 0.010500 0.001132 -0.058870
v 0.011738 0.000807 -0.059099
v 0.011443 0.000484 -0.058846
v 0.011443 0.001297 -0.059460
v 0.011071 0.001029 -0.058975
v 0.012496 0.000484 -0.059226
v 0.012160 0.000140 -0.058943
v 0.012500 0.001805 -0.061500
v 0.012500 0.001653 -0.060500
v 0.012500 0.001253 -0.059735
v 0.013500 0.000500 -0.059594
v 0.013500 0.001793 -0.061500
v 0.013500 0.001486 -0.060500
v 0.013500 0.001097 -0.059908
v 0.014676 0.000736 -0.060126
v 0.014406 0.000441 -0.059893
v 0.014500 0.001740 -0.061500
v 0.014406 0.001271 -0.060476
v 0.014010 0.001004 -0.059997
v 0.015444 0.000441 -0.060279
v 0.015073 0.000069 -0.059973
v 0.015500 0.001621 -0.061500
v 0.015500 0.001220 -0.060778
v 0.013000 0.001813 -0.063000
v 0.015000 0.001813 -0.063000
v 0.010000 0.001805 -0.062000
v 0.008500 0.008541 -0.101247
v 0.008500 0.008041 -0.100975
v 0.008500 0.009500 -0.101660
v 0.008500 0.010500 -0.101886
v 0.008500 0.011500 -0.101944
v 0.009500 0.008544 -0.101246
v 0.009500 0.008044 -0.100973
v 0.009500 0.009500 -0.101659
v 0.009500 0.010500 -0.101886
v 0.009500 0.011500 -0.101944
v 0.010500 0.008544 -0.101246
v 0.010500 0.008044 -0.100973
v 0.010500 0.009500 -0.101660
v 0.010500 0.010500 -0.101886
v 0.010500 0.011500 -0.101944
v 0.011500 0.008543 -0.101247
v 0.011500 0.008043 -0.100974
v 0.011500 0.009500 -0.101661
v 0.011500 0.010500 -0.101886
v 0.011500 0.011500 -0.101943
v 0.012500 0.008543 -0.101248
v 0.012500 0.008043 -0.100973
v 0.012500 0.009500 -0.101662
v 0.012500 0.010500 -0.101886
v 0.012500 0.011500 -0.101943
v 0.013500 0.008545 -0.101248
v 0.013500 0.008045 -0.100972
v 0.013500 0.009500 -0.101662
v 0.013500 0.010500 -0.101887
v 0.013500 0.011500 -0.101943
v 0.014500 0.008546 -0.101249
v 0.014500 0.008046 -0.100971
v 0.014500 0.009500 -0.101663
v 0.014500 0.010500 -0.101887
v 0.014500 0.011500 -0.101944
v 0.015500 0.008547 -0.101249
v 0.015500 0.008047 -0.100971
v 0.015500 0.009500 -0.101665
v 0.015500 0.010500 -0.101888
v 0.015500 0.011500 -0.101944
v 0.010000 0.014000 -0.101931
v 0.014000 0.014000 -0.101931
v 0.009000 0.013243 -0.088780
v 0.009000 0.015000 -0.089468
v 0.011000 0.013243 -0.088780
v 0.011000 0.015000 -0.089468
v 0.013000 0.013242 -0.088780
v 0.013000 0.015000 -0.089468
v 0.015000 0.013242 -0.088780
v 0.015000 0.015000 -0.089469
v 0.010000 0.011827 -0.088096
v 0.014000 0.011827 -0.088096
v 0.009000 0.009184 -0.086351
v 0.009000 0.008368 -0.085676
v 0.009000 0.010624 -0.087369
v 0.011000 0.009184 -0.086351
v 0.011000 0.008368 -0.085676
v 0.011000 0.010624 -0.087369
v 0.013000 0.009184 -0.086352
v 0.013000 0.008368 -0.085676
v 0.013000 0.010623 -0.087369
v 0.015000 0.009184 -0.086352
v 0.015000 0.008368 -0.085676
v 0.015000 0.010623 -0.087369
v 0.008500 0.016500 -0.101772
v 0.008500 0.017357 -0.101312
v 0.008500 0.017856 -0.100500
v 0.008500 0.017954 -0.099500
v 0.008500 0.017842 -0.098500
v 0.009500 0.016500 -0.101771
v 0.009500 0.017357 -0.101312
v 0.009500 0.017855 -0.100500
v 0.009500 0.017954 -0.099500
v 0.009500 0.017842 -0.098500
v 0.010500 0.016500 -0.101771
v 0.010500 0.017357 -0.101312
v 0.010500 0.017855 -0.100500
v 0.010500 0.017954 -0.099500
v 0.010500 0.017842 -0.098500
v 0.011500 0.016500 -0.101771
v 0.011500 0.017357 -0.101312
v 0.011500 0.017855 -0.100500
v 0.011500 0.017954 -0.099500
v 0.011500 0.017842 -0.098500
v 0.012500 0.016500 -0.101771
v 0.012500 0.017357 -0.101312
v 0.012500 0.017855 -0.100500
v 0.012500 0.017954 -0.099500
v 0.012500 0.017842 -0.098500
v 0.013500 0.016500 -0.101771
v 0.013500 0.017357 -0.101312
v 0.013500 0.017855 -0.100500
v 0.013500 0.017954 -0.099500
v 0.013500 0.017842 -0.098500
v 0.014500 0.016500 -0.101771
v 0.014500 0.017356 -0.101312
v 0.014500 0.017855 -0.100500
v 0.014500 0.017954 -0.099500
v 0.014500 0.017842 -0.098500
v 0.015500 0.016500 -0.101770
v 0.015500 0.017356 -0.101311
v 0.015500 0.017854 -0.100500
v 0.015500 0.017954 -0.099500
v 0.015500 0.017842 -0.098500
v 0.009000 0.017685 -0.097000
v 0.011000 0.017685 -0.097000
v 0.013000 0.017685 -0.097000
v 0.015000 0.017685 -0.097000
v 0.008500 0.016737 -0.090126
v 0.008500 0.017867 -0.091500
v 0.008500 0.017391 -0.090626
v 0.009500 0.016737 -0.090126
v 0.009500 0.017867 -0.091500
v 0.009500 0.017391 -0.090626
v 0.010500 0.016737 -0.090126
v 0.010500 0.017867 -0.091500
v 0.010500 0.017391 -0.090626
v 0.011500 0.016736 -0.090126
v 0.011500 0.017867 -0.091500
v 0.011500 0.017391 -0.090626
v 0.012500 0.016736 -0.090126
v 0.012500 0.017867 -0.091500
v 0.012500 0.017391 -0.090626
v 0.013500 0.016736 -0.090126
v 0.013500 0.017867 -0.091500
v 0.013500 0.017391 -0.090626
v 0.014500 0.016736 -0.090126
v 0.014500 0.017867 -0.091500
v 0.014500 0.017391 -0.090626
v 0.015500 0.016736 -0.090126
v 0.015500 0.017867 -0.091500
v 0.015500 0.017391 -0.090626
v 0.009000 0.016237 -0.089902
v 0.011000 0.016237 -0.089903
v 0.013000 0.016236 -0.089903
v 0.015000 0.016236 -0.089903
v 0.010000 0.017748 -0.094000
v 0.014000 0.017746 -0.094000
v 0.020000 0.004988 -0.098516
v 0.020000 0.001107 -0.094897
v 0.017000 0.005718 -0.082794
v 0.017000 0.004700 -0.081261
v 0.017000 0.006341 -0.083589
v 0.019000 0.005717 -0.082794
v 0.019000 0.004700 -0.081261
v 0.019000 0.006341 -0.083589
v 0.021000 0.005717 -0.082795
v 0.021000 0.004700 -0.081262
v 0.021000 0.006341 -0.083589
v 0.023000 0.005717 -0.082795
v 0.023000 0.004700 -0.081262
v 0.023000 0.006340 -0.083590
v 0.018000 0.003993 -0.080014
v 0.018000 0.007324 -0.084676
v 0.022000 0.003993 -0.080014
v 0.022000 0.007323 -0.084676
v 0.017000 0.003537 -0.079000
v 0.017000 0.002867 -0.077214
v 0.019000 0.003537 -0.079000
v 0.019000 0.002868 -0.077214
v 0.021000 0.001975 -0.072762
v 0.021000 0.003537 -0.079000
v 0.021000 0.002868 -0.077213
v 0.021000 0.002301 -0.075000
v 0.021000 0.002059 -0.073525
v 0.023000 0.001974 -0.072763
v 0.023000 0.003538 -0.079000
v 0.023000 0.002869 -0.077211
v 0.023000 0.002302 -0.075000
v 0.023000 0.002059 -0.073526
v 0.018000 0.002121 -0.073812
v 0.022500 0.001825 -0.065500
v 0.022500 0.001737 -0.064500
v 0.023931 0.000915 -0.064054
v 0.023500 0.001784 -0.065500
v 0.023559 0.001400 -0.064433
v 0.021000 0.001833 -0.067000
v 0.021000 0.001821 -0.065000
v 0.023000 0.001833 -0.067000
v 0.018000 0.001851 -0.070000
v 0.018000 0.001828 -0.066000
v 0.022000 0.001851 -0.070000
v 0.016923 0.000946 -0.061030
v 0.016554 0.000567 -0.060733
v 0.016554 0.001364 -0.061418
v 0.016256 0.001098 -0.060911
v 0.017596 0.000567 -0.061114
v 0.017326 0.000279 -0.060883
v 0.017500 0.001313 -0.061641
v 0.018500 0.000500 -0.061421
v 0.018500 0.001811 -0.063500
v 0.018500 0.001580 -0.062500
v 0.018500 0.001179 -0.061825
v 0.019830 0.000877 -0.062066
v 0.019498 0.000526 -0.061788
v 0.019500 0.001781 -0.063500
v 0.019498 0.001336 -0.062439
v 0.019163 0.001065 -0.061943
v 0.020546 0.000526 -0.062169
v 0.020500 0.001699 -0.063500
v 0.020500 0.001290 -0.062686
v 0.021500 0.000500 -0.062514
v 0.021500 0.001540 -0.063500
v 0.021500 0.001140 -0.062867
v 0.022721 0.000693 -0.063152
v 0.022433 0.000416 -0.062876
v 0.022433 0.001279 -0.063491
v 0.022054 0.001031 -0.062974
v 0.023474 0.000471 -0.063514
v 0.023018 0.000026 -0.062989
v 0.023264 0.001173 -0.063819
v 0.017000 0.001785 -0.063000
v 0.020243 0.000210 -0.061913
v 0.016500 0.008548 -0.101250
v 0.016500 0.008048 -0.100970
v 0.016500 0.009500 -0.101666
v 0.016500 0.010500 -0.101888
v 0.016500 0.011500 -0.101944
v 0.017500 0.008550 -0.101250
v 0.017500 0.008050 -0.100969
v 0.017500 0.009500 -0.101666
v 0.017500 0.010500 -0.101889
v 0.017500 0.011500 -0.101944
v 0.018500 0.008551 -0.101250
v 0.018500 0.008051 -0.100968
v 0.018500 0.009500 -0.101666
v 0.018500 0.010500 -0.101889
v 0.018500 0.011500 -0.101944
v 0.019500 0.008552 -0.101250
v 0.019500 0.008052 -0.100967
v 0.019500 0.009500 -0.101667
v 0.019500 0.010500 -0.101889
v 0.019500 0.011500 -0.101944
v 0.020500 0.008552 -0.101251
v 0.020500 0.008052 -0.100967
v 0.020500 0.009500 -0.101667
v 0.020500 0.010500 -0.101889
v 0.020500 0.011500 -0.101944
v 0.021500 0.008552 -0.101251
v 0.021500 0.008052 -0.100967
v 0.021500 0.009500 -0.101667
v 0.021500 0.010500 -0.101889
v 0.021500 0.011500 -0.101944
v 0.022500 0.008552 -0.101251
v 0.022500 0.008052 -0.100967
v 0.022500 0.009500 -0.101667
v 0.022500 0.010500 -0.101889
v 0.022500 0.011500 -0.101944
v 0.023500 0.008551 -0.101251
v 0.023500 0.008051 -0.100968
v 0.023500 0.009500 -0.101667
v 0.023500 0.010500 -0.101889
v 0.023500 0.011500 -0.101944
v 0.018000 0.014000 -0.101931
v 0.022000 0.014000 -0.101931
v 0.017000 0.013242 -0.088780
v 0.017000 0.015000 -0.089469
v 0.019000 0.013242 -0.088780
v 0.019000 0.015000 -0.089469
v 0.021000 0.013242 -0.088781
v 0.021000 0.015000 -0.089469
v 0.023000 0.013242 -0.088781
v 0.023000 0.015000 -0.089470
v 0.018000 0.011826 -0.088096
v 0.022000 0.011826 -0.088097
v 0.017000 0.009184 -0.086352
v 0.017000 0.008367 -0.085677
v 0.017000 0.010623 -0.087369
v 0.019000 0.009184 -0.086352
v 0.019000 0.008367 -0.085677
v 0.019000 0.010623 -0.087370
v 0.021000 0.009183 -0.086353
v 0.021000 0.008367 -0.085677
v 0.021000 0.010622 -0.087370
v 0.023000 0.009183 -0.086353
v 0.023000 0.008367 -0.085678
v 0.023000 0.010622 -0.087370
v 0.016500 0.016500 -0.101770
v 0.016500 0.017356 -0.101311
v 0.016500 0.017854 -0.100500
v 0.016500 0.017954 -0.099500
v 0.016500 0.017842 -0.098500
v 0.017500 0.016500 -0.101770
v 0.017500 0.017356 -0.101311
v 0.017500 0.017854 -0.100500
v 0.017500 0.017954 -0.099500
v 0.017500 0.017842 -0.098500
v 0.018500 0.016500 -0.101770
v 0.018500 0.017356 -0.101311
v 0.018500 0.017854 -0.100500
v 0.018500 0.017954 -0.099500
v 0.018500 0.017842 -0.098500
v 0.019500 0.016500 -0.101770
v 0.019500 0.017356 -0.101311
v 0.019500 0.017854 -0.100500
v 0.019500 0.017954 -0.099500
v 0.019500 0.017842 -0.098500
v 0.020500 0.016500 -0.101770
v 0.020500 0.017356 -0.101311
v 0.020500 0.017854 -0.100500
v 0.020500 0.017954 -0.099500
v 0.020500 0.017842 -0.098500
v 0.021500 0.016500 -0.101770
v 0.021500 0.017355 -0.101311
v 0.021500 0.017854 -0.100500
v 0.021500 0.017954 -0.099500
v 0.021500 0.017842 -0.098500
v 0.022500 0.016500 -0.101770
v 0.022500 0.017355 -0.101311
v 0.022500 0.017854 -0.100500
v 0.022500 0.017954 -0.099500
v 0.022500 0.017842 -0.098500
v 0.023500 0.016500 -0.101769
v 0.023500 0.017355 -0.101311
v 0.023500 0.017854 -0.100500
v 0.023500 0.017954 -0.099500
v 0.023500 0.017843 -0.098500
v 0.017000 0.017685 -0.097000
v 0.019000 0.017685 -0.097000
v 0.021000 0.017685 -0.097000
v 0.023000 0.017686 -0.097000
v 0.016500 0.016736 -0.090126
v 0.016500 0.017867 -0.091500
v 0.016500 0.017391 -0.090626
v 0.017500 0.016736 -0.090126
v 0.017500 0.017867 -0.091500
v 0.017500 0.017391 -0.090626
v 0.018500 0.016736 -0.090126
v 0.018500 0.017867 -0.091500
v 0.018500 0.017391 -0.090626
v 0.019500 0.016735 -0.090126
v 0.019500 0.017867 -0.091500
v 0.019500 0.017391 -0.090626
v 0.020500 0.016735 -0.090126
v 0.020500 0.017867 -0.091500
v 0.020500 0.017391 -0.090626
v 0.021500 0.016735 -0.090126
v 0.021500 0.017866 -0.091500
v 0.021500 0.017391 -0.090626
v 0.022500 0.016735 -0.090126
v 0.022500 0.017866 -0.091500
v 0.022500 0.017391 -0.090626
v 0.023500 0.016735 -0.090126
v 0.023500 0.017866 -0.091500
v 0.023500 0.017391 -0.090626
v 0.017000 0.016236 -0.089903
v 0.019000 0.016236 -0.089903
v 0.021000 0.016235 -0.089903
v 0.023000 0.016235 -0.089903
v 0.018000 0.017747 -0.094000
v 0.022000 0.017747 -0.094000
v 0.024500 0.002619 -0.096368
v 0.024500 0.003641 -0.097326
v 0.024500 0.003141 -0.096868
v 0.024500 0.004697 -0.098262
v 0.024500 0.004197 -0.097826
v 0.024500 0.005785 -0.099175
v 0.024500 0.005285 -0.098762
v 0.024500 0.006909 -0.100071
v 0.024500 0.006409 -0.099675
v 0.024500 0.007500 -0.100515
v 0.025500 0.002781 -0.096211
v 0.025500 0.003809 -0.097173
v 0.025500 0.003309 -0.096711
v 0.025324 0.004821 -0.098155
v 0.025594 0.004493 -0.097735
v 0.025214 0.005881 -0.099098
v 0.025602 0.005443 -0.098545
v 0.025991 0.005006 -0.097995
v 0.025068 0.006962 -0.100030
v 0.025474 0.006520 -0.099482
v 0.025881 0.006079 -0.098936
v 0.025441 0.007503 -0.100258
v 0.025735 0.007172 -0.099866
v 0.026230 0.004500 -0.097271
v 0.026758 0.004457 -0.096528
v 0.026590 0.005403 -0.097584
v 0.026938 0.005132 -0.096880
v 0.026195 0.006746 -0.099199
v 0.026552 0.006465 -0.098527
v 0.026910 0.006185 -0.097840
v 0.026496 0.007550 -0.099460
v 0.026862 0.007261 -0.098785
v 0.027087 0.004761 -0.096213
v 0.027075 0.005799 -0.097173
v 0.027182 0.005479 -0.096528
v 0.027057 0.006851 -0.098119
v 0.027161 0.006511 -0.097504
v 0.027385 0.006500 -0.096500
v 0.027029 0.007927 -0.099055
v 0.027128 0.007556 -0.098471
v 0.027359 0.007500 -0.097500
v 0.027462 0.007500 -0.096500
v 0.026107 0.003494 -0.096508
v 0.026243 0.005673 -0.098269
v 0.026130 0.007838 -0.100120
v 0.024500 0.000656 -0.094370
v 0.024500 0.000156 -0.093826
v 0.024500 0.001624 -0.095382
v 0.024500 0.001124 -0.094870
v 0.024500 0.002119 -0.095882
v 0.025500 0.000810 -0.094205
v 0.025500 0.000310 -0.093653
v 0.025500 0.001782 -0.095221
v 0.025500 0.001282 -0.094705
v 0.025500 0.002281 -0.095721
v 0.026201 0.000573 -0.093406
v 0.026726 0.000488 -0.092530
v 0.026920 0.000146 -0.091835
v 0.026771 0.001464 -0.093547
v 0.026946 0.001107 -0.092883
v 0.026247 0.002565 -0.095437
v 0.026789 0.002451 -0.094551
v 0.026960 0.002085 -0.093912
v 0.026786 0.003449 -0.095546
v 0.026963 0.003081 -0.094919
v 0.026957 0.004095 -0.095911
v 0.027079 0.000813 -0.092216
v 0.027169 0.000488 -0.091501
v 0.027369 0.000500 -0.090500
v 0.027456 0.000500 -0.089500
v 0.027479 0.000500 -0.088500
v 0.027090 0.001774 -0.093245
v 0.027188 0.001464 -0.092530
v 0.027391 0.001500 -0.091500
v 0.027463 0.001500 -0.090500
v 0.027480 0.001500 -0.089500
v 0.027480 0.001500 -0.088500
v 0.027093 0.002752 -0.094252
v 0.027198 0.002451 -0.093547
v 0.027405 0.002500 -0.092500
v 0.027468 0.002500 -0.091500
v 0.027480 0.002500 -0.090500
v 0.027094 0.003748 -0.095244
v 0.027200 0.003449 -0.094551
v 0.027410 0.003500 -0.093500
v 0.027470 0.003500 -0.092500
v 0.027480 0.003500 -0.091500
v 0.027480 0.003500 -0.090500
v 0.027196 0.004457 -0.095546
v 0.027410 0.004500 -0.094500
v 0.027470 0.004500 -0.093500
v 0.027480 0.004500 -0.092500
v 0.027401 0.005500 -0.095500
v 0.027470 0.005500 -0.094500
v 0.027480 0.005500 -0.093500
v 0.027480 0.005500 -0.092500
v 0.027466 0.006500 -0.095500
v 0.027480 0.006500 -0.094500
v 0.027480 0.007500 -0.095500
v 0.027480 0.007500 -0.094500
v 0.026114 0.001486 -0.094513
v 0.027480 0.003000 -0.089000
v 0.027480 0.007000 -0.093000
v 0.027468 0.006000 -0.090000
v 0.024500 0.003992 -0.080015
v 0.024500 0.004761 -0.081391
v 0.024500 0.004261 -0.080515
v 0.024500 0.005923 -0.083100
v 0.024500 0.005492 -0.082500
v 0.024500 0.005070 -0.081891
v 0.024500 0.006828 -0.084193
v 0.024500 0.006328 -0.083600
v 0.024500 0.007795 -0.085200
v 0.024500 0.007295 -0.084693
v 0.025500 0.003935 -0.080146
v 0.025781 0.004901 -0.082176
v 0.025469 0.004685 -0.081558
v 0.025500 0.004180 -0.080646
v 0.025591 0.005815 -0.083444
v 0.025469 0.005249 -0.082506
v 0.025115 0.005045 -0.081930
v 0.025912 0.006918 -0.085092
v 0.025615 0.006564 -0.084412
v 0.025318 0.006211 -0.083740
v 0.025576 0.007543 -0.085453
v 0.025246 0.007185 -0.084806
v 0.026964 0.002952 -0.080113
v 0.026902 0.003875 -0.082248
v 0.026739 0.003713 -0.081500
v 0.026524 0.003497 -0.080481
v 0.026924 0.004888 -0.084171
v 0.026760 0.004696 -0.083500
v 0.026496 0.004471 -0.082545
v 0.026852 0.005776 -0.085286
v 0.026555 0.005548 -0.084427
v 0.026261 0.005310 -0.083500
v 0.026090 0.005093 -0.082843
v 0.026826 0.006708 -0.086309
v 0.026506 0.006480 -0.085522
v 0.026185 0.006251 -0.084684
v 0.026847 0.007695 -0.087266
v 0.026503 0.007465 -0.086533
v 0.026159 0.007235 -0.085758
v 0.027477 0.002500 -0.083500
v 0.027451 0.002500 -0.082500
v 0.027374 0.002500 -0.081500
v 0.027218 0.002571 -0.080468
v 0.027351 0.003500 -0.083500
v 0.027186 0.003525 -0.082549
v 0.027135 0.003213 -0.081500
v 0.027055 0.003076 -0.080779
v 0.027399 0.004500 -0.085500
v 0.027207 0.004533 -0.084502
v 0.027113 0.004196 -0.083500
v 0.027028 0.004041 -0.082915
v 0.027141 0.005466 -0.085571
v 0.027063 0.005110 -0.084837
v 0.027322 0.006500 -0.087500
v 0.027100 0.006425 -0.086585
v 0.027022 0.006041 -0.085952
v 0.027101 0.007417 -0.087559
v 0.027012 0.007028 -0.086975
v 0.025984 0.005987 -0.084017
v 0.025907 0.007902 -0.086090
v 0.027480 0.001000 -0.083000
v 0.027477 0.001000 -0.081000
v 0.027440 0.005000 -0.087000
v 0.026161 0.004147 -0.081175
v 0.027478 0.002000 -0.086000
v 0.024500 0.003753 -0.079500
v 0.024500 0.003323 -0.078500
v 0.025500 0.003655 -0.079500
v 0.025500 0.003255 -0.078500
v 0.026918 0.001914 -0.076324
v 0.026805 0.001823 -0.075500
v 0.026662 0.001734 -0.074500
v 0.026436 0.001720 -0.073455
v 0.026500 0.001549 -0.072500
v 0.026853 0.002843 -0.079500
v 0.026639 0.002688 -0.078500
v 0.026408 0.002590 -0.077586
v 0.026550 0.002233 -0.076594
v 0.026353 0.003279 -0.079500
v 0.026139 0.003095 -0.078500
v 0.026013 0.003007 -0.077977
v 0.027474 0.000500 -0.077500
v 0.027461 0.000500 -0.076500
v 0.027435 0.000500 -0.075500
v 0.027399 0.000500 -0.074500
v 0.027357 0.000500 -0.073500
v 0.027316 0.000500 -0.072500
v 0.027281 0.001500 -0.077500
v 0.027178 0.001549 -0.076594
v 0.027196 0.001323 -0.075500
v 0.027159 0.001234 -0.074500
v 0.027118 0.001160 -0.073500
v 0.027077 0.001098 -0.072500
v 0.027196 0.002343 -0.079500
v 0.027129 0.002188 -0.078500
v 0.027046 0.002061 -0.077500
v 0.027002 0.002002 -0.076990
v 0.025000 0.001966 -0.072775
v 0.025000 0.002856 -0.077236
v 0.025000 0.002295 -0.075000
v 0.025000 0.002057 -0.073551
v 0.027440 0.001000 -0.079000
v 0.026233 0.002131 -0.075000
v 0.026061 0.002030 -0.073758
v 0.024965 0.000948 -0.065040
v 0.024558 0.000598 -0.064446
v 0.024500 0.001826 -0.069500
v 0.024500 0.001836 -0.068500
v 0.024500 0.001830 -0.067500
v 0.024500 0.001768 -0.066500
v 0.024579 0.001416 -0.065424
v 0.024298 0.001219 -0.064721
v 0.025891 0.000803 -0.066177
v 0.025520 0.000543 -0.065475
v 0.025148 0.000282 -0.064837
v 0.025500 0.001687 -0.069500
v 0.025500 0.001670 -0.068500
v 0.025500 0.001602 -0.067500
v 0.025535 0.001337 -0.066506
v 0.025224 0.001199 -0.065706
v 0.026961 0.000953 -0.070257
v 0.026906 0.000881 -0.069500
v 0.026831 0.000714 -0.068500
v 0.026706 0.000438 -0.067559
v 0.026225 0.000482 -0.066506
v 0.026500 0.001429 -0.071500
v 0.026577 0.001265 -0.070554
v 0.026406 0.001279 -0.069500
v 0.026331 0.001254 -0.068500
v 0.026209 0.001190 -0.067500
v 0.026085 0.001091 -0.066844
v 0.027273 0.000500 -0.071500
v 0.027187 0.000572 -0.070554
v 0.027191 0.000381 -0.069500
v 0.027100 0.000214 -0.068500
v 0.027025 0.000064 -0.067932
v 0.027036 0.001042 -0.071500
v 0.027009 0.001009 -0.070923
v 0.025000 0.001816 -0.071000
v 0.026060 0.000137 -0.065910
v 0.024152 0.000248 -0.063876
v 0.024500 0.008589 -0.101230
v 0.024500 0.008089 -0.100944
v 0.024500 0.009500 -0.101625
v 0.024500 0.010500 -0.101847
v 0.024500 0.011500 -0.101903
v 0.024500 0.012500 -0.101899
v 0.024500 0.013500 -0.101894
v 0.024500 0.014500 -0.101889
v 0.024500 0.015500 -0.101883
v 0.025500 0.008808 -0.101107
v 0.025500 0.008308 -0.100800
v 0.025500 0.009500 -0.101387
v 0.025500 0.010500 -0.101617
v 0.025500 0.011500 -0.101672
v 0.025500 0.012500 -0.101667
v 0.025500 0.013500 -0.101661
v 0.025500 0.014500 -0.101657
v 0.025500 0.015500 -0.101651
v 0.026006 0.008992 -0.101004
v 0.026271 0.008595 -0.100472
v 0.026835 0.008500 -0.099764
v 0.026124 0.009500 -0.101096
v 0.026689 0.009435 -0.100470
v 0.026982 0.009059 -0.099964
v 0.026274 0.010500 -0.101214
v 0.026774 0.010500 -0.100714
v 0.026305 0.011500 -0.101242
v 0.026805 0.011500 -0.100750
v 0.026299 0.012500 -0.101238
v 0.026799 0.012500 -0.100743
v 0.026293 0.013500 -0.101235
v 0.026793 0.013500 -0.100737
v 0.026289 0.014500 -0.101232
v 0.026789 0.014500 -0.100732
v 0.026283 0.015500 -0.101229
v 0.026783 0.015500 -0.100725
v 0.027106 0.008500 -0.099264
v 0.027320 0.008500 -0.098500
v 0.027453 0.008500 -0.097500
v 0.027479 0.008500 -0.096500
v 0.027067 0.009725 -0.100117
v 0.027196 0.009435 -0.099578
v 0.027433 0.009500 -0.098500
v 0.027479 0.009500 -0.097500
v 0.027480 0.009500 -0.096500
v 0.027121 0.010500 -0.100214
v 0.027349 0.010500 -0.099500
v 0.027469 0.010500 -0.098500
v 0.027141 0.011500 -0.100250
v 0.027377 0.011500 -0.099500
v 0.027476 0.011500 -0.098500
v 0.027139 0.012500 -0.100243
v 0.027375 0.012500 -0.099500
v 0.027476 0.012500 -0.098500
v 0.027137 0.013500 -0.100237
v 0.027372 0.013500 -0.099500
v 0.027476 0.013500 -0.098500
v 0.027134 0.014500 -0.100232
v 0.027370 0.014500 -0.099500
v 0.027475 0.014500 -0.098500
v 0.027131 0.015500 -0.100225
v 0.027366 0.015500 -0.099500
v 0.027460 0.015500 -0.098500
v 0.027480 0.011000 -0.097000
v 0.027480 0.013000 -0.097000
v 0.027442 0.015000 -0.097000
v 0.024500 0.011779 -0.088123
v 0.024500 0.012500 -0.088490
v 0.024500 0.013814 -0.089078
v 0.024500 0.013314 -0.088867
v 0.024500 0.014500 -0.089335
v 0.024500 0.015500 -0.089678
v 0.025812 0.010772 -0.088133
v 0.025487 0.011494 -0.088321
v 0.025810 0.012738 -0.089110
v 0.025486 0.012443 -0.088796
v 0.025486 0.013506 -0.089242
v 0.025144 0.013176 -0.088926
v 0.025500 0.014500 -0.089601
v 0.025473 0.015419 -0.089880
v 0.026909 0.008767 -0.088157
v 0.026731 0.009500 -0.088356
v 0.026879 0.010701 -0.089142
v 0.026472 0.010403 -0.088559
v 0.026688 0.011500 -0.089306
v 0.026188 0.011500 -0.088827
v 0.026945 0.012857 -0.090063
v 0.026492 0.012464 -0.089521
v 0.026038 0.012071 -0.088969
v 0.026817 0.013500 -0.090181
v 0.026317 0.013500 -0.089754
v 0.026617 0.014500 -0.090342
v 0.026959 0.015857 -0.091064
v 0.026486 0.015444 -0.090514
v 0.027399 0.008500 -0.089500
v 0.027148 0.008460 -0.088495
v 0.027292 0.009500 -0.089500
v 0.027069 0.009500 -0.088856
v 0.027161 0.010421 -0.089485
v 0.027011 0.010034 -0.088984
v 0.027128 0.011500 -0.089806
v 0.027473 0.012500 -0.091500
v 0.027219 0.012514 -0.090438
v 0.027054 0.012190 -0.089933
v 0.027434 0.013500 -0.091500
v 0.027194 0.013500 -0.090681
v 0.027346 0.014500 -0.091500
v 0.027113 0.014500 -0.090842
v 0.027190 0.015514 -0.091439
v 0.027043 0.015191 -0.090944
v 0.025789 0.015698 -0.090084
v 0.027475 0.009000 -0.091000
v 0.027440 0.011000 -0.091000
v 0.026065 0.014766 -0.089953
v 0.027480 0.010000 -0.094000
v 0.027465 0.014000 -0.094000
v 0.024500 0.008839 -0.086136
v 0.024500 0.008339 -0.085700
v 0.024762 0.009967 -0.087025
v 0.024457 0.009580 -0.086704
v 0.024457 0.010408 -0.087286
v 0.024095 0.010013 -0.086991
v 0.024500 0.011279 -0.087839
v 0.025963 0.008956 -0.087034
v 0.025602 0.008582 -0.086432
v 0.025240 0.008208 -0.085814
v 0.025578 0.009580 -0.087196
v 0.025296 0.009300 -0.086774
v 0.025487 0.010463 -0.087722
v 0.025145 0.011157 -0.087911
v 0.026545 0.008528 -0.087483
v 0.026180 0.008290 -0.086757
v 0.026231 0.009500 -0.087726
v 0.027032 0.008100 -0.087932
v 0.026065 0.010105 -0.087935
v 0.024500 0.016500 -0.101729
v 0.024500 0.017336 -0.101290
v 0.024500 0.017834 -0.100500
v 0.024500 0.017954 -0.099500
v 0.024500 0.017843 -0.098500
v 0.025500 0.016500 -0.101488
v 0.025500 0.017196 -0.101165
v 0.025500 0.017666 -0.100500
v 0.025500 0.017918 -0.099500
v 0.025500 0.017823 -0.098500
v 0.026178 0.016500 -0.101144
v 0.026733 0.016576 -0.100488
v 0.026985 0.016960 -0.099912
v 0.026984 0.016975 -0.098090
v 0.026939 0.016905 -0.097500
v 0.026888 0.016825 -0.096500
v 0.026050 0.017050 -0.101041
v 0.026277 0.017258 -0.100500
v 0.026591 0.017379 -0.099547
v 0.026590 0.017348 -0.098454
v 0.026439 0.017336 -0.097500
v 0.026387 0.017295 -0.096500
v 0.027086 0.016293 -0.100147
v 0.027166 0.016576 -0.099547
v 0.027199 0.016585 -0.098454
v 0.027186 0.016405 -0.097500
v 0.027151 0.016325 -0.096500
v 0.027035 0.017045 -0.099245
v 0.027035 0.017045 -0.098756
v 0.025000 0.017673 -0.097000
v 0.024500 0.016695 -0.090144
v 0.024500 0.016195 -0.089920
v 0.024500 0.017855 -0.091500
v 0.024500 0.017379 -0.090644
v 0.025473 0.016462 -0.090261
v 0.025122 0.016104 -0.089958
v 0.025500 0.017717 -0.091500
v 0.025500 0.017260 -0.090763
v 0.026878 0.016813 -0.095500
v 0.026912 0.016868 -0.094500
v 0.026960 0.016941 -0.093784
v 0.026800 0.016500 -0.091298
v 0.026300 0.016500 -0.090745
v 0.026378 0.017287 -0.095500
v 0.026412 0.017313 -0.094500
v 0.026576 0.017310 -0.093471
v 0.026500 0.017440 -0.092500
v 0.026465 0.017237 -0.091600
v 0.026108 0.017103 -0.090909
v 0.027149 0.016313 -0.095500
v 0.027177 0.016368 -0.094500
v 0.027183 0.016565 -0.093471
v 0.027222 0.016500 -0.092500
v 0.027092 0.016500 -0.091798
v 0.027017 0.017022 -0.093118
v 0.027013 0.017017 -0.092500
v 0.027000 0.017001 -0.091999
v 0.025000 0.017643 -0.095000
v 0.025000 0.017828 -0.093000
vn -0.9976 -0.0249 -0.0645
vn -0.9993 -0.0346 -0.0165
vn -0.9995 -0.0317 -0.0022
vn -0.9999 -0.0098 0.0027
vn -1.0000 0.0009 0.0008
vn -1.0000 0.0009 0.0006
vn -1.0000 0.0022 0.0003
vn -0.9996 -0.0276 -0.0016
vn -0.9996 -0.0277 -0.0007
vn -0.9996 -0.0278 -0.0008
vn -0.9996 -0.0274 -0.0014
vn -0.9996 -0.0274 -0.0013
vn -0.9997 -0.0251 -0.0014
vn -0.9997 -0.0251 -0.0013
vn -0.9998 -0.0215 -0.0014
vn -0.9982 -0.0368 0.0478
vn -0.9981 -0.0249 0.0568
vn -1.0000 -0.0034 0.0049
vn -0.9959 -0.0621 0.0651
vn -0.9960 -0.0880 0.0157
vn -0.5148 -0.8372 0.1847
vn -0.3843 -0.9193 0.0845
vn -0.3372 -0.9410 0.0285
vn -0.3602 -0.9321 0.0377
vn -0.2955 -0.9550 0.0257
vn -0.9645 -0.1058 -0.2420
vn -0.9713 0.0033 -0.2379
vn -0.5709 -0.7692 -0.2873
vn -0.8926 0.0120 -0.4506
vn -0.8464 0.0177 -0.5322
vn -0.8411 0.0053 -0.5409
vn -0.9949 -0.0421 -0.0915
vn -0.9996 -0.0286 -0.0083
vn -0.9822 -0.0864 -0.1669
vn -0.9997 -0.0109 -0.0233
vn -1.0000 0.0008 -0.0003
vn -0.9912 -0.0032 -0.1323
vn -1.0000 -0.0000 0.0001
vn -1.0000 -0.0000 -0.0000
vn -1.0000 -0.0003 0.0005
vn -1.0000 0.0002 -0.0004
vn -1.0000 0.0001 0.0003
vn -1.0000 -0.0001 0.0001
vn -1.0000 -0.0002 -0.0009
vn -1.0000 -0.0003 0.0009
vn -0.9999 -0.0086 0.0094
vn -0.9999 -0.0043 -0.0123
vn -0.9999 -0.0012 0.0156
vn -0.9999 -0.0031 0.0099
vn -0.9999 -0.0004 0.0148
vn -0.9854 -0.1119 0.1279
vn -0.9601 -0.2793 0.0132
vn -0.9433 -0.3313 0.0224
vn -0.9333 -0.3584 0.0205
vn -1.0000 -0.0093 0.0024
vn -1.0000 -0.0004 -0.0001
vn -1.0000 0.0004 -0.0010
vn -1.0000 0.0009 0.0004
vn -1.0000 0.0005 0.0002
vn -1.0000 -0.0000 -0.0001
vn -1.0000 0.0001 -0.0000
vn -0.9208 -0.3882 0.0373
vn -0.9091 -0.4155 0.0307
vn -1.0000 -0.0002 0.0009
vn -1.0000 -0.0018 0.0019
vn -0.9973 -0.0037 0.0738
vn -0.9863 -0.0258 0.1631
vn -1.0000 0.0001 0.0001
vn -1.0000 -0.0076 0.0024
vn -0.9935 -0.0889 0.0706
vn -0.9996 -0.0267 0.0092
vn -0.7525 -0.6524 0.0897
vn -0.5062 -0.8399 0.1956
vn -0.4920 -0.8382 0.2355
vn -0.8388 0.0004 -0.5444
vn -0.8385 0.0040 -0.5448
vn -1.0000 0.0014 -0.0004
vn -0.9999 0.0104 0.0041
vn -0.9967 0.0336 0.0737
vn -0.9951 0.0276 -0.0946
vn -0.9996 0.0137 -0.0249
vn -0.9944 0.0688 -0.0808
vn -0.9996 0.0299 0.0002
vn -0.9965 0.0277 -0.0786
vn -0.9999 0.0033 0.0169
vn -0.9950 0.0941 0.0335
vn -0.9963 0.0167 0.0846
vn -0.9999 0.0152 0.0077
vn -0.0034 -0.8498 -0.5270
vn -0.0107 -0.8994 -0.4370
vn -0.0129 -0.8794 -0.4759
vn 0.0007 -0.9068 -0.4215
vn 0.0015 -0.9067 -0.4218
vn 0.0011 -0.9884 -0.1516
vn 0.0020 -1.0000 -0.0061
vn 0.0009 -0.7883 -0.6153
vn 0.0009 -0.7877 -0.6160
vn -0.0011 -0.9811 -0.1937
vn 0.0017 -0.8578 -0.5140
vn 0.0004 -0.7923 -0.6102
vn 0.0010 -0.8001 -0.5999
vn 0.0003 -0.9810 -0.1940
vn -0.0001 -0.8579 -0.5139
vn -0.0000 -0.9809 -0.1944
vn -0.0000 -0.8579 -0.5138
vn 0.0001 -0.7920 -0.6105
vn 0.0009 -0.7999 -0.6002
vn -0.0000 -0.9809 -0.1947
vn 0.0003 -0.8581 -0.5136
vn 0.0006 -1.0000 -0.0050
vn 0.0005 -1.0000 -0.0048
vn 0.0004 -1.0000 -0.0051
vn 0.0004 -1.0000 -0.0052
vn 0.0006 -1.0000 -0.0049
vn -0.0000 -1.0000 -0.0052
vn -0.0002 -1.0000 -0.0051
vn -0.0001 -1.0000 -0.0051
vn 0.0004 -1.0000 -0.0049
vn -0.0000 -0.9922 0.1249
vn -0.0792 -0.8528 0.5162
vn -0.0803 -0.8710 0.4846
vn -0.1028 -0.9043 0.4143
vn -0.0024 -0.9687 0.2482
vn -0.0262 -0.8234 0.5669
vn 0.0001 -1.0000 0.0081
vn -0.0081 -0.8321 0.5546
vn -0.0426 -0.8757 0.4809
vn -0.0003 -0.9691 0.2468
vn -0.0045 -0.8304 0.5571
vn -0.0002 -1.0000 0.0080
vn -0.0006 -0.9691 0.2465
vn -0.0016 -0.8445 0.5356
vn -0.0005 -1.0000 0.0080
vn -0.0035 -0.8436 0.5369
vn -0.0028 -0.8870 0.4618
vn 0.0001 -0.9693 0.2458
vn -0.0016 -0.8428 0.5382
vn -0.1166 -0.9472 0.2986
vn -0.1415 -0.9647 0.2223
vn -0.1322 -0.9739 0.1846
vn -0.1524 -0.9837 0.0958
vn -0.1803 -0.9836 0.0066
vn -0.2330 -0.9722 -0.0227
vn -0.3127 -0.9431 -0.1129
vn -0.3413 -0.9398 -0.0201
vn -0.3893 -0.9208 0.0221
vn -0.4973 -0.8663 0.0475
vn -0.4715 -0.8640 0.1766
vn -0.3024 -0.9466 -0.1115
vn -0.3842 -0.9230 0.0217
vn -0.4801 -0.8759 0.0476
vn -0.3259 -0.9376 -0.1212
vn -0.4912 -0.8701 -0.0412
vn -0.5335 -0.8399 0.0997
vn -0.3839 -0.8974 -0.2174
vn -0.4613 -0.8868 -0.0281
vn -0.3583 -0.9305 -0.0756
vn -0.0228 -0.9612 -0.2748
vn 0.0011 -0.9866 -0.1634
vn -0.0008 -0.9962 -0.0876
vn -0.3658 -0.0233 -0.9304
vn -0.2710 -0.4444 -0.8539
vn -0.5103 -0.0565 -0.8582
vn -0.2665 -0.4440 -0.8555
vn -0.2901 -0.0561 -0.9553
vn -0.0036 -0.9737 -0.2280
vn -0.0027 -0.9757 -0.2191
vn -0.7997 -0.0004 -0.6004
vn -0.7975 0.0043 -0.6034
vn -0.7988 0.0071 -0.6016
vn -0.0049 -0.9772 -0.2120
vn -0.5965 -0.0040 -0.8026
vn -0.6039 0.0012 -0.7970
vn -0.0029 -0.9758 -0.2188
vn -0.5624 -0.0466 -0.8256
vn -0.5063 0.0201 -0.8622
vn -0.0306 -0.9682 -0.2484
vn -0.4307 0.0151 -0.9024
vn 0.0003 -0.9777 -0.2098
vn -0.0022 -0.9765 -0.2155
vn 0.0020 -0.9773 -0.2120
vn -0.0049 -0.9681 -0.2504
vn -0.1802 -0.6102 -0.7715
vn -0.0505 -0.9607 -0.2728
vn -0.1667 -0.6141 -0.7714
vn -0.0091 -0.9654 -0.2607
vn -0.0049 -0.9531 -0.3026
vn -0.0096 -0.9424 -0.3344
vn 0.0011 -0.9655 -0.2605
vn -0.0142 -0.9668 -0.2550
vn 0.0005 -0.9445 -0.3285
vn -0.7883 0.0052 -0.6152
vn -0.7114 0.0072 -0.7028
vn -0.7668 0.0468 -0.6401
vn -0.7049 -0.0000 -0.7093
vn -0.7662 -0.0434 -0.6411
vn -0.7931 0.0097 -0.6090
vn -0.6072 0.0070 -0.7945
vn -0.7021 0.0072 -0.7121
vn -0.6919 0.0001 -0.7220
vn -0.6152 0.0053 -0.7883
vn -0.5010 -0.0133 -0.8653
vn -0.5792 0.0013 -0.8152
vn -0.5069 0.0010 -0.8620
vn -0.4300 -0.0090 -0.9028
vn -0.4389 -0.0037 -0.8985
vn -0.4020 -0.0061 -0.9156
vn -0.4129 -0.0182 -0.9106
vn -0.4093 -0.0107 -0.9124
vn -0.4478 -0.1511 -0.8813
vn -0.4912 -0.0306 -0.8705
vn 0.0005 -0.9066 -0.4220
vn -0.0001 -0.9066 -0.4221
vn 0.0001 -0.9809 -0.1947
vn -0.0001 -0.8581 -0.5136
vn -0.0000 -0.7920 -0.6106
vn 0.0003 -0.7998 -0.6003
vn 0.0001 -0.9808 -0.1948
vn 0.0001 -0.8580 -0.5136
vn -0.0000 -0.9808 -0.1949
vn -0.0001 -0.8580 -0.5136
vn -0.0000 -0.7919 -0.6107
vn -0.0001 -0.7997 -0.6003
vn -0.0000 -0.9808 -0.1948
vn 0.0001 -1.0000 -0.0051
vn -0.0000 -1.0000 -0.0051
vn -0.0003 -0.9692 0.2461
vn 0.0021 -0.8374 0.5466
vn 0.0004 -1.0000 0.0081
vn 0.0057 -0.8391 0.5440
vn 0.0213 -0.8825 0.4699
vn 0.0013 -0.9692 0.2462
vn 0.0116 -0.8363 0.5482
vn 0.0004 -1.0000 0.0080
vn 0.0047 -0.9683 0.2496
vn 0.0368 -0.8120 0.5825
vn 0.0007 -1.0000 0.0080
vn 0.0287 -0.8083 0.5880
vn 0.0952 -0.8340 0.5434
vn 0.4354 -0.6068 0.6650
vn 0.0013 -0.9670 0.2546
vn 0.0356 -0.8049 0.5924
vn 0.5452 -0.5964 0.5892
vn 0.0994 -0.9793 0.1765
vn 0.1700 -0.9831 0.0677
vn 0.2623 -0.9642 0.0393
vn 0.2263 -0.9400 0.2552
vn 0.2078 -0.8977 0.3884
vn 0.3710 -0.8113 0.4517
vn 0.0186 -0.9670 -0.2539
vn 0.0543 -0.9896 -0.1329
vn 0.0668 -0.9929 -0.0984
vn 0.0092 -0.9863 -0.1645
vn 0.3142 -0.9483 -0.0438
vn 0.9562 -0.2885 0.0502
vn 0.9566 -0.2912 0.0051
vn 0.9523 -0.3032 -0.0336
vn -0.4944 -0.0766 -0.8658
vn -0.3742 -0.4763 -0.7957
vn -0.5215 -0.2867 -0.8037
vn -0.3396 -0.6461 -0.6836
vn -0.3396 -0.6688 -0.6613
vn -0.2039 -0.8180 -0.5379
vn -0.4149 -0.6976 -0.5841
vn -0.5038 -0.6983 -0.5085
vn -0.1071 -0.9080 -0.4051
vn -0.5244 -0.7298 -0.4386
vn -0.5449 -0.7294 -0.4135
vn -0.0201 -0.9733 -0.2288
vn 0.0001 -0.9771 -0.2127
vn -0.0042 -0.9771 -0.2126
vn 0.0190 -0.9637 -0.2664
vn 0.0011 -0.9776 -0.2107
vn 0.0018 -0.9782 -0.2075
vn -0.0484 -0.9735 -0.2235
vn -0.0321 -0.9735 -0.2265
vn -0.0246 -0.9739 -0.2255
vn -0.0001 -0.9691 -0.2469
vn 0.0002 -0.9444 -0.3288
vn 0.9217 0.2679 0.2804
vn 0.9452 0.2296 0.2321
vn 0.9516 0.2217 0.2130
vn 0.8835 -0.3957 0.2509
vn 0.8448 -0.3390 0.4139
vn 0.8379 -0.3365 0.4296
vn 0.8372 -0.4095 0.3625
vn 0.7511 -0.4192 0.5100
vn 0.8218 -0.4353 0.3677
vn 0.8008 -0.4782 0.3606
vn 0.7901 -0.4828 0.3776
vn 0.7796 -0.5550 0.2902
vn 0.8029 -0.5241 0.2840
vn 0.7545 -0.3416 0.5604
vn 0.7276 -0.3111 0.6114
vn 0.7528 -0.3281 0.5707
vn 0.8115 -0.2949 0.5045
vn 0.9016 -0.2240 0.3700
vn 0.9578 0.1349 0.2538
vn 0.9512 -0.2036 0.2319
vn 0.9909 0.0645 0.1185
vn 0.9951 0.0762 0.0625
vn 0.8776 -0.4644 0.1190
vn 0.9995 0.0171 -0.0273
vn 0.7816 -0.1452 0.6067
vn 0.8622 -0.3039 0.4053
vn 0.9319 -0.3328 0.1440
vn 0.9397 -0.3008 0.1628
vn 0.8928 -0.4167 0.1710
vn 0.8853 -0.4558 0.0923
vn 0.8780 -0.4772 -0.0373
vn 0.8323 -0.5474 0.0871
vn 0.8299 -0.5548 -0.0591
vn 0.7835 -0.6102 0.1173
vn 0.8226 -0.5675 0.0340
vn -0.9612 -0.2746 0.0262
vn -0.8885 -0.0455 -0.4567
vn -0.8539 -0.3839 -0.3515
vn -0.9300 -0.0653 -0.3617
vn -0.9090 -0.0757 -0.4098
vn -0.5996 -0.0456 -0.7990
vn -0.5839 -0.0443 -0.8106
vn -0.6995 -0.0253 -0.7142
vn -0.7432 -0.0711 -0.6653
vn -0.6674 -0.0716 -0.7413
vn -0.7732 -0.0866 -0.6282
vn -0.7444 -0.0392 -0.6666
vn -0.8336 -0.0405 -0.5509
vn -0.8065 -0.0435 -0.5896
vn 0.9956 -0.0332 -0.0873
vn 0.9847 -0.1689 -0.0431
vn 0.7860 -0.6161 -0.0515
vn 0.7369 -0.6718 -0.0756
vn 0.9591 -0.2196 -0.1789
vn 0.7398 -0.6704 -0.0573
vn 0.7516 -0.6560 -0.0682
vn 0.9611 -0.2096 -0.1798
vn 0.9507 -0.2172 -0.2213
vn 0.9411 -0.2662 -0.2084
vn -0.0002 -0.9066 -0.4220
vn 0.2452 -0.9546 -0.1689
vn 0.1014 -0.9175 -0.3847
vn 0.4180 -0.8561 -0.3040
vn 0.8704 -0.4344 -0.2320
vn 0.0003 -0.9808 -0.1948
vn -0.0001 -0.8579 -0.5138
vn -0.0005 -0.7920 -0.6105
vn -0.0007 -0.7998 -0.6003
vn 0.0005 -0.9808 -0.1951
vn -0.0003 -0.8578 -0.5140
vn 0.0250 -0.9901 -0.1380
vn 0.0342 -0.9994 -0.0052
vn 0.0011 -0.7925 -0.6098
vn 0.0010 -0.7906 -0.6124
vn 0.2875 -0.8689 -0.4029
vn 0.2985 -0.7038 -0.6447
vn 0.9985 -0.0546 -0.0057
vn 0.1569 -0.8269 -0.5401
vn 0.9994 -0.0280 0.0197
vn 0.9965 -0.0081 0.0827
vn 0.9892 -0.0137 0.1457
vn 0.9619 -0.0752 0.2629
vn 0.9721 -0.0341 0.2320
vn -0.0001 -1.0000 -0.0049
vn -0.0004 -1.0000 -0.0052
vn 0.0210 -0.9998 -0.0044
vn 0.0211 -0.9998 -0.0049
vn 0.0215 -0.9998 -0.0043
vn 0.0215 -0.9998 -0.0044
vn 0.0214 -0.9998 -0.0039
vn 0.9987 -0.0509 -0.0015
vn 0.9988 -0.0492 -0.0018
vn 0.9989 -0.0469 -0.0014
vn 0.9990 -0.0452 -0.0010
vn -0.0001 -1.0000 -0.0050
vn 0.0228 -0.9997 -0.0043
vn 0.0228 -0.9997 -0.0044
vn 0.0236 -0.9997 -0.0044
vn 0.0236 -0.9997 -0.0045
vn 0.0236 -0.9997 -0.0047
vn 0.9990 -0.0438 -0.0013
vn 0.9991 -0.0421 -0.0013
vn 0.9992 -0.0405 -0.0013
vn 0.9993 -0.0373 -0.0013
vn 0.9940 0.0410 0.1014
vn 0.9920 0.1253 0.0158
vn 0.2011 -0.6644 0.7198
vn 0.1923 -0.5585 0.8069
vn 0.0088 -0.9656 0.2597
vn 0.0439 -0.7361 0.6755
vn 0.1995 -0.7189 0.6659
vn -0.0001 -0.9998 0.0186
vn -0.0069 -0.9646 0.2638
vn 0.7188 0.4402 0.5381
vn 0.7480 0.3893 0.5375
vn 0.0338 -0.9926 0.1163
vn 0.7098 0.4100 0.5727
vn 0.7116 0.4563 0.5342
vn 0.9824 0.1738 0.0682
vn -0.0149 -0.9091 -0.4162
vn -0.5471 -0.7582 -0.3548
vn -0.7667 -0.5516 -0.3285
vn -0.6004 -0.7478 -0.2835
vn -0.6214 -0.7413 -0.2537
vn -0.4046 -0.8733 -0.2715
vn -0.4876 -0.7945 -0.3620
vn -0.4992 -0.8639 -0.0662
vn -0.0062 -0.9630 -0.2695
vn -0.0080 -0.9522 -0.3054
vn -0.0098 -0.9547 -0.2974
vn -0.0092 -0.9595 -0.2815
vn -0.0076 -0.9285 -0.3713
vn -0.0101 -0.9334 -0.3586
vn -0.0074 -0.9374 -0.3482
vn 0.0028 -0.9445 -0.3286
vn -0.0000 -0.9227 -0.3856
vn -0.0070 -0.9742 -0.2258
vn -0.1977 -0.9301 -0.3095
vn -0.0065 -0.9618 -0.2737
vn -0.4085 -0.8117 -0.4175
vn -0.4565 -0.8010 -0.3872
vn -0.4121 -0.8019 -0.4326
vn -0.0377 -0.9729 -0.2281
vn -0.3757 -0.8499 -0.3696
vn -0.0099 -0.9717 -0.2361
vn -0.3690 -0.8908 -0.2653
vn -0.0112 -0.9764 -0.2157
vn 0.0002 -0.9772 -0.2125
vn 0.0001 -0.9770 -0.2130
vn -0.0015 -0.9721 -0.2344
vn -0.0009 -0.9745 -0.2243
vn -0.0000 -0.9772 -0.2123
vn 0.0004 -0.9772 -0.2124
vn 0.0003 -0.9772 -0.2124
vn 0.0042 -0.9725 -0.2328
vn 0.8884 -0.0400 0.4574
vn 0.9038 -0.0433 0.4257
vn 0.9777 0.0187 0.2093
vn 0.9484 -0.0127 0.3169
vn 0.9319 -0.0049 0.3627
vn 0.9143 -0.0170 0.4047
vn 1.0000 0.0068 -0.0028
vn 0.9997 -0.0071 -0.0236
vn 0.9994 0.0278 0.0191
vn 0.9935 -0.0504 0.1022
vn 0.9999 -0.0093 0.0073
vn 0.6918 0.4623 0.5547
vn 0.6944 0.4239 0.5816
vn 0.7929 0.2624 0.5499
vn 0.6970 0.2227 0.6816
vn 0.7084 0.1037 0.6981
vn 0.7251 0.1806 0.6645
vn 0.9856 0.1463 0.0844
vn 0.6920 0.7196 0.0582
vn 0.9928 0.0809 0.0887
vn 0.9202 0.0874 0.3814
vn 0.9992 0.0237 0.0309
vn 0.9935 -0.0086 0.1134
vn 0.9941 -0.1056 0.0234
vn 0.9858 -0.0800 0.1474
vn 0.9993 -0.0363 0.0022
vn 0.8762 0.3279 0.3532
vn 0.8261 0.3687 0.4262
vn 0.8526 0.2924 0.4331
vn 0.7696 0.4124 0.4875
vn -0.8475 -0.4558 -0.2721
vn -0.4137 -0.6855 -0.5991
vn 0.0169 -0.8468 -0.5317
vn -0.0027 -0.8156 -0.5786
vn -0.0083 -0.7927 -0.6096
vn -0.0054 -0.7665 -0.6422
vn 0.0003 -0.7806 -0.6250
vn -0.0141 -0.7550 -0.6555
vn -0.0138 -0.7651 -0.6437
vn -0.9269 -0.3201 -0.1957
vn -0.9771 -0.1851 -0.1053
vn -0.9917 -0.1215 -0.0423
vn -0.9132 -0.3721 -0.1664
vn -0.8892 -0.3968 -0.2278
vn -0.9539 -0.2801 0.1082
vn -0.9573 -0.2837 0.0561
vn -0.8703 -0.4337 -0.2335
vn -0.0143 -0.8906 -0.4545
vn -0.0122 -0.8960 -0.4439
vn 0.0002 -0.8715 -0.4904
vn -0.0115 -0.8841 -0.4672
vn -0.0086 -0.8502 -0.5263
vn -0.0101 -0.8544 -0.5196
vn -0.0074 -0.8623 -0.5064
vn 0.0015 -0.8380 -0.5457
vn -0.9769 -0.1311 -0.1686
vn -0.9622 -0.1147 -0.2469
vn -0.9895 -0.0973 -0.1069
vn 0.9123 -0.0020 0.4096
vn 0.9122 -0.0021 0.4097
vn 0.9998 -0.0115 0.0156
vn 0.9999 -0.0002 0.0108
vn 0.9983 0.0549 0.0208
vn 0.9999 -0.0001 0.0123
vn 0.9976 -0.0527 0.0451
vn 0.6929 0.2245 0.6852
vn 0.6938 0.2211 0.6854
vn 0.7150 0.2018 0.6693
vn 0.6975 0.1728 0.6954
vn 0.7074 0.0610 0.7042
vn 0.6994 -0.0420 0.7135
vn 0.9918 0.1220 0.0391
vn 0.9954 0.0682 0.0679
vn 0.9991 -0.0023 0.0429
vn 0.9921 -0.0646 0.1072
vn 0.8679 0.1218 0.4815
vn 0.8925 0.1362 0.4301
vn 0.8425 0.1795 0.5079
vn 0.8918 0.1607 0.4229
vn 0.9743 -0.2063 -0.0901
vn 0.9594 -0.2375 -0.1523
vn 0.9997 -0.0247 -0.0027
vn 0.9999 -0.0082 -0.0088
vn 0.9593 -0.1528 -0.2375
vn 1.0000 -0.0006 0.0004
vn 1.0000 -0.0002 0.0002
vn 1.0000 -0.0003 0.0005
vn 0.9997 -0.0039 -0.0225
vn 1.0000 -0.0000 -0.0000
vn 0.9373 -0.2743 -0.2151
vn 1.0000 0.0004 -0.0001
vn 0.9508 -0.0165 -0.3093
vn 0.9999 0.0119 0.0022
vn -0.9858 -0.1241 -0.1129
vn -0.9562 -0.2884 -0.0496
vn -0.9991 -0.0236 -0.0361
vn -0.9899 -0.0622 -0.1274
vn -0.9971 -0.0155 -0.0746
vn -0.9988 -0.0170 0.0460
vn -0.9963 -0.0806 0.0281
vn -0.8835 -0.4524 0.1213
vn -0.7340 -0.6791 -0.0120
vn -0.6056 -0.7907 0.0903
vn -0.3929 -0.8202 0.4158
vn -0.3451 -0.8704 0.3510
vn -0.4744 -0.8143 0.3344
vn -0.4063 -0.8204 0.4023
vn -0.9999 -0.0112 0.0034
vn -1.0000 -0.0012 0.0042
vn -0.9620 -0.1486 0.2291
vn -0.9651 -0.1890 0.1811
vn -0.3553 -0.7371 0.5748
vn -0.4128 -0.7054 0.5762
vn -0.4047 -0.6862 0.6045
vn -0.3635 -0.6839 0.6325
vn -0.3567 -0.6357 0.6845
vn -0.4074 -0.6011 0.6875
vn -0.4120 -0.5731 0.7084
vn -0.3548 -0.5718 0.7397
vn -0.9992 -0.0220 -0.0321
vn -1.0000 0.0015 -0.0001
vn -0.9984 0.0530 -0.0216
vn -0.9989 0.0175 0.0437
vn -0.9975 0.0447 -0.0538
vn -0.9996 -0.0088 0.0266
vn -0.9989 -0.0470 -0.0082
vn -1.0000 0.0066 0.0025
vn -0.9774 -0.0603 0.2025
vn -0.9796 -0.0533 0.1939
vn -1.0000 0.0033 0.0073
vn -0.9891 0.0824 0.1222
vn -0.8233 0.2376 0.5155
vn -0.5438 -0.8272 0.1418
vn -0.5295 -0.8363 0.1421
vn -0.4134 -0.9073 0.0772
vn -0.3951 -0.9083 0.1376
vn -0.1864 -0.9466 0.2632
vn -0.3684 -0.8352 0.4083
vn -0.3154 -0.9130 0.2587
vn -0.0005 -0.9968 0.0805
vn 0.0002 -0.9875 0.1579
vn -0.0005 -0.9634 0.2681
vn -0.0006 -0.9074 0.4202
vn -0.3215 -0.8445 0.4283
vn 0.0129 -0.9065 0.4219
vn 0.0066 -0.8817 0.4718
vn -0.5024 -0.8529 0.1423
vn -0.5194 -0.8530 0.0514
vn -0.5210 -0.8317 0.1919
vn -0.4717 -0.8443 0.2542
vn -0.4978 -0.8046 0.3239
vn -0.4341 -0.7486 0.5012
vn -0.4326 -0.4939 0.7542
vn -0.5125 -0.6314 0.5819
vn -0.5137 -0.5856 0.6270
vn -0.4638 -0.6710 0.5785
vn -0.4524 -0.5811 0.6765
vn -0.3689 -0.7748 0.5135
vn -0.3706 -0.7621 0.5310
vn -0.3853 -0.6611 0.6439
vn -0.3795 -0.6534 0.6551
vn -0.3794 -0.6613 0.6470
vn -0.3922 -0.6364 0.6642
vn -0.3658 -0.5285 0.7661
vn -0.3655 -0.5260 0.7680
vn 0.0031 -0.8311 0.5561
vn 0.0038 -0.8232 0.5678
vn -0.0010 -0.7053 0.7089
vn -0.0010 -0.7117 0.7025
vn -0.0008 -0.5650 0.8251
vn -0.0005 -0.5700 0.8216
vn -0.3480 -0.4379 0.8289
vn 0.0058 -0.4807 0.8769
vn 0.0114 -0.4345 0.9006
vn -0.4360 -0.4024 0.8049
vn -0.4262 -0.3677 0.8265
vn -0.4390 -0.2775 0.8545
vn -0.5062 0.1734 0.8448
vn -0.4791 -0.2316 0.8467
vn -0.5120 -0.2261 0.8287
vn -0.5074 0.0655 0.8592
vn -0.5321 0.0640 0.8443
vn -0.5641 -0.1185 0.8172
vn -0.3295 -0.2541 0.9093
vn -0.3760 -0.3837 0.8434
vn -0.1736 -0.2750 0.9456
vn -0.3550 -0.1455 0.9235
vn -0.4070 -0.0726 0.9106
vn -0.0017 -0.3990 0.9170
vn -0.0016 -0.2812 0.9596
vn -0.0006 -0.1564 0.9877
vn -0.0002 -0.0858 0.9963
vn 0.0788 -0.9920 0.0989
vn 0.0641 -0.9891 0.1324
vn 0.0396 -0.9660 0.2554
vn 0.0414 -0.9128 0.4063
vn 0.9512 -0.3055 0.0432
vn 0.9507 -0.3074 0.0398
vn 0.0386 -0.8684 0.4944
vn 0.0331 -0.8832 0.4679
vn 0.9576 -0.2793 0.0711
vn 0.9289 -0.3000 0.2172
vn 0.8759 -0.4786 0.0616
vn 0.8280 -0.5522 0.0977
vn 0.0334 -0.8385 0.5439
vn 0.0319 -0.8139 0.5801
vn 0.0490 -0.7021 0.7104
vn 0.0490 -0.7184 0.6939
vn 0.0345 -0.5727 0.8191
vn 0.0350 -0.5603 0.8276
vn 0.9567 -0.2588 0.1336
vn 0.9557 -0.2401 0.1700
vn 0.9607 -0.2169 0.1733
vn 0.9545 -0.2165 0.2050
vn 0.9598 -0.1914 0.2055
vn 0.9564 -0.1781 0.2317
vn 0.9561 -0.1781 0.2327
vn 0.0368 -0.4725 0.8805
vn 0.0438 -0.5066 0.8610
vn 0.6899 -0.6761 0.2587
vn 0.7492 -0.6584 0.0726
vn 0.7223 -0.6706 0.1691
vn 0.6886 -0.6250 0.3676
vn 0.7764 -0.5178 0.3592
vn 0.7337 -0.5152 0.4430
vn 0.7471 -0.5130 0.4227
vn 0.7465 -0.4125 0.5222
vn 0.7367 -0.4277 0.5238
vn 0.7627 -0.3635 0.5350
vn 0.6911 -0.3687 0.6217
vn 0.9556 -0.1399 0.2594
vn 0.8771 -0.0675 0.4756
vn 0.8336 -0.1017 0.5430
vn 0.6886 -0.2708 0.6727
vn 0.7232 -0.1767 0.6676
vn 0.7516 -0.0761 0.6552
vn 0.0439 -0.3908 0.9194
vn 0.0369 -0.2693 0.9624
vn 0.0599 -0.1336 0.9892
vn 0.0681 -0.0986 0.9928
vn 0.9277 -0.2216 0.3003
vn 0.9573 -0.0671 0.2813
vn 0.9393 -0.0887 0.3313
vn 0.9231 -0.0458 0.3817
vn 0.9239 -0.0412 0.3804
vn 1.0000 0.0026 0.0083
vn 0.9999 -0.0076 0.0070
vn 0.9998 -0.0181 0.0008
vn 0.9998 -0.0062 0.0195
vn 0.9999 -0.0069 0.0143
vn 1.0000 -0.0021 0.0006
vn 0.9999 -0.0092 0.0081
vn -0.9602 0.0587 -0.2731
vn -0.8709 0.4188 -0.2570
vn -0.6862 0.0432 -0.7261
vn -0.4109 0.8788 -0.2427
vn -0.9845 0.1241 -0.1239
vn -0.9969 0.0752 -0.0240
vn -0.9993 0.0115 -0.0347
vn -0.9998 0.0152 -0.0164
vn -0.9884 0.1404 -0.0580
vn -0.9803 0.1783 -0.0853
vn -0.9608 0.0980 -0.2594
vn -0.9206 0.3781 -0.0973
vn -0.8093 0.5281 -0.2573
vn -0.9595 0.2167 -0.1800
vn -0.9613 0.2411 -0.1332
vn -1.0000 0.0001 -0.0004
vn -0.9960 0.0811 -0.0363
vn -0.9993 -0.0080 -0.0372
vn -0.9998 0.0030 0.0175
vn -0.9980 0.0217 -0.0600
vn -0.9999 0.0066 0.0154
vn -0.9998 0.0055 0.0166
vn -0.9614 0.2737 0.0287
vn -0.7053 0.7073 0.0476
vn -0.5476 0.8097 0.2110
vn -0.4372 0.8823 0.1742
vn -0.5046 0.8597 0.0798
vn -1.0000 0.0003 0.0004
vn -0.9999 0.0160 -0.0042
vn -0.9998 0.0140 -0.0142
vn -0.9998 0.0144 -0.0160
vn -1.0000 -0.0021 -0.0033
vn -1.0000 -0.0005 0.0047
vn -0.9954 0.0921 -0.0262
vn -0.9320 0.3463 -0.1066
vn -0.9849 0.1541 -0.0794
vn -0.6774 0.7355 -0.0123
vn -0.7831 0.6180 -0.0700
vn -0.5278 0.8487 -0.0331
vn -0.5157 0.8463 -0.1337
vn -0.5302 0.8221 -0.2076
vn -1.0000 0.0014 -0.0041
vn -1.0000 0.0007 -0.0005
vn -0.9975 0.0683 0.0182
vn -0.9973 0.0191 0.0715
vn -0.9995 0.0180 -0.0277
vn -0.9693 0.0690 0.2361
vn -0.8942 0.3372 0.2946
vn -0.9177 0.3642 0.1585
vn -1.0000 0.0001 -0.0003
vn -1.0000 0.0001 -0.0001
vn -0.9974 0.0727 0.0022
vn -0.9980 0.0588 -0.0241
vn -0.9994 0.0177 -0.0298
vn -0.9625 0.2699 0.0254
vn -0.9854 0.1639 -0.0472
vn -0.9340 0.3421 -0.1025
vn -0.9719 0.1477 -0.1835
vn -0.9228 0.3847 0.0185
vn -0.9080 0.4165 -0.0457
vn -0.9114 0.3556 -0.2070
vn -0.9096 0.3303 -0.2519
vn -0.9188 0.3857 0.0840
vn -0.9149 0.3705 -0.1599
vn -0.9338 0.3250 -0.1496
vn -0.8759 0.3878 0.2869
vn -0.8915 0.4454 -0.0834
vn -0.8717 0.4673 -0.1474
vn -0.6757 0.7090 -0.2018
vn -0.9993 0.0114 -0.0355
vn -1.0000 -0.0024 -0.0068
vn -0.9992 0.0390 -0.0127
vn -0.9996 0.0092 -0.0277
vn -1.0000 0.0082 0.0017
vn -0.9021 0.3224 -0.2868
vn -0.9017 0.2446 -0.3565
vn -0.9997 -0.0056 0.0234
vn -0.9998 -0.0173 -0.0031
vn -0.9963 0.0806 0.0308
vn -0.9961 -0.0696 0.0538
vn -0.0665 -0.9978 -0.0047
vn -0.0697 -0.9976 -0.0051
vn -0.5825 0.0847 0.8084
vn -0.1766 0.0819 0.9809
vn -0.0581 -0.9983 -0.0048
vn -0.0594 -0.9982 -0.0051
vn -0.7046 0.6046 -0.3715
vn -0.5839 0.6223 -0.5214
vn -0.9999 0.0036 -0.0109
vn -0.9627 0.2424 -0.1203
vn -0.9569 0.1453 -0.2516
vn -0.9417 0.3027 -0.1470
vn -0.9648 0.1797 -0.1920
vn -0.8334 0.4183 -0.3613
vn -0.3930 0.6943 -0.6029
vn -0.4054 0.6948 -0.5941
vn -0.4149 0.7059 -0.5741
vn -0.3604 0.7360 -0.5731
vn -0.9970 -0.0771 -0.0043
vn -0.9946 0.0976 0.0343
vn -0.9996 0.0265 -0.0074
vn -0.9958 0.0846 0.0360
vn -0.9922 0.1250 0.0030
vn -0.9990 -0.0097 -0.0439
vn -0.9990 0.0077 0.0432
vn -0.9979 0.0655 -0.0012
vn -0.9785 0.2050 -0.0235
vn -0.9966 0.0330 0.0755
vn -0.9795 0.2003 0.0190
vn -0.6571 0.7522 0.0494
vn -0.7303 0.0888 -0.6773
vn -0.4610 0.0438 -0.8863
vn -0.3368 0.6733 -0.6582
vn -0.1446 0.9693 -0.1990
vn -0.6261 0.0511 -0.7780
vn -0.0052 0.9946 -0.1041
vn 0.0034 0.9825 -0.1860
vn -0.5963 0.0528 -0.8010
vn -0.0132 0.9981 -0.0609
vn 0.0002 0.9984 -0.0565
vn -0.0001 1.0000 -0.0080
vn -0.0153 0.9999 -0.0068
vn -0.0147 0.8530 -0.5217
vn -0.0166 0.8415 -0.5400
vn -0.0012 0.8043 -0.5942
vn -0.0021 0.9044 -0.4267
vn 0.0036 0.9566 -0.2914
vn -0.0033 0.9286 -0.3710
vn 0.0002 0.9178 -0.3970
vn -0.0142 0.9079 -0.4190
vn 0.0017 0.8676 -0.4973
vn -0.0006 0.9122 -0.4098
vn -0.0005 0.8676 -0.4973
vn -0.0472 0.9817 0.1846
vn -0.0503 0.9957 0.0777
vn -0.0007 0.8166 -0.5772
vn -0.0041 0.9762 0.2170
vn -0.0000 0.8153 -0.5790
vn 0.0006 0.9761 0.2175
vn -0.0005 0.8153 -0.5790
vn -0.0003 0.9760 0.2176
vn 0.0007 0.8155 -0.5787
vn -0.0001 0.9761 0.2175
vn -0.0520 0.9980 -0.0365
vn -0.0499 0.9879 -0.1472
vn -0.0470 0.9673 -0.2493
vn -0.0509 0.9586 -0.2802
vn -0.0443 0.9376 -0.3450
vn -0.0386 0.9801 0.1947
vn -0.1234 0.9732 0.1940
vn -0.0134 0.9372 -0.3485
vn -0.0306 0.9823 0.1847
vn -0.1023 0.9939 0.0409
vn -0.1031 0.9934 -0.0512
vn -0.1428 0.9811 -0.1305
vn 0.0002 0.9931 -0.1173
vn -0.0087 -0.9999 -0.0052
vn 0.0006 0.0030 -1.0000
vn 0.0002 0.0050 -1.0000
vn 0.0006 0.0070 -1.0000
vn 0.0040 -1.0000 -0.0082
vn 0.0028 -1.0000 -0.0056
vn 0.0007 -0.9671 -0.2545
vn -0.0000 -0.0551 -0.9985
vn 0.0010 -0.0553 -0.9985
vn -0.0319 -0.9990 -0.0319
vn -0.0504 -0.9981 -0.0349
vn -0.0120 -0.9635 -0.2674
vn -0.0010 -0.0557 -0.9984
vn -0.0918 -0.9951 -0.0367
vn -0.0284 -0.9386 -0.3439
vn -0.1289 -0.9788 -0.1590
vn -0.1100 -0.9477 -0.2997
vn -0.1903 -0.9701 -0.1509
vn -0.0244 -0.8964 -0.4426
vn 0.0020 -0.0551 -0.9985
vn -0.0314 0.1149 0.9929
vn -0.1011 -0.9948 -0.0091
vn -0.0600 0.1654 0.9844
vn -0.1783 -0.9827 -0.0508
vn -0.2292 -0.9284 0.2924
vn -0.2947 -0.8141 0.5004
vn -0.0177 0.1950 0.9806
vn -0.2728 -0.9607 0.0519
vn -0.0172 0.2802 0.9598
vn -0.0132 0.2603 0.9654
vn -0.5474 -0.8240 0.1463
vn -0.4140 -0.9019 0.1232
vn -0.0240 0.3065 0.9516
vn -0.4735 -0.8808 -0.0053
vn -0.0492 0.3175 0.9470
vn 0.0011 0.9638 -0.2665
vn -0.0015 0.9873 0.1586
vn 0.0002 0.9643 -0.2649
vn 0.0004 0.9879 0.1549
vn -0.0000 0.9643 -0.2647
vn -0.0000 0.9879 0.1549
vn -0.4773 0.8496 -0.2244
vn -0.4693 0.8256 -0.3132
vn -0.3737 0.9167 -0.1414
vn -0.4914 0.8458 -0.2077
vn -0.2800 0.9268 -0.2504
vn -0.4414 0.8339 -0.3312
vn -0.4593 0.8616 -0.2162
vn -0.4888 0.7980 -0.3524
vn -0.1480 0.9616 -0.2311
vn -0.0425 0.9549 -0.2938
vn -0.0626 0.9262 -0.3718
vn -0.0607 0.9124 -0.4048
vn -0.0913 0.8525 -0.5147
vn -0.1103 0.7629 -0.6370
vn -0.0002 0.9828 -0.1849
vn -0.4550 0.7843 -0.4218
vn -0.4502 0.7668 -0.4575
vn -0.4374 0.7146 -0.5460
vn -0.4366 0.7242 -0.5339
vn -0.4322 0.7479 -0.5039
vn -0.3701 0.8066 -0.4608
vn -0.3503 0.8187 -0.4550
vn -0.3070 0.7629 -0.5690
vn -0.3560 0.6778 -0.6433
vn -0.3560 0.6617 -0.6599
vn -0.3685 0.7645 -0.5289
vn -0.3670 0.7758 -0.5133
vn -0.0081 0.8277 -0.5612
vn 0.0007 0.7987 -0.6018
vn -0.0024 0.7190 -0.6950
vn -0.0023 0.7033 -0.7109
vn 0.0037 0.7731 -0.6342
vn 0.0002 0.8300 -0.5577
vn -0.4401 0.8144 -0.3783
vn -0.4257 0.8422 -0.3309
vn -0.5849 0.8104 0.0336
vn -0.5530 0.8324 -0.0373
vn -0.5634 0.8237 -0.0645
vn -0.4996 0.8041 -0.3223
vn -0.0229 0.9970 0.0742
vn -0.0000 0.0643 -0.9979
vn -0.0001 0.9946 0.1040
vn -0.0002 0.9946 0.1041
vn -0.0000 0.9945 0.1043
vn -0.0000 0.9946 0.1042
vn -0.0232 0.9987 -0.0456
vn -0.0224 0.9928 -0.1178
vn -0.0039 0.3295 0.9441
vn 0.0002 0.9998 -0.0216
vn 0.0001 0.3377 0.9412
vn 0.0001 0.9998 -0.0214
vn -0.0000 0.9959 -0.0909
vn 0.0002 0.3356 0.9420
vn 0.0001 0.9988 -0.0492
vn -0.0001 0.9998 -0.0204
vn 0.0002 0.9988 -0.0492
vn -0.0022 0.3469 0.9379
vn -0.3202 0.8440 -0.4303
vn 0.0058 0.8812 -0.4728
vn 0.0121 0.9059 -0.4234
vn -0.5813 0.8135 -0.0209
vn -0.5614 0.8267 -0.0373
vn -0.6398 0.7670 -0.0489
vn -0.5593 0.8037 -0.2032
vn -0.5523 0.8141 -0.1792
vn -0.6255 0.7799 -0.0223
vn -0.6269 0.7591 -0.1757
vn -0.6660 0.7457 -0.0191
vn -0.3145 0.9135 -0.2581
vn -0.3675 0.8359 -0.4076
vn -0.1865 0.9466 -0.2630
vn -0.4540 0.8876 -0.0775
vn -0.0006 0.9074 -0.4202
vn -0.0002 0.9634 -0.2680
vn 0.0004 0.9874 -0.1581
vn 0.0001 0.9968 -0.0802
vn -0.3377 -0.7690 -0.5428
vn -0.3730 -0.7927 -0.4822
vn -0.3737 -0.7775 -0.5058
vn -0.5394 -0.8324 -0.1272
vn -0.5237 -0.8423 -0.1275
vn -0.5944 -0.8037 0.0295
vn -0.3998 -0.8774 -0.2653
vn -0.6396 -0.7500 -0.1685
vn -0.4125 -0.8298 -0.3760
vn -0.6803 -0.6953 -0.2318
vn -0.4480 -0.8126 -0.3728
vn -0.5697 -0.7339 0.3698
vn -0.5600 -0.7414 0.3697
vn -0.6633 -0.6420 0.3846
vn -0.6443 -0.3605 0.6745
vn -0.7456 -0.6657 0.0302
vn -0.6379 -0.7688 0.0452
vn -0.8817 -0.3316 0.3357
vn -0.7194 -0.5831 0.3774
vn -0.7813 -0.6084 -0.1393
vn -0.7689 -0.6241 -0.1389
vn -0.8234 -0.5358 0.1868
vn -0.8400 -0.5020 0.2059
vn -0.9406 -0.2019 0.2730
vn -0.8957 -0.4419 -0.0495
vn -0.8211 -0.5707 -0.0049
vn -0.8925 -0.4256 0.1493
vn -0.9317 -0.3466 0.1086
vn -0.9762 -0.1279 0.1752
vn -0.9029 -0.4271 -0.0483
vn -0.9282 -0.3634 0.0800
vn -0.9567 -0.2871 0.0482
vn -0.9423 -0.3197 0.0995
vn -0.8925 -0.4382 0.1068
vn -0.2164 0.6880 0.6927
vn -0.2424 0.7224 0.6476
vn -0.9303 0.0264 -0.3657
vn -0.6506 0.1453 -0.7454
vn -0.9627 -0.2036 -0.1784
vn -0.9937 -0.0397 -0.1045
vn -0.9869 -0.1557 -0.0425
vn -0.9333 -0.3239 -0.1550
vn -0.9491 -0.2510 -0.1904
vn -0.9189 -0.2457 -0.3085
vn -0.9036 -0.1284 -0.4088
vn -0.4008 -0.0902 -0.9117
vn -0.8786 -0.1310 -0.4593
vn -0.1019 0.9318 -0.3483
vn -0.4663 -0.1352 -0.8743
vn -0.1494 0.9389 -0.3102
vn -0.9400 -0.0347 -0.3395
vn -0.1296 0.9570 -0.2594
vn -0.2090 0.9570 -0.2014
vn -0.2101 0.9220 -0.3251
vn -0.1069 0.9805 -0.1648
vn -0.2793 0.9216 -0.2695
vn -0.1183 0.9569 -0.2653
vn -0.2635 0.9554 -0.1336
vn -0.2805 0.9561 -0.0847
vn -0.2819 0.9355 -0.2129
vn -0.2943 0.9467 -0.1312
vn -0.0130 0.9963 -0.0853
vn -0.0000 1.0000 0.0010
vn -0.0089 0.9849 -0.1731
vn 0.0001 1.0000 0.0007
vn -0.0011 1.0000 0.0041
vn -0.0004 1.0000 0.0005
vn -0.0242 0.9997 0.0076
vn -0.0019 1.0000 0.0031
vn -0.0004 0.9996 -0.0290
vn 0.0001 1.0000 0.0035
vn -0.0000 0.9122 -0.4097
vn -0.0002 0.8676 -0.4972
vn -0.0001 0.9122 -0.4097
vn -0.0000 0.8676 -0.4972
vn -0.0001 0.8154 -0.5789
vn -0.0000 0.9761 0.2175
vn -0.0002 0.8155 -0.5787
vn -0.0001 0.8155 -0.5787
vn 0.0001 0.9761 0.2175
vn 0.0001 0.8155 -0.5788
vn 0.0006 0.9760 0.2176
vn 0.0003 0.9358 -0.3524
vn -0.0005 0.9359 -0.3522
vn 0.0056 0.9810 0.1940
vn 0.1657 0.9791 0.1182
vn 0.0008 0.9359 -0.3522
vn 0.0174 0.9739 0.2261
vn 0.1914 0.9727 0.1316
vn 0.8819 0.4449 0.1560
vn 0.1449 0.9875 -0.0613
vn 0.7999 0.5313 0.2790
vn 0.8341 0.4977 0.2378
vn 0.8357 0.4910 0.2459
vn 0.7478 0.5586 0.3589
vn 0.8052 0.5227 0.2802
vn 0.2958 0.9552 -0.0015
vn 0.8738 0.2563 0.4133
vn 0.7452 0.5639 0.3559
vn 0.7426 0.5458 0.3880
vn 0.8456 0.1531 0.5114
vn 0.7974 0.2847 0.5321
vn 0.8404 0.4655 -0.2775
vn 0.8593 0.5115 0.0054
vn 0.9841 0.1776 -0.0000
vn 0.9758 0.1119 -0.1879
vn 0.9726 0.1067 0.2066
vn 0.9458 0.1785 -0.2712
vn 0.7677 0.5730 -0.2867
vn 0.7711 0.5440 -0.3307
vn 0.9435 0.1049 -0.3142
vn 0.9301 0.1058 -0.3518
vn 0.7237 0.5572 -0.4071
vn 0.9412 0.0419 -0.3353
vn 0.7496 0.5330 -0.3926
vn 0.7473 0.5334 -0.3962
vn 0.7660 0.5311 -0.3622
vn 0.6907 0.6227 -0.3677
vn -0.2758 -0.9334 -0.2296
vn -0.1891 -0.9527 -0.2380
vn -0.1178 -0.8868 -0.4468
vn 0.0050 -0.8408 -0.5414
vn -0.3090 -0.9099 -0.2767
vn -0.0060 -0.0547 -0.9985
vn -0.1309 -0.8104 -0.5711
vn -0.0612 -0.7806 -0.6220
vn -0.0270 -0.0589 -0.9979
vn -0.1788 -0.8427 -0.5079
vn -0.1783 -0.8122 -0.5555
vn -0.0709 -0.6613 -0.7467
vn -0.0966 -0.6722 -0.7340
vn -0.0429 0.0006 -0.9991
vn -0.0240 -0.0032 -0.9997
vn -0.0910 -0.5858 -0.8053
vn -0.0060 0.0004 -1.0000
vn -0.3479 -0.9277 -0.1356
vn -0.4034 -0.8965 -0.1830
vn -0.0548 0.3349 0.9406
vn -0.0659 0.3964 0.9157
vn -0.0611 0.3951 0.9166
vn -0.4003 -0.2570 0.8796
vn -0.7818 -0.1895 0.5940
vn -0.0627 0.4191 0.9058
vn -0.0815 0.4648 0.8817
vn -0.0939 0.4781 0.8733
vn -0.1403 0.4862 0.8625
vn -0.1563 0.5185 0.8407
vn -0.1564 0.5601 0.8135
vn -0.1138 0.4609 0.8801
vn -0.1854 0.6298 0.7543
vn -0.0004 0.9641 -0.2655
vn -0.0003 0.9879 0.1552
vn 0.0078 0.9865 0.1635
vn 0.1065 0.9544 -0.2788
vn 0.1383 0.8883 -0.4380
vn 0.1344 0.9607 -0.2428
vn 0.3794 0.9111 -0.1609
vn 0.1608 0.9598 -0.2301
vn 0.8725 0.4698 0.1342
vn 0.0051 0.8040 -0.5946
vn 0.0273 0.7282 -0.6848
vn 0.0272 0.7104 -0.7032
vn 0.5930 0.6252 -0.5075
vn 0.2347 0.8260 -0.5125
vn 0.9586 0.2324 -0.1645
vn 0.9571 0.2373 -0.1665
vn 0.9027 0.4283 0.0405
vn 0.9242 0.3815 -0.0155
vn 0.9250 0.3683 -0.0931
vn 0.9271 0.3103 -0.2102
vn 0.9557 0.2400 -0.1707
vn 0.9067 0.4198 0.0411
vn 0.8675 0.4264 -0.2561
vn 0.9571 0.2579 -0.1319
vn 0.8757 0.4787 -0.0636
vn 0.8280 0.5516 -0.1010
vn 0.6885 0.6723 -0.2722
vn 0.7224 0.6675 -0.1808
vn 0.7506 0.6564 -0.0757
vn -0.0001 0.9946 0.1042
vn -0.0001 0.9945 0.1043
vn -0.0000 0.0647 -0.9979
vn -0.0002 0.9945 0.1044
vn -0.0001 0.9945 0.1044
vn -0.0003 0.3542 0.9352
vn -0.0000 0.9988 -0.0490
vn -0.0000 0.9998 -0.0205
vn 0.0001 0.9988 -0.0490
vn -0.0044 0.3658 0.9307
vn -0.0001 0.3842 0.9232
vn -0.0001 0.9988 -0.0490
vn -0.0001 0.9998 -0.0206
vn 0.0003 0.9988 -0.0489
vn -0.0023 0.3981 0.9173
vn 0.0002 0.9988 -0.0489
vn 0.0316 0.8839 -0.4667
vn 0.0377 0.8673 -0.4963
vn 0.0409 0.9132 -0.4054
vn 0.0400 0.9661 -0.2549
vn 0.0643 0.9890 -0.1328
vn 0.0788 0.9920 -0.0989
vn 0.9298 0.2979 -0.2163
vn 0.9577 0.2788 -0.0716
vn 0.9423 0.3245 -0.0825
vn 0.9250 0.3776 -0.0412
vn 0.9256 0.3757 -0.0466
vn -0.4230 -0.6224 -0.6585
vn -0.4230 -0.6273 -0.6538
vn -0.3487 -0.6313 -0.6927
vn -0.3487 -0.6335 -0.6907
vn -0.3291 -0.7150 -0.6168
vn -0.0157 -0.6813 -0.7318
vn -0.0158 -0.6909 -0.7228
vn -0.0031 -0.6651 -0.7468
vn -0.0060 -0.6473 -0.7622
vn -0.0061 -0.6575 -0.7535
vn -0.0019 -0.6357 -0.7719
vn -0.0004 -0.6034 -0.7975
vn -0.7902 -0.4921 -0.3653
vn -0.7576 -0.5354 -0.3734
vn -0.6855 -0.5905 -0.4259
vn -0.6518 -0.5697 -0.5006
vn -0.7048 -0.6116 -0.3594
vn -0.7151 -0.4624 -0.5243
vn -0.5852 -0.5935 -0.5525
vn -0.6084 -0.5928 -0.5278
vn -0.0095 -0.7350 -0.6780
vn -0.0117 -0.7153 -0.6988
vn -0.0116 -0.7298 -0.6836
vn -0.0096 -0.7102 -0.7039
vn -0.2419 0.8205 0.5179
vn -0.2463 0.7782 0.5777
vn -0.1413 0.6581 0.7396
vn -0.1413 0.6907 0.7092
vn -0.2109 0.8369 0.5050
vn -0.1460 0.8194 0.5542
vn -0.1232 0.7570 0.6417
vn -0.0214 0.8038 0.5945
vn -0.0001 0.8697 0.4935
vn -0.0000 0.7418 0.6706
vn -0.3001 0.9517 0.0643
vn -0.2952 0.9399 0.1716
vn -0.2842 0.9513 0.1196
vn -0.2786 0.9350 0.2195
vn -0.3027 0.9390 0.1630
vn -0.0725 0.9513 0.2998
vn -0.0576 0.9122 0.4056
vn -0.0932 0.9113 0.4011
vn -0.0000 0.9120 0.4102
vn -0.2696 0.9614 -0.0558
vn -0.2562 0.9623 -0.0915
vn -0.0907 0.9959 -0.0060
vn 0.0001 1.0000 0.0053
vn -0.1309 0.9905 -0.0426
vn 0.0002 1.0000 0.0049
vn -0.0089 0.9997 -0.0247
vn -0.0000 1.0000 0.0050
vn -0.0003 0.9999 0.0103
vn -0.0002 0.9990 0.0440
vn 0.0001 1.0000 0.0037
vn -0.0013 0.9996 -0.0296
vn 0.0141 0.9996 -0.0254
vn -0.0005 0.9122 -0.4096
vn -0.0004 0.8676 -0.4972
vn 0.1459 0.8985 -0.4141
vn 0.1138 0.3877 -0.9148
vn 0.2691 0.9427 -0.1971
vn 0.9007 0.0807 0.4269
vn 0.2524 0.9045 -0.3437
vn 0.0001 0.8154 -0.5789
vn -0.0014 0.9761 0.2172
vn -0.0022 0.8170 -0.5766
vn 0.0633 0.9740 0.2177
vn 0.2104 0.9687 0.1321
vn 0.4997 0.8613 0.0916
vn 0.9823 0.1025 0.1566
vn 0.9941 0.0503 0.0959
vn 0.9992 0.0313 0.0242
vn 0.3482 0.8157 -0.4619
vn 0.9119 0.2255 0.3430
vn 0.9504 0.2029 0.2357
vn 0.9231 0.1587 0.3503
vn 0.5232 0.8517 -0.0287
vn 0.5085 0.8480 -0.1492
vn 0.2135 0.9319 -0.2932
vn 0.2458 0.8576 -0.4518
vn 0.1802 0.9475 -0.2641
vn 0.9972 -0.0472 0.0586
vn 0.9999 0.0068 0.0075
vn 0.9999 0.0169 -0.0033
vn 0.9998 0.0147 -0.0140
vn 0.9998 0.0152 -0.0163
vn 1.0000 -0.0028 -0.0032
vn 1.0000 -0.0011 0.0049
vn 0.9954 0.0924 -0.0262
vn 0.9843 0.1569 -0.0803
vn 0.1150 0.9671 0.2269
vn 0.8107 0.0564 0.5827
vn 0.8062 0.0563 0.5889
vn -0.0005 0.9362 -0.3516
vn 0.0158 0.9616 0.2739
vn 0.1514 0.9514 0.2680
vn 0.7249 0.1529 0.6717
vn 0.7492 0.2298 0.6212
vn 0.0730 0.9205 0.3838
vn 0.7325 0.0108 0.6806
vn 0.5364 0.2338 0.8109
vn 0.0860 0.9382 -0.3352
vn 0.6656 -0.0218 0.7460
vn 0.6786 0.0034 0.7345
vn 0.6765 0.0074 0.7364
vn 0.6718 0.0072 0.7407
vn 0.9832 -0.0222 0.1811
vn 0.9999 -0.0106 0.0064
vn 0.9820 0.0009 0.1887
vn 0.9820 -0.0016 0.1888
vn 0.9998 0.0175 -0.0092
vn 0.8621 0.0298 0.5059
vn 0.8959 0.0533 0.4410
vn 1.0000 -0.0012 -0.0073
vn 0.9999 -0.0123 -0.0045
vn 0.9999 -0.0125 -0.0053
vn 0.9813 0.1053 -0.1611
vn 0.9999 0.0039 -0.0153
vn 1.0000 0.0005 -0.0012
vn 0.9998 0.0204 -0.0063
vn 0.9999 0.0145 -0.0070
vn 0.9999 0.0083 -0.0092
vn -0.2696 -0.5132 -0.8149
vn -0.2737 -0.6732 -0.6869
vn -0.2983 -0.6508 -0.6982
vn -0.0000 0.0052 -1.0000
vn 0.0017 -0.5953 -0.8035
vn 0.0010 0.0046 -1.0000
vn 0.0019 -0.5952 -0.8035
vn -0.0000 0.0048 -1.0000
vn 0.0028 -0.5956 -0.8033
vn -0.0010 0.0046 -1.0000
vn -0.0047 0.4340 0.9009
vn -0.0001 0.4350 0.9004
vn -0.0079 0.5167 0.8561
vn -0.0000 0.6920 0.7219
vn -0.0000 0.5170 0.8560
vn 0.0001 0.9945 0.1043
vn 0.0004 0.4059 0.9139
vn -0.0002 0.9988 -0.0488
vn -0.0000 0.9988 -0.0487
vn -0.0008 0.4065 0.9137
vn 0.0001 0.9988 -0.0488
vn -0.0004 0.4069 0.9135
vn -0.0003 0.9988 -0.0488
vn -0.0001 0.9998 -0.0207
vn 0.0002 0.9988 -0.0487
vn 0.0011 0.4074 0.9132
vn 0.0008 0.9988 -0.0489
vn -1.0000 -0.0038 -0.0083
vn -1.0000 -0.0007 -0.0003
vn -0.9932 0.0319 0.1117
vn -0.9963 0.0831 0.0215
vn -0.9993 0.0005 -0.0376
vn -0.9926 0.0063 0.1213
vn -0.9980 0.0006 0.0628
vn -0.9924 -0.0378 0.1174
vn -0.9967 -0.0763 0.0266
vn -0.9956 -0.0384 0.0852
vn -0.9988 0.0344 0.0341
vn -0.6562 -0.0489 0.7530
vn -0.6015 0.0539 0.7971
vn -0.7636 0.5223 0.3797
vn -0.9940 0.1048 -0.0327
vn -1.0000 0.0075 -0.0026
vn -0.9976 0.0260 0.0636
vn -0.9962 0.0276 -0.0831
vn -0.9887 0.1231 -0.0850
vn -0.9795 0.1939 0.0552
vn -0.7565 0.3894 0.5254
vn -0.8216 0.5197 -0.2341
vn -0.9996 0.0073 0.0267
vn -0.9380 0.1500 0.3125
vn -0.9648 0.1914 0.1805
vn -0.9996 0.0267 0.0088
vn -0.9652 0.1817 0.1882
vn -0.9357 0.3183 0.1521
vn -0.8218 0.0925 0.5622
vn -0.8220 0.5618 0.0933
vn -0.5258 0.0717 0.8476
vn -0.5377 -0.0267 0.8427
vn -0.4274 0.3293 0.8420
vn -0.4417 0.3763 0.8144
vn -0.4982 0.3233 0.8045
vn -0.5612 0.0370 0.8268
vn -0.6408 0.0487 0.7661
vn -0.5654 0.3116 0.7637
vn -0.5812 0.1187 0.8051
vn -0.5228 0.2424 0.8173
vn -0.5351 0.3090 0.7862
vn -0.4539 0.0773 0.8877
vn -0.3510 0.1350 0.9266
vn -0.1862 0.2636 0.9465
vn -0.3153 0.2581 0.9132
vn -0.3685 0.4079 0.8353
vn 0.0001 0.0801 0.9968
vn 0.0002 0.1584 0.9874
vn -0.0003 0.2680 0.9634
vn -0.0004 0.4203 0.9074
vn -0.4366 0.8045 0.4026
vn -0.5074 0.8444 -0.1719
vn -0.4397 0.8531 0.2809
vn -0.4268 0.8262 0.3678
vn -0.4337 0.5038 0.7471
vn -0.4463 0.5578 0.6998
vn -0.4487 0.6014 0.6611
vn -0.4497 0.6651 0.5961
vn -0.4331 0.7546 0.4930
vn -0.4471 0.7038 0.5521
vn -0.5138 0.6271 0.5855
vn -0.5122 0.5820 0.6317
vn -0.4638 0.5786 0.6710
vn -0.4524 0.6766 0.5810
vn -0.3702 0.5314 0.7620
vn -0.3685 0.5140 0.7746
vn -0.3851 0.6437 0.6613
vn -0.3793 0.6469 0.6615
vn -0.3794 0.6548 0.6537
vn -0.3921 0.6641 0.6365
vn -0.3659 0.7679 0.5258
vn -0.3661 0.7661 0.5283
vn 0.0037 0.5681 0.8229
vn 0.0030 0.5565 0.8308
vn -0.0010 0.7021 0.7121
vn -0.0010 0.7086 0.7056
vn -0.0005 0.8216 0.5700
vn -0.0008 0.8252 0.5649
vn -0.3210 0.4288 0.8445
vn 0.0130 0.4219 0.9065
vn 0.0066 0.4719 0.8816
vn -0.5074 0.8592 -0.0660
vn -0.4781 0.8470 0.2323
vn -0.5323 0.8441 -0.0644
vn -0.5115 0.8288 0.2268
vn -0.5636 0.8179 0.1159
vn -0.3763 0.8433 0.3837
vn -0.3297 0.9092 0.2541
vn -0.4073 0.9104 0.0726
vn -0.3553 0.9233 0.1455
vn -0.1736 0.9456 0.2750
vn -0.0017 0.9170 0.3990
vn -0.0002 0.9963 0.0858
vn -0.0004 0.9877 0.1564
vn -0.0016 0.9596 0.2814
vn -0.3485 0.8288 0.4378
vn 0.0057 0.8769 0.4806
vn 0.0113 0.9006 0.4345
vn 0.7364 0.3960 0.5486
vn 0.7053 0.4675 0.5329
vn 0.7356 0.5477 0.3987
vn 0.7052 0.5331 0.4673
vn 0.8754 0.0629 0.4792
vn 0.8280 0.1005 0.5517
vn 0.6885 0.2689 0.6735
vn 0.7515 0.0739 0.6555
vn 0.7232 0.1754 0.6680
vn 0.0789 0.0987 0.9920
vn 0.0642 0.1324 0.9891
vn 0.0396 0.2554 0.9660
vn 0.0416 0.4062 0.9128
vn 0.9254 0.0465 0.3762
vn 0.9246 0.0406 0.3787
vn 0.9419 0.0818 0.3258
vn 0.9575 0.0723 0.2791
vn 0.9293 0.2171 0.2988
vn 0.8769 0.4761 0.0664
vn 0.8336 0.5433 0.0997
vn 0.6881 0.6740 0.2686
vn 0.7522 0.6550 0.0720
vn 0.7238 0.6683 0.1718
vn 0.0319 0.5804 0.8137
vn 0.0334 0.5446 0.8380
vn 0.0491 0.6937 0.7186
vn 0.0491 0.7102 0.7023
vn 0.0350 0.8277 0.5601
vn 0.0344 0.8191 0.5726
vn 0.9570 0.1329 0.2580
vn 0.9562 0.1693 0.2388
vn 0.9276 0.2582 0.2700
vn 0.9263 0.2362 0.2935
vn 0.9296 0.2841 0.2350
vn 0.9557 0.2338 0.1787
vn 0.9266 0.2796 0.2515
vn 0.9552 0.2602 0.1407
vn 0.0387 0.4946 0.8682
vn 0.0332 0.4676 0.8833
vn 0.0438 0.9194 0.3910
vn 0.0673 0.9929 0.0982
vn 0.0597 0.9892 0.1341
vn 0.0367 0.9624 0.2691
vn 0.9571 0.2818 0.0675
vn 0.9272 0.3014 0.2224
vn 0.9389 0.3326 0.0884
vn 0.9237 0.3810 0.0407
vn 0.9227 0.3826 0.0463
vn 0.0368 0.8806 0.4725
vn 0.0438 0.8610 0.5067
vn 1.0000 0.0015 -0.0000
vn 0.9999 0.0092 0.0078
vn 1.0000 0.0028 -0.0002
vn 0.9276 0.1814 0.3265
vn 1.0000 0.0016 0.0071
vn 1.0000 0.0073 0.0041
vn 1.0000 0.0047 0.0014
vn 0.9999 0.0073 0.0090
vn 0.9286 0.3236 0.1816
vn 0.4603 -0.8870 0.0383
vn -0.0000 -0.9240 -0.3825
vn 0.0004 -0.9771 -0.2126
vn 0.0010 -0.9763 -0.2162
vn -0.0000 -0.9719 -0.2353
vn 0.0003 -0.9774 -0.2113
vn 0.0021 -0.9793 -0.2025
vn -0.0123 -0.9999 -0.0025
vn -0.0000 -0.9771 -0.2130
vn 0.0859 -0.9808 -0.1749
vn 0.0188 -0.9782 -0.2068
vn 0.5232 -0.0234 0.8519
vn 0.1659 -0.9842 0.0612
vn 0.4673 -0.0272 0.8837
vn 0.5033 -0.0199 0.8639
vn 0.0378 -0.9713 -0.2350
vn 0.0219 -0.9855 -0.1685
vn 0.8308 -0.0483 0.5545
vn 0.8378 -0.0354 0.5448
vn 0.2892 -0.9463 -0.1448
vn 0.8108 -0.0514 0.5830
vn 0.8068 -0.0132 0.5906
vn 0.0613 -0.9808 -0.1853
vn 0.0992 -0.9921 -0.0767
vn -0.0232 -0.9857 -0.1666
vn 0.7613 -0.0541 0.6461
vn 0.7240 -0.0414 0.6886
vn 0.3431 -0.8901 -0.2998
vn 0.7114 -0.0415 0.7015
vn 0.6175 -0.0257 0.7862
vn 0.6351 -0.0108 0.7723
vn 0.5893 -0.0245 0.8076
vn 0.0073 -0.8102 -0.5861
vn 0.0018 -0.7827 -0.6224
vn 0.0002 -0.8724 -0.4888
vn 0.8600 -0.0029 0.5103
vn 0.8073 -0.0032 0.5901
vn 0.8070 -0.0029 0.5905
vn 0.6350 -0.0037 0.7725
vn 0.6342 -0.0027 0.7732
vn 0.5553 -0.0037 0.8317
vn -0.0001 -0.9241 -0.3821
vn 0.0004 -0.9718 -0.2357
vn 0.0933 -0.9931 0.0709
vn 0.1211 -0.9839 -0.1313
vn 0.3922 -0.0279 0.9194
vn 0.4094 -0.0330 0.9118
vn 0.0282 -0.9890 -0.1454
vn 0.6605 -0.7149 -0.2293
vn 0.3813 -0.0272 0.9240
vn 0.4245 -0.8891 -0.1710
vn 0.3744 -0.0291 0.9268
vn -0.0034 -0.9773 -0.2116
vn 0.0150 -0.9858 -0.1672
vn -0.0144 -0.9934 0.1136
vn 0.3471 -0.0120 0.9378
vn 0.3412 -0.0025 0.9400
vn 0.3483 -0.0057 0.9374
vn 0.1258 -0.9835 -0.1299
vn 0.3456 -0.0028 0.9384
vn 0.0370 -0.9750 -0.2193
vn 0.2608 -0.9612 0.0899
vn 0.3439 -0.0042 0.9390
vn 0.3481 -0.0052 0.9374
vn 0.3447 -0.0057 0.9387
vn 0.3394 -0.0089 0.9406
vn -0.0004 -0.9234 -0.3837
vn 0.0010 -0.9788 -0.2048
vn -0.0014 -0.9759 -0.2181
vn -0.0691 -0.9976 -0.0000
vn 0.0075 -0.9839 -0.1788
vn 0.0100 -0.9809 -0.1940
vn -0.2542 -0.8420 0.4759
vn 0.0780 -0.9852 -0.1528
vn 0.0464 -0.9810 -0.1882
vn 0.3248 -0.9452 0.0330
vn 0.1143 -0.9873 0.1105
vn 0.1141 -0.9875 -0.1087
vn 0.3560 -0.0191 0.9343
vn 0.3528 -0.0194 0.9355
vn 0.1283 -0.9862 -0.1049
vn 0.0074 -0.9962 -0.0870
vn 0.7653 -0.4404 -0.4695
vn 0.2741 -0.7167 0.6412
vn 0.3499 -0.4457 0.8240
vn 0.3541 -0.0362 0.9345
vn 0.3827 -0.0637 0.9217
vn 0.3942 -0.0125 0.9189
vn 0.3437 -0.0038 0.9391
vn 0.3428 -0.0047 0.9394
vn 0.3414 -0.0051 0.9399
vn 0.3398 -0.0027 0.9405
vn 0.3925 -0.0116 0.9197
vn 0.3896 -0.0055 0.9210
vn 0.5406 0.0111 0.8412
vn 0.4328 0.0117 0.9014
vn 0.0078 -0.9656 -0.2597
vn 0.0073 -0.9523 -0.3049
vn 0.0109 -0.9571 -0.2895
vn 0.0098 -0.9635 -0.2675
vn 0.0079 -0.9275 -0.3737
vn 0.0111 -0.9339 -0.3574
vn 0.0074 -0.9393 -0.3430
vn -0.0691 -0.9787 -0.1931
vn 0.0006 -0.9219 -0.3873
vn 0.2251 -0.9317 -0.2852
vn 0.2390 -0.9016 -0.3607
vn 0.2211 -0.8941 -0.3896
vn 0.4167 -0.8669 -0.2735
vn 0.6959 -0.6796 -0.2319
vn 0.0394 -0.9904 -0.1327
vn 0.2236 -0.9726 0.0643
vn 0.0146 -0.9734 -0.2288
vn 0.0128 -0.9802 -0.1977
vn 0.6662 -0.0344 0.7450
vn 0.5770 -0.0232 0.8164
vn -0.0363 -0.8562 -0.5153
vn -0.0099 -0.8159 -0.5782
vn -0.1156 -0.9039 -0.4119
vn 0.0005 -0.7912 -0.6116
vn 0.0063 -0.7611 -0.6486
vn -0.0033 -0.7743 -0.6328
vn -0.0009 -0.7811 -0.6244
vn -0.0168 -0.7555 -0.6549
vn -0.0098 -0.7639 -0.6452
vn 0.2393 -0.7769 -0.5824
vn 0.4131 -0.6882 -0.5965
vn -0.0111 -0.8914 -0.4530
vn -0.0173 -0.8961 -0.4435
vn 0.0159 -0.8430 -0.5377
vn -0.0053 -0.8845 -0.4664
vn 0.0079 -0.8680 -0.4965
vn -0.0064 -0.8518 -0.5238
vn 0.0173 -0.9017 -0.4320
vn -0.0785 -0.7843 -0.6154
vn 0.2284 -0.8749 -0.4271
vn 0.2859 -0.8809 -0.3771
vn 0.2304 -0.8574 -0.4602
vn 0.2205 -0.8383 -0.4986
vn 0.2813 -0.8474 -0.4503
vn 0.2481 -0.8146 -0.5243
vn 0.9999 -0.0056 -0.0144
vn 1.0000 -0.0016 -0.0005
vn 0.9995 -0.0126 -0.0283
vn 1.0000 0.0001 0.0002
vn 0.9999 -0.0146 -0.0047
vn 0.9979 -0.0491 -0.0419
vn 0.9997 -0.0223 -0.0064
vn 0.9997 -0.0118 -0.0203
vn 1.0000 -0.0001 -0.0007
vn 1.0000 -0.0017 -0.0005
vn 1.0000 0.0001 0.0001
vn 1.0000 0.0001 -0.0001
vn 1.0000 0.0001 -0.0000
vn 0.8764 -0.0066 0.4816
vn 0.8074 -0.0070 0.5899
vn 0.8779 -0.0072 0.4788
vn 0.8068 -0.0089 0.5908
vn 0.9115 0.0022 0.4113
vn 0.8067 -0.0043 0.5909
vn 0.8074 0.0043 0.5900
vn 0.9999 -0.0155 -0.0031
vn 0.9804 -0.0058 0.1971
vn 0.9728 -0.0039 0.2317
vn 0.9729 -0.0033 0.2313
vn 0.9360 0.0091 0.3518
vn 1.0000 0.0015 0.0030
vn 0.6614 -0.0078 0.7500
vn 0.5986 -0.0163 0.8009
vn 0.6582 -0.0089 0.7528
vn 0.5819 -0.0091 0.8132
vn 0.6577 -0.0091 0.7532
vn 0.5805 -0.0080 0.8142
vn 0.6586 -0.0076 0.7524
vn 0.5657 0.0230 0.8243
vn 0.6562 -0.0033 0.7546
vn 0.6582 -0.0045 0.7528
vn 0.5515 -0.0023 0.8342
vn 0.6252 0.0070 0.7804
vn 0.0049 -0.6640 -0.7477
vn 0.0077 -0.6276 -0.7785
vn 0.0001 0.8697 0.4936
vn 0.0002 0.7418 0.6706
vn -0.0000 0.8697 0.4935
vn -0.0056 0.9865 0.1635
vn -0.0105 0.9939 0.1102
vn 0.0001 0.9766 0.2151
vn 0.0001 0.9120 0.4102
vn -0.0001 0.9766 0.2151
vn -0.0000 1.0000 0.0051
vn 0.0001 0.9988 0.0481
vn 0.0157 0.9999 -0.0047
vn 0.0765 0.9962 0.0408
vn 0.0648 0.9978 0.0140
vn 0.5528 0.0276 0.8328
vn 0.0169 0.9998 0.0104
vn 0.5026 0.0272 0.8641
vn 0.5246 0.0248 0.8510
vn 0.3088 0.9205 0.2395
vn 0.8409 0.0135 0.5411
vn 0.8658 0.1877 0.4638
vn 0.1467 0.9363 -0.3190
vn 0.1370 0.9701 -0.2001
vn 0.8035 0.1035 0.5862
vn 0.3166 0.9327 -0.1724
vn 0.7428 0.2203 0.6323
vn 0.7333 0.0175 0.6796
vn 0.1536 0.9865 -0.0576
vn 0.7145 0.0177 0.6994
vn 0.2928 0.9532 -0.0754
vn 0.6382 0.0234 0.7695
vn 0.6082 0.0223 0.7935
vn 0.0010 -0.6266 -0.7794
vn -0.0000 -0.6271 -0.7789
vn 0.0003 -0.6270 -0.7790
vn 0.0002 -0.6270 -0.7790
vn 0.0001 -0.6270 -0.7790
vn 0.0004 0.4350 0.9004
vn 0.0001 0.4350 0.9004
vn 0.0002 0.6921 0.7218
vn 0.0003 0.5170 0.8560
vn 0.0001 0.6920 0.7219
vn 0.0001 0.5170 0.8560
vn -0.0010 0.0645 -0.9979
vn -0.0000 0.0639 -0.9980
vn -0.0002 0.9946 0.1042
vn 0.0001 0.4089 0.9126
vn 0.0002 0.9989 -0.0479
vn -0.0005 0.9988 -0.0480
vn -0.0006 0.4078 0.9131
vn -0.0001 0.4072 0.9133
vn -0.0001 0.9988 -0.0483
vn 0.0003 0.4073 0.9133
vn 0.0001 0.9988 -0.0483
vn -0.0001 0.8698 0.4935
vn -0.0000 0.7419 0.6705
vn -0.0000 0.8698 0.4934
vn 0.0001 0.7419 0.6705
vn -0.0002 0.9766 0.2150
vn -0.0001 0.9121 0.4101
vn -0.0002 0.9767 0.2146
vn -0.0001 0.9121 0.4099
vn -0.0003 0.9988 0.0482
vn 0.1044 0.9369 0.3337
vn 0.5367 0.1737 0.8257
vn 0.2601 -0.0444 0.9646
vn 0.0863 0.9941 0.0651
vn 0.3596 0.0571 0.9313
vn 0.1600 0.9839 0.0793
vn 0.3318 0.0461 0.9422
vn 0.2294 0.9712 0.0640
vn 0.6384 0.0090 0.7697
vn 0.1417 0.0168 0.9898
vn -0.0011 1.0000 0.0053
vn -0.0011 1.0000 0.0054
vn -0.0300 0.9882 0.1500
vn 0.3429 0.0467 0.9382
vn 0.0122 0.9999 0.0098
vn 0.3163 0.0562 0.9470
vn 0.0004 1.0000 0.0050
vn 0.7926 -0.4674 0.3915
vn 0.1888 0.1278 0.9737
vn 0.1169 0.9893 0.0872
vn 0.0030 -0.6252 -0.7805
vn -0.0000 -0.6267 -0.7793
vn -0.0014 -0.6271 -0.7789
vn 0.0010 0.0054 -1.0000
vn 0.0012 -0.6269 -0.7791
vn 0.0016 -0.6269 -0.7791
vn -0.0010 0.0050 -1.0000
vn 0.0004 -0.6263 -0.7796
vn 0.0001 0.4351 0.9004
vn 0.0001 0.6921 0.7218
vn 0.0001 0.6922 0.7218
vn 0.0002 0.5170 0.8560
vn 0.0010 0.0641 -0.9979
vn -0.0000 0.9946 0.1040
vn 0.0001 0.9946 0.1041
vn 0.0010 0.0637 -0.9980
vn 0.0001 0.4074 0.9132
vn -0.0000 0.9989 -0.0476
vn -0.0000 0.9998 -0.0210
vn 0.0001 0.4073 0.9133
vn 0.0001 0.9989 -0.0476
vn -0.0000 0.4073 0.9133
vn 0.0001 0.9988 -0.0482
vn -0.0000 0.9988 -0.0483
vn -0.0001 0.9988 -0.0482
vn -0.0000 0.8699 0.4933
vn 0.0001 0.7420 0.6704
vn 0.0002 0.8700 0.4930
vn 0.0004 0.7420 0.6704
vn -0.0001 0.9768 0.2143
vn -0.0000 0.9122 0.4098
vn 0.0051 0.9868 0.1620
vn 0.0103 0.9940 0.1093
vn -0.0004 0.9124 0.4094
vn -0.0001 1.0000 0.0056
vn 0.0004 1.0000 0.0062
vn 0.0002 0.9990 0.0445
vn 0.0001 1.0000 0.0061
vn 0.0264 0.9958 0.0882
vn 0.0415 0.9990 0.0190
vn 0.5682 0.1222 0.8137
vn 0.1908 0.0024 0.9816
vn 0.1188 0.9508 0.2862
vn 0.3259 0.0899 0.9411
vn -0.0139 0.9999 0.0098
vn 0.0580 0.9728 0.2241
vn 0.3425 0.0856 0.9356
vn 0.0299 0.9996 0.0011
vn 0.3405 0.1452 0.9290
vn 0.1553 0.9791 0.1315
vn 0.7568 -0.0062 0.6536
vn 0.1826 -0.0124 0.9831
vn 0.0018 -0.6244 -0.7811
vn 0.0017 -0.6245 -0.7811
vn 0.0013 -0.6246 -0.7810
vn -0.0000 -0.6247 -0.7809
vn 0.0001 -0.6247 -0.7808
vn -0.0001 -0.6247 -0.7809
vn -0.0014 -0.6240 -0.7814
vn 0.0001 0.4349 0.9005
vn 0.0001 0.6922 0.7217
vn 0.0003 0.6922 0.7217
vn -0.0001 0.9946 0.1041
vn -0.0000 0.9946 0.1041
vn -0.0004 0.9946 0.1040
vn 0.0002 0.4074 0.9132
vn -0.0000 0.9989 -0.0477
vn -0.0001 0.9998 -0.0208
vn 0.0001 0.9989 -0.0477
vn 0.0001 0.4074 0.9133
vn 0.0002 0.4076 0.9132
vn -0.0002 0.9998 -0.0206
vn 0.0002 0.4073 0.9133
vn -0.0071 -0.6752 -0.7376
vn -0.0194 -0.6914 -0.7222
vn 0.0001 -0.6571 -0.7538
vn -0.0035 -0.6687 -0.7436
vn -0.0001 -0.6371 -0.7708
vn 0.0011 -0.6478 -0.7618
vn -0.0059 -0.6208 -0.7840
vn -0.0036 -0.6252 -0.7805
vn -0.0198 -0.6007 -0.7993
vn 0.4120 -0.6183 -0.6693
vn 0.4119 -0.6264 -0.6617
vn 0.6998 -0.4839 -0.5255
vn 0.0054 -0.7366 -0.6763
vn 0.0069 -0.7153 -0.6988
vn 0.0068 -0.7303 -0.6831
vn 0.0058 -0.7107 -0.7035
vn 0.6970 -0.5416 -0.4699
vn 0.4149 -0.6537 -0.6329
vn 0.4149 -0.6616 -0.6246
vn 0.6987 -0.5240 -0.4871
vn 0.7024 -0.5110 -0.4954
vn 0.7006 -0.4912 -0.5175
vn 1.0000 -0.0001 -0.0003
vn 1.0000 -0.0000 -0.0001
vn 1.0000 0.0046 0.0001
vn 1.0000 0.0043 0.0013
vn 1.0000 0.0001 0.0046
vn 1.0000 -0.0001 0.0002
vn 1.0000 0.0013 0.0043
vn 0.0069 0.8684 0.4958
vn 0.0071 0.8129 0.5824
vn 0.0101 0.8510 0.5250
vn 0.0127 0.7117 0.7023
vn 0.0128 0.7307 0.6826
vn 0.6726 0.6822 0.2867
vn 0.3902 0.8114 0.4352
vn 1.0000 0.0018 -0.0051
vn 1.0000 0.0007 0.0004
vn 1.0000 -0.0008 0.0009
vn 1.0000 0.0002 0.0007
vn 1.0000 0.0014 -0.0001
vn 0.9996 0.0102 0.0262
vn 0.9834 0.1144 0.1412
vn 0.9917 0.1259 -0.0250
vn 0.9991 0.0245 0.0357
vn 0.9819 -0.0068 0.1894
vn 0.9575 0.2646 0.1146
vn 0.9950 0.0915 0.0398
vn 0.9567 0.1570 0.2452
vn 0.9719 0.2351 0.0097
vn 0.0002 0.9186 0.3953
vn 0.0638 0.9441 0.3234
vn 0.2378 0.9586 0.1564
vn 0.2480 0.9224 0.2962
vn 0.5691 0.8078 0.1533
vn 0.2851 0.7853 0.5495
vn 0.9998 0.0064 -0.0200
vn 0.9999 -0.0001 0.0128
vn 0.9986 0.0395 0.0363
vn 0.9983 0.0405 0.0417
vn 0.9983 0.0406 0.0414
vn 0.9810 0.1893 0.0413
vn 0.9720 0.2134 0.0980
vn 0.0109 0.9999 -0.0027
vn 0.0126 0.9999 -0.0110
vn 0.0226 0.9979 0.0613
vn 0.1376 0.9897 0.0396
vn 0.9043 0.1287 0.4071
vn 0.2909 0.9464 0.1406
vn 0.9849 0.1547 0.0776
vn 0.9875 0.1142 0.1083
vn 0.8217 0.1537 0.5488
vn 0.0158 0.0050 -0.9999
vn 0.0156 0.0060 -0.9999
vn 1.0000 -0.0005 -0.0013
vn 1.0000 -0.0077 -0.0050
vn 1.0000 0.0002 -0.0026
vn 0.9997 0.0155 0.0174
vn 0.0341 0.3884 0.9209
vn 0.0318 0.4199 0.9070
vn 0.0232 0.3239 0.9458
vn 0.6304 0.2231 0.7435
vn 0.4118 0.2753 0.8687
vn 1.0000 -0.0001 -0.0000
vn 1.0000 -0.0001 -0.0001
vn 0.9983 0.0165 0.0566
vn 0.9704 -0.0211 0.2407
vn 1.0000 -0.0004 0.0001
vn 0.9907 0.1054 0.0859
vn 0.9998 0.0175 0.0074
vn 0.9721 0.0938 0.2148
vn 0.9712 0.0558 0.2315
vn 0.9990 0.0392 0.0203
vn 0.9998 0.0192 -0.0014
vn 0.9957 0.0874 0.0299
vn 0.9884 0.1510 0.0168
vn 0.0251 0.6085 0.7931
vn 0.0377 0.5761 0.8165
vn 0.0300 0.5346 0.8446
vn 0.0198 0.9942 0.1060
vn 0.2448 0.9682 0.0515
vn 0.9794 0.1959 0.0495
vn 0.0039 0.9957 -0.0921
vn 0.1357 0.9904 0.0277
vn 0.2384 0.9706 -0.0333
vn 0.2819 0.9537 -0.1049
vn 0.9929 0.1136 -0.0344
vn 0.9930 0.1150 -0.0279
vn 0.9927 0.1159 -0.0324
vn -0.9221 -0.3370 -0.1901
vn -0.9606 -0.2393 -0.1411
vn -0.3227 -0.8551 -0.4057
vn -0.4908 -0.7785 -0.3912
vn -0.4691 -0.5963 -0.6515
vn -0.2956 -0.9074 -0.2987
vn -0.4399 -0.8330 -0.3356
vn -0.4052 -0.6976 -0.5909
vn -0.0855 -0.8595 -0.5040
vn -0.0820 -0.8433 -0.5312
vn -0.0731 -0.8086 -0.5838
vn -0.0773 -0.9168 -0.3918
vn -0.0886 -0.8968 -0.4335
vn -0.0872 -0.8714 -0.4827
vn -0.9120 -0.3933 -0.1169
vn -0.9276 -0.3668 -0.0704
vn -0.9371 -0.3487 -0.0187
vn -0.9390 -0.3439 -0.0024
vn -0.9160 -0.3339 -0.2226
vn -0.9519 -0.2873 -0.1067
vn -0.9914 -0.1293 0.0209
vn -0.9354 -0.2774 -0.2191
vn -0.9765 -0.1727 -0.1292
vn -0.9979 -0.0512 -0.0407
vn -0.9484 -0.2449 -0.2014
vn -0.9841 -0.1334 -0.1171
vn -0.9998 -0.0154 -0.0157
vn -0.9881 -0.1144 -0.1025
vn -0.9998 -0.0138 -0.0155
vn -0.1166 -0.9801 -0.1606
vn -0.2226 -0.9693 -0.1040
vn -0.2832 -0.9585 -0.0332
vn -0.2988 -0.9543 -0.0041
vn -0.2184 -0.8963 -0.3860
vn -0.3966 -0.8530 -0.3392
vn -0.3225 -0.7756 -0.5426
vn -0.3018 -0.7925 -0.5299
vn -0.2669 -0.6675 -0.6952
vn -0.3924 -0.7774 -0.4916
vn -0.3601 -0.6218 -0.6955
vn -0.0264 -0.9749 -0.2210
vn -0.0397 -0.9887 -0.1445
vn -0.0507 -0.9975 -0.0483
vn -0.0545 -0.9985 -0.0058
vn -0.0354 -0.8657 -0.4994
vn -0.0495 -0.9029 -0.4270
vn -0.0369 -0.9381 -0.3443
vn -0.0375 -0.7849 -0.6185
vn -0.0297 -0.7925 -0.6091
vn -0.0607 -0.8009 -0.5958
vn -0.0474 -0.7809 -0.6228
vn -0.9394 -0.3428 -0.0027
vn -0.9398 -0.3417 -0.0019
vn -0.9401 -0.3410 -0.0008
vn -0.9403 -0.3404 -0.0011
vn -0.9406 -0.3394 -0.0014
vn -0.9409 -0.3386 -0.0016
vn -0.9412 -0.3377 -0.0016
vn -0.9416 -0.3368 -0.0017
vn -0.9996 -0.0294 -0.0000
vn -0.9996 -0.0277 -0.0009
vn -0.3014 -0.9535 -0.0039
vn -0.3037 -0.9528 -0.0034
vn -0.3065 -0.9519 -0.0026
vn -0.3093 -0.9509 -0.0029
vn -0.3119 -0.9501 -0.0031
vn -0.3144 -0.9493 -0.0032
vn -0.3170 -0.9484 -0.0032
vn -0.3195 -0.9476 -0.0033
vn -0.0549 -0.9985 -0.0048
vn -0.0551 -0.9985 -0.0048
vn -0.0558 -0.9984 -0.0043
vn -0.0566 -0.9984 -0.0044
vn -0.0572 -0.9984 -0.0045
vn -0.0579 -0.9983 -0.0047
vn -0.0586 -0.9983 -0.0048
vn -0.0592 -0.9982 -0.0046
vn -0.9419 -0.3359 -0.0016
vn -0.9422 -0.3351 -0.0016
vn -0.9425 -0.3343 -0.0016
vn -0.9428 -0.3335 -0.0016
vn -0.9431 -0.3326 -0.0015
vn -0.9434 -0.3318 -0.0017
vn -0.9437 -0.3309 -0.0016
vn -0.9440 -0.3299 -0.0017
vn -0.9997 -0.0263 -0.0002
vn -0.9997 -0.0233 0.0005
vn -0.3219 -0.9468 -0.0033
vn -0.3244 -0.9459 -0.0033
vn -0.3269 -0.9451 -0.0033
vn -0.3293 -0.9442 -0.0032
vn -0.3319 -0.9433 -0.0034
vn -0.3343 -0.9425 -0.0034
vn -0.3366 -0.9416 -0.0034
vn -0.3389 -0.9408 -0.0036
vn -0.0597 -0.9982 -0.0047
vn -0.0601 -0.9982 -0.0047
vn -0.0605 -0.9982 -0.0047
vn -0.0609 -0.9981 -0.0046
vn -0.0613 -0.9981 -0.0047
vn -0.0617 -0.9981 -0.0047
vn -0.0620 -0.9981 -0.0047
vn -0.0622 -0.9981 -0.0048
vn -0.9442 -0.3292 -0.0021
vn -0.9402 -0.3368 0.0513
vn -0.9294 -0.3150 0.1922
vn -0.9998 -0.0210 -0.0012
vn -0.9908 -0.0862 0.1047
vn -0.9499 -0.2128 0.2290
vn -0.9856 -0.0979 0.1378
vn -0.9642 -0.2008 0.1729
vn -0.9993 -0.0236 0.0296
vn -0.9906 -0.1214 0.0634
vn -0.9660 -0.2353 0.1071
vn -0.9459 -0.3052 0.1098
vn -0.9921 -0.1173 0.0450
vn -0.9801 -0.1907 0.0554
vn -0.9663 -0.2544 0.0392
vn -0.3409 -0.9401 -0.0032
vn -0.3095 -0.9472 0.0840
vn -0.1952 -0.9513 0.2387
vn -0.3091 -0.6458 0.6982
vn -0.3735 -0.7585 0.5340
vn -0.4575 -0.5803 0.6737
vn -0.5242 -0.7185 0.4572
vn -0.6852 -0.5952 0.4199
vn -0.3920 -0.7851 0.4796
vn -0.7055 -0.6006 0.3764
vn -0.5252 -0.7896 0.3173
vn -0.6492 -0.6902 0.3196
vn -0.3159 -0.8771 0.3619
vn -0.6692 -0.6794 0.3011
vn -0.0623 -0.9981 -0.0041
vn -0.0558 -0.9914 0.1188
vn -0.0384 -0.9443 0.3268
vn -0.0557 -0.8037 0.5924
vn -0.0979 -0.7933 0.6009
vn -0.1454 -0.7811 0.6072
vn -0.1852 -0.8164 0.5470
vn -0.1760 -0.8672 0.4658
vn -0.1919 -0.8144 0.5477
vn -0.2133 -0.8760 0.4325
vn -0.1740 -0.9152 0.3634
vn -0.1655 -0.8907 0.4234
vn -0.9480 -0.3096 0.0737
vn -0.9263 -0.3586 0.1153
vn -0.4896 -0.8419 0.2269
vn -0.3316 -0.9186 0.2151
vn -0.5880 -0.7517 0.2985
vn -0.2047 -0.9421 0.2656
vn -0.6151 -0.7537 0.2317
vn -0.4261 -0.9003 0.0886
vn -0.3431 -0.9384 0.0403
vn -0.1687 -0.9284 0.3311
vn -0.1516 -0.9466 0.2845
vn -0.1330 -0.9605 0.2445
vn -0.1536 -0.9534 0.2596
vn -0.1650 -0.9661 0.1985
vn -0.1731 -0.9750 0.1396
vn -0.1674 -0.9815 0.0929
vn -0.1672 -0.9846 0.0511
vn -0.1806 -0.9834 0.0182
vn -0.3516 -0.9355 0.0345
vn -0.3540 -0.9343 0.0422
vn -0.2154 -0.9765 0.0039
vn -0.2674 -0.9635 0.0082
vn -0.9706 -0.0050 -0.2406
vn -0.8566 -0.3101 -0.4124
vn -0.8372 -0.4015 -0.3714
vn -0.8123 -0.3509 -0.4659
vn -0.8800 -0.1076 -0.4626
vn -0.9126 -0.0677 -0.4033
vn -0.9424 -0.0235 -0.3335
vn -0.9155 0.0219 -0.4018
vn -0.9570 0.0096 -0.2899
vn -0.9092 0.0051 -0.4164
vn -0.9597 0.0037 -0.2811
vn -0.2979 -0.8951 -0.3317
vn -0.3337 -0.9053 -0.2626
vn -0.2724 -0.9148 -0.2981
vn -0.1252 -0.9308 -0.3433
vn -0.5495 -0.4607 -0.6970
vn -0.7761 -0.2624 -0.5735
vn -0.7564 -0.2056 -0.6209
vn -0.8254 0.0059 -0.5645
vn -0.9246 -0.3514 -0.1468
vn -0.9542 -0.2803 -0.1051
vn -0.9896 -0.1340 -0.0522
vn -0.9340 -0.3262 -0.1458
vn -0.9476 -0.3069 -0.0882
vn -0.9653 -0.2564 -0.0500
vn -0.9829 -0.1686 -0.0745
vn -0.9972 -0.0649 -0.0366
vn -0.9860 -0.1247 -0.1107
vn -0.9987 -0.0249 -0.0442
vn -1.0000 -0.0012 -0.0019
vn -1.0000 0.0004 0.0006
vn -0.9899 0.0113 -0.1414
vn -0.9996 0.0004 -0.0288
vn -0.9881 0.0016 -0.1538
vn -0.9996 0.0003 -0.0294
vn -0.2404 -0.9473 -0.2117
vn -0.3850 -0.8991 -0.2084
vn -0.4850 -0.8360 -0.2565
vn -0.4384 -0.7212 -0.5364
vn -0.2177 -0.9112 -0.3499
vn -0.6204 -0.6967 -0.3602
vn -0.5363 -0.7360 -0.4130
vn -0.0338 -0.9766 -0.2125
vn -0.0550 -0.9653 -0.2552
vn -0.0700 -0.9536 -0.2927
vn -0.0748 -0.9377 -0.3392
vn -0.0692 -0.9212 -0.3829
vn -1.0000 -0.0018 -0.0021
vn -1.0000 -0.0003 0.0001
vn -1.0000 -0.0018 0.0012
vn -0.9996 -0.0293 -0.0057
vn -0.9783 -0.2069 -0.0128
vn -0.9514 -0.3060 0.0343
vn -0.9387 -0.3437 0.0266
vn -0.9998 -0.0167 0.0064
vn -0.9993 -0.0354 0.0109
vn -0.9982 -0.0583 0.0120
vn -0.9967 -0.0800 0.0104
vn -0.9948 -0.1009 0.0110
vn -1.0000 -0.0002 -0.0004
vn -1.0000 0.0009 -0.0001
vn -1.0000 0.0007 0.0001
vn -0.9247 -0.3789 0.0366
vn -0.9156 -0.4002 0.0385
vn -0.9918 -0.1271 0.0165
vn -0.9866 -0.1616 0.0204
vn -0.9804 -0.1962 0.0173
vn -0.9721 -0.2333 0.0246
vn -0.9681 -0.2505 0.0035
vn -0.9686 -0.2404 0.0639
vn -0.9688 -0.2004 0.1457
vn -0.9762 -0.1489 0.1579
vn -1.0000 0.0003 0.0003
vn -1.0000 -0.0009 0.0004
vn -0.9998 0.0093 0.0151
vn -0.9896 0.0003 0.1442
vn -0.9999 -0.0029 0.0104
vn -0.9934 -0.0324 0.1101
vn -0.9976 -0.0451 0.0531
vn -0.9976 -0.0537 0.0439
vn -0.5360 -0.8392 0.0920
vn -0.3927 -0.9157 0.0859
vn -0.8064 -0.5819 0.1053
vn -0.4653 -0.8667 0.1798
vn -0.6402 -0.7389 0.2103
vn -0.5987 -0.7702 0.2199
vn -0.8128 -0.4799 0.3303
vn -0.5311 -0.8102 0.2479
vn -0.9093 0.0013 -0.4161
vn -0.9597 0.0019 -0.2810
vn -0.9095 0.0005 -0.4156
vn -0.9601 0.0004 -0.2797
vn -0.9095 0.0011 -0.4157
vn -0.9596 0.0004 -0.2813
vn -0.9094 0.0039 -0.4160
vn -0.9584 0.0022 -0.2855
vn -0.8408 0.0027 -0.5413
vn -0.8380 0.0017 -0.5456
vn -0.9878 0.0016 -0.1558
vn -0.9995 0.0004 -0.0301
vn -0.9877 0.0002 -0.1567
vn -0.9995 0.0001 -0.0306
vn -0.9877 -0.0001 -0.1565
vn -0.9995 -0.0000 -0.0308
vn -0.9877 0.0010 -0.1562
vn -0.9995 0.0013 -0.0307
vn -1.0000 0.0009 -0.0000
vn -0.9983 0.0588 0.0006
vn -0.9978 0.0421 -0.0518
vn -0.9949 0.0456 0.0894
vn -0.9981 0.0618 0.0018
vn -0.9946 0.0489 -0.0912
vn -1.0000 0.0072 0.0063
vn -0.9998 0.0191 0.0010
vn -0.9996 0.0235 -0.0166
vn -0.9963 0.0736 -0.0440
vn -0.9999 -0.0081 0.0134
vn -0.9984 0.0216 0.0517
vn -0.9978 0.0128 -0.0644
vn -0.9996 0.0145 -0.0240
vn -0.9977 -0.0398 0.0540
vn -0.9963 -0.0791 0.0337
vn -0.9962 -0.0725 -0.0486
vn -0.0173 -0.8666 -0.4986
vn -0.0074 -0.8243 -0.5661
vn -0.0099 -0.9080 -0.4188
vn 0.0009 -0.8695 -0.4939
vn 0.0010 -0.8298 -0.5581
vn -0.0003 -0.8696 -0.4938
vn -0.0003 -0.8298 -0.5581
vn 0.0002 -0.9067 -0.4219
vn 0.0013 -0.8695 -0.4940
vn 0.0009 -0.8297 -0.5582
vn 0.0126 -0.9775 -0.2104
vn 0.0260 -0.9978 -0.0606
vn 0.0007 -0.8580 -0.5136
vn -0.0006 -0.9033 -0.4290
vn -0.0007 -0.9464 -0.3229
vn 0.0029 -0.7944 -0.6073
vn -0.0047 -0.8041 -0.5944
vn 0.0009 -0.9027 -0.4303
vn -0.0005 -0.9461 -0.3238
vn -0.0003 -0.9811 -0.1935
vn -0.0002 -0.9979 -0.0648
vn 0.0003 -0.8582 -0.5134
vn -0.0000 -0.9023 -0.4312
vn -0.0001 -0.9456 -0.3253
vn 0.0001 -0.9023 -0.4310
vn 0.0003 -0.9456 -0.3254
vn -0.0001 -0.9810 -0.1943
vn -0.0002 -0.9979 -0.0646
vn -0.0000 -0.9024 -0.4308
vn -0.0000 -0.9456 -0.3253
vn 0.0001 -0.7922 -0.6102
vn 0.0001 -0.7999 -0.6001
vn 0.0001 -0.9025 -0.4307
vn 0.0001 -0.9456 -0.3254
vn -0.0000 -0.9809 -0.1946
vn -0.0001 -0.9979 -0.0647
vn 0.0001 -0.8579 -0.5138
vn 0.0002 -0.9025 -0.4307
vn 0.0001 -0.9456 -0.3255
vn 0.0003 -0.9025 -0.4307
vn 0.0002 -0.9455 -0.3256
vn 0.0014 -1.0000 -0.0058
vn 0.0005 -1.0000 -0.0050
vn 0.0222 -0.9996 0.0171
vn 0.0321 -0.9564 0.2904
vn -0.0126 -0.8289 0.5593
vn -0.0273 -0.8190 0.5731
vn -0.0353 -0.8118 0.5829
vn -0.0464 -0.8660 0.4980
vn -0.1058 -0.8917 0.4401
vn -0.1072 -0.9169 0.3844
vn -0.0076 -0.8372 0.5468
vn -0.0186 -0.8298 0.5577
vn 0.0001 -0.9690 0.2471
vn -0.0013 -0.8414 0.5404
vn -0.0051 -0.8362 0.5483
vn -0.0604 -0.9054 0.4203
vn -0.0011 -0.8428 0.5382
vn -0.0031 -0.8388 0.5444
vn -0.0003 -0.9691 0.2467
vn -0.0008 -0.8436 0.5370
vn -0.0015 -0.8399 0.5427
vn -0.0057 -0.8355 0.5495
vn -0.0063 -0.8880 0.4598
vn -0.0095 -0.9169 0.3989
vn -0.0011 -0.8440 0.5364
vn -0.0014 -0.8403 0.5421
vn -0.0008 -0.9693 0.2460
vn -0.0024 -0.8446 0.5354
vn -0.0032 -0.8406 0.5417
vn -0.0027 -0.9184 0.3956
vn -0.0003 -0.8453 0.5344
vn -0.0011 -0.8410 0.5410
vn -0.1108 -0.9410 0.3198
vn -0.1460 -0.9594 0.2414
vn -0.1547 -0.9790 0.1329
vn -0.1808 -0.9830 0.0331
vn -0.1409 -0.9290 0.3422
vn -0.0856 -0.9381 0.3355
vn -0.1109 -0.9480 0.2983
vn -0.1401 -0.9651 0.2211
vn -0.1803 -0.9766 0.1172
vn -0.1979 -0.9801 0.0157
vn -0.0181 -0.9458 0.3243
vn -0.0245 -0.9653 0.2599
vn -0.0398 -0.9809 0.1906
vn -0.0735 -0.9925 0.0977
vn -0.1173 -0.9930 -0.0111
vn -0.0031 -0.9482 0.3177
vn -0.0030 -0.9681 0.2506
vn -0.0031 -0.9842 0.1772
vn -0.0038 -0.9970 0.0768
vn -0.0044 -0.9995 -0.0298
vn -0.2071 -0.9771 -0.0483
vn -0.2876 -0.9572 -0.0325
vn -0.3526 -0.9348 -0.0423
vn -0.3878 -0.9206 0.0463
vn -0.4351 -0.8935 0.1108
vn -0.3462 -0.9336 -0.0919
vn -0.4871 -0.8697 0.0797
vn -0.5089 -0.8521 0.1225
vn -0.5307 -0.8310 0.1670
vn -0.2451 -0.9663 -0.0791
vn -0.2873 -0.9459 -0.1505
vn -0.4709 -0.8618 -0.1884
vn -0.3856 -0.9205 -0.0634
vn -0.5345 -0.8452 -0.0004
vn -0.4790 -0.8775 0.0234
vn -0.4281 -0.9012 -0.0678
vn -0.1604 -0.9447 -0.2861
vn -0.2367 -0.9631 -0.1278
vn -0.3084 -0.9510 -0.0201
vn -0.1328 -0.9838 -0.1205
vn -0.1408 -0.9736 -0.1796
vn -0.1603 -0.9432 -0.2909
vn -0.0264 -0.9867 -0.1604
vn -0.0313 -0.9967 -0.0743
vn -0.0362 -0.9958 -0.0842
vn 0.0124 -0.9646 -0.2635
vn 0.0130 -0.9955 -0.0935
vn -0.0044 -0.9919 -0.1272
vn -0.0042 -0.9823 -0.1873
vn -0.0048 -0.9688 -0.2479
vn -0.2903 -0.1512 -0.9449
vn -0.3282 -0.2471 -0.9117
vn -0.4160 -0.0627 -0.9072
vn -0.3632 -0.3598 -0.8594
vn -0.3827 -0.2343 -0.8937
vn -0.3298 -0.3259 -0.8860
vn -0.1376 -0.9418 -0.3067
vn -0.0397 -0.9714 -0.2342
vn -0.2185 -0.8275 -0.5172
vn -0.5275 -0.5724 -0.6278
vn -0.3984 -0.7742 -0.4919
vn -0.6588 -0.4174 -0.6260
vn -0.5861 -0.3793 -0.7160
vn -0.6809 -0.0930 -0.7265
vn -0.7993 -0.0302 -0.6002
vn -0.7041 -0.0009 -0.7101
vn -0.7055 0.0037 -0.7087
vn -0.7079 0.0056 -0.7063
vn -0.0710 -0.9613 -0.2661
vn -0.0362 -0.9680 -0.2484
vn -0.3230 -0.7634 -0.5594
vn -0.2331 -0.8188 -0.5247
vn -0.5355 -0.4760 -0.6976
vn -0.4775 -0.4422 -0.7592
vn -0.5062 -0.1576 -0.8479
vn -0.6484 -0.1499 -0.7464
vn -0.6964 -0.0029 -0.7177
vn -0.5986 -0.0010 -0.8011
vn -0.6982 0.0025 -0.7159
vn -0.6999 0.0026 -0.7142
vn -0.0114 -0.9726 -0.2323
vn 0.0006 -0.9777 -0.2102
vn -0.2418 -0.8011 -0.5475
vn -0.1822 -0.8427 -0.5067
vn -0.0640 -0.9479 -0.3121
vn -0.3593 -0.4630 -0.8103
vn -0.5280 -0.2461 -0.8128
vn -0.5478 -0.2040 -0.8113
vn -0.4955 -0.0505 -0.8671
vn -0.5545 0.0179 -0.8320
vn -0.1492 -0.8476 -0.5092
vn -0.0789 -0.9142 -0.3976
vn -0.3232 -0.5217 -0.7895
vn -0.2719 -0.6117 -0.7429
vn -0.3370 -0.2383 -0.9108
vn -0.4184 -0.0650 -0.9059
vn -0.0000 -0.9770 -0.2135
vn -0.0751 -0.8873 -0.4551
vn -0.0301 -0.9491 -0.3135
vn -0.0049 -0.9757 -0.2192
vn -0.1792 -0.7042 -0.6870
vn -0.2434 -0.5303 -0.8121
vn -0.1930 -0.7530 -0.6291
vn -0.2626 -0.3693 -0.8914
vn -0.3893 -0.1047 -0.9152
vn -0.3598 -0.0976 -0.9279
vn -0.3786 -0.0127 -0.9255
vn -0.4068 0.0113 -0.9135
vn -0.1075 -0.8591 -0.5004
vn -0.0678 -0.9135 -0.4011
vn -0.0141 -0.9635 -0.2674
vn -0.1628 -0.5983 -0.7846
vn -0.2245 -0.4376 -0.8707
vn -0.2765 -0.2733 -0.9213
vn -0.2731 -0.4467 -0.8520
vn -0.0875 -0.8796 -0.4676
vn -0.0240 -0.9476 -0.3185
vn 0.0026 -0.9770 -0.2132
vn -0.1503 -0.6495 -0.7454
vn -0.0637 -0.9003 -0.4306
vn -0.1350 -0.7255 -0.6748
vn -0.0147 -0.9700 -0.2428
vn -0.0100 -0.9375 -0.3480
vn -0.4432 -0.0098 -0.8964
vn -0.4534 -0.0087 -0.8913
vn -0.4591 -0.0741 -0.8853
vn -0.4706 -0.1592 -0.8679
vn -0.5049 -0.1903 -0.8419
vn -0.7108 0.0060 -0.7034
vn -0.7922 0.0044 -0.6103
vn -0.7117 0.0056 -0.7025
vn -0.7453 0.0025 -0.6667
vn -0.7058 0.0089 -0.7084
vn -0.6037 0.0024 -0.7972
vn -0.7022 0.0038 -0.7119
vn -0.7027 0.0065 -0.7115
vn -0.6410 0.0228 -0.7672
vn -0.6595 0.0047 -0.7517
vn -0.6409 -0.0126 -0.7675
vn -0.6933 0.0066 -0.7206
vn -0.5311 0.0028 -0.8473
vn -0.5508 -0.0140 -0.8345
vn -0.5040 -0.0005 -0.8637
vn -0.5654 0.0172 -0.8246
vn -0.5706 -0.0137 -0.8211
vn -0.4345 -0.0065 -0.9007
vn -0.3929 0.0001 -0.9196
vn -0.4224 0.0020 -0.9064
vn -0.3880 -0.0523 -0.9202
vn -0.4751 -0.0397 -0.8790
vn -0.5303 -0.1091 -0.8408
vn -0.0003 -0.8694 -0.4941
vn -0.0001 -0.8297 -0.5582
vn 0.0001 -0.9068 -0.4216
vn 0.0005 -0.8694 -0.4941
vn 0.0003 -0.8297 -0.5582
vn 0.0001 -0.8694 -0.4942
vn 0.0001 -0.8296 -0.5583
vn -0.0001 -0.8693 -0.4942
vn -0.0001 -0.8296 -0.5584
vn -0.0000 -0.9979 -0.0648
vn 0.0003 -0.8581 -0.5134
vn 0.0003 -0.9024 -0.4309
vn 0.0001 -0.9454 -0.3259
vn 0.0002 -0.7920 -0.6105
vn 0.0001 -0.7997 -0.6004
vn -0.0000 -0.9024 -0.4309
vn -0.0000 -0.8580 -0.5136
vn 0.0002 -0.9454 -0.3258
vn 0.0001 -0.9025 -0.4306
vn 0.0001 -0.9455 -0.3257
vn -0.0001 -0.9808 -0.1949
vn -0.0001 -0.9025 -0.4307
vn -0.0002 -0.9455 -0.3256
vn -0.0000 -0.7919 -0.6106
vn -0.0001 -0.9025 -0.4308
vn -0.0000 -0.9455 -0.3256
vn -0.0001 -0.9808 -0.1948
vn -0.0000 -0.9979 -0.0647
vn -0.0000 -0.8580 -0.5137
vn -0.0001 -0.9455 -0.3256
vn -0.0000 -1.0000 -0.0050
vn -0.0000 -1.0000 0.0078
vn 0.0003 -0.9693 0.2461
vn 0.0010 -0.8456 0.5339
vn 0.0008 -0.8414 0.5404
vn 0.0016 -0.8376 0.5463
vn 0.0015 -0.8885 0.4588
vn 0.0015 -0.9182 0.3960
vn 0.0001 -0.8452 0.5344
vn 0.0013 -0.8410 0.5410
vn 0.0004 -0.9693 0.2459
vn 0.0015 -0.8441 0.5361
vn 0.0040 -0.8396 0.5432
vn 0.0311 -0.9130 0.4068
vn 0.0031 -0.8423 0.5391
vn 0.0080 -0.8364 0.5481
vn 0.0009 -0.9689 0.2473
vn 0.0079 -0.8373 0.5467
vn 0.0203 -0.8290 0.5589
vn 0.0314 -0.8061 0.5909
vn 0.0428 -0.8728 0.4862
vn 0.0890 -0.8951 0.4369
vn 0.1381 -0.9077 0.3963
vn 0.0134 -0.8279 0.5607
vn 0.0279 -0.8180 0.5745
vn 0.0021 -0.9675 0.2528
vn 0.0111 -0.8187 0.5741
vn 0.0219 -0.8076 0.5893
vn 0.1316 -0.8611 0.4911
vn 0.2895 -0.7672 0.5723
vn 0.0088 -0.8092 0.5875
vn 0.0253 -0.7952 0.6058
vn 0.4414 -0.6565 0.6117
vn 0.5701 -0.4448 0.6907
vn 0.6636 -0.2772 0.6948
vn 0.6298 -0.3489 0.6940
vn 0.0026 -0.9480 0.3182
vn 0.0034 -0.9678 0.2519
vn 0.0064 -0.9837 0.1798
vn 0.0140 -0.9966 0.0811
vn 0.0284 -0.9994 -0.0202
vn 0.0521 -0.9428 0.3294
vn 0.0685 -0.9578 0.2790
vn 0.0884 -0.9767 0.1957
vn 0.1532 -0.9824 0.1073
vn 0.2201 -0.9754 0.0080
vn 0.4886 -0.8406 0.2337
vn 0.7182 -0.6656 0.2029
vn 0.8361 -0.5340 0.1258
vn 0.1328 -0.9366 0.3241
vn 0.2471 -0.9509 0.1865
vn 0.2824 -0.9473 0.1515
vn 0.5041 -0.7659 0.3991
vn 0.7002 -0.6428 0.3106
vn 0.6013 -0.7632 0.2368
vn 0.7957 -0.5164 0.3166
vn 0.8179 -0.4982 0.2878
vn 0.1869 -0.9205 0.3431
vn 0.2768 -0.9278 0.2501
vn 0.7141 -0.5563 0.4250
vn 0.5891 -0.7265 0.3537
vn 0.7671 -0.4447 0.4624
vn 0.3902 -0.8400 0.3771
vn 0.7385 -0.4279 0.5210
vn 0.5976 -0.5082 0.6202
vn 0.4300 -0.7669 0.4764
vn 0.7283 -0.3589 0.5837
vn 0.6445 -0.3985 0.6525
vn 0.0154 -0.9688 -0.2475
vn 0.0549 -0.9943 -0.0914
vn 0.0298 -0.9904 -0.1348
vn 0.0149 -0.9814 -0.1913
vn 0.0174 -0.9704 -0.2408
vn 0.1665 -0.9655 -0.2001
vn 0.3128 -0.9318 -0.1839
vn 0.4285 -0.8995 -0.0851
vn 0.4861 -0.8727 -0.0453
vn 0.5156 -0.8539 -0.0713
vn 0.3525 -0.9292 -0.1107
vn 0.4114 -0.8994 -0.1480
vn 0.3583 -0.8224 -0.4420
vn 0.8206 -0.5587 -0.1203
vn 0.8670 -0.4902 -0.0898
vn 0.8945 -0.4467 -0.0176
vn 0.9038 -0.4278 -0.0128
vn 0.9071 -0.4191 -0.0385
vn 0.6616 -0.7464 0.0726
vn 0.7987 -0.5996 0.0516
vn 0.8876 -0.4600 -0.0214
vn 0.9388 -0.3432 -0.0298
vn 0.9532 -0.3024 0.0003
vn 0.9544 -0.2984 -0.0093
vn 0.9541 -0.2974 -0.0350
vn 0.3386 -0.9408 -0.0121
vn 0.8997 -0.4193 0.1210
vn 0.7565 -0.6418 0.1254
vn 0.9389 -0.3173 0.1330
vn 0.9451 -0.3140 0.0906
vn 0.9501 -0.3115 0.0131
vn 0.9489 -0.3151 -0.0140
vn -0.6905 -0.5920 -0.4158
vn -0.7345 -0.5160 -0.4407
vn -0.6742 -0.5686 -0.4714
vn -0.2751 -0.5183 -0.8097
vn -0.2134 -0.5498 -0.8076
vn -0.3585 -0.3960 -0.8454
vn -0.4923 -0.2605 -0.8305
vn -0.4802 -0.1839 -0.8577
vn -0.5362 -0.0921 -0.8391
vn -0.2253 -0.6528 -0.7232
vn -0.2639 -0.5605 -0.7850
vn -0.2015 -0.6423 -0.7395
vn -0.3247 -0.5102 -0.7964
vn -0.6156 -0.1283 -0.7776
vn -0.5648 -0.1220 -0.8162
vn -0.1791 -0.7243 -0.6658
vn -0.1324 -0.7404 -0.6590
vn -0.2379 -0.6426 -0.7284
vn -0.3074 -0.6198 -0.7220
vn -0.3926 -0.5063 -0.7678
vn -0.3098 -0.5962 -0.7406
vn -0.4921 -0.4469 -0.7470
vn -0.5305 -0.3045 -0.7911
vn -0.4462 -0.4100 -0.7955
vn -0.5772 -0.1940 -0.7932
vn -0.1765 -0.7632 -0.6216
vn -0.1173 -0.8034 -0.5838
vn -0.2821 -0.6824 -0.6744
vn -0.2382 -0.6889 -0.6847
vn -0.3809 -0.6101 -0.6947
vn -0.3359 -0.6369 -0.6939
vn -0.4777 -0.4768 -0.7379
vn -0.6051 -0.3428 -0.7185
vn -0.6638 -0.1346 -0.7357
vn -0.5914 -0.3000 -0.7485
vn -0.1754 -0.7988 -0.5755
vn -0.1155 -0.8674 -0.4841
vn -0.2583 -0.7577 -0.5993
vn -0.2917 -0.7214 -0.6281
vn -0.2257 -0.7450 -0.6277
vn -0.4254 -0.6674 -0.6112
vn -0.5378 -0.5027 -0.6768
vn -0.4194 -0.6371 -0.6467
vn -0.6315 -0.4214 -0.6509
vn -0.6897 -0.2280 -0.6872
vn -0.6161 -0.3840 -0.6877
vn -0.1767 -0.8302 -0.5288
vn -0.1005 -0.9205 -0.3775
vn -0.5290 -0.5900 -0.6101
vn -0.6286 -0.5173 -0.5808
vn -0.7045 -0.3385 -0.6238
vn -0.6256 -0.4721 -0.6211
vn -0.2215 -0.8526 -0.4733
vn -0.0566 -0.9462 -0.3185
vn -0.1513 -0.8676 -0.4736
vn -0.0663 -0.9558 -0.2864
vn -0.3753 -0.7555 -0.5371
vn -0.3071 -0.7759 -0.5510
vn -0.5002 -0.7265 -0.4711
vn -0.5434 -0.6467 -0.5353
vn -0.4546 -0.7151 -0.5310
vn -0.6997 -0.5353 -0.4732
vn -0.6304 -0.5833 -0.5122
vn -0.7091 -0.4362 -0.5539
vn -0.6312 -0.5596 -0.5371
vn -0.0276 -0.9724 -0.2317
vn -0.0707 -0.9447 -0.3203
vn -0.3395 -0.8053 -0.4861
vn -0.5936 -0.6830 -0.4256
vn -0.5611 -0.6867 -0.4621
vn 0.0004 -0.9771 -0.2127
vn -0.0472 -0.9176 -0.3948
vn -0.0116 -0.9693 -0.2457
vn -0.0007 -0.9774 -0.2116
vn -0.1757 -0.6470 -0.7420
vn -0.1184 -0.8037 -0.5831
vn -0.0355 -0.9315 -0.3619
vn -0.1171 -0.7916 -0.5997
vn -0.1576 -0.6839 -0.7124
vn -0.1023 -0.8631 -0.4946
vn -0.0652 -0.9138 -0.4010
vn -0.0384 -0.9446 -0.3260
vn -0.0039 -0.9760 -0.2179
vn -0.0001 -0.9781 -0.2080
vn -0.0544 -0.9273 -0.3703
vn -0.0231 -0.9586 -0.2839
vn -0.0004 -0.9772 -0.2125
vn -0.0002 -0.9621 -0.2725
vn 0.0004 -0.9690 -0.2472
vn 0.0004 -0.9445 -0.3285
vn 0.9566 0.1628 0.2417
vn 0.6909 -0.2513 0.6779
vn 0.7018 -0.2797 0.6552
vn 0.8398 -0.0384 0.5416
vn 0.7582 -0.2342 0.6086
vn 0.9156 0.2648 0.3027
vn 0.9151 0.1149 0.3864
vn 0.9353 0.2439 0.2563
vn 0.9336 0.2333 0.2719
vn 0.9293 0.1648 0.3304
vn 0.8988 -0.3720 0.2318
vn 0.8065 -0.4170 0.4191
vn 0.8611 -0.3949 0.3202
vn 0.8892 -0.3440 0.3015
vn 0.8702 -0.3849 0.3075
vn 0.9133 -0.3136 0.2600
vn 0.8797 -0.3237 0.3484
vn 0.8875 -0.3412 0.3096
vn 0.8924 -0.3600 0.2722
vn 0.9103 -0.3467 0.2259
vn 0.8788 -0.3875 0.2785
vn 0.7806 -0.3557 0.5140
vn 0.8177 -0.3582 0.4505
vn 0.8044 -0.3923 0.4462
vn 0.8456 -0.3392 0.4123
vn 0.8321 -0.3169 0.4551
vn 0.8164 -0.4107 0.4060
vn 0.8381 -0.3998 0.3712
vn 0.8393 -0.4502 0.3049
vn 0.8412 -0.4629 0.2794
vn 0.7650 -0.2991 0.5704
vn 0.7649 -0.3291 0.5538
vn 0.7926 -0.3143 0.5225
vn 0.7787 -0.3370 0.5292
vn 0.7998 -0.3298 0.5015
vn 0.8065 -0.3577 0.4707
vn 0.7801 -0.3923 0.4873
vn 0.7967 -0.4492 0.4043
vn 0.7960 -0.4990 0.3427
vn 0.7264 -0.2982 0.6192
vn 0.7241 -0.3015 0.6203
vn 0.7490 -0.3498 0.5628
vn 0.7778 -0.4031 0.4823
vn 0.9170 -0.0831 0.3902
vn 0.9711 0.1706 0.1670
vn 0.9716 -0.0169 0.2359
vn 0.8219 -0.3959 0.4096
vn 0.8583 -0.3995 0.3221
vn 0.9877 -0.0278 0.1541
vn 0.9769 -0.1468 0.1554
vn 0.8958 -0.3468 0.2781
vn 0.9103 -0.3520 0.2179
vn 0.8259 -0.4953 0.2695
vn 0.9773 0.1483 0.1512
vn 0.9917 0.1087 0.0688
vn 0.9993 -0.0037 0.0376
vn 0.9870 -0.1497 0.0589
vn 0.9636 -0.2459 0.1048
vn 0.8340 -0.5070 0.2177
vn 0.9987 -0.0307 -0.0397
vn 0.9871 -0.1600 0.0043
vn 0.9583 -0.2853 0.0161
vn 0.8503 -0.1315 0.5097
vn 0.9483 0.1740 0.2654
vn 0.9544 0.2143 0.2079
vn 0.9197 0.0840 0.3836
vn 0.9229 -0.3436 0.1738
vn 0.9345 -0.3419 0.0991
vn 0.9401 -0.3406 0.0132
vn 0.9356 -0.3525 -0.0198
vn 0.9134 -0.3959 0.0950
vn 0.9155 -0.4023 0.0032
vn 0.9097 -0.4143 -0.0299
vn 0.8942 -0.4094 0.1809
vn 0.8754 -0.4833 -0.0044
vn 0.8716 -0.4497 0.1954
vn 0.8329 -0.5129 0.2079
vn 0.8614 -0.4978 0.1005
vn 0.8451 -0.5346 -0.0114
vn 0.8497 -0.5251 -0.0477
vn 0.8013 -0.5695 0.1835
vn 0.8016 -0.5922 0.0818
vn 0.8023 -0.5966 -0.0195
vn 0.7937 -0.6050 -0.0643
vn 0.8329 -0.5317 0.1534
vn 0.7905 -0.6086 0.0688
vn 0.7415 -0.6658 -0.0830
vn 0.9142 -0.4021 0.0497
vn 0.8559 -0.5127 0.0676
vn 0.7368 -0.6755 -0.0287
vn -0.8420 -0.3341 -0.4235
vn -0.8691 -0.1680 -0.4652
vn -0.9121 -0.0709 -0.4038
vn -0.8790 -0.0448 -0.4747
vn -0.9125 -0.0805 -0.4011
vn -0.8827 -0.0794 -0.4631
vn -0.9044 -0.1786 -0.3875
vn -0.8603 -0.1894 -0.4732
vn -0.8395 -0.3964 -0.3717
vn -0.7776 -0.3776 -0.5027
vn -0.9320 -0.2247 -0.2844
vn -0.9075 -0.2274 -0.3533
vn -0.8812 -0.2083 -0.4244
vn -0.9070 -0.1072 -0.4073
vn -0.8882 -0.1884 -0.4190
vn -0.9465 -0.0994 -0.3071
vn -0.9501 -0.0854 -0.3001
vn -0.9564 -0.2108 -0.2024
vn -0.9422 -0.1803 -0.2823
vn -0.5790 -0.0363 -0.8145
vn -0.5145 -0.0209 -0.8572
vn -0.5919 -0.0176 -0.8058
vn -0.5192 -0.0131 -0.8546
vn -0.5983 -0.0759 -0.7977
vn -0.5132 -0.0742 -0.8551
vn -0.5504 -0.1463 -0.8220
vn -0.5830 -0.2052 -0.7861
vn -0.6755 -0.0678 -0.7342
vn -0.6384 -0.0666 -0.7668
vn -0.6397 -0.0226 -0.7683
vn -0.7123 -0.0709 -0.6983
vn -0.6387 -0.0804 -0.7652
vn -0.6981 -0.1795 -0.6931
vn -0.6249 -0.1774 -0.7603
vn -0.6525 -0.2397 -0.7189
vn -0.7872 -0.1536 -0.5972
vn -0.7396 -0.1022 -0.6652
vn -0.7990 -0.0434 -0.5998
vn -0.8018 -0.0794 -0.5923
vn -0.7363 -0.0710 -0.6729
vn -0.7996 -0.1765 -0.5739
vn -0.7606 -0.2175 -0.6117
vn -0.7261 -0.1742 -0.6652
vn -0.7918 -0.2639 -0.5509
vn -0.7350 -0.2301 -0.6379
vn -0.8214 -0.1079 -0.5601
vn -0.7991 -0.0905 -0.5944
vn -0.8423 -0.0431 -0.5373
vn -0.8376 -0.0823 -0.5400
vn -0.8346 -0.1957 -0.5149
vn -0.7927 -0.3428 -0.5041
vn -0.7531 -0.3098 -0.5805
vn -0.8434 -0.1474 -0.5167
vn -0.8569 -0.0719 -0.5104
vn -0.8390 -0.1310 -0.5282
vn 0.9696 0.0758 0.2325
vn 0.9755 0.0389 0.2163
vn 0.9560 0.0820 0.2815
vn 0.9797 0.0747 0.1862
vn 0.9626 -0.0117 0.2708
vn 0.9856 -0.0198 0.1678
vn 0.9359 0.0857 0.3416
vn 0.9150 0.1194 0.3854
vn 0.9437 0.0890 0.3185
vn 0.9251 0.0829 0.3707
vn 0.9330 -0.0054 0.3599
vn 0.9894 0.0677 0.1282
vn 0.9987 0.0426 0.0266
vn 0.9982 -0.0032 -0.0598
vn 0.9858 -0.0922 -0.1401
vn 0.9949 0.0026 0.1010
vn 0.9996 -0.0285 -0.0020
vn 0.9931 -0.0553 -0.1036
vn 0.9770 -0.0956 -0.1907
vn 0.9966 0.0459 0.0684
vn 0.9992 0.0063 -0.0399
vn 0.9885 -0.0454 -0.1443
vn 0.9673 -0.0930 -0.2361
vn 0.9983 -0.0256 0.0527
vn 0.9974 -0.0287 -0.0667
vn 0.9827 -0.0405 -0.1806
vn 0.9608 -0.0513 -0.2726
vn 0.9645 -0.2407 -0.1089
vn 0.9131 -0.4035 -0.0582
vn 0.8312 -0.5554 -0.0238
vn 0.7705 -0.6361 -0.0409
vn 0.9393 -0.3146 -0.1370
vn 0.9098 -0.3998 -0.1112
vn 0.8553 -0.5115 -0.0827
vn 0.7979 -0.5970 -0.0833
vn 0.7640 -0.6388 -0.0913
vn 0.7446 -0.6619 -0.0868
vn 0.9576 -0.2163 -0.1904
vn 0.9479 -0.2527 -0.1942
vn 0.9246 -0.3385 -0.1746
vn 0.8974 -0.4139 -0.1528
vn 0.8770 -0.4622 -0.1310
vn 0.8646 -0.4934 -0.0948
vn 0.8534 -0.5019 -0.1406
vn 0.9560 -0.1630 -0.2440
vn 0.9405 -0.2390 -0.2417
vn 0.9450 -0.1413 -0.2950
vn 0.9444 -0.0756 -0.3199
vn -0.0001 -0.8694 -0.4942
vn -0.0000 -0.8296 -0.5584
vn -0.0001 -0.9066 -0.4220
vn -0.0004 -0.8693 -0.4943
vn -0.0006 -0.8295 -0.5586
vn 0.0066 -0.8708 -0.4916
vn 0.0143 -0.8346 -0.5506
vn 0.0086 -0.9016 -0.4324
vn 0.1318 -0.8786 -0.4591
vn 0.3147 -0.7146 -0.6247
vn 0.5317 -0.8423 -0.0885
vn 0.9343 -0.3126 0.1715
vn 0.7891 -0.3722 0.4886
vn -0.0001 -0.9809 -0.1947
vn -0.0001 -0.9979 -0.0648
vn -0.0001 -0.9024 -0.4309
vn -0.0002 -0.9454 -0.3258
vn -0.0001 -0.7921 -0.6104
vn -0.0001 -0.7996 -0.6005
vn 0.0002 -0.9455 -0.3257
vn 0.0005 -0.9808 -0.1949
vn -0.0000 -0.9979 -0.0652
vn -0.0007 -0.8579 -0.5138
vn -0.0006 -0.9026 -0.4305
vn 0.0003 -0.9459 -0.3244
vn -0.0000 -0.9029 -0.4298
vn 0.0004 -0.9464 -0.3231
vn 0.0098 -0.9801 -0.1983
vn 0.0074 -0.9982 -0.0590
vn 0.0233 -0.8511 -0.5244
vn 0.0314 -0.9043 -0.4258
vn 0.0275 -0.9430 -0.3316
vn 0.0079 -0.7997 -0.6003
vn 0.0109 -0.7979 -0.6026
vn 0.1147 -0.9804 -0.1599
vn 0.2210 -0.9697 -0.1044
vn 0.2816 -0.9589 -0.0338
vn 0.2974 -0.9548 -0.0038
vn 0.3713 -0.8654 -0.3366
vn 0.3099 -0.7958 -0.5203
vn 0.8854 -0.4540 -0.0996
vn 0.9178 -0.3929 -0.0575
vn 0.9358 -0.3522 -0.0175
vn 0.9378 -0.3471 -0.0038
vn 0.2251 -0.8229 -0.5217
vn 0.6779 -0.6479 -0.3474
vn 0.8983 -0.4299 -0.0911
vn 0.9579 -0.2872 -0.0036
vn 0.9868 -0.1611 0.0137
vn 0.9964 -0.0826 0.0176
vn 0.1605 -0.7647 -0.6241
vn 0.6482 -0.6802 -0.3424
vn 0.8923 -0.4515 -0.0042
vn 0.9804 -0.1802 0.0797
vn 0.9921 -0.0691 0.1045
vn 0.9966 -0.0376 0.0730
vn 0.9825 -0.0652 0.1747
vn 0.9889 -0.0396 0.1431
vn 0.9989 -0.0007 0.0479
vn 0.9801 -0.0223 0.1972
vn 0.3418 -0.8182 -0.4623
vn 0.7880 -0.6003 -0.1369
vn 0.9665 -0.2117 0.1453
vn 0.8978 -0.4386 -0.0393
vn 0.9526 -0.2580 0.1615
vn 0.9668 -0.1139 0.2290
vn 0.9768 -0.0754 0.2006
vn 0.9447 -0.2818 0.1676
vn 0.9535 -0.1141 0.2791
vn -0.0002 -1.0000 -0.0052
vn 0.0274 -0.9996 0.0019
vn 0.3002 -0.9539 -0.0036
vn 0.3026 -0.9531 -0.0033
vn 0.3052 -0.9523 -0.0032
vn 0.3077 -0.9515 -0.0038
vn 0.3100 -0.9507 -0.0038
vn 0.3124 -0.9499 -0.0032
vn 0.3149 -0.9491 -0.0032
vn 0.3176 -0.9482 -0.0027
vn 0.9374 -0.3482 -0.0019
vn 0.9380 -0.3467 -0.0017
vn 0.9382 -0.3461 -0.0017
vn 0.9385 -0.3452 -0.0021
vn 0.9390 -0.3440 -0.0021
vn 0.9393 -0.3430 -0.0016
vn 0.9396 -0.3422 -0.0015
vn 0.9399 -0.3415 -0.0012
vn 0.9986 -0.0521 -0.0001
vn 0.9987 -0.0501 -0.0008
vn 0.9988 -0.0480 -0.0005
vn 0.9989 -0.0460 -0.0004
vn 1.0000 0.0082 -0.0050
vn 1.0000 0.0016 -0.0016
vn 1.0000 0.0008 0.0005
vn 0.9999 0.0078 0.0066
vn 0.0222 -0.9997 -0.0048
vn 0.0232 -0.9997 -0.0049
vn 0.3202 -0.9473 -0.0028
vn 0.3228 -0.9465 -0.0031
vn 0.3253 -0.9456 -0.0032
vn 0.3277 -0.9448 -0.0032
vn 0.3302 -0.9439 -0.0033
vn 0.3326 -0.9431 -0.0032
vn 0.3350 -0.9422 -0.0033
vn 0.3375 -0.9413 -0.0035
vn 0.9401 -0.3408 -0.0012
vn 0.9404 -0.3401 -0.0015
vn 0.9407 -0.3393 -0.0015
vn 0.9410 -0.3385 -0.0015
vn 0.9413 -0.3376 -0.0016
vn 0.9416 -0.3368 -0.0015
vn 0.9419 -0.3359 -0.0016
vn 0.9422 -0.3350 -0.0016
vn 0.9990 -0.0446 -0.0003
vn 0.9991 -0.0430 -0.0004
vn 0.9991 -0.0413 -0.0005
vn 0.9992 -0.0389 0.0003
vn 0.9998 0.0190 0.0046
vn 0.9997 0.0228 -0.0007
vn 0.9997 0.0241 0.0020
vn 0.9998 0.0169 -0.0082
vn 0.9700 0.1834 0.1598
vn -0.0042 -0.9999 0.0133
vn 0.0027 -0.9668 0.2557
vn 0.0164 -0.7950 0.6064
vn 0.0365 -0.7780 0.6272
vn 0.0608 -0.7558 0.6520
vn 0.0772 -0.8135 0.5765
vn 0.3820 -0.6159 0.6891
vn 0.6077 -0.2595 0.7506
vn 0.6761 -0.1928 0.7111
vn 0.6420 -0.2649 0.7195
vn 0.0188 -0.7805 0.6248
vn 0.0341 -0.7610 0.6478
vn 0.3004 -0.5433 0.7840
vn 0.4172 -0.4675 0.7794
vn 0.6427 -0.1708 0.7468
vn 0.5368 -0.3112 0.7842
vn 0.7604 0.0436 0.6480
vn 0.6729 -0.0997 0.7330
vn 0.0012 -0.9643 0.2649
vn 0.0175 -0.7630 0.6461
vn 0.0467 -0.7367 0.6746
vn 0.1330 -0.6116 0.7799
vn 0.2195 -0.6793 0.7002
vn 0.6073 -0.2213 0.7630
vn 0.4053 -0.3348 0.8507
vn 0.7137 0.1144 0.6910
vn 0.6039 -0.0548 0.7952
vn 0.7703 0.3904 0.5042
vn 0.7837 0.3193 0.5328
vn 0.7913 0.3786 0.4800
vn 0.7084 0.1734 0.6842
vn 0.0476 -0.6953 0.7171
vn 0.1177 -0.6960 0.7083
vn 0.4895 -0.3467 0.8001
vn 0.2699 -0.4269 0.8631
vn 0.6110 0.1371 0.7797
vn 0.5155 -0.0905 0.8521
vn 0.7139 0.3723 0.5931
vn 0.7328 0.4156 0.5388
vn 0.6596 0.2446 0.7107
vn 0.7388 0.4299 0.5189
vn 0.0084 -0.9999 0.0109
vn -0.0058 -0.9577 0.2878
vn 0.1171 -0.5730 0.8111
vn 0.4321 -0.1899 0.8816
vn 0.6523 0.4105 0.6372
vn 0.6527 0.2936 0.6984
vn 0.6749 0.4645 0.5733
vn 0.6741 0.4611 0.5770
vn 0.7076 0.4422 0.5512
vn 0.7029 0.4310 0.5659
vn 0.6723 0.4659 0.5752
vn 0.3395 -0.9406 -0.0029
vn 0.3098 -0.9467 0.0886
vn 0.1970 -0.9471 0.2532
vn 0.9425 -0.3343 -0.0017
vn 0.9454 -0.3171 0.0758
vn 0.9426 -0.2243 0.2473
vn 0.2954 -0.3244 0.8986
vn 0.9993 -0.0377 -0.0019
vn 0.9880 0.0233 0.1529
vn 0.9549 0.0544 0.2921
vn 0.7321 0.3765 0.5677
vn 0.4670 0.0002 0.8842
vn 0.9561 0.1838 0.2281
vn 0.8206 0.3693 0.4361
vn 0.7970 0.3669 0.4798
vn 0.9823 0.0880 0.1652
vn 0.8285 0.3450 0.4412
vn 0.9144 0.2638 0.3071
vn 0.7156 0.4700 0.5168
vn 0.7063 0.4302 0.5622
vn -0.1907 -0.9059 -0.3781
vn -0.6144 -0.6984 -0.3670
vn -0.7258 -0.6150 -0.3082
vn -0.6764 -0.6570 -0.3328
vn -0.7386 -0.5650 -0.3678
vn -0.6819 -0.6318 -0.3687
vn -0.6475 -0.7076 -0.2827
vn -0.5883 -0.7593 -0.2781
vn -0.6366 -0.7091 -0.3032
vn -0.6785 -0.6808 -0.2759
vn -0.7253 -0.6383 -0.2578
vn -0.6687 -0.6938 -0.2675
vn -0.7622 -0.5939 -0.2576
vn -0.6520 -0.7105 -0.2647
vn -0.7715 -0.5735 -0.2756
vn -0.7080 -0.6542 -0.2658
vn -0.4302 -0.8646 -0.2598
vn -0.3164 -0.9041 -0.2871
vn -0.3950 -0.8689 -0.2984
vn -0.4728 -0.8359 -0.2787
vn -0.3366 -0.8913 -0.3038
vn -0.5467 -0.7736 -0.3204
vn -0.5182 -0.8122 -0.2681
vn -0.4409 -0.8359 -0.3270
vn -0.3352 -0.8721 -0.3564
vn -0.5342 -0.7784 -0.3298
vn -0.5192 -0.7717 -0.3673
vn -0.1568 -0.9567 -0.2452
vn -0.1872 -0.9409 -0.2823
vn -0.2147 -0.9301 -0.2979
vn -0.2138 -0.9319 -0.2932
vn -0.1939 -0.9223 -0.3344
vn -0.1719 -0.9308 -0.3226
vn -0.2090 -0.9142 -0.3473
vn -0.2166 -0.9169 -0.3354
vn -0.2036 -0.9049 -0.3737
vn -0.2130 -0.8935 -0.3953
vn -0.1841 -0.8814 -0.4351
vn 0.0055 -0.9464 -0.3228
vn -0.0039 -0.9219 -0.3874
vn -0.2399 -0.8957 -0.3745
vn -0.0938 -0.9461 -0.3100
vn -0.3756 -0.8089 -0.4523
vn -0.4565 -0.7781 -0.4315
vn -0.5365 -0.7708 -0.3434
vn -0.5836 -0.7065 -0.4003
vn -0.5011 -0.7653 -0.4039
vn -0.1591 -0.9389 -0.3052
vn -0.0801 -0.9579 -0.2758
vn -0.2123 -0.9260 -0.3120
vn -0.3567 -0.8322 -0.4245
vn -0.2532 -0.9065 -0.3379
vn -0.0945 -0.9678 -0.2333
vn -0.0427 -0.9705 -0.2372
vn -0.0007 -0.9768 -0.2142
vn -0.4042 -0.8609 -0.3089
vn -0.2820 -0.8852 -0.3700
vn -0.1614 -0.9387 -0.3045
vn -0.0193 -0.9752 -0.2206
vn -0.1526 -0.9504 -0.2709
vn -0.1040 -0.9603 -0.2588
vn -0.0614 -0.9661 -0.2508
vn -0.0360 -0.9729 -0.2285
vn -0.0000 -0.9772 -0.2124
vn 0.0049 -0.9676 -0.2523
vn 0.0012 -0.9765 -0.2156
vn -0.0003 -0.9772 -0.2124
vn -0.0052 -0.9705 -0.2412
vn -0.0001 -0.9445 -0.3286
vn 0.0072 -0.9465 -0.3227
vn 0.8696 -0.4937 0.0095
vn 0.9162 -0.1520 0.3708
vn 0.9165 -0.0715 0.3936
vn 0.8814 -0.0387 0.4708
vn 0.8927 -0.0207 0.4502
vn 0.9073 -0.0089 0.4204
vn 0.8811 -0.0421 0.4711
vn 0.9857 0.0194 0.1673
vn 0.9972 0.0327 0.0668
vn 0.9841 -0.0130 0.1773
vn 0.9972 -0.0095 0.0739
vn 0.9828 -0.0541 0.1764
vn 0.9954 -0.0528 0.0800
vn 0.9856 -0.0150 0.1682
vn 0.9962 -0.0121 0.0867
vn 0.9306 -0.0409 0.3637
vn 0.9501 -0.0095 0.3118
vn 0.9734 0.0029 0.2293
vn 0.9245 -0.0405 0.3791
vn 0.9476 -0.0201 0.3188
vn 0.9682 -0.0161 0.2495
vn 0.9172 -0.0450 0.3958
vn 0.9467 -0.0667 0.3152
vn 0.9675 -0.0560 0.2464
vn 0.9501 -0.0155 0.3115
vn 0.9695 -0.0211 0.2442
vn 0.9994 0.0234 -0.0244
vn 0.9998 0.0168 0.0097
vn 0.9970 0.0606 0.0483
vn 0.9950 0.0371 0.0928
vn 0.9998 -0.0201 -0.0086
vn 0.9997 -0.0134 0.0224
vn 0.7687 0.1851 0.6123
vn 0.7288 0.2739 0.6276
vn 0.7317 0.1912 0.6543
vn 0.7267 0.4162 0.5465
vn 0.8887 0.1982 0.4135
vn 0.7215 0.3493 0.5978
vn 0.7295 0.3132 0.6080
vn 0.7797 0.1944 0.5952
vn 0.7210 0.2292 0.6539
vn 0.7430 0.1924 0.6410
vn 0.7007 0.1816 0.6899
vn 0.7251 0.1908 0.6617
vn 0.6799 0.1723 0.7128
vn 0.9940 0.1075 0.0211
vn 0.9930 0.1177 -0.0031
vn 0.9917 0.1277 0.0157
vn 0.9852 0.1655 0.0452
vn 0.9442 0.2371 0.2288
vn 0.7771 0.4307 0.4589
vn 0.7362 0.4259 0.5260
vn 0.8231 0.3640 0.4358
vn 0.9983 0.0470 0.0334
vn 0.9989 0.0474 -0.0046
vn 0.9981 0.0506 0.0357
vn 0.9944 0.0300 0.1011
vn 0.8834 0.1578 0.4412
vn 0.8540 0.2108 0.4757
vn 0.9967 -0.0730 0.0341
vn 0.9976 -0.0691 -0.0008
vn 0.9962 -0.0495 0.0722
vn 0.9417 0.0908 0.3239
vn 0.8461 0.0976 0.5241
vn 0.9930 -0.1173 -0.0092
vn 0.9784 -0.0353 0.2037
vn 0.7411 0.1296 0.6588
vn 0.9791 0.0206 0.2025
vn 0.9223 0.0842 0.3772
vn 0.7645 0.1839 0.6178
vn 0.6895 0.1541 0.7077
vn 0.8079 -0.0161 0.5891
vn 0.7265 -0.1752 0.6645
vn 0.8746 0.3034 0.3782
vn 0.8747 0.2172 0.4334
vn 0.8896 0.2771 0.3630
vn 0.8189 0.1084 0.5636
vn 0.8550 0.3370 0.3942
vn 0.8958 0.3054 0.3229
vn 0.8489 0.2711 0.4538
vn 0.8670 0.2993 0.3984
vn 0.9118 0.2194 0.3471
vn 0.9177 0.2574 0.3027
vn 0.8637 0.1914 0.4662
vn 0.8894 0.1771 0.4213
vn 0.8234 0.3571 0.4410
vn 0.8342 0.2697 0.4811
vn 0.8426 0.3361 0.4207
vn 0.7609 0.1260 0.6365
vn 0.8515 0.3488 0.3916
vn 0.8262 0.3454 0.4450
vn 0.8266 0.1799 0.5333
vn 0.7485 0.4200 0.5132
vn 0.8035 0.3828 0.4560
vn 0.7794 0.4040 0.4788
vn 0.7707 0.3679 0.5203
vn 0.7468 0.3050 0.5910
vn 0.7896 0.2459 0.5622
vn 0.8029 0.2938 0.5187
vn 0.7315 0.3802 0.5661
vn 0.6801 0.4624 0.5689
vn 0.7103 0.4248 0.5613
vn 0.7066 0.4453 0.5499
vn -0.8598 -0.4180 -0.2933
vn -0.8369 -0.4441 -0.3198
vn -0.8539 -0.4389 -0.2797
vn -0.6832 -0.5917 -0.4280
vn -0.7351 -0.5530 -0.3923
vn -0.6841 -0.5837 -0.4374
vn -0.7503 -0.5227 -0.4048
vn -0.7413 -0.5416 -0.3964
vn -0.6788 -0.5735 -0.4586
vn -0.7515 -0.5093 -0.4193
vn -0.7509 -0.5304 -0.3935
vn -0.4425 -0.7546 -0.4845
vn -0.4769 -0.7386 -0.4765
vn -0.4807 -0.6457 -0.5933
vn -0.3446 -0.7387 -0.5793
vn -0.5385 -0.6645 -0.5182
vn -0.5250 -0.6590 -0.5386
vn -0.3406 -0.7243 -0.5995
vn -0.5562 -0.6310 -0.5408
vn -0.5598 -0.6582 -0.5034
vn -0.2169 -0.7968 -0.5639
vn -0.2047 -0.7807 -0.5905
vn -0.1840 -0.8061 -0.5624
vn -0.0750 -0.8016 -0.5931
vn -0.2296 -0.7579 -0.6107
vn -0.2288 -0.8131 -0.5352
vn -0.1977 -0.7773 -0.5972
vn -0.1850 -0.7325 -0.6552
vn -0.2183 -0.7416 -0.6344
vn -0.2039 -0.7231 -0.6600
vn -0.0106 -0.8131 -0.5820
vn -0.0035 -0.7811 -0.6244
vn -0.9434 -0.2941 -0.1532
vn -0.9587 -0.2604 -0.1147
vn -0.9306 -0.3192 -0.1794
vn -0.9516 -0.2779 -0.1313
vn -0.9735 -0.2056 -0.1005
vn -0.9897 -0.1252 -0.0700
vn -0.9242 -0.3297 -0.1929
vn -0.9651 -0.2443 -0.0946
vn -0.9890 -0.1467 -0.0192
vn -0.8958 -0.3765 -0.2362
vn -0.9582 -0.2856 -0.0147
vn -0.8799 -0.4006 -0.2555
vn -0.9282 -0.3420 -0.1469
vn -0.9142 -0.3847 -0.1272
vn -0.9404 -0.3347 -0.0610
vn -0.9812 -0.1925 0.0114
vn -0.8807 -0.4209 -0.2172
vn -0.6850 -0.6500 -0.3289
vn -0.7749 -0.5637 -0.2861
vn -0.6878 -0.6588 -0.3046
vn -0.8715 -0.4368 -0.2228
vn -0.8094 -0.5405 -0.2296
vn -0.6910 -0.6300 -0.3545
vn -0.7757 -0.5484 -0.3122
vn -0.6916 -0.6404 -0.3342
vn -0.8740 -0.4196 -0.2452
vn -0.8143 -0.5212 -0.2555
vn -0.6895 -0.6138 -0.3844
vn -0.7466 -0.5711 -0.3410
vn -0.6974 -0.6197 -0.3600
vn -0.8452 -0.4542 -0.2815
vn -0.8035 -0.5212 -0.2878
vn -0.6909 -0.6048 -0.3961
vn -0.7853 -0.5089 -0.3526
vn -0.7653 -0.5406 -0.3495
vn -0.6901 -0.5980 -0.4077
vn -0.8277 -0.4543 -0.3295
vn -0.7986 -0.5137 -0.3137
vn -0.4607 -0.8107 -0.3613
vn -0.3413 -0.8513 -0.3984
vn -0.5630 -0.7348 -0.3783
vn -0.5452 -0.7553 -0.3638
vn -0.4506 -0.8005 -0.3953
vn -0.3374 -0.8361 -0.4325
vn -0.5628 -0.7190 -0.4078
vn -0.5477 -0.7435 -0.3837
vn -0.4180 -0.7942 -0.4410
vn -0.3356 -0.8176 -0.4679
vn -0.5464 -0.7208 -0.4265
vn -0.5352 -0.7227 -0.4374
vn -0.3470 -0.7897 -0.5059
vn -0.5047 -0.7415 -0.4420
vn -0.4954 -0.6919 -0.5252
vn -0.3453 -0.7785 -0.5241
vn -0.5709 -0.6628 -0.4845
vn -0.5502 -0.7037 -0.4495
vn -0.1966 -0.8873 -0.4172
vn -0.2207 -0.8744 -0.4321
vn -0.2022 -0.8608 -0.4671
vn -0.1832 -0.8761 -0.4461
vn -0.2162 -0.8588 -0.4645
vn -0.2038 -0.8425 -0.4986
vn -0.1500 -0.8757 -0.4590
vn -0.2026 -0.8412 -0.5014
vn -0.1876 -0.8192 -0.5420
vn -0.1893 -0.8304 -0.5240
vn -0.1571 -0.7838 -0.6009
vn -0.0095 -0.9001 -0.4355
vn 0.0004 -0.8731 -0.4875
vn -0.0095 -0.8422 -0.5390
vn -0.8743 -0.4382 -0.2088
vn -0.8597 -0.4524 -0.2374
vn -0.8252 -0.4743 -0.3067
vn -0.8799 -0.3568 -0.3138
vn -0.8181 -0.4546 -0.3522
vn -0.9275 -0.3383 -0.1593
vn -0.9291 -0.3333 -0.1600
vn -0.9238 -0.3184 -0.2127
vn -0.9220 -0.2866 -0.2604
vn -0.9078 -0.2615 -0.3279
vn -0.9753 -0.1890 -0.1146
vn -0.9717 -0.1320 -0.1959
vn -0.9661 -0.0930 -0.2410
vn -0.9898 -0.1124 -0.0878
vn -0.9844 -0.0759 -0.1586
vn -0.9701 -0.0836 -0.2278
vn -0.9696 -0.1663 -0.1792
vn -0.9877 -0.1459 -0.0558
vn -0.9369 -0.3492 -0.0188
vn -0.9757 -0.1892 -0.1108
vn -0.6907 -0.6581 -0.2997
vn -0.7656 -0.5876 -0.2617
vn -0.6937 -0.6669 -0.2722
vn -0.8398 -0.4932 -0.2272
vn -0.7782 -0.5808 -0.2390
vn 0.9857 -0.0009 0.1688
vn 0.9960 -0.0005 0.0897
vn 0.9856 -0.0009 0.1692
vn 0.9959 -0.0005 0.0903
vn 0.9855 -0.0009 0.1696
vn 0.9959 -0.0005 0.0908
vn 0.9854 -0.0009 0.1700
vn 0.9958 -0.0004 0.0914
vn 0.9503 -0.0017 0.3115
vn 0.9725 -0.0013 0.2330
vn 0.9502 -0.0017 0.3118
vn 0.9723 -0.0013 0.2336
vn 0.9501 -0.0017 0.3121
vn 0.9722 -0.0013 0.2341
vn 0.9499 -0.0018 0.3124
vn 0.9721 -0.0014 0.2347
vn 0.9161 -0.0055 0.4009
vn 0.9999 -0.0000 0.0105
vn 0.9999 -0.0058 0.0085
vn 0.9957 0.0819 0.0426
vn 0.9999 0.0006 0.0115
vn 0.9986 0.0131 0.0509
vn 0.9965 0.0406 0.0731
vn 0.9958 -0.0615 0.0674
vn 0.8323 0.0971 0.5458
vn 0.8284 0.0075 0.5601
vn 0.7493 0.1642 0.6415
vn 0.7896 0.1476 0.5957
vn 0.7509 0.2001 0.6294
vn 0.8138 0.1808 0.5523
vn 0.7901 0.1499 0.5943
vn 0.7570 0.1033 0.6452
vn 0.7739 0.0097 0.6333
vn 0.7349 0.1138 0.6686
vn 0.7382 0.0112 0.6744
vn 0.6758 0.2043 0.7082
vn 0.7075 0.1930 0.6799
vn 0.7162 0.2045 0.6673
vn 0.7638 0.1893 0.6171
vn 0.7897 0.1210 0.6015
vn 0.7269 0.1136 0.6773
vn 0.7912 0.0502 0.6094
vn 0.7726 -0.0108 0.6348
vn 0.7297 0.0094 0.6838
vn 0.7439 -0.0592 0.6656
vn 1.0000 0.0023 -0.0061
vn 0.9998 0.0204 -0.0058
vn 0.9629 0.0487 0.2654
vn 0.8251 0.1580 0.5425
vn 0.9505 0.1228 0.2853
vn 0.7592 0.1954 0.6208
vn 0.9935 0.1134 0.0083
vn 0.9882 0.1395 0.0625
vn 0.9438 0.1663 0.2855
vn 0.8159 0.2414 0.5254
vn 0.7178 0.2114 0.6634
vn 0.9195 0.1610 0.3587
vn 0.9989 0.0453 0.0143
vn 0.9966 0.0416 0.0709
vn 0.9000 0.0917 0.4262
vn 0.8670 0.0230 0.4978
vn 0.9974 -0.0705 0.0156
vn 0.9943 -0.0582 0.0894
vn 0.8381 -0.0355 0.5443
vn 0.8150 -0.0809 0.5738
vn 0.9043 0.0878 0.4177
vn 0.8663 0.1183 0.4854
vn 0.8856 0.1128 0.4506
vn 0.8695 0.0041 0.4940
vn 0.8926 0.0008 0.4508
vn 0.8382 0.1235 0.5312
vn 0.8062 -0.5901 -0.0424
vn 0.9447 -0.3176 -0.0822
vn 0.9913 -0.1238 -0.0454
vn 0.9299 -0.3430 -0.1329
vn 0.9996 -0.0254 -0.0083
vn 0.9541 -0.2223 -0.2007
vn 0.9995 -0.0281 -0.0123
vn 0.9999 -0.0157 0.0007
vn 0.9526 -0.2037 -0.2261
vn 0.9996 -0.0188 -0.0187
vn 0.9999 -0.0097 -0.0071
vn 1.0000 -0.0021 -0.0013
vn 0.9531 -0.1213 -0.2772
vn 0.9995 -0.0137 -0.0273
vn 0.9999 -0.0074 -0.0096
vn 1.0000 -0.0003 -0.0001
vn 1.0000 -0.0019 -0.0013
vn 0.9817 -0.0604 -0.1806
vn 0.9998 -0.0033 -0.0178
vn 1.0000 0.0003 0.0008
vn 0.9996 -0.0072 -0.0272
vn 1.0000 0.0032 -0.0043
vn 0.9999 0.0124 0.0002
vn 0.9988 0.0483 -0.0005
vn -0.9976 -0.0472 0.0507
vn -0.9988 -0.0369 -0.0320
vn -0.9678 -0.2360 -0.0877
vn -0.9285 -0.3573 0.1007
vn -0.9922 -0.0305 -0.1207
vn -0.9878 -0.0396 -0.1509
vn -0.9966 -0.0537 -0.0631
vn -0.9878 -0.1374 0.0726
vn -0.9671 -0.2395 0.0854
vn -0.9967 -0.0509 0.0639
vn -0.9967 -0.0670 -0.0449
vn -0.9932 -0.0300 -0.1129
vn -1.0000 0.0039 -0.0057
vn -0.9936 -0.1002 0.0521
vn -0.9941 -0.0981 -0.0471
vn -0.9974 -0.0457 -0.0552
vn -1.0000 -0.0041 -0.0043
vn -0.7510 -0.6171 0.2350
vn -0.9065 -0.3922 0.1563
vn -0.7707 -0.6240 0.1289
vn -0.7377 -0.6721 0.0641
vn -0.7820 -0.6232 -0.0100
vn -0.6738 -0.7387 0.0162
vn -0.5941 -0.8041 -0.0203
vn -0.6947 -0.7167 -0.0604
vn -0.5718 -0.8176 0.0679
vn -0.5031 -0.8326 0.2317
vn -0.5650 -0.7589 0.3238
vn -0.7100 -0.6098 0.3523
vn -0.4994 -0.8398 0.2128
vn -0.5309 -0.8255 0.1913
vn -0.5220 -0.8421 0.1356
vn -0.5168 -0.8511 0.0922
vn -0.5108 -0.8583 0.0495
vn -0.4930 -0.8697 0.0239
vn -0.4144 -0.9035 0.1098
vn -0.4396 -0.8587 0.2635
vn -0.9350 -0.3037 0.1833
vn -0.9937 -0.0956 0.0579
vn -0.9559 -0.2338 0.1776
vn -0.9913 -0.0967 0.0897
vn -0.9635 -0.1956 0.1827
vn -1.0000 0.0002 -0.0003
vn -0.9960 -0.0454 0.0771
vn -0.5229 -0.7613 0.3834
vn -0.6093 -0.6233 0.4901
vn -0.4156 -0.7443 0.5228
vn -0.6368 -0.6324 0.4411
vn -0.7061 -0.5723 0.4170
vn -0.3983 -0.7045 0.5873
vn -0.7421 -0.4821 0.4658
vn -0.7614 -0.5010 0.4115
vn -0.3911 -0.6515 0.6501
vn -0.7618 -0.4118 0.5001
vn -0.8639 -0.2830 0.4168
vn -0.3993 -0.5866 0.7046
vn -0.8475 -0.3815 0.3691
vn -0.6370 -0.4406 0.6326
vn -0.4126 -0.5206 0.7475
vn -0.6081 -0.4869 0.6270
vn -0.3933 -0.8124 0.4305
vn -0.4164 -0.7781 0.4703
vn -0.3955 -0.7681 0.5035
vn -0.4087 -0.7361 0.5396
vn -0.4013 -0.6620 0.6330
vn -0.4026 -0.6359 0.6585
vn -0.4073 -0.5380 0.7380
vn -0.3912 -0.4970 0.7746
vn -0.9995 -0.0246 0.0185
vn -1.0000 -0.0049 -0.0055
vn -0.9987 -0.0032 -0.0513
vn -0.9987 0.0474 0.0162
vn -0.9990 -0.0263 -0.0367
vn -0.9972 0.0296 0.0685
vn -0.9971 0.0572 0.0499
vn -0.9968 0.0539 -0.0596
vn -1.0000 0.0008 -0.0008
vn -0.9978 -0.0472 0.0460
vn -0.9348 -0.1820 0.3049
vn -0.9671 -0.0875 0.2389
vn -0.9717 -0.0860 0.2199
vn -0.9998 0.0138 -0.0145
vn -0.9999 0.0080 0.0065
vn -0.9905 -0.0216 0.1361
vn -0.9106 -0.0948 0.4023
vn -0.9427 0.0300 0.3323
vn -0.9979 0.0335 -0.0559
vn -0.9974 0.0559 0.0445
vn -0.9931 0.1126 0.0332
vn -0.9882 0.1209 0.0946
vn -0.5174 -0.3794 0.7671
vn -0.7015 -0.3548 0.6180
vn -0.4179 -0.4143 0.8085
vn -0.6770 -0.3521 0.6463
vn -0.5234 -0.2773 0.8057
vn -0.6427 -0.2665 0.7183
vn -0.4472 -0.2965 0.8439
vn -0.6191 -0.3220 0.7163
vn -0.4153 -0.1724 0.8932
vn -0.7437 0.2208 0.6310
vn -0.4474 -0.0002 0.8943
vn -0.8716 0.2206 0.4378
vn -0.5820 0.2516 0.7733
vn -0.6801 0.2182 0.6999
vn -0.4099 -0.4639 0.7853
vn -0.3973 -0.4548 0.7971
vn -0.4039 -0.4374 0.8035
vn -0.3967 -0.4041 0.8242
vn -0.4246 -0.3581 0.8316
vn -0.4072 -0.3529 0.8424
vn -0.4219 -0.3233 0.8470
vn -0.4011 -0.2771 0.8731
vn -0.4169 -0.2157 0.8830
vn -0.4591 -0.0272 0.8879
vn -0.4969 0.1621 0.8525
vn -0.5135 0.1730 0.8405
vn -0.4902 -0.0594 0.8696
vn -0.5025 0.1209 0.8561
vn -0.5281 -0.8281 0.1884
vn -0.5683 -0.8198 0.0707
vn -0.5659 -0.8175 0.1069
vn -0.5939 -0.8022 0.0613
vn -0.6031 -0.7942 0.0751
vn -0.5833 -0.7979 0.1518
vn -0.5503 -0.7861 0.2816
vn -0.5505 -0.8145 0.1832
vn -0.4109 -0.9107 0.0408
vn -0.4096 -0.9107 0.0529
vn -0.3498 -0.9216 0.1679
vn -0.4364 -0.8006 0.4106
vn -0.4350 -0.8509 0.2945
vn -0.0466 -0.9988 0.0119
vn -0.0555 -0.9950 0.0825
vn -0.0531 -0.9970 0.0568
vn -0.0438 -0.9871 0.1537
vn -0.0382 -0.9645 0.2612
vn -0.0376 -0.9627 0.2678
vn -0.0391 -0.9624 0.2688
vn -0.0452 -0.9243 0.3791
vn -0.0404 -0.9073 0.4184
vn 0.0275 -0.9996 0.0023
vn 0.0130 -0.9966 0.0813
vn 0.0185 -0.9693 0.2453
vn -0.0005 -0.9637 0.2671
vn 0.0050 -0.9193 0.3934
vn -0.0768 -0.9004 0.4282
vn -0.3802 -0.8275 0.4131
vn -0.0261 -0.9096 0.4146
vn -0.0273 -0.8965 0.4422
vn -0.0436 -0.8811 0.4709
vn 0.0057 -0.9005 0.4348
vn -0.5436 -0.8253 0.1528
vn -0.5678 -0.8184 0.0882
vn -0.5325 -0.8417 0.0900
vn -0.5430 -0.8347 0.0916
vn -0.5036 -0.8624 0.0514
vn -0.4679 -0.8681 0.1658
vn -0.4363 -0.8404 0.3216
vn -0.4824 -0.8246 0.2956
vn -0.5179 -0.7819 0.3470
vn -0.4391 -0.7971 0.4145
vn -0.4452 -0.7503 0.4887
vn -0.4330 -0.7215 0.5403
vn -0.4418 -0.6536 0.6145
vn -0.4424 -0.6163 0.6515
vn -0.4324 -0.5356 0.7254
vn -0.4379 -0.4771 0.7620
vn -0.4839 -0.7129 0.5076
vn -0.5124 -0.6084 0.6060
vn -0.4812 -0.5002 0.7199
vn -0.5358 -0.7528 0.3823
vn -0.5126 -0.7553 0.4084
vn -0.5230 -0.7074 0.4755
vn -0.5214 -0.6836 0.5108
vn -0.5218 -0.5024 0.6894
vn -0.5216 -0.4683 0.7132
vn -0.4057 -0.7479 0.5254
vn -0.3988 -0.7808 0.4809
vn -0.4239 -0.6888 0.5881
vn -0.4237 -0.5845 0.6920
vn -0.4146 -0.4701 0.7792
vn -0.0465 -0.8482 0.5277
vn -0.0479 -0.8295 0.5564
vn -0.0450 -0.8315 0.5538
vn -0.0450 -0.8210 0.5692
vn -0.0452 -0.7741 0.6314
vn -0.0441 -0.7165 0.6962
vn -0.0445 -0.7051 0.7077
vn -0.0426 -0.7126 0.7003
vn -0.0389 -0.6891 0.7237
vn -0.0379 -0.6196 0.7840
vn -0.0376 -0.5660 0.8235
vn -0.0390 -0.5672 0.8227
vn -0.0448 -0.5695 0.8208
vn 0.0129 -0.8665 0.4989
vn 0.0011 -0.8292 0.5590
vn 0.0151 -0.7899 0.6131
vn 0.0031 -0.7148 0.6994
vn 0.0051 -0.6950 0.7190
vn 0.0110 -0.6057 0.7956
vn -0.0001 -0.5717 0.8205
vn -0.4266 -0.5186 0.7410
vn -0.0482 -0.5250 0.8497
vn -0.0518 -0.4770 0.8774
vn -0.0387 -0.4565 0.8889
vn 0.0116 -0.5047 0.8632
vn -0.4310 -0.4295 0.7936
vn -0.4134 -0.3443 0.8429
vn -0.4247 -0.2354 0.8742
vn -0.5071 -0.4120 0.7570
vn -0.4721 -0.2449 0.8468
vn -0.4456 -0.2004 0.8725
vn -0.4589 -0.0786 0.8850
vn -0.5438 0.1793 0.8198
vn -0.5062 0.0724 0.8594
vn -0.4859 -0.3204 0.8132
vn -0.5002 -0.1038 0.8597
vn -0.5260 -0.1135 0.8429
vn -0.5402 -0.3901 0.7457
vn -0.5141 -0.3748 0.7715
vn -0.5370 -0.2989 0.7888
vn -0.5310 -0.2172 0.8190
vn -0.5595 -0.0007 0.8289
vn -0.6130 -0.0421 0.7890
vn -0.5305 -0.2176 0.8193
vn -0.4104 -0.4298 0.8043
vn -0.0990 -0.4375 0.8937
vn -0.4222 -0.2906 0.8586
vn -0.4113 -0.4092 0.8145
vn -0.3210 -0.1885 0.9281
vn -0.3919 -0.0541 0.9184
vn -0.0348 -0.4171 0.9082
vn -0.0444 -0.4020 0.9146
vn -0.0400 -0.3386 0.9401
vn -0.0337 -0.2639 0.9640
vn -0.0349 -0.2801 0.9593
vn -0.0361 -0.2700 0.9622
vn -0.0376 -0.1559 0.9871
vn -0.0381 -0.0741 0.9965
vn -0.0409 -0.0825 0.9957
vn 0.0120 -0.4342 0.9007
vn 0.0071 -0.3541 0.9352
vn -0.0034 -0.2686 0.9633
vn 0.0198 -0.2525 0.9674
vn 0.0116 -0.0896 0.9959
vn 0.0402 -0.9992 0.0072
vn 0.0661 -0.9950 0.0755
vn 0.0306 -0.9703 0.2398
vn 0.0395 -0.9609 0.2742
vn 0.0430 -0.9197 0.3903
vn 0.5322 -0.8464 0.0192
vn 0.5232 -0.8490 0.0744
vn 0.4982 -0.8667 0.0237
vn 0.4472 -0.8900 0.0886
vn 0.3470 -0.9193 0.1857
vn 0.2136 -0.9557 0.2026
vn 0.9102 -0.4137 0.0220
vn 0.9095 -0.4131 0.0466
vn 0.9074 -0.4202 -0.0040
vn 0.9022 -0.4295 0.0383
vn 0.8906 -0.4382 0.1217
vn 0.8794 -0.4556 0.1385
vn 0.4262 -0.7732 0.4696
vn 0.4809 -0.8308 0.2802
vn 0.3357 -0.8789 0.3389
vn 0.9545 -0.2972 0.0240
vn 0.9527 -0.3005 0.0448
vn 0.9543 -0.2989 -0.0050
vn 0.9552 -0.2938 0.0367
vn 0.9460 -0.3072 0.1036
vn 0.9278 -0.3577 0.1060
vn 0.9089 -0.3980 0.1243
vn 0.8885 -0.4113 0.2033
vn 0.5011 -0.7260 0.4709
vn 0.9624 -0.2713 0.0155
vn 0.9496 -0.3132 0.0112
vn 0.0117 -0.9083 0.4182
vn 0.1197 -0.8946 0.4305
vn 0.5329 -0.7588 0.3745
vn 0.3543 -0.8630 0.3602
vn 0.9564 -0.2803 0.0826
vn 0.9594 -0.2589 0.1119
vn 0.9330 -0.3596 0.0127
vn 0.9372 -0.3477 0.0285
vn 0.9459 -0.3159 0.0736
vn 0.9424 -0.3225 0.0891
vn 0.9433 -0.3064 0.1274
vn 0.9062 -0.4227 0.0100
vn 0.9102 -0.4114 0.0484
vn 0.9173 -0.3823 0.1114
vn 0.9241 -0.3476 0.1586
vn 0.8900 -0.4364 0.1318
vn 0.8891 -0.4066 0.2102
vn 0.8647 -0.5023 0.0015
vn 0.8346 -0.5509 -0.0007
vn 0.8476 -0.5264 0.0662
vn 0.8112 -0.5594 0.1707
vn 0.8611 -0.4488 0.2390
vn 0.8040 -0.5497 0.2269
vn 0.8166 -0.4927 0.3008
vn 0.8506 -0.4239 0.3110
vn 0.7922 -0.6102 0.0055
vn 0.7977 -0.5920 0.1146
vn 0.7376 -0.6752 0.0044
vn 0.7326 -0.6672 0.1348
vn 0.7573 -0.6007 0.2562
vn 0.0265 -0.8643 0.5023
vn 0.0424 -0.8289 0.5579
vn 0.0276 -0.7899 0.6126
vn 0.0422 -0.7123 0.7006
vn 0.0361 -0.6975 0.7157
vn 0.0268 -0.6046 0.7961
vn 0.0403 -0.5704 0.8204
vn 0.9255 -0.3556 0.1303
vn 0.8958 -0.3854 0.2213
vn 0.4454 -0.6428 0.6232
vn 0.4645 -0.7839 0.4119
vn 0.2750 -0.8541 0.4415
vn 0.9358 -0.2886 0.2023
vn 0.9106 -0.3467 0.2250
vn 0.8833 -0.3906 0.2592
vn 0.3194 -0.6792 0.6608
vn 0.3482 -0.7755 0.5266
vn 0.9495 -0.2535 0.1847
vn 0.9277 -0.2992 0.2233
vn 0.9007 -0.3231 0.2904
vn 0.3757 -0.5743 0.7273
vn 0.3829 -0.7205 0.5782
vn 0.9564 -0.2128 0.1998
vn 0.9335 -0.2487 0.2584
vn 0.8989 -0.3150 0.3046
vn 0.3828 -0.5858 0.7143
vn 0.3726 -0.7264 0.5775
vn 0.9520 -0.2225 0.2103
vn 0.9330 -0.2613 0.2473
vn 0.9013 -0.2789 0.3315
vn 0.3421 -0.5142 0.7865
vn 0.3169 -0.6532 0.6876
vn 0.9573 -0.1830 0.2239
vn 0.9283 -0.2095 0.3072
vn 0.8842 -0.2598 0.3882
vn 0.2762 -0.4582 0.8448
vn 0.9482 -0.1959 0.2501
vn 0.9105 -0.2373 0.3388
vn 0.4695 -0.4219 0.7756
vn 0.9351 -0.2075 0.2873
vn 0.9501 -0.2765 0.1444
vn 0.9320 -0.3106 0.1868
vn 0.9467 -0.2647 0.1837
vn 0.9430 -0.2599 0.2077
vn 0.9130 -0.3360 0.2315
vn 0.9236 -0.2900 0.2506
vn 0.9401 -0.2482 0.2336
vn 0.9407 -0.2313 0.2482
vn 0.9068 -0.2957 0.3006
vn 0.9246 -0.2465 0.2904
vn 0.9435 -0.2037 0.2613
vn 0.9471 -0.1921 0.2571
vn 0.8786 -0.3701 0.3018
vn 0.8456 -0.3991 0.3545
vn 0.0271 -0.5060 0.8621
vn 0.4517 -0.6176 0.6439
vn 0.8938 -0.2237 0.3887
vn 0.3712 -0.3706 0.8514
vn 0.7887 -0.4875 0.3745
vn 0.7226 -0.6221 0.3014
vn 0.7513 -0.5632 0.3440
vn 0.7397 -0.5139 0.4345
vn 0.7085 -0.4944 0.5035
vn 0.7396 -0.4251 0.5218
vn 0.7368 -0.6761 0.0029
vn 0.7296 -0.6712 0.1311
vn 0.7278 -0.6407 0.2445
vn 0.8331 -0.5228 0.1806
vn 0.8247 -0.5294 0.1992
vn 1.0000 -0.0063 0.0010
vn 0.7337 -0.3543 0.5797
vn 0.8231 -0.2047 0.5297
vn 0.7288 -0.2560 0.6351
vn 0.8374 -0.1836 0.5148
vn 0.9133 -0.2349 0.3326
vn 0.9333 -0.1923 0.3032
vn 0.9506 -0.1487 0.2727
vn 0.9255 -0.1572 0.3446
vn 0.9436 -0.1241 0.3070
vn 0.9177 -0.1112 0.3814
vn 0.9418 -0.0885 0.3244
vn 0.9105 -0.0548 0.4098
vn 0.8790 -0.2989 0.3714
vn 0.8906 -0.2139 0.4013
vn 0.8862 -0.1407 0.4414
vn 0.8086 -0.4120 0.4200
vn 0.8458 -0.3471 0.4052
vn 0.8519 -0.3099 0.4221
vn 0.8174 -0.3040 0.4893
vn 0.8629 -0.2442 0.4424
vn 0.8049 -0.2324 0.5460
vn 0.8237 -0.1829 0.5367
vn 0.8481 -0.0772 0.5242
vn 0.7894 -0.3696 0.4902
vn 0.7981 -0.1193 0.5905
vn 0.7509 -0.3486 0.5609
vn 0.7223 -0.3074 0.6195
vn 0.7588 -0.2641 0.5954
vn 0.7333 -0.1403 0.6653
vn 0.7311 -0.1369 0.6684
vn 0.1295 -0.4378 0.8897
vn 0.0086 -0.4176 0.9086
vn 0.0384 -0.3547 0.9342
vn 0.0387 -0.2769 0.9601
vn 0.0252 -0.2469 0.9687
vn 0.0583 -0.0869 0.9945
vn 0.9242 -0.1389 0.3557
vn 0.5715 -0.3920 0.7209
vn 0.5357 -0.4338 0.7245
vn 0.8863 -0.2019 0.4167
vn 0.3459 -0.3163 0.8833
vn 0.9607 -0.1060 0.2565
vn 0.9052 -0.1139 0.4096
vn 0.4722 -0.2612 0.8419
vn 0.4086 -0.4694 0.7828
vn 0.9244 -0.1053 0.3666
vn 0.8727 -0.1455 0.4661
vn 0.2038 -0.2146 0.9552
vn 0.9543 -0.0754 0.2891
vn 0.9141 -0.0917 0.3949
vn 0.3391 -0.1941 0.9205
vn 0.4382 -0.0918 0.8942
vn 0.9245 -0.0233 0.3806
vn 0.4880 -0.0426 0.8718
vn 0.5165 -0.0717 0.8533
vn 0.9454 -0.0805 0.3158
vn 0.9378 -0.0362 0.3453
vn 0.9531 -0.0255 0.3017
vn 0.8217 -0.5700 -0.0000
vn 0.8022 -0.5953 0.0453
vn 0.9996 -0.0270 -0.0006
vn 0.9996 -0.0257 0.0080
vn 0.9267 -0.3506 0.1353
vn 0.9891 -0.1291 0.0713
vn 0.9392 -0.3252 0.1100
vn 0.7639 -0.5910 0.2593
vn 1.0000 0.0001 0.0048
vn 1.0000 -0.0018 -0.0025
vn 0.9849 0.1728 -0.0074
vn 0.9999 -0.0128 0.0060
vn 0.7885 -0.4736 0.3924
vn 0.8467 -0.3873 0.3648
vn 0.9997 -0.0189 0.0182
vn 0.8545 -0.3450 0.3884
vn 1.0000 -0.0021 0.0034
vn 0.9995 -0.0137 0.0270
vn 0.9996 -0.0274 -0.0001
vn 0.9997 -0.0056 -0.0258
vn 1.0000 -0.0011 -0.0023
vn 0.9960 -0.0633 0.0630
vn 0.9884 -0.0281 0.1495
vn 0.9469 -0.1042 0.3041
vn 1.0000 -0.0020 -0.0000
vn 1.0000 -0.0015 -0.0000
vn 0.9999 -0.0014 0.0110
vn 0.9880 -0.0739 0.1355
vn 0.9279 -0.1418 0.3449
vn 0.9996 -0.0088 0.0257
vn 0.8070 -0.0480 0.5886
vn -0.9071 0.1308 -0.4000
vn -0.9320 0.1053 -0.3468
vn -0.8364 0.4662 -0.2883
vn -0.8053 0.5410 -0.2425
vn -0.8088 0.0961 -0.5802
vn -0.8046 0.3966 -0.4419
vn -0.7512 0.4700 -0.4634
vn -0.6684 0.6136 -0.4204
vn -0.7169 0.5923 -0.3677
vn -0.5624 0.7872 -0.2530
vn -0.5989 0.7608 -0.2500
vn -0.9868 0.0940 -0.1318
vn -0.9957 0.0834 -0.0411
vn -0.9989 0.0468 0.0053
vn -0.9351 0.3363 -0.1120
vn -0.9492 0.3050 -0.0776
vn -0.9653 0.2571 -0.0455
vn -0.9756 0.2145 -0.0473
vn -0.9844 0.1655 -0.0599
vn -0.9689 0.2222 -0.1087
vn -0.9871 0.1140 -0.1123
vn -0.9513 0.1463 -0.2715
vn -0.9063 0.3788 -0.1872
vn -0.7693 0.6021 -0.2136
vn -0.8278 0.5307 -0.1820
vn -0.7878 0.5848 -0.1934
vn -0.8596 0.4835 -0.1652
vn -0.7497 0.6205 -0.2302
vn -0.7862 0.5745 -0.2277
vn -0.9166 0.3725 -0.1449
vn -0.9221 0.3298 -0.2026
vn -0.7967 0.5362 -0.2788
vn -0.8232 0.4900 -0.2866
vn -0.8534 0.4121 -0.3192
vn -0.9614 0.1884 -0.2003
vn -0.7706 0.5330 -0.3493
vn -0.7304 0.4833 -0.4826
vn -0.9353 0.1984 -0.2929
vn -0.6037 0.6072 -0.5166
vn -0.6383 0.4482 -0.6259
vn -0.5097 0.6471 -0.5670
vn -0.4209 0.5387 -0.7298
vn -0.6864 0.6882 -0.2351
vn -0.4005 0.8830 -0.2450
vn -0.6092 0.7545 -0.2442
vn -0.4490 0.8538 -0.2635
vn -0.4789 0.8197 -0.3142
vn -0.4396 0.7340 -0.5177
vn -0.3170 0.8764 -0.3625
vn -0.4060 0.8314 -0.3795
vn -0.3620 0.7008 -0.6147
vn -0.2482 0.8473 -0.4695
vn -0.1840 0.7406 -0.6463
vn -0.1487 0.8636 -0.4818
vn -0.1854 0.7711 -0.6091
vn -0.1201 0.7333 -0.6693
vn -1.0000 0.0031 -0.0028
vn -0.9957 -0.0105 -0.0923
vn -0.9996 0.0250 0.0157
vn -0.9737 0.0863 -0.2111
vn -0.9982 0.0234 -0.0551
vn -0.9592 0.2820 0.0221
vn -0.9433 0.2265 -0.2426
vn -0.9683 0.2404 -0.0678
vn -0.9707 0.2284 0.0748
vn -0.9660 0.2490 0.0700
vn -0.9566 0.2852 -0.0592
vn -0.8581 0.5078 0.0758
vn -0.3499 0.7841 -0.5126
vn -0.6290 0.7447 0.2231
vn -0.4933 0.8546 0.1623
vn -0.8175 0.5484 0.1761
vn -0.4396 0.8877 0.1369
vn -0.2866 0.7029 -0.6510
vn -0.0625 0.9974 -0.0356
vn -0.5712 0.7612 0.3071
vn -0.3601 0.9075 0.2162
vn -0.0653 0.8057 -0.5887
vn -0.2965 0.9150 0.2738
vn -0.2767 0.9343 0.2247
vn -0.2748 0.9477 0.1623
vn -0.2462 0.9622 0.1162
vn -0.2193 0.9733 0.0673
vn -0.0392 0.8499 -0.5254
vn -0.0630 0.9901 -0.1258
vn -0.1170 0.9905 0.0725
vn -0.2717 0.9246 0.2670
vn -0.1464 0.9561 0.2540
vn -1.0000 -0.0000 0.0002
vn -0.9999 0.0172 0.0019
vn -1.0000 0.0023 -0.0017
vn -0.9557 0.2943 0.0108
vn -0.9553 0.2955 -0.0059
vn -0.9583 0.2850 -0.0204
vn -0.9643 0.2633 -0.0277
vn -0.9723 0.2322 -0.0278
vn -0.9853 0.1564 -0.0685
vn -0.9700 0.2393 -0.0434
vn -0.7061 0.7075 0.0288
vn -0.7426 0.6651 -0.0788
vn -0.8514 0.5044 -0.1441
vn -0.4763 0.8789 0.0276
vn -0.4859 0.8699 -0.0846
vn -0.4887 0.8549 -0.1739
vn -0.7266 0.6638 -0.1772
vn -0.5984 0.7612 -0.2501
vn -0.7933 0.5439 -0.2737
vn -0.4034 0.8596 -0.3136
vn -0.3894 0.8586 -0.3335
vn -0.6995 0.6616 -0.2700
vn -0.2042 0.9788 0.0180
vn -0.2094 0.9774 -0.0303
vn -0.2341 0.9691 -0.0779
vn -0.2692 0.9549 -0.1253
vn -0.3065 0.9365 -0.1706
vn -0.2960 0.9191 -0.2600
vn -0.2391 0.8991 -0.3668
vn -0.1688 0.9444 -0.2821
vn -0.2354 0.9213 -0.3096
vn -1.0000 0.0016 0.0011
vn -0.9961 0.0863 0.0176
vn -1.0000 -0.0018 0.0016
vn -0.9956 0.0677 0.0647
vn -0.9819 0.1769 0.0677
vn -0.9951 0.0808 -0.0563
vn -0.9963 -0.0007 0.0858
vn -0.9798 0.1198 0.1601
vn -0.9393 0.3126 -0.1417
vn -0.9594 0.2787 -0.0436
vn -0.9627 0.2504 0.1028
vn -0.9505 0.2152 0.2240
vn -0.9516 0.2580 0.1668
vn -0.9522 0.2881 0.1012
vn -0.8970 0.2932 0.3307
vn -0.9335 0.2558 0.2514
vn -0.9075 0.3709 0.1974
vn -0.4815 0.8423 -0.2422
vn -0.5380 0.8357 -0.1105
vn -0.5336 0.8362 0.1263
vn -0.5189 0.8061 0.2846
vn -0.7509 0.4942 0.4381
vn -0.7543 0.5629 0.3378
vn -0.8231 0.5183 0.2322
vn -0.8441 0.4802 0.2384
vn -0.8207 0.5348 0.2012
vn -0.2504 0.9134 -0.3210
vn -0.1683 0.9699 0.1762
vn -0.2422 0.9340 0.2627
vn -0.3235 0.9287 0.1812
vn -0.3473 0.9218 0.1720
vn -0.6504 0.7321 0.2027
vn -0.4524 0.8714 0.1898
vn -0.6027 0.7782 0.1767
vn -1.0000 0.0003 -0.0001
vn -0.9960 0.0883 -0.0170
vn -0.9975 0.0701 -0.0036
vn -0.9992 0.0392 -0.0119
vn -1.0000 0.0097 0.0018
vn -0.9609 0.2767 0.0081
vn -0.9592 0.2825 -0.0110
vn -0.9617 0.2723 -0.0309
vn -0.9666 0.2522 -0.0446
vn -0.9761 0.2052 -0.0719
vn -0.9696 0.2322 -0.0773
vn -0.9295 0.3089 -0.2016
vn -0.9540 0.2966 0.0434
vn -0.9270 0.3749 -0.0061
vn -0.9133 0.3998 -0.0772
vn -0.9302 0.3559 0.0901
vn -0.9191 0.3941 0.0023
vn -0.9192 0.3841 -0.0861
vn -0.9107 0.3908 -0.1339
vn -0.9100 0.3703 -0.1865
vn -0.9144 0.3906 0.1061
vn -0.9092 0.4054 -0.0948
vn -0.9021 0.3870 -0.1911
vn -0.8073 0.5742 0.1360
vn -0.8180 0.5700 0.0777
vn -0.8836 0.4681 0.0051
vn -0.8766 0.4646 -0.1255
vn -0.8834 0.4299 -0.1864
vn -0.7098 0.6949 0.1155
vn -0.7636 0.6432 0.0562
vn -0.7818 0.6234 -0.0157
vn -0.7926 0.6060 -0.0678
vn -0.7800 0.6083 -0.1469
vn -0.7496 0.6286 -0.2072
vn -0.7970 0.5466 -0.2569
vn -0.9995 -0.0194 0.0257
vn -0.9949 -0.0447 0.0899
vn -0.9982 -0.0606 0.0017
vn -0.9950 -0.0457 -0.0891
vn -1.0000 -0.0021 0.0021
vn -0.9979 -0.0497 0.0407
vn -0.9965 -0.0842 0.0008
vn -0.9979 -0.0511 -0.0406
vn -0.9973 0.0560 -0.0483
vn -1.0000 -0.0048 0.0047
vn -1.0000 -0.0058 0.0013
vn -0.9611 0.2226 -0.1636
vn -0.9869 0.1160 -0.1125
vn -0.9599 0.1938 -0.2026
vn -0.9942 0.0707 -0.0815
vn -0.9624 0.1545 -0.2233
vn -0.9951 0.0593 -0.0787
vn -0.9116 0.3280 -0.2480
vn -0.8782 0.3627 -0.3117
vn -0.9004 0.2996 -0.3155
vn -0.9997 -0.0064 -0.0231
vn -0.9997 -0.0221 0.0080
vn -0.9997 -0.0211 -0.0153
vn -0.9963 0.0860 0.0080
vn -1.0000 0.0019 0.0040
vn -0.9976 0.0129 0.0675
vn -0.9992 0.0358 0.0153
vn -0.9974 -0.0698 0.0171
vn -0.9594 -0.2580 -0.1141
vn -0.9562 -0.2927 0.0002
vn -0.9562 -0.2929 -0.0013
vn -0.9562 -0.2928 -0.0015
vn -0.9425 -0.0821 -0.3240
vn -0.9838 -0.1092 -0.1420
vn -0.9955 -0.0951 0.0013
vn -0.9960 -0.0888 0.0037
vn -0.9970 -0.0775 0.0049
vn -0.9348 0.0012 -0.3552
vn -0.9923 0.0066 -0.1233
vn -0.9992 0.0332 0.0233
vn -0.9963 0.0792 0.0343
vn -0.9924 0.1199 0.0268
vn -0.9420 0.0829 -0.3252
vn -0.9853 0.1243 -0.1175
vn -0.9849 0.1558 0.0756
vn -0.9730 0.2140 0.0866
vn -0.9685 0.2440 0.0490
vn -0.7248 -0.5387 -0.4295
vn -0.7380 -0.6541 -0.1660
vn -0.8144 -0.5622 -0.1440
vn -0.7234 -0.6904 -0.0008
vn -0.8532 -0.5215 0.0003
vn -0.7247 -0.6891 -0.0033
vn -0.8540 -0.5203 -0.0023
vn -0.7249 -0.6889 -0.0034
vn -0.8551 -0.5184 -0.0027
vn -0.5878 -0.4552 -0.6687
vn -0.7854 -0.1714 -0.5948
vn -0.8834 -0.3973 -0.2486
vn -0.5786 -0.0780 -0.8119
vn -0.5910 0.0024 -0.8067
vn -0.5762 0.0799 -0.8134
vn -0.7843 0.1702 -0.5966
vn -0.9470 0.3140 0.0682
vn -0.3891 -0.8396 -0.3789
vn -0.4824 -0.8653 -0.1359
vn -0.4929 -0.8701 -0.0036
vn -0.4943 -0.8693 -0.0037
vn -0.4947 -0.8690 -0.0035
vn -0.3522 -0.4436 -0.8241
vn -0.3995 -0.2464 -0.8830
vn -0.3726 -0.0795 -0.9246
vn -0.3287 0.0047 -0.9444
vn -0.3689 0.0838 -0.9257
vn -0.1746 -0.8634 -0.4734
vn -0.1223 -0.9902 -0.0679
vn -0.2275 -0.9618 -0.1521
vn -0.2274 -0.9738 -0.0075
vn -0.0682 -0.9977 -0.0055
vn -0.2332 -0.9724 -0.0081
vn -0.2422 -0.9702 -0.0089
vn -0.1517 -0.4894 -0.8588
vn -0.1075 -0.2048 -0.9729
vn -0.0415 -0.0145 -0.9990
vn -0.0245 0.0055 -0.9997
vn -0.0410 0.0230 -0.9989
vn -0.9564 -0.2922 -0.0013
vn -0.9567 -0.2912 -0.0011
vn -0.9572 -0.2895 -0.0021
vn -0.9576 -0.2880 -0.0032
vn -0.9577 -0.2777 0.0756
vn -0.9503 -0.2096 0.2302
vn -0.9975 -0.0703 -0.0001
vn -0.9972 -0.0741 -0.0053
vn -0.9965 -0.0832 -0.0056
vn -0.9961 -0.0882 -0.0036
vn -0.9923 -0.0902 0.0844
vn -0.9481 -0.0764 0.3088
vn -0.9906 0.1365 0.0020
vn -0.9919 0.1245 -0.0233
vn -0.9956 0.0874 -0.0341
vn -0.9988 0.0412 -0.0265
vn -0.9972 0.0101 0.0743
vn -0.9461 0.0006 0.3240
vn -0.9671 0.2542 0.0041
vn -0.9678 0.2481 -0.0419
vn -0.9716 0.2257 -0.0714
vn -0.9803 0.1772 -0.0869
vn -0.9913 0.1228 0.0481
vn -0.9499 0.0851 0.3007
vn -0.7250 -0.6888 -0.0034
vn -0.8561 -0.5168 -0.0027
vn -0.8572 -0.5149 -0.0028
vn -0.7232 -0.6906 -0.0040
vn -0.8582 -0.5133 -0.0043
vn -0.7214 -0.6925 -0.0038
vn -0.8585 -0.5128 -0.0041
vn -0.7257 -0.6800 0.1043
vn -0.8436 -0.5282 0.0969
vn -0.7367 -0.5598 0.3794
vn -0.7013 -0.6131 0.3637
vn -0.5686 -0.2493 0.7839
vn -0.6314 -0.0822 0.7711
vn -0.5921 -0.0600 0.8036
vn -0.6377 -0.0002 0.7703
vn -0.5577 0.0048 0.8300
vn -0.9499 0.3124 0.0067
vn -0.9490 0.3105 -0.0547
vn -0.9449 0.3114 -0.1008
vn -0.6308 0.0865 0.7711
vn -0.4955 -0.8686 -0.0042
vn -0.4976 -0.8674 -0.0042
vn -0.4989 -0.8667 -0.0022
vn -0.4989 -0.8667 -0.0030
vn -0.4992 -0.8621 0.0868
vn -0.4065 -0.8390 0.3617
vn -0.4923 -0.4860 0.7221
vn -0.5351 -0.4767 0.6974
vn -0.5927 -0.3087 0.7439
vn -0.4236 -0.2510 0.8704
vn -0.5037 -0.1272 0.8545
vn -0.3162 -0.0048 0.9487
vn -0.2546 0.0273 0.9667
vn -0.3826 0.1327 0.9143
vn -0.0639 -0.9980 -0.0025
vn -0.2486 -0.9686 -0.0062
vn -0.2489 -0.9685 -0.0060
vn -0.0589 -0.9983 -0.0046
vn -0.2542 -0.9671 -0.0074
vn -0.2698 -0.9629 -0.0110
vn -0.0812 -0.9963 0.0281
vn -0.2707 -0.9575 0.0997
vn -0.2804 -0.8740 0.3969
vn -0.2912 -0.7828 0.5499
vn -0.3408 -0.3785 0.8606
vn -0.3463 -0.1316 0.9288
vn -0.2510 0.0683 0.9656
vn -0.1498 0.0938 0.9843
vn -0.0961 0.0988 0.9905
vn -0.4470 0.8881 -0.1075
vn -0.1998 0.9272 -0.3168
vn -0.0551 0.9985 -0.0000
vn -0.1402 0.9769 0.1614
vn -0.9267 0.2289 -0.2980
vn -0.9706 0.1415 -0.1948
vn -0.9997 0.0213 -0.0121
vn -0.9304 0.2495 -0.2687
vn -0.9652 0.2035 -0.1644
vn -0.9984 0.0469 -0.0318
vn -0.9020 0.3273 -0.2816
vn -0.8449 0.4264 -0.3230
vn -0.7886 0.4142 -0.4545
vn -0.7558 0.4516 -0.4742
vn -0.6411 0.5882 -0.4929
vn -0.6746 0.5025 -0.5408
vn -0.5853 0.6540 -0.4793
vn -0.5478 0.5782 -0.6046
vn -0.4995 0.6970 -0.5145
vn -0.4857 0.6102 -0.6259
vn -0.4998 0.6913 -0.5219
vn -0.8586 0.4189 -0.2955
vn -0.4038 0.7100 -0.5769
vn -0.8488 0.3650 -0.3824
vn -0.6440 0.6240 -0.4427
vn -0.4196 0.7409 -0.5245
vn -0.6158 0.6204 -0.4856
vn -0.5471 0.7591 -0.3527
vn -0.5960 0.6918 -0.4077
vn -0.4445 0.7767 -0.4462
vn -0.5708 0.6683 -0.4771
vn -0.4721 0.7483 -0.4660
vn -0.4662 0.7015 -0.5391
vn -0.4140 0.7381 -0.5327
vn -0.4342 0.7110 -0.5531
vn -0.4093 0.7119 -0.5707
vn -0.4050 0.7058 -0.5812
vn -0.4032 0.6899 -0.6012
vn -0.4055 0.6875 -0.6024
vn -0.4090 0.7324 -0.5444
vn -0.3952 0.7676 -0.5045
vn -1.0000 -0.0024 0.0035
vn -0.9997 -0.0160 0.0193
vn -0.9984 -0.0556 0.0026
vn -0.9949 0.1012 -0.0006
vn -0.9942 0.0953 0.0495
vn -0.9980 0.0431 -0.0473
vn -0.9962 0.0209 0.0842
vn -0.9946 0.0735 0.0726
vn -0.9358 0.3018 -0.1822
vn -0.9675 0.2386 -0.0833
vn -0.9994 0.0333 -0.0025
vn -0.9760 0.2110 -0.0533
vn -0.9858 0.1324 0.1034
vn -0.9951 0.0852 0.0491
vn -0.5282 0.7592 -0.3802
vn -0.7137 0.6068 -0.3499
vn -0.9984 0.0556 -0.0032
vn -0.4200 0.8157 -0.3978
vn -0.6836 0.6528 -0.3265
vn -0.5086 0.8326 -0.2192
vn -0.6037 0.7970 -0.0174
vn -0.6279 0.7710 0.1065
vn -0.6818 0.7307 0.0349
vn -0.8786 0.4719 0.0738
vn -0.7875 0.6140 -0.0539
vn -0.9161 0.3933 -0.0773
vn -0.5885 0.8082 -0.0227
vn -0.5687 0.8176 0.0901
vn -0.7157 0.6955 -0.0646
vn -0.4194 0.7772 -0.4692
vn -0.3984 0.7963 -0.4552
vn -0.4101 0.8059 -0.4270
vn -0.3987 0.8343 -0.3808
vn -0.4377 0.8477 -0.2998
vn -0.6351 0.7716 0.0363
vn -0.6701 0.7422 -0.0071
vn -0.4172 0.8564 -0.3042
vn -0.4447 0.8582 -0.2564
vn -0.4141 0.9073 -0.0726
vn -0.5056 0.8616 0.0453
vn -0.5725 0.8184 0.0493
vn -0.5295 0.8481 0.0199
vn -0.5251 0.8506 -0.0296
vn -0.6306 0.7737 -0.0603
vn -0.5192 0.8513 -0.0762
vn -0.9647 0.2526 -0.0744
vn -0.9501 0.2944 0.1029
vn -0.9474 0.2984 0.1156
vn -0.5836 0.4579 -0.6706
vn -0.8818 0.4011 -0.2479
vn -0.8073 0.5829 -0.0928
vn -0.8380 0.5304 0.1282
vn -0.8380 0.5275 0.1396
vn -0.8956 0.4281 0.1210
vn -0.8578 0.5071 0.0833
vn -0.7223 0.5416 -0.4302
vn -0.7491 0.6511 -0.1221
vn -0.7490 0.6515 0.1206
vn -0.7814 0.6112 0.1257
vn -0.7963 0.6013 0.0658
vn -0.3922 0.2502 -0.8852
vn -0.3421 0.4441 -0.8281
vn -0.3808 0.8422 -0.3817
vn -0.4781 0.8726 -0.1003
vn -0.4767 0.8733 0.1007
vn -0.4608 0.8812 0.1054
vn -0.4456 0.8928 0.0656
vn -0.1040 0.2128 -0.9716
vn -0.1478 0.4889 -0.8597
vn -0.1862 0.8505 -0.4920
vn -0.2256 0.9681 -0.1087
vn -0.2219 0.9683 0.1144
vn -0.2298 0.9658 0.1203
vn -0.2370 0.9686 0.0746
vn -0.9485 0.2982 -0.1070
vn -0.9565 0.2910 0.0204
vn -0.9532 0.2158 0.2119
vn -0.8593 0.5113 0.0107
vn -0.8511 0.5211 -0.0631
vn -0.8393 0.5301 -0.1209
vn -0.8911 0.4323 -0.1380
vn -0.8251 0.5491 -0.1334
vn -0.8333 0.5526 0.0178
vn -0.7034 0.6278 0.3333
vn -0.5680 0.2537 0.7829
vn -0.7978 0.6029 0.0119
vn -0.7931 0.6073 -0.0467
vn -0.7822 0.6152 -0.0983
vn -0.7557 0.6413 -0.1327
vn -0.7389 0.6735 0.0230
vn -0.7474 0.5660 0.3478
vn -0.4840 0.3654 0.7951
vn -0.2079 0.2650 0.9416
vn -0.4369 0.8994 0.0132
vn -0.4386 0.8977 -0.0421
vn -0.4497 0.8885 -0.0914
vn -0.4645 0.8792 -0.1064
vn -0.4715 0.8815 0.0247
vn -0.3800 0.8680 0.3197
vn -0.3784 0.4615 0.8024
vn -0.1116 0.3996 0.9099
vn -0.0623 0.1192 0.9909
vn -0.2403 0.9706 0.0157
vn -0.2382 0.9701 -0.0466
vn -0.2310 0.9675 -0.1025
vn -0.2219 0.9677 -0.1198
vn -0.2198 0.9751 0.0290
vn -0.1748 0.8814 0.4389
vn -0.1608 0.5475 0.8212
vn -0.4611 0.0105 -0.8873
vn -0.3250 0.5655 -0.7580
vn -0.6863 -0.0348 -0.7264
vn -0.4093 -0.0297 -0.9119
vn -0.3703 0.5503 -0.7483
vn -0.2032 0.7619 -0.6150
vn -0.2892 0.7523 -0.5920
vn -0.2785 0.7345 -0.6188
vn -0.1388 0.9064 -0.3990
vn -0.6953 0.2257 -0.6823
vn -0.8504 0.1253 -0.5109
vn -0.6659 0.4961 -0.5572
vn -0.6153 0.4911 -0.6167
vn -0.4593 0.8097 -0.3652
vn -0.4308 0.8654 -0.2558
vn -0.3558 0.8975 -0.2605
vn -0.2568 0.9309 -0.2598
vn -0.5937 0.1511 -0.7904
vn -0.6823 0.2153 -0.6986
vn -0.6502 0.4759 -0.5922
vn -0.5701 0.4920 -0.6580
vn -0.4063 0.8263 -0.3901
vn -0.3057 0.9093 -0.2823
vn -0.1380 0.9764 -0.1659
vn -0.0565 0.9840 -0.1691
vn -0.0038 0.9904 -0.1381
vn -0.0344 0.9861 -0.1628
vn -0.0258 0.9807 -0.1938
vn -0.6040 0.0874 -0.7922
vn -0.6462 0.4082 -0.6448
vn -0.5404 0.4379 -0.7185
vn -0.3662 0.8355 -0.4097
vn -0.2605 0.9227 -0.2841
vn -0.0673 0.9923 -0.1038
vn -0.0069 0.9940 -0.1090
vn 0.0045 0.9906 -0.1364
vn -0.0054 0.9863 -0.1647
vn -0.6200 0.0248 -0.7842
vn -0.4957 0.4019 -0.7699
vn -0.3221 0.8410 -0.4347
vn -0.2356 0.9160 -0.3248
vn -0.0854 0.9900 -0.1119
vn -0.5324 0.2841 -0.7974
vn -0.3534 0.6501 -0.6727
vn -0.4525 0.6457 -0.6150
vn -0.2062 0.8984 -0.3877
vn -0.1015 0.9785 -0.1794
vn -0.0153 0.9996 -0.0248
vn -0.0001 0.9984 -0.0564
vn -0.0009 0.9952 -0.0980
vn -0.0010 0.9846 -0.1748
vn -0.1686 0.8937 -0.4157
vn -0.1240 0.9433 -0.3078
vn -0.0342 0.9964 -0.0769
vn -0.0006 1.0000 -0.0088
vn -0.1115 0.9132 -0.3920
vn -0.0632 0.9731 -0.2217
vn -0.0093 0.9997 -0.0230
vn -0.0063 0.9987 -0.0507
vn -0.0003 0.9951 -0.0984
vn -0.0005 0.9847 -0.1741
vn -0.1063 0.9307 -0.3499
vn -0.0477 0.9863 -0.1582
vn -0.1839 0.9600 -0.2109
vn -0.1826 0.9331 -0.3098
vn -0.1400 0.9249 -0.3534
vn -0.1118 0.9130 -0.3924
vn -0.0875 0.9084 -0.4089
vn -0.0337 0.9083 -0.4171
vn -0.0204 0.8614 -0.5076
vn -0.0209 0.8261 -0.5631
vn -0.0038 0.7858 -0.6185
vn -0.0155 0.9698 -0.2433
vn -0.0096 0.9559 -0.2935
vn -0.0061 0.9475 -0.3198
vn -0.0045 0.9282 -0.3721
vn -0.0031 0.9174 -0.3978
vn -0.0157 0.9708 -0.2394
vn -0.0173 0.9429 -0.3326
vn 0.0015 0.8305 -0.5571
vn 0.0009 0.7906 -0.6124
vn -0.0002 0.9709 -0.2396
vn -0.0005 0.9415 -0.3371
vn -0.0001 0.9118 -0.4105
vn -0.0000 0.8680 -0.4966
vn -0.0003 0.8304 -0.5572
vn -0.0001 0.7903 -0.6128
vn -0.0006 0.9708 -0.2399
vn -0.0006 0.9415 -0.3371
vn -0.0005 0.8304 -0.5571
vn -0.0004 0.7904 -0.6127
vn 0.0024 0.8173 -0.5762
vn -0.0661 0.9694 0.2363
vn -0.0669 0.9891 0.1314
vn 0.0020 0.8607 -0.5091
vn -0.0229 0.9724 -0.2321
vn -0.0706 0.9962 0.0509
vn -0.0674 0.9686 0.2395
vn -0.0640 0.9541 0.2926
vn -0.0018 0.8588 -0.5124
vn -0.0055 0.9623 -0.2718
vn -0.0092 0.9996 0.0274
vn -0.0073 0.9627 0.2704
vn -0.0050 0.9633 0.2685
vn 0.0003 0.8158 -0.5783
vn 0.0006 0.9759 0.2180
vn 0.0002 0.9914 0.1308
vn -0.0004 0.8575 -0.5144
vn -0.0001 0.9613 -0.2757
vn 0.0006 0.9996 0.0275
vn 0.0013 0.9619 0.2735
vn 0.0015 0.9630 0.2694
vn -0.0000 0.8575 -0.5146
vn -0.0000 0.9614 -0.2752
vn 0.0001 0.9996 0.0281
vn 0.0002 0.9618 0.2739
vn 0.0005 0.9629 0.2698
vn -0.0000 0.9761 0.2174
vn 0.0001 0.9914 0.1308
vn -0.0001 0.8574 -0.5147
vn -0.0001 0.9614 -0.2752
vn -0.0001 0.9996 0.0281
vn -0.0001 0.9618 0.2739
vn -0.0002 0.9628 0.2701
vn -0.0004 0.8575 -0.5145
vn -0.0000 0.9614 -0.2750
vn -0.0001 0.9618 0.2736
vn -0.0003 0.9628 0.2701
vn -0.0005 0.8152 -0.5792
vn -0.0003 0.9914 0.1308
vn -0.0003 0.8578 -0.5139
vn -0.0000 0.9615 -0.2747
vn -0.0000 0.9996 0.0280
vn -0.0002 0.9620 0.2732
vn 0.0005 0.8578 -0.5139
vn 0.0002 0.9615 -0.2747
vn -0.0000 0.9996 0.0278
vn -0.0001 0.9620 0.2730
vn -0.0001 0.9629 0.2700
vn -0.0702 0.9973 0.0196
vn -0.0695 0.9934 -0.0914
vn -0.0688 0.9771 -0.2013
vn -0.0618 0.9485 -0.3107
vn 0.0002 0.9998 0.0193
vn 0.0002 0.9958 -0.0912
vn 0.0001 0.9793 -0.2026
vn -0.0003 0.9513 -0.3084
vn 0.0001 0.9998 0.0193
vn -0.0000 0.9958 -0.0912
vn -0.0001 0.9792 -0.2028
vn -0.0002 0.9512 -0.3086
vn -0.0003 0.9998 0.0193
vn -0.0003 0.9958 -0.0913
vn -0.0002 0.9792 -0.2028
vn -0.0001 0.9512 -0.3085
vn -0.0620 0.9357 -0.3472
vn -0.0388 0.9824 0.1826
vn -0.0824 0.9862 0.1438
vn -0.2144 0.9761 0.0360
vn -0.3007 0.9525 0.0484
vn -0.1358 0.9906 -0.0172
vn -0.0002 0.9356 -0.3531
vn -0.0496 0.9930 0.1070
vn -0.0919 0.9957 0.0067
vn -0.0000 0.9358 -0.3524
vn -0.0118 0.9967 0.0808
vn -0.0284 0.9993 -0.0259
vn -0.0000 0.9359 -0.3522
vn 0.0002 0.9973 0.0738
vn 0.0002 0.9994 -0.0355
vn -0.3762 0.9260 0.0323
vn -0.4461 0.8950 0.0023
vn -0.4969 0.8669 -0.0394
vn -0.5278 0.8450 -0.0862
vn -0.5443 0.8273 -0.1387
vn -0.5883 0.7808 -0.2104
vn -0.6601 0.7169 -0.2243
vn -0.2126 0.9761 -0.0445
vn -0.2984 0.9518 -0.0707
vn -0.3702 0.9229 -0.1056
vn -0.4406 0.8884 -0.1287
vn -0.4667 0.8709 -0.1538
vn -0.1345 0.9848 -0.1098
vn -0.0300 0.9939 -0.1058
vn -0.0037 -1.0000 -0.0076
vn -0.0086 -1.0000 -0.0027
vn -0.0419 -0.8607 -0.5074
vn -0.0153 -0.9626 -0.2704
vn -0.0181 -0.4791 -0.8776
vn 0.0412 -0.1020 -0.9939
vn 0.0034 -1.0000 -0.0058
vn 0.0007 -0.8531 -0.5218
vn 0.0175 -0.9998 -0.0055
vn -0.0000 -0.4747 -0.8801
vn -0.0039 -1.0000 -0.0010
vn -0.0342 -0.9990 -0.0300
vn -0.0019 -0.8519 -0.5236
vn -0.0056 -0.9637 -0.2668
vn -0.0044 -0.9998 0.0169
vn -0.0364 -0.9993 -0.0124
vn -0.0000 -1.0000 -0.0000
vn -0.0125 -0.9991 -0.0396
vn 0.0010 -0.4748 -0.8801
vn -0.0414 -0.9988 -0.0263
vn -0.0122 -0.8440 -0.5362
vn -0.0010 -0.4748 -0.8801
vn -0.0494 -0.9950 -0.0870
vn -0.1156 -0.9909 -0.0696
vn -0.0256 -0.8233 -0.5670
vn -0.0394 -0.9494 -0.3116
vn -0.0016 -0.4741 -0.8805
vn -0.0002 -0.0549 -0.9985
vn -0.0251 -0.7912 -0.6110
vn -0.0000 -0.4727 -0.8812
vn -0.0839 -0.9788 -0.1867
vn -0.1882 -0.9758 -0.1112
vn -0.0144 -0.7598 -0.6500
vn -0.0407 -0.9196 -0.3909
vn 0.0014 -0.4723 -0.8814
vn -0.1512 -0.9688 -0.1962
vn -0.0188 -0.7333 -0.6796
vn -0.0004 -0.4708 -0.8822
vn -0.0196 -0.9998 -0.0077
vn -0.0435 -0.9990 -0.0116
vn -0.0522 -0.9986 0.0061
vn -0.0926 -0.9918 0.0883
vn -0.1382 -0.9572 0.2543
vn -0.2244 -0.8934 0.3892
vn -0.2116 -0.8237 0.5260
vn -0.2716 -0.4354 0.8583
vn -0.2312 -0.0050 0.9729
vn -0.1100 0.1713 0.9791
vn -0.0565 0.1519 0.9868
vn -0.0943 -0.9909 0.0957
vn -0.1579 -0.9069 0.3907
vn -0.1937 -0.8435 0.5010
vn -0.2014 -0.4070 0.8909
vn -0.7012 -0.2029 0.6835
vn -0.1396 0.1385 0.9805
vn -0.0714 0.2171 0.9735
vn -0.0591 -0.9978 -0.0310
vn -0.0914 -0.9952 -0.0350
vn -0.1174 -0.9929 -0.0170
vn -0.1268 -0.9851 0.1160
vn -0.1964 -0.9150 0.3526
vn -0.2636 -0.8698 0.4170
vn -0.2360 -0.8360 0.4953
vn -0.1815 -0.7775 0.6022
vn -0.1347 0.2591 0.9564
vn -0.0857 -0.0000 0.9963
vn -0.0891 0.2199 0.9714
vn -0.0517 0.2385 0.9698
vn -0.0258 0.1872 0.9820
vn -0.2122 -0.9732 0.0883
vn -0.2512 -0.6775 0.6913
vn -0.0583 0.2828 0.9574
vn -0.0312 0.0207 0.9993
vn -0.0371 0.2791 0.9595
vn -0.0155 0.3045 0.9524
vn -0.0241 0.2547 0.9667
vn -0.1447 -0.9872 -0.0665
vn -0.1875 -0.9794 -0.0748
vn -0.2241 -0.9730 -0.0556
vn -0.2309 -0.9416 0.2450
vn -0.3240 -0.8123 0.4849
vn -0.3358 -0.6174 0.7114
vn -0.2685 -0.4692 0.8413
vn -0.0638 0.0471 0.9969
vn -0.0318 0.3167 0.9480
vn -0.0187 0.2146 0.9765
vn -0.3291 -0.7974 0.5058
vn -0.2362 -0.2422 0.9410
vn -0.1530 0.1831 0.9711
vn -0.3221 -0.9417 -0.0973
vn -0.3372 -0.9404 0.0435
vn -0.2325 -0.9671 -0.1032
vn -0.2699 -0.9569 -0.1071
vn -0.4047 -0.8562 0.3212
vn -0.4842 -0.7058 0.5171
vn -0.4050 -0.7012 0.5867
vn -0.1838 -0.1612 0.9696
vn -0.0796 0.3378 0.9378
vn -0.0358 0.3076 0.9508
vn -0.0223 0.2334 0.9721
vn -0.4367 -0.8989 -0.0370
vn -0.5681 -0.7936 0.2180
vn -0.4502 -0.8420 0.2974
vn -0.3551 -0.4016 0.8442
vn -0.2485 0.0713 0.9660
vn -0.0552 0.3766 0.9247
vn -0.8376 -0.1685 0.5196
vn -0.0728 0.9662 -0.2474
vn -0.0375 0.9993 -0.0000
vn -0.0506 0.9877 0.1478
vn -0.0159 0.9668 -0.2551
vn -0.0071 0.9999 0.0089
vn -0.0273 0.9854 0.1680
vn -0.0192 0.9831 0.1821
vn -0.0003 0.9639 -0.2663
vn -0.0128 0.9999 0.0032
vn -0.0093 0.9861 0.1659
vn -0.0234 0.9860 0.1653
vn -0.0003 0.9999 -0.0123
vn 0.0002 0.9642 -0.2653
vn 0.0003 0.9999 -0.0138
vn -0.0007 0.9875 0.1576
vn -0.0030 0.9895 0.1442
vn 0.0003 0.9999 -0.0136
vn 0.0001 0.9643 -0.2647
vn 0.0001 0.9999 -0.0135
vn 0.0001 0.9880 0.1547
vn 0.0001 0.9901 0.1404
vn -0.0000 0.9999 -0.0135
vn -0.4858 0.8289 -0.2774
vn -0.5922 0.7438 -0.3099
vn -0.2989 0.9404 -0.1620
vn -0.4558 0.8674 -0.1996
vn -0.1582 0.9689 -0.1904
vn -0.1918 0.9583 -0.2120
vn -0.3566 0.9068 -0.2249
vn -0.3523 0.8820 -0.3129
vn -0.4589 0.8346 -0.3047
vn -0.5004 0.7844 -0.3666
vn -0.1636 0.9477 -0.2739
vn -0.1941 0.9327 -0.3040
vn -0.2199 0.8961 -0.3855
vn -0.2568 0.9018 -0.3476
vn -0.3081 0.8668 -0.3921
vn -0.3128 0.8173 -0.4839
vn -0.3357 0.8405 -0.4253
vn -0.0489 0.9716 -0.2314
vn -0.0561 0.9653 -0.2550
vn -0.0675 0.9365 -0.3442
vn -0.0713 0.9018 -0.4263
vn -0.0878 0.8636 -0.4964
vn -0.0004 0.9666 -0.2563
vn -0.0009 0.9365 -0.3507
vn -0.0012 0.9050 -0.4253
vn -0.0012 0.8592 -0.5116
vn -0.4739 0.7941 -0.3806
vn -0.4303 0.7763 -0.4606
vn -0.4708 0.7418 -0.4775
vn -0.4385 0.7313 -0.5224
vn -0.4456 0.6879 -0.5730
vn -0.4379 0.6720 -0.5972
vn -0.4329 0.7223 -0.5394
vn -0.4422 0.7512 -0.4901
vn -0.4851 0.6674 -0.5651
vn -0.4801 0.7152 -0.5079
vn -0.4727 0.7985 -0.3728
vn -0.5324 0.7500 -0.3924
vn -0.4944 0.7529 -0.4345
vn -0.5058 0.7038 -0.4989
vn -0.5144 0.6657 -0.5406
vn -0.5234 0.6306 -0.5731
vn -0.5217 0.6877 -0.5049
vn -0.5222 0.7073 -0.4764
vn -0.4920 0.6894 -0.5316
vn -0.5369 0.6521 -0.5352
vn -0.1762 0.8598 -0.4793
vn -0.2459 0.7130 -0.6567
vn -0.2659 0.7762 -0.5716
vn -0.2855 0.6276 -0.7243
vn -0.3011 0.8004 -0.5184
vn -0.3969 0.7819 -0.4808
vn -0.0097 0.8001 -0.5998
vn -0.0144 0.7705 -0.6373
vn -0.0194 0.7559 -0.6544
vn -0.0254 0.7219 -0.6915
vn -0.0310 0.7053 -0.7082
vn -0.0348 0.7198 -0.6933
vn -0.0400 0.7762 -0.6292
vn -0.0427 0.8217 -0.5684
vn -0.0442 0.8319 -0.5532
vn -0.0469 0.8303 -0.5553
vn -0.0053 0.8238 -0.5668
vn -0.0040 0.7756 -0.6312
vn -0.0083 0.7415 -0.6709
vn 0.0035 0.7154 -0.6987
vn 0.0006 0.7728 -0.6346
vn -0.0007 0.8224 -0.5689
vn -0.0007 0.8315 -0.5556
vn -0.0008 0.8304 -0.5572
vn 0.0027 0.8213 -0.5705
vn 0.0008 0.8310 -0.5562
vn -0.4319 0.7991 -0.4182
vn -0.4294 0.8469 -0.3137
vn -0.4756 0.8674 -0.1461
vn -0.5258 0.8506 0.0027
vn -0.5112 0.7564 -0.4081
vn 0.0401 0.1108 -0.9930
vn -0.0203 0.4774 -0.8785
vn -0.0306 0.8531 -0.5209
vn -0.0358 0.9943 -0.1004
vn -0.0332 0.9931 0.1125
vn -0.0357 0.9925 0.1172
vn -0.0000 0.4726 -0.8813
vn -0.0000 0.8521 -0.5234
vn -0.0000 0.9952 -0.0977
vn -0.0001 0.9937 0.1124
vn -0.0001 0.9937 0.1123
vn -0.0001 0.9952 -0.0978
vn -0.0002 0.9937 0.1122
vn -0.0000 0.9952 -0.0980
vn -0.0001 0.9937 0.1121
vn -0.0000 0.9952 -0.0981
vn -0.0000 0.9937 0.1121
vn -0.0170 0.3277 0.9446
vn -0.0136 0.1563 0.9876
vn -0.0431 0.9990 0.0153
vn -0.0349 0.9949 -0.0943
vn -0.0045 1.0000 -0.0025
vn -0.0275 0.8812 0.4720
vn -0.0250 0.5646 0.8250
vn 0.0002 0.8797 0.4755
vn -0.0033 0.5699 0.8217
vn -0.0026 0.3318 0.9433
vn -0.0103 0.1731 0.9848
vn -0.0001 0.9999 0.0150
vn -0.0000 0.9998 -0.0215
vn 0.0002 0.8796 0.4756
vn -0.0005 0.5740 0.8189
vn 0.0001 0.8796 0.4758
vn 0.0001 0.5748 0.8183
vn 0.0018 0.3366 0.9416
vn -0.0009 0.1889 0.9820
vn -0.0177 0.9998 -0.0027
vn 0.0139 0.9993 -0.0354
vn 0.0001 0.8795 0.4760
vn 0.0018 0.5735 0.8192
vn 0.0002 0.8794 0.4761
vn 0.0002 0.5723 0.8201
vn -0.0044 0.3423 0.9396
vn -0.0098 0.2014 0.9795
vn 0.0002 0.8793 0.4762
vn -0.0024 0.5748 0.8183
vn -0.0018 0.5790 0.8153
vn -0.4037 0.7486 -0.5260
vn -0.0456 0.8482 -0.5277
vn -0.0431 0.8807 -0.4718
vn -0.0269 0.8957 -0.4438
vn 0.0115 0.8665 -0.4991
vn -0.5264 0.8321 -0.1749
vn -0.5643 0.8253 -0.0183
vn -0.4997 0.8077 -0.3127
vn -0.4933 0.8306 -0.2584
vn -0.5177 0.8321 -0.1988
vn -0.5350 0.7532 -0.3827
vn -0.5169 0.7823 -0.3476
vn -0.5336 0.7932 -0.2935
vn -0.5870 0.8026 -0.1062
vn -0.6297 0.7764 -0.0262
vn -0.6508 0.7584 -0.0363
vn -0.5542 0.8052 -0.2111
vn -0.5833 0.8097 -0.0645
vn -0.6354 0.7717 -0.0276
vn -0.3801 0.8271 -0.4141
vn -0.0770 0.9000 -0.4289
vn -0.4343 0.8512 -0.2945
vn -0.4366 0.8002 -0.4111
vn -0.2761 0.9384 -0.2079
vn -0.3524 0.9298 -0.1060
vn -0.4046 0.9143 -0.0180
vn -0.0255 0.9098 -0.4143
vn -0.0396 0.9073 -0.4186
vn -0.0440 0.9239 -0.3802
vn -0.0376 0.9623 -0.2693
vn -0.0360 0.9628 -0.2677
vn -0.0381 0.9650 -0.2594
vn -0.0482 0.9874 -0.1507
vn -0.0627 0.9965 -0.0554
vn -0.0658 0.9943 -0.0834
vn 0.0057 0.9006 -0.4346
vn 0.0050 0.9192 -0.3937
vn -0.0002 0.9637 -0.2670
vn 0.0187 0.9693 -0.2450
vn 0.0135 0.9966 -0.0815
vn -0.3596 -0.8719 -0.3325
vn -0.2813 -0.8273 -0.4863
vn -0.4068 -0.8163 -0.4101
vn -0.3633 -0.8483 -0.3851
vn -0.4033 -0.7968 -0.4500
vn -0.3440 -0.7996 -0.4923
vn -0.4369 -0.7407 -0.5104
vn -0.3182 -0.7559 -0.5722
vn -0.4827 -0.8719 -0.0827
vn -0.4873 -0.8625 0.1364
vn -0.5792 -0.8133 0.0549
vn -0.5591 -0.8212 0.1137
vn -0.6111 -0.7761 -0.1554
vn -0.5156 -0.8462 -0.1348
vn -0.4291 -0.8726 -0.2335
vn -0.4643 -0.8596 -0.2132
vn -0.4987 -0.8483 -0.1782
vn -0.5549 -0.8075 -0.1999
vn -0.6095 -0.7583 -0.2314
vn -0.5664 -0.7722 -0.2880
vn -0.5079 -0.8244 -0.2500
vn -0.5643 -0.7883 -0.2452
vn -0.4621 -0.8317 -0.3077
vn -0.6729 -0.6959 -0.2508
vn -0.4818 -0.7856 -0.3882
vn -0.7716 -0.5776 -0.2666
vn -0.6951 -0.6516 -0.3036
vn -0.7335 -0.6363 -0.2391
vn -0.6330 -0.6723 -0.3837
vn -0.5840 -0.7370 -0.3402
vn -0.6517 -0.6946 -0.3047
vn -0.5031 -0.7445 -0.4389
vn -0.7338 -0.5960 -0.3260
vn -0.6939 -0.7162 0.0743
vn -0.6244 -0.7478 0.2256
vn -0.7178 -0.4779 0.5064
vn -0.8641 -0.2412 0.4418
vn -0.7394 -0.6283 0.2421
vn -0.6917 -0.6602 0.2927
vn -0.7311 -0.6162 0.2928
vn -0.7010 -0.6220 0.3489
vn -0.8006 -0.4850 0.3519
vn -0.6774 -0.5840 0.4473
vn -0.3123 0.6290 0.7120
vn -0.2575 0.2969 0.9195
vn -0.7609 -0.6343 -0.1364
vn -0.6457 -0.7568 -0.1020
vn -0.7856 -0.6032 0.1380
vn -0.7486 -0.6382 0.1795
vn -0.7650 -0.5818 0.2763
vn -0.7880 -0.5598 0.2561
vn -0.7612 -0.5861 0.2776
vn -0.8340 -0.4628 0.3005
vn -0.9103 -0.3201 0.2625
vn -0.3333 0.6144 0.7151
vn -0.5431 0.0050 0.8397
vn -0.1494 0.5931 0.7911
vn -0.2588 0.4804 0.8380
vn -0.8201 -0.5709 0.0386
vn -0.7743 -0.6261 0.0919
vn -0.7943 -0.5616 0.2317
vn -0.8344 -0.5105 0.2077
vn -0.7940 -0.5549 0.2482
vn -0.8128 -0.5407 0.2168
vn -0.8869 -0.3998 0.2316
vn -0.7353 -0.5886 0.3361
vn -0.9911 -0.0237 0.1312
vn -0.4321 0.5872 0.6844
vn -0.4502 0.2689 0.8515
vn -0.2185 0.6325 0.7431
vn -0.3341 0.4920 0.8039
vn -0.1692 0.6113 0.7731
vn -0.1849 0.6118 0.7691
vn -0.9003 -0.4148 0.1323
vn -0.8182 -0.5490 -0.1708
vn -0.7326 -0.6584 -0.1729
vn -0.8833 -0.4668 0.0440
vn -0.7998 -0.5800 0.1547
vn -0.9006 -0.4145 0.1305
vn -0.9195 -0.3866 0.0712
vn -0.8742 -0.4583 0.1604
vn -0.8199 -0.4942 0.2891
vn -0.9762 -0.0350 0.2140
vn -0.5696 0.6121 0.5486
vn -0.4284 0.7744 0.4656
vn -0.3419 0.4636 0.8174
vn -0.3052 0.6554 0.6909
vn -0.4773 0.5347 0.6973
vn -0.3076 0.7133 0.6297
vn -0.2097 0.6669 0.7150
vn -0.2401 0.6485 0.7224
vn -0.2336 0.6958 0.6792
vn -0.1973 0.6203 0.7591
vn -0.2185 0.6508 0.7272
vn -0.8474 -0.4865 -0.2128
vn -0.8908 -0.4466 -0.0835
vn -0.9047 -0.4147 0.0975
vn -0.9477 -0.3152 0.0504
vn -0.9127 -0.3766 0.1586
vn -0.4673 0.7448 0.4763
vn -0.2885 0.7758 0.5611
vn -0.4207 0.6371 0.6458
vn -0.2973 0.8022 0.5178
vn -0.2501 0.7312 0.6346
vn -0.2768 0.7448 0.6072
vn -0.1928 0.6471 0.7376
vn -0.2100 0.6758 0.7066
vn -0.9357 -0.2359 -0.2622
vn -0.9522 -0.0522 -0.3011
vn -0.7360 -0.0898 -0.6710
vn -0.6018 0.7660 -0.2261
vn -0.9945 -0.0188 -0.1033
vn -0.9802 0.1103 -0.1645
vn -0.9280 0.3661 -0.0699
vn -0.7912 0.6114 -0.0100
vn -0.5681 0.8203 -0.0669
vn -0.9750 -0.2220 0.0057
vn -0.9945 -0.0975 -0.0395
vn -0.9691 0.1616 0.1865
vn -0.9612 -0.2747 -0.0262
vn -0.9489 -0.2727 -0.1591
vn -0.9202 -0.3258 -0.2170
vn -0.7151 0.6620 0.2245
vn -0.5420 0.8362 0.0832
vn -0.4148 0.9028 0.1135
vn -0.3466 0.9328 0.0989
vn -0.3154 0.9472 0.0575
vn -0.5562 0.7776 0.2934
vn -0.4445 0.8632 0.2392
vn -0.6864 0.5991 0.4122
vn -0.4547 0.8337 0.3135
vn -0.4038 0.8257 0.3940
vn -0.5316 0.6193 0.5777
vn -0.4458 0.0981 -0.8897
vn -0.3316 0.7344 -0.5922
vn -0.2089 0.8560 -0.4730
vn -0.1287 0.9168 -0.3780
vn -0.8006 0.1291 -0.5851
vn -0.3200 0.8262 -0.4638
vn -0.2325 0.8318 -0.5041
vn -0.1182 0.9266 -0.3570
vn -0.1311 0.9217 -0.3650
vn -0.1070 0.9278 -0.3574
vn -0.5426 0.1153 -0.8321
vn -0.3324 0.8509 -0.4068
vn -0.2368 0.8905 -0.3884
vn -0.1443 0.9366 -0.3194
vn -0.1164 0.9362 -0.3317
vn -0.8177 0.0324 -0.5748
vn -0.3477 0.8722 -0.3440
vn -0.2487 0.9158 -0.3155
vn -0.1662 0.9410 -0.2949
vn -0.1573 0.9482 -0.2760
vn -0.1457 0.9409 -0.3058
vn -0.8791 -0.1628 -0.4480
vn -0.6980 0.0884 -0.7107
vn -0.3703 0.8830 -0.2884
vn -0.2742 0.9288 -0.2492
vn -0.2033 0.9473 -0.2475
vn -0.1717 0.9399 -0.2952
vn -0.5433 0.7947 -0.2707
vn -0.4205 0.8761 -0.2357
vn -0.3052 0.9326 -0.1929
vn -0.2273 0.9571 -0.1800
vn -0.2214 0.9603 -0.1698
vn -0.2159 0.9585 -0.1861
vn -0.0732 0.9904 -0.1172
vn -0.4764 0.8694 -0.1314
vn -0.3300 0.9358 -0.1239
vn -0.2659 0.9552 -0.1298
vn -0.3137 0.9494 -0.0177
vn -0.2693 0.9612 -0.0588
vn -0.2279 0.9533 -0.1982
vn -0.1571 0.9681 -0.1954
vn -0.0323 0.9988 -0.0382
vn -0.3045 0.9525 0.0053
vn -0.2990 0.9525 -0.0574
vn -0.0065 1.0000 -0.0013
vn -0.0915 0.9513 -0.2945
vn -0.0331 0.9947 -0.0976
vn -0.0014 1.0000 -0.0004
vn 0.0001 0.9990 -0.0446
vn 0.0002 0.9951 -0.0986
vn 0.0001 0.9847 -0.1742
vn -0.0696 0.9690 -0.2371
vn -0.0203 0.9986 -0.0486
vn -0.0386 0.9804 -0.1931
vn -0.0111 0.9998 -0.0167
vn 0.0002 1.0000 0.0009
vn 0.0002 0.9990 -0.0443
vn 0.0003 0.9951 -0.0989
vn 0.0002 0.9847 -0.1743
vn -0.0045 1.0000 -0.0004
vn -0.0337 0.9980 -0.0543
vn -0.0077 0.9993 -0.0365
vn -0.0001 0.9951 -0.0991
vn -0.0001 0.9847 -0.1743
vn -0.0004 0.9951 -0.0990
vn -0.0004 0.9847 -0.1743
vn 0.0002 0.9708 -0.2399
vn 0.0003 0.9415 -0.3370
vn 0.0001 0.9123 -0.4096
vn 0.0002 0.8676 -0.4973
vn 0.0006 0.8305 -0.5570
vn 0.0006 0.7904 -0.6126
vn -0.0000 0.9415 -0.3370
vn -0.0002 0.8305 -0.5570
vn -0.0003 0.7904 -0.6126
vn -0.0001 0.9708 -0.2400
vn -0.0001 0.9415 -0.3371
vn -0.0000 0.8676 -0.4973
vn -0.0000 0.8305 -0.5571
vn -0.0000 0.7904 -0.6126
vn -0.0003 0.9708 -0.2399
vn -0.0002 0.9415 -0.3370
vn 0.0001 0.7904 -0.6126
vn 0.0007 0.8156 -0.5786
vn 0.0005 0.8575 -0.5145
vn 0.0001 0.9615 -0.2750
vn -0.0001 0.9996 0.0277
vn -0.0001 0.9620 0.2731
vn 0.0001 0.9628 0.2701
vn -0.0000 0.8574 -0.5147
vn -0.0001 0.9996 0.0276
vn -0.0001 0.9619 0.2732
vn -0.0000 0.9628 0.2703
vn -0.0003 0.8155 -0.5788
vn -0.0000 0.9914 0.1308
vn -0.0002 0.8575 -0.5145
vn -0.0001 0.9614 -0.2753
vn -0.0000 0.9996 0.0276
vn 0.0001 0.9619 0.2734
vn 0.0001 0.9628 0.2703
vn -0.0001 0.8576 -0.5142
vn -0.0000 0.9996 0.0277
vn 0.0001 0.9628 0.2702
vn -0.0000 0.8155 -0.5788
vn -0.0000 0.8577 -0.5142
vn 0.0001 0.9619 0.2735
vn -0.0000 0.9628 0.2701
vn -0.0001 0.8577 -0.5142
vn -0.0000 0.9614 -0.2751
vn 0.0001 0.9996 0.0278
vn 0.0001 0.9628 0.2700
vn 0.0001 0.8154 -0.5788
vn 0.0003 0.9760 0.2176
vn 0.0004 0.9914 0.1308
vn -0.0000 0.8576 -0.5142
vn 0.0001 0.9996 0.0279
vn 0.0002 0.9619 0.2735
vn 0.0002 0.9629 0.2700
vn 0.0001 0.8575 -0.5144
vn 0.0001 0.9615 -0.2748
vn 0.0004 0.9996 0.0282
vn 0.0006 0.9618 0.2737
vn 0.0007 0.9629 0.2699
vn -0.0000 0.9998 0.0193
vn 0.0001 0.9958 -0.0912
vn 0.0001 0.9792 -0.2027
vn 0.0001 0.9512 -0.3084
vn -0.0000 0.9792 -0.2027
vn -0.0001 0.9512 -0.3084
vn -0.0000 0.9512 -0.3084
vn 0.0004 0.9998 0.0193
vn 0.0004 0.9958 -0.0912
vn 0.0003 0.9792 -0.2028
vn 0.0002 0.9513 -0.3084
vn 0.0001 0.9359 -0.3522
vn 0.0012 0.9972 0.0748
vn 0.0044 0.9994 -0.0332
vn -0.0002 0.9358 -0.3524
vn 0.0301 0.9953 0.0921
vn 0.0613 0.9980 -0.0161
vn 0.0001 0.9359 -0.3521
vn 0.0256 0.9835 0.1788
vn 0.0430 0.9916 0.1217
vn 0.0736 0.9972 0.0152
vn 0.0002 0.9358 -0.3524
vn 0.0211 0.9768 0.2130
vn 0.0514 0.9860 0.1584
vn 0.1070 0.9923 0.0630
vn 0.5301 0.7263 0.4376
vn 0.2209 0.9643 0.1459
vn 0.5326 0.7403 0.4102
vn 0.0070 0.9937 -0.1114
vn 0.0805 0.9895 -0.1197
vn 0.8075 0.5588 0.1892
vn 0.8159 0.5522 0.1717
vn 0.1093 0.9896 -0.0938
vn 0.3069 0.9449 -0.1142
vn 0.7667 0.6019 0.2233
vn 0.8274 0.5021 0.2515
vn 0.7759 0.5250 0.3497
vn 0.7800 0.5633 0.2726
vn 0.5650 0.7754 0.2820
vn 0.3641 0.9310 0.0270
vn 0.7164 0.6034 0.3503
vn 0.5107 0.8453 0.1571
vn 0.6958 0.6245 0.3549
vn 0.9628 0.0001 0.2704
vn 0.9860 0.0064 0.1668
vn 0.9556 0.0781 0.2842
vn 0.9806 0.0941 0.1718
vn 0.9205 0.2858 0.2664
vn 0.7769 0.5647 0.2784
vn 0.9556 0.2384 0.1733
vn 0.7945 0.5764 0.1912
vn 0.8820 0.4279 0.1974
vn 0.7184 0.5475 0.4291
vn 0.7619 0.5426 0.3537
vn 0.7048 0.5535 0.4438
vn 0.7201 0.5375 0.4388
vn 0.6978 0.5786 0.4222
vn 0.7552 0.5087 0.4134
vn 0.7521 0.5604 0.3469
vn 0.5684 0.7401 0.3594
vn 0.2225 0.9725 0.0689
vn 0.5681 0.7691 0.2928
vn 0.9329 -0.0067 0.3600
vn 0.9232 0.0581 0.3800
vn 0.9069 0.1928 0.3746
vn 0.8083 0.4289 0.4033
vn 0.7814 0.4279 0.4541
vn 0.6826 0.5715 0.4555
vn 0.7559 0.4966 0.4266
vn 0.6550 0.5629 0.5040
vn 0.6499 0.5994 0.4673
vn 0.6735 0.5493 0.4947
vn 0.8151 0.5750 0.0704
vn 0.8588 0.5076 0.0689
vn 0.8168 0.5753 -0.0435
vn 0.8610 0.5066 -0.0445
vn 0.8135 0.5585 -0.1622
vn 0.8571 0.4905 -0.1571
vn 0.8025 0.5384 -0.2571
vn 0.9613 0.2756 0.0056
vn 0.8501 0.5172 0.0987
vn 0.8470 0.5262 -0.0751
vn 0.8055 0.5686 -0.1671
vn 0.9986 0.0104 0.0523
vn 0.9976 0.0116 -0.0682
vn 0.9810 0.0101 -0.1938
vn 0.9941 0.0956 0.0511
vn 0.9930 0.1012 -0.0604
vn 0.9770 0.1199 -0.1766
vn 0.9482 0.1126 -0.2969
vn 0.9656 0.2512 0.0673
vn 0.9602 0.2723 -0.0627
vn 0.9460 0.2818 -0.1600
vn 0.8646 0.4669 -0.1856
vn 0.8903 0.3735 -0.2605
vn 0.7753 0.5820 -0.2454
vn 0.8163 0.4422 -0.3715
vn 0.7550 0.5727 -0.3193
vn 0.9595 0.0072 -0.2815
vn 0.9221 0.1779 -0.3435
vn 0.9278 0.1677 -0.3332
vn 0.9082 0.2433 -0.3405
vn 0.8421 0.3928 -0.3695
vn 0.7843 0.5204 -0.3376
vn 0.7431 0.5582 -0.3690
vn 0.7454 0.5743 -0.3385
vn 0.7479 0.5310 -0.3985
vn 0.7173 0.5559 -0.4200
vn 0.7422 0.5368 -0.4012
vn 0.9421 -0.0067 -0.3352
vn 0.9999 0.0151 -0.0000
vn 0.9999 0.0022 0.0107
vn 1.0000 0.0021 -0.0004
vn 0.9311 0.0964 -0.3519
vn 0.9500 0.1022 -0.2950
vn 0.9149 0.1709 -0.3658
vn 0.9410 0.1475 -0.3047
vn 0.8837 0.3271 -0.3347
vn 0.7769 0.5138 -0.3638
vn 0.8811 0.3108 -0.3565
vn 0.7444 0.5357 -0.3986
vn 0.8066 0.4593 -0.3721
vn 0.7184 0.5626 -0.4091
vn 0.8046 0.4478 -0.3900
vn 0.7361 0.5467 -0.3990
vn 0.7455 0.5662 -0.3516
vn 0.8234 0.5284 -0.2070
vn 0.7275 0.6359 -0.2578
vn 0.8377 0.5142 -0.1839
vn -0.0683 -0.9238 -0.3768
vn -0.1583 -0.9497 -0.2702
vn -0.2576 -0.9462 -0.1959
vn -0.0118 -0.7106 -0.7035
vn -0.0359 -0.8754 -0.4821
vn -0.0007 -0.4683 -0.8836
vn -0.0000 -0.0563 -0.9984
vn -0.1846 -0.9060 -0.3809
vn -0.1690 -0.9249 -0.3407
vn -0.2095 -0.9282 -0.3076
vn 0.0049 -0.6977 -0.7163
vn 0.0022 -0.4704 -0.8825
vn -0.1979 -0.8941 -0.4018
vn -0.2840 -0.9032 -0.3217
vn -0.3611 -0.8880 -0.2848
vn -0.3421 -0.9124 -0.2249
vn -0.0764 -0.8590 -0.5063
vn -0.1373 -0.8670 -0.4790
vn -0.0127 -0.6895 -0.7242
vn -0.0403 -0.7951 -0.6052
vn -0.0064 -0.4721 -0.8815
vn -0.1942 -0.8575 -0.4764
vn -0.2905 -0.8553 -0.4290
vn -0.2669 -0.8790 -0.3952
vn -0.3073 -0.8763 -0.3710
vn -0.1467 -0.8349 -0.5305
vn -0.0545 -0.6745 -0.7363
vn -0.0330 -0.4628 -0.8859
vn -0.2421 -0.8008 -0.5478
vn -0.1335 -0.7878 -0.6012
vn -0.0931 -0.6576 -0.7476
vn -0.1177 -0.7356 -0.6671
vn -0.0460 -0.4496 -0.8920
vn -0.0092 -0.0340 -0.9994
vn -0.0963 -0.4014 -0.9108
vn -0.2247 -0.7337 -0.6413
vn -0.2676 -0.7528 -0.6014
vn -0.1586 -0.6252 -0.7642
vn -0.0764 -0.3052 -0.9492
vn -0.0581 -0.2066 -0.9767
vn -0.3158 -0.9355 -0.1583
vn -0.4497 -0.8777 -0.1657
vn -0.3620 -0.9232 -0.1291
vn -0.4376 -0.8897 -0.1302
vn -0.5401 -0.7547 0.3724
vn -0.1398 0.3333 0.9324
vn -0.0520 0.3876 0.9204
vn -0.0404 0.3257 0.9446
vn -0.0243 0.2478 0.9685
vn -0.3832 -0.9062 -0.1790
vn -0.0560 0.3942 0.9173
vn -0.0597 0.3532 0.9337
vn -0.0308 0.2665 0.9633
vn -0.0843 0.3779 0.9220
vn -0.0494 0.2929 0.9549
vn -0.0413 0.3276 0.9439
vn -0.5882 -0.6200 0.5192
vn -0.4754 -0.6633 0.5779
vn -0.2290 0.3375 0.9131
vn -0.1748 0.0773 0.9816
vn -0.0639 0.4323 0.8994
vn -0.2631 0.2521 0.9313
vn -0.1978 0.5312 0.8238
vn -0.4973 -0.0817 0.8637
vn -0.1344 0.4421 0.8869
vn -0.0780 0.4281 0.9003
vn -0.0823 0.4687 0.8795
vn -0.1061 0.5409 0.8344
vn -0.2356 0.4202 0.8763
vn -0.0953 0.4995 0.8611
vn -0.1242 0.5561 0.8218
vn -0.1343 0.5637 0.8150
vn -0.1167 0.4971 0.8598
vn -0.1455 0.5288 0.8362
vn -0.1018 0.4399 0.8923
vn -0.1174 0.4722 0.8737
vn -0.1615 0.5620 0.8112
vn -0.1828 0.5881 0.7879
vn -0.1509 0.5105 0.8466
vn -0.1638 0.5585 0.8132
vn -0.1751 0.5780 0.7971
vn -0.1894 0.6247 0.7576
vn -0.1361 0.5130 0.8475
vn -0.0000 0.9643 -0.2649
vn -0.0002 0.9999 -0.0136
vn -0.0002 0.9879 0.1549
vn 0.0001 0.9900 0.1407
vn -0.0003 0.9999 -0.0136
vn -0.0007 0.9639 -0.2663
vn 0.0001 0.9999 -0.0123
vn 0.0035 0.9867 0.1625
vn 0.0100 0.9884 0.1517
vn 0.0005 0.9637 -0.2669
vn 0.0121 0.9999 0.0027
vn 0.0140 0.9861 0.1654
vn 0.0004 0.9639 -0.2662
vn -0.0069 0.9999 0.0090
vn 0.0104 0.9833 0.1819
vn -0.0011 0.9636 -0.2675
vn -0.0016 1.0000 -0.0000
vn 0.0033 0.9818 0.1901
vn -0.0000 0.9630 -0.2695
vn -0.0004 1.0000 -0.0000
vn 0.0057 0.9800 0.1989
vn 0.0008 0.9629 -0.2698
vn 0.0006 1.0000 -0.0000
vn 0.0126 0.9773 0.2117
vn 0.0144 0.9775 -0.2103
vn 0.0124 0.9671 -0.2542
vn 0.0162 0.9370 -0.3491
vn 0.0203 0.9057 -0.4233
vn 0.0242 0.8592 -0.5110
vn 0.0945 0.9790 -0.1808
vn 0.1164 0.9608 -0.2518
vn 0.1449 0.9341 -0.3263
vn 0.4558 0.8577 -0.2379
vn 0.7057 0.7064 -0.0536
vn 0.2622 0.8986 -0.3519
vn 0.8584 0.5118 0.0362
vn 0.2595 0.7877 -0.5587
vn 0.8630 0.4976 -0.0870
vn 0.1321 0.9729 -0.1897
vn 0.2385 0.9504 -0.1997
vn 0.6539 0.7476 0.1161
vn 0.3954 0.9002 -0.1825
vn 0.8143 0.5546 0.1713
vn 0.6345 0.7661 -0.1025
vn 0.8620 0.4820 0.1569
vn 0.8511 0.5145 0.1046
vn 0.8951 0.4287 0.1226
vn 0.4594 0.8563 -0.2361
vn 0.7812 0.6148 0.1080
vn 0.2229 0.9706 -0.0909
vn 0.6461 0.7458 0.1625
vn 0.0191 0.8173 -0.5759
vn 0.0142 0.7783 -0.6278
vn 0.0249 0.7437 -0.6680
vn 0.0272 0.7167 -0.6969
vn 0.0390 0.7677 -0.6397
vn 0.0481 0.8181 -0.5731
vn 0.0520 0.8333 -0.5504
vn 0.0467 0.8388 -0.5424
vn 0.7594 0.5915 -0.2709
vn 0.3537 0.8131 -0.4623
vn 0.8875 0.4314 -0.1622
vn 0.9530 0.2817 -0.1113
vn 0.3634 0.6260 -0.6899
vn 0.8594 0.4230 -0.2873
vn 0.3459 0.7786 -0.5236
vn 0.9228 0.3271 -0.2038
vn 0.9553 0.2456 -0.1644
vn 0.3515 0.5964 -0.7216
vn 0.8833 0.3556 -0.3055
vn 0.3561 0.7419 -0.5681
vn 0.9342 0.2754 -0.2269
vn 0.9584 0.2312 -0.1671
vn 0.3598 0.5873 -0.7250
vn 0.8955 0.3476 -0.2780
vn 0.3388 0.7848 -0.5189
vn 0.9285 0.3099 -0.2044
vn 0.9507 0.2529 -0.1797
vn 0.3187 0.6834 -0.6568
vn 0.8833 0.3946 -0.2534
vn 0.2774 0.8532 -0.4418
vn 0.9115 0.3461 -0.2222
vn 0.4671 0.7836 -0.4097
vn 0.9368 0.2879 -0.1987
vn 0.9119 0.4104 -0.0005
vn 0.5225 0.8030 -0.2866
vn 0.8707 0.4808 -0.1038
vn 0.9256 0.3726 -0.0663
vn 0.9294 0.3604 -0.0797
vn 0.9225 0.3503 -0.1620
vn 0.9058 0.3496 -0.2396
vn 0.9380 0.3028 -0.1686
vn 0.9459 0.2641 -0.1882
vn 0.9265 0.3028 -0.2235
vn 0.9464 0.2610 -0.1904
vn 0.9479 0.2622 -0.1807
vn 0.8797 0.4734 0.0453
vn 0.8920 0.4497 -0.0461
vn 0.8824 0.4433 -0.1576
vn 0.8512 0.4556 -0.2606
vn 0.9139 0.3367 -0.2267
vn 0.9329 0.3089 -0.1853
vn 0.9508 0.2749 -0.1427
vn 0.9246 0.3461 -0.1595
vn 0.9173 0.3816 -0.1140
vn 0.9100 0.4117 -0.0501
vn 0.9438 0.3049 -0.1278
vn 0.9423 0.3222 -0.0907
vn 0.8794 0.3850 -0.2801
vn 0.8898 0.4043 -0.2115
vn 0.8901 0.4350 -0.1357
vn 0.8065 0.4757 -0.3511
vn 0.8467 0.4255 -0.3193
vn 0.8515 0.4262 -0.3054
vn 0.8167 0.4927 -0.3004
vn 0.8617 0.4465 -0.2409
vn 0.8039 0.5472 -0.2331
vn 0.8109 0.5581 -0.1758
vn 0.8473 0.5267 -0.0677
vn 0.7862 0.5064 -0.3543
vn 0.7980 0.5909 -0.1188
vn 0.7510 0.5623 -0.3462
vn 0.7221 0.6198 -0.3072
vn 0.7581 0.5963 -0.2640
vn 0.7320 0.6667 -0.1401
vn 0.7304 0.6693 -0.1365
vn -0.0000 0.8520 -0.5235
vn -0.0000 0.4727 -0.8813
vn -0.0000 0.9952 -0.0982
vn -0.0000 0.9937 0.1120
vn -0.0001 0.9952 -0.0983
vn -0.0001 0.9937 0.1120
vn -0.0002 0.0645 -0.9979
vn -0.0001 0.8520 -0.5235
vn -0.0000 0.9952 -0.0983
vn -0.0001 0.9937 0.1119
vn -0.0000 0.4725 -0.8813
vn -0.0001 0.9952 -0.0982
vn -0.0001 0.9937 0.1118
vn -0.0000 0.9937 0.1117
vn -0.0021 0.3497 0.9369
vn -0.0086 0.2198 0.9755
vn -0.0001 0.9988 -0.0491
vn -0.0000 0.8792 0.4764
vn -0.0004 0.5815 0.8136
vn 0.0001 0.8791 0.4766
vn -0.0002 0.5825 0.8128
vn -0.0042 0.3617 0.9323
vn -0.0120 0.2408 0.9705
vn -0.0014 0.5844 0.8115
vn -0.0001 0.8791 0.4766
vn -0.0036 0.5890 0.8081
vn -0.0064 0.3732 0.9277
vn -0.0191 0.2700 0.9627
vn -0.0001 0.9998 -0.0205
vn -0.0002 0.9988 -0.0489
vn -0.0025 0.5946 0.8040
vn 0.0001 0.8790 0.4769
vn -0.0001 0.5977 0.8017
vn -0.0035 0.3921 0.9199
vn -0.0143 0.3020 0.9532
vn 0.0005 0.8788 0.4773
vn -0.0002 0.5994 0.8005
vn 0.0002 0.8786 0.4775
vn -0.0017 0.6024 0.7982
vn 0.0237 0.8650 -0.5013
vn 0.4487 0.6435 -0.6201
vn 0.8965 0.3852 -0.2187
vn 0.3585 0.8614 -0.3597
vn 0.1228 0.8946 -0.4296
vn 0.0105 0.9086 -0.4175
vn 0.0430 0.9198 -0.3901
vn 0.0397 0.9609 -0.2739
vn 0.0310 0.9704 -0.2397
vn 0.0661 0.9950 -0.0754
vn 0.9263 0.3540 -0.1288
vn 0.5403 0.7532 -0.3753
vn 0.9596 0.2581 -0.1119
vn 0.9541 0.2898 -0.0753
vn 0.5077 0.7258 -0.4641
vn 0.8897 0.4094 -0.2022
vn 0.3387 0.8786 -0.3368
vn 0.9097 0.3965 -0.1235
vn 0.4821 0.8303 -0.2795
vn 0.9282 0.3565 -0.1062
vn 0.4275 0.7728 -0.4690
vn 0.8801 0.4543 -0.1384
vn 0.2139 0.9557 -0.2023
vn 0.9167 0.3908 -0.0828
vn 0.3470 0.9193 -0.1858
vn 0.4471 0.8901 -0.0890
vn 0.9257 0.3780 -0.0137
vn 0.4980 0.8668 -0.0237
vn 0.5230 0.8491 -0.0743
vn 0.9453 0.3174 -0.0753
vn 0.9371 0.3479 -0.0298
vn 0.9525 0.3041 -0.0187
vn -0.4137 -0.6561 -0.6312
vn -0.3677 -0.7030 -0.6088
vn -0.4229 -0.6907 -0.5865
vn -0.4074 -0.6493 -0.6422
vn -0.4235 -0.6193 -0.6612
vn -0.3404 -0.6424 -0.6867
vn -0.1681 -0.6384 -0.7512
vn -0.3235 -0.6340 -0.7024
vn -0.2124 -0.6686 -0.7127
vn -0.2155 -0.6754 -0.7052
vn -0.2006 -0.6577 -0.7261
vn -0.2079 -0.6642 -0.7181
vn -0.1664 -0.6515 -0.7401
vn -0.1864 -0.6549 -0.7323
vn -0.1030 -0.6546 -0.7490
vn -0.1389 -0.6454 -0.7511
vn -0.0760 -0.5982 -0.7978
vn -0.0060 -0.6667 -0.7453
vn 0.0043 -0.6278 -0.7784
vn -0.8239 -0.4714 -0.3147
vn -0.7989 -0.5216 -0.2993
vn -0.8243 -0.4966 -0.2719
vn -0.7646 -0.5415 -0.3495
vn -0.6733 -0.5605 -0.4821
vn -0.7057 -0.5946 -0.3854
vn -0.6380 -0.6348 -0.4359
vn -0.5235 -0.6314 -0.5721
vn -0.4984 -0.6868 -0.5291
vn -0.5734 -0.6619 -0.4829
vn -0.7186 -0.5448 -0.4323
vn -0.6280 -0.5761 -0.5231
vn -0.6322 -0.5898 -0.5024
vn -0.6421 -0.5841 -0.4966
vn -0.7067 -0.5452 -0.4509
vn -0.7229 -0.5479 -0.4210
vn -0.4163 -0.6967 -0.5842
vn -0.4395 -0.6562 -0.6134
vn -0.4369 -0.6840 -0.5841
vn -0.4361 -0.6092 -0.6623
vn -0.4924 -0.6448 -0.5846
vn -0.4773 -0.5503 -0.6851
vn -0.2182 -0.7177 -0.6613
vn -0.2160 -0.7273 -0.6514
vn -0.2208 -0.6988 -0.6804
vn -0.2199 -0.7100 -0.6690
vn -0.2186 -0.6808 -0.6991
vn -0.2204 -0.6922 -0.6873
vn -0.0060 -0.7418 -0.6706
vn -0.0076 -0.7035 -0.7106
vn -0.2415 0.7879 0.5665
vn -0.2753 0.8320 0.4817
vn -0.2290 0.7554 0.6139
vn -0.2444 0.7703 0.5890
vn -0.1712 0.7068 0.6863
vn -0.1938 0.7639 0.6155
vn -0.1301 0.7908 0.5981
vn -0.0554 0.8731 0.4844
vn -0.0501 0.8230 0.5658
vn -0.0348 0.7355 0.6766
vn -0.0338 0.7933 0.6079
vn -0.0005 0.8698 0.4935
vn -0.0007 0.8331 0.5531
vn -0.0004 0.7418 0.6706
vn -0.0006 0.7863 0.6179
vn -0.0001 0.8331 0.5531
vn -0.0000 0.7863 0.6178
vn -0.3610 0.9111 0.1991
vn -0.3316 0.9279 0.1707
vn -0.3216 0.9386 0.1248
vn -0.3651 0.8429 0.3952
vn -0.3465 0.8805 0.3236
vn -0.3361 0.8959 0.2905
vn -0.3804 0.8814 0.2800
vn -0.3297 0.9138 0.2374
vn -0.2965 0.8412 0.4521
vn -0.3360 0.8302 0.4448
vn -0.3137 0.8638 0.3943
vn -0.2666 0.8972 0.3520
vn -0.2677 0.9172 0.2951
vn -0.2255 0.9633 0.1453
vn -0.2160 0.8673 0.4484
vn -0.2378 0.8894 0.3904
vn -0.2538 0.8966 0.3628
vn -0.1911 0.9188 0.3452
vn -0.1061 0.9611 0.2551
vn -0.0805 0.9883 0.1295
vn -0.0972 0.9775 0.1874
vn -0.0538 0.9057 0.4206
vn -0.0732 0.9376 0.3398
vn -0.0005 0.9683 0.2496
vn -0.0016 0.9864 0.1643
vn -0.0017 0.9939 0.1102
vn -0.0002 0.9121 0.4099
vn -0.0001 0.9362 0.3515
vn -0.0001 0.9685 0.2491
vn -0.0003 0.9865 0.1636
vn -0.0002 0.9939 0.1101
vn -0.0000 0.9361 0.3516
vn -0.3035 0.9526 0.0223
vn -0.2701 0.9573 -0.1032
vn -0.1901 0.9723 -0.1361
vn -0.0353 0.9989 -0.0306
vn -0.0964 0.9936 -0.0595
vn -0.0363 0.9990 -0.0248
vn -0.0053 1.0000 -0.0005
vn -0.1017 0.9938 0.0457
vn -0.0544 0.9982 -0.0236
vn 0.0005 1.0000 0.0016
vn -0.0000 1.0000 0.0049
vn -0.0093 0.9986 0.0528
vn -0.0010 1.0000 0.0041
vn -0.0001 1.0000 0.0036
vn -0.0000 0.9996 -0.0291
vn 0.0001 0.9951 -0.0988
vn 0.0002 0.9847 -0.1742
vn -0.0003 0.9951 -0.0986
vn -0.0004 0.9847 -0.1745
vn -0.0012 0.9906 -0.1368
vn -0.0001 1.0000 0.0039
vn 0.0001 0.9995 -0.0301
vn -0.0004 0.9950 -0.0997
vn 0.0002 0.9852 -0.1716
vn 0.0097 0.9907 -0.1357
vn 0.0165 0.9951 -0.0980
vn 0.0271 0.9867 -0.1600
vn 0.0002 0.9415 -0.3370
vn -0.0000 0.9122 -0.4098
vn -0.0000 0.8677 -0.4971
vn 0.0001 0.8305 -0.5571
vn -0.0009 0.9709 -0.2394
vn -0.0004 0.9415 -0.3370
vn -0.0005 0.7905 -0.6125
vn 0.0017 0.9712 -0.2383
vn 0.0032 0.9418 -0.3361
vn 0.0039 0.9132 -0.4075
vn 0.0043 0.8663 -0.4995
vn 0.0232 0.8408 -0.5408
vn 0.0349 0.7934 -0.6077
vn 0.0382 0.9724 -0.2302
vn 0.0589 0.9456 -0.3200
vn 0.0765 0.9106 -0.4061
vn 0.0986 0.8736 -0.4766
vn 0.3068 0.8708 -0.3841
vn 0.8609 0.4818 0.1633
vn 0.8562 0.5123 -0.0666
vn 0.8743 0.3411 0.3453
vn 0.8914 0.2398 0.3845
vn 0.8913 0.2980 0.3417
vn 0.9126 0.2078 0.3520
vn 0.2484 0.8481 -0.4680
vn 0.7226 0.6863 -0.0823
vn 0.3042 0.9013 -0.3084
vn 0.8346 0.5313 0.1454
vn 0.5095 0.8574 -0.0735
vn 0.7665 0.5876 0.2594
vn -0.0006 0.9762 0.2171
vn -0.0007 0.9914 0.1308
vn -0.0000 0.8574 -0.5146
vn -0.0001 0.9615 -0.2747
vn -0.0001 0.9996 0.0284
vn -0.0002 0.9618 0.2737
vn -0.0003 0.9629 0.2697
vn 0.0001 0.8575 -0.5146
vn -0.0001 0.9614 -0.2751
vn -0.0007 0.9996 0.0279
vn -0.0012 0.9619 0.2734
vn -0.0014 0.9630 0.2694
vn 0.0006 0.8166 -0.5772
vn 0.0125 0.9734 0.2289
vn 0.0183 0.9912 0.1313
vn 0.0036 0.8586 -0.5126
vn 0.0063 0.9622 -0.2721
vn 0.0084 0.9996 0.0270
vn 0.0056 0.9627 0.2703
vn 0.0033 0.9633 0.2685
vn -0.0018 0.8599 -0.5104
vn 0.0222 0.9720 -0.2338
vn 0.0695 0.9964 0.0495
vn 0.1464 0.9561 0.2538
vn 0.0654 0.9689 0.2388
vn 0.0619 0.9539 0.2936
vn 0.0300 0.7955 -0.6052
vn 0.2929 0.9144 0.2795
vn 0.2493 0.9349 0.2526
vn 0.4281 0.8857 0.1793
vn 0.4875 0.8629 0.1336
vn 0.1913 0.9754 0.1095
vn 0.0173 0.8636 -0.5039
vn 0.0610 0.9901 -0.1261
vn 0.3366 0.9177 0.2111
vn 0.1160 0.9906 0.0721
vn 0.2637 0.9284 0.2619
vn 0.9856 0.0035 0.1693
vn 0.9959 0.0020 0.0908
vn 0.9860 0.0237 0.1648
vn 0.9965 0.0141 0.0826
vn 0.9846 0.0856 0.1523
vn 0.9961 0.0528 0.0707
vn 0.9484 0.2599 0.1814
vn 0.9556 0.2521 0.1525
vn 0.9515 0.2719 0.1442
vn 0.9530 0.2906 0.0852
vn 0.8467 0.5095 0.1534
vn 0.9573 0.2831 0.0577
vn 0.7716 0.6221 0.1330
vn 0.9574 0.2874 0.0281
vn 0.7041 0.7060 0.0763
vn 0.6294 0.6444 -0.4343
vn 0.8518 0.5116 0.1124
vn 0.8828 0.4464 0.1464
vn 0.6199 0.7383 0.2657
vn 0.8857 0.4421 0.1414
vn 0.5400 0.8196 0.1917
vn 0.8845 0.4460 0.1370
vn 0.4865 0.8566 0.1719
vn 0.6955 0.7022 0.1524
vn 0.2563 0.7553 -0.6033
vn 0.8719 0.4894 0.0160
vn 0.0625 0.9974 -0.0346
vn 0.5294 0.7995 0.2840
vn 0.9503 0.0080 0.3112
vn 0.9723 0.0055 0.2335
vn 0.9521 0.0578 0.3002
vn 0.9722 0.0402 0.2305
vn 0.9193 0.2510 0.3032
vn 0.9533 0.1573 0.2578
vn 0.9522 0.2355 0.1943
vn 0.9680 0.1171 0.2220
vn 0.9049 0.3902 0.1702
vn 0.5362 0.8201 -0.2001
vn 0.9301 0.2989 0.2135
vn 0.9213 0.3492 0.1710
vn 0.9423 0.2715 0.1958
vn 0.9154 0.0058 0.4025
vn 0.9164 0.0786 0.3924
vn -0.0008 0.9998 0.0193
vn -0.0008 0.9958 -0.0912
vn -0.0005 0.9792 -0.2028
vn -0.0002 0.9513 -0.3083
vn 0.0195 0.9996 0.0197
vn 0.0195 0.9956 -0.0914
vn 0.0176 0.9789 -0.2037
vn 0.0180 0.9511 -0.3082
vn 0.5578 0.8295 0.0267
vn 0.1556 0.9877 0.0175
vn 0.5616 0.8227 -0.0876
vn 0.1761 0.9814 -0.0757
vn 0.5097 0.8428 -0.1731
vn 0.2416 0.9552 -0.1708
vn 0.3979 0.8622 -0.3134
vn 0.1441 0.9465 -0.2887
vn 0.3841 0.8611 -0.3330
vn 0.9999 -0.0006 0.0110
vn 0.9998 -0.0148 0.0147
vn 0.9995 0.0296 0.0122
vn 1.0000 0.0023 -0.0011
vn 0.9545 0.2982 0.0077
vn 0.6737 0.7385 0.0252
vn 0.9539 0.3000 -0.0058
vn 0.6765 0.7361 -0.0226
vn 0.9572 0.2888 -0.0203
vn 0.7108 0.6999 -0.0695
vn 0.9633 0.2669 -0.0282
vn 0.7796 0.6152 -0.1175
vn 0.9715 0.2355 -0.0282
vn 0.8557 0.4990 -0.1369
vn 0.9850 0.1580 -0.0698
vn 0.7244 0.6657 -0.1791
vn 0.9273 0.3535 -0.1234
vn 0.5272 0.8274 -0.1934
vn 0.9727 0.2298 -0.0310
vn 0.6080 0.7477 -0.2669
vn 0.7918 0.5458 -0.2742
vn 0.6977 0.6644 -0.2680
vn 0.6854 0.3474 0.6399
vn 0.6588 0.5149 0.5486
vn 0.5770 0.6258 0.5249
vn 0.6253 0.5440 0.5595
vn -0.0000 0.9361 -0.3516
vn 0.0322 0.9677 0.2501
vn 0.0712 0.9754 0.2087
vn 0.4897 0.7213 0.4899
vn 0.1550 0.9746 0.1616
vn 0.4866 0.7238 0.4892
vn 0.8272 -0.0279 0.5612
vn 0.8212 0.0246 0.5701
vn 0.8077 0.0454 0.5879
vn 0.8071 0.0834 0.5845
vn 0.7613 0.1925 0.6192
vn 0.7816 0.2931 0.5506
vn 0.6865 0.4208 0.5930
vn 0.5302 0.6221 0.5761
vn 0.5968 0.4807 0.6424
vn 0.4155 0.7334 0.5380
vn 0.1777 0.9506 0.2546
vn 0.4445 0.7207 0.5319
vn 0.7725 -0.0328 0.6341
vn 0.7671 0.0150 0.6414
vn 0.7625 0.0319 0.6462
vn 0.5003 0.5747 0.6476
vn 0.6568 0.2968 0.6932
vn 0.0163 0.9329 -0.3599
vn 0.0326 0.9569 0.2886
vn 0.3046 0.7475 0.5903
vn 0.1390 0.9437 0.3001
vn 0.3884 0.7225 0.5719
vn 0.7446 -0.0284 0.6669
vn 0.7227 0.0182 0.6910
vn 0.7059 0.1319 0.6959
vn 0.5585 0.3879 0.7332
vn 0.0527 0.9475 0.3155
vn 0.1188 0.8973 0.4252
vn 0.4046 0.6909 0.5991
vn 0.7176 -0.0639 0.6936
vn 0.6727 -0.0312 0.7393
vn 0.7043 -0.0254 0.7094
vn 0.6995 0.0018 0.7146
vn 0.6962 0.0057 0.7178
vn 0.6930 0.0053 0.7209
vn 0.6737 0.0083 0.7389
vn 0.6882 0.0041 0.7255
vn 0.6624 0.0593 0.7468
vn 0.5938 0.1032 0.7979
vn 0.2168 0.9095 -0.3546
vn 0.2227 0.9087 0.3530
vn 0.6685 0.3585 0.6516
vn 0.2526 0.8341 0.4904
vn 0.4610 0.4031 0.7906
vn 0.9967 -0.0811 -0.0040
vn 0.9868 -0.0867 0.1368
vn 0.8020 -0.0764 0.5924
vn 0.7994 -0.0282 0.6002
vn 0.9835 -0.0070 0.1807
vn 0.7992 0.0001 0.6011
vn 0.7977 0.0029 0.6030
vn 1.0000 -0.0004 0.0032
vn 0.9819 -0.0000 0.1892
vn 0.7952 0.0025 0.6064
vn 0.7924 -0.0001 0.6100
vn 0.9954 0.0791 -0.0540
vn 0.9722 -0.0350 0.2316
vn 0.7754 0.0274 0.6309
vn 0.9372 0.3177 -0.1438
vn 0.4787 0.8438 -0.2425
vn 0.9592 0.2813 -0.0280
vn 0.5375 0.8382 -0.0925
vn 0.9559 0.1981 0.2167
vn 0.4453 0.8498 0.2822
vn 0.6075 0.3159 0.7288
vn 0.8628 -0.0105 0.5055
vn 0.9097 -0.0082 0.4152
vn 0.8361 0.0839 0.5421
vn 0.8910 0.0940 0.4442
vn 0.7911 0.3255 0.5179
vn 0.6740 0.5196 0.5251
vn 0.7266 0.3793 0.5728
vn 0.9561 -0.0118 -0.2928
vn 0.9999 0.0040 -0.0146
vn 0.9999 0.0125 0.0085
vn 0.9992 0.0315 0.0228
vn 0.9993 0.0280 0.0249
vn 0.9991 0.0201 -0.0362
vn 1.0000 0.0017 -0.0065
vn 0.9551 0.0276 -0.2949
vn 1.0000 0.0063 -0.0052
vn 0.9872 0.0402 -0.1543
vn 0.9992 0.0064 0.0401
vn 0.9994 -0.0313 0.0121
vn 0.9986 -0.0515 -0.0080
vn 0.9986 -0.0035 -0.0524
vn 0.9981 0.0239 -0.0573
vn 1.0000 -0.0065 -0.0060
vn 0.9286 0.1538 -0.3377
vn 0.9999 0.0062 -0.0138
vn 0.9051 0.3025 -0.2988
vn 1.0000 0.0001 -0.0004
vn 0.8674 0.3644 -0.3390
vn 0.9997 0.0202 -0.0166
vn 0.8644 0.3897 -0.3178
vn 0.9957 0.0680 -0.0633
vn 0.9883 0.1478 -0.0368
vn 0.9462 0.3054 -0.1070
vn 0.9999 0.0112 -0.0015
vn 0.9877 0.1370 -0.0747
vn 0.9273 0.3455 -0.1440
vn 0.9996 0.0255 -0.0088
vn 0.8054 0.5908 -0.0478
vn -0.3359 -0.6752 -0.6567
vn -0.2957 -0.6987 -0.6514
vn -0.3327 -0.6951 -0.6373
vn -0.2636 -0.6075 -0.7493
vn -0.1970 -0.4810 -0.8543
vn -0.0387 -0.1200 -0.9920
vn -0.0002 0.0046 -1.0000
vn -0.2662 -0.6296 -0.7299
vn -0.1757 -0.4708 -0.8646
vn -0.1103 -0.3297 -0.9376
vn -0.0150 -0.0688 -0.9975
vn -0.1424 -0.5566 -0.8185
vn -0.2218 -0.6491 -0.7276
vn -0.0738 -0.4305 -0.8996
vn -0.0277 -0.2328 -0.9721
vn -0.0020 -0.0519 -0.9986
vn -0.0274 -0.5054 -0.8624
vn -0.0573 -0.6166 -0.7852
vn -0.0098 -0.4030 -0.9151
vn -0.0015 -0.2079 -0.9782
vn 0.0005 -0.0504 -0.9987
vn 0.0004 -0.4906 -0.8714
vn 0.0006 -0.5955 -0.8033
vn 0.0023 -0.3973 -0.9177
vn 0.0024 -0.2060 -0.9786
vn 0.0010 -0.0519 -0.9987
vn 0.0020 -0.4879 -0.8729
vn 0.0026 -0.3968 -0.9179
vn 0.0020 -0.2074 -0.9783
vn 0.0010 -0.0529 -0.9986
vn 0.0022 -0.4866 -0.8736
vn 0.0027 -0.3966 -0.9180
vn 0.0020 -0.2093 -0.9779
vn 0.0005 -0.0534 -0.9986
vn 0.0027 -0.4859 -0.8740
vn 0.0022 -0.3968 -0.9179
vn 0.0010 -0.2111 -0.9775
vn -0.0005 -0.0544 -0.9985
vn -0.0433 0.3960 0.9172
vn -0.0208 0.3535 0.9352
vn -0.0033 0.3635 0.9316
vn -0.0017 0.4332 0.9013
vn -0.0009 0.3648 0.9311
vn -0.0001 0.3647 0.9311
vn -0.1091 0.6004 0.7922
vn -0.1270 0.6741 0.7276
vn -0.0779 0.5502 0.8314
vn -0.0627 0.5487 0.8336
vn -0.0163 0.6315 0.7752
vn -0.0246 0.6879 0.7254
vn -0.0149 0.5717 0.8203
vn -0.0005 0.6376 0.7703
vn -0.0004 0.6920 0.7219
vn -0.0006 0.5772 0.8166
vn -0.0017 0.5192 0.8546
vn -0.0000 0.6375 0.7704
vn -0.0000 0.5772 0.8166
vn 0.0006 0.9632 -0.2690
vn 0.0007 1.0000 -0.0000
vn 0.0085 0.9743 0.2253
vn 0.0002 0.9637 -0.2671
vn 0.0009 1.0000 -0.0000
vn 0.0110 0.9712 0.2381
vn 0.0159 0.9666 -0.2557
vn 0.0143 0.9999 -0.0000
vn 0.0230 0.9703 0.2409
vn 0.0737 0.9665 -0.2458
vn 0.0389 0.9992 -0.0000
vn 0.0457 0.9780 0.2037
vn 0.1972 0.9290 -0.3132
vn 0.4618 0.8820 -0.0939
vn 0.0540 0.9985 -0.0000
vn 0.1352 0.9693 0.2052
vn 0.0002 0.0645 -0.9979
vn 0.0001 0.9952 -0.0982
vn -0.0000 0.9945 0.1044
vn 0.0001 0.8520 -0.5235
vn -0.0000 0.9937 0.1118
vn 0.0001 0.4726 -0.8813
vn 0.0002 0.8520 -0.5235
vn 0.0001 0.9951 -0.0984
vn 0.0005 0.4723 -0.8815
vn -0.0000 0.9951 -0.0986
vn -0.0000 0.4719 -0.8817
vn -0.0000 0.9951 -0.0987
vn -0.0000 0.9937 0.1116
vn 0.0004 0.4723 -0.8815
vn 0.0002 0.8519 -0.5237
vn -0.0001 0.9951 -0.0987
vn -0.0001 0.9937 0.1116
vn -0.0030 0.4008 0.9161
vn -0.0079 0.3226 0.9465
vn -0.0002 0.9988 -0.0487
vn -0.0003 0.8786 0.4775
vn -0.0014 0.6054 0.7959
vn -0.0001 0.8787 0.4774
vn 0.0003 0.6060 0.7955
vn -0.0003 0.4067 0.9136
vn -0.0011 0.3301 0.9440
vn 0.0001 0.8786 0.4775
vn -0.0000 0.6059 0.7956
vn -0.0000 0.8786 0.4775
vn -0.0007 0.6064 0.7951
vn -0.0010 0.4065 0.9136
vn -0.0009 0.3313 0.9435
vn -0.0001 0.9988 -0.0487
vn -0.0004 0.8787 0.4773
vn -0.0009 0.6072 0.7946
vn -0.0003 0.8788 0.4771
vn -0.0005 0.6075 0.7943
vn 0.0002 0.4066 0.9136
vn -0.0000 0.3315 0.9435
vn 0.0003 0.8788 0.4772
vn 0.0003 0.6076 0.7943
vn 0.0009 0.8787 0.4774
vn 0.0011 0.6076 0.7943
vn -1.0000 -0.0047 -0.0074
vn -0.9970 -0.0272 0.0726
vn -0.9975 -0.0512 0.0494
vn -0.9968 -0.0503 -0.0614
vn -0.9974 0.0594 -0.0410
vn -0.9999 -0.0127 0.0116
vn -0.9970 -0.0722 0.0268
vn -0.9972 -0.0671 -0.0328
vn -0.9964 0.0315 -0.0790
vn -0.9990 0.0118 -0.0421
vn -1.0000 -0.0054 0.0037
vn -0.9961 -0.0542 -0.0696
vn -0.9991 -0.0197 -0.0367
vn -0.9974 -0.0375 -0.0618
vn -0.9944 0.0528 0.0919
vn -0.9946 0.0785 0.0684
vn -0.9957 0.0613 0.0694
vn -0.9934 0.0034 0.1146
vn -0.9996 0.0021 0.0282
vn -0.9997 -0.0232 -0.0038
vn -0.9942 -0.0555 0.0919
vn -0.9947 -0.0747 0.0713
vn -0.9956 -0.0493 0.0795
vn -1.0000 -0.0056 0.0059
vn -0.9961 -0.0864 0.0199
vn -0.9845 -0.0932 0.1485
vn -0.9747 0.0487 0.2182
vn -0.9188 0.0849 0.3856
vn -0.7746 0.1143 0.6220
vn -0.7211 0.1241 0.6816
vn -0.9989 0.0031 0.0475
vn -0.7957 0.0606 0.6027
vn -0.8808 -0.0833 0.4661
vn -0.7154 0.0665 0.6955
vn -0.6809 -0.0345 0.7315
vn -0.6505 -0.0909 0.7540
vn -0.5665 -0.0905 0.8191
vn -0.5893 0.0251 0.8075
vn -0.7596 0.3246 0.5636
vn -0.5556 0.1676 0.8144
vn -0.4194 0.3961 0.8168
vn -0.5154 0.1178 0.8488
vn -0.6309 0.0612 0.7735
vn -0.5184 0.0769 0.8516
vn -0.6692 0.0071 0.7430
vn -0.5246 0.0302 0.8508
vn -0.6337 -0.0359 0.7727
vn -0.5289 -0.0195 0.8485
vn -0.5714 -0.0485 0.8193
vn -0.5056 -0.0455 0.8615
vn -0.4440 0.2645 0.8561
vn -0.4121 0.0743 0.9081
vn -0.4360 0.3015 0.8480
vn -0.4182 0.3072 0.8548
vn -0.4092 0.4272 0.8063
vn -0.3981 0.3789 0.8354
vn -0.9992 -0.0319 -0.0254
vn -0.9999 -0.0016 -0.0161
vn -1.0000 -0.0001 -0.0001
vn -0.9944 0.0926 -0.0514
vn -0.9977 0.0447 -0.0518
vn -0.9945 0.0706 -0.0773
vn -0.9934 0.0344 -0.1097
vn -1.0000 0.0068 -0.0072
vn -0.9952 0.0760 -0.0615
vn -0.9879 0.0982 -0.1202
vn -0.9905 0.1358 0.0227
vn -0.9721 0.2167 0.0895
vn -0.9433 0.3303 -0.0329
vn -0.9115 0.4000 0.0955
vn -0.7744 0.6223 -0.1139
vn -0.8669 0.4464 -0.2216
vn -0.6399 0.7201 0.2683
vn -0.5214 0.8070 0.2771
vn -0.7451 0.5647 0.3549
vn -0.4180 0.8081 0.4150
vn -0.7221 0.6808 -0.1231
vn -0.6825 0.6985 -0.2151
vn -0.5886 0.7679 -0.2527
vn -0.7421 0.6284 -0.2332
vn -0.4475 0.8943 -0.0031
vn -0.4148 0.8931 0.1743
vn -0.6169 0.7143 0.3304
vn -0.4470 0.8426 0.3003
vn -0.4247 0.8316 0.3578
vn -0.3966 0.8240 0.4047
vn -0.4041 0.8031 0.4379
vn -0.5163 0.8484 -0.1169
vn -0.5147 0.8401 -0.1714
vn -0.4978 0.8515 -0.1649
vn -0.4590 0.8881 0.0234
vn -0.4171 0.8821 0.2188
vn -0.4022 0.8711 0.2817
vn -0.4228 0.8468 0.3228
vn -0.4078 0.8420 0.3533
vn -1.0000 -0.0006 0.0005
vn -0.9974 0.0226 0.0678
vn -0.9936 0.0798 0.0798
vn -0.9973 0.0697 0.0236
vn -0.6109 0.4906 0.6214
vn -0.6551 0.2248 0.7213
vn -0.8477 0.3820 0.3681
vn -0.6385 0.4423 0.6298
vn -0.4155 0.5249 0.7429
vn -0.8771 0.3060 0.3703
vn -0.4032 0.5861 0.7028
vn -0.8773 0.3699 0.3059
vn -0.3909 0.6504 0.6513
vn -0.6345 0.6358 0.4396
vn -0.8470 0.3708 0.3810
vn -0.4027 0.7050 0.5838
vn -0.6463 0.7293 0.2247
vn -0.6058 0.6279 0.4887
vn -0.4123 0.7485 0.5194
vn -0.4183 0.4709 0.7767
vn -0.3991 0.4564 0.7953
vn -0.4085 0.5415 0.7348
vn -0.3955 0.5060 0.7665
vn -0.4000 0.6123 0.6819
vn -0.4036 0.5677 0.7175
vn -0.4186 0.5586 0.7161
vn -0.4026 0.6590 0.6354
vn -0.4013 0.6330 0.6620
vn -0.4104 0.6187 0.6699
vn -0.4038 0.7214 0.5626
vn -0.4019 0.6834 0.6094
vn -0.4140 0.6681 0.6182
vn -0.4098 0.7854 0.4638
vn -0.3917 0.7746 0.4965
vn -0.4076 0.7394 0.5358
vn -0.4197 0.7204 0.5522
vn -0.3981 0.7966 0.4548
vn -0.5012 0.8565 -0.1237
vn -0.4900 0.8699 0.0558
vn -0.5392 0.1139 0.8344
vn -0.5529 0.0278 0.8328
vn -0.5182 -0.0136 0.8551
vn -0.4761 0.1489 0.8667
vn -0.4317 0.3159 0.8449
vn -0.5735 0.1098 0.8118
vn -0.5814 0.0220 0.8133
vn -0.5664 0.0161 0.8240
vn -0.5277 0.1770 0.8308
vn -0.4929 0.2627 0.8295
vn -0.5167 0.2009 0.8323
vn -0.4999 0.3136 0.8073
vn -0.6174 0.0902 0.7814
vn -0.6255 0.0642 0.7776
vn -0.6325 0.0232 0.7742
vn -0.5667 0.1949 0.8005
vn -0.6057 0.0712 0.7925
vn -0.5438 0.2139 0.8115
vn -0.5795 0.2206 0.7846
vn -0.5386 0.3027 0.7863
vn -0.5179 0.3457 0.7824
vn -0.6302 0.0382 0.7755
vn -0.5601 0.1469 0.8153
vn -0.5632 0.2328 0.7928
vn -0.4513 0.0359 0.8916
vn -0.4175 0.0284 0.9082
vn -0.3136 0.1872 0.9309
vn -0.2941 0.3306 0.8968
vn -0.3657 0.3819 0.8488
vn -0.0535 0.0144 0.9985
vn -0.0658 0.0833 0.9944
vn -0.0626 0.0555 0.9965
vn -0.0481 0.1511 0.9873
vn -0.0384 0.2598 0.9649
vn -0.0387 0.2692 0.9623
vn -0.0368 0.2679 0.9627
vn -0.0452 0.3795 0.9241
vn -0.0404 0.4184 0.9073
vn 0.0277 0.0026 0.9996
vn 0.0134 0.0815 0.9966
vn 0.0185 0.2452 0.9693
vn -0.0003 0.2671 0.9637
vn 0.0052 0.3935 0.9193
vn -0.5736 0.8142 -0.0896
vn -0.4260 0.8726 0.2388
vn -0.4147 0.8419 0.3452
vn -0.4440 0.4908 0.7496
vn -0.4330 0.4177 0.7988
vn -0.4224 0.5333 0.7329
vn -0.4369 0.6206 0.6512
vn -0.4345 0.6480 0.6255
vn -0.4209 0.7396 0.5251
vn -0.4317 0.7932 0.4294
vn -0.4387 0.7617 0.4768
vn -0.4828 0.5089 0.7127
vn -0.5122 0.6064 0.6082
vn -0.4818 0.7202 0.4992
vn -0.5120 0.4076 0.7561
vn -0.5210 0.5111 0.6836
vn -0.5223 0.4767 0.7071
vn -0.5222 0.7130 0.4679
vn -0.5221 0.6898 0.5015
vn -0.5078 0.7566 0.4119
vn -0.3983 0.4816 0.7807
vn -0.4234 0.5882 0.6890
vn -0.4240 0.6920 0.5843
vn -0.4151 0.7791 0.4698
vn -0.0476 0.5568 0.8293
vn -0.0448 0.5695 0.8208
vn -0.0448 0.5542 0.8312
vn -0.0441 0.6960 0.7167
vn -0.0451 0.6313 0.7742
vn -0.0426 0.7000 0.7129
vn -0.0445 0.7074 0.7054
vn -0.0379 0.7841 0.6195
vn -0.0391 0.7236 0.6891
vn -0.0448 0.8208 0.5695
vn -0.0390 0.8227 0.5671
vn -0.0376 0.8236 0.5659
vn 0.0011 0.5593 0.8289
vn 0.0032 0.6991 0.7150
vn 0.0151 0.6132 0.7898
vn 0.0111 0.7957 0.6056
vn 0.0053 0.7189 0.6951
vn -0.0001 0.8205 0.5717
vn -0.5356 0.3819 0.7532
vn -0.3803 0.4129 0.8276
vn -0.0768 0.4281 0.9005
vn -0.4050 0.5255 0.7482
vn -0.0271 0.4422 0.8965
vn -0.0260 0.4145 0.9097
vn -0.0462 0.5277 0.8482
vn -0.0434 0.4709 0.8811
vn 0.0058 0.4347 0.9005
vn 0.0129 0.4990 0.8665
vn -0.5551 0.8268 -0.0904
vn -0.5442 0.8200 -0.1772
vn -0.5070 0.8587 -0.0741
vn -0.4582 0.8856 0.0753
vn -0.4449 0.8732 0.1987
vn -0.4709 0.8469 0.2469
vn -0.5001 0.8601 0.1008
vn -0.4862 0.8125 0.3217
vn -0.5261 0.8432 0.1109
vn -0.5372 0.7884 0.2999
vn -0.5148 0.7711 0.3747
vn -0.6176 0.7814 -0.0897
vn -0.5599 0.8286 0.0003
vn -0.5303 0.8194 0.2176
vn -0.6258 0.7773 -0.0639
vn -0.6130 0.7890 0.0418
vn -0.5301 0.8196 0.2175
vn -0.4221 0.8586 0.2910
vn -0.4515 0.8916 -0.0356
vn -0.3922 0.9183 0.0539
vn -0.3212 0.9280 0.1886
vn -0.4109 0.8147 0.4091
vn -0.0400 0.9401 0.3385
vn -0.0444 0.9146 0.4019
vn -0.0535 0.9985 -0.0143
vn -0.0410 0.9957 0.0825
vn -0.0381 0.9965 0.0739
vn -0.0377 0.9871 0.1559
vn -0.0362 0.9621 0.2702
vn -0.0350 0.9593 0.2802
vn -0.0338 0.9639 0.2639
vn 0.0071 0.9352 0.3540
vn 0.0277 0.9996 -0.0026
vn 0.0117 0.9959 0.0895
vn 0.0199 0.9674 0.2526
vn -0.0035 0.9633 0.2685
vn -0.5408 0.7452 0.3901
vn -0.4109 0.8040 0.4299
vn -0.4271 0.7408 0.5184
vn -0.0989 0.8937 0.4376
vn -0.0519 0.8774 0.4770
vn -0.0483 0.8498 0.5249
vn -0.0347 0.9082 0.4171
vn -0.0386 0.8889 0.4566
vn 0.0115 0.8632 0.5047
vn 0.0119 0.9007 0.4342
vn 0.7135 0.4160 0.5638
vn 0.7083 0.4992 0.4991
vn 0.7468 0.4247 0.5119
vn 0.7131 0.5629 0.4180
vn 0.7471 0.5114 0.4247
vn 0.8373 0.1837 0.5149
vn 0.8252 0.2040 0.5268
vn 0.7285 0.2536 0.6364
vn 1.0000 -0.0000 -0.0064
vn 0.7853 0.3012 0.5409
vn 0.7191 0.3937 0.5726
vn 0.7007 0.3241 0.6355
vn 0.7628 0.4203 0.4913
vn 0.7259 0.4758 0.4967
vn 0.7156 0.4187 0.5591
vn 0.7625 0.4908 0.4215
vn 0.7152 0.5587 0.4200
vn 0.7257 0.4967 0.4760
vn 0.8369 0.5164 0.1813
vn 0.8247 0.5274 0.2041
vn 0.7299 0.6351 0.2528
vn 0.7851 0.5401 0.3033
vn 0.7009 0.6343 0.3262
vn 0.7188 0.5711 0.3965
vn 0.9058 0.0079 0.4235
vn 0.9097 0.0493 0.4123
vn 0.9171 0.1136 0.3821
vn 0.9422 0.0906 0.3225
vn 0.9241 0.1604 0.3468
vn 0.9434 0.1290 0.3057
vn 0.8899 0.1354 0.4355
vn 0.8893 0.2120 0.4052
vn 0.8342 -0.0033 0.5514
vn 0.8471 0.0668 0.5272
vn 0.8646 -0.0003 0.5024
vn 0.8036 0.2321 0.5480
vn 0.8108 0.1752 0.5585
vn 0.8165 0.3024 0.4918
vn 0.8512 0.3095 0.4239
vn 0.8614 0.2412 0.4471
vn 0.7920 0.0013 0.6105
vn 0.7977 0.1182 0.5913
vn 0.7891 0.3722 0.4886
vn 0.7374 -0.0007 0.6754
vn 0.7318 0.1393 0.6671
vn 0.7108 0.2868 0.6423
vn 0.7511 0.3476 0.5613
vn 0.7574 0.2628 0.5978
vn 0.7372 -0.0015 0.6756
vn 0.7309 0.1356 0.6689
vn 0.0409 0.0073 0.9991
vn 0.0662 0.0754 0.9950
vn 0.0306 0.2398 0.9703
vn 0.0395 0.2742 0.9609
vn 0.0432 0.3904 0.9196
vn 0.9313 0.0150 0.3640
vn 0.5325 0.0184 0.8462
vn 0.5231 0.0741 0.8490
vn 0.9254 0.0132 0.3788
vn 0.4981 0.0236 0.8668
vn 0.4471 0.0886 0.8901
vn 0.9540 0.0747 0.2903
vn 0.9162 0.0824 0.3920
vn 0.3468 0.1857 0.9194
vn 0.9277 0.1068 0.3577
vn 0.8792 0.1389 0.4557
vn 0.4262 0.4696 0.7732
vn 0.2135 0.2027 0.9557
vn 0.9593 0.1133 0.2585
vn 0.9091 0.1250 0.3973
vn 0.4810 0.2804 0.8306
vn 0.8891 0.2033 0.4102
vn 0.5018 0.4707 0.7257
vn 0.3360 0.3389 0.8788
vn 0.9326 0.0110 0.3606
vn 0.9528 0.0123 0.3033
vn 0.9368 0.0290 0.3487
vn 0.9522 0.0181 0.3048
vn 0.9451 0.0745 0.3183
vn 0.9060 0.4232 -0.0105
vn 0.9104 0.4101 0.0540
vn 0.9175 0.3821 0.1107
vn 0.9251 0.3455 0.1578
vn 0.9416 0.3250 0.0883
vn 0.9431 0.3080 0.1250
vn 0.8858 0.4425 0.1397
vn 0.8899 0.4022 0.2151
vn 0.8049 0.5466 0.2312
vn 0.8173 0.4883 0.3059
vn 0.8623 0.4428 0.2457
vn 0.8514 0.4210 0.3128
vn 0.8236 0.5374 0.1814
vn 0.8343 0.5513 -0.0005
vn 0.8647 0.5022 -0.0029
vn 0.8482 0.5243 0.0756
vn 0.7892 0.4874 0.3737
vn 0.7921 0.6104 -0.0056
vn 0.7980 0.5911 0.1170
vn 0.7113 0.6414 0.2875
vn 0.7583 0.5964 0.2632
vn 0.7514 0.5583 0.3518
vn 0.7374 0.6755 -0.0044
vn 0.7330 0.6662 0.1376
vn 0.7372 0.6756 -0.0039
vn 0.7314 0.6686 0.1339
vn 0.0422 0.5583 0.8286
vn 0.0421 0.7003 0.7126
vn 0.0276 0.6127 0.7898
vn 0.0268 0.7960 0.6047
vn 0.0360 0.7155 0.6977
vn 0.0404 0.8204 0.5704
vn 0.9364 0.2013 0.2876
vn 0.9505 0.1919 0.2445
vn 0.9111 0.2246 0.3456
vn 0.4649 0.4120 0.7836
vn 0.8838 0.2589 0.3897
vn 0.3190 0.6609 0.6792
vn 0.2750 0.4421 0.8538
vn 0.9519 0.2160 0.2173
vn 0.9273 0.2481 0.2803
vn 0.3752 0.7274 0.5746
vn 0.3477 0.5265 0.7758
vn 0.8986 0.3050 0.3154
vn 0.3826 0.7142 0.5861
vn 0.3826 0.5783 0.7206
vn 0.9479 0.2502 0.1970
vn 0.9278 0.2880 0.2371
vn 0.3420 0.7865 0.5143
vn 0.3726 0.5773 0.7266
vn 0.9347 0.2881 0.2080
vn 0.9102 0.3395 0.2373
vn 0.4695 0.7756 0.4219
vn 0.8838 0.3890 0.2599
vn 0.2762 0.8449 0.4581
vn 0.3169 0.6878 0.6531
vn 0.9134 0.2307 0.3354
vn 0.9324 0.1865 0.3096
vn 0.9471 0.1833 0.2635
vn 0.9502 0.1441 0.2762
vn 0.9070 0.2981 0.2974
vn 0.9241 0.2483 0.2905
vn 0.9461 0.2231 0.2349
vn 0.9478 0.1952 0.2522
vn 0.9129 0.3327 0.2363
vn 0.9246 0.2900 0.2471
vn 0.9477 0.2540 0.1935
vn 0.9462 0.2337 0.2238
vn 0.9329 0.3041 0.1932
vn 0.9500 0.2741 0.1497
vn 0.9466 0.2582 0.1930
vn 0.8790 0.2994 0.3712
vn 0.8788 0.3702 0.3011
vn 0.8092 0.4156 0.4153
vn 0.8459 0.4025 0.3501
vn 0.8458 0.3503 0.4023
vn 0.1206 0.4304 0.8946
vn 0.0118 0.4180 0.9084
vn 0.0264 0.5022 0.8644
vn 0.9260 0.1294 0.3546
vn 0.5335 0.3741 0.7586
vn 0.8965 0.2204 0.3844
vn 0.4459 0.6231 0.6427
vn 0.3547 0.3598 0.8630
vn 0.0382 0.9342 0.3548
vn 0.0405 0.9992 -0.0075
vn 0.0576 0.9945 0.0872
vn 0.0252 0.9687 0.2469
vn 0.0384 0.9602 0.2767
vn 0.9542 0.2897 0.0750
vn 0.9604 0.2571 0.1072
vn 0.9239 0.3677 0.1056
vn 0.9046 0.4103 0.1151
vn 0.4717 0.8420 0.2616
vn 0.8859 0.4172 0.2028
vn 0.3460 0.8831 0.3167
vn 0.5361 0.7246 0.4331
vn 0.9312 0.3641 -0.0165
vn 0.5321 0.8464 -0.0192
vn 0.5158 0.8538 0.0713
vn 0.9242 0.3811 0.0240
vn 0.4874 0.8721 0.0436
vn 0.4380 0.8942 0.0923
vn 0.9136 0.3963 0.0914
vn 0.3388 0.9206 0.1940
vn 0.8719 0.4675 0.1456
vn 0.2035 0.9553 0.2145
vn 0.4081 0.7831 0.4692
vn 0.9328 0.3602 -0.0132
vn 0.9529 0.3029 -0.0140
vn 0.9377 0.3456 0.0360
vn 0.9530 0.3019 0.0259
vn 0.9452 0.3166 0.0799
vn 0.0271 0.8621 0.5061
vn 0.1296 0.8897 0.4377
vn 0.0086 0.9086 0.4176
vn 0.9238 0.3566 0.1394
vn 0.5718 0.7207 0.3920
vn 0.8936 0.3889 0.2240
vn 0.3713 0.8513 0.3706
vn 0.4517 0.6437 0.6177
vn 1.0000 0.0006 0.0004
vn 1.0000 0.0008 -0.0003
vn 1.0000 -0.0001 0.0049
vn 0.9996 -0.0004 0.0271
vn 0.8264 -0.0014 0.5631
vn 0.9996 0.0086 0.0254
vn 0.9293 0.1381 0.3426
vn 0.8084 0.0460 0.5868
vn 0.9999 0.0032 0.0102
vn 0.9849 0.0677 0.1596
vn 0.9995 0.0297 -0.0097
vn 1.0000 -0.0003 0.0008
vn 0.9979 -0.0135 0.0635
vn 0.9990 -0.0430 -0.0153
vn 0.9987 -0.0085 -0.0493
vn 0.9999 0.0072 0.0150
vn 0.8238 0.3797 0.4209
vn 0.8224 0.1712 0.5426
vn 1.0000 0.0057 0.0046
vn 0.8442 0.3934 0.3642
vn 0.8436 0.3644 0.3944
vn 1.0000 0.0047 0.0002
vn 1.0000 0.0057 0.0047
vn 0.9856 0.1558 0.0656
vn 1.0000 0.0077 0.0052
vn 0.8235 0.5400 0.1737
vn 0.8244 0.4191 0.3803
vn 0.9996 0.0271 -0.0004
vn 0.8255 0.5644 -0.0021
vn 0.9996 0.0255 0.0085
vn 0.8090 0.5862 0.0447
vn 0.9300 0.3422 0.1339
vn 0.1412 -0.9334 -0.3300
vn 0.0003 -0.9461 -0.3238
vn -0.0000 -0.9237 -0.3830
vn -0.0000 -0.9461 -0.3239
vn 0.0084 -0.9700 -0.2430
vn -0.0000 -0.9771 -0.2127
vn -0.0010 -0.9772 -0.2123
vn 0.2222 -0.9656 0.1352
vn 0.1070 -0.9920 -0.0662
vn 0.2604 -0.9192 0.2956
vn 0.4403 -0.6255 0.6441
vn 0.4510 -0.4376 0.7779
vn 0.5359 -0.1212 0.8355
vn 0.4386 -0.6672 0.6020
vn 0.5040 -0.2669 0.8214
vn 0.5163 -0.1552 0.8422
vn 0.4809 -0.1285 0.8673
vn 0.0173 -0.9742 -0.2251
vn 0.1174 -0.9274 -0.3551
vn 0.7280 -0.6856 -0.0035
vn 0.8650 -0.4338 0.2522
vn 0.4959 -0.5695 0.6555
vn 0.8630 -0.1528 0.4815
vn 0.8573 -0.0670 0.5105
vn 0.8342 -0.0443 0.5497
vn 0.8587 -0.0544 0.5096
vn 0.8703 -0.0494 0.4900
vn 0.3917 -0.9200 -0.0136
vn 0.5816 -0.7792 0.2337
vn 0.6051 -0.6486 0.4616
vn 0.8077 -0.2699 0.5242
vn 0.7517 -0.1945 0.6302
vn 0.7920 -0.0615 0.6074
vn 0.7962 -0.0437 0.6035
vn 0.1429 -0.9889 -0.0405
vn 0.6822 -0.6326 0.3665
vn 0.6439 -0.7005 0.3077
vn 0.7731 -0.0969 0.6269
vn 0.7433 -0.1033 0.6610
vn 0.7611 -0.0648 0.6454
vn 0.7228 -0.0537 0.6890
vn 0.7473 -0.0499 0.6626
vn 0.7428 -0.0129 0.6694
vn 0.1039 -0.9924 -0.0666
vn 0.2170 -0.9667 -0.1353
vn 0.6980 -0.6508 0.2987
vn 0.5853 -0.6991 0.4107
vn 0.7196 -0.4516 0.5274
vn 0.7434 -0.2389 0.6247
vn 0.6975 -0.1126 0.7077
vn 0.6710 -0.0569 0.7393
vn 0.7124 -0.0543 0.6997
vn 0.6885 -0.0452 0.7238
vn 0.6988 -0.0117 0.7152
vn 0.1277 -0.9917 0.0150
vn 0.4695 -0.7556 0.4568
vn 0.6926 -0.2750 0.6669
vn 0.5682 -0.2579 0.7815
vn 0.6213 -0.0696 0.7805
vn 0.6572 -0.0622 0.7511
vn 0.6501 -0.0363 0.7589
vn 0.3505 -0.8438 0.4064
vn 0.6544 -0.3914 0.6469
vn 0.5320 -0.3128 0.7869
vn 0.5763 -0.0995 0.8112
vn 0.5960 -0.0825 0.7987
vn 0.5574 -0.0389 0.8293
vn 0.0070 -0.8904 -0.4551
vn 0.0243 -0.8361 -0.5480
vn 0.8602 -0.0048 0.5100
vn 0.8055 -0.0051 0.5926
vn 0.8071 -0.0030 0.5904
vn 0.7432 -0.0034 0.6690
vn 0.7429 -0.0034 0.6694
vn 0.7426 -0.0035 0.6697
vn 0.7425 -0.0029 0.6699
vn 0.6996 -0.0037 0.7145
vn 0.6994 -0.0037 0.7147
vn 0.6992 -0.0037 0.7149
vn 0.6992 -0.0028 0.7149
vn 0.6369 -0.0050 0.7709
vn 0.6348 -0.0038 0.7726
vn 0.5559 -0.0052 0.8313
vn 0.0001 -0.9462 -0.3236
vn -0.0002 -0.9241 -0.3823
vn 0.0002 -0.9463 -0.3232
vn 0.0001 -0.9719 -0.2355
vn 0.0033 -0.9793 -0.2025
vn 0.1131 -0.9852 0.1290
vn 0.0013 -0.9773 -0.2117
vn 0.4481 -0.6570 0.6063
vn 0.3919 -0.5097 0.7659
vn 0.4505 -0.1976 0.8706
vn 0.4309 -0.0455 0.9012
vn 0.1151 -0.9903 0.0775
vn 0.2787 -0.8431 0.4600
vn 0.3753 -0.7359 0.5636
vn 0.4353 -0.4916 0.7543
vn 0.5230 -0.2853 0.8032
vn 0.3589 -0.1884 0.9142
vn 0.2139 -0.9591 0.1856
vn 0.4056 -0.6635 0.6287
vn 0.3481 -0.3496 0.8698
vn 0.3443 -0.7358 0.5831
vn 0.4255 -0.5032 0.7522
vn 0.3299 -0.3112 0.8912
vn 0.0198 -0.9758 0.2178
vn 0.4085 -0.5641 0.7176
vn 0.3984 -0.2500 0.8825
vn 0.4230 -0.1428 0.8948
vn 0.3040 -0.0782 0.9495
vn 0.3467 -0.0151 0.9378
vn 0.2236 -0.9516 0.2107
vn 0.2885 -0.8448 0.4506
vn 0.3964 -0.6325 0.6655
vn 0.3515 -0.4829 0.8020
vn 0.3901 -0.2145 0.8954
vn 0.3536 -0.0258 0.9350
vn 0.0962 -0.9944 -0.0429
vn 0.2249 -0.9188 0.3245
vn 0.3871 -0.6865 0.6156
vn 0.3985 -0.4740 0.7852
vn 0.4110 -0.3247 0.8518
vn 0.3374 -0.2269 0.9136
vn 0.3544 -0.0430 0.9341
vn 0.3451 -0.0038 0.9386
vn 0.2550 -0.8950 0.3661
vn 0.3873 -0.7143 0.5829
vn 0.3498 -0.6155 0.7062
vn 0.4470 -0.3989 0.8007
vn 0.3787 -0.1412 0.9147
vn 0.3892 -0.0731 0.9182
vn 0.3264 -0.0442 0.9442
vn 0.3412 -0.0058 0.9400
vn -0.0001 -0.8858 -0.4641
vn -0.0000 -0.8331 -0.5531
vn 0.4091 -0.0178 0.9123
vn 0.0001 -0.9465 -0.3226
vn 0.0001 -0.9238 -0.3828
vn 0.0001 -0.9468 -0.3219
vn -0.0080 -0.9698 -0.2436
vn -0.0018 -0.9783 -0.2074
vn 0.2299 -0.9729 0.0253
vn 0.0004 -0.9674 -0.2533
vn 0.0004 -0.9760 -0.2179
vn 0.1484 -0.9846 0.0923
vn 0.0868 -0.9909 -0.1032
vn 0.2382 -0.9462 0.2191
vn 0.3050 -0.9087 0.2850
vn 0.4373 -0.7777 0.4517
vn 0.4551 -0.7627 0.4596
vn 0.0002 -0.9809 -0.1944
vn 0.1203 -0.9795 0.1615
vn 0.2950 -0.8286 0.4758
vn 0.3527 -0.7728 0.5276
vn 0.3774 -0.6398 0.6695
vn 0.3639 -0.5282 0.7672
vn 0.3246 -0.3804 0.8660
vn 0.3730 -0.1301 0.9187
vn 0.3435 -0.0103 0.9391
vn 0.1335 -0.9827 0.1280
vn 0.2587 -0.9017 0.3466
vn 0.3466 -0.7274 0.5923
vn 0.4074 -0.5825 0.7034
vn 0.3772 -0.2988 0.8766
vn 0.4070 -0.1886 0.8938
vn 0.3364 -0.1510 0.9295
vn 0.1488 -0.9751 0.1646
vn 0.2902 -0.8680 0.4028
vn 0.3073 -0.8366 0.4535
vn 0.3269 -0.7521 0.5723
vn 0.3504 -0.6425 0.6815
vn 0.3377 -0.5078 0.7925
vn 0.3863 -0.2381 0.8911
vn 0.3465 -0.0284 0.9376
vn 0.2165 -0.9348 0.2815
vn 0.2874 -0.8296 0.4787
vn 0.3267 -0.2579 0.9092
vn 0.0415 -0.9926 0.1139
vn 0.2501 -0.8335 0.4927
vn 0.3472 -0.6083 0.7138
vn 0.3622 -0.4630 0.8090
vn 0.4460 -0.2917 0.8461
vn 0.3115 -0.2072 0.9274
vn 0.3542 -0.0515 0.9338
vn 0.3437 -0.0440 0.9380
vn 0.2183 -0.9043 0.3668
vn 0.2675 -0.8121 0.5185
vn 0.3808 -0.6333 0.6737
vn 0.3188 -0.5354 0.7821
vn 0.3716 -0.3486 0.8605
vn 0.2672 -0.8702 0.4140
vn 0.3747 -0.7245 0.5785
vn 0.3767 -0.6647 0.6453
vn 0.3973 -0.5506 0.7342
vn 0.5273 -0.3725 0.7637
vn 0.3452 -0.3160 0.8837
vn 0.4526 -0.1192 0.8837
vn 0.3884 -0.0793 0.9181
vn 0.4405 -0.0156 0.8976
vn 0.4975 -0.5698 0.6541
vn 0.5090 -0.4867 0.7100
vn 0.4774 -0.3950 0.7849
vn 0.5574 -0.1421 0.8180
vn 0.5508 -0.0216 0.8344
vn 0.0002 -0.8858 -0.4640
vn 0.0001 -0.8330 -0.5532
vn 0.3426 -0.0058 0.9395
vn 0.3494 -0.0048 0.9370
vn 0.3410 -0.0050 0.9401
vn 0.3491 -0.0050 0.9371
vn 0.3492 -0.0060 0.9370
vn 0.3401 -0.0045 0.9404
vn 0.3483 -0.0030 0.9374
vn 0.4364 -0.0064 0.8997
vn 0.3932 -0.0036 0.9194
vn 0.3901 -0.0054 0.9208
vn 0.4025 0.0070 0.9154
vn 0.4150 -0.0028 0.9098
vn 0.5476 -0.0076 0.8367
vn 0.4944 -0.0079 0.8692
vn 0.5466 -0.0082 0.8374
vn 0.4343 -0.0067 0.9008
vn 0.5446 -0.0080 0.8386
vn 0.4335 -0.0063 0.9011
vn 0.5419 -0.0070 0.8404
vn 0.4329 -0.0055 0.9014
vn 0.0071 -0.9436 -0.3311
vn 0.0110 -0.9108 -0.4127
vn 0.1752 -0.9596 -0.2202
vn 0.2233 -0.9281 -0.2980
vn 0.2233 -0.9328 -0.2828
vn 0.2020 -0.9241 -0.3245
vn 0.3442 -0.9040 -0.2536
vn 0.1808 -0.9295 -0.3215
vn 0.2206 -0.9123 -0.3452
vn 0.2277 -0.9159 -0.3307
vn 0.2877 -0.9063 -0.3094
vn 0.1944 -0.8768 -0.4398
vn 0.3544 -0.8645 -0.3564
vn 0.4737 -0.8507 -0.2276
vn 0.5548 -0.7957 -0.2430
vn 0.5357 -0.7968 -0.2797
vn 0.4017 -0.8659 -0.2982
vn 0.4807 -0.8341 -0.2706
vn 0.5728 -0.7655 -0.2929
vn 0.5544 -0.7860 -0.2735
vn 0.6962 -0.6847 -0.2157
vn 0.7005 -0.6896 -0.1839
vn 0.3918 -0.8386 -0.3785
vn 0.5420 -0.7753 -0.3243
vn 0.5301 -0.7614 -0.3732
vn 0.6950 -0.6665 -0.2698
vn 0.7024 -0.6680 -0.2459
vn 0.7049 -0.6734 -0.2226
vn 0.7474 -0.6322 -0.2042
vn 0.8169 -0.5501 -0.1731
vn 0.8793 -0.4558 -0.1382
vn 0.7961 -0.5840 -0.1584
vn 0.7387 -0.6310 -0.2370
vn 0.8151 -0.5434 -0.2008
vn 0.8847 -0.4370 -0.1624
vn 0.8075 -0.5599 -0.1859
vn 0.9379 -0.3273 -0.1147
vn 0.9510 -0.2957 -0.0907
vn 0.9631 -0.2637 -0.0543
vn 0.0846 -0.9841 -0.1564
vn 0.2425 -0.9656 0.0942
vn 0.0046 -0.9676 -0.2524
vn 0.0230 -0.9776 -0.2090
vn 0.5437 -0.7710 0.3315
vn 0.5146 -0.7823 0.3510
vn 0.5877 -0.6118 0.5294
vn 0.6072 -0.5343 0.5880
vn 0.6311 -0.5188 0.5767
vn 0.1812 -0.9794 -0.0892
vn 0.2903 -0.9567 -0.0227
vn 0.3326 -0.9414 0.0558
vn 0.2087 -0.9476 -0.2417
vn 0.2207 -0.9515 -0.2145
vn 0.2470 -0.9541 -0.1693
vn 0.2486 -0.9368 -0.2463
vn 0.5017 -0.8641 -0.0400
vn 0.5608 -0.8265 0.0492
vn 0.6668 -0.7278 0.1602
vn 0.5815 -0.7658 0.2745
vn 0.6393 -0.6709 0.3757
vn 0.7499 -0.5105 0.4207
vn 0.7082 -0.5250 0.4719
vn 0.7301 -0.2950 0.6164
vn 0.7936 -0.1745 0.5829
vn 0.6802 -0.1679 0.7135
vn 0.7820 -0.0390 0.6220
vn 0.7091 -0.0348 0.7043
vn 0.3691 -0.9059 -0.2075
vn 0.4357 -0.8846 -0.1660
vn 0.4956 -0.8637 -0.0915
vn 0.5556 -0.8314 -0.0081
vn 0.6150 -0.7804 0.1133
vn 0.6354 -0.7395 0.2221
vn 0.6978 -0.6918 -0.1857
vn 0.7123 -0.6860 -0.1485
vn 0.7437 -0.6672 -0.0429
vn 0.7953 -0.6009 0.0797
vn 0.8301 -0.5300 0.1732
vn 0.8590 -0.4121 0.3037
vn 0.7300 -0.5155 0.4488
vn 0.7966 -0.3744 0.4746
vn 0.8950 -0.3286 0.3016
vn 0.8938 -0.2433 0.3767
vn 0.9000 -0.1760 0.3987
vn 0.7636 -0.1630 0.6247
vn 0.9101 -0.0558 0.4107
vn 0.8775 -0.0444 0.4775
vn 0.8078 -0.0432 0.5879
vn 0.7252 -0.6702 -0.1575
vn 0.7790 -0.6161 -0.1166
vn 0.8310 -0.5562 -0.0066
vn 0.8465 -0.5211 0.1092
vn 0.9339 -0.3469 -0.0872
vn 0.9441 -0.3239 -0.0612
vn 0.9566 -0.2899 0.0289
vn 0.9673 -0.2135 0.1372
vn 0.9270 -0.3009 0.2240
vn 0.9521 -0.1293 0.2771
vn 0.9736 -0.2212 -0.0559
vn 0.9860 -0.1642 -0.0286
vn 0.9904 -0.1228 0.0628
vn 0.9787 -0.0920 0.1836
vn 0.9735 -0.0554 0.2217
vn 0.9255 -0.0453 0.3760
vn 0.6332 -0.2437 0.7346
vn 0.6740 -0.1315 0.7269
vn 0.5810 -0.1104 0.8064
vn 0.0843 -0.7998 -0.5943
vn 0.2283 -0.7935 -0.5641
vn 0.1953 -0.8051 -0.5601
vn 0.2423 -0.7543 -0.6102
vn 0.2412 -0.8094 -0.5354
vn 0.2074 -0.7759 -0.5958
vn 0.1948 -0.7311 -0.6539
vn 0.3582 -0.7354 -0.5752
vn 0.2265 -0.7406 -0.6326
vn 0.2124 -0.7210 -0.6596
vn 0.3483 -0.7228 -0.5969
vn 0.4491 -0.7511 -0.4838
vn 0.4828 -0.7334 -0.4786
vn 0.4876 -0.6431 -0.5905
vn 0.6875 -0.5885 -0.4254
vn 0.5405 -0.6694 -0.5096
vn 0.5311 -0.6520 -0.5411
vn 0.6900 -0.5766 -0.4376
vn 0.5671 -0.6310 -0.5294
vn 0.5678 -0.6480 -0.5076
vn 0.6973 -0.5575 -0.4505
vn 0.7355 -0.5604 -0.3809
vn 0.7661 -0.5069 -0.3952
vn 0.7488 -0.5199 -0.4111
vn 0.9315 -0.2935 -0.2150
vn 0.7998 -0.4557 -0.3907
vn 0.7869 -0.4837 -0.3833
vn 0.9410 -0.2689 -0.2055
vn 0.9662 -0.2075 -0.1531
vn 0.0050 -0.8968 -0.4425
vn -0.0196 -0.8286 -0.5596
vn 0.0702 -0.8421 -0.5347
vn 0.2039 -0.8876 -0.4131
vn 0.2290 -0.8727 -0.4313
vn 0.2125 -0.8396 -0.5000
vn 0.3512 -0.8317 -0.4300
vn 0.2251 -0.8384 -0.4964
vn 0.2772 -0.7682 -0.5772
vn 0.2658 -0.8553 -0.4447
vn 0.2968 -0.7907 -0.5354
vn 0.4673 -0.8073 -0.3603
vn 0.5716 -0.7313 -0.3720
vn 0.4590 -0.8183 -0.3461
vn 0.3976 -0.8010 -0.4476
vn 0.5715 -0.7170 -0.3992
vn 0.5578 -0.7350 -0.3855
vn 0.6994 -0.6377 -0.3229
vn 0.7042 -0.6434 -0.3001
vn 0.4336 -0.7933 -0.4273
vn 0.5518 -0.7210 -0.4191
vn 0.4545 -0.7844 -0.4220
vn 0.7012 -0.6214 -0.3495
vn 0.7052 -0.6297 -0.3258
vn 0.5004 -0.7562 -0.4217
vn 0.4967 -0.6716 -0.5498
vn 0.6973 -0.6090 -0.3780
vn 0.7060 -0.6134 -0.3539
vn 0.5759 -0.6633 -0.4778
vn 0.5685 -0.6864 -0.4536
vn 0.6980 -0.5985 -0.3932
vn 0.6974 -0.5925 -0.4032
vn 0.7756 -0.5647 -0.2820
vn 0.8663 -0.4462 -0.2245
vn 0.8090 -0.5345 -0.2446
vn 0.7718 -0.5555 -0.3093
vn 0.8659 -0.4362 -0.2448
vn 0.8128 -0.5213 -0.2600
vn 0.9428 -0.2969 -0.1517
vn 0.9614 -0.2539 -0.1058
vn 0.7432 -0.5784 -0.3364
vn 0.8396 -0.4663 -0.2785
vn 0.8017 -0.5191 -0.2963
vn 0.9392 -0.2989 -0.1689
vn 0.9603 -0.2515 -0.1209
vn 0.9797 -0.1758 -0.0967
vn 0.9950 -0.0870 -0.0487
vn 0.7878 -0.5082 -0.3480
vn 0.7667 -0.5323 -0.3590
vn 0.9326 -0.3072 -0.1896
vn 0.9543 -0.2614 -0.1446
vn 0.9765 -0.1860 -0.1089
vn 0.9939 -0.0940 -0.0573
vn 0.9996 -0.0259 -0.0119
vn 0.8486 -0.4324 -0.3049
vn 0.8161 -0.4872 -0.3109
vn 0.9469 -0.2706 -0.1735
vn 0.9691 -0.2096 -0.1301
vn 0.9903 -0.1167 -0.0755
vn 0.9985 -0.0449 -0.0300
vn 0.9999 -0.0108 -0.0090
vn 0.9566 -0.2435 -0.1599
vn 0.9806 -0.1614 -0.1115
vn 0.9984 -0.0482 -0.0296
vn 1.0000 -0.0015 -0.0017
vn 0.9903 -0.1113 -0.0832
vn 0.9989 -0.0378 -0.0283
vn 0.7003 -0.6497 -0.2958
vn 0.7043 -0.6571 -0.2687
vn 0.7656 -0.5892 -0.2583
vn 0.8483 -0.4850 -0.2126
vn 0.7906 -0.5631 -0.2405
vn 0.9346 -0.3300 -0.1324
vn 0.9497 -0.2943 -0.1071
vn 0.9647 -0.2542 -0.0694
vn 0.9778 -0.1962 -0.0731
vn 0.9953 -0.0949 -0.0211
vn 0.9406 -0.3087 -0.1414
vn 0.9573 -0.2718 -0.0983
vn 0.9740 -0.2108 -0.0834
vn 0.9897 -0.1309 -0.0572
vn 0.9970 -0.0721 -0.0294
vn 0.9992 -0.0360 -0.0144
vn 0.9790 -0.1826 -0.0907
vn 0.9940 -0.0980 -0.0475
vn 0.9993 -0.0354 -0.0091
vn 1.0000 -0.0027 -0.0023
vn 1.0000 -0.0003 0.0004
vn 0.9992 -0.0346 -0.0197
vn 0.9999 -0.0090 -0.0072
vn 0.7791 -0.0057 0.6269
vn 0.7100 -0.0064 0.7042
vn 0.7784 -0.0065 0.6278
vn 0.7118 -0.0069 0.7023
vn 0.7774 -0.0078 0.6289
vn 0.7136 -0.0082 0.7005
vn 0.7764 -0.0084 0.6301
vn 0.7150 -0.0086 0.6990
vn 0.7757 -0.0070 0.6311
vn 0.7161 -0.0072 0.6979
vn 0.7751 -0.0040 0.6319
vn 0.7165 -0.0034 0.6976
vn 0.7746 -0.0051 0.6324
vn 0.7161 -0.0048 0.6980
vn 0.7742 0.0047 0.6329
vn 0.7148 0.0062 0.6993
vn 0.9089 -0.0058 0.4169
vn 0.8764 -0.0061 0.4816
vn 0.8075 -0.0063 0.5898
vn 0.9093 -0.0062 0.4161
vn 0.9100 -0.0060 0.4146
vn 0.8772 -0.0076 0.4800
vn 0.8067 -0.0084 0.5910
vn 0.9109 -0.0062 0.4125
vn 0.8919 0.0081 0.4521
vn 0.8079 -0.0071 0.5893
vn 0.8999 -0.0026 0.4360
vn 0.8091 -0.0033 0.5877
vn 0.9996 -0.0259 -0.0058
vn 0.9956 0.0232 0.0907
vn 0.9700 0.0045 0.2432
vn 0.9348 -0.0051 0.3551
vn 0.9351 -0.0049 0.3543
vn 1.0000 -0.0003 0.0031
vn 0.9955 -0.0016 0.0945
vn 0.9729 -0.0034 0.2314
vn 0.9355 -0.0044 0.3533
vn 0.9359 -0.0042 0.3524
vn 1.0000 0.0008 0.0030
vn 0.9959 -0.0014 0.0910
vn 0.9648 0.0207 0.2622
vn 0.9961 0.0001 0.0878
vn 0.9580 -0.0020 0.2869
vn 0.6544 -0.0090 0.7561
vn 0.5795 -0.0082 0.8149
vn 0.0100 -0.7546 -0.6561
vn 0.0099 -0.6904 -0.7233
vn 0.0001 0.8331 0.5531
vn 0.0001 0.7419 0.6706
vn 0.0001 0.7864 0.6178
vn 0.0002 0.7864 0.6177
vn 0.0002 0.8697 0.4935
vn 0.0003 0.8331 0.5531
vn 0.0002 0.7418 0.6707
vn -0.0000 0.8331 0.5531
vn -0.0000 0.7864 0.6177
vn -0.0200 0.9725 0.2319
vn 0.0001 0.9361 0.3517
vn 0.0001 0.9361 0.3516
vn 0.0002 0.9120 0.4102
vn 0.0003 0.9361 0.3516
vn -0.0205 0.9986 0.0491
vn 0.0002 1.0000 0.0047
vn 0.0064 0.9999 -0.0153
vn 0.0233 0.9963 -0.0825
vn 0.0489 0.9873 -0.1513
vn 0.0295 0.9977 -0.0604
vn 0.0582 0.9916 -0.1151
vn 0.0021 1.0000 0.0027
vn 0.0267 0.9993 -0.0260
vn 0.2077 0.9606 0.1846
vn 0.0782 0.9927 0.0914
vn 0.2587 0.8907 0.3739
vn 0.4372 0.4468 0.7805
vn 0.5638 0.4049 0.7199
vn 0.3174 0.8076 0.4970
vn 0.4482 0.3312 0.8303
vn 0.8632 0.0133 0.5046
vn 0.0780 0.9764 -0.2014
vn 0.1218 0.9527 -0.2784
vn 0.8552 0.1249 0.5031
vn 0.8661 0.2241 0.4469
vn 0.8694 0.0930 0.4853
vn 0.3934 0.9019 -0.1782
vn 0.6946 0.7115 0.1060
vn 0.3141 0.9137 -0.2577
vn 0.8284 0.4240 0.3661
vn 0.5852 0.8035 0.1091
vn 0.8009 0.3954 0.4498
vn 0.7957 0.0188 0.6054
vn 0.4690 0.8830 0.0187
vn 0.7932 0.2483 0.5560
vn 0.6679 0.6710 0.3219
vn 0.7490 0.0196 0.6623
vn 0.7451 0.1527 0.6492
vn 0.7695 0.1180 0.6276
vn 0.0807 0.9910 -0.1070
vn 0.0991 0.9803 -0.1710
vn 0.6170 0.6784 0.3988
vn 0.2565 0.9657 -0.0399
vn 0.7717 0.3783 0.5113
vn 0.5053 0.8276 0.2446
vn 0.7016 0.3132 0.6401
vn 0.6942 0.0249 0.7194
vn 0.7412 0.2398 0.6269
vn 0.6951 0.4430 0.5662
vn 0.6837 0.1627 0.7114
vn 0.2328 0.9667 -0.1059
vn 0.6856 0.7048 0.1820
vn 0.1524 0.9875 -0.0406
vn 0.5547 0.7529 0.3541
vn 0.6537 0.0252 0.7564
vn 0.2138 0.9688 0.1250
vn 0.7015 0.3107 0.6414
vn 0.4541 0.8045 0.3828
vn 0.5873 0.2598 0.7665
vn 0.5834 0.0349 0.8114
vn 0.6552 0.4199 0.6280
vn 0.3505 0.8540 0.3845
vn 0.5225 0.3444 0.7800
vn 0.0011 -0.4853 -0.8744
vn 0.0129 -0.6158 -0.7878
vn 0.0021 -0.3966 -0.9180
vn 0.0020 -0.2130 -0.9771
vn 0.0005 -0.0554 -0.9985
vn 0.0011 -0.4846 -0.8747
vn 0.0005 -0.3965 -0.9180
vn -0.0000 -0.2139 -0.9768
vn -0.0000 -0.0559 -0.9984
vn -0.0000 -0.4846 -0.8747
vn 0.0005 -0.3966 -0.9180
vn 0.0005 -0.2144 -0.9767
vn 0.0006 -0.4839 -0.8751
vn 0.0005 -0.3967 -0.9180
vn -0.0000 -0.2149 -0.9766
vn 0.0003 -0.4833 -0.8755
vn 0.0006 -0.3968 -0.9179
vn 0.0005 -0.2153 -0.9765
vn 0.0006 -0.4826 -0.8758
vn 0.0010 -0.3966 -0.9180
vn 0.0010 -0.2158 -0.9764
vn 0.0005 -0.0564 -0.9984
vn 0.0005 -0.4812 -0.8766
vn 0.0014 -0.3962 -0.9182
vn 0.0010 -0.2167 -0.9762
vn -0.0000 -0.0569 -0.9984
vn 0.0011 -0.4792 -0.8777
vn 0.0015 -0.3963 -0.9181
vn 0.0005 -0.2181 -0.9759
vn -0.0000 0.3648 0.9311
vn 0.0003 0.3648 0.9311
vn 0.0001 0.3647 0.9311
vn 0.0001 0.6375 0.7704
vn 0.0001 0.5771 0.8166
vn 0.0001 0.5171 0.8560
vn 0.0002 0.6376 0.7704
vn 0.0003 0.5771 0.8166
vn 0.0002 0.6375 0.7704
vn 0.0002 0.5771 0.8166
vn 0.0002 0.5169 0.8560
vn 0.0001 0.6375 0.7705
vn 0.0001 0.5772 0.8166
vn -0.0000 0.8517 -0.5240
vn 0.0001 0.4727 -0.8812
vn 0.0002 0.8517 -0.5240
vn -0.0001 0.9938 0.1115
vn -0.0010 0.4726 -0.8813
vn -0.0007 0.8519 -0.5237
vn -0.0002 0.9951 -0.0987
vn -0.0000 0.9938 0.1115
vn -0.0010 0.4724 -0.8814
vn -0.0008 0.8522 -0.5232
vn -0.0003 0.9952 -0.0982
vn -0.0000 0.4722 -0.8815
vn 0.0001 0.8524 -0.5230
vn 0.0001 0.9952 -0.0980
vn -0.0001 0.8523 -0.5230
vn -0.0001 0.9952 -0.0979
vn -0.0001 0.9938 0.1114
vn -0.0002 0.8523 -0.5230
vn -0.0000 0.9938 0.1114
vn -0.0000 0.4721 -0.8815
vn -0.0001 0.9952 -0.0977
vn -0.0001 0.9938 0.1113
vn 0.0006 0.4086 0.9127
vn 0.0002 0.3318 0.9433
vn 0.0007 0.8785 0.4778
vn 0.0010 0.6075 0.7943
vn 0.0002 0.8784 0.4779
vn 0.0001 0.6075 0.7943
vn -0.0002 0.4086 0.9127
vn 0.0001 0.3318 0.9434
vn -0.0005 0.8785 0.4778
vn -0.0005 0.6074 0.7944
vn -0.0006 0.8786 0.4776
vn -0.0007 0.6072 0.7945
vn 0.0001 0.3315 0.9434
vn -0.0000 0.9998 -0.0207
vn -0.0000 0.8787 0.4775
vn -0.0000 0.6071 0.7946
vn -0.0001 0.8786 0.4775
vn -0.0001 0.6072 0.7946
vn -0.0000 0.4071 0.9134
vn 0.0001 0.3314 0.9435
vn 0.0003 0.6071 0.7947
vn 0.0001 -0.7619 -0.6477
vn 0.0003 -0.6821 -0.7313
vn -0.0000 0.8698 0.4935
vn -0.0001 0.8332 0.5530
vn 0.0001 0.8332 0.5530
vn 0.0001 0.7865 0.6176
vn -0.0000 0.8332 0.5530
vn -0.0001 0.9120 0.4102
vn -0.0001 0.9362 0.3516
vn -0.0002 0.9362 0.3515
vn -0.0003 0.9767 0.2148
vn -0.0000 0.9121 0.4100
vn -0.0001 0.9362 0.3514
vn -0.0002 0.9363 0.3513
vn -0.0001 0.9988 0.0481
vn 0.4088 0.0679 0.9101
vn 0.0003 1.0000 0.0053
vn -0.0000 0.9999 0.0148
vn 0.3678 0.6156 0.6970
vn 0.1509 0.9283 0.3399
vn 0.3929 0.4558 0.7986
vn 0.3910 0.3589 0.8476
vn 0.1326 0.9178 0.3741
vn 0.3532 0.6469 0.6758
vn 0.1850 0.8655 0.4655
vn 0.2913 0.5227 0.8012
vn 0.3299 0.5687 0.7535
vn 0.1999 0.8131 0.5467
vn 0.2805 0.4396 0.8533
vn 0.3109 0.3992 0.8626
vn -0.0445 0.9582 0.2828
vn 0.2863 0.5885 0.7561
vn 0.0871 0.9710 0.2227
vn 0.1798 0.8504 0.4944
vn 0.2579 0.4985 0.8277
vn 0.0179 0.9993 0.0313
vn 0.1253 0.9245 0.3600
vn 0.3640 0.5356 0.7620
vn 0.1999 0.8012 0.5640
vn 0.2815 0.4091 0.8680
vn 0.3214 0.3895 0.8631
vn 0.1358 0.8839 0.4475
vn 0.2930 0.5517 0.7808
vn 0.0016 -0.4779 -0.8784
vn 0.0006 -0.6271 -0.7789
vn 0.0021 -0.3962 -0.9182
vn 0.0020 -0.2195 -0.9756
vn 0.0005 -0.0574 -0.9984
vn 0.0024 -0.4785 -0.8781
vn 0.0014 -0.3961 -0.9182
vn 0.0005 -0.2209 -0.9753
vn -0.0000 -0.0579 -0.9983
vn -0.0000 -0.4792 -0.8777
vn -0.0005 -0.3969 -0.9179
vn -0.0005 -0.2209 -0.9753
vn -0.0014 -0.4792 -0.8777
vn -0.0011 -0.3971 -0.9178
vn -0.0005 -0.2200 -0.9755
vn 0.0003 -0.4806 -0.8770
vn -0.0008 -0.3971 -0.9178
vn -0.0005 -0.2190 -0.9757
vn 0.0011 -0.4826 -0.8758
vn 0.0003 -0.3974 -0.9176
vn -0.0005 -0.0564 -0.9984
vn 0.0006 -0.4846 -0.8747
vn -0.0007 -0.3979 -0.9174
vn 0.0003 -0.4859 -0.8740
vn -0.0008 -0.3991 -0.9169
vn -0.0014 -0.2181 -0.9759
vn -0.0000 0.6921 0.7218
vn -0.0002 0.0637 -0.9980
vn -0.0005 0.4725 -0.8814
vn -0.0001 0.9952 -0.0976
vn -0.0001 0.9938 0.1112
vn 0.0005 0.4725 -0.8814
vn 0.0001 0.8523 -0.5230
vn 0.0001 0.9952 -0.0977
vn -0.0000 0.9938 0.1112
vn 0.0001 0.9952 -0.0978
vn 0.0001 0.9952 -0.0979
vn 0.0001 0.4722 -0.8815
vn 0.0002 0.8523 -0.5230
vn 0.0001 0.9952 -0.0981
vn -0.0000 0.4723 -0.8814
vn 0.0001 0.4724 -0.8814
vn 0.0001 0.9951 -0.0985
vn -0.0001 0.9938 0.1111
vn 0.0009 0.4725 -0.8813
vn 0.0004 0.8522 -0.5233
vn 0.0001 0.9951 -0.0987
vn -0.0000 0.9938 0.1111
vn -0.0003 0.9998 -0.0208
vn -0.0003 0.9989 -0.0479
vn 0.0002 0.8786 0.4776
vn 0.0002 0.6070 0.7947
vn -0.0000 0.8785 0.4777
vn 0.0001 0.6069 0.7948
vn 0.0001 0.3315 0.9435
vn -0.0000 0.8785 0.4778
vn -0.0000 0.6069 0.7948
vn 0.0004 0.9998 -0.0207
vn 0.0004 0.9989 -0.0479
vn 0.0001 0.6068 0.7949
vn 0.0001 0.8786 0.4776
vn 0.0001 0.6067 0.7949
vn -0.0000 0.8786 0.4776
vn 0.0001 0.6066 0.7950
vn 0.0001 -0.7619 -0.6476
vn -0.0000 -0.6819 -0.7314
vn -0.0000 0.8698 0.4933
vn 0.0001 0.8332 0.5529
vn 0.0001 0.7865 0.6175
vn 0.0001 0.7866 0.6175
vn -0.0000 0.8699 0.4932
vn 0.0001 0.8333 0.5529
vn 0.0003 0.8333 0.5528
vn 0.0004 0.7866 0.6175
vn -0.0003 0.9767 0.2145
vn -0.0001 0.9363 0.3512
vn -0.0001 0.9363 0.3511
vn 0.0199 0.9727 0.2310
vn -0.0000 0.9122 0.4097
vn -0.0001 0.9364 0.3510
vn -0.0008 0.9687 0.2482
vn -0.0003 0.9867 0.1625
vn 0.0001 0.9940 0.1097
vn -0.0007 0.9365 0.3507
vn 0.0105 0.9982 0.0594
vn 0.0121 0.9982 0.0580
vn -0.0000 1.0000 0.0058
vn -0.0004 1.0000 0.0057
vn 0.1698 0.9617 0.2150
vn 0.3303 0.0644 0.9417
vn 0.0028 1.0000 0.0080
vn 0.0860 0.9775 0.1925
vn 0.2745 0.6269 0.7291
vn 0.1907 0.8426 0.5035
vn 0.2621 0.4804 0.8370
vn 0.3170 0.3843 0.8671
vn 0.3048 0.6605 0.6862
vn 0.0775 0.9229 0.3771
vn 0.2632 0.5400 0.7994
vn 0.1200 0.9434 0.3091
vn 0.3048 0.5967 0.7424
vn 0.1962 0.8251 0.5299
vn 0.2713 0.4621 0.8443
vn 0.4123 0.1338 0.9012
vn 0.3138 0.3926 0.8645
vn 0.2757 0.1109 0.9548
vn 0.0126 0.9992 0.0393
vn 0.1086 0.9048 0.4117
vn 0.2915 0.6204 0.7281
vn 0.1761 0.8595 0.4799
vn 0.2661 0.5140 0.8155
vn 0.3982 0.1070 0.9110
vn 0.0798 0.9599 0.2687
vn 0.4564 0.5165 0.7245
vn 0.2369 0.8113 0.5345
vn 0.3220 0.4043 0.8561
vn 0.4633 0.3998 0.7909
vn 0.4627 0.6018 0.6510
vn 0.2616 0.8671 0.4239
vn 0.4279 0.5310 0.7314
vn 0.0006 -0.4873 -0.8732
vn 0.0002 -0.6258 -0.7800
vn -0.0007 -0.4002 -0.9164
vn -0.0005 -0.2172 -0.9761
vn 0.0012 -0.4893 -0.8721
vn 0.0003 -0.4007 -0.9162
vn -0.0005 -0.0554 -0.9985
vn 0.0012 -0.4906 -0.8714
vn 0.0003 -0.4013 -0.9160
vn -0.0000 -0.2176 -0.9760
vn -0.0000 -0.0549 -0.9985
vn 0.0008 -0.4919 -0.8706
vn -0.0003 -0.4021 -0.9156
vn -0.0005 -0.4932 -0.8699
vn -0.0005 -0.4022 -0.9155
vn -0.0000 -0.2167 -0.9762
vn 0.0001 -0.4939 -0.8695
vn -0.0000 -0.4019 -0.9157
vn -0.0001 -0.4939 -0.8695
vn -0.0009 -0.4932 -0.8699
vn -0.0002 -0.4017 -0.9158
vn 0.0002 0.6922 0.7217
vn 0.0002 0.5772 0.8166
vn 0.0003 0.6374 0.7705
vn 0.0001 0.9951 -0.0989
vn 0.0001 0.9938 0.1112
vn -0.0000 0.9951 -0.0990
vn 0.0001 0.9951 -0.0991
vn -0.0000 0.4727 -0.8812
vn -0.0000 0.9951 -0.0992
vn -0.0000 0.9951 -0.0994
vn -0.0000 0.4728 -0.8812
vn -0.0000 0.9950 -0.0995
vn -0.0001 0.9938 0.1110
vn -0.0000 0.9950 -0.0996
vn -0.0002 0.9946 0.1040
vn 0.0004 0.4724 -0.8814
vn -0.0000 0.9950 -0.0997
vn -0.0003 0.9938 0.1108
vn -0.0003 0.9988 -0.0480
vn -0.0000 0.8784 0.4778
vn 0.0001 0.8784 0.4779
vn 0.0002 0.6065 0.7951
vn 0.0001 0.8784 0.4780
vn 0.0001 0.6065 0.7951
vn -0.0000 0.8784 0.4780
vn 0.0001 0.8783 0.4780
vn 0.0002 0.6064 0.7952
vn 0.0001 0.6063 0.7952
vn 0.0002 0.3314 0.9435
vn -0.0000 0.8783 0.4781
vn 0.0001 0.6062 0.7953
vn 0.0001 0.8783 0.4781
vn 0.0002 0.6061 0.7954
vn 0.2219 -0.6600 -0.7177
vn 0.2217 -0.6724 -0.7063
vn 0.2191 -0.6652 -0.7138
vn 0.2273 -0.6435 -0.7309
vn 0.2091 -0.6584 -0.7230
vn 0.2175 -0.6105 -0.7616
vn 0.3412 -0.6112 -0.7142
vn 0.1812 -0.6563 -0.7324
vn 0.1979 -0.5888 -0.7837
vn 0.3519 -0.5900 -0.7267
vn 0.1818 -0.5456 -0.8181
vn 0.3613 -0.5705 -0.7376
vn 0.4624 -0.5832 -0.6680
vn 0.5983 -0.4880 -0.6356
vn 0.5942 -0.5532 -0.5838
vn 0.7087 -0.4658 -0.5299
vn 0.5518 -0.5183 -0.6533
vn 0.5742 -0.5228 -0.6301
vn 0.7026 -0.4582 -0.5445
vn 0.5168 -0.5554 -0.6515
vn 0.5237 -0.5060 -0.6853
vn 0.6951 -0.4479 -0.5623
vn 0.8244 -0.3610 -0.4359
vn 0.8518 -0.3533 -0.3868
vn 0.8054 -0.3711 -0.4622
vn 0.8159 -0.3890 -0.4278
vn 0.9524 -0.1989 -0.2312
vn 0.7760 -0.3943 -0.4924
vn 0.7899 -0.3921 -0.4715
vn 0.9466 -0.2021 -0.2510
vn 0.9779 -0.1349 -0.1600
vn -0.0087 -0.7606 -0.6491
vn -0.0088 -0.6837 -0.7297
vn 0.2219 -0.7204 -0.6571
vn 0.2228 -0.7295 -0.6466
vn 0.2216 -0.6991 -0.6798
vn 0.2215 -0.7106 -0.6678
vn 0.2211 -0.6812 -0.6979
vn 0.2213 -0.6919 -0.6873
vn 0.4495 -0.6682 -0.5929
vn 0.4428 -0.6570 -0.6102
vn 0.6992 -0.5431 -0.4650
vn 0.7081 -0.5250 -0.4722
vn 0.4607 -0.6338 -0.6214
vn 0.4606 -0.6160 -0.6391
vn 0.7081 -0.5099 -0.4884
vn 0.7146 -0.4929 -0.4963
vn 0.7058 -0.4841 -0.5172
vn 0.8387 -0.4073 -0.3616
vn 0.8122 -0.4518 -0.3690
vn 0.9490 -0.2431 -0.2006
vn 0.9744 -0.1750 -0.1415
vn 0.9948 -0.0788 -0.0648
vn 0.8574 -0.3762 -0.3512
vn 0.8477 -0.4013 -0.3469
vn 0.9538 -0.2263 -0.1975
vn 0.9792 -0.1535 -0.1324
vn 0.9970 -0.0584 -0.0517
vn 0.9999 -0.0120 -0.0115
vn 0.8663 -0.3536 -0.3528
vn 0.8623 -0.3731 -0.3424
vn 0.9570 -0.2131 -0.1970
vn 0.9821 -0.1401 -0.1259
vn 0.9980 -0.0467 -0.0422
vn 1.0000 -0.0057 -0.0056
vn 0.8662 -0.3458 -0.3608
vn 0.8672 -0.3576 -0.3464
vn 0.9582 -0.2042 -0.2005
vn 0.9836 -0.1301 -0.1250
vn 0.9986 -0.0385 -0.0361
vn 1.0000 -0.0061 -0.0061
vn 0.8586 -0.3410 -0.3829
vn 0.8643 -0.3515 -0.3599
vn 0.9580 -0.1992 -0.2061
vn 0.9839 -0.1262 -0.1264
vn 0.9988 -0.0349 -0.0345
vn 1.0000 0.0003 0.0003
vn 0.9560 -0.1963 -0.2179
vn 0.9833 -0.1244 -0.1331
vn 0.9988 -0.0345 -0.0352
vn 1.0000 -0.0048 -0.0046
vn 0.9813 -0.1279 -0.1440
vn 0.9985 -0.0375 -0.0409
vn 1.0000 -0.0034 -0.0035
vn 0.9978 -0.0450 -0.0497
vn 1.0000 -0.0067 -0.0068
vn 0.0044 0.8720 0.4894
vn 0.0218 0.8298 0.5576
vn 0.0184 0.7550 0.6555
vn 0.0152 0.7827 0.6222
vn 0.1425 0.8641 0.4828
vn 0.1206 0.8827 0.4541
vn 0.2297 0.8087 0.5415
vn 0.3509 0.8045 0.4792
vn 0.1587 0.8523 0.4983
vn 0.1267 0.8114 0.5706
vn 0.4623 0.6952 0.5504
vn 0.2595 0.7710 0.5816
vn 0.2483 0.7238 0.6438
vn 0.5050 0.6381 0.5811
vn 0.2707 0.7336 0.6234
vn 0.2582 0.6644 0.7014
vn 0.6907 0.6522 0.3122
vn 0.5223 0.7645 0.3778
vn 0.4462 0.7760 0.4459
vn 0.7339 0.5735 0.3640
vn 0.6404 0.6139 0.4615
vn 0.7102 0.6062 0.3579
vn 0.5112 0.7310 0.4521
vn 0.5484 0.7004 0.4568
vn 0.7454 0.5239 0.4123
vn 0.6621 0.5693 0.4874
vn 0.6629 0.6060 0.4396
vn 0.7524 0.4726 0.4588
vn 0.6671 0.5187 0.5347
vn 0.6651 0.5480 0.5073
vn 0.9999 -0.0093 -0.0050
vn 1.0000 0.0003 -0.0003
vn 1.0000 0.0008 0.0007
vn 0.9987 0.0436 0.0267
vn 0.9771 0.1914 0.0929
vn 0.9546 0.2796 0.1023
vn 0.7974 0.5532 0.2410
vn 0.9295 0.3418 0.1383
vn 0.7214 0.6446 0.2534
vn 0.7799 0.5877 0.2152
vn 0.9999 0.0111 0.0087
vn 0.9886 0.1500 0.0126
vn 0.8191 0.4989 0.2832
vn 0.9180 0.3540 0.1789
vn 0.7472 0.5855 0.3144
vn 0.7744 0.5642 0.2863
vn 0.9336 0.2965 0.2011
vn 0.7870 0.4957 0.3673
vn 0.8048 0.4922 0.3317
vn 0.9615 0.2178 0.1677
vn 0.7875 0.4539 0.4170
vn 0.7890 0.4751 0.3896
vn 0.9231 0.2691 0.2748
vn 0.8019 0.3947 0.4486
vn 0.7924 0.4333 0.4293
vn 0.0065 0.9693 0.2459
vn 0.0034 0.9867 0.1625
vn 0.0037 0.9936 0.1133
vn 0.0027 0.9113 0.4117
vn 0.0142 0.9379 0.3467
vn 0.0975 0.9084 0.4066
vn 0.0766 0.9210 0.3820
vn 0.5752 0.8009 0.1666
vn 0.2278 0.9560 0.1846
vn 0.5712 0.8088 0.1397
vn 0.0938 0.9871 0.1301
vn 0.2013 0.9390 0.2789
vn 0.6458 0.7172 0.2619
vn 0.4241 0.8525 0.3057
vn 0.6231 0.7383 0.2581
vn 0.3226 0.8989 0.2965
vn 0.5957 0.7642 0.2474
vn 0.1427 0.9410 0.3067
vn 0.9999 0.0104 0.0094
vn 0.9999 0.0126 0.0051
vn 0.9722 0.2280 0.0528
vn 0.9623 0.2700 0.0327
vn 0.8113 0.5690 0.1345
vn 0.9547 0.2938 0.0479
vn 0.7417 0.6590 0.1253
vn 0.9445 0.3246 0.0513
vn 0.6666 0.7359 0.1185
vn 0.9337 0.3547 0.0494
vn 0.6260 0.7752 0.0852
vn 0.9849 0.1699 0.0324
vn 0.8467 0.5012 0.1787
vn 0.7524 0.6268 0.2024
vn 0.9574 0.2844 0.0506
vn 0.6530 0.7322 0.1934
vn 0.9085 0.4064 0.0969
vn 0.5966 0.7826 0.1777
vn 0.7250 0.6651 0.1788
vn 0.0219 0.9977 0.0648
vn 0.0032 1.0000 0.0055
vn 0.1374 0.9829 0.1223
vn 0.5264 0.6468 0.5518
vn 0.3074 0.8920 0.3314
vn 0.5166 0.6353 0.5741
vn 0.7861 0.1901 0.5882
vn 0.6868 0.3777 0.6210
vn 0.6578 0.2010 0.7259
vn 0.1509 0.9885 0.0026
vn 0.1930 0.9805 0.0365
vn 0.3050 0.9406 0.1489
vn 0.6700 0.5834 0.4591
vn 0.3872 0.8792 0.2776
vn 0.6123 0.6315 0.4757
vn 0.9106 0.0957 0.4021
vn 0.7684 0.3961 0.5027
vn 0.7725 0.1340 0.6208
vn 0.2642 0.9600 0.0932
vn 0.6028 0.7916 0.1001
vn 0.3608 0.9326 -0.0044
vn 0.6794 0.7238 0.1202
vn 0.4279 0.9032 0.0346
vn 0.7797 0.5922 0.2033
vn 0.4717 0.8775 0.0866
vn 0.8349 0.4546 0.3101
vn 0.4970 0.8412 0.2131
vn 0.6966 0.5629 0.4449
vn 0.9957 0.0921 -0.0098
vn 0.9894 0.1308 0.0631
vn 0.8747 0.4756 0.0935
vn 0.8648 0.4788 0.1512
vn 0.9684 -0.0038 0.2494
vn 0.8496 0.4670 0.2452
vn 0.9216 0.3848 0.0497
vn 0.5997 0.7960 0.0824
vn 0.9112 0.4081 0.0568
vn 0.5740 0.8143 0.0863
vn 0.7460 0.6568 0.1096
vn 0.5963 0.0679 0.7999
vn 0.5753 0.3845 0.7220
vn 0.5794 0.0439 0.8139
vn 0.0383 -0.4942 -0.8685
vn 0.0093 -0.6249 -0.7807
vn 0.0364 -0.3994 -0.9160
vn 0.0410 -0.2165 -0.9754
vn 0.0414 -0.0554 -0.9976
vn 0.0281 0.0169 -0.9995
vn 0.2209 -0.4975 -0.8389
vn 0.2285 -0.5630 -0.7943
vn 0.2044 -0.3799 -0.9022
vn 0.2225 -0.2149 -0.9509
vn 0.2243 -0.0540 -0.9730
vn 0.2255 0.0044 -0.9742
vn 0.2265 0.0054 -0.9740
vn 0.2265 0.0044 -0.9740
vn 0.2260 0.0058 -0.9741
vn 0.4412 -0.5400 -0.7168
vn 0.4469 -0.4868 -0.7505
vn 0.6914 -0.4199 -0.5879
vn 0.3577 -0.3085 -0.8814
vn 0.7040 -0.3219 -0.6330
vn 0.6871 -0.3662 -0.6275
vn 0.4370 -0.1859 -0.8800
vn 0.7063 -0.1994 -0.6793
vn 0.4661 -0.0441 -0.8836
vn 0.7035 -0.0450 -0.7092
vn 0.4720 0.0055 -0.8816
vn 0.7024 0.0085 -0.7117
vn 0.4731 0.0053 -0.8810
vn 0.7046 0.0073 -0.7096
vn 0.4738 0.0041 -0.8806
vn 0.7064 0.0060 -0.7078
vn 0.4744 0.0053 -0.8803
vn 0.7085 0.0074 -0.7057
vn 0.7639 -0.3833 -0.5192
vn 0.9385 -0.2097 -0.2745
vn 0.9721 -0.1457 -0.1841
vn 0.9964 -0.0556 -0.0643
vn 0.8482 -0.2185 -0.4826
vn 0.8882 -0.2691 -0.3724
vn 0.9631 -0.1385 -0.2306
vn 0.9936 -0.0693 -0.0887
vn 0.9998 -0.0131 -0.0140
vn 0.7784 -0.1709 -0.6041
vn 0.9488 -0.1101 -0.2961
vn 0.9826 -0.0836 -0.1660
vn 0.9997 -0.0106 -0.0205
vn 0.8251 -0.0415 -0.5635
vn 0.9529 -0.0280 -0.3021
vn 0.9939 -0.0175 -0.1088
vn 0.8286 0.0074 -0.5598
vn 0.9535 0.0030 -0.3014
vn 0.9950 0.0011 -0.1000
vn 1.0000 -0.0000 -0.0025
vn 0.8256 0.0067 -0.5643
vn 0.9528 0.0032 -0.3036
vn 0.9948 0.0013 -0.1021
vn 0.8234 0.0056 -0.5675
vn 0.9522 0.0031 -0.3054
vn 0.9946 0.0016 -0.1041
vn 0.9999 0.0131 0.0099
vn 0.8218 0.0077 -0.5698
vn 0.9516 0.0046 -0.3074
vn 0.9950 0.0097 -0.0993
vn 0.0254 0.4315 0.9017
vn 0.0417 0.3607 0.9317
vn 0.2929 0.4308 0.8536
vn 0.4539 0.3443 0.8218
vn 0.2404 0.4478 0.8612
vn 0.2447 0.3499 0.9042
vn 0.2488 0.3321 0.9099
vn 0.2320 0.3025 0.9245
vn 0.6742 0.3206 0.6653
vn 0.5894 0.3763 0.7149
vn 0.6373 0.3082 0.7062
vn 0.5434 0.3479 0.7640
vn 0.5233 0.3650 0.7700
vn 0.6307 0.2663 0.7289
vn 0.5366 0.3070 0.7860
vn 0.6320 0.2431 0.7359
vn 0.4733 0.2583 0.8422
vn 0.5070 0.2653 0.8201
vn 1.0000 -0.0036 -0.0038
vn 1.0000 -0.0003 0.0026
vn 0.9514 0.1358 0.2766
vn 0.8360 0.2722 0.4765
vn 0.9867 0.0553 0.1527
vn 0.9244 0.1474 0.3519
vn 0.7659 0.2873 0.5752
vn 0.7494 0.3008 0.5899
vn 0.7751 0.2431 0.5832
vn 1.0000 0.0025 0.0025
vn 1.0000 -0.0028 0.0055
vn 0.9620 0.0768 0.2621
vn 0.7533 0.2424 0.6114
vn 0.6876 0.2530 0.6806
vn 0.9655 0.0623 0.2530
vn 0.8219 0.1964 0.5348
vn 0.9471 0.1045 0.3035
vn 0.7369 0.2070 0.6436
vn 0.9299 0.1312 0.3437
vn 0.7708 0.2058 0.6030
vn 0.6750 0.2019 0.7097
vn 0.0305 0.6449 0.7637
vn 0.0248 0.6787 0.7340
vn 0.0811 0.5736 0.8151
vn 0.0388 0.5763 0.8163
vn 0.0261 0.5213 0.8530
vn 0.5247 0.5772 0.6257
vn 0.2925 0.6847 0.6675
vn 0.2781 0.6075 0.7441
vn 0.5295 0.5234 0.6676
vn 0.3346 0.5542 0.7621
vn 0.3001 0.5551 0.7757
vn 0.3480 0.5538 0.7564
vn 0.5010 0.4349 0.7482
vn 0.2674 0.5480 0.7926
vn 0.2746 0.4543 0.8475
vn 0.7568 0.4189 0.5018
vn 0.6726 0.4596 0.5800
vn 0.6692 0.4897 0.5589
vn 0.7457 0.3605 0.5603
vn 0.6621 0.4435 0.6041
vn 0.7115 0.3639 0.6011
vn 0.5999 0.4291 0.6752
vn 0.5738 0.4398 0.6909
vn 0.9883 0.0744 0.1328
vn 0.8251 0.3114 0.4714
vn 0.8093 0.3741 0.4529
vn -0.0165 0.0969 -0.9952
vn 0.0316 0.4684 -0.8830
vn 0.0222 0.8487 -0.5285
vn 0.0095 0.9939 -0.1095
vn -0.0001 0.9938 0.1108
vn 0.0042 0.9941 0.1084
vn 0.2275 0.1524 -0.9618
vn 0.1914 0.4372 -0.8787
vn 0.1608 0.8215 -0.5470
vn 0.1003 0.9782 -0.1818
vn 0.0281 0.9943 0.1026
vn 0.4603 0.1331 -0.8777
vn 0.7252 0.1583 -0.6701
vn 0.3699 0.3341 -0.8669
vn 0.7277 0.3864 -0.5667
vn 0.3715 0.7779 -0.5069
vn 0.6349 0.6324 -0.4439
vn 0.4345 0.8693 -0.2358
vn 0.4207 0.9056 0.0545
vn 0.6359 0.7622 0.1210
vn 0.3263 0.9335 0.1484
vn 0.6671 0.7407 0.0793
vn 0.7837 0.1418 -0.6048
vn 0.9579 0.1296 -0.2561
vn 0.8735 0.2739 -0.4024
vn 0.9763 0.2079 -0.0600
vn 0.9739 0.2152 0.0721
vn 0.8995 0.4248 0.1022
vn 0.8882 0.4533 0.0748
vn 0.8055 0.5772 -0.1340
vn 0.9527 0.3032 -0.0214
vn 0.5830 0.8123 0.0161
vn 0.7757 0.6188 0.1243
vn 0.0251 0.3974 0.9173
vn 0.0199 0.3306 0.9436
vn 0.0231 0.9997 -0.0017
vn -0.0086 0.9994 -0.0343
vn 0.0148 0.8761 0.4819
vn 0.0294 0.5979 0.8010
vn 0.3613 0.3196 0.8760
vn 0.1778 0.4609 0.8694
vn 0.1712 0.2637 0.9493
vn 0.1387 0.8547 0.5003
vn 0.1945 0.5470 0.8142
vn 0.6472 0.3205 0.6916
vn 0.5203 0.3204 0.7916
vn 0.6868 0.7267 0.0141
vn 0.2562 0.9665 0.0131
vn 0.6762 0.7348 -0.0528
vn 0.6524 0.7499 -0.1097
vn 0.2728 0.9593 -0.0725
vn 0.3230 0.9445 0.0605
vn 0.7049 0.4642 0.5363
vn 0.3961 0.8091 0.4341
vn 0.3932 0.4322 0.8115
vn 0.9838 0.1749 0.0392
vn 0.8818 0.4715 0.0114
vn 0.8802 0.4716 -0.0534
vn 0.8841 0.4569 -0.0983
vn 0.9935 0.0670 0.0921
vn 0.8677 0.2850 0.4072
vn 0.7678 0.6247 -0.1423
vn 0.9330 0.3599 -0.0049
vn 0.6042 0.7962 -0.0317
vn 0.9460 0.3026 0.1164
vn 0.5657 0.8115 0.1463
vn 0.7100 0.4616 0.5318
s 0
f 71//1 31//1 32//1
f 71//2 32//2 33//2
f 71//3 33//3 34//3
f 71//4 42//4 38//4
f 70//5 41//5 42//5
f 71//6 70//6 42//6
f 70//7 46//7 44//7
f 104//8 80//8 81//8
f 104//9 81//9 82//9
f 104//10 82//10 83//10
f 105//11 84//11 85//11
f 105//12 85//12 86//12
f 105//11 86//11 87//11
f 138//13 114//13 115//13
f 138//13 115//13 116//13
f 138//14 116//14 117//14
f 139//15 118//15 119//15
f 139//15 119//15 120//15
f 139//15 120//15 121//15
f 188//16 143//16 144//16
f 150//17 188//17 147//17
f 190//18 139//18 188//18
f 191//19 150//19 151//19
f 158//20 191//20 154//20
f 201//21 215//21 200//21
f 203//22 216//22 202//22
f 205//23 217//23 204//23
f 219//24 222//24 218//24
f 224//25 219//25 221//25
f 228//26 227//26 251//26
f 252//27 229//27 230//27
f 235//28 251//28 234//28
f 254//29 239//29 240//29
f 239//30 254//30 250//30
f 256//31 258//31 254//31
f 280//32 6//32 7//32
f 280//33 270//33 264//33
f 281//34 265//34 266//34
f 282//35 267//35 268//35
f 283//36 269//36 270//36
f 281//37 230//37 228//37
f 289//38 283//38 284//38
f 289//39 288//39 286//39
f 290//40 45//40 46//40
f 290//41 46//41 70//41
f 290//42 70//42 71//42
f 290//43 284//43 280//43
f 290//38 289//38 284//38
f 291//44 104//44 105//44
f 292//45 138//45 139//45
f 293//46 190//46 191//46
f 293//47 191//47 158//47
f 293//48 158//48 159//48
f 293//49 159//49 160//49
f 293//50 160//50 161//50
f 306//51 194//51 195//51
f 295//52 294//52 215//52
f 297//53 296//53 216//53
f 299//54 298//54 217//54
f 300//55 306//55 294//55
f 307//56 293//56 306//56
f 308//57 300//57 301//57
f 309//58 302//58 303//58
f 310//59 304//59 305//59
f 311//39 293//39 307//39
f 311//60 307//60 308//60
f 312//61 309//61 310//61
f 314//62 313//62 222//62
f 316//63 315//63 223//63
f 338//64 321//64 322//64
f 339//65 323//65 324//65
f 340//66 325//66 326//66
f 341//67 327//67 328//67
f 347//68 338//68 339//68
f 344//69 347//69 342//69
f 330//70 329//70 343//70
f 331//71 344//71 329//71
f 346//72 318//72 317//72
f 336//73 333//73 226//73
f 337//74 336//74 226//74
f 354//75 360//75 352//75
f 358//76 361//76 356//76
f 370//60 365//60 363//60
f 371//77 369//77 367//77
f 372//61 371//61 370//61
f 380//78 375//78 387//78
f 381//79 380//79 387//79
f 376//80 382//80 388//80
f 377//81 376//81 388//81
f 378//82 382//82 376//82
f 383//83 375//83 380//83
f 386//84 378//84 379//84
f 390//85 331//85 332//85
f 391//86 401//86 389//86
f 394//87 393//87 401//87
f 393//88 379//88 377//88
f 404//89 18//89 17//89
f 403//90 21//90 20//90
f 21//91 403//91 16//91
f 406//92 403//92 414//92
f 412//93 409//93 415//93
f 441//94 60//94 59//94
f 442//95 62//95 61//95
f 452//96 67//96 66//96
f 68//97 452//97 66//97
f 441//98 416//98 419//98
f 420//99 417//99 440//99
f 440//100 452//100 443//100
f 452//101 402//101 405//101
f 444//102 422//102 425//102
f 426//103 423//103 443//103
f 447//104 428//104 431//104
f 432//105 429//105 446//105
f 446//106 453//106 449//106
f 453//107 408//107 411//107
f 450//108 434//108 437//108
f 438//109 435//109 449//109
f 454//110 97//110 96//110
f 454//111 98//111 97//111
f 454//111 99//111 98//111
f 454//111 100//111 99//111
f 454//112 101//112 100//112
f 454//113 102//113 101//113
f 454//114 103//114 102//114
f 454//115 442//115 445//115
f 454//116 445//116 448//116
f 454//117 448//117 451//117
f 455//118 131//118 130//118
f 455//118 132//118 131//118
f 455//118 133//118 132//118
f 455//118 134//118 133//118
f 455//118 135//118 134//118
f 455//118 136//118 135//118
f 455//118 137//118 136//118
f 480//119 177//119 176//119
f 481//120 183//120 182//120
f 481//121 184//121 183//121
f 482//122 186//122 185//122
f 459//123 456//123 480//123
f 493//124 458//124 461//124
f 484//125 480//125 455//125
f 493//126 461//126 464//126
f 485//127 481//127 493//127
f 465//128 462//128 484//128
f 493//129 464//129 467//129
f 487//130 484//130 455//130
f 471//131 468//131 487//131
f 494//132 470//132 473//132
f 490//133 487//133 455//133
f 494//134 473//134 476//134
f 491//135 488//135 494//135
f 477//136 474//136 490//136
f 494//137 476//137 479//137
f 496//138 207//138 206//138
f 497//139 209//139 208//139
f 497//140 210//140 209//140
f 498//141 212//141 211//141
f 499//142 214//142 213//142
f 540//143 221//143 220//143
f 518//144 540//144 515//144
f 519//145 224//145 518//145
f 541//146 519//146 516//146
f 520//147 541//147 517//147
f 521//148 226//148 520//148
f 522//149 515//149 540//149
f 541//150 516//150 523//150
f 524//151 517//151 541//151
f 545//152 523//152 522//152
f 546//153 528//153 529//153
f 547//154 525//154 524//154
f 530//155 528//155 542//155
f 543//156 529//156 531//156
f 535//157 543//157 534//157
f 536//158 532//158 548//158
f 552//159 537//159 536//159
f 553//160 539//160 538//160
f 557//161 567//161 559//161
f 558//162 560//162 569//162
f 568//163 561//163 562//163
f 560//164 564//164 569//164
f 561//165 568//165 565//165
f 633//166 246//166 245//166
f 246//167 633//167 242//167
f 258//168 580//168 578//168
f 258//169 582//169 580//169
f 258//170 584//170 582//170
f 633//171 572//171 587//171
f 594//172 635//172 593//172
f 596//173 636//173 595//173
f 638//174 587//174 586//174
f 635//175 605//175 603//175
f 640//176 604//176 605//176
f 599//177 608//177 637//177
f 604//178 640//178 612//178
f 645//179 639//179 638//179
f 616//180 624//180 641//180
f 645//181 641//181 643//181
f 644//182 624//182 623//182
f 629//183 625//183 569//183
f 644//184 628//184 631//184
f 632//185 629//185 569//185
f 646//186 277//186 276//186
f 646//187 278//187 277//187
f 646//188 279//188 278//188
f 646//189 633//189 639//189
f 646//190 639//190 645//190
f 414//191 646//191 415//191
f 360//192 661//192 659//192
f 678//193 660//193 661//193
f 360//194 678//194 661//194
f 663//195 662//195 680//195
f 361//196 663//196 680//196
f 361//197 665//197 663//197
f 667//198 676//198 666//198
f 660//199 678//199 667//199
f 662//200 668//200 680//200
f 669//201 681//201 668//201
f 671//202 670//202 682//202
f 677//203 673//203 671//203
f 683//204 672//204 673//204
f 670//205 674//205 682//205
f 672//206 683//206 675//206
f 685//207 648//207 647//207
f 674//208 685//208 682//208
f 675//209 685//209 674//209
f 686//210 650//210 649//210
f 684//211 686//211 683//211
f 691//212 688//212 699//212
f 697//213 694//213 700//213
f 726//214 701//214 704//214
f 705//215 702//215 725//215
f 725//216 737//216 728//216
f 737//217 687//217 690//217
f 729//218 707//218 710//218
f 711//219 708//219 728//219
f 732//220 713//220 716//220
f 717//221 714//221 731//221
f 731//222 738//222 734//222
f 738//223 693//223 696//223
f 735//224 719//224 722//224
f 723//105 720//105 734//105
f 739//225 727//225 730//225
f 739//226 730//226 733//226
f 739//226 733//226 736//226
f 744//227 741//227 772//227
f 787//228 743//228 746//228
f 775//229 772//229 740//229
f 787//230 746//230 749//230
f 776//231 773//231 787//231
f 750//232 747//232 775//232
f 787//233 749//233 752//233
f 779//234 775//234 740//234
f 756//235 753//235 779//235
f 788//236 755//236 758//236
f 783//237 779//237 740//237
f 788//238 758//238 761//238
f 784//239 780//239 788//239
f 762//240 763//240 785//240
f 765//241 759//241 783//241
f 788//242 761//242 767//242
f 768//243 762//243 785//243
f 790//244 821//244 789//244
f 792//245 822//245 791//245
f 794//246 823//246 793//246
f 799//247 789//247 825//247
f 808//248 825//248 807//248
f 813//249 807//249 782//249
f 827//250 551//250 826//250
f 829//251 552//251 828//251
f 831//252 553//252 830//252
f 833//253 554//253 832//253
f 841//254 832//254 823//254
f 860//255 852//255 851//255
f 861//256 854//256 853//256
f 862//257 856//257 855//257
f 568//258 878//258 876//258
f 884//259 874//259 943//259
f 875//260 886//260 943//260
f 946//261 907//261 906//261
f 907//262 946//262 904//262
f 922//263 914//263 944//263
f 926//264 925//264 945//264
f 917//265 926//265 945//265
f 940//266 932//266 949//266
f 942//267 941//267 950//267
f 935//268 942//268 950//268
f 966//269 956//269 959//269
f 969//270 965//270 967//270
f 968//271 962//271 964//271
f 970//272 964//272 963//272
f 970//273 968//273 964//273
f 968//274 970//274 967//274
f 970//275 913//275 921//275
f 970//276 921//276 931//276
f 970//277 931//277 939//277
f 972//278 969//278 971//278
f 699//279 972//279 700//279
f 985//280 982//280 980//280
f 982//281 988//281 983//281
f 988//282 975//282 983//282
f 1001//283 1041//283 1002//283
f 1007//284 1042//284 1005//284
f 1042//285 999//285 995//285
f 1042//286 1000//286 999//286
f 1013//287 1044//287 1014//287
f 1044//288 1007//288 1014//288
f 1015//289 1016//289 1045//289
f 1016//290 1008//290 1045//290
f 1048//291 1008//291 1016//291
f 1018//292 1048//292 1016//292
f 1050//293 1010//293 1009//293
f 974//294 1050//294 973//294
f 1050//295 1012//295 1010//295
f 1019//296 1020//296 1050//296
f 1022//297 1051//297 1020//297
f 1021//298 1052//298 1022//298
f 1023//299 1024//299 1051//299
f 1052//300 1026//300 1023//300
f 1026//301 1055//301 1027//301
f 1033//302 1049//302 1032//302
f 1055//303 1034//303 1030//303
f 1050//304 974//304 979//304
f 1038//305 1019//305 1050//305
f 858//306 1061//306 859//306
f 994//307 1061//307 993//307
f 1061//308 994//308 1002//308
f 1065//309 1080//309 1066//309
f 1067//310 1081//310 1068//310
f 1070//311 1080//311 1069//311
f 1072//312 1081//312 1071//312
f 1058//313 1073//313 1057//313
f 1060//314 1077//314 1058//314
f 1088//315 1087//315 1085//315
f 1108//316 1092//316 1093//316
f 1096//317 1095//317 870//317
f 1107//318 1099//318 1100//318
f 1091//319 1107//319 1100//319
f 1125//320 887//320 888//320
f 877//321 1125//321 888//321
f 1134//322 1147//322 1133//322
f 1147//323 910//323 911//323
f 899//324 1147//324 911//324
f 1140//325 1118//325 1117//325
f 1147//326 1142//326 1140//326
f 1141//327 1121//327 1122//327
f 1118//328 1141//328 1122//328
f 1034//329 1166//329 1035//329
f 1036//330 1167//330 1037//330
f 1182//331 1183//331 1077//331
f 1184//332 1185//332 1078//332
f 1167//333 1186//333 1180//333
f 1185//334 1192//334 1078//334
f 1193//335 1194//335 1079//335
f 1195//336 1186//336 1167//336
f 1195//337 1204//337 1196//337
f 1197//338 1205//338 1198//338
f 1219//339 1216//339 1226//339
f 1209//340 1223//340 1208//340
f 1225//341 1222//341 1227//341
f 1211//342 1208//342 1225//342
f 1225//343 1213//343 1211//343
f 1284//344 1228//344 1231//344
f 1232//345 1229//345 1283//345
f 1283//346 1295//346 1286//346
f 1295//347 1215//347 1218//347
f 1287//348 1234//348 1237//348
f 1238//349 1235//349 1286//349
f 1242//350 1287//350 1241//350
f 1244//351 1288//351 1243//351
f 1248//352 1295//352 1247//352
f 1295//353 1249//353 1247//353
f 1255//354 1245//354 1289//354
f 1248//355 1262//355 1289//355
f 1259//356 1290//356 1260//356
f 1267//357 1249//357 1221//357
f 1272//358 1290//358 1266//358
f 1271//359 1291//359 1272//359
f 1276//360 1291//360 1274//360
f 1282//361 1294//361 1280//361
f 1294//362 1275//362 1273//362
f 1329//363 739//363 1328//363
f 1328//364 1285//364 1288//364
f 1297//365 1328//365 1296//365
f 1298//365 1328//365 1297//365
f 1299//366 1328//366 1298//366
f 1301//367 1329//367 1300//367
f 1302//368 1329//368 1301//368
f 1303//369 1329//369 1302//369
f 1312//370 1320//370 1313//370
f 1314//371 1321//371 1315//371
f 1316//372 1322//372 1317//372
f 1318//373 1323//373 1319//373
f 1367//374 740//374 1366//374
f 1331//375 1366//375 1330//375
f 1332//376 1366//376 1331//376
f 1333//376 1366//376 1332//376
f 1335//377 1367//377 1334//377
f 1336//378 1367//378 1335//378
f 1337//379 1367//379 1336//379
f 1347//380 1359//380 1348//380
f 1349//381 1360//381 1350//381
f 1351//382 1361//382 1352//382
f 1353//383 1362//383 1354//383
f 1355//384 1356//384 1362//384
f 1365//385 1357//385 1355//385
f 1372//386 784//386 1371//386
f 1373//387 784//387 1372//387
f 1378//388 1368//388 1437//388
f 1438//389 1370//389 1380//389
f 1381//390 1371//390 1438//390
f 1440//391 1437//391 1367//391
f 1401//392 1388//392 1440//392
f 1441//393 1410//393 1408//393
f 1398//394 1410//394 1441//394
f 1412//395 1440//395 1411//395
f 1441//396 1423//396 1422//396
f 1423//397 1441//397 1421//397
f 1362//398 1433//398 1430//398
f 1448//399 1446//399 1445//399
f 1452//400 1451//400 1495//400
f 1457//401 870//401 1456//401
f 1463//402 1462//402 1494//402
f 1451//403 1464//403 1495//403
f 1474//404 1494//404 1473//404
f 1476//405 1495//405 1475//405
f 1495//406 1476//406 1471//406
f 1498//407 1484//407 1483//407
f 1498//408 1487//408 1486//408
f 1498//409 1488//409 1487//409
f 1488//410 1498//410 1483//410
f 1497//411 1490//411 1489//411
f 1497//412 1491//412 1490//412
f 1497//413 1492//413 1491//413
f 1492//414 1497//414 1485//414
f 1493//415 1497//415 1489//415
f 1521//416 939//416 938//416
f 1501//417 949//417 1500//417
f 940//418 1521//418 938//418
f 1503//419 951//419 1502//419
f 1504//420 1522//420 1502//420
f 951//421 1504//421 1502//421
f 1521//422 1501//422 1508//422
f 1509//423 1502//423 1522//423
f 1524//424 1508//424 1507//424
f 1514//425 1522//425 1513//425
f 1524//426 1512//426 1517//426
f 1526//427 1517//427 1516//427
f 1527//428 1525//428 1524//428
f 1528//429 1519//429 1518//429
f 1528//430 1520//430 1519//430
f 1529//431 971//431 970//431
f 1529//432 1521//432 1525//432
f 1529//433 1525//433 1527//433
f 1541//434 1540//434 1529//434
f 1536//435 1539//435 1537//435
f 1539//436 1531//436 1537//436
f 1275//437 1543//437 1276//437
f 1281//438 1555//438 1282//438
f 1531//439 1555//439 1530//439
f 1542//440 1561//440 1559//440
f 1324//441 1567//441 1325//441
f 1548//442 1567//442 1545//442
f 1567//443 1565//443 1563//443
f 1565//444 1569//444 1566//444
f 1554//445 1568//445 1551//445
f 1603//446 1573//446 1572//446
f 1573//447 1603//447 1571//447
f 1576//448 1615//448 1574//448
f 1580//449 1606//449 1578//449
f 1608//450 1585//450 1584//450
f 1585//451 1608//451 1582//451
f 1612//452 1588//452 1586//452
f 1572//453 1588//453 1612//453
f 1589//454 1590//454 1612//454
f 1590//455 1574//455 1612//455
f 1614//456 1591//456 1589//456
f 1617//457 1594//457 1593//457
f 1569//458 1618//458 1616//458
f 1595//459 1596//459 1617//459
f 1618//460 1598//460 1595//460
f 1622//461 1632//461 1623//461
f 1629//462 1627//462 1625//462
f 1622//463 1627//463 1629//463
f 1398//464 1638//464 1399//464
f 1651//465 1084//465 1650//465
f 1671//466 1685//466 1670//466
f 1688//467 1675//467 1674//467
f 1688//468 1676//468 1675//468
f 1688//469 1678//469 1677//469
f 1678//470 1688//470 1674//470
f 1681//471 1688//471 1677//471
f 1687//472 1683//472 1682//472
f 1683//473 1687//473 1680//473
f 1753//474 1699//474 1700//474
f 1754//475 1701//475 1702//475
f 1755//476 1703//476 1704//476
f 1753//477 1708//477 1706//477
f 1756//478 1707//478 1708//478
f 1758//479 1088//479 1754//479
f 1759//480 1088//480 1758//480
f 1756//481 1651//481 1647//481
f 1762//482 1743//482 1742//482
f 1762//483 1744//483 1743//483
f 1761//484 1746//484 1745//484
f 1747//485 1762//485 1742//485
f 1761//486 1749//486 1748//486
f 1761//487 1750//487 1749//487
f 1750//488 1761//488 1745//488
f 1751//489 1761//489 1748//489
f 1773//490 1767//490 1768//490
f 1774//491 1769//491 1770//491
f 1773//492 1704//492 1697//492
f 1779//493 1794//493 1792//493
f 1779//493 1796//493 1794//493
f 1779//494 1798//494 1796//494
f 1800//495 1801//495 1569//495
f 1785//496 1808//496 1782//496
f 1808//497 1802//497 1800//497
f 1791//498 1809//498 1788//498
f 1809//499 1806//499 1804//499
f 1811//500 1855//500 1810//500
f 1813//501 1855//501 1811//501
f 1855//502 1844//502 1842//502
f 1815//503 1854//503 1813//503
f 1819//504 1846//504 1817//504
f 1823//505 1848//505 1821//505
f 1850//506 1826//506 1824//506
f 1851//507 1830//507 1828//507
f 1852//508 1832//508 1831//508
f 1853//509 1834//509 1833//509
f 1635//510 1858//510 1636//510
f 1149//511 1858//511 1148//511
f 1837//512 1858//512 1835//512
f 1858//513 1152//513 1148//513
f 1884//514 1200//514 1199//514
f 1864//515 1205//515 1863//515
f 1865//516 1866//516 1884//516
f 1861//517 1886//517 1862//517
f 1205//518 1867//518 1863//518
f 1870//519 1886//519 1866//519
f 1869//520 1888//520 1870//520
f 1870//521 1888//521 1886//521
f 1887//522 1873//522 1871//522
f 1874//523 1888//523 1872//523
f 1876//524 1207//524 1875//524
f 1878//525 1888//525 1874//525
f 1207//526 1879//526 1875//526
f 1882//527 1888//527 1878//527
f 1891//528 1890//528 1925//528
f 1893//529 1892//529 1926//529
f 1896//530 1928//530 1890//530
f 1930//531 1896//531 1897//531
f 1931//532 1898//532 1899//532
f 1932//533 1900//533 1901//533
f 1933//534 332//534 330//534
f 1909//535 1924//535 1908//535
f 1911//536 1925//536 1910//536
f 1913//537 1926//537 1912//537
f 1915//538 1914//538 1937//538
f 1937//539 1922//539 1921//539
f 1937//540 1913//540 1922//540
f 1923//541 1915//541 1937//541
f 1944//542 1932//542 1941//542
f 1972//543 1944//543 1945//543
f 1973//544 1946//544 1947//544
f 1949//545 1973//545 1948//545
f 1975//546 1965//546 1964//546
f 1975//547 1954//547 1965//547
f 1966//548 1955//548 1975//548
f 1967//549 1966//549 1975//549
f 1977//550 1968//550 1967//550
f 1977//551 1958//551 1968//551
f 1969//552 1959//552 1977//552
f 1970//553 1969//553 1977//553
f 1988//554 1933//554 1934//554
f 1989//555 1935//555 1936//555
f 1988//556 392//556 390//556
f 1981//557 1980//557 1988//557
f 1983//558 1982//558 1989//558
f 2036//559 1972//559 1973//559
f 1992//560 2036//560 1990//560
f 2028//561 2036//561 1992//561
f 2028//562 1992//562 1993//562
f 1995//563 2028//563 1994//563
f 2030//564 2029//564 2036//564
f 1999//565 2031//565 1997//565
f 2014//566 2035//566 2012//566
f 2059//567 527//567 525//567
f 2059//568 521//568 527//568
f 2041//569 2063//569 2040//569
f 2043//570 2064//570 2042//570
f 2045//571 2065//571 2044//571
f 2048//572 2069//572 2047//572
f 2049//573 2069//573 2048//573
f 2070//574 2051//574 2050//574
f 2071//575 2053//575 2052//575
f 2072//576 2055//576 2054//576
f 2074//577 2058//577 2057//577
f 2077//578 2082//578 2076//578
f 2081//579 2079//579 2078//579
f 2081//580 2080//580 2079//580
f 2086//581 1917//581 1916//581
f 2087//582 1919//582 1918//582
f 2084//583 2083//583 2061//583
f 2085//584 2084//584 2061//584
f 2088//585 2084//585 2085//585
f 2118//586 1964//586 1963//586
f 2122//587 1971//587 1970//587
f 2137//588 2119//588 2126//588
f 2127//589 2120//589 2137//589
f 2137//590 2126//590 2125//590
f 2128//591 2127//591 2137//591
f 2092//592 2125//592 2091//592
f 2093//593 2125//593 2092//593
f 2095//594 2137//594 2094//594
f 2096//595 2137//595 2095//595
f 2097//596 2137//596 2096//596
f 2098//597 2137//597 2097//597
f 2100//598 2128//598 2099//598
f 2101//599 2128//599 2100//599
f 2131//600 2105//600 2104//600
f 2131//601 2106//601 2105//601
f 2133//602 2109//602 2108//602
f 2133//603 2110//603 2109//603
f 2135//604 2113//604 2112//604
f 2135//605 2114//605 2113//605
f 2140//606 2146//606 2139//606
f 2145//607 2143//607 2142//607
f 2145//608 2144//608 2143//608
f 2147//609 2018//609 2017//609
f 2147//610 2019//610 2018//610
f 2148//611 2022//611 2021//611
f 2150//612 2026//612 2025//612
f 2154//613 2152//613 2178//613
f 2155//614 2154//614 2178//614
f 2179//615 2153//615 2156//615
f 2179//616 2156//616 2157//616
f 2183//617 2157//617 2155//617
f 2159//618 2180//618 2158//618
f 2160//619 2180//619 2159//619
f 2163//620 2182//620 2162//620
f 2165//621 2184//621 2164//621
f 2167//622 2186//622 2166//622
f 2187//623 2169//623 2168//623
f 2189//624 2172//624 2171//624
f 2190//625 2174//625 2173//625
f 2191//626 2176//626 2175//626
f 2193//627 2070//627 2192//627
f 2195//628 2071//628 2194//628
f 2197//629 2072//629 2196//629
f 2200//630 2074//630 2199//630
f 2224//631 2217//631 2216//631
f 2225//632 2219//632 2218//632
f 2227//633 2081//633 2226//633
f 2228//634 2081//634 2227//634
f 2220//635 2232//635 2221//635
f 2222//636 2233//636 2223//636
f 2238//637 2256//637 2239//637
f 2246//638 2256//638 2245//638
f 2260//639 2131//639 2259//639
f 2261//640 2131//640 2260//640
f 2264//641 2133//641 2263//641
f 2265//642 2133//642 2264//642
f 2268//643 2135//643 2267//643
f 2269//644 2135//644 2268//644
f 2233//645 2275//645 2271//645
f 2275//646 2301//646 2276//646
f 2301//647 2284//647 2280//647
f 2284//648 2302//648 2285//648
f 2302//649 2293//649 2289//649
f 2293//650 2303//650 2294//650
f 2303//651 2299//651 2297//651
f 2316//652 2145//652 2315//652
f 2317//653 2145//653 2316//653
f 2320//654 2321//654 2254//654
f 2325//655 2326//655 2253//655
f 2327//656 2320//656 2254//656
f 2345//657 2321//657 2328//657
f 2331//658 2345//658 2328//658
f 2332//659 2333//659 2345//659
f 2333//660 2322//660 2345//660
f 2349//661 2322//661 2333//661
f 2334//662 2349//662 2333//662
f 2335//663 2336//663 2349//663
f 2336//664 2323//664 2349//664
f 2299//665 2353//665 2300//665
f 2378//666 2365//666 2363//666
f 2374//667 2378//667 2372//667
f 2324//668 2376//668 2323//668
f 2376//669 2324//669 2338//669
f 2341//670 2377//670 2340//670
f 2382//671 2187//671 2381//671
f 2385//672 2189//672 2384//672
f 2387//673 2190//673 2386//673
f 2389//674 2191//674 2388//674
f 2353//675 2392//675 2390//675
f 2354//676 2397//676 2394//676
f 2397//677 2404//677 2398//677
f 2404//678 2401//678 2400//678
f 2405//679 2403//679 2402//679
f 2410//680 2425//680 2411//680
f 2412//681 2426//681 2413//681
f 2426//682 2416//682 2414//682
f 2416//683 2429//683 2417//683
f 2429//684 2419//684 2418//684
f 1888//685 2430//685 2427//685
f 2432//686 2422//686 2420//686
f 2434//687 2433//687 358//687
f 2448//688 2436//688 2435//688
f 2433//689 2441//689 358//689
f 2449//690 2446//690 2447//690
f 2451//691 2450//691 368//691
f 2453//692 2452//692 369//692
f 2455//693 2454//693 371//693
f 2499//694 2455//694 371//694
f 2499//695 2461//695 2455//695
f 2501//696 2460//696 2461//696
f 2463//697 2462//697 2502//697
f 2459//698 2504//698 2458//698
f 2472//699 2471//699 2504//699
f 2501//700 2474//700 2473//700
f 2501//701 2478//701 2474//701
f 2547//702 2546//702 372//702
f 2546//703 2502//703 2499//703
f 2507//704 2506//704 2546//704
f 2540//705 2507//705 2546//705
f 2508//706 2541//706 2547//706
f 2509//707 2508//707 2547//707
f 2540//708 2511//708 2507//708
f 2512//709 2541//709 2508//709
f 2513//710 2545//710 2512//710
f 2542//711 2521//711 2520//711
f 2523//712 2522//712 2544//712
f 2525//713 2524//713 2545//713
f 2589//714 2588//714 373//714
f 2549//715 2548//715 2588//715
f 2550//716 2549//716 2588//716
f 2551//717 2550//717 2588//717
f 2553//718 2552//718 2589//718
f 2583//719 2553//719 2589//719
f 2583//720 2559//720 2553//720
f 2584//721 2558//721 2559//721
f 2561//722 2560//722 2583//722
f 2555//723 2585//723 2554//723
f 2557//724 2586//724 2556//724
f 2564//725 2563//725 2585//725
f 2566//726 2565//726 2586//726
f 2584//727 2568//727 2567//727
f 2620//728 2632//728 374//728
f 2621//729 2620//729 374//729
f 2622//730 2632//730 2620//730
f 2625//731 2624//731 2632//731
f 2591//732 2590//732 2624//732
f 2593//733 2592//733 2625//733
f 2600//734 2599//734 2630//734
f 2602//735 2601//735 2631//735
f 2668//736 2667//736 375//736
f 2669//737 2668//737 375//737
f 2670//737 2669//737 375//737
f 2634//738 2633//738 2667//738
f 2636//739 2635//739 2668//739
f 2638//740 2637//740 2669//740
f 2639//741 2623//741 2633//741
f 2671//742 2644//742 2638//742
f 2672//743 2643//743 2644//743
f 2646//744 2645//744 2671//744
f 2640//745 2673//745 2639//745
f 2642//746 2674//746 2641//746
f 2647//747 2679//747 2645//747
f 2648//748 2679//748 2647//748
f 2650//749 2649//749 2676//749
f 2653//750 2652//750 2678//750
f 2680//751 2654//751 2653//751
f 2656//752 2650//752 2676//752
f 2658//753 2657//753 2677//753
f 2651//754 2658//754 2677//754
f 2654//755 2680//755 2666//755
f 2682//756 2681//756 2696//756
f 2703//757 2698//757 2699//757
f 2700//758 2684//758 2682//758
f 2688//759 2687//759 2700//759
f 2703//38 2688//38 2700//38
f 2703//760 2691//760 2688//760
f 2686//761 2702//761 2685//761
f 2689//762 2702//762 2686//762
f 2712//763 397//763 398//763
f 2712//764 2699//764 2695//764
f 2706//765 2712//765 2704//765
f 2710//766 2713//766 2708//766
f 2777//767 2776//767 2786//767
f 2779//768 2778//768 2787//768
f 2864//769 2838//769 2834//769
f 2851//770 2864//770 2850//770
f 2853//771 2852//771 2865//771
f 2855//772 2854//772 2866//772
f 2876//773 2875//773 2680//773
f 2874//774 2876//774 2680//774
f 2919//775 2918//775 2703//775
f 2918//776 2880//776 2878//776
f 2882//777 2881//777 2918//777
f 2921//778 2884//778 2882//778
f 2886//779 2885//779 2921//779
f 2889//780 2888//780 2702//780
f 2923//781 2912//781 2913//781
f 2897//782 2923//782 2913//782
f 2898//783 2914//783 2923//783
f 2915//784 2923//784 2914//784
f 2926//785 2925//785 2711//785
f 2927//786 2972//786 2925//786
f 2979//787 2921//787 2919//787
f 2973//788 2979//788 2972//788
f 2974//789 2927//789 2928//789
f 2930//790 2929//790 2979//790
f 2975//791 2930//791 2979//791
f 2932//792 2931//792 2974//792
f 2975//793 2934//793 2930//793
f 2935//794 2976//794 2931//794
f 2938//795 2937//795 2975//795
f 2978//796 2950//796 2949//796
f 3048//797 3047//797 650//797
f 3045//798 3048//798 650//798
f 3050//799 3054//799 3057//799
f 2449//800 3067//800 3066//800
f 3079//801 3078//801 684//801
f 3074//802 3103//802 3073//802
f 3077//803 3106//803 3076//803
f 3078//804 3084//804 684//804
f 3083//805 3103//805 3088//805
f 3093//806 3107//806 3097//806
f 3097//807 3110//807 3096//807
f 3099//808 3110//808 3101//808
f 2494//809 3124//809 2493//809
f 2495//810 3124//810 2494//810
f 2497//811 3125//811 2496//811
f 3118//812 3142//812 3123//812
f 3120//813 3127//813 3119//813
f 3122//814 3128//814 3121//814
f 3123//815 3128//815 3122//815
f 3123//816 3142//816 3128//816
f 3124//817 3129//817 3142//817
f 3133//818 3143//818 3138//818
f 3134//819 3139//819 3143//819
f 2533//820 3192//820 2532//820
f 2535//821 3193//821 2534//821
f 3144//822 3150//822 3126//822
f 3145//823 3192//823 3151//823
f 3156//824 3162//824 3131//824
f 3157//825 3194//825 3163//825
f 3168//826 3174//826 3136//826
f 3169//827 3196//827 3175//827
f 3180//828 3186//828 3141//828
f 3181//829 3198//829 3187//829
f 2575//830 3200//830 2574//830
f 2577//831 3201//831 2576//831
f 2579//832 3202//832 2578//832
f 2580//833 3202//833 2579//833
f 2582//834 3203//834 2581//834
f 2615//835 3224//835 2614//835
f 2617//836 3225//836 2616//836
f 3216//837 3220//837 3203//837
f 3217//838 3224//838 3221//838
f 3218//839 3222//839 3225//839
f 3223//840 3229//840 3222//840
f 3245//841 3250//841 3244//841
f 3233//842 3251//842 3237//842
f 3253//843 2786//843 3252//843
f 2782//844 3301//844 2781//844
f 2783//845 3301//845 2782//845
f 2784//846 3301//846 2783//846
f 3257//847 3252//847 3292//847
f 3293//848 3253//848 3258//848
f 3255//849 3260//849 3292//849
f 3256//850 3301//850 3263//850
f 3263//851 3301//851 3270//851
f 3271//852 3264//852 3294//852
f 3295//853 3265//853 3272//853
f 3267//854 3274//854 3294//854
f 3270//855 3301//855 3275//855
f 3297//856 3272//856 3271//856
f 3277//857 3280//857 3296//857
f 3278//851 3302//851 3281//851
f 3283//858 3297//858 3282//858
f 3281//851 3302//851 3286//851
f 3287//859 3282//859 3299//859
f 3300//860 3283//860 3288//860
f 3285//861 3290//861 3299//861
f 3286//862 3302//862 3291//862
f 3360//863 2863//863 2862//863
f 3311//864 3303//864 3359//864
f 3360//865 3310//865 3319//865
f 3328//866 3320//866 3362//866
f 3363//867 3321//867 3329//867
f 3330//868 3322//868 3363//868
f 3365//869 3327//869 3336//869
f 3368//870 3329//870 3328//870
f 3335//871 3369//871 3334//871
f 3369//872 3336//872 3334//872
f 3343//873 3368//873 3342//873
f 3343//874 3337//874 3368//874
f 3369//875 3341//875 3346//875
f 3353//876 3347//876 3373//876
f 3374//877 3352//877 3357//877
f 3382//878 3384//878 3226//878
f 3383//879 3395//879 3385//879
f 3386//880 3388//880 3230//880
f 3387//881 3396//881 3389//881
f 3390//882 3392//882 3234//882
f 3391//883 3397//883 3393//883
f 3419//884 3242//884 3243//884
f 2876//885 3420//885 2875//885
f 3418//886 3246//886 3247//886
f 3242//887 3419//887 3248//887
f 3418//888 3399//888 3398//888
f 3419//889 3401//889 3400//889
f 3419//890 3403//890 3401//890
f 3420//891 3405//891 3404//891
f 3398//892 3408//892 3421//892
f 3409//893 3423//893 3408//893
f 3411//894 3424//894 3410//894
f 3412//895 3424//895 3411//895
f 3415//896 3426//896 3414//896
f 3416//897 3426//897 3415//897
f 3422//898 3427//898 3251//898
f 2904//899 3460//899 2902//899
f 2905//900 3460//900 2904//900
f 2909//901 3463//901 2908//901
f 2911//902 3463//902 2909//902
f 2916//903 3466//903 2915//903
f 3407//904 3470//904 3415//904
f 3470//905 3416//905 3415//905
f 3470//906 3433//906 3432//906
f 3473//907 3436//907 3435//907
f 3473//908 3437//908 3436//908
f 3476//909 3440//909 3439//909
f 3476//910 3441//910 3440//910
f 3432//911 3443//911 3426//911
f 3444//912 3478//912 3443//912
f 3447//913 3480//913 3446//913
f 3448//914 3480//914 3447//914
f 3454//915 3457//915 3481//915
f 3456//916 3482//916 3459//916
f 2960//917 3487//917 2959//917
f 2965//918 3487//918 2960//918
f 2969//919 3489//919 2968//919
f 2970//920 3489//920 2969//920
f 2971//921 3489//921 2970//921
f 3484//922 3486//922 3487//922
f 3009//923 3530//923 3008//923
f 3490//924 3495//924 3301//924
f 3494//925 3530//925 3499//925
f 3495//924 3500//924 3301//924
f 3500//924 3505//924 3301//924
f 3504//926 3531//926 3509//926
f 3510//924 3515//924 3302//924
f 3514//927 3532//927 3519//927
f 3515//924 3520//924 3302//924
f 3520//924 3525//924 3302//924
f 3524//928 3533//928 3529//928
f 3037//929 3558//929 3036//929
f 3039//930 3559//930 3038//930
f 3534//931 3560//931 3537//931
f 3535//932 3538//932 3559//932
f 3540//933 3563//933 3543//933
f 3541//934 3544//934 3562//934
f 3562//935 3566//935 3561//935
f 3546//936 3564//936 3549//936
f 3547//937 3550//937 3566//937
f 3532//938 3566//938 3533//938
f 3550//939 3553//939 3566//939
f 3552//940 3565//940 3555//940
f 3553//937 3556//937 3566//937
f 3574//941 3568//941 3567//941
f 3571//942 3573//942 3570//942
f 3572//943 3573//943 3571//943
f 3607//944 3606//944 3489//944
f 3576//945 3606//945 3578//945
f 3606//946 3579//946 3578//946
f 3578//947 3609//947 3577//947
f 3579//948 3609//948 3578//948
f 3606//949 3581//949 3580//949
f 3580//950 3582//950 3609//950
f 3581//951 3610//951 3583//951
f 3608//952 3587//952 3586//952
f 3608//953 3588//953 3587//953
f 3611//954 3591//954 3590//954
f 3612//955 3595//955 3594//955
f 3597//956 3613//956 3596//956
f 3600//957 3615//957 3599//957
f 3602//958 3616//958 3601//958
f 3604//959 3617//959 3603//959
f 3628//960 3624//960 3632//960
f 3635//961 3627//961 3626//961
f 3628//962 3635//962 3626//962
f 3640//963 3644//963 3638//963
f 3640//964 3636//964 3644//964
f 3651//965 3639//965 3638//965
f 3648//966 3619//966 3621//966
f 3668//967 3647//967 3646//967
f 3657//968 3625//968 3623//968
f 3668//969 3653//969 3654//969
f 3657//970 3623//970 3627//970
f 3746//971 3641//971 3639//971
f 3746//972 3637//972 3641//972
f 3673//973 3746//973 3670//973
f 3674//974 3746//974 3673//974
f 3678//975 3647//975 3676//975
f 3678//976 3669//976 3647//976
f 3683//977 3682//977 3747//977
f 3695//978 3747//978 3694//978
f 3703//979 3654//979 3701//979
f 3703//980 3686//980 3654//980
f 3748//981 3704//981 3702//981
f 3707//982 3706//982 3748//982
f 3709//983 3708//983 3749//983
f 3718//984 3752//984 3716//984
f 3755//985 3702//985 3701//985
f 3756//986 3718//986 3719//986
f 3721//987 3720//987 3754//987
f 3722//988 3757//988 3720//988
f 3733//989 3716//989 3752//989
f 3734//990 3733//990 1087//990
f 3754//991 3753//991 1088//991
f 3753//992 3735//992 3734//992
f 3753//993 3719//993 3735//993
f 3730//994 3759//994 3743//994
f 3759//995 3727//995 3741//995
f 3762//996 3761//996 1105//996
f 3760//997 3762//997 1105//997
f 3766//998 3765//998 1115//998
f 3769//999 3792//999 3763//999
f 3776//1000 3775//1000 3792//1000
f 3779//1001 3763//1001 3792//1001
f 3780//1002 3779//1002 1114//1002
f 3764//1003 3780//1003 1114//1003
f 3794//1004 3793//1004 1132//1004
f 3793//1005 3798//1005 1132//1005
f 3805//1006 3804//1006 1138//1006
f 3803//1007 3842//1007 3802//1007
f 3804//1008 3809//1008 1138//1008
f 3808//1009 3842//1009 3814//1009
f 3816//1010 3815//1010 1145//1010
f 3843//1011 3819//1011 3818//1011
f 3813//1012 3843//1012 3811//1012
f 3814//1013 3843//1013 3813//1013
f 3842//1014 3821//1014 3820//1014
f 3819//1015 3843//1015 3827//1015
f 3820//1016 3828//1016 3843//1016
f 3844//1017 3833//1017 3831//1017
f 3826//1018 3844//1018 3824//1018
f 3827//1019 3844//1019 3826//1019
f 3833//1020 3844//1020 3837//1020
f 3834//1021 3838//1021 3845//1021
f 3847//1022 3854//1022 3849//1022
f 3850//1023 3852//1023 3842//1023
f 3851//1024 3858//1024 3853//1024
f 3853//1025 3868//1025 3852//1025
f 3858//1026 3868//1026 3853//1026
f 3821//1027 3868//1027 3829//1027
f 3829//1028 3868//1028 3835//1028
f 3862//1029 3865//1029 3868//1029
f 3835//1030 3868//1030 3839//1030
f 3870//1031 3889//1031 3875//1031
f 3871//1032 3876//1032 3889//1032
f 3880//1033 3890//1033 3885//1033
f 3881//1034 3886//1034 3890//1034
f 3891//1035 3897//1035 3873//1035
f 3892//1036 3939//1036 3898//1036
f 3903//1037 3909//1037 3878//1037
f 3904//1036 3941//1036 3910//1036
f 3915//1038 3921//1038 3883//1038
f 3916//1039 3943//1039 3922//1039
f 3927//1040 3933//1040 3888//1040
f 3928//1041 3945//1041 3934//1041
f 3963//1042 3964//1042 3954//1042
f 3966//1043 3968//1043 3958//1043
f 3967//1044 3988//1044 3969//1044
f 3990//1045 3974//1045 3973//1045
f 3971//1046 3977//1046 3962//1046
f 3972//1047 3992//1047 3978//1047
f 3973//1048 3979//1048 3993//1048
f 3998//1049 4030//1049 3994//1049
f 4029//1050 4002//1050 4001//1050
f 4004//1051 4035//1051 4000//1051
f 3998//1052 4035//1052 3997//1052
f 4035//1053 3998//1053 3994//1053
f 4007//1054 4008//1054 4032//1054
f 4000//1055 4035//1055 4008//1055
f 4001//1056 4009//1056 3990//1056
f 4013//1057 4014//1057 4042//1057
f 4032//1058 4018//1058 4017//1058
f 4018//1059 4032//1059 4014//1059
f 4022//1060 4023//1060 4041//1060
f 4024//1061 4013//1061 4042//1061
f 4084//1062 4075//1062 4074//1062
f 4050//1063 4068//1063 4051//1063
f 4049//1064 4080//1064 4048//1064
f 4080//1065 4050//1065 4048//1065
f 4051//1066 4080//1066 4049//1066
f 4082//1067 4053//1067 4052//1067
f 4071//1068 4057//1068 4055//1068
f 4071//1069 4058//1069 4057//1069
f 4052//1070 4059//1070 4079//1070
f 4059//1071 4060//1071 4079//1071
f 4086//1072 4122//1072 4087//1072
f 4079//1073 4095//1073 4091//1073
f 4088//1074 4123//1074 4109//1074
f 4109//1075 4123//1075 4110//1075
f 4123//1076 4114//1076 4111//1076
f 4089//1077 4114//1077 4123//1077
f 4162//1078 4126//1078 4124//1078
f 4162//1079 4124//1079 4131//1079
f 4132//1080 4125//1080 4161//1080
f 4128//1081 4135//1081 4161//1081
f 4129//855 4168//855 4136//855
f 4140//1082 4162//1082 4139//1082
f 4136//1083 4168//1083 4144//1083
f 4148//1084 4141//1084 4163//1084
f 4143//1085 4150//1085 4163//1085
f 4144//1086 4168//1086 4151//1086
f 4165//1087 4146//1087 4145//1087
f 4148//1088 4165//1088 4145//1088
f 4153//1089 4152//1089 4164//1089
f 4152//1090 4155//1090 4164//1090
f 4154//1091 4169//1091 4156//1091
f 4156//1092 4169//1092 4158//1092
f 4157//1093 4159//1093 4166//1093
f 4158//1094 4169//1094 4160//1094
f 4186//1095 3372//1095 3371//1095
f 4186//1096 3642//1096 3643//1096
f 4177//1097 4173//1097 4175//1097
f 4179//1098 4175//1098 4174//1098
f 4184//1099 4182//1099 4187//1099
f 4190//1100 4188//1100 3746//1100
f 4191//1101 4190//1101 3746//1101
f 4172//1102 4206//1102 4174//1102
f 4206//1103 4189//1103 4192//1103
f 4207//1104 4195//1104 4198//1104
f 4209//1105 4201//1105 4204//1105
f 4205//1106 4210//1106 4204//1106
f 4210//1107 4205//1107 4203//1107
f 4209//1108 4212//1108 4187//1108
f 4211//1109 3731//1109 3744//1109
f 4213//1110 4215//1110 3981//1110
f 4214//1111 4229//1111 4216//1111
f 4218//1112 4230//1112 4220//1112
f 4252//1113 4232//1113 4231//1113
f 4253//1114 4237//1114 4233//1114
f 4253//1115 4238//1115 4237//1115
f 4255//1116 4242//1116 4241//1116
f 4231//1117 4243//1117 4256//1117
f 4247//1118 4248//1118 4030//1118
f 3478//1119 4258//1119 4257//1119
f 3480//1120 4261//1120 4260//1120
f 3480//1121 4262//1121 4261//1121
f 4255//1122 4272//1122 4268//1122
f 4257//1123 4272//1123 4255//1123
f 4284//1124 4297//1124 4280//1124
f 4288//1125 4289//1125 4297//1125
f 4240//1126 4298//1126 4236//1126
f 4294//1127 4295//1127 4298//1127
f 4271//1128 4302//1128 4270//1128
f 4275//1129 4302//1129 4271//1129
f 4280//1130 4305//1130 4279//1130
f 4236//1131 4298//1131 4248//1131
f 4300//1132 4301//1132 4084//1132
f 4293//1133 4309//1133 4289//1133
f 4317//1134 4318//1134 4334//1134
f 4334//1135 4330//1135 4329//1135
f 4089//1136 4332//1136 4090//1136
f 4090//1137 4332//1137 4115//1137
f 4116//1138 4333//1138 4117//1138
f 4336//924 4341//924 4168//924
f 4340//1139 4376//1139 4345//1139
f 4341//924 4346//924 4168//924
f 4346//924 4351//924 4168//924
f 4350//1140 4377//1140 4355//1140
f 4356//1141 4361//1141 4169//1141
f 4360//1142 4378//1142 4365//1142
f 4361//1141 4366//1141 4169//1141
f 4366//1141 4371//1141 4169//1141
f 4370//1143 4379//1143 4375//1143
f 4380//1144 4404//1144 4383//1144
f 4381//1145 4384//1145 4408//1145
f 4376//1146 4408//1146 4377//1146
f 4384//1147 4387//1147 4408//1147
f 4386//1148 4405//1148 4389//1148
f 4387//1145 4390//1145 4408//1145
f 4392//1149 4406//1149 4395//1149
f 4393//1150 4396//1150 4409//1150
f 4378//1151 4409//1151 4379//1151
f 4396//1152 4399//1152 4409//1152
f 4398//1153 4407//1153 4401//1153
f 4399//1154 4402//1154 4409//1154
f 3573//1155 4411//1155 4410//1155
f 3573//1156 4412//1156 4411//1156
f 3613//1157 4417//1157 4416//1157
f 3615//1158 4420//1158 4419//1158
f 3616//1159 4422//1159 4421//1159
f 3617//1160 4424//1160 4423//1160
f 4425//1161 4426//1161 4309//1161
f 4427//1162 4428//1162 4310//1162
f 4432//1163 4439//1163 4428//1163
f 4435//1164 4436//1164 4439//1164
f 4437//1165 4438//1165 4440//1165
f 4445//1166 4464//1166 4444//1166
f 4464//1167 4445//1167 4443//1167
f 4449//1168 4465//1168 4448//1168
f 4465//1169 4449//1169 4446//1169
f 4468//1170 4453//1170 4451//1170
f 4470//1171 4456//1171 4455//1171
f 4456//1172 4470//1172 4454//1172
f 4472//1173 4458//1173 4457//1173
f 4472//1174 4460//1174 4459//1174
f 4460//1175 4472//1175 4457//1175
f 4462//1176 4472//1176 4459//1176
f 4463//1177 4471//1177 4461//1177
f 4494//1178 1648//1178 1649//1178
f 4494//1179 4476//1179 4473//1179
f 4497//1180 4475//1180 4476//1180
f 4479//1181 4478//1181 1685//1181
f 4494//1182 4473//1182 4479//1182
f 1648//1183 4494//1183 1659//1183
f 4496//1184 4480//1184 4481//1184
f 4474//1185 4496//1185 4481//1185
f 4499//1186 4490//1186 4489//1186
f 4499//1187 4492//1187 4491//1187
f 4492//1188 4499//1188 4489//1188
f 4493//1189 4499//1189 4491//1189
f 3740//1190 4507//1190 3739//1190
f 4507//1191 4503//1191 4501//1191
f 3745//1192 4508//1192 3744//1192
f 4508//1193 3745//1193 3743//1193
f 4507//1194 4500//1194 4504//1194
f 4503//1195 4507//1195 4506//1195
f 4509//1196 4502//1196 4505//1196
f 4506//1197 4511//1197 4505//1197
f 4519//1198 4516//1198 4521//1198
f 4517//1199 4520//1199 4522//1199
f 3786//1200 4539//1200 3785//1200
f 4540//1201 4523//1201 4524//1201
f 4524//1202 4539//1202 4531//1202
f 4528//1203 4540//1203 4534//1203
f 4540//1204 4524//1204 4531//1204
f 4534//1205 4544//1205 4533//1205
f 4536//1206 4543//1206 4535//1206
f 4544//1207 4537//1207 4533//1207
f 4548//1208 4553//1208 4521//1208
f 3837//1209 4565//1209 3836//1209
f 3844//1210 4558//1210 4557//1210
f 3845//1211 4560//1211 4559//1211
f 3839//1212 4566//1212 3838//1212
f 4557//1213 4561//1213 4565//1213
f 4560//1214 4566//1214 4564//1214
f 4562//1215 4568//1215 4561//1215
f 4564//1216 4569//1216 4563//1216
f 4568//1217 4571//1217 4567//1217
f 4570//1216 4572//1216 4569//1216
f 4547//1218 4571//1218 4552//1218
f 4566//1219 4587//1219 4570//1219
f 4573//1220 4576//1220 4587//1220
f 4580//1221 4584//1221 4588//1221
f 4610//1222 4628//1222 4615//1222
f 4611//1223 4616//1223 4628//1223
f 4622//1224 4594//1224 4593//1224
f 4623//1225 4597//1225 4595//1225
f 4623//1226 4598//1226 4597//1226
f 4600//1227 4601//1227 4625//1227
f 4590//1228 4602//1228 4627//1228
f 4629//1229 4635//1229 4613//1229
f 4630//1230 4693//1230 4636//1230
f 4641//1231 4647//1231 4618//1231
f 4642//1232 4695//1232 4649//1232
f 4695//1233 4663//1233 4662//1233
f 4656//1234 4703//1234 4657//1234
f 4668//1235 4669//1235 4700//1235
f 4670//1236 4671//1236 4701//1236
f 4672//1237 4673//1237 4702//1237
f 4658//1238 4682//1238 4624//1238
f 4592//1239 4706//1239 4589//1239
f 4689//1240 4690//1240 4706//1240
f 4589//1241 4706//1241 4601//1241
f 4709//1242 4747//1242 4710//1242
f 4711//1243 4748//1243 4712//1243
f 4744//1244 4715//1244 4714//1244
f 4744//1245 4718//1245 4715//1245
f 4745//1246 4720//1246 4719//1246
f 1806//1247 4750//1247 1807//1247
f 4702//1248 4749//1248 4699//1248
f 4721//1249 4722//1249 4749//1249
f 4722//1250 4723//1250 4749//1250
f 4723//1251 4724//1251 4749//1251
f 4725//1252 4726//1252 4750//1252
f 4726//1253 4746//1253 4750//1253
f 4732//1254 4746//1254 4726//1254
f 4735//1255 4736//1255 4746//1255
f 3993//1256 4761//1256 4760//1256
f 4764//1257 4765//1257 4822//1257
f 4765//1258 4752//1258 4822//1258
f 4758//1259 4771//1259 4741//1259
f 4759//1260 4823//1260 4772//1260
f 4760//1261 4773//1261 4823//1261
f 4827//1262 4766//1262 4763//1262
f 4776//1263 4777//1263 4827//1263
f 4823//1264 4781//1264 4780//1264
f 4831//1265 4825//1265 4824//1265
f 4784//1266 4776//1266 4827//1266
f 4778//1267 4785//1267 4745//1267
f 4792//1268 4831//1268 4790//1268
f 4794//1269 4831//1269 4792//1269
f 4796//1270 4831//1270 4794//1270
f 4800//1271 4826//1271 4798//1271
f 4828//1272 4808//1272 4807//1272
f 4750//1273 4829//1273 4828//1273
f 4829//1274 4810//1274 4809//1274
f 4830//1275 4812//1275 4811//1275
f 4813//1276 4814//1276 4830//1276
f 4822//1277 4834//1277 4820//1277
f 4834//1278 4041//1278 4037//1278
f 4842//1279 4858//1279 4838//1279
f 4841//1280 4854//1280 4842//1280
f 4854//1281 4858//1281 4842//1281
f 4103//1282 4853//1282 4101//1282
f 4843//1283 4844//1283 4854//1283
f 4856//1284 4857//1284 4858//1284
f 4846//1285 4856//1285 4844//1285
f 4847//1286 4848//1286 4856//1286
f 4849//1287 4850//1287 4857//1287
f 4862//1288 4166//1288 4861//1288
f 4166//1289 4862//1289 4860//1289
f 4860//1290 4866//1290 4467//1290
f 4864//1291 4901//1291 4869//1291
f 4869//1291 4901//1291 4874//1291
f 4874//1291 4901//1291 4879//1291
f 4881//1292 4886//1292 4471//1292
f 4884//1293 4902//1293 4889//1293
f 4886//1294 4891//1294 4471//1294
f 4889//1295 4902//1295 4894//1295
f 4891//1296 4896//1296 4471//1296
f 4894//1297 4902//1297 4899//1297
f 4905//1298 4903//1298 4911//1298
f 4909//1299 4907//1299 4912//1299
f 4915//1300 4918//1300 4911//1300
f 4923//1301 4920//1301 4522//1301
f 4921//1302 4924//1302 4912//1302
f 4935//924 4940//924 4901//924
f 4939//1303 4975//1303 4944//1303
f 4940//924 4945//924 4901//924
f 4945//924 4950//924 4901//924
f 4949//928 4976//928 4954//928
f 4955//1141 4960//1141 4902//1141
f 4959//1139 4977//1139 4964//1139
f 4960//1141 4965//1141 4902//1141
f 4965//1141 4970//1141 4902//1141
f 4969//928 4978//928 4974//928
f 4979//1304 5003//1304 4982//1304
f 4980//1305 4983//1305 5007//1305
f 4975//1151 5007//1151 4976//1151
f 4983//1306 4986//1306 5007//1306
f 4985//1307 5004//1307 4988//1307
f 4986//1308 4989//1308 5007//1308
f 4991//1309 5005//1309 4994//1309
f 4992//1310 4995//1310 5008//1310
f 4977//1311 5008//1311 4978//1311
f 4995//1312 4998//1312 5008//1312
f 4997//1313 5006//1313 5000//1313
f 4998//1314 5001//1314 5008//1314
f 5021//1315 5015//1315 5016//1315
f 5021//1316 5020//1316 5018//1316
f 5023//1317 5022//1317 2032//1317
f 5025//1318 5024//1318 2034//1318
f 5027//1319 5012//1319 5022//1319
f 5063//1320 5028//1320 5023//1320
f 5029//1321 5063//1321 5024//1321
f 5064//1322 5027//1322 5028//1322
f 5066//1323 5029//1323 5030//1323
f 5072//1324 5064//1324 5065//1324
f 5070//1325 5072//1325 5068//1325
f 5039//1326 5067//1326 5038//1326
f 5043//1327 5069//1327 5041//1327
f 5047//1328 5070//1328 5045//1328
f 5106//1329 2928//1329 2926//1329
f 5116//1330 5109//1330 5107//1330
f 5113//1331 5112//1331 5116//1331
f 5110//1332 2936//1332 2932//1332
f 5074//1333 5073//1333 5111//1333
f 5076//1334 5075//1334 5112//1334
f 5113//1335 5081//1335 5080//1335
f 5114//1336 5083//1336 5082//1336
f 5153//1337 5152//1337 5072//1337
f 5118//1338 5117//1338 5070//1338
f 5119//1339 5153//1339 5117//1339
f 5154//1340 5116//1340 5152//1340
f 5121//1341 5120//1341 5154//1341
f 5122//1342 5113//1342 5120//1342
f 5155//1343 5128//1343 5127//1343
f 5130//1344 5155//1344 5127//1344
f 5166//1345 5051//1345 5049//1345
f 5167//1346 5055//1346 5053//1346
f 5060//1347 5168//1347 5059//1347
f 5168//1348 5062//1348 5059//1348
f 5168//1349 5164//1349 5165//1349
f 5172//1350 5170//1350 5201//1350
f 5173//1351 5172//1351 5201//1351
f 5208//1352 5177//1352 5178//1352
f 5179//1353 5176//1353 5205//1353
f 5207//1354 5180//1354 5179//1354
f 5208//1355 5178//1355 5180//1355
f 5182//1356 5204//1356 5181//1356
f 5184//1357 5206//1357 5183//1357
f 5187//1358 5207//1358 5185//1358
f 5208//1359 5190//1359 5189//1359
f 5190//1360 5208//1360 5188//1360
f 5209//1361 5192//1361 5191//1361
f 5210//1362 5194//1362 5193//1362
f 5212//1363 5197//1363 5195//1363
f 5213//1364 5199//1364 5198//1364
f 5098//1365 5217//1365 5097//1365
f 5100//1366 5214//1366 5099//1366
f 5104//1367 5216//1367 5103//1367
f 5217//1368 5105//1368 5097//1368
f 5245//1369 5139//1369 5137//1369
f 5142//1370 5247//1370 5141//1370
f 5247//1371 5145//1371 5141//1371
f 5148//1372 5250//1372 5147//1372
f 5150//1373 5249//1373 5149//1373
f 5250//1374 5151//1374 5147//1374
f 5250//1375 5267//1375 5256//1375
f 5267//1376 5247//1376 5254//1376
f 5267//1377 5254//1377 5255//1377
f 5267//1378 5258//1378 5256//1378
f 5255//1379 5222//1379 5221//1379
f 5222//1380 5255//1380 5220//1380
f 5267//1381 5224//1381 5223//1381
f 5267//1382 5226//1382 5225//1382
f 5226//1383 5267//1383 5223//1383
f 5228//1384 5267//1384 5225//1384
f 5258//1385 5231//1385 5230//1385
f 5231//1386 5258//1386 5227//1386
f 5235//1387 5260//1387 5234//1387
f 5260//1388 5235//1388 5233//1388
f 5239//1389 5261//1389 5238//1389
f 5261//1390 5239//1390 5236//1390
f 5244//1391 5264//1391 5243//1391
f 5264//1392 5244//1392 5240//1392
f 5270//1393 5275//1393 5268//1393
f 5272//1394 5274//1394 5271//1394
f 5274//1395 5273//1395 5271//1395
f 5276//1396 5278//1396 5301//1396
f 5277//1397 5302//1397 5279//1397
f 5280//1398 5301//1398 5278//1398
f 5302//1399 5281//1399 5279//1399
f 5281//1400 5305//1400 5280//1400
f 5307//1401 5285//1401 5284//1401
f 5285//1402 5307//1402 5282//1402
f 5308//1403 5287//1403 5286//1403
f 5309//1404 5289//1404 5288//1404
f 5310//1405 5291//1405 5290//1405
f 5294//1406 5312//1406 5293//1406
f 5296//1407 5313//1407 5295//1407
f 5298//1408 5314//1408 5297//1408
f 5300//1409 5315//1409 5299//1409
f 5323//1410 5317//1410 5316//1410
f 5320//1411 5322//1411 5319//1411
f 5322//1412 5321//1412 5319//1412
f 5330//1413 5361//1413 5327//1413
f 5329//1414 5366//1414 5330//1414
f 5362//1415 5336//1415 5335//1415
f 5336//1416 5366//1416 5332//1416
f 5393//1417 5373//1417 5371//1417
f 5385//1418 5393//1418 5383//1418
f 5325//1419 5391//1419 5324//1419
f 5339//1420 5390//1420 5337//1420
f 5324//1421 5391//1421 5341//1421
f 5396//1422 5209//1422 5395//1422
f 5398//1423 5210//1423 5397//1423
f 5401//1424 5212//1424 5399//1424
f 5404//1425 5213//1425 5402//1425
f 5419//1426 5406//1426 5405//1426
f 5420//1427 5408//1427 5407//1427
f 5409//1428 5410//1428 5420//1428
f 5369//1429 5412//1429 5409//1429
f 5370//1430 5417//1430 5415//1430
f 5429//1431 5430//1431 5448//1431
f 5448//1432 5442//1432 5441//1432
f 5333//1433 5446//1433 5334//1433
f 5356//1434 5445//1434 5357//1434
f 5446//1435 5333//1435 5358//1435
f 5260//1436 5453//1436 5452//1436
f 5453//1437 5260//1437 5451//1437
f 5261//1438 5457//1438 5456//1438
f 5457//1439 5261//1439 5454//1439
f 5264//1440 5462//1440 5461//1440
f 5462//1441 5264//1441 5458//1441
f 5463//1442 5464//1442 5370//1442
f 5485//1443 5465//1443 5463//1443
f 5487//1444 5469//1444 5467//1444
f 5471//1445 5472//1445 5487//1445
f 5489//1446 5474//1446 5471//1446
f 5476//1447 5477//1447 5488//1447
f 5478//1448 5479//1448 5489//1448
f 5425//1449 5481//1449 5476//1449
f 5274//1450 5502//1450 5501//1450
f 5503//1451 5274//1451 5501//1451
f 5312//1452 5509//1452 5508//1452
f 5313//1453 5511//1453 5510//1453
f 5314//1454 5513//1454 5512//1454
f 5315//1455 5515//1455 5514//1455
f 5516//1456 5517//1456 5424//1456
f 5518//1457 5519//1457 5425//1457
f 5531//1458 5520//1458 5516//1458
f 5524//1459 5525//1459 5530//1459
f 5526//1460 5527//1460 5531//1460
f 5322//1461 5535//1461 5534//1461
f 5536//1462 5322//1462 5534//1462
f 2430//1463 5559//1463 2431//1463
f 5551//1464 5541//1464 5539//1464
f 5559//1465 5552//1465 5551//1465
f 5553//1466 5342//1466 5340//1466
f 5554//1467 5555//1467 5559//1467
f 5543//1468 5544//1468 5552//1468
f 5555//1469 5545//1469 5543//1469
f 5547//1470 5548//1470 5554//1470
f 5353//1471 5557//1471 5352//1471
f 5561//1472 1225//1472 5560//1472
f 5566//1473 5564//1473 5563//1473
f 5568//1474 1527//1474 1526//1474
f 1528//1475 5568//1475 1526//1475
f 5568//1476 5565//1476 5567//1476
f 5588//1477 1529//1477 5587//1477
f 5569//1478 5588//1478 5585//1478
f 5570//1479 5588//1479 5569//1479
f 5589//1480 5587//1480 5568//1480
f 5571//1481 5569//1481 5585//1481
f 5586//1482 5585//1482 5589//1482
f 5590//1483 5574//1483 5579//1483
f 5580//1484 5575//1484 5586//1484
f 5583//1485 5590//1485 5584//1485
f 5590//1486 5579//1486 5584//1486
f 5591//1487 1541//1487 5632//1487
f 5592//1488 1541//1488 5591//1488
f 5595//1489 5634//1489 5596//1489
f 5634//1490 5642//1490 5635//1490
f 5597//1491 5591//1491 5632//1491
f 5634//1492 5595//1492 5602//1492
f 5637//1493 5642//1493 5636//1493
f 5603//1494 5632//1494 5588//1494
f 5604//1495 5632//1495 5603//1495
f 5588//1496 5606//1496 5603//1496
f 5613//1497 5633//1497 5611//1497
f 5612//1498 5639//1498 5613//1498
f 5616//1499 5606//1499 5588//1499
f 5639//1500 5612//1500 5622//1500
f 5627//1501 5643//1501 5628//1501
f 5643//1502 5640//1502 5638//1502
f 5643//1503 5627//1503 5631//1503
f 1688//1504 5644//1504 1686//1504
f 5644//1505 1688//1505 1687//1505
f 5645//1506 1762//1506 1761//1506
f 5660//1507 1779//1507 5659//1507
f 5648//1508 5659//1508 5647//1508
f 5650//1509 5660//1509 5649//1509
f 5661//1510 5653//1510 5651//1510
f 5662//1511 5657//1511 5655//1511
f 5646//1512 5662//1512 5661//1512
f 5666//1513 5664//1513 5663//1513
f 5668//1514 5665//1514 5667//1514
f 5670//1515 5586//1515 5669//1515
f 5674//1516 5669//1516 5726//1516
f 5679//1517 5727//1517 5680//1517
f 5727//1518 5673//1518 5680//1518
f 5719//1519 5674//1519 5726//1519
f 5726//1520 5681//1520 5719//1520
f 5727//1521 5679//1521 5683//1521
f 5684//1522 5681//1522 5726//1522
f 5727//1523 5683//1523 5687//1523
f 5720//1524 5726//1524 5668//1524
f 5688//1525 5726//1525 5720//1525
f 5689//1526 5726//1526 5688//1526
f 5696//1527 5727//1527 5694//1527
f 5695//1528 5721//1528 5696//1528
f 5721//1529 5727//1529 5696//1529
f 5697//1530 5688//1530 5720//1530
f 5721//1531 5695//1531 5703//1531
f 5722//1532 5720//1532 5668//1532
f 5710//1533 5704//1533 5722//1533
f 5725//1534 5709//1534 5717//1534
f 5730//1535 5727//1535 5721//1535
f 5730//1536 5721//1536 5725//1536
f 5724//1537 5730//1537 5725//1537
f 5734//1538 5732//1538 5731//1538
f 5753//1539 5668//1539 5752//1539
f 5668//1540 5754//1540 5752//1540
f 5737//1541 5753//1541 5736//1541
f 5738//1542 5753//1542 5750//1542
f 5753//1543 5738//1543 5736//1543
f 5739//1544 5753//1544 5737//1544
f 5740//1545 5738//1545 5750//1545
f 5751//1546 5750//1546 5755//1546
f 5745//1547 5742//1547 5751//1547
f 5758//1548 5722//1548 5757//1548
f 5766//1549 5757//1549 5753//1549
f 5772//1550 5808//1550 5773//1550
f 5808//1551 5765//1551 5773//1551
f 5774//1552 5766//1552 5753//1552
f 5780//1553 5774//1553 5753//1553
f 5753//1554 5781//1554 5780//1554
f 5810//1555 5777//1555 5782//1555
f 5783//1556 5778//1556 5810//1556
f 5811//1557 5779//1557 5784//1557
f 5812//1558 5789//1558 5795//1558
f 5803//1559 5812//1559 5801//1559
f 5841//1560 5730//1560 5840//1560
f 5840//1561 5808//1561 5811//1561
f 5833//1562 5840//1562 5831//1562
f 5837//1563 5841//1563 5835//1563
f 5819//1564 5830//1564 5818//1564
f 5821//1565 5832//1565 5820//1565
f 5828//1566 5838//1566 5829//1566
f 5838//1567 5821//1567 5829//1567
f 5845//1568 5735//1568 5844//1568
f 5847//1569 5735//1569 5846//1569
f 5848//1570 5735//1570 5847//1570
f 5735//1571 5848//1571 5844//1571
f 5850//1572 5734//1572 5849//1572
f 5851//1573 5734//1573 5850//1573
f 5852//1574 5734//1574 5851//1574
f 5734//1575 5852//1575 5893//1575
f 5734//1576 5853//1576 5849//1576
f 5856//1577 5846//1577 5893//1577
f 5852//1578 5863//1578 5893//1578
f 5864//1579 5853//1579 5842//1579
f 5895//1580 5857//1580 5856//1580
f 5872//1581 5873//1581 5895//1581
f 5897//1582 5755//1582 5896//1582
f 5899//1583 5751//1583 5898//1583
f 5901//1584 5756//1584 5900//1584
f 5902//1585 5756//1585 5901//1585
f 5909//1586 5964//1586 5908//1586
f 5964//1587 5807//1587 5806//1587
f 5966//1588 5815//1588 5965//1588
f 5967//1589 5815//1589 5966//1589
f 5815//1590 5967//1590 6006//1590
f 5969//1591 5815//1591 5968//1591
f 5815//1592 5969//1592 5965//1592
f 5972//1593 5815//1593 5971//1593
f 5815//1594 5972//1594 5968//1594
f 5974//1595 5815//1595 5973//1595
f 5815//1596 5974//1596 5971//1596
f 5967//1597 5976//1597 6006//1597
f 6005//1598 5984//1598 5983//1598
f 6008//1599 5816//1599 6007//1599
f 6009//1600 5816//1600 6008//1600
f 6010//1601 5816//1601 6078//1601
f 5816//1602 6010//1602 6007//1602
f 6012//1603 5816//1603 6011//1603
f 6013//1604 5816//1604 6012//1604
f 5816//1605 6013//1605 6078//1605
f 5816//1606 6014//1606 6011//1606
f 6009//1607 6018//1607 5842//1607
f 6018//1608 6019//1608 5842//1608
f 6020//1609 6010//1609 6078//1609
f 6013//1610 6023//1610 6078//1610
f 6023//1611 6024//1611 6078//1611
f 6025//1612 6014//1612 6006//1612
f 6060//1613 6081//1613 6061//1613
f 6073//1614 6081//1614 6067//1614
f 6070//1615 6082//1615 6071//1615
f 6072//1616 6083//1616 6073//1616
f 6077//1617 6082//1617 6075//1617
f 5891//1618 6103//1618 5892//1618
f 6098//1619 6103//1619 6092//1619
f 6095//1620 6104//1620 6096//1620
f 6097//1621 6105//1621 6098//1621
f 6102//1622 6104//1622 6100//1622
f 6101//1623 6107//1623 6102//1623
f 6102//1623 6107//1623 6104//1623
f 6105//1624 6108//1624 6106//1624
f 6084//1625 6107//1625 6081//1625
f 6136//1626 6147//1626 6134//1626
f 6147//1627 6119//1627 6117//1627
f 6140//1628 6150//1628 6138//1628
f 6150//1629 6123//1629 6121//1629
f 6139//1630 6153//1630 6140//1630
f 6154//1631 6127//1631 6125//1631
f 6158//1632 6131//1632 6129//1632
f 5956//1633 6145//1633 5957//1633
f 5958//1634 6146//1634 5959//1634
f 6146//1635 6142//1635 6141//1635
f 6149//1636 6144//1636 6143//1636
f 6153//1637 6139//1637 6144//1637
f 6108//1638 6155//1638 6151//1638
f 6110//1639 6159//1639 6109//1639
f 6159//1640 5824//1640 5822//1640
f 6111//1641 6159//1641 6110//1641
f 6159//1642 5826//1642 5824//1642
f 6112//1643 6159//1643 6111//1643
f 6159//1644 5828//1644 5826//1644
f 6113//1645 6159//1645 6112//1645
f 6159//1646 5838//1646 5828//1646
f 6114//1647 6159//1647 6113//1647
f 6115//1648 6159//1648 6114//1648
f 6159//1649 5839//1649 5838//1649
f 6116//1650 6159//1650 6115//1650
f 4472//1651 6160//1651 4470//1651
f 6160//1652 4472//1652 4471//1652
f 6166//1653 6163//1653 6174//1653
f 6164//1654 6167//1654 6175//1654
f 6172//1655 6169//1655 6176//1655
f 6170//1199 6173//1199 6177//1199
f 4556//1656 6186//1656 4555//1656
f 6186//1657 4556//1657 4552//1657
f 6179//1658 6186//1658 6181//1658
f 6178//1659 6180//1659 6174//1659
f 6183//1660 6187//1660 6185//1660
f 6182//1208 6184//1208 6176//1208
f 4572//1661 6188//1661 4571//1661
f 6186//1662 6188//1662 6187//1662
f 6201//1663 6204//1663 6209//1663
f 6209//1216 6210//1216 6188//1216
f 6205//1664 6190//1664 6189//1664
f 6189//1665 6192//1665 6207//1665
f 6194//1666 6191//1666 5646//1666
f 6207//1667 6208//1667 6210//1667
f 6197//1668 6198//1668 5646//1668
f 6198//1669 6194//1669 5646//1669
f 6195//1670 6199//1670 6208//1670
f 6247//1671 6248//1671 5660//1671
f 6213//1672 6214//1672 6247//1672
f 4627//1673 6215//1673 6211//1673
f 4627//1674 6216//1674 6215//1674
f 6220//1675 6247//1675 6219//1675
f 6211//1676 6221//1676 6249//1676
f 6223//1677 6213//1677 6247//1677
f 6224//1678 6225//1678 5658//1678
f 6249//1679 6231//1679 6230//1679
f 6235//1680 6224//1680 5658//1680
f 6226//1681 6236//1681 6205//1681
f 6241//1682 6242//1682 5662//1682
f 6245//1683 6241//1683 5662//1683
f 6252//1684 6257//1684 6160//1684
f 6255//1291 6291//1291 6260//1291
f 6257//1685 6262//1685 6160//1685
f 6260//1291 6291//1291 6265//1291
f 6262//1686 6267//1686 6160//1686
f 6265//1291 6291//1291 6270//1291
f 6267//1686 6272//1686 6160//1686
f 6272//1687 6277//1687 6160//1687
f 6275//1291 6292//1291 6280//1291
f 6277//1688 6282//1688 6160//1688
f 6280//1291 6292//1291 6285//1291
f 6282//1686 6287//1686 6160//1686
f 6285//1291 6292//1291 6290//1291
f 6295//1689 6293//1689 6301//1689
f 6299//1690 6297//1690 6302//1690
f 6307//1691 6304//1691 6175//1691
f 6305//1692 6308//1692 6301//1692
f 6313//1693 6310//1693 6177//1693
f 6311//1694 6314//1694 6302//1694
f 6315//1141 6320//1141 6291//1141
f 6319//1139 6355//1139 6324//1139
f 6320//1695 6325//1695 6291//1695
f 6325//1695 6330//1695 6291//1695
f 6329//928 6356//928 6334//928
f 6335//1696 6340//1696 6292//1696
f 6339//1140 6357//1140 6344//1140
f 6340//1696 6345//1696 6292//1696
f 6345//1696 6350//1696 6292//1696
f 6349//1697 6358//1697 6354//1697
f 6359//1698 6383//1698 6362//1698
f 6360//1699 6363//1699 6387//1699
f 6355//1311 6387//1311 6356//1311
f 6363//1700 6366//1700 6387//1700
f 6365//1701 6384//1701 6368//1701
f 6366//1700 6369//1700 6387//1700
f 6371//1702 6385//1702 6374//1702
f 6372//1703 6375//1703 6388//1703
f 6357//1311 6388//1311 6358//1311
f 6375//1703 6378//1703 6388//1703
f 6377//1704 6386//1704 6380//1704
f 6378//1705 6381//1705 6388//1705
f 6395//1706 6392//1706 6403//1706
f 6393//1707 6396//1707 6404//1707
f 6401//1708 6398//1708 6405//1708
f 6399//1709 6402//1709 6406//1709
f 6408//1710 6415//1710 6410//1710
f 6407//1711 6409//1711 6403//1711
f 6412//1712 6416//1712 6414//1712
f 6411//1713 6413//1713 6405//1713
f 6415//1714 6417//1714 6416//1714
f 6208//1715 6421//1715 6420//1715
f 6423//1716 6424//1716 5730//1716
f 6424//1717 6419//1717 5730//1717
f 6420//1718 6425//1718 6454//1718
f 6427//1719 6423//1719 5730//1719
f 6425//1720 6428//1720 6454//1720
f 6431//1721 6427//1721 5730//1721
f 6428//1722 6432//1722 6454//1722
f 6434//1723 6435//1723 5730//1723
f 6435//1724 6431//1724 5730//1724
f 6454//1725 6452//1725 6417//1725
f 6454//1726 6436//1726 6452//1726
f 6454//1727 6437//1727 6436//1727
f 6439//1728 6434//1728 5730//1728
f 6436//1729 6440//1729 6452//1729
f 6444//1730 6439//1730 5730//1730
f 6452//1731 6453//1731 6417//1731
f 6448//1732 6449//1732 5730//1732
f 6449//1733 6444//1733 5730//1733
f 6445//1734 6450//1734 6453//1734
f 6456//1735 6461//1735 6389//1735
f 6459//1291 6495//1291 6464//1291
f 6461//1736 6466//1736 6389//1736
f 6464//1291 6495//1291 6469//1291
f 6466//1737 6471//1737 6389//1737
f 6469//1738 6495//1738 6474//1738
f 6471//1739 6476//1739 6389//1739
f 6476//1740 6481//1740 6389//1740
f 6479//1295 6496//1295 6484//1295
f 6481//1740 6486//1740 6389//1740
f 6484//1741 6496//1741 6489//1741
f 6486//1742 6491//1742 6389//1742
f 6489//1291 6496//1291 6494//1291
f 6499//1690 6497//1690 6505//1690
f 6503//1743 6501//1743 6506//1743
f 6511//1744 6508//1744 6404//1744
f 6509//1694 6512//1694 6505//1694
f 6517//1745 6514//1745 6406//1745
f 6515//1746 6518//1746 6506//1746
f 6519//1747 6524//1747 6495//1747
f 6523//1748 6559//1748 6528//1748
f 6524//1696 6529//1696 6495//1696
f 6529//1696 6534//1696 6495//1696
f 6533//1749 6560//1749 6538//1749
f 6539//1696 6544//1696 6496//1696
f 6543//1139 6561//1139 6548//1139
f 6544//1696 6549//1696 6496//1696
f 6549//1750 6554//1750 6496//1750
f 6553//928 6562//928 6558//928
f 6563//1751 6587//1751 6566//1751
f 6564//1752 6567//1752 6591//1752
f 6559//1753 6591//1753 6560//1753
f 6567//1752 6570//1752 6591//1752
f 6569//1754 6588//1754 6572//1754
f 6570//1755 6573//1755 6591//1755
f 6575//1756 6589//1756 6578//1756
f 6576//1757 6579//1757 6592//1757
f 6561//938 6592//938 6562//938
f 6579//1758 6582//1758 6592//1758
f 6581//1754 6590//1754 6584//1754
f 6582//1759 6585//1759 6592//1759
f 6599//1760 6596//1760 6607//1760
f 6597//1761 6600//1761 6608//1761
f 6605//1762 6602//1762 6609//1762
f 6603//1763 6606//1763 6610//1763
f 6612//1764 6625//1764 6614//1764
f 6611//1765 6613//1765 6607//1765
f 6625//1766 6619//1766 6618//1766
f 6619//1767 6625//1767 6615//1767
f 6616//1768 6621//1768 6609//1768
f 6417//1769 6635//1769 6634//1769
f 6635//1770 6632//1770 6631//1770
f 6615//1771 6636//1771 6620//1771
f 6631//1772 6633//1772 6636//1772
f 6632//1773 6627//1773 6626//1773
f 6626//1774 6629//1774 6633//1774
f 6641//1775 6642//1775 5841//1775
f 6642//1776 6638//1776 5841//1776
f 6639//1777 6643//1777 6666//1777
f 6644//1778 6641//1778 5841//1778
f 6666//1779 6645//1779 6635//1779
f 6666//1780 6646//1780 6645//1780
f 6649//1781 6644//1781 5841//1781
f 6645//1782 6650//1782 6635//1782
f 6656//1783 6653//1783 5836//1783
f 6654//1784 6657//1784 6632//1784
f 6663//1785 6664//1785 5839//1785
f 6664//1786 6660//1786 5839//1786
f 6669//1787 6674//1787 6593//1787
f 6672//1291 6708//1291 6677//1291
f 6674//1788 6679//1788 6593//1788
f 6677//1291 6708//1291 6682//1291
f 6679//1789 6684//1789 6593//1789
f 6682//1291 6708//1291 6687//1291
f 6684//1790 6689//1790 6593//1790
f 6689//1791 6694//1791 6593//1791
f 6692//1291 6709//1291 6697//1291
f 6694//1792 6699//1792 6593//1792
f 6697//1291 6709//1291 6702//1291
f 6699//1793 6704//1793 6593//1793
f 6702//1291 6709//1291 6707//1291
f 6712//1743 6710//1743 6718//1743
f 6716//1794 6714//1794 6719//1794
f 6724//1795 6721//1795 6608//1795
f 6722//1694 6725//1694 6718//1694
f 6730//1796 6727//1796 6610//1796
f 6728//1746 6731//1746 6719//1746
f 6732//924 6737//924 6708//924
f 6736//1797 6772//1797 6741//1797
f 6737//924 6742//924 6708//924
f 6742//924 6747//924 6708//924
f 6746//1798 6773//1798 6751//1798
f 6752//924 6757//924 6709//924
f 6756//1797 6774//1797 6761//1797
f 6757//924 6762//924 6709//924
f 6762//1747 6767//1747 6709//1747
f 6766//1799 6775//1799 6771//1799
f 6776//1800 6800//1800 6779//1800
f 6777//1801 6780//1801 6804//1801
f 6772//1802 6804//1802 6773//1802
f 6780//1803 6783//1803 6804//1803
f 6782//1804 6801//1804 6785//1804
f 6783//1801 6786//1801 6804//1801
f 6788//1805 6802//1805 6791//1805
f 6789//1755 6792//1755 6805//1755
f 6774//1806 6805//1806 6775//1806
f 6792//1801 6795//1801 6805//1801
f 6794//1807 6803//1807 6797//1807
f 6795//1803 6798//1803 6805//1803
f 6808//1808 6593//1808 6807//1808
f 6593//1809 6808//1809 6806//1809
f 6810//1810 6593//1810 6809//1810
f 6593//1811 6810//1811 6807//1811
f 6812//1812 6593//1812 6811//1812
f 6593//1813 6812//1813 6809//1813
f 6814//1814 6593//1814 6813//1814
f 6593//1815 6814//1815 6811//1815
f 6593//1816 6815//1816 6813//1816
f 6848//1817 6818//1817 6817//1817
f 6818//1818 6848//1818 6816//1818
f 6829//1819 6830//1819 6848//1819
f 6852//1820 6594//1820 6851//1820
f 6854//1821 6594//1821 6853//1821
f 6594//1822 6854//1822 6851//1822
f 6594//1823 6855//1823 6853//1823
f 6861//1824 6862//1824 6005//1824
f 6906//1825 6859//1825 6858//1825
f 6859//1826 6906//1826 6856//1826
f 6906//1827 6864//1827 6861//1827
f 6866//1828 6867//1828 6906//1828
f 6848//1829 6869//1829 6866//1829
f 6881//1830 6907//1830 6882//1830
f 6893//1831 6907//1831 6887//1831
f 6892//1832 6909//1832 6893//1832
f 6893//1833 6909//1833 6907//1833
f 6901//1834 6909//1834 6897//1834
f 6900//1835 6908//1835 6901//1835
f 6908//1836 6909//1836 6901//1836
f 6905//1624 6908//1624 6903//1624
f 6605//1837 6912//1837 6911//1837
f 6604//1838 6914//1838 6913//1838
f 6915//1839 6605//1839 6911//1839
f 6610//1840 6919//1840 6918//1840
f 6919//1841 6610//1841 6916//1841
f 6934//1842 6973//1842 6935//1842
f 6923//1843 6973//1843 6922//1843
f 6076//1844 6974//1844 6077//1844
f 6077//1845 6974//1845 6082//1845
f 6882//1846 6974//1846 6876//1846
f 6907//1847 6974//1847 6882//1847
f 6974//1848 6949//1848 6970//1848
f 6949//1849 6950//1849 6970//1849
f 6951//1850 6952//1850 6971//1850
f 6974//1851 6953//1851 6949//1851
f 6972//1852 6957//1852 6974//1852
f 6957//1853 6958//1853 6974//1853
f 6972//1854 6961//1854 6957//1854
f 6909//1855 6963//1855 6972//1855
f 6963//1856 6964//1856 6972//1856
f 6909//1857 6966//1857 6963//1857
f 6621//1858 6976//1858 6975//1858
f 6976//1859 7008//1859 6978//1859
f 7007//1860 6983//1860 6982//1860
f 7008//1861 6987//1861 6986//1861
f 6980//1862 7012//1862 6981//1862
f 6990//1863 7008//1863 6986//1863
f 7011//1864 6991//1864 6107//1864
f 6991//1865 6992//1865 6107//1865
f 6993//1866 6994//1866 6108//1866
f 6994//1867 6995//1867 6108//1867
f 6995//1868 6996//1868 6108//1868
f 7011//1869 6997//1869 6991//1869
f 7003//1870 7004//1870 7011//1870
f 6636//1871 7016//1871 7048//1871
f 6636//1872 7017//1872 7016//1872
f 6633//1873 7019//1873 7018//1873
f 7016//1874 7025//1874 7048//1874
f 7033//1875 7034//1875 6157//1875
f 7048//1876 7036//1876 7035//1876
f 7041//1877 7042//1877 6155//1877
f 7043//1878 7044//1878 6156//1878
f 7045//1879 7033//1879 6157//1879
f 6709//1880 7057//1880 7056//1880
f 6709//1880 7058//1880 7057//1880
f 6709//1881 7059//1881 7058//1881
f 7094//1882 7114//1882 7095//1882
f 7101//1883 7114//1883 7098//1883
f 7107//1884 7115//1884 7104//1884
f 7113//1885 7116//1885 7110//1885
f 6716//1886 7120//1886 7119//1886
f 7120//1887 6716//1887 7118//1887
f 7122//1888 6717//1888 7121//1888
f 7144//1889 7164//1889 7142//1889
f 7164//1890 7130//1890 7129//1890
f 6904//1891 7165//1891 6905//1891
f 6905//1892 7165//1892 6908//1892
f 7162//1893 7145//1893 6909//1893
f 7145//1894 7146//1894 6909//1894
f 7095//1895 7165//1895 7090//1895
f 7162//1896 7147//1896 7145//1896
f 7114//1891 7165//1891 7095//1891
f 7165//1897 7163//1897 7162//1897
f 7163//1898 7151//1898 7149//1898
f 7152//1899 7153//1899 7163//1899
f 7166//1900 7155//1900 7152//1900
f 7116//1901 7166//1901 7115//1901
f 7166//1902 7157//1902 7155//1902
f 7166//1903 7159//1903 7157//1903
f 7170//1904 6729//1904 7167//1904
f 6731//1905 7172//1905 7171//1905
f 7173//1906 6731//1906 7171//1906
f 7190//1907 7215//1907 7195//1907
f 7215//1908 7207//1908 7206//1908
f 7211//1909 7212//1909 7116//1909
f 6805//1910 7244//1910 7243//1910
f 7218//1911 7222//1911 7244//1911
f 7243//1912 7230//1912 7229//1912
f 7244//1913 7232//1913 7231//1913
f 7235//1914 7236//1914 7166//1914
f 7236//1915 7237//1915 7166//1915
f 7237//1916 7238//1916 7166//1916
f 6//1917 5//1917 1//1917 2//1917
f 7//1918 6//1918 2//1918 3//1918
f 10//1919 2//1919 1//1919 9//1919
f 11//1920 3//1920 2//1920 10//1920
f 3//1921 11//1921 8//1921 22//1921
f 13//1922 4//1922 23//1922 12//1922
f 14//1923 5//1923 4//1923 13//1923
f 5//1924 14//1924 9//1924 1//1924
f 17//1925 10//1925 9//1925 16//1925
f 18//1926 11//1926 10//1926 17//1926
f 11//1927 18//1927 15//1927 8//1927
f 20//1928 13//1928 12//1928 19//1928
f 21//1929 14//1929 13//1929 20//1929
f 14//1930 21//1930 16//1930 9//1930
f 31//1931 30//1931 24//1931 25//1931
f 32//1932 31//1932 25//1932 26//1932
f 33//1933 32//1933 26//1933 27//1933
f 34//1934 33//1934 27//1934 28//1934
f 37//1935 36//1935 69//1935 29//1935
f 38//1936 37//1936 29//1936 30//1936
f 71//1937 38//1937 30//1937 31//1937
f 40//1938 39//1938 35//1938 36//1938
f 41//1939 40//1939 36//1939 37//1939
f 42//1940 41//1940 37//1940 38//1940
f 43//1941 3//1941 22//1941 39//1941
f 44//1942 43//1942 39//1942 40//1942
f 70//1943 44//1943 40//1943 41//1943
f 45//1944 7//1944 3//1944 43//1944
f 46//1945 45//1945 43//1945 44//1945
f 48//1946 25//1946 24//1946 47//1946
f 49//1947 26//1947 25//1947 48//1947
f 50//1948 27//1948 26//1948 49//1948
f 51//1949 28//1949 27//1949 50//1949
f 53//1950 29//1950 69//1950 52//1950
f 54//1951 30//1951 29//1951 53//1951
f 30//1952 54//1952 47//1952 24//1952
f 56//1953 36//1953 35//1953 55//1953
f 36//1954 56//1954 52//1954 69//1954
f 57//1955 39//1955 22//1955 8//1955
f 39//1956 57//1956 55//1956 35//1956
f 59//1957 48//1957 47//1957 58//1957
f 60//1958 49//1958 48//1958 59//1958
f 61//1959 50//1959 49//1959 60//1959
f 62//1960 51//1960 50//1960 61//1960
f 64//1961 53//1961 52//1961 63//1961
f 65//1962 54//1962 53//1962 64//1962
f 54//1963 65//1963 58//1963 47//1963
f 67//1964 56//1964 55//1964 66//1964
f 56//1965 67//1965 63//1965 52//1965
f 68//1966 57//1966 8//1966 15//1966
f 57//1967 68//1967 66//1967 55//1967
f 80//1968 34//1968 28//1968 72//1968
f 81//1969 80//1969 72//1969 73//1969
f 82//1970 81//1970 73//1970 74//1970
f 83//1971 82//1971 74//1971 75//1971
f 84//1972 83//1972 75//1972 76//1972
f 85//1973 84//1973 76//1973 77//1973
f 86//1974 85//1974 77//1974 78//1974
f 87//1975 86//1975 78//1975 79//1975
f 104//1976 71//1976 34//1976 80//1976
f 105//1977 104//1977 83//1977 84//1977
f 88//1978 72//1978 28//1978 51//1978
f 89//1979 73//1979 72//1979 88//1979
f 90//1980 74//1980 73//1980 89//1980
f 91//1981 75//1981 74//1981 90//1981
f 92//1982 76//1982 75//1982 91//1982
f 93//1983 77//1983 76//1983 92//1983
f 94//1984 78//1984 77//1984 93//1984
f 95//1985 79//1985 78//1985 94//1985
f 96//1986 88//1986 51//1986 62//1986
f 97//1987 89//1987 88//1987 96//1987
f 98//1988 90//1988 89//1988 97//1988
f 99//1989 91//1989 90//1989 98//1989
f 100//1990 92//1990 91//1990 99//1990
f 101//1991 93//1991 92//1991 100//1991
f 102//1992 94//1992 93//1992 101//1992
f 103//1993 95//1993 94//1993 102//1993
f 114//1994 87//1994 79//1994 106//1994
f 115//1995 114//1995 106//1995 107//1995
f 116//1996 115//1996 107//1996 108//1996
f 117//1997 116//1997 108//1997 109//1997
f 118//1998 117//1998 109//1998 110//1998
f 119//1999 118//1999 110//1999 111//1999
f 120//2000 119//2000 111//2000 112//2000
f 121//2001 120//2001 112//2001 113//2001
f 138//2002 105//2002 87//2002 114//2002
f 139//2003 138//2003 117//2003 118//2003
f 122//2004 106//2004 79//2004 95//2004
f 123//2005 107//2005 106//2005 122//2005
f 124//2006 108//2006 107//2006 123//2006
f 125//2007 109//2007 108//2007 124//2007
f 126//2008 110//2008 109//2008 125//2008
f 127//2009 111//2009 110//2009 126//2009
f 128//2010 112//2010 111//2010 127//2010
f 129//2011 113//2011 112//2011 128//2011
f 130//2012 122//2012 95//2012 103//2012
f 131//2013 123//2013 122//2013 130//2013
f 132//2014 124//2014 123//2014 131//2014
f 133//2015 125//2015 124//2015 132//2015
f 134//2016 126//2016 125//2016 133//2016
f 135//2017 127//2017 126//2017 134//2017
f 136//2018 128//2018 127//2018 135//2018
f 137//2019 129//2019 128//2019 136//2019
f 143//2020 121//2020 113//2020 140//2020
f 144//2021 143//2021 140//2021 141//2021
f 145//2022 144//2022 141//2022 142//2022
f 188//2023 139//2023 121//2023 143//2023
f 147//2024 188//2024 144//2024 145//2024
f 148//2025 147//2025 145//2025 146//2025
f 151//2026 150//2026 147//2026 148//2026
f 152//2027 151//2027 148//2027 149//2027
f 191//2028 190//2028 188//2028 150//2028
f 154//2029 191//2029 151//2029 152//2029
f 155//2030 154//2030 152//2030 153//2030
f 156//2031 155//2031 153//2031 189//2031
f 159//2032 158//2032 154//2032 155//2032
f 160//2033 159//2033 155//2033 156//2033
f 161//2034 160//2034 156//2034 157//2034
f 162//2035 140//2035 113//2035 129//2035
f 163//2036 141//2036 140//2036 162//2036
f 164//2037 142//2037 141//2037 163//2037
f 165//2038 145//2038 142//2038 164//2038
f 166//2039 146//2039 145//2039 165//2039
f 167//2040 148//2040 146//2040 166//2040
f 168//2041 149//2041 148//2041 167//2041
f 170//2042 152//2042 149//2042 168//2042
f 171//2043 170//2043 168//2043 169//2043
f 171//2044 153//2044 152//2044 170//2044
f 172//2045 189//2045 153//2045 171//2045
f 174//2046 156//2046 189//2046 172//2046
f 175//2047 174//2047 172//2047 173//2047
f 175//2048 157//2048 156//2048 174//2048
f 176//2049 162//2049 129//2049 137//2049
f 177//2050 163//2050 162//2050 176//2050
f 178//2051 164//2051 163//2051 177//2051
f 179//2052 165//2052 164//2052 178//2052
f 180//2053 166//2053 165//2053 179//2053
f 181//2054 167//2054 166//2054 180//2054
f 182//2055 168//2055 167//2055 181//2055
f 183//2056 169//2056 168//2056 182//2056
f 184//2057 171//2057 169//2057 183//2057
f 185//2058 172//2058 171//2058 184//2058
f 186//2059 173//2059 172//2059 185//2059
f 187//2060 175//2060 173//2060 186//2060
f 194//2061 161//2061 157//2061 192//2061
f 195//2062 194//2062 192//2062 193//2062
f 196//2063 192//2063 157//2063 175//2063
f 197//2064 193//2064 192//2064 196//2064
f 199//2065 195//2065 193//2065 197//2065
f 200//2066 199//2066 197//2066 198//2066
f 200//2067 215//2067 195//2067 199//2067
f 202//2068 216//2068 215//2068 201//2068
f 204//2069 217//2069 216//2069 203//2069
f 206//2070 196//2070 175//2070 187//2070
f 207//2071 197//2071 196//2071 206//2071
f 208//2072 198//2072 197//2072 207//2072
f 209//2073 200//2073 198//2073 208//2073
f 210//2074 201//2074 200//2074 209//2074
f 211//2075 202//2075 201//2075 210//2075
f 212//2076 203//2076 202//2076 211//2076
f 213//2077 204//2077 203//2077 212//2077
f 214//2078 205//2078 204//2078 213//2078
f 218//2079 222//2079 217//2079 205//2079
f 224//2080 223//2080 222//2080 219//2080
f 220//2081 218//2081 205//2081 214//2081
f 221//2082 219//2082 218//2082 220//2082
f 230//2083 229//2083 227//2083 228//2083
f 237//2084 236//2084 232//2084 233//2084
f 238//2085 237//2085 233//2085 234//2085
f 227//2086 238//2086 234//2086 251//2086
f 240//2087 239//2087 236//2087 237//2087
f 241//2088 240//2088 237//2088 238//2088
f 229//2089 241//2089 238//2089 227//2089
f 255//2090 254//2090 240//2090 241//2090
f 252//2091 255//2091 241//2091 229//2091
f 257//2092 256//2092 254//2092 255//2092
f 253//2093 257//2093 255//2093 252//2093
f 244//2094 233//2094 232//2094 243//2094
f 245//2095 234//2095 233//2095 244//2095
f 246//2096 235//2096 234//2096 245//2096
f 235//2097 246//2097 242//2097 231//2097
f 236//2098 248//2098 243//2098 232//2098
f 250//2099 249//2099 247//2099 248//2099
f 239//2100 250//2100 248//2100 236//2100
f 254//2101 258//2101 249//2101 250//2101
f 263//2102 262//2102 23//2102 4//2102
f 264//2103 263//2103 4//2103 5//2103
f 280//2104 264//2104 5//2104 6//2104
f 266//2105 265//2105 259//2105 260//2105
f 267//2106 266//2106 260//2106 261//2106
f 268//2107 267//2107 261//2107 262//2107
f 269//2108 268//2108 262//2108 263//2108
f 270//2109 269//2109 263//2109 264//2109
f 281//2110 228//2110 251//2110 265//2110
f 282//2111 281//2111 266//2111 267//2111
f 283//2112 282//2112 268//2112 269//2112
f 284//2113 283//2113 270//2113 280//2113
f 285//2114 252//2114 230//2114 281//2114
f 286//2115 285//2115 281//2115 282//2115
f 289//61 286//61 282//61 283//61
f 287//2116 253//2116 252//2116 285//2116
f 288//2117 287//2117 285//2117 286//2117
f 272//2118 260//2118 259//2118 271//2118
f 273//2119 261//2119 260//2119 272//2119
f 274//2120 262//2120 261//2120 273//2120
f 262//2121 274//2121 12//2121 23//2121
f 275//2122 235//2122 231//2122 271//2122
f 275//2123 265//2123 251//2123 235//2123
f 265//2124 275//2124 271//2124 259//2124
f 276//2125 271//2125 231//2125 242//2125
f 277//2126 272//2126 271//2126 276//2126
f 278//2127 273//2127 272//2127 277//2127
f 279//2128 274//2128 273//2128 278//2128
f 274//2129 279//2129 19//2129 12//2129
f 290//2130 280//2130 7//2130 45//2130
f 291//2131 290//2131 71//2131 104//2131
f 292//39 291//39 105//39 138//39
f 293//2132 292//2132 139//2132 190//2132
f 306//2133 293//2133 161//2133 194//2133
f 294//2134 306//2134 195//2134 215//2134
f 296//2135 295//2135 215//2135 216//2135
f 298//2136 297//2136 216//2136 217//2136
f 301//2137 300//2137 294//2137 295//2137
f 302//2138 301//2138 295//2138 296//2138
f 303//2139 302//2139 296//2139 297//2139
f 304//2140 303//2140 297//2140 298//2140
f 305//2141 304//2141 298//2141 299//2141
f 308//2142 307//2142 306//2142 300//2142
f 309//2143 308//2143 301//2143 302//2143
f 310//2144 309//2144 303//2144 304//2144
f 312//61 311//61 308//61 309//61
f 313//2145 299//2145 217//2145 222//2145
f 315//2146 314//2146 222//2146 223//2146
f 321//2147 305//2147 299//2147 313//2147
f 322//2148 321//2148 313//2148 314//2148
f 323//2149 322//2149 314//2149 315//2149
f 324//2150 323//2150 315//2150 316//2150
f 325//2151 324//2151 316//2151 317//2151
f 326//2152 325//2152 317//2152 318//2152
f 327//2153 326//2153 318//2153 319//2153
f 328//2154 327//2154 319//2154 320//2154
f 338//2155 310//2155 305//2155 321//2155
f 339//2156 338//2156 322//2156 323//2156
f 340//2157 339//2157 324//2157 325//2157
f 341//2158 340//2158 326//2158 327//2158
f 347//61 312//61 310//61 338//61
f 342//2159 347//2159 339//2159 340//2159
f 343//2160 342//2160 340//2160 341//2160
f 329//2161 344//2161 342//2161 343//2161
f 332//2162 331//2162 329//2162 330//2162
f 345//2163 316//2163 223//2163 224//2163
f 346//2164 345//2164 224//2164 225//2164
f 346//2165 317//2165 316//2165 345//2165
f 333//2166 346//2166 225//2166 226//2166
f 333//2167 319//2167 318//2167 346//2167
f 334//2168 320//2168 319//2168 333//2168
f 335//2169 328//2169 320//2169 334//2169
f 337//2170 334//2170 333//2170 336//2170
f 353//2171 352//2171 256//2171 257//2171
f 348//2172 353//2172 257//2172 253//2172
f 355//2173 354//2173 352//2173 353//2173
f 349//2174 355//2174 353//2174 348//2174
f 357//2175 356//2175 354//2175 355//2175
f 350//2176 357//2176 355//2176 349//2176
f 359//2177 358//2177 356//2177 357//2177
f 351//2178 359//2178 357//2178 350//2178
f 352//2179 360//2179 258//2179 256//2179
f 356//2180 361//2180 360//2180 354//2180
f 362//2181 348//2181 253//2181 287//2181
f 363//2182 362//2182 287//2182 288//2182
f 370//60 363//60 288//60 289//60
f 364//2183 349//2183 348//2183 362//2183
f 365//2184 364//2184 362//2184 363//2184
f 366//2185 350//2185 349//2185 364//2185
f 367//2186 366//2186 364//2186 365//2186
f 371//39 367//39 365//39 370//39
f 368//2187 351//2187 350//2187 366//2187
f 369//2188 368//2188 366//2188 367//2188
f 372//38 370//38 289//38 290//38
f 373//39 372//39 290//39 291//39
f 374//60 373//60 291//60 292//60
f 375//39 374//39 292//39 293//39
f 387//2155 375//2155 293//2155 311//2155
f 388//2189 387//2189 311//2189 312//2189
f 382//2190 381//2190 387//2190 388//2190
f 379//2191 378//2191 376//2191 377//2191
f 384//2192 383//2192 380//2192 381//2192
f 385//2193 384//2193 381//2193 382//2193
f 386//2194 385//2194 382//2194 378//2194
f 401//2195 388//2195 312//2195 347//2195
f 389//2196 401//2196 347//2196 344//2196
f 390//2197 389//2197 344//2197 331//2197
f 392//2198 391//2198 389//2198 390//2198
f 393//2199 377//2199 388//2199 401//2199
f 395//2200 394//2200 401//2200 391//2200
f 396//2201 395//2201 391//2201 392//2201
f 397//2202 386//2202 379//2202 393//2202
f 398//2203 397//2203 393//2203 394//2203
f 399//2204 398//2204 394//2204 395//2204
f 400//2205 399//2205 395//2205 396//2205
f 404//2206 17//2206 16//2206 403//2206
f 18//2207 404//2207 402//2207 15//2207
f 403//2208 20//2208 19//2208 414//2208
f 407//2209 404//2209 403//2209 406//2209
f 404//2210 407//2210 405//2210 402//2210
f 410//2211 407//2211 406//2211 409//2211
f 407//2212 410//2212 408//2212 405//2212
f 409//2213 406//2213 414//2213 415//2213
f 413//2214 410//2214 409//2214 412//2214
f 410//2215 413//2215 411//2215 408//2215
f 441//2216 59//2216 58//2216 416//2216
f 442//2217 61//2217 60//2217 441//2217
f 417//2218 64//2218 63//2218 440//2218
f 418//2219 65//2219 64//2219 417//2219
f 65//2220 418//2220 416//2220 58//2220
f 67//2221 452//2221 440//2221 63//2221
f 452//2222 68//2222 15//2222 402//2222
f 421//2223 418//2223 417//2223 420//2223
f 418//2224 421//2224 419//2224 416//2224
f 444//2225 441//2225 419//2225 422//2225
f 445//2226 442//2226 441//2226 444//2226
f 423//2227 420//2227 440//2227 443//2227
f 424//2228 421//2228 420//2228 423//2228
f 421//2229 424//2229 422//2229 419//2229
f 427//2230 424//2230 423//2230 426//2230
f 424//2231 427//2231 425//2231 422//2231
f 447//2232 444//2232 425//2232 428//2232
f 448//2233 445//2233 444//2233 447//2233
f 429//105 426//105 443//105 446//105
f 430//2234 427//2234 426//2234 429//2234
f 427//2235 430//2235 428//2235 425//2235
f 452//2236 453//2236 446//2236 443//2236
f 453//2237 452//2237 405//2237 408//2237
f 433//2238 430//2238 429//2238 432//2238
f 430//2239 433//2239 431//2239 428//2239
f 450//2240 447//2240 431//2240 434//2240
f 451//2241 448//2241 447//2241 450//2241
f 435//2242 432//2242 446//2242 449//2242
f 436//2243 433//2243 432//2243 435//2243
f 433//2244 436//2244 434//2244 431//2244
f 439//2245 436//2245 435//2245 438//2245
f 436//2246 439//2246 437//2246 434//2246
f 454//2247 96//2247 62//2247 442//2247
f 455//2248 130//2248 103//2248 454//2248
f 480//2249 176//2249 137//2249 455//2249
f 456//2250 178//2250 177//2250 480//2250
f 457//2251 179//2251 178//2251 456//2251
f 458//2252 180//2252 179//2252 457//2252
f 493//2253 181//2253 180//2253 458//2253
f 481//2254 182//2254 181//2254 493//2254
f 482//2255 185//2255 184//2255 481//2255
f 483//2256 187//2256 186//2256 482//2256
f 460//2257 457//2257 456//2257 459//2257
f 461//2258 458//2258 457//2258 460//2258
f 462//2259 459//2259 480//2259 484//2259
f 463//2260 460//2260 459//2260 462//2260
f 464//2261 461//2261 460//2261 463//2261
f 486//2262 482//2262 481//2262 485//2262
f 466//2263 463//2263 462//2263 465//2263
f 467//2264 464//2264 463//2264 466//2264
f 468//2265 465//2265 484//2265 487//2265
f 469//2266 466//2266 465//2266 468//2266
f 470//2267 467//2267 466//2267 469//2267
f 494//2268 493//2268 467//2268 470//2268
f 488//2269 485//2269 493//2269 494//2269
f 489//2270 486//2270 485//2270 488//2270
f 472//2271 469//2271 468//2271 471//2271
f 473//2272 470//2272 469//2272 472//2272
f 474//2273 471//2273 487//2273 490//2273
f 475//2274 472//2274 471//2274 474//2274
f 476//2275 473//2275 472//2275 475//2275
f 492//2276 489//2276 488//2276 491//2276
f 478//2277 475//2277 474//2277 477//2277
f 479//2278 476//2278 475//2278 478//2278
f 496//2279 206//2279 187//2279 483//2279
f 497//2280 208//2280 207//2280 496//2280
f 498//2281 211//2281 210//2281 497//2281
f 499//2282 213//2282 212//2282 498//2282
f 496//2283 483//2283 482//2283 495//2283
f 500//2284 495//2284 482//2284 486//2284
f 501//2285 496//2285 495//2285 500//2285
f 502//2286 497//2286 496//2286 501//2286
f 503//2287 498//2287 497//2287 502//2287
f 504//2288 499//2288 498//2288 503//2288
f 505//2289 500//2289 486//2289 489//2289
f 506//2290 501//2290 500//2290 505//2290
f 507//2291 502//2291 501//2291 506//2291
f 508//2292 503//2292 502//2292 507//2292
f 509//2293 504//2293 503//2293 508//2293
f 510//2294 505//2294 489//2294 492//2294
f 511//2295 506//2295 505//2295 510//2295
f 512//2296 507//2296 506//2296 511//2296
f 513//2297 508//2297 507//2297 512//2297
f 514//2298 509//2298 508//2298 513//2298
f 540//2299 220//2299 214//2299 499//2299
f 518//2300 224//2300 221//2300 540//2300
f 519//2301 518//2301 515//2301 516//2301
f 541//2302 225//2302 224//2302 519//2302
f 520//2303 226//2303 225//2303 541//2303
f 523//2304 516//2304 515//2304 522//2304
f 526//2305 520//2305 517//2305 524//2305
f 527//2306 526//2306 524//2306 525//2306
f 527//2307 521//2307 520//2307 526//2307
f 544//2308 540//2308 499//2308 504//2308
f 545//2309 522//2309 540//2309 544//2309
f 546//2310 545//2310 542//2310 528//2310
f 546//2311 541//2311 523//2311 545//2311
f 547//2312 546//2312 529//2312 543//2312
f 547//2313 524//2313 541//2313 546//2313
f 531//2314 529//2314 528//2314 530//2314
f 532//2315 530//2315 542//2315 548//2315
f 533//2316 531//2316 530//2316 532//2316
f 534//2317 543//2317 531//2317 533//2317
f 549//2318 544//2318 504//2318 509//2318
f 550//2319 545//2319 544//2319 549//2319
f 545//2320 550//2320 548//2320 542//2320
f 537//2321 533//2321 532//2321 536//2321
f 538//2322 534//2322 533//2322 537//2322
f 539//2323 535//2323 534//2323 538//2323
f 552//2324 536//2324 548//2324 551//2324
f 553//2325 538//2325 537//2325 552//2325
f 554//2326 549//2326 509//2326 514//2326
f 555//2327 550//2327 549//2327 554//2327
f 550//2328 555//2328 551//2328 548//2328
f 557//2329 559//2329 558//2329 556//2329
f 559//2330 562//2330 560//2330 558//2330
f 567//2331 568//2331 562//2331 559//2331
f 566//2332 565//2332 563//2332 564//2332
f 566//2333 562//2333 561//2333 565//2333
f 562//2334 566//2334 564//2334 560//2334
f 572//2335 244//2335 243//2335 571//2335
f 633//2336 245//2336 244//2336 572//2336
f 634//2337 574//2337 570//2337 571//2337
f 634//2338 248//2338 247//2338 574//2338
f 248//2339 634//2339 571//2339 243//2339
f 576//2340 575//2340 573//2340 574//2340
f 249//2341 576//2341 574//2341 247//2341
f 578//2342 577//2342 575//2342 576//2342
f 258//2343 578//2343 576//2343 249//2343
f 580//2344 579//2344 577//2344 578//2344
f 582//2345 581//2345 579//2345 580//2345
f 584//2346 583//2346 581//2346 582//2346
f 586//2347 571//2347 570//2347 585//2347
f 587//2348 572//2348 571//2348 586//2348
f 590//2349 574//2349 573//2349 589//2349
f 574//2350 590//2350 585//2350 570//2350
f 592//2351 591//2351 588//2351 589//2351
f 575//2352 592//2352 589//2352 573//2352
f 593//2353 635//2353 591//2353 592//2353
f 577//2354 593//2354 592//2354 575//2354
f 579//2355 594//2355 593//2355 577//2355
f 595//2356 636//2356 635//2356 594//2356
f 581//2357 595//2357 594//2357 579//2357
f 583//2358 596//2358 595//2358 581//2358
f 638//2359 586//2359 585//2359 637//2359
f 639//2360 633//2360 587//2360 638//2360
f 598//2361 589//2361 588//2361 597//2361
f 599//2362 590//2362 589//2362 598//2362
f 590//2363 599//2363 637//2363 585//2363
f 591//2364 601//2364 597//2364 588//2364
f 603//2365 602//2365 600//2365 601//2365
f 635//2366 603//2366 601//2366 591//2366
f 605//2367 604//2367 602//2367 603//2367
f 636//2368 640//2368 605//2368 635//2368
f 607//2369 598//2369 597//2369 606//2369
f 608//2370 599//2370 598//2370 607//2370
f 610//2371 601//2371 600//2371 609//2371
f 601//2372 610//2372 606//2372 597//2372
f 602//2373 611//2373 609//2373 600//2373
f 604//2374 612//2374 611//2374 602//2374
f 645//2375 638//2375 637//2375 641//2375
f 615//2376 607//2376 606//2376 614//2376
f 616//2377 608//2377 607//2377 615//2377
f 608//2378 616//2378 641//2378 637//2378
f 618//2379 617//2379 613//2379 614//2379
f 618//2380 610//2380 609//2380 617//2380
f 610//2381 618//2381 614//2381 606//2381
f 611//2382 619//2382 617//2382 609//2382
f 620//2383 557//2383 556//2383 619//2383
f 612//2384 620//2384 619//2384 611//2384
f 642//2385 567//2385 557//2385 620//2385
f 640//2386 642//2386 620//2386 612//2386
f 622//2387 614//2387 613//2387 621//2387
f 623//2388 615//2388 614//2388 622//2388
f 624//2389 616//2389 615//2389 623//2389
f 617//2390 625//2390 621//2390 613//2390
f 626//2391 558//2391 569//2391 625//2391
f 626//2392 619//2392 556//2392 558//2392
f 619//2393 626//2393 625//2393 617//2393
f 628//2394 622//2394 621//2394 627//2394
f 644//2395 623//2395 622//2395 628//2395
f 624//2396 644//2396 643//2396 641//2396
f 625//2397 629//2397 627//2397 621//2397
f 631//2398 628//2398 627//2398 630//2398
f 629//2399 632//2399 630//2399 627//2399
f 646//2400 276//2400 242//2400 633//2400
f 279//2401 646//2401 414//2401 19//2401
f 647//2402 651//2402 568//2402 567//2402
f 648//2403 652//2403 651//2403 647//2403
f 649//2404 654//2404 652//2404 648//2404
f 650//2405 656//2405 654//2405 649//2405
f 656//2406 655//2406 653//2406 654//2406
f 659//2407 658//2407 583//2407 584//2407
f 360//2408 659//2408 584//2408 258//2408
f 661//2409 660//2409 658//2409 659//2409
f 361//2410 680//2410 678//2410 360//2410
f 665//2411 664//2411 662//2411 663//2411
f 666//2412 676//2412 636//2412 596//2412
f 658//2413 666//2413 596//2413 583//2413
f 660//2414 667//2414 666//2414 658//2414
f 678//2415 677//2415 676//2415 667//2415
f 680//2416 679//2416 677//2416 678//2416
f 668//2417 681//2417 679//2417 680//2417
f 664//2418 669//2418 668//2418 662//2418
f 676//2419 682//2419 640//2419 636//2419
f 677//2420 671//2420 682//2420 676//2420
f 673//2421 672//2421 670//2421 671//2421
f 679//2422 683//2422 673//2422 677//2422
f 681//2423 684//2423 683//2423 679//2423
f 672//2424 675//2424 674//2424 670//2424
f 685//2425 647//2425 567//2425 642//2425
f 682//2426 685//2426 642//2426 640//2426
f 686//2427 649//2427 648//2427 685//2427
f 683//2428 686//2428 685//2428 675//2428
f 686//2429 684//2429 657//2429 650//2429
f 689//2430 413//2430 412//2430 688//2430
f 413//2431 689//2431 687//2431 411//2431
f 688//2432 412//2432 415//2432 699//2432
f 692//2433 689//2433 688//2433 691//2433
f 689//2434 692//2434 690//2434 687//2434
f 695//2435 692//2435 691//2435 694//2435
f 692//2436 695//2436 693//2436 690//2436
f 694//2213 691//2213 699//2213 700//2213
f 698//2437 695//2437 694//2437 697//2437
f 695//2438 698//2438 696//2438 693//2438
f 726//214 450//214 437//214 701//214
f 727//2439 451//2439 450//2439 726//2439
f 702//2440 438//2440 449//2440 725//2440
f 703//2441 439//2441 438//2441 702//2441
f 439//2442 703//2442 701//2442 437//2442
f 453//2443 737//2443 725//2443 449//2443
f 737//2444 453//2444 411//2444 687//2444
f 706//2445 703//2445 702//2445 705//2445
f 703//2442 706//2442 704//2442 701//2442
f 729//218 726//218 704//218 707//218
f 730//2439 727//2439 726//2439 729//2439
f 708//2446 705//2446 725//2446 728//2446
f 709//2238 706//2238 705//2238 708//2238
f 706//2447 709//2447 707//2447 704//2447
f 712//2448 709//2448 708//2448 711//2448
f 709//2449 712//2449 710//2449 707//2449
f 732//2450 729//2450 710//2450 713//2450
f 733//2439 730//2439 729//2439 732//2439
f 714//2446 711//2446 728//2446 731//2446
f 715//2451 712//2451 711//2451 714//2451
f 712//2452 715//2452 713//2452 710//2452
f 737//2453 738//2453 731//2453 728//2453
f 738//2444 737//2444 690//2444 693//2444
f 718//2454 715//2454 714//2454 717//2454
f 715//2455 718//2455 716//2455 713//2455
f 735//2456 732//2456 716//2456 719//2456
f 736//2457 733//2457 732//2457 735//2457
f 720//2458 717//2458 731//2458 734//2458
f 721//2454 718//2454 717//2454 720//2454
f 718//2459 721//2459 719//2459 716//2459
f 724//2234 721//2234 720//2234 723//2234
f 721//2455 724//2455 722//2455 719//2455
f 739//2460 454//2460 451//2460 727//2460
f 740//2460 455//2460 454//2460 739//2460
f 772//2461 490//2461 455//2461 740//2461
f 741//2462 477//2462 490//2462 772//2462
f 742//2463 478//2463 477//2463 741//2463
f 743//2464 479//2464 478//2464 742//2464
f 787//2465 494//2465 479//2465 743//2465
f 773//2466 491//2466 494//2466 787//2466
f 774//2467 492//2467 491//2467 773//2467
f 745//2468 742//2468 741//2468 744//2468
f 746//2469 743//2469 742//2469 745//2469
f 747//2470 744//2470 772//2470 775//2470
f 748//2471 745//2471 744//2471 747//2471
f 749//2472 746//2472 745//2472 748//2472
f 777//2473 774//2473 773//2473 776//2473
f 751//2474 748//2474 747//2474 750//2474
f 752//2475 749//2475 748//2475 751//2475
f 753//2476 750//2476 775//2476 779//2476
f 754//2477 751//2477 750//2477 753//2477
f 755//2478 752//2478 751//2478 754//2478
f 788//2479 787//2479 752//2479 755//2479
f 780//2480 776//2480 787//2480 788//2480
f 781//2481 777//2481 776//2481 780//2481
f 782//2482 778//2482 777//2482 781//2482
f 757//2483 754//2483 753//2483 756//2483
f 758//2484 755//2484 754//2484 757//2484
f 759//2485 756//2485 779//2485 783//2485
f 760//2486 757//2486 756//2486 759//2486
f 761//2487 758//2487 757//2487 760//2487
f 785//2488 781//2488 780//2488 784//2488
f 763//2489 782//2489 781//2489 785//2489
f 766//2490 760//2490 759//2490 765//2490
f 767//2491 761//2491 760//2491 766//2491
f 786//2492 768//2492 785//2492 784//2492
f 769//2493 763//2493 762//2493 768//2493
f 770//2494 771//2494 769//2494 768//2494
f 771//2495 764//2495 763//2495 769//2495
f 819//2496 510//2496 492//2496 774//2496
f 820//2497 511//2497 510//2497 819//2497
f 821//2498 512//2498 511//2498 820//2498
f 822//2499 513//2499 512//2499 821//2499
f 823//2500 514//2500 513//2500 822//2500
f 824//2501 819//2501 774//2501 777//2501
f 825//2502 820//2502 819//2502 824//2502
f 789//2503 821//2503 820//2503 825//2503
f 791//2504 822//2504 821//2504 790//2504
f 793//2505 823//2505 822//2505 792//2505
f 795//2506 796//2506 792//2506 791//2506
f 796//2507 797//2507 793//2507 792//2507
f 797//2508 798//2508 794//2508 793//2508
f 778//2509 825//2509 824//2509 777//2509
f 800//2510 790//2510 789//2510 799//2510
f 801//2511 791//2511 790//2511 800//2511
f 802//2512 803//2512 800//2512 799//2512
f 803//2513 804//2513 801//2513 800//2513
f 804//2514 795//2514 791//2514 801//2514
f 805//2515 796//2515 795//2515 804//2515
f 806//2516 797//2516 796//2516 805//2516
f 807//2517 825//2517 778//2517 782//2517
f 809//2518 799//2518 825//2518 808//2518
f 810//2519 811//2519 809//2519 808//2519
f 811//2520 802//2520 799//2520 809//2520
f 812//2521 803//2521 802//2521 811//2521
f 814//2522 808//2522 807//2522 813//2522
f 815//2523 816//2523 814//2523 813//2523
f 816//2524 810//2524 808//2524 814//2524
f 817//2525 813//2525 782//2525 763//2525
f 764//2526 818//2526 817//2526 763//2526
f 818//2527 815//2527 813//2527 817//2527
f 828//2528 552//2528 551//2528 827//2528
f 830//2529 553//2529 552//2529 829//2529
f 832//2530 554//2530 514//2530 823//2530
f 834//2531 555//2531 554//2531 833//2531
f 555//2532 834//2532 826//2532 551//2532
f 836//2533 827//2533 826//2533 835//2533
f 837//2534 828//2534 827//2534 836//2534
f 838//2535 829//2535 828//2535 837//2535
f 839//2536 830//2536 829//2536 838//2536
f 840//2537 831//2537 830//2537 839//2537
f 842//2538 833//2538 832//2538 841//2538
f 843//2539 834//2539 833//2539 842//2539
f 834//2540 843//2540 835//2540 826//2540
f 843//2541 844//2541 836//2541 835//2541
f 844//2542 845//2542 837//2542 836//2542
f 845//2543 846//2543 838//2543 837//2543
f 846//2544 847//2544 839//2544 838//2544
f 847//2545 848//2545 840//2545 839//2545
f 849//2546 850//2546 842//2546 841//2546
f 850//2547 851//2547 843//2547 842//2547
f 851//2548 852//2548 844//2548 843//2548
f 852//2549 853//2549 845//2549 844//2549
f 853//2550 854//2550 846//2550 845//2550
f 854//2551 855//2551 847//2551 846//2551
f 855//2552 856//2552 848//2552 847//2552
f 857//2553 841//2553 823//2553 794//2553
f 798//2554 858//2554 857//2554 794//2554
f 858//2555 849//2555 841//2555 857//2555
f 859//2556 850//2556 849//2556 858//2556
f 860//2557 851//2557 850//2557 859//2557
f 861//2558 853//2558 852//2558 860//2558
f 862//2559 855//2559 854//2559 861//2559
f 869//2560 868//2560 866//2560 867//2560
f 869//2561 865//2561 864//2561 868//2561
f 865//2562 869//2562 867//2562 863//2562
f 873//2563 564//2563 563//2563 872//2563
f 564//2564 873//2564 871//2564 569//2564
f 565//2565 874//2565 872//2565 563//2565
f 876//2566 875//2566 943//2566 874//2566
f 568//2567 876//2567 874//2567 565//2567
f 878//2568 877//2568 875//2568 876//2568
f 883//2569 882//2569 880//2569 881//2569
f 883//2570 873//2570 872//2570 882//2570
f 873//2571 883//2571 881//2571 871//2571
f 874//2572 884//2572 882//2572 872//2572
f 888//2573 887//2573 885//2573 886//2573
f 877//2574 888//2574 886//2574 875//2574
f 891//2575 881//2575 880//2575 890//2575
f 881//2576 891//2576 889//2576 879//2576
f 882//2577 893//2577 890//2577 880//2577
f 896//2578 895//2578 892//2578 893//2578
f 896//2579 884//2579 943//2579 895//2579
f 884//2580 896//2580 893//2580 882//2580
f 898//2581 897//2581 894//2581 895//2581
f 898//2582 886//2582 885//2582 897//2582
f 886//2583 898//2583 895//2583 943//2583
f 887//2584 900//2584 897//2584 885//2584
f 903//2585 891//2585 890//2585 902//2585
f 891//2586 903//2586 901//2586 889//2586
f 905//2587 893//2587 892//2587 904//2587
f 893//2588 905//2588 902//2588 890//2588
f 907//2589 895//2589 894//2589 906//2589
f 895//2590 907//2590 904//2590 892//2590
f 897//2591 909//2591 906//2591 894//2591
f 912//2592 911//2592 908//2592 909//2592
f 912//2593 900//2593 899//2593 911//2593
f 900//2594 912//2594 909//2594 897//2594
f 915//2595 903//2595 902//2595 914//2595
f 903//2596 915//2596 913//2596 901//2596
f 947//2597 946//2597 944//2597 914//2597
f 947//2598 905//2598 904//2598 946//2598
f 905//2599 947//2599 914//2599 902//2599
f 948//2600 917//2600 945//2600 946//2600
f 948//2601 909//2601 908//2601 917//2601
f 909//2602 948//2602 946//2602 906//2602
f 920//2603 919//2603 916//2603 917//2603
f 920//2604 911//2604 910//2604 919//2604
f 911//2605 920//2605 917//2605 908//2605
f 923//2606 915//2606 914//2606 922//2606
f 915//2607 923//2607 921//2607 913//2607
f 926//2608 917//2608 916//2608 925//2608
f 929//2609 928//2609 924//2609 925//2609
f 929//2610 919//2610 918//2610 928//2610
f 919//2611 929//2611 925//2611 916//2611
f 932//2612 922//2612 944//2612 949//2612
f 933//2613 932//2613 930//2613 931//2613
f 933//2614 923//2614 922//2614 932//2614
f 923//2615 933//2615 931//2615 921//2615
f 952//2616 946//2616 945//2616 951//2616
f 946//2617 952//2617 949//2617 944//2617
f 953//2618 935//2618 950//2618 951//2618
f 953//2619 925//2619 924//2619 935//2619
f 925//2620 953//2620 951//2620 945//2620
f 936//2621 865//2621 863//2621 934//2621
f 937//2622 936//2622 934//2622 935//2622
f 937//2623 928//2623 927//2623 936//2623
f 928//2624 937//2624 935//2624 924//2624
f 939//2625 931//2625 930//2625 938//2625
f 932//2626 940//2626 938//2626 930//2626
f 952//2627 951//2627 954//2627 949//2627
f 941//2628 934//2628 863//2628 867//2628
f 942//2629 935//2629 934//2629 941//2629
f 969//2630 645//2630 643//2630 965//2630
f 956//2631 631//2631 630//2631 955//2631
f 966//2632 644//2632 631//2632 956//2632
f 644//2633 966//2633 965//2633 643//2633
f 957//2634 632//2634 569//2634 871//2634
f 632//2635 957//2635 955//2635 630//2635
f 959//2636 956//2636 955//2636 958//2636
f 960//2637 881//2637 879//2637 958//2637
f 960//2638 957//2638 871//2638 881//2638
f 957//2639 960//2639 958//2639 955//2639
f 961//2640 958//2640 879//2640 889//2640
f 962//2641 959//2641 958//2641 961//2641
f 968//2642 966//2642 959//2642 962//2642
f 966//2643 968//2643 967//2643 965//2643
f 963//2644 961//2644 889//2644 901//2644
f 964//2645 962//2645 961//2645 963//2645
f 971//2646 969//2646 967//2646 970//2646
f 970//2647 963//2647 901//2647 913//2647
f 972//2648 646//2648 645//2648 969//2648
f 646//2649 972//2649 699//2649 415//2649
f 990//2650 991//2650 988//2650 987//2650
f 976//2651 977//2651 771//2651 770//2651
f 977//2652 973//2652 764//2652 771//2652
f 978//2653 979//2653 977//2653 976//2653
f 979//2654 974//2654 973//2654 977//2654
f 985//2655 980//2655 978//2655 984//2655
f 980//2656 981//2656 979//2656 978//2656
f 982//2657 983//2657 981//2657 980//2657
f 987//2658 988//2658 982//2658 985//2658
f 989//2659 990//2659 987//2659 986//2659
f 992//2660 993//2660 798//2660 797//2660
f 1056//2661 995//2661 804//2661 803//2661
f 995//2662 996//2662 805//2662 804//2662
f 996//2663 997//2663 806//2663 805//2663
f 997//2664 992//2664 797//2664 806//2664
f 998//2665 993//2665 992//2665 997//2665
f 999//2666 1000//2666 996//2666 995//2666
f 1000//2667 1001//2667 997//2667 996//2667
f 1001//2668 1002//2668 998//2668 997//2668
f 1002//2669 994//2669 993//2669 998//2669
f 1040//2670 1041//2670 1001//2670 1000//2670
f 1003//2671 1004//2671 811//2671 810//2671
f 1004//2672 1005//2672 812//2672 811//2672
f 1005//2673 1056//2673 803//2673 812//2673
f 1042//2674 995//2674 1056//2674 1005//2674
f 1006//2675 1007//2675 1005//2675 1004//2675
f 1044//2676 1045//2676 1042//2676 1007//2676
f 1045//2677 1040//2677 1000//2677 1042//2677
f 1046//2678 1041//2678 1040//2678 1045//2678
f 1008//2679 1048//2679 1046//2679 1045//2679
f 1009//2680 1010//2680 816//2680 815//2680
f 1010//2681 1003//2681 810//2681 816//2681
f 1011//2682 1004//2682 1003//2682 1010//2682
f 1012//2683 1013//2683 1011//2683 1010//2683
f 1013//2684 1006//2684 1004//2684 1011//2684
f 1014//2685 1007//2685 1006//2685 1013//2685
f 1043//2686 1044//2686 1013//2686 1012//2686
f 1047//2687 1015//2687 1045//2687 1044//2687
f 1017//2688 1018//2688 1016//2688 1015//2688
f 973//2689 1050//2689 818//2689 764//2689
f 1050//2690 1009//2690 815//2690 818//2690
f 1020//2691 1043//2691 1012//2691 1050//2691
f 1051//2692 1044//2692 1043//2692 1020//2692
f 1021//2693 1022//2693 1020//2693 1019//2693
f 988//2694 1052//2694 1021//2694 975//2694
f 1052//2695 1023//2695 1051//2695 1022//2695
f 1024//2696 1047//2696 1044//2696 1051//2696
f 1025//2697 1015//2697 1047//2697 1024//2697
f 1026//2698 1027//2698 1024//2698 1023//2698
f 1027//2699 1028//2699 1025//2699 1024//2699
f 1028//2700 1017//2700 1015//2700 1025//2700
f 1029//2701 1018//2701 1017//2701 1028//2701
f 1053//2702 1048//2702 1018//2702 1029//2702
f 991//2703 1054//2703 1052//2703 988//2703
f 1054//2704 1055//2704 1026//2704 1052//2704
f 1055//2705 1030//2705 1028//2705 1027//2705
f 1030//2706 1031//2706 1029//2706 1028//2706
f 1031//2707 1032//2707 1053//2707 1029//2707
f 1032//2708 1049//2708 1048//2708 1053//2708
f 1034//2709 1035//2709 1031//2709 1030//2709
f 1035//2710 1036//2710 1032//2710 1031//2710
f 1036//2711 1037//2711 1033//2711 1032//2711
f 981//2712 1038//2712 1050//2712 979//2712
f 983//2713 1039//2713 1038//2713 981//2713
f 1021//2714 1039//2714 983//2714 975//2714
f 1039//2715 1021//2715 1019//2715 1038//2715
f 993//2716 1061//2716 858//2716 798//2716
f 1061//2717 1062//2717 860//2717 859//2717
f 1062//2718 1063//2718 861//2718 860//2718
f 1063//2719 1064//2719 862//2719 861//2719
f 1065//2720 1066//2720 1062//2720 1061//2720
f 1066//2721 1067//2721 1063//2721 1062//2721
f 1067//2722 1068//2722 1064//2722 1063//2722
f 1041//2723 1065//2723 1061//2723 1002//2723
f 1080//2724 1081//2724 1067//2724 1066//2724
f 1082//2725 1065//2725 1041//2725 1046//2725
f 1048//2726 1069//2726 1082//2726 1046//2726
f 1069//2727 1080//2727 1065//2727 1082//2727
f 1071//2728 1081//2728 1080//2728 1070//2728
f 1081//2729 1072//2729 1083//2729 1068//2729
f 1049//2730 1073//2730 1069//2730 1048//2730
f 1073//2731 1074//2731 1070//2731 1069//2731
f 1074//2732 1075//2732 1071//2732 1070//2732
f 1075//2733 1076//2733 1072//2733 1071//2733
f 1057//2734 1073//2734 1049//2734 1033//2734
f 1077//2735 1074//2735 1073//2735 1058//2735
f 1079//2736 1076//2736 1075//2736 1078//2736
f 1037//2737 1059//2737 1057//2737 1033//2737
f 1059//2738 1060//2738 1058//2738 1057//2738
f 1078//2739 1075//2739 1074//2739 1077//2739
f 1090//2740 1089//2740 864//2740 865//2740
f 1093//2741 1092//2741 1089//2741 1090//2741
f 1108//2742 1107//2742 1091//2742 1092//2742
f 1103//2743 1108//2743 1093//2743 1102//2743
f 1112//2744 1111//2744 1107//2744 1108//2744
f 1104//2745 1112//2745 1108//2745 1103//2745
f 1116//2746 1115//2746 1111//2746 1112//2746
f 1105//2747 1116//2747 1112//2747 1104//2747
f 1097//2748 1096//2748 870//2748 868//2748
f 1089//2749 1097//2749 868//2749 864//2749
f 1099//2750 1098//2750 1094//2750 1095//2750
f 1100//2751 1099//2751 1095//2751 1096//2751
f 1101//2752 1100//2752 1096//2752 1097//2752
f 1101//2753 1092//2753 1091//2753 1100//2753
f 1092//2754 1101//2754 1097//2754 1089//2754
f 1107//2755 1106//2755 1098//2755 1099//2755
f 1111//2756 1110//2756 1106//2756 1107//2756
f 1114//2757 1113//2757 1109//2757 1110//2757
f 1115//2758 1114//2758 1110//2758 1111//2758
f 1126//2759 1125//2759 877//2759 878//2759
f 651//2760 1126//2760 878//2760 568//2760
f 1128//2761 1127//2761 1125//2761 1126//2761
f 652//2762 1128//2762 1126//2762 651//2762
f 1130//2763 1129//2763 1127//2763 1128//2763
f 654//2764 1130//2764 1128//2764 652//2764
f 1130//2765 654//2765 653//2765 1129//2765
f 655//2766 1132//2766 1129//2766 653//2766
f 1133//2767 1147//2767 899//2767 900//2767
f 1125//2768 1133//2768 900//2768 887//2768
f 1127//2769 1134//2769 1133//2769 1125//2769
f 1136//2770 1135//2770 1147//2770 1134//2770
f 1129//2771 1136//2771 1134//2771 1127//2771
f 1139//2772 1138//2772 1135//2772 1136//2772
f 1132//2773 1139//2773 1136//2773 1129//2773
f 1139//2774 1132//2774 1131//2774 1138//2774
f 1140//2775 1117//2775 918//2775 919//2775
f 1147//2776 1140//2776 919//2776 910//2776
f 1142//2777 1141//2777 1118//2777 1140//2777
f 1144//2778 1143//2778 1141//2778 1142//2778
f 1135//2779 1144//2779 1142//2779 1147//2779
f 1146//2780 1145//2780 1143//2780 1144//2780
f 1146//2781 1138//2781 1137//2781 1145//2781
f 1138//2782 1146//2782 1144//2782 1135//2782
f 1120//2783 1119//2783 927//2783 928//2783
f 1117//2784 1120//2784 928//2784 918//2784
f 1122//2785 1121//2785 1119//2785 1120//2785
f 1118//2786 1122//2786 1120//2786 1117//2786
f 1141//2787 1103//2787 1102//2787 1121//2787
f 1143//2788 1104//2788 1103//2788 1141//2788
f 1145//2789 1105//2789 1104//2789 1143//2789
f 1123//2790 1090//2790 865//2790 936//2790
f 1119//2791 1123//2791 936//2791 927//2791
f 1124//2792 1093//2792 1090//2792 1123//2792
f 1124//2793 1121//2793 1102//2793 1093//2793
f 1121//2794 1124//2794 1123//2794 1119//2794
f 1150//2795 1151//2795 991//2795 990//2795
f 1154//2796 1155//2796 1151//2796 1150//2796
f 1157//2797 1158//2797 1154//2797 1153//2797
f 1158//2798 1159//2798 1155//2798 1154//2798
f 1161//2799 1162//2799 1158//2799 1157//2799
f 1162//2800 1163//2800 1159//2800 1158//2800
f 1149//2801 1150//2801 990//2801 989//2801
f 1152//2802 1153//2802 1149//2802 1148//2802
f 1153//2803 1154//2803 1150//2803 1149//2803
f 1156//2804 1157//2804 1153//2804 1152//2804
f 1160//2805 1161//2805 1157//2805 1156//2805
f 1151//2806 1164//2806 1054//2806 991//2806
f 1164//2807 1165//2807 1055//2807 1054//2807
f 1165//2808 1166//2808 1034//2808 1055//2808
f 1166//2809 1167//2809 1036//2809 1035//2809
f 1155//2810 1168//2810 1164//2810 1151//2810
f 1168//2811 1169//2811 1165//2811 1164//2811
f 1169//2812 1170//2812 1166//2812 1165//2812
f 1170//2813 1171//2813 1167//2813 1166//2813
f 1159//2814 1172//2814 1168//2814 1155//2814
f 1172//2815 1173//2815 1169//2815 1168//2815
f 1173//2816 1174//2816 1170//2816 1169//2816
f 1174//2817 1175//2817 1171//2817 1170//2817
f 1163//2818 1176//2818 1172//2818 1159//2818
f 1176//2819 1177//2819 1173//2819 1172//2819
f 1177//2820 1178//2820 1174//2820 1173//2820
f 1178//2821 1179//2821 1175//2821 1174//2821
f 1167//2822 1180//2822 1059//2822 1037//2822
f 1180//2823 1181//2823 1060//2823 1059//2823
f 1181//2824 1182//2824 1077//2824 1060//2824
f 1183//2825 1184//2825 1078//2825 1077//2825
f 1188//2826 1181//2826 1180//2826 1187//2826
f 1189//2827 1182//2827 1181//2827 1188//2827
f 1190//2828 1183//2828 1182//2828 1189//2828
f 1191//2829 1184//2829 1183//2829 1190//2829
f 1192//2830 1185//2830 1184//2830 1191//2830
f 1192//2831 1193//2831 1079//2831 1078//2831
f 1186//2832 1195//2832 1187//2832 1180//2832
f 1195//2833 1196//2833 1188//2833 1187//2833
f 1196//2834 1197//2834 1189//2834 1188//2834
f 1197//2835 1198//2835 1190//2835 1189//2835
f 1198//2836 1199//2836 1191//2836 1190//2836
f 1199//2837 1200//2837 1192//2837 1191//2837
f 1200//2838 1201//2838 1193//2838 1192//2838
f 1171//2839 1204//2839 1195//2839 1167//2839
f 1204//2840 1205//2840 1197//2840 1196//2840
f 1175//2841 1206//2841 1204//2841 1171//2841
f 1179//2842 1207//2842 1206//2842 1175//2842
f 1217//2843 698//2843 697//2843 1216//2843
f 698//2844 1217//2844 1215//2844 696//2844
f 1216//2845 697//2845 700//2845 1226//2845
f 1220//2846 1217//2846 1216//2846 1219//2846
f 1217//2847 1220//2847 1218//2847 1215//2847
f 1223//2848 1220//2848 1219//2848 1222//2848
f 1220//2849 1223//2849 1221//2849 1218//2849
f 1222//2850 1219//2850 1226//2850 1227//2850
f 1208//2851 1223//2851 1222//2851 1225//2851
f 1223//2852 1209//2852 1224//2852 1221//2852
f 1212//2853 1209//2853 1208//2853 1211//2853
f 1213//2854 1214//2854 1212//2854 1211//2854
f 1214//2855 1210//2855 1209//2855 1212//2855
f 1284//2856 735//2856 722//2856 1228//2856
f 1285//2857 736//2857 735//2857 1284//2857
f 1229//105 723//105 734//105 1283//105
f 1230//2858 724//2858 723//2858 1229//2858
f 724//2859 1230//2859 1228//2859 722//2859
f 738//2860 1295//2860 1283//2860 734//2860
f 1295//2861 738//2861 696//2861 1215//2861
f 1233//2445 1230//2445 1229//2445 1232//2445
f 1230//2862 1233//2862 1231//2862 1228//2862
f 1287//2863 1284//2863 1231//2863 1234//2863
f 1288//2864 1285//2864 1284//2864 1287//2864
f 1235//2865 1232//2865 1283//2865 1286//2865
f 1236//2866 1233//2866 1232//2866 1235//2866
f 1233//2867 1236//2867 1234//2867 1231//2867
f 1239//2868 1236//2868 1235//2868 1238//2868
f 1236//2869 1239//2869 1237//2869 1234//2869
f 1241//2870 1287//2870 1237//2870 1240//2870
f 1243//2871 1288//2871 1287//2871 1242//2871
f 1245//2872 1238//2872 1286//2872 1289//2872
f 1246//2873 1239//2873 1238//2873 1245//2873
f 1239//2874 1246//2874 1240//2874 1237//2874
f 1295//2875 1248//2875 1289//2875 1286//2875
f 1249//2876 1295//2876 1218//2876 1221//2876
f 1251//2877 1241//2877 1240//2877 1250//2877
f 1252//2878 1242//2878 1241//2878 1251//2878
f 1253//2879 1243//2879 1242//2879 1252//2879
f 1254//2880 1244//2880 1243//2880 1253//2880
f 1256//2881 1246//2881 1245//2881 1255//2881
f 1246//2882 1256//2882 1250//2882 1240//2882
f 1256//2883 1257//2883 1251//2883 1250//2883
f 1257//2884 1258//2884 1252//2884 1251//2884
f 1258//2885 1259//2885 1253//2885 1252//2885
f 1259//2886 1260//2886 1254//2886 1253//2886
f 1262//2887 1248//2887 1247//2887 1261//2887
f 1262//2888 1263//2888 1255//2888 1289//2888
f 1263//2889 1264//2889 1256//2889 1255//2889
f 1264//2890 1265//2890 1257//2890 1256//2890
f 1265//2891 1266//2891 1258//2891 1257//2891
f 1266//2892 1290//2892 1259//2892 1258//2892
f 1249//2893 1267//2893 1261//2893 1247//2893
f 1267//2894 1268//2894 1262//2894 1261//2894
f 1268//2895 1269//2895 1263//2895 1262//2895
f 1269//2896 1270//2896 1264//2896 1263//2896
f 1270//2897 1271//2897 1265//2897 1264//2897
f 1271//2898 1272//2898 1266//2898 1265//2898
f 1273//2899 1274//2899 1270//2899 1269//2899
f 1274//2900 1291//2900 1271//2900 1270//2900
f 1291//2901 1292//2901 1290//2901 1272//2901
f 1275//2902 1276//2902 1274//2902 1273//2902
f 1277//2903 1267//2903 1221//2903 1224//2903
f 1278//2904 1268//2904 1267//2904 1277//2904
f 1293//2905 1269//2905 1268//2905 1278//2905
f 1209//2906 1279//2906 1277//2906 1224//2906
f 1279//2907 1280//2907 1278//2907 1277//2907
f 1280//2908 1294//2908 1293//2908 1278//2908
f 1294//2909 1273//2909 1269//2909 1293//2909
f 1210//2910 1281//2910 1279//2910 1209//2910
f 1281//2911 1282//2911 1280//2911 1279//2911
f 1328//2912 739//2912 736//2912 1285//2912
f 1296//2913 1328//2913 1288//2913 1244//2913
f 1300//366 1329//366 1328//366 1299//366
f 1304//2914 1296//2914 1244//2914 1254//2914
f 1305//2915 1297//2915 1296//2915 1304//2915
f 1306//2916 1298//2916 1297//2916 1305//2916
f 1307//2917 1299//2917 1298//2917 1306//2917
f 1308//2918 1300//2918 1299//2918 1307//2918
f 1309//2919 1301//2919 1300//2919 1308//2919
f 1310//2920 1302//2920 1301//2920 1309//2920
f 1311//2921 1303//2921 1302//2921 1310//2921
f 1260//2922 1312//2922 1304//2922 1254//2922
f 1312//2923 1313//2923 1305//2923 1304//2923
f 1313//2924 1314//2924 1306//2924 1305//2924
f 1314//2925 1315//2925 1307//2925 1306//2925
f 1315//2926 1316//2926 1308//2926 1307//2926
f 1316//2927 1317//2927 1309//2927 1308//2927
f 1317//2928 1318//2928 1310//2928 1309//2928
f 1318//2929 1319//2929 1311//2929 1310//2929
f 1290//2930 1320//2930 1312//2930 1260//2930
f 1320//2931 1321//2931 1314//2931 1313//2931
f 1321//2932 1322//2932 1316//2932 1315//2932
f 1322//2933 1323//2933 1318//2933 1317//2933
f 1292//2934 1324//2934 1320//2934 1290//2934
f 1324//2935 1325//2935 1321//2935 1320//2935
f 1325//2936 1326//2936 1322//2936 1321//2936
f 1326//2937 1327//2937 1323//2937 1322//2937
f 1366//363 740//363 739//363 1329//363
f 1330//2938 1366//2938 1329//2938 1303//2938
f 1334//2939 1367//2939 1366//2939 1333//2939
f 1339//2940 1330//2940 1303//2940 1311//2940
f 1340//2941 1331//2941 1330//2941 1339//2941
f 1341//2942 1332//2942 1331//2942 1340//2942
f 1342//2943 1333//2943 1332//2943 1341//2943
f 1343//2944 1334//2944 1333//2944 1342//2944
f 1344//2945 1335//2945 1334//2945 1343//2945
f 1345//2946 1336//2946 1335//2946 1344//2946
f 1346//2947 1337//2947 1336//2947 1345//2947
f 1319//2948 1347//2948 1339//2948 1311//2948
f 1347//2949 1348//2949 1340//2949 1339//2949
f 1348//2950 1349//2950 1341//2950 1340//2950
f 1349//2951 1350//2951 1342//2951 1341//2951
f 1350//2952 1351//2952 1343//2952 1342//2952
f 1351//2953 1352//2953 1344//2953 1343//2953
f 1352//2954 1353//2954 1345//2954 1344//2954
f 1353//2955 1354//2955 1346//2955 1345//2955
f 1323//2956 1359//2956 1347//2956 1319//2956
f 1359//2957 1360//2957 1349//2957 1348//2957
f 1360//2958 1361//2958 1351//2958 1350//2958
f 1361//2959 1362//2959 1353//2959 1352//2959
f 1327//2960 1363//2960 1359//2960 1323//2960
f 1363//2961 1364//2961 1360//2961 1359//2961
f 1364//2962 1365//2962 1361//2962 1360//2962
f 1365//2963 1355//2963 1362//2963 1361//2963
f 1357//2964 1358//2964 1356//2964 1355//2964
f 1437//2965 783//2965 740//2965 1367//2965
f 1368//2966 765//2966 783//2966 1437//2966
f 1369//2967 766//2967 765//2967 1368//2967
f 1370//2968 767//2968 766//2968 1369//2968
f 1438//2969 788//2969 767//2969 1370//2969
f 1371//2970 784//2970 788//2970 1438//2970
f 1374//2971 786//2971 784//2971 1373//2971
f 1375//2972 768//2972 786//2972 1374//2972
f 1376//2973 1377//2973 1375//2973 1374//2973
f 1377//2974 770//2974 768//2974 1375//2974
f 1379//2975 1369//2975 1368//2975 1378//2975
f 1380//2976 1370//2976 1369//2976 1379//2976
f 1382//2977 1372//2977 1371//2977 1381//2977
f 1383//2978 1373//2978 1372//2978 1382//2978
f 1384//2979 1385//2979 1383//2979 1382//2979
f 1385//2980 1374//2980 1373//2980 1383//2980
f 1386//2981 1387//2981 1385//2981 1384//2981
f 1387//2982 1376//2982 1374//2982 1385//2982
f 1388//2983 1378//2983 1437//2983 1440//2983
f 1389//2984 1379//2984 1378//2984 1388//2984
f 1390//2985 1380//2985 1379//2985 1389//2985
f 1391//2986 1438//2986 1380//2986 1390//2986
f 1392//2987 1381//2987 1438//2987 1391//2987
f 1393//2988 1394//2988 1392//2988 1391//2988
f 1394//2989 1382//2989 1381//2989 1392//2989
f 1396//2990 1397//2990 1394//2990 1393//2990
f 1397//2991 1384//2991 1382//2991 1394//2991
f 1398//2992 1399//2992 1396//2992 1395//2992
f 1399//2993 1400//2993 1397//2993 1396//2993
f 1386//2994 1400//2994 1399//2994 1439//2994
f 1400//2995 1386//2995 1384//2995 1397//2995
f 1402//2996 1389//2996 1388//2996 1401//2996
f 1403//2997 1390//2997 1389//2997 1402//2997
f 1404//2998 1405//2998 1403//2998 1402//2998
f 1405//2999 1391//2999 1390//2999 1403//2999
f 1406//3000 1407//3000 1405//3000 1404//3000
f 1407//3001 1393//3001 1391//3001 1405//3001
f 1408//3002 1409//3002 1407//3002 1406//3002
f 1396//3003 1409//3003 1408//3003 1395//3003
f 1409//3004 1396//3004 1393//3004 1407//3004
f 1410//3005 1398//3005 1395//3005 1408//3005
f 1411//3006 1440//3006 1367//3006 1337//3006
f 1413//3007 1401//3007 1440//3007 1412//3007
f 1414//3008 1402//3008 1401//3008 1413//3008
f 1416//3009 1404//3009 1402//3009 1414//3009
f 1418//3010 1419//3010 1416//3010 1415//3010
f 1419//3011 1406//3011 1404//3011 1416//3011
f 1420//3012 1421//3012 1418//3012 1417//3012
f 1421//3013 1442//3013 1419//3013 1418//3013
f 1408//3014 1442//3014 1421//3014 1441//3014
f 1442//3015 1408//3015 1406//3015 1419//3015
f 1422//3016 1423//3016 1421//3016 1420//3016
f 1424//3017 1411//3017 1337//3017 1346//3017
f 1425//3018 1412//3018 1411//3018 1424//3018
f 1426//3019 1413//3019 1412//3019 1425//3019
f 1354//3020 1427//3020 1424//3020 1346//3020
f 1427//3021 1428//3021 1425//3021 1424//3021
f 1428//3022 1429//3022 1426//3022 1425//3022
f 1429//3023 1414//3023 1413//3023 1426//3023
f 1362//3024 1430//3024 1427//3024 1354//3024
f 1430//3025 1431//3025 1428//3025 1427//3025
f 1431//3026 1432//3026 1429//3026 1428//3026
f 1416//3027 1432//3027 1431//3027 1415//3027
f 1432//3028 1416//3028 1414//3028 1429//3028
f 1433//3029 1434//3029 1431//3029 1430//3029
f 1418//3030 1434//3030 1433//3030 1417//3030
f 1434//3031 1418//3031 1415//3031 1431//3031
f 1356//3032 1435//3032 1433//3032 1362//3032
f 1435//3033 1420//3033 1417//3033 1433//3033
f 1358//3034 1436//3034 1435//3034 1356//3034
f 1422//3035 1436//3035 1358//3035 1338//3035
f 1436//3036 1422//3036 1420//3036 1435//3036
f 1446//3037 1444//3037 1443//3037 1445//3037
f 1452//3038 867//3038 866//3038 1451//3038
f 1457//3039 1456//3039 1449//3039 1450//3039
f 1458//3040 1457//3040 1450//3040 1451//3040
f 1458//3041 868//3041 870//3041 1457//3041
f 868//3042 1458//3042 1451//3042 866//3042
f 1463//3043 1450//3043 1449//3043 1462//3043
f 1464//3044 1463//3044 1494//3044 1495//3044
f 1464//3045 1451//3045 1450//3045 1463//3045
f 1467//3046 1466//3046 1459//3046 1460//3046
f 1467//3047 1454//3047 1453//3047 1466//3047
f 1468//3048 1467//3048 1460//3048 1461//3048
f 1468//3049 1455//3049 1454//3049 1467//3049
f 1469//3050 1468//3050 1461//3050 1462//3050
f 1469//3051 1456//3051 1455//3051 1468//3051
f 1456//3052 1469//3052 1462//3052 1449//3052
f 1475//3053 1495//3053 1494//3053 1474//3053
f 1476//3054 1475//3054 1470//3054 1471//3054
f 1479//3055 1460//3055 1459//3055 1478//3055
f 1480//3056 1461//3056 1460//3056 1479//3056
f 1496//3057 1480//3057 1472//3057 1473//3057
f 1496//3058 1462//3058 1461//3058 1480//3058
f 1462//3059 1496//3059 1473//3059 1494//3059
f 1481//3060 1465//3060 1447//3060 1444//3060
f 1482//3061 1481//3061 1477//3061 1478//3061
f 1482//3062 1466//3062 1465//3062 1481//3062
f 1466//3063 1482//3063 1478//3063 1459//3063
f 1484//3064 1471//3064 1470//3064 1483//3064
f 1486//3065 1473//3065 1472//3065 1485//3065
f 1487//3066 1474//3066 1473//3066 1486//3066
f 1488//3067 1475//3067 1474//3067 1487//3067
f 1475//3068 1488//3068 1483//3068 1470//3068
f 1490//3069 1478//3069 1477//3069 1489//3069
f 1491//3070 1479//3070 1478//3070 1490//3070
f 1492//3071 1480//3071 1479//3071 1491//3071
f 1480//3072 1492//3072 1485//3072 1472//3072
f 1493//3073 1481//3073 1444//3073 1446//3073
f 1481//3074 1493//3074 1489//3074 1477//3074
f 1498//3075 1486//3075 1485//3075 1497//3075
f 1497//3076 1493//3076 1446//3076 1448//3076
f 1500//3077 949//3077 954//3077 1499//3077
f 1521//3078 940//3078 949//3078 1501//3078
f 951//3079 1503//3079 1499//3079 954//3079
f 1504//3080 951//3080 950//3080 1522//3080
f 1523//3081 1452//3081 1495//3081 1522//3081
f 1523//3082 941//3082 867//3082 1452//3082
f 941//3083 1523//3083 1522//3083 950//3083
f 1507//3084 1500//3084 1499//3084 1506//3084
f 1508//3085 1501//3085 1500//3085 1507//3085
f 1510//3086 1509//3086 1505//3086 1506//3086
f 1510//3087 1503//3087 1502//3087 1509//3087
f 1503//3088 1510//3088 1506//3088 1499//3088
f 1512//3089 1506//3089 1505//3089 1511//3089
f 1524//3090 1507//3090 1506//3090 1512//3090
f 1525//3091 1521//3091 1508//3091 1524//3091
f 1513//3092 1522//3092 1495//3092 1471//3092
f 1515//3093 1509//3093 1522//3093 1514//3093
f 1509//3094 1515//3094 1511//3094 1505//3094
f 1517//3095 1512//3095 1511//3095 1516//3095
f 1518//3096 1513//3096 1471//3096 1484//3096
f 1519//3097 1514//3097 1513//3097 1518//3097
f 1520//3098 1515//3098 1514//3098 1519//3098
f 1515//3099 1520//3099 1516//3099 1511//3099
f 1527//3100 1524//3100 1517//3100 1526//3100
f 1528//3101 1518//3101 1484//3101 1498//3101
f 1520//3102 1528//3102 1526//3102 1516//3102
f 1529//3103 970//3103 939//3103 1521//3103
f 1540//3104 972//3104 971//3104 1529//3104
f 972//3105 1540//3105 1226//3105 700//3105
f 1540//3106 1541//3106 1227//3106 1226//3106
f 1532//3107 1533//3107 1213//3107 1225//3107
f 1533//3108 1534//3108 1214//3108 1213//3108
f 1534//3109 1530//3109 1210//3109 1214//3109
f 1535//3110 1536//3110 1533//3110 1532//3110
f 1536//3111 1537//3111 1534//3111 1533//3111
f 1537//3112 1531//3112 1530//3112 1534//3112
f 1538//3113 1539//3113 1536//3113 1535//3113
f 1543//3114 1544//3114 1291//3114 1276//3114
f 1544//3115 1545//3115 1292//3115 1291//3115
f 1546//3116 1547//3116 1544//3116 1543//3116
f 1547//3117 1548//3117 1545//3117 1544//3117
f 1549//3118 1550//3118 1547//3118 1546//3118
f 1550//3119 1551//3119 1548//3119 1547//3119
f 1552//3120 1553//3120 1550//3120 1549//3120
f 1553//3121 1554//3121 1551//3121 1550//3121
f 1530//3122 1555//3122 1281//3122 1210//3122
f 1555//3123 1556//3123 1294//3123 1282//3123
f 1556//3124 1543//3124 1275//3124 1294//3124
f 1539//3125 1557//3125 1555//3125 1531//3125
f 1557//3126 1558//3126 1556//3126 1555//3126
f 1558//3127 1546//3127 1543//3127 1556//3127
f 1542//3128 1559//3128 1557//3128 1539//3128
f 1559//3129 1560//3129 1558//3129 1557//3129
f 1560//3130 1549//3130 1546//3130 1558//3130
f 1561//3131 1562//3131 1560//3131 1559//3131
f 1562//3132 1552//3132 1549//3132 1560//3132
f 1545//3133 1567//3133 1324//3133 1292//3133
f 1567//3134 1563//3134 1326//3134 1325//3134
f 1563//3135 1564//3135 1327//3135 1326//3135
f 1565//3136 1566//3136 1564//3136 1563//3136
f 1551//3137 1568//3137 1567//3137 1548//3137
f 1568//3138 1569//3138 1565//3138 1567//3138
f 1609//3139 1602//3139 1601//3139 1607//3139
f 1606//3140 1607//3140 1605//3140 1604//3140
f 1608//3141 1609//3141 1607//3141 1606//3141
f 1572//3142 1573//3142 1571//3142 1570//3142
f 1574//3143 1615//3143 1572//3143 1612//3143
f 1615//3144 1605//3144 1603//3144 1572//3144
f 1605//3145 1615//3145 1576//3145 1604//3145
f 1577//3146 1578//3146 1576//3146 1575//3146
f 1578//3147 1606//3147 1604//3147 1576//3147
f 1579//3148 1580//3148 1578//3148 1577//3148
f 1581//3149 1582//3149 1580//3149 1579//3149
f 1582//3150 1608//3150 1606//3150 1580//3150
f 1584//3151 1585//3151 1582//3151 1581//3151
f 1564//3152 1610//3152 1363//3152 1327//3152
f 1610//3153 1611//3153 1364//3153 1363//3153
f 1611//3154 1612//3154 1365//3154 1364//3154
f 1612//3155 1586//3155 1357//3155 1365//3155
f 1586//3156 1587//3156 1358//3156 1357//3156
f 1571//3157 1587//3157 1586//3157 1570//3157
f 1587//3158 1571//3158 1338//3158 1358//3158
f 1588//3159 1572//3159 1570//3159 1586//3159
f 1566//3160 1613//3160 1610//3160 1564//3160
f 1613//3161 1614//3161 1611//3161 1610//3161
f 1614//3162 1589//3162 1612//3162 1611//3162
f 1591//3163 1592//3163 1590//3163 1589//3163
f 1576//3164 1592//3164 1591//3164 1575//3164
f 1592//3165 1576//3165 1574//3165 1590//3165
f 1569//3166 1616//3166 1613//3166 1566//3166
f 1616//3167 1617//3167 1614//3167 1613//3167
f 1617//3168 1593//3168 1591//3168 1614//3168
f 1593//3169 1577//3169 1575//3169 1591//3169
f 1594//3170 1579//3170 1577//3170 1593//3170
f 1618//3171 1595//3171 1617//3171 1616//3171
f 1596//3172 1597//3172 1594//3172 1617//3172
f 1597//3173 1581//3173 1579//3173 1594//3173
f 1598//3174 1599//3174 1596//3174 1595//3174
f 1599//3175 1600//3175 1597//3175 1596//3175
f 1584//3176 1600//3176 1599//3176 1583//3176
f 1600//3177 1584//3177 1581//3177 1597//3177
f 1620//3178 1621//3178 1377//3178 1376//3178
f 1621//3179 976//3179 770//3179 1377//3179
f 1622//3180 1623//3180 1620//3180 1619//3180
f 1623//3181 1624//3181 1621//3181 1620//3181
f 978//3182 1624//3182 1623//3182 984//3182
f 1624//3183 978//3183 976//3183 1621//3183
f 1631//3184 1632//3184 1622//3184 1629//3184
f 1632//3185 985//3185 984//3185 1623//3185
f 1633//3186 1634//3186 1631//3186 1630//3186
f 1634//3187 1641//3187 1632//3187 1631//3187
f 987//3188 1641//3188 1634//3188 986//3188
f 1641//3189 987//3189 985//3189 1632//3189
f 1635//3190 1636//3190 1634//3190 1633//3190
f 1636//3191 989//3191 986//3191 1634//3191
f 1629//3192 1625//3192 1386//3192 1439//3192
f 1625//3193 1626//3193 1387//3193 1386//3193
f 1620//3194 1626//3194 1625//3194 1619//3194
f 1626//3195 1620//3195 1376//3195 1387//3195
f 1627//3196 1622//3196 1619//3196 1625//3196
f 1630//3197 1631//3197 1629//3197 1628//3197
f 1602//3198 1635//3198 1633//3198 1601//3198
f 1637//3199 1638//3199 1398//3199 1441//3199
f 1638//3200 1629//3200 1439//3200 1399//3200
f 1629//3201 1638//3201 1637//3201 1628//3201
f 1639//3202 1630//3202 1628//3202 1637//3202
f 1607//3203 1640//3203 1639//3203 1605//3203
f 1633//3204 1640//3204 1607//3204 1601//3204
f 1640//3205 1633//3205 1630//3205 1639//3205
f 1605//3206 1639//3206 1637//3206 1603//3206
f 1571//3207 1642//3207 1422//3207 1338//3207
f 1637//3208 1642//3208 1571//3208 1603//3208
f 1642//3209 1637//3209 1441//3209 1422//3209
f 1647//3210 1646//3210 1643//3210 1644//3210
f 1650//3211 1649//3211 1645//3211 1646//3211
f 1651//3212 1650//3212 1646//3212 1647//3212
f 1655//3213 1654//3213 1652//3213 1653//3213
f 1655//3214 1644//3214 1643//3214 1654//3214
f 1658//3215 1657//3215 1684//3215 1654//3215
f 1658//3216 1646//3216 1645//3216 1657//3216
f 1646//3217 1658//3217 1654//3217 1643//3217
f 1660//3218 1659//3218 1656//3218 1657//3218
f 1660//3219 1649//3219 1648//3219 1659//3219
f 1649//3220 1660//3220 1657//3220 1645//3220
f 1663//3221 1653//3221 1652//3221 1662//3221
f 1666//3222 1654//3222 1684//3222 1665//3222
f 1654//3223 1666//3223 1662//3223 1652//3223
f 1669//3224 1668//3224 1664//3224 1665//3224
f 1669//3225 1657//3225 1656//3225 1668//3225
f 1657//3226 1669//3226 1665//3226 1684//3226
f 1672//3227 1671//3227 1667//3227 1668//3227
f 1672//3228 1659//3228 1685//3228 1671//3228
f 1659//3229 1672//3229 1668//3229 1656//3229
f 1676//3230 1663//3230 1662//3230 1675//3230
f 1663//3231 1676//3231 1673//3231 1661//3231
f 1678//3232 1665//3232 1664//3232 1677//3232
f 1679//3233 1678//3233 1674//3233 1675//3233
f 1679//3234 1666//3234 1665//3234 1678//3234
f 1666//3235 1679//3235 1675//3235 1662//3235
f 1681//3236 1668//3236 1667//3236 1680//3236
f 1668//3237 1681//3237 1677//3237 1664//3237
f 1683//3238 1671//3238 1670//3238 1682//3238
f 1671//3239 1683//3239 1680//3239 1667//3239
f 1676//3240 1688//3240 1686//3240 1673//3240
f 1688//3241 1681//3241 1680//3241 1687//3241
f 1696//3242 1695//3242 1690//3242 1691//3242
f 1697//3243 1696//3243 1691//3243 1692//3243
f 1701//3244 1700//3244 1693//3244 1694//3244
f 1702//3245 1701//3245 1694//3245 1695//3245
f 1703//3246 1702//3246 1695//3246 1696//3246
f 1704//3247 1703//3247 1696//3247 1697//3247
f 1753//3248 1706//3248 1698//3248 1699//3248
f 1754//3249 1753//3249 1700//3249 1701//3249
f 1755//3250 1754//3250 1702//3250 1703//3250
f 1708//3251 1707//3251 1705//3251 1706//3251
f 1754//3252 1088//3252 1085//3252 1753//3252
f 1756//3253 1647//3253 1644//3253 1707//3253
f 1757//3254 1756//3254 1708//3254 1753//3254
f 1757//3255 1087//3255 1086//3255 1756//3255
f 1087//3256 1757//3256 1753//3256 1085//3256
f 1759//3257 1758//3257 1754//3257 1755//3257
f 1756//3258 1086//3258 1084//3258 1651//3258
f 1714//3259 1713//3259 1709//3259 1710//3259
f 1714//3260 1691//3260 1690//3260 1713//3260
f 1715//3261 1714//3261 1710//3261 1711//3261
f 1715//3262 1692//3262 1691//3262 1714//3262
f 1692//3263 1715//3263 1711//3263 1689//3263
f 1719//3264 1718//3264 1752//3264 1712//3264
f 1719//3265 1694//3265 1693//3265 1718//3265
f 1720//3266 1719//3266 1712//3266 1713//3266
f 1720//3267 1695//3267 1694//3267 1719//3267
f 1695//3268 1720//3268 1713//3268 1690//3268
f 1723//3269 1722//3269 1716//3269 1717//3269
f 1723//3270 1699//3270 1698//3270 1722//3270
f 1724//3271 1723//3271 1717//3271 1718//3271
f 1724//3272 1700//3272 1699//3272 1723//3272
f 1700//3273 1724//3273 1718//3273 1693//3273
f 1726//3274 1725//3274 1721//3274 1722//3274
f 1726//3275 1706//3275 1705//3275 1725//3275
f 1706//3276 1726//3276 1722//3276 1698//3276
f 1727//3277 1655//3277 1653//3277 1725//3277
f 1727//3278 1707//3278 1644//3278 1655//3278
f 1707//3279 1727//3279 1725//3279 1705//3279
f 1730//3280 1710//3280 1709//3280 1729//3280
f 1731//3281 1730//3281 1443//3281 1444//3281
f 1731//3282 1711//3282 1710//3282 1730//3282
f 1711//3283 1731//3283 1444//3283 1447//3283
f 1734//3284 1712//3284 1752//3284 1733//3284
f 1735//3285 1734//3285 1728//3285 1729//3285
f 1735//3286 1713//3286 1712//3286 1734//3286
f 1713//3287 1735//3287 1729//3287 1709//3287
f 1738//3288 1717//3288 1716//3288 1737//3288
f 1739//3289 1738//3289 1732//3289 1733//3289
f 1739//3290 1718//3290 1717//3290 1738//3290
f 1718//3291 1739//3291 1733//3291 1752//3291
f 1741//3292 1740//3292 1736//3292 1737//3292
f 1741//3293 1722//3293 1721//3293 1740//3293
f 1722//3294 1741//3294 1737//3294 1716//3294
f 1760//3295 1663//3295 1661//3295 1740//3295
f 1760//3296 1725//3296 1653//3296 1663//3296
f 1725//3297 1760//3297 1740//3297 1721//3297
f 1743//3298 1729//3298 1728//3298 1742//3298
f 1744//3299 1730//3299 1729//3299 1743//3299
f 1730//3300 1744//3300 1445//3300 1443//3300
f 1746//3301 1733//3301 1732//3301 1745//3301
f 1747//3302 1734//3302 1733//3302 1746//3302
f 1734//3303 1747//3303 1742//3303 1728//3303
f 1749//3304 1737//3304 1736//3304 1748//3304
f 1750//3305 1738//3305 1737//3305 1749//3305
f 1738//3306 1750//3306 1745//3306 1732//3306
f 1751//3307 1740//3307 1661//3307 1673//3307
f 1740//3308 1751//3308 1748//3308 1736//3308
f 1744//3309 1762//3309 1448//3309 1445//3309
f 1762//3310 1747//3310 1746//3310 1761//3310
f 1761//3311 1751//3311 1673//3311 1686//3311
f 1765//3312 1764//3312 1453//3312 1454//3312
f 1766//3313 1765//3313 1454//3313 1455//3313
f 1778//3314 1766//3314 1455//3314 1456//3314
f 1778//3315 1095//3315 1094//3315 1766//3315
f 1095//3316 1778//3316 1456//3316 870//3316
f 1767//3317 1692//3317 1689//3317 1763//3317
f 1768//3318 1767//3318 1763//3318 1764//3318
f 1769//3319 1768//3319 1764//3319 1765//3319
f 1770//3320 1769//3320 1765//3320 1766//3320
f 1098//3321 1770//3321 1766//3321 1094//3321
f 1773//3322 1697//3322 1692//3322 1767//3322
f 1774//3323 1773//3323 1768//3323 1769//3323
f 1106//3324 1774//3324 1770//3324 1098//3324
f 1775//3325 1755//3325 1704//3325 1773//3325
f 1776//3326 1775//3326 1773//3326 1774//3326
f 1110//3327 1776//3327 1774//3327 1106//3327
f 1776//3328 1110//3328 1109//3328 1775//3328
f 1777//3329 1759//3329 1755//3329 1775//3329
f 1777//3330 1113//3330 1088//3330 1759//3330
f 1113//3331 1777//3331 1775//3331 1109//3331
f 1771//3332 1711//3332 1447//3332 1465//3332
f 1771//3333 1763//3333 1689//3333 1711//3333
f 1772//3334 1771//3334 1465//3334 1466//3334
f 1772//3335 1764//3335 1763//3335 1771//3335
f 1764//3336 1772//3336 1466//3336 1453//3336
f 1780//3337 1781//3337 1553//3337 1552//3337
f 1781//3338 1782//3338 1554//3338 1553//3338
f 1783//3339 1784//3339 1781//3339 1780//3339
f 1784//3340 1785//3340 1782//3340 1781//3340
f 1786//3341 1787//3341 1784//3341 1783//3341
f 1787//3342 1788//3342 1785//3342 1784//3342
f 1789//3343 1790//3343 1787//3343 1786//3343
f 1790//3344 1791//3344 1788//3344 1787//3344
f 1792//3345 1793//3345 1562//3345 1561//3345
f 1793//3346 1780//3346 1552//3346 1562//3346
f 1794//3347 1795//3347 1793//3347 1792//3347
f 1795//3348 1783//3348 1780//3348 1793//3348
f 1796//3349 1797//3349 1795//3349 1794//3349
f 1797//3350 1786//3350 1783//3350 1795//3350
f 1798//3351 1799//3351 1797//3351 1796//3351
f 1799//3352 1789//3352 1786//3352 1797//3352
f 1779//3353 1792//3353 1561//3353 1542//3353
f 1782//3354 1808//3354 1568//3354 1554//3354
f 1808//3355 1800//3355 1569//3355 1568//3355
f 1802//3356 1803//3356 1801//3356 1800//3356
f 1788//3357 1809//3357 1808//3357 1785//3357
f 1809//3358 1804//3358 1802//3358 1808//3358
f 1804//3359 1805//3359 1803//3359 1802//3359
f 1806//3360 1807//3360 1805//3360 1804//3360
f 1838//3361 1839//3361 1837//3361 1836//3361
f 1840//3362 1841//3362 1839//3362 1838//3362
f 1842//3363 1843//3363 1609//3363 1608//3363
f 1843//3364 1835//3364 1602//3364 1609//3364
f 1844//3365 1845//3365 1843//3365 1842//3365
f 1845//3366 1837//3366 1835//3366 1843//3366
f 1837//3367 1845//3367 1844//3367 1836//3367
f 1847//3368 1838//3368 1836//3368 1844//3368
f 1849//3369 1840//3369 1838//3369 1847//3369
f 1846//3370 1847//3370 1844//3370 1854//3370
f 1848//3371 1849//3371 1847//3371 1846//3371
f 1810//3372 1855//3372 1584//3372 1583//3372
f 1855//3373 1842//3373 1608//3373 1584//3373
f 1844//3374 1855//3374 1813//3374 1854//3374
f 1814//3375 1815//3375 1813//3375 1812//3375
f 1816//3376 1817//3376 1815//3376 1814//3376
f 1817//3377 1846//3377 1854//3377 1815//3377
f 1818//3378 1819//3378 1817//3378 1816//3378
f 1820//3379 1821//3379 1819//3379 1818//3379
f 1821//3380 1848//3380 1846//3380 1819//3380
f 1822//3381 1823//3381 1821//3381 1820//3381
f 1801//3382 1850//3382 1618//3382 1569//3382
f 1850//3383 1824//3383 1598//3383 1618//3383
f 1824//3384 1825//3384 1599//3384 1598//3384
f 1825//3385 1810//3385 1583//3385 1599//3385
f 1826//3386 1827//3386 1825//3386 1824//3386
f 1827//3387 1811//3387 1810//3387 1825//3387
f 1803//3388 1851//3388 1850//3388 1801//3388
f 1851//3389 1828//3389 1826//3389 1850//3389
f 1828//3390 1829//3390 1827//3390 1826//3390
f 1813//3391 1829//3391 1828//3391 1812//3391
f 1829//3392 1813//3392 1811//3392 1827//3392
f 1830//3393 1814//3393 1812//3393 1828//3393
f 1805//3394 1852//3394 1851//3394 1803//3394
f 1852//3395 1831//3395 1830//3395 1851//3395
f 1831//3396 1816//3396 1814//3396 1830//3396
f 1832//3397 1818//3397 1816//3397 1831//3397
f 1807//3398 1853//3398 1852//3398 1805//3398
f 1853//3399 1833//3399 1832//3399 1852//3399
f 1833//3400 1820//3400 1818//3400 1832//3400
f 1834//3401 1822//3401 1820//3401 1833//3401
f 1858//3402 1149//3402 989//3402 1636//3402
f 1839//3403 1856//3403 1858//3403 1837//3403
f 1856//3404 1156//3404 1152//3404 1858//3404
f 1841//3405 1857//3405 1856//3405 1839//3405
f 1857//3406 1160//3406 1156//3406 1856//3406
f 1835//3407 1858//3407 1635//3407 1602//3407
f 1860//3408 1194//3408 1193//3408 1859//3408
f 1884//3409 1199//3409 1198//3409 1883//3409
f 1861//3410 1201//3410 1200//3410 1884//3410
f 1201//3411 1861//3411 1859//3411 1193//3411
f 1861//3412 1862//3412 1860//3412 1859//3412
f 1205//3413 1864//3413 1883//3413 1198//3413
f 1864//3414 1865//3414 1884//3414 1883//3414
f 1866//3415 1886//3415 1861//3415 1884//3415
f 1867//3416 1205//3416 1204//3416 1885//3416
f 1867//3417 1868//3417 1864//3417 1863//3417
f 1868//3418 1869//3418 1865//3418 1864//3418
f 1869//3419 1870//3419 1866//3419 1865//3419
f 1206//3420 1887//3420 1885//3420 1204//3420
f 1887//3421 1871//3421 1867//3421 1885//3421
f 1871//3422 1872//3422 1868//3422 1867//3422
f 1872//3423 1888//3423 1869//3423 1868//3423
f 1873//3424 1874//3424 1872//3424 1871//3424
f 1207//3425 1876//3425 1887//3425 1206//3425
f 1876//3426 1877//3426 1873//3426 1887//3426
f 1877//3427 1878//3427 1874//3427 1873//3427
f 1879//3428 1880//3428 1876//3428 1875//3428
f 1880//3429 1881//3429 1877//3429 1876//3429
f 1881//3430 1882//3430 1878//3430 1877//3430
f 1203//3431 1882//3431 1881//3431 1202//3431
f 1928//3432 341//3432 328//3432 1924//3432
f 1890//3433 1928//3433 1924//3433 1925//3433
f 1892//3434 1891//3434 1925//3434 1926//3434
f 1894//3435 1893//3435 1926//3435 1927//3435
f 1897//3436 1896//3436 1890//3436 1891//3436
f 1898//3437 1897//3437 1891//3437 1892//3437
f 1899//3438 1898//3438 1892//3438 1893//3438
f 1900//3439 1899//3439 1893//3439 1894//3439
f 1901//3440 1900//3440 1894//3440 1895//3440
f 1929//3441 343//3441 341//3441 1928//3441
f 1930//3442 1929//3442 1928//3442 1896//3442
f 1931//3443 1930//3443 1897//3443 1898//3443
f 1932//3444 1931//3444 1899//3444 1900//3444
f 1933//3445 330//3445 343//3445 1929//3445
f 1934//3446 1933//3446 1929//3446 1930//3446
f 1935//3447 1934//3447 1930//3447 1931//3447
f 1936//3448 1935//3448 1931//3448 1932//3448
f 1908//3449 335//3449 334//3449 1902//3449
f 1908//3450 1924//3450 328//3450 335//3450
f 1909//3451 1908//3451 1902//3451 1903//3451
f 1910//3452 1909//3452 1903//3452 1904//3452
f 1910//3453 1925//3453 1924//3453 1909//3453
f 1911//3454 1910//3454 1904//3454 1905//3454
f 1912//3455 1911//3455 1905//3455 1906//3455
f 1912//3456 1926//3456 1925//3456 1911//3456
f 1913//3457 1912//3457 1906//3457 1907//3457
f 1937//3458 1927//3458 1926//3458 1913//3458
f 1914//3459 1894//3459 1927//3459 1937//3459
f 1915//3460 1895//3460 1894//3460 1914//3460
f 1916//3461 337//3461 226//3461 1889//3461
f 1916//3462 1902//3462 334//3462 337//3462
f 1917//3463 1903//3463 1902//3463 1916//3463
f 1918//3464 1904//3464 1903//3464 1917//3464
f 1919//3465 1905//3465 1904//3465 1918//3465
f 1920//3466 1906//3466 1905//3466 1919//3466
f 1921//3467 1907//3467 1906//3467 1920//3467
f 1922//3468 1913//3468 1907//3468 1921//3468
f 1939//3469 1901//3469 1895//3469 1938//3469
f 1941//3470 1932//3470 1901//3470 1939//3470
f 1942//3471 1941//3471 1939//3471 1940//3471
f 1945//3472 1944//3472 1941//3472 1942//3472
f 1946//3473 1945//3473 1942//3473 1943//3473
f 1972//3474 1936//3474 1932//3474 1944//3474
f 1973//3475 1972//3475 1945//3475 1946//3475
f 1951//3476 1938//3476 1895//3476 1915//3476
f 1953//3477 1939//3477 1938//3477 1951//3477
f 1954//3478 1953//3478 1951//3478 1952//3478
f 1954//3479 1940//3479 1939//3479 1953//3479
f 1976//3480 1942//3480 1940//3480 1954//3480
f 1955//3481 1976//3481 1954//3481 1975//3481
f 1955//3482 1943//3482 1942//3482 1976//3482
f 1957//3483 1946//3483 1943//3483 1955//3483
f 1958//3484 1957//3484 1955//3484 1956//3484
f 1958//3485 1947//3485 1946//3485 1957//3485
f 1978//3486 1973//3486 1947//3486 1958//3486
f 1959//3487 1978//3487 1958//3487 1977//3487
f 1959//3488 1948//3488 1973//3488 1978//3488
f 1961//3489 1949//3489 1948//3489 1959//3489
f 1962//3490 1961//3490 1959//3490 1960//3490
f 1962//3491 1950//3491 1949//3491 1961//3491
f 1963//3492 1923//3492 1937//3492 1974//3492
f 1963//3493 1951//3493 1915//3493 1923//3493
f 1964//3494 1952//3494 1951//3494 1963//3494
f 1965//3495 1954//3495 1952//3495 1964//3495
f 1967//3496 1956//3496 1955//3496 1966//3496
f 1968//3497 1958//3497 1956//3497 1967//3497
f 1970//3498 1960//3498 1959//3498 1969//3498
f 1971//3499 1962//3499 1960//3499 1970//3499
f 1988//3500 390//3500 332//3500 1933//3500
f 1989//3501 1988//3501 1934//3501 1935//3501
f 1980//3502 396//3502 392//3502 1988//3502
f 1982//3503 1981//3503 1988//3503 1989//3503
f 1984//3504 400//3504 396//3504 1980//3504
f 1985//3505 1984//3505 1980//3505 1981//3505
f 1986//3506 1985//3506 1981//3506 1982//3506
f 1987//3507 1986//3507 1982//3507 1983//3507
f 2036//3508 1989//3508 1936//3508 1972//3508
f 1990//3509 2036//3509 1973//3509 1949//3509
f 1991//3510 1990//3510 1949//3510 1950//3510
f 1993//3511 1992//3511 1990//3511 1991//3511
f 1994//3512 2028//3512 1993//3512 2027//3512
f 2029//3513 1983//3513 1989//3513 2036//3513
f 2031//3514 2030//3514 2036//3514 2028//3514
f 1997//3515 2031//3515 2028//3515 1995//3515
f 1998//3516 1997//3516 1995//3516 1996//3516
f 2000//3517 1999//3517 1997//3517 1998//3517
f 2032//3518 1987//3518 1983//3518 2029//3518
f 2033//3519 2032//3519 2029//3519 2030//3519
f 2034//3520 2033//3520 2030//3520 2031//3520
f 2035//3521 2034//3521 2031//3521 1999//3521
f 2001//3522 1991//3522 1950//3522 1962//3522
f 2003//3523 1993//3523 1991//3523 2001//3523
f 2004//3524 2003//3524 2001//3524 2002//3524
f 2004//3525 2027//3525 1993//3525 2003//3525
f 2005//3526 1994//3526 2027//3526 2004//3526
f 2007//3527 1995//3527 1994//3527 2005//3527
f 2008//3528 2007//3528 2005//3528 2006//3528
f 2008//3529 1996//3529 1995//3529 2007//3529
f 2009//3530 1998//3530 1996//3530 2008//3530
f 2000//3531 2011//3531 2010//3531 1999//3531
f 2011//3532 2000//3532 1998//3532 2009//3532
f 2012//3533 2035//3533 1999//3533 2010//3533
f 2013//3534 2012//3534 2010//3534 2011//3534
f 2015//3535 2014//3535 2012//3535 2013//3535
f 2016//3536 2001//3536 1962//3536 1971//3536
f 2017//3537 2016//3537 1971//3537 1979//3537
f 2017//3538 2002//3538 2001//3538 2016//3538
f 2018//3539 2004//3539 2002//3539 2017//3539
f 2020//3540 2005//3540 2004//3540 2018//3540
f 2021//3541 2020//3541 2018//3541 2019//3541
f 2021//3542 2006//3542 2005//3542 2020//3542
f 2022//3543 2008//3543 2006//3543 2021//3543
f 2023//3544 2009//3544 2008//3544 2022//3544
f 2024//3545 2011//3545 2009//3545 2023//3545
f 2025//3546 2013//3546 2011//3546 2024//3546
f 2026//3547 2015//3547 2013//3547 2025//3547
f 2038//3548 2024//3548 2023//3548 2037//3548
f 2039//3549 2025//3549 2024//3549 2038//3549
f 2059//3550 1889//3550 226//3550 521//3550
f 2066//3551 547//3551 543//3551 2063//3551
f 2066//3552 2059//3552 525//3552 547//3552
f 2067//3553 2066//3553 2063//3553 2064//3553
f 2067//3554 2060//3554 2059//3554 2066//3554
f 2068//3555 2061//3555 2060//3555 2067//3555
f 2069//3556 2062//3556 2061//3556 2068//3556
f 2068//3557 2067//3557 2064//3557 2065//3557
f 2040//3558 2063//3558 543//3558 535//3558
f 2042//3559 2064//3559 2063//3559 2041//3559
f 2044//3560 2065//3560 2064//3560 2043//3560
f 2046//3561 2068//3561 2065//3561 2045//3561
f 2047//3562 2069//3562 2068//3562 2046//3562
f 2050//3563 2040//3563 535//3563 539//3563
f 2051//3564 2041//3564 2040//3564 2050//3564
f 2052//3565 2042//3565 2041//3565 2051//3565
f 2053//3566 2043//3566 2042//3566 2052//3566
f 2054//3567 2044//3567 2043//3567 2053//3567
f 2055//3568 2045//3568 2044//3568 2054//3568
f 2056//3569 2046//3569 2045//3569 2055//3569
f 2057//3570 2047//3570 2046//3570 2056//3570
f 2058//3571 2048//3571 2047//3571 2057//3571
f 2070//3572 2050//3572 539//3572 553//3572
f 2071//3573 2052//3573 2051//3573 2070//3573
f 2072//3574 2054//3574 2053//3574 2071//3574
f 2073//3575 2056//3575 2055//3575 2072//3575
f 2074//3576 2057//3576 2056//3576 2073//3576
f 2076//3577 2049//3577 2048//3577 2075//3577
f 2076//3578 2082//3578 2069//3578 2049//3578
f 2078//3579 2075//3579 2048//3579 2058//3579
f 2079//3580 2076//3580 2075//3580 2078//3580
f 2080//3581 2077//3581 2076//3581 2079//3581
f 2081//3582 2078//3582 2058//3582 2074//3582
f 2086//3583 1916//3583 1889//3583 2059//3583
f 2087//3584 2086//3584 2059//3584 2060//3584
f 2087//3585 1918//3585 1917//3585 2086//3585
f 2083//3586 2087//3586 2060//3586 2061//3586
f 2083//3587 1920//3587 1919//3587 2087//3587
f 2084//3588 1921//3588 1920//3588 2083//3588
f 2088//3589 1937//3589 1921//3589 2084//3589
f 2088//3590 2085//3590 2061//3590 2062//3590
f 2089//3591 2088//3591 2062//3591 2069//3591
f 2116//3592 1974//3592 1937//3592 2088//3592
f 2118//3593 1963//3593 1974//3593 2116//3593
f 2119//3594 1975//3594 1964//3594 2118//3594
f 2138//3595 1967//3595 1975//3595 2119//3595
f 2120//3596 1977//3596 1967//3596 2138//3596
f 2122//3597 1970//3597 1977//3597 2120//3597
f 2123//3598 1979//3598 1971//3598 2122//3598
f 2119//3599 2118//3599 2116//3599 2117//3599
f 2120//3600 2138//3600 2119//3600 2137//3600
f 2123//3601 2122//3601 2120//3601 2121//3601
f 2124//3602 2089//3602 2069//3602 2082//3602
f 2124//3603 2116//3603 2088//3603 2089//3603
f 2125//3604 2117//3604 2116//3604 2124//3604
f 2126//3605 2119//3605 2117//3605 2125//3605
f 2128//3606 2121//3606 2120//3606 2127//3606
f 2129//3607 2123//3607 2121//3607 2128//3607
f 2090//3608 2124//3608 2082//3608 2077//3608
f 2091//3609 2125//3609 2124//3609 2090//3609
f 2094//3610 2137//3610 2125//3610 2093//3610
f 2099//3611 2128//3611 2137//3611 2098//3611
f 2102//3612 2129//3612 2128//3612 2101//3612
f 2103//3613 2090//3613 2077//3613 2080//3613
f 2104//3614 2091//3614 2090//3614 2103//3614
f 2105//3615 2092//3615 2091//3615 2104//3615
f 2106//3616 2093//3616 2092//3616 2105//3616
f 2107//3617 2094//3617 2093//3617 2106//3617
f 2108//3618 2095//3618 2094//3618 2107//3618
f 2109//3619 2096//3619 2095//3619 2108//3619
f 2110//3620 2097//3620 2096//3620 2109//3620
f 2111//3621 2098//3621 2097//3621 2110//3621
f 2112//3622 2099//3622 2098//3622 2111//3622
f 2113//3623 2100//3623 2099//3623 2112//3623
f 2114//3624 2101//3624 2100//3624 2113//3624
f 2115//3625 2102//3625 2101//3625 2114//3625
f 2130//3626 2103//3626 2080//3626 2081//3626
f 2131//3627 2104//3627 2103//3627 2130//3627
f 2132//3628 2107//3628 2106//3628 2131//3628
f 2133//3629 2108//3629 2107//3629 2132//3629
f 2134//3630 2111//3630 2110//3630 2133//3630
f 2135//3631 2112//3631 2111//3631 2134//3631
f 2136//3632 2115//3632 2114//3632 2135//3632
f 2139//3633 2146//3633 2129//3633 2102//3633
f 2142//3634 2139//3634 2102//3634 2115//3634
f 2143//3635 2140//3635 2139//3635 2142//3635
f 2144//3636 2141//3636 2140//3636 2143//3636
f 2145//3637 2142//3637 2115//3637 2136//3637
f 2147//3638 2017//3638 1979//3638 2123//3638
f 2148//3639 2021//3639 2019//3639 2147//3639
f 2149//3640 2023//3640 2022//3640 2148//3640
f 2151//3641 2147//3641 2123//3641 2129//3641
f 2152//3642 2149//3642 2148//3642 2178//3642
f 2152//3643 2037//3643 2023//3643 2149//3643
f 2153//3644 2038//3644 2037//3644 2152//3644
f 2039//3645 2179//3645 2150//3645 2025//3645
f 2179//3646 2039//3646 2038//3646 2153//3646
f 2178//3647 2148//3647 2147//3647 2177//3647
f 2156//3648 2153//3648 2152//3648 2154//3648
f 2157//3649 2156//3649 2154//3649 2155//3649
f 2180//3650 2151//3650 2129//3650 2146//3650
f 2180//3651 2177//3651 2147//3651 2151//3651
f 2181//3652 2178//3652 2177//3652 2180//3652
f 2183//3653 2155//3653 2178//3653 2181//3653
f 2185//3654 2179//3654 2157//3654 2183//3654
f 2186//3655 2185//3655 2183//3655 2184//3655
f 2184//3656 2183//3656 2181//3656 2182//3656
f 2158//3657 2180//3657 2146//3657 2140//3657
f 2159//3658 2158//3658 2140//3658 2141//3658
f 2161//3659 2181//3659 2180//3659 2160//3659
f 2162//3660 2182//3660 2181//3660 2161//3660
f 2164//3661 2184//3661 2182//3661 2163//3661
f 2166//3662 2186//3662 2184//3662 2165//3662
f 2168//3663 2159//3663 2141//3663 2144//3663
f 2169//3664 2160//3664 2159//3664 2168//3664
f 2170//3665 2161//3665 2160//3665 2169//3665
f 2171//3666 2162//3666 2161//3666 2170//3666
f 2172//3667 2163//3667 2162//3667 2171//3667
f 2173//3668 2164//3668 2163//3668 2172//3668
f 2174//3669 2165//3669 2164//3669 2173//3669
f 2175//3670 2166//3670 2165//3670 2174//3670
f 2176//3671 2167//3671 2166//3671 2175//3671
f 2187//3672 2168//3672 2144//3672 2145//3672
f 2188//3673 2170//3673 2169//3673 2187//3673
f 2189//3674 2171//3674 2170//3674 2188//3674
f 2190//3675 2173//3675 2172//3675 2189//3675
f 2191//3676 2175//3676 2174//3676 2190//3676
f 2192//3677 2070//3677 553//3677 831//3677
f 2194//3678 2071//3678 2070//3678 2193//3678
f 2196//3679 2072//3679 2071//3679 2195//3679
f 2198//3680 2073//3680 2072//3680 2197//3680
f 2199//3681 2074//3681 2073//3681 2198//3681
f 2202//3682 2192//3682 831//3682 840//3682
f 2203//3683 2193//3683 2192//3683 2202//3683
f 2204//3684 2194//3684 2193//3684 2203//3684
f 2205//3685 2195//3685 2194//3685 2204//3685
f 2206//3686 2196//3686 2195//3686 2205//3686
f 2207//3687 2197//3687 2196//3687 2206//3687
f 848//3688 2208//3688 2202//3688 840//3688
f 2208//3689 2209//3689 2203//3689 2202//3689
f 2209//3690 2210//3690 2204//3690 2203//3690
f 2210//3691 2211//3691 2205//3691 2204//3691
f 2211//3692 2212//3692 2206//3692 2205//3692
f 2212//3693 2213//3693 2207//3693 2206//3693
f 2213//3694 2198//3694 2197//3694 2207//3694
f 2214//3695 2199//3695 2198//3695 2213//3695
f 2215//3696 2200//3696 2199//3696 2214//3696
f 856//3697 2216//3697 2208//3697 848//3697
f 2216//3698 2217//3698 2209//3698 2208//3698
f 2217//3699 2218//3699 2210//3699 2209//3699
f 2218//3700 2219//3700 2211//3700 2210//3700
f 2219//3701 2220//3701 2212//3701 2211//3701
f 2220//3702 2221//3702 2213//3702 2212//3702
f 2221//3703 2222//3703 2214//3703 2213//3703
f 2222//3704 2223//3704 2215//3704 2214//3704
f 2223//3705 2201//3705 2200//3705 2215//3705
f 2224//3706 2216//3706 856//3706 862//3706
f 2225//3707 2218//3707 2217//3707 2224//3707
f 2226//3708 2081//3708 2074//3708 2200//3708
f 2201//3709 2227//3709 2226//3709 2200//3709
f 2229//3710 2227//3710 2201//3710 2223//3710
f 2230//3711 2228//3711 2227//3711 2229//3711
f 2231//3712 2232//3712 2220//3712 2219//3712
f 2232//3713 2233//3713 2222//3713 2221//3713
f 1064//3714 2234//3714 2224//3714 862//3714
f 2234//3715 2235//3715 2225//3715 2224//3715
f 2235//3716 2231//3716 2219//3716 2225//3716
f 2236//3717 2232//3717 2231//3717 2235//3717
f 2237//3718 2233//3718 2232//3718 2236//3718
f 1068//3719 2238//3719 2234//3719 1064//3719
f 2238//3720 2239//3720 2235//3720 2234//3720
f 2239//3721 2240//3721 2236//3721 2235//3721
f 2240//3722 2241//3722 2237//3722 2236//3722
f 2256//3723 2242//3723 2240//3723 2239//3723
f 2242//3724 2243//3724 2241//3724 2240//3724
f 2257//3725 2238//3725 1068//3725 1083//3725
f 1072//3726 2245//3726 2257//3726 1083//3726
f 2245//3727 2256//3727 2238//3727 2257//3727
f 2247//3728 2242//3728 2256//3728 2246//3728
f 2248//3729 2243//3729 2242//3729 2247//3729
f 2250//3730 2251//3730 2247//3730 2246//3730
f 2251//3731 2252//3731 2248//3731 2247//3731
f 2252//3732 2244//3732 2243//3732 2248//3732
f 1076//3733 2249//3733 2245//3733 1072//3733
f 2249//3734 2250//3734 2246//3734 2245//3734
f 2253//3735 2249//3735 1076//3735 1079//3735
f 2254//3736 2250//3736 2249//3736 2253//3736
f 2255//3737 2251//3737 2250//3737 2254//3737
f 2258//3738 2130//3738 2081//3738 2228//3738
f 2259//3739 2131//3739 2130//3739 2258//3739
f 2262//3740 2132//3740 2131//3740 2261//3740
f 2263//3741 2133//3741 2132//3741 2262//3741
f 2266//3742 2134//3742 2133//3742 2265//3742
f 2267//3743 2135//3743 2134//3743 2266//3743
f 2270//3744 2136//3744 2135//3744 2269//3744
f 2233//3745 2271//3745 2229//3745 2223//3745
f 2271//3746 2272//3746 2230//3746 2229//3746
f 2272//3747 2258//3747 2228//3747 2230//3747
f 2273//3748 2259//3748 2258//3748 2272//3748
f 2274//3749 2260//3749 2259//3749 2273//3749
f 2275//3750 2276//3750 2272//3750 2271//3750
f 2276//3751 2277//3751 2273//3751 2272//3751
f 2277//3752 2278//3752 2274//3752 2273//3752
f 2278//3753 2261//3753 2260//3753 2274//3753
f 2279//3754 2262//3754 2261//3754 2278//3754
f 2301//3755 2280//3755 2277//3755 2276//3755
f 2280//3756 2281//3756 2278//3756 2277//3756
f 2281//3757 2282//3757 2279//3757 2278//3757
f 2282//3758 2263//3758 2262//3758 2279//3758
f 2283//3759 2264//3759 2263//3759 2282//3759
f 2284//3760 2285//3760 2281//3760 2280//3760
f 2285//3761 2286//3761 2282//3761 2281//3761
f 2286//3762 2287//3762 2283//3762 2282//3762
f 2287//3763 2265//3763 2264//3763 2283//3763
f 2288//3764 2266//3764 2265//3764 2287//3764
f 2302//3765 2289//3765 2286//3765 2285//3765
f 2289//3766 2290//3766 2287//3766 2286//3766
f 2290//3767 2291//3767 2288//3767 2287//3767
f 2291//3768 2267//3768 2266//3768 2288//3768
f 2292//3769 2268//3769 2267//3769 2291//3769
f 2293//3770 2294//3770 2290//3770 2289//3770
f 2294//3771 2295//3771 2291//3771 2290//3771
f 2295//3772 2296//3772 2292//3772 2291//3772
f 2296//3773 2269//3773 2268//3773 2292//3773
f 2303//3774 2297//3774 2295//3774 2294//3774
f 2297//3775 2298//3775 2296//3775 2295//3775
f 2298//3776 2270//3776 2269//3776 2296//3776
f 2299//3777 2300//3777 2298//3777 2297//3777
f 2304//3778 2275//3778 2233//3778 2237//3778
f 2241//3779 2305//3779 2304//3779 2237//3779
f 2305//3780 2301//3780 2275//3780 2304//3780
f 2306//3781 2284//3781 2301//3781 2305//3781
f 2243//3782 2307//3782 2305//3782 2241//3782
f 2307//3783 2308//3783 2306//3783 2305//3783
f 2308//3784 2302//3784 2284//3784 2306//3784
f 2309//3785 2293//3785 2302//3785 2308//3785
f 2310//3786 2311//3786 2308//3786 2307//3786
f 2311//3787 2312//3787 2309//3787 2308//3787
f 2312//3788 2303//3788 2293//3788 2309//3788
f 2313//3789 2299//3789 2303//3789 2312//3789
f 2244//3790 2310//3790 2307//3790 2243//3790
f 2314//3791 2310//3791 2244//3791 2252//3791
f 2315//3792 2145//3792 2136//3792 2270//3792
f 2318//3793 2315//3793 2270//3793 2298//3793
f 2300//3794 2319//3794 2318//3794 2298//3794
f 2319//3795 2316//3795 2315//3795 2318//3795
f 2342//3796 2343//3796 2252//3796 2251//3796
f 2321//3797 2345//3797 2255//3797 2254//3797
f 2345//3798 2342//3798 2251//3798 2255//3798
f 2346//3799 2343//3799 2342//3799 2345//3799
f 2322//3800 2349//3800 2346//3800 2345//3800
f 2349//3801 2344//3801 2343//3801 2346//3801
f 1194//3802 2325//3802 2253//3802 1079//3802
f 2326//3803 2327//3803 2254//3803 2253//3803
f 2328//3804 2321//3804 2320//3804 2327//3804
f 2329//3805 2330//3805 2327//3805 2326//3805
f 2330//3806 2331//3806 2328//3806 2327//3806
f 2350//3807 2351//3807 2348//3807 2347//3807
f 2352//3808 2335//3808 2349//3808 2334//3808
f 2337//3809 2338//3809 2336//3809 2335//3809
f 2338//3810 2324//3810 2323//3810 2336//3810
f 2339//3811 2340//3811 2338//3811 2337//3811
f 2357//3812 2358//3812 2312//3812 2311//3812
f 2358//3813 2359//3813 2313//3813 2312//3813
f 2359//3814 2353//3814 2299//3814 2313//3814
f 2361//3815 2362//3815 2359//3815 2358//3815
f 2362//3816 2354//3816 2353//3816 2359//3816
f 2363//3817 2364//3817 2362//3817 2361//3817
f 2364//3818 2355//3818 2354//3818 2362//3818
f 2365//3819 2366//3819 2364//3819 2363//3819
f 2356//3820 2357//3820 2311//3820 2310//3820
f 2360//3821 2361//3821 2358//3821 2357//3821
f 2378//3822 2363//3822 2361//3822 2360//3822
f 2343//3823 2367//3823 2314//3823 2252//3823
f 2367//3824 2356//3824 2310//3824 2314//3824
f 2368//3825 2357//3825 2356//3825 2367//3825
f 2369//3826 2370//3826 2368//3826 2367//3826
f 2370//3827 2360//3827 2357//3827 2368//3827
f 2371//3828 2372//3828 2370//3828 2369//3828
f 2372//3829 2378//3829 2360//3829 2370//3829
f 2379//3830 2365//3830 2378//3830 2374//3830
f 2344//3831 2369//3831 2367//3831 2343//3831
f 2373//3832 2374//3832 2372//3832 2371//3832
f 2375//3833 2369//3833 2344//3833 2349//3833
f 2323//3834 2376//3834 2375//3834 2349//3834
f 2376//3835 2371//3835 2369//3835 2375//3835
f 2377//3836 2373//3836 2371//3836 2376//3836
f 2340//3837 2377//3837 2376//3837 2338//3837
f 2380//3838 2381//3838 2317//3838 2316//3838
f 2381//3839 2187//3839 2145//3839 2317//3839
f 2383//3840 2188//3840 2187//3840 2382//3840
f 2384//3841 2189//3841 2188//3841 2383//3841
f 2386//3842 2190//3842 2189//3842 2385//3842
f 2388//3843 2191//3843 2190//3843 2387//3843
f 2353//3844 2390//3844 2319//3844 2300//3844
f 2390//3845 2380//3845 2316//3845 2319//3845
f 2391//3846 2381//3846 2380//3846 2390//3846
f 2392//3847 2393//3847 2391//3847 2390//3847
f 2393//3848 2382//3848 2381//3848 2391//3848
f 2354//3849 2394//3849 2392//3849 2353//3849
f 2394//3850 2395//3850 2393//3850 2392//3850
f 2395//3851 2383//3851 2382//3851 2393//3851
f 2396//3852 2384//3852 2383//3852 2395//3852
f 2397//3853 2398//3853 2395//3853 2394//3853
f 2398//3854 2399//3854 2396//3854 2395//3854
f 2399//3855 2385//3855 2384//3855 2396//3855
f 2355//3856 2404//3856 2397//3856 2354//3856
f 2404//3857 2400//3857 2399//3857 2398//3857
f 2400//3858 2386//3858 2385//3858 2399//3858
f 2401//3859 2387//3859 2386//3859 2400//3859
f 2405//3860 2402//3860 2401//3860 2404//3860
f 2402//3861 2388//3861 2387//3861 2401//3861
f 2403//3862 2389//3862 2388//3862 2402//3862
f 2406//3863 2404//3863 2355//3863 2364//3863
f 2366//3864 2407//3864 2406//3864 2364//3864
f 2407//3865 2405//3865 2404//3865 2406//3865
f 2408//3866 2325//3866 1194//3866 1860//3866
f 2409//3867 2326//3867 2325//3867 2408//3867
f 1862//3868 2410//3868 2408//3868 1860//3868
f 2410//3869 2411//3869 2409//3869 2408//3869
f 2411//3870 2329//3870 2326//3870 2409//3870
f 2412//3871 2330//3871 2329//3871 2411//3871
f 2413//3872 2331//3872 2330//3872 2412//3872
f 2424//3873 2345//3873 2331//3873 2413//3873
f 1886//3874 2425//3874 2410//3874 1862//3874
f 2425//3875 2426//3875 2412//3875 2411//3875
f 2348//3876 2426//3876 2425//3876 2347//3876
f 2426//3877 2414//3877 2424//3877 2413//3877
f 2414//3878 2332//3878 2345//3878 2424//3878
f 2415//3879 2333//3879 2332//3879 2414//3879
f 2416//3880 2417//3880 2415//3880 2414//3880
f 2417//3881 2334//3881 2333//3881 2415//3881
f 1888//3882 2427//3882 2425//3882 1886//3882
f 2427//3883 2350//3883 2347//3883 2425//3883
f 2428//3884 2351//3884 2350//3884 2427//3884
f 2351//3885 2428//3885 2426//3885 2348//3885
f 2428//3886 2429//3886 2416//3886 2426//3886
f 2429//3887 2352//3887 2334//3887 2417//3887
f 2418//3888 2335//3888 2352//3888 2429//3888
f 2419//3889 2337//3889 2335//3889 2418//3889
f 2430//3890 2431//3890 2428//3890 2427//3890
f 2431//3891 2432//3891 2429//3891 2428//3891
f 2432//3892 2420//3892 2419//3892 2429//3892
f 2420//3893 2339//3893 2337//3893 2419//3893
f 2421//3894 2340//3894 2339//3894 2420//3894
f 2422//3895 2423//3895 2421//3895 2420//3895
f 2423//3896 2341//3896 2340//3896 2421//3896
f 2435//3897 2434//3897 358//3897 359//3897
f 2448//3898 2435//3898 359//3898 351//3898
f 2438//3899 2437//3899 2434//3899 2435//3899
f 2439//3900 2438//3900 2435//3900 2436//3900
f 2441//3901 2440//3901 361//3901 358//3901
f 2434//3902 2442//3902 2441//3902 2433//3902
f 2444//3903 2443//3903 2440//3903 2441//3903
f 2445//3904 2444//3904 2441//3904 2442//3904
f 2437//3905 2445//3905 2442//3905 2434//3905
f 2438//3906 2446//3906 2445//3906 2437//3906
f 2439//3907 2447//3907 2446//3907 2438//3907
f 2450//3908 2448//3908 351//3908 368//3908
f 2452//3909 2451//3909 368//3909 369//3909
f 2454//3910 2453//3910 369//3910 371//3910
f 2457//3911 2456//3911 2450//3911 2451//3911
f 2458//3912 2457//3912 2451//3912 2452//3912
f 2459//3913 2458//3913 2452//3913 2453//3913
f 2460//3914 2459//3914 2453//3914 2454//3914
f 2461//3915 2460//3915 2454//3915 2455//3915
f 2501//3916 2500//3916 2459//3916 2460//3916
f 2502//3917 2501//3917 2461//3917 2499//3917
f 2465//3918 2464//3918 2462//3918 2463//3918
f 2450//3919 2466//3919 2436//3919 2448//3919
f 2467//3920 2439//3920 2436//3920 2466//3920
f 2456//3921 2467//3921 2466//3921 2450//3921
f 2457//3922 2468//3922 2467//3922 2456//3922
f 2458//3923 2504//3923 2468//3923 2457//3923
f 2470//3924 2469//3924 2467//3924 2468//3924
f 2471//3925 2470//3925 2468//3925 2504//3925
f 2500//3926 2472//3926 2504//3926 2459//3926
f 2501//3927 2473//3927 2472//3927 2500//3927
f 2476//3928 2475//3928 2471//3928 2472//3928
f 2477//3929 2476//3929 2472//3929 2473//3929
f 2478//3930 2477//3930 2473//3930 2474//3930
f 2502//3931 2505//3931 2478//3931 2501//3931
f 2480//3932 2479//3932 2477//3932 2478//3932
f 2481//3933 2480//3933 2478//3933 2505//3933
f 2462//3934 2481//3934 2505//3934 2502//3934
f 2483//3935 2482//3935 2480//3935 2481//3935
f 2464//3936 2483//3936 2481//3936 2462//3936
f 2465//3937 2484//3937 2483//3937 2464//3937
f 2503//3938 2485//3938 2484//3938 2465//3938
f 2467//3939 2486//3939 2447//3939 2439//3939
f 2487//3940 2449//3940 2447//3940 2486//3940
f 2469//3941 2487//3941 2486//3941 2467//3941
f 2470//3942 2488//3942 2487//3942 2469//3942
f 2471//3943 2489//3943 2488//3943 2470//3943
f 2475//3944 2490//3944 2489//3944 2471//3944
f 2476//3945 2491//3945 2490//3945 2475//3945
f 2477//3946 2492//3946 2491//3946 2476//3946
f 2479//3947 2493//3947 2492//3947 2477//3947
f 2480//3948 2494//3948 2493//3948 2479//3948
f 2482//3949 2495//3949 2494//3949 2480//3949
f 2483//3950 2496//3950 2495//3950 2482//3950
f 2484//3951 2497//3951 2496//3951 2483//3951
f 2485//3952 2498//3952 2497//3952 2484//3952
f 2546//3953 2499//3953 371//3953 372//3953
f 2506//3954 2463//3954 2502//3954 2546//3954
f 2541//3955 2540//3955 2546//3955 2547//3955
f 2510//3956 2465//3956 2463//3956 2506//3956
f 2511//3957 2510//3957 2506//3957 2507//3957
f 2513//3958 2512//3958 2508//3958 2509//3958
f 2514//3959 2503//3959 2465//3959 2510//3959
f 2515//3960 2514//3960 2510//3960 2511//3960
f 2542//3961 2515//3961 2511//3961 2540//3961
f 2543//3962 2542//3962 2540//3962 2541//3962
f 2517//3963 2516//3963 2514//3963 2515//3963
f 2512//3964 2545//3964 2544//3964 2541//3964
f 2514//3965 2518//3965 2485//3965 2503//3965
f 2542//3966 2520//3966 2519//3966 2515//3966
f 2543//3967 2522//3967 2521//3967 2542//3967
f 2522//3968 2543//3968 2541//3968 2544//3968
f 2524//3969 2523//3969 2544//3969 2545//3969
f 2516//3970 2526//3970 2518//3970 2514//3970
f 2517//3971 2527//3971 2526//3971 2516//3971
f 2527//3972 2517//3972 2515//3972 2519//3972
f 2528//3973 2527//3973 2519//3973 2520//3973
f 2518//3974 2529//3974 2498//3974 2485//3974
f 2521//3975 2531//3975 2530//3975 2520//3975
f 2522//3976 2532//3976 2531//3976 2521//3976
f 2523//3977 2533//3977 2532//3977 2522//3977
f 2524//3978 2534//3978 2533//3978 2523//3978
f 2525//3979 2535//3979 2534//3979 2524//3979
f 2526//3980 2536//3980 2529//3980 2518//3980
f 2527//3981 2537//3981 2536//3981 2526//3981
f 2528//3982 2538//3982 2537//3982 2527//3982
f 2538//3983 2528//3983 2520//3983 2530//3983
f 2539//3984 2538//3984 2530//3984 2531//3984
f 2588//3985 2547//3985 372//3985 373//3985
f 2548//3986 2509//3986 2547//3986 2588//3986
f 2552//3987 2551//3987 2588//3987 2589//3987
f 2554//3988 2513//3988 2509//3988 2548//3988
f 2555//3989 2554//3989 2548//3989 2549//3989
f 2556//3990 2555//3990 2549//3990 2550//3990
f 2557//3991 2556//3991 2550//3991 2551//3991
f 2558//3992 2557//3992 2551//3992 2552//3992
f 2559//3993 2558//3993 2552//3993 2553//3993
f 2560//3994 2584//3994 2559//3994 2583//3994
f 2554//3995 2585//3995 2545//3995 2513//3995
f 2556//3996 2586//3996 2585//3996 2555//3996
f 2558//3997 2587//3997 2586//3997 2557//3997
f 2563//3998 2525//3998 2545//3998 2585//3998
f 2565//3999 2564//3999 2585//3999 2586//3999
f 2567//4000 2566//4000 2586//4000 2587//4000
f 2584//4001 2567//4001 2587//4001 2558//4001
f 2560//4002 2569//4002 2568//4002 2584//4002
f 2561//4003 2570//4003 2569//4003 2560//4003
f 2572//4004 2571//4004 2568//4004 2569//4004
f 2573//4005 2572//4005 2569//4005 2570//4005
f 2562//4006 2573//4006 2570//4006 2561//4006
f 2563//4007 2574//4007 2535//4007 2525//4007
f 2564//4008 2575//4008 2574//4008 2563//4008
f 2565//4009 2576//4009 2575//4009 2564//4009
f 2566//4010 2577//4010 2576//4010 2565//4010
f 2567//4011 2578//4011 2577//4011 2566//4011
f 2568//4012 2579//4012 2578//4012 2567//4012
f 2571//4013 2580//4013 2579//4013 2568//4013
f 2572//4014 2581//4014 2580//4014 2571//4014
f 2573//4015 2582//4015 2581//4015 2572//4015
f 2632//4016 2589//4016 373//4016 374//4016
f 2623//4017 2622//4017 2620//4017 2621//4017
f 2624//4018 2583//4018 2589//4018 2632//4018
f 2626//4019 2625//4019 2632//4019 2622//4019
f 2627//4020 2626//4020 2622//4020 2623//4020
f 2590//4021 2561//4021 2583//4021 2624//4021
f 2592//4022 2591//4022 2624//4022 2625//4022
f 2628//4023 2593//4023 2625//4023 2626//4023
f 2594//4024 2562//4024 2561//4024 2590//4024
f 2595//4025 2594//4025 2590//4025 2591//4025
f 2596//4026 2595//4026 2591//4026 2592//4026
f 2597//4027 2596//4027 2592//4027 2593//4027
f 2627//4028 2631//4028 2630//4028 2626//4028
f 2631//4029 2627//4029 2623//4029 2629//4029
f 2628//4030 2599//4030 2598//4030 2593//4030
f 2599//4031 2628//4031 2626//4031 2630//4031
f 2601//4032 2600//4032 2630//4032 2631//4032
f 2594//4033 2603//4033 2573//4033 2562//4033
f 2595//4034 2604//4034 2603//4034 2594//4034
f 2596//4035 2605//4035 2604//4035 2595//4035
f 2597//4036 2606//4036 2605//4036 2596//4036
f 2606//4037 2597//4037 2593//4037 2598//4037
f 2607//4038 2606//4038 2598//4038 2599//4038
f 2608//4039 2607//4039 2599//4039 2600//4039
f 2601//4040 2610//4040 2609//4040 2600//4040
f 2602//4041 2611//4041 2610//4041 2601//4041
f 2603//4042 2612//4042 2582//4042 2573//4042
f 2605//4043 2614//4043 2613//4043 2604//4043
f 2606//4044 2615//4044 2614//4044 2605//4044
f 2607//4045 2616//4045 2615//4045 2606//4045
f 2608//4046 2617//4046 2616//4046 2607//4046
f 2617//4047 2608//4047 2600//4047 2609//4047
f 2618//4048 2617//4048 2609//4048 2610//4048
f 2619//4049 2618//4049 2610//4049 2611//4049
f 2667//4050 2621//4050 374//4050 375//4050
f 2633//4051 2623//4051 2621//4051 2667//4051
f 2635//4052 2634//4052 2667//4052 2668//4052
f 2637//4053 2636//4053 2668//4053 2669//4053
f 2671//4054 2638//4054 2669//4054 2670//4054
f 2640//4055 2639//4055 2633//4055 2634//4055
f 2641//4056 2640//4056 2634//4056 2635//4056
f 2642//4057 2641//4057 2635//4057 2636//4057
f 2643//4058 2642//4058 2636//4058 2637//4058
f 2644//4059 2643//4059 2637//4059 2638//4059
f 2645//4060 2672//4060 2644//4060 2671//4060
f 2648//4061 2647//4061 2645//4061 2646//4061
f 2639//4062 2673//4062 2629//4062 2623//4062
f 2641//4063 2674//4063 2673//4063 2640//4063
f 2643//4064 2675//4064 2674//4064 2642//4064
f 2676//4065 2631//4065 2629//4065 2673//4065
f 2677//4066 2676//4066 2673//4066 2674//4066
f 2678//4067 2677//4067 2674//4067 2675//4067
f 2672//4068 2678//4068 2675//4068 2643//4068
f 2645//4069 2679//4069 2678//4069 2672//4069
f 2649//4070 2602//4070 2631//4070 2676//4070
f 2652//4071 2651//4071 2677//4071 2678//4071
f 2680//4072 2653//4072 2678//4072 2679//4072
f 2649//4073 2655//4073 2611//4073 2602//4073
f 2650//4074 2656//4074 2655//4074 2649//4074
f 2657//4075 2656//4075 2676//4075 2677//4075
f 2652//4076 2659//4076 2658//4076 2651//4076
f 2653//4077 2660//4077 2659//4077 2652//4077
f 2661//4078 2619//4078 2611//4078 2655//4078
f 2662//4079 2661//4079 2655//4079 2656//4079
f 2663//4080 2662//4080 2656//4080 2657//4080
f 2664//4081 2663//4081 2657//4081 2658//4081
f 2665//4082 2664//4082 2658//4082 2659//4082
f 2666//4083 2665//4083 2659//4083 2660//4083
f 2654//4084 2666//4084 2660//4084 2653//4084
f 2692//4085 2670//4085 375//4085 383//4085
f 2693//4086 2692//4086 383//4086 384//4086
f 2694//4087 2693//4087 384//4087 385//4087
f 2695//4088 2694//4088 385//4088 386//4088
f 2696//4089 2671//4089 2670//4089 2692//4089
f 2697//4090 2696//4090 2692//4090 2693//4090
f 2698//4091 2697//4091 2693//4091 2694//4091
f 2699//4092 2698//4092 2694//4092 2695//4092
f 2681//4093 2646//4093 2671//4093 2696//4093
f 2700//4094 2682//4094 2696//4094 2697//4094
f 2703//4095 2700//4095 2697//4095 2698//4095
f 2683//4096 2648//4096 2646//4096 2681//4096
f 2684//4097 2683//4097 2681//4097 2682//4097
f 2686//4098 2685//4098 2683//4098 2684//4098
f 2687//4099 2686//4099 2684//4099 2700//4099
f 2690//4100 2689//4100 2686//4100 2687//4100
f 2691//4101 2690//4101 2687//4101 2688//4101
f 2683//4102 2701//4102 2679//4102 2648//4102
f 2702//4103 2680//4103 2679//4103 2701//4103
f 2685//4104 2702//4104 2701//4104 2683//4104
f 2712//4105 2695//4105 386//4105 397//4105
f 2704//4106 2712//4106 398//4106 399//4106
f 2705//4107 2704//4107 399//4107 400//4107
f 2707//4108 2706//4108 2704//4108 2705//4108
f 2713//4109 2703//4109 2699//4109 2712//4109
f 2708//4110 2713//4110 2712//4110 2706//4110
f 2709//4111 2708//4111 2706//4111 2707//4111
f 2711//4112 2710//4112 2708//4112 2709//4112
f 2721//4113 2720//4113 2714//4113 2715//4113
f 2722//4114 2721//4114 2715//4114 2716//4114
f 2723//4115 2722//4115 2716//4115 2717//4115
f 2724//4116 2723//4116 2717//4116 2718//4116
f 2726//4117 2725//4117 2719//4117 2720//4117
f 2727//4118 2726//4118 2720//4118 2721//4118
f 2728//4119 2727//4119 2721//4119 2722//4119
f 2729//4120 2728//4120 2722//4120 2723//4120
f 2730//4121 2729//4121 2723//4121 2724//4121
f 2732//4122 2731//4122 2725//4122 2726//4122
f 2733//4123 2732//4123 2726//4123 2727//4123
f 2734//4124 2733//4124 2727//4124 2728//4124
f 2735//4125 2734//4125 2728//4125 2729//4125
f 2736//4126 2735//4126 2729//4126 2730//4126
f 2738//4127 2737//4127 2731//4127 2732//4127
f 2739//4128 2738//4128 2732//4128 2733//4128
f 2740//4129 2739//4129 2733//4129 2734//4129
f 2741//4130 2740//4130 2734//4130 2735//4130
f 2742//4131 2741//4131 2735//4131 2736//4131
f 2750//4132 2749//4132 2743//4132 2744//4132
f 2751//4133 2750//4133 2744//4133 2745//4133
f 2751//4134 2715//4134 2714//4134 2750//4134
f 2752//4135 2751//4135 2745//4135 2746//4135
f 2752//4136 2716//4136 2715//4136 2751//4136
f 2753//4137 2752//4137 2746//4137 2747//4137
f 2753//4138 2717//4138 2716//4138 2752//4138
f 2754//4139 2753//4139 2747//4139 2748//4139
f 2754//4140 2718//4140 2717//4140 2753//4140
f 2756//4141 2755//4141 2749//4141 2750//4141
f 2756//4142 2720//4142 2719//4142 2755//4142
f 2720//4143 2756//4143 2750//4143 2714//4143
f 2725//4144 2757//4144 2755//4144 2719//4144
f 2731//4145 2758//4145 2757//4145 2725//4145
f 2737//4146 2759//4146 2758//4146 2731//4146
f 2738//4147 2760//4147 2759//4147 2737//4147
f 2742//4148 2762//4148 2761//4148 2741//4148
f 2764//4149 2744//4149 2743//4149 2763//4149
f 2765//4150 2745//4150 2744//4150 2764//4150
f 2766//4151 2746//4151 2745//4151 2765//4151
f 2767//4152 2747//4152 2746//4152 2766//4152
f 2768//4153 2748//4153 2747//4153 2767//4153
f 2749//4154 2769//4154 2763//4154 2743//4154
f 2755//4155 2770//4155 2769//4155 2749//4155
f 2757//4156 2771//4156 2770//4156 2755//4156
f 2758//4157 2772//4157 2771//4157 2757//4157
f 2759//4158 2773//4158 2772//4158 2758//4158
f 2775//4159 2764//4159 2763//4159 2774//4159
f 2776//4160 2775//4160 2785//4160 2786//4160
f 2776//4161 2765//4161 2764//4161 2775//4161
f 2777//4162 2766//4162 2765//4162 2776//4162
f 2778//4163 2777//4163 2786//4163 2787//4163
f 2778//4164 2767//4164 2766//4164 2777//4164
f 2779//4165 2768//4165 2767//4165 2778//4165
f 2769//4166 2780//4166 2774//4166 2763//4166
f 2770//4167 2781//4167 2780//4167 2769//4167
f 2771//4168 2782//4168 2781//4168 2770//4168
f 2772//4169 2783//4169 2782//4169 2771//4169
f 2773//4170 2784//4170 2783//4170 2772//4170
f 2794//4171 2724//4171 2718//4171 2788//4171
f 2795//4172 2794//4172 2788//4172 2789//4172
f 2796//4173 2795//4173 2789//4173 2790//4173
f 2797//4174 2796//4174 2790//4174 2791//4174
f 2798//4175 2797//4175 2791//4175 2792//4175
f 2799//4176 2798//4176 2792//4176 2793//4176
f 2800//4177 2730//4177 2724//4177 2794//4177
f 2801//4178 2800//4178 2794//4178 2795//4178
f 2802//4179 2801//4179 2795//4179 2796//4179
f 2803//4180 2802//4180 2796//4180 2797//4180
f 2804//4181 2803//4181 2797//4181 2798//4181
f 2805//4182 2804//4182 2798//4182 2799//4182
f 2806//4183 2736//4183 2730//4183 2800//4183
f 2807//4184 2806//4184 2800//4184 2801//4184
f 2808//4185 2807//4185 2801//4185 2802//4185
f 2809//4186 2808//4186 2802//4186 2803//4186
f 2810//4187 2809//4187 2803//4187 2804//4187
f 2811//4188 2810//4188 2804//4188 2805//4188
f 2812//4189 2742//4189 2736//4189 2806//4189
f 2813//4190 2812//4190 2806//4190 2807//4190
f 2814//4191 2813//4191 2807//4191 2808//4191
f 2815//4192 2814//4192 2808//4192 2809//4192
f 2816//4193 2815//4193 2809//4193 2810//4193
f 2817//4194 2816//4194 2810//4194 2811//4194
f 2824//4195 2754//4195 2748//4195 2818//4195
f 2824//4196 2788//4196 2718//4196 2754//4196
f 2825//4137 2824//4137 2818//4137 2819//4137
f 2825//4197 2789//4197 2788//4197 2824//4197
f 2826//4198 2825//4198 2819//4198 2820//4198
f 2826//4199 2790//4199 2789//4199 2825//4199
f 2827//4200 2826//4200 2820//4200 2821//4200
f 2827//4201 2791//4201 2790//4201 2826//4201
f 2828//4202 2827//4202 2821//4202 2822//4202
f 2828//4203 2792//4203 2791//4203 2827//4203
f 2829//4204 2828//4204 2822//4204 2823//4204
f 2829//4205 2793//4205 2792//4205 2828//4205
f 2830//4206 2799//4206 2793//4206 2829//4206
f 2832//4207 2805//4207 2799//4207 2830//4207
f 2833//4208 2832//4208 2830//4208 2831//4208
f 2834//4209 2811//4209 2805//4209 2832//4209
f 2864//4210 2834//4210 2832//4210 2833//4210
f 2812//4211 2835//4211 2762//4211 2742//4211
f 2813//4212 2836//4212 2835//4212 2812//4212
f 2814//4213 2837//4213 2836//4213 2813//4213
f 2838//4214 2817//4214 2811//4214 2834//4214
f 2839//4215 2818//4215 2748//4215 2768//4215
f 2840//4216 2819//4216 2818//4216 2839//4216
f 2841//4217 2820//4217 2819//4217 2840//4217
f 2842//4218 2821//4218 2820//4218 2841//4218
f 2843//4219 2822//4219 2821//4219 2842//4219
f 2844//4220 2823//4220 2822//4220 2843//4220
f 2846//4221 2829//4221 2823//4221 2844//4221
f 2847//4222 2846//4222 2844//4222 2845//4222
f 2868//4223 2830//4223 2829//4223 2846//4223
f 2848//4224 2868//4224 2846//4224 2847//4224
f 2848//4225 2831//4225 2830//4225 2868//4225
f 2849//4226 2833//4226 2831//4226 2848//4226
f 2850//4227 2864//4227 2833//4227 2849//4227
f 2864//4228 2851//4228 2869//4228 2838//4228
f 2852//4229 2779//4229 2787//4229 2865//4229
f 2852//4230 2839//4230 2768//4230 2779//4230
f 2853//4231 2840//4231 2839//4231 2852//4231
f 2854//4232 2853//4232 2865//4232 2866//4232
f 2854//4233 2841//4233 2840//4233 2853//4233
f 2855//4234 2842//4234 2841//4234 2854//4234
f 2856//4235 2855//4235 2866//4235 2867//4235
f 2856//4236 2843//4236 2842//4236 2855//4236
f 2857//4237 2844//4237 2843//4237 2856//4237
f 2858//4238 2845//4238 2844//4238 2857//4238
f 2859//4239 2847//4239 2845//4239 2858//4239
f 2860//4240 2848//4240 2847//4240 2859//4240
f 2861//4241 2849//4241 2848//4241 2860//4241
f 2862//4242 2850//4242 2849//4242 2861//4242
f 2863//4243 2851//4243 2850//4243 2862//4243
f 2871//4244 2870//4244 2603//4244 2604//4244
f 2870//4245 2872//4245 2612//4245 2603//4245
f 2871//4246 2873//4246 2872//4246 2870//4246
f 2873//4247 2871//4247 2604//4247 2613//4247
f 2877//4248 2917//4248 2689//4248 2690//4248
f 2878//4249 2877//4249 2690//4249 2691//4249
f 2918//4250 2878//4250 2691//4250 2703//4250
f 2880//4251 2879//4251 2877//4251 2878//4251
f 2881//4252 2920//4252 2880//4252 2918//4252
f 2921//4253 2882//4253 2918//4253 2919//4253
f 2884//4254 2883//4254 2881//4254 2882//4254
f 2888//4255 2874//4255 2680//4255 2702//4255
f 2917//4256 2889//4256 2702//4256 2689//4256
f 2877//4257 2890//4257 2889//4257 2917//4257
f 2892//4258 2891//4258 2889//4258 2890//4258
f 2879//4259 2892//4259 2890//4259 2877//4259
f 2880//4260 2893//4260 2892//4260 2879//4260
f 2920//4261 2894//4261 2893//4261 2880//4261
f 2881//4262 2895//4262 2894//4262 2920//4262
f 2883//4263 2896//4263 2895//4263 2881//4263
f 2884//4264 2897//4264 2896//4264 2883//4264
f 2921//4265 2922//4265 2897//4265 2884//4265
f 2898//4266 2923//4266 2897//4266 2922//4266
f 2885//4267 2898//4267 2922//4267 2921//4267
f 2886//4268 2899//4268 2898//4268 2885//4268
f 2901//4269 2900//4269 2898//4269 2899//4269
f 2887//4270 2901//4270 2899//4270 2886//4270
f 2888//4271 2902//4271 2876//4271 2874//4271
f 2889//4272 2903//4272 2902//4272 2888//4272
f 2905//4273 2904//4273 2902//4273 2903//4273
f 2891//4274 2905//4274 2903//4274 2889//4274
f 2892//4275 2906//4275 2905//4275 2891//4275
f 2893//4276 2907//4276 2906//4276 2892//4276
f 2909//4277 2908//4277 2906//4277 2907//4277
f 2894//4278 2909//4278 2907//4278 2893//4278
f 2895//4279 2910//4279 2909//4279 2894//4279
f 2912//4280 2911//4280 2909//4280 2910//4280
f 2896//4281 2912//4281 2910//4281 2895//4281
f 2897//4282 2913//4282 2912//4282 2896//4282
f 2900//4283 2915//4283 2914//4283 2898//4283
f 2901//4284 2916//4284 2915//4284 2900//4284
f 2979//4285 2919//4285 2703//4285 2713//4285
f 2972//4286 2979//4286 2713//4286 2710//4286
f 2925//4287 2972//4287 2710//4287 2711//4287
f 2928//4288 2927//4288 2925//4288 2926//4288
f 2974//4289 2973//4289 2972//4289 2927//4289
f 2929//4290 2886//4290 2921//4290 2979//4290
f 2976//4291 2975//4291 2979//4291 2973//4291
f 2931//4292 2976//4292 2973//4292 2974//4292
f 2933//4293 2887//4293 2886//4293 2929//4293
f 2934//4294 2933//4294 2929//4294 2930//4294
f 2936//4295 2935//4295 2931//4295 2932//4295
f 2937//4296 2977//4296 2934//4296 2975//4296
f 2978//4297 2938//4297 2975//4297 2976//4297
f 2939//4298 2978//4298 2976//4298 2935//4298
f 2933//4299 2941//4299 2901//4299 2887//4299
f 2934//4300 2942//4300 2941//4300 2933//4300
f 2936//4301 2944//4301 2943//4301 2935//4301
f 2946//4302 2945//4302 2941//4302 2942//4302
f 2977//4303 2946//4303 2942//4303 2934//4303
f 2937//4304 2947//4304 2946//4304 2977//4304
f 2938//4305 2948//4305 2947//4305 2937//4305
f 2978//4306 2949//4306 2948//4306 2938//4306
f 2939//4307 2951//4307 2950//4307 2978//4307
f 2951//4308 2939//4308 2935//4308 2943//4308
f 2952//4309 2951//4309 2943//4309 2944//4309
f 2940//4310 2952//4310 2944//4310 2936//4310
f 2954//4311 2953//4311 2947//4311 2948//4311
f 2955//4312 2954//4312 2948//4312 2949//4312
f 2957//4313 2956//4313 2951//4313 2952//4313
f 2941//4314 2958//4314 2916//4314 2901//4314
f 2959//4315 2924//4315 2916//4315 2958//4315
f 2945//4316 2959//4316 2958//4316 2941//4316
f 2946//4317 2960//4317 2959//4317 2945//4317
f 2947//4318 2961//4318 2960//4318 2946//4318
f 2950//4319 2963//4319 2962//4319 2949//4319
f 2951//4320 2964//4320 2963//4320 2950//4320
f 2966//4321 2965//4321 2960//4321 2961//4321
f 2953//4322 2966//4322 2961//4322 2947//4322
f 2954//4323 2967//4323 2966//4323 2953//4323
f 2955//4324 2968//4324 2967//4324 2954//4324
f 2968//4325 2955//4325 2949//4325 2962//4325
f 2969//4326 2968//4326 2962//4326 2963//4326
f 2970//4327 2969//4327 2963//4327 2964//4327
f 2956//4328 2970//4328 2964//4328 2951//4328
f 2957//4329 2971//4329 2970//4329 2956//4329
f 2981//4330 2980//4330 2738//4330 2739//4330
f 2982//4331 2981//4331 2739//4331 2740//4331
f 2983//4332 2982//4332 2740//4332 2741//4332
f 2985//4333 2984//4333 2759//4333 2760//4333
f 2980//4334 2985//4334 2760//4334 2738//4334
f 2981//4335 2986//4335 2985//4335 2980//4335
f 2982//4336 2987//4336 2986//4336 2981//4336
f 2983//4337 2988//4337 2987//4337 2982//4337
f 2988//4338 2983//4338 2741//4338 2761//4338
f 2989//4339 2988//4339 2761//4339 2762//4339
f 2991//4340 2990//4340 2984//4340 2985//4340
f 2992//4341 2991//4341 2985//4341 2986//4341
f 2993//4342 2992//4342 2986//4342 2987//4342
f 2994//4343 2993//4343 2987//4343 2988//4343
f 2995//4344 2994//4344 2988//4344 2989//4344
f 2984//4345 2996//4345 2773//4345 2759//4345
f 2990//4346 2997//4346 2996//4346 2984//4346
f 2991//4347 2998//4347 2997//4347 2990//4347
f 2992//4348 2999//4348 2998//4348 2991//4348
f 2993//4349 3000//4349 2999//4349 2992//4349
f 2994//4350 3001//4350 3000//4350 2993//4350
f 2995//4351 3002//4351 3001//4351 2994//4351
f 2996//4352 3003//4352 2784//4352 2773//4352
f 2997//4353 3004//4353 3003//4353 2996//4353
f 2998//4354 3005//4354 3004//4354 2997//4354
f 2999//4355 3006//4355 3005//4355 2998//4355
f 3000//4356 3007//4356 3006//4356 2999//4356
f 3001//4357 3008//4357 3007//4357 3000//4357
f 3002//4358 3009//4358 3008//4358 3001//4358
f 3011//4359 3010//4359 2814//4359 2815//4359
f 3012//4360 3011//4360 2815//4360 2816//4360
f 3013//4361 3012//4361 2816//4361 2817//4361
f 3014//4362 2989//4362 2762//4362 2835//4362
f 3015//4363 3014//4363 2835//4363 2836//4363
f 3016//4364 3015//4364 2836//4364 2837//4364
f 3010//4365 3016//4365 2837//4365 2814//4365
f 3011//4366 3017//4366 3016//4366 3010//4366
f 3012//4367 3018//4367 3017//4367 3011//4367
f 3013//4368 3019//4368 3018//4368 3012//4368
f 3019//4369 3013//4369 2817//4369 2838//4369
f 3020//4370 2995//4370 2989//4370 3014//4370
f 3021//4371 3020//4371 3014//4371 3015//4371
f 3022//4372 3021//4372 3015//4372 3016//4372
f 3023//4373 3022//4373 3016//4373 3017//4373
f 3024//4374 3023//4374 3017//4374 3018//4374
f 3025//4375 3024//4375 3018//4375 3019//4375
f 3026//4376 3019//4376 2838//4376 2869//4376
f 3027//4377 3026//4377 2869//4377 2851//4377
f 3020//4378 3028//4378 3002//4378 2995//4378
f 3021//4379 3029//4379 3028//4379 3020//4379
f 3022//4380 3030//4380 3029//4380 3021//4380
f 3023//4381 3031//4381 3030//4381 3022//4381
f 3024//4382 3032//4382 3031//4382 3023//4382
f 3025//4383 3033//4383 3032//4383 3024//4383
f 3033//4384 3025//4384 3019//4384 3026//4384
f 3027//4385 3035//4385 3034//4385 3026//4385
f 3035//4386 3027//4386 2851//4386 2863//4386
f 3028//4387 3036//4387 3009//4387 3002//4387
f 3029//4388 3037//4388 3036//4388 3028//4388
f 3030//4389 3038//4389 3037//4389 3029//4389
f 3031//4390 3039//4390 3038//4390 3030//4390
f 3032//4391 3040//4391 3039//4391 3031//4391
f 3033//4392 3041//4392 3040//4392 3032//4392
f 3041//4393 3033//4393 3026//4393 3034//4393
f 3058//4394 3045//4394 650//4394 657//4394
f 3046//4395 3049//4395 3048//4395 3045//4395
f 3050//4396 3057//4396 655//4396 656//4396
f 3047//4397 3050//4397 656//4397 650//4397
f 3048//4398 3051//4398 3050//4398 3047//4398
f 3053//4399 3052//4399 3050//4399 3051//4399
f 3049//4400 3053//4400 3051//4400 3048//4400
f 3052//4401 3055//4401 3054//4401 3050//4401
f 3053//4402 3056//4402 3055//4402 3052//4402
f 3060//4403 3059//4403 664//4403 665//4403
f 2440//4404 3060//4404 665//4404 361//4404
f 3062//4405 3061//4405 3059//4405 3060//4405
f 2443//4406 3062//4406 3060//4406 2440//4406
f 2444//4407 3063//4407 3062//4407 2443//4407
f 2445//4408 3064//4408 3063//4408 2444//4408
f 2446//4409 3065//4409 3064//4409 2445//4409
f 2449//4410 3066//4410 3065//4410 2446//4410
f 3069//4411 3068//4411 681//4411 669//4411
f 3059//4412 3069//4412 669//4412 664//4412
f 3071//4413 3070//4413 3068//4413 3069//4413
f 3061//4414 3071//4414 3069//4414 3059//4414
f 3062//4415 3072//4415 3071//4415 3061//4415
f 3063//4416 3073//4416 3072//4416 3062//4416
f 3064//4417 3074//4417 3073//4417 3063//4417
f 3065//4418 3075//4418 3074//4418 3064//4418
f 3076//4419 3102//4419 3074//4419 3075//4419
f 3066//4420 3076//4420 3075//4420 3065//4420
f 3067//4421 3077//4421 3076//4421 3066//4421
f 3068//4422 3079//4422 684//4422 681//4422
f 3081//4423 3080//4423 3078//4423 3079//4423
f 3070//4424 3081//4424 3079//4424 3068//4424
f 3071//4425 3082//4425 3081//4425 3070//4425
f 3072//4426 3083//4426 3082//4426 3071//4426
f 3073//4427 3103//4427 3083//4427 3072//4427
f 3102//4428 3105//4428 3103//4428 3074//4428
f 3105//4429 3106//4429 3104//4429 3103//4429
f 3076//4430 3106//4430 3105//4430 3102//4430
f 3084//4431 3058//4431 657//4431 684//4431
f 3080//4432 3085//4432 3084//4432 3078//4432
f 3081//4433 3086//4433 3085//4433 3080//4433
f 3082//4434 3087//4434 3086//4434 3081//4434
f 3083//4435 3088//4435 3087//4435 3082//4435
f 3084//4436 3089//4436 3045//4436 3058//4436
f 3090//4437 3046//4437 3045//4437 3089//4437
f 3085//4438 3090//4438 3089//4438 3084//4438
f 3086//4439 3091//4439 3090//4439 3085//4439
f 3087//4440 3092//4440 3091//4440 3086//4440
f 3088//4441 3093//4441 3092//4441 3087//4441
f 3103//4442 3107//4442 3093//4442 3088//4442
f 3104//4443 3108//4443 3107//4443 3103//4443
f 3106//4444 3109//4444 3108//4444 3104//4444
f 3090//4445 3094//4445 3049//4445 3046//4445
f 3091//4446 3095//4446 3094//4446 3090//4446
f 3092//4447 3096//4447 3095//4447 3091//4447
f 3093//4448 3097//4448 3096//4448 3092//4448
f 3094//4449 3098//4449 3053//4449 3049//4449
f 3095//4450 3099//4450 3098//4450 3094//4450
f 3096//4451 3110//4451 3099//4451 3095//4451
f 3107//4452 3111//4452 3110//4452 3097//4452
f 3108//4453 3112//4453 3111//4453 3107//4453
f 3109//4454 3113//4454 3112//4454 3108//4454
f 3098//4455 3100//4455 3056//4455 3053//4455
f 3099//4456 3101//4456 3100//4456 3098//4456
f 2487//4457 3114//4457 3067//4457 2449//4457
f 2488//4458 3115//4458 3114//4458 2487//4458
f 2489//4459 3116//4459 3115//4459 2488//4459
f 2490//4460 3117//4460 3116//4460 2489//4460
f 2491//4461 3118//4461 3117//4461 2490//4461
f 2492//4462 3142//4462 3118//4462 2491//4462
f 2493//4463 3124//4463 3142//4463 2492//4463
f 2496//4464 3125//4464 3124//4464 2495//4464
f 2498//4465 3126//4465 3125//4465 2497//4465
f 3114//4466 3119//4466 3077//4466 3067//4466
f 3115//4467 3120//4467 3119//4467 3114//4467
f 3116//4468 3121//4468 3120//4468 3115//4468
f 3117//4469 3122//4469 3121//4469 3116//4469
f 3118//4470 3123//4470 3122//4470 3117//4470
f 3119//4471 3127//4471 3106//4471 3077//4471
f 3121//4472 3128//4472 3127//4472 3120//4472
f 3125//4473 3130//4473 3129//4473 3124//4473
f 3126//4474 3131//4474 3130//4474 3125//4474
f 3127//4475 3132//4475 3109//4475 3106//4475
f 3128//4476 3133//4476 3132//4476 3127//4476
f 3142//4477 3143//4477 3133//4477 3128//4477
f 3129//4478 3134//4478 3143//4478 3142//4478
f 3130//4479 3135//4479 3134//4479 3129//4479
f 3131//4480 3136//4480 3135//4480 3130//4480
f 3132//4481 3137//4481 3113//4481 3109//4481
f 3133//4482 3138//4482 3137//4482 3132//4482
f 3135//4483 3140//4483 3139//4483 3134//4483
f 3136//4484 3141//4484 3140//4484 3135//4484
f 2529//4485 3144//4485 3126//4485 2498//4485
f 2532//4486 3192//4486 3145//4486 2531//4486
f 2534//4487 3193//4487 3192//4487 2533//4487
f 2536//4488 3146//4488 3144//4488 2529//4488
f 2537//4489 3147//4489 3146//4489 2536//4489
f 2538//4490 3148//4490 3147//4490 2537//4490
f 2539//4491 3149//4491 3148//4491 2538//4491
f 3149//4492 2539//4492 2531//4492 3145//4492
f 3146//4493 3152//4493 3150//4493 3144//4493
f 3147//4494 3153//4494 3152//4494 3146//4494
f 3148//4495 3154//4495 3153//4495 3147//4495
f 3149//4496 3155//4496 3154//4496 3148//4496
f 3155//4497 3149//4497 3145//4497 3151//4497
f 3150//4498 3156//4498 3131//4498 3126//4498
f 3192//4499 3194//4499 3157//4499 3151//4499
f 3193//4500 3195//4500 3194//4500 3192//4500
f 3152//4501 3158//4501 3156//4501 3150//4501
f 3153//4502 3159//4502 3158//4502 3152//4502
f 3154//4503 3160//4503 3159//4503 3153//4503
f 3155//4504 3161//4504 3160//4504 3154//4504
f 3161//4505 3155//4505 3151//4505 3157//4505
f 3158//4506 3164//4506 3162//4506 3156//4506
f 3159//4507 3165//4507 3164//4507 3158//4507
f 3160//4508 3166//4508 3165//4508 3159//4508
f 3161//4509 3167//4509 3166//4509 3160//4509
f 3167//4510 3161//4510 3157//4510 3163//4510
f 3162//1035 3168//1035 3136//1035 3131//1035
f 3194//4511 3196//4511 3169//4511 3163//4511
f 3195//4512 3197//4512 3196//4512 3194//4512
f 3164//4513 3170//4513 3168//4513 3162//4513
f 3165//4514 3171//4514 3170//4514 3164//4514
f 3166//4515 3172//4515 3171//4515 3165//4515
f 3167//4516 3173//4516 3172//4516 3166//4516
f 3173//4517 3167//4517 3163//4517 3169//4517
f 3170//4518 3176//4518 3174//4518 3168//4518
f 3171//4519 3177//4519 3176//4519 3170//4519
f 3172//4508 3178//4508 3177//4508 3171//4508
f 3173//4520 3179//4520 3178//4520 3172//4520
f 3179//4521 3173//4521 3169//4521 3175//4521
f 3174//4522 3180//4522 3141//4522 3136//4522
f 3196//827 3198//827 3181//827 3175//827
f 3197//4523 3199//4523 3198//4523 3196//4523
f 3176//4524 3182//4524 3180//4524 3174//4524
f 3177//4525 3183//4525 3182//4525 3176//4525
f 3178//4526 3184//4526 3183//4526 3177//4526
f 3179//4527 3185//4527 3184//4527 3178//4527
f 3185//4521 3179//4521 3175//4521 3181//4521
f 3182//4528 3188//4528 3186//4528 3180//4528
f 3183//4529 3189//4529 3188//4529 3182//4529
f 3184//4530 3190//4530 3189//4530 3183//4530
f 3185//4531 3191//4531 3190//4531 3184//4531
f 3191//4532 3185//4532 3181//4532 3187//4532
f 2574//4533 3200//4533 3193//4533 2535//4533
f 2576//4534 3201//4534 3200//4534 2575//4534
f 2578//4535 3202//4535 3201//4535 2577//4535
f 2581//4536 3203//4536 3202//4536 2580//4536
f 3200//4537 3204//4537 3195//4537 3193//4537
f 3201//4538 3205//4538 3204//4538 3200//4538
f 3202//4539 3206//4539 3205//4539 3201//4539
f 3203//4540 3207//4540 3206//4540 3202//4540
f 3204//4541 3208//4541 3197//4541 3195//4541
f 3205//4542 3209//4542 3208//4542 3204//4542
f 3206//4543 3210//4543 3209//4543 3205//4543
f 3207//4544 3211//4544 3210//4544 3206//4544
f 3208//4545 3212//4545 3199//4545 3197//4545
f 3209//4546 3213//4546 3212//4546 3208//4546
f 3210//4547 3214//4547 3213//4547 3209//4547
f 3211//4548 3215//4548 3214//4548 3210//4548
f 2612//4549 3216//4549 3203//4549 2582//4549
f 2614//4550 3224//4550 3217//4550 2613//4550
f 2616//4551 3225//4551 3224//4551 2615//4551
f 2618//4552 3218//4552 3225//4552 2617//4552
f 2619//4553 3219//4553 3218//4553 2618//4553
f 3219//4554 3223//4554 3222//4554 3218//4554
f 3220//4555 3226//4555 3207//4555 3203//4555
f 3225//4556 3228//4556 3227//4556 3224//4556
f 3222//4557 3229//4557 3228//4557 3225//4557
f 3226//4558 3230//4558 3211//4558 3207//4558
f 3228//4559 3232//4559 3231//4559 3227//4559
f 3229//4560 3233//4560 3232//4560 3228//4560
f 3230//4561 3234//4561 3215//4561 3211//4561
f 3232//4562 3236//4562 3235//4562 3231//4562
f 3233//4563 3237//4563 3236//4563 3232//4563
f 2661//4564 3238//4564 3219//4564 2619//4564
f 2662//4565 3239//4565 3238//4565 2661//4565
f 2663//4566 3240//4566 3239//4566 2662//4566
f 2664//4567 3241//4567 3240//4567 2663//4567
f 2665//4568 3242//4568 3241//4568 2664//4568
f 2666//4569 3243//4569 3242//4569 2665//4569
f 2680//4570 3249//4570 3243//4570 2666//4570
f 3238//4571 3244//4571 3223//4571 3219//4571
f 3239//4572 3245//4572 3244//4572 3238//4572
f 3240//4573 3246//4573 3245//4573 3239//4573
f 3241//4574 3247//4574 3246//4574 3240//4574
f 3242//4575 3248//4575 3247//4575 3241//4575
f 3244//4576 3250//4576 3229//4576 3223//4576
f 3250//4577 3251//4577 3233//4577 3229//4577
f 3252//4578 2786//4578 2785//4578 3292//4578
f 3293//4579 2787//4579 2786//4579 3253//4579
f 3255//4580 2775//4580 2774//4580 3254//4580
f 2775//4581 3255//4581 3292//4581 2785//4581
f 2780//4582 3256//4582 3254//4582 2774//4582
f 2781//4583 3301//4583 3256//4583 2780//4583
f 3258//4584 3253//4584 3252//4584 3257//4584
f 3260//4585 3255//4585 3254//4585 3259//4585
f 3261//4586 3262//4586 3258//4586 3257//4586
f 3256//4587 3263//4587 3259//4587 3254//4587
f 3264//4588 3257//4588 3292//4588 3294//4588
f 3295//4589 3293//4589 3258//4589 3265//4589
f 3267//4590 3260//4590 3259//4590 3266//4590
f 3260//4591 3267//4591 3294//4591 3292//4591
f 3268//4592 3261//4592 3257//4592 3264//4592
f 3269//4593 3268//4593 3264//4593 3265//4593
f 3269//4594 3262//4594 3261//4594 3268//4594
f 3262//4595 3269//4595 3265//4595 3258//4595
f 3263//4596 3270//4596 3266//4596 3259//4596
f 3272//4597 3265//4597 3264//4597 3271//4597
f 3274//4598 3267//4598 3266//4598 3273//4598
f 3270//4599 3275//4599 3273//4599 3266//4599
f 3297//4600 3271//4600 3294//4600 3296//4600
f 3298//4601 3295//4601 3272//4601 3297//4601
f 3277//4602 3274//4602 3273//4602 3276//4602
f 3274//4603 3277//4603 3296//4603 3294//4603
f 3275//4604 3278//4604 3276//4604 3273//4604
f 3301//4605 3302//4605 3278//4605 3275//4605
f 3280//4606 3277//4606 3276//4606 3279//4606
f 3278//4607 3281//4607 3279//4607 3276//4607
f 3282//4608 3297//4608 3296//4608 3299//4608
f 3300//4609 3298//4609 3297//4609 3283//4609
f 3285//4610 3280//4610 3279//4610 3284//4610
f 3280//4611 3285//4611 3299//4611 3296//4611
f 3281//4612 3286//4612 3284//4612 3279//4612
f 3288//4613 3283//4613 3282//4613 3287//4613
f 3290//4614 3285//4614 3284//4614 3289//4614
f 3286//4615 3291//4615 3289//4615 3284//4615
f 3358//4616 2865//4616 2787//4616 3293//4616
f 3359//4617 2866//4617 2865//4617 3358//4617
f 3303//4618 2867//4618 2866//4618 3359//4618
f 3305//4619 2856//4619 2867//4619 3303//4619
f 3306//4620 3305//4620 3303//4620 3304//4620
f 3306//4621 2857//4621 2856//4621 3305//4621
f 3307//4622 2858//4622 2857//4622 3306//4622
f 3308//4623 2859//4623 2858//4623 3307//4623
f 3309//4624 2860//4624 2859//4624 3308//4624
f 3310//4625 2861//4625 2860//4625 3309//4625
f 3360//4626 2862//4626 2861//4626 3310//4626
f 3312//4627 3304//4627 3303//4627 3311//4627
f 3313//4628 3306//4628 3304//4628 3312//4628
f 3314//4629 3307//4629 3306//4629 3313//4629
f 3316//4630 3308//4630 3307//4630 3314//4630
f 3317//4631 3316//4631 3314//4631 3315//4631
f 3318//4632 3309//4632 3308//4632 3316//4632
f 3319//4633 3310//4633 3309//4633 3318//4633
f 3361//4634 3358//4634 3293//4634 3295//4634
f 3362//4635 3359//4635 3358//4635 3361//4635
f 3320//4636 3311//4636 3359//4636 3362//4636
f 3321//4637 3312//4637 3311//4637 3320//4637
f 3364//4638 3313//4638 3312//4638 3321//4638
f 3322//4639 3364//4639 3321//4639 3363//4639
f 3322//4640 3314//4640 3313//4640 3364//4640
f 3323//4641 3315//4641 3314//4641 3322//4641
f 3317//4642 3325//4642 3324//4642 3316//4642
f 3325//4643 3317//4643 3315//4643 3323//4643
f 3326//4644 3318//4644 3316//4644 3324//4644
f 3327//4645 3319//4645 3318//4645 3326//4645
f 3365//4646 3360//4646 3319//4646 3327//4646
f 3329//4647 3321//4647 3320//4647 3328//4647
f 3331//4648 3323//4648 3322//4648 3330//4648
f 3325//4649 3333//4649 3332//4649 3324//4649
f 3333//4650 3325//4650 3323//4650 3331//4650
f 3334//4651 3326//4651 3324//4651 3332//4651
f 3335//4652 3334//4652 3332//4652 3333//4652
f 3336//4653 3327//4653 3326//4653 3334//4653
f 3366//4654 3361//4654 3295//4654 3298//4654
f 3367//4655 3362//4655 3361//4655 3366//4655
f 3368//4656 3328//4656 3362//4656 3367//4656
f 3337//4657 3363//4657 3329//4657 3368//4657
f 3339//4658 3330//4658 3363//4658 3337//4658
f 3340//4659 3339//4659 3337//4659 3338//4659
f 3340//4660 3331//4660 3330//4660 3339//4660
f 3341//4661 3333//4661 3331//4661 3340//4661
f 3369//4662 3335//4662 3333//4662 3341//4662
f 3370//4663 3365//4663 3336//4663 3369//4663
f 3344//4664 3338//4664 3337//4664 3343//4664
f 3345//4665 3340//4665 3338//4665 3344//4665
f 3346//4666 3341//4666 3340//4666 3345//4666
f 3373//4667 3368//4667 3367//4667 3372//4667
f 3347//4668 3342//4668 3368//4668 3373//4668
f 3371//4669 3366//4669 3298//4669 3300//4669
f 3372//4670 3367//4670 3366//4670 3371//4670
f 3349//4671 3343//4671 3342//4671 3347//4671
f 3350//4672 3349//4672 3347//4672 3348//4672
f 3350//4673 3344//4673 3343//4673 3349//4673
f 3351//4674 3345//4674 3344//4674 3350//4674
f 3352//4675 3346//4675 3345//4675 3351//4675
f 3374//4676 3369//4676 3346//4676 3352//4676
f 3375//4677 3370//4677 3369//4677 3374//4677
f 3353//4678 3373//4678 3044//4678 3042//4678
f 3354//4679 3353//4679 3042//4679 3043//4679
f 3354//4680 3348//4680 3347//4680 3353//4680
f 3355//4681 3350//4681 3348//4681 3354//4681
f 3356//4682 3351//4682 3350//4682 3355//4682
f 3357//4683 3352//4683 3351//4683 3356//4683
f 3377//4684 3355//4684 3354//4684 3376//4684
f 2872//4685 3378//4685 3216//4685 2612//4685
f 2873//4686 3379//4686 3378//4686 2872//4686
f 3379//4687 2873//4687 2613//4687 3217//4687
f 3378//4688 3380//4688 3220//4688 3216//4688
f 3379//4689 3381//4689 3380//4689 3378//4689
f 3381//4690 3379//4690 3217//4690 3221//4690
f 3394//4691 3381//4691 3221//4691 3224//4691
f 3380//4692 3382//4692 3226//4692 3220//4692
f 3381//4693 3383//4693 3382//4693 3380//4693
f 3394//4694 3395//4694 3383//4694 3381//4694
f 3395//4695 3394//4695 3224//4695 3227//4695
f 3383//4696 3385//4696 3384//4696 3382//4696
f 3384//4697 3386//4697 3230//4697 3226//4697
f 3385//4698 3387//4698 3386//4698 3384//4698
f 3395//4699 3396//4699 3387//4699 3385//4699
f 3396//4700 3395//4700 3227//4700 3231//4700
f 3387//4701 3389//4701 3388//4701 3386//4701
f 3388//4702 3390//4702 3234//4702 3230//4702
f 3389//4703 3391//4703 3390//4703 3388//4703
f 3396//4704 3397//4704 3391//4704 3389//4704
f 3397//4705 3396//4705 3231//4705 3235//4705
f 3391//4706 3393//4706 3392//4706 3390//4706
f 3420//4707 3419//4707 3243//4707 3249//4707
f 2875//4708 3420//4708 3249//4708 2680//4708
f 3418//4709 3417//4709 3245//4709 3246//4709
f 3419//4710 3418//4710 3247//4710 3248//4710
f 3417//4711 3421//4711 3250//4711 3245//4711
f 3418//4712 3398//4712 3421//4712 3417//4712
f 3419//4713 3400//4713 3399//4713 3418//4713
f 3403//4714 3402//4714 3400//4714 3401//4714
f 3420//4715 3404//4715 3403//4715 3419//4715
f 3407//4716 3406//4716 3404//4716 3405//4716
f 3399//4717 3409//4717 3408//4717 3398//4717
f 3400//4718 3410//4718 3409//4718 3399//4718
f 3402//4719 3411//4719 3410//4719 3400//4719
f 3403//4720 3412//4720 3411//4720 3402//4720
f 3404//4721 3413//4721 3412//4721 3403//4721
f 3406//4722 3414//4722 3413//4722 3404//4722
f 3407//4723 3415//4723 3414//4723 3406//4723
f 3421//4724 3422//4724 3251//4724 3250//4724
f 3408//4725 3423//4725 3422//4725 3421//4725
f 3410//4726 3424//4726 3423//4726 3409//4726
f 3413//4727 3425//4727 3424//4727 3412//4727
f 3414//4728 3426//4728 3425//4728 3413//4728
f 3423//4729 3428//4729 3427//4729 3422//4729
f 3424//4730 3429//4730 3428//4730 3423//4730
f 3425//4731 3430//4731 3429//4731 3424//4731
f 3426//4732 3431//4732 3430//4732 3425//4732
f 2902//4733 3460//4733 3420//4733 2876//4733
f 2906//4734 3461//4734 3460//4734 2905//4734
f 3463//4735 3462//4735 3460//4735 3461//4735
f 2908//4736 3463//4736 3461//4736 2906//4736
f 2912//4737 3483//4737 3463//4737 2911//4737
f 2923//4738 3465//4738 3483//4738 2912//4738
f 2915//4739 3466//4739 3465//4739 2923//4739
f 2924//4740 3468//4740 3466//4740 2916//4740
f 3465//4741 3464//4741 3463//4741 3483//4741
f 3468//4742 3467//4742 3465//4742 3466//4742
f 3460//4743 3469//4743 3405//4743 3420//4743
f 3470//4744 3407//4744 3405//4744 3469//4744
f 3462//4745 3470//4745 3469//4745 3460//4745
f 3463//4746 3471//4746 3470//4746 3462//4746
f 3464//4747 3473//4747 3471//4747 3463//4747
f 3465//4748 3474//4748 3473//4748 3464//4748
f 3467//4749 3476//4749 3474//4749 3465//4749
f 3468//4750 3477//4750 3476//4750 3467//4750
f 3473//4751 3472//4751 3470//4751 3471//4751
f 3476//4752 3475//4752 3473//4752 3474//4752
f 3470//4753 3432//4753 3426//4753 3416//4753
f 3472//4754 3434//4754 3433//4754 3470//4754
f 3473//4755 3435//4755 3434//4755 3472//4755
f 3475//4756 3438//4756 3437//4756 3473//4756
f 3476//4757 3439//4757 3438//4757 3475//4757
f 3477//4758 3442//4758 3441//4758 3476//4758
f 3433//4759 3444//4759 3443//4759 3432//4759
f 3434//4760 3445//4760 3444//4760 3433//4760
f 3435//4761 3446//4761 3445//4761 3434//4761
f 3436//4762 3447//4762 3446//4762 3435//4762
f 3437//4763 3448//4763 3447//4763 3436//4763
f 3438//4764 3449//4764 3448//4764 3437//4764
f 3439//4765 3450//4765 3449//4765 3438//4765
f 3440//4766 3451//4766 3450//4766 3439//4766
f 3441//4767 3452//4767 3451//4767 3440//4767
f 3442//4768 3453//4768 3452//4768 3441//4768
f 3443//4769 3478//4769 3431//4769 3426//4769
f 3445//4770 3479//4770 3478//4770 3444//4770
f 3446//4771 3480//4771 3479//4771 3445//4771
f 3449//4772 3481//4772 3480//4772 3448//4772
f 3450//4773 3454//4773 3481//4773 3449//4773
f 3451//4774 3455//4774 3454//4774 3450//4774
f 3452//4775 3456//4775 3455//4775 3451//4775
f 3453//4776 3482//4776 3456//4776 3452//4776
f 3455//4777 3458//4777 3457//4777 3454//4777
f 3456//4778 3459//4778 3458//4778 3455//4778
f 2959//4779 3487//4779 3468//4779 2924//4779
f 2966//4780 3484//4780 3487//4780 2965//4780
f 2967//4781 3485//4781 3484//4781 2966//4781
f 2968//4782 3489//4782 3485//4782 2967//4782
f 3487//4783 3488//4783 3477//4783 3468//4783
f 3003//4784 3490//4784 3301//4784 2784//4784
f 3004//4785 3491//4785 3490//4785 3003//4785
f 3005//4786 3492//4786 3491//4786 3004//4786
f 3006//4787 3493//4787 3492//4787 3005//4787
f 3007//4788 3494//4788 3493//4788 3006//4788
f 3008//4789 3530//4789 3494//4789 3007//4789
f 3491//4790 3496//4790 3495//4790 3490//4790
f 3492//4791 3497//4791 3496//4791 3491//4791
f 3493//4792 3498//4792 3497//4792 3492//4792
f 3494//4793 3499//4793 3498//4793 3493//4793
f 3496//4790 3501//4790 3500//4790 3495//4790
f 3497//4791 3502//4791 3501//4791 3496//4791
f 3498//4792 3503//4792 3502//4792 3497//4792
f 3499//4794 3504//4794 3503//4794 3498//4794
f 3530//925 3531//925 3504//925 3499//925
f 3501//4790 3506//4790 3505//4790 3500//4790
f 3502//4791 3507//4791 3506//4791 3501//4791
f 3503//4795 3508//4795 3507//4795 3502//4795
f 3504//4796 3509//4796 3508//4796 3503//4796
f 3505//924 3510//924 3302//924 3301//924
f 3506//4790 3511//4790 3510//4790 3505//4790
f 3507//4791 3512//4791 3511//4791 3506//4791
f 3508//4797 3513//4797 3512//4797 3507//4797
f 3509//4798 3514//4798 3513//4798 3508//4798
f 3531//1139 3532//1139 3514//1139 3509//1139
f 3511//4790 3516//4790 3515//4790 3510//4790
f 3512//4791 3517//4791 3516//4791 3511//4791
f 3513//4799 3518//4799 3517//4799 3512//4799
f 3514//4800 3519//4800 3518//4800 3513//4800
f 3516//4790 3521//4790 3520//4790 3515//4790
f 3517//4791 3522//4791 3521//4791 3516//4791
f 3518//4799 3523//4799 3522//4799 3517//4799
f 3519//4800 3524//4800 3523//4800 3518//4800
f 3532//1140 3533//1140 3524//1140 3519//1140
f 3521//4790 3526//4790 3525//4790 3520//4790
f 3522//4791 3527//4791 3526//4791 3521//4791
f 3523//4799 3528//4799 3527//4799 3522//4799
f 3524//4800 3529//4800 3528//4800 3523//4800
f 3035//4801 3560//4801 3534//4801 3034//4801
f 3560//4802 3035//4802 2863//4802 3360//4802
f 3036//4803 3558//4803 3530//4803 3009//4803
f 3038//4804 3559//4804 3558//4804 3037//4804
f 3040//4805 3535//4805 3559//4805 3039//4805
f 3041//4806 3536//4806 3535//4806 3040//4806
f 3536//4807 3041//4807 3034//4807 3534//4807
f 3536//4808 3539//4808 3538//4808 3535//4808
f 3539//4809 3536//4809 3534//4809 3537//4809
f 3560//4810 3563//4810 3540//4810 3537//4810
f 3563//4811 3560//4811 3360//4811 3365//4811
f 3558//4812 3561//4812 3531//4812 3530//4812
f 3559//935 3562//935 3561//935 3558//935
f 3538//4813 3541//4813 3562//4813 3559//4813
f 3539//4814 3542//4814 3541//4814 3538//4814
f 3542//4815 3539//4815 3537//4815 3540//4815
f 3542//4816 3545//4816 3544//4816 3541//4816
f 3545//4817 3542//4817 3540//4817 3543//4817
f 3563//4818 3564//4818 3546//4818 3543//4818
f 3564//4819 3563//4819 3365//4819 3370//4819
f 3561//4820 3566//4820 3532//4820 3531//4820
f 3544//4821 3547//4821 3566//4821 3562//4821
f 3545//4822 3548//4822 3547//4822 3544//4822
f 3548//4823 3545//4823 3543//4823 3546//4823
f 3548//4824 3551//4824 3550//4824 3547//4824
f 3551//4825 3548//4825 3546//4825 3549//4825
f 3564//4826 3565//4826 3552//4826 3549//4826
f 3565//4827 3564//4827 3370//4827 3375//4827
f 3551//4828 3554//4828 3553//4828 3550//4828
f 3554//4829 3551//4829 3549//4829 3552//4829
f 3554//4828 3557//4828 3556//4828 3553//4828
f 3557//4830 3554//4830 3552//4830 3555//4830
f 3574//4831 3567//4831 3442//4831 3477//4831
f 3567//4832 3570//4832 3453//4832 3442//4832
f 3568//4833 3571//4833 3570//4833 3567//4833
f 3569//4834 3572//4834 3571//4834 3568//4834
f 3570//4835 3573//4835 3482//4835 3453//4835
f 3576//4836 3575//4836 3484//4836 3485//4836
f 3606//4837 3576//4837 3485//4837 3489//4837
f 3577//4838 3605//4838 3487//4838 3486//4838
f 3575//4839 3577//4839 3486//4839 3484//4839
f 3576//4840 3578//4840 3577//4840 3575//4840
f 3608//4841 3574//4841 3477//4841 3488//4841
f 3605//4842 3608//4842 3488//4842 3487//4842
f 3577//4843 3609//4843 3608//4843 3605//4843
f 3606//4844 3580//4844 3609//4844 3579//4844
f 3607//4845 3610//4845 3581//4845 3606//4845
f 3581//4846 3583//4846 3582//4846 3580//4846
f 3584//4847 3611//4847 3609//4847 3582//4847
f 3585//4848 3584//4848 3582//4848 3583//4848
f 3612//4849 3585//4849 3583//4849 3610//4849
f 3608//4850 3586//4850 3568//4850 3574//4850
f 3587//4851 3569//4851 3568//4851 3586//4851
f 3609//4852 3589//4852 3588//4852 3608//4852
f 3611//4853 3590//4853 3589//4853 3609//4853
f 3584//4854 3592//4854 3591//4854 3611//4854
f 3585//4855 3593//4855 3592//4855 3584//4855
f 3612//4856 3594//4856 3593//4856 3585//4856
f 3587//4857 3596//4857 3572//4857 3569//4857
f 3588//4858 3597//4858 3596//4858 3587//4858
f 3589//4859 3598//4859 3597//4859 3588//4859
f 3590//4860 3599//4860 3598//4860 3589//4860
f 3591//4861 3600//4861 3599//4861 3590//4861
f 3592//4862 3601//4862 3600//4862 3591//4862
f 3593//4863 3602//4863 3601//4863 3592//4863
f 3594//4864 3603//4864 3602//4864 3593//4864
f 3595//4865 3604//4865 3603//4865 3594//4865
f 3596//4866 3613//4866 3573//4866 3572//4866
f 3598//4867 3614//4867 3613//4867 3597//4867
f 3599//4868 3615//4868 3614//4868 3598//4868
f 3601//4869 3616//4869 3615//4869 3600//4869
f 3603//4870 3617//4870 3616//4870 3602//4870
f 3621//4871 3619//4871 3618//4871 3620//4871
f 3624//4872 3620//4872 3630//4872 3632//4872
f 3625//4873 3624//4873 3622//4873 3623//4873
f 3625//4874 3621//4874 3620//4874 3624//4874
f 3627//4875 3623//4875 3622//4875 3626//4875
f 3624//4876 3628//4876 3626//4876 3622//4876
f 3627//4877 3635//4877 3633//4877 3631//4877
f 3635//4878 3628//4878 3632//4878 3634//4878
f 3636//4879 3042//4879 3044//4879 3644//4879
f 3637//4880 3043//4880 3042//4880 3636//4880
f 3641//4881 3640//4881 3638//4881 3639//4881
f 3641//4882 3637//4882 3636//4882 3640//4882
f 3651//4883 3650//4883 3646//4883 3647//4883
f 3651//4884 3638//4884 3644//4884 3650//4884
f 3648//4885 3642//4885 3629//4885 3619//4885
f 3649//4886 3643//4886 3642//4886 3648//4886
f 3650//4887 3644//4887 3643//4887 3649//4887
f 3650//4888 3649//4888 3645//4888 3646//4888
f 3668//4889 3646//4889 3645//4889 3656//4889
f 3658//4890 3657//4890 3655//4890 3656//4890
f 3658//4891 3649//4891 3648//4891 3657//4891
f 3649//4892 3658//4892 3656//4892 3645//4892
f 3657//4893 3648//4893 3621//4893 3625//4893
f 3668//4894 3656//4894 3652//4894 3653//4894
f 3657//4895 3627//4895 3631//4895 3655//4895
f 3665//4896 3664//4896 3660//4896 3661//4896
f 3664//4897 3653//4897 3652//4897 3663//4897
f 3665//4898 3654//4898 3653//4898 3664//4898
f 3667//4899 3666//4899 3662//4899 3663//4899
f 3667//4900 3656//4900 3655//4900 3666//4900
f 3656//4901 3667//4901 3663//4901 3652//4901
f 3666//4902 3655//4902 3631//4902 3633//4902
f 3664//4903 3663//4903 3659//4903 3660//4903
f 3670//4904 3651//4904 3647//4904 3669//4904
f 3670//4905 3746//4905 3639//4905 3651//4905
f 3674//4906 3673//4906 3670//4906 3671//4906
f 3675//4907 3674//4907 3671//4907 3672//4907
f 3679//4908 3678//4908 3676//4908 3677//4908
f 3680//4909 3670//4909 3669//4909 3678//4909
f 3681//4910 3680//4910 3678//4910 3679//4910
f 3681//4911 3671//4911 3670//4911 3680//4911
f 3682//4912 3681//4912 3679//4912 3747//4912
f 3682//4913 3672//4913 3671//4913 3681//4913
f 3675//4914 3685//4914 3684//4914 3674//4914
f 3685//4915 3675//4915 3672//4915 3682//4915
f 3688//4916 3668//4916 3654//4916 3686//4916
f 3688//4917 3676//4917 3647//4917 3668//4917
f 3689//4918 3688//4918 3686//4918 3687//4918
f 3689//4919 3677//4919 3676//4919 3688//4919
f 3693//4920 3679//4920 3677//4920 3689//4920
f 3694//4921 3693//4921 3689//4921 3690//4921
f 3694//4922 3747//4922 3679//4922 3693//4922
f 3695//4923 3694//4923 3690//4923 3691//4923
f 3696//4924 3695//4924 3691//4924 3692//4924
f 3683//4925 3698//4925 3697//4925 3682//4925
f 3698//4926 3683//4926 3747//4926 3695//4926
f 3685//4927 3700//4927 3699//4927 3684//4927
f 3700//4928 3685//4928 3682//4928 3697//4928
f 3704//4929 3703//4929 3701//4929 3702//4929
f 3704//4930 3687//4930 3686//4930 3703//4930
f 3705//4931 3689//4931 3687//4931 3704//4931
f 3706//4932 3705//4932 3704//4932 3748//4932
f 3706//4933 3690//4933 3689//4933 3705//4933
f 3707//4934 3691//4934 3690//4934 3706//4934
f 3708//4935 3707//4935 3748//4935 3749//4935
f 3708//4936 3692//4936 3691//4936 3707//4936
f 3751//4937 3709//4937 3749//4937 3750//4937
f 3696//4938 3711//4938 3710//4938 3695//4938
f 3711//4939 3696//4939 3692//4939 3708//4939
f 3698//4940 3713//4940 3712//4940 3697//4940
f 3713//4941 3698//4941 3695//4941 3710//4941
f 3700//4942 3715//4942 3714//4942 3699//4942
f 3715//4943 3700//4943 3697//4943 3712//4943
f 3719//4944 3718//4944 3716//4944 3717//4944
f 3755//4945 3665//4945 3661//4945 3752//4945
f 3755//4946 3701//4946 3654//4946 3665//4946
f 3756//4947 3755//4947 3752//4947 3718//4947
f 3756//4948 3748//4948 3702//4948 3755//4948
f 3757//4949 3756//4949 3719//4949 3753//4949
f 3720//4950 3757//4950 3753//4950 3754//4950
f 3757//4951 3749//4951 3748//4951 3756//4951
f 3722//4952 3750//4952 3749//4952 3757//4952
f 3723//4953 3722//4953 3720//4953 3721//4953
f 3709//4954 3725//4954 3724//4954 3708//4954
f 3751//4955 3726//4955 3725//4955 3709//4955
f 3726//4956 3751//4956 3750//4956 3722//4956
f 3711//4957 3727//4957 3758//4957 3710//4957
f 3727//4958 3711//4958 3708//4958 3724//4958
f 3728//4959 3727//4959 3724//4959 3725//4959
f 3713//4960 3730//4960 3729//4960 3712//4960
f 3730//4961 3713//4961 3710//4961 3758//4961
f 3759//4962 3730//4962 3758//4962 3727//4962
f 3731//4963 3715//4963 3712//4963 3729//4963
f 3732//4964 3731//4964 3729//4964 3730//4964
f 3752//4965 3661//4965 1084//4965 1086//4965
f 3733//4966 3752//4966 1086//4966 1087//4966
f 3734//4967 3717//4967 3716//4967 3733//4967
f 3753//4968 3734//4968 1087//4968 1088//4968
f 3735//4969 3719//4969 3717//4969 3734//4969
f 3723//4970 3737//4970 3736//4970 3722//4970
f 3726//4971 3739//4971 3738//4971 3725//4971
f 3739//4972 3726//4972 3722//4972 3736//4972
f 3740//4973 3739//4973 3736//4973 3737//4973
f 3728//4974 3742//4974 3741//4974 3727//4974
f 3742//4975 3728//4975 3725//4975 3738//4975
f 3732//4976 3745//4976 3744//4976 3731//4976
f 3745//4977 3732//4977 3730//4977 3743//4977
f 3765//4978 3764//4978 1114//4978 1115//4978
f 3767//4979 3766//4979 1115//4979 1116//4979
f 3761//4980 3767//4980 1116//4980 1105//4980
f 3762//4981 3768//4981 3767//4981 3761//4981
f 3770//4982 3769//4982 3763//4982 3764//4982
f 3771//4983 3770//4983 3764//4983 3765//4983
f 3772//4984 3771//4984 3765//4984 3766//4984
f 3773//4985 3772//4985 3766//4985 3767//4985
f 3774//4986 3773//4986 3767//4986 3768//4986
f 3775//4987 3721//4987 3754//4987 3792//4987
f 3777//4988 3776//4988 3792//4988 3769//4988
f 3778//4989 3723//4989 3721//4989 3775//4989
f 3792//4990 3754//4990 1088//4990 1113//4990
f 3779//4991 3792//4991 1113//4991 1114//4991
f 3780//4992 3764//4992 3763//4992 3779//4992
f 3770//4993 3782//4993 3781//4993 3769//4993
f 3771//4994 3783//4994 3782//4994 3770//4994
f 3772//4995 3784//4995 3783//4995 3771//4995
f 3773//4996 3785//4996 3784//4996 3772//4996
f 3774//4997 3786//4997 3785//4997 3773//4997
f 3776//4998 3788//4998 3787//4998 3775//4998
f 3777//4999 3789//4999 3788//4999 3776//4999
f 3789//5000 3777//5000 3769//5000 3781//5000
f 3790//5001 3789//5001 3781//5001 3782//5001
f 3778//5002 3791//5002 3737//5002 3723//5002
f 3791//5003 3778//5003 3775//5003 3787//5003
f 3057//5004 3794//5004 1132//5004 655//5004
f 3054//5005 3795//5005 3794//5005 3057//5005
f 3055//5006 3796//5006 3795//5006 3054//5006
f 3056//5007 3797//5007 3796//5007 3055//5007
f 3798//5008 3840//5008 1131//5008 1132//5008
f 3794//5009 3799//5009 3798//5009 3793//5009
f 3795//5010 3800//5010 3799//5010 3794//5010
f 3802//5011 3801//5011 3799//5011 3800//5011
f 3796//5012 3802//5012 3800//5012 3795//5012
f 3797//5013 3803//5013 3802//5013 3796//5013
f 3840//5014 3805//5014 1138//5014 1131//5014
f 3798//5015 3806//5015 3805//5015 3840//5015
f 3799//5016 3807//5016 3806//5016 3798//5016
f 3801//5017 3808//5017 3807//5017 3799//5017
f 3802//5018 3842//5018 3808//5018 3801//5018
f 3809//5019 3841//5019 1137//5019 1138//5019
f 3805//5020 3810//5020 3809//5020 3804//5020
f 3806//5021 3811//5021 3810//5021 3805//5021
f 3807//5022 3812//5022 3811//5022 3806//5022
f 3814//5023 3813//5023 3811//5023 3812//5023
f 3808//5024 3814//5024 3812//5024 3807//5024
f 3815//5025 3760//5025 1105//5025 1145//5025
f 3841//5026 3816//5026 1145//5026 1137//5026
f 3809//5027 3817//5027 3816//5027 3841//5027
f 3810//5028 3818//5028 3817//5028 3809//5028
f 3811//5029 3843//5029 3818//5029 3810//5029
f 3842//5030 3820//5030 3843//5030 3814//5030
f 3815//5031 3822//5031 3762//5031 3760//5031
f 3816//5032 3823//5032 3822//5032 3815//5032
f 3817//5033 3824//5033 3823//5033 3816//5033
f 3818//5034 3825//5034 3824//5034 3817//5034
f 3827//5035 3826//5035 3824//5035 3825//5035
f 3819//5036 3827//5036 3825//5036 3818//5036
f 3821//5037 3829//5037 3828//5037 3820//5037
f 3822//5038 3830//5038 3768//5038 3762//5038
f 3823//5039 3831//5039 3830//5039 3822//5039
f 3824//5040 3844//5040 3831//5040 3823//5040
f 3832//5041 3774//5041 3768//5041 3830//5041
f 3833//5042 3832//5042 3830//5042 3831//5042
f 3843//5043 3845//5043 3844//5043 3827//5043
f 3828//5044 3834//5044 3845//5044 3843//5044
f 3829//5045 3835//5045 3834//5045 3828//5045
f 3832//5046 3836//5046 3786//5046 3774//5046
f 3833//5047 3837//5047 3836//5047 3832//5047
f 3835//5048 3839//5048 3838//5048 3834//5048
f 3100//5049 3846//5049 3797//5049 3056//5049
f 3101//5050 3847//5050 3846//5050 3100//5050
f 3110//5051 3854//5051 3847//5051 3101//5051
f 3111//5052 3855//5052 3854//5052 3110//5052
f 3112//5053 3856//5053 3855//5053 3111//5053
f 3113//5054 3857//5054 3856//5054 3112//5054
f 3846//5055 3848//5055 3803//5055 3797//5055
f 3847//5056 3849//5056 3848//5056 3846//5056
f 3848//5057 3850//5057 3842//5057 3803//5057
f 3849//5058 3851//5058 3850//5058 3848//5058
f 3854//5059 3858//5059 3851//5059 3849//5059
f 3855//5060 3859//5060 3858//5060 3854//5060
f 3856//5061 3860//5061 3859//5061 3855//5061
f 3857//5062 3861//5062 3860//5062 3856//5062
f 3851//5063 3853//5063 3852//5063 3850//5063
f 3852//5064 3868//5064 3821//5064 3842//5064
f 3859//5065 3862//5065 3868//5065 3858//5065
f 3860//5066 3863//5066 3862//5066 3859//5066
f 3861//5067 3864//5067 3863//5067 3860//5067
f 3863//5068 3866//5068 3865//5068 3862//5068
f 3864//5069 3867//5069 3866//5069 3863//5069
f 3137//5070 3869//5070 3857//5070 3113//5070
f 3138//5071 3870//5071 3869//5071 3137//5071
f 3143//5072 3889//5072 3870//5072 3138//5072
f 3139//5073 3871//5073 3889//5073 3143//5073
f 3140//5074 3872//5074 3871//5074 3139//5074
f 3141//5075 3873//5075 3872//5075 3140//5075
f 3869//5070 3874//5070 3861//5070 3857//5070
f 3870//5076 3875//5076 3874//5076 3869//5076
f 3872//5077 3877//5077 3876//5077 3871//5077
f 3873//5078 3878//5078 3877//5078 3872//5078
f 3874//5079 3879//5079 3864//5079 3861//5079
f 3875//5080 3880//5080 3879//5080 3874//5080
f 3889//1031 3890//1031 3880//1031 3875//1031
f 3876//5081 3881//5081 3890//5081 3889//5081
f 3877//5082 3882//5082 3881//5082 3876//5082
f 3878//5083 3883//5083 3882//5083 3877//5083
f 3879//5084 3884//5084 3867//5084 3864//5084
f 3880//5085 3885//5085 3884//5085 3879//5085
f 3882//5082 3887//5082 3886//5082 3881//5082
f 3883//5086 3888//5086 3887//5086 3882//5086
f 3186//5087 3891//5087 3873//5087 3141//5087
f 3198//1039 3939//1039 3892//1039 3187//1039
f 3199//4512 3940//4512 3939//4512 3198//4512
f 3188//5088 3893//5088 3891//5088 3186//5088
f 3189//5089 3894//5089 3893//5089 3188//5089
f 3190//5090 3895//5090 3894//5090 3189//5090
f 3191//5091 3896//5091 3895//5091 3190//5091
f 3896//5092 3191//5092 3187//5092 3892//5092
f 3893//5093 3899//5093 3897//5093 3891//5093
f 3894//4507 3900//4507 3899//4507 3893//4507
f 3895//5094 3901//5094 3900//5094 3894//5094
f 3896//5095 3902//5095 3901//5095 3895//5095
f 3902//5096 3896//5096 3892//5096 3898//5096
f 3897//5097 3903//5097 3878//5097 3873//5097
f 3939//1036 3941//1036 3904//1036 3898//1036
f 3940//5098 3942//5098 3941//5098 3939//5098
f 3899//5099 3905//5099 3903//5099 3897//5099
f 3900//5100 3906//5100 3905//5100 3899//5100
f 3901//5101 3907//5101 3906//5101 3900//5101
f 3902//5102 3908//5102 3907//5102 3901//5102
f 3908//5103 3902//5103 3898//5103 3904//5103
f 3905//5104 3911//5104 3909//5104 3903//5104
f 3906//4507 3912//4507 3911//4507 3905//4507
f 3907//5105 3913//5105 3912//5105 3906//5105
f 3908//5102 3914//5102 3913//5102 3907//5102
f 3914//5106 3908//5106 3904//5106 3910//5106
f 3909//5107 3915//5107 3883//5107 3878//5107
f 3941//1036 3943//1036 3916//1036 3910//1036
f 3942//5098 3944//5098 3943//5098 3941//5098
f 3911//5108 3917//5108 3915//5108 3909//5108
f 3912//4507 3918//4507 3917//4507 3911//4507
f 3913//4530 3919//4530 3918//4530 3912//4530
f 3914//5109 3920//5109 3919//5109 3913//5109
f 3920//5110 3914//5110 3910//5110 3916//5110
f 3917//5111 3923//5111 3921//5111 3915//5111
f 3918//5112 3924//5112 3923//5112 3917//5112
f 3919//5113 3925//5113 3924//5113 3918//5113
f 3920//5109 3926//5109 3925//5109 3919//5109
f 3926//5114 3920//5114 3916//5114 3922//5114
f 3921//5115 3927//5115 3888//5115 3883//5115
f 3943//5116 3945//5116 3928//5116 3922//5116
f 3944//5117 3946//5117 3945//5117 3943//5117
f 3923//5118 3929//5118 3927//5118 3921//5118
f 3924//4519 3930//4519 3929//4519 3923//4519
f 3925//5119 3931//5119 3930//5119 3924//5119
f 3926//5120 3932//5120 3931//5120 3925//5120
f 3932//5121 3926//5121 3922//5121 3928//5121
f 3929//5122 3935//5122 3933//5122 3927//5122
f 3930//5123 3936//5123 3935//5123 3929//5123
f 3931//5124 3937//5124 3936//5124 3930//5124
f 3932//5125 3938//5125 3937//5125 3931//5125
f 3938//5126 3932//5126 3928//5126 3934//5126
f 3212//5127 3947//5127 3940//5127 3199//5127
f 3213//5128 3948//5128 3947//5128 3212//5128
f 3214//5129 3949//5129 3948//5129 3213//5129
f 3215//5130 3950//5130 3949//5130 3214//5130
f 3947//5127 3951//5127 3942//5127 3940//5127
f 3948//4542 3952//4542 3951//4542 3947//4542
f 3949//5131 3953//5131 3952//5131 3948//5131
f 3950//5132 3954//5132 3953//5132 3949//5132
f 3951//5127 3955//5127 3944//5127 3942//5127
f 3952//4542 3956//4542 3955//4542 3951//4542
f 3953//5131 3957//5131 3956//5131 3952//5131
f 3954//5133 3958//5133 3957//5133 3953//5133
f 3955//5134 3959//5134 3946//5134 3944//5134
f 3956//5135 3960//5135 3959//5135 3955//5135
f 3957//5136 3961//5136 3960//5136 3956//5136
f 3958//5137 3962//5137 3961//5137 3957//5137
f 3234//5138 3981//5138 3950//5138 3215//5138
f 3236//5139 3983//5139 3982//5139 3235//5139
f 3237//5140 3984//5140 3983//5140 3236//5140
f 3981//5141 3963//5141 3954//5141 3950//5141
f 3983//5142 3986//5142 3985//5142 3982//5142
f 3984//5143 3987//5143 3986//5143 3983//5143
f 3964//5144 3966//5144 3958//5144 3954//5144
f 3985//5145 3988//5145 3967//5145 3965//5145
f 3986//5146 3989//5146 3988//5146 3985//5146
f 3987//5147 3990//5147 3989//5147 3986//5147
f 3968//5148 3971//5148 3962//5148 3958//5148
f 3988//5149 3992//5149 3972//5149 3969//5149
f 3989//5150 3993//5150 3992//5150 3988//5150
f 3990//5151 3973//5151 3993//5151 3989//5151
f 3979//5152 3980//5152 3976//5152 3975//5152
f 3974//5153 3980//5153 3979//5153 3973//5153
f 3980//5154 3974//5154 3970//5154 3976//5154
f 3251//5155 4028//5155 3984//5155 3237//5155
f 4028//5156 4029//5156 3987//5156 3984//5156
f 4035//5157 4036//5157 4034//5157 4033//5157
f 4030//5158 4036//5158 4035//5158 3994//5158
f 4029//5159 4001//5159 3990//5159 3987//5159
f 3995//5160 4003//5160 4002//5160 4029//5160
f 4003//5161 4004//5161 4000//5161 3999//5161
f 3997//5162 4035//5162 4004//5162 3996//5162
f 4000//5163 4008//5163 4007//5163 3999//5163
f 4008//5164 4035//5164 4033//5164 4032//5164
f 4009//5165 4010//5165 4006//5165 4005//5165
f 4002//5166 4010//5166 4009//5166 4001//5166
f 4010//5167 4011//5167 4007//5167 4006//5167
f 4003//5168 4011//5168 4010//5168 4002//5168
f 4011//5169 4003//5169 3999//5169 4007//5169
f 4038//5170 4039//5170 1162//5170 1161//5170
f 4039//5171 4040//5171 1163//5171 1162//5171
f 4042//5172 4043//5172 4039//5172 4038//5172
f 4043//5173 4044//5173 4040//5173 4039//5173
f 4014//5174 4045//5174 4043//5174 4042//5174
f 4033//5175 4045//5175 4014//5175 4032//5175
f 4045//5176 4046//5176 4044//5176 4043//5176
f 4034//5177 4046//5177 4045//5177 4033//5177
f 4046//5178 4034//5178 4031//5178 4044//5178
f 4016//5179 4017//5179 4013//5179 4012//5179
f 4017//5180 4018//5180 4014//5180 4013//5180
f 4019//5181 4020//5181 4016//5181 4015//5181
f 4006//5182 4020//5182 4019//5182 4005//5182
f 4020//5183 4047//5183 4017//5183 4016//5183
f 4007//5184 4047//5184 4020//5184 4006//5184
f 4047//5185 4007//5185 4032//5185 4017//5185
f 3974//5186 4021//5186 4019//5186 3970//5186
f 4009//5187 4021//5187 3974//5187 3990//5187
f 4021//5188 4009//5188 4005//5188 4019//5188
f 4037//5189 4038//5189 1161//5189 1160//5189
f 4041//5190 4042//5190 4038//5190 4037//5190
f 4023//5191 4024//5191 4042//5191 4041//5191
f 4013//5192 4024//5192 4023//5192 4012//5192
f 4025//5193 4026//5193 4023//5193 4022//5193
f 4016//5194 4026//5194 4025//5194 4015//5194
f 4026//5195 4016//5195 4012//5195 4023//5195
f 3976//5196 4027//5196 4025//5196 3991//5196
f 4019//5197 4027//5197 3976//5197 3970//5197
f 4027//5198 4019//5198 4015//5198 4025//5198
f 4036//5199 4072//5199 4068//5199 4034//5199
f 4064//5200 4072//5200 4036//5200 4030//5200
f 4072//5201 4073//5201 4069//5201 4068//5201
f 4065//5202 4073//5202 4072//5202 4064//5202
f 4073//5203 4074//5203 4070//5203 4069//5203
f 4084//5204 4074//5204 4073//5204 4065//5204
f 4074//5205 4075//5205 4071//5205 4070//5205
f 4050//5206 4051//5206 4049//5206 4048//5206
f 4034//5207 4068//5207 4050//5207 4031//5207
f 4068//5208 4069//5208 4066//5208 4051//5208
f 4069//5209 4070//5209 4067//5209 4066//5209
f 4040//5210 4076//5210 1176//5210 1163//5210
f 4076//5211 4077//5211 1177//5211 1176//5211
f 4077//5212 4078//5212 1178//5212 1177//5212
f 4044//5213 4080//5213 4076//5213 4040//5213
f 4080//5214 4081//5214 4077//5214 4076//5214
f 4081//5215 4082//5215 4078//5215 4077//5215
f 4082//5216 4052//5216 4079//5216 4078//5216
f 4050//5217 4080//5217 4044//5217 4031//5217
f 4066//5218 4081//5218 4080//5218 4051//5218
f 4067//5219 4082//5219 4081//5219 4066//5219
f 4070//5220 4083//5220 4082//5220 4067//5220
f 4083//5221 4055//5221 4053//5221 4082//5221
f 4071//5222 4055//5222 4083//5222 4070//5222
f 4055//5223 4056//5223 4054//5223 4053//5223
f 4057//5224 4058//5224 4056//5224 4055//5224
f 4078//5225 4079//5225 1179//5225 1178//5225
f 4053//5226 4061//5226 4059//5226 4052//5226
f 4061//5227 4062//5227 4060//5227 4059//5227
f 4054//5228 4062//5228 4061//5228 4053//5228
f 4056//5229 4063//5229 4062//5229 4054//5229
f 4075//5230 4119//5230 4118//5230 4071//5230
f 4058//5231 4086//5231 4085//5231 4056//5231
f 4118//5232 4086//5232 4058//5232 4071//5232
f 4119//5233 4122//5233 4086//5233 4118//5233
f 4122//5234 4123//5234 4088//5234 4087//5234
f 4120//5235 4123//5235 4122//5235 4119//5235
f 4079//5236 4091//5236 1207//5236 1179//5236
f 4093//5237 4094//5237 1203//5237 1202//5237
f 4096//5238 4098//5238 4093//5238 4092//5238
f 4098//5239 4099//5239 4094//5239 4093//5239
f 4060//5240 4100//5240 4095//5240 4079//5240
f 4100//5241 4101//5241 4097//5241 4095//5241
f 4062//5242 4102//5242 4100//5242 4060//5242
f 4102//5243 4103//5243 4101//5243 4100//5243
f 4063//5244 4104//5244 4102//5244 4062//5244
f 4085//5245 4104//5245 4063//5245 4056//5245
f 4104//5246 4105//5246 4103//5246 4102//5246
f 4086//5247 4107//5247 4104//5247 4085//5247
f 4107//5248 4108//5248 4105//5248 4104//5248
f 4087//5249 4108//5249 4107//5249 4086//5249
f 4108//5250 4109//5250 4106//5250 4105//5250
f 4088//5251 4109//5251 4108//5251 4087//5251
f 4123//5252 4111//5252 4121//5252 4110//5252
f 4114//5253 4115//5253 4112//5253 4111//5253
f 4090//5254 4115//5254 4114//5254 4089//5254
f 4115//5255 4116//5255 4113//5255 4112//5255
f 4125//5256 3287//5256 3299//5256 4161//5256
f 4126//5257 3288//5257 3287//5257 4125//5257
f 4162//5258 3300//5258 3288//5258 4126//5258
f 4128//5259 3290//5259 3289//5259 4127//5259
f 3290//5260 4128//5260 4161//5260 3299//5260
f 3291//5261 4129//5261 4127//5261 3289//5261
f 3302//5262 4168//5262 4129//5262 3291//5262
f 4133//5263 4132//5263 4130//5263 4131//5263
f 4133//5264 4126//5264 4125//5264 4132//5264
f 4126//5265 4133//5265 4131//5265 4124//5265
f 4135//5266 4128//5266 4127//5266 4134//5266
f 4129//5267 4136//5267 4134//5267 4127//5267
f 4138//5268 4131//5268 4130//5268 4137//5268
f 4139//5269 4162//5269 4131//5269 4138//5269
f 4140//5270 4139//5270 3618//5270 3619//5270
f 4162//5271 4140//5271 3619//5271 3629//5271
f 4141//5272 4132//5272 4161//5272 4163//5272
f 4132//5273 4141//5273 4137//5273 4130//5273
f 4143//5274 4135//5274 4134//5274 4142//5274
f 4135//5275 4143//5275 4163//5275 4161//5275
f 4136//5276 4144//5276 4142//5276 4134//5276
f 4146//5277 4138//5277 4137//5277 4145//5277
f 4147//5278 4146//5278 3630//5278 3620//5278
f 4147//5279 4139//5279 4138//5279 4146//5279
f 4139//5280 4147//5280 3620//5280 3618//5280
f 4141//5281 4148//5281 4145//5281 4137//5281
f 4150//5282 4143//5282 4142//5282 4149//5282
f 4144//5283 4151//5283 4149//5283 4142//5283
f 4146//5284 4165//5284 3632//5284 3630//5284
f 4165//5285 4148//5285 4163//5285 4164//5285
f 4153//5286 4150//5286 4149//5286 4152//5286
f 4150//5287 4153//5287 4164//5287 4163//5287
f 4151//5288 4154//5288 4152//5288 4149//5288
f 4168//5289 4169//5289 4154//5289 4151//5289
f 4154//5290 4156//5290 4155//5290 4152//5290
f 4167//5291 4165//5291 4164//5291 4166//5291
f 4165//5292 4167//5292 3634//5292 3632//5292
f 4155//5293 4157//5293 4166//5293 4164//5293
f 4156//5294 4158//5294 4157//5294 4155//5294
f 4158//5295 4160//5295 4159//5295 4157//5295
f 4186//5296 3371//5296 3300//5296 4162//5296
f 4176//5297 4186//5297 3643//5297 3644//5297
f 4176//5298 3373//5298 3372//5298 4186//5298
f 3373//5299 4176//5299 3644//5299 3044//5299
f 4170//5300 3354//5300 3043//5300 3637//5300
f 4172//5301 3356//5301 3355//5301 4171//5301
f 4173//5302 3357//5302 3356//5302 4172//5302
f 4177//5303 3374//5303 3357//5303 4173//5303
f 4178//5304 3375//5304 3374//5304 4177//5304
f 4186//5305 4162//5305 3629//5305 3642//5305
f 4175//5306 4173//5306 4172//5306 4174//5306
f 4180//5307 4177//5307 4175//5307 4179//5307
f 4181//5308 4178//5308 4177//5308 4180//5308
f 4182//5309 4180//5309 4179//5309 4187//5309
f 4183//5310 4181//5310 4180//5310 4182//5310
f 4185//5311 4183//5311 4182//5311 4184//5311
f 4188//5312 4170//5312 3637//5312 3746//5312
f 4188//5313 3376//5313 3354//5313 4170//5313
f 3377//5314 4189//5314 4171//5314 3355//5314
f 4189//5315 3377//5315 3376//5315 4188//5315
f 4206//5316 4172//5316 4171//5316 4189//5316
f 4192//5317 4189//5317 4188//5317 4190//5317
f 4191//5318 4194//5318 4193//5318 4190//5318
f 4194//5319 4191//5319 3746//5319 3674//5319
f 4195//5320 4192//5320 4190//5320 4193//5320
f 4206//5321 4207//5321 4179//5321 4174//5321
f 4207//5322 4206//5322 4192//5322 4195//5322
f 4194//5323 4197//5323 4196//5323 4193//5323
f 4197//5324 4194//5324 3674//5324 3684//5324
f 4198//5325 4195//5325 4193//5325 4196//5325
f 4197//5326 4200//5326 4199//5326 4196//5326
f 4200//5327 4197//5327 3684//5327 3699//5327
f 4201//5328 4198//5328 4196//5328 4199//5328
f 4202//5329 4201//5329 4199//5329 4200//5329
f 4207//5330 4209//5330 4187//5330 4179//5330
f 4209//5331 4207//5331 4198//5331 4201//5331
f 4203//5332 4200//5332 3699//5332 3714//5332
f 4208//5333 4203//5333 3714//5333 3715//5333
f 4202//5334 4205//5334 4204//5334 4201//5334
f 4205//5335 4202//5335 4200//5335 4203//5335
f 4208//5336 4211//5336 4210//5336 4203//5336
f 4211//5337 4208//5337 3715//5337 3731//5337
f 4212//5338 4209//5338 4204//5338 4210//5338
f 3392//5339 4213//5339 3981//5339 3234//5339
f 3393//5340 4214//5340 4213//5340 3392//5340
f 3397//5341 4229//5341 4214//5341 3393//5341
f 4229//5342 3397//5342 3235//5342 3982//5342
f 4214//5343 4216//5343 4215//5343 4213//5343
f 4215//5344 4217//5344 3963//5344 3981//5344
f 4216//5345 4218//5345 4217//5345 4215//5345
f 4229//5346 4230//5346 4218//5346 4216//5346
f 4230//5347 4229//5347 3982//5347 3985//5347
f 4217//5348 4219//5348 3964//5348 3963//5348
f 4218//5349 4220//5349 4219//5349 4217//5349
f 4220//5350 4230//5350 3985//5350 3965//5350
f 4219//5351 4221//5351 3966//5351 3964//5351
f 4220//5352 4222//5352 4221//5352 4219//5352
f 4222//5353 4220//5353 3965//5353 3967//5353
f 4221//5354 4223//5354 3968//5354 3966//5354
f 4222//5355 4224//5355 4223//5355 4221//5355
f 4224//5356 4222//5356 3967//5356 3969//5356
f 4223//5357 4225//5357 3971//5357 3968//5357
f 4224//5358 4226//5358 4225//5358 4223//5358
f 4226//5359 4224//5359 3969//5359 3972//5359
f 4225//5360 4227//5360 3977//5360 3971//5360
f 4226//5361 4228//5361 4227//5361 4225//5361
f 4228//5362 4226//5362 3972//5362 3978//5362
f 3427//5363 4251//5363 4028//5363 3251//5363
f 3428//5364 4252//5364 4251//5364 3427//5364
f 3429//5365 4253//5365 4252//5365 3428//5365
f 3430//5366 4254//5366 4253//5366 3429//5366
f 3431//5367 4255//5367 4254//5367 3430//5367
f 4251//5368 4256//5368 4029//5368 4028//5368
f 4252//5369 4231//5369 4256//5369 4251//5369
f 4253//5370 4233//5370 4232//5370 4252//5370
f 4237//5371 4238//5371 4234//5371 4233//5371
f 4238//5372 4239//5372 4235//5372 4234//5372
f 4254//5373 4239//5373 4238//5373 4253//5373
f 4239//5374 4240//5374 4236//5374 4235//5374
f 4255//5375 4241//5375 4239//5375 4254//5375
f 4241//5376 4242//5376 4240//5376 4239//5376
f 4256//5377 4243//5377 3995//5377 4029//5377
f 4232//5378 4244//5378 4243//5378 4231//5378
f 4244//5379 4245//5379 3997//5379 3996//5379
f 4233//5380 4245//5380 4244//5380 4232//5380
f 4245//5381 4246//5381 3998//5381 3997//5381
f 4234//5382 4246//5382 4245//5382 4233//5382
f 4246//5383 4247//5383 4030//5383 3998//5383
f 4235//5384 4247//5384 4246//5384 4234//5384
f 4236//5385 4248//5385 4247//5385 4235//5385
f 4243//5386 4249//5386 4003//5386 3995//5386
f 4249//5387 4250//5387 4004//5387 4003//5387
f 4244//5388 4250//5388 4249//5388 4243//5388
f 4250//5389 4244//5389 3996//5389 4004//5389
f 3478//5390 4257//5390 4255//5390 3431//5390
f 3479//5391 4259//5391 4258//5391 3478//5391
f 3480//5392 4260//5392 4259//5392 3479//5392
f 3481//5393 4263//5393 4262//5393 3480//5393
f 3457//5394 4264//5394 4263//5394 3481//5394
f 3458//5395 4265//5395 4264//5395 3457//5395
f 3459//5396 4266//5396 4265//5396 3458//5396
f 3482//5397 4267//5397 4266//5397 3459//5397
f 4272//5398 4273//5398 4269//5398 4268//5398
f 4258//5399 4273//5399 4272//5399 4257//5399
f 4273//5400 4274//5400 4270//5400 4269//5400
f 4274//5401 4275//5401 4271//5401 4270//5401
f 4259//5402 4276//5402 4273//5402 4258//5402
f 4276//5403 4277//5403 4274//5403 4273//5403
f 4260//5404 4277//5404 4276//5404 4259//5404
f 4277//5405 4278//5405 4275//5405 4274//5405
f 4278//5406 4279//5406 4296//5406 4275//5406
f 4261//5407 4281//5407 4277//5407 4260//5407
f 4281//5408 4282//5408 4278//5408 4277//5408
f 4262//5409 4282//5409 4281//5409 4261//5409
f 4282//5410 4283//5410 4279//5410 4278//5410
f 4283//5411 4284//5411 4280//5411 4279//5411
f 4263//5412 4285//5412 4282//5412 4262//5412
f 4285//5413 4286//5413 4283//5413 4282//5413
f 4264//5414 4286//5414 4285//5414 4263//5414
f 4286//5415 4287//5415 4284//5415 4283//5415
f 4287//5416 4288//5416 4297//5416 4284//5416
f 4265//5417 4290//5417 4286//5417 4264//5417
f 4290//5418 4291//5418 4287//5418 4286//5418
f 4266//5419 4291//5419 4290//5419 4265//5419
f 4291//5420 4292//5420 4288//5420 4287//5420
f 4267//5421 4292//5421 4291//5421 4266//5421
f 4292//5422 4293//5422 4289//5422 4288//5422
f 4242//5423 4294//5423 4298//5423 4240//5423
f 4268//5424 4294//5424 4242//5424 4255//5424
f 4269//5425 4295//5425 4294//5425 4268//5425
f 4295//5426 4302//5426 4299//5426 4298//5426
f 4270//5427 4302//5427 4295//5427 4269//5427
f 4302//5428 4303//5428 4300//5428 4299//5428
f 4303//5429 4304//5429 4301//5429 4300//5429
f 4296//5430 4303//5430 4302//5430 4275//5430
f 4279//5431 4305//5431 4303//5431 4296//5431
f 4305//5432 4306//5432 4304//5432 4303//5432
f 4297//5433 4306//5433 4305//5433 4280//5433
f 4289//5434 4307//5434 4306//5434 4297//5434
f 4248//5435 4298//5435 4064//5435 4030//5435
f 4298//5436 4299//5436 4065//5436 4064//5436
f 4299//5437 4300//5437 4084//5437 4065//5437
f 4301//5438 4308//5438 4075//5438 4084//5438
f 4306//5439 4315//5439 4313//5439 4304//5439
f 4307//5440 4319//5440 4315//5440 4306//5440
f 4309//5441 4319//5441 4307//5441 4289//5441
f 4319//5442 4320//5442 4316//5442 4315//5442
f 4320//5443 4321//5443 4317//5443 4316//5443
f 4321//5444 4322//5444 4318//5444 4317//5444
f 4310//5445 4320//5445 4319//5445 4309//5445
f 4311//5446 4321//5446 4320//5446 4310//5446
f 4304//5447 4313//5447 4312//5447 4301//5447
f 4315//5448 4316//5448 4314//5448 4313//5448
f 4316//5449 4317//5449 4334//5449 4314//5449
f 4308//5450 4323//5450 4119//5450 4075//5450
f 4312//5451 4323//5451 4308//5451 4301//5451
f 4313//5452 4327//5452 4323//5452 4312//5452
f 4327//5453 4328//5453 4324//5453 4323//5453
f 4314//5454 4328//5454 4327//5454 4313//5454
f 4328//5455 4329//5455 4325//5455 4324//5455
f 4334//5456 4329//5456 4328//5456 4314//5456
f 4318//5457 4335//5457 4330//5457 4334//5457
f 4323//5458 4324//5458 4120//5458 4119//5458
f 4329//5459 4330//5459 4326//5459 4325//5459
f 4324//5460 4331//5460 4123//5460 4120//5460
f 4331//5461 4332//5461 4089//5461 4123//5461
f 4325//5462 4332//5462 4331//5462 4324//5462
f 4326//5463 4333//5463 4332//5463 4325//5463
f 4332//5464 4333//5464 4116//5464 4115//5464
f 3525//924 4336//924 4168//924 3302//924
f 3526//4790 4337//4790 4336//4790 3525//4790
f 3527//5465 4338//5465 4337//5465 3526//5465
f 3528//4799 4339//4799 4338//4799 3527//4799
f 3529//4800 4340//4800 4339//4800 3528//4800
f 3533//928 4376//928 4340//928 3529//928
f 4337//5466 4342//5466 4341//5466 4336//5466
f 4338//5465 4343//5465 4342//5465 4337//5465
f 4339//5467 4344//5467 4343//5467 4338//5467
f 4340//4798 4345//4798 4344//4798 4339//4798
f 4342//4790 4347//4790 4346//4790 4341//4790
f 4343//5465 4348//5465 4347//5465 4342//5465
f 4344//5467 4349//5467 4348//5467 4343//5467
f 4345//5468 4350//5468 4349//5468 4344//5468
f 4376//927 4377//927 4350//927 4345//927
f 4347//4790 4352//4790 4351//4790 4346//4790
f 4348//5465 4353//5465 4352//5465 4347//5465
f 4349//5469 4354//5469 4353//5469 4348//5469
f 4350//5470 4355//5470 4354//5470 4349//5470
f 4351//5471 4356//5471 4169//5471 4168//5471
f 4352//4790 4357//4790 4356//4790 4351//4790
f 4353//5472 4358//5472 4357//5472 4352//5472
f 4354//5469 4359//5469 4358//5469 4353//5469
f 4355//5470 4360//5470 4359//5470 4354//5470
f 4377//1140 4378//1140 4360//1140 4355//1140
f 4357//4790 4362//4790 4361//4790 4356//4790
f 4358//5472 4363//5472 4362//5472 4357//5472
f 4359//5473 4364//5473 4363//5473 4358//5473
f 4360//5474 4365//5474 4364//5474 4359//5474
f 4362//5475 4367//5475 4366//5475 4361//5475
f 4363//5472 4368//5472 4367//5472 4362//5472
f 4364//5476 4369//5476 4368//5476 4363//5476
f 4365//5477 4370//5477 4369//5477 4364//5477
f 4378//1143 4379//1143 4370//1143 4365//1143
f 4367//5475 4372//5475 4371//5475 4366//5475
f 4368//5465 4373//5465 4372//5465 4367//5465
f 4369//5476 4374//5476 4373//5476 4368//5476
f 4370//5478 4375//5478 4374//5478 4369//5478
f 3565//5479 4404//5479 4380//5479 3555//5479
f 4404//5480 3565//5480 3375//5480 4178//5480
f 3566//938 4408//938 4376//938 3533//938
f 3556//5481 4381//5481 4408//5481 3566//5481
f 3557//5482 4382//5482 4381//5482 3556//5482
f 4382//5483 3557//5483 3555//5483 4380//5483
f 4382//5484 4385//5484 4384//5484 4381//5484
f 4385//5485 4382//5485 4380//5485 4383//5485
f 4404//5486 4405//5486 4386//5486 4383//5486
f 4405//5487 4404//5487 4178//5487 4181//5487
f 4385//5484 4388//5484 4387//5484 4384//5484
f 4388//5488 4385//5488 4383//5488 4386//5488
f 4388//5489 4391//5489 4390//5489 4387//5489
f 4391//5490 4388//5490 4386//5490 4389//5490
f 4405//5491 4406//5491 4392//5491 4389//5491
f 4406//5492 4405//5492 4181//5492 4183//5492
f 4408//5493 4409//5493 4378//5493 4377//5493
f 4390//5494 4393//5494 4409//5494 4408//5494
f 4391//5489 4394//5489 4393//5489 4390//5489
f 4394//5495 4391//5495 4389//5495 4392//5495
f 4394//5496 4397//5496 4396//5496 4393//5496
f 4397//5497 4394//5497 4392//5497 4395//5497
f 4406//5498 4407//5498 4398//5498 4395//5498
f 4407//5499 4406//5499 4183//5499 4185//5499
f 4397//5500 4400//5500 4399//5500 4396//5500
f 4400//5501 4397//5501 4395//5501 4398//5501
f 4400//5502 4403//5502 4402//5502 4399//5502
f 4403//5503 4400//5503 4398//5503 4401//5503
f 3573//5504 4410//5504 4267//5504 3482//5504
f 4410//5505 4413//5505 4292//5505 4267//5505
f 4413//5506 4414//5506 4293//5506 4292//5506
f 4411//5507 4414//5507 4413//5507 4410//5507
f 4412//5508 4416//5508 4415//5508 4411//5508
f 3613//5509 4416//5509 4412//5509 3573//5509
f 3614//5510 4418//5510 4417//5510 3613//5510
f 3615//5511 4419//5511 4418//5511 3614//5511
f 3616//5512 4421//5512 4420//5512 3615//5512
f 3617//5513 4423//5513 4422//5513 3616//5513
f 4414//5514 4425//5514 4309//5514 4293//5514
f 4415//5515 4425//5515 4414//5515 4411//5515
f 4426//5516 4427//5516 4310//5516 4309//5516
f 4428//5517 4439//5517 4311//5517 4310//5517
f 4416//5518 4429//5518 4425//5518 4415//5518
f 4429//5519 4430//5519 4426//5519 4425//5519
f 4417//5520 4430//5520 4429//5520 4416//5520
f 4430//5521 4431//5521 4427//5521 4426//5521
f 4418//5522 4431//5522 4430//5522 4417//5522
f 4431//5523 4432//5523 4428//5523 4427//5523
f 4419//5524 4433//5524 4431//5524 4418//5524
f 4433//5525 4434//5525 4432//5525 4431//5525
f 4420//5526 4434//5526 4433//5526 4419//5526
f 4434//5527 4435//5527 4439//5527 4432//5527
f 4421//5528 4435//5528 4434//5528 4420//5528
f 4422//5529 4436//5529 4435//5529 4421//5529
f 4436//5530 4437//5530 4440//5530 4439//5530
f 4423//5531 4437//5531 4436//5531 4422//5531
f 4424//5532 4438//5532 4437//5532 4423//5532
f 4439//5533 4441//5533 4321//5533 4311//5533
f 4441//5534 4442//5534 4322//5534 4321//5534
f 4440//5535 4442//5535 4441//5535 4439//5535
f 4469//5536 4468//5536 4465//5536 4466//5536
f 4469//5537 3635//5537 3634//5537 4468//5537
f 3635//5538 4469//5538 4466//5538 3633//5538
f 4447//5539 4466//5539 4465//5539 4446//5539
f 4466//5540 4447//5540 4444//5540 4464//5540
f 4468//5541 4451//5541 4448//5541 4465//5541
f 4453//5542 4452//5542 4450//5542 4451//5542
f 4453//5543 4468//5543 4467//5543 4452//5543
f 4456//5544 4445//5544 4444//5544 4455//5544
f 4445//5545 4456//5545 4454//5545 4443//5545
f 4458//5546 4447//5546 4446//5546 4457//5546
f 4447//5547 4458//5547 4455//5547 4444//5547
f 4460//5548 4449//5548 4448//5548 4459//5548
f 4449//5549 4460//5549 4457//5549 4446//5549
f 4462//5550 4451//5550 4450//5550 4461//5550
f 4451//5551 4462//5551 4459//5551 4448//5551
f 4452//5552 4463//5552 4461//5552 4450//5552
f 4458//5553 4472//5553 4470//5553 4455//5553
f 4472//5554 4462//5554 4461//5554 4471//5554
f 4495//5555 4494//5555 1649//5555 1650//5555
f 4495//5556 3661//5556 3660//5556 4494//5556
f 3661//5557 4495//5557 1650//5557 1084//5557
f 4494//5558 3660//5558 3659//5558 4476//5558
f 4497//5559 4496//5559 4474//5559 4475//5559
f 3663//5560 4497//5560 4476//5560 3659//5560
f 4497//5561 3663//5561 3662//5561 4496//5561
f 4498//5562 4466//5562 4464//5562 4496//5562
f 4498//5563 3666//5563 3633//5563 4466//5563
f 3666//5564 4498//5564 4496//5564 3662//5564
f 4494//5565 4479//5565 1685//5565 1659//5565
f 4482//5566 4481//5566 4477//5566 4478//5566
f 4482//5567 4475//5567 4474//5567 4481//5567
f 4483//5568 4482//5568 4478//5568 4479//5568
f 4483//5569 4476//5569 4475//5569 4482//5569
f 4476//5570 4483//5570 4479//5570 4473//5570
f 4485//5571 4478//5571 4477//5571 4484//5571
f 4478//5572 4485//5572 1670//5572 1685//5572
f 4487//5573 4481//5573 4480//5573 4486//5573
f 4481//5574 4487//5574 4484//5574 4477//5574
f 4488//5575 4496//5575 4464//5575 4443//5575
f 4496//5576 4488//5576 4486//5576 4480//5576
f 4490//5577 4485//5577 4484//5577 4489//5577
f 4485//5578 4490//5578 1682//5578 1670//5578
f 4492//5579 4487//5579 4486//5579 4491//5579
f 4487//5580 4492//5580 4489//5580 4484//5580
f 4493//5581 4488//5581 4443//5581 4454//5581
f 4488//5582 4493//5582 4491//5582 4486//5582
f 4490//5583 4499//5583 1687//5583 1682//5583
f 4499//5584 4493//5584 4454//5584 4470//5584
f 3739//5585 4507//5585 4501//5585 3738//5585
f 4507//5586 3740//5586 3737//5586 4500//5586
f 3742//5587 4503//5587 4502//5587 3741//5587
f 4503//5588 3742//5588 3738//5588 4501//5588
f 3759//5589 4509//5589 4508//5589 3743//5589
f 4509//5590 3759//5590 3741//5590 4502//5590
f 4503//5591 4506//5591 4505//5591 4502//5591
f 4512//5592 4507//5592 4504//5592 4510//5592
f 4507//5593 4512//5593 4511//5593 4506//5593
f 4509//5594 4514//5594 4513//5594 4508//5594
f 4514//5595 4509//5595 4505//5595 4511//5595
f 4516//5596 4512//5596 4510//5596 4521//5596
f 4512//5597 4516//5597 4515//5597 4511//5597
f 4514//5598 4517//5598 4522//5598 4513//5598
f 4517//5599 4514//5599 4511//5599 4515//5599
f 4516//5600 4519//5600 4518//5600 4515//5600
f 4520//5601 4517//5601 4515//5601 4518//5601
f 3783//5602 4523//5602 4538//5602 3782//5602
f 3784//5603 4524//5603 4523//5603 3783//5603
f 3785//5604 4539//5604 4524//5604 3784//5604
f 3788//5605 4526//5605 4525//5605 3787//5605
f 3789//5606 4527//5606 4526//5606 3788//5606
f 3790//5607 4528//5607 4527//5607 3789//5607
f 4528//5608 3790//5608 3782//5608 4538//5608
f 4540//5609 4528//5609 4538//5609 4523//5609
f 3791//5610 4529//5610 4500//5610 3737//5610
f 4529//5611 3791//5611 3787//5611 4525//5611
f 4530//5612 4529//5612 4525//5612 4526//5612
f 4527//5613 4533//5613 4532//5613 4526//5613
f 4528//5614 4534//5614 4533//5614 4527//5614
f 4541//5615 4540//5615 4531//5615 4539//5615
f 4529//5616 4535//5616 4504//5616 4500//5616
f 4530//5617 4536//5617 4535//5617 4529//5617
f 4536//5618 4530//5618 4526//5618 4532//5618
f 4537//5619 4536//5619 4532//5619 4533//5619
f 4540//5620 4545//5620 4544//5620 4534//5620
f 4541//5621 4546//5621 4545//5621 4540//5621
f 4546//5622 4541//5622 4539//5622 4542//5622
f 4535//5623 4543//5623 4510//5623 4504//5623
f 4537//5624 4544//5624 4543//5624 4536//5624
f 4545//5625 4550//5625 4549//5625 4544//5625
f 4546//5626 4551//5626 4550//5626 4545//5626
f 4551//5627 4546//5627 4542//5627 4547//5627
f 4543//5628 4548//5628 4521//5628 4510//5628
f 4544//5629 4549//5629 4548//5629 4543//5629
f 4550//5630 4555//5630 4554//5630 4549//5630
f 4551//5631 4556//5631 4555//5631 4550//5631
f 4556//5632 4551//5632 4547//5632 4552//5632
f 4549//5633 4554//5633 4553//5633 4548//5633
f 3836//5634 4565//5634 4539//5634 3786//5634
f 3844//5635 4557//5635 4565//5635 3837//5635
f 3845//5636 4559//5636 4558//5636 3844//5636
f 3838//5637 4566//5637 4560//5637 3845//5637
f 4558//5638 4562//5638 4561//5638 4557//5638
f 4559//5639 4563//5639 4562//5639 4558//5639
f 4560//5640 4564//5640 4563//5640 4559//5640
f 4565//5641 4567//5641 4542//5641 4539//5641
f 4561//5642 4568//5642 4567//5642 4565//5642
f 4563//5643 4569//5643 4568//5643 4562//5643
f 4566//5644 4570//5644 4569//5644 4564//5644
f 4567//5645 4571//5645 4547//5645 4542//5645
f 4569//5646 4572//5646 4571//5646 4568//5646
f 3868//5647 4587//5647 4566//5647 3839//5647
f 3865//5648 4573//5648 4587//5648 3868//5648
f 3866//5649 4574//5649 4573//5649 3865//5649
f 3867//5650 4575//5650 4574//5650 3866//5650
f 4574//5651 4577//5651 4576//5651 4573//5651
f 4575//5652 4579//5652 4577//5652 4574//5652
f 4579//5653 4578//5653 4576//5653 4577//5653
f 4587//5654 4588//5654 4572//5654 4570//5654
f 4576//5655 4580//5655 4588//5655 4587//5655
f 4578//5656 4582//5656 4580//5656 4576//5656
f 4579//5657 4583//5657 4582//5657 4578//5657
f 4582//5658 4583//5658 4581//5658 4580//5658
f 4581//5659 4585//5659 4584//5659 4580//5659
f 4583//5660 4586//5660 4585//5660 4581//5660
f 3884//5070 4609//5070 4575//5070 3867//5070
f 3885//5661 4610//5661 4609//5661 3884//5661
f 3890//5662 4628//5662 4610//5662 3885//5662
f 3886//5663 4611//5663 4628//5663 3890//5663
f 3887//5664 4612//5664 4611//5664 3886//5664
f 3888//5086 4613//5086 4612//5086 3887//5086
f 4609//5665 4614//5665 4579//5665 4575//5665
f 4610//5666 4615//5666 4614//5666 4609//5666
f 4612//4483 4617//4483 4616//4483 4611//4483
f 4613//5667 4618//5667 4617//5667 4612//5667
f 4614//5668 4619//5668 4583//5668 4579//5668
f 4615//5669 4620//5669 4619//5669 4614//5669
f 4628//5670 4621//5670 4620//5670 4615//5670
f 4616//5671 4622//5671 4621//5671 4628//5671
f 4617//5672 4623//5672 4622//5672 4616//5672
f 4618//5673 4624//5673 4623//5673 4617//5673
f 4619//5674 4626//5674 4586//5674 4583//5674
f 4620//5675 4627//5675 4626//5675 4619//5675
f 4621//5676 4590//5676 4627//5676 4620//5676
f 4622//5677 4593//5677 4590//5677 4621//5677
f 4623//5678 4595//5678 4594//5678 4622//5678
f 4595//5679 4596//5679 4592//5679 4591//5679
f 4597//5680 4598//5680 4596//5680 4595//5680
f 4603//5681 4604//5681 4600//5681 4599//5681
f 4604//5682 4605//5682 4601//5682 4600//5682
f 4592//5683 4605//5683 4604//5683 4591//5683
f 4605//5684 4592//5684 4589//5684 4601//5684
f 4593//5685 4606//5685 4602//5685 4590//5685
f 4606//5686 4607//5686 4603//5686 4602//5686
f 4594//5687 4607//5687 4606//5687 4593//5687
f 4607//5688 4608//5688 4604//5688 4603//5688
f 4595//5689 4608//5689 4607//5689 4594//5689
f 4608//5690 4595//5690 4591//5690 4604//5690
f 3933//5115 4629//5115 4613//5115 3888//5115
f 3945//5691 4693//5691 4630//5691 3934//5691
f 3946//5692 4694//5692 4693//5692 3945//5692
f 3935//5693 4631//5693 4629//5693 3933//5693
f 3936//5694 4632//5694 4631//5694 3935//5694
f 3937//5695 4633//5695 4632//5695 3936//5695
f 3938//5696 4634//5696 4633//5696 3937//5696
f 4634//5697 3938//5697 3934//5697 4630//5697
f 4631//5698 4637//5698 4635//5698 4629//5698
f 4632//5699 4638//5699 4637//5699 4631//5699
f 4633//5700 4639//5700 4638//5700 4632//5700
f 4634//5701 4640//5701 4639//5701 4633//5701
f 4640//5702 4634//5702 4630//5702 4636//5702
f 4635//5703 4641//5703 4618//5703 4613//5703
f 4693//5704 4695//5704 4642//5704 4636//5704
f 4694//5705 4696//5705 4695//5705 4693//5705
f 4637//5706 4643//5706 4641//5706 4635//5706
f 4638//5707 4644//5707 4643//5707 4637//5707
f 4639//5708 4645//5708 4644//5708 4638//5708
f 4640//5709 4646//5709 4645//5709 4639//5709
f 4646//5710 4640//5710 4636//5710 4642//5710
f 4643//5711 4650//5711 4647//5711 4641//5711
f 4644//5712 4651//5712 4650//5712 4643//5712
f 4645//5713 4652//5713 4651//5713 4644//5713
f 4652//5714 4653//5714 4649//5714 4648//5714
f 4646//5715 4653//5715 4652//5715 4645//5715
f 4653//5716 4646//5716 4642//5716 4649//5716
f 4647//5717 4658//5717 4624//5717 4618//5717
f 4649//5718 4661//5718 4660//5718 4648//5718
f 4695//5719 4662//5719 4661//5719 4649//5719
f 4662//5720 4663//5720 4655//5720 4654//5720
f 4663//5721 4703//5721 4656//5721 4655//5721
f 4696//5722 4703//5722 4663//5722 4695//5722
f 4650//5723 4664//5723 4658//5723 4647//5723
f 4651//5724 4665//5724 4664//5724 4650//5724
f 4665//5725 4666//5725 4660//5725 4659//5725
f 4652//5726 4666//5726 4665//5726 4651//5726
f 4666//5727 4652//5727 4648//5727 4660//5727
f 4697//5728 4698//5728 1790//5728 1789//5728
f 4698//5729 4699//5729 1791//5729 1790//5729
f 4700//5730 4701//5730 4698//5730 4697//5730
f 4701//5731 4702//5731 4699//5731 4698//5731
f 4669//5732 4670//5732 4701//5732 4700//5732
f 4671//5733 4672//5733 4702//5733 4701//5733
f 4675//5734 4676//5734 4668//5734 4667//5734
f 4676//5735 4677//5735 4669//5735 4668//5735
f 4677//5736 4678//5736 4670//5736 4669//5736
f 4678//5737 4679//5737 4671//5737 4670//5737
f 4655//5738 4679//5738 4678//5738 4654//5738
f 4679//5739 4680//5739 4672//5739 4671//5739
f 4656//5740 4680//5740 4679//5740 4655//5740
f 4680//5741 4681//5741 4673//5741 4672//5741
f 4657//5742 4681//5742 4680//5742 4656//5742
f 4624//5743 4682//5743 4674//5743 4623//5743
f 4682//5744 4683//5744 4675//5744 4674//5744
f 4683//5745 4684//5745 4676//5745 4675//5745
f 4660//5746 4684//5746 4683//5746 4659//5746
f 4684//5747 4685//5747 4677//5747 4676//5747
f 4661//5748 4685//5748 4684//5748 4660//5748
f 4685//5749 4686//5749 4678//5749 4677//5749
f 4662//5750 4686//5750 4685//5750 4661//5750
f 4686//5751 4662//5751 4654//5751 4678//5751
f 4664//5752 4687//5752 4682//5752 4658//5752
f 4687//5753 4688//5753 4683//5753 4682//5753
f 4665//5754 4688//5754 4687//5754 4664//5754
f 4688//5755 4665//5755 4659//5755 4683//5755
f 4704//5756 4705//5756 1799//5756 1798//5756
f 4705//5757 4697//5757 1789//5757 1799//5757
f 4706//5758 4707//5758 4705//5758 4704//5758
f 4707//5759 4700//5759 4697//5759 4705//5759
f 4596//5760 4689//5760 4706//5760 4592//5760
f 4690//5761 4708//5761 4707//5761 4706//5761
f 4668//5762 4708//5762 4690//5762 4667//5762
f 4708//5763 4668//5763 4700//5763 4707//5763
f 4598//5764 4691//5764 4689//5764 4596//5764
f 4674//5765 4691//5765 4598//5765 4623//5765
f 4691//5766 4692//5766 4690//5766 4689//5766
f 4675//5767 4692//5767 4691//5767 4674//5767
f 4692//5768 4675//5768 4667//5768 4690//5768
f 4625//5769 4704//5769 1798//5769 1779//5769
f 4601//5770 4706//5770 4704//5770 4625//5770
f 3959//5771 4738//5771 4694//5771 3946//5771
f 3960//5772 4739//5772 4738//5772 3959//5772
f 3961//5773 4740//5773 4739//5773 3960//5773
f 3962//5774 4741//5774 4740//5774 3961//5774
f 4738//5775 4742//5775 4696//5775 4694//5775
f 4739//5776 4743//5776 4742//5776 4738//5776
f 4740//5777 4744//5777 4743//5777 4739//5777
f 4741//5778 4745//5778 4744//5778 4740//5778
f 4703//5779 4747//5779 4709//5779 4657//5779
f 4742//5780 4747//5780 4703//5780 4696//5780
f 4747//5781 4748//5781 4711//5781 4710//5781
f 4743//5782 4748//5782 4747//5782 4742//5782
f 4748//5783 4714//5783 4713//5783 4712//5783
f 4744//5784 4714//5784 4748//5784 4743//5784
f 4718//5785 4719//5785 4716//5785 4715//5785
f 4745//5786 4719//5786 4718//5786 4744//5786
f 4719//5787 4720//5787 4717//5787 4716//5787
f 4699//5788 4749//5788 1809//5788 1791//5788
f 4749//5789 4750//5789 1806//5789 1809//5789
f 4673//5790 4721//5790 4749//5790 4702//5790
f 4724//5791 4725//5791 4750//5791 4749//5791
f 4681//5792 4727//5792 4721//5792 4673//5792
f 4709//5793 4727//5793 4681//5793 4657//5793
f 4727//5794 4728//5794 4722//5794 4721//5794
f 4710//5795 4728//5795 4727//5795 4709//5795
f 4728//5796 4729//5796 4723//5796 4722//5796
f 4711//5797 4729//5797 4728//5797 4710//5797
f 4729//5798 4730//5798 4724//5798 4723//5798
f 4712//5799 4730//5799 4729//5799 4711//5799
f 4730//5800 4731//5800 4725//5800 4724//5800
f 4713//5801 4731//5801 4730//5801 4712//5801
f 4731//5802 4732//5802 4726//5802 4725//5802
f 4714//5803 4733//5803 4731//5803 4713//5803
f 4733//5804 4734//5804 4732//5804 4731//5804
f 4715//5805 4734//5805 4733//5805 4714//5805
f 4734//5806 4735//5806 4746//5806 4732//5806
f 4716//5807 4735//5807 4734//5807 4715//5807
f 4717//5808 4736//5808 4735//5808 4716//5808
f 4720//5809 4737//5809 4736//5809 4717//5809
f 4753//5810 4754//5810 4752//5810 4751//5810
f 4756//5811 4757//5811 4754//5811 4753//5811
f 3976//5812 4757//5812 4756//5812 3975//5812
f 4757//5813 3976//5813 3991//5813 4754//5813
f 3977//5814 4758//5814 4741//5814 3962//5814
f 3992//5815 4823//5815 4759//5815 3978//5815
f 3993//5816 4760//5816 4823//5816 3992//5816
f 4761//5817 4762//5817 4756//5817 4755//5817
f 3979//5818 4762//5818 4761//5818 3993//5818
f 4762//5819 3979//5819 3975//5819 4756//5819
f 4819//5820 4820//5820 1841//5820 1840//5820
f 4821//5821 4822//5821 4820//5821 4819//5821
f 4763//5822 4764//5822 4822//5822 4821//5822
f 4752//5823 4765//5823 4764//5823 4751//5823
f 4766//5824 4767//5824 4764//5824 4763//5824
f 4767//5825 4753//5825 4751//5825 4764//5825
f 4769//5826 4770//5826 4767//5826 4766//5826
f 4756//5827 4770//5827 4769//5827 4755//5827
f 4770//5828 4756//5828 4753//5828 4767//5828
f 4773//5829 4774//5829 4769//5829 4768//5829
f 4761//5830 4774//5830 4773//5830 4760//5830
f 4774//5831 4761//5831 4755//5831 4769//5831
f 4824//5832 4819//5832 1840//5832 1849//5832
f 4825//5833 4821//5833 4819//5833 4824//5833
f 4827//5834 4763//5834 4821//5834 4825//5834
f 4769//5835 4777//5835 4776//5835 4768//5835
f 4777//5836 4769//5836 4766//5836 4827//5836
f 4771//5837 4778//5837 4745//5837 4741//5837
f 4823//5838 4780//5838 4779//5838 4772//5838
f 4781//5839 4782//5839 4776//5839 4775//5839
f 4773//5840 4782//5840 4781//5840 4823//5840
f 4782//5841 4773//5841 4768//5841 4776//5841
f 4831//5842 4824//5842 1849//5842 1848//5842
f 4826//5843 4827//5843 4825//5843 4831//5843
f 4783//5844 4784//5844 4827//5844 4826//5844
f 4776//5845 4784//5845 4783//5845 4775//5845
f 4780//5846 4787//5846 4786//5846 4779//5846
f 4781//5847 4788//5847 4787//5847 4780//5847
f 4788//5848 4781//5848 4775//5848 4783//5848
f 4789//5849 4790//5849 1823//5849 1822//5849
f 4790//5850 4831//5850 1848//5850 1823//5850
f 4791//5851 4792//5851 4790//5851 4789//5851
f 4793//5852 4794//5852 4792//5852 4791//5852
f 4795//5853 4796//5853 4794//5853 4793//5853
f 4797//5854 4798//5854 4796//5854 4795//5854
f 4798//5855 4826//5855 4831//5855 4796//5855
f 4799//5856 4800//5856 4798//5856 4797//5856
f 4801//5857 4802//5857 4800//5857 4799//5857
f 4802//5858 4783//5858 4826//5858 4800//5858
f 4785//5859 4803//5859 4720//5859 4745//5859
f 4787//5860 4805//5860 4804//5860 4786//5860
f 4805//5861 4806//5861 4802//5861 4801//5861
f 4788//5862 4806//5862 4805//5862 4787//5862
f 4806//5863 4788//5863 4783//5863 4802//5863
f 4750//5864 4828//5864 1853//5864 1807//5864
f 4828//5865 4807//5865 1834//5865 1853//5865
f 4807//5866 4789//5866 1822//5866 1834//5866
f 4808//5867 4791//5867 4789//5867 4807//5867
f 4829//5868 4809//5868 4808//5868 4828//5868
f 4809//5869 4793//5869 4791//5869 4808//5869
f 4810//5870 4795//5870 4793//5870 4809//5870
f 4746//5871 4830//5871 4829//5871 4750//5871
f 4830//5872 4811//5872 4810//5872 4829//5872
f 4811//5873 4797//5873 4795//5873 4810//5873
f 4812//5874 4799//5874 4797//5874 4811//5874
f 4736//5875 4813//5875 4830//5875 4746//5875
f 4814//5876 4815//5876 4812//5876 4830//5876
f 4815//5877 4801//5877 4799//5877 4812//5877
f 4737//5878 4816//5878 4813//5878 4736//5878
f 4803//5879 4816//5879 4737//5879 4720//5879
f 4816//5880 4817//5880 4814//5880 4813//5880
f 4804//5881 4817//5881 4816//5881 4803//5881
f 4817//5882 4818//5882 4815//5882 4814//5882
f 4805//5883 4818//5883 4817//5883 4804//5883
f 4818//5884 4805//5884 4801//5884 4815//5884
f 4820//5885 4834//5885 1857//5885 1841//5885
f 4834//5886 4037//5886 1160//5886 1857//5886
f 4752//5887 4832//5887 4834//5887 4822//5887
f 4832//5888 4022//5888 4041//5888 4834//5888
f 4754//5889 4833//5889 4832//5889 4752//5889
f 4025//5890 4833//5890 4754//5890 3991//5890
f 4833//5891 4025//5891 4022//5891 4832//5891
f 4091//5892 4835//5892 1879//5892 1207//5892
f 4835//5893 4836//5893 1880//5893 1879//5893
f 4836//5894 4837//5894 1881//5894 1880//5894
f 4093//5895 4837//5895 4836//5895 4092//5895
f 4837//5896 4093//5896 1202//5896 1881//5896
f 4094//5897 4838//5897 1882//5897 1203//5897
f 4838//5898 4858//5898 1888//5898 1882//5898
f 4095//5899 4839//5899 4835//5899 4091//5899
f 4839//5900 4840//5900 4836//5900 4835//5900
f 4097//5901 4840//5901 4839//5901 4095//5901
f 4840//5902 4096//5902 4092//5902 4836//5902
f 4841//5903 4098//5903 4096//5903 4840//5903
f 4842//5904 4099//5904 4098//5904 4841//5904
f 4099//5905 4842//5905 4838//5905 4094//5905
f 4101//5906 4853//5906 4840//5906 4097//5906
f 4853//5907 4854//5907 4841//5907 4840//5907
f 4105//5908 4855//5908 4853//5908 4103//5908
f 4855//5909 4843//5909 4854//5909 4853//5909
f 4106//5910 4843//5910 4855//5910 4105//5910
f 4844//5911 4856//5911 4858//5911 4854//5911
f 4109//5912 4845//5912 4843//5912 4106//5912
f 4845//5913 4846//5913 4844//5913 4843//5913
f 4110//5914 4846//5914 4845//5914 4109//5914
f 4121//5915 4856//5915 4846//5915 4110//5915
f 4111//5916 4847//5916 4856//5916 4121//5916
f 4112//5917 4848//5917 4847//5917 4111//5917
f 4848//5918 4849//5918 4857//5918 4856//5918
f 4113//5919 4849//5919 4848//5919 4112//5919
f 4116//5920 4851//5920 4849//5920 4113//5920
f 4851//5921 4852//5921 4850//5921 4849//5921
f 4117//5922 4852//5922 4851//5922 4116//5922
f 4900//5923 4860//5923 4467//5923 4468//5923
f 4900//5924 4167//5924 4166//5924 4860//5924
f 4167//5925 4900//5925 4468//5925 3634//5925
f 4862//5926 4861//5926 4859//5926 4860//5926
f 4159//5927 4863//5927 4861//5927 4166//5927
f 4160//5928 4864//5928 4863//5928 4159//5928
f 4169//5929 4901//5929 4864//5929 4160//5929
f 4866//5930 4860//5930 4859//5930 4865//5930
f 4861//5931 4867//5931 4865//5931 4859//5931
f 4863//5932 4868//5932 4867//5932 4861//5932
f 4864//5933 4869//5933 4868//5933 4863//5933
f 4871//5934 4866//5934 4865//5934 4870//5934
f 4866//5935 4871//5935 4452//5935 4467//5935
f 4867//5936 4872//5936 4870//5936 4865//5936
f 4868//5937 4873//5937 4872//5937 4867//5937
f 4869//5938 4874//5938 4873//5938 4868//5938
f 4876//5939 4871//5939 4870//5939 4875//5939
f 4871//5940 4876//5940 4463//5940 4452//5940
f 4872//5941 4877//5941 4875//5941 4870//5941
f 4873//5942 4878//5942 4877//5942 4872//5942
f 4874//5943 4879//5943 4878//5943 4873//5943
f 4881//5944 4876//5944 4875//5944 4880//5944
f 4876//5945 4881//5945 4471//5945 4463//5945
f 4877//5946 4882//5946 4880//5946 4875//5946
f 4878//5947 4883//5947 4882//5947 4877//5947
f 4879//5948 4884//5948 4883//5948 4878//5948
f 4901//1291 4902//1291 4884//1291 4879//1291
f 4886//5949 4881//5949 4880//5949 4885//5949
f 4882//5950 4887//5950 4885//5950 4880//5950
f 4883//5951 4888//5951 4887//5951 4882//5951
f 4884//5952 4889//5952 4888//5952 4883//5952
f 4891//5953 4886//5953 4885//5953 4890//5953
f 4887//5954 4892//5954 4890//5954 4885//5954
f 4888//5955 4893//5955 4892//5955 4887//5955
f 4889//5956 4894//5956 4893//5956 4888//5956
f 4896//5957 4891//5957 4890//5957 4895//5957
f 4892//5958 4897//5958 4895//5958 4890//5958
f 4893//5959 4898//5959 4897//5959 4892//5959
f 4894//5960 4899//5960 4898//5960 4893//5960
f 4903//5961 4184//5961 4187//5961 4911//5961
f 4904//5962 4185//5962 4184//5962 4903//5962
f 4906//5963 4904//5963 4903//5963 4905//5963
f 4907//5964 4905//5964 4911//5964 4912//5964
f 4908//5965 4906//5965 4905//5965 4907//5965
f 4910//5966 4908//5966 4907//5966 4909//5966
f 4211//5967 4914//5967 4913//5967 4210//5967
f 4914//5968 4211//5968 3744//5968 4508//5968
f 4915//5969 4212//5969 4210//5969 4913//5969
f 4212//5970 4915//5970 4911//5970 4187//5970
f 4914//5971 4917//5971 4916//5971 4913//5971
f 4917//5972 4914//5972 4508//5972 4513//5972
f 4918//5973 4915//5973 4913//5973 4916//5973
f 4917//5974 4920//5974 4919//5974 4916//5974
f 4920//5975 4917//5975 4513//5975 4522//5975
f 4921//5976 4918//5976 4916//5976 4919//5976
f 4918//5977 4921//5977 4912//5977 4911//5977
f 4920//5978 4923//5978 4922//5978 4919//5978
f 4924//5979 4921//5979 4919//5979 4922//5979
f 4227//5980 4925//5980 4758//5980 3977//5980
f 4228//5981 4926//5981 4925//5981 4227//5981
f 4926//5982 4228//5982 3978//5982 4759//5982
f 4925//5983 4927//5983 4771//5983 4758//5983
f 4926//5984 4928//5984 4927//5984 4925//5984
f 4928//5985 4926//5985 4759//5985 4772//5985
f 4927//5986 4929//5986 4778//5986 4771//5986
f 4928//5987 4930//5987 4929//5987 4927//5987
f 4930//5988 4928//5988 4772//5988 4779//5988
f 4929//5989 4931//5989 4785//5989 4778//5989
f 4930//5990 4932//5990 4931//5990 4929//5990
f 4932//5991 4930//5991 4779//5991 4786//5991
f 4931//5992 4933//5992 4803//5992 4785//5992
f 4933//5993 4934//5993 4804//5993 4803//5993
f 4932//5994 4934//5994 4933//5994 4931//5994
f 4934//5995 4932//5995 4786//5995 4804//5995
f 4371//5996 4935//5996 4901//5996 4169//5996
f 4372//5475 4936//5475 4935//5475 4371//5475
f 4373//5465 4937//5465 4936//5465 4372//5465
f 4374//5997 4938//5997 4937//5997 4373//5997
f 4375//5478 4939//5478 4938//5478 4374//5478
f 4379//5998 4975//5998 4939//5998 4375//5998
f 4936//5475 4941//5475 4940//5475 4935//5475
f 4937//5999 4942//5999 4941//5999 4936//5999
f 4938//5473 4943//5473 4942//5473 4937//5473
f 4939//6000 4944//6000 4943//6000 4938//6000
f 4941//4790 4946//4790 4945//4790 4940//4790
f 4942//5465 4947//5465 4946//5465 4941//5465
f 4943//5473 4948//5473 4947//5473 4942//5473
f 4944//6000 4949//6000 4948//6000 4943//6000
f 4975//1139 4976//1139 4949//1139 4944//1139
f 4946//6001 4951//6001 4950//6001 4945//6001
f 4947//6002 4952//6002 4951//6002 4946//6002
f 4948//6003 4953//6003 4952//6003 4947//6003
f 4949//6000 4954//6000 4953//6000 4948//6000
f 4950//5996 4955//5996 4902//5996 4901//5996
f 4951//6004 4956//6004 4955//6004 4950//6004
f 4952//5999 4957//5999 4956//5999 4951//5999
f 4953//6005 4958//6005 4957//6005 4952//6005
f 4954//5477 4959//5477 4958//5477 4953//5477
f 4976//1139 4977//1139 4959//1139 4954//1139
f 4956//6006 4961//6006 4960//6006 4955//6006
f 4957//5465 4962//5465 4961//5465 4956//5465
f 4958//6007 4963//6007 4962//6007 4957//6007
f 4959//5478 4964//5478 4963//5478 4958//5478
f 4961//6006 4966//6006 4965//6006 4960//6006
f 4962//5465 4967//5465 4966//5465 4961//5465
f 4963//6007 4968//6007 4967//6007 4962//6007
f 4964//6008 4969//6008 4968//6008 4963//6008
f 4977//1139 4978//1139 4969//1139 4964//1139
f 4966//6009 4971//6009 4970//6009 4965//6009
f 4967//6010 4972//6010 4971//6010 4966//6010
f 4968//6011 4973//6011 4972//6011 4967//6011
f 4969//6012 4974//6012 4973//6012 4968//6012
f 4407//6013 5003//6013 4979//6013 4401//6013
f 5003//6014 4407//6014 4185//6014 4904//6014
f 4409//1151 5007//1151 4975//1151 4379//1151
f 4402//6015 4980//6015 5007//6015 4409//6015
f 4403//6016 4981//6016 4980//6016 4402//6016
f 4981//6017 4403//6017 4401//6017 4979//6017
f 4981//6018 4984//6018 4983//6018 4980//6018
f 4984//6019 4981//6019 4979//6019 4982//6019
f 5003//6020 5004//6020 4985//6020 4982//6020
f 5004//6021 5003//6021 4904//6021 4906//6021
f 4984//6022 4987//6022 4986//6022 4983//6022
f 4987//6023 4984//6023 4982//6023 4985//6023
f 4987//6024 4990//6024 4989//6024 4986//6024
f 4990//6025 4987//6025 4985//6025 4988//6025
f 5004//6026 5005//6026 4991//6026 4988//6026
f 5005//6027 5004//6027 4906//6027 4908//6027
f 5007//1311 5008//1311 4977//1311 4976//1311
f 4989//6028 4992//6028 5008//6028 5007//6028
f 4990//6029 4993//6029 4992//6029 4989//6029
f 4993//6030 4990//6030 4988//6030 4991//6030
f 4993//6031 4996//6031 4995//6031 4992//6031
f 4996//6032 4993//6032 4991//6032 4994//6032
f 5005//6033 5006//6033 4997//6033 4994//6033
f 5006//6034 5005//6034 4908//6034 4910//6034
f 4996//6035 4999//6035 4998//6035 4995//6035
f 4999//6036 4996//6036 4994//6036 4997//6036
f 4999//6037 5002//6037 5001//6037 4998//6037
f 5002//6038 4999//6038 4997//6038 5000//6038
f 5009//6039 2705//6039 400//6039 1984//6039
f 5010//6040 5009//6040 1984//6040 1985//6040
f 5011//6041 5010//6041 1985//6041 1986//6041
f 5012//6042 5011//6042 1986//6042 1987//6042
f 5013//6043 2707//6043 2705//6043 5009//6043
f 5014//6044 5013//6044 5009//6044 5010//6044
f 5015//6045 5014//6045 5010//6045 5011//6045
f 5016//6046 5015//6046 5011//6046 5012//6046
f 5017//6047 2709//6047 2707//6047 5013//6047
f 5018//6048 5017//6048 5013//6048 5014//6048
f 5021//6049 5018//6049 5014//6049 5015//6049
f 5019//6050 2711//6050 2709//6050 5017//6050
f 5020//6051 5019//6051 5017//6051 5018//6051
f 5022//6052 5012//6052 1987//6052 2032//6052
f 5063//6053 5023//6053 2032//6053 2033//6053
f 5024//6054 5063//6054 2033//6054 2034//6054
f 5026//6055 5025//6055 2034//6055 2035//6055
f 5028//6056 5027//6056 5022//6056 5023//6056
f 5030//6057 5029//6057 5024//6057 5025//6057
f 5064//6058 5016//6058 5012//6058 5027//6058
f 5065//6059 5064//6059 5028//6059 5063//6059
f 5066//6060 5065//6060 5063//6060 5029//6060
f 5067//6061 5066//6061 5030//6061 5031//6061
f 5072//6062 5021//6062 5016//6062 5064//6062
f 5068//6063 5072//6063 5065//6063 5066//6063
f 5069//6064 5068//6064 5066//6064 5067//6064
f 5071//6065 5070//6065 5068//6065 5069//6065
f 5026//6066 5033//6066 5032//6066 5025//6066
f 5033//6067 5026//6067 2035//6067 2014//6067
f 5034//6068 5033//6068 2014//6068 2015//6068
f 5035//6069 5030//6069 5025//6069 5032//6069
f 5036//6070 5035//6070 5032//6070 5033//6070
f 5036//6071 5031//6071 5030//6071 5035//6071
f 5037//6072 5036//6072 5033//6072 5034//6072
f 5038//6073 5067//6073 5031//6073 5036//6073
f 5041//6074 5069//6074 5067//6074 5039//6074
f 5042//6075 5041//6075 5039//6075 5040//6075
f 5044//6076 5043//6076 5041//6076 5042//6076
f 5071//6077 5046//6077 5045//6077 5070//6077
f 5046//6078 5071//6078 5069//6078 5043//6078
f 5048//6079 5047//6079 5045//6079 5046//6079
f 5049//6080 5034//6080 2015//6080 2026//6080
f 5037//6081 5051//6081 5050//6081 5036//6081
f 5051//6082 5037//6082 5034//6082 5049//6082
f 5052//6083 5038//6083 5036//6083 5050//6083
f 5053//6084 5052//6084 5050//6084 5051//6084
f 5054//6085 5039//6085 5038//6085 5052//6085
f 5055//6086 5054//6086 5052//6086 5053//6086
f 5055//6087 5040//6087 5039//6087 5054//6087
f 5056//6088 5042//6088 5040//6088 5055//6088
f 5044//6089 5058//6089 5057//6089 5043//6089
f 5058//6090 5044//6090 5042//6090 5056//6090
f 5059//6091 5046//6091 5043//6091 5057//6091
f 5060//6092 5059//6092 5057//6092 5058//6092
f 5048//6093 5062//6093 5061//6093 5047//6093
f 5062//6094 5048//6094 5046//6094 5059//6094
f 5106//6095 2926//6095 2711//6095 5019//6095
f 5107//6096 5106//6096 5019//6096 5020//6096
f 5116//6097 5107//6097 5020//6097 5021//6097
f 5108//6098 2974//6098 2928//6098 5106//6098
f 5109//6099 5108//6099 5106//6099 5107//6099
f 5110//6100 2932//6100 2974//6100 5108//6100
f 5111//6101 5110//6101 5108//6101 5109//6101
f 5112//6102 5111//6102 5109//6102 5116//6102
f 5114//6103 2940//6103 2936//6103 5110//6103
f 5073//6104 5114//6104 5110//6104 5111//6104
f 5075//6105 5074//6105 5111//6105 5112//6105
f 5115//6106 5076//6106 5112//6106 5113//6106
f 5078//6107 5077//6107 5073//6107 5074//6107
f 5079//6108 5078//6108 5074//6108 5075//6108
f 5114//6109 5082//6109 2952//6109 2940//6109
f 5073//6110 5084//6110 5083//6110 5114//6110
f 5076//6111 5086//6111 5085//6111 5075//6111
f 5115//6112 5087//6112 5086//6112 5076//6112
f 5087//6113 5115//6113 5113//6113 5080//6113
f 5088//6114 5087//6114 5080//6114 5081//6114
f 5089//6115 2957//6115 2952//6115 5082//6115
f 5090//6116 5089//6116 5082//6116 5083//6116
f 5091//6117 5090//6117 5083//6117 5084//6117
f 5077//6118 5091//6118 5084//6118 5073//6118
f 5078//6119 5092//6119 5091//6119 5077//6119
f 5079//6120 5093//6120 5092//6120 5078//6120
f 5093//6121 5079//6121 5075//6121 5085//6121
f 5094//6122 5093//6122 5085//6122 5086//6122
f 5087//6123 5097//6123 5096//6123 5086//6123
f 5088//6124 5098//6124 5097//6124 5087//6124
f 5098//6125 5088//6125 5081//6125 5095//6125
f 5089//6126 5099//6126 2971//6126 2957//6126
f 5090//6127 5100//6127 5099//6127 5089//6127
f 5091//6128 5101//6128 5100//6128 5090//6128
f 5092//6129 5102//6129 5101//6129 5091//6129
f 5093//6130 5103//6130 5102//6130 5092//6130
f 5094//6131 5104//6131 5103//6131 5093//6131
f 5104//6132 5094//6132 5086//6132 5096//6132
f 5105//6133 5104//6133 5096//6133 5097//6133
f 5152//6134 5116//6134 5021//6134 5072//6134
f 5117//6135 5153//6135 5072//6135 5070//6135
f 5155//6136 5154//6136 5152//6136 5153//6136
f 5120//6137 5113//6137 5116//6137 5154//6137
f 5118//6138 5124//6138 5123//6138 5117//6138
f 5124//6139 5118//6139 5070//6139 5047//6139
f 5119//6140 5125//6140 5156//6140 5153//6140
f 5125//6141 5119//6141 5117//6141 5123//6141
f 5126//6142 5125//6142 5123//6142 5124//6142
f 5128//6143 5155//6143 5153//6143 5156//6143
f 5129//6144 5128//6144 5156//6144 5125//6144
f 5155//6145 5130//6145 5158//6145 5154//6145
f 5131//6146 5130//6146 5127//6146 5128//6146
f 5121//6147 5133//6147 5132//6147 5120//6147
f 5133//6148 5121//6148 5154//6148 5158//6148
f 5134//6149 5133//6149 5158//6149 5130//6149
f 5122//6150 5135//6150 5081//6150 5113//6150
f 5135//6151 5122//6151 5120//6151 5132//6151
f 5136//6152 5135//6152 5132//6152 5133//6152
f 5137//6153 5124//6153 5047//6153 5061//6153
f 5157//6154 5137//6154 5061//6154 5062//6154
f 5126//6155 5139//6155 5138//6155 5125//6155
f 5139//6156 5126//6156 5124//6156 5137//6156
f 5129//6157 5141//6157 5140//6157 5128//6157
f 5141//6158 5129//6158 5125//6158 5138//6158
f 5142//6159 5141//6159 5138//6159 5139//6159
f 5131//6160 5144//6160 5143//6160 5130//6160
f 5144//6161 5131//6161 5128//6161 5140//6161
f 5145//6162 5144//6162 5140//6162 5141//6162
f 5134//6163 5147//6163 5146//6163 5133//6163
f 5147//6164 5134//6164 5130//6164 5143//6164
f 5148//6165 5147//6165 5143//6165 5144//6165
f 5135//6166 5149//6166 5095//6166 5081//6166
f 5136//6167 5150//6167 5149//6167 5135//6167
f 5150//6168 5136//6168 5133//6168 5146//6168
f 5151//6169 5150//6169 5146//6169 5147//6169
f 5159//6170 5098//6170 5095//6170 5149//6170
f 5160//6171 5162//6171 5100//6171 5101//6171
f 5161//6172 5160//6172 5101//6172 5102//6172
f 5166//6173 5049//6173 2026//6173 2150//6173
f 5167//6174 5053//6174 5051//6174 5166//6174
f 5163//6175 5056//6175 5055//6175 5167//6175
f 5164//6176 5058//6176 5056//6176 5163//6176
f 5168//6177 5060//6177 5058//6177 5164//6177
f 5200//6178 5166//6178 2150//6178 2179//6178
f 5201//6179 5167//6179 5166//6179 5200//6179
f 5170//6180 5163//6180 5167//6180 5201//6180
f 5171//6181 5164//6181 5163//6181 5170//6181
f 5171//6182 5174//6182 5165//6182 5164//6182
f 5174//6183 5171//6183 5170//6183 5172//6183
f 5202//6184 5168//6184 5165//6184 5174//6184
f 5203//6185 5200//6185 2179//6185 2185//6185
f 5204//6186 5203//6186 2185//6186 2186//6186
f 5205//6187 5201//6187 5200//6187 5203//6187
f 5173//6188 5176//6188 5175//6188 5172//6188
f 5176//6189 5173//6189 5201//6189 5205//6189
f 5177//6190 5174//6190 5172//6190 5175//6190
f 5178//6191 5177//6191 5175//6191 5176//6191
f 5208//6192 5202//6192 5174//6192 5177//6192
f 5202//6193 5208//6193 5169//6193 5168//6193
f 5206//6194 5205//6194 5203//6194 5204//6194
f 5207//6195 5179//6195 5205//6195 5206//6195
f 5180//6196 5178//6196 5176//6196 5179//6196
f 5181//6197 5204//6197 2186//6197 2167//6197
f 5183//6198 5206//6198 5204//6198 5182//6198
f 5185//6199 5207//6199 5206//6199 5184//6199
f 5207//6200 5187//6200 5186//6200 5180//6200
f 5188//6201 5208//6201 5180//6201 5186//6201
f 5191//6202 5181//6202 2167//6202 2176//6202
f 5192//6203 5182//6203 5181//6203 5191//6203
f 5193//6204 5183//6204 5182//6204 5192//6204
f 5194//6205 5184//6205 5183//6205 5193//6205
f 5195//6206 5185//6206 5184//6206 5194//6206
f 5187//6207 5197//6207 5196//6207 5186//6207
f 5197//6208 5187//6208 5185//6208 5195//6208
f 5198//6209 5188//6209 5186//6209 5196//6209
f 5199//6210 5190//6210 5188//6210 5198//6210
f 5209//6211 5191//6211 2176//6211 2191//6211
f 5210//6212 5193//6212 5192//6212 5209//6212
f 5212//6213 5195//6213 5194//6213 5210//6213
f 5197//6214 5212//6214 5211//6214 5196//6214
f 5213//6215 5198//6215 5196//6215 5211//6215
f 5099//6216 5214//6216 3489//6216 2971//6216
f 5103//6217 5216//6217 5215//6217 5102//6217
f 5105//6218 5217//6218 5216//6218 5104//6218
f 5157//6219 5246//6219 5245//6219 5137//6219
f 5246//6220 5157//6220 5062//6220 5168//6220
f 5247//6221 5142//6221 5139//6221 5245//6221
f 5145//6222 5247//6222 5266//6222 5144//6222
f 5250//6223 5148//6223 5144//6223 5266//6223
f 5151//6224 5250//6224 5249//6224 5150//6224
f 5159//6225 5251//6225 5217//6225 5098//6225
f 5251//6226 5159//6226 5149//6226 5249//6226
f 5248//6227 5247//6227 5245//6227 5246//6227
f 5267//6228 5250//6228 5266//6228 5247//6228
f 5252//6229 5251//6229 5249//6229 5250//6229
f 5253//6230 5246//6230 5168//6230 5169//6230
f 5248//6231 5255//6231 5254//6231 5247//6231
f 5255//6232 5248//6232 5246//6232 5253//6232
f 5252//6233 5258//6233 5257//6233 5251//6233
f 5258//6234 5252//6234 5250//6234 5256//6234
f 5251//6235 5257//6235 5218//6235 5217//6235
f 5220//6236 5255//6236 5253//6236 5219//6236
f 5224//6237 5267//6237 5255//6237 5221//6237
f 5267//6238 5228//6238 5227//6238 5258//6238
f 5258//6239 5230//6239 5229//6239 5257//6239
f 5233//6240 5220//6240 5219//6240 5232//6240
f 5222//6241 5235//6241 5234//6241 5221//6241
f 5235//6242 5222//6242 5220//6242 5233//6242
f 5224//6243 5237//6243 5236//6243 5223//6243
f 5237//6244 5224//6244 5221//6244 5234//6244
f 5226//6245 5239//6245 5238//6245 5225//6245
f 5239//6246 5226//6246 5223//6246 5236//6246
f 5228//6247 5241//6247 5240//6247 5227//6247
f 5241//6248 5228//6248 5225//6248 5238//6248
f 5230//6249 5243//6249 5242//6249 5229//6249
f 5231//6250 5244//6250 5243//6250 5230//6250
f 5244//6251 5231//6251 5227//6251 5240//6251
f 5260//6252 5233//6252 5232//6252 5259//6252
f 5237//6253 5262//6253 5261//6253 5236//6253
f 5262//6254 5237//6254 5234//6254 5260//6254
f 5241//6255 5265//6255 5264//6255 5240//6255
f 5265//6256 5241//6256 5238//6256 5261//6256
f 5243//6257 5264//6257 5263//6257 5242//6257
f 5275//6258 5253//6258 5169//6258 5208//6258
f 5268//6259 5275//6259 5208//6259 5189//6259
f 5269//6260 5268//6260 5189//6260 5190//6260
f 5275//6261 5270//6261 5219//6261 5253//6261
f 5269//6262 5272//6262 5271//6262 5268//6262
f 5272//6263 5269//6263 5190//6263 5199//6263
f 5270//6264 5273//6264 5232//6264 5219//6264
f 5273//6265 5270//6265 5268//6265 5271//6265
f 5274//6266 5272//6266 5199//6266 5213//6266
f 5273//6267 5274//6267 5259//6267 5232//6267
f 5301//6268 3607//6268 3489//6268 5214//6268
f 5162//6269 5301//6269 5214//6269 5100//6269
f 5160//6270 5276//6270 5301//6270 5162//6270
f 5161//6271 5277//6271 5276//6271 5160//6271
f 5277//6272 5161//6272 5102//6272 5215//6272
f 5302//6273 5277//6273 5215//6273 5216//6273
f 5277//6274 5279//6274 5278//6274 5276//6274
f 5303//6275 5302//6275 5216//6275 5217//6275
f 5281//6276 5280//6276 5278//6276 5279//6276
f 5303//6277 5307//6277 5306//6277 5302//6277
f 5307//6278 5303//6278 5217//6278 5218//6278
f 5301//6279 5304//6279 3610//6279 3607//6279
f 5280//6280 5305//6280 5304//6280 5301//6280
f 5302//6281 5306//6281 5305//6281 5281//6281
f 5308//6282 3612//6282 3610//6282 5304//6282
f 5309//6283 5308//6283 5304//6283 5305//6283
f 5310//6284 5309//6284 5305//6284 5306//6284
f 5307//6285 5284//6285 5283//6285 5306//6285
f 5308//6286 5286//6286 3595//6286 3612//6286
f 5309//6287 5288//6287 5287//6287 5308//6287
f 5310//6288 5290//6288 5289//6288 5309//6288
f 5291//6289 5310//6289 5306//6289 5283//6289
f 5284//6290 5293//6290 5292//6290 5283//6290
f 5285//6291 5294//6291 5293//6291 5284//6291
f 5286//6292 5295//6292 3604//6292 3595//6292
f 5287//6293 5296//6293 5295//6293 5286//6293
f 5288//6294 5297//6294 5296//6294 5287//6294
f 5289//6295 5298//6295 5297//6295 5288//6295
f 5290//6296 5299//6296 5298//6296 5289//6296
f 5291//6297 5300//6297 5299//6297 5290//6297
f 5300//6298 5291//6298 5283//6298 5292//6298
f 5293//6299 5312//6299 5311//6299 5292//6299
f 5295//6300 5313//6300 3617//6300 3604//6300
f 5297//6301 5314//6301 5313//6301 5296//6301
f 5299//6302 5315//6302 5314//6302 5298//6302
f 5315//6303 5300//6303 5292//6303 5311//6303
f 5323//6304 5307//6304 5218//6304 5257//6304
f 5323//6305 5316//6305 5282//6305 5307//6305
f 5317//6306 5323//6306 5257//6306 5229//6306
f 5318//6307 5285//6307 5282//6307 5316//6307
f 5317//6308 5320//6308 5319//6308 5316//6308
f 5320//6309 5317//6309 5229//6309 5242//6309
f 5318//6310 5321//6310 5294//6310 5285//6310
f 5321//6311 5318//6311 5316//6311 5319//6311
f 5322//6312 5320//6312 5242//6312 5263//6312
f 5321//6313 5322//6313 5312//6313 5294//6313
f 5329//6314 5330//6314 5327//6314 5326//6314
f 5332//6315 5366//6315 5329//6315 5328//6315
f 5366//6316 5363//6316 5361//6316 5330//6316
f 5335//6317 5336//6317 5332//6317 5331//6317
f 5363//6318 5366//6318 5336//6318 5362//6318
f 5340//6319 5341//6319 5339//6319 5338//6319
f 5342//6320 5343//6320 5341//6320 5340//6320
f 5343//6321 5325//6321 5324//6321 5341//6321
f 5365//6322 5344//6322 5364//6322 5367//6322
f 5346//6323 5347//6323 5343//6323 5342//6323
f 5327//6324 5347//6324 5346//6324 5326//6324
f 5347//6325 5327//6325 5325//6325 5343//6325
f 5349//6326 5350//6326 5346//6326 5345//6326
f 5329//6327 5350//6327 5349//6327 5328//6327
f 5350//6328 5329//6328 5326//6328 5346//6328
f 5354//6329 5355//6329 5349//6329 5348//6329
f 5332//6330 5355//6330 5354//6330 5331//6330
f 5355//6331 5332//6331 5328//6331 5349//6331
f 5357//6332 5358//6332 5352//6332 5351//6332
f 5358//6333 5359//6333 5353//6333 5352//6333
f 5334//6334 5359//6334 5358//6334 5333//6334
f 5359//6335 5360//6335 5354//6335 5353//6335
f 5335//6336 5360//6336 5359//6336 5334//6336
f 5360//6337 5335//6337 5331//6337 5354//6337
f 5371//6338 5372//6338 2366//6338 2365//6338
f 5373//6339 5374//6339 5372//6339 5371//6339
f 5376//6340 5377//6340 5374//6340 5373//6340
f 5377//6341 5369//6341 5368//6341 5374//6341
f 5380//6342 5381//6342 5377//6342 5376//6342
f 5381//6343 5370//6343 5369//6343 5377//6343
f 5375//6344 5376//6344 5373//6344 5393//6344
f 5379//6345 5380//6345 5376//6345 5375//6345
f 5383//6346 5394//6346 2379//6346 2374//6346
f 5371//6347 5394//6347 5383//6347 5393//6347
f 5394//6348 5371//6348 2365//6348 2379//6348
f 5386//6349 5387//6349 5385//6349 5384//6349
f 5387//6350 5375//6350 5393//6350 5385//6350
f 5388//6351 5389//6351 5387//6351 5386//6351
f 5379//6352 5389//6352 5388//6352 5378//6352
f 5389//6353 5379//6353 5375//6353 5387//6353
f 5382//6354 5383//6354 2374//6354 2373//6354
f 5384//6355 5385//6355 5383//6355 5382//6355
f 5363//6356 5388//6356 5386//6356 5361//6356
f 5390//6357 5382//6357 2373//6357 2377//6357
f 5391//6358 5384//6358 5382//6358 5390//6358
f 5327//6359 5392//6359 5391//6359 5325//6359
f 5386//6360 5392//6360 5327//6360 5361//6360
f 5392//6361 5386//6361 5384//6361 5391//6361
f 5337//6362 5390//6362 2377//6362 2341//6362
f 5341//6363 5391//6363 5390//6363 5339//6363
f 5395//6364 5209//6364 2191//6364 2389//6364
f 5397//6365 5210//6365 5209//6365 5396//6365
f 5399//6366 5212//6366 5210//6366 5398//6366
f 5212//6367 5401//6367 5400//6367 5211//6367
f 5402//6368 5213//6368 5211//6368 5400//6368
f 5419//6369 5405//6369 2403//6369 2405//6369
f 5405//6370 5395//6370 2389//6370 2403//6370
f 5406//6371 5396//6371 5395//6371 5405//6371
f 5420//6372 5407//6372 5406//6372 5419//6372
f 5407//6373 5397//6373 5396//6373 5406//6373
f 5408//6374 5398//6374 5397//6374 5407//6374
f 5369//6375 5409//6375 5420//6375 5368//6375
f 5410//6376 5411//6376 5408//6376 5420//6376
f 5411//6377 5399//6377 5398//6377 5408//6377
f 5412//6378 5413//6378 5410//6378 5409//6378
f 5413//6379 5414//6379 5411//6379 5410//6379
f 5401//6380 5414//6380 5413//6380 5400//6380
f 5414//6381 5401//6381 5399//6381 5411//6381
f 5370//6382 5415//6382 5412//6382 5369//6382
f 5415//6383 5416//6383 5413//6383 5412//6383
f 5416//6384 5402//6384 5400//6384 5413//6384
f 5417//6385 5418//6385 5416//6385 5415//6385
f 5404//6386 5418//6386 5417//6386 5403//6386
f 5418//6387 5404//6387 5402//6387 5416//6387
f 5372//6388 5421//6388 2407//6388 2366//6388
f 5421//6389 5419//6389 2405//6389 2407//6389
f 5374//6390 5422//6390 5421//6390 5372//6390
f 5422//6391 5420//6391 5419//6391 5421//6391
f 5420//6392 5422//6392 5374//6392 5368//6392
f 4322//6393 5433//6393 5429//6393 4318//6393
f 5433//6394 5434//6394 5430//6394 5429//6394
f 5434//6395 5435//6395 5431//6395 5430//6395
f 5435//6396 5436//6396 5432//6396 5431//6396
f 5424//6397 5435//6397 5434//6397 5423//6397
f 5425//6398 5436//6398 5435//6398 5424//6398
f 5430//6399 5431//6399 5427//6399 5448//6399
f 5431//6400 5432//6400 5428//6400 5427//6400
f 5442//6401 5443//6401 5439//6401 5438//6401
f 5443//6402 5444//6402 5440//6402 5439//6402
f 5428//6403 5444//6403 5443//6403 5427//6403
f 5444//6404 5428//6404 5426//6404 5440//6404
f 5427//6405 5443//6405 5442//6405 5448//6405
f 4335//6406 5449//6406 5441//6406 4330//6406
f 5429//6407 5449//6407 4335//6407 4318//6407
f 5449//6408 5429//6408 5448//6408 5441//6408
f 5439//6409 5440//6409 5363//6409 5362//6409
f 4330//6410 5441//6410 5437//6410 4326//6410
f 5441//6411 5442//6411 5438//6411 5437//6411
f 5446//6412 5447//6412 5335//6412 5334//6412
f 5439//6413 5447//6413 5446//6413 5438//6413
f 5447//6414 5439//6414 5362//6414 5335//6414
f 5437//6415 5445//6415 4333//6415 4326//6415
f 5438//6416 5446//6416 5445//6416 5437//6416
f 4333//6417 5445//6417 5356//6417 4117//6417
f 5445//6418 5446//6418 5358//6418 5357//6418
f 5451//6419 5260//6419 5259//6419 5450//6419
f 5262//6420 5455//6420 5454//6420 5261//6420
f 5455//6421 5262//6421 5260//6421 5452//6421
f 5265//6422 5459//6422 5458//6422 5264//6422
f 5459//6423 5265//6423 5261//6423 5456//6423
f 5264//6424 5461//6424 5460//6424 5263//6424
f 5465//6425 5466//6425 5464//6425 5463//6425
f 5487//6426 5467//6426 5465//6426 5485//6426
f 5467//6427 5468//6427 5466//6427 5465//6427
f 5468//6428 5451//6428 5450//6428 5466//6428
f 5469//6429 5470//6429 5468//6429 5467//6429
f 5453//6430 5470//6430 5469//6430 5452//6430
f 5470//6431 5453//6431 5451//6431 5468//6431
f 5489//6432 5471//6432 5487//6432 5486//6432
f 5472//6433 5473//6433 5469//6433 5487//6433
f 5455//6434 5473//6434 5472//6434 5454//6434
f 5473//6435 5455//6435 5452//6435 5469//6435
f 5474//6436 5475//6436 5472//6436 5471//6436
f 5457//6437 5475//6437 5474//6437 5456//6437
f 5475//6438 5457//6438 5454//6438 5472//6438
f 5477//6439 5478//6439 5489//6439 5488//6439
f 5479//6440 5480//6440 5474//6440 5489//6440
f 5459//6441 5480//6441 5479//6441 5458//6441
f 5480//6442 5459//6442 5456//6442 5474//6442
f 5481//6443 5482//6443 5477//6443 5476//6443
f 5482//6444 5483//6444 5478//6444 5477//6444
f 5461//6445 5483//6445 5482//6445 5460//6445
f 5483//6446 5484//6446 5479//6446 5478//6446
f 5462//6447 5484//6447 5483//6447 5461//6447
f 5484//6448 5462//6448 5458//6448 5479//6448
f 5491//6449 5492//6449 5380//6449 5379//6449
f 5492//6450 5493//6450 5381//6450 5380//6450
f 5463//6451 5493//6451 5492//6451 5485//6451
f 5493//6452 5463//6452 5370//6452 5381//6452
f 5494//6453 5495//6453 5491//6453 5490//6453
f 5495//6454 5496//6454 5492//6454 5491//6454
f 5487//6455 5496//6455 5495//6455 5486//6455
f 5496//6456 5487//6456 5485//6456 5492//6456
f 5432//6457 5497//6457 5494//6457 5428//6457
f 5497//6458 5498//6458 5495//6458 5494//6458
f 5489//6459 5498//6459 5497//6459 5488//6459
f 5498//6460 5489//6460 5486//6460 5495//6460
f 5436//6461 5499//6461 5497//6461 5432//6461
f 5476//6462 5499//6462 5436//6462 5425//6462
f 5499//6463 5476//6463 5488//6463 5497//6463
f 5490//6464 5491//6464 5379//6464 5378//6464
f 5428//6465 5494//6465 5490//6465 5426//6465
f 5440//6466 5500//6466 5388//6466 5363//6466
f 5490//6467 5500//6467 5440//6467 5426//6467
f 5500//6468 5490//6468 5378//6468 5388//6468
f 5501//6469 5502//6469 5404//6469 5403//6469
f 5502//6470 5274//6470 5213//6470 5404//6470
f 5274//6471 5503//6471 5450//6471 5259//6471
f 5464//6472 5504//6472 5417//6472 5370//6472
f 5504//6473 5501//6473 5403//6473 5417//6473
f 5466//6474 5505//6474 5504//6474 5464//6474
f 5503//6475 5505//6475 5466//6475 5450//6475
f 5505//6476 5503//6476 5501//6476 5504//6476
f 5312//6477 5508//6477 5507//6477 5311//6477
f 5313//6478 5510//6478 4424//6478 3617//6478
f 5314//6479 5512//6479 5511//6479 5313//6479
f 5315//6480 5514//6480 5513//6480 5314//6480
f 5515//6481 5315//6481 5311//6481 5507//6481
f 5531//6482 5516//6482 5424//6482 5423//6482
f 5517//6483 5518//6483 5425//6483 5424//6483
f 5520//6484 5521//6484 5517//6484 5516//6484
f 5521//6485 5522//6485 5518//6485 5517//6485
f 5508//6486 5522//6486 5521//6486 5507//6486
f 5522//6487 5523//6487 5519//6487 5518//6487
f 5509//6488 5523//6488 5522//6488 5508//6488
f 5523//6489 5509//6489 5506//6489 5519//6489
f 4438//6490 5524//6490 5530//6490 4440//6490
f 5510//6491 5524//6491 4438//6491 4424//6491
f 5511//6492 5525//6492 5524//6492 5510//6492
f 5525//6493 5526//6493 5531//6493 5530//6493
f 5512//6494 5526//6494 5525//6494 5511//6494
f 5513//6495 5527//6495 5526//6495 5512//6495
f 5527//6496 5528//6496 5520//6496 5531//6496
f 5514//6497 5528//6497 5527//6497 5513//6497
f 5528//6498 5529//6498 5521//6498 5520//6498
f 5515//6499 5529//6499 5528//6499 5514//6499
f 5529//6500 5515//6500 5507//6500 5521//6500
f 4442//6501 5532//6501 5433//6501 4322//6501
f 5530//6502 5532//6502 4442//6502 4440//6502
f 5532//6503 5533//6503 5434//6503 5433//6503
f 5531//6504 5533//6504 5532//6504 5530//6504
f 5533//6505 5531//6505 5423//6505 5434//6505
f 5535//6506 5322//6506 5263//6506 5460//6506
f 5509//6507 5536//6507 5534//6507 5506//6507
f 5322//6508 5536//6508 5509//6508 5312//6508
f 5519//6509 5537//6509 5481//6509 5425//6509
f 5534//6510 5537//6510 5519//6510 5506//6510
f 5537//6511 5538//6511 5482//6511 5481//6511
f 5535//6512 5538//6512 5537//6512 5534//6512
f 5538//6513 5535//6513 5460//6513 5482//6513
f 4858//6514 5559//6514 2430//6514 1888//6514
f 5559//6515 5551//6515 2432//6515 2431//6515
f 5551//6516 5539//6516 2422//6516 2432//6516
f 5539//6517 5540//6517 2423//6517 2422//6517
f 5540//6518 5337//6518 2341//6518 2423//6518
f 5541//6519 5542//6519 5540//6519 5539//6519
f 5339//6520 5542//6520 5541//6520 5338//6520
f 5542//6521 5339//6521 5337//6521 5540//6521
f 5552//6522 5553//6522 5541//6522 5551//6522
f 5553//6523 5340//6523 5338//6523 5541//6523
f 5364//6524 5552//6524 5559//6524 5367//6524
f 4857//6525 5554//6525 5559//6525 4858//6525
f 5555//6526 5365//6526 5367//6526 5559//6526
f 5543//6527 5344//6527 5365//6527 5555//6527
f 5344//6528 5543//6528 5552//6528 5364//6528
f 5544//6529 5556//6529 5553//6529 5552//6529
f 5346//6530 5556//6530 5544//6530 5345//6530
f 5556//6531 5346//6531 5342//6531 5553//6531
f 5545//6532 5546//6532 5544//6532 5543//6532
f 5349//6533 5546//6533 5545//6533 5348//6533
f 5546//6534 5349//6534 5345//6534 5544//6534
f 4850//6535 5547//6535 5554//6535 4857//6535
f 5548//6536 5557//6536 5555//6536 5554//6536
f 5352//6537 5557//6537 5548//6537 5351//6537
f 5557//6538 5558//6538 5545//6538 5555//6538
f 5354//6539 5558//6539 5557//6539 5353//6539
f 5558//6540 5354//6540 5348//6540 5545//6540
f 4852//6541 5549//6541 5547//6541 4850//6541
f 5356//6542 5549//6542 4852//6542 4117//6542
f 5549//6543 5550//6543 5548//6543 5547//6543
f 5357//6544 5550//6544 5549//6544 5356//6544
f 5550//6545 5357//6545 5351//6545 5548//6545
f 5560//6546 1225//6546 1227//6546 5562//6546
f 5565//6547 1498//6547 1497//6547 5564//6547
f 5564//6548 1497//6548 1448//6548 5563//6548
f 5567//6549 5565//6549 5564//6549 5566//6549
f 5568//6550 1528//6550 1498//6550 5565//6550
f 5587//6551 1529//6551 1527//6551 5568//6551
f 5585//6552 5588//6552 5587//6552 5589//6552
f 5572//6553 5570//6553 5569//6553 5571//6553
f 5575//6554 5571//6554 5585//6554 5586//6554
f 5576//6555 5572//6555 5571//6555 5575//6555
f 5577//6556 5578//6556 5576//6556 5575//6556
f 5578//6557 5573//6557 5572//6557 5576//6557
f 5579//6558 5574//6558 5573//6558 5578//6558
f 5581//6559 5577//6559 5575//6559 5580//6559
f 5582//6560 5578//6560 5577//6560 5581//6560
f 5583//6561 5584//6561 5582//6561 5581//6561
f 5584//6562 5579//6562 5578//6562 5582//6562
f 5632//6563 1541//6563 1529//6563 5588//6563
f 1541//6564 5592//6564 5562//6564 1227//6564
f 5592//6565 5593//6565 5560//6565 5562//6565
f 5593//6566 5594//6566 5561//6566 5560//6566
f 5594//6567 1532//6567 1225//6567 5561//6567
f 5595//6568 5596//6568 5594//6568 5593//6568
f 5596//6569 1535//6569 1532//6569 5594//6569
f 5634//6570 1538//6570 1535//6570 5596//6570
f 5635//6571 1539//6571 1538//6571 5634//6571
f 5642//6572 1542//6572 1539//6572 5635//6572
f 5598//6573 5592//6573 5591//6573 5597//6573
f 5599//6574 5593//6574 5592//6574 5598//6574
f 5600//6575 5601//6575 5598//6575 5597//6575
f 5601//6576 5602//6576 5599//6576 5598//6576
f 5602//6577 5595//6577 5593//6577 5599//6577
f 5633//6578 5634//6578 5602//6578 5601//6578
f 5636//6579 5642//6579 5634//6579 5633//6579
f 5605//6580 5597//6580 5632//6580 5604//6580
f 5607//6581 5608//6581 5605//6581 5604//6581
f 5608//6582 5600//6582 5597//6582 5605//6582
f 5609//6583 5601//6583 5600//6583 5608//6583
f 5610//6584 5611//6584 5609//6584 5608//6584
f 5611//6585 5633//6585 5601//6585 5609//6585
f 5612//6586 5613//6586 5611//6586 5610//6586
f 5639//6587 5636//6587 5633//6587 5613//6587
f 5641//6588 5637//6588 5636//6588 5639//6588
f 5615//6589 5604//6589 5603//6589 5614//6589
f 5606//6590 5616//6590 5614//6590 5603//6590
f 5616//6591 5617//6591 5615//6591 5614//6591
f 5617//6592 5607//6592 5604//6592 5615//6592
f 5618//6593 5608//6593 5607//6593 5617//6593
f 5619//6594 5620//6594 5618//6594 5617//6594
f 5620//6595 5610//6595 5608//6595 5618//6595
f 5621//6596 5622//6596 5620//6596 5619//6596
f 5622//6597 5612//6597 5610//6597 5620//6597
f 5638//6598 5639//6598 5622//6598 5621//6598
f 5640//6599 5641//6599 5639//6599 5638//6599
f 5623//6600 5616//6600 5588//6600 5570//6600
f 5624//6601 5617//6601 5616//6601 5623//6601
f 5625//6602 5626//6602 5624//6602 5623//6602
f 5626//6603 5619//6603 5617//6603 5624//6603
f 5627//6604 5628//6604 5626//6604 5625//6604
f 5628//6605 5621//6605 5619//6605 5626//6605
f 5643//6606 5638//6606 5621//6606 5628//6606
f 5629//6607 5623//6607 5570//6607 5572//6607
f 5573//6608 5630//6608 5629//6608 5572//6608
f 5630//6609 5625//6609 5623//6609 5629//6609
f 5574//6610 5631//6610 5630//6610 5573//6610
f 5631//6611 5627//6611 5625//6611 5630//6611
f 5590//6612 5643//6612 5631//6612 5574//6612
f 1762//6613 5645//6613 5563//6613 1448//6613
f 5645//6614 1761//6614 1686//6614 5644//6614
f 5659//6615 1779//6615 1542//6615 5642//6615
f 5647//6616 5659//6616 5642//6616 5637//6616
f 5649//6617 5660//6617 5659//6617 5648//6617
f 5652//6618 5647//6618 5637//6618 5641//6618
f 5654//6619 5648//6619 5647//6619 5652//6619
f 5656//6620 5649//6620 5648//6620 5654//6620
f 5658//6621 5650//6621 5649//6621 5656//6621
f 5651//6622 5652//6622 5641//6622 5640//6622
f 5653//6623 5654//6623 5652//6623 5651//6623
f 5655//6624 5656//6624 5654//6624 5653//6624
f 5657//6625 5658//6625 5656//6625 5655//6625
f 5661//6626 5651//6626 5640//6626 5643//6626
f 5662//6627 5655//6627 5653//6627 5661//6627
f 5646//6628 5661//6628 5643//6628 5590//6628
f 5665//6629 5567//6629 5566//6629 5664//6629
f 5664//6630 5566//6630 5563//6630 5663//6630
f 5667//6631 5665//6631 5664//6631 5666//6631
f 5668//6632 5568//6632 5567//6632 5665//6632
f 5669//6633 5586//6633 5589//6633 5726//6633
f 5718//6634 5580//6634 5586//6634 5670//6634
f 5726//6635 5589//6635 5568//6635 5668//6635
f 5671//6636 5672//6636 5718//6636 5670//6636
f 5672//6637 5581//6637 5580//6637 5718//6637
f 5673//6638 5583//6638 5581//6638 5672//6638
f 5727//6639 5590//6639 5583//6639 5673//6639
f 5675//6640 5670//6640 5669//6640 5674//6640
f 5676//6641 5677//6641 5675//6641 5674//6641
f 5677//6642 5671//6642 5670//6642 5675//6642
f 5678//6643 5672//6643 5671//6643 5677//6643
f 5679//6644 5680//6644 5678//6644 5677//6644
f 5680//6645 5673//6645 5672//6645 5678//6645
f 5681//6646 5676//6646 5674//6646 5719//6646
f 5682//6647 5677//6647 5676//6647 5681//6647
f 5683//6648 5679//6648 5677//6648 5682//6648
f 5685//6649 5682//6649 5681//6649 5684//6649
f 5686//6650 5687//6650 5685//6650 5684//6650
f 5687//6651 5683//6651 5682//6651 5685//6651
f 5690//6652 5684//6652 5726//6652 5689//6652
f 5691//6653 5686//6653 5684//6653 5690//6653
f 5692//6654 5687//6654 5686//6654 5691//6654
f 5693//6655 5694//6655 5692//6655 5691//6655
f 5694//6656 5727//6656 5687//6656 5692//6656
f 5695//6657 5696//6657 5694//6657 5693//6657
f 5698//6658 5689//6658 5688//6658 5697//6658
f 5699//6659 5690//6659 5689//6659 5698//6659
f 5700//6660 5701//6660 5699//6660 5698//6660
f 5701//6661 5691//6661 5690//6661 5699//6661
f 5702//6662 5693//6662 5691//6662 5701//6662
f 5703//6663 5695//6663 5693//6663 5702//6663
f 5704//6664 5697//6664 5720//6664 5722//6664
f 5705//6665 5698//6665 5697//6665 5704//6665
f 5706//6666 5700//6666 5698//6666 5705//6666
f 5723//6667 5701//6667 5700//6667 5706//6667
f 5707//6668 5708//6668 5723//6668 5706//6668
f 5708//6669 5702//6669 5701//6669 5723//6669
f 5709//6670 5703//6670 5702//6670 5708//6670
f 5725//6671 5721//6671 5703//6671 5709//6671
f 5711//6672 5705//6672 5704//6672 5710//6672
f 5712//6673 5713//6673 5711//6673 5710//6673
f 5713//6674 5706//6674 5705//6674 5711//6674
f 5714//6675 5707//6675 5706//6675 5713//6675
f 5715//6676 5708//6676 5707//6676 5714//6676
f 5716//6677 5717//6677 5715//6677 5714//6677
f 5717//6678 5709//6678 5708//6678 5715//6678
f 5724//6679 5725//6679 5717//6679 5716//6679
f 5645//6680 5729//6680 5663//6680 5563//6680
f 5729//6681 5645//6681 5644//6681 5728//6681
f 5730//6682 5646//6682 5590//6682 5727//6682
f 5733//6683 5667//6683 5666//6683 5732//6683
f 5732//6684 5666//6684 5663//6684 5731//6684
f 5735//6685 5733//6685 5732//6685 5734//6685
f 5754//6686 5668//6686 5667//6686 5733//6686
f 5750//6687 5753//6687 5752//6687 5755//6687
f 5738//6688 5739//6688 5737//6688 5736//6688
f 5756//6689 5754//6689 5733//6689 5735//6689
f 5754//6690 5756//6690 5755//6690 5752//6690
f 5741//6691 5739//6691 5738//6691 5740//6691
f 5742//6692 5740//6692 5750//6692 5751//6692
f 5743//6693 5741//6693 5740//6693 5742//6693
f 5746//6694 5743//6694 5742//6694 5745//6694
f 5747//6695 5748//6695 5746//6695 5745//6695
f 5748//6696 5744//6696 5743//6696 5746//6696
f 5757//6697 5722//6697 5668//6697 5753//6697
f 5759//6698 5710//6698 5722//6698 5758//6698
f 5760//6699 5761//6699 5759//6699 5758//6699
f 5761//6700 5712//6700 5710//6700 5759//6700
f 5762//6701 5713//6701 5712//6701 5761//6701
f 5763//6702 5764//6702 5762//6702 5761//6702
f 5764//6703 5714//6703 5713//6703 5762//6703
f 5765//6704 5716//6704 5714//6704 5764//6704
f 5808//6705 5724//6705 5716//6705 5765//6705
f 5767//6706 5758//6706 5757//6706 5766//6706
f 5768//6707 5760//6707 5758//6707 5767//6707
f 5769//6708 5761//6708 5760//6708 5768//6708
f 5770//6709 5763//6709 5761//6709 5769//6709
f 5771//6710 5764//6710 5763//6710 5770//6710
f 5772//6711 5773//6711 5771//6711 5770//6711
f 5773//6712 5765//6712 5764//6712 5771//6712
f 5775//6713 5767//6713 5766//6713 5774//6713
f 5776//6714 5777//6714 5775//6714 5774//6714
f 5777//6715 5768//6715 5767//6715 5775//6715
f 5809//6716 5769//6716 5768//6716 5777//6716
f 5810//6717 5778//6717 5809//6717 5777//6717
f 5778//6718 5770//6718 5769//6718 5809//6718
f 5779//6719 5772//6719 5770//6719 5778//6719
f 5811//6720 5808//6720 5772//6720 5779//6720
f 5781//6721 5776//6721 5774//6721 5780//6721
f 5782//6722 5777//6722 5776//6722 5781//6722
f 5784//6723 5779//6723 5778//6723 5783//6723
f 5785//6724 5781//6724 5753//6724 5739//6724
f 5786//6725 5782//6725 5781//6725 5785//6725
f 5787//6726 5810//6726 5782//6726 5786//6726
f 5788//6727 5783//6727 5810//6727 5787//6727
f 5789//6728 5790//6728 5788//6728 5787//6728
f 5790//6729 5784//6729 5783//6729 5788//6729
f 5812//6730 5813//6730 5790//6730 5789//6730
f 5813//6731 5811//6731 5784//6731 5790//6731
f 5791//6732 5785//6732 5739//6732 5741//6732
f 5792//6733 5786//6733 5785//6733 5791//6733
f 5793//6734 5794//6734 5792//6734 5791//6734
f 5794//6735 5787//6735 5786//6735 5792//6735
f 5795//6736 5789//6736 5787//6736 5794//6736
f 5814//6737 5791//6737 5741//6737 5743//6737
f 5744//6738 5796//6738 5814//6738 5743//6738
f 5796//6739 5793//6739 5791//6739 5814//6739
f 5797//6740 5794//6740 5793//6740 5796//6740
f 5798//6741 5799//6741 5797//6741 5796//6741
f 5799//6742 5795//6742 5794//6742 5797//6742
f 5800//6743 5801//6743 5799//6743 5798//6743
f 5801//6744 5812//6744 5795//6744 5799//6744
f 5802//6745 5803//6745 5801//6745 5800//6745
f 5804//6746 5796//6746 5744//6746 5748//6746
f 5749//6747 5805//6747 5804//6747 5748//6747
f 5805//6748 5798//6748 5796//6748 5804//6748
f 5806//6749 5800//6749 5798//6749 5805//6749
f 5807//6750 5802//6750 5800//6750 5806//6750
f 5729//6751 5816//6751 5731//6751 5663//6751
f 5816//6752 5729//6752 5728//6752 5815//6752
f 5840//6753 5730//6753 5724//6753 5808//6753
f 5830//6754 5831//6754 5813//6754 5812//6754
f 5831//6755 5840//6755 5811//6755 5813//6755
f 5832//6756 5833//6756 5831//6756 5830//6756
f 5834//6757 5835//6757 5833//6757 5832//6757
f 5835//6758 5841//6758 5840//6758 5833//6758
f 5836//6759 5837//6759 5835//6759 5834//6759
f 5817//6760 5818//6760 5803//6760 5802//6760
f 5818//6761 5830//6761 5812//6761 5803//6761
f 5820//6762 5832//6762 5830//6762 5819//6762
f 5838//6763 5834//6763 5832//6763 5821//6763
f 5839//6764 5836//6764 5834//6764 5838//6764
f 5822//6765 5817//6765 5802//6765 5807//6765
f 5823//6766 5818//6766 5817//6766 5822//6766
f 5824//6767 5825//6767 5823//6767 5822//6767
f 5825//6768 5819//6768 5818//6768 5823//6768
f 5826//6769 5827//6769 5825//6769 5824//6769
f 5827//6770 5820//6770 5819//6770 5825//6770
f 5828//6771 5829//6771 5827//6771 5826//6771
f 5829//6772 5821//6772 5820//6772 5827//6772
f 5846//6773 5735//6773 5734//6773 5893//6773
f 5853//6774 5734//6774 5731//6774 5842//6774
f 5855//6775 5845//6775 5844//6775 5854//6775
f 5857//6776 5847//6776 5846//6776 5856//6776
f 5858//6777 5848//6777 5847//6777 5857//6777
f 5848//6778 5858//6778 5854//6778 5844//6778
f 5858//6779 5859//6779 5855//6779 5854//6779
f 5861//6780 5850//6780 5849//6780 5860//6780
f 5862//6781 5851//6781 5850//6781 5861//6781
f 5863//6782 5852//6782 5851//6782 5862//6782
f 5863//6783 5894//6783 5856//6783 5893//6783
f 5853//6784 5864//6784 5860//6784 5849//6784
f 5864//6785 5865//6785 5861//6785 5860//6785
f 5867//6786 5858//6786 5857//6786 5895//6786
f 5868//6787 5859//6787 5858//6787 5867//6787
f 5859//6788 5868//6788 5866//6788 5855//6788
f 5870//6789 5862//6789 5861//6789 5869//6789
f 5871//6790 5863//6790 5862//6790 5870//6790
f 5872//6791 5894//6791 5863//6791 5871//6791
f 5894//6792 5872//6792 5895//6792 5856//6792
f 5873//6793 5874//6793 5867//6793 5895//6793
f 5874//6794 5875//6794 5868//6794 5867//6794
f 5876//6795 5864//6795 5842//6795 5843//6795
f 5877//6796 5865//6796 5864//6796 5876//6796
f 5865//6797 5877//6797 5869//6797 5861//6797
f 5877//6798 5878//6798 5870//6798 5869//6798
f 5878//6799 5879//6799 5871//6799 5870//6799
f 5879//6800 5880//6800 5872//6800 5871//6800
f 5883//6801 5873//6801 5872//6801 5882//6801
f 5884//6802 5874//6802 5873//6802 5883//6802
f 5885//6803 5875//6803 5874//6803 5884//6803
f 5875//6804 5885//6804 5881//6804 5868//6804
f 5887//6805 5878//6805 5877//6805 5886//6805
f 5888//6806 5879//6806 5878//6806 5887//6806
f 5889//6807 5880//6807 5879//6807 5888//6807
f 5880//6808 5889//6808 5882//6808 5872//6808
f 5889//6809 5890//6809 5883//6809 5882//6809
f 5890//6810 5891//6810 5884//6810 5883//6810
f 5891//6811 5892//6811 5885//6811 5884//6811
f 5898//6812 5751//6812 5755//6812 5897//6812
f 5961//6813 5745//6813 5751//6813 5899//6813
f 5900//6814 5756//6814 5735//6814 5845//6814
f 5756//6815 5902//6815 5896//6815 5755//6815
f 5903//6816 5904//6816 5961//6816 5899//6816
f 5904//6817 5747//6817 5745//6817 5961//6817
f 5905//6818 5748//6818 5747//6818 5904//6818
f 5906//6819 5907//6819 5905//6819 5904//6819
f 5907//6820 5749//6820 5748//6820 5905//6820
f 5911//6821 5897//6821 5896//6821 5910//6821
f 5912//6822 5898//6822 5897//6822 5911//6822
f 5913//6823 5899//6823 5898//6823 5912//6823
f 5914//6824 5900//6824 5845//6824 5855//6824
f 5915//6825 5901//6825 5900//6825 5914//6825
f 5916//6826 5902//6826 5901//6826 5915//6826
f 5902//6827 5916//6827 5910//6827 5896//6827
f 5916//6828 5917//6828 5911//6828 5910//6828
f 5917//6829 5918//6829 5912//6829 5911//6829
f 5918//6830 5919//6830 5913//6830 5912//6830
f 5919//6831 5903//6831 5899//6831 5913//6831
f 5920//6832 5904//6832 5903//6832 5919//6832
f 5921//6833 5922//6833 5920//6833 5919//6833
f 5922//6834 5906//6834 5904//6834 5920//6834
f 5923//6835 5907//6835 5906//6835 5922//6835
f 5924//6836 5925//6836 5923//6836 5922//6836
f 5925//6837 5908//6837 5907//6837 5923//6837
f 5926//6838 5927//6838 5925//6838 5924//6838
f 5927//6839 5909//6839 5908//6839 5925//6839
f 5928//6840 5914//6840 5855//6840 5866//6840
f 5929//6841 5915//6841 5914//6841 5928//6841
f 5930//6842 5916//6842 5915//6842 5929//6842
f 5931//6843 5917//6843 5916//6843 5930//6843
f 5932//6844 5918//6844 5917//6844 5931//6844
f 5933//6845 5919//6845 5918//6845 5932//6845
f 5868//6846 5934//6846 5928//6846 5866//6846
f 5934//6847 5935//6847 5929//6847 5928//6847
f 5935//6848 5936//6848 5930//6848 5929//6848
f 5936//6849 5937//6849 5931//6849 5930//6849
f 5937//6850 5938//6850 5932//6850 5931//6850
f 5938//6851 5939//6851 5933//6851 5932//6851
f 5939//6852 5921//6852 5919//6852 5933//6852
f 5962//6853 5922//6853 5921//6853 5939//6853
f 5940//6854 5941//6854 5938//6854 5937//6854
f 5941//6855 5942//6855 5939//6855 5938//6855
f 5942//6856 5943//6856 5962//6856 5939//6856
f 5943//6857 5924//6857 5922//6857 5962//6857
f 5944//6858 5945//6858 5942//6858 5941//6858
f 5945//6859 5946//6859 5943//6859 5942//6859
f 5946//6860 5926//6860 5924//6860 5943//6860
f 5947//6861 5934//6861 5868//6861 5881//6861
f 5948//6862 5935//6862 5934//6862 5947//6862
f 5949//6863 5936//6863 5935//6863 5948//6863
f 5950//6864 5937//6864 5936//6864 5949//6864
f 5885//6865 5951//6865 5947//6865 5881//6865
f 5951//6866 5952//6866 5948//6866 5947//6866
f 5952//6867 5953//6867 5949//6867 5948//6867
f 5953//6868 5954//6868 5950//6868 5949//6868
f 5954//6869 5940//6869 5937//6869 5950//6869
f 5955//6870 5941//6870 5940//6870 5954//6870
f 5892//6871 5956//6871 5951//6871 5885//6871
f 5956//6872 5957//6872 5952//6872 5951//6872
f 5957//6873 5958//6873 5953//6873 5952//6873
f 5958//6874 5959//6874 5954//6874 5953//6874
f 5959//6875 5960//6875 5955//6875 5954//6875
f 5960//6876 5944//6876 5941//6876 5955//6876
f 5963//6877 5805//6877 5749//6877 5907//6877
f 5908//6878 5964//6878 5963//6878 5907//6878
f 5964//6879 5806//6879 5805//6879 5963//6879
f 5969//6880 5970//6880 5966//6880 5965//6880
f 5976//6881 5967//6881 5966//6881 5975//6881
f 5978//6882 5969//6882 5968//6882 5977//6882
f 5979//6883 5970//6883 5969//6883 5978//6883
f 5970//6884 5979//6884 5975//6884 5966//6884
f 5981//6885 5972//6885 5971//6885 5980//6885
f 5972//6886 5981//6886 5977//6886 5968//6886
f 5981//6887 5982//6887 5978//6887 5977//6887
f 5984//6888 5974//6888 5973//6888 5983//6888
f 5974//6889 5984//6889 5980//6889 5971//6889
f 5984//6890 5985//6890 5981//6890 5980//6890
f 5987//6891 5976//6891 5975//6891 5986//6891
f 5988//6892 5979//6892 5978//6892 6004//6892
f 5979//6893 5988//6893 5986//6893 5975//6893
f 5988//6894 5989//6894 5987//6894 5986//6894
f 5991//6895 5982//6895 5981//6895 5990//6895
f 5982//6896 5991//6896 6004//6896 5978//6896
f 5991//6897 5992//6897 5988//6897 6004//6897
f 5993//6898 5985//6898 5984//6898 6005//6898
f 5985//6899 5993//6899 5990//6899 5981//6899
f 5993//6900 5994//6900 5991//6900 5990//6900
f 5996//6901 5989//6901 5988//6901 5995//6901
f 5998//6902 5992//6902 5991//6902 5997//6902
f 5992//6903 5998//6903 5995//6903 5988//6903
f 5998//6904 5999//6904 5996//6904 5995//6904
f 6001//6905 5994//6905 5993//6905 6000//6905
f 5994//6906 6001//6906 5997//6906 5991//6906
f 6001//6907 6002//6907 5998//6907 5997//6907
f 6002//6908 6003//6908 5999//6908 5998//6908
f 5816//6909 6009//6909 5842//6909 5731//6909
f 6014//6910 5816//6910 5815//6910 6006//6910
f 6014//6911 6015//6911 6012//6911 6011//6911
f 6017//6912 6008//6912 6007//6912 6016//6912
f 6018//6913 6009//6913 6008//6913 6017//6913
f 6010//6914 6020//6914 6016//6914 6007//6914
f 6020//6915 6021//6915 6017//6915 6016//6915
f 6023//6916 6013//6916 6012//6916 6022//6916
f 6026//6917 6015//6917 6014//6917 6025//6917
f 6015//6918 6026//6918 6022//6918 6012//6918
f 5976//6919 6079//6919 6025//6919 6006//6919
f 6028//6920 6018//6920 6017//6920 6027//6920
f 6029//6921 6019//6921 6018//6921 6028//6921
f 6019//6922 6029//6922 5843//6922 5842//6922
f 6030//6923 6020//6923 6078//6923 6080//6923
f 6031//6924 6021//6924 6020//6924 6030//6924
f 6021//6925 6031//6925 6027//6925 6017//6925
f 6031//6926 6032//6926 6028//6926 6027//6926
f 6032//6927 6033//6927 6029//6927 6028//6927
f 6035//6928 6023//6928 6022//6928 6034//6928
f 6036//6929 6024//6929 6023//6929 6035//6929
f 6024//6930 6036//6930 6080//6930 6078//6930
f 6036//6931 6037//6931 6030//6931 6080//6931
f 6037//6932 6038//6932 6031//6932 6030//6932
f 6040//6933 6026//6933 6025//6933 6039//6933
f 6026//6934 6040//6934 6034//6934 6022//6934
f 6040//6935 6041//6935 6035//6935 6034//6935
f 6041//6936 6042//6936 6036//6936 6035//6936
f 6043//6937 6079//6937 5976//6937 5987//6937
f 6079//6938 6043//6938 6039//6938 6025//6938
f 6043//6939 6044//6939 6040//6939 6039//6939
f 5989//6940 6045//6940 6043//6940 5987//6940
f 6048//6941 6032//6941 6031//6941 6047//6941
f 6049//6942 6033//6942 6032//6942 6048//6942
f 6033//6943 6049//6943 6046//6943 6029//6943
f 6051//6944 6037//6944 6036//6944 6050//6944
f 6052//6945 6038//6945 6037//6945 6051//6945
f 6038//6946 6052//6946 6047//6946 6031//6946
f 6052//6947 6053//6947 6048//6947 6047//6947
f 6053//6948 6054//6948 6049//6948 6048//6948
f 6056//6949 6041//6949 6040//6949 6055//6949
f 6057//6950 6042//6950 6041//6950 6056//6950
f 6042//6951 6057//6951 6050//6951 6036//6951
f 6057//6952 6058//6952 6051//6952 6050//6952
f 6058//6953 6059//6953 6052//6953 6051//6953
f 6059//6954 6060//6954 6053//6954 6052//6954
f 6060//6955 6061//6955 6054//6955 6053//6955
f 6063//6956 6044//6956 6043//6956 6062//6956
f 6044//6957 6063//6957 6055//6957 6040//6957
f 6063//6958 6064//6958 6056//6958 6055//6958
f 6064//6959 6065//6959 6057//6959 6056//6959
f 6065//6960 6066//6960 6058//6960 6057//6960
f 6066//6961 6067//6961 6059//6961 6058//6961
f 6067//6962 6081//6962 6060//6962 6059//6962
f 6068//6963 6045//6963 5989//6963 5996//6963
f 6045//6964 6068//6964 6062//6964 6043//6964
f 6068//6965 6069//6965 6063//6965 6062//6965
f 6069//6966 6070//6966 6064//6966 6063//6966
f 6070//6967 6071//6967 6065//6967 6064//6967
f 6071//6968 6072//6968 6066//6968 6065//6968
f 6072//6969 6073//6969 6067//6969 6066//6969
f 5999//6970 6074//6970 6068//6970 5996//6970
f 6074//6971 6075//6971 6069//6971 6068//6971
f 6075//6972 6082//6972 6070//6972 6069//6972
f 6082//6973 6083//6973 6072//6973 6071//6973
f 6083//1625 6084//1625 6081//1625 6073//1625
f 6003//6974 6076//6974 6074//6974 5999//6974
f 6076//6975 6077//6975 6075//6975 6074//6975
f 6029//6976 6085//6976 5876//6976 5843//6976
f 6085//6977 6086//6977 5877//6977 5876//6977
f 6087//6978 6085//6978 6029//6978 6046//6978
f 6088//6979 6086//6979 6085//6979 6087//6979
f 6086//6980 6088//6980 5886//6980 5877//6980
f 6088//6981 6089//6981 5887//6981 5886//6981
f 6089//6982 6090//6982 5888//6982 5887//6982
f 6090//6983 6091//6983 5889//6983 5888//6983
f 6091//6984 6092//6984 5890//6984 5889//6984
f 6092//6985 6103//6985 5891//6985 5890//6985
f 6049//6986 6093//6986 6087//6986 6046//6986
f 6093//6987 6094//6987 6088//6987 6087//6987
f 6094//6988 6095//6988 6089//6988 6088//6988
f 6095//6989 6096//6989 6090//6989 6089//6989
f 6096//6990 6097//6990 6091//6990 6090//6990
f 6097//6991 6098//6991 6092//6991 6091//6991
f 6054//6992 6099//6992 6093//6992 6049//6992
f 6099//6993 6100//6993 6094//6993 6093//6993
f 6100//6994 6104//6994 6095//6994 6094//6994
f 6104//6995 6105//6995 6097//6995 6096//6995
f 6105//6996 6106//6996 6103//6996 6098//6996
f 6061//6997 6101//6997 6099//6997 6054//6997
f 6101//6998 6102//6998 6100//6998 6099//6998
f 6081//1830 6107//1830 6101//1830 6061//1830
f 6107//1625 6108//1625 6105//1625 6104//1625
f 6117//6999 6118//6999 5927//6999 5926//6999
f 6118//7000 6109//7000 5909//7000 5927//7000
f 6119//7001 6120//7001 6118//7001 6117//7001
f 6120//7002 6110//7002 6109//7002 6118//7002
f 6121//7003 6122//7003 6120//7003 6119//7003
f 6122//7004 6111//7004 6110//7004 6120//7004
f 6123//7005 6124//7005 6122//7005 6121//7005
f 6124//7006 6112//7006 6111//7006 6122//7006
f 6125//7007 6126//7007 6124//7007 6123//7007
f 6126//7008 6113//7008 6112//7008 6124//7008
f 6127//7009 6128//7009 6126//7009 6125//7009
f 6128//7010 6114//7010 6113//7010 6126//7010
f 6129//7011 6130//7011 6128//7011 6127//7011
f 6130//7012 6115//7012 6114//7012 6128//7012
f 6131//7013 6132//7013 6130//7013 6129//7013
f 6132//7014 6116//7014 6115//7014 6130//7014
f 6133//7015 6134//7015 5945//7015 5944//7015
f 6134//7016 6147//7016 5946//7016 5945//7016
f 6147//7017 6117//7017 5926//7017 5946//7017
f 6135//7018 6136//7018 6134//7018 6133//7018
f 6137//7019 6138//7019 6136//7019 6135//7019
f 6138//7020 6150//7020 6147//7020 6136//7020
f 6150//7021 6121//7021 6119//7021 6147//7021
f 6139//7022 6140//7022 6138//7022 6137//7022
f 6153//7023 6154//7023 6150//7023 6140//7023
f 6154//7024 6125//7024 6123//7024 6150//7024
f 6157//7025 6158//7025 6154//7025 6153//7025
f 6158//7026 6129//7026 6127//7026 6154//7026
f 6103//7027 6145//7027 5956//7027 5892//7027
f 6145//7028 6146//7028 5958//7028 5957//7028
f 6146//7029 6141//7029 5960//7029 5959//7029
f 6141//7030 6133//7030 5944//7030 5960//7030
f 6142//7031 6135//7031 6133//7031 6141//7031
f 6106//7032 6148//7032 6145//7032 6103//7032
f 6148//7033 6149//7033 6146//7033 6145//7033
f 6149//7034 6143//7034 6142//7034 6146//7034
f 6143//7035 6137//7035 6135//7035 6142//7035
f 6144//7036 6139//7036 6137//7036 6143//7036
f 6108//7037 6151//7037 6148//7037 6106//7037
f 6151//7038 6152//7038 6149//7038 6148//7038
f 6152//7039 6153//7039 6144//7039 6149//7039
f 6155//7040 6156//7040 6152//7040 6151//7040
f 6156//7041 6157//7041 6153//7041 6152//7041
f 6109//7042 6159//7042 5964//7042 5909//7042
f 6159//7043 5822//7043 5807//7043 5964//7043
f 4499//7044 6161//7044 5644//7044 1687//7044
f 6161//7045 4499//7045 4470//7045 6160//7045
f 6163//1653 4519//1653 4521//1653 6174//1653
f 4519//7046 6163//7046 6162//7046 4518//7046
f 4520//7047 6164//7047 6175//7047 4522//7047
f 6164//7048 4520//7048 4518//7048 6162//7048
f 6163//7046 6166//7046 6165//7046 6162//7046
f 6167//7049 6164//7049 6162//7049 6165//7049
f 6169//7050 6166//7050 6174//7050 6176//7050
f 6166//7051 6169//7051 6168//7051 6165//7051
f 6167//7052 6170//7052 6177//7052 6175//7052
f 6170//7049 6167//7049 6165//7049 6168//7049
f 6169//7053 6172//7053 6171//7053 6168//7053
f 6173//7054 6170//7054 6168//7054 6171//7054
f 4555//7055 6186//7055 6179//7055 4554//7055
f 4553//1659 6178//1659 6174//1659 4521//1659
f 4554//7056 6179//7056 6178//7056 4553//7056
f 6179//7057 6181//7057 6180//7057 6178//7057
f 6186//1658 6187//1658 6183//1658 6181//1658
f 6180//7058 6182//7058 6176//7058 6174//7058
f 6181//7059 6183//7059 6182//7059 6180//7059
f 6183//5633 6185//5633 6184//5633 6182//5633
f 4571//7060 6188//7060 6186//7060 4552//7060
f 4588//7061 6209//7061 6188//7061 4572//7061
f 4584//7062 6201//7062 6209//7062 4588//7062
f 4585//7063 6202//7063 6201//7063 4584//7063
f 4586//7064 6203//7064 6202//7064 4585//7064
f 6202//7065 6205//7065 6204//7065 6201//7065
f 6203//7066 6206//7066 6205//7066 6202//7066
f 6204//7067 6207//7067 6210//7067 6209//7067
f 6205//7068 6189//7068 6207//7068 6204//7068
f 6190//7069 6193//7069 6192//7069 6189//7069
f 6192//7070 6195//7070 6208//7070 6207//7070
f 6193//7071 6196//7071 6195//7071 6192//7071
f 6196//7072 6193//7072 6191//7072 6194//7072
f 6199//7073 6200//7073 6198//7073 6197//7073
f 6196//7074 6200//7074 6199//7074 6195//7074
f 6200//7075 6196//7075 6194//7075 6198//7075
f 6248//7076 4625//7076 1779//7076 5660//7076
f 4626//7077 6249//7077 6203//7077 4586//7077
f 4627//7078 6211//7078 6249//7078 4626//7078
f 6214//7079 6250//7079 6248//7079 6247//7079
f 4600//7080 6250//7080 6214//7080 4599//7080
f 6250//7081 4600//7081 4625//7081 6248//7081
f 6215//7082 6216//7082 6212//7082 6211//7082
f 6216//7083 6217//7083 6213//7083 6212//7083
f 4602//7084 6217//7084 6216//7084 4627//7084
f 6217//7085 6218//7085 6214//7085 6213//7085
f 4603//7086 6218//7086 6217//7086 4602//7086
f 6218//7087 4603//7087 4599//7087 6214//7087
f 6219//7088 6247//7088 5660//7088 5650//7088
f 6212//7089 6222//7089 6221//7089 6211//7089
f 6222//7090 6223//7090 6247//7090 6220//7090
f 6213//7091 6223//7091 6222//7091 6212//7091
f 6225//7092 6219//7092 5650//7092 5658//7092
f 6228//7093 6229//7093 6225//7093 6224//7093
f 6229//7094 6220//7094 6219//7094 6225//7094
f 6206//7095 6230//7095 6226//7095 6205//7095
f 6249//7096 6230//7096 6206//7096 6203//7096
f 6231//7097 6232//7097 6228//7097 6227//7097
f 6221//7098 6232//7098 6231//7098 6249//7098
f 6232//7099 6233//7099 6229//7099 6228//7099
f 6222//7100 6233//7100 6232//7100 6221//7100
f 6233//7101 6222//7101 6220//7101 6229//7101
f 6234//7102 6235//7102 5658//7102 5657//7102
f 6237//7103 6238//7103 6235//7103 6234//7103
f 6228//7104 6238//7104 6237//7104 6227//7104
f 6238//7105 6228//7105 6224//7105 6235//7105
f 6230//7106 6239//7106 6236//7106 6226//7106
f 6239//7107 6240//7107 6237//7107 6236//7107
f 6231//7108 6240//7108 6239//7108 6230//7108
f 6240//7109 6231//7109 6227//7109 6237//7109
f 6242//7110 6234//7110 5657//7110 5662//7110
f 6236//7111 6243//7111 6190//7111 6205//7111
f 6243//7112 6244//7112 6242//7112 6241//7112
f 6237//7113 6244//7113 6243//7113 6236//7113
f 6244//7114 6237//7114 6234//7114 6242//7114
f 6191//7115 6245//7115 5662//7115 5646//7115
f 6193//7116 6246//7116 6245//7116 6191//7116
f 6243//7117 6246//7117 6193//7117 6190//7117
f 6246//7118 6243//7118 6241//7118 6245//7118
f 6252//7119 4896//7119 4895//7119 6251//7119
f 4896//7120 6252//7120 6160//7120 4471//7120
f 4897//7121 6253//7121 6251//7121 4895//7121
f 4898//7122 6254//7122 6253//7122 4897//7122
f 4899//7123 6255//7123 6254//7123 4898//7123
f 4902//1291 6291//1291 6255//1291 4899//1291
f 6257//7124 6252//7124 6251//7124 6256//7124
f 6253//7125 6258//7125 6256//7125 6251//7125
f 6254//7126 6259//7126 6258//7126 6253//7126
f 6255//7127 6260//7127 6259//7127 6254//7127
f 6262//7128 6257//7128 6256//7128 6261//7128
f 6258//7129 6263//7129 6261//7129 6256//7129
f 6259//7130 6264//7130 6263//7130 6258//7130
f 6260//7127 6265//7127 6264//7127 6259//7127
f 6267//7131 6262//7131 6261//7131 6266//7131
f 6263//7132 6268//7132 6266//7132 6261//7132
f 6264//7133 6269//7133 6268//7133 6263//7133
f 6265//7127 6270//7127 6269//7127 6264//7127
f 6272//7134 6267//7134 6266//7134 6271//7134
f 6268//7135 6273//7135 6271//7135 6266//7135
f 6269//7136 6274//7136 6273//7136 6268//7136
f 6270//7127 6275//7127 6274//7127 6269//7127
f 6291//1291 6292//1291 6275//1291 6270//1291
f 6277//7137 6272//7137 6271//7137 6276//7137
f 6273//7138 6278//7138 6276//7138 6271//7138
f 6274//7139 6279//7139 6278//7139 6273//7139
f 6275//7140 6280//7140 6279//7140 6274//7140
f 6282//7141 6277//7141 6276//7141 6281//7141
f 6278//7142 6283//7142 6281//7142 6276//7142
f 6279//7143 6284//7143 6283//7143 6278//7143
f 6280//7144 6285//7144 6284//7144 6279//7144
f 6287//7145 6282//7145 6281//7145 6286//7145
f 6283//7146 6288//7146 6286//7146 6281//7146
f 6284//7147 6289//7147 6288//7147 6283//7147
f 6285//7144 6290//7144 6289//7144 6284//7144
f 6293//1794 4909//1794 4912//1794 6301//1794
f 6294//7148 4910//7148 4909//7148 6293//7148
f 6296//7149 6294//7149 6293//7149 6295//7149
f 6297//1743 6295//1743 6301//1743 6302//1743
f 6298//7150 6296//7150 6295//7150 6297//7150
f 6300//7150 6298//7150 6297//7150 6299//7150
f 4923//7151 6304//7151 6303//7151 4922//7151
f 6304//1693 4923//1693 4522//1693 6175//1693
f 6305//7152 4924//7152 4922//7152 6303//7152
f 4924//7153 6305//7153 6301//7153 4912//7153
f 6304//7154 6307//7154 6306//7154 6303//7154
f 6308//7155 6305//7155 6303//7155 6306//7155
f 6307//7156 6310//7156 6309//7156 6306//7156
f 6310//1691 6307//1691 6175//1691 6177//1691
f 6311//7157 6308//7157 6306//7157 6309//7157
f 6308//7158 6311//7158 6302//7158 6301//7158
f 6310//7159 6313//7159 6312//7159 6309//7159
f 6314//7160 6311//7160 6309//7160 6312//7160
f 4970//1141 6315//1141 6291//1141 4902//1141
f 4971//5466 6316//5466 6315//5466 4970//5466
f 4972//7161 6317//7161 6316//7161 4971//7161
f 4973//6007 6318//6007 6317//6007 4972//6007
f 4974//6008 6319//6008 6318//6008 4973//6008
f 4978//1139 6355//1139 6319//1139 4974//1139
f 6316//7162 6321//7162 6320//7162 6315//7162
f 6317//7163 6322//7163 6321//7163 6316//7163
f 6318//5649 6323//5649 6322//5649 6317//5649
f 6319//7164 6324//7164 6323//7164 6318//7164
f 6321//7165 6326//7165 6325//7165 6320//7165
f 6322//7166 6327//7166 6326//7166 6321//7166
f 6323//7167 6328//7167 6327//7167 6322//7167
f 6324//7168 6329//7168 6328//7168 6323//7168
f 6355//1139 6356//1139 6329//1139 6324//1139
f 6326//7169 6331//7169 6330//7169 6325//7169
f 6327//7170 6332//7170 6331//7170 6326//7170
f 6328//7171 6333//7171 6332//7171 6327//7171
f 6329//7168 6334//7168 6333//7168 6328//7168
f 6330//1696 6335//1696 6292//1696 6291//1696
f 6331//7172 6336//7172 6335//7172 6330//7172
f 6332//7173 6337//7173 6336//7173 6331//7173
f 6333//7174 6338//7174 6337//7174 6332//7174
f 6334//7168 6339//7168 6338//7168 6333//7168
f 6356//928 6357//928 6339//928 6334//928
f 6336//7172 6341//7172 6340//7172 6335//7172
f 6337//7175 6342//7175 6341//7175 6336//7175
f 6338//7176 6343//7176 6342//7176 6337//7176
f 6339//7177 6344//7177 6343//7177 6338//7177
f 6341//7172 6346//7172 6345//7172 6340//7172
f 6342//7178 6347//7178 6346//7178 6341//7178
f 6343//4795 6348//4795 6347//4795 6342//4795
f 6344//7179 6349//7179 6348//7179 6343//7179
f 6357//1139 6358//1139 6349//1139 6344//1139
f 6346//7180 6351//7180 6350//7180 6345//7180
f 6347//7175 6352//7175 6351//7175 6346//7175
f 6348//7181 6353//7181 6352//7181 6347//7181
f 6349//7182 6354//7182 6353//7182 6348//7182
f 5006//7183 6383//7183 6359//7183 5000//7183
f 6383//7184 5006//7184 4910//7184 6294//7184
f 5008//1311 6387//1311 6355//1311 4978//1311
f 5001//1757 6360//1757 6387//1757 5008//1757
f 5002//7185 6361//7185 6360//7185 5001//7185
f 6361//7186 5002//7186 5000//7186 6359//7186
f 6361//7187 6364//7187 6363//7187 6360//7187
f 6364//7188 6361//7188 6359//7188 6362//7188
f 6383//7189 6384//7189 6365//7189 6362//7189
f 6384//7190 6383//7190 6294//7190 6296//7190
f 6364//7191 6367//7191 6366//7191 6363//7191
f 6367//7192 6364//7192 6362//7192 6365//7192
f 6367//7193 6370//7193 6369//7193 6366//7193
f 6370//7194 6367//7194 6365//7194 6368//7194
f 6384//1756 6385//1756 6371//1756 6368//1756
f 6385//7195 6384//7195 6296//7195 6298//7195
f 6387//7196 6388//7196 6357//7196 6356//7196
f 6369//1703 6372//1703 6388//1703 6387//1703
f 6370//7197 6373//7197 6372//7197 6369//7197
f 6373//7198 6370//7198 6368//7198 6371//7198
f 6373//7199 6376//7199 6375//7199 6372//7199
f 6376//7200 6373//7200 6371//7200 6374//7200
f 6385//7201 6386//7201 6377//7201 6374//7201
f 6386//7202 6385//7202 6298//7202 6300//7202
f 6376//7199 6379//7199 6378//7199 6375//7199
f 6379//7198 6376//7198 6374//7198 6377//7198
f 6379//6022 6382//6022 6381//6022 6378//6022
f 6382//7203 6379//7203 6377//7203 6380//7203
f 6161//7204 6390//7204 5728//7204 5644//7204
f 6390//7205 6161//7205 6160//7205 6389//7205
f 6392//7206 6172//7206 6176//7206 6403//7206
f 6172//7053 6392//7053 6391//7053 6171//7053
f 6173//1199 6393//1199 6404//1199 6177//1199
f 6393//7054 6173//7054 6171//7054 6391//7054
f 6392//7207 6395//7207 6394//7207 6391//7207
f 6396//7054 6393//7054 6391//7054 6394//7054
f 6398//1708 6395//1708 6403//1708 6405//1708
f 6395//7208 6398//7208 6397//7208 6394//7208
f 6396//1709 6399//1709 6406//1709 6404//1709
f 6399//7209 6396//7209 6394//7209 6397//7209
f 6398//7210 6401//7210 6400//7210 6397//7210
f 6402//7209 6399//7209 6397//7209 6400//7209
f 6187//1710 6415//1710 6408//1710 6185//1710
f 6184//7211 6407//7211 6403//7211 6176//7211
f 6185//7212 6408//7212 6407//7212 6184//7212
f 6408//7213 6410//7213 6409//7213 6407//7213
f 6415//7214 6416//7214 6412//7214 6410//7214
f 6409//7215 6411//7215 6405//7215 6403//7215
f 6410//7216 6412//7216 6411//7216 6409//7216
f 6412//7217 6414//7217 6413//7217 6411//7217
f 6188//7218 6417//7218 6415//7218 6187//7218
f 6419//7219 6197//7219 5646//7219 5730//7219
f 6210//7220 6454//7220 6417//7220 6188//7220
f 6208//7221 6420//7221 6454//7221 6210//7221
f 6421//7222 6422//7222 6419//7222 6418//7222
f 6199//7223 6422//7223 6421//7223 6208//7223
f 6422//7224 6199//7224 6197//7224 6419//7224
f 6419//7225 6424//7225 6423//7225 6418//7225
f 6421//7226 6426//7226 6425//7226 6420//7226
f 6426//7227 6421//7227 6418//7227 6423//7227
f 6426//7228 6429//7228 6428//7228 6425//7228
f 6429//7229 6426//7229 6423//7229 6427//7229
f 6432//7230 6433//7230 6431//7230 6430//7230
f 6429//7231 6433//7231 6432//7231 6428//7231
f 6433//7232 6429//7232 6427//7232 6431//7232
f 6431//7233 6435//7233 6434//7233 6430//7233
f 6432//7234 6438//7234 6437//7234 6454//7234
f 6438//7235 6432//7235 6430//7235 6434//7235
f 6437//7236 6441//7236 6440//7236 6436//7236
f 6438//7237 6442//7237 6441//7237 6437//7237
f 6442//7238 6438//7238 6434//7238 6439//7238
f 6440//7239 6445//7239 6453//7239 6452//7239
f 6441//7240 6446//7240 6445//7240 6440//7240
f 6446//7241 6447//7241 6444//7241 6443//7241
f 6442//7242 6447//7242 6446//7242 6441//7242
f 6447//7243 6442//7243 6439//7243 6444//7243
f 6444//7244 6449//7244 6448//7244 6443//7244
f 6446//7245 6451//7245 6450//7245 6445//7245
f 6451//7246 6446//7246 6443//7246 6448//7246
f 6456//7247 6287//7247 6286//7247 6455//7247
f 6287//7248 6456//7248 6389//7248 6160//7248
f 6288//7249 6457//7249 6455//7249 6286//7249
f 6289//7250 6458//7250 6457//7250 6288//7250
f 6290//7251 6459//7251 6458//7251 6289//7251
f 6292//1291 6495//1291 6459//1291 6290//1291
f 6461//7252 6456//7252 6455//7252 6460//7252
f 6457//7253 6462//7253 6460//7253 6455//7253
f 6458//7254 6463//7254 6462//7254 6457//7254
f 6459//7255 6464//7255 6463//7255 6458//7255
f 6466//7256 6461//7256 6460//7256 6465//7256
f 6462//7257 6467//7257 6465//7257 6460//7257
f 6463//7258 6468//7258 6467//7258 6462//7258
f 6464//7255 6469//7255 6468//7255 6463//7255
f 6471//7259 6466//7259 6465//7259 6470//7259
f 6467//7260 6472//7260 6470//7260 6465//7260
f 6468//7261 6473//7261 6472//7261 6467//7261
f 6469//7251 6474//7251 6473//7251 6468//7251
f 6476//7262 6471//7262 6470//7262 6475//7262
f 6472//7263 6477//7263 6475//7263 6470//7263
f 6473//7264 6478//7264 6477//7264 6472//7264
f 6474//7144 6479//7144 6478//7144 6473//7144
f 6495//1295 6496//1295 6479//1295 6474//1295
f 6481//7265 6476//7265 6475//7265 6480//7265
f 6477//7266 6482//7266 6480//7266 6475//7266
f 6478//7264 6483//7264 6482//7264 6477//7264
f 6479//7267 6484//7267 6483//7267 6478//7267
f 6486//7268 6481//7268 6480//7268 6485//7268
f 6482//7269 6487//7269 6485//7269 6480//7269
f 6483//7264 6488//7264 6487//7264 6482//7264
f 6484//7267 6489//7267 6488//7267 6483//7267
f 6491//7270 6486//7270 6485//7270 6490//7270
f 6487//7271 6492//7271 6490//7271 6485//7271
f 6488//7272 6493//7272 6492//7272 6487//7272
f 6489//7267 6494//7267 6493//7267 6488//7267
f 6497//1690 6299//1690 6302//1690 6505//1690
f 6498//7150 6300//7150 6299//7150 6497//7150
f 6500//7150 6498//7150 6497//7150 6499//7150
f 6501//1690 6499//1690 6505//1690 6506//1690
f 6502//7150 6500//7150 6499//7150 6501//7150
f 6504//7150 6502//7150 6501//7150 6503//7150
f 6313//5978 6508//5978 6507//5978 6312//5978
f 6508//7273 6313//7273 6177//7273 6404//7273
f 6509//7160 6314//7160 6312//7160 6507//7160
f 6314//1694 6509//1694 6505//1694 6302//1694
f 6508//7151 6511//7151 6510//7151 6507//7151
f 6512//7160 6509//7160 6507//7160 6510//7160
f 6511//7151 6514//7151 6513//7151 6510//7151
f 6514//1744 6511//1744 6404//1744 6406//1744
f 6515//7160 6512//7160 6510//7160 6513//7160
f 6512//1694 6515//1694 6506//1694 6505//1694
f 6514//7151 6517//7151 6516//7151 6513//7151
f 6518//7160 6515//7160 6513//7160 6516//7160
f 6350//7274 6519//7274 6495//7274 6292//7274
f 6351//7275 6520//7275 6519//7275 6350//7275
f 6352//7175 6521//7175 6520//7175 6351//7175
f 6353//7276 6522//7276 6521//7276 6352//7276
f 6354//7277 6523//7277 6522//7277 6353//7277
f 6358//926 6559//926 6523//926 6354//926
f 6520//7278 6525//7278 6524//7278 6519//7278
f 6521//7279 6526//7279 6525//7279 6520//7279
f 6522//7280 6527//7280 6526//7280 6521//7280
f 6523//7281 6528//7281 6527//7281 6522//7281
f 6525//7180 6530//7180 6529//7180 6524//7180
f 6526//7279 6531//7279 6530//7279 6525//7279
f 6527//7282 6532//7282 6531//7282 6526//7282
f 6528//7281 6533//7281 6532//7281 6527//7281
f 6559//1798 6560//1798 6533//1798 6528//1798
f 6530//7172 6535//7172 6534//7172 6529//7172
f 6531//7279 6536//7279 6535//7279 6530//7279
f 6532//7283 6537//7283 6536//7283 6531//7283
f 6533//7281 6538//7281 6537//7281 6532//7281
f 6534//1696 6539//1696 6496//1696 6495//1696
f 6535//7284 6540//7284 6539//7284 6534//7284
f 6536//7285 6541//7285 6540//7285 6535//7285
f 6537//7286 6542//7286 6541//7286 6536//7286
f 6538//7281 6543//7281 6542//7281 6537//7281
f 6560//1749 6561//1749 6543//1749 6538//1749
f 6540//7287 6545//7287 6544//7287 6539//7287
f 6541//7279 6546//7279 6545//7279 6540//7279
f 6542//5473 6547//5473 6546//5473 6541//5473
f 6543//7281 6548//7281 6547//7281 6542//7281
f 6545//7288 6550//7288 6549//7288 6544//7288
f 6546//7285 6551//7285 6550//7285 6545//7285
f 6547//7289 6552//7289 6551//7289 6546//7289
f 6548//7290 6553//7290 6552//7290 6547//7290
f 6561//1139 6562//1139 6553//1139 6548//1139
f 6550//7291 6555//7291 6554//7291 6549//7291
f 6551//7292 6556//7292 6555//7292 6550//7292
f 6552//7293 6557//7293 6556//7293 6551//7293
f 6553//7294 6558//7294 6557//7294 6552//7294
f 6386//1800 6587//1800 6563//1800 6380//1800
f 6587//7202 6386//7202 6300//7202 6498//7202
f 6388//7295 6591//7295 6559//7295 6358//7295
f 6381//7296 6564//7296 6591//7296 6388//7296
f 6382//7297 6565//7297 6564//7297 6381//7297
f 6565//7298 6382//7298 6380//7298 6563//7298
f 6565//7299 6568//7299 6567//7299 6564//7299
f 6568//7300 6565//7300 6563//7300 6566//7300
f 6587//1804 6588//1804 6569//1804 6566//1804
f 6588//7301 6587//7301 6498//7301 6500//7301
f 6568//7302 6571//7302 6570//7302 6567//7302
f 6571//7300 6568//7300 6566//7300 6569//7300
f 6571//7302 6574//7302 6573//7302 6570//7302
f 6574//7303 6571//7303 6569//7303 6572//7303
f 6588//1754 6589//1754 6575//1754 6572//1754
f 6589//7202 6588//7202 6500//7202 6502//7202
f 6591//7304 6592//7304 6561//7304 6560//7304
f 6573//7305 6576//7305 6592//7305 6591//7305
f 6574//7299 6577//7299 6576//7299 6573//7299
f 6577//7306 6574//7306 6572//7306 6575//7306
f 6577//7307 6580//7307 6579//7307 6576//7307
f 6580//7308 6577//7308 6575//7308 6578//7308
f 6589//1754 6590//1754 6581//1754 6578//1754
f 6590//7202 6589//7202 6502//7202 6504//7202
f 6580//7309 6583//7309 6582//7309 6579//7309
f 6583//7308 6580//7308 6578//7308 6581//7308
f 6583//7299 6586//7299 6585//7299 6582//7299
f 6586//7310 6583//7310 6581//7310 6584//7310
f 6390//7311 6594//7311 5815//7311 5728//7311
f 6594//7312 6390//7312 6389//7312 6593//7312
f 6596//7313 6401//7313 6405//7313 6607//7313
f 6401//7314 6596//7314 6595//7314 6400//7314
f 6402//1709 6597//1709 6608//1709 6406//1709
f 6597//7315 6402//7315 6400//7315 6595//7315
f 6596//7314 6599//7314 6598//7314 6595//7314
f 6600//7316 6597//7316 6595//7316 6598//7316
f 6602//7317 6599//7317 6607//7317 6609//7317
f 6599//7318 6602//7318 6601//7318 6598//7318
f 6600//1761 6603//1761 6610//1761 6608//1761
f 6603//7315 6600//7315 6598//7315 6601//7315
f 6602//7319 6605//7319 6604//7319 6601//7319
f 6606//7320 6603//7320 6601//7320 6604//7320
f 6416//7321 6625//7321 6612//7321 6414//7321
f 6413//1765 6611//1765 6607//1765 6405//1765
f 6414//7322 6612//7322 6611//7322 6413//7322
f 6612//7323 6614//7323 6613//7323 6611//7323
f 6625//7324 6618//7324 6617//7324 6614//7324
f 6613//7325 6616//7325 6609//7325 6607//7325
f 6614//7326 6617//7326 6616//7326 6613//7326
f 6618//7327 6623//7327 6622//7327 6617//7327
f 6619//7328 6624//7328 6623//7328 6618//7328
f 6624//7329 6619//7329 6615//7329 6620//7329
f 6617//7330 6622//7330 6621//7330 6616//7330
f 6417//7331 6634//7331 6625//7331 6416//7331
f 6634//7332 6636//7332 6615//7332 6625//7332
f 6635//7333 6631//7333 6636//7333 6634//7333
f 6632//7334 6626//7334 6633//7334 6631//7334
f 6627//7335 6630//7335 6629//7335 6626//7335
f 6638//7336 6448//7336 5730//7336 5841//7336
f 6453//7337 6666//7337 6635//7337 6417//7337
f 6450//7338 6639//7338 6666//7338 6453//7338
f 6639//7339 6640//7339 6638//7339 6637//7339
f 6451//7340 6640//7340 6639//7340 6450//7340
f 6640//7341 6451//7341 6448//7341 6638//7341
f 6638//7342 6642//7342 6641//7342 6637//7342
f 6643//7343 6639//7343 6637//7343 6641//7343
f 6643//7344 6647//7344 6646//7344 6666//7344
f 6647//7345 6643//7345 6641//7345 6644//7345
f 6646//7346 6651//7346 6650//7346 6645//7346
f 6651//7347 6652//7347 6649//7347 6648//7347
f 6647//7348 6652//7348 6651//7348 6646//7348
f 6652//7349 6647//7349 6644//7349 6649//7349
f 6653//7350 6667//7350 5837//7350 5836//7350
f 6649//7351 6667//7351 6653//7351 6648//7351
f 6667//7352 6649//7352 5841//7352 5837//7352
f 6650//7353 6654//7353 6632//7353 6635//7353
f 6651//7354 6655//7354 6654//7354 6650//7354
f 6655//7355 6651//7355 6648//7355 6653//7355
f 6655//7356 6658//7356 6657//7356 6654//7356
f 6658//7357 6655//7357 6653//7357 6656//7357
f 6660//7358 6656//7358 5836//7358 5839//7358
f 6657//7359 6661//7359 6627//7359 6632//7359
f 6661//7360 6662//7360 6660//7360 6659//7360
f 6658//7361 6662//7361 6661//7361 6657//7361
f 6662//7362 6658//7362 6656//7362 6660//7362
f 6660//7363 6664//7363 6663//7363 6659//7363
f 6630//7364 6665//7364 6663//7364 6628//7364
f 6661//7365 6665//7365 6630//7365 6627//7365
f 6665//7366 6661//7366 6659//7366 6663//7366
f 6669//7367 6491//7367 6490//7367 6668//7367
f 6491//7368 6669//7368 6593//7368 6389//7368
f 6492//7369 6670//7369 6668//7369 6490//7369
f 6493//7370 6671//7370 6670//7370 6492//7370
f 6494//7127 6672//7127 6671//7127 6493//7127
f 6496//1291 6708//1291 6672//1291 6494//1291
f 6674//7371 6669//7371 6668//7371 6673//7371
f 6670//7372 6675//7372 6673//7372 6668//7372
f 6671//7370 6676//7370 6675//7370 6670//7370
f 6672//7373 6677//7373 6676//7373 6671//7373
f 6679//7374 6674//7374 6673//7374 6678//7374
f 6675//7375 6680//7375 6678//7375 6673//7375
f 6676//7376 6681//7376 6680//7376 6675//7376
f 6677//7377 6682//7377 6681//7377 6676//7377
f 6684//7378 6679//7378 6678//7378 6683//7378
f 6680//7379 6685//7379 6683//7379 6678//7379
f 6681//7370 6686//7370 6685//7370 6680//7370
f 6682//7377 6687//7377 6686//7377 6681//7377
f 6689//7380 6684//7380 6683//7380 6688//7380
f 6685//7381 6690//7381 6688//7381 6683//7381
f 6686//7382 6691//7382 6690//7382 6685//7382
f 6687//7377 6692//7377 6691//7377 6686//7377
f 6708//1291 6709//1291 6692//1291 6687//1291
f 6694//7383 6689//7383 6688//7383 6693//7383
f 6690//7384 6695//7384 6693//7384 6688//7384
f 6691//7382 6696//7382 6695//7382 6690//7382
f 6692//7377 6697//7377 6696//7377 6691//7377
f 6699//7385 6694//7385 6693//7385 6698//7385
f 6695//7384 6700//7384 6698//7384 6693//7384
f 6696//7382 6701//7382 6700//7382 6695//7382
f 6697//7377 6702//7377 6701//7377 6696//7377
f 6704//7386 6699//7386 6698//7386 6703//7386
f 6700//7387 6705//7387 6703//7387 6698//7387
f 6701//7382 6706//7382 6705//7382 6700//7382
f 6702//7377 6707//7377 6706//7377 6701//7377
f 6710//1743 6503//1743 6506//1743 6718//1743
f 6711//7150 6504//7150 6503//7150 6710//7150
f 6713//7150 6711//7150 6710//7150 6712//7150
f 6714//1690 6712//1690 6718//1690 6719//1690
f 6715//7150 6713//7150 6712//7150 6714//7150
f 6717//7150 6715//7150 6714//7150 6716//7150
f 6517//7156 6721//7156 6720//7156 6516//7156
f 6721//7388 6517//7388 6406//7388 6608//7388
f 6722//7389 6518//7389 6516//7389 6720//7389
f 6518//1694 6722//1694 6718//1694 6506//1694
f 6721//7159 6724//7159 6723//7159 6720//7159
f 6725//7160 6722//7160 6720//7160 6723//7160
f 6724//7159 6727//7159 6726//7159 6723//7159
f 6727//1691 6724//1691 6608//1691 6610//1691
f 6728//7160 6725//7160 6723//7160 6726//7160
f 6725//1694 6728//1694 6719//1694 6718//1694
f 6727//7390 6730//7390 6729//7390 6726//7390
f 6731//7389 6728//7389 6726//7389 6729//7389
f 6554//924 6732//924 6708//924 6496//924
f 6555//5475 6733//5475 6732//5475 6554//5475
f 6556//5999 6734//5999 6733//5999 6555//5999
f 6557//7391 6735//7391 6734//7391 6556//7391
f 6558//7392 6736//7392 6735//7392 6557//7392
f 6562//1798 6772//1798 6736//1798 6558//1798
f 6733//4790 6738//4790 6737//4790 6732//4790
f 6734//5999 6739//5999 6738//5999 6733//5999
f 6735//7393 6740//7393 6739//7393 6734//7393
f 6736//7277 6741//7277 6740//7277 6735//7277
f 6738//4790 6743//4790 6742//4790 6737//4790
f 6739//5999 6744//5999 6743//5999 6738//5999
f 6740//7394 6745//7394 6744//7394 6739//7394
f 6741//7294 6746//7294 6745//7294 6740//7294
f 6772//1797 6773//1797 6746//1797 6741//1797
f 6743//7395 6748//7395 6747//7395 6742//7395
f 6744//5999 6749//5999 6748//5999 6743//5999
f 6745//7396 6750//7396 6749//7396 6744//7396
f 6746//7290 6751//7290 6750//7290 6745//7290
f 6747//924 6752//924 6709//924 6708//924
f 6748//7395 6753//7395 6752//7395 6747//7395
f 6749//5999 6754//5999 6753//5999 6748//5999
f 6750//7397 6755//7397 6754//7397 6749//7397
f 6751//7294 6756//7294 6755//7294 6750//7294
f 6773//1797 6774//1797 6756//1797 6751//1797
f 6753//7398 6758//7398 6757//7398 6752//7398
f 6754//5999 6759//5999 6758//5999 6753//5999
f 6755//7399 6760//7399 6759//7399 6754//7399
f 6756//7400 6761//7400 6760//7400 6755//7400
f 6758//7398 6763//7398 6762//7398 6757//7398
f 6759//5465 6764//5465 6763//5465 6758//5465
f 6760//7401 6765//7401 6764//7401 6759//7401
f 6761//7400 6766//7400 6765//7400 6760//7400
f 6774//7402 6775//7402 6766//7402 6761//7402
f 6763//7403 6768//7403 6767//7403 6762//7403
f 6764//5465 6769//5465 6768//5465 6763//5465
f 6765//7404 6770//7404 6769//7404 6764//7404
f 6766//7405 6771//7405 6770//7405 6765//7405
f 6590//1754 6800//1754 6776//1754 6584//1754
f 6800//7202 6590//7202 6504//7202 6711//7202
f 6592//1806 6804//1806 6772//1806 6562//1806
f 6585//7406 6777//7406 6804//7406 6592//7406
f 6586//7407 6778//7407 6777//7407 6585//7407
f 6778//7310 6586//7310 6584//7310 6776//7310
f 6778//7408 6781//7408 6780//7408 6777//7408
f 6781//7409 6778//7409 6776//7409 6779//7409
f 6800//1751 6801//1751 6782//1751 6779//1751
f 6801//7202 6800//7202 6711//7202 6713//7202
f 6781//7410 6784//7410 6783//7410 6780//7410
f 6784//7411 6781//7411 6779//7411 6782//7411
f 6784//7412 6787//7412 6786//7412 6783//7412
f 6787//7411 6784//7411 6782//7411 6785//7411
f 6801//1751 6802//1751 6788//1751 6785//1751
f 6802//7202 6801//7202 6713//7202 6715//7202
f 6804//7196 6805//7196 6774//7196 6773//7196
f 6786//1803 6789//1803 6805//1803 6804//1803
f 6787//7413 6790//7413 6789//7413 6786//7413
f 6790//7414 6787//7414 6785//7414 6788//7414
f 6790//7413 6793//7413 6792//7413 6789//7413
f 6793//7415 6790//7415 6788//7415 6791//7415
f 6802//1800 6803//1800 6794//1800 6791//1800
f 6803//7416 6802//7416 6715//7416 6717//7416
f 6793//7417 6796//7417 6795//7417 6792//7417
f 6796//7418 6793//7418 6791//7418 6794//7418
f 6796//7419 6799//7419 6798//7419 6795//7419
f 6799//7420 6796//7420 6794//7420 6797//7420
f 6818//7421 6808//7421 6807//7421 6817//7421
f 6808//7422 6818//7422 6816//7422 6806//7422
f 6820//7423 6810//7423 6809//7423 6819//7423
f 6810//7424 6820//7424 6817//7424 6807//7424
f 6822//7425 6812//7425 6811//7425 6821//7425
f 6812//7426 6822//7426 6819//7426 6809//7426
f 6822//7427 6823//7427 6820//7427 6819//7427
f 6825//7428 6814//7428 6813//7428 6824//7428
f 6814//7429 6825//7429 6821//7429 6811//7429
f 6825//7430 6826//7430 6822//7430 6821//7430
f 6815//7431 6827//7431 6824//7431 6813//7431
f 6827//7432 6828//7432 6825//7432 6824//7432
f 6820//7433 6829//7433 6848//7433 6817//7433
f 6831//7434 6823//7434 6822//7434 6849//7434
f 6823//7435 6831//7435 6829//7435 6820//7435
f 6831//7436 6832//7436 6830//7436 6829//7436
f 6834//7437 6826//7437 6825//7437 6833//7437
f 6826//7438 6834//7438 6849//7438 6822//7438
f 6834//7439 6835//7439 6831//7439 6849//7439
f 6836//7440 6828//7440 6827//7440 6850//7440
f 6828//7441 6836//7441 6833//7441 6825//7441
f 6836//7442 6837//7442 6834//7442 6833//7442
f 6840//7443 6832//7443 6831//7443 6839//7443
f 6832//7444 6840//7444 6838//7444 6830//7444
f 6842//7445 6835//7445 6834//7445 6841//7445
f 6835//7446 6842//7446 6839//7446 6831//7446
f 6842//7447 6843//7447 6840//7447 6839//7447
f 6845//7448 6837//7448 6836//7448 6844//7448
f 6837//7449 6845//7449 6841//7449 6834//7449
f 6845//7450 6846//7450 6842//7450 6841//7450
f 6846//7451 6847//7451 6843//7451 6842//7451
f 6594//7452 6852//7452 5973//7452 5815//7452
f 6855//7453 6594//7453 6593//7453 6806//7453
f 6857//7454 6852//7454 6851//7454 6856//7454
f 6852//7455 6857//7455 5983//7455 5973//7455
f 6859//7456 6854//7456 6853//7456 6858//7456
f 6854//7457 6859//7457 6856//7457 6851//7457
f 6860//7458 6855//7458 6806//7458 6816//7458
f 6855//7459 6860//7459 6858//7459 6853//7459
f 6861//7460 6857//7460 6856//7460 6906//7460
f 6857//7461 6861//7461 6005//7461 5983//7461
f 6862//7462 6863//7462 5993//7462 6005//7462
f 6864//7463 6865//7463 6862//7463 6861//7463
f 6866//7464 6860//7464 6816//7464 6848//7464
f 6860//7465 6866//7465 6906//7465 6858//7465
f 6867//7466 6868//7466 6864//7466 6906//7466
f 6869//7467 6870//7467 6867//7467 6866//7467
f 6830//7468 6871//7468 6869//7468 6848//7468
f 6873//7469 6863//7469 6862//7469 6872//7469
f 6863//7470 6873//7470 6000//7470 5993//7470
f 6873//7471 6874//7471 6001//7471 6000//7471
f 6874//7472 6875//7472 6002//7472 6001//7472
f 6875//7473 6876//7473 6003//7473 6002//7473
f 6878//7474 6865//7474 6864//7474 6877//7474
f 6865//7475 6878//7475 6872//7475 6862//7475
f 6878//7476 6879//7476 6873//7476 6872//7476
f 6879//7477 6880//7477 6874//7477 6873//7477
f 6880//7478 6881//7478 6875//7478 6874//7478
f 6881//7479 6882//7479 6876//7479 6875//7479
f 6884//7480 6868//7480 6867//7480 6883//7480
f 6868//7481 6884//7481 6877//7481 6864//7481
f 6884//7482 6885//7482 6878//7482 6877//7482
f 6885//7483 6886//7483 6879//7483 6878//7483
f 6886//7484 6887//7484 6880//7484 6879//7484
f 6887//7485 6907//7485 6881//7485 6880//7485
f 6889//7486 6870//7486 6869//7486 6888//7486
f 6870//7487 6889//7487 6883//7487 6867//7487
f 6889//7488 6890//7488 6884//7488 6883//7488
f 6890//7489 6891//7489 6885//7489 6884//7489
f 6891//7490 6892//7490 6886//7490 6885//7490
f 6892//7491 6893//7491 6887//7491 6886//7491
f 6894//7492 6871//7492 6830//7492 6838//7492
f 6871//7493 6894//7493 6888//7493 6869//7493
f 6894//7494 6895//7494 6889//7494 6888//7494
f 6895//7495 6896//7495 6890//7495 6889//7495
f 6896//7496 6897//7496 6891//7496 6890//7496
f 6897//7497 6909//7497 6892//7497 6891//7497
f 6840//7498 6898//7498 6894//7498 6838//7498
f 6898//7499 6899//7499 6895//7499 6894//7499
f 6899//7500 6900//7500 6896//7500 6895//7500
f 6900//7501 6901//7501 6897//7501 6896//7501
f 6843//7502 6902//7502 6898//7502 6840//7502
f 6902//7503 6903//7503 6899//7503 6898//7503
f 6903//7504 6908//7504 6900//7504 6899//7504
f 6847//7505 6904//7505 6902//7505 6843//7505
f 6904//7506 6905//7506 6903//7506 6902//7506
f 6912//7507 6605//7507 6609//7507 6910//7507
f 6605//7508 6915//7508 6914//7508 6604//7508
f 6606//7509 6917//7509 6916//7509 6610//7509
f 6917//7510 6606//7510 6604//7510 6913//7510
f 6912//7511 6923//7511 6922//7511 6911//7511
f 6923//7512 6912//7512 6910//7512 6920//7512
f 6914//7513 6925//7513 6924//7513 6913//7513
f 6925//7514 6926//7514 6922//7514 6921//7514
f 6915//7515 6926//7515 6925//7515 6914//7515
f 6926//7516 6915//7516 6911//7516 6922//7516
f 6928//7517 6929//7517 6924//7517 6968//7517
f 6917//7518 6929//7518 6928//7518 6916//7518
f 6929//7519 6917//7519 6913//7519 6924//7519
f 6930//7520 6931//7520 6928//7520 6927//7520
f 6919//7521 6931//7521 6930//7521 6918//7521
f 6931//7522 6919//7522 6916//7522 6928//7522
f 6938//7523 6973//7523 6934//7523 6933//7523
f 6922//7524 6973//7524 6938//7524 6921//7524
f 6973//7525 6923//7525 6920//7525 6935//7525
f 6940//7526 6941//7526 6937//7526 6936//7526
f 6924//7527 6941//7527 6940//7527 6968//7527
f 6941//7528 6942//7528 6938//7528 6937//7528
f 6925//7529 6942//7529 6941//7529 6924//7529
f 6942//7530 6925//7530 6921//7530 6938//7530
f 6944//7531 6945//7531 6940//7531 6939//7531
f 6928//7532 6945//7532 6944//7532 6927//7532
f 6945//7533 6928//7533 6968//7533 6940//7533
f 6947//7534 6948//7534 6944//7534 6943//7534
f 6930//7535 6948//7535 6947//7535 6969//7535
f 6948//7536 6930//7536 6927//7536 6944//7536
f 6876//7537 6974//7537 6076//7537 6003//7537
f 6974//7538 6970//7538 6083//7538 6082//7538
f 6970//7539 6971//7539 6084//7539 6083//7539
f 6950//7540 6951//7540 6971//7540 6970//7540
f 6953//7541 6954//7541 6950//7541 6949//7541
f 6954//7542 6955//7542 6951//7542 6950//7542
f 6934//7543 6955//7543 6954//7543 6933//7543
f 6955//7544 6956//7544 6952//7544 6951//7544
f 6935//7545 6956//7545 6955//7545 6934//7545
f 6956//7546 6935//7546 6932//7546 6952//7546
f 6909//7547 6972//7547 6974//7547 6907//7547
f 6958//7548 6959//7548 6953//7548 6974//7548
f 6937//7549 6959//7549 6958//7549 6936//7549
f 6959//7550 6960//7550 6954//7550 6953//7550
f 6938//7551 6960//7551 6959//7551 6937//7551
f 6960//7552 6938//7552 6933//7552 6954//7552
f 6961//7553 6962//7553 6958//7553 6957//7553
f 6940//7554 6962//7554 6961//7554 6939//7554
f 6962//7555 6940//7555 6936//7555 6958//7555
f 6964//7556 6965//7556 6961//7556 6972//7556
f 6944//7557 6965//7557 6964//7557 6943//7557
f 6965//7558 6944//7558 6939//7558 6961//7558
f 6966//7559 6967//7559 6964//7559 6963//7559
f 6947//7560 6967//7560 6966//7560 6946//7560
f 6967//7561 6947//7561 6943//7561 6964//7561
f 6623//7562 7009//7562 7008//7562 6622//7562
f 6624//7563 7010//7563 7009//7563 6623//7563
f 7010//7564 6624//7564 6620//7564 7007//7564
f 6621//7565 6975//7565 6910//7565 6609//7565
f 6622//7566 7008//7566 6976//7566 6621//7566
f 6975//7567 6977//7567 6920//7567 6910//7567
f 6976//7568 6978//7568 6977//7568 6975//7568
f 6987//7569 7012//7569 6980//7569 6979//7569
f 7009//7570 7012//7570 6987//7570 7008//7570
f 7012//7571 7013//7571 6982//7571 6981//7571
f 7010//7572 7013//7572 7012//7572 7009//7572
f 7013//7573 7010//7573 7007//7573 6982//7573
f 6935//7574 6988//7574 6984//7574 6932//7574
f 6977//7575 6988//7575 6935//7575 6920//7575
f 6988//7576 6989//7576 6985//7576 6984//7576
f 6978//7577 6989//7577 6988//7577 6977//7577
f 6989//7578 6990//7578 6986//7578 6985//7578
f 7008//7579 6990//7579 6989//7579 6978//7579
f 6971//7580 7011//7580 6107//7580 6084//7580
f 6992//7581 6993//7581 6108//7581 6107//7581
f 6997//7582 6998//7582 6992//7582 6991//7582
f 6998//7583 6999//7583 6993//7583 6992//7583
f 6980//7584 6999//7584 6998//7584 6979//7584
f 6999//7585 7000//7585 6994//7585 6993//7585
f 6981//7586 7000//7586 6999//7586 6980//7586
f 7000//7587 7001//7587 6995//7587 6994//7587
f 6982//7588 7001//7588 7000//7588 6981//7588
f 7001//7589 7002//7589 6996//7589 6995//7589
f 6983//7590 7002//7590 7001//7590 6982//7590
f 6952//7591 7003//7591 7011//7591 6971//7591
f 6984//7592 7003//7592 6952//7592 6932//7592
f 6985//7593 7004//7593 7003//7593 6984//7593
f 7004//7594 7005//7594 6997//7594 7011//7594
f 6986//7595 7005//7595 7004//7595 6985//7595
f 7005//7596 7006//7596 6998//7596 6997//7596
f 6987//7597 7006//7597 7005//7597 6986//7597
f 7006//7598 6987//7598 6979//7598 6998//7598
f 6636//7599 7048//7599 7007//7599 6620//7599
f 6633//7600 7018//7600 7017//7600 6636//7600
f 6629//7601 7020//7601 7019//7601 6633//7601
f 7020//7602 7021//7602 7015//7602 7014//7602
f 6630//7603 7021//7603 7020//7603 6629//7603
f 7021//7604 6630//7604 6628//7604 7015//7604
f 7023//7605 7024//7605 6132//7605 6131//7605
f 7015//7606 7024//7606 7023//7606 7014//7606
f 7024//7607 7015//7607 6116//7607 6132//7607
f 7017//7608 7026//7608 7025//7608 7016//7608
f 7018//7609 7027//7609 7026//7609 7017//7609
f 7019//7610 7028//7610 7027//7610 7018//7610
f 7028//7611 7029//7611 7023//7611 7022//7611
f 7020//7612 7029//7612 7028//7612 7019//7612
f 7029//7613 7020//7613 7014//7613 7023//7613
f 7034//7614 7049//7614 6158//7614 6157//7614
f 7023//7615 7049//7615 7034//7615 7022//7615
f 7049//7616 7023//7616 6131//7616 6158//7616
f 7048//7617 7035//7617 6983//7617 7007//7617
f 7036//7618 7037//7618 7031//7618 7030//7618
f 7025//7619 7037//7619 7036//7619 7048//7619
f 7037//7620 7038//7620 7032//7620 7031//7620
f 7026//7621 7038//7621 7037//7621 7025//7621
f 7038//7622 7039//7622 7033//7622 7032//7622
f 7027//7623 7039//7623 7038//7623 7026//7623
f 7039//7624 7040//7624 7034//7624 7033//7624
f 7028//7625 7040//7625 7039//7625 7027//7625
f 7040//7626 7028//7626 7022//7626 7034//7626
f 6996//7627 7041//7627 6155//7627 6108//7627
f 7042//7628 7043//7628 6156//7628 6155//7628
f 7031//7629 7043//7629 7042//7629 7030//7629
f 7032//7630 7044//7630 7043//7630 7031//7630
f 7044//7631 7045//7631 6157//7631 6156//7631
f 7033//7632 7045//7632 7044//7632 7032//7632
f 7002//7633 7046//7633 7041//7633 6996//7633
f 7035//7634 7046//7634 7002//7634 6983//7634
f 7046//7635 7047//7635 7042//7635 7041//7635
f 7036//7636 7047//7636 7046//7636 7035//7636
f 7047//7637 7036//7637 7030//7637 7042//7637
f 7015//7638 7050//7638 6159//7638 6116//7638
f 6663//7639 7050//7639 7015//7639 6628//7639
f 7050//7640 6663//7640 5839//7640 6159//7640
f 7052//7641 6704//7641 6703//7641 7051//7641
f 6704//7642 7052//7642 6815//7642 6593//7642
f 6705//7643 7053//7643 7051//7643 6703//7643
f 6706//7644 7054//7644 7053//7644 6705//7644
f 6707//7645 7055//7645 7054//7645 6706//7645
f 6709//7646 7056//7646 7055//7646 6707//7646
f 7061//7647 7052//7647 7051//7647 7060//7647
f 7052//7648 7061//7648 6827//7648 6815//7648
f 7053//7649 7062//7649 7060//7649 7051//7649
f 7054//7650 7063//7650 7062//7650 7053//7650
f 7055//7651 7064//7651 7063//7651 7054//7651
f 7056//7652 7065//7652 7064//7652 7055//7652
f 7057//7653 7066//7653 7065//7653 7056//7653
f 7058//7654 7067//7654 7066//7654 7057//7654
f 7059//7655 7068//7655 7067//7655 7058//7655
f 7070//7656 7061//7656 7060//7656 7069//7656
f 7061//7657 7070//7657 6850//7657 6827//7657
f 7070//7658 7071//7658 6836//7658 6850//7658
f 7062//7659 7072//7659 7069//7659 7060//7659
f 7072//7660 7073//7660 7070//7660 7069//7660
f 7073//7661 7074//7661 7071//7661 7070//7661
f 7063//7662 7075//7662 7072//7662 7062//7662
f 7075//7663 7076//7663 7073//7663 7072//7663
f 7064//7664 7077//7664 7075//7664 7063//7664
f 7077//7665 7078//7665 7076//7665 7075//7665
f 7065//7666 7079//7666 7077//7666 7064//7666
f 7079//7667 7080//7667 7078//7667 7077//7667
f 7066//7668 7081//7668 7079//7668 7065//7668
f 7081//7669 7082//7669 7080//7669 7079//7669
f 7067//7670 7083//7670 7081//7670 7066//7670
f 7083//7671 7084//7671 7082//7671 7081//7671
f 7068//7672 7085//7672 7083//7672 7067//7672
f 7085//7673 7086//7673 7084//7673 7083//7673
f 7071//7674 7087//7674 6844//7674 6836//7674
f 7087//7675 7088//7675 6845//7675 6844//7675
f 7088//7676 7089//7676 6846//7676 6845//7676
f 7089//7677 7090//7677 6847//7677 6846//7677
f 7092//7678 7074//7678 7073//7678 7091//7678
f 7074//7679 7092//7679 7087//7679 7071//7679
f 7092//7680 7093//7680 7088//7680 7087//7680
f 7093//7681 7094//7681 7089//7681 7088//7681
f 7094//7682 7095//7682 7090//7682 7089//7682
f 7076//7683 7096//7683 7091//7683 7073//7683
f 7096//7684 7097//7684 7092//7684 7091//7684
f 7097//7685 7098//7685 7093//7685 7092//7685
f 7098//7686 7114//7686 7094//7686 7093//7686
f 7078//7687 7099//7687 7096//7687 7076//7687
f 7099//7688 7100//7688 7097//7688 7096//7688
f 7100//7689 7101//7689 7098//7689 7097//7689
f 7080//7690 7102//7690 7099//7690 7078//7690
f 7102//7691 7103//7691 7100//7691 7099//7691
f 7103//7692 7104//7692 7101//7692 7100//7692
f 7104//7693 7115//7693 7114//7693 7101//7693
f 7082//7694 7105//7694 7102//7694 7080//7694
f 7105//7695 7106//7695 7103//7695 7102//7695
f 7106//7696 7107//7696 7104//7696 7103//7696
f 7084//7697 7108//7697 7105//7697 7082//7697
f 7108//7698 7109//7698 7106//7698 7105//7698
f 7109//7699 7110//7699 7107//7699 7106//7699
f 7110//7700 7116//7700 7115//7700 7107//7700
f 7086//7701 7111//7701 7108//7701 7084//7701
f 7111//7702 7112//7702 7109//7702 7108//7702
f 7112//7703 7113//7703 7110//7703 7109//7703
f 7118//7704 6716//7704 6719//7704 7117//7704
f 7121//7705 6717//7705 6716//7705 7119//7705
f 7126//7706 7118//7706 7117//7706 7124//7706
f 7127//7707 7128//7707 7126//7707 7125//7707
f 7120//7708 7128//7708 7127//7708 7119//7708
f 7128//7709 7120//7709 7118//7709 7126//7709
f 7129//7710 7121//7710 7119//7710 7127//7710
f 7130//7711 7122//7711 7121//7711 7129//7711
f 7135//7712 7136//7712 7134//7712 7133//7712
f 7136//7713 7124//7713 7123//7713 7134//7713
f 7138//7714 7139//7714 7136//7714 7135//7714
f 7126//7715 7139//7715 7138//7715 7125//7715
f 7139//7716 7126//7716 7124//7716 7136//7716
f 7140//7717 7141//7717 7138//7717 7137//7717
f 7141//7718 7127//7718 7125//7718 7138//7718
f 7142//7719 7164//7719 7141//7719 7140//7719
f 7164//7720 7129//7720 7127//7720 7141//7720
f 7130//7721 7164//7721 7144//7721 7161//7721
f 7090//7722 7165//7722 6904//7722 6847//7722
f 7165//7723 7162//7723 6909//7723 6908//7723
f 7147//7724 7148//7724 7146//7724 7145//7724
f 7148//7725 7132//7725 7131//7725 7146//7725
f 7163//7726 7149//7726 7147//7726 7162//7726
f 7149//7727 7150//7727 7148//7727 7147//7727
f 7134//7728 7150//7728 7149//7728 7133//7728
f 7150//7729 7134//7729 7132//7729 7148//7729
f 7151//7730 7135//7730 7133//7730 7149//7730
f 7115//7731 7166//7731 7165//7731 7114//7731
f 7166//7732 7152//7732 7163//7732 7165//7732
f 7153//7733 7154//7733 7151//7733 7163//7733
f 7138//7734 7154//7734 7153//7734 7137//7734
f 7154//7735 7138//7735 7135//7735 7151//7735
f 7155//7736 7156//7736 7153//7736 7152//7736
f 7156//7737 7140//7737 7137//7737 7153//7737
f 7157//7738 7158//7738 7156//7738 7155//7738
f 7158//7739 7142//7739 7140//7739 7156//7739
f 7159//7740 7160//7740 7158//7740 7157//7740
f 7144//7741 7160//7741 7159//7741 7143//7741
f 7160//7742 7144//7742 7142//7742 7158//7742
f 6730//7743 7168//7743 7167//7743 6729//7743
f 7168//7744 6730//7744 6610//7744 6918//7744
f 7171//7745 7172//7745 7170//7745 7169//7745
f 7172//7746 6731//7746 6729//7746 7170//7746
f 6731//7747 7173//7747 7117//7747 6719//7747
f 7175//7748 7176//7748 6930//7748 6969//7748
f 7168//7749 7176//7749 7175//7749 7167//7749
f 7176//7750 7168//7750 6918//7750 6930//7750
f 7177//7751 7178//7751 7175//7751 7174//7751
f 7170//7752 7178//7752 7177//7752 7169//7752
f 7178//7753 7170//7753 7167//7753 7175//7753
f 7179//7754 7171//7754 7169//7754 7177//7754
f 7124//7755 7180//7755 7179//7755 7123//7755
f 7173//7756 7180//7756 7124//7756 7117//7756
f 7180//7757 7173//7757 7171//7757 7179//7757
f 7181//7758 7182//7758 6947//7758 6946//7758
f 7175//7759 7182//7759 7181//7759 7174//7759
f 7182//7760 7175//7760 6969//7760 6947//7760
f 7132//7761 7183//7761 7181//7761 7131//7761
f 7183//7762 7177//7762 7174//7762 7181//7762
f 7134//7763 7185//7763 7183//7763 7132//7763
f 7179//7764 7185//7764 7134//7764 7123//7764
f 7185//7765 7179//7765 7177//7765 7183//7765
f 7146//7766 7184//7766 6966//7766 6909//7766
f 7181//7767 7184//7767 7146//7767 7131//7767
f 7184//7768 7181//7768 6946//7768 6966//7768
f 6767//7769 7186//7769 7059//7769 6709//7769
f 6768//7770 7187//7770 7186//7770 6767//7770
f 6769//7771 7188//7771 7187//7771 6768//7771
f 6770//7772 7189//7772 7188//7772 6769//7772
f 6771//7773 7190//7773 7189//7773 6770//7773
f 6775//7774 7215//7774 7190//7774 6771//7774
f 7186//7775 7191//7775 7068//7775 7059//7775
f 7187//7776 7192//7776 7191//7776 7186//7776
f 7188//7777 7193//7777 7192//7777 7187//7777
f 7189//7778 7194//7778 7193//7778 7188//7778
f 7190//7779 7195//7779 7194//7779 7189//7779
f 7191//7780 7196//7780 7085//7780 7068//7780
f 7196//7781 7197//7781 7086//7781 7085//7781
f 7192//7782 7202//7782 7196//7782 7191//7782
f 7202//7783 7203//7783 7197//7783 7196//7783
f 7193//7784 7203//7784 7202//7784 7192//7784
f 7203//7785 7204//7785 7198//7785 7197//7785
f 7194//7786 7204//7786 7203//7786 7193//7786
f 7195//7787 7205//7787 7204//7787 7194//7787
f 7205//7788 7206//7788 7200//7788 7199//7788
f 7215//7789 7206//7789 7205//7789 7195//7789
f 7206//7790 7207//7790 7201//7790 7200//7790
f 7197//7791 7208//7791 7111//7791 7086//7791
f 7208//7792 7209//7792 7112//7792 7111//7792
f 7198//7793 7209//7793 7208//7793 7197//7793
f 7209//7794 7210//7794 7113//7794 7112//7794
f 7210//7795 7211//7795 7116//7795 7113//7795
f 7200//7796 7211//7796 7210//7796 7199//7796
f 7201//7797 7212//7797 7211//7797 7200//7797
f 7204//7798 7213//7798 7209//7798 7198//7798
f 7213//7799 7214//7799 7210//7799 7209//7799
f 7205//7800 7214//7800 7213//7800 7204//7800
f 7214//7801 7205//7801 7199//7801 7210//7801
f 6803//7802 7217//7802 7216//7802 6797//7802
f 7217//7803 6803//7803 6717//7803 7122//7803
f 6805//7804 7243//7804 7215//7804 6775//7804
f 6798//7805 7218//7805 7244//7805 6805//7805
f 6799//7806 7219//7806 7218//7806 6798//7806
f 7219//7807 6799//7807 6797//7807 7216//7807
f 7220//7808 7221//7808 7130//7808 7161//7808
f 7217//7809 7221//7809 7220//7809 7216//7809
f 7221//7810 7217//7810 7122//7810 7130//7810
f 7219//7811 7223//7811 7222//7811 7218//7811
f 7223//7812 7219//7812 7216//7812 7220//7812
f 7227//7813 7228//7813 7144//7813 7143//7813
f 7228//7814 7220//7814 7161//7814 7144//7814
f 7207//7815 7229//7815 7224//7815 7201//7815
f 7243//7816 7229//7816 7207//7816 7215//7816
f 7229//7817 7230//7817 7225//7817 7224//7817
f 7230//7818 7231//7818 7226//7818 7225//7818
f 7244//7819 7231//7819 7230//7819 7243//7819
f 7222//7820 7233//7820 7232//7820 7244//7820
f 7233//7821 7234//7821 7228//7821 7227//7821
f 7223//7822 7234//7822 7233//7822 7222//7822
f 7234//7823 7223//7823 7220//7823 7228//7823
f 7212//7824 7235//7824 7166//7824 7116//7824
f 7224//7825 7235//7825 7212//7825 7201//7825
f 7225//7826 7236//7826 7235//7826 7224//7826
f 7226//7827 7237//7827 7236//7827 7225//7827
f 7238//7828 7239//7828 7159//7828 7166//7828
f 7239//7829 7227//7829 7143//7829 7159//7829
f 7231//7830 7240//7830 7237//7830 7226//7830
f 7240//7831 7241//7831 7238//7831 7237//7831
f 7232//7832 7241//7832 7240//7832 7231//7832
f 7241//7833 7242//7833 7239//7833 7238//7833
f 7233//7834 7242//7834 7241//7834 7232//7834
f 7242//7835 7233//7835 7227//7835 7239//7835
