# Blender 4.3.2
# www.blender.org
mtllib finger_inner_00.mtl
o finger_inner_00
v -0.014470 0.017987 0.000696
v -0.014620 0.018536 0.000954
v -0.014729 0.018868 0.001934
v -0.014738 0.018902 0.001890
v -0.014730 0.018936 0.001190
v -0.014737 0.018958 0.001241
v -0.014580 0.018283 0.002148
v -0.014470 0.017857 0.002261
v -0.020470 0.017858 0.002263
v -0.014470 0.017857 0.002279
v -0.014736 0.018895 0.001909
v -0.020204 0.018895 0.001913
v -0.020360 0.018388 0.000878
v -0.020470 0.017987 0.000696
v -0.020470 0.017857 0.002261
v -0.020320 0.018442 0.002097
v -0.020210 0.018874 0.001929
v -0.020203 0.018904 0.001885
v -0.020203 0.018955 0.001225
v -0.020214 0.018920 0.001177
v -0.014736 -0.008429 -0.017019
v -0.020204 -0.008425 -0.017020
v -0.020204 -0.002096 -0.018875
v -0.014736 -0.002101 -0.018876
v -0.014470 -0.000874 -0.017979
v -0.014470 -0.002438 -0.017834
v -0.014620 -0.002279 -0.018420
v -0.014731 -0.002116 -0.018855
v -0.014738 -0.002068 -0.018886
v -0.014736 -0.001412 -0.018942
v -0.014726 -0.001363 -0.018906
v -0.014580 -0.001060 -0.018379
v -0.020204 -0.001397 -0.018941
v -0.014736 -0.001402 -0.018939
v -0.020470 -0.000874 -0.017979
v -0.020320 -0.001137 -0.018526
v -0.020470 -0.002438 -0.017834
v -0.020210 -0.001378 -0.018923
v -0.020360 -0.002329 -0.018261
v -0.020202 -0.002079 -0.018882
v -0.020203 -0.001428 -0.018944
v -0.020212 -0.002122 -0.018845
v -0.020204 0.001214 -0.018952
v -0.014736 0.001210 -0.018953
v -0.014580 0.002148 -0.018283
v -0.014470 0.002261 -0.017857
v -0.014469 0.000696 -0.017987
v -0.014620 0.000954 -0.018536
v -0.014730 0.001190 -0.018936
v -0.014738 0.001892 -0.018902
v -0.014737 0.001241 -0.018958
v -0.014728 0.001935 -0.018865
v -0.020204 0.001913 -0.018895
v -0.014736 0.001909 -0.018895
v -0.020360 0.000878 -0.018388
v -0.020470 0.000696 -0.017987
v -0.020470 0.002261 -0.017857
v -0.020320 0.002097 -0.018442
v -0.020210 0.001929 -0.018874
v -0.020203 0.001885 -0.018904
v -0.020202 0.001244 -0.018958
v -0.020209 0.001190 -0.018936
v -0.020204 0.004486 -0.018453
v -0.014736 0.004483 -0.018455
v -0.014470 0.005328 -0.017193
v -0.014470 0.003809 -0.017592
v -0.014620 0.004158 -0.018089
v -0.014731 0.004461 -0.018441
v -0.014738 0.004515 -0.018454
v -0.014738 0.005151 -0.018283
v -0.014726 0.005185 -0.018232
v -0.014580 0.005290 -0.017633
v -0.020204 0.005166 -0.018276
v -0.014736 0.005161 -0.018276
v -0.020360 0.004057 -0.017956
v -0.020470 0.003809 -0.017592
v -0.020470 0.005328 -0.017193
v -0.020212 0.005183 -0.018239
v -0.020204 0.005149 -0.018285
v -0.020320 0.005267 -0.017798
v -0.020203 0.004498 -0.018455
v -0.020214 0.004444 -0.018428
v -0.020470 0.006806 -0.016664
v -0.020470 0.008232 -0.016007
v -0.020320 0.008278 -0.016613
v -0.020209 0.008268 -0.017077
v -0.020202 0.008233 -0.017122
v -0.020202 0.007634 -0.017393
v -0.020214 0.007575 -0.017375
v -0.020360 0.007114 -0.016979
v -0.020204 0.008260 -0.017102
v -0.014736 0.008256 -0.017102
v -0.014470 0.008232 -0.016007
v -0.014470 0.006806 -0.016664
v -0.014620 0.007236 -0.017092
v -0.014731 0.007595 -0.017387
v -0.014738 0.007652 -0.017390
v -0.014737 0.008248 -0.017111
v -0.014726 0.008272 -0.017054
v -0.014580 0.008272 -0.016446
v -0.020470 0.008234 -0.016007
v -0.014470 0.008249 -0.016001
v -0.020209 -0.004643 -0.018396
v -0.020360 -0.005464 -0.017579
v -0.020320 -0.004337 -0.018047
v -0.020470 -0.005498 -0.017140
v -0.020470 -0.003983 -0.017554
v -0.020202 -0.004698 -0.018408
v -0.020201 -0.005332 -0.018230
v -0.020214 -0.005366 -0.018179
v -0.020204 -0.004665 -0.018410
v -0.014736 -0.004669 -0.018408
v -0.014470 -0.003983 -0.017554
v -0.014470 -0.005498 -0.017140
v -0.014620 -0.005444 -0.017745
v -0.014727 -0.005363 -0.018187
v -0.014737 -0.005330 -0.018233
v -0.014737 -0.004680 -0.018409
v -0.014726 -0.004625 -0.018382
v -0.014580 -0.004235 -0.017915
v -0.020360 -0.018388 -0.000878
v -0.020470 -0.017987 -0.000696
v -0.020470 -0.017857 -0.002261
v -0.020320 -0.018442 -0.002097
v -0.020210 -0.018874 -0.001929
v -0.020203 -0.018904 -0.001885
v -0.020203 -0.018955 -0.001225
v -0.020214 -0.018920 -0.001177
v -0.020204 -0.018952 -0.001214
v -0.014736 -0.018953 -0.001210
v -0.014470 -0.017987 -0.000696
v -0.014620 -0.018536 -0.000954
v -0.014728 -0.018924 -0.001181
v -0.014739 -0.018956 -0.001228
v -0.014737 -0.018902 -0.001892
v -0.014580 -0.018283 -0.002148
v -0.014470 -0.017857 -0.002261
v -0.014728 -0.018865 -0.001935
v -0.020470 -0.017858 -0.002263
v -0.014470 -0.017857 -0.002279
v -0.014736 -0.018895 -0.001909
v -0.020204 -0.018895 -0.001913
v -0.014470 -0.017193 -0.005328
v -0.014470 -0.017592 -0.003809
v -0.014620 -0.018089 -0.004158
v -0.014731 -0.018441 -0.004461
v -0.014738 -0.018454 -0.004515
v -0.014738 -0.018283 -0.005151
v -0.014726 -0.018232 -0.005185
v -0.014580 -0.017633 -0.005290
v -0.020470 0.016007 0.008234
v -0.014470 0.016001 0.008249
v -0.020470 0.014449 0.008479
v -0.014470 0.014649 0.008129
v -0.020470 0.014695 0.008099
v -0.020470 0.014968 0.007977
v -0.014470 0.014998 0.007975
v -0.014741 -0.008916 -0.009569
v -0.014470 -0.009171 -0.009660
v -0.014741 -0.008770 -0.009854
v -0.014470 -0.008992 -0.010008
v -0.014741 -0.008554 -0.010092
v -0.014470 -0.008729 -0.010298
v -0.014741 -0.008284 -0.010266
v -0.014470 -0.008400 -0.010511
v -0.014741 -0.007978 -0.010364
v -0.014470 -0.008027 -0.010630
v -0.014741 -0.007658 -0.010380
v -0.014470 -0.007636 -0.010649
v -0.014741 -0.007344 -0.010312
v -0.014470 -0.007253 -0.010566
v -0.014741 -0.007059 -0.010165
v -0.014470 -0.006905 -0.010387
v -0.014741 -0.006821 -0.009949
v -0.014470 -0.006615 -0.010124
v -0.014741 -0.006647 -0.009679
v -0.014470 -0.006403 -0.009795
v -0.014741 -0.006549 -0.009374
v -0.014470 -0.006283 -0.009422
v -0.014741 -0.006534 -0.009053
v -0.014470 -0.006264 -0.009031
v -0.014741 -0.006601 -0.008739
v -0.014470 -0.006347 -0.008648
v -0.014741 -0.006748 -0.008454
v -0.014470 -0.006526 -0.008300
v -0.014741 -0.006964 -0.008216
v -0.014470 -0.006789 -0.008010
v -0.014741 -0.007234 -0.008042
v -0.014470 -0.007118 -0.007798
v -0.014741 -0.007539 -0.007944
v -0.014470 -0.007491 -0.007678
v -0.014741 -0.007860 -0.007929
v -0.014470 -0.007882 -0.007659
v -0.014741 -0.008174 -0.007997
v -0.014470 -0.008265 -0.007742
v -0.014741 -0.008459 -0.008144
v -0.014470 -0.008613 -0.007921
v -0.014741 -0.008697 -0.008359
v -0.014470 -0.008903 -0.008184
v -0.014741 -0.008871 -0.008629
v -0.014470 -0.009115 -0.008514
v -0.014741 -0.008969 -0.008935
v -0.014470 -0.009235 -0.008886
v -0.014741 -0.008984 -0.009255
v -0.014470 -0.009254 -0.009278
v -0.020200 -0.008994 -0.009065
v -0.014741 -0.008963 -0.009445
v -0.020200 -0.008874 -0.009695
v -0.014741 -0.008656 -0.010008
v -0.020200 -0.008554 -0.010092
v -0.020200 -0.008165 -0.010325
v -0.014741 -0.008109 -0.010342
v -0.020200 -0.007525 -0.010371
v -0.014741 -0.007658 -0.010380
v -0.014741 -0.007166 -0.010242
v -0.020200 -0.006948 -0.010091
v -0.014741 -0.006821 -0.009949
v -0.020200 -0.006589 -0.009560
v -0.014741 -0.006571 -0.009505
v -0.020200 -0.006534 -0.009053
v -0.014741 -0.006534 -0.009053
v -0.020200 -0.006644 -0.008614
v -0.014741 -0.006671 -0.008562
v -0.020200 -0.006964 -0.008216
v -0.014741 -0.006964 -0.008216
v -0.020200 -0.007353 -0.007984
v -0.014741 -0.007408 -0.007966
v -0.020200 -0.007860 -0.007929
v -0.014741 -0.007860 -0.007929
v -0.020200 -0.008299 -0.008039
v -0.014741 -0.008351 -0.008066
v -0.020200 -0.008784 -0.008459
v -0.014741 -0.008697 -0.008359
v -0.014741 -0.008947 -0.008804
v -0.014470 -0.015982 0.005461
v -0.014470 -0.016101 0.005419
v -0.014470 -0.010566 0.007253
v -0.014470 -0.014757 -0.008058
v -0.014470 -0.009235 -0.008886
v -0.014470 -0.014871 -0.008006
v -0.014470 -0.014995 -0.007984
v -0.014470 -0.016036 -0.005302
v -0.014470 -0.009115 -0.008514
v -0.014470 -0.008903 -0.008184
v -0.014470 -0.005461 -0.015982
v -0.014470 -0.005419 -0.016101
v -0.014470 -0.007253 -0.010566
v -0.014470 -0.014659 -0.008137
v -0.014470 -0.014584 -0.008238
v -0.014470 -0.014510 -0.008368
v -0.014470 -0.002690 -0.016597
v -0.014470 -0.002602 -0.016688
v -0.014470 -0.006905 -0.010387
v -0.014470 -0.014461 -0.008484
v -0.014470 -0.014443 -0.008608
v -0.014470 -0.009254 -0.009278
v -0.014470 -0.014456 -0.008733
v -0.014470 -0.014500 -0.008851
v -0.014470 -0.015719 -0.005969
v -0.014470 -0.016942 -0.002340
v -0.014470 -0.017922 -0.001479
v -0.014470 -0.017857 -0.002263
v -0.014470 -0.007882 -0.007659
v -0.014470 -0.007491 -0.007678
v -0.014470 -0.007233 -0.005012
v -0.014470 -0.006253 -0.006192
v -0.014470 -0.011111 -0.012619
v -0.014470 -0.010992 -0.012660
v -0.014470 -0.008992 -0.010008
v -0.014470 -0.015932 -0.005373
v -0.014470 -0.015850 -0.005468
v -0.014470 -0.015764 -0.005649
v -0.014470 -0.016623 -0.002525
v -0.014470 -0.016713 -0.002437
v -0.014470 -0.016821 -0.002374
v -0.014470 -0.007994 -0.003679
v -0.014470 -0.008511 -0.002235
v -0.014470 -0.008265 -0.007742
v -0.014470 -0.008770 -0.000724
v -0.014470 -0.008613 -0.007921
v -0.014470 -0.005531 -0.015878
v -0.014470 -0.013024 -0.010559
v -0.014470 -0.012881 -0.010699
v -0.014470 -0.014572 -0.008954
v -0.014470 -0.015230 -0.009594
v -0.014470 -0.015715 -0.005844
v -0.014470 0.001479 -0.017922
v -0.014470 0.000724 -0.008770
v -0.014470 -0.006283 -0.009422
v -0.014470 -0.000810 -0.008763
v -0.014470 -0.006264 -0.009031
v -0.014470 -0.002320 -0.008489
v -0.014470 -0.006347 -0.008648
v -0.014470 -0.003758 -0.007957
v -0.014470 -0.006526 -0.008300
v -0.014470 -0.005083 -0.007183
v -0.014470 -0.006789 -0.008010
v -0.014470 -0.007118 -0.007798
v -0.014470 -0.012743 -0.011234
v -0.014470 -0.012796 -0.011348
v -0.014470 -0.013333 -0.012093
v -0.014470 -0.013502 -0.010498
v -0.014470 -0.014333 -0.010889
v -0.014470 -0.012768 -0.010866
v -0.014470 -0.009171 -0.009660
v -0.014470 -0.012729 -0.010986
v -0.014470 -0.012720 -0.011111
v -0.014470 -0.015753 -0.006090
v -0.014470 -0.015817 -0.006198
v -0.014470 -0.015906 -0.006287
v -0.014470 -0.003522 -0.016619
v -0.014470 -0.005408 -0.016226
v -0.014470 -0.006444 -0.015843
v -0.014470 -0.007636 -0.010649
v -0.014470 -0.006968 -0.016596
v -0.014470 -0.006355 -0.015755
v -0.014470 -0.006246 -0.015692
v -0.014470 -0.008282 -0.014578
v -0.014470 -0.008444 -0.014460
v -0.014470 -0.009098 -0.014483
v -0.014470 -0.008400 -0.010511
v -0.014470 -0.009744 -0.015134
v -0.014470 -0.008994 -0.014412
v -0.014470 -0.008876 -0.014369
v -0.014470 -0.008027 -0.010630
v -0.014470 -0.008751 -0.014357
v -0.014470 -0.008627 -0.014376
v -0.014470 -0.011030 -0.014224
v -0.014470 -0.010631 -0.013398
v -0.014470 -0.012224 -0.013212
v -0.014470 -0.013381 -0.010467
v -0.014470 -0.013255 -0.010467
v -0.014470 -0.013134 -0.010498
v -0.014470 -0.000502 -0.016882
v -0.014470 -0.006615 -0.010124
v -0.014470 -0.000583 -0.016978
v -0.014470 -0.000400 -0.016809
v -0.014470 -0.000283 -0.016764
v -0.014470 -0.000158 -0.016749
v -0.014470 -0.003426 -0.016538
v -0.014470 -0.006125 -0.015659
v -0.014470 -0.005999 -0.015656
v -0.014470 -0.005877 -0.015685
v -0.014470 -0.008132 -0.014915
v -0.014470 -0.008153 -0.014791
v -0.014470 -0.008204 -0.014677
v -0.014470 -0.008729 -0.010298
v -0.014470 -0.010827 -0.012774
v -0.014470 -0.010687 -0.012918
v -0.014470 -0.010628 -0.013029
v -0.014470 -0.010598 -0.013151
v -0.014470 -0.010599 -0.013276
v -0.014470 -0.011474 -0.012683
v -0.014470 -0.011360 -0.012631
v -0.014470 -0.011236 -0.012610
v -0.014470 -0.016516 -0.003149
v -0.014470 -0.016571 -0.003262
v -0.014470 -0.016154 -0.005259
v -0.014470 -0.016653 -0.003358
v -0.014470 -0.016756 -0.003430
v -0.014470 -0.016558 -0.002633
v -0.014470 -0.016522 -0.002753
v -0.014470 -0.016497 -0.002901
v -0.014470 -0.016491 -0.003026
v -0.014470 -0.002541 -0.016797
v -0.014470 -0.002508 -0.016918
v -0.014470 -0.000008 -0.016750
v -0.014470 0.000117 -0.016766
v -0.014470 0.000233 -0.016812
v -0.014470 0.000335 -0.016886
v -0.014470 0.000415 -0.016983
v -0.014470 -0.003313 -0.016484
v -0.014470 -0.003190 -0.016460
v -0.014470 -0.003064 -0.016467
v -0.014470 -0.005736 -0.015737
v -0.014470 -0.005625 -0.015795
v -0.014470 -0.008143 -0.015040
v -0.014470 -0.008392 -0.015924
v -0.014470 -0.016665 -0.006804
v -0.014470 -0.016006 -0.008234
v -0.014470 -0.015120 -0.007994
v -0.014470 -0.006403 -0.009795
v -0.014470 -0.005500 -0.017139
v -0.014470 -0.003981 -0.017554
v -0.014470 -0.003595 -0.016721
v -0.014470 -0.002916 -0.016494
v -0.014470 -0.002796 -0.016531
v -0.014470 0.000468 -0.017097
v -0.014470 0.000694 -0.017987
v -0.014470 -0.017593 -0.003807
v -0.014470 -0.017193 -0.005330
v -0.014470 -0.016279 -0.005247
v -0.014470 -0.002440 -0.017834
v -0.014470 -0.000872 -0.017979
v -0.014470 -0.000637 -0.017091
v -0.014470 0.015982 -0.005461
v -0.014470 0.016101 -0.005419
v -0.014470 0.010566 -0.007253
v -0.014470 0.007183 -0.005083
v -0.014470 0.006192 -0.006253
v -0.014470 0.007798 -0.007118
v -0.014470 0.016597 -0.002690
v -0.014470 0.016688 -0.002602
v -0.014470 0.010387 -0.006905
v -0.014470 0.007678 -0.007491
v -0.014470 0.005012 -0.007233
v -0.014470 0.007659 -0.007882
v -0.014470 0.008010 -0.006789
v -0.014470 0.008300 -0.006526
v -0.014470 0.007957 -0.003758
v -0.014470 0.008648 -0.006347
v -0.014470 0.008489 -0.002320
v -0.014470 0.009031 -0.006264
v -0.014470 0.008763 -0.000810
v -0.014470 0.009422 -0.006283
v -0.014470 0.008770 0.000724
v -0.014470 0.017922 0.001479
v -0.014470 0.009795 -0.006403
v -0.014470 0.010124 -0.006615
v -0.014470 0.015878 -0.005531
v -0.014470 0.014791 -0.008153
v -0.014470 0.014915 -0.008132
v -0.014470 0.016596 -0.006968
v -0.014470 0.013029 -0.010628
v -0.014470 0.013151 -0.010598
v -0.014470 0.010511 -0.008400
v -0.014470 0.016484 -0.003313
v -0.014470 0.016460 -0.003190
v -0.014470 0.016467 -0.003064
v -0.014470 0.015656 -0.005999
v -0.014470 0.015685 -0.005877
v -0.014470 0.014483 -0.009098
v -0.014470 0.014412 -0.008994
v -0.014470 0.014369 -0.008876
v -0.014470 0.010630 -0.008027
v -0.014470 0.014357 -0.008751
v -0.014470 0.010649 -0.007636
v -0.014470 0.016494 -0.002916
v -0.014470 0.016531 -0.002796
v -0.014470 0.015737 -0.005736
v -0.014470 0.015795 -0.005625
v -0.014470 0.014376 -0.008627
v -0.014470 0.014460 -0.008444
v -0.014470 0.014578 -0.008282
v -0.014470 0.014677 -0.008204
v -0.014470 0.015040 -0.008143
v -0.014470 0.015924 -0.008392
v -0.014470 0.013276 -0.010599
v -0.014470 0.015134 -0.009744
v -0.014470 0.009278 -0.009254
v -0.014470 0.010559 -0.013024
v -0.014470 0.010699 -0.012881
v -0.014470 0.005259 -0.016154
v -0.014470 0.003358 -0.016653
v -0.014470 0.003430 -0.016756
v -0.014470 0.016750 -0.000008
v -0.014470 0.016766 0.000117
v -0.014470 0.015843 -0.006444
v -0.014470 0.015755 -0.006355
v -0.014470 0.015692 -0.006246
v -0.014470 0.015659 -0.006125
v -0.014470 0.013398 -0.010631
v -0.014470 0.014224 -0.011030
v -0.014470 0.012631 -0.011360
v -0.014470 0.012610 -0.011236
v -0.014470 0.010008 -0.008992
v -0.014470 0.012619 -0.011111
v -0.014470 0.012660 -0.010992
v -0.014470 0.012774 -0.010827
v -0.014470 0.010298 -0.008729
v -0.014470 0.012918 -0.010687
v -0.014470 0.011234 -0.012743
v -0.014470 0.011348 -0.012796
v -0.014470 0.010866 -0.012768
v -0.014470 0.009660 -0.009171
v -0.014470 0.010986 -0.012729
v -0.014470 0.011111 -0.012720
v -0.014470 0.008886 -0.009235
v -0.014470 0.008608 -0.014443
v -0.014470 0.008733 -0.014456
v -0.014470 0.008851 -0.014500
v -0.014470 0.005302 -0.016036
v -0.014470 0.008514 -0.009115
v -0.014470 0.003262 -0.016571
v -0.014470 0.008184 -0.008903
v -0.014470 0.003149 -0.016516
v -0.014470 0.016812 0.000233
v -0.014470 0.016886 0.000335
v -0.014470 0.016983 0.000415
v -0.014470 0.016538 -0.003426
v -0.014470 0.016619 -0.003522
v -0.014470 0.016226 -0.005408
v -0.014470 0.012093 -0.013333
v -0.014470 0.010498 -0.013502
v -0.014470 0.009594 -0.015230
v -0.014470 0.010889 -0.014333
v -0.014470 0.008954 -0.014572
v -0.014470 0.005969 -0.015719
v -0.014470 0.006090 -0.015753
v -0.014470 0.006198 -0.015817
v -0.014470 0.002374 -0.016821
v -0.014470 0.002437 -0.016713
v -0.014470 0.016918 -0.002508
v -0.014470 0.016978 -0.000583
v -0.014470 0.016797 -0.002541
v -0.014470 0.016882 -0.000502
v -0.014470 0.016809 -0.000400
v -0.014470 0.013212 -0.012224
v -0.014470 0.012683 -0.011474
v -0.014470 0.010467 -0.013381
v -0.014470 0.010467 -0.013255
v -0.014470 0.010498 -0.013134
v -0.014470 0.008006 -0.014871
v -0.014470 0.007984 -0.014995
v -0.014470 0.006287 -0.015906
v -0.014470 0.003679 -0.007994
v -0.014470 0.002235 -0.008511
v -0.014470 0.007742 -0.008265
v -0.014470 0.007921 -0.008613
v -0.014470 0.002525 -0.016623
v -0.014470 0.002633 -0.016558
v -0.014470 0.002753 -0.016522
v -0.014470 0.003807 -0.017593
v -0.014470 0.005330 -0.017193
v -0.014470 0.005247 -0.016279
v -0.014470 0.016749 -0.000158
v -0.014470 0.016764 -0.000283
v -0.014470 0.017097 0.000468
v -0.014470 0.017987 0.000694
v -0.014470 0.017139 -0.005500
v -0.014470 0.017554 -0.003981
v -0.014470 0.016721 -0.003595
v -0.014470 0.008058 -0.014757
v -0.014470 0.008137 -0.014659
v -0.014470 0.008238 -0.014584
v -0.014470 0.005373 -0.015932
v -0.014470 0.005468 -0.015850
v -0.014470 0.005649 -0.015764
v -0.014470 0.006804 -0.016665
v -0.014470 0.008234 -0.016006
v -0.014470 0.007994 -0.015120
v -0.014470 0.002901 -0.016497
v -0.014470 0.003026 -0.016491
v -0.014470 0.017834 -0.002440
v -0.014470 0.017979 -0.000872
v -0.014470 0.017091 -0.000637
v -0.014470 0.008368 -0.014510
v -0.014470 0.008484 -0.014461
v -0.014470 0.005844 -0.015715
v -0.014470 0.002263 -0.017857
v -0.014470 0.002340 -0.016942
v -0.014470 0.002690 0.016597
v -0.014470 0.002602 0.016688
v -0.014470 0.006905 0.010387
v -0.014470 0.010628 0.013029
v -0.014470 0.010598 0.013151
v -0.014470 0.008400 0.010511
v -0.014470 0.007882 0.007659
v -0.014470 0.007491 0.007678
v -0.014470 0.007233 0.005012
v -0.014470 0.006253 0.006192
v -0.014470 0.007118 0.007798
v -0.014470 0.005083 0.007183
v -0.014470 0.006789 0.008010
v -0.014470 0.006526 0.008300
v -0.014470 0.003758 0.007957
v -0.014470 0.006347 0.008648
v -0.014470 0.002320 0.008489
v -0.014470 0.006264 0.009031
v -0.014470 0.000810 0.008763
v -0.014470 0.006283 0.009422
v -0.014470 -0.000724 0.008770
v -0.014470 -0.001479 0.017922
v -0.014470 0.008153 0.014791
v -0.014470 0.008132 0.014915
v -0.014470 0.006968 0.016596
v -0.014470 0.011111 0.012619
v -0.014470 0.010992 0.012660
v -0.014470 0.008992 0.010008
v -0.014470 0.010827 0.012774
v -0.014470 0.008729 0.010298
v -0.014470 0.010687 0.012918
v -0.014470 0.009235 0.008886
v -0.014470 0.014995 0.007984
v -0.014470 0.014871 0.008006
v -0.014470 0.009254 0.009278
v -0.014470 0.014443 0.008608
v -0.014470 0.005419 0.016101
v -0.014470 0.007253 0.010566
v -0.014470 0.005461 0.015982
v -0.014470 0.005531 0.015878
v -0.014470 0.008204 0.014677
v -0.014470 0.007636 0.010649
v -0.014470 0.010599 0.013276
v -0.014470 0.009744 0.015134
v -0.014470 0.012743 0.011234
v -0.014470 0.012796 0.011348
v -0.014470 0.013333 0.012093
v -0.014470 0.013255 0.010467
v -0.014470 0.013134 0.010498
v -0.014470 0.013024 0.010559
v -0.014470 0.012881 0.010699
v -0.014470 0.012768 0.010866
v -0.014470 0.009171 0.009660
v -0.014470 0.012729 0.010986
v -0.014470 0.012720 0.011111
v -0.014470 0.014757 0.008058
v -0.014470 0.014659 0.008137
v -0.014470 0.014584 0.008238
v -0.014470 0.009115 0.008514
v -0.014470 0.015719 0.005969
v -0.014470 0.016154 0.005259
v -0.014470 0.016653 0.003358
v -0.014470 0.016756 0.003430
v -0.014470 0.016036 0.005302
v -0.014470 0.016571 0.003262
v -0.014470 0.008903 0.008184
v -0.014470 0.016516 0.003149
v -0.014470 -0.000117 0.016766
v -0.014470 -0.000233 0.016812
v -0.014470 0.006615 0.010124
v -0.014470 -0.000335 0.016886
v -0.014470 -0.000415 0.016983
v -0.014470 0.008143 0.015040
v -0.014470 0.008392 0.015924
v -0.014470 0.010631 0.013398
v -0.014470 0.011030 0.014224
v -0.014470 0.012224 0.013212
v -0.014470 0.011474 0.012683
v -0.014470 0.011360 0.012631
v -0.014470 0.011236 0.012610
v -0.014470 0.014333 0.010889
v -0.014470 0.015230 0.009594
v -0.014470 0.013502 0.010498
v -0.014470 0.013381 0.010467
v -0.014470 0.014510 0.008368
v -0.014470 0.014461 0.008484
v -0.014470 0.014456 0.008733
v -0.014470 0.014500 0.008851
v -0.014470 0.014572 0.008954
v -0.014470 0.015753 0.006090
v -0.014470 0.015817 0.006198
v -0.014470 0.015906 0.006287
v -0.014470 0.000008 0.016750
v -0.014470 0.006403 0.009795
v -0.014470 0.003313 0.016484
v -0.014470 0.003190 0.016460
v -0.014470 0.003064 0.016467
v -0.014470 0.005999 0.015656
v -0.014470 0.005877 0.015685
v -0.014470 0.009098 0.014483
v -0.014470 0.015932 0.005373
v -0.014470 0.015850 0.005468
v -0.014470 0.015764 0.005649
v -0.014470 0.016821 0.002374
v -0.014470 0.016713 0.002437
v -0.014470 -0.000468 0.017097
v -0.014470 -0.000694 0.017987
v -0.014470 0.002508 0.016918
v -0.014470 0.000583 0.016978
v -0.014470 0.002541 0.016797
v -0.014470 0.000502 0.016882
v -0.014470 0.000400 0.016809
v -0.014470 0.003426 0.016538
v -0.014470 0.003522 0.016619
v -0.014470 0.005408 0.016226
v -0.014470 0.002916 0.016494
v -0.014470 0.002796 0.016531
v -0.014470 0.005736 0.015737
v -0.014470 0.005625 0.015795
v -0.014470 0.015715 0.005844
v -0.014470 0.017593 0.003807
v -0.014470 0.017193 0.005330
v -0.014470 0.016279 0.005247
v -0.014470 0.006444 0.015843
v -0.014470 0.008994 0.014412
v -0.014470 0.008876 0.014369
v -0.014470 0.008027 0.010630
v -0.014470 0.008751 0.014357
v -0.014470 0.008627 0.014376
v -0.014470 0.008444 0.014460
v -0.014470 0.016665 0.006804
v -0.014470 0.016006 0.008234
v -0.014470 0.015120 0.007994
v -0.014470 0.007994 0.003679
v -0.014470 0.008511 0.002235
v -0.014470 0.008265 0.007742
v -0.014470 0.008613 0.007921
v -0.014470 0.000158 0.016749
v -0.014470 0.000283 0.016764
v -0.014470 0.006355 0.015755
v -0.014470 0.006246 0.015692
v -0.014470 0.006125 0.015659
v -0.014470 0.008282 0.014578
v -0.014470 0.017857 0.002263
v -0.014470 0.016942 0.002340
v -0.014470 0.016623 0.002525
v -0.014470 0.016558 0.002633
v -0.014470 0.016522 0.002753
v -0.014470 0.002440 0.017834
v -0.014470 0.000872 0.017979
v -0.014470 0.000637 0.017091
v -0.014470 0.005500 0.017139
v -0.014470 0.003981 0.017554
v -0.014470 0.003595 0.016721
v -0.014470 0.016497 0.002901
v -0.014470 0.016491 0.003026
v -0.014470 -0.016597 0.002690
v -0.014470 -0.016688 0.002602
v -0.014470 -0.010387 0.006905
v -0.014470 -0.014677 0.008204
v -0.014470 -0.014791 0.008153
v -0.014470 -0.010649 0.007636
v -0.014470 -0.007659 0.007882
v -0.014470 -0.007678 0.007491
v -0.014470 -0.005012 0.007233
v -0.014470 -0.015878 0.005531
v -0.014470 -0.014915 0.008132
v -0.014470 -0.016596 0.006968
v -0.014470 -0.006192 0.006253
v -0.014470 -0.007798 0.007118
v -0.014470 -0.007183 0.005083
v -0.014470 -0.008010 0.006789
v -0.014470 -0.008300 0.006526
v -0.014470 -0.007957 0.003758
v -0.014470 -0.008648 0.006347
v -0.014470 -0.008489 0.002320
v -0.014470 -0.009031 0.006264
v -0.014470 -0.008763 0.000810
v -0.014470 -0.009422 0.006283
v -0.014470 -0.015843 0.006444
v -0.014470 -0.015656 0.005999
v -0.014470 -0.015685 0.005877
v -0.014470 -0.015040 0.008143
v -0.014470 -0.015924 0.008392
v -0.014470 -0.002374 0.016821
v -0.014470 -0.002437 0.016713
v -0.014470 -0.003358 0.016653
v -0.014470 -0.008514 0.009115
v -0.014470 -0.003262 0.016571
v -0.014470 -0.008184 0.008903
v -0.014470 -0.003149 0.016516
v -0.014470 -0.016750 0.000008
v -0.014470 -0.016766 -0.000117
v -0.014470 -0.010124 0.006615
v -0.014470 -0.016812 -0.000233
v -0.014470 -0.016886 -0.000335
v -0.014470 -0.016983 -0.000415
v -0.014470 -0.016918 0.002508
v -0.014470 -0.016978 0.000583
v -0.014470 -0.016797 0.002541
v -0.014470 -0.016882 0.000502
v -0.014470 -0.016484 0.003313
v -0.014470 -0.016460 0.003190
v -0.014470 -0.016467 0.003064
v -0.014470 -0.015737 0.005736
v -0.014470 -0.015795 0.005625
v -0.014470 -0.014376 0.008627
v -0.014470 -0.014460 0.008444
v -0.014470 -0.014357 0.008751
v -0.014470 -0.010630 0.008027
v -0.014470 -0.014369 0.008876
v -0.014470 -0.010511 0.008400
v -0.014470 -0.014412 0.008994
v -0.014470 -0.012683 0.011474
v -0.014470 -0.012093 0.013333
v -0.014470 -0.013212 0.012224
v -0.014470 -0.009278 0.009254
v -0.014470 -0.008886 0.009235
v -0.014470 -0.008608 0.014443
v -0.014470 -0.016749 0.000158
v -0.014470 -0.009795 0.006403
v -0.014470 -0.016809 0.000400
v -0.014470 -0.016764 0.000283
v -0.014470 -0.016494 0.002916
v -0.014470 -0.016531 0.002796
v -0.014470 -0.015755 0.006355
v -0.014470 -0.015692 0.006246
v -0.014470 -0.015659 0.006125
v -0.014470 -0.014578 0.008282
v -0.014470 -0.012631 0.011360
v -0.014470 -0.012610 0.011236
v -0.014470 -0.010008 0.008992
v -0.014470 -0.012619 0.011111
v -0.014470 -0.012918 0.010687
v -0.014470 -0.012774 0.010827
v -0.014470 -0.010298 0.008729
v -0.014470 -0.012660 0.010992
v -0.014470 -0.011234 0.012743
v -0.014470 -0.011348 0.012796
v -0.014470 -0.003430 0.016756
v -0.014470 -0.005259 0.016154
v -0.014470 -0.005302 0.016036
v -0.014470 -0.005373 0.015932
v -0.014470 -0.003679 0.007994
v -0.014470 -0.002235 0.008511
v -0.014470 -0.007742 0.008265
v -0.014470 -0.007921 0.008613
v -0.014470 -0.003807 0.017593
v -0.014470 -0.005330 0.017193
v -0.014470 -0.005247 0.016279
v -0.014470 -0.017097 -0.000468
v -0.014470 -0.017987 -0.000694
v -0.014470 -0.016538 0.003426
v -0.014470 -0.016619 0.003522
v -0.014470 -0.016226 0.005408
v -0.014470 -0.015134 0.009744
v -0.014470 -0.014483 0.009098
v -0.014470 -0.013029 0.010628
v -0.014470 -0.013151 0.010598
v -0.014470 -0.013276 0.010599
v -0.014470 -0.010699 0.012881
v -0.014470 -0.010866 0.012768
v -0.014470 -0.009660 0.009171
v -0.014470 -0.010986 0.012729
v -0.014470 -0.011111 0.012720
v -0.014470 -0.007984 0.014995
v -0.014470 -0.008006 0.014871
v -0.014470 -0.008733 0.014456
v -0.014470 -0.008851 0.014500
v -0.014470 -0.008954 0.014572
v -0.014470 -0.005468 0.015850
v -0.014470 -0.005649 0.015764
v -0.014470 -0.005844 0.015715
v -0.014470 -0.005969 0.015719
v -0.014470 -0.002263 0.017857
v -0.014470 -0.002340 0.016942
v -0.014470 -0.002525 0.016623
v -0.014470 -0.002633 0.016558
v -0.014470 -0.002753 0.016522
v -0.014470 -0.017834 0.002440
v -0.014470 -0.017979 0.000872
v -0.014470 -0.017091 0.000637
v -0.014470 -0.013398 0.010631
v -0.014470 -0.014224 0.011030
v -0.014470 -0.010889 0.014333
v -0.014470 -0.009594 0.015230
v -0.014470 -0.010498 0.013502
v -0.014470 -0.010467 0.013381
v -0.014470 -0.010467 0.013255
v -0.014470 -0.010498 0.013134
v -0.014470 -0.010559 0.013024
v -0.014470 -0.008058 0.014757
v -0.014470 -0.008137 0.014659
v -0.014470 -0.008238 0.014584
v -0.014470 -0.006090 0.015753
v -0.014470 -0.006198 0.015817
v -0.014470 -0.006287 0.015906
v -0.014470 -0.002901 0.016497
v -0.014470 -0.003026 0.016491
v -0.014470 -0.008368 0.014510
v -0.014470 -0.008484 0.014461
v -0.014470 -0.017139 0.005500
v -0.014470 -0.017554 0.003981
v -0.014470 -0.016721 0.003595
v -0.014470 -0.006804 0.016665
v -0.014470 -0.008234 0.016006
v -0.014470 -0.007994 0.015120
v -0.014580 -0.018379 0.001060
v -0.014470 -0.017979 0.000874
v -0.014470 -0.017834 0.002438
v -0.014730 -0.018855 0.002116
v -0.014620 -0.018420 0.002279
v -0.014737 -0.018886 0.002068
v -0.014737 -0.018942 0.001413
v -0.014726 -0.018907 0.001364
v -0.014470 -0.017554 0.003983
v -0.014470 -0.017140 0.005498
v -0.014620 -0.017745 0.005444
v -0.014730 -0.018200 0.005358
v -0.014737 -0.018238 0.005321
v -0.014580 -0.017915 0.004235
v -0.014739 -0.018409 0.004680
v -0.014726 -0.018383 0.004626
v -0.014580 -0.016908 0.007282
v -0.014470 -0.016596 0.006971
v -0.014470 -0.015925 0.008390
v -0.014730 -0.016994 0.008437
v -0.014737 -0.017317 0.007806
v -0.014620 -0.016530 0.008442
v -0.014737 -0.017038 0.008404
v -0.014726 -0.017300 0.007748
v -0.014470 -0.015133 0.009746
v -0.014470 -0.014226 0.011028
v -0.014620 -0.014813 0.011184
v -0.014580 -0.015386 0.010107
v -0.014730 -0.015270 0.011260
v -0.014737 -0.015318 0.011238
v -0.014739 -0.015698 0.010695
v -0.014726 -0.015692 0.010635
v -0.014580 -0.013398 0.012625
v -0.014470 -0.013211 0.012226
v -0.014470 -0.012095 0.013331
v -0.014620 -0.012646 0.013587
v -0.014738 -0.013125 0.013732
v -0.014728 -0.013069 0.013738
v -0.014737 -0.013603 0.013258
v -0.014726 -0.013607 0.013198
v -0.014580 -0.011002 0.014760
v -0.014470 -0.010887 0.014334
v -0.014470 -0.009596 0.015229
v -0.014731 -0.010498 0.015803
v -0.014737 -0.010552 0.015798
v -0.014620 -0.010094 0.015576
v -0.014737 -0.011086 0.015427
v -0.014729 -0.011109 0.015374
v -0.014470 -0.008232 0.016007
v -0.014470 -0.006806 0.016664
v -0.014620 -0.007236 0.017092
v -0.014731 -0.007595 0.017387
v -0.014738 -0.007652 0.017390
v -0.014737 -0.008248 0.017111
v -0.014726 -0.008272 0.017054
v -0.014580 -0.008272 0.016446
v -0.014470 -0.005328 0.017193
v -0.014470 -0.003809 0.017592
v -0.014620 -0.004158 0.018089
v -0.014731 -0.004461 0.018441
v -0.014738 -0.004515 0.018454
v -0.014738 -0.005151 0.018283
v -0.014726 -0.005185 0.018232
v -0.014580 -0.005290 0.017633
v -0.014620 -0.000954 0.018536
v -0.014731 -0.001189 0.018935
v -0.014470 -0.000696 0.017987
v -0.014737 -0.001239 0.018958
v -0.014737 -0.001898 0.018900
v -0.014580 -0.002148 0.018283
v -0.014470 -0.002261 0.017857
v -0.014726 -0.001940 0.018857
v -0.014470 0.000874 0.017979
v -0.014470 0.002438 0.017834
v -0.014620 0.002279 0.018420
v -0.014728 0.002122 0.018844
v -0.014737 0.002079 0.018882
v -0.014736 0.001412 0.018942
v -0.014726 0.001363 0.018906
v -0.014580 0.001060 0.018379
v -0.014470 0.003983 0.017554
v -0.014470 0.005498 0.017140
v -0.014620 0.005444 0.017745
v -0.014727 0.005363 0.018187
v -0.014737 0.005330 0.018233
v -0.014737 0.004680 0.018409
v -0.014726 0.004625 0.018382
v -0.014580 0.004235 0.017915
v -0.014580 0.007282 0.016908
v -0.014470 0.006971 0.016596
v -0.014470 0.008390 0.015925
v -0.014735 0.007806 0.017317
v -0.014620 0.008442 0.016530
v -0.014729 0.008437 0.016994
v -0.014737 0.008404 0.017038
v -0.014726 0.007748 0.017300
v -0.014470 0.009746 0.015133
v -0.014470 0.011028 0.014226
v -0.014620 0.011184 0.014813
v -0.014730 0.011260 0.015270
v -0.014737 0.011237 0.015319
v -0.014733 0.010695 0.015699
v -0.014725 0.010633 0.015691
v -0.014580 0.010107 0.015386
v -0.014731 0.013740 0.013083
v -0.014580 0.012625 0.013398
v -0.014620 0.013587 0.012646
v -0.014470 0.012226 0.013211
v -0.014470 0.013331 0.012095
v -0.014738 0.013724 0.013138
v -0.014734 0.013258 0.013603
v -0.014725 0.013197 0.013607
v -0.014470 0.014334 0.010887
v -0.014470 0.015229 0.009596
v -0.014620 0.015576 0.010094
v -0.014731 0.015803 0.010498
v -0.014737 0.015798 0.010552
v -0.014736 0.015419 0.011094
v -0.014726 0.015359 0.011108
v -0.014580 0.014760 0.011002
v -0.014470 0.016664 0.006806
v -0.014620 0.017092 0.007236
v -0.014470 0.016007 0.008232
v -0.014731 0.017387 0.007595
v -0.014580 0.016446 0.008272
v -0.014729 0.017080 0.008268
v -0.014738 0.017390 0.007650
v -0.014737 0.017123 0.008231
v -0.014470 0.017193 0.005328
v -0.014470 0.017592 0.003809
v -0.014620 0.018089 0.004158
v -0.014730 0.018441 0.004460
v -0.014737 0.018454 0.004514
v -0.014580 0.017633 0.005290
v -0.014739 0.018283 0.005151
v -0.014726 0.018233 0.005185
v -0.014470 0.017834 -0.002438
v -0.014620 0.018420 -0.002279
v -0.014470 0.017979 -0.000874
v -0.014728 0.018844 -0.002122
v -0.014580 0.018379 -0.001060
v -0.014739 0.018943 -0.001420
v -0.014730 0.018883 -0.002081
v -0.014728 0.018915 -0.001370
v -0.014580 0.017915 -0.004235
v -0.014470 0.017554 -0.003983
v -0.014470 0.017140 -0.005498
v -0.014727 0.018187 -0.005363
v -0.014735 0.018233 -0.005330
v -0.014620 0.017745 -0.005444
v -0.014737 0.018409 -0.004680
v -0.014726 0.018383 -0.004626
v -0.014470 0.016596 -0.006971
v -0.014470 0.015925 -0.008390
v -0.014620 0.016530 -0.008442
v -0.014731 0.016994 -0.008437
v -0.014737 0.017038 -0.008404
v -0.014580 0.016908 -0.007282
v -0.014741 0.017316 -0.007806
v -0.014726 0.017300 -0.007748
v -0.014470 0.015133 -0.009746
v -0.014470 0.014226 -0.011028
v -0.014620 0.014813 -0.011184
v -0.014580 0.015386 -0.010107
v -0.014729 0.015270 -0.011260
v -0.014738 0.015698 -0.010694
v -0.014737 0.015318 -0.011238
v -0.014726 0.015692 -0.010635
v -0.014580 0.013398 -0.012625
v -0.014470 0.013211 -0.012226
v -0.014470 0.012095 -0.013331
v -0.014738 0.013599 -0.013264
v -0.014730 0.013083 -0.013740
v -0.014737 0.013136 -0.013725
v -0.014620 0.012646 -0.013587
v -0.014728 0.013609 -0.013208
v -0.014470 0.010887 -0.014334
v -0.014470 0.009596 -0.015229
v -0.014620 0.010094 -0.015576
v -0.014580 0.011002 -0.014760
v -0.014730 0.010498 -0.015803
v -0.014738 0.011094 -0.015419
v -0.014737 0.010551 -0.015799
v -0.014726 0.011108 -0.015360
v -0.014580 -0.007282 -0.016908
v -0.014470 -0.006971 -0.016596
v -0.014470 -0.008390 -0.015925
v -0.014620 -0.008442 -0.016530
v -0.014739 -0.008412 -0.017032
v -0.014728 -0.008439 -0.016981
v -0.014736 -0.007806 -0.017317
v -0.014726 -0.007748 -0.017300
v -0.014470 -0.009746 -0.015133
v -0.014470 -0.011028 -0.014226
v -0.014620 -0.011184 -0.014813
v -0.014580 -0.010107 -0.015386
v -0.014730 -0.011260 -0.015270
v -0.014737 -0.011238 -0.015318
v -0.014740 -0.010694 -0.015698
v -0.014726 -0.010635 -0.015692
v -0.014580 -0.012625 -0.013398
v -0.014470 -0.012226 -0.013211
v -0.014470 -0.013331 -0.012095
v -0.014620 -0.013587 -0.012646
v -0.014736 -0.013258 -0.013603
v -0.014728 -0.013738 -0.013069
v -0.014737 -0.013732 -0.013126
v -0.014726 -0.013198 -0.013607
v -0.014470 -0.014334 -0.010887
v -0.014470 -0.015229 -0.009596
v -0.014620 -0.015576 -0.010094
v -0.014728 -0.015799 -0.010485
v -0.014737 -0.015803 -0.010541
v -0.014736 -0.015418 -0.011094
v -0.014726 -0.015359 -0.011108
v -0.014580 -0.014760 -0.011002
v -0.014580 -0.016446 -0.008272
v -0.014470 -0.016007 -0.008232
v -0.014470 -0.016664 -0.006806
v -0.014738 -0.017116 -0.008241
v -0.014730 -0.017387 -0.007595
v -0.014737 -0.017390 -0.007650
v -0.014620 -0.017092 -0.007236
v -0.014729 -0.017069 -0.008270
v -0.020204 -0.018453 -0.004486
v -0.014736 -0.018455 -0.004483
v -0.020204 -0.018276 -0.005166
v -0.014736 -0.018276 -0.005161
v -0.020204 -0.017394 -0.007622
v -0.014736 -0.017397 -0.007619
v -0.020204 -0.017102 -0.008260
v -0.014736 -0.017102 -0.008256
v -0.020204 -0.015806 -0.010527
v -0.014736 -0.015810 -0.010524
v -0.020204 -0.015408 -0.011104
v -0.014736 -0.015409 -0.011100
v -0.020204 -0.013738 -0.013112
v -0.014736 -0.013742 -0.013110
v -0.020204 -0.013245 -0.013612
v -0.014736 -0.013247 -0.013607
v -0.020204 -0.011252 -0.015298
v -0.014736 -0.011257 -0.015297
v -0.020204 -0.010681 -0.015704
v -0.014736 -0.010683 -0.015701
v -0.020204 -0.007791 -0.017321
v -0.014736 -0.007795 -0.017318
v -0.020204 -0.005342 -0.018224
v -0.014736 -0.005346 -0.018224
v -0.020204 0.007622 -0.017394
v -0.014736 0.007619 -0.017397
v -0.020204 0.010527 -0.015806
v -0.014736 0.010524 -0.015810
v -0.020204 0.011104 -0.015408
v -0.014736 0.011100 -0.015409
v -0.020204 0.013112 -0.013738
v -0.014736 0.013110 -0.013742
v -0.020204 0.013612 -0.013245
v -0.014736 0.013607 -0.013247
v -0.020204 0.015298 -0.011252
v -0.014736 0.015297 -0.011257
v -0.020204 0.015704 -0.010681
v -0.014736 0.015701 -0.010683
v -0.020204 0.017020 -0.008425
v -0.014736 0.017019 -0.008429
v -0.020204 0.017321 -0.007791
v -0.014736 0.017318 -0.007795
v -0.020204 0.018224 -0.005342
v -0.014736 0.018224 -0.005346
v -0.020204 0.018410 -0.004665
v -0.014736 0.018408 -0.004669
v -0.020204 0.018875 -0.002096
v -0.014736 0.018876 -0.002101
v -0.020204 0.018941 -0.001397
v -0.014736 0.018939 -0.001402
v -0.020204 0.018952 0.001214
v -0.014736 0.018953 0.001210
v -0.020204 0.018453 0.004486
v -0.014736 0.018455 0.004483
v -0.020204 0.018276 0.005166
v -0.014736 0.018276 0.005161
v -0.020204 0.017394 0.007622
v -0.014736 0.017397 0.007619
v -0.020204 0.017102 0.008260
v -0.014736 0.017102 0.008256
v -0.020204 0.015806 0.010527
v -0.014736 0.015810 0.010524
v -0.020204 0.015408 0.011104
v -0.014736 0.015409 0.011100
v -0.020204 0.013738 0.013112
v -0.014736 0.013742 0.013110
v -0.020204 0.013245 0.013612
v -0.014736 0.013247 0.013607
v -0.020204 0.011252 0.015298
v -0.014736 0.011257 0.015297
v -0.020204 0.010681 0.015704
v -0.014736 0.010683 0.015701
v -0.020204 0.008425 0.017020
v -0.014736 0.008429 0.017019
v -0.020204 0.007791 0.017321
v -0.014736 0.007795 0.017318
v -0.020204 0.005342 0.018224
v -0.014736 0.005346 0.018224
v -0.020204 0.004665 0.018410
v -0.014736 0.004669 0.018408
v -0.020204 0.002096 0.018875
v -0.014736 0.002101 0.018876
v -0.020204 0.001397 0.018941
v -0.014736 0.001402 0.018939
v -0.020204 -0.001214 0.018952
v -0.014736 -0.001210 0.018953
v -0.020204 -0.001913 0.018895
v -0.014736 -0.001909 0.018895
v -0.020204 -0.004486 0.018453
v -0.014736 -0.004483 0.018455
v -0.020204 -0.005166 0.018276
v -0.014736 -0.005161 0.018276
v -0.020204 -0.007622 0.017394
v -0.014736 -0.007619 0.017397
v -0.020204 -0.008260 0.017102
v -0.014736 -0.008256 0.017102
v -0.020204 -0.010527 0.015806
v -0.014736 -0.010524 0.015810
v -0.020204 -0.011104 0.015408
v -0.014736 -0.011100 0.015409
v -0.020204 -0.013112 0.013738
v -0.014736 -0.013110 0.013742
v -0.020204 -0.013612 0.013245
v -0.014736 -0.013607 0.013247
v -0.020204 -0.015298 0.011252
v -0.014736 -0.015297 0.011257
v -0.020204 -0.015704 0.010680
v -0.014736 -0.015701 0.010683
v -0.020204 -0.017020 0.008425
v -0.014736 -0.017019 0.008429
v -0.020204 -0.017321 0.007791
v -0.014736 -0.017318 0.007795
v -0.020204 -0.018224 0.005342
v -0.014736 -0.018224 0.005346
v -0.020204 -0.018410 0.004665
v -0.014736 -0.018408 0.004669
v -0.020204 -0.018875 0.002096
v -0.014736 -0.018876 0.002101
v -0.020204 -0.018941 0.001397
v -0.014736 -0.018939 0.001402
v -0.020470 -0.016485 -0.002955
v -0.014470 -0.016546 -0.002629
v -0.020470 -0.016579 -0.002585
v -0.020470 -0.016794 -0.002377
v -0.014470 -0.016821 -0.002365
v -0.020470 -0.016598 -0.003330
v -0.014470 -0.016628 -0.003346
v -0.014470 -0.016494 -0.003078
v -0.020470 -0.017598 -0.003792
v -0.014470 -0.017593 -0.003807
v -0.020470 -0.017193 -0.005329
v -0.014470 -0.017191 -0.005339
v -0.020470 -0.015721 -0.005772
v -0.014470 -0.015838 -0.005462
v -0.020470 -0.015878 -0.005424
v -0.020470 -0.016126 -0.005257
v -0.014470 -0.016155 -0.005250
v -0.020470 -0.015768 -0.006162
v -0.014470 -0.015794 -0.006182
v -0.014470 -0.015709 -0.005895
v -0.020470 -0.016672 -0.006791
v -0.014470 -0.016665 -0.006804
v -0.020470 -0.016007 -0.008234
v -0.014470 -0.016001 -0.008249
v -0.020470 -0.014449 -0.008479
v -0.014470 -0.014649 -0.008129
v -0.020470 -0.014695 -0.008099
v -0.020470 -0.014968 -0.007977
v -0.014470 -0.014998 -0.007975
v -0.020470 -0.014494 -0.008858
v -0.014470 -0.014481 -0.008831
v -0.014470 -0.014447 -0.008534
v -0.020470 -0.015236 -0.009587
v -0.014470 -0.015230 -0.009595
v -0.020470 -0.014334 -0.010889
v -0.014470 -0.014326 -0.010902
v -0.020470 -0.012799 -0.010801
v -0.014470 -0.012819 -0.010772
v -0.020470 -0.013065 -0.010528
v -0.014470 -0.013085 -0.010517
v -0.020470 -0.013356 -0.010455
v -0.014470 -0.013385 -0.010459
v -0.020470 -0.012716 -0.011188
v -0.014470 -0.012706 -0.011129
v -0.020470 -0.013344 -0.012083
v -0.014470 -0.013333 -0.012094
v -0.020470 -0.012225 -0.013212
v -0.014470 -0.012218 -0.013219
v -0.020470 -0.011399 -0.012642
v -0.020470 -0.010729 -0.012860
v -0.014470 -0.010928 -0.012691
v -0.020470 -0.011093 -0.012613
v -0.014470 -0.011315 -0.012603
v -0.020470 -0.010578 -0.013227
v -0.014470 -0.010603 -0.013317
v -0.014470 -0.010625 -0.013010
v -0.020470 -0.011038 -0.014219
v -0.014470 -0.011030 -0.014225
v -0.020470 -0.009745 -0.015134
v -0.014470 -0.009733 -0.015144
v -0.020470 -0.008525 -0.014411
v -0.014470 -0.008558 -0.014396
v -0.020470 -0.008897 -0.014358
v -0.014470 -0.008953 -0.014377
v -0.020470 -0.008124 -0.014918
v -0.014470 -0.008125 -0.014888
v -0.020470 -0.008230 -0.014632
v -0.014470 -0.008244 -0.014614
v -0.020470 -0.008407 -0.015919
v -0.014470 -0.008392 -0.015924
v -0.020470 -0.006969 -0.016597
v -0.014470 -0.006960 -0.016601
v -0.020470 -0.005618 -0.015783
v -0.014470 -0.005997 -0.015643
v -0.020470 -0.006051 -0.015650
v -0.020470 -0.006338 -0.015732
v -0.014470 -0.006362 -0.015750
v -0.020470 -0.005410 -0.016102
v -0.014470 -0.005416 -0.016073
v -0.014470 -0.005581 -0.015823
v -0.020470 -0.005515 -0.017137
v -0.014470 -0.005500 -0.017140
v -0.020470 -0.003981 -0.017555
v -0.014470 -0.003972 -0.017557
v -0.020470 -0.002792 -0.016519
v -0.014470 -0.003118 -0.016455
v -0.020470 -0.003241 -0.016463
v -0.014470 -0.003495 -0.016565
v -0.020470 -0.003510 -0.016594
v -0.020470 -0.002531 -0.016797
v -0.014470 -0.002543 -0.016769
v -0.014470 -0.002749 -0.016552
v -0.020470 -0.002449 -0.017833
v -0.014470 -0.002440 -0.017834
v -0.020470 -0.000872 -0.017979
v -0.014470 -0.000857 -0.017982
v -0.020470 0.000119 -0.016753
v -0.014470 -0.000213 -0.016746
v -0.020470 -0.000333 -0.016775
v -0.014470 -0.000565 -0.016920
v -0.020470 -0.000576 -0.016951
v -0.020470 0.000424 -0.016981
v -0.014470 0.000408 -0.016956
v -0.014470 0.000167 -0.016778
v -0.020470 0.000679 -0.017989
v -0.014470 0.000694 -0.017987
v -0.020470 0.002263 -0.017858
v -0.014470 0.002279 -0.017857
v -0.020470 0.002955 -0.016485
v -0.014470 0.002629 -0.016546
v -0.020470 0.002585 -0.016579
v -0.020470 0.002377 -0.016794
v -0.014470 0.002365 -0.016821
v -0.020470 0.003330 -0.016598
v -0.014470 0.003346 -0.016628
v -0.014470 0.003078 -0.016494
v -0.020470 0.003792 -0.017598
v -0.014470 0.003807 -0.017593
v -0.020470 0.005329 -0.017193
v -0.014470 0.005339 -0.017191
v -0.020470 0.005772 -0.015721
v -0.014470 0.005462 -0.015838
v -0.020470 0.005424 -0.015878
v -0.020470 0.005257 -0.016126
v -0.014470 0.005250 -0.016155
v -0.020470 0.006162 -0.015768
v -0.014470 0.006182 -0.015794
v -0.014470 0.005895 -0.015709
v -0.020470 0.006791 -0.016672
v -0.014470 0.006804 -0.016665
v -0.020470 0.008479 -0.014449
v -0.014470 0.008129 -0.014649
v -0.020470 0.008099 -0.014695
v -0.020470 0.007977 -0.014968
v -0.014470 0.007975 -0.014998
v -0.020470 0.008858 -0.014494
v -0.014470 0.008831 -0.014481
v -0.014470 0.008534 -0.014447
v -0.020470 0.009587 -0.015236
v -0.014470 0.009595 -0.015230
v -0.020470 0.010889 -0.014334
v -0.014470 0.010902 -0.014326
v -0.020470 0.010801 -0.012799
v -0.014470 0.010772 -0.012819
v -0.020470 0.010528 -0.013065
v -0.014470 0.010517 -0.013085
v -0.020470 0.010455 -0.013356
v -0.014470 0.010459 -0.013385
v -0.020470 0.011188 -0.012716
v -0.014470 0.011129 -0.012706
v -0.020470 0.012083 -0.013344
v -0.014470 0.012094 -0.013333
v -0.020470 0.013212 -0.012225
v -0.014470 0.013219 -0.012218
v -0.020470 0.012642 -0.011399
v -0.020470 0.012860 -0.010729
v -0.014470 0.012691 -0.010928
v -0.020470 0.012613 -0.011093
v -0.014470 0.012603 -0.011315
v -0.020470 0.013227 -0.010578
v -0.014470 0.013317 -0.010603
v -0.014470 0.013010 -0.010625
v -0.020470 0.014219 -0.011038
v -0.014470 0.014225 -0.011030
v -0.020470 0.015134 -0.009745
v -0.014470 0.015144 -0.009733
v -0.020470 0.014411 -0.008525
v -0.014470 0.014396 -0.008558
v -0.020470 0.014358 -0.008897
v -0.014470 0.014377 -0.008953
v -0.020470 0.014918 -0.008124
v -0.014470 0.014888 -0.008125
v -0.020470 0.014632 -0.008230
v -0.014470 0.014614 -0.008244
v -0.020470 0.015919 -0.008407
v -0.014470 0.015924 -0.008392
v -0.020470 0.016597 -0.006969
v -0.014470 0.016601 -0.006960
v -0.020470 0.015783 -0.005618
v -0.014470 0.015643 -0.005997
v -0.020470 0.015650 -0.006051
v -0.020470 0.015732 -0.006338
v -0.014470 0.015750 -0.006362
v -0.020470 0.016102 -0.005410
v -0.014470 0.016073 -0.005416
v -0.014470 0.015823 -0.005581
v -0.020470 0.017137 -0.005515
v -0.014470 0.017140 -0.005500
v -0.020470 0.017555 -0.003981
v -0.014470 0.017557 -0.003972
v -0.020470 0.016519 -0.002792
v -0.014470 0.016455 -0.003118
v -0.020470 0.016463 -0.003241
v -0.014470 0.016565 -0.003495
v -0.020470 0.016594 -0.003510
v -0.020470 0.016797 -0.002531
v -0.014470 0.016769 -0.002543
v -0.014470 0.016552 -0.002749
v -0.020470 0.017833 -0.002449
v -0.014470 0.017834 -0.002440
v -0.020470 0.017979 -0.000872
v -0.014470 0.017982 -0.000857
v -0.020470 0.016753 0.000119
v -0.014470 0.016746 -0.000213
v -0.020470 0.016775 -0.000333
v -0.014470 0.016920 -0.000565
v -0.020470 0.016951 -0.000576
v -0.020470 0.016981 0.000424
v -0.014470 0.016956 0.000408
v -0.014470 0.016778 0.000167
v -0.020470 0.017989 0.000679
v -0.014470 0.017987 0.000694
v -0.020470 0.016485 0.002955
v -0.014470 0.016546 0.002629
v -0.020470 0.016579 0.002585
v -0.020470 0.016794 0.002377
v -0.014470 0.016821 0.002365
v -0.020470 0.016598 0.003330
v -0.014470 0.016628 0.003346
v -0.014470 0.016494 0.003078
v -0.020470 0.017598 0.003792
v -0.014470 0.017593 0.003807
v -0.020470 0.017193 0.005329
v -0.014470 0.017191 0.005339
v -0.020470 0.015721 0.005772
v -0.014470 0.015838 0.005462
v -0.020470 0.015878 0.005424
v -0.020470 0.016126 0.005257
v -0.014470 0.016155 0.005250
v -0.020470 0.015768 0.006162
v -0.014470 0.015794 0.006182
v -0.014470 0.015709 0.005895
v -0.020470 0.016672 0.006791
v -0.014470 0.016665 0.006804
v -0.020470 0.014494 0.008858
v -0.014470 0.014481 0.008831
v -0.014470 0.014447 0.008534
v -0.020470 0.015236 0.009587
v -0.014470 0.015230 0.009595
v -0.020470 0.014334 0.010889
v -0.014470 0.014326 0.010902
v -0.020470 0.012799 0.010801
v -0.014470 0.012819 0.010772
v -0.020470 0.013065 0.010528
v -0.014470 0.013085 0.010517
v -0.020470 0.013356 0.010455
v -0.014470 0.013385 0.010459
v -0.020470 0.012716 0.011188
v -0.014470 0.012706 0.011129
v -0.020470 0.013344 0.012083
v -0.014470 0.013333 0.012094
v -0.020470 0.012225 0.013212
v -0.014470 0.012218 0.013219
v -0.020470 0.011399 0.012642
v -0.020470 0.010729 0.012860
v -0.014470 0.010928 0.012691
v -0.020470 0.011093 0.012613
v -0.014470 0.011315 0.012603
v -0.020470 0.010578 0.013227
v -0.014470 0.010603 0.013317
v -0.014470 0.010625 0.013010
v -0.020470 0.011038 0.014219
v -0.014470 0.011030 0.014225
v -0.020470 0.009745 0.015134
v -0.014470 0.009733 0.015144
v -0.020470 0.008525 0.014411
v -0.014470 0.008558 0.014396
v -0.020470 0.008897 0.014358
v -0.014470 0.008953 0.014377
v -0.020470 0.008124 0.014918
v -0.014470 0.008125 0.014888
v -0.020470 0.008230 0.014632
v -0.014470 0.008244 0.014614
v -0.020470 0.008407 0.015919
v -0.014470 0.008392 0.015924
v -0.020470 0.006969 0.016597
v -0.014470 0.006960 0.016601
v -0.020470 0.005618 0.015783
v -0.014470 0.005997 0.015643
v -0.020470 0.006051 0.015650
v -0.020470 0.006338 0.015732
v -0.014470 0.006362 0.015750
v -0.020470 0.005410 0.016102
v -0.014470 0.005416 0.016073
v -0.014470 0.005581 0.015823
v -0.020470 0.005515 0.017137
v -0.014470 0.005500 0.017140
v -0.020470 0.003981 0.017555
v -0.014470 0.003966 0.017560
v -0.020470 0.002792 0.016519
v -0.014470 0.003118 0.016455
v -0.020470 0.003241 0.016463
v -0.014470 0.003494 0.016564
v -0.020470 0.003510 0.016594
v -0.020470 0.002531 0.016797
v -0.014470 0.002543 0.016769
v -0.014470 0.002749 0.016552
v -0.020470 0.002449 0.017833
v -0.014470 0.002440 0.017834
v -0.020470 0.000872 0.017979
v -0.014470 0.000857 0.017982
v -0.020470 -0.000119 0.016753
v -0.014470 0.000213 0.016746
v -0.020470 0.000333 0.016775
v -0.014470 0.000565 0.016920
v -0.020470 0.000576 0.016951
v -0.020470 -0.000424 0.016981
v -0.014470 -0.000408 0.016956
v -0.014470 -0.000167 0.016778
v -0.020470 -0.000679 0.017989
v -0.014470 -0.000694 0.017987
v -0.020470 -0.002263 0.017858
v -0.014470 -0.002279 0.017857
v -0.020470 -0.002955 0.016485
v -0.014470 -0.002629 0.016546
v -0.020470 -0.002585 0.016579
v -0.020470 -0.002377 0.016794
v -0.014470 -0.002365 0.016821
v -0.020470 -0.003330 0.016598
v -0.014470 -0.003346 0.016628
v -0.014470 -0.003078 0.016494
v -0.020470 -0.003792 0.017598
v -0.014470 -0.003807 0.017593
v -0.020470 -0.005329 0.017193
v -0.014470 -0.005339 0.017191
v -0.020470 -0.005772 0.015721
v -0.014470 -0.005462 0.015838
v -0.020470 -0.005424 0.015878
v -0.020470 -0.005257 0.016126
v -0.014470 -0.005250 0.016155
v -0.020470 -0.006162 0.015768
v -0.014470 -0.006182 0.015794
v -0.014470 -0.005895 0.015709
v -0.020470 -0.006791 0.016672
v -0.014470 -0.006804 0.016665
v -0.020470 -0.008234 0.016007
v -0.014470 -0.008249 0.016001
v -0.020470 -0.008479 0.014449
v -0.014470 -0.008129 0.014649
v -0.020470 -0.008099 0.014695
v -0.020470 -0.007977 0.014968
v -0.014470 -0.007975 0.014998
v -0.020470 -0.008858 0.014494
v -0.014470 -0.008831 0.014481
v -0.014470 -0.008534 0.014447
v -0.020470 -0.009587 0.015236
v -0.014470 -0.009595 0.015230
v -0.020470 -0.010889 0.014334
v -0.014470 -0.010902 0.014326
v -0.020470 -0.010801 0.012799
v -0.014470 -0.010772 0.012819
v -0.020470 -0.010528 0.013065
v -0.014470 -0.010517 0.013085
v -0.020470 -0.010455 0.013356
v -0.014470 -0.010459 0.013385
v -0.020470 -0.011188 0.012716
v -0.014470 -0.011129 0.012706
v -0.020470 -0.012083 0.013344
v -0.014470 -0.012094 0.013333
v -0.020470 -0.013212 0.012225
v -0.014470 -0.013219 0.012218
v -0.020470 -0.012642 0.011399
v -0.020470 -0.012860 0.010729
v -0.014470 -0.012691 0.010928
v -0.020470 -0.012613 0.011093
v -0.014470 -0.012603 0.011315
v -0.020470 -0.013227 0.010578
v -0.014470 -0.013317 0.010603
v -0.014470 -0.013010 0.010625
v -0.020470 -0.014219 0.011038
v -0.014470 -0.014225 0.011030
v -0.020470 -0.015134 0.009745
v -0.014470 -0.015144 0.009733
v -0.020470 -0.014411 0.008525
v -0.014470 -0.014396 0.008558
v -0.020470 -0.014358 0.008897
v -0.014470 -0.014377 0.008953
v -0.020470 -0.014918 0.008124
v -0.014470 -0.014888 0.008125
v -0.020470 -0.014632 0.008230
v -0.014470 -0.014614 0.008244
v -0.020470 -0.015919 0.008407
v -0.014470 -0.015924 0.008392
v -0.020470 -0.016597 0.006969
v -0.014470 -0.016601 0.006960
v -0.020470 -0.015783 0.005618
v -0.014470 -0.015643 0.005997
v -0.020470 -0.015650 0.006051
v -0.020470 -0.015732 0.006338
v -0.014470 -0.015750 0.006362
v -0.020470 -0.016102 0.005410
v -0.014470 -0.016073 0.005416
v -0.014470 -0.015823 0.005581
v -0.020470 -0.017137 0.005515
v -0.014470 -0.017140 0.005500
v -0.020470 -0.017555 0.003981
v -0.014470 -0.017557 0.003972
v -0.020470 -0.016519 0.002792
v -0.014470 -0.016455 0.003118
v -0.020470 -0.016463 0.003241
v -0.014470 -0.016565 0.003495
v -0.020470 -0.016594 0.003510
v -0.020470 -0.016797 0.002531
v -0.014470 -0.016769 0.002543
v -0.014470 -0.016552 0.002749
v -0.020470 -0.017833 0.002449
v -0.014470 -0.017834 0.002440
v -0.020470 -0.017979 0.000872
v -0.014470 -0.017982 0.000857
v -0.020470 -0.016753 -0.000119
v -0.014470 -0.016746 0.000213
v -0.020470 -0.016775 0.000333
v -0.014470 -0.016920 0.000565
v -0.020470 -0.016951 0.000576
v -0.020470 -0.016981 -0.000424
v -0.014470 -0.016956 -0.000408
v -0.014470 -0.016778 -0.000167
v -0.020470 -0.017989 -0.000679
v -0.014470 -0.017987 -0.000694
v -0.020470 0.007742 -0.008265
v -0.020470 0.007921 -0.008613
v -0.020470 0.001479 -0.017922
v -0.020470 0.008184 -0.008903
v -0.020470 0.008851 -0.014500
v -0.020470 0.008733 -0.014456
v -0.020470 0.009278 -0.009254
v -0.020470 0.014369 -0.008876
v -0.020470 0.010511 -0.008400
v -0.020470 0.014357 -0.008751
v -0.020470 0.010630 -0.008027
v -0.020470 0.014376 -0.008627
v -0.020470 0.010649 -0.007636
v -0.020470 0.011234 -0.012743
v -0.020470 0.011111 -0.012720
v -0.020470 0.010008 -0.008992
v -0.020470 0.014412 -0.008994
v -0.020470 0.014483 -0.009098
v -0.020470 0.015134 -0.009744
v -0.020470 0.015924 -0.008392
v -0.020470 0.016596 -0.006968
v -0.020470 0.015040 -0.008143
v -0.020470 0.014915 -0.008132
v -0.020470 0.014578 -0.008282
v -0.020470 0.014677 -0.008204
v -0.020470 0.014791 -0.008153
v -0.020470 0.014460 -0.008444
v -0.020470 0.008886 -0.009235
v -0.020470 0.008608 -0.014443
v -0.020470 0.008484 -0.014461
v -0.020470 0.010699 -0.012881
v -0.020470 0.010559 -0.013024
v -0.020470 0.015878 -0.005531
v -0.020470 0.015795 -0.005625
v -0.020470 0.010566 -0.007253
v -0.020470 0.015737 -0.005736
v -0.020470 0.015685 -0.005877
v -0.020470 0.010124 -0.006615
v -0.020470 0.016688 -0.002602
v -0.020470 0.010387 -0.006905
v -0.020470 0.016597 -0.002690
v -0.020470 0.000724 -0.008770
v -0.020470 0.002235 -0.008511
v -0.020470 0.007659 -0.007882
v -0.020470 0.003679 -0.007994
v -0.020470 0.007678 -0.007491
v -0.020470 0.005012 -0.007233
v -0.020470 0.007798 -0.007118
v -0.020470 0.006192 -0.006253
v -0.020470 0.008010 -0.006789
v -0.020470 0.007183 -0.005083
v -0.020470 0.008300 -0.006526
v -0.020470 0.003149 -0.016516
v -0.020470 0.003026 -0.016491
v -0.020470 0.009594 -0.015230
v -0.020470 0.008954 -0.014572
v -0.020470 0.013276 -0.010599
v -0.020470 0.013151 -0.010598
v -0.020470 0.015656 -0.005999
v -0.020470 0.015659 -0.006125
v -0.020470 0.015692 -0.006246
v -0.020470 0.015755 -0.006355
v -0.020470 0.015843 -0.006444
v -0.020470 0.008514 -0.009115
v -0.020470 0.003358 -0.016653
v -0.020470 0.003262 -0.016571
v -0.020470 0.008137 -0.014659
v -0.020470 0.008058 -0.014757
v -0.020470 0.008006 -0.014871
v -0.020470 0.007984 -0.014995
v -0.020470 0.009660 -0.009171
v -0.020470 0.010986 -0.012729
v -0.020470 0.010866 -0.012768
v -0.020470 0.012093 -0.013333
v -0.020470 0.011348 -0.012796
v -0.020470 0.012660 -0.010992
v -0.020470 0.012619 -0.011111
v -0.020470 0.012610 -0.011236
v -0.020470 0.012631 -0.011360
v -0.020470 0.014224 -0.011030
v -0.020470 0.013398 -0.010631
v -0.020470 0.013029 -0.010628
v -0.020470 0.012918 -0.010687
v -0.020470 0.010298 -0.008729
v -0.020470 0.012774 -0.010827
v -0.020470 0.016531 -0.002796
v -0.020470 0.016494 -0.002916
v -0.020470 0.016467 -0.003064
v -0.020470 0.009031 -0.006264
v -0.020470 0.008763 -0.000810
v -0.020470 0.009422 -0.006283
v -0.020470 0.008770 0.000724
v -0.020470 0.009795 -0.006403
v -0.020470 0.008234 -0.016006
v -0.020470 0.006804 -0.016665
v -0.020470 0.007994 -0.015120
v -0.020470 0.006287 -0.015906
v -0.020470 0.006198 -0.015817
v -0.020470 0.006090 -0.015753
v -0.020470 0.005969 -0.015719
v -0.020470 0.005844 -0.015715
v -0.020470 0.010889 -0.014333
v -0.020470 0.010498 -0.013502
v -0.020470 0.012683 -0.011474
v -0.020470 0.013212 -0.012224
v -0.020470 0.016812 0.000233
v -0.020470 0.016886 0.000335
v -0.020470 0.017922 0.001479
v -0.020470 0.016983 0.000415
v -0.020470 0.008648 -0.006347
v -0.020470 0.007957 -0.003758
v -0.020470 0.008489 -0.002320
v -0.020470 0.005468 -0.015850
v -0.020470 0.005373 -0.015932
v -0.020470 0.005302 -0.016036
v -0.020470 0.005259 -0.016154
v -0.020470 0.003430 -0.016756
v -0.020470 0.005247 -0.016279
v -0.020470 0.003807 -0.017593
v -0.020470 0.005330 -0.017193
v -0.020470 0.002633 -0.016558
v -0.020470 0.002525 -0.016623
v -0.020470 0.002437 -0.016713
v -0.020470 0.002374 -0.016821
v -0.020470 0.005649 -0.015764
v -0.020470 0.010498 -0.013134
v -0.020470 0.010467 -0.013255
v -0.020470 0.010467 -0.013381
v -0.020470 0.016460 -0.003190
v -0.020470 0.016484 -0.003313
v -0.020470 0.016538 -0.003426
v -0.020470 0.016619 -0.003522
v -0.020470 0.002901 -0.016497
v -0.020470 0.002753 -0.016522
v -0.020470 0.008300 -0.014543
v -0.020470 0.017987 0.000694
v -0.020470 0.017097 0.000468
v -0.020470 0.016766 0.000117
v -0.020470 0.016750 -0.000008
v -0.020470 0.016749 -0.000158
v -0.020470 0.016797 -0.002541
v -0.020470 0.016764 -0.000283
v -0.020470 0.016809 -0.000400
v -0.020470 0.002340 -0.016942
v -0.020470 0.002263 -0.017857
v -0.020470 0.017554 -0.003981
v -0.020470 0.017139 -0.005500
v -0.020470 0.016721 -0.003595
v -0.020470 0.016226 -0.005408
v -0.020470 0.016101 -0.005419
v -0.020470 0.015982 -0.005461
v -0.020470 0.016882 -0.000502
v -0.020470 0.016978 -0.000583
v -0.020470 0.016918 -0.002508
v -0.020470 0.017091 -0.000637
v -0.020470 0.017834 -0.002440
v -0.020470 0.017979 -0.000872
v -0.020470 0.006403 0.009795
v -0.020470 0.006283 0.009422
v -0.020470 -0.000724 0.008770
v -0.020470 0.014443 0.008608
v -0.020470 0.014461 0.008484
v -0.020470 0.009235 0.008886
v -0.020470 0.014659 0.008137
v -0.020470 0.014757 0.008058
v -0.020470 0.014871 0.008006
v -0.020470 0.014995 0.007984
v -0.020470 0.012743 0.011234
v -0.020470 0.012720 0.011111
v -0.020470 0.008992 0.010008
v -0.020470 0.000810 0.008763
v -0.020470 0.006264 0.009031
v -0.020470 0.002320 0.008489
v -0.020470 0.008903 0.008184
v -0.020470 0.009115 0.008514
v -0.020470 0.016653 0.003358
v -0.020470 0.014456 0.008733
v -0.020470 0.009254 0.009278
v -0.020470 0.014500 0.008851
v -0.020470 0.012881 0.010699
v -0.020470 0.013024 0.010559
v -0.020470 0.010599 0.013276
v -0.020470 0.010598 0.013151
v -0.020470 0.008400 0.010511
v -0.020470 0.003758 0.007957
v -0.020470 0.006347 0.008648
v -0.020470 0.005083 0.007183
v -0.020470 0.006526 0.008300
v -0.020470 0.006253 0.006192
v -0.020470 0.010628 0.013029
v -0.020470 0.010687 0.012918
v -0.020470 0.008729 0.010298
v -0.020470 0.010827 0.012774
v -0.020470 0.010992 0.012660
v -0.020470 0.006615 0.010124
v -0.020470 0.002602 0.016688
v -0.020470 0.006905 0.010387
v -0.020470 0.002690 0.016597
v -0.020470 0.016571 0.003262
v -0.020470 0.016516 0.003149
v -0.020470 0.016491 0.003026
v -0.020470 0.015715 0.005844
v -0.020470 0.015764 0.005649
v -0.020470 0.015850 0.005468
v -0.020470 0.015230 0.009594
v -0.020470 0.014572 0.008954
v -0.020470 0.014510 0.008368
v -0.020470 0.014584 0.008238
v -0.020470 0.009171 0.009660
v -0.020470 0.012729 0.010986
v -0.020470 0.012768 0.010866
v -0.020470 0.013333 0.012093
v -0.020470 0.012796 0.011348
v -0.020470 0.011111 0.012619
v -0.020470 0.011236 0.012610
v -0.020470 0.011360 0.012631
v -0.020470 0.008994 0.014412
v -0.020470 0.009098 0.014483
v -0.020470 0.008392 0.015924
v -0.020470 0.006968 0.016596
v -0.020470 0.008143 0.015040
v -0.020470 0.008132 0.014915
v -0.020470 0.008153 0.014791
v -0.020470 0.008204 0.014677
v -0.020470 0.007636 0.010649
v -0.020470 0.008282 0.014578
v -0.020470 -0.000233 0.016812
v -0.020470 -0.000335 0.016886
v -0.020470 -0.001479 0.017922
v -0.020470 -0.000415 0.016983
v -0.020470 0.016006 0.008234
v -0.020470 0.016665 0.006804
v -0.020470 0.015120 0.007994
v -0.020470 0.015906 0.006287
v -0.020470 0.015817 0.006198
v -0.020470 0.015753 0.006090
v -0.020470 0.015719 0.005969
v -0.020470 0.014333 0.010889
v -0.020470 0.013502 0.010498
v -0.020470 0.011474 0.012683
v -0.020470 0.012224 0.013212
v -0.020470 0.010631 0.013398
v -0.020470 0.009744 0.015134
v -0.020470 0.011030 0.014224
v -0.020470 0.017193 0.005330
v -0.020470 0.017593 0.003807
v -0.020470 0.016279 0.005247
v -0.020470 0.016756 0.003430
v -0.020470 0.016154 0.005259
v -0.020470 0.016036 0.005302
v -0.020470 0.015932 0.005373
v -0.020470 0.016558 0.002633
v -0.020470 0.016623 0.002525
v -0.020470 0.016713 0.002437
v -0.020470 0.016821 0.002374
v -0.020470 0.013134 0.010498
v -0.020470 0.013255 0.010467
v -0.020470 0.013381 0.010467
v -0.020470 0.008627 0.014376
v -0.020470 0.008027 0.010630
v -0.020470 0.008751 0.014357
v -0.020470 0.008876 0.014369
v -0.020470 0.005531 0.015878
v -0.020470 0.005625 0.015795
v -0.020470 0.007253 0.010566
v -0.020470 0.005736 0.015737
v -0.020470 0.005877 0.015685
v -0.020470 0.006355 0.015755
v -0.020470 0.006444 0.015843
v -0.020470 0.002796 0.016531
v -0.020470 0.002916 0.016494
v -0.020470 0.003064 0.016467
v -0.020470 0.003190 0.016460
v -0.020470 0.003313 0.016484
v -0.020470 0.003426 0.016538
v -0.020470 0.003522 0.016619
v -0.020470 -0.000694 0.017987
v -0.020470 -0.000468 0.017097
v -0.020470 -0.000117 0.016766
v -0.020470 0.000008 0.016750
v -0.020470 0.000158 0.016749
v -0.020470 0.002541 0.016797
v -0.020470 0.000283 0.016764
v -0.020470 0.000400 0.016809
v -0.020470 0.006789 0.008010
v -0.020470 0.007118 0.007798
v -0.020470 0.007233 0.005012
v -0.020470 0.007491 0.007678
v -0.020470 0.007994 0.003679
v -0.020470 0.007882 0.007659
v -0.020470 0.008511 0.002235
v -0.020470 0.008265 0.007742
v -0.020470 0.008613 0.007921
v -0.020470 0.008444 0.014460
v -0.020470 0.016942 0.002340
v -0.020470 0.017857 0.002263
v -0.020470 0.005999 0.015656
v -0.020470 0.006125 0.015659
v -0.020470 0.006246 0.015692
v -0.020470 0.000502 0.016882
v -0.020470 0.000583 0.016978
v -0.020470 0.002508 0.016918
v -0.020470 0.000637 0.017091
v -0.020470 0.002440 0.017834
v -0.020470 0.000872 0.017979
v -0.020470 0.016497 0.002901
v -0.020470 0.016522 0.002753
v -0.020470 0.003981 0.017554
v -0.020470 0.005500 0.017139
v -0.020470 0.003595 0.016721
v -0.020470 0.005408 0.016226
v -0.020470 0.005419 0.016101
v -0.020470 0.005461 0.015982
v -0.020470 -0.008851 0.014500
v -0.020470 -0.008733 0.014456
v -0.020470 -0.009278 0.009254
v -0.020470 -0.012610 0.011236
v -0.020470 -0.012631 0.011360
v -0.020470 -0.012093 0.013333
v -0.020470 -0.010124 0.006615
v -0.020470 -0.016688 0.002602
v -0.020470 -0.010387 0.006905
v -0.020470 -0.016597 0.002690
v -0.020470 -0.016531 0.002796
v -0.020470 -0.009031 0.006264
v -0.020470 -0.008763 0.000810
v -0.020470 -0.009422 0.006283
v -0.020470 -0.008770 -0.000724
v -0.020470 -0.009795 0.006403
v -0.020470 -0.007742 0.008265
v -0.020470 -0.002235 0.008511
v -0.020470 -0.007659 0.007882
v -0.020470 -0.003679 0.007994
v -0.020470 -0.007678 0.007491
v -0.020470 -0.005012 0.007233
v -0.020470 -0.007798 0.007118
v -0.020470 -0.006192 0.006253
v -0.020470 -0.008010 0.006789
v -0.020470 -0.003149 0.016516
v -0.020470 -0.003026 0.016491
v -0.020470 -0.008184 0.008903
v -0.020470 -0.013276 0.010599
v -0.020470 -0.013151 0.010598
v -0.020470 -0.010511 0.008400
v -0.020470 -0.014791 0.008153
v -0.020470 -0.014677 0.008204
v -0.020470 -0.010649 0.007636
v -0.020470 -0.014578 0.008282
v -0.020470 -0.015755 0.006355
v -0.020470 -0.015843 0.006444
v -0.020470 -0.010566 0.007253
v -0.020470 -0.016538 0.003426
v -0.020470 -0.016619 0.003522
v -0.020470 -0.008300 0.006526
v -0.020470 -0.007183 0.005083
v -0.020470 -0.008648 0.006347
v -0.020470 -0.007957 0.003758
v -0.020470 -0.008489 0.002320
v -0.020470 -0.008886 0.009235
v -0.020470 -0.008608 0.014443
v -0.020470 -0.008484 0.014461
v -0.020470 -0.010699 0.012881
v -0.020470 -0.010559 0.013024
v -0.020470 -0.012683 0.011474
v -0.020470 -0.013212 0.012224
v -0.020470 -0.014412 0.008994
v -0.020470 -0.014483 0.009098
v -0.020470 -0.015924 0.008392
v -0.020470 -0.016596 0.006968
v -0.020470 -0.015040 0.008143
v -0.020470 -0.014915 0.008132
v -0.020470 -0.016484 0.003313
v -0.020470 -0.016460 0.003190
v -0.020470 -0.002633 0.016558
v -0.020470 -0.002525 0.016623
v -0.020470 -0.002437 0.016713
v -0.020470 -0.002374 0.016821
v -0.020470 -0.005844 0.015715
v -0.020470 -0.005649 0.015764
v -0.020470 -0.008514 0.009115
v -0.020470 -0.005468 0.015850
v -0.020470 -0.009594 0.015230
v -0.020470 -0.008954 0.014572
v -0.020470 -0.013029 0.010628
v -0.020470 -0.012918 0.010687
v -0.020470 -0.010298 0.008729
v -0.020470 -0.012774 0.010827
v -0.020470 -0.010008 0.008992
v -0.020470 -0.012660 0.010992
v -0.020470 -0.012619 0.011111
v -0.020470 -0.015134 0.009744
v -0.020470 -0.014376 0.008627
v -0.020470 -0.010630 0.008027
v -0.020470 -0.014357 0.008751
v -0.020470 -0.014369 0.008876
v -0.020470 -0.015878 0.005531
v -0.020470 -0.015795 0.005625
v -0.020470 -0.015737 0.005736
v -0.020470 -0.015685 0.005877
v -0.020470 -0.003358 0.016653
v -0.020470 -0.003262 0.016571
v -0.020470 -0.007921 0.008613
v -0.020470 -0.008137 0.014659
v -0.020470 -0.008058 0.014757
v -0.020470 -0.008006 0.014871
v -0.020470 -0.007984 0.014995
v -0.020470 -0.011348 0.012796
v -0.020470 -0.011234 0.012743
v -0.020470 -0.011111 0.012720
v -0.020470 -0.009660 0.009171
v -0.020470 -0.010986 0.012729
v -0.020470 -0.010866 0.012768
v -0.020470 -0.014224 0.011030
v -0.020470 -0.013398 0.010631
v -0.020470 -0.014460 0.008444
v -0.020470 -0.015656 0.005999
v -0.020470 -0.015659 0.006125
v -0.020470 -0.015692 0.006246
v -0.020470 -0.016494 0.002916
v -0.020470 -0.016467 0.003064
v -0.020470 -0.016812 -0.000233
v -0.020470 -0.016886 -0.000335
v -0.020470 -0.017922 -0.001479
v -0.020470 -0.016983 -0.000415
v -0.020470 -0.016766 -0.000117
v -0.020470 -0.016750 0.000008
v -0.020470 -0.016749 0.000158
v -0.020470 -0.016797 0.002541
v -0.020470 -0.016764 0.000283
v -0.020470 -0.016809 0.000400
v -0.020470 -0.005330 0.017193
v -0.020470 -0.003807 0.017593
v -0.020470 -0.005247 0.016279
v -0.020470 -0.003430 0.016756
v -0.020470 -0.005259 0.016154
v -0.020470 -0.005302 0.016036
v -0.020470 -0.005373 0.015932
v -0.020470 -0.002340 0.016942
v -0.020470 -0.002263 0.017857
v -0.020470 -0.010467 0.013381
v -0.020470 -0.010467 0.013255
v -0.020470 -0.010498 0.013134
v -0.020470 -0.010498 0.013502
v -0.020470 -0.010889 0.014333
v -0.020470 -0.017987 -0.000694
v -0.020470 -0.017097 -0.000468
v -0.020470 -0.002901 0.016497
v -0.020470 -0.002753 0.016522
v -0.020470 -0.008368 0.014510
v -0.020470 -0.008238 0.014584
v -0.020470 -0.017554 0.003981
v -0.020470 -0.017139 0.005500
v -0.020470 -0.016721 0.003595
v -0.020470 -0.016226 0.005408
v -0.020470 -0.016101 0.005419
v -0.020470 -0.015982 0.005461
v -0.020470 -0.016882 0.000502
v -0.020470 -0.016978 0.000583
v -0.020470 -0.016918 0.002508
v -0.020470 -0.017091 0.000637
v -0.020470 -0.017834 0.002440
v -0.020470 -0.017979 0.000872
v -0.020470 -0.008234 0.016006
v -0.020470 -0.006804 0.016665
v -0.020470 -0.007994 0.015120
v -0.020470 -0.006287 0.015906
v -0.020470 -0.006198 0.015817
v -0.020470 -0.006090 0.015753
v -0.020470 -0.005969 0.015719
v -0.020470 -0.008613 -0.007921
v -0.020470 -0.008903 -0.008184
v -0.020470 -0.006264 -0.009031
v -0.020470 -0.006347 -0.008648
v -0.020470 -0.003758 -0.007957
v -0.020470 -0.008265 -0.007742
v -0.020470 -0.014659 -0.008137
v -0.020470 -0.014757 -0.008058
v -0.020470 -0.009235 -0.008886
v -0.020470 -0.014871 -0.008006
v -0.020470 -0.014995 -0.007984
v -0.020470 -0.013255 -0.010467
v -0.020470 -0.013381 -0.010467
v -0.020470 -0.015230 -0.009594
v -0.020470 -0.010631 -0.013398
v -0.020470 -0.009744 -0.015134
v -0.020470 -0.011030 -0.014224
v -0.020470 -0.016036 -0.005302
v -0.020470 -0.009115 -0.008514
v -0.020470 -0.015932 -0.005373
v -0.020470 -0.015850 -0.005468
v -0.020470 -0.012881 -0.010699
v -0.020470 -0.009254 -0.009278
v -0.020470 -0.012796 -0.011348
v -0.020470 -0.008992 -0.010008
v -0.020470 -0.013333 -0.012093
v -0.020470 -0.012224 -0.013212
v -0.020470 -0.011474 -0.012683
v -0.020470 -0.010599 -0.013276
v -0.020470 -0.010598 -0.013151
v -0.020470 -0.008400 -0.010511
v -0.020470 -0.010628 -0.013029
v -0.020470 -0.010687 -0.012918
v -0.020470 -0.008729 -0.010298
v -0.020470 -0.010827 -0.012774
v -0.020470 -0.010992 -0.012660
v -0.020470 -0.008994 -0.014412
v -0.020470 -0.009098 -0.014483
v -0.020470 -0.005083 -0.007183
v -0.020470 -0.006526 -0.008300
v -0.020470 -0.006253 -0.006192
v -0.020470 -0.017857 -0.002263
v -0.020470 -0.016942 -0.002340
v -0.020470 -0.012743 -0.011234
v -0.020470 -0.012720 -0.011111
v -0.020470 -0.009171 -0.009660
v -0.020470 -0.012729 -0.010986
v -0.020470 -0.012768 -0.010866
v -0.020470 -0.013024 -0.010559
v -0.020470 -0.013134 -0.010498
v -0.020470 -0.013502 -0.010498
v -0.020470 -0.014333 -0.010889
v -0.020470 -0.011111 -0.012619
v -0.020470 -0.011236 -0.012610
v -0.020470 -0.011360 -0.012631
v -0.020470 -0.007636 -0.010649
v -0.020470 -0.008627 -0.014376
v -0.020470 -0.008027 -0.010630
v -0.020470 -0.008751 -0.014357
v -0.020470 -0.008876 -0.014369
v -0.020470 -0.003190 -0.016460
v -0.020470 -0.003313 -0.016484
v -0.020470 -0.006905 -0.010387
v -0.020470 -0.006789 -0.008010
v -0.020470 -0.007118 -0.007798
v -0.020470 -0.007233 -0.005012
v -0.020470 -0.007491 -0.007678
v -0.020470 -0.007994 -0.003679
v -0.020470 -0.007882 -0.007659
v -0.020470 -0.008511 -0.002235
v -0.020470 -0.016522 -0.002753
v -0.020470 -0.016558 -0.002633
v -0.020470 -0.016623 -0.002525
v -0.020470 -0.016713 -0.002437
v -0.020470 -0.016821 -0.002374
v -0.020470 -0.014461 -0.008484
v -0.020470 -0.014510 -0.008368
v -0.020470 -0.014584 -0.008238
v -0.020470 -0.008282 -0.014578
v -0.020470 -0.008204 -0.014677
v -0.020470 -0.008153 -0.014791
v -0.020470 -0.008444 -0.014460
v -0.020470 -0.006355 -0.015755
v -0.020470 -0.006444 -0.015843
v -0.020470 0.000233 -0.016812
v -0.020470 0.000117 -0.016766
v -0.020470 -0.006615 -0.010124
v -0.020470 -0.016154 -0.005259
v -0.020470 -0.016571 -0.003262
v -0.020470 -0.016516 -0.003149
v -0.020470 -0.015715 -0.005844
v -0.020470 -0.015764 -0.005649
v -0.020470 -0.014572 -0.008954
v -0.020470 -0.014500 -0.008851
v -0.020470 -0.014456 -0.008733
v -0.020470 -0.014443 -0.008608
v -0.020470 -0.008132 -0.014915
v -0.020470 -0.006968 -0.016596
v -0.020470 -0.007253 -0.010566
v -0.020470 -0.003426 -0.016538
v -0.020470 -0.003522 -0.016619
v -0.020470 0.000415 -0.016983
v -0.020470 0.000335 -0.016886
v -0.020470 -0.000283 -0.016764
v -0.020470 -0.000400 -0.016809
v -0.020470 -0.000502 -0.016882
v -0.020470 -0.000583 -0.016978
v -0.020470 -0.008392 -0.015924
v -0.020470 -0.008143 -0.015040
v -0.020470 -0.005531 -0.015878
v -0.020470 -0.005625 -0.015795
v -0.020470 -0.005736 -0.015737
v -0.020470 -0.005877 -0.015685
v -0.020470 -0.005999 -0.015656
v -0.020470 -0.006125 -0.015659
v -0.020470 -0.006246 -0.015692
v -0.020470 -0.002602 -0.016688
v -0.020470 -0.002690 -0.016597
v -0.020470 -0.002796 -0.016531
v -0.020470 -0.000008 -0.016750
v -0.020470 -0.000158 -0.016749
v -0.020470 -0.016497 -0.002901
v -0.020470 -0.016491 -0.003026
v -0.020470 -0.002916 -0.016494
v -0.020470 -0.003064 -0.016467
v -0.020470 -0.003981 -0.017554
v -0.020470 -0.005500 -0.017139
v -0.020470 -0.003595 -0.016721
v -0.020470 -0.005408 -0.016226
v -0.020470 -0.005419 -0.016101
v -0.020470 -0.005461 -0.015982
v -0.020470 -0.002320 -0.008489
v -0.020470 -0.000810 -0.008763
v -0.020470 -0.006283 -0.009422
v -0.020470 -0.006403 -0.009795
v -0.020470 0.000694 -0.017987
v -0.020470 0.000468 -0.017097
v -0.020470 -0.017193 -0.005330
v -0.020470 -0.017593 -0.003807
v -0.020470 -0.016279 -0.005247
v -0.020470 -0.016756 -0.003430
v -0.020470 -0.016653 -0.003358
v -0.020470 -0.016006 -0.008234
v -0.020470 -0.016665 -0.006804
v -0.020470 -0.015120 -0.007994
v -0.020470 -0.015906 -0.006287
v -0.020470 -0.015817 -0.006198
v -0.020470 -0.015753 -0.006090
v -0.020470 -0.015719 -0.005969
v -0.020470 -0.000872 -0.017979
v -0.020470 -0.002440 -0.017834
v -0.020470 -0.000637 -0.017091
v -0.020470 -0.002508 -0.016918
v -0.020470 -0.002541 -0.016797
v -0.020360 -0.017956 -0.004057
v -0.020470 -0.017592 -0.003809
v -0.020470 -0.017193 -0.005328
v -0.020320 -0.017798 -0.005267
v -0.020212 -0.018241 -0.005182
v -0.020206 -0.018286 -0.005147
v -0.020205 -0.018455 -0.004498
v -0.020214 -0.018428 -0.004444
v -0.020470 -0.016664 -0.006806
v -0.020470 -0.016007 -0.008232
v -0.020320 -0.016613 -0.008278
v -0.020213 -0.017062 -0.008271
v -0.020203 -0.017113 -0.008246
v -0.020202 -0.017393 -0.007633
v -0.020214 -0.017375 -0.007575
v -0.020360 -0.016979 -0.007114
v -0.020470 -0.015229 -0.009596
v -0.020470 -0.014334 -0.010887
v -0.020320 -0.014923 -0.011037
v -0.020209 -0.015382 -0.011108
v -0.020202 -0.015432 -0.011082
v -0.020203 -0.015804 -0.010538
v -0.020214 -0.015796 -0.010477
v -0.020360 -0.015486 -0.009954
v -0.020470 -0.013331 -0.012095
v -0.020470 -0.012226 -0.013211
v -0.020320 -0.012780 -0.013461
v -0.020213 -0.013204 -0.013608
v -0.020203 -0.013261 -0.013601
v -0.020202 -0.013723 -0.013139
v -0.020207 -0.013740 -0.013084
v -0.020360 -0.013522 -0.012492
v -0.020360 -0.011147 -0.014650
v -0.020470 -0.011028 -0.014226
v -0.020470 -0.009746 -0.015133
v -0.020210 -0.010655 -0.015699
v -0.020202 -0.011241 -0.015313
v -0.020203 -0.010709 -0.015692
v -0.020320 -0.010248 -0.015475
v -0.020212 -0.011260 -0.015259
v -0.020470 -0.008390 -0.015925
v -0.020470 -0.006971 -0.016596
v -0.020320 -0.007405 -0.017020
v -0.020212 -0.007754 -0.017303
v -0.020203 -0.007809 -0.017317
v -0.020202 -0.008417 -0.017028
v -0.020214 -0.008441 -0.016971
v -0.020360 -0.008434 -0.016363
v -0.020360 0.009954 -0.015486
v -0.020470 0.009596 -0.015229
v -0.020470 0.010887 -0.014334
v -0.020210 0.011108 -0.015381
v -0.020202 0.010539 -0.015803
v -0.020203 0.011083 -0.015430
v -0.020320 0.011037 -0.014923
v -0.020214 0.010479 -0.015797
v -0.020360 0.012492 -0.013522
v -0.020470 0.012095 -0.013331
v -0.020470 0.013211 -0.012226
v -0.020203 0.013123 -0.013733
v -0.020212 0.013610 -0.013218
v -0.020203 0.013596 -0.013269
v -0.020320 0.013461 -0.012780
v -0.020214 0.013062 -0.013737
v -0.020360 0.014650 -0.011147
v -0.020470 0.014226 -0.011028
v -0.020470 0.015133 -0.009746
v -0.020320 0.015475 -0.010248
v -0.020210 0.015699 -0.010654
v -0.020203 0.015692 -0.010709
v -0.020204 0.015308 -0.011246
v -0.020214 0.015249 -0.011260
v -0.020212 0.017303 -0.007754
v -0.020360 0.016363 -0.008434
v -0.020320 0.017020 -0.007405
v -0.020470 0.015925 -0.008390
v -0.020470 0.016596 -0.006971
v -0.020203 0.017317 -0.007809
v -0.020202 0.017028 -0.008417
v -0.020214 0.016971 -0.008441
v -0.020213 0.018387 -0.004631
v -0.020360 0.017579 -0.005464
v -0.020320 0.018047 -0.004337
v -0.020470 0.017140 -0.005498
v -0.020470 0.017554 -0.003983
v -0.020203 0.018410 -0.004683
v -0.020201 0.018230 -0.005332
v -0.020214 0.018179 -0.005366
v -0.020360 0.018261 -0.002329
v -0.020470 0.017834 -0.002438
v -0.020470 0.017979 -0.000874
v -0.020202 0.018882 -0.002079
v -0.020211 0.018923 -0.001378
v -0.020203 0.018944 -0.001428
v -0.020320 0.018526 -0.001137
v -0.020212 0.018845 -0.002122
v -0.020360 0.017956 0.004057
v -0.020470 0.017592 0.003809
v -0.020470 0.017193 0.005328
v -0.020212 0.018239 0.005183
v -0.020204 0.018285 0.005149
v -0.020320 0.017798 0.005267
v -0.020203 0.018454 0.004509
v -0.020211 0.018437 0.004454
v -0.020470 0.016664 0.006806
v -0.020470 0.016007 0.008232
v -0.020320 0.016613 0.008278
v -0.020213 0.017062 0.008271
v -0.020203 0.017113 0.008246
v -0.020202 0.017393 0.007633
v -0.020214 0.017375 0.007575
v -0.020360 0.016979 0.007114
v -0.020360 0.015486 0.009954
v -0.020470 0.015229 0.009596
v -0.020470 0.014334 0.010887
v -0.020202 0.015803 0.010539
v -0.020212 0.015369 0.011108
v -0.020202 0.015424 0.011090
v -0.020320 0.014923 0.011037
v -0.020214 0.015797 0.010479
v -0.020470 0.013331 0.012095
v -0.020470 0.012226 0.013211
v -0.020320 0.012780 0.013461
v -0.020210 0.013218 0.013610
v -0.020203 0.013270 0.013595
v -0.020202 0.013723 0.013139
v -0.020206 0.013740 0.013083
v -0.020360 0.013522 0.012492
v -0.020470 0.011028 0.014226
v -0.020470 0.009746 0.015133
v -0.020320 0.010248 0.015475
v -0.020360 0.011147 0.014650
v -0.020210 0.010654 0.015699
v -0.020203 0.010709 0.015692
v -0.020201 0.011245 0.015308
v -0.020214 0.011260 0.015249
v -0.020470 0.008390 0.015925
v -0.020470 0.006971 0.016596
v -0.020320 0.007405 0.017020
v -0.020212 0.007754 0.017303
v -0.020203 0.007809 0.017317
v -0.020202 0.008417 0.017028
v -0.020214 0.008441 0.016971
v -0.020360 0.008434 0.016363
v -0.020470 0.003983 0.017554
v -0.020320 0.004337 0.018047
v -0.020470 0.005498 0.017140
v -0.020209 0.004643 0.018396
v -0.020360 0.005464 0.017579
v -0.020202 0.004697 0.018408
v -0.020201 0.005332 0.018231
v -0.020214 0.005365 0.018181
v -0.020470 0.000874 0.017979
v -0.020320 0.001137 0.018526
v -0.020470 0.002438 0.017834
v -0.020210 0.001378 0.018923
v -0.020360 0.002329 0.018261
v -0.020201 0.002079 0.018882
v -0.020203 0.001428 0.018944
v -0.020212 0.002122 0.018845
v -0.020360 -0.000878 0.018388
v -0.020470 -0.000696 0.017987
v -0.020470 -0.002261 0.017857
v -0.020320 -0.002097 0.018442
v -0.020210 -0.001929 0.018874
v -0.020203 -0.001885 0.018904
v -0.020202 -0.001244 0.018958
v -0.020209 -0.001190 0.018936
v -0.020470 -0.003809 0.017592
v -0.020470 -0.005328 0.017193
v -0.020320 -0.005267 0.017798
v -0.020210 -0.005178 0.018252
v -0.020202 -0.005139 0.018290
v -0.020202 -0.004517 0.018454
v -0.020212 -0.004461 0.018443
v -0.020360 -0.004057 0.017956
v -0.020470 -0.006806 0.016664
v -0.020470 -0.008232 0.016007
v -0.020320 -0.008278 0.016613
v -0.020209 -0.008268 0.017077
v -0.020202 -0.008233 0.017122
v -0.020202 -0.007634 0.017393
v -0.020214 -0.007575 0.017375
v -0.020360 -0.007114 0.016979
v -0.020470 -0.009596 0.015229
v -0.020470 -0.010887 0.014334
v -0.020320 -0.011037 0.014923
v -0.020209 -0.011108 0.015382
v -0.020202 -0.011082 0.015432
v -0.020204 -0.010538 0.015804
v -0.020214 -0.010477 0.015796
v -0.020360 -0.009954 0.015486
v -0.020470 -0.012095 0.013331
v -0.020470 -0.013211 0.012226
v -0.020320 -0.013461 0.012780
v -0.020213 -0.013608 0.013204
v -0.020203 -0.013601 0.013261
v -0.020202 -0.013139 0.013723
v -0.020206 -0.013083 0.013740
v -0.020360 -0.012492 0.013522
v -0.020470 -0.014226 0.011028
v -0.020470 -0.015133 0.009746
v -0.020320 -0.015475 0.010248
v -0.020212 -0.015694 0.010641
v -0.020203 -0.015697 0.010698
v -0.020202 -0.015322 0.011233
v -0.020207 -0.015271 0.011260
v -0.020360 -0.014650 0.011147
v -0.020470 -0.015925 0.008390
v -0.020470 -0.016596 0.006971
v -0.020320 -0.017020 0.007405
v -0.020209 -0.017311 0.007767
v -0.020202 -0.017313 0.007823
v -0.020202 -0.017028 0.008417
v -0.020214 -0.016971 0.008441
v -0.020360 -0.016363 0.008434
v -0.020360 -0.017579 0.005464
v -0.020470 -0.017140 0.005498
v -0.020470 -0.017554 0.003983
v -0.020210 -0.018396 0.004643
v -0.020202 -0.018231 0.005332
v -0.020203 -0.018408 0.004697
v -0.020320 -0.018047 0.004337
v -0.020214 -0.018181 0.005365
v -0.020470 -0.017834 0.002438
v -0.020470 -0.017979 0.000874
v -0.020320 -0.018526 0.001137
v -0.020209 -0.018922 0.001377
v -0.020203 -0.018944 0.001427
v -0.020202 -0.018886 0.002066
v -0.020216 -0.018857 0.002116
v -0.020360 -0.018261 0.002329
v -0.020170 -0.008471 -0.000699
v -0.014770 -0.008471 -0.000699
v -0.020170 -0.008221 -0.002159
v -0.014770 -0.008221 -0.002159
v -0.020170 -0.007721 -0.003554
v -0.014770 -0.007721 -0.003554
v -0.020170 -0.006987 -0.004841
v -0.014770 -0.006987 -0.004841
v -0.020170 -0.006040 -0.005981
v -0.014770 -0.006040 -0.005981
v -0.020170 -0.004910 -0.006939
v -0.014770 -0.004910 -0.006939
v -0.020170 -0.003630 -0.007686
v -0.014770 -0.003630 -0.007686
v -0.020170 -0.002241 -0.008199
v -0.014770 -0.002241 -0.008199
v -0.020170 -0.000783 -0.008464
v -0.014770 -0.000783 -0.008464
v -0.020170 0.000699 -0.008471
v -0.014770 0.000699 -0.008471
v -0.020170 0.002159 -0.008221
v -0.014770 0.002159 -0.008221
v -0.020170 0.003554 -0.007721
v -0.014770 0.003554 -0.007721
v -0.020170 0.004841 -0.006987
v -0.014770 0.004841 -0.006987
v -0.020170 0.005981 -0.006040
v -0.014770 0.005981 -0.006040
v -0.020170 0.006939 -0.004910
v -0.014770 0.006939 -0.004910
v -0.020170 0.007686 -0.003630
v -0.014770 0.007686 -0.003630
v -0.020170 0.008199 -0.002241
v -0.014770 0.008199 -0.002241
v -0.020170 0.008464 -0.000783
v -0.014770 0.008464 -0.000783
v -0.020170 0.008471 0.000699
v -0.014770 0.008471 0.000699
v -0.020170 0.008221 0.002159
v -0.014770 0.008221 0.002159
v -0.020170 0.007721 0.003554
v -0.014770 0.007721 0.003554
v -0.020170 0.006987 0.004841
v -0.014770 0.006987 0.004841
v -0.020170 0.006040 0.005981
v -0.014770 0.006040 0.005981
v -0.020170 0.004910 0.006939
v -0.014770 0.004910 0.006939
v -0.020170 0.003630 0.007686
v -0.014770 0.003630 0.007686
v -0.020170 0.002241 0.008199
v -0.014770 0.002241 0.008199
v -0.020170 0.000783 0.008464
v -0.014770 0.000783 0.008464
v -0.020170 -0.000699 0.008471
v -0.014770 -0.000699 0.008471
v -0.020170 -0.002159 0.008221
v -0.014770 -0.002159 0.008221
v -0.020170 -0.003554 0.007721
v -0.014770 -0.003554 0.007721
v -0.020170 -0.004841 0.006987
v -0.014770 -0.004841 0.006987
v -0.020170 -0.005981 0.006040
v -0.014770 -0.005981 0.006040
v -0.020170 -0.006939 0.004910
v -0.014770 -0.006939 0.004910
v -0.020170 -0.007686 0.003630
v -0.014770 -0.007686 0.003630
v -0.020170 -0.008199 0.002241
v -0.014770 -0.008199 0.002241
v -0.020170 -0.008464 0.000783
v -0.014770 -0.008464 0.000783
v -0.014770 -0.008221 -0.002159
v -0.014470 -0.008511 -0.002235
v -0.014770 -0.007721 -0.003554
v -0.014470 -0.007994 -0.003679
v -0.014770 -0.006987 -0.004841
v -0.014470 -0.007233 -0.005012
v -0.014770 -0.006040 -0.005981
v -0.014470 -0.006253 -0.006192
v -0.014770 -0.004910 -0.006939
v -0.014470 -0.005083 -0.007183
v -0.014770 -0.003630 -0.007686
v -0.014470 -0.003758 -0.007957
v -0.014770 -0.002241 -0.008199
v -0.014470 -0.002320 -0.008489
v -0.014770 -0.000783 -0.008464
v -0.014470 -0.000810 -0.008763
v -0.014770 0.000699 -0.008471
v -0.014470 0.000724 -0.008770
v -0.014770 0.002159 -0.008221
v -0.014470 0.002235 -0.008511
v -0.014770 0.003554 -0.007721
v -0.014470 0.003679 -0.007994
v -0.014770 0.004841 -0.006987
v -0.014470 0.005012 -0.007233
v -0.014770 0.005981 -0.006040
v -0.014470 0.006192 -0.006253
v -0.014770 0.006939 -0.004910
v -0.014470 0.007183 -0.005083
v -0.014770 0.007686 -0.003630
v -0.014470 0.007957 -0.003758
v -0.014770 0.008199 -0.002241
v -0.014470 0.008489 -0.002320
v -0.014770 0.008464 -0.000783
v -0.014470 0.008763 -0.000810
v -0.014770 0.008471 0.000699
v -0.014470 0.008770 0.000724
v -0.014770 0.008221 0.002159
v -0.014470 0.008511 0.002235
v -0.014770 0.007721 0.003554
v -0.014470 0.007994 0.003679
v -0.014770 0.006987 0.004841
v -0.014470 0.007233 0.005012
v -0.014770 0.006040 0.005981
v -0.014470 0.006253 0.006192
v -0.014770 0.004910 0.006939
v -0.014470 0.005083 0.007183
v -0.014770 0.003630 0.007686
v -0.014470 0.003758 0.007957
v -0.014770 0.002241 0.008199
v -0.014470 0.002320 0.008489
v -0.014770 0.000783 0.008464
v -0.014470 0.000810 0.008763
v -0.014770 -0.000699 0.008471
v -0.014470 -0.000724 0.008770
v -0.014770 -0.002159 0.008221
v -0.014470 -0.002235 0.008511
v -0.014770 -0.003554 0.007721
v -0.014470 -0.003679 0.007994
v -0.014770 -0.004841 0.006987
v -0.014470 -0.005012 0.007233
v -0.014770 -0.005981 0.006040
v -0.014470 -0.006192 0.006253
v -0.014770 -0.006939 0.004910
v -0.014470 -0.007183 0.005083
v -0.014770 -0.007686 0.003630
v -0.014470 -0.007957 0.003758
v -0.014770 -0.008199 0.002241
v -0.014470 -0.008489 0.002320
v -0.014770 -0.008464 0.000783
v -0.014470 -0.008763 0.000810
v -0.014770 -0.008471 -0.000699
v -0.014470 -0.008770 -0.000724
v -0.020170 0.008464 -0.000783
v -0.020470 0.008763 -0.000810
v -0.020170 0.008199 -0.002241
v -0.020470 0.008489 -0.002320
v -0.020170 0.007686 -0.003630
v -0.020470 0.007957 -0.003758
v -0.020170 0.006939 -0.004910
v -0.020470 0.007183 -0.005083
v -0.020170 0.005981 -0.006040
v -0.020470 0.006192 -0.006253
v -0.020170 0.004841 -0.006987
v -0.020470 0.005012 -0.007233
v -0.020170 0.003554 -0.007721
v -0.020470 0.003679 -0.007994
v -0.020170 0.002159 -0.008221
v -0.020470 0.002235 -0.008511
v -0.020170 0.000699 -0.008471
v -0.020470 0.000724 -0.008770
v -0.020170 -0.000783 -0.008464
v -0.020470 -0.000810 -0.008763
v -0.020170 -0.002241 -0.008199
v -0.020470 -0.002320 -0.008489
v -0.020170 -0.003630 -0.007686
v -0.020470 -0.003758 -0.007957
v -0.020170 -0.004910 -0.006939
v -0.020470 -0.005083 -0.007183
v -0.020170 -0.006040 -0.005981
v -0.020470 -0.006253 -0.006192
v -0.020170 -0.006987 -0.004841
v -0.020470 -0.007233 -0.005012
v -0.020170 -0.007721 -0.003554
v -0.020470 -0.007994 -0.003679
v -0.020170 -0.008221 -0.002159
v -0.020470 -0.008511 -0.002235
v -0.020170 -0.008471 -0.000699
v -0.020470 -0.008770 -0.000724
v -0.020170 -0.008464 0.000783
v -0.020470 -0.008763 0.000810
v -0.020170 -0.008199 0.002241
v -0.020470 -0.008489 0.002320
v -0.020170 -0.007686 0.003630
v -0.020470 -0.007957 0.003758
v -0.020170 -0.006939 0.004910
v -0.020470 -0.007183 0.005083
v -0.020170 -0.005981 0.006040
v -0.020470 -0.006192 0.006253
v -0.020170 -0.004841 0.006987
v -0.020470 -0.005012 0.007233
v -0.020170 -0.003554 0.007721
v -0.020470 -0.003679 0.007994
v -0.020170 -0.002159 0.008221
v -0.020470 -0.002235 0.008511
v -0.020170 -0.000699 0.008471
v -0.020470 -0.000724 0.008770
v -0.020170 0.000783 0.008464
v -0.020470 0.000810 0.008763
v -0.020170 0.002241 0.008199
v -0.020470 0.002320 0.008489
v -0.020170 0.003630 0.007686
v -0.020470 0.003758 0.007957
v -0.020170 0.004910 0.006939
v -0.020470 0.005083 0.007183
v -0.020170 0.006040 0.005981
v -0.020470 0.006253 0.006192
v -0.020170 0.006987 0.004841
v -0.020470 0.007233 0.005012
v -0.020170 0.007721 0.003554
v -0.020470 0.007994 0.003679
v -0.020170 0.008221 0.002159
v -0.020470 0.008511 0.002235
v -0.020170 0.008471 0.000699
v -0.020470 0.008770 0.000724
v -0.020200 0.010364 -0.007978
v -0.020470 0.010630 -0.008027
v -0.020200 0.010266 -0.008284
v -0.020470 0.010511 -0.008400
v -0.020200 0.010092 -0.008554
v -0.020470 0.010298 -0.008729
v -0.020200 0.009854 -0.008770
v -0.020470 0.010008 -0.008992
v -0.020200 0.009569 -0.008916
v -0.020470 0.009660 -0.009171
v -0.020200 0.009255 -0.008984
v -0.020470 0.009278 -0.009254
v -0.020200 0.008935 -0.008969
v -0.020470 0.008886 -0.009235
v -0.020200 0.008629 -0.008871
v -0.020470 0.008514 -0.009115
v -0.020200 0.008359 -0.008697
v -0.020470 0.008184 -0.008903
v -0.020200 0.008144 -0.008459
v -0.020470 0.007921 -0.008613
v -0.020200 0.007997 -0.008174
v -0.020470 0.007742 -0.008265
v -0.020200 0.007929 -0.007860
v -0.020470 0.007659 -0.007882
v -0.020200 0.007944 -0.007539
v -0.020470 0.007678 -0.007491
v -0.020200 0.008042 -0.007234
v -0.020470 0.007798 -0.007118
v -0.020200 0.008216 -0.006964
v -0.020470 0.008010 -0.006789
v -0.020200 0.008454 -0.006748
v -0.020470 0.008300 -0.006526
v -0.020200 0.008739 -0.006601
v -0.020470 0.008648 -0.006347
v -0.020200 0.009053 -0.006534
v -0.020470 0.009031 -0.006264
v -0.020200 0.009374 -0.006549
v -0.020470 0.009422 -0.006283
v -0.020200 0.009679 -0.006647
v -0.020470 0.009795 -0.006403
v -0.020200 0.009949 -0.006821
v -0.020470 0.010124 -0.006615
v -0.020200 0.010165 -0.007059
v -0.020470 0.010387 -0.006905
v -0.020200 0.010312 -0.007344
v -0.020470 0.010566 -0.007253
v -0.020200 0.010380 -0.007658
v -0.020470 0.010649 -0.007636
v -0.020200 0.007929 -0.007860
v -0.014741 0.007929 -0.007860
v -0.020200 0.008039 -0.008299
v -0.014741 0.008066 -0.008351
v -0.020200 0.008459 -0.008784
v -0.014741 0.008359 -0.008697
v -0.014741 0.008804 -0.008947
v -0.020200 0.009065 -0.008994
v -0.014741 0.009445 -0.008963
v -0.020200 0.009695 -0.008874
v -0.014741 0.010008 -0.008656
v -0.020200 0.010092 -0.008554
v -0.020200 0.010325 -0.008165
v -0.014741 0.010342 -0.008109
v -0.020200 0.010371 -0.007525
v -0.014741 0.010380 -0.007658
v -0.014741 0.010242 -0.007166
v -0.020200 0.010091 -0.006948
v -0.014741 0.009949 -0.006821
v -0.020200 0.009560 -0.006589
v -0.014741 0.009505 -0.006571
v -0.020200 0.009053 -0.006534
v -0.014741 0.009053 -0.006534
v -0.020200 0.008614 -0.006644
v -0.014741 0.008562 -0.006671
v -0.020200 0.008216 -0.006964
v -0.014741 0.008216 -0.006964
v -0.020200 0.007984 -0.007353
v -0.014741 0.007966 -0.007408
v -0.014741 0.007997 -0.008174
v -0.014470 0.007742 -0.008265
v -0.014741 0.008144 -0.008459
v -0.014470 0.007921 -0.008613
v -0.014741 0.008359 -0.008697
v -0.014470 0.008184 -0.008903
v -0.014741 0.008629 -0.008871
v -0.014470 0.008514 -0.009115
v -0.014741 0.008935 -0.008969
v -0.014470 0.008886 -0.009235
v -0.014741 0.009255 -0.008984
v -0.014470 0.009278 -0.009254
v -0.014741 0.009569 -0.008916
v -0.014470 0.009660 -0.009171
v -0.014741 0.009854 -0.008770
v -0.014470 0.010008 -0.008992
v -0.014741 0.010092 -0.008554
v -0.014470 0.010298 -0.008729
v -0.014741 0.010266 -0.008284
v -0.014470 0.010511 -0.008400
v -0.014741 0.010364 -0.007978
v -0.014470 0.010630 -0.008027
v -0.014741 0.010380 -0.007658
v -0.014470 0.010649 -0.007636
v -0.014741 0.010312 -0.007344
v -0.014470 0.010566 -0.007253
v -0.014741 0.010165 -0.007059
v -0.014470 0.010387 -0.006905
v -0.014741 0.009949 -0.006821
v -0.014470 0.010124 -0.006615
v -0.014741 0.009679 -0.006647
v -0.014470 0.009795 -0.006403
v -0.014741 0.009374 -0.006549
v -0.014470 0.009422 -0.006283
v -0.014741 0.009053 -0.006534
v -0.014470 0.009031 -0.006264
v -0.014741 0.008739 -0.006601
v -0.014470 0.008648 -0.006347
v -0.014741 0.008454 -0.006748
v -0.014470 0.008300 -0.006526
v -0.014741 0.008216 -0.006964
v -0.014470 0.008010 -0.006789
v -0.014741 0.008042 -0.007234
v -0.014470 0.007798 -0.007118
v -0.014741 0.007944 -0.007539
v -0.014470 0.007678 -0.007491
v -0.014741 0.007929 -0.007860
v -0.014470 0.007659 -0.007882
v -0.020200 0.008969 0.008935
v -0.020470 0.009235 0.008886
v -0.020200 0.008871 0.008629
v -0.020470 0.009115 0.008514
v -0.020200 0.008697 0.008359
v -0.020470 0.008903 0.008184
v -0.020200 0.008459 0.008144
v -0.020470 0.008613 0.007921
v -0.020200 0.008174 0.007997
v -0.020470 0.008265 0.007742
v -0.020200 0.007860 0.007929
v -0.020470 0.007882 0.007659
v -0.020200 0.007539 0.007944
v -0.020470 0.007491 0.007678
v -0.020200 0.007234 0.008042
v -0.020470 0.007118 0.007798
v -0.020200 0.006964 0.008216
v -0.020470 0.006789 0.008010
v -0.020200 0.006748 0.008454
v -0.020470 0.006526 0.008300
v -0.020200 0.006601 0.008739
v -0.020470 0.006347 0.008648
v -0.020200 0.006534 0.009053
v -0.020470 0.006264 0.009031
v -0.020200 0.006549 0.009374
v -0.020470 0.006283 0.009422
v -0.020200 0.006647 0.009679
v -0.020470 0.006403 0.009795
v -0.020200 0.006821 0.009949
v -0.020470 0.006615 0.010124
v -0.020200 0.007059 0.010165
v -0.020470 0.006905 0.010387
v -0.020200 0.007344 0.010312
v -0.020470 0.007253 0.010566
v -0.020200 0.007658 0.010380
v -0.020470 0.007636 0.010649
v -0.020200 0.007978 0.010364
v -0.020470 0.008027 0.010630
v -0.020200 0.008284 0.010266
v -0.020470 0.008400 0.010511
v -0.020200 0.008554 0.010092
v -0.020470 0.008729 0.010298
v -0.020200 0.008770 0.009854
v -0.020470 0.008992 0.010008
v -0.020200 0.008916 0.009569
v -0.020470 0.009171 0.009660
v -0.020200 0.008984 0.009255
v -0.020470 0.009254 0.009278
v -0.020200 0.006534 0.009053
v -0.014741 0.006534 0.009053
v -0.020200 0.006644 0.008614
v -0.014741 0.006671 0.008562
v -0.020200 0.006964 0.008216
v -0.014741 0.006964 0.008216
v -0.020200 0.007353 0.007984
v -0.014741 0.007408 0.007966
v -0.020200 0.007860 0.007929
v -0.014741 0.007860 0.007929
v -0.020200 0.008299 0.008039
v -0.014741 0.008351 0.008066
v -0.020200 0.008784 0.008459
v -0.014741 0.008697 0.008359
v -0.014741 0.008947 0.008804
v -0.020200 0.008994 0.009065
v -0.014741 0.008963 0.009445
v -0.020200 0.008874 0.009695
v -0.014741 0.008656 0.010008
v -0.020200 0.008554 0.010092
v -0.020200 0.008165 0.010325
v -0.014741 0.008109 0.010342
v -0.020200 0.007525 0.010371
v -0.014741 0.007658 0.010380
v -0.014741 0.007166 0.010242
v -0.020200 0.006948 0.010091
v -0.014741 0.006821 0.009949
v -0.020200 0.006589 0.009560
v -0.014741 0.006571 0.009505
v -0.014741 0.006601 0.008739
v -0.014470 0.006347 0.008648
v -0.014741 0.006748 0.008454
v -0.014470 0.006526 0.008300
v -0.014741 0.006964 0.008216
v -0.014470 0.006789 0.008010
v -0.014741 0.007234 0.008042
v -0.014470 0.007118 0.007798
v -0.014741 0.007539 0.007944
v -0.014470 0.007491 0.007678
v -0.014741 0.007860 0.007929
v -0.014470 0.007882 0.007659
v -0.014741 0.008174 0.007997
v -0.014470 0.008265 0.007742
v -0.014741 0.008459 0.008144
v -0.014470 0.008613 0.007921
v -0.014741 0.008697 0.008359
v -0.014470 0.008903 0.008184
v -0.014741 0.008871 0.008629
v -0.014470 0.009115 0.008514
v -0.014741 0.008969 0.008935
v -0.014470 0.009235 0.008886
v -0.014741 0.008984 0.009255
v -0.014470 0.009254 0.009278
v -0.014741 0.008916 0.009569
v -0.014470 0.009171 0.009660
v -0.014741 0.008770 0.009854
v -0.014470 0.008992 0.010008
v -0.014741 0.008554 0.010092
v -0.014470 0.008729 0.010298
v -0.014741 0.008284 0.010266
v -0.014470 0.008400 0.010511
v -0.014741 0.007978 0.010364
v -0.014470 0.008027 0.010630
v -0.014741 0.007658 0.010380
v -0.014470 0.007636 0.010649
v -0.014741 0.007344 0.010312
v -0.014470 0.007253 0.010566
v -0.014741 0.007059 0.010165
v -0.014470 0.006905 0.010387
v -0.014741 0.006821 0.009949
v -0.014470 0.006615 0.010124
v -0.014741 0.006647 0.009679
v -0.014470 0.006403 0.009795
v -0.014741 0.006549 0.009374
v -0.014470 0.006283 0.009422
v -0.014741 0.006534 0.009053
v -0.014470 0.006264 0.009031
v -0.020200 -0.007944 0.007539
v -0.020470 -0.007678 0.007491
v -0.020200 -0.008042 0.007234
v -0.020470 -0.007798 0.007118
v -0.020200 -0.008216 0.006964
v -0.020470 -0.008010 0.006789
v -0.020200 -0.008454 0.006748
v -0.020470 -0.008300 0.006526
v -0.020200 -0.008739 0.006601
v -0.020470 -0.008648 0.006347
v -0.020200 -0.009053 0.006534
v -0.020470 -0.009031 0.006264
v -0.020200 -0.009374 0.006549
v -0.020470 -0.009422 0.006283
v -0.020200 -0.009679 0.006647
v -0.020470 -0.009795 0.006403
v -0.020200 -0.009949 0.006821
v -0.020470 -0.010124 0.006615
v -0.020200 -0.010165 0.007059
v -0.020470 -0.010387 0.006905
v -0.020200 -0.010312 0.007344
v -0.020470 -0.010566 0.007253
v -0.020200 -0.010380 0.007658
v -0.020470 -0.010649 0.007636
v -0.020200 -0.010364 0.007978
v -0.020470 -0.010630 0.008027
v -0.020200 -0.010266 0.008284
v -0.020470 -0.010511 0.008400
v -0.020200 -0.010092 0.008554
v -0.020470 -0.010298 0.008729
v -0.020200 -0.009854 0.008770
v -0.020470 -0.010008 0.008992
v -0.020200 -0.009569 0.008916
v -0.020470 -0.009660 0.009171
v -0.020200 -0.009255 0.008984
v -0.020470 -0.009278 0.009254
v -0.020200 -0.008935 0.008969
v -0.020470 -0.008886 0.009235
v -0.020200 -0.008629 0.008871
v -0.020470 -0.008514 0.009115
v -0.020200 -0.008359 0.008697
v -0.020470 -0.008184 0.008903
v -0.020200 -0.008144 0.008459
v -0.020470 -0.007921 0.008613
v -0.020200 -0.007997 0.008174
v -0.020470 -0.007742 0.008265
v -0.020200 -0.007929 0.007860
v -0.020470 -0.007659 0.007882
v -0.020200 -0.010371 0.007525
v -0.014741 -0.010380 0.007658
v -0.014741 -0.010242 0.007166
v -0.020200 -0.010091 0.006948
v -0.014741 -0.009949 0.006821
v -0.020200 -0.009560 0.006589
v -0.014741 -0.009505 0.006571
v -0.020200 -0.009053 0.006534
v -0.014741 -0.009053 0.006534
v -0.020200 -0.008614 0.006644
v -0.014741 -0.008562 0.006671
v -0.020200 -0.008216 0.006964
v -0.014741 -0.008216 0.006964
v -0.020200 -0.007984 0.007353
v -0.014741 -0.007966 0.007408
v -0.020200 -0.007929 0.007860
v -0.014741 -0.007929 0.007860
v -0.020200 -0.008039 0.008299
v -0.014741 -0.008066 0.008351
v -0.020200 -0.008459 0.008784
v -0.014741 -0.008359 0.008697
v -0.014741 -0.008804 0.008947
v -0.020200 -0.009065 0.008994
v -0.014741 -0.009445 0.008963
v -0.020200 -0.009695 0.008874
v -0.014741 -0.010008 0.008656
v -0.020200 -0.010092 0.008554
v -0.020200 -0.010325 0.008165
v -0.014741 -0.010342 0.008109
v -0.014741 -0.010312 0.007344
v -0.014470 -0.010566 0.007253
v -0.014741 -0.010165 0.007059
v -0.014470 -0.010387 0.006905
v -0.014741 -0.009949 0.006821
v -0.014470 -0.010124 0.006615
v -0.014741 -0.009679 0.006647
v -0.014470 -0.009795 0.006403
v -0.014741 -0.009374 0.006549
v -0.014470 -0.009422 0.006283
v -0.014741 -0.009053 0.006534
v -0.014470 -0.009031 0.006264
v -0.014741 -0.008739 0.006601
v -0.014470 -0.008648 0.006347
v -0.014741 -0.008454 0.006748
v -0.014470 -0.008300 0.006526
v -0.014741 -0.008216 0.006964
v -0.014470 -0.008010 0.006789
v -0.014741 -0.008042 0.007234
v -0.014470 -0.007798 0.007118
v -0.014741 -0.007944 0.007539
v -0.014470 -0.007678 0.007491
v -0.014741 -0.007929 0.007860
v -0.014470 -0.007659 0.007882
v -0.014741 -0.007997 0.008174
v -0.014470 -0.007742 0.008265
v -0.014741 -0.008144 0.008459
v -0.014470 -0.007921 0.008613
v -0.014741 -0.008359 0.008697
v -0.014470 -0.008184 0.008903
v -0.014741 -0.008629 0.008871
v -0.014470 -0.008514 0.009115
v -0.014741 -0.008935 0.008969
v -0.014470 -0.008886 0.009235
v -0.014741 -0.009255 0.008984
v -0.014470 -0.009278 0.009254
v -0.014741 -0.009569 0.008916
v -0.014470 -0.009660 0.009171
v -0.014741 -0.009854 0.008770
v -0.014470 -0.010008 0.008992
v -0.014741 -0.010092 0.008554
v -0.014470 -0.010298 0.008729
v -0.014741 -0.010266 0.008284
v -0.014470 -0.010511 0.008400
v -0.014741 -0.010364 0.007978
v -0.014470 -0.010630 0.008027
v -0.014741 -0.010380 0.007658
v -0.014470 -0.010649 0.007636
v -0.020200 -0.006549 -0.009374
v -0.020470 -0.006283 -0.009422
v -0.020200 -0.006647 -0.009679
v -0.020470 -0.006403 -0.009795
v -0.020200 -0.006821 -0.009949
v -0.020470 -0.006615 -0.010124
v -0.020200 -0.007059 -0.010165
v -0.020470 -0.006905 -0.010387
v -0.020200 -0.007344 -0.010312
v -0.020470 -0.007253 -0.010566
v -0.020200 -0.007658 -0.010380
v -0.020470 -0.007636 -0.010649
v -0.020200 -0.007978 -0.010364
v -0.020470 -0.008027 -0.010630
v -0.020200 -0.008284 -0.010266
v -0.020470 -0.008400 -0.010511
v -0.020200 -0.008554 -0.010092
v -0.020470 -0.008729 -0.010298
v -0.020200 -0.008770 -0.009854
v -0.020470 -0.008992 -0.010008
v -0.020200 -0.008916 -0.009569
v -0.020470 -0.009171 -0.009660
v -0.020200 -0.008984 -0.009255
v -0.020470 -0.009254 -0.009278
v -0.020200 -0.008969 -0.008935
v -0.020470 -0.009235 -0.008886
v -0.020200 -0.008871 -0.008629
v -0.020470 -0.009115 -0.008514
v -0.020200 -0.008697 -0.008359
v -0.020470 -0.008903 -0.008184
v -0.020200 -0.008459 -0.008144
v -0.020470 -0.008613 -0.007921
v -0.020200 -0.008174 -0.007997
v -0.020470 -0.008265 -0.007742
v -0.020200 -0.007860 -0.007929
v -0.020470 -0.007882 -0.007659
v -0.020200 -0.007539 -0.007944
v -0.020470 -0.007491 -0.007678
v -0.020200 -0.007234 -0.008042
v -0.020470 -0.007118 -0.007798
v -0.020200 -0.006964 -0.008216
v -0.020470 -0.006789 -0.008010
v -0.020200 -0.006748 -0.008454
v -0.020470 -0.006526 -0.008300
v -0.020200 -0.006601 -0.008739
v -0.020470 -0.006347 -0.008648
v -0.020200 -0.006534 -0.009053
v -0.020470 -0.006264 -0.009031
vn 0.9669 0.2544 0.0212
vn 0.9671 0.2533 0.0220
vn 0.9677 0.2511 0.0222
vn 0.9680 0.2497 0.0233
vn 0.9677 0.2510 0.0224
vn 0.9611 0.2750 0.0249
vn 0.9612 0.2747 0.0246
vn 0.9601 0.2786 0.0252
vn 0.9567 0.2898 0.0269
vn 0.9568 0.2896 0.0256
vn 0.9578 0.2863 0.0254
vn 0.9670 0.2540 0.0214
vn 0.9670 0.2538 0.0229
vn 0.9669 0.2543 0.0212
vn 0.9680 0.2506 0.0089
vn 0.9682 0.2502 0.0094
vn 0.9681 0.2504 0.0089
vn 0.0006 0.7644 0.6447
vn -0.0015 0.7594 0.6507
vn -0.0013 0.1998 0.9798
vn -0.0006 0.2044 0.9789
vn -0.9669 0.2544 0.0211
vn -0.9672 0.2533 0.0172
vn -0.9672 0.2534 0.0177
vn -0.9670 0.2540 0.0199
vn -0.9668 0.2546 0.0226
vn -0.9669 0.2540 0.0227
vn -0.9671 0.2535 0.0194
vn -0.9669 0.2544 0.0208
vn -0.9668 0.2546 0.0229
vn -0.9668 0.2547 0.0207
vn -0.9670 0.2541 0.0190
vn -0.9669 0.2544 0.0209
vn -0.9669 0.2543 0.0210
vn -0.9669 0.2543 0.0201
vn 0.0007 0.1791 -0.9838
vn 0.0015 -0.8760 -0.4824
vn -0.0009 0.1844 -0.9828
vn -0.0006 -0.8723 -0.4890
vn 0.9669 -0.0235 -0.2542
vn 0.9668 -0.0234 -0.2545
vn 0.9671 -0.0242 -0.2533
vn 0.9671 -0.0243 -0.2532
vn 0.9666 -0.0256 -0.2550
vn 0.9670 -0.0232 -0.2537
vn 0.9672 -0.0247 -0.2529
vn 0.9678 -0.0267 -0.2505
vn 0.9636 -0.0023 -0.2675
vn 0.9640 0.0003 -0.2661
vn 0.9640 -0.0002 -0.2657
vn 0.9669 -0.0227 -0.2542
vn 0.9669 -0.0233 -0.2543
vn 0.9664 -0.0193 -0.2561
vn -0.9669 -0.0235 -0.2542
vn -0.9668 -0.0232 -0.2543
vn -0.9672 -0.0229 -0.2531
vn -0.9673 -0.0225 -0.2527
vn -0.9667 -0.0246 -0.2546
vn -0.9672 -0.0238 -0.2529
vn -0.9667 -0.0244 -0.2546
vn -0.9632 -0.0272 -0.2675
vn -0.9643 -0.0269 -0.2636
vn -0.9643 -0.0243 -0.2637
vn -0.9539 -0.0290 -0.2988
vn -0.9554 -0.0331 -0.2936
vn -0.9552 -0.0285 -0.2945
vn -0.9673 -0.0236 -0.2526
vn -0.9669 -0.0241 -0.2541
vn 0.9668 0.0214 -0.2545
vn 0.9641 -0.0020 -0.2656
vn 0.9640 -0.0023 -0.2658
vn 0.9641 -0.0025 -0.2656
vn 0.9637 0.0238 -0.2660
vn 0.9624 0.0247 -0.2703
vn 0.9628 0.0239 -0.2692
vn 0.9671 0.0231 -0.2534
vn 0.9676 0.0238 -0.2515
vn 0.9671 0.0233 -0.2532
vn 0.9645 0.0144 -0.2638
vn 0.9641 0.0168 -0.2649
vn 0.9646 0.0148 -0.2635
vn 0.9667 0.0213 -0.2549
vn 0.9668 0.0220 -0.2545
vn -0.9669 0.0211 -0.2544
vn -0.9672 0.0173 -0.2533
vn -0.9672 0.0178 -0.2534
vn -0.9670 0.0199 -0.2540
vn -0.9668 0.0225 -0.2546
vn -0.9669 0.0227 -0.2540
vn -0.9671 0.0196 -0.2536
vn -0.9669 0.0210 -0.2544
vn -0.9668 0.0231 -0.2547
vn -0.9668 0.0194 -0.2549
vn -0.9671 0.0193 -0.2536
vn -0.9672 0.0193 -0.2533
vn -0.9668 0.0211 -0.2546
vn -0.9669 0.0202 -0.2543
vn 0.9669 0.0649 -0.2469
vn 0.9668 0.0651 -0.2472
vn 0.9669 0.0647 -0.2469
vn 0.9667 0.0656 -0.2473
vn 0.9669 0.0646 -0.2467
vn 0.9664 0.0620 -0.2496
vn 0.9672 0.0580 -0.2472
vn 0.9670 0.0657 -0.2461
vn 0.9670 0.0640 -0.2465
vn 0.9705 0.0118 -0.2407
vn 0.9672 0.0608 -0.2466
vn -0.9669 0.0648 -0.2469
vn -0.9664 0.0701 -0.2474
vn -0.9640 0.0876 -0.2511
vn -0.9669 0.0670 -0.2464
vn -0.9667 0.0652 -0.2474
vn -0.9678 0.0605 -0.2445
vn -0.9667 0.0647 -0.2477
vn -0.9668 0.0647 -0.2471
vn -0.9668 0.0650 -0.2472
vn -0.9669 0.0647 -0.2469
vn -0.9668 0.0651 -0.2472
vn -0.9669 0.1067 -0.2319
vn -0.9668 0.1067 -0.2322
vn -0.9668 0.1067 -0.2323
vn -0.9668 0.1068 -0.2320
vn -0.9669 0.1069 -0.2318
vn -0.9670 0.1070 -0.2311
vn -0.9666 0.1083 -0.2322
vn -0.9673 0.1104 -0.2285
vn -0.9665 0.1075 -0.2329
vn -0.9663 0.1059 -0.2345
vn -0.9698 0.1343 -0.2036
vn -0.9674 0.1116 -0.2272
vn 0.9669 0.1068 -0.2319
vn 0.9668 0.1070 -0.2321
vn 0.9668 0.1067 -0.2320
vn 0.9669 0.1066 -0.2319
vn 0.9669 0.1063 -0.2318
vn 0.9670 0.1061 -0.2316
vn 0.9665 0.1054 -0.2338
vn 0.9667 0.1082 -0.2320
vn 0.9674 0.1041 -0.2310
vn 0.9667 0.1083 -0.2317
vn 0.9669 0.1042 -0.2328
vn 0.9671 0.1042 -0.2321
vn 0.9670 0.1055 -0.2320
vn 0.0006 0.8673 -0.4977
vn -0.0017 0.8711 -0.4912
vn -0.0013 0.9891 0.1474
vn -0.0006 0.9898 0.1426
vn -0.9668 -0.0672 -0.2465
vn -0.9667 -0.0675 -0.2467
vn -0.9669 -0.0673 -0.2462
vn -0.9668 -0.0674 -0.2466
vn -0.9669 -0.0673 -0.2463
vn -0.9667 -0.0653 -0.2473
vn -0.9670 -0.0663 -0.2459
vn -0.9672 -0.0656 -0.2453
vn -0.9655 -0.0721 -0.2502
vn -0.9653 -0.0732 -0.2507
vn -0.9655 -0.0718 -0.2505
vn -0.9719 0.0130 -0.2348
vn -0.9712 0.0136 -0.2380
vn -0.9719 0.0114 -0.2352
vn 0.9669 -0.0673 -0.2463
vn 0.9668 -0.0672 -0.2467
vn 0.9668 -0.0674 -0.2463
vn 0.9669 -0.0674 -0.2463
vn 0.9666 -0.0667 -0.2474
vn 0.9670 -0.0678 -0.2456
vn 0.9667 -0.0686 -0.2466
vn 0.9665 -0.0657 -0.2482
vn 0.9666 -0.0669 -0.2473
vn 0.9672 -0.0683 -0.2446
vn 0.9675 -0.0730 -0.2421
vn 0.9682 -0.0806 -0.2367
vn 0.9683 -0.0809 -0.2364
vn 0.9672 -0.0708 -0.2439
vn -0.9669 -0.2544 -0.0211
vn -0.9672 -0.2533 -0.0172
vn -0.9672 -0.2534 -0.0177
vn -0.9670 -0.2540 -0.0199
vn -0.9668 -0.2546 -0.0226
vn -0.9669 -0.2540 -0.0227
vn -0.9671 -0.2535 -0.0194
vn -0.9669 -0.2544 -0.0208
vn -0.9668 -0.2546 -0.0229
vn -0.9668 -0.2547 -0.0207
vn -0.9670 -0.2541 -0.0190
vn -0.9669 -0.2544 -0.0209
vn -0.9669 -0.2543 -0.0210
vn -0.9669 -0.2543 -0.0201
vn 0.9697 -0.2384 -0.0542
vn 0.9673 -0.2521 -0.0263
vn 0.9712 -0.2186 -0.0947
vn 0.9714 -0.2165 -0.0974
vn 0.9656 -0.2594 -0.0163
vn 0.9664 -0.2565 -0.0194
vn 0.9658 -0.2588 -0.0175
vn 0.9676 -0.2520 -0.0133
vn 0.9676 -0.2520 -0.0130
vn 0.9677 -0.2518 -0.0138
vn 0.9672 -0.2531 -0.0222
vn 0.9670 -0.2540 -0.0214
vn 0.9668 -0.2545 -0.0241
vn 0.9669 -0.2545 -0.0211
vn 0.0006 -0.7644 -0.6447
vn -0.0015 -0.7594 -0.6507
vn -0.0013 -0.1998 -0.9798
vn -0.0006 -0.2044 -0.9789
vn 0.9669 -0.2469 -0.0649
vn 0.9669 -0.2468 -0.0648
vn 0.9668 -0.2470 -0.0648
vn 0.9669 -0.2469 -0.0647
vn 0.9667 -0.2473 -0.0652
vn 0.9670 -0.2466 -0.0641
vn 0.9664 -0.2494 -0.0622
vn 0.9672 -0.2472 -0.0577
vn 0.9670 -0.2462 -0.0657
vn 0.9670 -0.2465 -0.0640
vn 0.9705 -0.2407 -0.0118
vn 0.9672 -0.2466 -0.0607
vn -0.0000 0.0889 0.9960
vn -0.0021 0.0744 0.9972
vn -0.0006 -0.1426 0.9898
vn -0.0013 -0.1474 0.9891
vn 0.0027 0.9744 0.2248
vn -0.0027 0.6890 0.7248
vn 0.0011 0.6491 0.7607
vn 0.7071 0.6657 0.2386
vn 0.7071 0.5812 0.4027
vn 0.7071 0.4572 0.5394
vn 0.7071 0.3020 0.6394
vn 0.7071 0.1262 0.6958
vn 0.7071 -0.0581 0.7047
vn 0.7071 -0.2385 0.6657
vn 0.7071 -0.2386 0.6657
vn 0.7071 -0.4027 0.5812
vn 0.7071 -0.5394 0.4572
vn 0.7071 -0.6394 0.3020
vn 0.7071 -0.6957 0.1262
vn 0.7071 -0.7047 -0.0581
vn 0.7071 -0.6656 -0.2385
vn 0.7071 -0.5812 -0.4027
vn 0.7071 -0.4572 -0.5394
vn 0.7071 -0.3020 -0.6394
vn 0.7071 -0.1262 -0.6957
vn 0.7071 0.0581 -0.7047
vn 0.7071 0.2385 -0.6657
vn 0.7071 0.4027 -0.5812
vn 0.7071 0.5394 -0.4572
vn 0.7071 0.6394 -0.3020
vn 0.7071 0.6958 -0.1262
vn 0.7071 0.7047 0.0581
vn 0.0072 0.9974 -0.0721
vn -0.0072 0.9721 0.2346
vn 0.0059 0.9071 0.4208
vn -0.0049 0.7234 0.6904
vn 0.0007 0.6544 0.7562
vn -0.0005 0.3026 0.9531
vn 0.0005 0.3082 0.9513
vn 0.0049 -0.1869 0.9824
vn -0.0007 -0.0924 0.9957
vn -0.0045 -0.4689 0.8832
vn 0.0060 -0.6549 0.7557
vn -0.0032 -0.7717 0.6360
vn 0.0033 -0.9390 0.3439
vn -0.0010 -0.9563 0.2924
vn 0.0010 -0.9975 -0.0700
vn -0.0010 -0.9955 -0.0945
vn 0.0010 -0.8954 -0.4452
vn -0.0010 -0.8829 -0.4695
vn 0.0010 -0.6559 -0.7548
vn -0.0010 -0.6371 -0.7707
vn 0.0010 -0.3184 -0.9479
vn -0.0010 -0.2924 -0.9563
vn 0.0010 0.0700 -0.9975
vn -0.0010 0.0945 -0.9955
vn 0.0012 0.4610 -0.8874
vn 0.0007 0.4705 -0.8824
vn 0.0049 0.8268 -0.5625
vn -0.0007 0.7694 -0.6387
vn -0.0059 0.9638 -0.2664
vn 1.0000 -0.0000 -0.0000
vn 1.0000 -0.0000 -0.0002
vn 1.0000 -0.0000 0.0001
vn 1.0000 -0.0000 -0.0001
vn 1.0000 -0.0000 0.0003
vn 1.0000 -0.0000 0.0002
vn 1.0000 -0.0000 -0.0010
vn 1.0000 0.0003 -0.0001
vn 0.9668 -0.2545 0.0236
vn 0.9669 -0.2542 0.0235
vn 0.9658 -0.2571 0.0349
vn 0.9663 -0.2558 0.0299
vn 0.9658 -0.2567 0.0362
vn 0.9677 -0.2515 0.0152
vn 0.9676 -0.2519 0.0168
vn 0.9670 -0.2545 0.0142
vn 0.9676 -0.2515 0.0203
vn 0.9669 -0.2541 0.0233
vn 0.9668 -0.2545 0.0245
vn 0.9670 -0.2539 0.0219
vn 0.9672 -0.2530 0.0219
vn 0.9672 -0.2532 0.0222
vn 0.9668 -0.2546 0.0237
vn 0.9669 -0.2463 0.0673
vn 0.9668 -0.2466 0.0672
vn 0.9669 -0.2461 0.0674
vn 0.9668 -0.2462 0.0690
vn 0.9671 -0.2450 0.0681
vn 0.9670 -0.2456 0.0678
vn 0.9668 -0.2464 0.0673
vn 0.9678 -0.2422 0.0681
vn 0.9668 -0.2464 0.0674
vn 0.9659 -0.2492 0.0695
vn 0.9463 -0.3131 0.0806
vn 0.9620 -0.2639 0.0699
vn 0.9669 -0.2462 0.0674
vn 0.9669 -0.2308 0.1090
vn 0.9676 -0.2295 0.1057
vn 0.9680 -0.2282 0.1044
vn 0.9621 -0.2475 0.1150
vn 0.9621 -0.2461 0.1177
vn 0.9614 -0.2496 0.1158
vn 0.9670 -0.2310 0.1076
vn 0.9673 -0.2301 0.1068
vn 0.9669 -0.2311 0.1080
vn 0.9642 -0.2366 0.1199
vn 0.9643 -0.2358 0.1203
vn 0.9641 -0.2361 0.1215
vn 0.9668 -0.2311 0.1093
vn 0.9669 -0.2084 0.1475
vn 0.9667 -0.2088 0.1477
vn 0.9671 -0.2077 0.1471
vn 0.9672 -0.2073 0.1469
vn 0.9671 -0.2075 0.1470
vn 0.9663 -0.2111 0.1474
vn 0.9669 -0.2086 0.1472
vn 0.9665 -0.2083 0.1502
vn 0.9469 -0.2645 0.1830
vn 0.9468 -0.2658 0.1817
vn 0.9468 -0.2656 0.1817
vn 0.9675 -0.2060 0.1470
vn 0.9665 -0.2100 0.1476
vn 0.9668 -0.2089 0.1472
vn 0.9668 -0.1798 0.1817
vn 0.9669 -0.1796 0.1814
vn 0.9665 -0.1810 0.1818
vn 0.9684 -0.1884 0.1633
vn 0.9669 -0.1830 0.1779
vn 0.9704 -0.1959 0.1413
vn 0.9670 -0.1797 0.1804
vn 0.9670 -0.1797 0.1805
vn 0.9671 -0.1798 0.1799
vn 0.9673 -0.1797 0.1789
vn 0.9669 -0.1797 0.1812
vn 0.9667 -0.1798 0.1822
vn 0.9669 -0.1454 0.2098
vn 0.9668 -0.1455 0.2098
vn 0.9630 -0.1327 0.2346
vn 0.9637 -0.1347 0.2305
vn 0.9668 -0.1449 0.2105
vn 0.9673 -0.1459 0.2073
vn 0.9669 -0.1455 0.2098
vn 0.9667 -0.1446 0.2113
vn 0.9667 -0.1453 0.2106
vn 0.9665 -0.1484 0.2092
vn 0.9669 -0.1454 0.2099
vn 0.9669 -0.1068 0.2319
vn 0.9668 -0.1070 0.2321
vn 0.9668 -0.1067 0.2320
vn 0.9669 -0.1066 0.2319
vn 0.9669 -0.1063 0.2318
vn 0.9670 -0.1061 0.2316
vn 0.9665 -0.1054 0.2338
vn 0.9667 -0.1082 0.2320
vn 0.9674 -0.1041 0.2310
vn 0.9667 -0.1083 0.2317
vn 0.9669 -0.1042 0.2328
vn 0.9671 -0.1038 0.2321
vn 0.9670 -0.1055 0.2320
vn 0.9669 -0.0649 0.2469
vn 0.9668 -0.0651 0.2472
vn 0.9669 -0.0647 0.2469
vn 0.9667 -0.0656 0.2473
vn 0.9669 -0.0646 0.2467
vn 0.9664 -0.0620 0.2496
vn 0.9672 -0.0580 0.2472
vn 0.9670 -0.0657 0.2461
vn 0.9670 -0.0640 0.2465
vn 0.9705 -0.0118 0.2407
vn 0.9672 -0.0608 0.2466
vn 0.9656 -0.0109 0.2598
vn 0.9668 -0.0216 0.2545
vn 0.9677 -0.0302 0.2503
vn 0.9657 -0.0102 0.2596
vn 0.9667 -0.0198 0.2552
vn 0.9674 -0.0230 0.2522
vn 0.9668 -0.0211 0.2545
vn 0.9677 -0.0120 0.2518
vn 0.9678 -0.0128 0.2515
vn 0.9670 -0.0216 0.2539
vn 0.9669 -0.0219 0.2541
vn 0.9673 -0.0227 0.2527
vn 0.9669 0.0235 0.2542
vn 0.9668 0.0234 0.2546
vn 0.9670 0.0242 0.2538
vn 0.9668 0.0243 0.2544
vn 0.9669 0.0238 0.2541
vn 0.9670 0.0233 0.2537
vn 0.9672 0.0248 0.2529
vn 0.9678 0.0267 0.2505
vn 0.9636 0.0026 0.2673
vn 0.9640 -0.0001 0.2659
vn 0.9641 0.0005 0.2655
vn 0.9669 0.0227 0.2542
vn 0.9669 0.0233 0.2543
vn 0.9664 0.0193 0.2561
vn 0.9669 0.0673 0.2463
vn 0.9668 0.0672 0.2467
vn 0.9668 0.0674 0.2463
vn 0.9669 0.0674 0.2463
vn 0.9666 0.0667 0.2474
vn 0.9670 0.0678 0.2456
vn 0.9667 0.0686 0.2466
vn 0.9665 0.0657 0.2482
vn 0.9666 0.0669 0.2473
vn 0.9672 0.0683 0.2446
vn 0.9675 0.0730 0.2421
vn 0.9682 0.0806 0.2367
vn 0.9683 0.0809 0.2364
vn 0.9672 0.0708 0.2439
vn 0.9669 0.1090 0.2308
vn 0.9670 0.1106 0.2294
vn 0.9667 0.1107 0.2306
vn 0.9669 0.1101 0.2302
vn 0.9675 0.1080 0.2286
vn 0.9561 0.1264 0.2643
vn 0.9568 0.1254 0.2624
vn 0.9568 0.1288 0.2607
vn 0.9710 0.0871 0.2228
vn 0.9712 0.0871 0.2216
vn 0.9709 0.0890 0.2222
vn 0.9669 0.1087 0.2307
vn 0.9669 0.1089 0.2309
vn 0.9669 0.1475 0.2084
vn 0.9668 0.1475 0.2087
vn 0.9666 0.1505 0.2076
vn 0.9666 0.1475 0.2095
vn 0.9670 0.1477 0.2077
vn 0.9683 0.1482 0.2009
vn 0.9685 0.1489 0.1998
vn 0.9693 0.1497 0.1951
vn 0.9452 0.0759 0.3175
vn 0.9461 0.0738 0.3154
vn 0.9457 0.0732 0.3168
vn 0.9676 0.1463 0.2057
vn 0.9663 0.1436 0.2136
vn 0.9659 0.1411 0.2171
vn 0.9666 0.1818 0.1805
vn 0.9669 0.1813 0.1796
vn 0.9669 0.1814 0.1796
vn 0.9665 0.1852 0.1779
vn 0.9667 0.1817 0.1800
vn 0.9670 0.1814 0.1789
vn 0.9685 0.1800 0.1720
vn 0.9683 0.1795 0.1735
vn 0.9685 0.1800 0.1724
vn 0.9536 0.1474 0.2625
vn 0.9539 0.1481 0.2609
vn 0.9535 0.1472 0.2629
vn 0.9669 0.2099 0.1454
vn 0.9668 0.2100 0.1457
vn 0.9667 0.2101 0.1460
vn 0.9669 0.2098 0.1452
vn 0.9666 0.2118 0.1440
vn 0.9671 0.2096 0.1441
vn 0.9670 0.2098 0.1445
vn 0.9669 0.2096 0.1457
vn 0.9670 0.2098 0.1448
vn 0.9678 0.2090 0.1405
vn 0.9636 0.2094 0.1663
vn 0.9650 0.2059 0.1624
vn 0.9647 0.2053 0.1650
vn 0.9672 0.2084 0.1450
vn 0.9674 0.2118 0.1387
vn 0.9670 0.2106 0.1431
vn 0.9669 0.2319 0.1068
vn 0.9668 0.2322 0.1071
vn 0.9668 0.2320 0.1068
vn 0.9669 0.2319 0.1064
vn 0.9672 0.2312 0.1056
vn 0.9653 0.2386 0.1057
vn 0.9651 0.2397 0.1051
vn 0.9653 0.2387 0.1057
vn 0.9391 0.3126 0.1428
vn 0.9391 0.3128 0.1425
vn 0.9390 0.3123 0.1439
vn 0.9688 0.2269 0.0994
vn 0.9684 0.2283 0.1008
vn 0.9686 0.2277 0.1002
vn 0.9669 0.2469 0.0649
vn 0.9670 0.2465 0.0646
vn 0.9669 0.2467 0.0646
vn 0.9670 0.2466 0.0645
vn 0.9671 0.2462 0.0637
vn 0.9673 0.2458 0.0629
vn 0.9668 0.2483 0.0606
vn 0.9669 0.2469 0.0650
vn 0.9676 0.2447 0.0626
vn 0.9482 0.3066 0.0832
vn 0.9476 0.3078 0.0857
vn 0.9474 0.3082 0.0864
vn 0.9676 0.2448 0.0626
vn 0.9667 0.2474 0.0656
vn 0.9668 0.2471 0.0652
vn 0.9669 0.2542 -0.0235
vn 0.9668 0.2545 -0.0234
vn 0.9668 0.2546 -0.0234
vn 0.9668 0.2543 -0.0235
vn 0.9668 0.2543 -0.0236
vn 0.9670 0.2538 -0.0240
vn 0.9668 0.2543 -0.0237
vn 0.9991 0.0416 0.0102
vn 0.9991 0.0415 0.0091
vn 0.9991 0.0422 0.0098
vn 0.9480 0.3169 -0.0294
vn 0.9481 0.3167 -0.0275
vn 0.9486 0.3151 -0.0293
vn 0.9670 0.2537 -0.0240
vn 0.9669 0.2541 -0.0238
vn 0.9669 0.2462 -0.0673
vn 0.9650 0.2476 -0.0867
vn 0.9594 0.2544 -0.1215
vn 0.9660 0.2473 -0.0755
vn 0.9676 0.2434 -0.0676
vn 0.9681 0.2430 -0.0616
vn 0.9669 0.2464 -0.0661
vn 0.9673 0.2451 -0.0647
vn 0.9668 0.2464 -0.0675
vn 0.9668 0.2463 -0.0673
vn 0.9668 0.2466 -0.0675
vn 0.9669 0.2308 -0.1090
vn 0.9669 0.2307 -0.1090
vn 0.9669 0.2307 -0.1091
vn 0.9669 0.2305 -0.1091
vn 0.9669 0.2305 -0.1093
vn 0.9671 0.2295 -0.1095
vn 0.9665 0.2305 -0.1129
vn 0.9669 0.2308 -0.1091
vn 0.9677 0.2273 -0.1093
vn 0.9362 0.3200 -0.1457
vn 0.9353 0.3229 -0.1450
vn 0.9349 0.3241 -0.1447
vn 0.9677 0.2274 -0.1093
vn 0.9667 0.2315 -0.1090
vn 0.9669 0.2084 -0.1475
vn 0.9667 0.2088 -0.1477
vn 0.9674 0.2064 -0.1464
vn 0.9675 0.2061 -0.1463
vn 0.9595 0.2318 -0.1598
vn 0.9612 0.2272 -0.1564
vn 0.9612 0.2251 -0.1592
vn 0.9529 0.2492 -0.1731
vn 0.9535 0.2475 -0.1718
vn 0.9540 0.2464 -0.1710
vn 0.9664 0.2108 -0.1473
vn 0.9664 0.2109 -0.1472
vn 0.9667 0.2098 -0.1465
vn 0.9668 0.1798 -0.1817
vn 0.9669 0.1796 -0.1814
vn 0.9668 0.1801 -0.1815
vn 0.9621 0.1935 -0.1921
vn 0.9607 0.1964 -0.1960
vn 0.9614 0.1951 -0.1938
vn 0.9670 0.1804 -0.1799
vn 0.9675 0.1798 -0.1780
vn 0.9669 0.1804 -0.1803
vn 0.9682 0.1788 -0.1750
vn 0.9676 0.1795 -0.1773
vn 0.9676 0.1796 -0.1776
vn 0.9635 0.1805 -0.1978
vn 0.9633 0.1815 -0.1977
vn 0.9636 0.1805 -0.1970
vn 0.9669 0.1797 -0.1812
vn 0.9667 0.1798 -0.1822
vn 0.9669 0.1796 -0.1813
vn 0.9669 0.1454 -0.2099
vn 0.9669 0.1453 -0.2098
vn 0.9672 0.1447 -0.2090
vn 0.9673 0.1442 -0.2086
vn 0.9672 0.1444 -0.2088
vn 0.9639 0.1535 -0.2176
vn 0.9639 0.1507 -0.2194
vn 0.9599 0.1611 -0.2293
vn 0.9602 0.1605 -0.2287
vn 0.9591 0.1622 -0.2318
vn 0.9669 0.1463 -0.2089
vn 0.9666 0.1469 -0.2099
vn 0.9667 0.1467 -0.2096
vn 0.9669 -0.1090 -0.2308
vn 0.9664 -0.1094 -0.2325
vn 0.9687 -0.0843 -0.2333
vn 0.9671 -0.1025 -0.2329
vn 0.9712 -0.0535 -0.2321
vn 0.9661 -0.1125 -0.2322
vn 0.9672 -0.1058 -0.2308
vn 0.9675 -0.1058 -0.2297
vn 0.9672 -0.1077 -0.2302
vn 0.9669 -0.1088 -0.2307
vn 0.9669 -0.1089 -0.2309
vn 0.9669 -0.1475 -0.2084
vn 0.9671 -0.1472 -0.2074
vn 0.9671 -0.1470 -0.2074
vn 0.9672 -0.1469 -0.2074
vn 0.9663 -0.1474 -0.2109
vn 0.9669 -0.1473 -0.2085
vn 0.9665 -0.1503 -0.2083
vn 0.9409 -0.1921 -0.2791
vn 0.9404 -0.1913 -0.2811
vn 0.9408 -0.1907 -0.2801
vn 0.9675 -0.1471 -0.2059
vn 0.9665 -0.1477 -0.2099
vn 0.9668 -0.1472 -0.2087
vn 0.9668 -0.1817 -0.1798
vn 0.9669 -0.1814 -0.1796
vn 0.9668 -0.1820 -0.1793
vn 0.9675 -0.1790 -0.1784
vn 0.9664 -0.1833 -0.1799
vn 0.9675 -0.1793 -0.1785
vn 0.9667 -0.1825 -0.1795
vn 0.9639 -0.1903 -0.1862
vn 0.9639 -0.1908 -0.1857
vn 0.9643 -0.1927 -0.1819
vn 0.9691 -0.1698 -0.1791
vn 0.9692 -0.1692 -0.1792
vn 0.9693 -0.1682 -0.1791
vn 0.9668 -0.1818 -0.1798
vn 0.9669 -0.2099 -0.1454
vn 0.9668 -0.2101 -0.1457
vn 0.9669 -0.2099 -0.1452
vn 0.9669 -0.2099 -0.1453
vn 0.9668 -0.2100 -0.1455
vn 0.9672 -0.2096 -0.1434
vn 0.9669 -0.2106 -0.1442
vn 0.9669 -0.2096 -0.1457
vn 0.9670 -0.2098 -0.1447
vn 0.9678 -0.2090 -0.1404
vn 0.9636 -0.2093 -0.1664
vn 0.9650 -0.2059 -0.1625
vn 0.9647 -0.2053 -0.1651
vn 0.9672 -0.2084 -0.1450
vn 0.9674 -0.2118 -0.1387
vn 0.9670 -0.2106 -0.1431
vn 0.9668 -0.2322 -0.1068
vn 0.9669 -0.2319 -0.1067
vn 0.9628 -0.2447 -0.1146
vn 0.9627 -0.2463 -0.1120
vn 0.9628 -0.2448 -0.1147
vn 0.9670 -0.2307 -0.1081
vn 0.9672 -0.2302 -0.1076
vn 0.9670 -0.2310 -0.1079
vn 0.9677 -0.2279 -0.1078
vn 0.9675 -0.2285 -0.1082
vn 0.9674 -0.2289 -0.1082
vn 0.9625 -0.2521 -0.1005
vn 0.9628 -0.2508 -0.1009
vn 0.9624 -0.2514 -0.1029
vn 0.9669 -0.2319 -0.1068
vn 0.0007 -0.6386 -0.7696
vn 0.0015 -0.9326 0.3610
vn -0.0009 -0.6342 -0.7732
vn -0.0006 -0.9353 0.3538
vn 0.0006 -0.4977 -0.8673
vn 0.0015 -0.9811 0.1937
vn -0.0015 -0.4911 -0.8711
vn -0.0006 -0.9825 0.1861
vn 0.0006 -0.3396 -0.9406
vn 0.0009 -0.9998 0.0209
vn -0.0015 -0.3324 -0.9432
vn -0.0005 -0.9999 0.0156
vn 0.0007 -0.1682 -0.9857
vn 0.0015 -0.9881 -0.1537
vn -0.0009 -0.1629 -0.9866
vn -0.0003 -0.9869 -0.1612
vn 0.0006 0.0026 -1.0000
vn 0.0009 -0.9466 -0.3223
vn -0.0015 0.0102 -0.9999
vn -0.0007 -0.9449 -0.3273
vn 0.0007 0.3472 -0.9378
vn 0.0015 -0.7789 -0.6272
vn -0.0009 0.3522 -0.9359
vn -0.0006 -0.7741 -0.6330
vn 0.0006 0.5022 -0.8648
vn 0.0009 -0.6587 -0.7524
vn -0.0015 0.5089 -0.8608
vn -0.0007 -0.6546 -0.7560
vn 0.0006 0.6447 -0.7644
vn 0.0015 -0.5176 -0.8556
vn -0.0015 0.6507 -0.7594
vn -0.0006 -0.5108 -0.8597
vn 0.0007 0.7696 -0.6386
vn 0.0015 -0.3610 -0.9326
vn -0.0009 0.7732 -0.6342
vn -0.0006 -0.3538 -0.9353
vn 0.0015 -0.1935 -0.9811
vn -0.0006 -0.1861 -0.9825
vn 0.0006 0.9406 -0.3396
vn 0.0009 -0.0209 -0.9998
vn -0.0015 0.9432 -0.3324
vn -0.0007 -0.0156 -0.9999
vn 0.0007 0.9858 -0.1682
vn 0.0015 0.1537 -0.9881
vn -0.0009 0.9866 -0.1629
vn -0.0003 0.1612 -0.9869
vn 0.0006 1.0000 0.0024
vn 0.0009 0.3223 -0.9466
vn -0.0015 0.9999 0.0102
vn -0.0007 0.3273 -0.9449
vn 0.0007 0.9838 0.1791
vn 0.0015 0.4824 -0.8760
vn -0.0009 0.9828 0.1844
vn -0.0006 0.4890 -0.8723
vn 0.0007 0.9378 0.3472
vn 0.0015 0.6271 -0.7790
vn -0.0009 0.9359 0.3522
vn -0.0006 0.6330 -0.7741
vn 0.0006 0.8648 0.5022
vn 0.0009 0.7524 -0.6587
vn -0.0015 0.8608 0.5089
vn -0.0007 0.7560 -0.6546
vn 0.0015 0.8556 -0.5176
vn -0.0006 0.8597 -0.5108
vn 0.0007 0.6386 0.7696
vn 0.0015 0.9326 -0.3610
vn -0.0009 0.6342 0.7732
vn -0.0006 0.9353 -0.3538
vn 0.0006 0.4977 0.8673
vn 0.0015 0.9811 -0.1936
vn -0.0015 0.4911 0.8711
vn -0.0006 0.9825 -0.1861
vn 0.0006 0.3396 0.9406
vn 0.0009 0.9998 -0.0211
vn -0.0015 0.3324 0.9432
vn -0.0007 0.9999 -0.0156
vn 0.0007 0.1682 0.9858
vn 0.0015 0.9881 0.1537
vn -0.0009 0.1629 0.9866
vn -0.0003 0.9869 0.1612
vn 0.0006 -0.0026 1.0000
vn 0.0009 0.9466 0.3223
vn -0.0015 -0.0102 0.9999
vn -0.0007 0.9449 0.3273
vn 0.0007 -0.1791 0.9838
vn 0.0015 0.8760 0.4824
vn -0.0009 -0.1844 0.9828
vn -0.0006 0.8723 0.4890
vn 0.0006 -0.3444 0.9388
vn 0.0015 0.7789 0.6272
vn -0.0015 -0.3516 0.9361
vn -0.0006 0.7741 0.6330
vn 0.0006 -0.5022 0.8648
vn 0.0009 0.6587 0.7524
vn -0.0015 -0.5089 0.8608
vn -0.0007 0.6546 0.7560
vn 0.0006 -0.6447 0.7644
vn 0.0015 0.5176 0.8556
vn -0.0015 -0.6507 0.7594
vn -0.0006 0.5108 0.8597
vn 0.0007 -0.7696 0.6386
vn 0.0015 0.3610 0.9326
vn -0.0009 -0.7732 0.6342
vn -0.0006 0.3538 0.9353
vn 0.0006 -0.8673 0.4977
vn 0.0015 0.1935 0.9811
vn -0.0017 -0.8711 0.4912
vn -0.0006 0.1861 0.9825
vn 0.0006 -0.9406 0.3396
vn 0.0009 0.0209 0.9998
vn -0.0015 -0.9432 0.3324
vn -0.0007 0.0156 0.9999
vn 0.0007 -0.9858 0.1682
vn 0.0015 -0.1537 0.9881
vn -0.0009 -0.9866 0.1629
vn -0.0003 -0.1612 0.9869
vn 0.0006 -1.0000 -0.0024
vn 0.0009 -0.3223 0.9466
vn -0.0015 -0.9999 -0.0103
vn -0.0007 -0.3274 0.9449
vn 0.0007 -0.9838 -0.1791
vn 0.0015 -0.4824 0.8760
vn -0.0007 -0.9828 -0.1844
vn -0.0006 -0.4890 0.8723
vn 0.0007 -0.9378 -0.3472
vn 0.0015 -0.6271 0.7790
vn -0.0009 -0.9359 -0.3522
vn -0.0006 -0.6330 0.7741
vn 0.0006 -0.8648 -0.5022
vn 0.0009 -0.7524 0.6587
vn -0.0015 -0.8608 -0.5089
vn -0.0007 -0.7560 0.6546
vn 0.0015 -0.8556 0.5176
vn -0.0006 -0.8597 0.5108
vn -0.0000 -0.4243 -0.9055
vn -0.0021 -0.4111 -0.9116
vn 0.0039 -0.9997 0.0222
vn -0.0028 -0.8953 -0.4455
vn 0.0010 -0.8641 -0.5034
vn -0.0036 -0.9848 0.1736
vn 0.0036 -0.7541 0.6567
vn -0.0016 -0.7000 0.7141
vn 0.0013 -0.5194 0.8545
vn 0.0014 -0.5190 0.8548
vn -0.0006 -0.0276 -0.9996
vn -0.0001 -0.0314 -0.9995
vn -0.0000 -0.2607 -0.9654
vn -0.0016 -0.2490 -0.9685
vn 0.0039 -0.9884 -0.1515
vn -0.0028 -0.8043 -0.5942
vn 0.0010 -0.7638 -0.6455
vn -0.0036 -1.0000 -0.0000
vn 0.0036 -0.8567 0.5157
vn -0.0016 -0.8134 0.5817
vn 0.0013 -0.6599 0.7514
vn 0.0014 -0.6595 0.7517
vn -0.0013 0.1474 -0.9891
vn -0.0006 0.1426 -0.9898
vn -0.0000 -0.0889 -0.9960
vn -0.0021 -0.0744 -0.9972
vn 0.0027 -0.9744 -0.2248
vn -0.0027 -0.6890 -0.7248
vn 0.0011 -0.6491 -0.7607
vn 0.0016 -0.8977 0.4406
vn -0.0000 -0.9030 0.4296
vn -0.0011 -0.9850 -0.1723
vn 0.0006 -0.7773 0.6291
vn 0.0001 -0.7797 0.6262
vn -0.0013 0.3169 -0.9485
vn -0.0006 0.3124 -0.9500
vn 0.0013 0.0861 -0.9963
vn -0.0019 0.1241 -0.9923
vn 0.0023 -0.8810 -0.4731
vn -0.0013 -0.8490 -0.5283
vn 0.0010 -0.4982 -0.8671
vn -0.0012 -0.4596 -0.8881
vn 0.0030 -0.9800 0.1992
vn -0.0030 -0.9910 0.1342
vn 0.0013 -0.8775 0.4795
vn -0.0006 -0.8826 0.4701
vn -0.0006 0.4708 -0.8823
vn -0.0020 0.4772 -0.8788
vn 0.0013 0.3445 -0.9388
vn -0.0043 0.1880 -0.9822
vn 0.0056 -0.7758 -0.6309
vn -0.0056 -0.4952 -0.8687
vn 0.0050 -0.2474 -0.9689
vn -0.0050 -0.9152 -0.4029
vn 0.0043 -0.9997 0.0245
vn -0.0013 -0.9825 0.1860
vn 0.0006 -0.9475 0.3198
vn 0.0020 -0.9451 0.3267
vn -0.0013 0.6168 -0.7871
vn 0.0006 0.6084 -0.7937
vn 0.0030 0.2948 -0.9556
vn -0.0030 0.3571 -0.9341
vn 0.0013 -0.3820 -0.9242
vn -0.0023 -0.3223 -0.9467
vn 0.0019 -0.9992 -0.0402
vn -0.0013 -0.9969 -0.0784
vn 0.0012 -0.8008 -0.5990
vn -0.0010 -0.7737 -0.6336
vn 0.0013 -0.9876 0.1572
vn 0.0006 -0.9883 0.1525
vn -0.0006 0.7480 -0.6637
vn -0.0001 0.7455 -0.6665
vn -0.0000 0.5718 -0.8204
vn -0.0016 0.5817 -0.8134
vn 0.0027 -0.6021 -0.7984
vn -0.0027 -0.0621 -0.9981
vn 0.0011 -0.0085 -1.0000
vn 0.0021 -0.9716 -0.2368
vn -0.0000 -0.9680 -0.2509
vn -0.0011 -0.6441 -0.7650
vn 0.0013 -0.9999 -0.0167
vn 0.0006 -0.9998 -0.0215
vn -0.0006 0.8491 -0.5283
vn -0.0009 0.8496 -0.5274
vn 0.0016 0.7071 -0.7071
vn -0.0031 0.6478 -0.7618
vn 0.0028 -0.4543 -0.8909
vn -0.0039 0.0128 -0.9999
vn 0.0035 0.1639 -0.9865
vn 0.0016 -0.9146 -0.4044
vn -0.0000 -0.9096 -0.4154
vn -0.0010 -0.5116 -0.8592
vn 0.0006 -0.9816 -0.1910
vn 0.0001 -0.9809 -0.1947
vn -0.0013 0.9281 -0.3723
vn -0.0014 0.9283 -0.3719
vn 0.0016 0.8192 -0.5735
vn -0.0036 0.7714 -0.6363
vn 0.0028 -0.2928 -0.9562
vn -0.0039 0.1858 -0.9826
vn 0.0036 0.3327 -0.9430
vn 0.0021 -0.8319 -0.5549
vn -0.0000 -0.8238 -0.5669
vn -0.0010 -0.3550 -0.9349
vn 0.0013 -0.9339 -0.3576
vn 0.0006 -0.9321 -0.3621
vn -0.0013 0.9798 -0.1998
vn -0.0006 0.9789 -0.2044
vn -0.0000 0.9055 -0.4243
vn -0.0021 0.9116 -0.4111
vn 0.0039 -0.0222 -0.9997
vn -0.0028 0.4455 -0.8953
vn 0.0010 0.5034 -0.8641
vn -0.0036 -0.1736 -0.9848
vn 0.0036 -0.6567 -0.7541
vn -0.0016 -0.7141 -0.7000
vn 0.0013 -0.8545 -0.5194
vn 0.0014 -0.8548 -0.5190
vn -0.0006 0.9996 -0.0276
vn -0.0001 0.9995 -0.0314
vn -0.0000 0.9654 -0.2607
vn -0.0016 0.9685 -0.2490
vn 0.0039 0.1515 -0.9884
vn -0.0028 0.5941 -0.8043
vn 0.0010 0.6455 -0.7638
vn -0.0036 -0.0000 -1.0000
vn 0.0036 -0.5157 -0.8567
vn -0.0016 -0.5817 -0.8134
vn 0.0013 -0.7514 -0.6599
vn 0.0014 -0.7517 -0.6595
vn -0.0000 0.9960 -0.0889
vn -0.0021 0.9972 -0.0744
vn 0.0027 0.2248 -0.9744
vn -0.0027 0.7248 -0.6890
vn 0.0011 0.7607 -0.6491
vn 0.0016 -0.4406 -0.8977
vn -0.0000 -0.4296 -0.9030
vn -0.0011 0.1723 -0.9850
vn 0.0006 -0.6291 -0.7773
vn 0.0001 -0.6262 -0.7797
vn -0.0013 0.9485 0.3169
vn -0.0006 0.9500 0.3124
vn 0.0013 0.9963 0.0861
vn -0.0019 0.9923 0.1241
vn 0.0023 0.4731 -0.8810
vn -0.0013 0.5283 -0.8490
vn 0.0010 0.8671 -0.4982
vn -0.0012 0.8881 -0.4596
vn 0.0030 -0.1992 -0.9800
vn -0.0030 -0.1342 -0.9910
vn 0.0013 -0.4795 -0.8775
vn -0.0006 -0.4701 -0.8826
vn -0.0006 0.8823 0.4708
vn -0.0020 0.8788 0.4772
vn 0.0013 0.9388 0.3445
vn -0.0043 0.9822 0.1880
vn 0.0056 0.6309 -0.7758
vn -0.0056 0.8687 -0.4952
vn 0.0050 0.9689 -0.2474
vn -0.0050 0.4029 -0.9152
vn 0.0043 -0.0245 -0.9997
vn -0.0013 -0.1860 -0.9825
vn 0.0006 -0.3198 -0.9475
vn 0.0020 -0.3267 -0.9451
vn -0.0013 0.7871 0.6168
vn 0.0006 0.7937 0.6084
vn 0.0030 0.9556 0.2948
vn -0.0030 0.9340 0.3571
vn 0.0013 0.9242 -0.3820
vn -0.0023 0.9467 -0.3222
vn 0.0019 0.0402 -0.9992
vn -0.0013 0.0784 -0.9969
vn 0.0012 0.5990 -0.8008
vn -0.0010 0.6336 -0.7737
vn 0.0013 -0.1572 -0.9876
vn 0.0006 -0.1525 -0.9883
vn -0.0006 0.6637 0.7480
vn -0.0001 0.6665 0.7455
vn -0.0000 0.8204 0.5718
vn -0.0016 0.8134 0.5817
vn 0.0027 0.7984 -0.6021
vn -0.0027 0.9981 -0.0621
vn 0.0011 1.0000 -0.0086
vn 0.0021 0.2368 -0.9716
vn -0.0000 0.2509 -0.9680
vn -0.0011 0.7650 -0.6441
vn 0.0013 0.0167 -0.9999
vn 0.0006 0.0215 -0.9998
vn -0.0006 0.5283 0.8491
vn -0.0009 0.5274 0.8496
vn 0.0016 0.7071 0.7071
vn -0.0031 0.7618 0.6478
vn 0.0028 0.8909 -0.4543
vn -0.0039 0.9999 0.0128
vn 0.0035 0.9865 0.1639
vn 0.0016 0.4044 -0.9146
vn -0.0000 0.4154 -0.9096
vn -0.0010 0.8592 -0.5116
vn 0.0006 0.1910 -0.9816
vn 0.0001 0.1947 -0.9809
vn -0.0013 0.3723 0.9281
vn -0.0014 0.3719 0.9283
vn 0.0016 0.5735 0.8192
vn -0.0036 0.6363 0.7714
vn 0.0028 0.9562 -0.2928
vn -0.0039 0.9826 0.1858
vn 0.0036 0.9430 0.3327
vn 0.0020 0.5549 -0.8319
vn -0.0000 0.5669 -0.8238
vn -0.0010 0.9349 -0.3550
vn 0.0013 0.3576 -0.9339
vn 0.0006 0.3621 -0.9321
vn -0.0000 0.4243 0.9055
vn -0.0021 0.4111 0.9116
vn 0.0039 0.9997 -0.0222
vn -0.0028 0.8953 0.4455
vn 0.0010 0.8641 0.5034
vn -0.0036 0.9848 -0.1736
vn 0.0036 0.7541 -0.6567
vn -0.0016 0.7000 -0.7141
vn 0.0013 0.5194 -0.8545
vn 0.0014 0.5190 -0.8548
vn -0.0006 0.0276 0.9996
vn -0.0001 0.0314 0.9995
vn -0.0000 0.2607 0.9654
vn -0.0016 0.2490 0.9685
vn 0.0039 0.9884 0.1515
vn -0.0028 0.8043 0.5942
vn 0.0010 0.7638 0.6455
vn -0.0036 1.0000 -0.0000
vn 0.0036 0.8567 -0.5157
vn -0.0016 0.8134 -0.5817
vn 0.0013 0.6599 -0.7514
vn 0.0014 0.6595 -0.7517
vn 0.0016 0.8977 -0.4406
vn -0.0000 0.9030 -0.4296
vn -0.0011 0.9850 0.1723
vn 0.0006 0.7773 -0.6291
vn 0.0001 0.7797 -0.6262
vn -0.0013 -0.3169 0.9485
vn -0.0006 -0.3124 0.9500
vn 0.0013 -0.0861 0.9963
vn -0.0019 -0.1241 0.9923
vn 0.0023 0.8810 0.4731
vn -0.0013 0.8490 0.5283
vn 0.0010 0.4982 0.8671
vn -0.0012 0.4596 0.8881
vn 0.0030 0.9800 -0.1992
vn -0.0030 0.9910 -0.1342
vn 0.0013 0.8776 -0.4795
vn -0.0006 0.8826 -0.4701
vn -0.0006 -0.4708 0.8823
vn -0.0020 -0.4772 0.8788
vn 0.0013 -0.3445 0.9388
vn -0.0043 -0.1880 0.9822
vn 0.0056 0.7758 0.6309
vn -0.0056 0.4952 0.8687
vn 0.0050 0.2474 0.9689
vn -0.0050 0.9152 0.4029
vn 0.0043 0.9997 -0.0245
vn -0.0013 0.9825 -0.1860
vn 0.0006 0.9475 -0.3198
vn 0.0020 0.9451 -0.3267
vn -0.0013 -0.6168 0.7871
vn 0.0006 -0.6084 0.7937
vn 0.0030 -0.2948 0.9556
vn -0.0030 -0.3571 0.9340
vn 0.0013 0.3820 0.9242
vn -0.0023 0.3223 0.9467
vn 0.0019 0.9992 0.0402
vn -0.0013 0.9969 0.0784
vn 0.0012 0.8008 0.5990
vn -0.0010 0.7737 0.6336
vn 0.0013 0.9876 -0.1572
vn 0.0006 0.9883 -0.1525
vn -0.0006 -0.7480 0.6637
vn -0.0001 -0.7455 0.6665
vn -0.0000 -0.5718 0.8204
vn -0.0016 -0.5817 0.8134
vn 0.0027 0.6021 0.7984
vn -0.0027 0.0621 0.9981
vn 0.0011 0.0085 1.0000
vn 0.0021 0.9716 0.2368
vn -0.0000 0.9680 0.2509
vn -0.0011 0.6441 0.7650
vn 0.0013 0.9999 0.0167
vn 0.0006 0.9998 0.0215
vn -0.0013 -0.8493 0.5279
vn -0.0014 -0.8496 0.5274
vn 0.0016 -0.7071 0.7071
vn -0.0036 -0.6491 0.7607
vn 0.0028 0.4543 0.8909
vn -0.0039 -0.0125 0.9999
vn 0.0036 -0.1639 0.9865
vn 0.0016 0.9146 0.4044
vn -0.0000 0.9096 0.4154
vn -0.0010 0.5116 0.8592
vn 0.0006 0.9816 0.1910
vn 0.0001 0.9809 0.1947
vn -0.0013 -0.9281 0.3723
vn -0.0014 -0.9283 0.3719
vn 0.0016 -0.8192 0.5735
vn -0.0036 -0.7714 0.6363
vn 0.0028 0.2928 0.9562
vn -0.0039 -0.1858 0.9826
vn 0.0036 -0.3327 0.9430
vn 0.0021 0.8319 0.5549
vn -0.0000 0.8238 0.5669
vn -0.0010 0.3550 0.9349
vn 0.0013 0.9339 0.3576
vn 0.0006 0.9321 0.3621
vn -0.0013 -0.9798 0.1998
vn -0.0006 -0.9789 0.2044
vn -0.0000 -0.9055 0.4243
vn -0.0021 -0.9116 0.4111
vn 0.0039 0.0222 0.9997
vn -0.0028 -0.4455 0.8953
vn 0.0010 -0.5034 0.8641
vn -0.0036 0.1736 0.9848
vn 0.0036 0.6567 0.7541
vn -0.0016 0.7141 0.7000
vn 0.0013 0.8545 0.5194
vn 0.0014 0.8548 0.5190
vn -0.0006 -0.9996 0.0276
vn -0.0001 -0.9995 0.0314
vn -0.0000 -0.9654 0.2607
vn -0.0016 -0.9685 0.2490
vn 0.0039 -0.1515 0.9884
vn -0.0028 -0.5941 0.8043
vn 0.0010 -0.6455 0.7638
vn -0.0036 -0.0000 1.0000
vn 0.0036 0.5157 0.8567
vn -0.0016 0.5817 0.8134
vn 0.0013 0.7514 0.6599
vn 0.0014 0.7517 0.6595
vn -0.0013 -0.9891 -0.1474
vn -0.0006 -0.9898 -0.1426
vn -0.0000 -0.9960 0.0889
vn -0.0021 -0.9972 0.0744
vn 0.0027 -0.2248 0.9744
vn -0.0027 -0.7248 0.6890
vn 0.0011 -0.7607 0.6491
vn 0.0016 0.4406 0.8977
vn -0.0000 0.4296 0.9030
vn -0.0011 -0.1723 0.9850
vn 0.0006 0.6291 0.7773
vn 0.0001 0.6262 0.7797
vn -0.0013 -0.9485 -0.3169
vn -0.0006 -0.9500 -0.3124
vn 0.0013 -0.9963 -0.0861
vn -0.0019 -0.9923 -0.1241
vn 0.0023 -0.4731 0.8810
vn -0.0013 -0.5283 0.8490
vn 0.0010 -0.8671 0.4982
vn -0.0012 -0.8881 0.4596
vn 0.0030 0.1992 0.9800
vn -0.0030 0.1342 0.9910
vn 0.0013 0.4795 0.8775
vn -0.0006 0.4701 0.8826
vn -0.0006 -0.8823 -0.4708
vn -0.0020 -0.8788 -0.4772
vn 0.0013 -0.9388 -0.3445
vn -0.0043 -0.9822 -0.1880
vn 0.0056 -0.6309 0.7758
vn -0.0056 -0.8687 0.4952
vn 0.0050 -0.9689 0.2474
vn -0.0050 -0.4029 0.9152
vn 0.0043 0.0245 0.9997
vn -0.0013 0.1860 0.9825
vn 0.0006 0.3198 0.9475
vn 0.0020 0.3267 0.9451
vn -0.0013 -0.7871 -0.6168
vn 0.0006 -0.7937 -0.6084
vn 0.0030 -0.9556 -0.2948
vn -0.0030 -0.9340 -0.3571
vn 0.0013 -0.9242 0.3820
vn -0.0023 -0.9467 0.3222
vn 0.0019 -0.0402 0.9992
vn -0.0013 -0.0784 0.9969
vn 0.0012 -0.5990 0.8008
vn -0.0010 -0.6336 0.7737
vn 0.0013 0.1572 0.9876
vn 0.0006 0.1525 0.9883
vn -0.0006 -0.6637 -0.7480
vn -0.0001 -0.6665 -0.7455
vn -0.0000 -0.8204 -0.5718
vn -0.0016 -0.8134 -0.5817
vn 0.0027 -0.7984 0.6021
vn -0.0027 -0.9981 0.0621
vn 0.0011 -1.0000 0.0086
vn 0.0021 -0.2368 0.9716
vn -0.0000 -0.2509 0.9680
vn -0.0011 -0.7650 0.6441
vn 0.0013 -0.0167 0.9999
vn 0.0006 -0.0215 0.9998
vn -0.0006 -0.5283 -0.8491
vn -0.0009 -0.5274 -0.8496
vn 0.0016 -0.7071 -0.7071
vn -0.0031 -0.7618 -0.6478
vn 0.0028 -0.8909 0.4543
vn -0.0039 -0.9999 -0.0128
vn 0.0035 -0.9865 -0.1639
vn 0.0016 -0.4044 0.9146
vn -0.0000 -0.4154 0.9096
vn -0.0010 -0.8592 0.5116
vn 0.0006 -0.1910 0.9816
vn 0.0001 -0.1947 0.9809
vn -0.0013 -0.3723 -0.9281
vn -0.0014 -0.3719 -0.9283
vn 0.0016 -0.5735 -0.8192
vn -0.0036 -0.6363 -0.7714
vn 0.0028 -0.9562 0.2928
vn -0.0039 -0.9826 -0.1858
vn 0.0036 -0.9430 -0.3327
vn 0.0020 -0.5549 0.8319
vn -0.0000 -0.5669 0.8238
vn -0.0010 -0.9349 0.3550
vn 0.0013 -0.3576 0.9339
vn 0.0006 -0.3621 0.9321
vn -1.0000 -0.0000 -0.0000
vn -1.0000 0.0003 -0.0000
vn -1.0000 -0.0000 -0.0001
vn -1.0000 -0.0000 0.0002
vn -1.0000 0.0010 -0.0000
vn -1.0000 -0.0005 0.0010
vn -1.0000 -0.0000 -0.0005
vn -1.0000 -0.0000 -0.0002
vn -1.0000 -0.0000 0.0001
vn -1.0000 -0.0000 0.0010
vn -1.0000 -0.0000 -0.0003
vn -1.0000 -0.0003 -0.0000
vn -1.0000 -0.0010 -0.0000
vn -1.0000 0.0005 -0.0010
vn -1.0000 -0.0000 0.0005
vn -0.9669 -0.2469 -0.0648
vn -0.9671 -0.2464 -0.0638
vn -0.9669 -0.2470 -0.0646
vn -0.9667 -0.2474 -0.0649
vn -0.9836 -0.1741 -0.0466
vn -0.9837 -0.1738 -0.0465
vn -0.9835 -0.1747 -0.0474
vn -0.9769 -0.2068 -0.0530
vn -0.9773 -0.2059 -0.0505
vn -0.9768 -0.2072 -0.0539
vn -0.9668 -0.2473 -0.0651
vn -0.9669 -0.2469 -0.0645
vn -0.9669 -0.2319 -0.1067
vn -0.9668 -0.2324 -0.1067
vn -0.9668 -0.2320 -0.1068
vn -0.9665 -0.2337 -0.1063
vn -0.9670 -0.2311 -0.1073
vn -0.9666 -0.2323 -0.1083
vn -0.9673 -0.2284 -0.1105
vn -0.9665 -0.2330 -0.1075
vn -0.9662 -0.2347 -0.1062
vn -0.9698 -0.2036 -0.1343
vn -0.9674 -0.2273 -0.1117
vn -0.9669 -0.2098 -0.1454
vn -0.9669 -0.2097 -0.1454
vn -0.9669 -0.2097 -0.1455
vn -0.9669 -0.2096 -0.1454
vn -0.9667 -0.2105 -0.1454
vn -0.9669 -0.2094 -0.1456
vn -0.9663 -0.2098 -0.1492
vn -0.9666 -0.2118 -0.1445
vn -0.9672 -0.2080 -0.1458
vn -0.9657 -0.2137 -0.1476
vn -0.9667 -0.2110 -0.1450
vn -0.9667 -0.2108 -0.1450
vn -0.9672 -0.2090 -0.1446
vn -0.9675 -0.2032 -0.1504
vn -0.9672 -0.2066 -0.1479
vn -0.9669 -0.1814 -0.1796
vn -0.9668 -0.1818 -0.1798
vn -0.9669 -0.1814 -0.1797
vn -0.9663 -0.1841 -0.1797
vn -0.9665 -0.1829 -0.1798
vn -0.9664 -0.1813 -0.1823
vn -0.9668 -0.1823 -0.1793
vn -0.9669 -0.1811 -0.1798
vn -0.9678 -0.1763 -0.1797
vn -0.9593 -0.2327 -0.1602
vn -0.9591 -0.2348 -0.1578
vn -0.9594 -0.2329 -0.1589
vn -0.9693 -0.1503 -0.1948
vn -0.9692 -0.1504 -0.1951
vn -0.9690 -0.1532 -0.1938
vn -0.9669 -0.1474 -0.2084
vn -0.9622 -0.1598 -0.2206
vn -0.9604 -0.1608 -0.2276
vn -0.9623 -0.1591 -0.2207
vn -0.9670 -0.1487 -0.2067
vn -0.9674 -0.1484 -0.2051
vn -0.9682 -0.1480 -0.2019
vn -0.9677 -0.1483 -0.2037
vn -0.9675 -0.1485 -0.2045
vn -0.9622 -0.1450 -0.2307
vn -0.9622 -0.1457 -0.2303
vn -0.9625 -0.1451 -0.2293
vn -0.9668 -0.1476 -0.2087
vn -0.9669 -0.1091 -0.2309
vn -0.9668 -0.1093 -0.2311
vn -0.9669 -0.1089 -0.2309
vn -0.9673 -0.1070 -0.2301
vn -0.9673 -0.1068 -0.2301
vn -0.9669 -0.1075 -0.2313
vn -0.9663 -0.1123 -0.2317
vn -0.9664 -0.1113 -0.2318
vn -0.9672 -0.1070 -0.2302
vn -0.9677 -0.0849 -0.2373
vn -0.9691 -0.0809 -0.2331
vn -0.9689 -0.0833 -0.2330
vn -0.9673 -0.1056 -0.2308
vn -0.9677 -0.0980 -0.2321
vn -0.9674 -0.1026 -0.2317
vn -0.9669 0.1454 -0.2098
vn -0.9656 0.1469 -0.2148
vn -0.9644 0.1490 -0.2183
vn -0.9649 0.1483 -0.2167
vn -0.9670 0.1439 -0.2103
vn -0.9675 0.1416 -0.2093
vn -0.9679 0.1403 -0.2086
vn -0.9673 0.1427 -0.2096
vn -0.9672 0.1432 -0.2099
vn -0.9638 0.1588 -0.2143
vn -0.9640 0.1590 -0.2133
vn -0.9636 0.1607 -0.2135
vn -0.9668 0.1457 -0.2101
vn -0.9669 0.1796 -0.1814
vn -0.9488 0.2208 -0.2259
vn -0.9505 0.2170 -0.2224
vn -0.9505 0.2198 -0.2196
vn -0.9670 0.1784 -0.1820
vn -0.9674 0.1769 -0.1812
vn -0.9669 0.1788 -0.1820
vn -0.9691 0.1697 -0.1789
vn -0.9686 0.1715 -0.1798
vn -0.9686 0.1718 -0.1799
vn -0.9643 0.1914 -0.1830
vn -0.9644 0.1915 -0.1823
vn -0.9668 0.1800 -0.1816
vn -0.9666 0.1810 -0.1816
vn -0.9669 0.1797 -0.1814
vn -0.9669 0.2084 -0.1474
vn -0.9668 0.2085 -0.1477
vn -0.9674 0.2056 -0.1479
vn -0.9671 0.2072 -0.1475
vn -0.9669 0.2080 -0.1478
vn -0.9709 0.1961 -0.1373
vn -0.9647 0.2146 -0.1526
vn -0.9654 0.2128 -0.1506
vn -0.9712 0.1948 -0.1369
vn -0.9668 0.2088 -0.1476
vn -0.9668 0.2085 -0.1476
vn -0.9669 0.2081 -0.1477
vn -0.9672 0.2066 -0.1481
vn -0.9667 0.2312 -0.1093
vn -0.9668 0.2309 -0.1091
vn -0.9669 0.2308 -0.1090
vn -0.9668 0.2312 -0.1093
vn -0.9668 0.2312 -0.1092
vn -0.9669 0.2309 -0.1091
vn -0.9677 0.2287 -0.1060
vn -0.9681 0.2278 -0.1043
vn -0.9681 0.2279 -0.1043
vn -0.9661 0.2326 -0.1120
vn -0.9660 0.2326 -0.1130
vn -0.9660 0.2327 -0.1123
vn -0.9692 0.2324 -0.0814
vn -0.9677 0.2380 -0.0831
vn -0.9695 0.2324 -0.0783
vn -0.9669 0.2463 -0.0671
vn -0.9668 0.2463 -0.0673
vn -0.9669 0.2462 -0.0673
vn -0.9669 0.2463 -0.0673
vn -0.9669 0.2462 -0.0674
vn -0.9666 0.2470 -0.0681
vn -0.9672 0.2452 -0.0659
vn -0.9654 0.2505 -0.0719
vn -0.9653 0.2507 -0.0733
vn -0.9720 0.2348 0.0132
vn -0.9712 0.2380 0.0138
vn -0.9719 0.2353 0.0118
vn -0.9669 0.2541 -0.0235
vn -0.9560 0.2921 -0.0288
vn -0.9541 0.2980 -0.0279
vn -0.9548 0.2960 -0.0290
vn -0.9669 0.2540 -0.0245
vn -0.9674 0.2521 -0.0251
vn -0.9670 0.2537 -0.0246
vn -0.9686 0.2470 -0.0271
vn -0.9682 0.2487 -0.0267
vn -0.9681 0.2490 -0.0264
vn -0.9641 0.2652 -0.0155
vn -0.9639 0.2657 -0.0193
vn -0.9643 0.2641 -0.0163
vn -0.9668 0.2545 -0.0234
vn -0.9669 0.2469 0.0648
vn -0.9664 0.2474 0.0701
vn -0.9640 0.2511 0.0876
vn -0.9668 0.2466 0.0673
vn -0.9667 0.2474 0.0653
vn -0.9677 0.2445 0.0607
vn -0.9668 0.2470 0.0650
vn -0.9670 0.2466 0.0644
vn -0.9666 0.2485 0.0626
vn -0.9669 0.2469 0.0647
vn -0.9668 0.2472 0.0650
vn -0.9669 0.2469 0.0649
vn -0.9669 0.2319 0.1067
vn -0.9668 0.2324 0.1067
vn -0.9668 0.2320 0.1068
vn -0.9665 0.2337 0.1063
vn -0.9670 0.2311 0.1073
vn -0.9666 0.2323 0.1083
vn -0.9673 0.2286 0.1102
vn -0.9665 0.2330 0.1075
vn -0.9662 0.2347 0.1062
vn -0.9698 0.2035 0.1344
vn -0.9674 0.2273 0.1117
vn -0.9669 0.2098 0.1454
vn -0.9614 0.2263 0.1564
vn -0.9614 0.2266 0.1560
vn -0.9670 0.2103 0.1437
vn -0.9676 0.2093 0.1414
vn -0.9676 0.2093 0.1413
vn -0.9670 0.2104 0.1438
vn -0.9669 0.2106 0.1442
vn -0.9633 0.2147 0.1609
vn -0.9635 0.2138 0.1611
vn -0.9632 0.2139 0.1628
vn -0.9668 0.2101 0.1457
vn -0.9669 0.1814 0.1796
vn -0.9668 0.1817 0.1797
vn -0.9669 0.1812 0.1797
vn -0.9666 0.1802 0.1823
vn -0.9667 0.1821 0.1798
vn -0.9671 0.1803 0.1797
vn -0.9667 0.1825 0.1792
vn -0.9669 0.1813 0.1797
vn -0.9678 0.1765 0.1797
vn -0.9516 0.2718 0.1435
vn -0.9513 0.2740 0.1412
vn -0.9517 0.2722 0.1421
vn -0.9708 0.1218 0.2065
vn -0.9701 0.1266 0.2068
vn -0.9700 0.1305 0.2050
vn -0.9669 0.1475 0.2084
vn -0.9667 0.1478 0.2088
vn -0.9669 0.1474 0.2084
vn -0.9668 0.1476 0.2086
vn -0.9668 0.1478 0.2085
vn -0.9669 0.1472 0.2082
vn -0.9670 0.1465 0.2083
vn -0.9664 0.1456 0.2117
vn -0.9667 0.1480 0.2089
vn -0.9490 0.1840 0.2559
vn -0.9478 0.1879 0.2577
vn -0.9487 0.1863 0.2556
vn -0.9678 0.1439 0.2065
vn -0.9667 0.1481 0.2086
vn -0.9669 0.1091 0.2309
vn -0.9668 0.1093 0.2311
vn -0.9669 0.1089 0.2309
vn -0.9673 0.1070 0.2301
vn -0.9673 0.1068 0.2301
vn -0.9669 0.1075 0.2313
vn -0.9663 0.1123 0.2317
vn -0.9664 0.1113 0.2318
vn -0.9672 0.1070 0.2302
vn -0.9677 0.0849 0.2373
vn -0.9691 0.0809 0.2331
vn -0.9689 0.0833 0.2330
vn -0.9673 0.1056 0.2308
vn -0.9677 0.0980 0.2321
vn -0.9674 0.1026 0.2317
vn -0.9669 0.0673 0.2463
vn -0.9667 0.0676 0.2466
vn -0.9667 0.0677 0.2468
vn -0.9668 0.0673 0.2465
vn -0.9669 0.0668 0.2462
vn -0.9673 0.0660 0.2451
vn -0.9668 0.0671 0.2464
vn -0.9696 0.0676 0.2350
vn -0.9693 0.0681 0.2365
vn -0.9687 0.0678 0.2387
vn -0.9512 0.0816 0.2975
vn -0.9512 0.0825 0.2973
vn -0.9505 0.0829 0.2994
vn -0.9673 0.0659 0.2450
vn -0.9668 0.0672 0.2466
vn -0.9669 0.0669 0.2463
vn -0.9669 0.0235 0.2542
vn -0.9672 0.0228 0.2530
vn -0.9673 0.0225 0.2526
vn -0.9668 0.0246 0.2545
vn -0.9672 0.0240 0.2530
vn -0.9667 0.0245 0.2546
vn -0.9637 0.0276 0.2654
vn -0.9516 0.0292 0.3059
vn -0.9622 0.0328 0.2704
vn -0.9504 0.0305 0.3094
vn -0.9673 0.0237 0.2527
vn -0.9668 0.0244 0.2543
vn -0.9668 0.0242 0.2542
vn -0.9669 -0.0211 0.2544
vn -0.9672 -0.0173 0.2533
vn -0.9672 -0.0178 0.2534
vn -0.9670 -0.0199 0.2540
vn -0.9668 -0.0225 0.2546
vn -0.9669 -0.0227 0.2540
vn -0.9671 -0.0196 0.2536
vn -0.9669 -0.0210 0.2544
vn -0.9668 -0.0231 0.2547
vn -0.9668 -0.0194 0.2549
vn -0.9671 -0.0193 0.2536
vn -0.9672 -0.0193 0.2533
vn -0.9668 -0.0211 0.2546
vn -0.9669 -0.0202 0.2543
vn -0.9669 -0.0649 0.2469
vn -0.9669 -0.0648 0.2470
vn -0.9668 -0.0648 0.2473
vn -0.9668 -0.0649 0.2470
vn -0.9665 -0.0675 0.2477
vn -0.9667 -0.0647 0.2475
vn -0.9669 -0.0650 0.2469
vn -0.9667 -0.0638 0.2478
vn -0.9669 -0.0650 0.2468
vn -0.9675 -0.0666 0.2441
vn -0.9720 -0.1243 0.1997
vn -0.9720 -0.1216 0.2011
vn -0.9720 -0.1238 0.1997
vn -0.9622 -0.0272 0.2711
vn -0.9616 -0.0236 0.2735
vn -0.9669 -0.1067 0.2319
vn -0.9668 -0.1067 0.2322
vn -0.9668 -0.1067 0.2323
vn -0.9668 -0.1068 0.2320
vn -0.9669 -0.1069 0.2318
vn -0.9670 -0.1070 0.2311
vn -0.9666 -0.1083 0.2322
vn -0.9673 -0.1104 0.2285
vn -0.9665 -0.1075 0.2329
vn -0.9663 -0.1059 0.2345
vn -0.9698 -0.1343 0.2036
vn -0.9674 -0.1116 0.2272
vn -0.9669 -0.1454 0.2098
vn -0.9669 -0.1454 0.2099
vn -0.9668 -0.1455 0.2098
vn -0.9667 -0.1454 0.2104
vn -0.9669 -0.1456 0.2094
vn -0.9663 -0.1491 0.2098
vn -0.9667 -0.1447 0.2111
vn -0.9669 -0.1455 0.2098
vn -0.9673 -0.1459 0.2073
vn -0.9648 -0.1418 0.2217
vn -0.9658 -0.1393 0.2188
vn -0.9657 -0.1390 0.2191
vn -0.9666 -0.1453 0.2111
vn -0.9674 -0.1496 0.2043
vn -0.9671 -0.1471 0.2077
vn -0.9669 -0.1796 0.1814
vn -0.9668 -0.1798 0.1818
vn -0.9668 -0.1798 0.1815
vn -0.9669 -0.1797 0.1814
vn -0.9663 -0.1798 0.1841
vn -0.9666 -0.1798 0.1829
vn -0.9664 -0.1823 0.1813
vn -0.9668 -0.1793 0.1823
vn -0.9669 -0.1798 0.1811
vn -0.9678 -0.1797 0.1763
vn -0.9514 -0.1441 0.2721
vn -0.9517 -0.1407 0.2730
vn -0.9520 -0.1418 0.2713
vn -0.9706 -0.2070 0.1230
vn -0.9701 -0.2069 0.1266
vn -0.9700 -0.2050 0.1305
vn -0.9669 -0.2084 0.1475
vn -0.9668 -0.2086 0.1478
vn -0.9668 -0.2086 0.1479
vn -0.9667 -0.2087 0.1483
vn -0.9667 -0.2088 0.1482
vn -0.9666 -0.2088 0.1487
vn -0.9664 -0.2099 0.1484
vn -0.9667 -0.2082 0.1486
vn -0.9669 -0.2085 0.1471
vn -0.9675 -0.2079 0.1438
vn -0.9589 -0.1983 0.2030
vn -0.9592 -0.1956 0.2041
vn -0.9593 -0.1959 0.2032
vn -0.9698 -0.2198 0.1054
vn -0.9692 -0.2186 0.1131
vn -0.9690 -0.2175 0.1173
vn -0.9669 -0.2309 0.1091
vn -0.9668 -0.2310 0.1092
vn -0.9669 -0.2308 0.1088
vn -0.9669 -0.2307 0.1088
vn -0.9670 -0.2306 0.1083
vn -0.9671 -0.2306 0.1077
vn -0.9667 -0.2323 0.1076
vn -0.9663 -0.2317 0.1125
vn -0.9664 -0.2318 0.1114
vn -0.9672 -0.2302 0.1071
vn -0.9678 -0.2372 0.0845
vn -0.9691 -0.2331 0.0806
vn -0.9689 -0.2330 0.0830
vn -0.9672 -0.2294 0.1094
vn -0.9677 -0.2321 0.0981
vn -0.9674 -0.2316 0.1026
vn -0.9669 -0.2462 0.0673
vn -0.9637 -0.2572 0.0718
vn -0.9614 -0.2662 0.0693
vn -0.9636 -0.2573 0.0721
vn -0.9670 -0.2454 0.0687
vn -0.9670 -0.2454 0.0679
vn -0.9669 -0.2456 0.0685
vn -0.9675 -0.2435 0.0683
vn -0.9674 -0.2437 0.0690
vn -0.9674 -0.2437 0.0689
vn -0.9635 -0.2608 0.0608
vn -0.9637 -0.2601 0.0606
vn -0.9634 -0.2611 0.0599
vn -0.9669 -0.2463 0.0674
vn -0.9668 -0.2466 0.0673
vn -0.9669 -0.2542 0.0235
vn -0.9669 -0.2543 0.0235
vn -0.9668 -0.2543 0.0235
vn -0.9669 -0.2541 0.0233
vn -0.9668 -0.2546 0.0222
vn -0.9672 -0.2529 0.0219
vn -0.9672 -0.2531 0.0221
vn -0.9668 -0.2545 0.0244
vn -0.9669 -0.2542 0.0233
vn -0.9677 -0.2513 0.0200
vn -0.9682 -0.1903 -0.1626
vn -0.9687 -0.1897 -0.1598
vn -0.9686 -0.1895 -0.1609
vn -0.9500 -0.2794 0.1395
vn -0.9492 -0.2802 0.1433
vn -0.0000 0.9966 0.0822
vn -0.0000 0.9672 0.2540
vn -0.0000 0.9084 0.4181
vn -0.0000 0.8220 0.5695
vn -0.0000 0.7106 0.7036
vn -0.0000 0.5776 0.8163
vn -0.0000 0.4271 0.9042
vn -0.0000 0.2636 0.9646
vn -0.0000 0.0921 0.9958
vn -0.0000 -0.0822 0.9966
vn -0.0000 -0.2540 0.9672
vn -0.0000 -0.4181 0.9084
vn -0.0000 -0.5695 0.8220
vn -0.0000 -0.7036 0.7106
vn -0.0000 -0.8163 0.5776
vn -0.0000 -0.9042 0.4271
vn -0.0000 -0.9646 0.2636
vn -0.0000 -0.9958 0.0921
vn -0.0000 -0.9966 -0.0822
vn -0.0000 -0.9672 -0.2540
vn -0.0000 -0.9084 -0.4181
vn -0.0000 -0.8220 -0.5695
vn -0.0000 -0.7106 -0.7036
vn -0.0000 -0.5776 -0.8163
vn -0.0000 -0.4271 -0.9042
vn -0.0000 -0.2636 -0.9646
vn -0.0000 -0.0921 -0.9958
vn -0.0000 0.0822 -0.9966
vn -0.0000 0.2540 -0.9672
vn -0.0000 0.4181 -0.9084
vn -0.0000 0.5695 -0.8220
vn -0.0000 0.7036 -0.7106
vn -0.0000 0.8163 -0.5776
vn -0.0000 0.9042 -0.4271
vn -0.0000 0.9646 -0.2636
vn -0.0000 0.9958 -0.0921
vn 0.7071 0.6839 0.1796
vn 0.7071 0.6423 0.2957
vn 0.7071 0.5025 0.4975
vn 0.7071 0.4084 0.5772
vn 0.7071 0.1864 0.6821
vn 0.7071 0.0651 0.7041
vn 0.7071 -0.1796 0.6839
vn 0.7071 -0.2957 0.6423
vn 0.7071 -0.4975 0.5025
vn 0.7071 -0.5772 0.4084
vn 0.7071 -0.6821 0.1864
vn 0.7071 -0.7041 0.0651
vn 0.7071 -0.6839 -0.1796
vn 0.7071 -0.6423 -0.2957
vn 0.7071 -0.5025 -0.4975
vn 0.7071 -0.4084 -0.5772
vn 0.7071 -0.1864 -0.6821
vn 0.7071 -0.0651 -0.7041
vn 0.7071 0.1796 -0.6839
vn 0.7071 0.2957 -0.6423
vn 0.7071 0.4975 -0.5025
vn 0.7071 0.5772 -0.4084
vn 0.7071 0.6821 -0.1864
vn 0.7071 0.7041 -0.0651
vn -0.7071 -0.7041 0.0651
vn -0.7071 -0.6821 0.1864
vn -0.7071 -0.6394 0.3020
vn -0.7071 -0.5772 0.4084
vn -0.7071 -0.4975 0.5025
vn -0.7071 -0.4027 0.5812
vn -0.7071 -0.2957 0.6423
vn -0.7071 -0.1796 0.6839
vn -0.7071 -0.0581 0.7047
vn -0.7071 0.0651 0.7041
vn -0.7071 0.1864 0.6821
vn -0.7071 0.3020 0.6394
vn -0.7071 0.4084 0.5772
vn -0.7071 0.5025 0.4975
vn -0.7071 0.5812 0.4027
vn -0.7071 0.6423 0.2957
vn -0.7071 0.6839 0.1796
vn -0.7071 0.7047 0.0581
vn -0.7071 0.7041 -0.0651
vn -0.7071 0.6821 -0.1864
vn -0.7071 0.6394 -0.3020
vn -0.7071 0.5772 -0.4084
vn -0.7071 0.4975 -0.5025
vn -0.7071 0.4027 -0.5812
vn -0.7071 0.2957 -0.6423
vn -0.7071 0.1796 -0.6839
vn -0.7071 0.0581 -0.7047
vn -0.7071 -0.0651 -0.7041
vn -0.7071 -0.1864 -0.6821
vn -0.7071 -0.3020 -0.6394
vn -0.7071 -0.4084 -0.5772
vn -0.7071 -0.5025 -0.4975
vn -0.7071 -0.5812 -0.4027
vn -0.7071 -0.6423 -0.2957
vn -0.7071 -0.6839 -0.1796
vn -0.7071 -0.7047 -0.0581
vn -0.7071 -0.6958 0.1262
vn -0.7071 -0.5394 0.4572
vn -0.7071 -0.2386 0.6657
vn -0.7071 -0.2385 0.6657
vn -0.7071 0.1262 0.6958
vn -0.7071 0.1262 0.6957
vn -0.7071 0.4572 0.5394
vn -0.7071 0.6656 0.2386
vn -0.7071 0.6656 0.2385
vn -0.7071 0.6957 -0.1262
vn -0.7071 0.5394 -0.4572
vn -0.7071 0.2386 -0.6656
vn -0.7071 0.2385 -0.6656
vn -0.7071 -0.1262 -0.6957
vn -0.7071 -0.4572 -0.5394
vn -0.7071 -0.6657 -0.2386
vn 0.0010 0.9975 0.0700
vn -0.0010 0.9955 0.0945
vn 0.0012 0.8874 0.4610
vn 0.0007 0.8824 0.4705
vn 0.0049 0.5625 0.8268
vn -0.0007 0.6387 0.7694
vn -0.0059 0.2664 0.9638
vn 0.0072 0.0721 0.9974
vn -0.0072 -0.2346 0.9721
vn 0.0059 -0.4208 0.9071
vn -0.0049 -0.6904 0.7234
vn 0.0007 -0.7562 0.6544
vn -0.0005 -0.9531 0.3026
vn 0.0005 -0.9513 0.3082
vn 0.0049 -0.9824 -0.1869
vn -0.0007 -0.9957 -0.0924
vn -0.0045 -0.8832 -0.4689
vn 0.0060 -0.7557 -0.6549
vn -0.0032 -0.6360 -0.7717
vn 0.0033 -0.3439 -0.9390
vn 0.0010 0.4452 -0.8955
vn -0.0010 0.4695 -0.8829
vn 0.0010 0.7548 -0.6559
vn -0.0010 0.7707 -0.6371
vn 0.0010 0.9480 -0.3184
vn -0.0010 0.9563 -0.2924
vn 0.7071 0.6657 0.2385
vn 0.7071 0.6656 0.2385
vn 0.7071 -0.6958 0.1262
vn 0.7071 -0.6657 -0.2385
vn 0.7071 -0.6657 -0.2386
vn 0.7071 0.2385 -0.6656
vn 0.7071 0.6957 -0.1262
vn -0.7071 -0.2386 0.6656
vn -0.7071 0.2386 -0.6657
vn -0.7071 -0.1262 -0.6958
vn -0.7071 -0.6657 -0.2385
vn 0.0010 0.8954 0.4452
vn -0.0010 0.8829 0.4695
vn 0.0010 0.6559 0.7548
vn -0.0010 0.6371 0.7707
vn 0.0010 0.3184 0.9479
vn -0.0010 0.2924 0.9563
vn 0.0010 -0.0700 0.9975
vn -0.0010 -0.0945 0.9955
vn 0.0012 -0.4610 0.8874
vn 0.0007 -0.4705 0.8824
vn 0.0049 -0.8268 0.5625
vn -0.0007 -0.7694 0.6387
vn -0.0059 -0.9638 0.2664
vn 0.0072 -0.9974 0.0721
vn -0.0072 -0.9721 -0.2346
vn 0.0059 -0.9071 -0.4208
vn -0.0049 -0.7234 -0.6904
vn 0.0007 -0.6544 -0.7562
vn -0.0005 -0.3026 -0.9531
vn 0.0005 -0.3082 -0.9513
vn 0.0049 0.1869 -0.9824
vn -0.0007 0.0924 -0.9957
vn -0.0045 0.4689 -0.8832
vn 0.0060 0.6549 -0.7557
vn -0.0032 0.7717 -0.6360
vn 0.0033 0.9390 -0.3439
vn 0.7071 0.1262 0.6957
vn 0.7071 -0.1262 -0.6958
vn 0.7071 0.2386 -0.6657
vn -0.7071 -0.6957 0.1262
vn -0.7071 -0.2385 0.6656
vn -0.7071 0.6657 0.2386
vn -0.7071 0.6958 -0.1262
vn -0.7071 0.2385 -0.6657
vn -0.7071 -0.6656 -0.2386
vn -0.7071 -0.6656 -0.2385
vn -0.0045 0.8832 0.4689
vn 0.0049 0.9824 0.1869
vn -0.0007 0.9957 0.0924
vn 0.0060 0.7557 0.6549
vn -0.0032 0.6360 0.7717
vn 0.0033 0.3439 0.9390
vn 0.0010 -0.4452 0.8955
vn -0.0010 -0.4695 0.8829
vn 0.0010 -0.7548 0.6559
vn -0.0010 -0.7707 0.6371
vn 0.0010 -0.9480 0.3184
vn 0.0012 -0.8874 -0.4610
vn 0.0007 -0.8824 -0.4705
vn 0.0049 -0.5625 -0.8268
vn -0.0007 -0.6387 -0.7694
vn -0.0059 -0.2664 -0.9638
vn 0.0072 -0.0721 -0.9974
vn -0.0072 0.2346 -0.9721
vn 0.0059 0.4208 -0.9071
vn -0.0049 0.6904 -0.7234
vn 0.0007 0.7562 -0.6544
vn -0.0005 0.9531 -0.3026
vn 0.0005 0.9513 -0.3082
vn 0.7071 -0.2385 0.6656
vn -0.7071 0.6657 0.2385
s 0
usemtl finger_inner_00_mat
f 1//1 2//1 3//2
f 5//3 3//4 2//5
f 6//6 4//7 5//8
f 3//9 5//10 4//11
f 1//12 3//13 8//14
f 8//15 3//16 7//17
s 1
f 11//18 12//19 10//20
f 10//20 12//19 9//21
s 0
f 13//22 14//22 15//22
f 16//23 17//23 15//24
f 15//25 17//26 18//27
f 19//28 15//29 18//30
f 15//31 19//32 20//33
f 15//34 20//35 13//34
s 1
f 1104//36 21//37 1103//38
f 22//39 1103//38 21//37
s 0
f 25//40 26//40 27//40
f 27//41 28//41 25//41
f 28//42 29//43 25//44
s 1
f 30//45 25//46 29//47
s 0
f 25//48 30//49 31//50
s 1
f 31//51 32//52 25//53
s 0
f 35//54 36//54 37//55
f 38//56 37//57 36//56
f 37//58 38//59 39//60
f 38//61 41//62 40//63
s 1
f 42//64 38//65 40//66
s 0
f 38//67 42//60 39//68
f 45//69 46//69 47//69
f 49//70 47//71 48//72
s 1
f 51//73 50//74 49//75
s 0
f 49//76 50//77 47//78
f 52//79 47//80 50//81
f 47//82 52//83 45//82
f 55//84 56//84 57//84
f 58//85 59//85 57//86
f 57//87 59//88 60//89
f 61//90 57//91 60//92
f 57//93 61//94 62//95
f 57//96 62//97 55//96
f 65//98 66//98 67//99
f 67//98 68//100 65//100
f 68//101 69//102 65//103
s 1
f 70//104 65//105 69//106
f 65//105 70//104 71//107
f 71//107 72//108 65//105
s 0
f 75//109 76//109 77//109
s 1
f 80//110 78//111 79//112
f 79//112 77//113 80//110
f 81//114 77//113 79//112
s 0
f 77//115 81//116 82//117
f 77//118 82//119 75//119
f 83//120 84//120 85//121
f 85//122 86//122 83//123
f 86//124 87//125 83//126
s 1
f 88//127 83//128 87//129
f 83//128 88//127 89//130
f 89//130 90//131 83//128
s 0
f 93//132 94//132 95//133
f 95//132 96//134 93//135
f 96//136 97//137 93//138
f 98//139 93//134 97//140
s 1
f 93//141 98//142 99//143
f 99//143 100//144 93//141
f 92//145 91//146 102//147
f 102//147 91//146 101//148
s 0
f 103//149 104//150 105//150
f 106//151 105//151 104//151
f 105//152 106//153 107//153
f 104//154 103//155 108//156
s 1
f 108//157 109//158 104//159
s 0
f 110//160 104//161 109//162
f 113//163 114//163 115//163
f 115//164 116//165 113//166
f 116//167 117//168 113//169
f 118//170 113//171 117//172
s 1
f 113//173 118//174 119//175
f 119//175 120//176 113//173
s 0
f 121//177 122//177 123//177
f 124//178 125//178 123//179
f 123//180 125//181 126//182
f 127//183 123//184 126//185
f 123//186 127//187 128//188
f 123//189 128//190 121//189
s 1
f 131//191 132//192 133//193
f 133//193 134//194 131//191
s 0
f 134//195 135//196 131//197
f 136//198 137//199 138//200
f 135//201 138//202 131//203
f 131//204 138//204 137//204
s 1
f 141//205 142//206 140//207
f 140//207 142//206 139//208
s 0
f 143//209 144//209 145//209
f 145//210 146//211 143//212
f 146//213 147//214 143//215
s 1
f 148//216 143//217 147//218
f 143//217 148//216 149//219
f 149//219 150//220 143//217
f 156//221 157//222 151//223
f 152//224 151//223 157//222
f 153//225 154//226 155//227
f 155//227 154//226 156//221
f 157//222 156//221 154//226
f 158//228 159//228 160//229
f 161//229 160//229 159//228
f 160//229 161//229 162//230
f 163//230 162//230 161//229
f 162//230 163//230 164//231
f 165//231 164//231 163//230
f 164//231 165//231 166//232
f 167//232 166//232 165//231
f 166//232 167//232 168//233
f 169//233 168//233 167//232
f 168//233 169//233 170//234
f 171//235 170//234 169//233
f 170//234 171//235 172//236
f 173//236 172//236 171//235
f 172//236 173//236 174//237
f 175//237 174//237 173//236
f 174//237 175//237 176//238
f 177//238 176//238 175//237
f 176//238 177//238 178//239
f 179//239 178//239 177//238
f 178//239 179//239 180//240
f 181//240 180//240 179//239
f 180//240 181//240 182//241
f 183//241 182//241 181//240
f 182//241 183//241 184//242
f 185//242 184//242 183//241
f 184//242 185//242 186//243
f 187//243 186//243 185//242
f 186//243 187//243 188//244
f 189//244 188//244 187//243
f 188//244 189//244 190//245
f 191//245 190//245 189//244
f 190//245 191//245 192//246
f 193//246 192//246 191//245
f 192//246 193//246 194//247
f 195//247 194//247 193//246
f 194//247 195//247 196//248
f 197//248 196//248 195//247
f 196//248 197//248 198//249
f 199//249 198//249 197//248
f 198//249 199//249 200//250
f 201//250 200//250 199//249
f 200//250 201//250 202//251
f 203//251 202//251 201//250
f 202//251 203//251 204//252
f 205//252 204//252 203//251
f 204//252 205//252 158//228
f 159//228 158//228 205//252
f 206//253 207//254 208//255
f 209//256 208//255 207//254
f 208//255 209//256 210//257
f 210//257 209//256 211//258
f 212//259 211//258 209//256
f 211//258 212//259 213//260
f 214//261 213//260 212//259
f 215//262 213//260 214//261
f 213//260 215//262 216//263
f 217//264 216//263 215//262
f 216//263 217//264 218//265
f 219//266 218//265 217//264
f 218//265 219//266 220//267
f 221//268 220//267 219//266
f 220//267 221//268 222//269
f 223//270 222//269 221//268
f 222//269 223//270 224//271
f 225//272 224//271 223//270
f 224//271 225//272 226//273
f 227//274 226//273 225//272
f 226//273 227//274 228//275
f 229//276 228//275 227//274
f 228//275 229//276 230//277
f 231//278 230//277 229//276
f 230//277 231//278 232//279
f 233//280 232//279 231//278
f 234//281 232//279 233//280
f 232//279 234//281 206//253
f 207//254 206//253 234//281
s 0
f 235//282 236//282 237//282
f 238//282 239//282 240//282
f 241//282 240//282 239//282
f 242//282 243//282 244//282
f 245//283 246//283 247//283
f 238//282 248//282 239//282
f 249//282 239//282 248//282
f 239//282 249//282 250//282
f 251//282 252//282 253//282
f 250//282 254//282 239//282
f 255//282 239//282 254//282
f 239//282 255//282 256//282
f 257//282 256//282 255//282
f 256//282 257//282 258//282
f 239//282 243//282 259//282
f 260//282 261//282 262//282
f 263//282 264//282 265//282
f 265//282 264//282 266//282
f 267//282 268//282 269//282
f 242//282 270//282 243//282
f 271//282 243//282 270//282
f 243//282 271//282 272//282
f 273//284 244//284 274//284
f 261//282 274//282 244//282
f 274//282 261//282 275//282
f 260//282 275//282 261//282
f 265//282 276//282 263//282
f 277//282 263//282 276//282
f 263//282 277//282 278//282
f 279//282 278//282 277//282
f 278//282 279//282 280//282
f 245//282 247//282 281//282
f 256//282 282//282 283//282
f 258//282 284//282 256//282
f 285//282 256//282 284//282
f 286//282 243//282 272//282
f 243//282 286//282 259//282
f 287//282 288//282 289//282
f 290//282 289//282 288//282
f 289//282 290//282 291//282
f 292//282 291//282 290//282
f 291//282 292//282 293//282
f 294//282 293//282 292//282
f 293//282 294//282 295//282
f 296//282 295//282 294//282
f 295//282 296//282 297//282
f 266//282 297//282 296//282
f 297//282 266//282 298//282
f 264//282 298//282 266//282
f 299//282 300//282 269//282
f 301//282 269//282 300//282
f 302//282 285//282 303//282
f 304//282 256//282 283//282
f 256//282 304//282 305//282
f 306//282 305//282 304//282
f 305//282 306//282 269//282
f 307//282 269//282 306//282
f 269//282 307//282 299//282
f 259//282 308//282 239//282
f 309//282 239//282 308//282
f 239//282 309//282 241//282
f 310//282 241//282 309//282
f 311//282 246//282 312//282
f 313//282 314//282 315//282
f 313//282 316//282 314//282
f 317//282 314//282 316//282
f 314//282 317//282 247//282
f 318//282 314//282 319//282
f 320//282 321//282 322//282
f 320//282 323//282 321//282
f 324//282 321//282 323//282
f 321//282 324//282 325//282
f 326//282 325//282 324//282
f 325//282 326//282 314//282
f 327//282 314//282 326//282
f 314//282 327//282 319//282
f 329//282 328//282 322//282
f 302//282 331//282 285//282
f 332//282 285//282 331//282
f 285//282 332//282 256//282
f 333//282 256//282 332//282
f 256//282 333//282 282//282
f 334//282 335//282 336//282
f 253//282 336//282 335//282
f 334//282 337//282 335//282
f 338//282 335//282 337//282
f 335//282 338//282 339//282
f 246//282 311//282 247//282
f 340//282 247//282 311//282
f 247//282 340//282 253//282
f 317//282 341//282 247//282
f 342//282 247//282 341//282
f 247//282 342//282 343//282
f 344//282 315//282 345//282
f 314//282 345//282 315//282
f 345//282 314//282 346//282
f 318//282 346//282 314//282
f 269//282 268//282 347//282
f 348//282 347//282 268//282
f 347//282 348//282 321//282
f 321//282 348//282 349//282
f 349//282 350//282 321//282
f 351//282 321//282 350//282
f 321//282 351//282 322//282
f 352//282 322//282 351//282
f 322//282 352//282 329//282
f 330//282 353//282 301//282
f 354//282 301//282 353//282
f 301//282 354//282 269//282
f 355//282 269//282 354//282
f 269//282 355//282 267//282
f 356//282 357//282 358//282
f 359//282 358//282 357//282
f 358//282 359//282 360//282
f 273//282 361//282 244//282
f 362//282 244//282 361//282
f 244//282 362//282 242//282
f 363//282 242//282 362//282
f 242//282 363//282 358//282
f 364//282 358//282 363//282
f 358//282 364//282 356//282
f 253//282 252//282 336//282
f 365//282 336//282 252//282
f 336//282 365//282 366//282
f 339//282 367//282 335//282
f 368//282 335//282 367//282
f 335//282 368//282 369//282
f 287//282 370//282 371//282
f 340//282 372//282 253//282
f 373//282 253//282 372//282
f 253//282 373//282 374//282
f 343//282 375//282 247//282
f 376//282 247//282 375//282
f 247//282 376//282 281//282
f 344//282 377//282 315//282
f 378//282 315//282 377//282
f 379//282 380//282 310//282
f 381//282 310//282 380//282
f 310//282 381//282 241//282
f 289//282 382//282 287//282
f 335//282 287//282 382//282
f 287//282 335//282 370//282
f 369//285 370//285 335//285
f 383//282 384//282 312//282
f 385//282 312//282 384//282
f 312//282 385//282 311//282
f 374//282 386//282 253//282
f 387//282 253//282 386//282
f 253//282 387//282 251//282
f 371//282 388//282 287//282
f 389//282 287//282 388//282
f 390//282 391//282 360//282
f 392//282 360//282 391//282
f 360//282 392//282 358//282
f 393//282 394//282 366//282
f 395//282 366//282 394//282
f 366//282 395//282 336//282
f 396//282 397//282 398//282
f 399//282 400//282 401//282
f 402//285 403//285 404//285
f 401//282 400//282 405//282
f 406//282 405//282 400//282
f 405//282 406//282 407//282
f 401//282 408//282 399//282
f 409//282 399//282 408//282
f 399//282 409//282 410//282
f 411//282 410//282 409//282
f 410//282 411//282 412//282
f 413//282 412//282 411//282
f 412//282 413//282 414//282
f 415//282 414//282 413//282
f 414//282 415//282 416//282
f 416//282 415//282 417//282
f 418//282 417//282 415//282
f 417//282 418//282 419//282
f 396//282 398//282 420//282
f 421//282 422//282 423//282
f 424//282 425//282 426//282
f 427//282 428//282 404//282
f 429//282 404//282 428//282
f 398//282 430//282 431//282
f 432//282 433//282 426//282
f 434//282 426//282 433//282
f 426//282 434//282 435//282
f 436//282 435//282 434//282
f 435//282 436//282 437//282
f 429//282 438//282 404//282
f 439//282 404//282 438//282
f 404//282 439//282 402//282
f 431//282 440//282 398//282
f 441//282 398//282 440//282
f 398//282 441//282 420//282
f 436//282 442//282 437//282
f 443//282 437//282 442//282
f 443//282 444//282 437//282
f 445//282 437//282 444//282
f 437//282 445//282 421//282
f 422//282 446//282 423//282
f 447//282 423//282 446//282
f 425//282 448//282 449//282
f 450//282 451//282 452//282
f 453//282 454//282 455//282
f 456//282 457//282 419//282
f 458//282 459//282 437//282
f 460//282 437//282 459//282
f 437//282 460//282 398//282
f 461//282 398//282 460//282
f 398//282 461//282 430//282
f 425//282 449//282 426//282
f 426//282 449//282 432//282
f 448//282 462//282 449//282
f 463//282 449//282 462//282
f 464//282 465//282 466//282
f 467//282 466//282 465//282
f 467//282 468//282 466//282
f 469//282 466//282 468//282
f 466//282 469//282 470//282
f 470//282 469//282 426//282
f 471//282 426//282 469//282
f 426//282 471//282 424//282
f 466//282 472//282 473//282
f 474//282 450//282 452//282
f 450//282 474//282 475//282
f 476//282 475//282 474//282
f 475//282 476//282 466//282
f 477//282 466//282 476//282
f 466//282 477//282 472//282
f 478//282 479//282 450//282
f 480//282 450//282 479//282
f 450//282 480//282 481//282
f 453//282 482//282 454//282
f 483//282 454//282 482//282
f 454//282 483//282 484//282
f 485//282 484//282 483//282
f 484//282 485//282 486//282
f 457//282 487//282 419//282
f 488//284 419//284 487//284
f 419//282 488//282 417//282
f 489//282 417//282 488//282
f 427//282 404//282 490//282
f 398//282 490//282 404//282
f 490//282 398//282 491//282
f 397//282 491//282 398//282
f 491//282 397//282 492//282
f 421//282 423//282 437//282
f 437//282 423//282 458//282
f 473//282 493//282 466//282
f 466//282 493//282 464//282
f 494//282 495//282 496//282
f 481//282 497//282 450//282
f 495//282 450//282 497//282
f 483//282 498//282 478//282
f 499//282 478//282 498//282
f 478//282 499//282 500//282
f 501//282 502//282 287//282
f 503//282 504//282 505//282
f 506//282 505//282 504//282
f 505//282 506//282 507//282
f 509//282 493//282 508//282
f 493//282 509//282 464//282
f 494//282 510//282 495//282
f 511//282 495//282 510//282
f 495//282 511//282 450//282
f 512//282 450//282 511//282
f 450//282 512//282 451//282
f 513//284 478//284 514//284
f 500//282 514//282 478//282
f 514//282 500//282 515//282
f 406//282 516//282 407//282
f 517//282 407//282 516//282
f 407//282 517//282 518//282
f 288//282 518//282 517//282
f 518//282 288//282 519//282
f 287//282 519//282 288//282
f 519//282 287//282 485//282
f 502//282 485//282 287//282
f 502//285 520//285 485//285
f 521//282 485//282 520//282
f 485//282 521//282 522//282
f 523//282 524//282 455//282
f 525//282 455//282 524//282
f 455//282 525//282 453//282
f 419//282 404//282 456//282
f 403//282 456//282 404//282
f 456//282 403//282 526//282
f 505//282 526//282 403//282
f 526//282 505//282 527//282
f 507//282 527//282 505//282
f 489//282 528//282 417//282
f 529//282 417//282 528//282
f 530//282 531//282 492//282
f 532//282 492//282 531//282
f 492//282 532//282 491//282
f 513//282 533//282 478//282
f 534//282 478//282 533//282
f 478//282 534//282 535//282
f 482//282 536//282 483//282
f 537//282 483//282 536//282
f 483//282 537//282 538//282
f 539//282 540//282 515//282
f 541//282 515//282 540//282
f 515//282 541//282 514//282
f 522//282 542//282 485//282
f 543//282 485//282 542//282
f 485//282 543//282 486//282
f 544//282 545//282 503//282
f 546//282 503//282 545//282
f 503//282 546//282 504//282
f 535//282 547//282 478//282
f 548//282 478//282 547//282
f 478//282 548//282 479//282
f 549//282 483//282 538//282
f 483//282 549//282 498//282
f 551//282 287//282 550//282
f 287//282 551//282 501//282
f 552//282 553//282 554//282
f 555//282 556//282 557//282
f 558//282 559//282 560//282
f 560//282 559//282 561//282
f 562//282 561//282 559//282
f 561//282 562//282 563//282
f 562//282 564//282 563//282
f 565//282 563//282 564//282
f 563//282 565//282 566//282
f 567//282 566//282 565//282
f 566//282 567//282 568//282
f 569//282 568//282 567//282
f 568//282 569//282 570//282
f 571//282 570//282 569//282
f 570//282 571//282 572//282
f 573//282 572//282 571//282
f 574//282 575//282 576//282
f 577//282 578//282 579//282
f 580//282 579//282 578//282
f 579//282 580//282 581//282
f 581//282 580//282 557//282
f 582//282 557//282 580//282
f 557//282 582//282 555//282
f 583//286 584//286 585//286
f 586//282 583//282 587//282
f 588//287 589//287 590//287
f 591//282 590//282 589//282
f 592//282 574//282 593//282
f 556//282 594//282 595//282
f 596//282 597//282 579//282
f 598//282 579//282 597//282
f 599//282 600//282 586//282
f 601//282 586//282 600//282
f 586//282 601//282 602//282
f 603//282 586//282 602//282
f 586//282 603//282 604//282
f 605//282 604//282 603//282
f 604//282 605//282 579//282
f 606//282 579//282 605//282
f 579//282 606//282 596//282
f 585//282 607//282 583//282
f 608//282 583//282 607//282
f 583//282 608//282 609//282
f 583//282 610//282 611//282
f 612//282 613//282 614//282
f 612//282 615//282 613//282
f 610//282 613//282 615//282
f 613//282 610//282 616//282
f 617//282 616//282 610//282
f 616//282 617//282 618//282
f 619//282 620//282 621//282
f 573//282 622//282 623//282
f 575//282 624//282 576//282
f 625//282 576//282 624//282
f 594//282 626//282 595//282
f 627//282 595//282 626//282
f 628//282 629//282 598//282
f 630//282 598//282 629//282
f 598//282 630//282 579//282
f 631//282 579//282 630//282
f 579//282 631//282 577//282
f 634//282 633//282 632//282
f 633//282 634//282 635//282
f 609//282 636//282 583//282
f 637//282 583//282 636//282
f 583//282 637//282 587//282
f 587//282 638//282 586//282
f 639//282 586//282 638//282
f 586//282 639//282 640//282
f 611//282 641//282 583//282
f 642//282 583//282 641//282
f 583//282 642//282 584//282
f 643//282 584//282 642//282
f 619//282 621//282 644//282
f 571//282 645//282 573//282
f 621//282 573//282 645//282
f 573//282 621//282 622//282
f 620//284 622//284 621//284
f 646//282 647//282 554//282
f 648//282 554//282 647//282
f 589//282 649//282 650//282
f 556//282 595//282 557//282
f 557//282 595//282 651//282
f 635//282 599//282 633//282
f 586//282 633//282 599//282
f 640//282 633//282 586//282
f 615//282 652//282 610//282
f 653//282 610//282 652//282
f 610//282 653//282 654//282
f 655//282 656//282 417//282
f 623//282 657//282 573//282
f 658//282 573//282 657//282
f 659//282 660//282 661//282
f 662//282 661//282 660//282
f 661//285 662//285 663//285
f 646//282 554//282 664//282
f 589//282 664//282 554//282
f 664//282 589//282 665//282
f 588//282 665//282 589//282
f 665//282 588//282 666//282
f 648//282 667//282 554//282
f 668//282 554//282 667//282
f 554//282 668//282 552//282
f 650//282 669//282 589//282
f 670//282 589//282 669//282
f 589//282 670//282 591//282
f 671//282 610//282 654//282
f 610//282 671//282 611//282
f 672//282 673//282 614//282
f 674//282 614//282 673//282
f 614//282 674//282 612//282
f 574//282 576//282 593//282
f 593//282 576//282 675//282
f 651//282 676//282 557//282
f 677//282 557//282 676//282
f 557//282 677//282 678//282
f 679//282 678//282 677//282
f 678//282 679//282 593//282
f 680//282 593//282 679//282
f 593//282 680//282 681//282
f 682//282 683//282 643//282
f 684//282 643//282 683//282
f 643//282 684//282 584//282
f 560//282 685//282 558//282
f 686//282 558//282 685//282
f 558//282 686//282 687//282
f 416//282 687//282 686//282
f 687//282 416//282 688//282
f 417//282 688//282 416//282
f 688//282 417//282 617//282
f 656//282 617//282 417//282
f 621//282 554//282 644//282
f 553//282 644//282 554//282
f 644//288 553//288 689//288
f 661//282 689//282 553//282
f 689//282 661//282 690//282
f 663//284 690//284 661//284
f 675//282 691//282 593//282
f 692//282 593//282 691//282
f 593//282 692//282 589//282
f 693//282 589//282 692//282
f 589//282 693//282 649//282
f 694//282 593//282 681//282
f 593//282 694//282 592//282
f 696//282 417//282 695//282
f 417//282 696//282 655//282
f 656//285 697//285 617//285
f 698//282 617//282 697//282
f 617//282 698//282 699//282
f 700//282 701//282 659//282
f 702//282 659//282 701//282
f 659//282 702//282 660//282
f 703//282 704//282 666//282
f 705//282 666//282 704//282
f 666//282 705//282 665//282
f 699//282 706//282 617//282
f 707//282 617//282 706//282
f 617//282 707//282 618//282
f 708//284 709//284 710//284
f 711//282 712//282 713//282
f 714//282 715//282 716//282
f 235//282 237//282 717//282
f 712//282 718//282 719//282
f 716//282 715//282 720//282
f 721//282 720//282 715//282
f 720//282 721//282 722//282
f 721//282 723//282 722//282
f 724//282 722//282 723//282
f 722//282 724//282 725//282
f 726//282 725//282 724//282
f 725//282 726//282 727//282
f 728//282 727//282 726//282
f 727//282 728//282 729//282
f 730//282 729//282 728//282
f 729//282 730//282 279//282
f 261//282 279//282 730//282
f 279//282 261//282 280//282
f 244//282 280//282 261//282
f 712//282 719//282 713//282
f 713//282 719//282 731//282
f 237//282 732//282 733//282
f 718//282 734//282 719//282
f 735//282 719//282 734//282
f 736//282 737//282 573//282
f 738//282 739//282 740//282
f 741//282 740//282 739//282
f 740//282 741//282 742//282
f 743//282 744//282 745//282
f 746//282 745//282 744//282
f 261//282 747//282 748//282
f 749//282 750//282 751//282
f 752//282 751//282 750//282
f 753//282 754//282 710//282
f 755//282 710//282 754//282
f 733//282 756//282 237//282
f 757//282 237//282 756//282
f 237//282 757//282 717//282
f 713//282 758//282 759//282
f 758//282 713//282 760//282
f 761//282 760//282 713//282
f 760//282 761//282 762//282
f 763//282 762//282 761//282
f 762//282 763//282 764//282
f 765//282 766//282 767//282
f 768//282 769//282 770//282
f 745//282 710//282 743//282
f 709//282 743//282 710//282
f 743//282 709//282 771//282
f 751//282 771//282 709//282
f 730//282 772//282 261//282
f 745//282 261//282 772//282
f 261//282 745//282 747//282
f 746//285 747//285 745//285
f 752//282 773//282 751//282
f 774//282 751//282 773//282
f 751//282 774//282 771//282
f 755//282 775//282 710//282
f 776//282 710//282 775//282
f 710//282 776//282 708//282
f 731//282 777//282 713//282
f 778//282 713//282 777//282
f 713//282 778//282 237//282
f 779//282 237//282 778//282
f 237//282 779//282 732//282
f 780//282 713//282 759//282
f 713//282 780//282 711//282
f 781//282 782//282 783//282
f 784//282 783//282 782//282
f 785//282 763//282 786//282
f 787//282 786//282 763//282
f 783//282 786//282 787//282
f 786//282 783//282 788//282
f 784//282 788//282 783//282
f 783//282 789//282 790//282
f 791//282 792//282 738//282
f 793//282 738//282 792//282
f 738//282 793//282 739//282
f 794//282 739//282 793//282
f 716//282 795//282 714//282
f 796//282 714//282 795//282
f 714//282 796//282 797//282
f 572//282 797//282 796//282
f 797//282 572//282 798//282
f 573//282 798//282 572//282
f 798//282 573//282 741//282
f 737//282 741//282 573//282
f 799//282 800//282 791//282
f 801//282 791//282 800//282
f 791//282 801//282 792//282
f 748//282 802//282 261//282
f 803//282 261//282 802//282
f 753//282 710//282 804//282
f 237//282 804//282 710//282
f 804//282 237//282 805//282
f 236//282 805//282 237//282
f 805//282 236//282 806//282
f 808//282 763//282 807//282
f 763//282 808//282 764//282
f 785//282 809//282 763//282
f 810//282 763//282 809//282
f 763//282 810//282 807//282
f 811//282 807//282 810//282
f 765//282 781//282 766//282
f 783//282 766//282 781//282
f 790//282 766//282 783//282
f 813//282 768//282 812//282
f 768//282 813//282 814//282
f 815//282 814//282 813//282
f 814//282 815//282 783//282
f 816//282 783//282 815//282
f 783//282 816//282 789//282
f 769//289 817//289 818//289
f 770//282 819//282 768//282
f 820//282 768//282 819//282
f 768//282 820//282 821//282
f 794//282 822//282 739//282
f 823//282 739//282 822//282
f 823//282 824//282 739//282
f 825//282 739//282 824//282
f 739//282 825//282 769//282
f 827//282 573//282 826//282
f 573//282 827//282 736//282
f 737//284 828//284 741//284
f 829//282 741//282 828//282
f 741//282 829//282 830//282
f 831//282 832//282 749//282
f 833//282 749//282 832//282
f 749//282 833//282 750//282
f 811//282 834//282 807//282
f 835//282 807//282 834//282
f 838//282 837//282 836//282
f 837//282 838//282 839//282
f 840//282 841//282 768//282
f 842//282 768//282 841//282
f 768//282 842//282 812//282
f 818//282 843//282 769//282
f 844//282 769//282 843//282
f 769//282 844//282 845//282
f 839//282 840//282 837//282
f 768//282 837//282 840//282
f 821//282 837//282 768//282
f 825//282 846//282 769//282
f 847//282 769//282 846//282
f 769//282 847//282 817//282
f 848//282 817//282 847//282
f 830//282 849//282 741//282
f 850//282 741//282 849//282
f 741//282 850//282 742//282
f 845//282 851//282 769//282
f 852//282 769//282 851//282
f 769//282 852//282 770//282
f 853//282 854//282 806//282
f 855//282 806//282 854//282
f 806//282 855//282 805//282
f 856//282 857//282 848//282
f 858//282 848//282 857//282
f 848//282 858//282 817//282
f 859//290 860//291 861//291
s 1
f 861//292 863//293 862//294
s 0
f 862//295 864//296 861//297
s 1
f 865//298 861//299 864//300
s 0
f 861//301 865//302 866//303
f 861//304 866//304 859//304
f 867//305 868//305 869//306
f 869//306 870//306 867//307
f 867//308 870//309 871//310
f 867//311 871//312 872//313
s 1
f 871//314 873//315 874//316
f 871//314 874//316 872//317
s 0
f 875//318 876//318 877//318
f 880//319 878//319 879//320
f 881//321 879//322 878//323
f 880//324 879//325 877//326
f 877//327 879//328 882//329
f 877//330 882//330 875//330
f 883//331 884//331 885//332
f 883//331 885//331 886//331
f 887//333 886//334 885//335
f 887//336 888//337 886//338
f 888//339 889//340 890//341
f 888//342 890//343 886//344
f 891//345 892//346 893//346
s 1
f 893//347 894//348 895//349
f 896//350 895//349 894//348
f 897//351 893//347 895//349
s 0
f 893//352 897//353 898//354
f 893//355 898//356 891//346
f 899//357 900//357 901//357
s 1
f 904//358 902//359 903//360
f 903//360 901//361 904//358
s 0
f 905//362 901//363 903//364
f 905//363 906//365 901//366
f 901//367 906//358 899//367
f 907//368 908//368 909//369
f 909//368 910//370 907//371
f 910//372 911//373 907//374
f 912//375 907//370 911//376
s 1
f 907//377 912//378 913//379
f 913//379 914//380 907//377
s 0
f 915//381 916//381 917//382
f 917//381 918//383 915//383
f 918//384 919//385 915//386
s 1
f 920//387 915//388 919//389
f 915//388 920//387 921//390
f 921//390 922//391 915//388
f 924//392 925//393 923//394
f 926//395 925//393 924//392
s 0
f 926//396 927//397 925//398
f 928//399 929//399 930//400
f 930//401 925//402 927//403
f 925//398 930//398 929//398
f 931//404 932//404 933//404
f 933//405 934//405 931//405
f 935//406 931//407 934//408
s 1
f 936//409 931//410 935//411
s 0
f 931//412 936//413 937//414
s 1
f 937//415 938//416 931//417
s 0
f 939//418 940//418 941//418
f 941//419 942//420 939//421
f 942//422 943//423 939//424
f 944//425 939//426 943//427
s 1
f 939//428 944//429 945//430
f 945//430 946//431 939//428
s 0
f 947//432 948//432 949//432
s 1
f 950//433 949//434 951//435
f 951//435 952//436 950//433
s 0
f 952//437 953//438 950//439
f 949//440 950//441 954//442
f 949//443 954//444 947//432
f 955//445 956//445 957//445
f 957//446 958//446 955//445
f 955//447 958//448 959//449
s 1
f 960//450 955//451 959//452
s 0
f 955//453 960//454 961//455
s 1
f 961//456 962//457 955//458
s 0
f 963//459 964//460 965//461
f 966//461 965//461 964//461
f 965//461 966//461 967//461
f 964//462 963//463 968//464
s 1
f 968//465 969//466 964//467
s 0
f 970//468 964//469 969//470
f 971//471 972//471 973//471
f 973//472 974//473 971//474
f 971//475 974//476 975//477
s 1
f 976//478 971//479 975//480
s 0
f 971//481 976//482 977//483
s 1
f 977//484 978//485 971//486
s 0
f 979//487 980//487 981//487
f 982//488 981//489 980//488
f 981//490 982//491 983//490
f 985//492 984//493 982//494
s 1
f 986//495 984//496 985//497
s 0
f 982//498 984//499 983//500
f 987//501 988//501 989//501
f 989//502 990//503 987//504
f 990//505 991//506 987//507
f 987//508 991//509 992//508
s 1
f 991//510 993//511 994//512
s 0
f 991//513 994//514 992//515
f 995//516 996//517 997//516
f 998//518 997//519 996//519
f 997//520 998//521 999//522
f 1001//523 1000//524 998//525
f 1002//526 998//527 1000//528
f 998//529 1002//519 999//530
f 1003//531 1004//531 1005//531
s 1
f 1008//532 1006//533 1007//534
f 1007//534 1005//535 1008//532
f 1009//536 1005//535 1007//534
s 0
f 1005//537 1009//538 1010//539
f 1005//540 1010//541 1003//541
f 1011//542 1012//542 1013//542
f 1013//543 1014//544 1011//545
f 1014//546 1015//547 1011//548
f 1011//549 1015//550 1016//549
s 1
f 1015//551 1017//552 1018//553
s 0
f 1015//554 1018//555 1016//555
f 1019//556 1020//556 1021//557
f 1019//556 1021//556 1022//556
f 1023//558 1022//559 1021//559
s 1
f 1023//560 1025//561 1024//562
s 0
f 1023//563 1024//564 1026//565
f 1023//566 1026//567 1022//568
f 1027//569 1028//570 1029//571
s 1
f 1032//572 1030//573 1031//574
s 0
f 1033//575 1030//576 1029//577
f 1030//578 1033//579 1031//580
f 1034//581 1029//582 1030//583
f 1029//584 1034//585 1027//586
f 1035//587 1036//587 1037//587
f 1035//588 1037//588 1038//588
f 1039//589 1038//590 1037//591
f 1039//592 1041//592 1040//593
f 1039//594 1040//595 1042//596
f 1039//597 1042//598 1038//599
f 1043//600 1044//600 1045//600
s 1
f 1045//601 1046//602 1047//603
f 1048//604 1047//603 1046//602
f 1049//605 1045//601 1047//603
s 0
f 1045//606 1049//607 1050//608
f 1045//609 1050//610 1043//600
f 1051//611 1052//611 1053//611
f 1051//611 1053//611 1054//611
f 1055//612 1054//613 1053//614
f 1055//615 1056//616 1054//617
f 1056//618 1057//619 1058//620
f 1056//621 1058//622 1054//623
f 1059//624 1060//625 1061//625
f 1061//626 1062//626 1063//627
f 1064//628 1063//629 1062//630
s 1
f 1065//631 1063//632 1064//633
s 0
f 1061//634 1063//635 1066//636
f 1061//637 1066//637 1059//637
f 1067//638 1068//638 1069//638
f 1069//639 1070//640 1067//641
f 1070//642 1071//643 1067//644
s 1
f 1072//645 1067//646 1071//647
s 0
f 1067//648 1072//649 1073//650
s 1
f 1073//651 1074//652 1067//653
s 0
f 1075//654 1076//655 1077//655
f 1080//656 1078//657 1079//658
f 1081//659 1078//660 1077//661
f 1078//662 1081//663 1079//664
f 1078//665 1082//666 1077//667
f 1077//668 1082//654 1075//654
s 1
f 1086//669 1084//670 1085//671
f 1083//672 1085//671 1084//670
f 1090//673 1088//674 1089//675
f 1087//676 1089//675 1088//674
f 1094//677 1092//678 1093//679
f 1091//680 1093//679 1092//678
f 1098//681 1096//682 1097//683
f 1095//684 1097//683 1096//682
f 1102//685 1100//686 1101//687
f 1099//688 1101//687 1100//686
f 112//689 1106//690 111//691
f 1105//692 111//691 1106//690
f 34//693 24//694 33//695
f 23//696 33//695 24//694
f 54//697 44//698 53//699
f 43//700 53//699 44//698
f 74//701 64//702 73//703
f 63//704 73//703 64//702
f 92//145 1108//705 91//146
f 1107//706 91//146 1108//705
f 1112//707 1110//708 1111//709
f 1109//710 1111//709 1110//708
f 1116//711 1114//712 1115//713
f 1113//714 1115//713 1114//712
f 1120//715 1118//716 1119//717
f 1117//718 1119//717 1118//716
f 1124//719 1122//720 1123//721
f 1121//722 1123//721 1122//720
f 1128//723 1126//724 1127//725
f 1125//726 1127//725 1126//724
f 1132//727 1130//728 1131//729
f 1129//730 1131//729 1130//728
f 11//18 1134//731 12//19
f 1133//732 12//19 1134//731
f 1138//733 1136//734 1137//735
f 1135//736 1137//735 1136//734
f 1142//737 1140//738 1141//739
f 1139//740 1141//739 1140//738
f 1146//741 1144//742 1145//743
f 1143//744 1145//743 1144//742
f 1150//745 1148//746 1149//747
f 1147//748 1149//747 1148//746
f 1154//749 1152//750 1153//751
f 1151//752 1153//751 1152//750
f 1158//753 1156//754 1157//755
f 1155//756 1157//755 1156//754
f 1162//757 1160//758 1161//759
f 1159//760 1161//759 1160//758
f 1166//761 1164//762 1165//763
f 1163//764 1165//763 1164//762
f 1170//765 1168//766 1169//767
f 1167//768 1169//767 1168//766
f 1174//769 1172//770 1173//771
f 1171//772 1173//771 1172//770
f 1178//773 1176//774 1177//775
f 1175//776 1177//775 1176//774
f 1182//777 1180//778 1181//779
f 1179//780 1181//779 1180//778
f 1186//781 1184//782 1185//783
f 1183//784 1185//783 1184//782
f 1190//785 1188//786 1189//787
f 1187//788 1189//787 1188//786
f 1194//789 1192//790 1193//791
f 1191//792 1193//791 1192//790
f 1198//793 1196//794 1197//795
f 1195//796 1197//795 1196//794
f 1202//797 1200//798 1201//799
f 1199//800 1201//799 1200//798
f 141//205 130//801 142//206
f 129//802 142//206 130//801
f 1206//803 1207//804 139//208
f 140//207 139//208 1207//804
f 1203//805 1204//806 1205//807
f 1205//807 1204//806 1206//803
f 1207//804 1206//803 1204//806
f 1210//808 1208//809 1209//810
f 1208//809 1210//808 1203//805
f 1204//806 1203//805 1210//808
f 1211//811 1212//812 1208//809
f 1209//810 1208//809 1212//812
f 1083//672 1084//670 1211//811
f 1211//811 1084//670 1212//812
f 1086//669 1085//671 1214//813
f 1214//813 1085//671 1213//814
f 1218//815 1219//816 1213//814
f 1214//813 1213//814 1219//816
f 1215//817 1216//818 1217//819
f 1217//819 1216//818 1218//815
f 1219//816 1218//815 1216//818
f 1222//820 1220//821 1221//822
f 1220//821 1222//820 1215//817
f 1216//818 1215//817 1222//820
f 1223//823 1224//824 1220//821
f 1221//822 1220//821 1224//824
f 1087//676 1088//674 1223//823
f 1223//823 1088//674 1224//824
f 1090//673 1089//675 1226//825
f 1226//825 1089//675 1225//826
f 1230//827 1231//828 1225//826
f 1226//825 1225//826 1231//828
f 1227//829 1228//830 1229//831
f 1229//831 1228//830 1230//827
f 1231//828 1230//827 1228//830
f 1232//832 1233//833 1227//829
f 1234//834 1227//829 1233//833
f 1228//830 1227//829 1234//834
f 1235//835 1236//836 1232//832
f 1233//833 1232//832 1236//836
f 1091//680 1092//678 1235//835
f 1235//835 1092//678 1236//836
f 1094//677 1093//679 1238//837
f 1238//837 1093//679 1237//838
f 1243//839 1244//840 1237//838
f 1238//837 1237//838 1244//840
f 1239//841 1240//842 1241//843
f 1242//844 1241//843 1240//842
f 1241//843 1242//844 1243//839
f 1244//840 1243//839 1242//844
f 1245//845 1246//846 1239//841
f 1240//842 1239//841 1246//846
f 1247//847 1248//848 1245//845
f 1246//846 1245//845 1248//848
f 1095//684 1096//682 1247//847
f 1247//847 1096//682 1248//848
f 1098//681 1097//683 1250//849
f 1250//849 1097//683 1249//850
f 1251//851 1255//852 1249//850
f 1250//849 1249//850 1255//852
f 1252//853 1253//854 1254//855
f 1255//852 1254//855 1253//854
f 1254//855 1255//852 1251//851
f 1258//856 1256//857 1257//858
f 1256//857 1258//856 1252//853
f 1253//854 1252//853 1258//856
f 1259//859 1260//860 1256//857
f 1257//858 1256//857 1260//860
f 1099//688 1100//686 1259//859
f 1259//859 1100//686 1260//860
f 1102//685 1101//687 1262//861
f 1262//861 1101//687 1261//862
f 1265//863 1266//864 1261//862
f 1262//861 1261//862 1266//864
f 1263//865 1264//866 1265//863
f 1266//864 1265//863 1264//866
f 1267//867 1268//868 1269//869
f 1270//870 1269//869 1268//868
f 1269//869 1270//870 1263//865
f 1264//866 1263//865 1270//870
f 1271//871 1272//872 1267//867
f 1268//868 1267//867 1272//872
f 22//39 21//37 1271//871
f 1271//871 21//37 1272//872
f 1104//36 1103//38 1274//873
f 1274//873 1103//38 1273//874
f 1278//875 1279//876 1273//874
f 1274//873 1273//874 1279//876
f 1275//877 1276//878 1277//879
f 1277//879 1276//878 1278//875
f 1279//876 1278//875 1276//878
f 1280//880 1281//881 1275//877
f 1282//882 1275//877 1281//881
f 1276//878 1275//877 1282//882
f 1283//883 1284//884 1280//880
f 1281//881 1280//880 1284//884
f 1105//692 1106//690 1283//883
f 1283//883 1106//690 1284//884
f 112//689 111//691 1286//885
f 1286//885 111//691 1285//886
f 1291//887 1290//888 1285//886
f 1286//885 1285//886 1290//888
f 1287//889 1288//890 1289//891
f 1290//888 1289//891 1288//890
f 1289//891 1290//888 1291//887
f 1292//892 1293//893 1287//889
f 1294//894 1287//889 1293//893
f 1288//890 1287//889 1294//894
f 1295//895 1296//896 1292//892
f 1293//893 1292//892 1296//896
f 23//696 24//694 1295//895
f 1295//895 24//694 1296//896
f 34//693 33//695 1298//897
f 1298//897 33//695 1297//898
f 1303//899 1302//900 1297//898
f 1298//897 1297//898 1302//900
f 1299//901 1300//902 1301//903
f 1302//900 1301//903 1300//902
f 1301//903 1302//900 1303//899
f 1304//904 1305//905 1299//901
f 1306//906 1299//901 1305//905
f 1300//902 1299//901 1306//906
f 1307//907 1308//908 1304//904
f 1305//905 1304//904 1308//908
f 43//700 44//698 1307//907
f 1307//907 44//698 1308//908
f 54//697 53//699 1310//909
f 1310//909 53//699 1309//910
f 1314//911 1315//912 1309//910
f 1310//909 1309//910 1315//912
f 1311//913 1312//914 1313//915
f 1313//915 1312//914 1314//911
f 1315//912 1314//911 1312//914
f 1318//916 1316//917 1317//918
f 1316//917 1318//916 1311//913
f 1312//914 1311//913 1318//916
f 1319//919 1320//920 1316//917
f 1317//918 1316//917 1320//920
f 63//704 64//702 1319//919
f 1319//919 64//702 1320//920
f 74//701 73//703 1322//921
f 1322//921 73//703 1321//922
f 1326//923 1327//924 1321//922
f 1322//921 1321//922 1327//924
f 1323//925 1324//926 1325//927
f 1325//927 1324//926 1326//923
f 1327//924 1326//923 1324//926
f 1330//928 1328//929 1329//930
f 1328//929 1330//928 1323//925
f 1324//926 1323//925 1330//928
f 1331//931 1332//932 1328//929
f 1329//930 1328//929 1332//932
f 1107//706 1108//705 1331//931
f 1331//931 1108//705 1332//932
f 1336//933 1337//934 101//148
f 102//147 101//148 1337//934
f 1333//935 1334//936 1335//937
f 1335//937 1334//936 1336//933
f 1337//934 1336//933 1334//936
f 1338//938 1339//939 1333//935
f 1340//940 1333//935 1339//939
f 1334//936 1333//935 1340//940
f 1341//941 1342//942 1338//938
f 1339//939 1338//938 1342//942
f 1109//710 1110//708 1341//941
f 1341//941 1110//708 1342//942
f 1112//707 1111//709 1344//943
f 1344//943 1111//709 1343//944
f 1349//945 1350//946 1343//944
f 1344//943 1343//944 1350//946
f 1345//947 1346//948 1347//949
f 1348//950 1347//949 1346//948
f 1347//949 1348//950 1349//945
f 1350//946 1349//945 1348//950
f 1351//951 1352//952 1345//947
f 1346//948 1345//947 1352//952
f 1353//953 1354//954 1351//951
f 1352//952 1351//951 1354//954
f 1113//714 1114//712 1353//953
f 1353//953 1114//712 1354//954
f 1116//711 1115//713 1356//955
f 1356//955 1115//713 1355//956
f 1357//957 1361//958 1355//956
f 1356//955 1355//956 1361//958
f 1358//959 1359//960 1360//961
f 1361//958 1360//961 1359//960
f 1360//961 1361//958 1357//957
f 1364//962 1362//963 1363//964
f 1362//963 1364//962 1358//959
f 1359//960 1358//959 1364//962
f 1365//965 1366//966 1362//963
f 1363//964 1362//963 1366//966
f 1117//718 1118//716 1365//965
f 1365//965 1118//716 1366//966
f 1120//715 1119//717 1368//967
f 1368//967 1119//717 1367//968
f 1371//969 1372//970 1367//968
f 1368//967 1367//968 1372//970
f 1369//971 1370//972 1371//969
f 1372//970 1371//969 1370//972
f 1373//973 1374//974 1375//975
f 1376//976 1375//975 1374//974
f 1375//975 1376//976 1369//971
f 1370//972 1369//971 1376//976
f 1377//977 1378//978 1373//973
f 1374//974 1373//973 1378//978
f 1121//722 1122//720 1377//977
f 1377//977 1122//720 1378//978
f 1124//719 1123//721 1380//979
f 1380//979 1123//721 1379//980
f 1384//981 1385//982 1379//980
f 1380//979 1379//980 1385//982
f 1381//983 1382//984 1383//985
f 1383//985 1382//984 1384//981
f 1385//982 1384//981 1382//984
f 1386//986 1387//987 1381//983
f 1388//988 1381//983 1387//987
f 1382//984 1381//983 1388//988
f 1389//989 1390//990 1386//986
f 1387//987 1386//986 1390//990
f 1125//726 1126//724 1389//989
f 1389//989 1126//724 1390//990
f 1128//723 1127//725 1392//991
f 1392//991 1127//725 1391//992
f 1397//993 1396//994 1391//992
f 1392//991 1391//992 1396//994
f 1393//995 1394//996 1395//997
f 1396//994 1395//997 1394//996
f 1395//997 1396//994 1397//993
f 1398//998 1399//999 1393//995
f 1400//1000 1393//995 1399//999
f 1394//996 1393//995 1400//1000
f 1401//1001 1402//1002 1398//998
f 1399//999 1398//998 1402//1002
f 1129//730 1130//728 1401//1001
f 1401//1001 1130//728 1402//1002
f 1132//727 1131//729 1404//1003
f 1404//1003 1131//729 1403//1004
f 1409//1005 1408//1006 1403//1004
f 1404//1003 1403//1004 1408//1006
f 1405//1007 1406//1008 1407//1009
f 1408//1006 1407//1009 1406//1008
f 1407//1009 1408//1006 1409//1005
f 1410//1010 1411//1011 1405//1007
f 1412//1012 1405//1007 1411//1011
f 1406//1008 1405//1007 1412//1012
f 1413//1013 1414//1014 1410//1010
f 1411//1011 1410//1010 1414//1014
f 1133//732 1134//731 1413//1013
f 1413//1013 1134//731 1414//1014
f 1418//1015 1419//1016 9//21
f 10//20 9//21 1419//1016
f 1415//1017 1416//1018 1417//1019
f 1417//1019 1416//1018 1418//1015
f 1419//1016 1418//1015 1416//1018
f 1422//1020 1420//1021 1421//1022
f 1420//1021 1422//1020 1415//1017
f 1416//1018 1415//1017 1422//1020
f 1423//1023 1424//1024 1420//1021
f 1421//1022 1420//1021 1424//1024
f 1135//736 1136//734 1423//1023
f 1423//1023 1136//734 1424//1024
f 1138//733 1137//735 1426//1025
f 1426//1025 1137//735 1425//1026
f 1430//1027 1431//1028 1425//1026
f 1426//1025 1425//1026 1431//1028
f 1427//1029 1428//1030 1429//1031
f 1429//1031 1428//1030 1430//1027
f 1431//1028 1430//1027 1428//1030
f 1434//1032 1432//1033 1433//1034
f 1432//1033 1434//1032 1427//1029
f 1428//1030 1427//1029 1434//1032
f 1435//1035 1436//1036 1432//1033
f 1433//1034 1432//1033 1436//1036
f 1139//740 1140//738 1435//1035
f 1435//1035 1140//738 1436//1036
f 1142//737 1141//739 152//224
f 152//224 1141//739 151//223
f 1437//1037 1438//1038 153//225
f 1439//1039 153//225 1438//1038
f 154//226 153//225 1439//1039
f 1440//1040 1441//1041 1437//1037
f 1438//1038 1437//1037 1441//1041
f 1143//744 1144//742 1440//1040
f 1440//1040 1144//742 1441//1041
f 1146//741 1145//743 1443//1042
f 1443//1042 1145//743 1442//1043
f 1448//1044 1449//1045 1442//1043
f 1443//1042 1442//1043 1449//1045
f 1444//1046 1445//1047 1446//1048
f 1447//1049 1446//1048 1445//1047
f 1446//1048 1447//1049 1448//1044
f 1449//1045 1448//1044 1447//1049
f 1450//1050 1451//1051 1444//1046
f 1445//1047 1444//1046 1451//1051
f 1452//1052 1453//1053 1450//1050
f 1451//1051 1450//1050 1453//1053
f 1147//748 1148//746 1452//1052
f 1452//1052 1148//746 1453//1053
f 1150//745 1149//747 1455//1054
f 1455//1054 1149//747 1454//1055
f 1456//1056 1460//1057 1454//1055
f 1455//1054 1454//1055 1460//1057
f 1457//1058 1458//1059 1459//1060
f 1460//1057 1459//1060 1458//1059
f 1459//1060 1460//1057 1456//1056
f 1463//1061 1461//1062 1462//1063
f 1461//1062 1463//1061 1457//1058
f 1458//1059 1457//1058 1463//1061
f 1464//1064 1465//1065 1461//1062
f 1462//1063 1461//1062 1465//1065
f 1151//752 1152//750 1464//1064
f 1464//1064 1152//750 1465//1065
f 1154//749 1153//751 1467//1066
f 1467//1066 1153//751 1466//1067
f 1470//1068 1471//1069 1466//1067
f 1467//1066 1466//1067 1471//1069
f 1468//1070 1469//1071 1470//1068
f 1471//1069 1470//1068 1469//1071
f 1472//1072 1473//1073 1474//1074
f 1475//1075 1474//1074 1473//1073
f 1474//1074 1475//1075 1468//1070
f 1469//1071 1468//1070 1475//1075
f 1476//1076 1477//1077 1472//1072
f 1473//1073 1472//1072 1477//1077
f 1155//756 1156//754 1476//1076
f 1476//1076 1156//754 1477//1077
f 1158//753 1157//755 1479//1078
f 1479//1078 1157//755 1478//1079
f 1483//1080 1484//1081 1478//1079
f 1479//1078 1478//1079 1484//1081
f 1480//1082 1481//1083 1482//1084
f 1482//1084 1481//1083 1483//1080
f 1484//1081 1483//1080 1481//1083
f 1485//1085 1486//1086 1480//1082
f 1487//1087 1480//1082 1486//1086
f 1481//1083 1480//1082 1487//1087
f 1488//1088 1489//1089 1485//1085
f 1486//1086 1485//1085 1489//1089
f 1159//760 1160//758 1488//1088
f 1488//1088 1160//758 1489//1089
f 1162//757 1161//759 1491//1090
f 1491//1090 1161//759 1490//1091
f 1496//1092 1495//1093 1490//1091
f 1491//1090 1490//1091 1495//1093
f 1492//1094 1493//1095 1494//1096
f 1495//1093 1494//1096 1493//1095
f 1494//1096 1495//1093 1496//1092
f 1497//1097 1498//1098 1492//1094
f 1499//1099 1492//1094 1498//1098
f 1493//1095 1492//1094 1499//1099
f 1500//1100 1501//1101 1497//1097
f 1498//1098 1497//1097 1501//1101
f 1163//764 1164//762 1500//1100
f 1500//1100 1164//762 1501//1101
f 1166//761 1165//763 1503//1102
f 1503//1102 1165//763 1502//1103
f 1508//1104 1507//1105 1502//1103
f 1503//1102 1502//1103 1507//1105
f 1504//1106 1505//1107 1506//1108
f 1507//1105 1506//1108 1505//1107
f 1506//1108 1507//1105 1508//1104
f 1509//1109 1510//1110 1504//1106
f 1511//1111 1504//1106 1510//1110
f 1505//1107 1504//1106 1511//1111
f 1512//1112 1513//1113 1509//1109
f 1510//1110 1509//1109 1513//1113
f 1167//768 1168//766 1512//1112
f 1512//1112 1168//766 1513//1113
f 1170//765 1169//767 1515//1114
f 1515//1114 1169//767 1514//1115
f 1519//1116 1520//1117 1514//1115
f 1515//1114 1514//1115 1520//1117
f 1516//1118 1517//1119 1518//1120
f 1518//1120 1517//1119 1519//1116
f 1520//1117 1519//1116 1517//1119
f 1523//1121 1521//1122 1522//1123
f 1521//1122 1523//1121 1516//1118
f 1517//1119 1516//1118 1523//1121
f 1524//1124 1525//1125 1521//1122
f 1522//1123 1521//1122 1525//1125
f 1171//772 1172//770 1524//1124
f 1524//1124 1172//770 1525//1125
f 1174//769 1173//771 1527//1126
f 1527//1126 1173//771 1526//1127
f 1531//1128 1532//1129 1526//1127
f 1527//1126 1526//1127 1532//1129
f 1528//1130 1529//1131 1530//1132
f 1530//1132 1529//1131 1531//1128
f 1532//1129 1531//1128 1529//1131
f 1535//1133 1533//1134 1534//1135
f 1533//1134 1535//1133 1528//1130
f 1529//1131 1528//1130 1535//1133
f 1536//1136 1537//1137 1533//1134
f 1534//1135 1533//1134 1537//1137
f 1175//776 1176//774 1536//1136
f 1536//1136 1176//774 1537//1137
f 1178//773 1177//775 1539//1138
f 1539//1138 1177//775 1538//1139
f 1543//1140 1544//1141 1538//1139
f 1539//1138 1538//1139 1544//1141
f 1540//1142 1541//1143 1542//1144
f 1542//1144 1541//1143 1543//1140
f 1544//1141 1543//1140 1541//1143
f 1545//1145 1546//1146 1540//1142
f 1547//1147 1540//1142 1546//1146
f 1541//1143 1540//1142 1547//1147
f 1548//1148 1549//1149 1545//1145
f 1546//1146 1545//1145 1549//1149
f 1179//780 1180//778 1548//1148
f 1548//1148 1180//778 1549//1149
f 1182//777 1181//779 1551//1150
f 1551//1150 1181//779 1550//1151
f 1556//1152 1557//1153 1550//1151
f 1551//1150 1550//1151 1557//1153
f 1552//1154 1553//1155 1554//1156
f 1555//1157 1554//1156 1553//1155
f 1554//1156 1555//1157 1556//1152
f 1557//1153 1556//1152 1555//1157
f 1558//1158 1559//1159 1552//1154
f 1553//1155 1552//1154 1559//1159
f 1560//1160 1561//1161 1558//1158
f 1559//1159 1558//1158 1561//1161
f 1183//784 1184//782 1560//1160
f 1560//1160 1184//782 1561//1161
f 1186//781 1185//783 1563//1162
f 1563//1162 1185//783 1562//1163
f 1564//1164 1568//1165 1562//1163
f 1563//1162 1562//1163 1568//1165
f 1565//1166 1566//1167 1567//1168
f 1568//1165 1567//1168 1566//1167
f 1567//1168 1568//1165 1564//1164
f 1571//1169 1569//1170 1570//1171
f 1569//1170 1571//1169 1565//1166
f 1566//1167 1565//1166 1571//1169
f 1572//1172 1573//1173 1569//1170
f 1570//1171 1569//1170 1573//1173
f 1187//788 1188//786 1572//1172
f 1572//1172 1188//786 1573//1173
f 1190//785 1189//787 1575//1174
f 1575//1174 1189//787 1574//1175
f 1578//1176 1579//1177 1574//1175
f 1575//1174 1574//1175 1579//1177
f 1576//1178 1577//1179 1578//1176
f 1579//1177 1578//1176 1577//1179
f 1580//1180 1581//1181 1582//1182
f 1583//1183 1582//1182 1581//1181
f 1582//1182 1583//1183 1576//1178
f 1577//1179 1576//1178 1583//1183
f 1584//1184 1585//1185 1580//1180
f 1581//1181 1580//1180 1585//1185
f 1191//792 1192//790 1584//1184
f 1584//1184 1192//790 1585//1185
f 1194//789 1193//791 1587//1186
f 1587//1186 1193//791 1586//1187
f 1591//1188 1592//1189 1586//1187
f 1587//1186 1586//1187 1592//1189
f 1588//1190 1589//1191 1590//1192
f 1590//1192 1589//1191 1591//1188
f 1592//1189 1591//1188 1589//1191
f 1593//1193 1594//1194 1588//1190
f 1595//1195 1588//1190 1594//1194
f 1589//1191 1588//1190 1595//1195
f 1596//1196 1597//1197 1593//1193
f 1594//1194 1593//1193 1597//1197
f 1195//796 1196//794 1596//1196
f 1596//1196 1196//794 1597//1197
f 1198//793 1197//795 1599//1198
f 1599//1198 1197//795 1598//1199
f 1604//1200 1603//1201 1598//1199
f 1599//1198 1598//1199 1603//1201
f 1600//1202 1601//1203 1602//1204
f 1603//1201 1602//1204 1601//1203
f 1602//1204 1603//1201 1604//1200
f 1605//1205 1606//1206 1600//1202
f 1607//1207 1600//1202 1606//1206
f 1601//1203 1600//1202 1607//1207
f 1608//1208 1609//1209 1605//1205
f 1606//1206 1605//1205 1609//1209
f 1199//800 1200//798 1608//1208
f 1608//1208 1200//798 1609//1209
f 1202//797 1201//799 1611//1210
f 1611//1210 1201//799 1610//1211
f 1616//1212 1615//1213 1610//1211
f 1611//1210 1610//1211 1615//1213
f 1612//1214 1613//1215 1614//1216
f 1615//1213 1614//1216 1613//1215
f 1614//1216 1615//1213 1616//1212
f 1617//1217 1618//1218 1612//1214
f 1619//1219 1612//1214 1618//1218
f 1613//1215 1612//1214 1619//1219
f 1620//1220 1621//1221 1617//1217
f 1618//1218 1617//1217 1621//1221
f 129//802 130//801 1620//1220
f 1620//1220 130//801 1621//1221
s 0
f 1622//1222 1623//1222 1624//1222
f 1625//1222 1624//1222 1623//1222
f 1626//1222 1627//1222 1628//1222
f 1629//1222 1630//1222 1631//1222
f 1632//1222 1631//1222 1630//1222
f 1631//1222 1632//1222 1633//1222
f 1634//1222 1633//1222 1632//1222
f 1635//1222 1636//1222 1637//1222
f 1629//1222 1638//1222 1630//1222
f 1639//1222 1630//1222 1638//1222
f 1630//1222 1639//1222 1640//1222
f 1643//1222 1642//1222 1641//1222
f 1642//1222 1643//1222 1644//1222
f 1645//1222 1634//1222 1646//1222
f 1647//1222 1646//1222 1634//1222
f 1645//1222 1648//1222 1634//1222
f 1634//1222 1648//1222 1633//1222
f 1628//1222 1627//1222 1649//1222
f 1650//1222 1649//1222 1627//1222
f 1649//1222 1650//1222 1651//1222
f 1652//1222 1653//1222 1628//1222
f 1654//1222 1655//1222 1656//1222
f 1657//1222 1656//1222 1655//1222
f 1656//1222 1657//1222 1658//1222
f 1659//1222 1660//1222 1661//1222
f 1662//1222 1661//1222 1660//1222
f 1624//1222 1663//1222 1622//1222
f 1664//1222 1622//1222 1663//1222
f 1622//1222 1664//1222 1665//1222
f 1666//1222 1665//1222 1664//1222
f 1665//1222 1666//1222 1667//1222
f 1668//1222 1667//1222 1666//1222
f 1667//1222 1668//1222 1669//1222
f 1670//1222 1669//1222 1668//1222
f 1669//1222 1670//1222 1671//1222
f 1672//1222 1671//1222 1670//1222
f 1671//1222 1672//1222 1673//1222
f 1625//1222 1674//1222 1675//1222
f 1677//1222 1628//1222 1676//1222
f 1628//1222 1677//1222 1626//1222
f 1678//1222 1630//1222 1640//1222
f 1630//1222 1678//1222 1679//1222
f 1658//1222 1680//1222 1656//1222
f 1681//1222 1656//1222 1680//1222
f 1656//1222 1681//1222 1634//1222
f 1681//1222 1682//1222 1634//1222
f 1683//1222 1634//1222 1682//1222
f 1634//1222 1683//1222 1684//1222
f 1685//1222 1686//1222 1625//1222
f 1687//1222 1625//1222 1686//1222
f 1625//1222 1687//1222 1674//1222
f 1688//1222 1689//1222 1649//1222
f 1690//1222 1649//1222 1689//1222
f 1649//1223 1690//1223 1691//1223
f 1637//1222 1636//1222 1692//1222
f 1693//1222 1692//1222 1636//1222
f 1692//1222 1693//1222 1628//1222
f 1694//1222 1628//1222 1693//1222
f 1628//1222 1694//1222 1652//1222
f 1696//1222 1637//1222 1695//1222
f 1637//1222 1696//1222 1635//1222
f 1697//1222 1698//1222 1637//1222
f 1699//1222 1637//1222 1698//1222
f 1637//1222 1699//1222 1695//1222
f 1700//1222 1695//1222 1699//1222
f 1702//1222 1640//1222 1701//1222
f 1640//1222 1702//1222 1678//1222
f 1679//1222 1703//1222 1630//1222
f 1704//1222 1630//1222 1703//1222
f 1630//1222 1704//1222 1705//1222
f 1706//1222 1705//1222 1704//1222
f 1705//1222 1706//1222 1637//1222
f 1637//1222 1706//1222 1697//1222
f 1644//1222 1647//1222 1642//1222
f 1634//1222 1642//1222 1647//1222
f 1684//1222 1642//1222 1634//1222
f 1662//1224 1707//1224 1661//1224
f 1708//1222 1661//1222 1707//1222
f 1661//1222 1708//1222 1709//1222
f 1710//1222 1711//1222 1712//1222
f 1713//1222 1712//1222 1711//1222
f 1712//1222 1713//1222 1714//1222
f 1715//1222 1716//1222 1717//1222
f 1718//1222 1717//1222 1716//1222
f 1717//1222 1718//1222 1691//1222
f 1719//1222 1691//1222 1718//1222
f 1691//1222 1719//1222 1649//1222
f 1720//1222 1649//1222 1719//1222
f 1649//1222 1720//1222 1685//1222
f 1721//1222 1685//1222 1720//1222
f 1685//1222 1721//1222 1722//1222
f 1724//1222 1723//1222 1676//1222
f 1700//1222 1725//1222 1695//1222
f 1726//1222 1695//1222 1725//1222
f 1727//1222 1659//1222 1728//1222
f 1729//1222 1728//1222 1659//1222
f 1728//1222 1729//1222 1730//1222
f 1673//1222 1672//1222 1731//1222
f 1732//1222 1731//1222 1672//1222
f 1731//1222 1732//1222 1710//1222
f 1733//1222 1710//1222 1732//1222
f 1710//1222 1733//1222 1711//1222
f 1734//1222 1735//1222 1685//1222
f 1736//1222 1685//1222 1735//1222
f 1685//1222 1736//1222 1686//1222
f 1737//1222 1686//1222 1736//1222
f 1686//1222 1737//1222 1738//1222
f 1739//1222 1738//1222 1737//1222
f 1738//1222 1739//1222 1740//1222
f 1741//1222 1740//1222 1739//1222
f 1742//1222 1743//1222 1625//1222
f 1744//1225 1625//1225 1743//1225
f 1625//1222 1744//1222 1624//1222
f 1745//1222 1624//1222 1744//1222
f 1722//1222 1746//1222 1685//1222
f 1685//1222 1746//1222 1734//1222
f 1653//1222 1747//1222 1628//1222
f 1748//1222 1628//1222 1747//1222
f 1628//1222 1748//1222 1676//1222
f 1749//1222 1676//1222 1748//1222
f 1676//1222 1749//1222 1724//1222
f 1709//1222 1750//1222 1661//1222
f 1751//1222 1661//1222 1750//1222
f 1661//1222 1751//1222 1656//1222
f 1752//1222 1656//1222 1751//1222
f 1656//1222 1752//1222 1753//1222
f 1675//1222 1754//1222 1625//1222
f 1755//1222 1625//1222 1754//1222
f 1625//1222 1755//1222 1742//1222
f 1651//1222 1756//1222 1649//1222
f 1649//1222 1756//1222 1688//1222
f 1758//1222 1729//1222 1757//1222
f 1729//1222 1758//1222 1730//1222
f 1727//1224 1759//1224 1659//1224
f 1760//1222 1659//1222 1759//1222
f 1659//1222 1760//1222 1660//1222
f 1761//1226 1660//1226 1760//1226
f 1660//1222 1761//1222 1762//1222
f 1763//1222 1762//1222 1761//1222
f 1762//1222 1763//1222 1764//1222
f 1745//1224 1765//1224 1624//1224
f 1766//1222 1624//1222 1765//1222
f 1767//1222 1768//1222 1769//1222
f 1770//1222 1769//1222 1768//1222
f 1769//1222 1770//1222 1753//1222
f 1771//1222 1753//1222 1770//1222
f 1753//1222 1771//1222 1656//1222
f 1772//1227 1656//1227 1771//1227
f 1656//1222 1772//1222 1654//1222
f 1764//1222 1773//1222 1762//1222
f 1774//1222 1762//1222 1773//1222
f 1762//1222 1774//1222 1775//1222
f 1776//1222 1775//1222 1774//1222
f 1775//1222 1776//1222 1777//1222
f 1778//1222 1777//1222 1776//1222
f 1779//1222 1780//1222 1781//1222
f 1782//1222 1783//1222 1784//1222
f 1785//1222 1786//1222 1784//1222
f 1787//1222 1784//1222 1786//1222
f 1784//1228 1787//1228 1788//1228
f 1789//1222 1790//1222 1791//1222
f 1781//1222 1780//1222 1792//1222
f 1793//1222 1792//1222 1780//1222
f 1792//1222 1793//1222 1794//1222
f 1795//1222 1796//1222 1797//1222
f 1782//1222 1784//1222 1798//1222
f 1799//1222 1798//1222 1784//1222
f 1798//1222 1799//1222 1800//1222
f 1801//1222 1802//1222 1799//1222
f 1803//1222 1804//1222 1805//1222
f 1794//1222 1793//1222 1806//1222
f 1807//1222 1806//1222 1793//1222
f 1806//1222 1807//1222 1808//1222
f 1809//1222 1808//1222 1807//1222
f 1808//1222 1809//1222 1810//1222
f 1804//1222 1811//1222 1805//1222
f 1812//1222 1805//1222 1811//1222
f 1805//1222 1812//1222 1813//1222
f 1814//1222 1813//1222 1812//1222
f 1813//1222 1814//1222 1791//1222
f 1791//1222 1814//1222 1815//1222
f 1816//1222 1817//1222 1818//1222
f 1819//1224 1818//1224 1817//1224
f 1797//1222 1820//1222 1795//1222
f 1821//1222 1795//1222 1820//1222
f 1795//1222 1821//1222 1822//1222
f 1823//1222 1824//1222 1796//1222
f 1796//1222 1824//1222 1825//1222
f 1827//1222 1799//1222 1826//1222
f 1799//1222 1827//1222 1800//1222
f 1783//1222 1828//1222 1784//1222
f 1829//1222 1784//1222 1828//1222
f 1784//1222 1829//1222 1785//1222
f 1791//1222 1790//1222 1830//1222
f 1831//1222 1830//1222 1790//1222
f 1830//1222 1831//1222 1799//1222
f 1832//1222 1799//1222 1831//1222
f 1799//1222 1832//1222 1801//1222
f 1834//1222 1791//1222 1833//1222
f 1791//1222 1834//1222 1789//1222
f 1815//1222 1835//1222 1791//1222
f 1836//1222 1791//1222 1835//1222
f 1791//1222 1836//1222 1833//1222
f 1837//1224 1833//1224 1836//1224
f 1805//1222 1838//1222 1839//1222
f 1842//1222 1841//1222 1840//1222
f 1841//1222 1842//1222 1843//1222
f 1844//1222 1845//1222 1846//1222
f 1847//1222 1846//1222 1845//1222
f 1848//1229 1816//1229 1849//1229
f 1850//1230 1849//1230 1816//1230
f 1849//1222 1850//1222 1851//1222
f 1852//1222 1853//1222 1854//1222
f 1855//1222 1854//1222 1853//1222
f 1854//1222 1855//1222 1788//1222
f 1856//1222 1788//1222 1855//1222
f 1788//1222 1856//1222 1784//1222
f 1857//1222 1784//1222 1856//1222
f 1784//1222 1857//1222 1796//1222
f 1858//1222 1796//1222 1857//1222
f 1796//1222 1858//1222 1823//1222
f 1860//1222 1859//1222 1826//1222
f 1837//1222 1861//1222 1833//1222
f 1862//1222 1833//1222 1861//1222
f 1863//1222 1864//1222 1865//1222
f 1863//1222 1803//1222 1864//1222
f 1805//1222 1864//1222 1803//1222
f 1839//1222 1864//1222 1805//1222
f 1866//1222 1867//1222 1868//1222
f 1869//1222 1868//1222 1867//1222
f 1868//1222 1869//1222 1870//1222
f 1797//1222 1870//1222 1869//1222
f 1870//1222 1797//1222 1871//1222
f 1796//1222 1871//1222 1797//1222
f 1871//1222 1796//1222 1872//1222
f 1825//1222 1872//1222 1796//1222
f 1873//1222 1874//1222 1795//1222
f 1729//1230 1875//1230 1876//1230
f 1802//1222 1877//1222 1799//1222
f 1878//1224 1799//1224 1877//1224
f 1799//1222 1878//1222 1826//1222
f 1879//1222 1826//1222 1878//1222
f 1826//1222 1879//1222 1860//1222
f 1846//1222 1880//1222 1881//1222
f 1882//1222 1881//1222 1880//1222
f 1881//1222 1882//1222 1805//1222
f 1883//1222 1805//1222 1882//1222
f 1805//1222 1883//1222 1838//1222
f 1884//1222 1885//1222 1886//1222
f 1887//1222 1886//1222 1885//1222
f 1886//1222 1887//1222 1888//1222
f 1846//1222 1889//1222 1890//1222
f 1819//1222 1891//1222 1818//1222
f 1892//1222 1818//1222 1891//1222
f 1818//1222 1892//1222 1893//1222
f 1893//1222 1894//1222 1818//1222
f 1895//1222 1818//1222 1894//1222
f 1818//1222 1895//1222 1886//1222
f 1896//1222 1886//1222 1895//1222
f 1886//1222 1896//1222 1897//1222
f 1899//1222 1850//1222 1898//1222
f 1850//1222 1899//1222 1851//1222
f 1848//1230 1900//1230 1816//1230
f 1901//1222 1816//1222 1900//1222
f 1816//1222 1901//1222 1817//1222
f 1902//1231 1817//1231 1901//1231
f 1817//1222 1902//1222 1903//1222
f 1904//1232 1903//1232 1902//1232
f 1903//1222 1904//1222 1905//1222
f 1809//1222 1906//1222 1810//1222
f 1907//1222 1810//1222 1906//1222
f 1810//1222 1907//1222 1908//1222
f 1909//1222 1908//1222 1907//1222
f 1908//1222 1909//1222 1910//1222
f 1911//1222 1910//1222 1909//1222
f 1910//1222 1911//1222 1912//1222
f 1913//1222 1912//1222 1911//1222
f 1912//1222 1913//1222 1713//1222
f 1729//1222 1713//1222 1913//1222
f 1713//1222 1729//1222 1714//1222
f 1659//1222 1714//1222 1729//1222
f 1913//1222 1914//1222 1729//1222
f 1795//1222 1729//1222 1914//1222
f 1729//1224 1795//1224 1875//1224
f 1874//1225 1875//1225 1795//1225
f 1847//1222 1915//1222 1846//1222
f 1846//1222 1915//1222 1880//1222
f 1843//1222 1844//1222 1841//1222
f 1846//1222 1841//1222 1844//1222
f 1890//1222 1841//1222 1846//1222
f 1876//1222 1916//1222 1729//1222
f 1917//1222 1729//1222 1916//1222
f 1888//1222 1918//1222 1886//1222
f 1919//1222 1886//1222 1918//1222
f 1886//1222 1919//1222 1846//1222
f 1920//1222 1846//1222 1919//1222
f 1846//1222 1920//1222 1889//1222
f 1905//1222 1921//1222 1903//1222
f 1922//1222 1903//1222 1921//1222
f 1903//1222 1922//1222 1923//1222
f 1924//1222 1923//1222 1922//1222
f 1923//1222 1924//1222 1925//1222
f 1926//1222 1925//1222 1924//1222
f 1822//1222 1927//1222 1795//1222
f 1928//1222 1795//1222 1927//1222
f 1795//1222 1928//1222 1873//1222
f 1929//1222 1930//1222 1931//1222
f 1932//1222 1931//1222 1930//1222
f 1931//1222 1932//1222 1897//1222
f 1933//1222 1897//1222 1932//1222
f 1897//1222 1933//1222 1886//1222
f 1934//1222 1886//1222 1933//1222
f 1886//1222 1934//1222 1884//1222
f 1935//1222 1936//1222 1937//1222
f 1938//1222 1939//1222 1940//1222
f 1941//1222 1942//1222 1943//1222
f 1944//1222 1943//1222 1942//1222
f 1943//1230 1944//1230 1945//1230
f 1946//1222 1947//1222 1948//1222
f 1949//1222 1948//1222 1947//1222
f 1948//1222 1949//1222 1950//1222
f 1816//1222 1779//1222 1850//1222
f 1781//1222 1850//1222 1779//1222
f 1850//1222 1781//1222 1951//1222
f 1952//1222 1951//1222 1781//1222
f 1951//1222 1952//1222 1953//1222
f 1954//1222 1953//1222 1952//1222
f 1953//1222 1954//1222 1955//1222
f 1956//1222 1955//1222 1954//1222
f 1955//1222 1956//1222 1957//1222
f 1958//1222 1957//1222 1956//1222
f 1957//1222 1958//1222 1959//1222
f 1960//1222 1961//1222 1962//1222
f 1963//1222 1964//1222 1965//1222
f 1966//1222 1967//1222 1968//1222
f 1969//1222 1968//1222 1967//1222
f 1968//1222 1970//1222 1971//1222
f 1972//1222 1973//1222 1974//1222
f 1959//1222 1958//1222 1975//1222
f 1976//1222 1975//1222 1958//1222
f 1975//1222 1976//1222 1977//1222
f 1978//1222 1977//1222 1976//1222
f 1977//1222 1978//1222 1946//1222
f 1979//1222 1946//1222 1978//1222
f 1946//1222 1979//1222 1947//1222
f 1937//1222 1936//1222 1980//1222
f 1981//1222 1980//1222 1936//1222
f 1980//1222 1981//1222 1982//1222
f 1983//1222 1984//1222 1937//1222
f 1939//1222 1985//1222 1940//1222
f 1986//1222 1940//1222 1985//1222
f 1965//1222 1987//1222 1988//1222
f 1991//1222 1990//1222 1989//1222
f 1990//1222 1991//1222 1992//1222
f 1992//1222 1966//1222 1990//1222
f 1968//1222 1990//1222 1966//1222
f 1971//1222 1990//1222 1968//1222
f 1973//1222 1972//1222 1993//1222
f 1943//1222 1993//1222 1972//1222
f 1993//1222 1943//1222 1994//1222
f 1995//1222 1996//1222 1962//1222
f 1850//1222 1997//1222 1998//1222
f 1999//1222 2000//1222 2001//1222
f 2001//1222 2000//1222 2002//1222
f 2004//1222 1937//1222 2003//1222
f 1937//1222 2004//1222 1935//1222
f 1964//1222 2005//1222 1965//1222
f 2006//1222 1965//1222 2005//1222
f 1965//1222 2006//1222 2007//1222
f 2008//1222 2007//1222 2006//1222
f 2007//1222 2008//1222 2009//1222
f 2008//1222 2010//1222 2009//1222
f 2011//1222 2009//1222 2010//1222
f 2009//1222 2011//1222 1938//1222
f 1988//1222 2012//1222 1965//1222
f 1965//1222 2012//1222 1963//1222
f 1968//1222 2013//1222 2014//1222
f 2015//1222 2014//1222 2013//1222
f 2014//1222 2015//1222 1965//1222
f 2016//1222 1965//1222 2015//1222
f 1965//1222 2016//1222 1987//1222
f 2017//1222 2018//1222 1972//1222
f 2019//1222 1972//1222 2018//1222
f 1972//1222 2019//1222 2020//1222
f 2001//1222 2021//1222 1962//1222
f 2022//1222 1962//1222 2021//1222
f 1962//1222 2022//1222 1960//1222
f 1951//1222 2023//1222 1850//1222
f 1962//1222 1850//1222 2023//1222
f 1850//1222 1962//1222 1997//1222
f 1996//1229 1997//1229 1962//1229
f 2024//1222 2025//1222 1980//1222
f 2026//1222 1980//1222 2025//1222
f 1980//1233 2026//1233 2027//1233
f 2028//1222 2029//1222 2009//1222
f 2030//1222 2009//1222 2029//1222
f 2009//1222 2030//1222 2031//1222
f 2032//1222 2031//1222 2030//1222
f 2031//1222 2032//1222 1937//1222
f 2033//1222 1937//1222 2032//1222
f 1937//1222 2033//1222 1983//1222
f 1938//1222 1940//1222 2009//1222
f 2009//1222 1940//1222 2028//1222
f 2035//1222 2012//1222 2034//1222
f 2012//1222 2035//1222 1963//1222
f 1969//1222 2036//1222 1968//1222
f 1968//1222 2036//1222 2013//1222
f 2020//1222 2037//1222 1972//1222
f 2038//1222 1972//1222 2037//1222
f 1972//1222 2038//1222 1968//1222
f 2039//1222 1968//1222 2038//1222
f 1968//1222 2039//1222 1970//1222
f 1945//1222 2040//1222 1943//1222
f 2041//1222 1943//1222 2040//1222
f 1943//1222 2041//1222 1994//1222
f 2042//1222 1941//1222 2043//1222
f 2044//1222 2043//1222 1941//1222
f 2043//1222 2044//1222 2045//1222
f 2042//1230 2046//1230 1941//1230
f 2047//1222 1941//1222 2046//1222
f 1941//1222 2047//1222 1942//1222
f 2048//1234 1942//1234 2047//1234
f 1942//1222 2048//1222 2049//1222
f 2050//1222 2049//1222 2048//1222
f 2049//1222 2050//1222 2051//1222
f 2052//1222 2053//1222 2054//1222
f 2055//1222 2054//1222 2053//1222
f 2054//1222 2055//1222 2056//1222
f 2021//1222 2056//1222 2055//1222
f 2056//1222 2021//1222 2057//1222
f 2001//1222 2057//1222 2021//1222
f 2057//1222 2001//1222 2058//1222
f 2002//1222 2058//1222 2001//1222
f 1998//1230 2059//1230 1850//1230
f 2060//1222 1850//1222 2059//1222
f 2061//1222 2003//1222 2062//1222
f 1937//1222 2062//1222 2003//1222
f 2062//1222 1937//1222 2063//1222
f 1984//1222 2063//1222 1937//1222
f 2061//1222 2064//1222 2003//1222
f 2065//1222 2003//1222 2064//1222
f 2067//1222 2044//1222 2066//1222
f 2044//1222 2067//1222 2045//1222
f 1961//1222 2068//1222 1962//1222
f 2069//1222 1962//1222 2068//1222
f 1962//1222 2069//1222 1995//1222
f 1982//1222 2070//1222 1980//1222
f 2071//1222 1980//1222 2070//1222
f 1980//1222 2071//1222 2024//1222
f 2072//1222 2073//1222 2074//1222
f 2075//1222 2074//1222 2073//1222
f 2074//1222 2075//1222 1974//1222
f 2076//1222 1974//1222 2075//1222
f 1974//1222 2076//1222 1972//1222
f 2077//1235 1972//1235 2076//1235
f 1972//1222 2077//1222 2017//1222
f 2051//1222 2078//1222 2049//1222
f 2079//1222 2049//1222 2078//1222
f 2049//1222 2079//1222 2080//1222
f 2081//1222 2080//1222 2079//1222
f 2080//1222 2081//1222 2082//1222
f 2083//1222 2082//1222 2081//1222
f 2084//1222 2085//1222 2086//1222
f 2087//1222 2086//1222 2085//1222
f 2086//1222 2087//1222 2027//1222
f 2088//1222 2027//1222 2087//1222
f 2027//1222 2088//1222 1980//1222
f 2089//1222 1980//1222 2088//1222
f 1980//1222 2089//1222 2001//1222
f 2090//1222 2001//1222 2089//1222
f 2001//1222 2090//1222 1999//1222
f 2091//1222 2092//1222 2044//1222
f 2093//1222 2094//1222 2095//1222
f 2091//1222 2044//1222 2096//1222
f 2097//1222 2098//1222 2099//1222
f 2100//1222 2099//1222 2098//1222
f 2099//1236 2100//1236 2101//1236
f 2102//1222 2103//1222 2104//1222
f 2105//1222 2106//1222 2107//1222
f 2108//1222 2109//1222 2110//1222
f 2111//1222 2110//1222 2109//1222
f 2114//1222 2115//1222 2116//1222
f 2118//1222 2117//1222 2116//1222
f 2119//1222 2120//1222 2121//1222
f 2120//1222 2122//1222 2121//1222
f 2123//1222 2121//1222 2122//1222
f 2121//1222 2123//1222 2124//1222
f 2125//1222 2124//1222 2123//1222
f 2124//1222 2125//1222 2115//1222
f 2115//1222 2125//1222 2126//1222
f 2121//1222 2127//1222 2128//1222
f 2095//1222 2094//1222 2129//1222
f 2130//1222 2129//1222 2094//1222
f 2129//1222 2130//1222 2131//1222
f 2133//1222 2132//1222 2044//1222
f 2114//1222 2134//1222 2115//1222
f 2135//1222 2115//1222 2134//1222
f 2115//1222 2135//1222 2136//1222
f 2137//1222 2136//1222 2135//1222
f 2136//1222 2137//1222 2113//1222
f 2138//1222 2113//1222 2137//1222
f 2113//1222 2138//1222 2112//1222
f 2112//1222 2139//1222 2113//1222
f 2140//1222 2113//1222 2139//1222
f 2113//1222 2140//1222 2102//1222
f 2103//1222 2141//1222 2104//1222
f 2142//1222 2104//1222 2141//1222
f 2126//1222 2143//1222 2115//1222
f 2144//1222 2115//1222 2143//1222
f 2115//1222 2144//1222 2116//1222
f 2145//1230 2116//1230 2144//1230
f 2116//1222 2145//1222 2118//1222
f 2146//1222 2147//1222 2148//1222
f 2149//1222 2148//1222 2147//1222
f 2148//1222 2149//1222 2121//1222
f 2150//1222 2121//1222 2149//1222
f 2121//1222 2150//1222 2127//1222
f 2105//1222 2119//1222 2106//1222
f 2121//1222 2106//1222 2119//1222
f 2128//1222 2106//1222 2121//1222
f 2151//1222 2152//1222 2153//1222
f 2130//1222 2154//1222 2131//1222
f 2155//1222 2131//1222 2154//1222
f 2131//1222 2155//1222 2156//1222
f 2157//1222 2156//1222 2155//1222
f 2156//1222 2157//1222 2158//1222
f 2159//1222 2158//1222 2157//1222
f 2158//1222 2159//1222 2160//1222
f 2096//1222 2160//1222 2159//1222
f 2160//1222 2096//1222 1949//1222
f 2044//1222 1949//1222 2096//1222
f 1949//1222 2044//1222 1950//1222
f 1941//1222 1950//1222 2044//1222
f 2161//1222 2162//1222 2092//1222
f 2162//1222 2163//1222 2092//1222
f 2164//1229 2092//1229 2163//1229
f 2092//1222 2164//1222 2044//1222
f 2165//1222 2044//1222 2164//1222
f 2044//1222 2165//1222 2133//1222
f 2166//1222 2167//1222 2099//1222
f 2168//1222 2099//1222 2167//1222
f 2099//1222 2168//1222 2097//1222
f 2169//1222 2146//1222 2170//1222
f 2171//1222 2170//1222 2146//1222
f 2169//1222 2172//1222 2146//1222
f 2146//1222 2172//1222 2147//1222
f 2146//1222 2173//1222 2174//1222
f 2175//1224 2176//1224 2177//1224
f 2178//1222 2179//1222 2180//1222
f 2181//1222 2182//1222 2109//1222
f 2109//1222 2182//1222 2111//1222
f 2183//1222 2184//1222 2113//1222
f 2185//1222 2113//1222 2184//1222
f 2113//1222 2185//1222 2099//1222
f 2186//1222 2099//1222 2185//1222
f 2099//1222 2186//1222 2166//1222
f 2187//1222 2171//1222 2188//1222
f 2146//1222 2188//1222 2171//1222
f 2174//1222 2188//1222 2146//1222
f 2153//1222 2152//1222 2189//1222
f 2190//1222 2189//1222 2152//1222
f 2189//1222 2190//1222 2191//1222
f 2192//1222 2193//1222 1624//1222
f 2194//1222 2195//1222 2177//1222
f 2196//1222 2177//1222 2195//1222
f 2177//1222 2196//1222 2153//1222
f 2197//1222 2153//1222 2196//1222
f 2199//1222 2188//1222 2198//1222
f 2188//1222 2199//1222 2187//1222
f 2200//1222 2201//1222 2189//1222
f 2202//1222 2189//1222 2201//1222
f 2189//1222 2202//1222 2203//1222
f 2203//1222 2204//1222 2189//1222
f 2205//1222 2189//1222 2204//1222
f 2189//1222 2205//1222 2146//1222
f 2206//1222 2146//1222 2205//1222
f 2146//1222 2206//1222 2173//1222
f 2197//1222 2207//1222 2153//1222
f 2208//1230 2153//1230 2207//1230
f 2153//1222 2208//1222 2209//1222
f 2176//1222 2210//1222 2177//1222
f 2211//1222 2177//1222 2210//1222
f 2177//1222 2211//1222 2194//1222
f 2092//1222 2109//1222 2161//1222
f 2108//1222 2161//1222 2109//1222
f 2161//1222 2108//1222 2212//1222
f 2178//1222 2212//1222 2108//1222
f 2212//1222 2178//1222 2213//1222
f 2180//1222 2213//1222 2178//1222
f 2102//1222 2104//1222 2113//1222
f 2113//1222 2104//1222 2183//1222
f 2209//1222 2214//1222 2153//1222
f 2215//1222 2153//1222 2214//1222
f 2153//1222 2215//1222 2151//1222
f 2216//1222 2217//1222 2218//1222
f 2219//1222 2218//1222 2217//1222
f 2218//1222 2219//1222 2191//1222
f 2220//1222 2191//1222 2219//1222
f 2191//1222 2220//1222 2189//1222
f 2221//1222 2189//1222 2220//1222
f 2189//1222 2221//1222 2200//1222
f 2095//1222 2222//1222 2093//1222
f 2223//1222 2093//1222 2222//1222
f 2093//1222 2223//1222 2224//1222
f 1663//1222 2224//1222 2223//1222
f 2224//1222 1663//1222 2225//1222
f 1624//1222 2225//1222 1663//1222
f 2225//1222 1624//1222 2177//1222
f 2193//1224 2177//1224 1624//1224
f 2177//1230 2193//1230 2175//1230
f 2227//1222 1624//1222 2226//1222
f 1624//1222 2227//1222 2192//1222
f 2228//1222 2229//1222 2230//1222
f 2231//1222 2230//1222 2229//1222
f 2230//1222 2231//1222 2178//1222
f 2232//1222 2178//1222 2231//1222
f 2178//1222 2232//1222 2179//1222
f 2233//1222 2234//1222 2235//1222
f 2236//1222 2235//1222 2234//1222
f 2235//1222 2236//1222 2101//1222
f 2237//1222 2101//1222 2236//1222
f 2101//1222 2237//1222 2099//1222
f 2238//1222 2099//1222 2237//1222
f 2099//1222 2238//1222 2109//1222
f 2239//1222 2109//1222 2238//1222
f 2109//1222 2239//1222 2181//1222
f 2240//1222 2241//1222 2242//1222
f 2243//1222 2242//1222 2241//1222
f 2242//1222 2243//1222 2197//1222
f 2244//1222 2197//1222 2243//1222
f 2197//1222 2244//1222 2207//1222
f 2245//1237 2246//1237 2247//1237
f 2252//1238 2248//1239 2249//1240
f 2249//1241 2250//1242 2252//1243
s 1
f 2251//1244 2252//1245 2250//1246
s 0
f 2245//1247 2247//1247 2252//1247
f 2248//1248 2252//1238 2247//1248
f 2253//1249 2254//1249 2255//1249
f 2255//1250 2256//1250 2253//1251
f 2256//1252 2257//1253 2253//1254
s 1
f 2258//1255 2253//1256 2257//1257
f 2253//1256 2258//1255 2259//1258
f 2259//1258 2260//1259 2253//1256
s 0
f 2261//1260 2262//1260 2263//1260
f 2263//1261 2264//1262 2261//1263
f 2264//1264 2265//1265 2261//1266
f 2266//1267 2261//1264 2265//1268
f 2261//1269 2266//1270 2267//1271
s 1
f 2267//1272 2268//1273 2261//1274
s 0
f 2269//1275 2270//1275 2271//1275
f 2271//1276 2272//1276 2269//1277
f 2272//1278 2273//1279 2269//1280
s 1
f 2274//1281 2269//1282 2273//1283
s 0
f 2269//1284 2274//1285 2275//1286
s 1
f 2275//1287 2276//1288 2269//1289
s 0
f 2277//1290 2278//1290 2279//1290
s 1
f 2282//1291 2281//1292 2280//1293
s 0
f 2283//1294 2281//1295 2279//1294
f 2281//1296 2283//1297 2280//1298
f 2284//1299 2279//1300 2281//1301
f 2279//1302 2284//1302 2277//1302
f 2285//1303 2286//1303 2287//1303
f 2287//1304 2288//1304 2285//1305
f 2288//1306 2289//1307 2285//1308
s 1
f 2290//1309 2285//1310 2289//1311
s 0
f 2285//1312 2290//1313 2291//1314
s 1
f 2291//1315 2292//1316 2285//1317
s 0
f 2293//1318 2294//1318 2295//1318
s 1
f 2298//1319 2297//1320 2296//1321
s 0
f 2299//1322 2297//1323 2295//1322
f 2297//1324 2299//1325 2296//1326
f 2295//1327 2297//1328 2300//1329
f 2295//1330 2300//1330 2293//1330
f 2301//1331 2302//1331 2303//1331
s 1
f 2305//1332 2306//1333 2304//1334
s 0
f 2307//1335 2304//1336 2303//1337
f 2304//1338 2307//1339 2305//1340
f 2303//1341 2304//1342 2308//1342
f 2303//1343 2308//1344 2301//1345
f 2309//1346 2310//1346 2311//1347
f 2316//1348 2312//1349 2313//1350
s 1
f 2316//1351 2313//1352 2314//1353
f 2315//1354 2316//1351 2314//1353
s 0
f 2309//1355 2311//1356 2316//1355
f 2312//1357 2316//1358 2311//1357
f 2317//1359 2318//1360 2319//1360
f 2320//1361 2319//1362 2318//1361
f 2319//1363 2320//1364 2321//1364
f 2318//1365 2317//1366 2322//1367
s 1
f 2322//1368 2323//1369 2318//1370
s 0
f 2324//1371 2318//1372 2323//1373
f 2325//1374 2326//1375 2327//1375
f 2328//1376 2327//1376 2326//1376
f 2327//1377 2328//1377 2329//1377
f 2326//1378 2325//1379 2330//1380
s 1
f 2330//1381 2331//1382 2326//1381
s 0
f 2332//1383 2326//1384 2331//1385
f 2333//1386 2334//1386 2335//1386
s 1
f 2338//1387 2336//1388 2337//1389
s 0
f 2339//1390 2336//1391 2335//1392
f 2336//1393 2339//1394 2337//1395
f 2340//1396 2335//1397 2336//1398
f 2335//1399 2340//1399 2333//1399
f 2341//1400 2342//1400 2343//1400
s 1
f 2346//1401 2344//1402 2345//1403
f 2345//1403 2343//1404 2346//1401
f 2347//1405 2343//1404 2345//1403
s 0
f 2347//1406 2348//1407 2343//1408
f 2343//1409 2348//1410 2341//1411
f 2349//1412 2350//1412 2351//1412
f 2351//1413 2352//1413 2349//1414
f 2352//1415 2353//1416 2349//1417
s 1
f 2354//1418 2349//1419 2353//1420
f 2349//1419 2354//1418 2355//1421
f 2355//1421 2356//1422 2349//1419
s 0
f 2357//1423 2358//1423 2359//1423
s 1
f 2360//1424 2361//1425 2362//1424
s 0
f 2363//1426 2360//1427 2359//1426
f 2360//1428 2363//1429 2361//1430
f 2359//1431 2360//1432 2364//1433
f 2359//1434 2364//1434 2357//1434
f 2365//1435 2366//1435 2367//1435
f 2367//1436 2368//1436 2365//1437
f 2365//1438 2368//1439 2369//1440
s 1
f 2370//1441 2365//1442 2369//1443
s 0
f 2365//1444 2370//1445 2371//1446
s 1
f 2371//1447 2372//1448 2365//1449
s 0
f 2373//1450 2374//1450 2375//1451
f 2373//1452 2375//1453 2376//1452
f 2377//1454 2376//1450 2375//1455
f 2378//1456 2376//1457 2377//1458
f 2378//1459 2379//1460 2380//1461
s 1
f 2378//1462 2380//1463 2376//1454
s 0
f 2381//1464 2382//1464 2383//1464
f 2383//1465 2384//1465 2381//1466
f 2384//1467 2385//1468 2381//1469
s 1
f 2386//1470 2381//1471 2385//1472
s 0
f 2381//1473 2386//1474 2387//1475
s 1
f 2387//1476 2388//1477 2381//1478
s 0
f 2389//1479 2390//1480 2391//1479
f 2392//1481 2391//1482 2390//1481
f 2391//1483 2392//1484 2393//1485
f 2394//1486 2395//1487 2392//1488
f 2392//1489 2395//1490 2396//1491
f 2392//1492 2396//1493 2393//1494
f 2397//1495 2398//1495 2399//1495
f 2400//1496 2399//1497 2398//1496
f 2399//1498 2400//1499 2401//1500
s 1
f 2403//1501 2402//1502 2400//1503
f 2404//1504 2400//1503 2402//1502
s 0
f 2400//1505 2404//1506 2401//1507
f 2405//1508 2406//1508 2407//1508
f 2408//1509 2409//1509 2407//1510
f 2407//1511 2409//1512 2410//1513
f 2411//1514 2407//1515 2410//1516
f 2407//1517 2411//1518 2412//1519
f 2407//1520 2412//1521 2405//1520
f 2413//1522 2414//1522 2415//1522
f 2415//1523 2416//1524 2413//1525
f 2413//1526 2416//1527 2417//1528
s 1
f 2418//1529 2413//1530 2417//1531
s 0
f 2413//1532 2418//1533 2419//1534
s 1
f 2419//1535 2420//1535 2413//1536
s 0
f 2421//1537 2422//1537 2423//1538
f 2423//1539 2424//1539 2421//1540
f 2424//1541 2425//1542 2421//1543
s 1
f 2426//1544 2421//1545 2425//1546
f 2421//1545 2426//1544 2427//1547
f 2427//1547 2428//1548 2421//1545
s 0
f 2429//1549 2430//1549 2431//1549
f 2431//1550 2432//1551 2429//1549
f 2432//1552 2433//1553 2429//1554
f 2434//1555 2429//1556 2433//1557
f 2429//1558 2434//1559 2435//1560
s 1
f 2435//1561 2436//1562 2429//1563
s 0
f 2437//1564 2438//1564 2439//1564
f 2439//1565 2440//1566 2437//1567
f 2440//1568 2441//1569 2437//1570
s 1
f 2442//1571 2437//1572 2441//1573
s 0
f 2437//1574 2442//1575 2443//1576
s 1
f 2443//1577 2444//1578 2437//1579
s 0
f 2445//1580 2446//1580 2447//1581
f 2447//1582 2448//1583 2445//1582
f 2448//1584 2449//1585 2445//1586
s 1
f 2450//1587 2445//1588 2449//1589
s 0
f 2445//1590 2450//1591 2451//1592
s 1
f 2451//1593 2452//1594 2445//1595
s 0
f 2453//1596 2454//1596 2455//1596
f 2455//1597 2456//1598 2453//1599
f 2456//1600 2457//1601 2453//1602
s 1
f 2458//1603 2453//1604 2457//1605
s 0
f 2453//1606 2458//1607 2459//1608
s 1
f 2459//1609 2460//1610 2453//1611
s 0
f 2461//1612 2462//1612 2463//1612
s 1
f 2466//1613 2465//1614 2464//1615
s 0
f 2467//1616 2465//1617 2463//1618
f 2465//1619 2467//1620 2464//1621
f 2463//1622 2465//1623 2468//1624
f 2463//1625 2468//1626 2461//1626
f 2469//1627 2470//1627 2471//1627
f 2471//1628 2472//1629 2469//1630
f 2469//1631 2472//1632 2473//1633
s 1
f 2474//1634 2469//1635 2473//1636
s 0
f 2469//1637 2474//1638 2475//1639
s 1
f 2475//1640 2476//1640 2469//1641
f 2477//1642 2478//1642 2479//1643
f 2480//1643 2479//1643 2478//1642
f 2479//1643 2480//1643 2481//1644
f 2482//1644 2481//1644 2480//1643
f 2481//1644 2482//1644 2483//1645
f 2484//1645 2483//1645 2482//1644
f 2483//1645 2484//1645 2485//1646
f 2486//1646 2485//1646 2484//1645
f 2485//1646 2486//1646 2487//1647
f 2488//1647 2487//1647 2486//1646
f 2487//1647 2488//1647 2489//1648
f 2490//1648 2489//1648 2488//1647
f 2489//1648 2490//1648 2491//1649
f 2492//1649 2491//1649 2490//1648
f 2491//1649 2492//1649 2493//1650
f 2494//1650 2493//1650 2492//1649
f 2493//1650 2494//1650 2495//1651
f 2496//1651 2495//1651 2494//1650
f 2495//1651 2496//1651 2497//1652
f 2498//1652 2497//1652 2496//1651
f 2497//1652 2498//1652 2499//1653
f 2500//1653 2499//1653 2498//1652
f 2499//1653 2500//1653 2501//1654
f 2502//1654 2501//1654 2500//1653
f 2501//1654 2502//1654 2503//1655
f 2504//1655 2503//1655 2502//1654
f 2503//1655 2504//1655 2505//1656
f 2506//1656 2505//1656 2504//1655
f 2505//1656 2506//1656 2507//1657
f 2508//1657 2507//1657 2506//1656
f 2507//1657 2508//1657 2509//1658
f 2510//1658 2509//1658 2508//1657
f 2509//1658 2510//1658 2511//1659
f 2512//1659 2511//1659 2510//1658
f 2511//1659 2512//1659 2513//1660
f 2514//1660 2513//1660 2512//1659
f 2513//1660 2514//1660 2515//1661
f 2516//1661 2515//1661 2514//1660
f 2515//1661 2516//1661 2517//1662
f 2518//1662 2517//1662 2516//1661
f 2517//1662 2518//1662 2519//1663
f 2520//1663 2519//1663 2518//1662
f 2519//1663 2520//1663 2521//1664
f 2522//1664 2521//1664 2520//1663
f 2521//1664 2522//1664 2523//1665
f 2524//1665 2523//1665 2522//1664
f 2523//1665 2524//1665 2525//1666
f 2526//1666 2525//1666 2524//1665
f 2525//1666 2526//1666 2527//1667
f 2528//1667 2527//1667 2526//1666
f 2527//1667 2528//1667 2529//1668
f 2530//1668 2529//1668 2528//1667
f 2529//1668 2530//1668 2531//1669
f 2532//1669 2531//1669 2530//1668
f 2531//1669 2532//1669 2533//1670
f 2534//1670 2533//1670 2532//1669
f 2533//1670 2534//1670 2535//1671
f 2536//1671 2535//1671 2534//1670
f 2535//1671 2536//1671 2537//1672
f 2538//1672 2537//1672 2536//1671
f 2537//1672 2538//1672 2539//1673
f 2540//1673 2539//1673 2538//1672
f 2539//1673 2540//1673 2541//1674
f 2542//1674 2541//1674 2540//1673
f 2541//1674 2542//1674 2543//1675
f 2544//1675 2543//1675 2542//1674
f 2543//1675 2544//1675 2545//1676
f 2546//1676 2545//1676 2544//1675
f 2545//1676 2546//1676 2547//1677
f 2548//1677 2547//1677 2546//1676
f 2547//1677 2548//1677 2477//1642
f 2478//1642 2477//1642 2548//1677
f 2549//1678 2550//1678 2551//1679
f 2552//1679 2551//1679 2550//1678
f 2551//1679 2552//1679 2553//229
f 2554//229 2553//229 2552//1679
f 2553//229 2554//229 2555//1680
f 2556//1680 2555//1680 2554//229
f 2555//1680 2556//1680 2557//1681
f 2558//1681 2557//1681 2556//1680
f 2557//1681 2558//1681 2559//231
f 2560//231 2559//231 2558//1681
f 2559//231 2560//231 2561//1682
f 2562//1682 2561//1682 2560//231
f 2561//1682 2562//1682 2563//1683
f 2564//1683 2563//1683 2562//1682
f 2563//1683 2564//1683 2565//233
f 2566//233 2565//233 2564//1683
f 2565//233 2566//233 2567//1684
f 2568//1684 2567//1684 2566//233
f 2567//1684 2568//1684 2569//1685
f 2570//1685 2569//1685 2568//1684
f 2569//1685 2570//1685 2571//236
f 2572//236 2571//236 2570//1685
f 2571//236 2572//236 2573//1686
f 2574//1686 2573//1686 2572//236
f 2573//1686 2574//1686 2575//1687
f 2576//1687 2575//1687 2574//1686
f 2575//1687 2576//1687 2577//238
f 2578//238 2577//238 2576//1687
f 2577//238 2578//238 2579//1688
f 2580//1688 2579//1688 2578//238
f 2579//1688 2580//1688 2581//1689
f 2582//1689 2581//1689 2580//1688
f 2581//1689 2582//1689 2583//240
f 2584//240 2583//240 2582//1689
f 2583//240 2584//240 2585//1690
f 2586//1690 2585//1690 2584//240
f 2585//1690 2586//1690 2587//1691
f 2588//1691 2587//1691 2586//1690
f 2587//1691 2588//1691 2589//242
f 2590//242 2589//242 2588//1691
f 2589//242 2590//242 2591//1692
f 2592//1692 2591//1692 2590//242
f 2591//1692 2592//1692 2593//1693
f 2594//1693 2593//1693 2592//1692
f 2593//1693 2594//1693 2595//244
f 2596//244 2595//244 2594//1693
f 2595//244 2596//244 2597//1694
f 2598//1694 2597//1694 2596//244
f 2597//1694 2598//1694 2599//1695
f 2600//1695 2599//1695 2598//1694
f 2599//1695 2600//1695 2601//246
f 2602//246 2601//246 2600//1695
f 2601//246 2602//246 2603//1696
f 2604//1696 2603//1696 2602//246
f 2603//1696 2604//1696 2605//1697
f 2606//1697 2605//1697 2604//1696
f 2605//1697 2606//1697 2607//248
f 2608//248 2607//248 2606//1697
f 2607//248 2608//248 2609//1698
f 2610//1698 2609//1698 2608//248
f 2609//1698 2610//1698 2611//1699
f 2612//1699 2611//1699 2610//1698
f 2611//1699 2612//1699 2613//250
f 2614//250 2613//250 2612//1699
f 2613//250 2614//250 2615//1700
f 2616//1700 2615//1700 2614//250
f 2615//1700 2616//1700 2617//1701
f 2618//1701 2617//1701 2616//1700
f 2617//1701 2618//1701 2619//252
f 2620//252 2619//252 2618//1701
f 2619//252 2620//252 2549//1678
f 2550//1678 2549//1678 2620//252
f 2621//1702 2622//1702 2623//1703
f 2624//1703 2623//1703 2622//1702
f 2623//1703 2624//1703 2625//1704
f 2626//1704 2625//1704 2624//1703
f 2625//1704 2626//1704 2627//1705
f 2628//1705 2627//1705 2626//1704
f 2627//1705 2628//1705 2629//1706
f 2630//1706 2629//1706 2628//1705
f 2629//1706 2630//1706 2631//1707
f 2632//1707 2631//1707 2630//1706
f 2631//1707 2632//1707 2633//1708
f 2634//1708 2633//1708 2632//1707
f 2633//1708 2634//1708 2635//1709
f 2636//1709 2635//1709 2634//1708
f 2635//1709 2636//1709 2637//1710
f 2638//1710 2637//1710 2636//1709
f 2637//1710 2638//1710 2639//1711
f 2640//1711 2639//1711 2638//1710
f 2639//1711 2640//1711 2641//1712
f 2642//1712 2641//1712 2640//1711
f 2641//1712 2642//1712 2643//1713
f 2644//1713 2643//1713 2642//1712
f 2643//1713 2644//1713 2645//1714
f 2646//1714 2645//1714 2644//1713
f 2645//1714 2646//1714 2647//1715
f 2648//1715 2647//1715 2646//1714
f 2647//1715 2648//1715 2649//1716
f 2650//1716 2649//1716 2648//1715
f 2649//1716 2650//1716 2651//1717
f 2652//1717 2651//1717 2650//1716
f 2651//1717 2652//1717 2653//1718
f 2654//1718 2653//1718 2652//1717
f 2653//1718 2654//1718 2655//1719
f 2656//1719 2655//1719 2654//1718
f 2655//1719 2656//1719 2657//1720
f 2658//1720 2657//1720 2656//1719
f 2657//1720 2658//1720 2659//1721
f 2660//1721 2659//1721 2658//1720
f 2659//1721 2660//1721 2661//1722
f 2662//1722 2661//1722 2660//1721
f 2661//1722 2662//1722 2663//1723
f 2664//1723 2663//1723 2662//1722
f 2663//1723 2664//1723 2665//1724
f 2666//1724 2665//1724 2664//1723
f 2665//1724 2666//1724 2667//1725
f 2668//1725 2667//1725 2666//1724
f 2667//1725 2668//1725 2669//1726
f 2670//1726 2669//1726 2668//1725
f 2669//1726 2670//1726 2671//1727
f 2672//1727 2671//1727 2670//1726
f 2671//1727 2672//1727 2673//1728
f 2674//1728 2673//1728 2672//1727
f 2673//1728 2674//1728 2675//1729
f 2676//1729 2675//1729 2674//1728
f 2675//1729 2676//1729 2677//1730
f 2678//1730 2677//1730 2676//1729
f 2677//1730 2678//1730 2679//1731
f 2680//1731 2679//1731 2678//1730
f 2679//1731 2680//1731 2681//1732
f 2682//1732 2681//1732 2680//1731
f 2681//1732 2682//1732 2683//1733
f 2684//1733 2683//1733 2682//1732
f 2683//1733 2684//1733 2685//1734
f 2686//1734 2685//1734 2684//1733
f 2685//1734 2686//1734 2687//1735
f 2688//1735 2687//1735 2686//1734
f 2687//1735 2688//1735 2689//1736
f 2690//1736 2689//1736 2688//1735
f 2689//1736 2690//1736 2691//1737
f 2692//1737 2691//1737 2690//1736
f 2691//1737 2692//1737 2621//1702
f 2622//1702 2621//1702 2692//1737
f 2693//1738 2694//1738 2695//1704
f 2696//1704 2695//1704 2694//1738
f 2695//1704 2696//1704 2697//1739
f 2698//1739 2697//1739 2696//1704
f 2697//1739 2698//1739 2699//1707
f 2700//1707 2699//1707 2698//1739
f 2699//1707 2700//1707 2701//1740
f 2702//1741 2701//1740 2700//1707
f 2701//1740 2702//1741 2703//1710
f 2704//1710 2703//1710 2702//1741
f 2703//1710 2704//1710 2705//1742
f 2706//1743 2705//1742 2704//1710
f 2705//1742 2706//1743 2707//1713
f 2708//1713 2707//1713 2706//1743
f 2707//1713 2708//1713 2709//1744
f 2710//1744 2709//1744 2708//1713
f 2709//1744 2710//1744 2711//1716
f 2712//1716 2711//1716 2710//1744
f 2711//1716 2712//1716 2713//1745
f 2714//1746 2713//1745 2712//1716
f 2713//1745 2714//1746 2715//1719
f 2716//1719 2715//1719 2714//1746
f 2715//1719 2716//1719 2717//1747
f 2718//1747 2717//1747 2716//1719
f 2717//1747 2718//1747 2719//1722
f 2720//1722 2719//1722 2718//1747
f 2719//1722 2720//1722 2721//1748
f 2722//1748 2721//1748 2720//1722
f 2721//1748 2722//1748 2723//1725
f 2724//1725 2723//1725 2722//1748
f 2723//1725 2724//1725 2725//1749
f 2726//1750 2725//1749 2724//1725
f 2725//1749 2726//1750 2727//1728
f 2728//1728 2727//1728 2726//1750
f 2727//1728 2728//1728 2729//1751
f 2730//1751 2729//1751 2728//1728
f 2729//1751 2730//1751 2731//1731
f 2732//1731 2731//1731 2730//1751
f 2731//1731 2732//1731 2733//1752
f 2734//1752 2733//1752 2732//1731
f 2733//1752 2734//1752 2735//1734
f 2736//1734 2735//1734 2734//1752
f 2735//1734 2736//1734 2737//1753
f 2738//1753 2737//1753 2736//1734
f 2737//1753 2738//1753 2739//1737
f 2740//1737 2739//1737 2738//1753
f 2739//1737 2740//1737 2693//1738
f 2694//1738 2693//1738 2740//1737
f 2741//1754 2742//1755 2743//1756
f 2744//1757 2743//1756 2742//1755
f 2743//1756 2744//1757 2745//1758
f 2746//1759 2745//1758 2744//1757
f 2747//1760 2745//1758 2746//1759
f 2745//1758 2747//1760 2748//1761
f 2749//1762 2748//1761 2747//1760
f 2748//1761 2749//1762 2750//1763
f 2751//1764 2750//1763 2749//1762
f 2750//1763 2751//1764 2752//1765
f 2752//1765 2751//1764 2753//1766
f 2754//1767 2753//1766 2751//1764
f 2753//1766 2754//1767 2755//1768
f 2756//1769 2755//1768 2754//1767
f 2757//1770 2755//1768 2756//1769
f 2755//1768 2757//1770 2758//1771
f 2759//1772 2758//1771 2757//1770
f 2758//1771 2759//1772 2760//1773
f 2761//274 2760//1773 2759//1772
f 2760//1773 2761//274 2762//275
f 2763//276 2762//275 2761//274
f 2762//275 2763//276 2764//1774
f 2765//1775 2764//1774 2763//276
f 2764//1774 2765//1775 2766//1776
f 2767//1777 2766//1776 2765//1775
f 2766//1776 2767//1777 2768//1778
f 2769//1779 2768//1778 2767//1777
f 2768//1778 2769//1779 2741//1754
f 2742//1755 2741//1754 2769//1779
f 2770//1780 2771//1781 2772//229
f 2773//229 2772//229 2771//1781
f 2772//229 2773//229 2774//230
f 2775//230 2774//230 2773//229
f 2774//230 2775//230 2776//231
f 2777//231 2776//231 2775//230
f 2776//231 2777//231 2778//232
f 2779//232 2778//232 2777//231
f 2778//232 2779//232 2780//233
f 2781//233 2780//233 2779//232
f 2780//233 2781//233 2782//234
f 2783//235 2782//234 2781//233
f 2782//234 2783//235 2784//236
f 2785//236 2784//236 2783//235
f 2784//236 2785//236 2786//237
f 2787//237 2786//237 2785//236
f 2786//237 2787//237 2788//238
f 2789//238 2788//238 2787//237
f 2788//238 2789//238 2790//1782
f 2791//1782 2790//1782 2789//238
f 2790//1782 2791//1782 2792//240
f 2793//240 2792//240 2791//1782
f 2792//240 2793//240 2794//1783
f 2795//1784 2794//1783 2793//240
f 2794//1783 2795//1784 2796//242
f 2797//242 2796//242 2795//1784
f 2796//242 2797//242 2798//243
f 2799//243 2798//243 2797//242
f 2798//243 2799//243 2800//244
f 2801//244 2800//244 2799//243
f 2800//244 2801//244 2802//245
f 2803//245 2802//245 2801//244
f 2802//245 2803//245 2804//246
f 2805//246 2804//246 2803//245
f 2804//246 2805//246 2806//247
f 2807//1785 2806//247 2805//246
f 2806//247 2807//1785 2808//248
f 2809//248 2808//248 2807//1785
f 2808//248 2809//248 2810//249
f 2811//249 2810//249 2809//248
f 2810//249 2811//249 2812//250
f 2813//250 2812//250 2811//249
f 2812//250 2813//250 2814//1786
f 2815//1786 2814//1786 2813//250
f 2814//1786 2815//1786 2816//252
f 2817//252 2816//252 2815//1786
f 2816//252 2817//252 2770//1780
f 2771//1781 2770//1780 2817//252
f 2818//1738 2819//1738 2820//1704
f 2821//1704 2820//1704 2819//1738
f 2820//1704 2821//1704 2822//1739
f 2823//1739 2822//1739 2821//1704
f 2822//1739 2823//1739 2824//1707
f 2825//1707 2824//1707 2823//1739
f 2824//1707 2825//1707 2826//1787
f 2827//1787 2826//1787 2825//1707
f 2826//1787 2827//1787 2828//1710
f 2829//1710 2828//1710 2827//1787
f 2828//1710 2829//1710 2830//1743
f 2831//1743 2830//1743 2829//1710
f 2830//1743 2831//1743 2832//1713
f 2833//1713 2832//1713 2831//1743
f 2832//1713 2833//1713 2834//1744
f 2835//1744 2834//1744 2833//1713
f 2834//1744 2835//1744 2836//1716
f 2837//1716 2836//1716 2835//1744
f 2836//1716 2837//1716 2838//1745
f 2839//1746 2838//1745 2837//1716
f 2838//1745 2839//1746 2840//1719
f 2841//1719 2840//1719 2839//1746
f 2840//1719 2841//1719 2842//1747
f 2843//1747 2842//1747 2841//1719
f 2842//1747 2843//1747 2844//1722
f 2845//1722 2844//1722 2843//1747
f 2844//1722 2845//1722 2846//1748
f 2847//1748 2846//1748 2845//1722
f 2846//1748 2847//1748 2848//1725
f 2849//1725 2848//1725 2847//1748
f 2848//1725 2849//1725 2850//1788
f 2851//1788 2850//1788 2849//1725
f 2850//1788 2851//1788 2852//1728
f 2853//1728 2852//1728 2851//1788
f 2852//1728 2853//1728 2854//1789
f 2855//1789 2854//1789 2853//1728
f 2854//1789 2855//1789 2856//1731
f 2857//1731 2856//1731 2855//1789
f 2856//1731 2857//1731 2858//1752
f 2859//1752 2858//1752 2857//1731
f 2858//1752 2859//1752 2860//1734
f 2861//1734 2860//1734 2859//1752
f 2860//1734 2861//1734 2862//1753
f 2863//1790 2862//1753 2861//1734
f 2862//1753 2863//1790 2864//1737
f 2865//1737 2864//1737 2863//1790
f 2864//1737 2865//1737 2818//1738
f 2819//1738 2818//1738 2865//1737
f 2866//1754 2867//1755 2868//1791
f 2869//1792 2868//1791 2867//1755
f 2868//1791 2869//1792 2870//1793
f 2871//1794 2870//1793 2869//1792
f 2870//1793 2871//1794 2872//1795
f 2873//1796 2872//1795 2871//1794
f 2872//1795 2873//1796 2874//1797
f 2875//1798 2874//1797 2873//1796
f 2874//1797 2875//1798 2876//1799
f 2877//1800 2876//1799 2875//1798
f 2876//1799 2877//1800 2878//1801
f 2879//1802 2878//1801 2877//1800
f 2880//1803 2878//1801 2879//1802
f 2878//1801 2880//1803 2881//1804
f 2882//1805 2881//1804 2880//1803
f 2881//1804 2882//1805 2883//1806
f 2884//1807 2883//1806 2882//1805
f 2883//1806 2884//1807 2885//1808
f 2885//1808 2884//1807 2886//1809
f 2887//1810 2886//1809 2884//1807
f 2886//1809 2887//1810 2888//1811
f 2889//1812 2888//1811 2887//1810
f 2890//1813 2888//1811 2889//1812
f 2888//1811 2890//1813 2891//1814
f 2892//1815 2891//1814 2890//1813
f 2891//1814 2892//1815 2893//1816
f 2894//1779 2893//1816 2892//1815
f 2893//1816 2894//1779 2866//1754
f 2867//1755 2866//1754 2894//1779
f 2895//1781 2896//1781 2897//229
f 2898//229 2897//229 2896//1781
f 2897//229 2898//229 2899//230
f 2900//230 2899//230 2898//229
f 2899//230 2900//230 2901//231
f 2902//231 2901//231 2900//230
f 2901//231 2902//231 2903//1817
f 2904//1817 2903//1817 2902//231
f 2903//1817 2904//1817 2905//233
f 2906//233 2905//233 2904//1817
f 2905//233 2906//233 2907//234
f 2908//234 2907//234 2906//233
f 2907//234 2908//234 2909//236
f 2910//236 2909//236 2908//234
f 2909//236 2910//236 2911//237
f 2912//237 2911//237 2910//236
f 2911//237 2912//237 2913//238
f 2914//238 2913//238 2912//237
f 2913//238 2914//238 2915//1782
f 2916//1782 2915//1782 2914//238
f 2915//1782 2916//1782 2917//240
f 2918//240 2917//240 2916//1782
f 2917//240 2918//240 2919//1784
f 2920//1784 2919//1784 2918//240
f 2919//1784 2920//1784 2921//242
f 2922//242 2921//242 2920//1784
f 2921//242 2922//242 2923//243
f 2924//243 2923//243 2922//242
f 2923//243 2924//243 2925//244
f 2926//244 2925//244 2924//243
f 2925//244 2926//244 2927//1818
f 2928//1818 2927//1818 2926//244
f 2927//1818 2928//1818 2929//246
f 2930//246 2929//246 2928//1818
f 2929//246 2930//246 2931//247
f 2932//1819 2931//247 2930//246
f 2931//247 2932//1819 2933//248
f 2934//248 2933//248 2932//1819
f 2933//248 2934//248 2935//249
f 2936//249 2935//249 2934//248
f 2935//249 2936//249 2937//250
f 2938//250 2937//250 2936//249
f 2937//250 2938//250 2939//1786
f 2940//1786 2939//1786 2938//250
f 2939//1786 2940//1786 2941//252
f 2942//252 2941//252 2940//1786
f 2941//252 2942//252 2895//1781
f 2896//1781 2895//1781 2942//252
f 2943//1820 2944//1820 2945//1704
f 2946//1704 2945//1704 2944//1820
f 2945//1704 2946//1704 2947//1739
f 2948//1739 2947//1739 2946//1704
f 2947//1739 2948//1739 2949//1707
f 2950//1707 2949//1707 2948//1739
f 2949//1707 2950//1707 2951//1787
f 2952//1821 2951//1787 2950//1707
f 2951//1787 2952//1821 2953//1710
f 2954//1710 2953//1710 2952//1821
f 2953//1710 2954//1710 2955//1743
f 2956//1743 2955//1743 2954//1710
f 2955//1743 2956//1743 2957//1713
f 2958//1713 2957//1713 2956//1743
f 2957//1713 2958//1713 2959//1744
f 2960//1744 2959//1744 2958//1713
f 2959//1744 2960//1744 2961//1716
f 2962//1716 2961//1716 2960//1744
f 2961//1716 2962//1716 2963//1822
f 2964//1822 2963//1822 2962//1716
f 2963//1822 2964//1822 2965//1719
f 2966//1719 2965//1719 2964//1822
f 2965//1719 2966//1719 2967//1823
f 2968//1823 2967//1823 2966//1719
f 2967//1823 2968//1823 2969//1722
f 2970//1722 2969//1722 2968//1823
f 2969//1722 2970//1722 2971//1748
f 2972//1748 2971//1748 2970//1722
f 2971//1748 2972//1748 2973//1725
f 2974//1725 2973//1725 2972//1748
f 2973//1725 2974//1725 2975//1788
f 2976//1824 2975//1788 2974//1725
f 2975//1788 2976//1824 2977//1728
f 2978//1728 2977//1728 2976//1824
f 2977//1728 2978//1728 2979//1789
f 2980//1751 2979//1789 2978//1728
f 2979//1789 2980//1751 2981//1731
f 2982//1731 2981//1731 2980//1751
f 2981//1731 2982//1731 2983//1752
f 2984//1752 2983//1752 2982//1731
f 2983//1752 2984//1752 2985//1734
f 2986//1734 2985//1734 2984//1752
f 2985//1734 2986//1734 2987//1825
f 2988//1826 2987//1825 2986//1734
f 2987//1825 2988//1826 2989//1737
f 2990//1737 2989//1737 2988//1826
f 2989//1737 2990//1737 2943//1820
f 2944//1820 2943//1820 2990//1737
f 2993//1827 2991//1828 2992//1829
f 2991//1828 2993//1827 2994//1830
f 2995//1831 2994//1830 2993//1827
f 2994//1830 2995//1831 2996//1832
f 2997//1796 2996//1832 2995//1831
f 2996//1832 2997//1796 2998//1797
f 2999//1798 2998//1797 2997//1796
f 2998//1797 2999//1798 3000//1833
f 3001//1834 3000//1833 2999//1798
f 3000//1833 3001//1834 3002//1835
f 3003//1836 3002//1835 3001//1834
f 3002//1835 3003//1836 3004//1837
f 3005//266 3004//1837 3003//1836
f 3004//1837 3005//266 3006//267
f 3007//268 3006//267 3005//266
f 3006//267 3007//268 3008//1838
f 3009//1839 3008//1838 3007//268
f 3008//1838 3009//1839 3010//1840
f 3011//1841 3010//1840 3009//1839
f 3012//1842 3010//1840 3011//1841
f 3010//1840 3012//1842 3013//1843
f 3014//1844 3013//1843 3012//1842
f 3013//1843 3014//1844 3015//1845
f 3016//1846 3015//1845 3014//1844
f 3015//1845 3016//1846 3017//1847
f 3017//1847 3016//1846 3018//1848
f 3019//1849 3018//1848 3016//1846
f 3018//1848 3019//1849 2991//1828
f 2992//1829 2991//1828 3019//1849
f 3020//1780 3021//228 3022//229
f 3023//229 3022//229 3021//228
f 3022//229 3023//229 3024//230
f 3025//230 3024//230 3023//229
f 3024//230 3025//230 3026//231
f 3027//231 3026//231 3025//230
f 3026//231 3027//231 3028//1817
f 3029//1817 3028//1817 3027//231
f 3028//1817 3029//1817 3030//233
f 3031//233 3030//233 3029//1817
f 3030//233 3031//233 3032//234
f 3033//1850 3032//234 3031//233
f 3032//234 3033//1850 3034//236
f 3035//236 3034//236 3033//1850
f 3034//236 3035//236 3036//237
f 3037//237 3036//237 3035//236
f 3036//237 3037//237 3038//238
f 3039//238 3038//238 3037//237
f 3038//238 3039//238 3040//239
f 3041//239 3040//239 3039//238
f 3040//239 3041//239 3042//240
f 3043//240 3042//240 3041//239
f 3042//240 3043//240 3044//1783
f 3045//241 3044//1783 3043//240
f 3044//1783 3045//241 3046//242
f 3047//242 3046//242 3045//241
f 3046//242 3047//242 3048//243
f 3049//243 3048//243 3047//242
f 3048//243 3049//243 3050//244
f 3051//244 3050//244 3049//243
f 3050//244 3051//244 3052//1818
f 3053//1818 3052//1818 3051//244
f 3052//1818 3053//1818 3054//246
f 3055//246 3054//246 3053//1818
f 3054//246 3055//246 3056//247
f 3057//1819 3056//247 3055//246
f 3056//247 3057//1819 3058//248
f 3059//248 3058//248 3057//1819
f 3058//248 3059//248 3060//249
f 3061//249 3060//249 3059//248
f 3060//249 3061//249 3062//250
f 3063//250 3062//250 3061//249
f 3062//250 3063//250 3064//251
f 3065//251 3064//251 3063//250
f 3064//251 3065//251 3066//252
f 3067//252 3066//252 3065//251
f 3066//252 3067//252 3020//1780
f 3021//228 3020//1780 3067//252
f 3068//1820 3069//1820 3070//1704
f 3071//1704 3070//1704 3069//1820
f 3070//1704 3071//1704 3072//1739
f 3073//1739 3072//1739 3071//1704
f 3072//1739 3073//1739 3074//1707
f 3075//1707 3074//1707 3073//1739
f 3074//1707 3075//1707 3076//1740
f 3077//1740 3076//1740 3075//1707
f 3076//1740 3077//1740 3078//1710
f 3079//1710 3078//1710 3077//1740
f 3078//1710 3079//1710 3080//1742
f 3081//1742 3080//1742 3079//1710
f 3080//1742 3081//1742 3082//1713
f 3083//1713 3082//1713 3081//1742
f 3082//1713 3083//1713 3084//1744
f 3085//1744 3084//1744 3083//1713
f 3084//1744 3085//1744 3086//1716
f 3087//1716 3086//1716 3085//1744
f 3086//1716 3087//1716 3088//1851
f 3089//1851 3088//1851 3087//1716
f 3088//1851 3089//1851 3090//1719
f 3091//1719 3090//1719 3089//1851
f 3090//1719 3091//1719 3092//1823
f 3093//1823 3092//1823 3091//1719
f 3092//1823 3093//1823 3094//1722
f 3095//1722 3094//1722 3093//1823
f 3094//1722 3095//1722 3096//1748
f 3097//1748 3096//1748 3095//1722
f 3096//1748 3097//1748 3098//1725
f 3099//1725 3098//1725 3097//1748
f 3098//1725 3099//1725 3100//1749
f 3101//1749 3100//1749 3099//1725
f 3100//1749 3101//1749 3102//1728
f 3103//1728 3102//1728 3101//1749
f 3102//1728 3103//1728 3104//1751
f 3105//1751 3104//1751 3103//1728
f 3104//1751 3105//1751 3106//1731
f 3107//1731 3106//1731 3105//1751
f 3106//1731 3107//1731 3108//1752
f 3109//1752 3108//1752 3107//1731
f 3108//1752 3109//1752 3110//1734
f 3111//1734 3110//1734 3109//1752
f 3110//1734 3111//1734 3112//1825
f 3113//1826 3112//1825 3111//1734
f 3112//1825 3113//1826 3114//1737
f 3115//1737 3114//1737 3113//1826
f 3114//1737 3115//1737 3068//1820
f 3069//1820 3068//1820 3115//1737
