# Blender 4.3.1
# www.blender.org
mtllib link5_02.mtl
o link5_02
v -0.011735 -0.030300 -0.058935
v -0.011735 -0.028800 -0.058935
v -0.011793 -0.030300 -0.059375
v -0.011793 -0.028800 -0.059375
v -0.011963 -0.030300 -0.059785
v -0.011963 -0.028800 -0.059785
v -0.012233 -0.030300 -0.060137
v -0.012233 -0.028800 -0.060137
v -0.012585 -0.030300 -0.060407
v -0.012585 -0.028800 -0.060407
v -0.012995 -0.030300 -0.060577
v -0.012995 -0.028800 -0.060577
v -0.013435 -0.030300 -0.060635
v -0.013435 -0.028800 -0.060635
v -0.013875 -0.030300 -0.060577
v -0.013875 -0.028800 -0.060577
v -0.014285 -0.030300 -0.060407
v -0.014285 -0.028800 -0.060407
v -0.014637 -0.030300 -0.060137
v -0.014637 -0.028800 -0.060137
v -0.014907 -0.030300 -0.059785
v -0.014907 -0.028800 -0.059785
v -0.015077 -0.030300 -0.059375
v -0.015077 -0.028800 -0.059375
v -0.015135 -0.030300 -0.058935
v -0.015135 -0.028800 -0.058935
v -0.015077 -0.030300 -0.058495
v -0.015077 -0.028800 -0.058495
v -0.014907 -0.030300 -0.058085
v -0.014907 -0.028800 -0.058085
v -0.014637 -0.030300 -0.057733
v -0.014637 -0.028800 -0.057733
v -0.014285 -0.030300 -0.057463
v -0.014285 -0.028800 -0.057463
v -0.013875 -0.030300 -0.057293
v -0.013875 -0.028800 -0.057293
v -0.013435 -0.030300 -0.057235
v -0.013435 -0.028800 -0.057235
v -0.012995 -0.030300 -0.057293
v -0.012995 -0.028800 -0.057293
v -0.012585 -0.030300 -0.057463
v -0.012585 -0.028800 -0.057463
v -0.012233 -0.030300 -0.057733
v -0.012233 -0.028800 -0.057733
v -0.011963 -0.030300 -0.058085
v -0.011963 -0.028800 -0.058085
v -0.011793 -0.030300 -0.058495
v -0.011793 -0.028800 -0.058495
v -0.015077 -0.030300 -0.032505
v -0.015135 -0.030300 -0.032065
v -0.025149 -0.030300 -0.032092
v -0.023324 -0.030300 -0.029121
v -0.015077 -0.030300 -0.031625
v -0.021148 -0.030300 -0.026395
v -0.015516 -0.030300 -0.021518
v -0.015885 -0.030300 -0.021838
v 0.011793 -0.030300 -0.031625
v -0.014907 -0.030300 -0.031215
v -0.014637 -0.030300 -0.030863
v -0.018656 -0.030300 -0.023955
v -0.014285 -0.030300 -0.030593
v -0.013875 -0.030300 -0.030423
v -0.013435 -0.030300 -0.030365
v -0.012995 -0.030300 -0.057293
v -0.012585 -0.030300 -0.057463
v 0.011963 -0.030300 -0.059785
v -0.012233 -0.030300 -0.057733
v 0.012233 -0.030300 -0.033267
v 0.011963 -0.030300 -0.032915
v 0.011963 -0.030300 -0.031215
v 0.012233 -0.030300 -0.030863
v -0.015000 -0.030300 -0.015000
v 0.012585 -0.030300 -0.030593
v 0.015000 -0.030300 -0.015000
v 0.013435 -0.030300 -0.030365
v 0.015235 -0.030300 -0.021118
v 0.015060 -0.030300 -0.020662
v 0.021148 -0.030300 -0.026395
v 0.018656 -0.030300 -0.023955
v 0.014285 -0.030300 -0.030593
v 0.012585 -0.030300 -0.060407
v 0.012233 -0.030300 -0.060137
v -0.011793 -0.030300 -0.058495
v -0.011963 -0.030300 -0.058085
v 0.011793 -0.030300 -0.032505
v 0.011735 -0.030300 -0.032065
v 0.013875 -0.030300 -0.030423
v 0.015885 -0.030300 -0.021838
v 0.015516 -0.030300 -0.021518
v 0.012995 -0.030300 -0.030423
v 0.015000 -0.030300 -0.020177
v -0.012585 -0.030300 -0.030593
v 0.013435 -0.030300 -0.033765
v -0.012995 -0.030300 -0.030423
v 0.012995 -0.030300 -0.033707
v 0.012585 -0.030300 -0.033537
v -0.015000 -0.030300 -0.020177
v -0.015060 -0.030300 -0.020662
v -0.015235 -0.030300 -0.021118
v -0.012585 -0.030300 -0.033537
v 0.011735 -0.030300 -0.058935
v -0.012233 -0.030300 -0.033267
v 0.011793 -0.030300 -0.058495
v 0.011793 -0.030300 -0.059375
v -0.013435 -0.030300 -0.057235
v -0.011735 -0.030300 -0.058935
v 0.013435 -0.030300 -0.060635
v 0.012995 -0.030300 -0.060577
v -0.011963 -0.030300 -0.059785
v -0.012233 -0.030300 -0.060137
v 0.015000 -0.030300 -0.071757
v -0.012585 -0.030300 -0.060407
v -0.015000 -0.030300 -0.071757
v -0.014907 -0.030300 -0.058085
v -0.027650 -0.030300 -0.052410
v -0.015077 -0.030300 -0.058495
v -0.026599 -0.030300 -0.055735
v -0.015135 -0.030300 -0.058935
v -0.025149 -0.030300 -0.058907
v -0.015077 -0.030300 -0.059375
v -0.023324 -0.030300 -0.061879
v -0.014907 -0.030300 -0.059785
v -0.021148 -0.030300 -0.064605
v -0.014637 -0.030300 -0.060137
v -0.013875 -0.030300 -0.057293
v -0.014285 -0.030300 -0.057463
v -0.026599 -0.030300 -0.035265
v 0.014637 -0.030300 -0.030863
v 0.014907 -0.030300 -0.031215
v 0.023324 -0.030300 -0.029121
v 0.015077 -0.030300 -0.031625
v 0.025149 -0.030300 -0.032092
v 0.015135 -0.030300 -0.032065
v 0.026599 -0.030300 -0.035265
v 0.015077 -0.030300 -0.032505
v 0.027650 -0.030300 -0.038590
v 0.014907 -0.030300 -0.032915
v 0.028287 -0.030300 -0.042019
v 0.014285 -0.030300 -0.060407
v 0.018656 -0.030300 -0.067045
v 0.014637 -0.030300 -0.060137
v 0.021148 -0.030300 -0.064605
v 0.014907 -0.030300 -0.059785
v -0.011793 -0.030300 -0.059375
v 0.015885 -0.030300 -0.069162
v 0.015516 -0.030300 -0.069482
v -0.012233 -0.030300 -0.030863
v -0.011963 -0.030300 -0.031215
v -0.011793 -0.030300 -0.031625
v -0.013435 -0.030300 -0.060635
v -0.015235 -0.030300 -0.069882
v -0.015060 -0.030300 -0.070338
v -0.027650 -0.030300 -0.038590
v -0.028287 -0.030300 -0.042019
v -0.014637 -0.030300 -0.057733
v -0.028500 -0.030300 -0.045500
v -0.028287 -0.030300 -0.048981
v -0.013875 -0.030300 -0.033707
v -0.013435 -0.030300 -0.033765
v -0.012995 -0.030300 -0.033707
v -0.014285 -0.030300 -0.033537
v -0.014637 -0.030300 -0.033267
v -0.014907 -0.030300 -0.032915
v 0.028500 -0.030300 -0.045500
v 0.014637 -0.030300 -0.033267
v 0.013875 -0.030300 -0.057293
v 0.013875 -0.030300 -0.060577
v 0.015000 -0.030300 -0.070823
v 0.015060 -0.030300 -0.070338
v 0.015235 -0.030300 -0.069882
v -0.014285 -0.030300 -0.060407
v -0.018656 -0.030300 -0.067045
v -0.013875 -0.030300 -0.060577
v -0.015885 -0.030300 -0.069162
v -0.015516 -0.030300 -0.069482
v -0.012995 -0.030300 -0.060577
v -0.015000 -0.030300 -0.070823
v 0.014907 -0.030300 -0.058085
v 0.028287 -0.030300 -0.048981
v 0.014637 -0.030300 -0.057733
v 0.014285 -0.030300 -0.057463
v 0.015077 -0.030300 -0.059375
v 0.023324 -0.030300 -0.061879
v 0.015135 -0.030300 -0.058935
v 0.025149 -0.030300 -0.058907
v 0.015077 -0.030300 -0.058495
v 0.026599 -0.030300 -0.055735
v 0.027650 -0.030300 -0.052410
v -0.011735 -0.030300 -0.032065
v -0.011793 -0.030300 -0.032505
v 0.012585 -0.030300 -0.057463
v -0.011963 -0.030300 -0.032915
v 0.012233 -0.030300 -0.057733
v 0.011963 -0.030300 -0.058085
v 0.014285 -0.030300 -0.033537
v 0.013875 -0.030300 -0.033707
v 0.013435 -0.030300 -0.057235
v 0.012995 -0.030300 -0.057293
v 0.014637 -0.028800 -0.057733
v 0.014285 -0.028800 -0.057463
v 0.028287 -0.028800 -0.048981
v 0.013875 -0.028800 -0.057293
v 0.013435 -0.028800 -0.057235
v 0.015885 -0.028800 -0.021838
v 0.013875 -0.028800 -0.030423
v 0.013435 -0.028800 -0.030365
v 0.014285 -0.028800 -0.030593
v 0.018656 -0.028800 -0.023955
v 0.014637 -0.028800 -0.030863
v 0.021148 -0.028800 -0.026395
v 0.014907 -0.028800 -0.031215
v 0.015516 -0.028800 -0.021518
v -0.011793 -0.028800 -0.031625
v -0.011735 -0.028800 -0.032065
v 0.012995 -0.028800 -0.030423
v -0.015000 -0.028800 -0.071757
v -0.012995 -0.028800 -0.060577
v -0.012585 -0.028800 -0.060407
v 0.011963 -0.028800 -0.059785
v -0.011963 -0.028800 -0.059785
v -0.011793 -0.028800 -0.059375
v 0.012233 -0.028800 -0.060137
v 0.012585 -0.028800 -0.060407
v 0.015000 -0.028800 -0.071757
v 0.014907 -0.028800 -0.058085
v 0.027650 -0.028800 -0.052410
v 0.015077 -0.028800 -0.058495
v 0.026599 -0.028800 -0.055735
v 0.015135 -0.028800 -0.058935
v 0.025149 -0.028800 -0.058907
v 0.015077 -0.028800 -0.059375
v 0.023324 -0.028800 -0.061879
v 0.014907 -0.028800 -0.059785
v 0.021148 -0.028800 -0.064605
v 0.014637 -0.028800 -0.060137
v 0.015000 -0.028800 -0.015000
v 0.015000 -0.028800 -0.020177
v -0.011963 -0.028800 -0.031215
v 0.015060 -0.028800 -0.020662
v 0.015235 -0.028800 -0.021118
v -0.012233 -0.028800 -0.030863
v -0.012585 -0.028800 -0.030593
v -0.015000 -0.028800 -0.015000
v -0.023324 -0.028800 -0.029121
v -0.021148 -0.028800 -0.026395
v -0.013875 -0.028800 -0.057293
v -0.021148 -0.028800 -0.064605
v -0.023324 -0.028800 -0.061879
v -0.015077 -0.028800 -0.059375
v 0.012995 -0.028800 -0.057293
v -0.011735 -0.028800 -0.058935
v -0.011793 -0.028800 -0.058495
v 0.012585 -0.028800 -0.057463
v 0.012233 -0.028800 -0.057733
v 0.011963 -0.028800 -0.058085
v 0.014285 -0.028800 -0.060407
v 0.018656 -0.028800 -0.067045
v 0.013875 -0.028800 -0.060577
v 0.015885 -0.028800 -0.069162
v 0.013435 -0.028800 -0.060635
v -0.014637 -0.028800 -0.030863
v -0.014907 -0.028800 -0.031215
v -0.015077 -0.028800 -0.031625
v 0.011793 -0.028800 -0.032505
v 0.011963 -0.028800 -0.032915
v -0.012233 -0.028800 -0.033267
v 0.012233 -0.028800 -0.033267
v 0.012585 -0.028800 -0.033537
v 0.012995 -0.028800 -0.033707
v 0.013435 -0.028800 -0.033765
v -0.012233 -0.028800 -0.060137
v -0.014907 -0.028800 -0.058085
v -0.028287 -0.028800 -0.048981
v -0.014637 -0.028800 -0.057733
v -0.028500 -0.028800 -0.045500
v -0.014285 -0.028800 -0.057463
v -0.028287 -0.028800 -0.042019
v -0.015135 -0.028800 -0.058935
v -0.025149 -0.028800 -0.058907
v -0.015077 -0.028800 -0.058495
v -0.026599 -0.028800 -0.055735
v -0.027650 -0.028800 -0.052410
v 0.014907 -0.028800 -0.032915
v 0.028287 -0.028800 -0.042019
v 0.014637 -0.028800 -0.033267
v 0.028500 -0.028800 -0.045500
v 0.014285 -0.028800 -0.033537
v 0.013875 -0.028800 -0.033707
v 0.015077 -0.028800 -0.031625
v 0.023324 -0.028800 -0.029121
v 0.015135 -0.028800 -0.032065
v 0.025149 -0.028800 -0.032092
v 0.015077 -0.028800 -0.032505
v 0.026599 -0.028800 -0.035265
v 0.027650 -0.028800 -0.038590
v -0.013435 -0.028800 -0.060635
v -0.015000 -0.028800 -0.070823
v -0.015060 -0.028800 -0.070338
v -0.014907 -0.028800 -0.059785
v -0.014637 -0.028800 -0.060137
v -0.018656 -0.028800 -0.067045
v -0.014285 -0.028800 -0.060407
v -0.015885 -0.028800 -0.069162
v -0.013875 -0.028800 -0.060577
v -0.015516 -0.028800 -0.069482
v -0.015235 -0.028800 -0.069882
v 0.011793 -0.028800 -0.058495
v 0.011735 -0.028800 -0.058935
v 0.011793 -0.028800 -0.059375
v 0.015516 -0.028800 -0.069482
v 0.015235 -0.028800 -0.069882
v 0.015060 -0.028800 -0.070338
v -0.014285 -0.028800 -0.030593
v -0.018656 -0.028800 -0.023955
v -0.013875 -0.028800 -0.030423
v -0.015885 -0.028800 -0.021838
v -0.013435 -0.028800 -0.030365
v -0.015135 -0.028800 -0.032065
v -0.015077 -0.028800 -0.032505
v -0.014907 -0.028800 -0.032915
v -0.014637 -0.028800 -0.033267
v -0.027650 -0.028800 -0.038590
v -0.026599 -0.028800 -0.035265
v -0.025149 -0.028800 -0.032092
v 0.012585 -0.028800 -0.030593
v 0.012233 -0.028800 -0.030863
v 0.011963 -0.028800 -0.031215
v 0.012995 -0.028800 -0.060577
v 0.015000 -0.028800 -0.070823
v -0.015516 -0.028800 -0.021518
v -0.015235 -0.028800 -0.021118
v -0.015060 -0.028800 -0.020662
v -0.012585 -0.028800 -0.033537
v -0.012995 -0.028800 -0.033707
v -0.011963 -0.028800 -0.058085
v -0.012233 -0.028800 -0.057733
v -0.012995 -0.028800 -0.030423
v -0.015000 -0.028800 -0.020177
v -0.011963 -0.028800 -0.032915
v -0.011793 -0.028800 -0.032505
v 0.011735 -0.028800 -0.032065
v 0.011793 -0.028800 -0.031625
v -0.012585 -0.028800 -0.057463
v -0.012995 -0.028800 -0.057293
v -0.013435 -0.028800 -0.033765
v -0.013435 -0.028800 -0.057235
v -0.013875 -0.028800 -0.033707
v -0.014285 -0.028800 -0.033537
v 0.015000 -0.030300 -0.020177
v 0.015000 -0.028800 -0.020177
v 0.015000 -0.030300 -0.015000
v 0.015000 -0.028800 -0.015000
v 0.015885 -0.030300 -0.069162
v 0.015885 -0.028800 -0.069162
v 0.018656 -0.028800 -0.067045
v 0.018656 -0.030300 -0.067045
v 0.021148 -0.028800 -0.064605
v 0.021148 -0.030300 -0.064605
v 0.023324 -0.028800 -0.061879
v 0.023324 -0.030300 -0.061879
v 0.025149 -0.028800 -0.058907
v 0.025149 -0.030300 -0.058907
v 0.026599 -0.028800 -0.055735
v 0.026599 -0.030300 -0.055735
v 0.027650 -0.028800 -0.052410
v 0.027650 -0.030300 -0.052410
v 0.028287 -0.028800 -0.048981
v 0.028287 -0.030300 -0.048981
v 0.028500 -0.028800 -0.045500
v 0.028500 -0.030300 -0.045500
v 0.028287 -0.028800 -0.042019
v 0.028287 -0.030300 -0.042019
v 0.027650 -0.028800 -0.038590
v 0.027650 -0.030300 -0.038590
v 0.026599 -0.028800 -0.035265
v 0.026599 -0.030300 -0.035265
v 0.025149 -0.028800 -0.032092
v 0.025149 -0.030300 -0.032092
v 0.023324 -0.028800 -0.029121
v 0.023324 -0.030300 -0.029121
v 0.021148 -0.028800 -0.026395
v 0.021148 -0.030300 -0.026395
v 0.018656 -0.028800 -0.023955
v 0.018656 -0.030300 -0.023955
v 0.015885 -0.028800 -0.021838
v 0.015885 -0.030300 -0.021838
v 0.015000 -0.028800 -0.070823
v 0.015000 -0.030300 -0.070823
v 0.015000 -0.028800 -0.071757
v 0.015000 -0.030300 -0.071757
v -0.015000 -0.030300 -0.070823
v -0.015000 -0.028800 -0.070823
v -0.015000 -0.030300 -0.071757
v -0.015000 -0.028800 -0.071757
v -0.015885 -0.030300 -0.021838
v -0.015885 -0.028800 -0.021838
v -0.018656 -0.028800 -0.023955
v -0.018656 -0.030300 -0.023955
v -0.021148 -0.028800 -0.026395
v -0.021148 -0.030300 -0.026395
v -0.023324 -0.028800 -0.029121
v -0.023324 -0.030300 -0.029121
v -0.025149 -0.028800 -0.032092
v -0.025149 -0.030300 -0.032092
v -0.026599 -0.028800 -0.035265
v -0.026599 -0.030300 -0.035265
v -0.027650 -0.028800 -0.038590
v -0.027650 -0.030300 -0.038590
v -0.028287 -0.028800 -0.042019
v -0.028287 -0.030300 -0.042019
v -0.028500 -0.028800 -0.045500
v -0.028500 -0.030300 -0.045500
v -0.028287 -0.028800 -0.048981
v -0.028287 -0.030300 -0.048981
v -0.027650 -0.028800 -0.052410
v -0.027650 -0.030300 -0.052410
v -0.026599 -0.028800 -0.055735
v -0.026599 -0.030300 -0.055735
v -0.025149 -0.028800 -0.058907
v -0.025149 -0.030300 -0.058907
v -0.023324 -0.028800 -0.061879
v -0.023324 -0.030300 -0.061879
v -0.021148 -0.028800 -0.064605
v -0.021148 -0.030300 -0.064605
v -0.018656 -0.028800 -0.067045
v -0.018656 -0.030300 -0.067045
v -0.015885 -0.028800 -0.069162
v -0.015885 -0.030300 -0.069162
v -0.015000 -0.028800 -0.020177
v -0.015000 -0.030300 -0.020177
v -0.015000 -0.028800 -0.015000
v -0.015000 -0.030300 -0.015000
v -0.011735 -0.030300 -0.032065
v -0.011735 -0.028800 -0.032065
v -0.011793 -0.030300 -0.032505
v -0.011793 -0.028800 -0.032505
v -0.011963 -0.030300 -0.032915
v -0.011963 -0.028800 -0.032915
v -0.012233 -0.030300 -0.033267
v -0.012233 -0.028800 -0.033267
v -0.012585 -0.030300 -0.033537
v -0.012585 -0.028800 -0.033537
v -0.012995 -0.030300 -0.033707
v -0.012995 -0.028800 -0.033707
v -0.013435 -0.030300 -0.033765
v -0.013435 -0.028800 -0.033765
v -0.013875 -0.030300 -0.033707
v -0.013875 -0.028800 -0.033707
v -0.014285 -0.030300 -0.033537
v -0.014285 -0.028800 -0.033537
v -0.014637 -0.030300 -0.033267
v -0.014637 -0.028800 -0.033267
v -0.014907 -0.030300 -0.032915
v -0.014907 -0.028800 -0.032915
v -0.015077 -0.030300 -0.032505
v -0.015077 -0.028800 -0.032505
v -0.015135 -0.030300 -0.032065
v -0.015135 -0.028800 -0.032065
v -0.015077 -0.030300 -0.031625
v -0.015077 -0.028800 -0.031625
v -0.014907 -0.030300 -0.031215
v -0.014907 -0.028800 -0.031215
v -0.014637 -0.030300 -0.030863
v -0.014637 -0.028800 -0.030863
v -0.014285 -0.030300 -0.030593
v -0.014285 -0.028800 -0.030593
v -0.013875 -0.030300 -0.030423
v -0.013875 -0.028800 -0.030423
v -0.013435 -0.030300 -0.030365
v -0.013435 -0.028800 -0.030365
v -0.012995 -0.030300 -0.030423
v -0.012995 -0.028800 -0.030423
v -0.012585 -0.030300 -0.030593
v -0.012585 -0.028800 -0.030593
v -0.012233 -0.030300 -0.030863
v -0.012233 -0.028800 -0.030863
v -0.011963 -0.030300 -0.031215
v -0.011963 -0.028800 -0.031215
v -0.011793 -0.030300 -0.031625
v -0.011793 -0.028800 -0.031625
v 0.015135 -0.030300 -0.058935
v 0.015135 -0.028800 -0.058935
v 0.015077 -0.030300 -0.059375
v 0.015077 -0.028800 -0.059375
v 0.014907 -0.030300 -0.059785
v 0.014907 -0.028800 -0.059785
v 0.014637 -0.030300 -0.060137
v 0.014637 -0.028800 -0.060137
v 0.014285 -0.030300 -0.060407
v 0.014285 -0.028800 -0.060407
v 0.013875 -0.030300 -0.060577
v 0.013875 -0.028800 -0.060577
v 0.013435 -0.030300 -0.060635
v 0.013435 -0.028800 -0.060635
v 0.012995 -0.030300 -0.060577
v 0.012995 -0.028800 -0.060577
v 0.012585 -0.030300 -0.060407
v 0.012585 -0.028800 -0.060407
v 0.012233 -0.030300 -0.060137
v 0.012233 -0.028800 -0.060137
v 0.011963 -0.030300 -0.059785
v 0.011963 -0.028800 -0.059785
v 0.011793 -0.030300 -0.059375
v 0.011793 -0.028800 -0.059375
v 0.011735 -0.030300 -0.058935
v 0.011735 -0.028800 -0.058935
v 0.011793 -0.030300 -0.058495
v 0.011793 -0.028800 -0.058495
v 0.011963 -0.030300 -0.058085
v 0.011963 -0.028800 -0.058085
v 0.012233 -0.030300 -0.057733
v 0.012233 -0.028800 -0.057733
v 0.012585 -0.030300 -0.057463
v 0.012585 -0.028800 -0.057463
v 0.012995 -0.030300 -0.057293
v 0.012995 -0.028800 -0.057293
v 0.013435 -0.030300 -0.057235
v 0.013435 -0.028800 -0.057235
v 0.013875 -0.030300 -0.057293
v 0.013875 -0.028800 -0.057293
v 0.014285 -0.030300 -0.057463
v 0.014285 -0.028800 -0.057463
v 0.014637 -0.030300 -0.057733
v 0.014637 -0.028800 -0.057733
v 0.014907 -0.030300 -0.058085
v 0.014907 -0.028800 -0.058085
v 0.015077 -0.030300 -0.058495
v 0.015077 -0.028800 -0.058495
v 0.015135 -0.030300 -0.032065
v 0.015135 -0.028800 -0.032065
v 0.015077 -0.030300 -0.032505
v 0.015077 -0.028800 -0.032505
v 0.014907 -0.030300 -0.032915
v 0.014907 -0.028800 -0.032915
v 0.014637 -0.030300 -0.033267
v 0.014637 -0.028800 -0.033267
v 0.014285 -0.030300 -0.033537
v 0.014285 -0.028800 -0.033537
v 0.013875 -0.030300 -0.033707
v 0.013875 -0.028800 -0.033707
v 0.013435 -0.030300 -0.033765
v 0.013435 -0.028800 -0.033765
v 0.012995 -0.030300 -0.033707
v 0.012995 -0.028800 -0.033707
v 0.012585 -0.030300 -0.033537
v 0.012585 -0.028800 -0.033537
v 0.012233 -0.030300 -0.033267
v 0.012233 -0.028800 -0.033267
v 0.011963 -0.030300 -0.032915
v 0.011963 -0.028800 -0.032915
v 0.011793 -0.030300 -0.032505
v 0.011793 -0.028800 -0.032505
v 0.011735 -0.030300 -0.032065
v 0.011735 -0.028800 -0.032065
v 0.011793 -0.030300 -0.031625
v 0.011793 -0.028800 -0.031625
v 0.011963 -0.030300 -0.031215
v 0.011963 -0.028800 -0.031215
v 0.012233 -0.030300 -0.030863
v 0.012233 -0.028800 -0.030863
v 0.012585 -0.030300 -0.030593
v 0.012585 -0.028800 -0.030593
v 0.012995 -0.030300 -0.030423
v 0.012995 -0.028800 -0.030423
v 0.013435 -0.030300 -0.030365
v 0.013435 -0.028800 -0.030365
v 0.013875 -0.030300 -0.030423
v 0.013875 -0.028800 -0.030423
v 0.014285 -0.030300 -0.030593
v 0.014285 -0.028800 -0.030593
v 0.014637 -0.030300 -0.030863
v 0.014637 -0.028800 -0.030863
v 0.014907 -0.030300 -0.031215
v 0.014907 -0.028800 -0.031215
v 0.015077 -0.030300 -0.031625
v 0.015077 -0.028800 -0.031625
v 0.015000 -0.029679 -0.073879
v 0.015000 -0.030739 -0.072818
v 0.015000 -0.033861 -0.078061
v 0.015000 -0.034921 -0.077000
v -0.015000 -0.030739 -0.072818
v -0.015000 -0.029679 -0.073879
v -0.015000 -0.034921 -0.077000
v -0.015000 -0.033861 -0.078061
v -0.015000 -0.029679 -0.073879
v 0.015000 -0.029679 -0.073879
v -0.015000 -0.033861 -0.078061
v 0.015000 -0.033861 -0.078061
v 0.015000 -0.034921 -0.077000
v 0.015000 -0.030739 -0.072818
v -0.015000 -0.034921 -0.077000
v -0.015000 -0.030739 -0.072818
v 0.015516 -0.030300 -0.021518
v 0.015516 -0.028800 -0.021518
v 0.015235 -0.030300 -0.021118
v 0.015235 -0.028800 -0.021118
v 0.015060 -0.030300 -0.020662
v 0.015060 -0.028800 -0.020662
v -0.015060 -0.030300 -0.020662
v -0.015060 -0.028800 -0.020662
v -0.015235 -0.030300 -0.021118
v -0.015235 -0.028800 -0.021118
v -0.015516 -0.030300 -0.021518
v -0.015516 -0.028800 -0.021518
v 0.015060 -0.030300 -0.070338
v 0.015060 -0.028800 -0.070338
v 0.015235 -0.030300 -0.069882
v 0.015235 -0.028800 -0.069882
v 0.015516 -0.030300 -0.069482
v 0.015516 -0.028800 -0.069482
v -0.015516 -0.030300 -0.069482
v -0.015516 -0.028800 -0.069482
v -0.015235 -0.030300 -0.069882
v -0.015235 -0.028800 -0.069882
v -0.015060 -0.030300 -0.070338
v -0.015060 -0.028800 -0.070338
v -0.015000 -0.030501 -0.072507
v 0.015000 -0.030501 -0.072507
v -0.015000 -0.030351 -0.072146
v 0.015000 -0.030351 -0.072146
v 0.015000 -0.028902 -0.072534
v -0.015000 -0.028902 -0.072534
v 0.015000 -0.029202 -0.073257
v -0.015000 -0.029202 -0.073257
v 0.015000 -0.030501 -0.072507
v 0.015000 -0.029202 -0.073257
v 0.015000 -0.030351 -0.072146
v 0.015000 -0.028902 -0.072534
v -0.015000 -0.030351 -0.072146
v -0.015000 -0.028902 -0.072534
v -0.015000 -0.030501 -0.072507
v -0.015000 -0.029202 -0.073257
v 0.015000 -0.034300 -0.079121
v -0.015000 -0.034300 -0.079121
v 0.015000 -0.034249 -0.078733
v -0.015000 -0.034249 -0.078733
v 0.015000 -0.034099 -0.078371
v -0.015000 -0.034099 -0.078371
v -0.015000 -0.035398 -0.077621
v 0.015000 -0.035398 -0.077621
v -0.015000 -0.035698 -0.078345
v 0.015000 -0.035698 -0.078345
v -0.015000 -0.035800 -0.079121
v 0.015000 -0.035800 -0.079121
v -0.015000 -0.034300 -0.079121
v -0.015000 -0.035800 -0.079121
v -0.015000 -0.034249 -0.078733
v -0.015000 -0.035698 -0.078345
v -0.015000 -0.034099 -0.078371
v -0.015000 -0.035398 -0.077621
v 0.015000 -0.034099 -0.078371
v 0.015000 -0.035398 -0.077621
v 0.015000 -0.034249 -0.078733
v 0.015000 -0.035698 -0.078345
v 0.015000 -0.034300 -0.079121
v 0.015000 -0.035800 -0.079121
v -0.007142 -0.035800 -0.087560
v -0.006972 -0.035800 -0.087150
v 0.004028 -0.035800 -0.087150
v 0.004298 -0.035800 -0.086798
v 0.004650 -0.035800 -0.086528
v -0.006702 -0.035800 -0.086798
v -0.006350 -0.035800 -0.086528
v -0.005940 -0.035800 -0.086358
v 0.005060 -0.035800 -0.086358
v 0.005500 -0.035800 -0.086300
v 0.005940 -0.035800 -0.086358
v 0.006350 -0.035800 -0.086528
v 0.006702 -0.035800 -0.086798
v 0.006972 -0.035800 -0.087150
v -0.004298 -0.035800 -0.086798
v -0.004028 -0.035800 -0.087150
v 0.003800 -0.035800 -0.088000
v -0.006702 -0.035800 -0.089202
v -0.006972 -0.035800 -0.088850
v -0.015000 -0.035800 -0.105500
v -0.007142 -0.035800 -0.088440
v -0.007200 -0.035800 -0.088000
v 0.003858 -0.035800 -0.087560
v -0.005060 -0.035800 -0.086358
v -0.005500 -0.035800 -0.086300
v -0.004650 -0.035800 -0.086528
v 0.007142 -0.035800 -0.087560
v 0.007200 -0.035800 -0.088000
v 0.015000 -0.035800 -0.105500
v 0.007142 -0.035800 -0.088440
v 0.006972 -0.035800 -0.088850
v 0.005940 -0.035800 -0.089642
v 0.012500 -0.035800 -0.114250
v 0.013578 -0.035800 -0.112215
v -0.004298 -0.035800 -0.089202
v -0.004650 -0.035800 -0.089472
v -0.005060 -0.035800 -0.089642
v -0.005500 -0.035800 -0.089700
v 0.006702 -0.035800 -0.089202
v 0.006350 -0.035800 -0.089472
v 0.014840 -0.035800 -0.107797
v 0.014363 -0.035800 -0.110050
v 0.006973 -0.035800 -0.123261
v 0.006068 -0.035800 -0.124908
v 0.009257 -0.035800 -0.126254
v -0.005940 -0.035800 -0.089642
v -0.006350 -0.035800 -0.089472
v 0.006068 -0.035800 -0.116092
v 0.005500 -0.035800 -0.089700
v 0.004781 -0.035800 -0.114721
v 0.003193 -0.035800 -0.113714
v -0.003858 -0.035800 -0.087560
v -0.003800 -0.035800 -0.088000
v 0.003858 -0.035800 -0.088440
v -0.003858 -0.035800 -0.088440
v 0.004028 -0.035800 -0.088850
v -0.004028 -0.035800 -0.088850
v 0.004298 -0.035800 -0.089202
v -0.014840 -0.035800 -0.107797
v 0.004650 -0.035800 -0.089472
v -0.014363 -0.035800 -0.110050
v -0.013578 -0.035800 -0.112215
v -0.007264 -0.035800 -0.122365
v -0.009812 -0.035800 -0.124669
v -0.006572 -0.035800 -0.124113
v -0.009257 -0.035800 -0.126254
v -0.005467 -0.035800 -0.125634
v -0.006572 -0.035800 -0.116887
v -0.005467 -0.035800 -0.115366
v -0.011422 -0.035800 -0.116285
v -0.012500 -0.035800 -0.114250
v -0.008364 -0.035800 -0.127676
v -0.007176 -0.035800 -0.128864
v -0.004019 -0.035800 -0.126833
v -0.007264 -0.035800 -0.118635
v -0.010637 -0.035800 -0.118450
v -0.007500 -0.035800 -0.120500
v -0.010160 -0.035800 -0.120703
v -0.010000 -0.035800 -0.123000
v -0.004019 -0.035800 -0.114168
v -0.002318 -0.035800 -0.113367
v 0.005060 -0.035800 -0.089642
v -0.000471 -0.035800 -0.113015
v 0.001405 -0.035800 -0.113133
v 0.008364 -0.035800 -0.127676
v 0.004781 -0.035800 -0.126279
v 0.007176 -0.035800 -0.128864
v 0.005754 -0.035800 -0.129757
v 0.003193 -0.035800 -0.127286
v 0.004169 -0.035800 -0.130312
v 0.002500 -0.035800 -0.130500
v 0.001405 -0.035800 -0.127867
v -0.002500 -0.035800 -0.130500
v -0.000471 -0.035800 -0.127985
v -0.002318 -0.035800 -0.127633
v -0.004169 -0.035800 -0.130312
v -0.005754 -0.035800 -0.129757
v 0.011422 -0.035800 -0.116285
v 0.006973 -0.035800 -0.117739
v 0.010637 -0.035800 -0.118450
v 0.007441 -0.035800 -0.119560
v 0.010160 -0.035800 -0.120703
v 0.007441 -0.035800 -0.121440
v 0.010000 -0.035800 -0.123000
v 0.009812 -0.035800 -0.124669
v -0.005940 -0.034300 -0.086358
v -0.006350 -0.034300 -0.086528
v -0.006702 -0.034300 -0.086798
v -0.006972 -0.034300 -0.087150
v 0.007142 -0.034300 -0.087560
v 0.006972 -0.034300 -0.087150
v 0.006702 -0.034300 -0.086798
v 0.006350 -0.034300 -0.086528
v -0.003858 -0.034300 -0.087560
v -0.004028 -0.034300 -0.087150
v 0.003858 -0.034300 -0.087560
v 0.004028 -0.034300 -0.087150
v -0.004298 -0.034300 -0.086798
v 0.004650 -0.034300 -0.086528
v 0.004298 -0.034300 -0.086798
v -0.006350 -0.034300 -0.089472
v -0.015000 -0.034300 -0.105500
v -0.006702 -0.034300 -0.089202
v -0.006972 -0.034300 -0.088850
v 0.004650 -0.034300 -0.089472
v -0.011422 -0.034300 -0.116285
v -0.012500 -0.034300 -0.114250
v 0.005940 -0.034300 -0.086358
v 0.005500 -0.034300 -0.086300
v 0.005060 -0.034300 -0.086358
v -0.004650 -0.034300 -0.086528
v -0.005060 -0.034300 -0.086358
v -0.005500 -0.034300 -0.086300
v -0.007142 -0.034300 -0.087560
v -0.007200 -0.034300 -0.088000
v -0.007142 -0.034300 -0.088440
v 0.006702 -0.034300 -0.089202
v 0.006972 -0.034300 -0.088850
v 0.015000 -0.034300 -0.105500
v 0.007142 -0.034300 -0.088440
v 0.007200 -0.034300 -0.088000
v -0.005940 -0.034300 -0.089642
v -0.005500 -0.034300 -0.089700
v -0.005060 -0.034300 -0.089642
v -0.003800 -0.034300 -0.088000
v 0.003800 -0.034300 -0.088000
v -0.003858 -0.034300 -0.088440
v 0.003858 -0.034300 -0.088440
v 0.004028 -0.034300 -0.088850
v -0.004650 -0.034300 -0.089472
v -0.004298 -0.034300 -0.089202
v -0.004028 -0.034300 -0.088850
v -0.014840 -0.034300 -0.107797
v 0.004298 -0.034300 -0.089202
v -0.014363 -0.034300 -0.110050
v -0.013578 -0.034300 -0.112215
v 0.005500 -0.034300 -0.089700
v 0.006068 -0.034300 -0.116092
v 0.004781 -0.034300 -0.114721
v 0.005060 -0.034300 -0.089642
v -0.002318 -0.034300 -0.113367
v -0.004019 -0.034300 -0.114168
v 0.014840 -0.034300 -0.107797
v 0.005940 -0.034300 -0.089642
v 0.006350 -0.034300 -0.089472
v 0.003193 -0.034300 -0.113714
v 0.001405 -0.034300 -0.113133
v -0.000471 -0.034300 -0.113015
v 0.014363 -0.034300 -0.110050
v 0.013578 -0.034300 -0.112215
v 0.012500 -0.034300 -0.114250
v -0.004019 -0.034300 -0.126833
v -0.007176 -0.034300 -0.128864
v -0.005467 -0.034300 -0.125634
v -0.008364 -0.034300 -0.127676
v -0.006572 -0.034300 -0.124113
v 0.006973 -0.034300 -0.117739
v 0.011422 -0.034300 -0.116285
v 0.007441 -0.034300 -0.119560
v 0.010637 -0.034300 -0.118450
v 0.007500 -0.034300 -0.120500
v 0.010160 -0.034300 -0.120703
v 0.007441 -0.034300 -0.121440
v 0.010000 -0.034300 -0.123000
v 0.006973 -0.034300 -0.123261
v 0.009812 -0.034300 -0.124669
v 0.006068 -0.034300 -0.124908
v -0.005467 -0.034300 -0.115366
v -0.006572 -0.034300 -0.116887
v -0.010637 -0.034300 -0.118450
v -0.007264 -0.034300 -0.118635
v -0.010160 -0.034300 -0.120703
v -0.007500 -0.034300 -0.120500
v -0.010000 -0.034300 -0.123000
v -0.007264 -0.034300 -0.122365
v -0.009812 -0.034300 -0.124669
v -0.009257 -0.034300 -0.126254
v 0.004781 -0.034300 -0.126279
v 0.005754 -0.034300 -0.129757
v 0.003193 -0.034300 -0.127286
v 0.004169 -0.034300 -0.130312
v 0.001405 -0.034300 -0.127867
v 0.002500 -0.034300 -0.130500
v -0.000471 -0.034300 -0.127985
v -0.002500 -0.034300 -0.130500
v -0.002318 -0.034300 -0.127633
v -0.004169 -0.034300 -0.130312
v -0.005754 -0.034300 -0.129757
v 0.009257 -0.034300 -0.126254
v 0.008364 -0.034300 -0.127676
v 0.007176 -0.034300 -0.128864
v -0.015000 -0.034300 -0.105500
v -0.015000 -0.035800 -0.105500
v 0.015000 -0.035800 -0.105500
v 0.015000 -0.034300 -0.105500
v 0.006973 -0.034300 -0.117739
v 0.007441 -0.034300 -0.119560
v 0.007441 -0.035800 -0.119560
v 0.007500 -0.034300 -0.120500
v 0.007441 -0.035800 -0.121440
v 0.007441 -0.034300 -0.121440
v 0.006973 -0.035800 -0.123261
v 0.006973 -0.034300 -0.123261
v 0.006068 -0.035800 -0.124908
v 0.006068 -0.034300 -0.124908
v 0.004781 -0.035800 -0.126279
v 0.004781 -0.034300 -0.126279
v 0.003193 -0.035800 -0.127286
v 0.003193 -0.034300 -0.127286
v 0.001405 -0.035800 -0.127867
v 0.001405 -0.034300 -0.127867
v -0.000471 -0.035800 -0.127985
v -0.000471 -0.034300 -0.127985
v -0.002318 -0.035800 -0.127633
v -0.002318 -0.034300 -0.127633
v -0.004019 -0.035800 -0.126833
v -0.004019 -0.034300 -0.126833
v -0.005467 -0.035800 -0.125634
v -0.005467 -0.034300 -0.125634
v -0.006572 -0.035800 -0.124113
v -0.006572 -0.034300 -0.124113
v -0.007264 -0.035800 -0.122365
v -0.007264 -0.034300 -0.122365
v -0.007500 -0.035800 -0.120500
v -0.007500 -0.034300 -0.120500
v -0.007264 -0.035800 -0.118635
v -0.007264 -0.034300 -0.118635
v -0.006572 -0.035800 -0.116887
v -0.006572 -0.034300 -0.116887
v -0.005467 -0.035800 -0.115366
v -0.005467 -0.034300 -0.115366
v -0.004019 -0.035800 -0.114168
v -0.004019 -0.034300 -0.114168
v -0.002318 -0.035800 -0.113367
v -0.002318 -0.034300 -0.113367
v -0.000471 -0.035800 -0.113015
v -0.000471 -0.034300 -0.113015
v 0.001405 -0.035800 -0.113133
v 0.001405 -0.034300 -0.113133
v 0.003193 -0.035800 -0.113714
v 0.003193 -0.034300 -0.113714
v 0.004781 -0.035800 -0.114721
v 0.004781 -0.034300 -0.114721
v 0.006068 -0.035800 -0.116092
v 0.006068 -0.034300 -0.116092
v 0.006973 -0.035800 -0.117739
v -0.010000 -0.034300 -0.123000
v -0.010000 -0.035800 -0.123000
v -0.010160 -0.034300 -0.120703
v -0.010160 -0.035800 -0.120703
v -0.010637 -0.034300 -0.118450
v -0.010637 -0.035800 -0.118450
v -0.011422 -0.034300 -0.116285
v -0.011422 -0.035800 -0.116285
v -0.012500 -0.034300 -0.114250
v -0.012500 -0.035800 -0.114250
v -0.002500 -0.034300 -0.130500
v -0.002500 -0.035800 -0.130500
v -0.004169 -0.035800 -0.130312
v -0.004169 -0.034300 -0.130312
v -0.005754 -0.035800 -0.129757
v -0.005754 -0.034300 -0.129757
v -0.007176 -0.035800 -0.128864
v -0.007176 -0.034300 -0.128864
v -0.008364 -0.035800 -0.127676
v -0.008364 -0.034300 -0.127676
v -0.009257 -0.035800 -0.126254
v -0.009257 -0.034300 -0.126254
v -0.009812 -0.035800 -0.124669
v -0.009812 -0.034300 -0.124669
v 0.002500 -0.035800 -0.130500
v 0.002500 -0.034300 -0.130500
v 0.010000 -0.034300 -0.123000
v 0.010000 -0.035800 -0.123000
v 0.009812 -0.035800 -0.124669
v 0.009812 -0.034300 -0.124669
v 0.009257 -0.035800 -0.126254
v 0.009257 -0.034300 -0.126254
v 0.008364 -0.035800 -0.127676
v 0.008364 -0.034300 -0.127676
v 0.007176 -0.035800 -0.128864
v 0.007176 -0.034300 -0.128864
v 0.005754 -0.035800 -0.129757
v 0.005754 -0.034300 -0.129757
v 0.004169 -0.035800 -0.130312
v 0.004169 -0.034300 -0.130312
v 0.012500 -0.034300 -0.114250
v 0.012500 -0.035800 -0.114250
v 0.011422 -0.034300 -0.116285
v 0.011422 -0.035800 -0.116285
v 0.010637 -0.034300 -0.118450
v 0.010637 -0.035800 -0.118450
v 0.010160 -0.034300 -0.120703
v 0.010160 -0.035800 -0.120703
v 0.014840 -0.035800 -0.107797
v 0.014840 -0.034300 -0.107797
v 0.014363 -0.035800 -0.110050
v 0.014363 -0.034300 -0.110050
v 0.013578 -0.035800 -0.112215
v 0.013578 -0.034300 -0.112215
v -0.013578 -0.035800 -0.112215
v -0.013578 -0.034300 -0.112215
v -0.014363 -0.035800 -0.110050
v -0.014363 -0.034300 -0.110050
v -0.014840 -0.035800 -0.107797
v -0.014840 -0.034300 -0.107797
v -0.015000 -0.028749 -0.014612
v -0.015000 -0.030198 -0.014223
v -0.015000 -0.028599 -0.014250
v -0.015000 -0.029898 -0.013500
v -0.015000 -0.028361 -0.013939
v -0.015000 -0.029421 -0.012879
v -0.015000 -0.028050 -0.013701
v -0.015000 -0.028800 -0.012402
v -0.015000 -0.027688 -0.013551
v -0.015000 -0.028076 -0.012102
v -0.015000 -0.027300 -0.013500
v -0.015000 -0.027300 -0.012000
v 0.015000 -0.027300 -0.013500
v 0.015000 -0.027300 -0.012000
v 0.015000 -0.027688 -0.013551
v 0.015000 -0.028076 -0.012102
v 0.015000 -0.028050 -0.013701
v 0.015000 -0.028800 -0.012402
v 0.015000 -0.028361 -0.013939
v 0.015000 -0.029421 -0.012879
v 0.015000 -0.028599 -0.014250
v 0.015000 -0.029898 -0.013500
v 0.015000 -0.028749 -0.014612
v 0.015000 -0.030198 -0.014223
v 0.015000 -0.030198 -0.014223
v -0.015000 -0.030198 -0.014223
v 0.015000 -0.029898 -0.013500
v -0.015000 -0.029898 -0.013500
v 0.015000 -0.029421 -0.012879
v -0.015000 -0.029421 -0.012879
v 0.015000 -0.028800 -0.012402
v -0.015000 -0.028800 -0.012402
v 0.015000 -0.028076 -0.012102
v -0.015000 -0.028076 -0.012102
v 0.015000 -0.027300 -0.012000
v -0.015000 -0.027300 -0.012000
v -0.015000 -0.027300 -0.013500
v 0.015000 -0.027300 -0.013500
v -0.015000 -0.027688 -0.013551
v 0.015000 -0.027688 -0.013551
v -0.015000 -0.028050 -0.013701
v 0.015000 -0.028050 -0.013701
v -0.015000 -0.028361 -0.013939
v 0.015000 -0.028361 -0.013939
v -0.015000 -0.028599 -0.014250
v 0.015000 -0.028599 -0.014250
v -0.015000 -0.028749 -0.014612
v 0.015000 -0.028749 -0.014612
v 0.015000 -0.016123 -0.013500
v 0.015000 -0.016123 -0.012000
v -0.015000 -0.016123 -0.012000
v -0.015000 -0.016123 -0.013500
v 0.011310 -0.014481 -0.012000
v 0.011750 -0.014423 -0.012000
v 0.012087 -0.012890 -0.012000
v 0.015000 -0.016123 -0.012000
v 0.013392 -0.016563 -0.012000
v 0.013222 -0.016973 -0.012000
v 0.012859 -0.013068 -0.012000
v 0.012190 -0.014481 -0.012000
v 0.013566 -0.013427 -0.012000
v 0.012600 -0.014650 -0.012000
v 0.014164 -0.013947 -0.012000
v 0.012952 -0.014921 -0.012000
v 0.014619 -0.014596 -0.012000
v 0.013222 -0.015273 -0.012000
v 0.014903 -0.015336 -0.012000
v 0.013392 -0.015683 -0.012000
v 0.013450 -0.016123 -0.012000
v -0.010548 -0.017325 -0.012000
v -0.001472 -0.020800 -0.012000
v -0.001642 -0.020390 -0.012000
v -0.012600 -0.017595 -0.012000
v -0.012952 -0.017325 -0.012000
v -0.013222 -0.016973 -0.012000
v -0.015000 -0.016123 -0.012000
v -0.001642 -0.019510 -0.012000
v -0.001472 -0.019100 -0.012000
v -0.010108 -0.016563 -0.012000
v 0.012952 -0.017325 -0.012000
v 0.012600 -0.017595 -0.012000
v 0.012190 -0.017765 -0.012000
v -0.010900 -0.017595 -0.012000
v -0.011310 -0.017765 -0.012000
v -0.000440 -0.018308 -0.012000
v -0.000000 -0.018250 -0.012000
v -0.000000 -0.016700 -0.012000
v 0.000440 -0.018308 -0.012000
v 0.002619 -0.016493 -0.012000
v 0.000850 -0.018478 -0.012000
v 0.005172 -0.015879 -0.012000
v -0.013392 -0.016563 -0.012000
v -0.013450 -0.016123 -0.012000
v -0.014903 -0.015336 -0.012000
v -0.013392 -0.015683 -0.012000
v -0.014619 -0.014596 -0.012000
v -0.013222 -0.015273 -0.012000
v -0.014164 -0.013947 -0.012000
v -0.012952 -0.014921 -0.012000
v -0.013566 -0.013427 -0.012000
v -0.012600 -0.014650 -0.012000
v -0.012859 -0.013068 -0.012000
v -0.012190 -0.014481 -0.012000
v -0.012087 -0.012890 -0.012000
v -0.011750 -0.014423 -0.012000
v -0.011294 -0.012905 -0.012000
v -0.011310 -0.014481 -0.012000
v -0.010529 -0.013111 -0.012000
v -0.010900 -0.014650 -0.012000
v -0.009836 -0.013496 -0.012000
v -0.010548 -0.014921 -0.012000
v -0.007598 -0.014872 -0.012000
v -0.000850 -0.018478 -0.012000
v -0.002619 -0.016493 -0.012000
v -0.001202 -0.018748 -0.012000
v -0.001700 -0.019950 -0.012000
v -0.010278 -0.016973 -0.012000
v 0.010548 -0.017325 -0.012000
v 0.010278 -0.016973 -0.012000
v 0.001642 -0.020390 -0.012000
v -0.011750 -0.017823 -0.012000
v -0.012190 -0.017765 -0.012000
v -0.010050 -0.016123 -0.012000
v -0.005172 -0.015879 -0.012000
v -0.010108 -0.015683 -0.012000
v -0.010278 -0.015273 -0.012000
v 0.001700 -0.019950 -0.012000
v 0.010050 -0.016123 -0.012000
v 0.010108 -0.015683 -0.012000
v 0.007598 -0.014872 -0.012000
v 0.010278 -0.015273 -0.012000
v 0.009836 -0.013496 -0.012000
v 0.010548 -0.014921 -0.012000
v 0.010900 -0.014650 -0.012000
v 0.010529 -0.013111 -0.012000
v 0.011294 -0.012905 -0.012000
v 0.001472 -0.020800 -0.012000
v 0.001202 -0.021152 -0.012000
v 0.000850 -0.021422 -0.012000
v 0.000440 -0.021592 -0.012000
v -0.000000 -0.021650 -0.012000
v -0.000440 -0.021592 -0.012000
v -0.000850 -0.021422 -0.012000
v -0.001202 -0.021152 -0.012000
v 0.010108 -0.016563 -0.012000
v 0.001642 -0.019510 -0.012000
v 0.001472 -0.019100 -0.012000
v 0.001202 -0.018748 -0.012000
v 0.011750 -0.017823 -0.012000
v 0.011310 -0.017765 -0.012000
v 0.010900 -0.017595 -0.012000
v 0.011310 -0.017765 -0.013500
v 0.011750 -0.017823 -0.013500
v 0.012190 -0.017765 -0.013500
v 0.012600 -0.017595 -0.013500
v -0.000440 -0.021592 -0.013500
v -0.000000 -0.021650 -0.013500
v 0.012952 -0.017325 -0.013500
v 0.013222 -0.016973 -0.013500
v 0.015000 -0.016123 -0.013500
v 0.000850 -0.021422 -0.013500
v 0.001202 -0.021152 -0.013500
v 0.001472 -0.020800 -0.013500
v 0.001642 -0.020390 -0.013500
v 0.001700 -0.019950 -0.013500
v 0.010900 -0.017595 -0.013500
v -0.001642 -0.020390 -0.013500
v -0.001472 -0.020800 -0.013500
v -0.010548 -0.017325 -0.013500
v -0.013222 -0.016973 -0.013500
v -0.012952 -0.017325 -0.013500
v 0.000440 -0.021592 -0.013500
v -0.001202 -0.021152 -0.013500
v -0.000850 -0.021422 -0.013500
v -0.010900 -0.017595 -0.013500
v -0.011310 -0.017765 -0.013500
v -0.011750 -0.017823 -0.013500
v -0.013392 -0.016563 -0.013500
v -0.015000 -0.016123 -0.013500
v -0.013450 -0.016123 -0.013500
v -0.012600 -0.017595 -0.013500
v -0.012190 -0.017765 -0.013500
v 0.000440 -0.018308 -0.013500
v -0.000000 -0.016700 -0.013500
v 0.000850 -0.018478 -0.013500
v 0.002619 -0.016493 -0.013500
v 0.001202 -0.018748 -0.013500
v 0.001472 -0.019100 -0.013500
v 0.007598 -0.014872 -0.013500
v 0.010108 -0.015683 -0.013500
v 0.005172 -0.015879 -0.013500
v 0.010050 -0.016123 -0.013500
v -0.009836 -0.013496 -0.013500
v -0.007598 -0.014872 -0.013500
v -0.010278 -0.015273 -0.013500
v 0.013392 -0.016563 -0.013500
v 0.013450 -0.016123 -0.013500
v 0.014903 -0.015336 -0.013500
v 0.013392 -0.015683 -0.013500
v 0.014619 -0.014596 -0.013500
v 0.013222 -0.015273 -0.013500
v 0.014164 -0.013947 -0.013500
v 0.012952 -0.014921 -0.013500
v 0.013566 -0.013427 -0.013500
v 0.012600 -0.014650 -0.013500
v 0.012859 -0.013068 -0.013500
v 0.012190 -0.014481 -0.013500
v 0.012087 -0.012890 -0.013500
v 0.011750 -0.014423 -0.013500
v 0.011294 -0.012905 -0.013500
v 0.011310 -0.014481 -0.013500
v 0.010529 -0.013111 -0.013500
v 0.010900 -0.014650 -0.013500
v 0.009836 -0.013496 -0.013500
v 0.010548 -0.014921 -0.013500
v 0.010278 -0.015273 -0.013500
v -0.000000 -0.018250 -0.013500
v -0.000440 -0.018308 -0.013500
v -0.002619 -0.016493 -0.013500
v -0.000850 -0.018478 -0.013500
v -0.001202 -0.018748 -0.013500
v -0.005172 -0.015879 -0.013500
v -0.010050 -0.016123 -0.013500
v -0.010108 -0.015683 -0.013500
v -0.010548 -0.014921 -0.013500
v -0.010900 -0.014650 -0.013500
v -0.010529 -0.013111 -0.013500
v -0.011310 -0.014481 -0.013500
v 0.010108 -0.016563 -0.013500
v 0.001642 -0.019510 -0.013500
v 0.010278 -0.016973 -0.013500
v 0.010548 -0.017325 -0.013500
v -0.010108 -0.016563 -0.013500
v -0.001472 -0.019100 -0.013500
v -0.010278 -0.016973 -0.013500
v -0.001642 -0.019510 -0.013500
v -0.001700 -0.019950 -0.013500
v -0.013392 -0.015683 -0.013500
v -0.014903 -0.015336 -0.013500
v -0.013222 -0.015273 -0.013500
v -0.014619 -0.014596 -0.013500
v -0.012952 -0.014921 -0.013500
v -0.014164 -0.013947 -0.013500
v -0.012600 -0.014650 -0.013500
v -0.013566 -0.013427 -0.013500
v -0.012190 -0.014481 -0.013500
v -0.012859 -0.013068 -0.013500
v -0.011750 -0.014423 -0.013500
v -0.012087 -0.012890 -0.013500
v -0.011294 -0.012905 -0.013500
v -0.014903 -0.015336 -0.012000
v -0.014903 -0.015336 -0.013500
v -0.014619 -0.014596 -0.012000
v -0.014619 -0.014596 -0.013500
v -0.014164 -0.013947 -0.012000
v -0.014164 -0.013947 -0.013500
v -0.013566 -0.013427 -0.012000
v -0.013566 -0.013427 -0.013500
v -0.012859 -0.013068 -0.012000
v -0.012859 -0.013068 -0.013500
v -0.012087 -0.012890 -0.012000
v -0.012087 -0.012890 -0.013500
v -0.011294 -0.012905 -0.012000
v -0.011294 -0.012905 -0.013500
v -0.010529 -0.013111 -0.012000
v -0.010529 -0.013111 -0.013500
v -0.009836 -0.013496 -0.012000
v -0.009836 -0.013496 -0.013500
v -0.007598 -0.014872 -0.013500
v -0.007598 -0.014872 -0.012000
v -0.005172 -0.015879 -0.013500
v -0.005172 -0.015879 -0.012000
v -0.002619 -0.016493 -0.013500
v -0.002619 -0.016493 -0.012000
v -0.000000 -0.016700 -0.013500
v -0.000000 -0.016700 -0.012000
v 0.002619 -0.016493 -0.013500
v 0.002619 -0.016493 -0.012000
v 0.005172 -0.015879 -0.013500
v 0.005172 -0.015879 -0.012000
v 0.007598 -0.014872 -0.013500
v 0.007598 -0.014872 -0.012000
v 0.009836 -0.013496 -0.013500
v 0.009836 -0.013496 -0.012000
v 0.010529 -0.013111 -0.012000
v 0.010529 -0.013111 -0.013500
v 0.011294 -0.012905 -0.012000
v 0.011294 -0.012905 -0.013500
v 0.012087 -0.012890 -0.012000
v 0.012087 -0.012890 -0.013500
v 0.012859 -0.013068 -0.012000
v 0.012859 -0.013068 -0.013500
v 0.013566 -0.013427 -0.012000
v 0.013566 -0.013427 -0.013500
v 0.014164 -0.013947 -0.012000
v 0.014164 -0.013947 -0.013500
v 0.014619 -0.014596 -0.012000
v 0.014619 -0.014596 -0.013500
v 0.014903 -0.015336 -0.012000
v 0.014903 -0.015336 -0.013500
v 0.011750 -0.014423 -0.013500
v 0.011750 -0.014423 -0.012000
v 0.011310 -0.014481 -0.013500
v 0.011310 -0.014481 -0.012000
v 0.010900 -0.014650 -0.013500
v 0.010900 -0.014650 -0.012000
v 0.010548 -0.014921 -0.013500
v 0.010548 -0.014921 -0.012000
v 0.010278 -0.015273 -0.013500
v 0.010278 -0.015273 -0.012000
v 0.010108 -0.015683 -0.013500
v 0.010108 -0.015683 -0.012000
v 0.010050 -0.016123 -0.013500
v 0.010050 -0.016123 -0.012000
v 0.010108 -0.016563 -0.013500
v 0.010108 -0.016563 -0.012000
v 0.010278 -0.016973 -0.013500
v 0.010278 -0.016973 -0.012000
v 0.010548 -0.017325 -0.013500
v 0.010548 -0.017325 -0.012000
v 0.010900 -0.017595 -0.013500
v 0.010900 -0.017595 -0.012000
v 0.011310 -0.017765 -0.013500
v 0.011310 -0.017765 -0.012000
v 0.011750 -0.017823 -0.013500
v 0.011750 -0.017823 -0.012000
v 0.012190 -0.017765 -0.013500
v 0.012190 -0.017765 -0.012000
v 0.012600 -0.017595 -0.013500
v 0.012600 -0.017595 -0.012000
v 0.012952 -0.017325 -0.013500
v 0.012952 -0.017325 -0.012000
v 0.013222 -0.016973 -0.013500
v 0.013222 -0.016973 -0.012000
v 0.013392 -0.016563 -0.013500
v 0.013392 -0.016563 -0.012000
v 0.013450 -0.016123 -0.013500
v 0.013450 -0.016123 -0.012000
v 0.013392 -0.015683 -0.013500
v 0.013392 -0.015683 -0.012000
v 0.013222 -0.015273 -0.013500
v 0.013222 -0.015273 -0.012000
v 0.012952 -0.014921 -0.013500
v 0.012952 -0.014921 -0.012000
v 0.012600 -0.014650 -0.013500
v 0.012600 -0.014650 -0.012000
v 0.012190 -0.014481 -0.013500
v 0.012190 -0.014481 -0.012000
v -0.000000 -0.018250 -0.013500
v -0.000000 -0.018250 -0.012000
v -0.000440 -0.018308 -0.013500
v -0.000440 -0.018308 -0.012000
v -0.000850 -0.018478 -0.013500
v -0.000850 -0.018478 -0.012000
v -0.001202 -0.018748 -0.013500
v -0.001202 -0.018748 -0.012000
v -0.001472 -0.019100 -0.013500
v -0.001472 -0.019100 -0.012000
v -0.001642 -0.019510 -0.013500
v -0.001642 -0.019510 -0.012000
v -0.001700 -0.019950 -0.013500
v -0.001700 -0.019950 -0.012000
v -0.001642 -0.020390 -0.013500
v -0.001642 -0.020390 -0.012000
v -0.001472 -0.020800 -0.013500
v -0.001472 -0.020800 -0.012000
v -0.001202 -0.021152 -0.013500
v -0.001202 -0.021152 -0.012000
v -0.000850 -0.021422 -0.013500
v -0.000850 -0.021422 -0.012000
v -0.000440 -0.021592 -0.013500
v -0.000440 -0.021592 -0.012000
v -0.000000 -0.021650 -0.013500
v -0.000000 -0.021650 -0.012000
v 0.000440 -0.021592 -0.013500
v 0.000440 -0.021592 -0.012000
v 0.000850 -0.021422 -0.013500
v 0.000850 -0.021422 -0.012000
v 0.001202 -0.021152 -0.013500
v 0.001202 -0.021152 -0.012000
v 0.001472 -0.020800 -0.013500
v 0.001472 -0.020800 -0.012000
v 0.001642 -0.020390 -0.013500
v 0.001642 -0.020390 -0.012000
v 0.001700 -0.019950 -0.013500
v 0.001700 -0.019950 -0.012000
v 0.001642 -0.019510 -0.013500
v 0.001642 -0.019510 -0.012000
v 0.001472 -0.019100 -0.013500
v 0.001472 -0.019100 -0.012000
v 0.001202 -0.018748 -0.013500
v 0.001202 -0.018748 -0.012000
v 0.000850 -0.018478 -0.013500
v 0.000850 -0.018478 -0.012000
v 0.000440 -0.018308 -0.013500
v 0.000440 -0.018308 -0.012000
v -0.011750 -0.014423 -0.013500
v -0.011750 -0.014423 -0.012000
v -0.012190 -0.014481 -0.013500
v -0.012190 -0.014481 -0.012000
v -0.012600 -0.014650 -0.013500
v -0.012600 -0.014650 -0.012000
v -0.012952 -0.014921 -0.013500
v -0.012952 -0.014921 -0.012000
v -0.013222 -0.015273 -0.013500
v -0.013222 -0.015273 -0.012000
v -0.013392 -0.015683 -0.013500
v -0.013392 -0.015683 -0.012000
v -0.013450 -0.016123 -0.013500
v -0.013450 -0.016123 -0.012000
v -0.013392 -0.016563 -0.013500
v -0.013392 -0.016563 -0.012000
v -0.013222 -0.016973 -0.013500
v -0.013222 -0.016973 -0.012000
v -0.012952 -0.017325 -0.013500
v -0.012952 -0.017325 -0.012000
v -0.012600 -0.017595 -0.013500
v -0.012600 -0.017595 -0.012000
v -0.012190 -0.017765 -0.013500
v -0.012190 -0.017765 -0.012000
v -0.011750 -0.017823 -0.013500
v -0.011750 -0.017823 -0.012000
v -0.011310 -0.017765 -0.013500
v -0.011310 -0.017765 -0.012000
v -0.010900 -0.017595 -0.013500
v -0.010900 -0.017595 -0.012000
v -0.010548 -0.017325 -0.013500
v -0.010548 -0.017325 -0.012000
v -0.010278 -0.016973 -0.013500
v -0.010278 -0.016973 -0.012000
v -0.010108 -0.016563 -0.013500
v -0.010108 -0.016563 -0.012000
v -0.010050 -0.016123 -0.013500
v -0.010050 -0.016123 -0.012000
v -0.010108 -0.015683 -0.013500
v -0.010108 -0.015683 -0.012000
v -0.010278 -0.015273 -0.013500
v -0.010278 -0.015273 -0.012000
v -0.010548 -0.014921 -0.013500
v -0.010548 -0.014921 -0.012000
v -0.010900 -0.014650 -0.013500
v -0.010900 -0.014650 -0.012000
v -0.011310 -0.014481 -0.013500
v -0.011310 -0.014481 -0.012000
v 0.003800 -0.034300 -0.088000
v 0.003800 -0.035800 -0.088000
v 0.003858 -0.034300 -0.088440
v 0.003858 -0.035800 -0.088440
v 0.004028 -0.034300 -0.088850
v 0.004028 -0.035800 -0.088850
v 0.004298 -0.034300 -0.089202
v 0.004298 -0.035800 -0.089202
v 0.004650 -0.034300 -0.089472
v 0.004650 -0.035800 -0.089472
v 0.005060 -0.034300 -0.089642
v 0.005060 -0.035800 -0.089642
v 0.005500 -0.034300 -0.089700
v 0.005500 -0.035800 -0.089700
v 0.005940 -0.034300 -0.089642
v 0.005940 -0.035800 -0.089642
v 0.006350 -0.034300 -0.089472
v 0.006350 -0.035800 -0.089472
v 0.006702 -0.034300 -0.089202
v 0.006702 -0.035800 -0.089202
v 0.006972 -0.034300 -0.088850
v 0.006972 -0.035800 -0.088850
v 0.007142 -0.034300 -0.088440
v 0.007142 -0.035800 -0.088440
v 0.007200 -0.034300 -0.088000
v 0.007200 -0.035800 -0.088000
v 0.007142 -0.034300 -0.087560
v 0.007142 -0.035800 -0.087560
v 0.006972 -0.034300 -0.087150
v 0.006972 -0.035800 -0.087150
v 0.006702 -0.034300 -0.086798
v 0.006702 -0.035800 -0.086798
v 0.006350 -0.034300 -0.086528
v 0.006350 -0.035800 -0.086528
v 0.005940 -0.034300 -0.086358
v 0.005940 -0.035800 -0.086358
v 0.005500 -0.034300 -0.086300
v 0.005500 -0.035800 -0.086300
v 0.005060 -0.034300 -0.086358
v 0.005060 -0.035800 -0.086358
v 0.004650 -0.034300 -0.086528
v 0.004650 -0.035800 -0.086528
v 0.004298 -0.034300 -0.086798
v 0.004298 -0.035800 -0.086798
v 0.004028 -0.034300 -0.087150
v 0.004028 -0.035800 -0.087150
v 0.003858 -0.034300 -0.087560
v 0.003858 -0.035800 -0.087560
v -0.007200 -0.034300 -0.088000
v -0.007200 -0.035800 -0.088000
v -0.007142 -0.034300 -0.088440
v -0.007142 -0.035800 -0.088440
v -0.006972 -0.034300 -0.088850
v -0.006972 -0.035800 -0.088850
v -0.006702 -0.034300 -0.089202
v -0.006702 -0.035800 -0.089202
v -0.006350 -0.034300 -0.089472
v -0.006350 -0.035800 -0.089472
v -0.005940 -0.034300 -0.089642
v -0.005940 -0.035800 -0.089642
v -0.005500 -0.034300 -0.089700
v -0.005500 -0.035800 -0.089700
v -0.005060 -0.034300 -0.089642
v -0.005060 -0.035800 -0.089642
v -0.004650 -0.034300 -0.089472
v -0.004650 -0.035800 -0.089472
v -0.004298 -0.034300 -0.089202
v -0.004298 -0.035800 -0.089202
v -0.004028 -0.034300 -0.088850
v -0.004028 -0.035800 -0.088850
v -0.003858 -0.034300 -0.088440
v -0.003858 -0.035800 -0.088440
v -0.003800 -0.034300 -0.088000
v -0.003800 -0.035800 -0.088000
v -0.003858 -0.034300 -0.087560
v -0.003858 -0.035800 -0.087560
v -0.004028 -0.034300 -0.087150
v -0.004028 -0.035800 -0.087150
v -0.004298 -0.034300 -0.086798
v -0.004298 -0.035800 -0.086798
v -0.004650 -0.034300 -0.086528
v -0.004650 -0.035800 -0.086528
v -0.005060 -0.034300 -0.086358
v -0.005060 -0.035800 -0.086358
v -0.005500 -0.034300 -0.086300
v -0.005500 -0.035800 -0.086300
v -0.005940 -0.034300 -0.086358
v -0.005940 -0.035800 -0.086358
v -0.006350 -0.034300 -0.086528
v -0.006350 -0.035800 -0.086528
v -0.006702 -0.034300 -0.086798
v -0.006702 -0.035800 -0.086798
v -0.006972 -0.034300 -0.087150
v -0.006972 -0.035800 -0.087150
v -0.007142 -0.034300 -0.087560
v -0.007142 -0.035800 -0.087560
v 0.015000 0.028800 -0.015000
v 0.015000 0.030300 -0.015000
v 0.015000 0.028749 -0.014612
v 0.015000 0.030198 -0.014224
v 0.015000 0.028599 -0.014250
v 0.015000 0.029898 -0.013500
v 0.015000 0.028361 -0.013939
v 0.015000 0.029421 -0.012879
v 0.015000 0.028050 -0.013701
v 0.015000 0.028800 -0.012402
v 0.015000 0.027688 -0.013551
v 0.015000 0.028076 -0.012102
v 0.015000 0.027300 -0.013500
v 0.015000 0.027300 -0.012000
v -0.015000 0.027300 -0.012000
v 0.015000 0.027300 -0.012000
v 0.015000 0.028076 -0.012102
v -0.015000 0.028076 -0.012102
v 0.015000 0.028800 -0.012402
v -0.015000 0.028800 -0.012402
v 0.015000 0.029421 -0.012879
v -0.015000 0.029421 -0.012879
v 0.015000 0.029898 -0.013500
v -0.015000 0.029898 -0.013500
v 0.015000 0.030198 -0.014224
v -0.015000 0.030198 -0.014224
v 0.015000 0.030300 -0.015000
v -0.015000 0.030300 -0.015000
v -0.015000 0.027300 -0.013500
v -0.015000 0.027300 -0.012000
v -0.015000 0.027688 -0.013551
v -0.015000 0.028076 -0.012102
v -0.015000 0.028050 -0.013701
v -0.015000 0.028800 -0.012402
v -0.015000 0.028361 -0.013939
v -0.015000 0.029421 -0.012879
v -0.015000 0.028599 -0.014250
v -0.015000 0.029898 -0.013500
v -0.015000 0.028749 -0.014612
v -0.015000 0.030198 -0.014224
v -0.015000 0.028800 -0.015000
v -0.015000 0.030300 -0.015000
v -0.006702 0.030300 -0.064459
v -0.006350 0.030300 -0.064730
v -0.015000 0.030300 -0.071757
v -0.005940 0.030300 -0.061615
v -0.006350 0.030300 -0.061785
v -0.005940 0.030300 -0.064899
v -0.005500 0.030300 -0.064957
v -0.005060 0.030300 -0.064899
v 0.006350 0.030300 -0.064730
v 0.015000 0.030300 -0.071757
v 0.005940 0.030300 -0.064899
v 0.005500 0.030300 -0.064957
v 0.006702 0.030300 -0.064459
v 0.006972 0.030300 -0.064107
v 0.007142 0.030300 -0.063697
v 0.007200 0.030300 -0.063257
v 0.007142 0.030300 -0.062817
v 0.006972 0.030300 -0.062407
v 0.006702 0.030300 -0.062055
v -0.007200 0.030300 -0.063257
v -0.007142 0.030300 -0.063697
v -0.006972 0.030300 -0.064107
v 0.004650 0.030300 -0.064730
v -0.004650 0.030300 -0.064730
v 0.004298 0.030300 -0.064459
v 0.004028 0.030300 -0.064107
v 0.005060 0.030300 -0.064899
v -0.006702 0.030300 -0.062055
v -0.006972 0.030300 -0.062407
v -0.007142 0.030300 -0.062817
v -0.004298 0.030300 -0.064459
v -0.004028 0.030300 -0.064107
v -0.003858 0.030300 -0.063697
v 0.006350 0.030300 -0.061785
v 0.005940 0.030300 -0.061615
v 0.005500 0.030300 -0.061557
v -0.005060 0.030300 -0.061615
v -0.005500 0.030300 -0.061557
v -0.003800 0.030300 -0.063257
v -0.003858 0.030300 -0.062817
v 0.005060 0.030300 -0.061615
v -0.004028 0.030300 -0.062407
v -0.004298 0.030300 -0.062055
v -0.004650 0.030300 -0.061785
v 0.004650 0.030300 -0.061785
v 0.004298 0.030300 -0.062055
v 0.004028 0.030300 -0.062407
v 0.003858 0.030300 -0.062817
v 0.003800 0.030300 -0.063257
v 0.003858 0.030300 -0.063697
v -0.005940 0.028800 -0.064899
v -0.006350 0.028800 -0.064730
v -0.015000 0.028800 -0.071757
v 0.006702 0.028800 -0.064459
v 0.006350 0.028800 -0.064730
v 0.015000 0.028800 -0.071757
v -0.004298 0.028800 -0.064459
v -0.004650 0.028800 -0.064730
v 0.004028 0.028800 -0.064107
v -0.006702 0.028800 -0.064459
v -0.006972 0.028800 -0.064107
v -0.007142 0.028800 -0.063697
v -0.006702 0.028800 -0.062055
v -0.006350 0.028800 -0.061785
v -0.015000 0.028800 -0.015000
v 0.004298 0.028800 -0.064459
v 0.005940 0.028800 -0.064899
v 0.005500 0.028800 -0.064957
v 0.005060 0.028800 -0.064899
v 0.004650 0.028800 -0.064730
v -0.005060 0.028800 -0.064899
v -0.005500 0.028800 -0.064957
v 0.004028 0.028800 -0.062407
v 0.004298 0.028800 -0.062055
v -0.007200 0.028800 -0.063257
v -0.007142 0.028800 -0.062817
v -0.006972 0.028800 -0.062407
v 0.005940 0.028800 -0.061615
v 0.006350 0.028800 -0.061785
v 0.015000 0.028800 -0.015000
v -0.005060 0.028800 -0.061615
v -0.004650 0.028800 -0.061785
v 0.003800 0.028800 -0.063257
v -0.004298 0.028800 -0.062055
v -0.004028 0.028800 -0.062407
v 0.007200 0.028800 -0.063257
v 0.007142 0.028800 -0.063697
v 0.006972 0.028800 -0.064107
v 0.003858 0.028800 -0.062817
v -0.005500 0.028800 -0.061557
v -0.005940 0.028800 -0.061615
v 0.006702 0.028800 -0.062055
v 0.006972 0.028800 -0.062407
v 0.007142 0.028800 -0.062817
v 0.004650 0.028800 -0.061785
v 0.005060 0.028800 -0.061615
v 0.005500 0.028800 -0.061557
v -0.003858 0.028800 -0.062817
v -0.003800 0.028800 -0.063257
v 0.003858 0.028800 -0.063697
v -0.003858 0.028800 -0.063697
v -0.004028 0.028800 -0.064107
v 0.015000 0.030300 -0.071757
v 0.015000 0.028800 -0.071757
v -0.015000 0.030739 -0.072818
v -0.015000 0.029679 -0.073879
v -0.015000 0.030501 -0.072507
v -0.015000 0.029202 -0.073257
v -0.015000 0.030351 -0.072146
v -0.015000 0.028902 -0.072534
v -0.015000 0.030300 -0.071757
v -0.015000 0.028800 -0.071757
v 0.015000 0.030739 -0.072818
v 0.015000 0.034921 -0.077000
v -0.015000 0.030739 -0.072818
v -0.015000 0.034921 -0.077000
v 0.015000 0.029679 -0.073879
v -0.015000 0.029679 -0.073879
v 0.015000 0.033861 -0.078061
v -0.015000 0.033861 -0.078061
v -0.015000 0.033861 -0.078061
v -0.015000 0.034921 -0.077000
v 0.015000 0.030739 -0.072818
v 0.015000 0.029679 -0.073879
v 0.015000 0.034921 -0.077000
v 0.015000 0.033861 -0.078061
v 0.015000 0.029202 -0.073257
v -0.015000 0.029202 -0.073257
v 0.015000 0.028902 -0.072534
v -0.015000 0.028902 -0.072534
v -0.015000 0.030351 -0.072146
v 0.015000 0.030351 -0.072146
v -0.015000 0.030501 -0.072507
v 0.015000 0.030501 -0.072507
v 0.015000 0.034300 -0.079121
v 0.015000 0.035800 -0.079121
v 0.015000 0.034249 -0.078733
v 0.015000 0.035698 -0.078345
v 0.015000 0.034099 -0.078371
v 0.015000 0.035398 -0.077621
v -0.015000 0.034099 -0.078371
v -0.015000 0.035398 -0.077621
v -0.015000 0.034249 -0.078733
v -0.015000 0.035698 -0.078345
v -0.015000 0.034300 -0.079121
v -0.015000 0.035800 -0.079121
v 0.015000 0.034099 -0.078371
v -0.015000 0.034099 -0.078371
v 0.015000 0.034249 -0.078733
v -0.015000 0.034249 -0.078733
v 0.015000 0.034300 -0.079121
v -0.015000 0.034300 -0.079121
v 0.015000 0.035800 -0.079121
v -0.015000 0.035800 -0.079121
v -0.015000 0.035698 -0.078345
v 0.015000 0.035698 -0.078345
v -0.015000 0.035398 -0.077621
v 0.015000 0.035398 -0.077621
v 0.015000 0.034300 -0.105500
v 0.015000 0.035800 -0.105500
v -0.015000 0.035800 -0.105500
v -0.015000 0.034300 -0.105500
v -0.007142 0.034300 -0.087560
v -0.006972 0.034300 -0.087150
v -0.006702 0.034300 -0.086798
v -0.006350 0.034300 -0.086528
v -0.005940 0.034300 -0.086358
v 0.004028 0.034300 -0.087150
v 0.004298 0.034300 -0.086798
v 0.004650 0.034300 -0.086528
v 0.006350 0.034300 -0.089472
v 0.015000 0.034300 -0.105500
v 0.006702 0.034300 -0.089202
v 0.006972 0.034300 -0.088850
v 0.003858 0.034300 -0.087560
v -0.005060 0.034300 -0.086358
v -0.005500 0.034300 -0.086300
v 0.005060 0.034300 -0.086358
v 0.005500 0.034300 -0.086300
v 0.005940 0.034300 -0.086358
v 0.006350 0.034300 -0.086528
v 0.006702 0.034300 -0.086798
v 0.006972 0.034300 -0.087150
v 0.007142 0.034300 -0.087560
v 0.007200 0.034300 -0.088000
v 0.007142 0.034300 -0.088440
v -0.004650 0.034300 -0.089472
v 0.011422 0.034300 -0.116285
v 0.012500 0.034300 -0.114250
v 0.005940 0.034300 -0.089642
v 0.005500 0.034300 -0.089700
v 0.005060 0.034300 -0.089642
v -0.004298 0.034300 -0.086798
v -0.004028 0.034300 -0.087150
v 0.003800 0.034300 -0.088000
v 0.004650 0.034300 -0.089472
v 0.004298 0.034300 -0.089202
v -0.004028 0.034300 -0.088850
v 0.004028 0.034300 -0.088850
v 0.003858 0.034300 -0.088440
v -0.015000 0.034300 -0.105500
v -0.006350 0.034300 -0.089472
v -0.006702 0.034300 -0.089202
v -0.006972 0.034300 -0.088850
v -0.007142 0.034300 -0.088440
v -0.007200 0.034300 -0.088000
v -0.004650 0.034300 -0.086528
v 0.014840 0.034300 -0.107797
v -0.004298 0.034300 -0.089202
v 0.014363 0.034300 -0.110050
v 0.013578 0.034300 -0.112215
v -0.014363 0.034300 -0.110050
v -0.013578 0.034300 -0.112215
v -0.005940 0.034300 -0.089642
v -0.003858 0.034300 -0.087560
v -0.003800 0.034300 -0.088000
v -0.003858 0.034300 -0.088440
v -0.012500 0.034300 -0.114250
v -0.006068 0.034300 -0.116092
v -0.005018 0.034300 -0.114926
v -0.005500 0.034300 -0.089700
v -0.005060 0.034300 -0.089642
v -0.014840 0.034300 -0.107797
v -0.003750 0.034300 -0.114005
v -0.002318 0.034300 -0.113367
v -0.000784 0.034300 -0.113041
v 0.000784 0.034300 -0.113041
v 0.003750 0.034300 -0.126995
v 0.006667 0.034300 -0.129236
v 0.005018 0.034300 -0.126074
v 0.007803 0.034300 -0.128303
v 0.006068 0.034300 -0.124908
v 0.005018 0.034300 -0.114926
v 0.003750 0.034300 -0.114005
v 0.002318 0.034300 -0.113367
v -0.006852 0.034300 -0.123551
v -0.009429 0.034300 -0.125870
v -0.006068 0.034300 -0.124908
v -0.008736 0.034300 -0.127167
v -0.005018 0.034300 -0.126074
v -0.006852 0.034300 -0.117449
v -0.011422 0.034300 -0.116285
v -0.007336 0.034300 -0.118941
v -0.010637 0.034300 -0.118450
v -0.007500 0.034300 -0.120500
v -0.010160 0.034300 -0.120703
v -0.007336 0.034300 -0.122059
v -0.010000 0.034300 -0.123000
v -0.009856 0.034300 -0.124463
v -0.007803 0.034300 -0.128303
v -0.006667 0.034300 -0.129236
v -0.003750 0.034300 -0.126995
v -0.005370 0.034300 -0.129929
v -0.002318 0.034300 -0.127633
v -0.003963 0.034300 -0.130356
v -0.000784 0.034300 -0.127959
v -0.002500 0.034300 -0.130500
v 0.000784 0.034300 -0.127959
v 0.002500 0.034300 -0.130500
v 0.002318 0.034300 -0.127633
v 0.003963 0.034300 -0.130356
v 0.005370 0.034300 -0.129929
v 0.006068 0.034300 -0.116092
v 0.006852 0.034300 -0.117449
v 0.010637 0.034300 -0.118450
v 0.007336 0.034300 -0.118941
v 0.010160 0.034300 -0.120703
v 0.007500 0.034300 -0.120500
v 0.010000 0.034300 -0.123000
v 0.007336 0.034300 -0.122059
v 0.009856 0.034300 -0.124463
v 0.006852 0.034300 -0.123551
v 0.009429 0.034300 -0.125870
v 0.008736 0.034300 -0.127167
v -0.005940 0.035800 -0.086358
v -0.006350 0.035800 -0.086528
v -0.006702 0.035800 -0.086798
v -0.006972 0.035800 -0.087150
v -0.004650 0.035800 -0.086528
v -0.005060 0.035800 -0.086358
v 0.004028 0.035800 -0.087150
v -0.004650 0.035800 -0.089472
v -0.004298 0.035800 -0.089202
v -0.005060 0.035800 -0.089642
v 0.003858 0.035800 -0.088440
v 0.004028 0.035800 -0.088850
v 0.015000 0.035800 -0.105500
v 0.006350 0.035800 -0.089472
v 0.006702 0.035800 -0.089202
v 0.007142 0.035800 -0.087560
v 0.006972 0.035800 -0.087150
v 0.006702 0.035800 -0.086798
v 0.006350 0.035800 -0.086528
v 0.003800 0.035800 -0.088000
v 0.006972 0.035800 -0.088850
v 0.007142 0.035800 -0.088440
v 0.007200 0.035800 -0.088000
v -0.005500 0.035800 -0.086300
v -0.007142 0.035800 -0.087560
v -0.007200 0.035800 -0.088000
v -0.015000 0.035800 -0.105500
v -0.004028 0.035800 -0.088850
v -0.003858 0.035800 -0.088440
v 0.004298 0.035800 -0.086798
v -0.003800 0.035800 -0.088000
v 0.004650 0.035800 -0.086528
v 0.005060 0.035800 -0.086358
v 0.003858 0.035800 -0.087560
v -0.007142 0.035800 -0.088440
v -0.006972 0.035800 -0.088850
v -0.006702 0.035800 -0.089202
v 0.004650 0.035800 -0.089472
v -0.011422 0.035800 -0.116285
v -0.012500 0.035800 -0.114250
v 0.005940 0.035800 -0.086358
v 0.005500 0.035800 -0.086300
v -0.006350 0.035800 -0.089472
v -0.005940 0.035800 -0.089642
v -0.005500 0.035800 -0.089700
v 0.014363 0.035800 -0.110050
v 0.013578 0.035800 -0.112215
v 0.005940 0.035800 -0.089642
v -0.003858 0.035800 -0.087560
v -0.004028 0.035800 -0.087150
v -0.004298 0.035800 -0.086798
v -0.014840 0.035800 -0.107797
v 0.004298 0.035800 -0.089202
v -0.014363 0.035800 -0.110050
v -0.013578 0.035800 -0.112215
v 0.005018 0.035800 -0.126074
v 0.006068 0.035800 -0.124908
v 0.008736 0.035800 -0.127167
v 0.014840 0.035800 -0.107797
v 0.012500 0.035800 -0.114250
v 0.005018 0.035800 -0.114926
v 0.005500 0.035800 -0.089700
v 0.005060 0.035800 -0.089642
v 0.003750 0.035800 -0.114005
v 0.002318 0.035800 -0.113367
v 0.000784 0.035800 -0.113041
v -0.000784 0.035800 -0.113041
v 0.009429 0.035800 -0.125870
v 0.006852 0.035800 -0.123551
v 0.009856 0.035800 -0.124463
v 0.010000 0.035800 -0.123000
v 0.007336 0.035800 -0.122059
v 0.010160 0.035800 -0.120703
v 0.007500 0.035800 -0.120500
v 0.010637 0.035800 -0.118450
v 0.007336 0.035800 -0.118941
v 0.011422 0.035800 -0.116285
v 0.006852 0.035800 -0.117449
v 0.006068 0.035800 -0.116092
v 0.007803 0.035800 -0.128303
v 0.006667 0.035800 -0.129236
v 0.003750 0.035800 -0.126995
v 0.005370 0.035800 -0.129929
v 0.002318 0.035800 -0.127633
v 0.003963 0.035800 -0.130356
v 0.000784 0.035800 -0.127959
v 0.002500 0.035800 -0.130500
v -0.000784 0.035800 -0.127959
v -0.002500 0.035800 -0.130500
v -0.002318 0.035800 -0.127633
v -0.003963 0.035800 -0.130356
v -0.003750 0.035800 -0.126995
v -0.002318 0.035800 -0.113367
v -0.003750 0.035800 -0.114005
v -0.005018 0.035800 -0.114926
v -0.005370 0.035800 -0.129929
v -0.006667 0.035800 -0.129236
v -0.005018 0.035800 -0.126074
v -0.007803 0.035800 -0.128303
v -0.006068 0.035800 -0.124908
v -0.006068 0.035800 -0.116092
v -0.006852 0.035800 -0.117449
v -0.010637 0.035800 -0.118450
v -0.007336 0.035800 -0.118941
v -0.010160 0.035800 -0.120703
v -0.007500 0.035800 -0.120500
v -0.010000 0.035800 -0.123000
v -0.007336 0.035800 -0.122059
v -0.009856 0.035800 -0.124463
v -0.006852 0.035800 -0.123551
v -0.009429 0.035800 -0.125870
v -0.008736 0.035800 -0.127167
v -0.007500 0.034300 -0.120500
v -0.007500 0.035800 -0.120500
v -0.007336 0.034300 -0.118941
v -0.007336 0.035800 -0.118941
v -0.006852 0.034300 -0.117449
v -0.006852 0.035800 -0.117449
v -0.006068 0.034300 -0.116092
v -0.006068 0.035800 -0.116092
v -0.005018 0.034300 -0.114926
v -0.005018 0.035800 -0.114926
v -0.003750 0.034300 -0.114005
v -0.003750 0.035800 -0.114005
v -0.002318 0.034300 -0.113367
v -0.002318 0.035800 -0.113367
v -0.000784 0.034300 -0.113041
v -0.000784 0.035800 -0.113041
v 0.000784 0.034300 -0.113041
v 0.000784 0.035800 -0.113041
v 0.002318 0.034300 -0.113367
v 0.002318 0.035800 -0.113367
v 0.003750 0.034300 -0.114005
v 0.003750 0.035800 -0.114005
v 0.005018 0.034300 -0.114926
v 0.005018 0.035800 -0.114926
v 0.006068 0.034300 -0.116092
v 0.006068 0.035800 -0.116092
v 0.006852 0.034300 -0.117449
v 0.006852 0.035800 -0.117449
v 0.007336 0.034300 -0.118941
v 0.007336 0.035800 -0.118941
v 0.007500 0.034300 -0.120500
v 0.007500 0.035800 -0.120500
v 0.007336 0.034300 -0.122059
v 0.007336 0.035800 -0.122059
v 0.006852 0.034300 -0.123551
v 0.006852 0.035800 -0.123551
v 0.006068 0.034300 -0.124908
v 0.006068 0.035800 -0.124908
v 0.005018 0.034300 -0.126074
v 0.005018 0.035800 -0.126074
v 0.003750 0.034300 -0.126995
v 0.003750 0.035800 -0.126995
v 0.002318 0.034300 -0.127633
v 0.002318 0.035800 -0.127633
v 0.000784 0.034300 -0.127959
v 0.000784 0.035800 -0.127959
v -0.000784 0.034300 -0.127959
v -0.000784 0.035800 -0.127959
v -0.002318 0.034300 -0.127633
v -0.002318 0.035800 -0.127633
v -0.003750 0.034300 -0.126995
v -0.003750 0.035800 -0.126995
v -0.005018 0.034300 -0.126074
v -0.005018 0.035800 -0.126074
v -0.006068 0.034300 -0.124908
v -0.006068 0.035800 -0.124908
v -0.006852 0.034300 -0.123551
v -0.006852 0.035800 -0.123551
v -0.007336 0.034300 -0.122059
v -0.007336 0.035800 -0.122059
v -0.014840 0.035800 -0.107797
v -0.014840 0.034300 -0.107797
v -0.014363 0.035800 -0.110050
v -0.014363 0.034300 -0.110050
v -0.013578 0.035800 -0.112215
v -0.013578 0.034300 -0.112215
v -0.012500 0.035800 -0.114250
v -0.012500 0.034300 -0.114250
v 0.012500 0.034300 -0.114250
v 0.012500 0.035800 -0.114250
v 0.013578 0.035800 -0.112215
v 0.013578 0.034300 -0.112215
v 0.014363 0.035800 -0.110050
v 0.014363 0.034300 -0.110050
v 0.014840 0.035800 -0.107797
v 0.014840 0.034300 -0.107797
v 0.010000 0.034300 -0.123000
v 0.010000 0.035800 -0.123000
v 0.010160 0.034300 -0.120703
v 0.010160 0.035800 -0.120703
v 0.010637 0.034300 -0.118450
v 0.010637 0.035800 -0.118450
v 0.011422 0.034300 -0.116285
v 0.011422 0.035800 -0.116285
v 0.002500 0.034300 -0.130500
v 0.002500 0.035800 -0.130500
v 0.003963 0.035800 -0.130356
v 0.003963 0.034300 -0.130356
v 0.005370 0.035800 -0.129929
v 0.005370 0.034300 -0.129929
v 0.006667 0.035800 -0.129236
v 0.006667 0.034300 -0.129236
v 0.007803 0.035800 -0.128303
v 0.007803 0.034300 -0.128303
v 0.008736 0.035800 -0.127167
v 0.008736 0.034300 -0.127167
v 0.009429 0.035800 -0.125870
v 0.009429 0.034300 -0.125870
v 0.009856 0.035800 -0.124463
v 0.009856 0.034300 -0.124463
v -0.002500 0.035800 -0.130500
v -0.002500 0.034300 -0.130500
v -0.010000 0.034300 -0.123000
v -0.010000 0.035800 -0.123000
v -0.009856 0.035800 -0.124463
v -0.009856 0.034300 -0.124463
v -0.009429 0.035800 -0.125870
v -0.009429 0.034300 -0.125870
v -0.008736 0.035800 -0.127167
v -0.008736 0.034300 -0.127167
v -0.007803 0.035800 -0.128303
v -0.007803 0.034300 -0.128303
v -0.006667 0.035800 -0.129236
v -0.006667 0.034300 -0.129236
v -0.005370 0.035800 -0.129929
v -0.005370 0.034300 -0.129929
v -0.003963 0.035800 -0.130356
v -0.003963 0.034300 -0.130356
v -0.011422 0.034300 -0.116285
v -0.011422 0.035800 -0.116285
v -0.010637 0.034300 -0.118450
v -0.010637 0.035800 -0.118450
v -0.010160 0.034300 -0.120703
v -0.010160 0.035800 -0.120703
v -0.015000 0.028749 -0.014612
v 0.015000 0.028749 -0.014612
v -0.015000 0.028599 -0.014250
v 0.015000 0.028599 -0.014250
v -0.015000 0.028361 -0.013939
v 0.015000 0.028361 -0.013939
v -0.015000 0.028050 -0.013701
v 0.015000 0.028050 -0.013701
v -0.015000 0.027688 -0.013551
v 0.015000 0.027688 -0.013551
v -0.015000 0.027300 -0.013500
v 0.015000 0.027300 -0.013500
v 0.015000 0.016123 -0.012000
v 0.015000 0.016123 -0.013500
v -0.015000 0.016123 -0.013500
v -0.015000 0.016123 -0.012000
v 0.015000 0.016123 -0.012000
v 0.013222 0.016973 -0.012000
v 0.012190 0.017765 -0.012000
v 0.012600 0.017595 -0.012000
v 0.012952 0.017325 -0.012000
v 0.013392 0.016563 -0.012000
v 0.013450 0.016123 -0.012000
v 0.014903 0.015336 -0.012000
v 0.013392 0.015683 -0.012000
v 0.014619 0.014596 -0.012000
v 0.013222 0.015273 -0.012000
v 0.014164 0.013947 -0.012000
v 0.012952 0.014921 -0.012000
v 0.013566 0.013427 -0.012000
v 0.012600 0.014650 -0.012000
v 0.012859 0.013068 -0.012000
v 0.012190 0.014481 -0.012000
v 0.012087 0.012890 -0.012000
v 0.011750 0.014423 -0.012000
v 0.011294 0.012905 -0.012000
v 0.011310 0.014481 -0.012000
v 0.010529 0.013111 -0.012000
v 0.010900 0.014650 -0.012000
v 0.009836 0.013496 -0.012000
v 0.010548 0.014921 -0.012000
v 0.007857 0.014736 -0.012000
v -0.011750 0.017823 -0.012000
v -0.011310 0.017765 -0.012000
v -0.010108 0.015683 -0.012000
v -0.010278 0.015273 -0.012000
v -0.007857 0.014736 -0.012000
v -0.015000 0.016123 -0.012000
v -0.013450 0.016123 -0.012000
v -0.013392 0.016563 -0.012000
v 0.010900 0.017595 -0.012000
v 0.011310 0.017765 -0.012000
v 0.011750 0.017823 -0.012000
v -0.013222 0.016973 -0.012000
v -0.012952 0.017325 -0.012000
v 0.010278 0.015273 -0.012000
v 0.010108 0.015683 -0.012000
v 0.005725 0.015688 -0.012000
v 0.010050 0.016123 -0.012000
v 0.001472 0.019100 -0.012000
v 0.001202 0.018748 -0.012000
v 0.003480 0.016333 -0.012000
v -0.009836 0.013496 -0.012000
v -0.012600 0.017595 -0.012000
v -0.012190 0.017765 -0.012000
v -0.000850 0.021422 -0.012000
v -0.001202 0.021152 -0.012000
v -0.001472 0.020800 -0.012000
v -0.010050 0.016123 -0.012000
v -0.005725 0.015688 -0.012000
v -0.003480 0.016333 -0.012000
v 0.001168 0.016659 -0.012000
v 0.010278 0.016973 -0.012000
v 0.010548 0.017325 -0.012000
v 0.000850 0.021422 -0.012000
v 0.000440 0.021592 -0.012000
v -0.000000 0.021650 -0.012000
v -0.000440 0.021592 -0.012000
v -0.010900 0.017595 -0.012000
v -0.001700 0.019950 -0.012000
v -0.010548 0.017325 -0.012000
v -0.010278 0.016973 -0.012000
v -0.001642 0.020390 -0.012000
v -0.010548 0.014921 -0.012000
v -0.010900 0.014650 -0.012000
v -0.010529 0.013111 -0.012000
v -0.011310 0.014481 -0.012000
v -0.013392 0.015683 -0.012000
v -0.014903 0.015336 -0.012000
v -0.013222 0.015273 -0.012000
v -0.014619 0.014596 -0.012000
v -0.012952 0.014921 -0.012000
v -0.014164 0.013947 -0.012000
v -0.012600 0.014650 -0.012000
v -0.013566 0.013427 -0.012000
v -0.012190 0.014481 -0.012000
v -0.012859 0.013068 -0.012000
v -0.011750 0.014423 -0.012000
v -0.012087 0.012890 -0.012000
v -0.011294 0.012905 -0.012000
v 0.001202 0.021152 -0.012000
v 0.001472 0.020800 -0.012000
v 0.001642 0.020390 -0.012000
v 0.000850 0.018478 -0.012000
v 0.000440 0.018308 -0.012000
v -0.001168 0.016659 -0.012000
v -0.000000 0.018250 -0.012000
v -0.000440 0.018308 -0.012000
v -0.000850 0.018478 -0.012000
v -0.001202 0.018748 -0.012000
v -0.001472 0.019100 -0.012000
v -0.010108 0.016563 -0.012000
v 0.001700 0.019950 -0.012000
v 0.001642 0.019510 -0.012000
v 0.010108 0.016563 -0.012000
v -0.001642 0.019510 -0.012000
v -0.000440 0.018308 -0.013500
v -0.000000 0.018250 -0.013500
v -0.001168 0.016659 -0.013500
v 0.009836 0.013496 -0.013500
v 0.010548 0.014921 -0.013500
v 0.010900 0.014650 -0.013500
v 0.010529 0.013111 -0.013500
v 0.011310 0.014481 -0.013500
v 0.011294 0.012905 -0.013500
v 0.010278 0.015273 -0.013500
v 0.007857 0.014736 -0.013500
v 0.010108 0.015683 -0.013500
v 0.000440 0.021592 -0.013500
v -0.000000 0.021650 -0.013500
v 0.010050 0.016123 -0.013500
v 0.005725 0.015688 -0.013500
v 0.003480 0.016333 -0.013500
v -0.015000 0.016123 -0.013500
v -0.013222 0.016973 -0.013500
v 0.012087 0.012890 -0.013500
v 0.011750 0.014423 -0.013500
v 0.012859 0.013068 -0.013500
v 0.012190 0.014481 -0.013500
v 0.013566 0.013427 -0.013500
v 0.012600 0.014650 -0.013500
v 0.014164 0.013947 -0.013500
v 0.012952 0.014921 -0.013500
v 0.014619 0.014596 -0.013500
v 0.013222 0.015273 -0.013500
v 0.014903 0.015336 -0.013500
v 0.013392 0.015683 -0.013500
v 0.015000 0.016123 -0.013500
v 0.001168 0.016659 -0.013500
v -0.007857 0.014736 -0.013500
v -0.010108 0.015683 -0.013500
v -0.005725 0.015688 -0.013500
v -0.010050 0.016123 -0.013500
v -0.003480 0.016333 -0.013500
v -0.000440 0.021592 -0.013500
v -0.000850 0.021422 -0.013500
v -0.001202 0.021152 -0.013500
v -0.001472 0.019100 -0.013500
v -0.001202 0.018748 -0.013500
v -0.012190 0.017765 -0.013500
v -0.011750 0.017823 -0.013500
v -0.011310 0.017765 -0.013500
v -0.013392 0.016563 -0.013500
v -0.013450 0.016123 -0.013500
v -0.014903 0.015336 -0.013500
v -0.013392 0.015683 -0.013500
v -0.014619 0.014596 -0.013500
v -0.013222 0.015273 -0.013500
v -0.014164 0.013947 -0.013500
v -0.012952 0.014921 -0.013500
v -0.013566 0.013427 -0.013500
v -0.012600 0.014650 -0.013500
v -0.012859 0.013068 -0.013500
v -0.012190 0.014481 -0.013500
v -0.012087 0.012890 -0.013500
v -0.011750 0.014423 -0.013500
v -0.011294 0.012905 -0.013500
v -0.011310 0.014481 -0.013500
v -0.010529 0.013111 -0.013500
v -0.010900 0.014650 -0.013500
v -0.009836 0.013496 -0.013500
v -0.010548 0.014921 -0.013500
v -0.010278 0.015273 -0.013500
v 0.013222 0.016973 -0.013500
v 0.013392 0.016563 -0.013500
v 0.013450 0.016123 -0.013500
v 0.012952 0.017325 -0.013500
v 0.012600 0.017595 -0.013500
v 0.012190 0.017765 -0.013500
v -0.001472 0.020800 -0.013500
v -0.001642 0.020390 -0.013500
v -0.001700 0.019950 -0.013500
v -0.010900 0.017595 -0.013500
v -0.000850 0.018478 -0.013500
v -0.012600 0.017595 -0.013500
v -0.012952 0.017325 -0.013500
v 0.011750 0.017823 -0.013500
v 0.011310 0.017765 -0.013500
v 0.010900 0.017595 -0.013500
v 0.000850 0.021422 -0.013500
v 0.010548 0.017325 -0.013500
v 0.010278 0.016973 -0.013500
v -0.010108 0.016563 -0.013500
v -0.001642 0.019510 -0.013500
v -0.010278 0.016973 -0.013500
v -0.010548 0.017325 -0.013500
v 0.001472 0.019100 -0.013500
v 0.001642 0.019510 -0.013500
v 0.001700 0.019950 -0.013500
v 0.001642 0.020390 -0.013500
v 0.001472 0.020800 -0.013500
v 0.001202 0.021152 -0.013500
v 0.000440 0.018308 -0.013500
v 0.000850 0.018478 -0.013500
v 0.001202 0.018748 -0.013500
v 0.010108 0.016563 -0.013500
v -0.009836 0.013496 -0.013500
v -0.009836 0.013496 -0.012000
v -0.010529 0.013111 -0.012000
v -0.010529 0.013111 -0.013500
v -0.011294 0.012905 -0.012000
v -0.011294 0.012905 -0.013500
v -0.012087 0.012890 -0.012000
v -0.012087 0.012890 -0.013500
v -0.012859 0.013068 -0.012000
v -0.012859 0.013068 -0.013500
v -0.013566 0.013427 -0.012000
v -0.013566 0.013427 -0.013500
v -0.014164 0.013947 -0.012000
v -0.014164 0.013947 -0.013500
v -0.014619 0.014596 -0.012000
v -0.014619 0.014596 -0.013500
v -0.014903 0.015336 -0.012000
v -0.014903 0.015336 -0.013500
v 0.009836 0.013496 -0.013500
v 0.009836 0.013496 -0.012000
v 0.007857 0.014736 -0.013500
v 0.007857 0.014736 -0.012000
v 0.005725 0.015688 -0.013500
v 0.005725 0.015688 -0.012000
v 0.003480 0.016333 -0.013500
v 0.003480 0.016333 -0.012000
v 0.001168 0.016659 -0.013500
v 0.001168 0.016659 -0.012000
v -0.001168 0.016659 -0.013500
v -0.001168 0.016659 -0.012000
v -0.003480 0.016333 -0.013500
v -0.003480 0.016333 -0.012000
v -0.005725 0.015688 -0.013500
v -0.005725 0.015688 -0.012000
v -0.007857 0.014736 -0.013500
v -0.007857 0.014736 -0.012000
v 0.014903 0.015336 -0.012000
v 0.014903 0.015336 -0.013500
v 0.014619 0.014596 -0.012000
v 0.014619 0.014596 -0.013500
v 0.014164 0.013947 -0.012000
v 0.014164 0.013947 -0.013500
v 0.013566 0.013427 -0.012000
v 0.013566 0.013427 -0.013500
v 0.012859 0.013068 -0.012000
v 0.012859 0.013068 -0.013500
v 0.012087 0.012890 -0.012000
v 0.012087 0.012890 -0.013500
v 0.011294 0.012905 -0.012000
v 0.011294 0.012905 -0.013500
v 0.010529 0.013111 -0.012000
v 0.010529 0.013111 -0.013500
v 0.011750 0.014423 -0.013500
v 0.011750 0.014423 -0.012000
v 0.012190 0.014481 -0.013500
v 0.012190 0.014481 -0.012000
v 0.012600 0.014650 -0.013500
v 0.012600 0.014650 -0.012000
v 0.012952 0.014921 -0.013500
v 0.012952 0.014921 -0.012000
v 0.013222 0.015273 -0.013500
v 0.013222 0.015273 -0.012000
v 0.013392 0.015683 -0.013500
v 0.013392 0.015683 -0.012000
v 0.013450 0.016123 -0.013500
v 0.013450 0.016123 -0.012000
v 0.013392 0.016563 -0.013500
v 0.013392 0.016563 -0.012000
v 0.013222 0.016973 -0.013500
v 0.013222 0.016973 -0.012000
v 0.012952 0.017325 -0.013500
v 0.012952 0.017325 -0.012000
v 0.012600 0.017595 -0.013500
v 0.012600 0.017595 -0.012000
v 0.012190 0.017765 -0.013500
v 0.012190 0.017765 -0.012000
v 0.011750 0.017823 -0.013500
v 0.011750 0.017823 -0.012000
v 0.011310 0.017765 -0.013500
v 0.011310 0.017765 -0.012000
v 0.010900 0.017595 -0.013500
v 0.010900 0.017595 -0.012000
v 0.010548 0.017325 -0.013500
v 0.010548 0.017325 -0.012000
v 0.010278 0.016973 -0.013500
v 0.010278 0.016973 -0.012000
v 0.010108 0.016563 -0.013500
v 0.010108 0.016563 -0.012000
v 0.010050 0.016123 -0.013500
v 0.010050 0.016123 -0.012000
v 0.010108 0.015683 -0.013500
v 0.010108 0.015683 -0.012000
v 0.010278 0.015273 -0.013500
v 0.010278 0.015273 -0.012000
v 0.010548 0.014921 -0.013500
v 0.010548 0.014921 -0.012000
v 0.010900 0.014650 -0.013500
v 0.010900 0.014650 -0.012000
v 0.011310 0.014481 -0.013500
v 0.011310 0.014481 -0.012000
v -0.000000 0.018250 -0.013500
v -0.000000 0.018250 -0.012000
v 0.000440 0.018308 -0.013500
v 0.000440 0.018308 -0.012000
v 0.000850 0.018478 -0.013500
v 0.000850 0.018478 -0.012000
v 0.001202 0.018748 -0.013500
v 0.001202 0.018748 -0.012000
v 0.001472 0.019100 -0.013500
v 0.001472 0.019100 -0.012000
v 0.001642 0.019510 -0.013500
v 0.001642 0.019510 -0.012000
v 0.001700 0.019950 -0.013500
v 0.001700 0.019950 -0.012000
v 0.001642 0.020390 -0.013500
v 0.001642 0.020390 -0.012000
v 0.001472 0.020800 -0.013500
v 0.001472 0.020800 -0.012000
v 0.001202 0.021152 -0.013500
v 0.001202 0.021152 -0.012000
v 0.000850 0.021422 -0.013500
v 0.000850 0.021422 -0.012000
v 0.000440 0.021592 -0.013500
v 0.000440 0.021592 -0.012000
v -0.000000 0.021650 -0.013500
v -0.000000 0.021650 -0.012000
v -0.000440 0.021592 -0.013500
v -0.000440 0.021592 -0.012000
v -0.000850 0.021422 -0.013500
v -0.000850 0.021422 -0.012000
v -0.001202 0.021152 -0.013500
v -0.001202 0.021152 -0.012000
v -0.001472 0.020800 -0.013500
v -0.001472 0.020800 -0.012000
v -0.001642 0.020390 -0.013500
v -0.001642 0.020390 -0.012000
v -0.001700 0.019950 -0.013500
v -0.001700 0.019950 -0.012000
v -0.001642 0.019510 -0.013500
v -0.001642 0.019510 -0.012000
v -0.001472 0.019100 -0.013500
v -0.001472 0.019100 -0.012000
v -0.001202 0.018748 -0.013500
v -0.001202 0.018748 -0.012000
v -0.000850 0.018478 -0.013500
v -0.000850 0.018478 -0.012000
v -0.000440 0.018308 -0.013500
v -0.000440 0.018308 -0.012000
v -0.011750 0.014423 -0.013500
v -0.011750 0.014423 -0.012000
v -0.011310 0.014481 -0.013500
v -0.011310 0.014481 -0.012000
v -0.010900 0.014650 -0.013500
v -0.010900 0.014650 -0.012000
v -0.010548 0.014921 -0.013500
v -0.010548 0.014921 -0.012000
v -0.010278 0.015273 -0.013500
v -0.010278 0.015273 -0.012000
v -0.010108 0.015683 -0.013500
v -0.010108 0.015683 -0.012000
v -0.010050 0.016123 -0.013500
v -0.010050 0.016123 -0.012000
v -0.010108 0.016563 -0.013500
v -0.010108 0.016563 -0.012000
v -0.010278 0.016973 -0.013500
v -0.010278 0.016973 -0.012000
v -0.010548 0.017325 -0.013500
v -0.010548 0.017325 -0.012000
v -0.010900 0.017595 -0.013500
v -0.010900 0.017595 -0.012000
v -0.011310 0.017765 -0.013500
v -0.011310 0.017765 -0.012000
v -0.011750 0.017823 -0.013500
v -0.011750 0.017823 -0.012000
v -0.012190 0.017765 -0.013500
v -0.012190 0.017765 -0.012000
v -0.012600 0.017595 -0.013500
v -0.012600 0.017595 -0.012000
v -0.012952 0.017325 -0.013500
v -0.012952 0.017325 -0.012000
v -0.013222 0.016973 -0.013500
v -0.013222 0.016973 -0.012000
v -0.013392 0.016563 -0.013500
v -0.013392 0.016563 -0.012000
v -0.013450 0.016123 -0.013500
v -0.013450 0.016123 -0.012000
v -0.013392 0.015683 -0.013500
v -0.013392 0.015683 -0.012000
v -0.013222 0.015273 -0.013500
v -0.013222 0.015273 -0.012000
v -0.012952 0.014921 -0.013500
v -0.012952 0.014921 -0.012000
v -0.012600 0.014650 -0.013500
v -0.012600 0.014650 -0.012000
v -0.012190 0.014481 -0.013500
v -0.012190 0.014481 -0.012000
v 0.003800 0.034300 -0.088000
v 0.003800 0.035800 -0.088000
v 0.003858 0.034300 -0.087560
v 0.003858 0.035800 -0.087560
v 0.004028 0.034300 -0.087150
v 0.004028 0.035800 -0.087150
v 0.004298 0.034300 -0.086798
v 0.004298 0.035800 -0.086798
v 0.004650 0.034300 -0.086528
v 0.004650 0.035800 -0.086528
v 0.005060 0.034300 -0.086358
v 0.005060 0.035800 -0.086358
v 0.005500 0.034300 -0.086300
v 0.005500 0.035800 -0.086300
v 0.005940 0.034300 -0.086358
v 0.005940 0.035800 -0.086358
v 0.006350 0.034300 -0.086528
v 0.006350 0.035800 -0.086528
v 0.006702 0.034300 -0.086798
v 0.006702 0.035800 -0.086798
v 0.006972 0.034300 -0.087150
v 0.006972 0.035800 -0.087150
v 0.007142 0.034300 -0.087560
v 0.007142 0.035800 -0.087560
v 0.007200 0.034300 -0.088000
v 0.007200 0.035800 -0.088000
v 0.007142 0.034300 -0.088440
v 0.007142 0.035800 -0.088440
v 0.006972 0.034300 -0.088850
v 0.006972 0.035800 -0.088850
v 0.006702 0.034300 -0.089202
v 0.006702 0.035800 -0.089202
v 0.006350 0.034300 -0.089472
v 0.006350 0.035800 -0.089472
v 0.005940 0.034300 -0.089642
v 0.005940 0.035800 -0.089642
v 0.005500 0.034300 -0.089700
v 0.005500 0.035800 -0.089700
v 0.005060 0.034300 -0.089642
v 0.005060 0.035800 -0.089642
v 0.004650 0.034300 -0.089472
v 0.004650 0.035800 -0.089472
v 0.004298 0.034300 -0.089202
v 0.004298 0.035800 -0.089202
v 0.004028 0.034300 -0.088850
v 0.004028 0.035800 -0.088850
v 0.003858 0.034300 -0.088440
v 0.003858 0.035800 -0.088440
v -0.007200 0.034300 -0.088000
v -0.007200 0.035800 -0.088000
v -0.007142 0.034300 -0.087560
v -0.007142 0.035800 -0.087560
v -0.006972 0.034300 -0.087150
v -0.006972 0.035800 -0.087150
v -0.006702 0.034300 -0.086798
v -0.006702 0.035800 -0.086798
v -0.006350 0.034300 -0.086528
v -0.006350 0.035800 -0.086528
v -0.005940 0.034300 -0.086358
v -0.005940 0.035800 -0.086358
v -0.005500 0.034300 -0.086300
v -0.005500 0.035800 -0.086300
v -0.005060 0.034300 -0.086358
v -0.005060 0.035800 -0.086358
v -0.004650 0.034300 -0.086528
v -0.004650 0.035800 -0.086528
v -0.004298 0.034300 -0.086798
v -0.004298 0.035800 -0.086798
v -0.004028 0.034300 -0.087150
v -0.004028 0.035800 -0.087150
v -0.003858 0.034300 -0.087560
v -0.003858 0.035800 -0.087560
v -0.003800 0.034300 -0.088000
v -0.003800 0.035800 -0.088000
v -0.003858 0.034300 -0.088440
v -0.003858 0.035800 -0.088440
v -0.004028 0.034300 -0.088850
v -0.004028 0.035800 -0.088850
v -0.004298 0.034300 -0.089202
v -0.004298 0.035800 -0.089202
v -0.004650 0.034300 -0.089472
v -0.004650 0.035800 -0.089472
v -0.005060 0.034300 -0.089642
v -0.005060 0.035800 -0.089642
v -0.005500 0.034300 -0.089700
v -0.005500 0.035800 -0.089700
v -0.005940 0.034300 -0.089642
v -0.005940 0.035800 -0.089642
v -0.006350 0.034300 -0.089472
v -0.006350 0.035800 -0.089472
v -0.006702 0.034300 -0.089202
v -0.006702 0.035800 -0.089202
v -0.006972 0.034300 -0.088850
v -0.006972 0.035800 -0.088850
v -0.007142 0.034300 -0.088440
v -0.007142 0.035800 -0.088440
v 0.015000 0.030351 -0.072146
v 0.015000 0.028902 -0.072534
v 0.015000 0.030501 -0.072507
v 0.015000 0.029202 -0.073257
v 0.007200 0.028800 -0.063257
v 0.007200 0.030300 -0.063257
v 0.007142 0.028800 -0.063697
v 0.007142 0.030300 -0.063697
v 0.006972 0.028800 -0.064107
v 0.006972 0.030300 -0.064107
v 0.006702 0.028800 -0.064459
v 0.006702 0.030300 -0.064459
v 0.006350 0.028800 -0.064730
v 0.006350 0.030300 -0.064730
v 0.005940 0.028800 -0.064899
v 0.005940 0.030300 -0.064899
v 0.005500 0.028800 -0.064957
v 0.005500 0.030300 -0.064957
v 0.005060 0.028800 -0.064899
v 0.005060 0.030300 -0.064899
v 0.004650 0.028800 -0.064730
v 0.004650 0.030300 -0.064730
v 0.004298 0.028800 -0.064459
v 0.004298 0.030300 -0.064459
v 0.004028 0.028800 -0.064107
v 0.004028 0.030300 -0.064107
v 0.003858 0.028800 -0.063697
v 0.003858 0.030300 -0.063697
v 0.003800 0.028800 -0.063257
v 0.003800 0.030300 -0.063257
v 0.003858 0.028800 -0.062817
v 0.003858 0.030300 -0.062817
v 0.004028 0.028800 -0.062407
v 0.004028 0.030300 -0.062407
v 0.004298 0.028800 -0.062055
v 0.004298 0.030300 -0.062055
v 0.004650 0.028800 -0.061785
v 0.004650 0.030300 -0.061785
v 0.005060 0.028800 -0.061615
v 0.005060 0.030300 -0.061615
v 0.005500 0.028800 -0.061557
v 0.005500 0.030300 -0.061557
v 0.005940 0.028800 -0.061615
v 0.005940 0.030300 -0.061615
v 0.006350 0.028800 -0.061785
v 0.006350 0.030300 -0.061785
v 0.006702 0.028800 -0.062055
v 0.006702 0.030300 -0.062055
v 0.006972 0.028800 -0.062407
v 0.006972 0.030300 -0.062407
v 0.007142 0.028800 -0.062817
v 0.007142 0.030300 -0.062817
v -0.003800 0.028800 -0.063257
v -0.003800 0.030300 -0.063257
v -0.003858 0.028800 -0.063697
v -0.003858 0.030300 -0.063697
v -0.004028 0.028800 -0.064107
v -0.004028 0.030300 -0.064107
v -0.004298 0.028800 -0.064459
v -0.004298 0.030300 -0.064459
v -0.004650 0.028800 -0.064730
v -0.004650 0.030300 -0.064730
v -0.005060 0.028800 -0.064899
v -0.005060 0.030300 -0.064899
v -0.005500 0.028800 -0.064957
v -0.005500 0.030300 -0.064957
v -0.005940 0.028800 -0.064899
v -0.005940 0.030300 -0.064899
v -0.006350 0.028800 -0.064730
v -0.006350 0.030300 -0.064730
v -0.006702 0.028800 -0.064459
v -0.006702 0.030300 -0.064459
v -0.006972 0.028800 -0.064107
v -0.006972 0.030300 -0.064107
v -0.007142 0.028800 -0.063697
v -0.007142 0.030300 -0.063697
v -0.007200 0.028800 -0.063257
v -0.007200 0.030300 -0.063257
v -0.007142 0.028800 -0.062817
v -0.007142 0.030300 -0.062817
v -0.006972 0.028800 -0.062407
v -0.006972 0.030300 -0.062407
v -0.006702 0.028800 -0.062055
v -0.006702 0.030300 -0.062055
v -0.006350 0.028800 -0.061785
v -0.006350 0.030300 -0.061785
v -0.005940 0.028800 -0.061615
v -0.005940 0.030300 -0.061615
v -0.005500 0.028800 -0.061557
v -0.005500 0.030300 -0.061557
v -0.005060 0.028800 -0.061615
v -0.005060 0.030300 -0.061615
v -0.004650 0.028800 -0.061785
v -0.004650 0.030300 -0.061785
v -0.004298 0.028800 -0.062055
v -0.004298 0.030300 -0.062055
v -0.004028 0.028800 -0.062407
v -0.004028 0.030300 -0.062407
v -0.003858 0.028800 -0.062817
v -0.003858 0.030300 -0.062817
v 0.004125 0.027300 -0.060876
v 0.004788 0.027300 -0.060601
v 0.004276 0.027300 -0.057895
v 0.007445 0.027300 -0.061313
v 0.007882 0.027300 -0.061882
v 0.012000 0.027300 -0.057757
v 0.005500 0.027300 -0.057757
v 0.005500 0.027300 -0.060507
v 0.006212 0.027300 -0.060601
v 0.006875 0.027300 -0.060876
v 0.005500 0.027300 -0.068757
v 0.005500 0.027300 -0.066007
v 0.004276 0.027300 -0.068619
v 0.004788 0.027300 -0.065914
v 0.003114 0.027300 -0.068213
v 0.004125 0.027300 -0.065639
v 0.002071 0.027300 -0.067557
v 0.003555 0.027300 -0.065202
v 0.001200 0.027300 -0.066687
v 0.003118 0.027300 -0.064632
v 0.003114 0.027300 -0.058302
v 0.002071 0.027300 -0.058957
v 0.003555 0.027300 -0.061313
v 0.001200 0.027300 -0.059828
v 0.003118 0.027300 -0.061882
v 0.000545 0.027300 -0.060871
v 0.002844 0.027300 -0.062546
v 0.000138 0.027300 -0.062034
v 0.002750 0.027300 -0.063257
v -0.000000 0.027300 -0.063257
v 0.002844 0.027300 -0.063969
v 0.000138 0.027300 -0.064481
v 0.000545 0.027300 -0.065644
v 0.008156 0.027300 -0.062546
v 0.008250 0.027300 -0.063257
v 0.012000 0.027300 -0.068757
v 0.008156 0.027300 -0.063969
v 0.007882 0.027300 -0.064632
v 0.007445 0.027300 -0.065202
v 0.006875 0.027300 -0.065639
v 0.006212 0.027300 -0.065914
v 0.005500 0.027300 -0.057757
v 0.012000 0.027300 -0.057757
v 0.005500 0.028800 -0.057757
v 0.012000 0.028800 -0.057757
v 0.005500 0.028800 -0.068757
v 0.012000 0.028800 -0.068757
v 0.005500 0.027300 -0.068757
v 0.012000 0.027300 -0.068757
v 0.006125 0.028800 -0.064340
v 0.006384 0.028800 -0.064141
v 0.012000 0.028800 -0.068757
v 0.006583 0.028800 -0.063882
v 0.006707 0.028800 -0.063581
v 0.006750 0.028800 -0.063257
v 0.012000 0.028800 -0.057757
v 0.006707 0.028800 -0.062934
v 0.006583 0.028800 -0.062632
v 0.006384 0.028800 -0.062374
v 0.006125 0.028800 -0.062175
v 0.005500 0.028800 -0.057757
v 0.005824 0.028800 -0.064465
v 0.005500 0.028800 -0.068757
v 0.005500 0.028800 -0.064507
v 0.004417 0.028800 -0.062632
v 0.001200 0.028800 -0.059828
v 0.004616 0.028800 -0.062374
v 0.002071 0.028800 -0.058957
v 0.004875 0.028800 -0.062175
v 0.003114 0.028800 -0.058302
v 0.005176 0.028800 -0.062050
v 0.004276 0.028800 -0.057895
v 0.005500 0.028800 -0.062007
v 0.005824 0.028800 -0.062050
v 0.004616 0.028800 -0.064141
v 0.001200 0.028800 -0.066687
v 0.004417 0.028800 -0.063882
v 0.000545 0.028800 -0.065644
v 0.004293 0.028800 -0.063581
v 0.000138 0.028800 -0.064481
v 0.004250 0.028800 -0.063257
v -0.000000 0.028800 -0.063257
v 0.004293 0.028800 -0.062934
v 0.000138 0.028800 -0.062034
v 0.000545 0.028800 -0.060871
v 0.005176 0.028800 -0.064465
v 0.004276 0.028800 -0.068619
v 0.004875 0.028800 -0.064340
v 0.003114 0.028800 -0.068213
v 0.002071 0.028800 -0.067557
v 0.013500 -0.031300 -0.093500
v 0.013500 -0.031300 -0.082500
v 0.013500 -0.028421 -0.093500
v 0.013500 -0.030550 -0.082500
v 0.013500 -0.028033 -0.093449
v 0.013500 -0.027671 -0.093299
v 0.013500 -0.029679 -0.073879
v 0.013500 -0.029330 -0.073459
v 0.013500 0.018300 -0.071323
v 0.013500 -0.033861 -0.078061
v 0.013500 0.019902 -0.059981
v 0.013500 0.020202 -0.059257
v 0.013500 0.025050 -0.068757
v 0.013500 0.020679 -0.058636
v 0.013500 0.021300 -0.058159
v 0.013500 0.025800 -0.057757
v 0.013500 0.025800 -0.068757
v 0.013500 0.022800 -0.057757
v 0.013500 0.022024 -0.057860
v 0.013500 -0.034300 -0.080500
v 0.013500 -0.034300 -0.079121
v 0.013500 0.019050 -0.071122
v 0.013500 0.014679 -0.080379
v 0.013500 0.018688 -0.071272
v 0.013500 0.014057 -0.079902
v 0.013500 0.019361 -0.070884
v 0.013500 0.025050 -0.070257
v 0.013500 0.019599 -0.070573
v 0.013500 0.030550 -0.081000
v 0.013500 0.030550 -0.082500
v 0.013500 0.031300 -0.082500
v 0.013500 0.031300 -0.093500
v 0.013500 0.028421 -0.093500
v 0.013500 0.028033 -0.093449
v 0.013500 0.013334 -0.079602
v 0.013500 0.012557 -0.079500
v 0.013500 -0.012557 -0.079500
v 0.013500 -0.030550 -0.081000
v 0.013500 -0.013143 -0.079558
v 0.013500 -0.013705 -0.079728
v 0.013500 0.019749 -0.070211
v 0.013500 0.019800 -0.069823
v 0.013500 0.019800 -0.060757
v 0.013500 0.027671 -0.093299
v 0.013500 0.027361 -0.093061
v 0.013500 -0.033800 -0.081000
v 0.013500 -0.033929 -0.080983
v 0.013500 -0.034233 -0.080750
v 0.013500 -0.034050 -0.080933
v 0.013500 -0.034154 -0.080854
v 0.013500 -0.034249 -0.078733
v 0.013500 -0.034099 -0.078371
v 0.013500 -0.034283 -0.080629
v 0.013500 -0.014224 -0.080006
v 0.013500 -0.014679 -0.080379
v 0.013500 -0.027361 -0.093061
v 0.013500 0.029202 -0.073257
v 0.013500 0.029679 -0.073879
v 0.013500 0.033800 -0.081000
v 0.013500 0.033861 -0.078061
v 0.013500 -0.029062 -0.072984
v 0.013500 -0.028885 -0.072468
v 0.013500 -0.027428 -0.071323
v 0.013500 -0.028771 -0.072156
v 0.013500 -0.027758 -0.071360
v 0.013500 -0.028592 -0.071876
v 0.013500 -0.028072 -0.071468
v 0.013500 -0.028355 -0.071643
v 0.013500 0.028429 -0.070274
v 0.013500 0.028800 -0.070757
v 0.013500 0.028300 -0.070257
v 0.013500 0.028800 -0.071757
v 0.013500 0.028902 -0.072534
v 0.013500 0.028550 -0.070324
v 0.013500 0.028654 -0.070404
v 0.013500 0.028783 -0.070628
v 0.013500 0.028733 -0.070507
v 0.013500 0.034283 -0.080629
v 0.013500 0.034233 -0.080750
v 0.013500 0.034154 -0.080854
v 0.013500 0.033929 -0.080983
v 0.013500 0.034050 -0.080933
v 0.013500 0.034099 -0.078371
v 0.013500 0.034249 -0.078733
v 0.013500 0.034300 -0.079121
v 0.013500 0.034300 -0.080500
v 0.015000 -0.030550 -0.082500
v 0.015000 -0.031300 -0.082500
v 0.015000 -0.031300 -0.093500
v 0.015000 0.031300 -0.093500
v 0.015000 0.031300 -0.082500
v 0.015000 0.028421 -0.093500
v 0.015000 0.030550 -0.082500
v 0.015000 0.028033 -0.093449
v 0.015000 -0.033800 -0.081000
v 0.015000 -0.030550 -0.081000
v 0.015000 -0.034300 -0.080500
v 0.015000 -0.028421 -0.093500
v 0.015000 -0.028033 -0.093449
v 0.015000 -0.027671 -0.093299
v 0.015000 -0.029062 -0.072984
v 0.015000 -0.029330 -0.073459
v 0.015000 0.019749 -0.070211
v 0.015000 0.028902 -0.072534
v 0.015000 0.028800 -0.071757
v 0.015000 0.019361 -0.070884
v 0.015000 0.027361 -0.093061
v 0.015000 0.027671 -0.093299
v 0.015000 0.034249 -0.078733
v 0.015000 0.034099 -0.078371
v 0.015000 0.033861 -0.078061
v 0.015000 0.025800 -0.068757
v 0.015000 0.025800 -0.057757
v 0.015000 0.025050 -0.068757
v 0.015000 0.022800 -0.057757
v 0.015000 0.019599 -0.070573
v 0.015000 0.030550 -0.081000
v 0.015000 0.018300 -0.071323
v 0.015000 0.013334 -0.079602
v 0.015000 0.018688 -0.071272
v 0.015000 0.014057 -0.079902
v 0.015000 0.019050 -0.071122
v 0.015000 0.014679 -0.080379
v 0.015000 0.020679 -0.058636
v 0.015000 0.020202 -0.059257
v 0.015000 -0.014679 -0.080379
v 0.015000 -0.014224 -0.080006
v 0.015000 -0.027428 -0.071323
v 0.015000 -0.013705 -0.079728
v 0.015000 0.033800 -0.081000
v 0.015000 0.029679 -0.073879
v 0.015000 0.029202 -0.073257
v 0.015000 0.022024 -0.057860
v 0.015000 0.021300 -0.058159
v 0.015000 0.019800 -0.069823
v 0.015000 0.025050 -0.070257
v 0.015000 0.019800 -0.060757
v 0.015000 0.019902 -0.059981
v 0.015000 -0.029679 -0.073879
v 0.015000 -0.033861 -0.078061
v 0.015000 -0.034099 -0.078371
v 0.015000 -0.034233 -0.080750
v 0.015000 -0.034154 -0.080854
v 0.015000 -0.034050 -0.080933
v 0.015000 -0.013143 -0.079558
v 0.015000 -0.012557 -0.079500
v 0.015000 0.012557 -0.079500
v 0.015000 -0.028885 -0.072468
v 0.015000 -0.028771 -0.072156
v 0.015000 -0.027758 -0.071360
v 0.015000 -0.028592 -0.071876
v 0.015000 -0.028072 -0.071468
v 0.015000 -0.028355 -0.071643
v 0.015000 -0.034249 -0.078733
v 0.015000 -0.034300 -0.079121
v 0.015000 -0.034283 -0.080629
v 0.015000 -0.033929 -0.080983
v 0.015000 -0.027361 -0.093061
v 0.015000 0.028300 -0.070257
v 0.015000 0.028800 -0.070757
v 0.015000 0.028429 -0.070274
v 0.015000 0.028550 -0.070324
v 0.015000 0.034233 -0.080750
v 0.015000 0.034154 -0.080854
v 0.015000 0.033929 -0.080983
v 0.015000 0.034050 -0.080933
v 0.015000 0.028654 -0.070404
v 0.015000 0.028783 -0.070628
v 0.015000 0.028733 -0.070507
v 0.015000 0.034283 -0.080629
v 0.015000 0.034300 -0.080500
v 0.015000 0.034300 -0.079121
v 0.015000 -0.034300 -0.080500
v 0.015000 -0.034300 -0.079121
v 0.013500 -0.034300 -0.080500
v 0.013500 -0.034300 -0.079121
v 0.015000 -0.034249 -0.078733
v 0.013500 -0.034249 -0.078733
v 0.015000 -0.034099 -0.078371
v 0.013500 -0.034099 -0.078371
v 0.015000 -0.033861 -0.078061
v 0.013500 -0.033861 -0.078061
v 0.013500 -0.029679 -0.073879
v 0.015000 -0.029679 -0.073879
v 0.013500 -0.029330 -0.073459
v 0.015000 -0.029330 -0.073459
v 0.013500 -0.029062 -0.072984
v 0.015000 -0.029062 -0.072984
v 0.013500 -0.028885 -0.072468
v 0.015000 -0.028885 -0.072468
v 0.013500 0.019800 -0.060757
v 0.013500 0.019800 -0.069823
v 0.015000 0.019800 -0.060757
v 0.015000 0.019800 -0.069823
v 0.015000 0.028800 -0.070757
v 0.015000 0.028800 -0.071757
v 0.013500 0.028800 -0.070757
v 0.013500 0.028800 -0.071757
v 0.013500 0.028902 -0.072534
v 0.015000 0.028902 -0.072534
v 0.013500 0.029202 -0.073257
v 0.015000 0.029202 -0.073257
v 0.013500 0.029679 -0.073879
v 0.015000 0.029679 -0.073879
v 0.013500 0.033861 -0.078061
v 0.015000 0.033861 -0.078061
v 0.015000 0.034099 -0.078371
v 0.013500 0.034099 -0.078371
v 0.015000 0.034249 -0.078733
v 0.013500 0.034249 -0.078733
v 0.015000 0.034300 -0.079121
v 0.013500 0.034300 -0.079121
v 0.013500 0.034300 -0.080500
v 0.015000 0.034300 -0.080500
v 0.015000 0.022800 -0.057757
v 0.015000 0.025800 -0.057757
v 0.013500 0.022800 -0.057757
v 0.013500 0.025800 -0.057757
v 0.015000 0.025050 -0.068757
v 0.013500 0.025050 -0.068757
v 0.015000 0.025800 -0.068757
v 0.013500 0.025800 -0.068757
v 0.015000 0.025050 -0.068757
v 0.015000 0.025050 -0.070257
v 0.013500 0.025050 -0.068757
v 0.013500 0.025050 -0.070257
v 0.013500 0.028300 -0.070257
v 0.013500 0.025050 -0.070257
v 0.015000 0.028300 -0.070257
v 0.015000 0.025050 -0.070257
v 0.015000 0.028421 -0.093500
v 0.013500 0.028421 -0.093500
v 0.015000 0.031300 -0.093500
v 0.013500 0.031300 -0.093500
v 0.013500 -0.028421 -0.093500
v 0.015000 -0.028421 -0.093500
v 0.013500 -0.031300 -0.093500
v 0.015000 -0.031300 -0.093500
v 0.015000 -0.014679 -0.080379
v 0.015000 -0.027361 -0.093061
v 0.013500 -0.014679 -0.080379
v 0.013500 -0.027361 -0.093061
v 0.013500 0.014679 -0.080379
v 0.013500 0.027361 -0.093061
v 0.015000 0.014679 -0.080379
v 0.015000 0.027361 -0.093061
v 0.004616 -0.034300 -0.087116
v 0.004875 -0.034300 -0.086918
v 0.003114 -0.034300 -0.083045
v 0.004276 -0.034300 -0.082638
v 0.005176 -0.034300 -0.086793
v 0.005500 -0.034300 -0.082500
v 0.006384 -0.034300 -0.087116
v 0.006583 -0.034300 -0.087375
v 0.012000 -0.034300 -0.082500
v 0.006583 -0.034300 -0.088625
v 0.006384 -0.034300 -0.088884
v 0.012000 -0.034300 -0.093500
v 0.006125 -0.034300 -0.089083
v 0.005500 -0.034300 -0.093500
v 0.005500 -0.034300 -0.086750
v 0.005824 -0.034300 -0.086793
v 0.006125 -0.034300 -0.086918
v 0.006707 -0.034300 -0.087677
v 0.006750 -0.034300 -0.088000
v 0.006707 -0.034300 -0.088324
v 0.005824 -0.034300 -0.089207
v 0.005500 -0.034300 -0.089250
v 0.004276 -0.034300 -0.093362
v 0.005176 -0.034300 -0.089207
v 0.003114 -0.034300 -0.092955
v 0.004875 -0.034300 -0.089083
v 0.002071 -0.034300 -0.092300
v 0.004616 -0.034300 -0.088884
v 0.002071 -0.034300 -0.083700
v 0.001200 -0.034300 -0.084571
v 0.004417 -0.034300 -0.087375
v 0.000545 -0.034300 -0.085614
v 0.004293 -0.034300 -0.087677
v 0.000138 -0.034300 -0.086776
v 0.004250 -0.034300 -0.088000
v -0.000000 -0.034300 -0.088000
v 0.004293 -0.034300 -0.088324
v 0.000138 -0.034300 -0.089224
v 0.004417 -0.034300 -0.088625
v 0.000545 -0.034300 -0.090386
v 0.001200 -0.034300 -0.091429
v 0.005500 -0.032800 -0.093500
v 0.005500 -0.032800 -0.090750
v 0.006212 -0.032800 -0.090656
v 0.007882 -0.032800 -0.086625
v 0.007445 -0.032800 -0.086056
v 0.012000 -0.032800 -0.082500
v 0.006875 -0.032800 -0.085618
v 0.005500 -0.032800 -0.082500
v 0.012000 -0.032800 -0.093500
v 0.003118 -0.032800 -0.086625
v 0.001200 -0.032800 -0.084571
v 0.003555 -0.032800 -0.086056
v 0.002071 -0.032800 -0.083700
v 0.004125 -0.032800 -0.085618
v 0.003114 -0.032800 -0.083045
v 0.004788 -0.032800 -0.085344
v 0.004276 -0.032800 -0.082638
v 0.005500 -0.032800 -0.085250
v 0.006212 -0.032800 -0.085344
v 0.006875 -0.032800 -0.090382
v 0.007445 -0.032800 -0.089945
v 0.007882 -0.032800 -0.089375
v 0.004125 -0.032800 -0.090382
v 0.002071 -0.032800 -0.092300
v 0.003555 -0.032800 -0.089945
v 0.001200 -0.032800 -0.091429
v 0.003118 -0.032800 -0.089375
v 0.000545 -0.032800 -0.090386
v 0.002844 -0.032800 -0.088712
v 0.000138 -0.032800 -0.089224
v 0.002750 -0.032800 -0.088000
v -0.000000 -0.032800 -0.088000
v 0.002844 -0.032800 -0.087288
v 0.000138 -0.032800 -0.086776
v 0.000545 -0.032800 -0.085614
v 0.004788 -0.032800 -0.090656
v 0.004276 -0.032800 -0.093362
v 0.003114 -0.032800 -0.092955
v 0.008156 -0.032800 -0.088712
v 0.008250 -0.032800 -0.088000
v 0.008156 -0.032800 -0.087288
v 0.005500 -0.032800 -0.093500
v 0.012000 -0.032800 -0.093500
v 0.005500 -0.034300 -0.093500
v 0.012000 -0.034300 -0.093500
v 0.005500 -0.034300 -0.082500
v 0.012000 -0.034300 -0.082500
v 0.005500 -0.032800 -0.082500
v 0.012000 -0.032800 -0.082500
v 0.013500 -0.033800 -0.081000
v 0.013500 -0.030550 -0.081000
v 0.015000 -0.033800 -0.081000
v 0.015000 -0.030550 -0.081000
v 0.015000 -0.030550 -0.082500
v 0.015000 -0.030550 -0.081000
v 0.013500 -0.030550 -0.082500
v 0.013500 -0.030550 -0.081000
v 0.015000 -0.030550 -0.082500
v 0.013500 -0.030550 -0.082500
v 0.015000 -0.031300 -0.082500
v 0.013500 -0.031300 -0.082500
v 0.015000 -0.027428 -0.071323
v 0.015000 0.018300 -0.071323
v 0.013500 -0.027428 -0.071323
v 0.013500 0.018300 -0.071323
v 0.013500 0.018688 -0.071272
v 0.015000 0.018688 -0.071272
v 0.013500 0.019050 -0.071122
v 0.015000 0.019050 -0.071122
v 0.013500 0.019361 -0.070884
v 0.015000 0.019361 -0.070884
v 0.013500 0.019599 -0.070573
v 0.015000 0.019599 -0.070573
v 0.013500 0.019749 -0.070211
v 0.015000 0.019749 -0.070211
v 0.015000 -0.028771 -0.072156
v 0.013500 -0.028771 -0.072156
v 0.015000 -0.028592 -0.071876
v 0.013500 -0.028592 -0.071876
v 0.015000 -0.028355 -0.071643
v 0.013500 -0.028355 -0.071643
v 0.015000 -0.028072 -0.071468
v 0.013500 -0.028072 -0.071468
v 0.015000 -0.027758 -0.071360
v 0.013500 -0.027758 -0.071360
v 0.015000 -0.027671 -0.093299
v 0.013500 -0.027671 -0.093299
v 0.015000 -0.028033 -0.093449
v 0.013500 -0.028033 -0.093449
v 0.013500 0.027671 -0.093299
v 0.015000 0.027671 -0.093299
v 0.013500 0.028033 -0.093449
v 0.015000 0.028033 -0.093449
v 0.014898 -0.032077 -0.082500
v 0.014898 -0.032077 -0.093500
v 0.014598 -0.032800 -0.082500
v 0.014598 -0.032800 -0.093500
v 0.014121 -0.033421 -0.082500
v 0.014121 -0.033421 -0.093500
v 0.013500 -0.033898 -0.082500
v 0.013500 -0.033898 -0.093500
v 0.012776 -0.034198 -0.082500
v 0.012776 -0.034198 -0.093500
v 0.012388 -0.032749 -0.093500
v 0.012388 -0.032749 -0.082500
v 0.012750 -0.032599 -0.093500
v 0.012750 -0.032599 -0.082500
v 0.013061 -0.032361 -0.093500
v 0.013061 -0.032361 -0.082500
v 0.013299 -0.032050 -0.093500
v 0.013299 -0.032050 -0.082500
v 0.013449 -0.031688 -0.093500
v 0.013449 -0.031688 -0.082500
v 0.013449 -0.031688 -0.093500
v 0.014898 -0.032077 -0.093500
v 0.013299 -0.032050 -0.093500
v 0.014598 -0.032800 -0.093500
v 0.013061 -0.032361 -0.093500
v 0.014121 -0.033421 -0.093500
v 0.012750 -0.032599 -0.093500
v 0.013500 -0.033898 -0.093500
v 0.012388 -0.032749 -0.093500
v 0.012776 -0.034198 -0.093500
v 0.012388 -0.032749 -0.082500
v 0.012776 -0.034198 -0.082500
v 0.012750 -0.032599 -0.082500
v 0.013500 -0.033898 -0.082500
v 0.013061 -0.032361 -0.082500
v 0.014121 -0.033421 -0.082500
v 0.013299 -0.032050 -0.082500
v 0.014598 -0.032800 -0.082500
v 0.013449 -0.031688 -0.082500
v 0.014898 -0.032077 -0.082500
v 0.006750 -0.034300 -0.088000
v 0.006750 -0.031300 -0.088000
v 0.006707 -0.034300 -0.088324
v 0.006707 -0.031300 -0.088324
v 0.006583 -0.034300 -0.088625
v 0.006583 -0.031300 -0.088625
v 0.006384 -0.034300 -0.088884
v 0.006384 -0.031300 -0.088884
v 0.006125 -0.034300 -0.089083
v 0.006125 -0.031300 -0.089083
v 0.005824 -0.034300 -0.089207
v 0.005824 -0.031300 -0.089207
v 0.005500 -0.034300 -0.089250
v 0.005500 -0.031300 -0.089250
v 0.005176 -0.034300 -0.089207
v 0.005176 -0.031300 -0.089207
v 0.004875 -0.034300 -0.089083
v 0.004875 -0.031300 -0.089083
v 0.004616 -0.034300 -0.088884
v 0.004616 -0.031300 -0.088884
v 0.004417 -0.034300 -0.088625
v 0.004417 -0.031300 -0.088625
v 0.004293 -0.034300 -0.088324
v 0.004293 -0.031300 -0.088324
v 0.004250 -0.034300 -0.088000
v 0.004250 -0.031300 -0.088000
v 0.004293 -0.034300 -0.087677
v 0.004293 -0.031300 -0.087677
v 0.004417 -0.034300 -0.087375
v 0.004417 -0.031300 -0.087375
v 0.004616 -0.034300 -0.087116
v 0.004616 -0.031300 -0.087116
v 0.004875 -0.034300 -0.086918
v 0.004875 -0.031300 -0.086918
v 0.005176 -0.034300 -0.086793
v 0.005176 -0.031300 -0.086793
v 0.005500 -0.034300 -0.086750
v 0.005500 -0.031300 -0.086750
v 0.005824 -0.034300 -0.086793
v 0.005824 -0.031300 -0.086793
v 0.006125 -0.034300 -0.086918
v 0.006125 -0.031300 -0.086918
v 0.006384 -0.034300 -0.087116
v 0.006384 -0.031300 -0.087116
v 0.006583 -0.034300 -0.087375
v 0.006583 -0.031300 -0.087375
v 0.006707 -0.034300 -0.087677
v 0.006707 -0.031300 -0.087677
v 0.004616 -0.031300 -0.088884
v 0.003555 -0.031300 -0.089945
v 0.004417 -0.031300 -0.088625
v 0.003118 -0.031300 -0.089375
v 0.004293 -0.031300 -0.088324
v 0.002844 -0.031300 -0.088712
v 0.004250 -0.031300 -0.088000
v 0.002750 -0.031300 -0.088000
v 0.004293 -0.031300 -0.087677
v 0.002844 -0.031300 -0.087288
v 0.004417 -0.031300 -0.087375
v 0.003118 -0.031300 -0.086625
v 0.004616 -0.031300 -0.087116
v 0.003555 -0.031300 -0.086056
v 0.004875 -0.031300 -0.086918
v 0.004125 -0.031300 -0.085618
v 0.005176 -0.031300 -0.086793
v 0.004788 -0.031300 -0.085344
v 0.005500 -0.031300 -0.086750
v 0.005500 -0.031300 -0.085250
v 0.005824 -0.031300 -0.086793
v 0.006212 -0.031300 -0.085344
v 0.006125 -0.031300 -0.086918
v 0.006875 -0.031300 -0.085618
v 0.006384 -0.031300 -0.087116
v 0.007445 -0.031300 -0.086056
v 0.006583 -0.031300 -0.087375
v 0.007882 -0.031300 -0.086625
v 0.006707 -0.031300 -0.087677
v 0.008156 -0.031300 -0.087288
v 0.006750 -0.031300 -0.088000
v 0.008250 -0.031300 -0.088000
v 0.006707 -0.031300 -0.088324
v 0.008156 -0.031300 -0.088712
v 0.006583 -0.031300 -0.088625
v 0.007882 -0.031300 -0.089375
v 0.006384 -0.031300 -0.088884
v 0.007445 -0.031300 -0.089945
v 0.006125 -0.031300 -0.089083
v 0.006875 -0.031300 -0.090382
v 0.005824 -0.031300 -0.089207
v 0.006212 -0.031300 -0.090656
v 0.005500 -0.031300 -0.089250
v 0.005500 -0.031300 -0.090750
v 0.005176 -0.031300 -0.089207
v 0.004788 -0.031300 -0.090656
v 0.004875 -0.031300 -0.089083
v 0.004125 -0.031300 -0.090382
v 0.002750 -0.032800 -0.088000
v 0.002844 -0.031300 -0.088712
v 0.002844 -0.032800 -0.088712
v 0.003118 -0.031300 -0.089375
v 0.003118 -0.032800 -0.089375
v 0.003555 -0.031300 -0.089945
v 0.003555 -0.032800 -0.089945
v 0.004125 -0.031300 -0.090382
v 0.004125 -0.032800 -0.090382
v 0.004788 -0.031300 -0.090656
v 0.004788 -0.032800 -0.090656
v 0.005500 -0.031300 -0.090750
v 0.005500 -0.032800 -0.090750
v 0.006212 -0.031300 -0.090656
v 0.006212 -0.032800 -0.090656
v 0.006875 -0.031300 -0.090382
v 0.006875 -0.032800 -0.090382
v 0.007445 -0.031300 -0.089945
v 0.007445 -0.032800 -0.089945
v 0.007882 -0.031300 -0.089375
v 0.007882 -0.032800 -0.089375
v 0.008156 -0.031300 -0.088712
v 0.008156 -0.032800 -0.088712
v 0.008250 -0.031300 -0.088000
v 0.008250 -0.032800 -0.088000
v 0.008156 -0.031300 -0.087288
v 0.008156 -0.032800 -0.087288
v 0.007882 -0.031300 -0.086625
v 0.007882 -0.032800 -0.086625
v 0.007445 -0.031300 -0.086056
v 0.007445 -0.032800 -0.086056
v 0.006875 -0.031300 -0.085618
v 0.006875 -0.032800 -0.085618
v 0.006212 -0.031300 -0.085344
v 0.006212 -0.032800 -0.085344
v 0.005500 -0.031300 -0.085250
v 0.005500 -0.032800 -0.085250
v 0.004788 -0.031300 -0.085344
v 0.004788 -0.032800 -0.085344
v 0.004125 -0.031300 -0.085618
v 0.004125 -0.032800 -0.085618
v 0.003555 -0.031300 -0.086056
v 0.003555 -0.032800 -0.086056
v 0.003118 -0.031300 -0.086625
v 0.003118 -0.032800 -0.086625
v 0.002844 -0.031300 -0.087288
v 0.002844 -0.032800 -0.087288
v 0.002750 -0.031300 -0.088000
v 0.006384 0.031300 -0.088884
v 0.007445 0.031300 -0.089945
v 0.006583 0.031300 -0.088625
v 0.007882 0.031300 -0.089375
v 0.006707 0.031300 -0.088324
v 0.008156 0.031300 -0.088712
v 0.006750 0.031300 -0.088000
v 0.008250 0.031300 -0.088000
v 0.006707 0.031300 -0.087677
v 0.008156 0.031300 -0.087288
v 0.006583 0.031300 -0.087375
v 0.007882 0.031300 -0.086625
v 0.006384 0.031300 -0.087116
v 0.007445 0.031300 -0.086056
v 0.006125 0.031300 -0.086918
v 0.006875 0.031300 -0.085618
v 0.005824 0.031300 -0.086793
v 0.006212 0.031300 -0.085344
v 0.005500 0.031300 -0.086750
v 0.005500 0.031300 -0.085250
v 0.005176 0.031300 -0.086793
v 0.004788 0.031300 -0.085344
v 0.004875 0.031300 -0.086918
v 0.004125 0.031300 -0.085618
v 0.004616 0.031300 -0.087116
v 0.003555 0.031300 -0.086056
v 0.004417 0.031300 -0.087375
v 0.003118 0.031300 -0.086625
v 0.004293 0.031300 -0.087677
v 0.002844 0.031300 -0.087288
v 0.004250 0.031300 -0.088000
v 0.002750 0.031300 -0.088000
v 0.004293 0.031300 -0.088324
v 0.002844 0.031300 -0.088712
v 0.004417 0.031300 -0.088625
v 0.003118 0.031300 -0.089375
v 0.004616 0.031300 -0.088884
v 0.003555 0.031300 -0.089945
v 0.004875 0.031300 -0.089083
v 0.004125 0.031300 -0.090382
v 0.005176 0.031300 -0.089207
v 0.004788 0.031300 -0.090656
v 0.005500 0.031300 -0.089250
v 0.005500 0.031300 -0.090750
v 0.005824 0.031300 -0.089207
v 0.006212 0.031300 -0.090656
v 0.006125 0.031300 -0.089083
v 0.006875 0.031300 -0.090382
v 0.008250 0.032800 -0.088000
v 0.008156 0.031300 -0.088712
v 0.008156 0.032800 -0.088712
v 0.007882 0.031300 -0.089375
v 0.007882 0.032800 -0.089375
v 0.007445 0.031300 -0.089945
v 0.007445 0.032800 -0.089945
v 0.006875 0.031300 -0.090382
v 0.006875 0.032800 -0.090382
v 0.006212 0.031300 -0.090656
v 0.006212 0.032800 -0.090656
v 0.005500 0.031300 -0.090750
v 0.005500 0.032800 -0.090750
v 0.004788 0.031300 -0.090656
v 0.004788 0.032800 -0.090656
v 0.004125 0.031300 -0.090382
v 0.004125 0.032800 -0.090382
v 0.003555 0.031300 -0.089945
v 0.003555 0.032800 -0.089945
v 0.003118 0.031300 -0.089375
v 0.003118 0.032800 -0.089375
v 0.002844 0.031300 -0.088712
v 0.002844 0.032800 -0.088712
v 0.002750 0.031300 -0.088000
v 0.002750 0.032800 -0.088000
v 0.002844 0.031300 -0.087288
v 0.002844 0.032800 -0.087288
v 0.003118 0.031300 -0.086625
v 0.003118 0.032800 -0.086625
v 0.003555 0.031300 -0.086056
v 0.003555 0.032800 -0.086056
v 0.004125 0.031300 -0.085618
v 0.004125 0.032800 -0.085618
v 0.004788 0.031300 -0.085344
v 0.004788 0.032800 -0.085344
v 0.005500 0.031300 -0.085250
v 0.005500 0.032800 -0.085250
v 0.006212 0.031300 -0.085344
v 0.006212 0.032800 -0.085344
v 0.006875 0.031300 -0.085618
v 0.006875 0.032800 -0.085618
v 0.007445 0.031300 -0.086056
v 0.007445 0.032800 -0.086056
v 0.007882 0.031300 -0.086625
v 0.007882 0.032800 -0.086625
v 0.008156 0.031300 -0.087288
v 0.008156 0.032800 -0.087288
v 0.008250 0.031300 -0.088000
v 0.004250 0.034300 -0.088000
v 0.004250 0.031300 -0.088000
v 0.004293 0.034300 -0.088324
v 0.004293 0.031300 -0.088324
v 0.004417 0.034300 -0.088625
v 0.004417 0.031300 -0.088625
v 0.004616 0.034300 -0.088884
v 0.004616 0.031300 -0.088884
v 0.004875 0.034300 -0.089083
v 0.004875 0.031300 -0.089083
v 0.005176 0.034300 -0.089207
v 0.005176 0.031300 -0.089207
v 0.005500 0.034300 -0.089250
v 0.005500 0.031300 -0.089250
v 0.005824 0.034300 -0.089207
v 0.005824 0.031300 -0.089207
v 0.006125 0.034300 -0.089083
v 0.006125 0.031300 -0.089083
v 0.006384 0.034300 -0.088884
v 0.006384 0.031300 -0.088884
v 0.006583 0.034300 -0.088625
v 0.006583 0.031300 -0.088625
v 0.006707 0.034300 -0.088324
v 0.006707 0.031300 -0.088324
v 0.006750 0.034300 -0.088000
v 0.006750 0.031300 -0.088000
v 0.006707 0.034300 -0.087677
v 0.006707 0.031300 -0.087677
v 0.006583 0.034300 -0.087375
v 0.006583 0.031300 -0.087375
v 0.006384 0.034300 -0.087116
v 0.006384 0.031300 -0.087116
v 0.006125 0.034300 -0.086918
v 0.006125 0.031300 -0.086918
v 0.005824 0.034300 -0.086793
v 0.005824 0.031300 -0.086793
v 0.005500 0.034300 -0.086750
v 0.005500 0.031300 -0.086750
v 0.005176 0.034300 -0.086793
v 0.005176 0.031300 -0.086793
v 0.004875 0.034300 -0.086918
v 0.004875 0.031300 -0.086918
v 0.004616 0.034300 -0.087116
v 0.004616 0.031300 -0.087116
v 0.004417 0.034300 -0.087375
v 0.004417 0.031300 -0.087375
v 0.004293 0.034300 -0.087677
v 0.004293 0.031300 -0.087677
v 0.004875 0.034300 -0.089083
v 0.005176 0.034300 -0.089207
v 0.004276 0.034300 -0.093362
v 0.005500 0.034300 -0.093500
v 0.005500 0.034300 -0.082500
v 0.012000 0.034300 -0.082500
v 0.006125 0.034300 -0.086918
v 0.005824 0.034300 -0.086793
v 0.005500 0.034300 -0.086750
v 0.004276 0.034300 -0.082638
v 0.005176 0.034300 -0.086793
v 0.003114 0.034300 -0.083045
v 0.004875 0.034300 -0.086918
v 0.002071 0.034300 -0.083700
v 0.004616 0.034300 -0.087116
v 0.001200 0.034300 -0.084571
v 0.004417 0.034300 -0.087375
v 0.003114 0.034300 -0.092955
v 0.002071 0.034300 -0.092300
v 0.004616 0.034300 -0.088884
v 0.001200 0.034300 -0.091429
v 0.004417 0.034300 -0.088625
v 0.000545 0.034300 -0.090386
v 0.004293 0.034300 -0.088324
v 0.000138 0.034300 -0.089224
v 0.004250 0.034300 -0.088000
v -0.000000 0.034300 -0.088000
v 0.004293 0.034300 -0.087677
v 0.000138 0.034300 -0.086776
v 0.000545 0.034300 -0.085614
v 0.005500 0.034300 -0.089250
v 0.005824 0.034300 -0.089207
v 0.012000 0.034300 -0.093500
v 0.006125 0.034300 -0.089083
v 0.006384 0.034300 -0.088884
v 0.006707 0.034300 -0.087677
v 0.006583 0.034300 -0.087375
v 0.006384 0.034300 -0.087116
v 0.006583 0.034300 -0.088625
v 0.006707 0.034300 -0.088324
v 0.006750 0.034300 -0.088000
v 0.003555 0.032800 -0.086056
v 0.004125 0.032800 -0.085618
v 0.003114 0.032800 -0.083045
v 0.004276 0.032800 -0.082638
v 0.004788 0.032800 -0.085344
v 0.005500 0.032800 -0.082500
v 0.007882 0.032800 -0.089375
v 0.007445 0.032800 -0.089945
v 0.012000 0.032800 -0.093500
v 0.006875 0.032800 -0.090382
v 0.005500 0.032800 -0.093500
v 0.002071 0.032800 -0.083700
v 0.001200 0.032800 -0.084571
v 0.003118 0.032800 -0.086625
v 0.000545 0.032800 -0.085614
v 0.002844 0.032800 -0.087288
v 0.000138 0.032800 -0.086776
v 0.002750 0.032800 -0.088000
v -0.000000 0.032800 -0.088000
v 0.002844 0.032800 -0.088712
v 0.000138 0.032800 -0.089224
v 0.003118 0.032800 -0.089375
v 0.000545 0.032800 -0.090386
v 0.003555 0.032800 -0.089945
v 0.005500 0.032800 -0.085250
v 0.006212 0.032800 -0.085344
v 0.012000 0.032800 -0.082500
v 0.006875 0.032800 -0.085618
v 0.007445 0.032800 -0.086056
v 0.008250 0.032800 -0.088000
v 0.008156 0.032800 -0.088712
v 0.001200 0.032800 -0.091429
v 0.002071 0.032800 -0.092300
v 0.004125 0.032800 -0.090382
v 0.003114 0.032800 -0.092955
v 0.004788 0.032800 -0.090656
v 0.004276 0.032800 -0.093362
v 0.005500 0.032800 -0.090750
v 0.006212 0.032800 -0.090656
v 0.007882 0.032800 -0.086625
v 0.008156 0.032800 -0.087288
v 0.005500 0.034300 -0.093500
v 0.012000 0.034300 -0.093500
v 0.005500 0.032800 -0.093500
v 0.012000 0.032800 -0.093500
v 0.005500 0.032800 -0.082500
v 0.012000 0.032800 -0.082500
v 0.005500 0.034300 -0.082500
v 0.012000 0.034300 -0.082500
v 0.013500 0.030550 -0.082500
v 0.015000 0.030550 -0.082500
v 0.013500 0.031300 -0.082500
v 0.015000 0.031300 -0.082500
v 0.013500 0.030550 -0.081000
v 0.015000 0.030550 -0.081000
v 0.013500 0.030550 -0.082500
v 0.015000 0.030550 -0.082500
v 0.015000 0.033800 -0.081000
v 0.015000 0.030550 -0.081000
v 0.013500 0.033800 -0.081000
v 0.013500 0.030550 -0.081000
v 0.014898 0.032076 -0.093500
v 0.014898 0.032076 -0.082500
v 0.014598 0.032800 -0.093500
v 0.014598 0.032800 -0.082500
v 0.014121 0.033421 -0.093500
v 0.014121 0.033421 -0.082500
v 0.013500 0.033898 -0.093500
v 0.013500 0.033898 -0.082500
v 0.012776 0.034198 -0.093500
v 0.012776 0.034198 -0.082500
v 0.012388 0.032749 -0.082500
v 0.012388 0.032749 -0.093500
v 0.012750 0.032599 -0.082500
v 0.012750 0.032599 -0.093500
v 0.013061 0.032361 -0.082500
v 0.013061 0.032361 -0.093500
v 0.013299 0.032050 -0.082500
v 0.013299 0.032050 -0.093500
v 0.013449 0.031688 -0.082500
v 0.013449 0.031688 -0.093500
v 0.013449 0.031688 -0.082500
v 0.014898 0.032076 -0.082500
v 0.013299 0.032050 -0.082500
v 0.014598 0.032800 -0.082500
v 0.013061 0.032361 -0.082500
v 0.014121 0.033421 -0.082500
v 0.012750 0.032599 -0.082500
v 0.013500 0.033898 -0.082500
v 0.012388 0.032749 -0.082500
v 0.012776 0.034198 -0.082500
v 0.012388 0.032749 -0.093500
v 0.012776 0.034198 -0.093500
v 0.012750 0.032599 -0.093500
v 0.013500 0.033898 -0.093500
v 0.013061 0.032361 -0.093500
v 0.014121 0.033421 -0.093500
v 0.013299 0.032050 -0.093500
v 0.014598 0.032800 -0.093500
v 0.013449 0.031688 -0.093500
v 0.014898 0.032076 -0.093500
v 0.004276 0.032800 -0.093362
v 0.004276 0.034300 -0.093362
v 0.003114 0.032800 -0.092955
v 0.003114 0.034300 -0.092955
v 0.002071 0.032800 -0.092300
v 0.002071 0.034300 -0.092300
v 0.001200 0.032800 -0.091429
v 0.001200 0.034300 -0.091429
v 0.000545 0.032800 -0.090386
v 0.000545 0.034300 -0.090386
v 0.000138 0.032800 -0.089224
v 0.000138 0.034300 -0.089224
v -0.000000 0.032800 -0.088000
v -0.000000 0.034300 -0.088000
v 0.000138 0.032800 -0.086776
v 0.000138 0.034300 -0.086776
v 0.000545 0.032800 -0.085614
v 0.000545 0.034300 -0.085614
v 0.001200 0.032800 -0.084571
v 0.001200 0.034300 -0.084571
v 0.002071 0.032800 -0.083700
v 0.002071 0.034300 -0.083700
v 0.003114 0.032800 -0.083045
v 0.003114 0.034300 -0.083045
v 0.004276 0.032800 -0.082638
v 0.004276 0.034300 -0.082638
v -0.000000 -0.034300 -0.088000
v -0.000000 -0.032800 -0.088000
v 0.000138 -0.032800 -0.089224
v 0.000138 -0.034300 -0.089224
v 0.000545 -0.032800 -0.090386
v 0.000545 -0.034300 -0.090386
v 0.001200 -0.032800 -0.091429
v 0.001200 -0.034300 -0.091429
v 0.002071 -0.032800 -0.092300
v 0.002071 -0.034300 -0.092300
v 0.003114 -0.032800 -0.092955
v 0.003114 -0.034300 -0.092955
v 0.004276 -0.032800 -0.093362
v 0.004276 -0.034300 -0.093362
v 0.004276 -0.032800 -0.082638
v 0.004276 -0.034300 -0.082638
v 0.003114 -0.032800 -0.083045
v 0.003114 -0.034300 -0.083045
v 0.002071 -0.032800 -0.083700
v 0.002071 -0.034300 -0.083700
v 0.001200 -0.032800 -0.084571
v 0.001200 -0.034300 -0.084571
v 0.000545 -0.032800 -0.085614
v 0.000545 -0.034300 -0.085614
v 0.000138 -0.032800 -0.086776
v 0.000138 -0.034300 -0.086776
v 0.015000 0.034283 -0.080629
v 0.013500 0.034283 -0.080629
v 0.015000 0.034233 -0.080750
v 0.013500 0.034233 -0.080750
v 0.015000 0.034154 -0.080854
v 0.013500 0.034154 -0.080854
v 0.015000 0.034050 -0.080933
v 0.013500 0.034050 -0.080933
v 0.015000 0.033929 -0.080983
v 0.013500 0.033929 -0.080983
v 0.013500 -0.034283 -0.080629
v 0.015000 -0.034283 -0.080629
v 0.013500 -0.034233 -0.080750
v 0.015000 -0.034233 -0.080750
v 0.013500 -0.034154 -0.080854
v 0.015000 -0.034154 -0.080854
v 0.013500 -0.034050 -0.080933
v 0.015000 -0.034050 -0.080933
v 0.013500 -0.033929 -0.080983
v 0.015000 -0.033929 -0.080983
v 0.014898 0.026576 -0.068757
v 0.014898 0.026576 -0.057757
v 0.014598 0.027300 -0.068757
v 0.014598 0.027300 -0.057757
v 0.014121 0.027921 -0.068757
v 0.014121 0.027921 -0.057757
v 0.013500 0.028398 -0.068757
v 0.013500 0.028398 -0.057757
v 0.012776 0.028698 -0.068757
v 0.012776 0.028698 -0.057757
v 0.012388 0.027249 -0.057757
v 0.012388 0.027249 -0.068757
v 0.012750 0.027099 -0.057757
v 0.012750 0.027099 -0.068757
v 0.013061 0.026861 -0.057757
v 0.013061 0.026861 -0.068757
v 0.013299 0.026550 -0.057757
v 0.013299 0.026550 -0.068757
v 0.013449 0.026188 -0.057757
v 0.013449 0.026188 -0.068757
v 0.013449 0.026188 -0.057757
v 0.014898 0.026576 -0.057757
v 0.013299 0.026550 -0.057757
v 0.014598 0.027300 -0.057757
v 0.013061 0.026861 -0.057757
v 0.014121 0.027921 -0.057757
v 0.012750 0.027099 -0.057757
v 0.013500 0.028398 -0.057757
v 0.012388 0.027249 -0.057757
v 0.012776 0.028698 -0.057757
v 0.012388 0.027249 -0.068757
v 0.012776 0.028698 -0.068757
v 0.012750 0.027099 -0.068757
v 0.013500 0.028398 -0.068757
v 0.013061 0.026861 -0.068757
v 0.014121 0.027921 -0.068757
v 0.013299 0.026550 -0.068757
v 0.014598 0.027300 -0.068757
v 0.013449 0.026188 -0.068757
v 0.014898 0.026576 -0.068757
v 0.004250 0.028800 -0.063257
v 0.004250 0.025800 -0.063257
v 0.004293 0.028800 -0.063581
v 0.004293 0.025800 -0.063581
v 0.004417 0.028800 -0.063882
v 0.004417 0.025800 -0.063882
v 0.004616 0.028800 -0.064141
v 0.004616 0.025800 -0.064141
v 0.004875 0.028800 -0.064340
v 0.004875 0.025800 -0.064340
v 0.005176 0.028800 -0.064465
v 0.005176 0.025800 -0.064465
v 0.005500 0.028800 -0.064507
v 0.005500 0.025800 -0.064507
v 0.005824 0.028800 -0.064465
v 0.005824 0.025800 -0.064465
v 0.006125 0.028800 -0.064340
v 0.006125 0.025800 -0.064340
v 0.006384 0.028800 -0.064141
v 0.006384 0.025800 -0.064141
v 0.006583 0.028800 -0.063882
v 0.006583 0.025800 -0.063882
v 0.006707 0.028800 -0.063581
v 0.006707 0.025800 -0.063581
v 0.006750 0.028800 -0.063257
v 0.006750 0.025800 -0.063257
v 0.006707 0.028800 -0.062934
v 0.006707 0.025800 -0.062934
v 0.006583 0.028800 -0.062632
v 0.006583 0.025800 -0.062632
v 0.006384 0.028800 -0.062374
v 0.006384 0.025800 -0.062374
v 0.006125 0.028800 -0.062175
v 0.006125 0.025800 -0.062175
v 0.005824 0.028800 -0.062050
v 0.005824 0.025800 -0.062050
v 0.005500 0.028800 -0.062007
v 0.005500 0.025800 -0.062007
v 0.005176 0.028800 -0.062050
v 0.005176 0.025800 -0.062050
v 0.004875 0.028800 -0.062175
v 0.004875 0.025800 -0.062175
v 0.004616 0.028800 -0.062374
v 0.004616 0.025800 -0.062374
v 0.004417 0.028800 -0.062632
v 0.004417 0.025800 -0.062632
v 0.004293 0.028800 -0.062934
v 0.004293 0.025800 -0.062934
v 0.006707 0.025800 -0.063581
v 0.008156 0.025800 -0.063969
v 0.006750 0.025800 -0.063257
v 0.008250 0.025800 -0.063257
v 0.006707 0.025800 -0.062934
v 0.008156 0.025800 -0.062546
v 0.006583 0.025800 -0.062632
v 0.007882 0.025800 -0.061882
v 0.006384 0.025800 -0.062374
v 0.007445 0.025800 -0.061313
v 0.006125 0.025800 -0.062175
v 0.006875 0.025800 -0.060876
v 0.005824 0.025800 -0.062050
v 0.006212 0.025800 -0.060601
v 0.005500 0.025800 -0.062007
v 0.005500 0.025800 -0.060507
v 0.005176 0.025800 -0.062050
v 0.004788 0.025800 -0.060601
v 0.004875 0.025800 -0.062175
v 0.004125 0.025800 -0.060876
v 0.004616 0.025800 -0.062374
v 0.003555 0.025800 -0.061313
v 0.004417 0.025800 -0.062632
v 0.003118 0.025800 -0.061882
v 0.004293 0.025800 -0.062934
v 0.002844 0.025800 -0.062546
v 0.004250 0.025800 -0.063257
v 0.002750 0.025800 -0.063257
v 0.004293 0.025800 -0.063581
v 0.002844 0.025800 -0.063969
v 0.004417 0.025800 -0.063882
v 0.003118 0.025800 -0.064632
v 0.004616 0.025800 -0.064141
v 0.003555 0.025800 -0.065202
v 0.004875 0.025800 -0.064340
v 0.004125 0.025800 -0.065639
v 0.005176 0.025800 -0.064465
v 0.004788 0.025800 -0.065914
v 0.005500 0.025800 -0.064507
v 0.005500 0.025800 -0.066007
v 0.005824 0.025800 -0.064465
v 0.006212 0.025800 -0.065914
v 0.006125 0.025800 -0.064340
v 0.006875 0.025800 -0.065639
v 0.006384 0.025800 -0.064141
v 0.007445 0.025800 -0.065202
v 0.006583 0.025800 -0.063882
v 0.007882 0.025800 -0.064632
v 0.008250 0.027300 -0.063257
v 0.008156 0.025800 -0.063969
v 0.008156 0.027300 -0.063969
v 0.007882 0.025800 -0.064632
v 0.007882 0.027300 -0.064632
v 0.007445 0.025800 -0.065202
v 0.007445 0.027300 -0.065202
v 0.006875 0.025800 -0.065639
v 0.006875 0.027300 -0.065639
v 0.006212 0.025800 -0.065914
v 0.006212 0.027300 -0.065914
v 0.005500 0.025800 -0.066007
v 0.005500 0.027300 -0.066007
v 0.004788 0.025800 -0.065914
v 0.004788 0.027300 -0.065914
v 0.004125 0.025800 -0.065639
v 0.004125 0.027300 -0.065639
v 0.003555 0.025800 -0.065202
v 0.003555 0.027300 -0.065202
v 0.003118 0.025800 -0.064632
v 0.003118 0.027300 -0.064632
v 0.002844 0.025800 -0.063969
v 0.002844 0.027300 -0.063969
v 0.002750 0.025800 -0.063257
v 0.002750 0.027300 -0.063257
v 0.002844 0.025800 -0.062546
v 0.002844 0.027300 -0.062546
v 0.003118 0.025800 -0.061882
v 0.003118 0.027300 -0.061882
v 0.003555 0.025800 -0.061313
v 0.003555 0.027300 -0.061313
v 0.004125 0.025800 -0.060876
v 0.004125 0.027300 -0.060876
v 0.004788 0.025800 -0.060601
v 0.004788 0.027300 -0.060601
v 0.005500 0.025800 -0.060507
v 0.005500 0.027300 -0.060507
v 0.006212 0.025800 -0.060601
v 0.006212 0.027300 -0.060601
v 0.006875 0.025800 -0.060876
v 0.006875 0.027300 -0.060876
v 0.007445 0.025800 -0.061313
v 0.007445 0.027300 -0.061313
v 0.007882 0.025800 -0.061882
v 0.007882 0.027300 -0.061882
v 0.008156 0.025800 -0.062546
v 0.008156 0.027300 -0.062546
v 0.008250 0.025800 -0.063257
v -0.000000 0.028800 -0.063257
v -0.000000 0.027300 -0.063257
v 0.000138 0.027300 -0.062034
v 0.000138 0.028800 -0.062034
v 0.000545 0.027300 -0.060871
v 0.000545 0.028800 -0.060871
v 0.001200 0.027300 -0.059828
v 0.001200 0.028800 -0.059828
v 0.002071 0.027300 -0.058957
v 0.002071 0.028800 -0.058957
v 0.003114 0.027300 -0.058302
v 0.003114 0.028800 -0.058302
v 0.004276 0.027300 -0.057895
v 0.004276 0.028800 -0.057895
v 0.004276 0.027300 -0.068619
v 0.004276 0.028800 -0.068619
v 0.003114 0.027300 -0.068213
v 0.003114 0.028800 -0.068213
v 0.002071 0.027300 -0.067557
v 0.002071 0.028800 -0.067557
v 0.001200 0.027300 -0.066687
v 0.001200 0.028800 -0.066687
v 0.000545 0.027300 -0.065644
v 0.000545 0.028800 -0.065644
v 0.000138 0.027300 -0.064481
v 0.000138 0.028800 -0.064481
v 0.013500 0.028783 -0.070628
v 0.015000 0.028783 -0.070628
v 0.013500 0.028733 -0.070507
v 0.015000 0.028733 -0.070507
v 0.013500 0.028654 -0.070404
v 0.015000 0.028654 -0.070404
v 0.013500 0.028550 -0.070324
v 0.015000 0.028550 -0.070324
v 0.013500 0.028429 -0.070274
v 0.015000 0.028429 -0.070274
v 0.013500 0.022024 -0.057860
v 0.015000 0.022024 -0.057860
v 0.013500 0.021300 -0.058159
v 0.015000 0.021300 -0.058159
v 0.013500 0.020679 -0.058636
v 0.015000 0.020679 -0.058636
v 0.013500 0.020202 -0.059257
v 0.015000 0.020202 -0.059257
v 0.013500 0.019902 -0.059981
v 0.015000 0.019902 -0.059981
v 0.013500 -0.012557 -0.079500
v 0.015000 -0.012557 -0.079500
v 0.013500 -0.013143 -0.079558
v 0.015000 -0.013143 -0.079558
v 0.013500 -0.013705 -0.079728
v 0.015000 -0.013705 -0.079728
v 0.013500 -0.014224 -0.080006
v 0.015000 -0.014224 -0.080006
v 0.015000 0.012557 -0.079500
v 0.013500 0.012557 -0.079500
v 0.013500 0.014057 -0.079902
v 0.015000 0.014057 -0.079902
v 0.013500 0.013334 -0.079602
v 0.015000 0.013334 -0.079602
v -0.009657 0.019200 -0.063242
v -0.009657 0.016200 -0.063242
v -0.007431 0.019200 -0.064283
v -0.007431 0.016200 -0.064283
v -0.005096 0.019200 -0.065047
v -0.005096 0.016200 -0.065047
v -0.002685 0.019200 -0.065521
v -0.002685 0.016200 -0.065521
v -0.000234 0.019200 -0.065699
v -0.000234 0.016200 -0.065699
v 0.002220 0.019200 -0.065578
v 0.002220 0.016200 -0.065578
v 0.004642 0.019200 -0.065159
v 0.004642 0.016200 -0.065159
v 0.006995 0.019200 -0.064450
v 0.006995 0.016200 -0.064450
v 0.009244 0.019200 -0.063461
v 0.009244 0.016200 -0.063461
v 0.011356 0.019200 -0.062206
v 0.011356 0.016200 -0.062206
v 0.013301 0.019200 -0.060703
v 0.013301 0.016200 -0.060703
v 0.015048 0.019200 -0.058976
v 0.015048 0.016200 -0.058976
v 0.016573 0.019200 -0.057049
v 0.016573 0.016200 -0.057049
v 0.017853 0.019200 -0.054951
v 0.017853 0.016200 -0.054951
v 0.018868 0.019200 -0.052713
v 0.018868 0.016200 -0.052713
v 0.019604 0.019200 -0.050369
v 0.019604 0.016200 -0.050369
v 0.020050 0.019200 -0.047953
v 0.020050 0.016200 -0.047953
v 0.020200 0.019200 -0.045500
v 0.020200 0.016200 -0.045500
v 0.020050 0.019200 -0.043047
v 0.020050 0.016200 -0.043047
v 0.019604 0.019200 -0.040631
v 0.019604 0.016200 -0.040631
v 0.018868 0.019200 -0.038287
v 0.018868 0.016200 -0.038287
v 0.017853 0.019200 -0.036049
v 0.017853 0.016200 -0.036049
v 0.016573 0.019200 -0.033951
v 0.016573 0.016200 -0.033951
v 0.015048 0.019200 -0.032024
v 0.015048 0.016200 -0.032024
v 0.013301 0.019200 -0.030297
v 0.013301 0.016200 -0.030297
v 0.011356 0.019200 -0.028794
v 0.011356 0.016200 -0.028794
v 0.009244 0.019200 -0.027539
v 0.009244 0.016200 -0.027539
v 0.006995 0.019200 -0.026550
v 0.006995 0.016200 -0.026550
v 0.004642 0.019200 -0.025841
v 0.004642 0.016200 -0.025841
v 0.002220 0.019200 -0.025422
v 0.002220 0.016200 -0.025422
v -0.000234 0.019200 -0.025301
v -0.000234 0.016200 -0.025301
v -0.002685 0.019200 -0.025479
v -0.002685 0.016200 -0.025479
v -0.005096 0.019200 -0.025953
v -0.005096 0.016200 -0.025953
v -0.007431 0.019200 -0.026717
v -0.007431 0.016200 -0.026717
v -0.009657 0.019200 -0.027758
v -0.009657 0.016200 -0.027758
v -0.015441 0.019200 -0.022988
v -0.010842 0.019200 -0.027587
v -0.015441 0.016200 -0.022988
v -0.010842 0.016200 -0.027587
v 0.026625 0.016200 -0.035334
v 0.025424 0.016200 -0.032620
v 0.023351 0.016200 -0.033000
v 0.025424 0.016200 -0.058380
v 0.023293 0.016200 -0.058440
v 0.023946 0.016200 -0.060955
v 0.023123 0.016200 -0.058850
v 0.023293 0.016200 -0.032560
v 0.001703 0.016200 -0.073949
v 0.004653 0.016200 -0.073618
v 0.001202 0.016200 -0.071702
v 0.001700 0.016200 -0.070500
v 0.001642 0.016200 -0.070940
v 0.007553 0.016200 -0.072981
v -0.001265 0.016200 -0.073972
v -0.000440 0.016200 -0.072142
v -0.000850 0.016200 -0.071972
v 0.001472 0.016200 -0.071350
v -0.004220 0.016200 -0.073686
v 0.002220 0.016200 -0.065578
v -0.000234 0.016200 -0.065699
v -0.000000 0.016200 -0.068800
v 0.000850 0.016200 -0.071972
v 0.000440 0.016200 -0.072142
v -0.000000 0.016200 -0.072200
v -0.001472 0.016200 -0.069650
v -0.001202 0.016200 -0.069298
v -0.005096 0.016200 -0.065047
v -0.002685 0.016200 -0.065521
v -0.000850 0.016200 -0.069028
v -0.000440 0.016200 -0.068858
v 0.022853 0.016200 -0.059202
v 0.022501 0.016200 -0.059472
v 0.022208 0.016200 -0.063362
v 0.020801 0.016200 -0.059472
v 0.020449 0.016200 -0.059202
v 0.013075 0.016200 -0.070824
v 0.026625 0.016200 -0.055666
v 0.027538 0.016200 -0.052841
v 0.022853 0.016200 -0.056798
v -0.001642 0.016200 -0.070940
v -0.001700 0.016200 -0.070500
v -0.012684 0.016200 -0.071022
v -0.001642 0.016200 -0.070060
v -0.007431 0.016200 -0.064283
v -0.009657 0.016200 -0.063242
v -0.010842 0.016200 -0.063413
v 0.022501 0.016200 -0.034472
v 0.022091 0.016200 -0.034642
v 0.028461 0.016200 -0.046984
v 0.022501 0.016200 -0.056528
v 0.023123 0.016200 -0.057150
v 0.023293 0.016200 -0.057560
v 0.023351 0.016200 -0.058000
v -0.000440 0.016200 -0.018858
v -0.000000 0.016200 -0.018800
v -0.001265 0.016200 -0.017028
v 0.021651 0.016200 -0.034700
v 0.021211 0.016200 -0.034642
v 0.019604 0.016200 -0.040631
v 0.018868 0.016200 -0.038287
v 0.020801 0.016200 -0.034472
v 0.017853 0.016200 -0.036049
v 0.022208 0.016200 -0.027638
v 0.020230 0.016200 -0.025425
v 0.021211 0.016200 -0.031358
v 0.004653 0.016200 -0.017382
v 0.001703 0.016200 -0.017051
v 0.000850 0.016200 -0.019028
v -0.001202 0.016200 -0.071702
v -0.001472 0.016200 -0.071350
v -0.007129 0.016200 -0.073094
v -0.009961 0.016200 -0.072203
v -0.009896 0.016200 -0.063150
v -0.010150 0.016200 -0.063120
v -0.010639 0.016200 -0.063257
v -0.010404 0.016200 -0.063157
v 0.022091 0.016200 -0.059642
v 0.021651 0.016200 -0.059700
v 0.020230 0.016200 -0.065575
v 0.021211 0.016200 -0.059642
v 0.018032 0.016200 -0.067570
v 0.015639 0.016200 -0.069326
v 0.010370 0.016200 -0.072046
v 0.001642 0.016200 -0.070060
v 0.001472 0.016200 -0.069650
v 0.020178 0.016200 -0.058850
v 0.028153 0.016200 -0.049937
v 0.022091 0.016200 -0.056358
v 0.021651 0.016200 -0.056300
v 0.001472 0.016200 -0.021350
v 0.020178 0.016200 -0.032150
v 0.001642 0.016200 -0.020940
v 0.020449 0.016200 -0.031798
v 0.001700 0.016200 -0.020500
v 0.020801 0.016200 -0.031528
v 0.023123 0.016200 -0.032150
v 0.023946 0.016200 -0.030045
v 0.022853 0.016200 -0.031798
v 0.000440 0.016200 -0.018858
v -0.015270 0.016200 -0.069564
v -0.015441 0.016200 -0.068012
v 0.020050 0.016200 -0.043047
v 0.020200 0.016200 -0.045500
v 0.020050 0.016200 -0.047953
v 0.021211 0.016200 -0.056358
v 0.019604 0.016200 -0.050369
v 0.020801 0.016200 -0.056528
v 0.018868 0.016200 -0.052713
v 0.020449 0.016200 -0.056798
v 0.017853 0.016200 -0.054951
v 0.020178 0.016200 -0.057150
v 0.020449 0.016200 -0.034202
v 0.020178 0.016200 -0.033850
v 0.016573 0.016200 -0.033951
v 0.020009 0.016200 -0.033440
v 0.015048 0.016200 -0.032024
v 0.019951 0.016200 -0.033000
v 0.013301 0.016200 -0.030297
v 0.020009 0.016200 -0.032560
v 0.011356 0.016200 -0.028794
v 0.009244 0.016200 -0.027539
v 0.023293 0.016200 -0.033440
v 0.023123 0.016200 -0.033850
v 0.027538 0.016200 -0.038159
v 0.022853 0.016200 -0.034202
v 0.028153 0.016200 -0.041063
v 0.028461 0.016200 -0.044016
v 0.006995 0.016200 -0.026550
v 0.001202 0.016200 -0.021702
v 0.004642 0.016200 -0.025841
v 0.002220 0.016200 -0.025422
v 0.000850 0.016200 -0.021972
v 0.000440 0.016200 -0.022142
v -0.000234 0.016200 -0.025301
v 0.021651 0.016200 -0.031300
v 0.022091 0.016200 -0.031358
v 0.022501 0.016200 -0.031528
v -0.000000 0.016200 -0.022200
v -0.000440 0.016200 -0.022142
v -0.002685 0.016200 -0.025479
v -0.000850 0.016200 -0.021972
v -0.005096 0.016200 -0.025953
v -0.001202 0.016200 -0.021702
v -0.007431 0.016200 -0.026717
v -0.001472 0.016200 -0.021350
v 0.001202 0.016200 -0.019298
v 0.001472 0.016200 -0.019650
v 0.007553 0.016200 -0.018019
v 0.001642 0.016200 -0.020060
v 0.010370 0.016200 -0.018954
v 0.013075 0.016200 -0.020176
v 0.015639 0.016200 -0.021674
v 0.018032 0.016200 -0.023430
v -0.001642 0.016200 -0.020060
v -0.001472 0.016200 -0.019650
v -0.004220 0.016200 -0.017314
v -0.001202 0.016200 -0.019298
v -0.000850 0.016200 -0.019028
v -0.015597 0.016200 -0.068214
v -0.015615 0.016200 -0.069193
v -0.015466 0.016200 -0.069401
v -0.015697 0.016200 -0.068449
v -0.015734 0.016200 -0.068702
v -0.015706 0.016200 -0.068955
v 0.020009 0.016200 -0.057560
v 0.016573 0.016200 -0.057049
v 0.019951 0.016200 -0.058000
v 0.015048 0.016200 -0.058976
v 0.020009 0.016200 -0.058440
v 0.013301 0.016200 -0.060703
v -0.010842 0.016200 -0.027587
v -0.010639 0.016200 -0.027743
v -0.010404 0.016200 -0.027843
v -0.010150 0.016200 -0.027880
v -0.009896 0.016200 -0.027851
v -0.009657 0.016200 -0.027758
v -0.015441 0.016200 -0.022988
v -0.001642 0.016200 -0.020940
v -0.001700 0.016200 -0.020500
v 0.011356 0.016200 -0.062206
v 0.009244 0.016200 -0.063461
v 0.006995 0.016200 -0.064450
v 0.001202 0.016200 -0.069298
v 0.004642 0.016200 -0.065159
v 0.000850 0.016200 -0.069028
v 0.000440 0.016200 -0.068858
v -0.015270 0.016200 -0.021436
v -0.012684 0.016200 -0.019978
v -0.009961 0.016200 -0.018797
v -0.007129 0.016200 -0.017906
v -0.015697 0.016200 -0.022551
v -0.015615 0.016200 -0.021807
v -0.015734 0.016200 -0.022298
v -0.015706 0.016200 -0.022045
v -0.015466 0.016200 -0.021599
v -0.015597 0.016200 -0.022786
v 0.023123 0.019200 -0.033850
v 0.023293 0.019200 -0.033440
v 0.026625 0.019200 -0.035334
v 0.023946 0.019200 -0.060955
v 0.022853 0.019200 -0.059202
v 0.023123 0.019200 -0.058850
v 0.025424 0.019200 -0.032620
v 0.025424 0.019200 -0.058380
v 0.023293 0.019200 -0.058440
v 0.023351 0.019200 -0.058000
v 0.026625 0.019200 -0.055666
v -0.000850 0.019200 -0.071972
v -0.001265 0.019200 -0.073972
v -0.001202 0.019200 -0.071702
v -0.004220 0.019200 -0.073686
v -0.001472 0.019200 -0.071350
v -0.001642 0.019200 -0.070940
v 0.004653 0.019200 -0.073618
v 0.001703 0.019200 -0.073949
v 0.000850 0.019200 -0.071972
v -0.001642 0.019200 -0.020940
v -0.001472 0.019200 -0.021350
v -0.010842 0.019200 -0.027587
v -0.000440 0.019200 -0.018858
v -0.000850 0.019200 -0.019028
v -0.001265 0.019200 -0.017028
v 0.010370 0.019200 -0.072046
v 0.007553 0.019200 -0.072981
v 0.020449 0.019200 -0.059202
v -0.000234 0.019200 -0.025301
v -0.002685 0.019200 -0.025479
v -0.000850 0.019200 -0.021972
v -0.000440 0.019200 -0.072142
v -0.000000 0.019200 -0.072200
v 0.000440 0.019200 -0.072142
v 0.001202 0.019200 -0.071702
v 0.001472 0.019200 -0.071350
v 0.011356 0.019200 -0.062206
v 0.019951 0.019200 -0.058000
v 0.009244 0.019200 -0.063461
v 0.020009 0.019200 -0.058440
v 0.020801 0.019200 -0.059472
v 0.021211 0.019200 -0.059642
v 0.020230 0.019200 -0.065575
v 0.022208 0.019200 -0.063362
v -0.000234 0.019200 -0.065699
v -0.000440 0.019200 -0.068858
v -0.002685 0.019200 -0.065521
v -0.000850 0.019200 -0.069028
v -0.005096 0.019200 -0.065047
v -0.001202 0.019200 -0.069298
v -0.007431 0.019200 -0.064283
v -0.001472 0.019200 -0.069650
v 0.023351 0.019200 -0.033000
v 0.023293 0.019200 -0.032560
v 0.023946 0.019200 -0.030045
v 0.023123 0.019200 -0.032150
v -0.004220 0.019200 -0.017314
v 0.018032 0.019200 -0.067570
v 0.015639 0.019200 -0.069326
v 0.013075 0.019200 -0.070824
v 0.021651 0.019200 -0.059700
v 0.022091 0.019200 -0.059642
v 0.022501 0.019200 -0.059472
v -0.010639 0.019200 -0.063257
v -0.010404 0.019200 -0.063157
v -0.010150 0.019200 -0.063120
v -0.009657 0.019200 -0.063242
v -0.010842 0.019200 -0.063413
v -0.015441 0.019200 -0.068012
v -0.001642 0.019200 -0.070060
v -0.001700 0.019200 -0.070500
v -0.015270 0.019200 -0.069564
v -0.012684 0.019200 -0.071022
v -0.009961 0.019200 -0.072203
v -0.007129 0.019200 -0.073094
v 0.013301 0.019200 -0.060703
v 0.015048 0.019200 -0.058976
v 0.020009 0.019200 -0.057560
v 0.016573 0.019200 -0.057049
v 0.020178 0.019200 -0.057150
v 0.017853 0.019200 -0.054951
v 0.020449 0.019200 -0.056798
v -0.015441 0.019200 -0.022988
v -0.015270 0.019200 -0.021436
v -0.012684 0.019200 -0.019978
v 0.022853 0.019200 -0.031798
v 0.022501 0.019200 -0.031528
v 0.022208 0.019200 -0.027638
v 0.001703 0.019200 -0.017051
v 0.000440 0.019200 -0.018858
v -0.000000 0.019200 -0.018800
v 0.001472 0.019200 -0.069650
v 0.020178 0.019200 -0.058850
v 0.001642 0.019200 -0.070060
v 0.001700 0.019200 -0.070500
v 0.001642 0.019200 -0.070940
v 0.001202 0.019200 -0.069298
v 0.000850 0.019200 -0.069028
v 0.002220 0.019200 -0.065578
v 0.000440 0.019200 -0.068858
v -0.000000 0.019200 -0.068800
v -0.009896 0.019200 -0.063150
v 0.021651 0.019200 -0.056300
v 0.021651 0.019200 -0.034700
v 0.022091 0.019200 -0.056358
v 0.022091 0.019200 -0.034642
v 0.022501 0.019200 -0.056528
v 0.022853 0.019200 -0.034202
v 0.027538 0.019200 -0.038159
v 0.022501 0.019200 -0.034472
v -0.001700 0.019200 -0.020500
v -0.001642 0.019200 -0.020060
v -0.001202 0.019200 -0.021702
v -0.005096 0.019200 -0.025953
v -0.007431 0.019200 -0.026717
v -0.009657 0.019200 -0.027758
v -0.009896 0.019200 -0.027851
v -0.010150 0.019200 -0.027880
v -0.010404 0.019200 -0.027843
v -0.010639 0.019200 -0.027743
v -0.001202 0.019200 -0.019298
v -0.001472 0.019200 -0.019650
v -0.007129 0.019200 -0.017906
v -0.009961 0.019200 -0.018797
v 0.006995 0.019200 -0.064450
v 0.004642 0.019200 -0.065159
v -0.015697 0.019200 -0.068449
v -0.015615 0.019200 -0.069193
v -0.015734 0.019200 -0.068702
v -0.015706 0.019200 -0.068955
v -0.015466 0.019200 -0.069401
v -0.015597 0.019200 -0.068214
v 0.023293 0.019200 -0.057560
v 0.023123 0.019200 -0.057150
v 0.027538 0.019200 -0.052841
v 0.022853 0.019200 -0.056798
v 0.028153 0.019200 -0.049937
v 0.028461 0.019200 -0.046984
v 0.028461 0.019200 -0.044016
v 0.028153 0.019200 -0.041063
v 0.017853 0.019200 -0.036049
v 0.016573 0.019200 -0.033951
v 0.020009 0.019200 -0.033440
v 0.020801 0.019200 -0.056528
v 0.018868 0.019200 -0.052713
v 0.021211 0.019200 -0.056358
v 0.019604 0.019200 -0.050369
v -0.015597 0.019200 -0.022786
v -0.015615 0.019200 -0.021807
v -0.015466 0.019200 -0.021599
v -0.015697 0.019200 -0.022551
v -0.015734 0.019200 -0.022298
v -0.015706 0.019200 -0.022045
v 0.022091 0.019200 -0.031358
v 0.021651 0.019200 -0.031300
v 0.020230 0.019200 -0.025425
v 0.021211 0.019200 -0.031358
v 0.018032 0.019200 -0.023430
v 0.020801 0.019200 -0.031528
v -0.000440 0.019200 -0.022142
v -0.000000 0.019200 -0.022200
v 0.002220 0.019200 -0.025422
v 0.020178 0.019200 -0.032150
v 0.001472 0.019200 -0.021350
v 0.020449 0.019200 -0.031798
v 0.001642 0.019200 -0.020940
v 0.007553 0.019200 -0.018019
v 0.010370 0.019200 -0.018954
v 0.013075 0.019200 -0.020176
v 0.015639 0.019200 -0.021674
v 0.019951 0.019200 -0.033000
v 0.015048 0.019200 -0.032024
v 0.020009 0.019200 -0.032560
v 0.013301 0.019200 -0.030297
v 0.004653 0.019200 -0.017382
v 0.001202 0.019200 -0.019298
v 0.000850 0.019200 -0.019028
v 0.020050 0.019200 -0.047953
v 0.020200 0.019200 -0.045500
v 0.020050 0.019200 -0.043047
v 0.021211 0.019200 -0.034642
v 0.019604 0.019200 -0.040631
v 0.020801 0.019200 -0.034472
v 0.018868 0.019200 -0.038287
v 0.020449 0.019200 -0.034202
v 0.020178 0.019200 -0.033850
v 0.011356 0.019200 -0.028794
v 0.009244 0.019200 -0.027539
v 0.006995 0.019200 -0.026550
v 0.001202 0.019200 -0.021702
v 0.004642 0.019200 -0.025841
v 0.000850 0.019200 -0.021972
v 0.000440 0.019200 -0.022142
v 0.001700 0.019200 -0.020500
v 0.001642 0.019200 -0.020060
v 0.001472 0.019200 -0.019650
v 0.001700 0.019200 -0.020500
v 0.001700 0.016200 -0.020500
v 0.001642 0.019200 -0.020060
v 0.001642 0.016200 -0.020060
v 0.001472 0.019200 -0.019650
v 0.001472 0.016200 -0.019650
v 0.001202 0.019200 -0.019298
v 0.001202 0.016200 -0.019298
v 0.000850 0.019200 -0.019028
v 0.000850 0.016200 -0.019028
v 0.000440 0.019200 -0.018858
v 0.000440 0.016200 -0.018858
v -0.000000 0.019200 -0.018800
v -0.000000 0.016200 -0.018800
v -0.000440 0.019200 -0.018858
v -0.000440 0.016200 -0.018858
v -0.000850 0.019200 -0.019028
v -0.000850 0.016200 -0.019028
v -0.001202 0.019200 -0.019298
v -0.001202 0.016200 -0.019298
v -0.001472 0.019200 -0.019650
v -0.001472 0.016200 -0.019650
v -0.001642 0.019200 -0.020060
v -0.001642 0.016200 -0.020060
v -0.001700 0.019200 -0.020500
v -0.001700 0.016200 -0.020500
v -0.001642 0.019200 -0.020940
v -0.001642 0.016200 -0.020940
v -0.001472 0.019200 -0.021350
v -0.001472 0.016200 -0.021350
v -0.001202 0.019200 -0.021702
v -0.001202 0.016200 -0.021702
v -0.000850 0.019200 -0.021972
v -0.000850 0.016200 -0.021972
v -0.000440 0.019200 -0.022142
v -0.000440 0.016200 -0.022142
v -0.000000 0.019200 -0.022200
v -0.000000 0.016200 -0.022200
v 0.000440 0.019200 -0.022142
v 0.000440 0.016200 -0.022142
v 0.000850 0.019200 -0.021972
v 0.000850 0.016200 -0.021972
v 0.001202 0.019200 -0.021702
v 0.001202 0.016200 -0.021702
v 0.001472 0.019200 -0.021350
v 0.001472 0.016200 -0.021350
v 0.001642 0.019200 -0.020940
v 0.001642 0.016200 -0.020940
v -0.015441 0.016200 -0.068012
v -0.010842 0.016200 -0.063413
v -0.015441 0.019200 -0.068012
v -0.010842 0.019200 -0.063413
v 0.023351 0.019200 -0.058000
v 0.023351 0.016200 -0.058000
v 0.023293 0.019200 -0.057560
v 0.023293 0.016200 -0.057560
v 0.023123 0.019200 -0.057150
v 0.023123 0.016200 -0.057150
v 0.022853 0.019200 -0.056798
v 0.022853 0.016200 -0.056798
v 0.022501 0.019200 -0.056528
v 0.022501 0.016200 -0.056528
v 0.022091 0.019200 -0.056358
v 0.022091 0.016200 -0.056358
v 0.021651 0.019200 -0.056300
v 0.021651 0.016200 -0.056300
v 0.021211 0.019200 -0.056358
v 0.021211 0.016200 -0.056358
v 0.020801 0.019200 -0.056528
v 0.020801 0.016200 -0.056528
v 0.020449 0.019200 -0.056798
v 0.020449 0.016200 -0.056798
v 0.020178 0.019200 -0.057150
v 0.020178 0.016200 -0.057150
v 0.020009 0.019200 -0.057560
v 0.020009 0.016200 -0.057560
v 0.019951 0.019200 -0.058000
v 0.019951 0.016200 -0.058000
v 0.020009 0.019200 -0.058440
v 0.020009 0.016200 -0.058440
v 0.020178 0.019200 -0.058850
v 0.020178 0.016200 -0.058850
v 0.020449 0.019200 -0.059202
v 0.020449 0.016200 -0.059202
v 0.020801 0.019200 -0.059472
v 0.020801 0.016200 -0.059472
v 0.021211 0.019200 -0.059642
v 0.021211 0.016200 -0.059642
v 0.021651 0.019200 -0.059700
v 0.021651 0.016200 -0.059700
v 0.022091 0.019200 -0.059642
v 0.022091 0.016200 -0.059642
v 0.022501 0.019200 -0.059472
v 0.022501 0.016200 -0.059472
v 0.022853 0.019200 -0.059202
v 0.022853 0.016200 -0.059202
v 0.023123 0.019200 -0.058850
v 0.023123 0.016200 -0.058850
v 0.023293 0.019200 -0.058440
v 0.023293 0.016200 -0.058440
v 0.023351 0.019200 -0.033000
v 0.023351 0.016200 -0.033000
v 0.023293 0.019200 -0.032560
v 0.023293 0.016200 -0.032560
v 0.023123 0.019200 -0.032150
v 0.023123 0.016200 -0.032150
v 0.022853 0.019200 -0.031798
v 0.022853 0.016200 -0.031798
v 0.022501 0.019200 -0.031528
v 0.022501 0.016200 -0.031528
v 0.022091 0.019200 -0.031358
v 0.022091 0.016200 -0.031358
v 0.021651 0.019200 -0.031300
v 0.021651 0.016200 -0.031300
v 0.021211 0.019200 -0.031358
v 0.021211 0.016200 -0.031358
v 0.020801 0.019200 -0.031528
v 0.020801 0.016200 -0.031528
v 0.020449 0.019200 -0.031798
v 0.020449 0.016200 -0.031798
v 0.020178 0.019200 -0.032150
v 0.020178 0.016200 -0.032150
v 0.020009 0.019200 -0.032560
v 0.020009 0.016200 -0.032560
v 0.019951 0.019200 -0.033000
v 0.019951 0.016200 -0.033000
v 0.020009 0.019200 -0.033440
v 0.020009 0.016200 -0.033440
v 0.020178 0.019200 -0.033850
v 0.020178 0.016200 -0.033850
v 0.020449 0.019200 -0.034202
v 0.020449 0.016200 -0.034202
v 0.020801 0.019200 -0.034472
v 0.020801 0.016200 -0.034472
v 0.021211 0.019200 -0.034642
v 0.021211 0.016200 -0.034642
v 0.021651 0.019200 -0.034700
v 0.021651 0.016200 -0.034700
v 0.022091 0.019200 -0.034642
v 0.022091 0.016200 -0.034642
v 0.022501 0.019200 -0.034472
v 0.022501 0.016200 -0.034472
v 0.022853 0.019200 -0.034202
v 0.022853 0.016200 -0.034202
v 0.023123 0.019200 -0.033850
v 0.023123 0.016200 -0.033850
v 0.023293 0.019200 -0.033440
v 0.023293 0.016200 -0.033440
v 0.001700 0.019200 -0.070500
v 0.001700 0.016200 -0.070500
v 0.001642 0.019200 -0.070060
v 0.001642 0.016200 -0.070060
v 0.001472 0.019200 -0.069650
v 0.001472 0.016200 -0.069650
v 0.001202 0.019200 -0.069298
v 0.001202 0.016200 -0.069298
v 0.000850 0.019200 -0.069028
v 0.000850 0.016200 -0.069028
v 0.000440 0.019200 -0.068858
v 0.000440 0.016200 -0.068858
v -0.000000 0.019200 -0.068800
v -0.000000 0.016200 -0.068800
v -0.000440 0.019200 -0.068858
v -0.000440 0.016200 -0.068858
v -0.000850 0.019200 -0.069028
v -0.000850 0.016200 -0.069028
v -0.001202 0.019200 -0.069298
v -0.001202 0.016200 -0.069298
v -0.001472 0.019200 -0.069650
v -0.001472 0.016200 -0.069650
v -0.001642 0.019200 -0.070060
v -0.001642 0.016200 -0.070060
v -0.001700 0.019200 -0.070500
v -0.001700 0.016200 -0.070500
v -0.001642 0.019200 -0.070940
v -0.001642 0.016200 -0.070940
v -0.001472 0.019200 -0.071350
v -0.001472 0.016200 -0.071350
v -0.001202 0.019200 -0.071702
v -0.001202 0.016200 -0.071702
v -0.000850 0.019200 -0.071972
v -0.000850 0.016200 -0.071972
v -0.000440 0.019200 -0.072142
v -0.000440 0.016200 -0.072142
v -0.000000 0.019200 -0.072200
v -0.000000 0.016200 -0.072200
v 0.000440 0.019200 -0.072142
v 0.000440 0.016200 -0.072142
v 0.000850 0.019200 -0.071972
v 0.000850 0.016200 -0.071972
v 0.001202 0.019200 -0.071702
v 0.001202 0.016200 -0.071702
v 0.001472 0.019200 -0.071350
v 0.001472 0.016200 -0.071350
v 0.001642 0.019200 -0.070940
v 0.001642 0.016200 -0.070940
v -0.015270 0.019200 -0.021436
v -0.015270 0.016200 -0.021436
v -0.012684 0.016200 -0.019978
v -0.012684 0.019200 -0.019978
v -0.009961 0.016200 -0.018797
v -0.009961 0.019200 -0.018797
v -0.007129 0.016200 -0.017906
v -0.007129 0.019200 -0.017906
v -0.004220 0.016200 -0.017314
v -0.004220 0.019200 -0.017314
v -0.001265 0.016200 -0.017028
v -0.001265 0.019200 -0.017028
v 0.001703 0.016200 -0.017051
v 0.001703 0.019200 -0.017051
v 0.004653 0.016200 -0.017382
v 0.004653 0.019200 -0.017382
v 0.007553 0.016200 -0.018019
v 0.007553 0.019200 -0.018019
v 0.010370 0.016200 -0.018954
v 0.010370 0.019200 -0.018954
v 0.013075 0.016200 -0.020176
v 0.013075 0.019200 -0.020176
v 0.015639 0.016200 -0.021674
v 0.015639 0.019200 -0.021674
v 0.018032 0.016200 -0.023430
v 0.018032 0.019200 -0.023430
v 0.020230 0.016200 -0.025425
v 0.020230 0.019200 -0.025425
v 0.022208 0.016200 -0.027638
v 0.022208 0.019200 -0.027638
v 0.023946 0.016200 -0.030045
v 0.023946 0.019200 -0.030045
v 0.025424 0.016200 -0.032620
v 0.025424 0.019200 -0.032620
v 0.026625 0.016200 -0.035334
v 0.026625 0.019200 -0.035334
v 0.027538 0.016200 -0.038159
v 0.027538 0.019200 -0.038159
v 0.028153 0.016200 -0.041063
v 0.028153 0.019200 -0.041063
v 0.028461 0.016200 -0.044016
v 0.028461 0.019200 -0.044016
v 0.028461 0.016200 -0.046984
v 0.028461 0.019200 -0.046984
v 0.028153 0.016200 -0.049937
v 0.028153 0.019200 -0.049937
v 0.027538 0.016200 -0.052841
v 0.027538 0.019200 -0.052841
v 0.026625 0.016200 -0.055666
v 0.026625 0.019200 -0.055666
v 0.025424 0.016200 -0.058380
v 0.025424 0.019200 -0.058380
v 0.023946 0.016200 -0.060955
v 0.023946 0.019200 -0.060955
v 0.022208 0.016200 -0.063362
v 0.022208 0.019200 -0.063362
v 0.020230 0.016200 -0.065575
v 0.020230 0.019200 -0.065575
v 0.018032 0.016200 -0.067570
v 0.018032 0.019200 -0.067570
v 0.015639 0.016200 -0.069326
v 0.015639 0.019200 -0.069326
v 0.013075 0.016200 -0.070824
v 0.013075 0.019200 -0.070824
v 0.010370 0.016200 -0.072046
v 0.010370 0.019200 -0.072046
v 0.007553 0.016200 -0.072981
v 0.007553 0.019200 -0.072981
v 0.004653 0.016200 -0.073618
v 0.004653 0.019200 -0.073618
v 0.001703 0.016200 -0.073949
v 0.001703 0.019200 -0.073949
v -0.001265 0.016200 -0.073972
v -0.001265 0.019200 -0.073972
v -0.004220 0.016200 -0.073686
v -0.004220 0.019200 -0.073686
v -0.007129 0.016200 -0.073094
v -0.007129 0.019200 -0.073094
v -0.009961 0.016200 -0.072203
v -0.009961 0.019200 -0.072203
v -0.012684 0.016200 -0.071022
v -0.012684 0.019200 -0.071022
v -0.015270 0.016200 -0.069564
v -0.015270 0.019200 -0.069564
v -0.010639 0.016200 -0.063257
v -0.010639 0.019200 -0.063257
v -0.010404 0.016200 -0.063157
v -0.010404 0.019200 -0.063157
v -0.010150 0.016200 -0.063120
v -0.010150 0.019200 -0.063120
v -0.009896 0.016200 -0.063150
v -0.009896 0.019200 -0.063150
v -0.015466 0.016200 -0.069401
v -0.015466 0.019200 -0.069401
v -0.015615 0.016200 -0.069193
v -0.015615 0.019200 -0.069193
v -0.015706 0.016200 -0.068955
v -0.015706 0.019200 -0.068955
v -0.015734 0.016200 -0.068702
v -0.015734 0.019200 -0.068702
v -0.015697 0.016200 -0.068449
v -0.015697 0.019200 -0.068449
v -0.015597 0.016200 -0.068214
v -0.015597 0.019200 -0.068214
v -0.015597 0.016200 -0.022786
v -0.015597 0.019200 -0.022786
v -0.015697 0.016200 -0.022551
v -0.015697 0.019200 -0.022551
v -0.015734 0.016200 -0.022298
v -0.015734 0.019200 -0.022298
v -0.015706 0.016200 -0.022045
v -0.015706 0.019200 -0.022045
v -0.015615 0.016200 -0.021807
v -0.015615 0.019200 -0.021807
v -0.015466 0.016200 -0.021599
v -0.015466 0.019200 -0.021599
v -0.009896 0.016200 -0.027851
v -0.009896 0.019200 -0.027851
v -0.010150 0.016200 -0.027880
v -0.010150 0.019200 -0.027880
v -0.010404 0.016200 -0.027843
v -0.010404 0.019200 -0.027843
v -0.010639 0.016200 -0.027743
v -0.010639 0.019200 -0.027743
v 0.017202 0.017200 -0.048718
v 0.017263 0.017200 -0.048225
v 0.010125 0.017200 -0.048225
v 0.010535 0.017200 -0.031526
v 0.010125 0.017200 -0.031255
v 0.010125 0.017200 -0.036754
v 0.001378 0.017200 -0.052872
v -0.000000 0.017200 -0.054246
v 0.002709 0.017200 -0.052494
v 0.007975 0.017200 -0.054246
v 0.005985 0.017200 -0.050020
v 0.005053 0.017200 -0.051043
v 0.007975 0.017200 -0.051125
v 0.004944 0.017200 -0.051125
v 0.003948 0.017200 -0.051877
v 0.007468 0.017200 -0.046192
v 0.007214 0.017200 -0.047552
v 0.007975 0.017200 -0.048225
v 0.006953 0.017200 -0.048225
v 0.006714 0.017200 -0.048843
v 0.007468 0.017200 -0.044808
v 0.007975 0.017200 -0.042775
v 0.007214 0.017200 -0.043448
v -0.000000 0.017200 -0.036754
v -0.000000 0.017200 -0.038000
v 0.001378 0.017200 -0.038128
v 0.007975 0.017200 -0.036754
v 0.003948 0.017200 -0.039123
v 0.005053 0.017200 -0.039957
v 0.005985 0.017200 -0.040980
v 0.006714 0.017200 -0.042157
v 0.006953 0.017200 -0.042775
v 0.002709 0.017200 -0.038506
v -0.006953 0.017200 -0.042775
v -0.006714 0.017200 -0.042157
v -0.010125 0.017200 -0.036754
v -0.005985 0.017200 -0.040980
v -0.005053 0.017200 -0.039957
v -0.003948 0.017200 -0.039123
v -0.002709 0.017200 -0.038506
v -0.001378 0.017200 -0.038128
v -0.010125 0.017200 -0.042775
v -0.007214 0.017200 -0.043448
v -0.007468 0.017200 -0.044808
v -0.007468 0.017200 -0.046192
v -0.010125 0.017200 -0.048225
v -0.007214 0.017200 -0.047552
v -0.005053 0.017200 -0.051043
v -0.005985 0.017200 -0.050020
v -0.010125 0.017200 -0.051125
v -0.006714 0.017200 -0.048843
v -0.006953 0.017200 -0.048225
v -0.010125 0.017200 -0.054246
v -0.003948 0.017200 -0.051877
v -0.004944 0.017200 -0.051125
v -0.000000 0.017200 -0.053000
v -0.001378 0.017200 -0.052872
v -0.002709 0.017200 -0.052494
v -0.034875 0.017200 -0.042252
v -0.033971 0.017200 -0.041878
v -0.034113 0.017200 -0.040625
v -0.033000 0.017200 -0.040500
v -0.035169 0.017200 -0.040995
v -0.036117 0.017200 -0.041591
v -0.035556 0.017200 -0.042775
v -0.036909 0.017200 -0.042383
v -0.037156 0.017200 -0.042775
v -0.033000 0.017200 -0.041750
v -0.032029 0.017200 -0.041878
v -0.022225 0.017200 -0.040500
v -0.031125 0.017200 -0.042252
v -0.022225 0.017200 -0.042775
v -0.015437 0.017200 -0.037257
v -0.016334 0.017200 -0.039218
v -0.016559 0.017200 -0.039642
v -0.016878 0.017200 -0.040001
v -0.015127 0.017200 -0.036754
v -0.017274 0.017200 -0.040273
v -0.017724 0.017200 -0.040442
v -0.018200 0.017200 -0.040500
v -0.010125 0.017200 -0.031257
v -0.011412 0.017200 -0.032233
v -0.012958 0.017200 -0.033738
v -0.014306 0.017200 -0.035421
v -0.005278 0.017200 -0.032959
v -0.005108 0.017200 -0.033369
v -0.000000 0.017200 -0.030054
v -0.007600 0.017200 -0.035281
v -0.007952 0.017200 -0.035011
v -0.005050 0.017200 -0.033809
v -0.005108 0.017200 -0.034249
v -0.005278 0.017200 -0.034659
v -0.005548 0.017200 -0.035011
v -0.005900 0.017200 -0.035281
v -0.006310 0.017200 -0.035451
v -0.006750 0.017200 -0.035509
v -0.007190 0.017200 -0.035451
v -0.006750 0.017200 -0.032109
v -0.006310 0.017200 -0.032167
v -0.005900 0.017200 -0.032336
v -0.005548 0.017200 -0.032607
v -0.008222 0.017200 -0.034659
v -0.008392 0.017200 -0.034249
v -0.008450 0.017200 -0.033809
v -0.008392 0.017200 -0.033369
v -0.008222 0.017200 -0.032959
v -0.009694 0.017200 -0.030930
v -0.007952 0.017200 -0.032607
v -0.008183 0.017200 -0.030054
v -0.007600 0.017200 -0.032336
v -0.007190 0.017200 -0.032167
v -0.007828 0.017200 -0.029849
v -0.005844 0.017200 -0.029005
v -0.000000 0.017200 -0.028024
v -0.001640 0.017200 -0.028077
v -0.003771 0.017200 -0.028411
v 0.004770 0.017200 -0.028663
v 0.002663 0.017200 -0.028204
v 0.000515 0.017200 -0.028008
v 0.008736 0.017200 -0.030337
v 0.008168 0.017200 -0.030054
v 0.007975 0.017200 -0.030054
v 0.007975 0.017200 -0.029959
v 0.006805 0.017200 -0.029377
v 0.007975 0.017200 -0.032636
v 0.008222 0.017200 -0.032959
v 0.008392 0.017200 -0.033369
v 0.008450 0.017200 -0.033809
v 0.008392 0.017200 -0.034249
v 0.008222 0.017200 -0.034659
v 0.014874 0.017200 -0.036280
v 0.013627 0.017200 -0.034521
v 0.012173 0.017200 -0.032928
v 0.010125 0.017200 -0.042775
v 0.017263 0.017200 -0.042775
v 0.017202 0.017200 -0.042282
v 0.016675 0.017200 -0.040190
v 0.015895 0.017200 -0.038180
v 0.015129 0.017200 -0.036754
v 0.017467 0.017200 -0.046578
v 0.015142 0.017200 -0.045940
v 0.014972 0.017200 -0.046350
v 0.014702 0.017200 -0.046702
v 0.014350 0.017200 -0.046972
v 0.012650 0.017200 -0.046972
v 0.012298 0.017200 -0.046702
v 0.012028 0.017200 -0.046350
v 0.011858 0.017200 -0.045940
v 0.011800 0.017200 -0.045500
v 0.011858 0.017200 -0.045060
v 0.013940 0.017200 -0.047142
v 0.013500 0.017200 -0.047200
v 0.013060 0.017200 -0.047142
v 0.012028 0.017200 -0.044650
v 0.012298 0.017200 -0.044298
v 0.012650 0.017200 -0.044028
v 0.014350 0.017200 -0.044028
v 0.014702 0.017200 -0.044298
v 0.014972 0.017200 -0.044650
v 0.017467 0.017200 -0.044422
v 0.015142 0.017200 -0.045060
v 0.015200 0.017200 -0.045500
v 0.013060 0.017200 -0.043858
v 0.013500 0.017200 -0.043800
v 0.013940 0.017200 -0.043858
v 0.010125 0.017200 -0.054246
v 0.015895 0.017200 -0.052820
v 0.010125 0.017200 -0.051125
v 0.016553 0.017200 -0.051125
v 0.016675 0.017200 -0.050810
v 0.010535 0.017200 -0.059474
v 0.012173 0.017200 -0.058072
v 0.013627 0.017200 -0.056479
v 0.014874 0.017200 -0.054720
v 0.015129 0.017200 -0.054246
v 0.008222 0.017200 -0.056341
v 0.008392 0.017200 -0.056751
v 0.010125 0.017200 -0.059745
v 0.008450 0.017200 -0.057191
v 0.008392 0.017200 -0.057631
v 0.008222 0.017200 -0.058041
v 0.008736 0.017200 -0.060663
v 0.007975 0.017200 -0.058364
v 0.007975 0.017200 -0.061042
v 0.007952 0.017200 -0.058393
v 0.005050 0.017200 -0.057191
v 0.005108 0.017200 -0.056751
v 0.005278 0.017200 -0.056341
v 0.005548 0.017200 -0.055989
v 0.007190 0.017200 -0.055549
v 0.007600 0.017200 -0.055719
v 0.007952 0.017200 -0.055989
v 0.007975 0.017200 -0.056019
v 0.007600 0.017200 -0.058664
v 0.007190 0.017200 -0.058833
v 0.006805 0.017200 -0.061623
v 0.006750 0.017200 -0.058891
v 0.004770 0.017200 -0.062337
v 0.006310 0.017200 -0.058833
v 0.002663 0.017200 -0.062796
v 0.005900 0.017200 -0.058664
v 0.000515 0.017200 -0.062992
v 0.005548 0.017200 -0.058393
v -0.000000 0.017200 -0.062976
v 0.005278 0.017200 -0.058041
v 0.005108 0.017200 -0.057631
v 0.005900 0.017200 -0.055719
v 0.006310 0.017200 -0.055549
v 0.006750 0.017200 -0.055491
v -0.007828 0.017200 -0.061151
v -0.005844 0.017200 -0.061995
v -0.006750 0.017200 -0.058891
v -0.007952 0.017200 -0.055989
v -0.007600 0.017200 -0.055719
v -0.005900 0.017200 -0.055719
v -0.005548 0.017200 -0.055989
v -0.005050 0.017200 -0.057191
v -0.005278 0.017200 -0.056341
v -0.005108 0.017200 -0.056751
v -0.007190 0.017200 -0.058833
v -0.007600 0.017200 -0.058664
v -0.009694 0.017200 -0.060070
v -0.007952 0.017200 -0.058393
v -0.010125 0.017200 -0.059743
v -0.008222 0.017200 -0.058041
v -0.008392 0.017200 -0.057631
v -0.007190 0.017200 -0.055549
v -0.006750 0.017200 -0.055491
v -0.006310 0.017200 -0.055549
v -0.005108 0.017200 -0.057631
v -0.005278 0.017200 -0.058041
v -0.001640 0.017200 -0.062923
v -0.005548 0.017200 -0.058393
v -0.003771 0.017200 -0.062589
v -0.005900 0.017200 -0.058664
v -0.006310 0.017200 -0.058833
v -0.008450 0.017200 -0.057191
v -0.008392 0.017200 -0.056751
v -0.008222 0.017200 -0.056341
v -0.014306 0.017200 -0.055579
v -0.012958 0.017200 -0.057262
v -0.011412 0.017200 -0.058767
v -0.016559 0.017200 -0.051358
v -0.016334 0.017200 -0.051782
v -0.015437 0.017200 -0.053743
v -0.015127 0.017200 -0.054246
v -0.017724 0.017200 -0.050558
v -0.017274 0.017200 -0.050727
v -0.016878 0.017200 -0.050999
v -0.016766 0.017200 -0.051125
v -0.018200 0.017200 -0.050500
v -0.022225 0.017200 -0.048225
v -0.022225 0.017200 -0.050500
v -0.033000 0.017200 -0.050500
v -0.033000 0.017200 -0.049250
v -0.034113 0.017200 -0.050375
v -0.033971 0.017200 -0.049122
v -0.035169 0.017200 -0.050005
v -0.034875 0.017200 -0.048748
v -0.036117 0.017200 -0.049409
v -0.035556 0.017200 -0.048225
v -0.036909 0.017200 -0.048617
v -0.037156 0.017200 -0.048225
v -0.035652 0.017200 -0.048152
v -0.036248 0.017200 -0.047375
v -0.037505 0.017200 -0.047669
v -0.036622 0.017200 -0.046471
v -0.037875 0.017200 -0.046613
v -0.038000 0.017200 -0.045500
v -0.036750 0.017200 -0.045500
v -0.037875 0.017200 -0.044387
v -0.036622 0.017200 -0.044529
v -0.037505 0.017200 -0.043331
v -0.036248 0.017200 -0.043625
v -0.035652 0.017200 -0.042848
v 0.005108 0.017200 -0.034249
v 0.005050 0.017200 -0.033809
v 0.005108 0.017200 -0.033369
v 0.005278 0.017200 -0.032959
v 0.007975 0.017200 -0.034981
v 0.007952 0.017200 -0.035011
v 0.007600 0.017200 -0.035281
v 0.005900 0.017200 -0.035281
v 0.005548 0.017200 -0.035011
v 0.005278 0.017200 -0.034659
v 0.007600 0.017200 -0.032336
v 0.007190 0.017200 -0.032167
v 0.006750 0.017200 -0.032109
v 0.007952 0.017200 -0.032607
v 0.007190 0.017200 -0.035451
v 0.006750 0.017200 -0.035509
v 0.006310 0.017200 -0.035451
v 0.005548 0.017200 -0.032607
v 0.005900 0.017200 -0.032336
v 0.006310 0.017200 -0.032167
v -0.029752 0.017200 -0.047375
v -0.030348 0.017200 -0.048152
v -0.030444 0.017200 -0.048225
v -0.031125 0.017200 -0.048748
v -0.032029 0.017200 -0.049122
v -0.030444 0.017200 -0.042775
v -0.030348 0.017200 -0.042848
v -0.029752 0.017200 -0.043625
v -0.029378 0.017200 -0.044529
v -0.029250 0.017200 -0.045500
v -0.029378 0.017200 -0.046471
v -0.014350 0.017200 -0.046972
v -0.014702 0.017200 -0.046702
v -0.014972 0.017200 -0.046350
v -0.015142 0.017200 -0.045940
v -0.015200 0.017200 -0.045500
v -0.015142 0.017200 -0.045060
v -0.012650 0.017200 -0.044028
v -0.012298 0.017200 -0.044298
v -0.012028 0.017200 -0.044650
v -0.012650 0.017200 -0.046972
v -0.012298 0.017200 -0.046702
v -0.012028 0.017200 -0.046350
v -0.013060 0.017200 -0.047142
v -0.013500 0.017200 -0.047200
v -0.013940 0.017200 -0.047142
v -0.014972 0.017200 -0.044650
v -0.014702 0.017200 -0.044298
v -0.014350 0.017200 -0.044028
v -0.011858 0.017200 -0.045060
v -0.011800 0.017200 -0.045500
v -0.011858 0.017200 -0.045940
v -0.013940 0.017200 -0.043858
v -0.013500 0.017200 -0.043800
v -0.013060 0.017200 -0.043858
v 0.001378 0.020800 -0.038128
v -0.000000 0.020800 -0.038000
v 0.000515 0.020800 -0.028008
v 0.002709 0.020800 -0.038506
v 0.003611 0.020800 -0.032968
v 0.003500 0.020800 -0.033809
v 0.003935 0.020800 -0.058816
v 0.005157 0.020800 -0.060932
v -0.003611 0.020800 -0.058033
v 0.003948 0.020800 -0.039123
v 0.003611 0.020800 -0.034650
v 0.003935 0.020800 -0.035434
v -0.010361 0.020800 -0.044659
v -0.010685 0.020800 -0.043875
v -0.008375 0.020800 -0.036623
v 0.004792 0.020800 -0.028702
v 0.004999 0.020800 -0.028861
v 0.005157 0.020800 -0.029068
v 0.003935 0.020800 -0.032184
v 0.002663 0.020800 -0.028204
v 0.005157 0.020800 -0.030068
v 0.004551 0.020800 -0.028602
v 0.005257 0.020800 -0.029827
v 0.005291 0.020800 -0.029568
v 0.006714 0.020800 -0.048843
v 0.010250 0.020800 -0.045500
v 0.005985 0.020800 -0.050020
v 0.005053 0.020800 -0.051043
v 0.009565 0.020800 -0.055566
v 0.016675 0.020800 -0.050810
v 0.015895 0.020800 -0.052820
v 0.005257 0.020800 -0.029309
v 0.010361 0.020800 -0.044659
v 0.007214 0.020800 -0.043448
v 0.006714 0.020800 -0.042157
v 0.007214 0.020800 -0.047552
v 0.007468 0.020800 -0.046192
v 0.007468 0.020800 -0.044808
v 0.014874 0.020800 -0.054720
v 0.013627 0.020800 -0.056479
v 0.010786 0.020800 -0.057682
v 0.012358 0.020800 -0.057890
v 0.009048 0.020800 -0.054893
v 0.008375 0.020800 -0.054377
v 0.007591 0.020800 -0.054052
v 0.006750 0.020800 -0.053941
v 0.005909 0.020800 -0.054052
v -0.003611 0.020800 -0.056350
v 0.005125 0.020800 -0.054377
v 0.004452 0.020800 -0.054893
v 0.004792 0.020800 -0.062298
v 0.004551 0.020800 -0.062398
v -0.003935 0.020800 -0.058816
v 0.002663 0.020800 -0.062796
v 0.003935 0.020800 -0.055566
v 0.003611 0.020800 -0.056350
v -0.003500 0.020800 -0.057191
v 0.003500 0.020800 -0.057191
v 0.003611 0.020800 -0.058033
v -0.012958 0.020800 -0.033738
v -0.012358 0.020800 -0.033110
v -0.010786 0.020800 -0.033318
v -0.013500 0.020800 -0.042250
v -0.014341 0.020800 -0.042361
v -0.015437 0.020800 -0.037257
v -0.016334 0.020800 -0.039218
v 0.004452 0.020800 -0.036107
v 0.005125 0.020800 -0.036623
v 0.005053 0.020800 -0.039957
v 0.005909 0.020800 -0.036948
v 0.005985 0.020800 -0.040980
v 0.006750 0.020800 -0.037059
v 0.007591 0.020800 -0.036948
v 0.010685 0.020800 -0.043875
v 0.009048 0.020800 -0.036107
v 0.012659 0.020800 -0.042361
v 0.008375 0.020800 -0.036623
v 0.011875 0.020800 -0.042685
v 0.011202 0.020800 -0.043202
v -0.003771 0.020800 -0.062589
v -0.005157 0.020800 -0.060932
v -0.004551 0.020800 -0.062398
v 0.005257 0.020800 -0.061173
v 0.005291 0.020800 -0.061432
v 0.005257 0.020800 -0.061691
v -0.011202 0.020800 -0.043202
v -0.011875 0.020800 -0.042685
v -0.009048 0.020800 -0.036107
v -0.012659 0.020800 -0.042361
v -0.009565 0.020800 -0.035434
v -0.014306 0.020800 -0.035421
v 0.012151 0.020800 -0.058049
v 0.011910 0.020800 -0.058148
v 0.011652 0.020800 -0.058182
v 0.000515 0.020800 -0.062992
v -0.001640 0.020800 -0.062923
v 0.005157 0.020800 -0.061932
v 0.004999 0.020800 -0.062139
v -0.005909 0.020800 -0.054052
v -0.011202 0.020800 -0.047798
v -0.005125 0.020800 -0.054377
v -0.004452 0.020800 -0.054893
v 0.012358 0.020800 -0.033110
v 0.013627 0.020800 -0.034521
v 0.013500 0.020800 -0.042250
v 0.014874 0.020800 -0.036280
v 0.009565 0.020800 -0.035434
v 0.010786 0.020800 -0.033318
v 0.010945 0.020800 -0.033111
v 0.011393 0.020800 -0.058148
v 0.011152 0.020800 -0.058048
v 0.010945 0.020800 -0.057889
v -0.005257 0.020800 -0.061691
v -0.005291 0.020800 -0.061432
v -0.005257 0.020800 -0.061173
v -0.012151 0.020800 -0.032951
v -0.011910 0.020800 -0.032852
v -0.011652 0.020800 -0.032818
v -0.011393 0.020800 -0.032852
v -0.011152 0.020800 -0.032952
v -0.010945 0.020800 -0.033111
v -0.018200 0.020800 -0.040500
v -0.017724 0.020800 -0.040442
v -0.015798 0.020800 -0.043202
v -0.017274 0.020800 -0.040273
v -0.015125 0.020800 -0.042685
v -0.016878 0.020800 -0.040001
v -0.016559 0.020800 -0.039642
v -0.032224 0.020800 -0.048398
v -0.031500 0.020800 -0.048098
v -0.033000 0.020800 -0.050500
v 0.016943 0.020800 -0.041251
v 0.016909 0.020800 -0.041510
v 0.015943 0.020800 -0.042250
v 0.011152 0.020800 -0.032952
v 0.011393 0.020800 -0.032852
v 0.011652 0.020800 -0.032818
v 0.011910 0.020800 -0.032852
v 0.012151 0.020800 -0.032951
v -0.035121 0.020800 -0.043379
v -0.035598 0.020800 -0.044000
v -0.037505 0.020800 -0.043331
v -0.017274 0.020800 -0.050727
v -0.015798 0.020800 -0.047798
v -0.016878 0.020800 -0.050999
v -0.015125 0.020800 -0.048315
v -0.016559 0.020800 -0.051358
v -0.014341 0.020800 -0.048639
v -0.016334 0.020800 -0.051782
v 0.012659 0.020800 -0.048639
v 0.013500 0.020800 -0.048750
v 0.015943 0.020800 -0.048750
v -0.005053 0.020800 -0.039957
v -0.005909 0.020800 -0.036948
v -0.003948 0.020800 -0.039123
v -0.005125 0.020800 -0.036623
v -0.002709 0.020800 -0.038506
v -0.004452 0.020800 -0.036107
v -0.001378 0.020800 -0.038128
v -0.003935 0.020800 -0.035434
v 0.015895 0.020800 -0.038180
v 0.016675 0.020800 -0.040190
v 0.016910 0.020800 -0.040992
v -0.004792 0.020800 -0.062298
v -0.004999 0.020800 -0.062139
v -0.005157 0.020800 -0.061932
v -0.037875 0.020800 -0.044387
v -0.035898 0.020800 -0.044724
v -0.038000 0.020800 -0.045500
v -0.036000 0.020800 -0.045500
v -0.037875 0.020800 -0.046613
v -0.035898 0.020800 -0.046276
v -0.037505 0.020800 -0.047669
v -0.035598 0.020800 -0.047000
v -0.036909 0.020800 -0.048617
v -0.035121 0.020800 -0.047621
v -0.036117 0.020800 -0.049409
v 0.016809 0.020800 -0.041751
v 0.016650 0.020800 -0.041958
v 0.016202 0.020800 -0.042216
v 0.016443 0.020800 -0.042116
v -0.035169 0.020800 -0.050005
v -0.034500 0.020800 -0.048098
v -0.034113 0.020800 -0.050375
v -0.033776 0.020800 -0.048398
v -0.033000 0.020800 -0.048500
v -0.017724 0.020800 -0.050558
v -0.018200 0.020800 -0.050500
v -0.016315 0.020800 -0.047125
v -0.016639 0.020800 -0.046341
v -0.030879 0.020800 -0.047621
v -0.012958 0.020800 -0.057262
v -0.010786 0.020800 -0.057682
v -0.012358 0.020800 -0.057890
v -0.010945 0.020800 -0.057889
v -0.012151 0.020800 -0.058049
v -0.006750 0.020800 -0.053941
v -0.007591 0.020800 -0.054052
v -0.011875 0.020800 -0.048315
v -0.008375 0.020800 -0.054377
v -0.012659 0.020800 -0.048639
v -0.009048 0.020800 -0.054893
v -0.009565 0.020800 -0.055566
v -0.006714 0.020800 -0.042157
v -0.007214 0.020800 -0.043448
v -0.010361 0.020800 -0.046341
v -0.003611 0.020800 -0.034650
v -0.003500 0.020800 -0.033809
v -0.003611 0.020800 -0.032968
v -0.003935 0.020800 -0.032184
v -0.030402 0.020800 -0.044000
v -0.030879 0.020800 -0.043379
v -0.031500 0.020800 -0.042902
v -0.033000 0.020800 -0.040500
v -0.011393 0.020800 -0.058148
v -0.011652 0.020800 -0.058182
v -0.011910 0.020800 -0.058148
v -0.013500 0.020800 -0.048750
v -0.014306 0.020800 -0.055579
v -0.015437 0.020800 -0.053743
v 0.016443 0.020800 -0.048884
v 0.016650 0.020800 -0.049043
v 0.016809 0.020800 -0.049249
v 0.016909 0.020800 -0.049490
v 0.016943 0.020800 -0.049749
v 0.016910 0.020800 -0.050008
v -0.016315 0.020800 -0.043875
v -0.016639 0.020800 -0.044659
v -0.036909 0.020800 -0.042383
v -0.036117 0.020800 -0.041591
v -0.034500 0.020800 -0.042902
v -0.035169 0.020800 -0.040995
v -0.033776 0.020800 -0.042602
v -0.034113 0.020800 -0.040625
v -0.033000 0.020800 -0.042500
v -0.032224 0.020800 -0.042602
v 0.010361 0.020800 -0.046341
v 0.010685 0.020800 -0.047125
v 0.003948 0.020800 -0.051877
v 0.011202 0.020800 -0.047798
v 0.011875 0.020800 -0.048315
v -0.005985 0.020800 -0.040980
v -0.007591 0.020800 -0.036948
v -0.006750 0.020800 -0.037059
v -0.030402 0.020800 -0.047000
v -0.030102 0.020800 -0.046276
v -0.016750 0.020800 -0.045500
v -0.030000 0.020800 -0.045500
v -0.030102 0.020800 -0.044724
v -0.011152 0.020800 -0.058048
v -0.001378 0.020800 -0.052872
v -0.000000 0.020800 -0.053000
v -0.003935 0.020800 -0.055566
v 0.001378 0.020800 -0.052872
v 0.002709 0.020800 -0.052494
v -0.010250 0.020800 -0.045500
v -0.007468 0.020800 -0.044808
v -0.007468 0.020800 -0.046192
v -0.010685 0.020800 -0.047125
v -0.007214 0.020800 -0.047552
v 0.016202 0.020800 -0.048784
v -0.004792 0.020800 -0.028702
v -0.004551 0.020800 -0.028602
v -0.005157 0.020800 -0.030068
v -0.003771 0.020800 -0.028411
v -0.001640 0.020800 -0.028077
v -0.006714 0.020800 -0.048843
v -0.005985 0.020800 -0.050020
v -0.005257 0.020800 -0.029309
v -0.005157 0.020800 -0.029068
v -0.004999 0.020800 -0.028861
v -0.005053 0.020800 -0.051043
v -0.003948 0.020800 -0.051877
v -0.002709 0.020800 -0.052494
v -0.005291 0.020800 -0.029568
v -0.005257 0.020800 -0.029827
v -0.033000 0.020800 -0.040500
v -0.033000 0.017200 -0.040500
v -0.018200 0.020800 -0.040500
v -0.022225 0.017200 -0.040500
v -0.018200 0.017200 -0.040500
v 0.002663 0.017200 -0.028204
v 0.002663 0.020800 -0.028204
v 0.000515 0.020800 -0.028008
v 0.016675 0.017200 -0.040190
v 0.016675 0.020800 -0.040190
v 0.015895 0.020800 -0.038180
v -0.003771 0.017200 -0.062589
v -0.003771 0.020800 -0.062589
v -0.001640 0.020800 -0.062923
v -0.016334 0.017200 -0.051782
v -0.016334 0.020800 -0.051782
v -0.015437 0.020800 -0.053743
v 0.004770 0.017200 -0.062337
v 0.004770 0.018700 -0.062337
v 0.006805 0.018700 -0.061623
v 0.012358 0.018700 -0.057890
v 0.012358 0.020800 -0.057890
v 0.013627 0.020800 -0.056479
v 0.012173 0.017200 -0.032928
v 0.012173 0.018700 -0.032928
v 0.010535 0.018700 -0.031526
v 0.006805 0.017200 -0.029377
v 0.006805 0.018700 -0.029377
v 0.004770 0.018700 -0.028663
v -0.005844 0.017200 -0.029005
v -0.005844 0.018700 -0.029005
v -0.007828 0.018700 -0.029849
v -0.012358 0.018700 -0.033110
v -0.012358 0.020800 -0.033110
v -0.012958 0.020800 -0.033738
v -0.011412 0.018700 -0.032233
v -0.012958 0.017200 -0.033738
v -0.011412 0.017200 -0.032233
v -0.010125 0.017200 -0.031257
v -0.009694 0.018700 -0.030930
v -0.009694 0.017200 -0.030930
v -0.008183 0.017200 -0.030054
v -0.007828 0.017200 -0.029849
v -0.004551 0.018700 -0.028602
v -0.003771 0.017200 -0.028411
v -0.004551 0.020800 -0.028602
v 0.004551 0.020800 -0.028602
v 0.004551 0.018700 -0.028602
v 0.004770 0.017200 -0.028663
v 0.008736 0.018700 -0.030337
v 0.007975 0.017200 -0.029959
v 0.008168 0.017200 -0.030054
v 0.008736 0.017200 -0.030337
v 0.010125 0.017200 -0.031255
v 0.010535 0.017200 -0.031526
v 0.012358 0.018700 -0.033110
v 0.013627 0.017200 -0.034521
v 0.012358 0.020800 -0.033110
v 0.016910 0.020800 -0.040992
v 0.016910 0.018700 -0.040992
v 0.017202 0.018700 -0.042282
v 0.017202 0.017200 -0.042282
v 0.017263 0.017200 -0.042775
v 0.017467 0.018700 -0.044422
v 0.017467 0.017200 -0.044422
v 0.017467 0.017200 -0.046578
v 0.017467 0.018700 -0.046578
v 0.017263 0.017200 -0.048225
v 0.017202 0.018700 -0.048718
v 0.017202 0.017200 -0.048718
v 0.016910 0.018700 -0.050008
v 0.016675 0.017200 -0.050810
v 0.012173 0.018700 -0.058072
v 0.013627 0.017200 -0.056479
v 0.012173 0.017200 -0.058072
v 0.010535 0.017200 -0.059474
v 0.010535 0.018700 -0.059474
v 0.010125 0.017200 -0.059745
v 0.008736 0.018700 -0.060663
v 0.008736 0.017200 -0.060663
v 0.007975 0.017200 -0.061042
v 0.006805 0.017200 -0.061623
v 0.004551 0.018700 -0.062398
v 0.002663 0.017200 -0.062796
v 0.004551 0.020800 -0.062398
v -0.004551 0.020800 -0.062398
v -0.004551 0.018700 -0.062398
v -0.005844 0.018700 -0.061995
v -0.005844 0.017200 -0.061995
v -0.007828 0.017200 -0.061151
v -0.007828 0.018700 -0.061151
v -0.009694 0.017200 -0.060070
v -0.009694 0.018700 -0.060070
v -0.010125 0.017200 -0.059743
v -0.011412 0.018700 -0.058767
v -0.011412 0.017200 -0.058767
v -0.012358 0.018700 -0.057890
v -0.012958 0.017200 -0.057262
v -0.012358 0.020800 -0.057890
v -0.012958 0.020800 -0.057262
v -0.014306 0.017200 -0.055579
v -0.014306 0.020800 -0.055579
v -0.015127 0.017200 -0.054246
v -0.015437 0.017200 -0.053743
v 0.002663 0.020800 -0.062796
v 0.000515 0.017200 -0.062992
v 0.000515 0.020800 -0.062992
v -0.000000 0.017200 -0.062976
v -0.001640 0.017200 -0.062923
v 0.014874 0.020800 -0.054720
v 0.014874 0.017200 -0.054720
v 0.015129 0.017200 -0.054246
v 0.015895 0.020800 -0.052820
v 0.015895 0.017200 -0.052820
v 0.016553 0.017200 -0.051125
v 0.016675 0.020800 -0.050810
v 0.016910 0.020800 -0.050008
v 0.013627 0.020800 -0.034521
v 0.014874 0.017200 -0.036280
v 0.014874 0.020800 -0.036280
v 0.015129 0.017200 -0.036754
v 0.015895 0.017200 -0.038180
v -0.003771 0.020800 -0.028411
v -0.001640 0.017200 -0.028077
v -0.001640 0.020800 -0.028077
v -0.000000 0.017200 -0.028024
v 0.000515 0.017200 -0.028008
v -0.014306 0.020800 -0.035421
v -0.014306 0.017200 -0.035421
v -0.015127 0.017200 -0.036754
v -0.015437 0.020800 -0.037257
v -0.015437 0.017200 -0.037257
v -0.016334 0.020800 -0.039218
v -0.016334 0.017200 -0.039218
v -0.033000 0.017200 -0.050500
v -0.033000 0.020800 -0.050500
v -0.022225 0.017200 -0.050500
v -0.018200 0.020800 -0.050500
v -0.018200 0.017200 -0.050500
v -0.034113 0.020800 -0.040625
v -0.034113 0.017200 -0.040625
v -0.035169 0.020800 -0.040995
v -0.035169 0.017200 -0.040995
v -0.036117 0.020800 -0.041591
v -0.036117 0.017200 -0.041591
v -0.036909 0.020800 -0.042383
v -0.036909 0.017200 -0.042383
v -0.037156 0.017200 -0.042775
v -0.037505 0.020800 -0.043331
v -0.037505 0.017200 -0.043331
v -0.037875 0.020800 -0.044387
v -0.037875 0.017200 -0.044387
v -0.038000 0.020800 -0.045500
v -0.038000 0.017200 -0.045500
v -0.037875 0.020800 -0.046613
v -0.037875 0.017200 -0.046613
v -0.037505 0.020800 -0.047669
v -0.037505 0.017200 -0.047669
v -0.037156 0.017200 -0.048225
v -0.036909 0.020800 -0.048617
v -0.036909 0.017200 -0.048617
v -0.036117 0.020800 -0.049409
v -0.036117 0.017200 -0.049409
v -0.035169 0.020800 -0.050005
v -0.035169 0.017200 -0.050005
v -0.034113 0.020800 -0.050375
v -0.034113 0.017200 -0.050375
v -0.006750 0.017200 -0.055491
v -0.006750 0.018700 -0.055491
v -0.006310 0.017200 -0.055549
v -0.006310 0.018700 -0.055549
v -0.005900 0.017200 -0.055719
v -0.005900 0.018700 -0.055719
v -0.005548 0.017200 -0.055989
v -0.005548 0.018700 -0.055989
v -0.005278 0.017200 -0.056341
v -0.005278 0.018700 -0.056341
v -0.005108 0.017200 -0.056751
v -0.005108 0.018700 -0.056751
v -0.005050 0.017200 -0.057191
v -0.005050 0.018700 -0.057191
v -0.005108 0.017200 -0.057631
v -0.005108 0.018700 -0.057631
v -0.005278 0.017200 -0.058041
v -0.005278 0.018700 -0.058041
v -0.005548 0.017200 -0.058393
v -0.005548 0.018700 -0.058393
v -0.005900 0.017200 -0.058664
v -0.005900 0.018700 -0.058664
v -0.006310 0.017200 -0.058833
v -0.006310 0.018700 -0.058833
v -0.006750 0.017200 -0.058891
v -0.006750 0.018700 -0.058891
v -0.007190 0.017200 -0.058833
v -0.007190 0.018700 -0.058833
v -0.007600 0.017200 -0.058664
v -0.007600 0.018700 -0.058664
v -0.007952 0.017200 -0.058393
v -0.007952 0.018700 -0.058393
v -0.008222 0.017200 -0.058041
v -0.008222 0.018700 -0.058041
v -0.008392 0.017200 -0.057631
v -0.008392 0.018700 -0.057631
v -0.008450 0.017200 -0.057191
v -0.008450 0.018700 -0.057191
v -0.008392 0.017200 -0.056751
v -0.008392 0.018700 -0.056751
v -0.008222 0.017200 -0.056341
v -0.008222 0.018700 -0.056341
v -0.007952 0.017200 -0.055989
v -0.007952 0.018700 -0.055989
v -0.007600 0.017200 -0.055719
v -0.007600 0.018700 -0.055719
v -0.007190 0.017200 -0.055549
v -0.007190 0.018700 -0.055549
v 0.007952 0.018700 -0.058393
v 0.007975 0.017200 -0.058364
v 0.008222 0.018700 -0.058041
v 0.008222 0.017200 -0.058041
v 0.008392 0.018700 -0.057631
v 0.008392 0.017200 -0.057631
v 0.008450 0.018700 -0.057191
v 0.008450 0.017200 -0.057191
v 0.008392 0.018700 -0.056751
v 0.008392 0.017200 -0.056751
v 0.008222 0.018700 -0.056341
v 0.008222 0.017200 -0.056341
v 0.007975 0.017200 -0.056019
v 0.007952 0.018700 -0.055989
v 0.007952 0.017200 -0.055989
v 0.007600 0.018700 -0.055719
v 0.007600 0.017200 -0.055719
v 0.007190 0.018700 -0.055549
v 0.007190 0.017200 -0.055549
v 0.006750 0.018700 -0.055491
v 0.006750 0.017200 -0.055491
v 0.006310 0.018700 -0.055549
v 0.006310 0.017200 -0.055549
v 0.005900 0.018700 -0.055719
v 0.005900 0.017200 -0.055719
v 0.005548 0.018700 -0.055989
v 0.005548 0.017200 -0.055989
v 0.005278 0.018700 -0.056341
v 0.005278 0.017200 -0.056341
v 0.005108 0.018700 -0.056751
v 0.005108 0.017200 -0.056751
v 0.005050 0.018700 -0.057191
v 0.005050 0.017200 -0.057191
v 0.005108 0.018700 -0.057631
v 0.005108 0.017200 -0.057631
v 0.005278 0.018700 -0.058041
v 0.005278 0.017200 -0.058041
v 0.005548 0.018700 -0.058393
v 0.005548 0.017200 -0.058393
v 0.005900 0.018700 -0.058664
v 0.005900 0.017200 -0.058664
v 0.006310 0.018700 -0.058833
v 0.006310 0.017200 -0.058833
v 0.006750 0.018700 -0.058891
v 0.006750 0.017200 -0.058891
v 0.007190 0.018700 -0.058833
v 0.007190 0.017200 -0.058833
v 0.007600 0.018700 -0.058664
v 0.007600 0.017200 -0.058664
v 0.007952 0.017200 -0.058393
v 0.013500 0.017200 -0.043800
v 0.013500 0.018700 -0.043800
v 0.013940 0.017200 -0.043858
v 0.013940 0.018700 -0.043858
v 0.014350 0.017200 -0.044028
v 0.014350 0.018700 -0.044028
v 0.014702 0.017200 -0.044298
v 0.014702 0.018700 -0.044298
v 0.014972 0.017200 -0.044650
v 0.014972 0.018700 -0.044650
v 0.015142 0.017200 -0.045060
v 0.015142 0.018700 -0.045060
v 0.015200 0.017200 -0.045500
v 0.015200 0.018700 -0.045500
v 0.015142 0.017200 -0.045940
v 0.015142 0.018700 -0.045940
v 0.014972 0.017200 -0.046350
v 0.014972 0.018700 -0.046350
v 0.014702 0.017200 -0.046702
v 0.014702 0.018700 -0.046702
v 0.014350 0.017200 -0.046972
v 0.014350 0.018700 -0.046972
v 0.013940 0.017200 -0.047142
v 0.013940 0.018700 -0.047142
v 0.013500 0.017200 -0.047200
v 0.013500 0.018700 -0.047200
v 0.013060 0.017200 -0.047142
v 0.013060 0.018700 -0.047142
v 0.012650 0.017200 -0.046972
v 0.012650 0.018700 -0.046972
v 0.012298 0.017200 -0.046702
v 0.012298 0.018700 -0.046702
v 0.012028 0.017200 -0.046350
v 0.012028 0.018700 -0.046350
v 0.011858 0.017200 -0.045940
v 0.011858 0.018700 -0.045940
v 0.011800 0.017200 -0.045500
v 0.011800 0.018700 -0.045500
v 0.011858 0.017200 -0.045060
v 0.011858 0.018700 -0.045060
v 0.012028 0.017200 -0.044650
v 0.012028 0.018700 -0.044650
v 0.012298 0.017200 -0.044298
v 0.012298 0.018700 -0.044298
v 0.012650 0.017200 -0.044028
v 0.012650 0.018700 -0.044028
v 0.013060 0.017200 -0.043858
v 0.013060 0.018700 -0.043858
v 0.007952 0.018700 -0.035011
v 0.007975 0.017200 -0.034981
v 0.008222 0.018700 -0.034659
v 0.008222 0.017200 -0.034659
v 0.008392 0.018700 -0.034249
v 0.008392 0.017200 -0.034249
v 0.008450 0.018700 -0.033809
v 0.008450 0.017200 -0.033809
v 0.008392 0.018700 -0.033369
v 0.008392 0.017200 -0.033369
v 0.008222 0.018700 -0.032959
v 0.008222 0.017200 -0.032959
v 0.007975 0.017200 -0.032636
v 0.007952 0.018700 -0.032607
v 0.007952 0.017200 -0.032607
v 0.007600 0.018700 -0.032336
v 0.007600 0.017200 -0.032336
v 0.007190 0.018700 -0.032167
v 0.007190 0.017200 -0.032167
v 0.006750 0.018700 -0.032109
v 0.006750 0.017200 -0.032109
v 0.006310 0.018700 -0.032167
v 0.006310 0.017200 -0.032167
v 0.005900 0.018700 -0.032336
v 0.005900 0.017200 -0.032336
v 0.005548 0.018700 -0.032607
v 0.005548 0.017200 -0.032607
v 0.005278 0.018700 -0.032959
v 0.005278 0.017200 -0.032959
v 0.005108 0.018700 -0.033369
v 0.005108 0.017200 -0.033369
v 0.005050 0.018700 -0.033809
v 0.005050 0.017200 -0.033809
v 0.005108 0.018700 -0.034249
v 0.005108 0.017200 -0.034249
v 0.005278 0.018700 -0.034659
v 0.005278 0.017200 -0.034659
v 0.005548 0.018700 -0.035011
v 0.005548 0.017200 -0.035011
v 0.005900 0.018700 -0.035281
v 0.005900 0.017200 -0.035281
v 0.006310 0.018700 -0.035451
v 0.006310 0.017200 -0.035451
v 0.006750 0.018700 -0.035509
v 0.006750 0.017200 -0.035509
v 0.007190 0.018700 -0.035451
v 0.007190 0.017200 -0.035451
v 0.007600 0.018700 -0.035281
v 0.007600 0.017200 -0.035281
v 0.007952 0.017200 -0.035011
v -0.006750 0.017200 -0.032109
v -0.006750 0.018700 -0.032109
v -0.006310 0.017200 -0.032167
v -0.006310 0.018700 -0.032167
v -0.005900 0.017200 -0.032336
v -0.005900 0.018700 -0.032336
v -0.005548 0.017200 -0.032607
v -0.005548 0.018700 -0.032607
v -0.005278 0.017200 -0.032959
v -0.005278 0.018700 -0.032959
v -0.005108 0.017200 -0.033369
v -0.005108 0.018700 -0.033369
v -0.005050 0.017200 -0.033809
v -0.005050 0.018700 -0.033809
v -0.005108 0.017200 -0.034249
v -0.005108 0.018700 -0.034249
v -0.005278 0.017200 -0.034659
v -0.005278 0.018700 -0.034659
v -0.005548 0.017200 -0.035011
v -0.005548 0.018700 -0.035011
v -0.005900 0.017200 -0.035281
v -0.005900 0.018700 -0.035281
v -0.006310 0.017200 -0.035451
v -0.006310 0.018700 -0.035451
v -0.006750 0.017200 -0.035509
v -0.006750 0.018700 -0.035509
v -0.007190 0.017200 -0.035451
v -0.007190 0.018700 -0.035451
v -0.007600 0.017200 -0.035281
v -0.007600 0.018700 -0.035281
v -0.007952 0.017200 -0.035011
v -0.007952 0.018700 -0.035011
v -0.008222 0.017200 -0.034659
v -0.008222 0.018700 -0.034659
v -0.008392 0.017200 -0.034249
v -0.008392 0.018700 -0.034249
v -0.008450 0.017200 -0.033809
v -0.008450 0.018700 -0.033809
v -0.008392 0.017200 -0.033369
v -0.008392 0.018700 -0.033369
v -0.008222 0.017200 -0.032959
v -0.008222 0.018700 -0.032959
v -0.007952 0.017200 -0.032607
v -0.007952 0.018700 -0.032607
v -0.007600 0.017200 -0.032336
v -0.007600 0.018700 -0.032336
v -0.007190 0.017200 -0.032167
v -0.007190 0.018700 -0.032167
v -0.013500 0.017200 -0.043800
v -0.013500 0.018700 -0.043800
v -0.013060 0.017200 -0.043858
v -0.013060 0.018700 -0.043858
v -0.012650 0.017200 -0.044028
v -0.012650 0.018700 -0.044028
v -0.012298 0.017200 -0.044298
v -0.012298 0.018700 -0.044298
v -0.012028 0.017200 -0.044650
v -0.012028 0.018700 -0.044650
v -0.011858 0.017200 -0.045060
v -0.011858 0.018700 -0.045060
v -0.011800 0.017200 -0.045500
v -0.011800 0.018700 -0.045500
v -0.011858 0.017200 -0.045940
v -0.011858 0.018700 -0.045940
v -0.012028 0.017200 -0.046350
v -0.012028 0.018700 -0.046350
v -0.012298 0.017200 -0.046702
v -0.012298 0.018700 -0.046702
v -0.012650 0.017200 -0.046972
v -0.012650 0.018700 -0.046972
v -0.013060 0.017200 -0.047142
v -0.013060 0.018700 -0.047142
v -0.013500 0.017200 -0.047200
v -0.013500 0.018700 -0.047200
v -0.013940 0.017200 -0.047142
v -0.013940 0.018700 -0.047142
v -0.014350 0.017200 -0.046972
v -0.014350 0.018700 -0.046972
v -0.014702 0.017200 -0.046702
v -0.014702 0.018700 -0.046702
v -0.014972 0.017200 -0.046350
v -0.014972 0.018700 -0.046350
v -0.015142 0.017200 -0.045940
v -0.015142 0.018700 -0.045940
v -0.015200 0.017200 -0.045500
v -0.015200 0.018700 -0.045500
v -0.015142 0.017200 -0.045060
v -0.015142 0.018700 -0.045060
v -0.014972 0.017200 -0.044650
v -0.014972 0.018700 -0.044650
v -0.014702 0.017200 -0.044298
v -0.014702 0.018700 -0.044298
v -0.014350 0.017200 -0.044028
v -0.014350 0.018700 -0.044028
v -0.013940 0.017200 -0.043858
v -0.013940 0.018700 -0.043858
v 0.006714 0.020800 -0.048843
v 0.006953 0.017200 -0.048225
v 0.007214 0.020800 -0.047552
v 0.007214 0.017200 -0.047552
v 0.007468 0.020800 -0.046192
v 0.007468 0.017200 -0.046192
v 0.007468 0.020800 -0.044808
v 0.007468 0.017200 -0.044808
v 0.007214 0.020800 -0.043448
v 0.003948 0.020800 -0.051877
v 0.004944 0.017200 -0.051125
v 0.005053 0.020800 -0.051043
v 0.005053 0.017200 -0.051043
v 0.005985 0.020800 -0.050020
v 0.005985 0.017200 -0.050020
v 0.006714 0.017200 -0.048843
v -0.005053 0.020800 -0.051043
v -0.004944 0.017200 -0.051125
v -0.003948 0.020800 -0.051877
v -0.003948 0.017200 -0.051877
v -0.002709 0.020800 -0.052494
v -0.002709 0.017200 -0.052494
v -0.001378 0.020800 -0.052872
v -0.001378 0.017200 -0.052872
v -0.000000 0.020800 -0.053000
v -0.000000 0.017200 -0.053000
v 0.001378 0.020800 -0.052872
v 0.001378 0.017200 -0.052872
v 0.002709 0.020800 -0.052494
v 0.002709 0.017200 -0.052494
v 0.003948 0.017200 -0.051877
v -0.007214 0.020800 -0.047552
v -0.006953 0.017200 -0.048225
v -0.006714 0.020800 -0.048843
v -0.006714 0.017200 -0.048843
v -0.005985 0.020800 -0.050020
v -0.005985 0.017200 -0.050020
v -0.005053 0.017200 -0.051043
v -0.006714 0.020800 -0.042157
v -0.006953 0.017200 -0.042775
v -0.007214 0.020800 -0.043448
v -0.007214 0.017200 -0.043448
v -0.007468 0.020800 -0.044808
v -0.007468 0.017200 -0.044808
v -0.007468 0.020800 -0.046192
v -0.007468 0.017200 -0.046192
v -0.007214 0.017200 -0.047552
v 0.007214 0.017200 -0.043448
v 0.006953 0.017200 -0.042775
v 0.006714 0.020800 -0.042157
v 0.006714 0.017200 -0.042157
v 0.005985 0.020800 -0.040980
v 0.005985 0.017200 -0.040980
v 0.005053 0.020800 -0.039957
v 0.005053 0.017200 -0.039957
v 0.003948 0.020800 -0.039123
v 0.003948 0.017200 -0.039123
v 0.002709 0.020800 -0.038506
v 0.002709 0.017200 -0.038506
v 0.001378 0.020800 -0.038128
v 0.001378 0.017200 -0.038128
v -0.000000 0.020800 -0.038000
v -0.000000 0.017200 -0.038000
v -0.001378 0.020800 -0.038128
v -0.001378 0.017200 -0.038128
v -0.002709 0.020800 -0.038506
v -0.002709 0.017200 -0.038506
v -0.003948 0.020800 -0.039123
v -0.003948 0.017200 -0.039123
v -0.005053 0.020800 -0.039957
v -0.005053 0.017200 -0.039957
v -0.005985 0.020800 -0.040980
v -0.005985 0.017200 -0.040980
v -0.006714 0.017200 -0.042157
v -0.010786 0.020800 -0.057682
v -0.009565 0.020800 -0.055566
v -0.010786 0.018700 -0.057682
v -0.009565 0.018700 -0.055566
v -0.009048 0.018700 -0.054893
v -0.009048 0.020800 -0.054893
v -0.008375 0.018700 -0.054377
v -0.008375 0.020800 -0.054377
v -0.007591 0.018700 -0.054052
v -0.007591 0.020800 -0.054052
v -0.006750 0.018700 -0.053941
v -0.006750 0.020800 -0.053941
v -0.005909 0.018700 -0.054052
v -0.005909 0.020800 -0.054052
v -0.005125 0.018700 -0.054377
v -0.005125 0.020800 -0.054377
v -0.004452 0.018700 -0.054893
v -0.004452 0.020800 -0.054893
v -0.003935 0.018700 -0.055566
v -0.003935 0.020800 -0.055566
v -0.003611 0.018700 -0.056350
v -0.003611 0.020800 -0.056350
v -0.003500 0.018700 -0.057191
v -0.003500 0.020800 -0.057191
v -0.003611 0.018700 -0.058033
v -0.003611 0.020800 -0.058033
v -0.003935 0.018700 -0.058816
v -0.003935 0.020800 -0.058816
v -0.005157 0.018700 -0.060932
v -0.005157 0.020800 -0.060932
v -0.005844 0.018700 -0.029005
v -0.004551 0.018700 -0.028602
v -0.004792 0.018700 -0.028702
v -0.008392 0.018700 -0.033369
v -0.008450 0.018700 -0.033809
v -0.011412 0.018700 -0.032233
v -0.004999 0.018700 -0.028861
v -0.005157 0.018700 -0.029068
v -0.005257 0.018700 -0.029309
v -0.006750 0.018700 -0.032109
v -0.007190 0.018700 -0.032167
v -0.007828 0.018700 -0.029849
v -0.007600 0.018700 -0.032336
v -0.009694 0.018700 -0.030930
v -0.007952 0.018700 -0.032607
v -0.008222 0.018700 -0.032959
v -0.003935 0.018700 -0.032184
v -0.005548 0.018700 -0.032607
v -0.005157 0.018700 -0.030068
v -0.005900 0.018700 -0.032336
v -0.005257 0.018700 -0.029827
v -0.006310 0.018700 -0.032167
v -0.005291 0.018700 -0.029568
v -0.011393 0.018700 -0.032852
v -0.011652 0.018700 -0.032818
v -0.008392 0.018700 -0.034249
v -0.009565 0.018700 -0.035434
v -0.008222 0.018700 -0.034659
v -0.009048 0.018700 -0.036107
v -0.007952 0.018700 -0.035011
v -0.008375 0.018700 -0.036623
v -0.007600 0.018700 -0.035281
v -0.007591 0.018700 -0.036948
v -0.007190 0.018700 -0.035451
v -0.006750 0.018700 -0.037059
v -0.006750 0.018700 -0.035509
v -0.005909 0.018700 -0.036948
v -0.006310 0.018700 -0.035451
v -0.005125 0.018700 -0.036623
v -0.005900 0.018700 -0.035281
v -0.004452 0.018700 -0.036107
v -0.005548 0.018700 -0.035011
v -0.003935 0.018700 -0.035434
v -0.005278 0.018700 -0.034659
v -0.003611 0.018700 -0.034650
v -0.005108 0.018700 -0.034249
v -0.003500 0.018700 -0.033809
v -0.005050 0.018700 -0.033809
v -0.003611 0.018700 -0.032968
v -0.005108 0.018700 -0.033369
v -0.005278 0.018700 -0.032959
v -0.010786 0.018700 -0.033318
v -0.010945 0.018700 -0.033111
v -0.011152 0.018700 -0.032952
v -0.011910 0.018700 -0.032852
v -0.012151 0.018700 -0.032951
v -0.012358 0.018700 -0.033110
v -0.010786 0.018700 -0.033318
v -0.009565 0.018700 -0.035434
v -0.010786 0.020800 -0.033318
v -0.009565 0.020800 -0.035434
v -0.005157 0.020800 -0.030068
v -0.003935 0.020800 -0.032184
v -0.005157 0.018700 -0.030068
v -0.003935 0.018700 -0.032184
v -0.003611 0.018700 -0.032968
v -0.003611 0.020800 -0.032968
v -0.003500 0.018700 -0.033809
v -0.003500 0.020800 -0.033809
v -0.003611 0.018700 -0.034650
v -0.003611 0.020800 -0.034650
v -0.003935 0.018700 -0.035434
v -0.003935 0.020800 -0.035434
v -0.004452 0.018700 -0.036107
v -0.004452 0.020800 -0.036107
v -0.005125 0.018700 -0.036623
v -0.005125 0.020800 -0.036623
v -0.005909 0.018700 -0.036948
v -0.005909 0.020800 -0.036948
v -0.006750 0.018700 -0.037059
v -0.006750 0.020800 -0.037059
v -0.007591 0.018700 -0.036948
v -0.007591 0.020800 -0.036948
v -0.008375 0.018700 -0.036623
v -0.008375 0.020800 -0.036623
v -0.009048 0.018700 -0.036107
v -0.009048 0.020800 -0.036107
v -0.008222 0.018700 -0.058041
v -0.007952 0.018700 -0.058393
v -0.009694 0.018700 -0.060070
v -0.004792 0.018700 -0.062298
v -0.004551 0.018700 -0.062398
v -0.005844 0.018700 -0.061995
v -0.003935 0.018700 -0.058816
v -0.005278 0.018700 -0.058041
v -0.003611 0.018700 -0.058033
v -0.005108 0.018700 -0.057631
v -0.003500 0.018700 -0.057191
v -0.005050 0.018700 -0.057191
v -0.003611 0.018700 -0.056350
v -0.005108 0.018700 -0.056751
v -0.003935 0.018700 -0.055566
v -0.005278 0.018700 -0.056341
v -0.004452 0.018700 -0.054893
v -0.005548 0.018700 -0.055989
v -0.005125 0.018700 -0.054377
v -0.005900 0.018700 -0.055719
v -0.005909 0.018700 -0.054052
v -0.006310 0.018700 -0.055549
v -0.006750 0.018700 -0.053941
v -0.006750 0.018700 -0.055491
v -0.007591 0.018700 -0.054052
v -0.007190 0.018700 -0.055549
v -0.008375 0.018700 -0.054377
v -0.007600 0.018700 -0.055719
v -0.009048 0.018700 -0.054893
v -0.007952 0.018700 -0.055989
v -0.009565 0.018700 -0.055566
v -0.007828 0.018700 -0.061151
v -0.004999 0.018700 -0.062139
v -0.008222 0.018700 -0.056341
v -0.008392 0.018700 -0.056751
v -0.010786 0.018700 -0.057682
v -0.008450 0.018700 -0.057191
v -0.010945 0.018700 -0.057889
v -0.008392 0.018700 -0.057631
v -0.011412 0.018700 -0.058767
v -0.012358 0.018700 -0.057890
v -0.012151 0.018700 -0.058049
v -0.011910 0.018700 -0.058148
v -0.011652 0.018700 -0.058182
v -0.011393 0.018700 -0.058148
v -0.011152 0.018700 -0.058048
v -0.007600 0.018700 -0.058664
v -0.007190 0.018700 -0.058833
v -0.006750 0.018700 -0.058891
v -0.006310 0.018700 -0.058833
v -0.005257 0.018700 -0.061173
v -0.005157 0.018700 -0.060932
v -0.005900 0.018700 -0.058664
v -0.005548 0.018700 -0.058393
v -0.005291 0.018700 -0.061432
v -0.005257 0.018700 -0.061691
v -0.005157 0.018700 -0.061932
v -0.013500 0.018700 -0.047200
v -0.013500 0.018700 -0.048750
v -0.013940 0.018700 -0.047142
v -0.014341 0.018700 -0.048639
v -0.014350 0.018700 -0.046972
v -0.015125 0.018700 -0.048315
v -0.014702 0.018700 -0.046702
v -0.015798 0.018700 -0.047798
v -0.014972 0.018700 -0.046350
v -0.016315 0.018700 -0.047125
v -0.015142 0.018700 -0.045940
v -0.016639 0.018700 -0.046341
v -0.015200 0.018700 -0.045500
v -0.016750 0.018700 -0.045500
v -0.015142 0.018700 -0.045060
v -0.016639 0.018700 -0.044659
v -0.014972 0.018700 -0.044650
v -0.016315 0.018700 -0.043875
v -0.014702 0.018700 -0.044298
v -0.015798 0.018700 -0.043202
v -0.014350 0.018700 -0.044028
v -0.015125 0.018700 -0.042685
v -0.013940 0.018700 -0.043858
v -0.014341 0.018700 -0.042361
v -0.013500 0.018700 -0.043800
v -0.013500 0.018700 -0.042250
v -0.013060 0.018700 -0.043858
v -0.012659 0.018700 -0.042361
v -0.012650 0.018700 -0.044028
v -0.011875 0.018700 -0.042685
v -0.012298 0.018700 -0.044298
v -0.011202 0.018700 -0.043202
v -0.012028 0.018700 -0.044650
v -0.010685 0.018700 -0.043875
v -0.011858 0.018700 -0.045060
v -0.010361 0.018700 -0.044659
v -0.011800 0.018700 -0.045500
v -0.010250 0.018700 -0.045500
v -0.011858 0.018700 -0.045940
v -0.010361 0.018700 -0.046341
v -0.012028 0.018700 -0.046350
v -0.010685 0.018700 -0.047125
v -0.012298 0.018700 -0.046702
v -0.011202 0.018700 -0.047798
v -0.012650 0.018700 -0.046972
v -0.011875 0.018700 -0.048315
v -0.013060 0.018700 -0.047142
v -0.012659 0.018700 -0.048639
v -0.013500 0.018700 -0.042250
v -0.013500 0.020800 -0.042250
v -0.012659 0.018700 -0.042361
v -0.012659 0.020800 -0.042361
v -0.011875 0.018700 -0.042685
v -0.011875 0.020800 -0.042685
v -0.011202 0.018700 -0.043202
v -0.011202 0.020800 -0.043202
v -0.010685 0.018700 -0.043875
v -0.010685 0.020800 -0.043875
v -0.010361 0.018700 -0.044659
v -0.010361 0.020800 -0.044659
v -0.010250 0.018700 -0.045500
v -0.010250 0.020800 -0.045500
v -0.010361 0.018700 -0.046341
v -0.010361 0.020800 -0.046341
v -0.010685 0.018700 -0.047125
v -0.010685 0.020800 -0.047125
v -0.011202 0.018700 -0.047798
v -0.011202 0.020800 -0.047798
v -0.011875 0.018700 -0.048315
v -0.011875 0.020800 -0.048315
v -0.012659 0.018700 -0.048639
v -0.012659 0.020800 -0.048639
v -0.013500 0.018700 -0.048750
v -0.013500 0.020800 -0.048750
v -0.014341 0.018700 -0.048639
v -0.014341 0.020800 -0.048639
v -0.015125 0.018700 -0.048315
v -0.015125 0.020800 -0.048315
v -0.015798 0.018700 -0.047798
v -0.015798 0.020800 -0.047798
v -0.016315 0.018700 -0.047125
v -0.016315 0.020800 -0.047125
v -0.016639 0.018700 -0.046341
v -0.016639 0.020800 -0.046341
v -0.016750 0.018700 -0.045500
v -0.016750 0.020800 -0.045500
v -0.016639 0.018700 -0.044659
v -0.016639 0.020800 -0.044659
v -0.016315 0.018700 -0.043875
v -0.016315 0.020800 -0.043875
v -0.015798 0.018700 -0.043202
v -0.015798 0.020800 -0.043202
v -0.015125 0.018700 -0.042685
v -0.015125 0.020800 -0.042685
v -0.014341 0.018700 -0.042361
v -0.014341 0.020800 -0.042361
v 0.009565 0.018700 -0.035434
v 0.009565 0.020800 -0.035434
v 0.009048 0.018700 -0.036107
v 0.009048 0.020800 -0.036107
v 0.008375 0.018700 -0.036623
v 0.008375 0.020800 -0.036623
v 0.007591 0.018700 -0.036948
v 0.007591 0.020800 -0.036948
v 0.006750 0.018700 -0.037059
v 0.006750 0.020800 -0.037059
v 0.005909 0.018700 -0.036948
v 0.005909 0.020800 -0.036948
v 0.005125 0.018700 -0.036623
v 0.005125 0.020800 -0.036623
v 0.004452 0.018700 -0.036107
v 0.004452 0.020800 -0.036107
v 0.003935 0.018700 -0.035434
v 0.003935 0.020800 -0.035434
v 0.003611 0.018700 -0.034650
v 0.003611 0.020800 -0.034650
v 0.003500 0.018700 -0.033809
v 0.003500 0.020800 -0.033809
v 0.003611 0.018700 -0.032968
v 0.003611 0.020800 -0.032968
v 0.003935 0.018700 -0.032184
v 0.003935 0.020800 -0.032184
v 0.010786 0.020800 -0.033318
v 0.010786 0.018700 -0.033318
v 0.005157 0.018700 -0.030068
v 0.005157 0.020800 -0.030068
v 0.003935 0.018700 -0.032184
v 0.005157 0.018700 -0.030068
v 0.005900 0.018700 -0.032336
v 0.005257 0.018700 -0.029827
v 0.006310 0.018700 -0.032167
v 0.008450 0.018700 -0.033809
v 0.011393 0.018700 -0.032852
v 0.011152 0.018700 -0.032952
v 0.012173 0.018700 -0.032928
v 0.012358 0.018700 -0.033110
v 0.012151 0.018700 -0.032951
v 0.006805 0.018700 -0.029377
v 0.006750 0.018700 -0.032109
v 0.004999 0.018700 -0.028861
v 0.004770 0.018700 -0.028663
v 0.004792 0.018700 -0.028702
v 0.004551 0.018700 -0.028602
v 0.009565 0.018700 -0.035434
v 0.008392 0.018700 -0.034249
v 0.010786 0.018700 -0.033318
v 0.010945 0.018700 -0.033111
v 0.010535 0.018700 -0.031526
v 0.011910 0.018700 -0.032852
v 0.011652 0.018700 -0.032818
v 0.005291 0.018700 -0.029568
v 0.005257 0.018700 -0.029309
v 0.005157 0.018700 -0.029068
v 0.008392 0.018700 -0.033369
v 0.008222 0.018700 -0.032959
v 0.007952 0.018700 -0.032607
v 0.008736 0.018700 -0.030337
v 0.007600 0.018700 -0.032336
v 0.007190 0.018700 -0.032167
v 0.005548 0.018700 -0.032607
v 0.005278 0.018700 -0.032959
v 0.003611 0.018700 -0.032968
v 0.005108 0.018700 -0.033369
v 0.003500 0.018700 -0.033809
v 0.005050 0.018700 -0.033809
v 0.003611 0.018700 -0.034650
v 0.005108 0.018700 -0.034249
v 0.003935 0.018700 -0.035434
v 0.005278 0.018700 -0.034659
v 0.004452 0.018700 -0.036107
v 0.005548 0.018700 -0.035011
v 0.005125 0.018700 -0.036623
v 0.005900 0.018700 -0.035281
v 0.005909 0.018700 -0.036948
v 0.006310 0.018700 -0.035451
v 0.006750 0.018700 -0.037059
v 0.006750 0.018700 -0.035509
v 0.007591 0.018700 -0.036948
v 0.007190 0.018700 -0.035451
v 0.008375 0.018700 -0.036623
v 0.007600 0.018700 -0.035281
v 0.009048 0.018700 -0.036107
v 0.007952 0.018700 -0.035011
v 0.008222 0.018700 -0.034659
v 0.013500 0.018700 -0.048750
v 0.013500 0.020800 -0.048750
v 0.012659 0.018700 -0.048639
v 0.012659 0.020800 -0.048639
v 0.011875 0.018700 -0.048315
v 0.011875 0.020800 -0.048315
v 0.011202 0.018700 -0.047798
v 0.011202 0.020800 -0.047798
v 0.010685 0.018700 -0.047125
v 0.010685 0.020800 -0.047125
v 0.010361 0.018700 -0.046341
v 0.010361 0.020800 -0.046341
v 0.010250 0.018700 -0.045500
v 0.010250 0.020800 -0.045500
v 0.010361 0.018700 -0.044659
v 0.010361 0.020800 -0.044659
v 0.010685 0.018700 -0.043875
v 0.010685 0.020800 -0.043875
v 0.011202 0.018700 -0.043202
v 0.011202 0.020800 -0.043202
v 0.011875 0.018700 -0.042685
v 0.011875 0.020800 -0.042685
v 0.012659 0.018700 -0.042361
v 0.012659 0.020800 -0.042361
v 0.013500 0.018700 -0.042250
v 0.013500 0.020800 -0.042250
v 0.015943 0.020800 -0.048750
v 0.015943 0.018700 -0.048750
v 0.015943 0.018700 -0.042250
v 0.015943 0.020800 -0.042250
v 0.016943 0.018700 -0.041251
v 0.016910 0.018700 -0.040992
v 0.017202 0.018700 -0.042282
v 0.016909 0.018700 -0.041510
v 0.017467 0.018700 -0.046578
v 0.015200 0.018700 -0.045500
v 0.017467 0.018700 -0.044422
v 0.015142 0.018700 -0.045060
v 0.014972 0.018700 -0.044650
v 0.014702 0.018700 -0.044298
v 0.016202 0.018700 -0.042216
v 0.015943 0.018700 -0.042250
v 0.014350 0.018700 -0.044028
v 0.013500 0.018700 -0.042250
v 0.013940 0.018700 -0.043858
v 0.013500 0.018700 -0.043800
v 0.012659 0.018700 -0.042361
v 0.013060 0.018700 -0.043858
v 0.011875 0.018700 -0.042685
v 0.012650 0.018700 -0.044028
v 0.011202 0.018700 -0.043202
v 0.012298 0.018700 -0.044298
v 0.010685 0.018700 -0.043875
v 0.012028 0.018700 -0.044650
v 0.010361 0.018700 -0.044659
v 0.011858 0.018700 -0.045060
v 0.010250 0.018700 -0.045500
v 0.011800 0.018700 -0.045500
v 0.010361 0.018700 -0.046341
v 0.011858 0.018700 -0.045940
v 0.010685 0.018700 -0.047125
v 0.012028 0.018700 -0.046350
v 0.011202 0.018700 -0.047798
v 0.012298 0.018700 -0.046702
v 0.011875 0.018700 -0.048315
v 0.012650 0.018700 -0.046972
v 0.012659 0.018700 -0.048639
v 0.013060 0.018700 -0.047142
v 0.013500 0.018700 -0.048750
v 0.016443 0.018700 -0.048884
v 0.014350 0.018700 -0.046972
v 0.016650 0.018700 -0.049043
v 0.014702 0.018700 -0.046702
v 0.014972 0.018700 -0.046350
v 0.016443 0.018700 -0.042116
v 0.016650 0.018700 -0.041958
v 0.016809 0.018700 -0.041751
v 0.013500 0.018700 -0.047200
v 0.013940 0.018700 -0.047142
v 0.015943 0.018700 -0.048750
v 0.016202 0.018700 -0.048784
v 0.016910 0.018700 -0.050008
v 0.016943 0.018700 -0.049749
v 0.017202 0.018700 -0.048718
v 0.016909 0.018700 -0.049490
v 0.016809 0.018700 -0.049249
v 0.015142 0.018700 -0.045940
v 0.003935 0.018700 -0.058816
v 0.003935 0.020800 -0.058816
v 0.003611 0.018700 -0.058033
v 0.003611 0.020800 -0.058033
v 0.003500 0.018700 -0.057191
v 0.003500 0.020800 -0.057191
v 0.003611 0.018700 -0.056350
v 0.003611 0.020800 -0.056350
v 0.003935 0.018700 -0.055566
v 0.003935 0.020800 -0.055566
v 0.004452 0.018700 -0.054893
v 0.004452 0.020800 -0.054893
v 0.005125 0.018700 -0.054377
v 0.005125 0.020800 -0.054377
v 0.005909 0.018700 -0.054052
v 0.005909 0.020800 -0.054052
v 0.006750 0.018700 -0.053941
v 0.006750 0.020800 -0.053941
v 0.007591 0.018700 -0.054052
v 0.007591 0.020800 -0.054052
v 0.008375 0.018700 -0.054377
v 0.008375 0.020800 -0.054377
v 0.009048 0.018700 -0.054893
v 0.009048 0.020800 -0.054893
v 0.009565 0.018700 -0.055566
v 0.009565 0.020800 -0.055566
v 0.005157 0.020800 -0.060932
v 0.005157 0.018700 -0.060932
v 0.010786 0.018700 -0.057682
v 0.010786 0.020800 -0.057682
v 0.009565 0.018700 -0.055566
v 0.010786 0.018700 -0.057682
v 0.008450 0.018700 -0.057191
v 0.010945 0.018700 -0.057889
v 0.008392 0.018700 -0.057631
v 0.008392 0.018700 -0.056751
v 0.008222 0.018700 -0.056341
v 0.009048 0.018700 -0.054893
v 0.007952 0.018700 -0.055989
v 0.008375 0.018700 -0.054377
v 0.007600 0.018700 -0.055719
v 0.007591 0.018700 -0.054052
v 0.007190 0.018700 -0.055549
v 0.006750 0.018700 -0.053941
v 0.006750 0.018700 -0.055491
v 0.005909 0.018700 -0.054052
v 0.006310 0.018700 -0.055549
v 0.005125 0.018700 -0.054377
v 0.005900 0.018700 -0.055719
v 0.004452 0.018700 -0.054893
v 0.005548 0.018700 -0.055989
v 0.003935 0.018700 -0.055566
v 0.005278 0.018700 -0.056341
v 0.003611 0.018700 -0.056350
v 0.005108 0.018700 -0.056751
v 0.003500 0.018700 -0.057191
v 0.005050 0.018700 -0.057191
v 0.003611 0.018700 -0.058033
v 0.005108 0.018700 -0.057631
v 0.003935 0.018700 -0.058816
v 0.010535 0.018700 -0.059474
v 0.008222 0.018700 -0.058041
v 0.011910 0.018700 -0.058148
v 0.012173 0.018700 -0.058072
v 0.012151 0.018700 -0.058049
v 0.012358 0.018700 -0.057890
v 0.011152 0.018700 -0.058048
v 0.011393 0.018700 -0.058148
v 0.011652 0.018700 -0.058182
v 0.005900 0.018700 -0.058664
v 0.005257 0.018700 -0.061691
v 0.005291 0.018700 -0.061432
v 0.004770 0.018700 -0.062337
v 0.004551 0.018700 -0.062398
v 0.004792 0.018700 -0.062298
v 0.005278 0.018700 -0.058041
v 0.005548 0.018700 -0.058393
v 0.005157 0.018700 -0.060932
v 0.005257 0.018700 -0.061173
v 0.006805 0.018700 -0.061623
v 0.005157 0.018700 -0.061932
v 0.004999 0.018700 -0.062139
v 0.006310 0.018700 -0.058833
v 0.006750 0.018700 -0.058891
v 0.007190 0.018700 -0.058833
v 0.008736 0.018700 -0.060663
v 0.007600 0.018700 -0.058664
v 0.007952 0.018700 -0.058393
v 0.016943 0.020800 -0.049749
v 0.016943 0.018700 -0.049749
v 0.016909 0.020800 -0.049490
v 0.016909 0.018700 -0.049490
v 0.016809 0.020800 -0.049249
v 0.016809 0.018700 -0.049249
v 0.016650 0.020800 -0.049043
v 0.016650 0.018700 -0.049043
v 0.016443 0.020800 -0.048884
v 0.016443 0.018700 -0.048884
v 0.016202 0.020800 -0.048784
v 0.016202 0.018700 -0.048784
v 0.016202 0.020800 -0.042216
v 0.016202 0.018700 -0.042216
v 0.016443 0.020800 -0.042116
v 0.016443 0.018700 -0.042116
v 0.016650 0.020800 -0.041958
v 0.016650 0.018700 -0.041958
v 0.016809 0.020800 -0.041751
v 0.016809 0.018700 -0.041751
v 0.016909 0.020800 -0.041510
v 0.016909 0.018700 -0.041510
v 0.016943 0.020800 -0.041251
v 0.016943 0.018700 -0.041251
v 0.010945 0.020800 -0.057889
v 0.010945 0.018700 -0.057889
v 0.011152 0.020800 -0.058048
v 0.011152 0.018700 -0.058048
v 0.011393 0.020800 -0.058148
v 0.011393 0.018700 -0.058148
v 0.011652 0.020800 -0.058182
v 0.011652 0.018700 -0.058182
v 0.011910 0.020800 -0.058148
v 0.011910 0.018700 -0.058148
v 0.012151 0.020800 -0.058049
v 0.012151 0.018700 -0.058049
v 0.004792 0.020800 -0.062298
v 0.004792 0.018700 -0.062298
v 0.004999 0.020800 -0.062139
v 0.004999 0.018700 -0.062139
v 0.005157 0.020800 -0.061932
v 0.005157 0.018700 -0.061932
v 0.005257 0.020800 -0.061691
v 0.005257 0.018700 -0.061691
v 0.005291 0.020800 -0.061432
v 0.005291 0.018700 -0.061432
v 0.005257 0.020800 -0.061173
v 0.005257 0.018700 -0.061173
v -0.005257 0.020800 -0.061173
v -0.005257 0.018700 -0.061173
v -0.005291 0.020800 -0.061432
v -0.005291 0.018700 -0.061432
v -0.005257 0.020800 -0.061691
v -0.005257 0.018700 -0.061691
v -0.005157 0.020800 -0.061932
v -0.005157 0.018700 -0.061932
v -0.004999 0.020800 -0.062139
v -0.004999 0.018700 -0.062139
v -0.004792 0.020800 -0.062298
v -0.004792 0.018700 -0.062298
v -0.012151 0.020800 -0.058049
v -0.012151 0.018700 -0.058049
v -0.011910 0.020800 -0.058148
v -0.011910 0.018700 -0.058148
v -0.011652 0.020800 -0.058182
v -0.011652 0.018700 -0.058182
v -0.011393 0.020800 -0.058148
v -0.011393 0.018700 -0.058148
v -0.011152 0.020800 -0.058048
v -0.011152 0.018700 -0.058048
v -0.010945 0.020800 -0.057889
v -0.010945 0.018700 -0.057889
v 0.012151 0.020800 -0.032951
v 0.012151 0.018700 -0.032951
v 0.011910 0.020800 -0.032852
v 0.011910 0.018700 -0.032852
v 0.011652 0.020800 -0.032818
v 0.011652 0.018700 -0.032818
v 0.011393 0.020800 -0.032852
v 0.011393 0.018700 -0.032852
v 0.011152 0.020800 -0.032952
v 0.011152 0.018700 -0.032952
v 0.010945 0.020800 -0.033111
v 0.010945 0.018700 -0.033111
v 0.005257 0.020800 -0.029827
v 0.005257 0.018700 -0.029827
v 0.005291 0.020800 -0.029568
v 0.005291 0.018700 -0.029568
v 0.005257 0.020800 -0.029309
v 0.005257 0.018700 -0.029309
v 0.005157 0.020800 -0.029068
v 0.005157 0.018700 -0.029068
v 0.004999 0.020800 -0.028861
v 0.004999 0.018700 -0.028861
v 0.004792 0.020800 -0.028702
v 0.004792 0.018700 -0.028702
v -0.004792 0.020800 -0.028702
v -0.004792 0.018700 -0.028702
v -0.004999 0.020800 -0.028861
v -0.004999 0.018700 -0.028861
v -0.005157 0.020800 -0.029068
v -0.005157 0.018700 -0.029068
v -0.005257 0.020800 -0.029309
v -0.005257 0.018700 -0.029309
v -0.005291 0.020800 -0.029568
v -0.005291 0.018700 -0.029568
v -0.005257 0.020800 -0.029827
v -0.005257 0.018700 -0.029827
v -0.010945 0.020800 -0.033111
v -0.010945 0.018700 -0.033111
v -0.011152 0.020800 -0.032952
v -0.011152 0.018700 -0.032952
v -0.011393 0.020800 -0.032852
v -0.011393 0.018700 -0.032852
v -0.011652 0.020800 -0.032818
v -0.011652 0.018700 -0.032818
v -0.011910 0.020800 -0.032852
v -0.011910 0.018700 -0.032852
v -0.012151 0.020800 -0.032951
v -0.012151 0.018700 -0.032951
v -0.017724 0.017200 -0.050558
v -0.017724 0.020800 -0.050558
v -0.017274 0.017200 -0.050727
v -0.017274 0.020800 -0.050727
v -0.016878 0.017200 -0.050999
v -0.016878 0.020800 -0.050999
v -0.016766 0.017200 -0.051125
v -0.016559 0.020800 -0.051358
v -0.016559 0.017200 -0.051358
v -0.016559 0.017200 -0.039642
v -0.016559 0.020800 -0.039642
v -0.016878 0.017200 -0.040001
v -0.016878 0.020800 -0.040001
v -0.017274 0.017200 -0.040273
v -0.017274 0.020800 -0.040273
v -0.017724 0.017200 -0.040442
v -0.017724 0.020800 -0.040442
v -0.033000 0.020000 -0.042500
v -0.033000 0.020800 -0.042500
v -0.032224 0.020000 -0.042602
v -0.032224 0.020800 -0.042602
v -0.031500 0.020000 -0.042902
v -0.031500 0.020800 -0.042902
v -0.030879 0.020000 -0.043379
v -0.030879 0.020800 -0.043379
v -0.030402 0.020000 -0.044000
v -0.030402 0.020800 -0.044000
v -0.030102 0.020000 -0.044724
v -0.030102 0.020800 -0.044724
v -0.030000 0.020000 -0.045500
v -0.030000 0.020800 -0.045500
v -0.030102 0.020000 -0.046276
v -0.030102 0.020800 -0.046276
v -0.030402 0.020000 -0.047000
v -0.030402 0.020800 -0.047000
v -0.030879 0.020000 -0.047621
v -0.030879 0.020800 -0.047621
v -0.031500 0.020000 -0.048098
v -0.031500 0.020800 -0.048098
v -0.032224 0.020000 -0.048398
v -0.032224 0.020800 -0.048398
v -0.033000 0.020000 -0.048500
v -0.033000 0.020800 -0.048500
v -0.033776 0.020000 -0.048398
v -0.033776 0.020800 -0.048398
v -0.034500 0.020000 -0.048098
v -0.034500 0.020800 -0.048098
v -0.035121 0.020000 -0.047621
v -0.035121 0.020800 -0.047621
v -0.035598 0.020000 -0.047000
v -0.035598 0.020800 -0.047000
v -0.035898 0.020000 -0.046276
v -0.035898 0.020800 -0.046276
v -0.036000 0.020000 -0.045500
v -0.036000 0.020800 -0.045500
v -0.035898 0.020000 -0.044724
v -0.035898 0.020800 -0.044724
v -0.035598 0.020000 -0.044000
v -0.035598 0.020800 -0.044000
v -0.035121 0.020000 -0.043379
v -0.035121 0.020800 -0.043379
v -0.034500 0.020000 -0.042902
v -0.034500 0.020800 -0.042902
v -0.033776 0.020000 -0.042602
v -0.033776 0.020800 -0.042602
v -0.031406 0.020000 -0.045073
v -0.030102 0.020000 -0.044724
v -0.031350 0.020000 -0.045500
v -0.030000 0.020000 -0.045500
v -0.031406 0.020000 -0.045927
v -0.030102 0.020000 -0.046276
v -0.031571 0.020000 -0.046325
v -0.030402 0.020000 -0.047000
v -0.031833 0.020000 -0.046667
v -0.030879 0.020000 -0.047621
v -0.032175 0.020000 -0.046929
v -0.031500 0.020000 -0.048098
v -0.032573 0.020000 -0.047094
v -0.032224 0.020000 -0.048398
v -0.033000 0.020000 -0.047150
v -0.033000 0.020000 -0.048500
v -0.033427 0.020000 -0.047094
v -0.033776 0.020000 -0.048398
v -0.033825 0.020000 -0.046929
v -0.034500 0.020000 -0.048098
v -0.034167 0.020000 -0.046667
v -0.035121 0.020000 -0.047621
v -0.034429 0.020000 -0.046325
v -0.035598 0.020000 -0.047000
v -0.034594 0.020000 -0.045927
v -0.035898 0.020000 -0.046276
v -0.034650 0.020000 -0.045500
v -0.036000 0.020000 -0.045500
v -0.034594 0.020000 -0.045073
v -0.035898 0.020000 -0.044724
v -0.034429 0.020000 -0.044675
v -0.035598 0.020000 -0.044000
v -0.034167 0.020000 -0.044333
v -0.035121 0.020000 -0.043379
v -0.033825 0.020000 -0.044071
v -0.034500 0.020000 -0.042902
v -0.033427 0.020000 -0.043906
v -0.033776 0.020000 -0.042602
v -0.033000 0.020000 -0.043850
v -0.033000 0.020000 -0.042500
v -0.032573 0.020000 -0.043906
v -0.032224 0.020000 -0.042602
v -0.032175 0.020000 -0.044071
v -0.031500 0.020000 -0.042902
v -0.031833 0.020000 -0.044333
v -0.030879 0.020000 -0.043379
v -0.031571 0.020000 -0.044675
v -0.030402 0.020000 -0.044000
v -0.033000 0.015200 -0.043850
v -0.033000 0.020000 -0.043850
v -0.032573 0.015200 -0.043906
v -0.032573 0.020000 -0.043906
v -0.032175 0.015200 -0.044071
v -0.032175 0.020000 -0.044071
v -0.031833 0.015200 -0.044333
v -0.031833 0.020000 -0.044333
v -0.031571 0.015200 -0.044675
v -0.031571 0.020000 -0.044675
v -0.031406 0.015200 -0.045073
v -0.031406 0.020000 -0.045073
v -0.031350 0.015200 -0.045500
v -0.031350 0.020000 -0.045500
v -0.031406 0.015200 -0.045927
v -0.031406 0.020000 -0.045927
v -0.031571 0.015200 -0.046325
v -0.031571 0.020000 -0.046325
v -0.031833 0.015200 -0.046667
v -0.031833 0.020000 -0.046667
v -0.032175 0.015200 -0.046929
v -0.032175 0.020000 -0.046929
v -0.032573 0.015200 -0.047094
v -0.032573 0.020000 -0.047094
v -0.033000 0.015200 -0.047150
v -0.033000 0.020000 -0.047150
v -0.033427 0.015200 -0.047094
v -0.033427 0.020000 -0.047094
v -0.033825 0.015200 -0.046929
v -0.033825 0.020000 -0.046929
v -0.034167 0.015200 -0.046667
v -0.034167 0.020000 -0.046667
v -0.034429 0.015200 -0.046325
v -0.034429 0.020000 -0.046325
v -0.034594 0.015200 -0.045927
v -0.034594 0.020000 -0.045927
v -0.034650 0.015200 -0.045500
v -0.034650 0.020000 -0.045500
v -0.034594 0.015200 -0.045073
v -0.034594 0.020000 -0.045073
v -0.034429 0.015200 -0.044675
v -0.034429 0.020000 -0.044675
v -0.034167 0.015200 -0.044333
v -0.034167 0.020000 -0.044333
v -0.033825 0.015200 -0.044071
v -0.033825 0.020000 -0.044071
v -0.033427 0.015200 -0.043906
v -0.033427 0.020000 -0.043906
v -0.031833 0.015200 -0.046667
v -0.030348 0.015200 -0.048152
v -0.031571 0.015200 -0.046325
v -0.029752 0.015200 -0.047375
v -0.031406 0.015200 -0.045927
v -0.029378 0.015200 -0.046471
v -0.031350 0.015200 -0.045500
v -0.029250 0.015200 -0.045500
v -0.031406 0.015200 -0.045073
v -0.029378 0.015200 -0.044529
v -0.031571 0.015200 -0.044675
v -0.029752 0.015200 -0.043625
v -0.031833 0.015200 -0.044333
v -0.030348 0.015200 -0.042848
v -0.032175 0.015200 -0.044071
v -0.031125 0.015200 -0.042252
v -0.032573 0.015200 -0.043906
v -0.032029 0.015200 -0.041878
v -0.033000 0.015200 -0.043850
v -0.033000 0.015200 -0.041750
v -0.033427 0.015200 -0.043906
v -0.033971 0.015200 -0.041878
v -0.033825 0.015200 -0.044071
v -0.034875 0.015200 -0.042252
v -0.034167 0.015200 -0.044333
v -0.035652 0.015200 -0.042848
v -0.034429 0.015200 -0.044675
v -0.036248 0.015200 -0.043625
v -0.034594 0.015200 -0.045073
v -0.036622 0.015200 -0.044529
v -0.034650 0.015200 -0.045500
v -0.036750 0.015200 -0.045500
v -0.034594 0.015200 -0.045927
v -0.036622 0.015200 -0.046471
v -0.034429 0.015200 -0.046325
v -0.036248 0.015200 -0.047375
v -0.034167 0.015200 -0.046667
v -0.035652 0.015200 -0.048152
v -0.033825 0.015200 -0.046929
v -0.034875 0.015200 -0.048748
v -0.033427 0.015200 -0.047094
v -0.033971 0.015200 -0.049122
v -0.033000 0.015200 -0.047150
v -0.033000 0.015200 -0.049250
v -0.032573 0.015200 -0.047094
v -0.032029 0.015200 -0.049122
v -0.032175 0.015200 -0.046929
v -0.031125 0.015200 -0.048748
v -0.035652 0.015200 -0.042848
v -0.036248 0.017200 -0.043625
v -0.036248 0.015200 -0.043625
v -0.036622 0.017200 -0.044529
v -0.036622 0.015200 -0.044529
v -0.036750 0.017200 -0.045500
v -0.036750 0.015200 -0.045500
v -0.036622 0.017200 -0.046471
v -0.036622 0.015200 -0.046471
v -0.036248 0.017200 -0.047375
v -0.036248 0.015200 -0.047375
v -0.035652 0.017200 -0.048152
v -0.035652 0.015200 -0.048152
v -0.035556 0.017200 -0.048225
v -0.034875 0.015200 -0.048748
v -0.034875 0.017200 -0.048748
v -0.033971 0.017200 -0.049122
v -0.033971 0.015200 -0.049122
v -0.033000 0.017200 -0.049250
v -0.033000 0.015200 -0.049250
v -0.032029 0.017200 -0.049122
v -0.032029 0.015200 -0.049122
v -0.031125 0.017200 -0.048748
v -0.031125 0.015200 -0.048748
v -0.030444 0.017200 -0.048225
v -0.030348 0.015200 -0.048152
v -0.030348 0.017200 -0.048152
v -0.029752 0.017200 -0.047375
v -0.029752 0.015200 -0.047375
v -0.029378 0.017200 -0.046471
v -0.029378 0.015200 -0.046471
v -0.029250 0.017200 -0.045500
v -0.029250 0.015200 -0.045500
v -0.029378 0.017200 -0.044529
v -0.029378 0.015200 -0.044529
v -0.029752 0.017200 -0.043625
v -0.029752 0.015200 -0.043625
v -0.030348 0.017200 -0.042848
v -0.030348 0.015200 -0.042848
v -0.030444 0.017200 -0.042775
v -0.031125 0.015200 -0.042252
v -0.031125 0.017200 -0.042252
v -0.032029 0.017200 -0.041878
v -0.032029 0.015200 -0.041878
v -0.033000 0.017200 -0.041750
v -0.033000 0.015200 -0.041750
v -0.033971 0.017200 -0.041878
v -0.033971 0.015200 -0.041878
v -0.034875 0.017200 -0.042252
v -0.034875 0.015200 -0.042252
v -0.035556 0.017200 -0.042775
v -0.035652 0.017200 -0.042848
vn -1.0000 -0.0000 -0.0000
vn -0.9659 -0.0000 0.2589
vn -0.8661 -0.0000 0.4999
vn -0.7072 -0.0000 0.7070
vn -0.5000 -0.0000 0.8660
vn -0.2588 -0.0000 0.9659
vn -0.0000 -0.0000 1.0000
vn 0.2588 -0.0000 0.9659
vn 0.5000 -0.0000 0.8660
vn 0.7071 -0.0000 0.7071
vn 0.8660 -0.0000 0.5000
vn 0.9659 -0.0000 0.2588
vn 1.0000 -0.0000 -0.0000
vn 0.9659 -0.0000 -0.2588
vn 0.8660 -0.0000 -0.5000
vn 0.7070 -0.0000 -0.7072
vn 0.4999 -0.0000 -0.8661
vn 0.2589 -0.0000 -0.9659
vn -0.0000 -0.0000 -1.0000
vn -0.2589 -0.0000 -0.9659
vn -0.4999 -0.0000 -0.8661
vn -0.7071 -0.0000 -0.7071
vn -0.8661 -0.0000 -0.4999
vn -0.9659 -0.0000 -0.2589
vn -0.0000 -1.0000 -0.0000
vn -0.0000 -0.9979 0.0654
vn 0.0002 -1.0000 -0.0000
vn -0.0002 -1.0000 -0.0000
vn -0.0000 -1.0000 -0.0003
vn -0.0000 1.0000 -0.0000
vn -0.0000 0.9979 -0.0654
vn -0.0000 1.0000 0.0003
vn 0.9981 -0.0000 0.0612
vn 0.6312 -0.0000 -0.7756
vn 0.6546 -0.0000 -0.7560
vn 0.7420 -0.0000 -0.6703
vn 0.8184 -0.0000 -0.5747
vn 0.8824 -0.0000 -0.4704
vn 0.9333 -0.0000 -0.3591
vn 0.9702 -0.0000 -0.2424
vn 0.9925 -0.0000 -0.1221
vn 0.9925 -0.0000 0.1221
vn 0.9702 -0.0000 0.2424
vn 0.9333 -0.0000 0.3591
vn 0.8824 -0.0000 0.4704
vn 0.8184 -0.0000 0.5747
vn 0.7420 -0.0000 0.6703
vn 0.6546 -0.0000 0.7560
vn 0.6312 -0.0000 0.7756
vn 0.9981 -0.0000 -0.0612
vn -0.9981 -0.0000 -0.0612
vn -0.6312 -0.0000 0.7756
vn -0.6546 -0.0000 0.7560
vn -0.7420 -0.0000 0.6703
vn -0.8184 -0.0000 0.5747
vn -0.8824 -0.0000 0.4704
vn -0.9333 -0.0000 0.3591
vn -0.9702 -0.0000 0.2424
vn -0.9925 -0.0000 0.1221
vn -0.9925 -0.0000 -0.1221
vn -0.9702 -0.0000 -0.2424
vn -0.9333 -0.0000 -0.3591
vn -0.8824 -0.0000 -0.4704
vn -0.8184 -0.0000 -0.5747
vn -0.7420 -0.0000 -0.6703
vn -0.6546 -0.0000 -0.7560
vn -0.6312 -0.0000 -0.7756
vn -0.9981 -0.0000 0.0612
vn -0.7071 -0.0000 0.7071
vn -0.4999 -0.0000 0.8661
vn -0.2589 -0.0000 0.9659
vn 0.2589 -0.0000 0.9659
vn 0.4999 -0.0000 0.8661
vn 0.7070 -0.0000 0.7072
vn 0.7071 -0.0000 -0.7071
vn 0.5000 -0.0000 -0.8660
vn 0.2588 -0.0000 -0.9659
vn -0.2588 -0.0000 -0.9659
vn -0.5000 -0.0000 -0.8660
vn -0.7072 -0.0000 -0.7070
vn -0.9659 -0.0000 0.2588
vn -0.8660 -0.0000 0.5000
vn 0.7072 -0.0000 0.7070
vn 0.8661 -0.0000 0.4999
vn 0.9659 -0.0000 0.2589
vn 0.9659 -0.0000 -0.2589
vn 0.8661 -0.0000 -0.4999
vn -0.7070 -0.0000 -0.7072
vn -0.8660 -0.0000 -0.5000
vn -0.9659 -0.0000 -0.2588
vn -0.7070 -0.0000 0.7072
vn 0.7072 -0.0000 -0.7070
vn -0.0000 0.7518 -0.6594
vn -0.0000 -0.7518 0.6594
vn 0.7420 -0.0000 0.6704
vn 0.8825 -0.0000 0.4704
vn -0.8825 -0.0000 0.4704
vn -0.7420 -0.0000 0.6704
vn 0.8825 -0.0000 -0.4704
vn 0.7420 -0.0000 -0.6704
vn -0.7420 -0.0000 -0.6704
vn -0.8825 -0.0000 -0.4704
vn -0.0000 -0.8660 0.5000
vn -0.0000 -0.9659 0.2588
vn -0.0000 0.9659 -0.2588
vn -0.0000 0.8660 -0.5000
vn -0.0000 0.7518 -0.6593
vn -0.9994 -0.0000 -0.0348
vn 0.9994 -0.0000 -0.0348
vn -0.9298 -0.0000 -0.3681
vn -0.9877 -0.0000 -0.1564
vn -0.9906 0.0128 -0.1365
vn -0.9999 0.0141 -0.0000
vn -0.9906 0.0128 0.1364
vn -0.9877 -0.0000 0.1564
vn -0.9298 -0.0000 0.3681
vn -0.8090 -0.0000 0.5878
vn -0.6374 -0.0000 0.7705
vn -0.4258 -0.0000 0.9048
vn -0.1874 -0.0000 0.9823
vn 0.0628 -0.0000 0.9980
vn 0.3090 -0.0000 0.9511
vn 0.5358 -0.0000 0.8443
vn 0.7290 -0.0000 0.6845
vn 0.8763 -0.0000 0.4818
vn 0.9686 -0.0000 0.2487
vn 0.9686 -0.0000 -0.2487
vn 0.8763 -0.0000 -0.4818
vn 0.7290 -0.0000 -0.6845
vn 0.5358 -0.0000 -0.8443
vn 0.3090 -0.0000 -0.9511
vn 0.0628 -0.0000 -0.9980
vn -0.1874 -0.0000 -0.9823
vn -0.4258 -0.0000 -0.9048
vn -0.6374 -0.0000 -0.7705
vn -0.8090 -0.0000 -0.5878
vn -0.9959 -0.0000 -0.0908
vn -0.9903 -0.0000 -0.1387
vn -0.9615 -0.0000 -0.2747
vn -0.9141 -0.0000 -0.4054
vn -0.8837 -0.0000 -0.4680
vn -0.0561 -0.0000 -0.9984
vn -0.2225 -0.0000 -0.9749
vn -0.4339 -0.0000 -0.9010
vn -0.6235 -0.0000 -0.7818
vn -0.7818 -0.0000 -0.6235
vn -0.9010 -0.0000 -0.4339
vn -0.9749 -0.0000 -0.2225
vn 0.0561 -0.0000 -0.9984
vn 0.9959 -0.0000 -0.0908
vn 0.9749 -0.0000 -0.2225
vn 0.9010 -0.0000 -0.4339
vn 0.7818 -0.0000 -0.6235
vn 0.6235 -0.0000 -0.7818
vn 0.4339 -0.0000 -0.9010
vn 0.2225 -0.0000 -0.9749
vn 0.8837 -0.0000 -0.4680
vn 0.9141 -0.0000 -0.4054
vn 0.9615 -0.0000 -0.2747
vn 0.9903 -0.0000 -0.1387
vn -0.0000 -0.7071 0.7071
vn -0.0000 -0.5000 0.8660
vn -0.0000 -0.2588 0.9659
vn -0.0000 -0.0654 0.9979
vn -0.0000 0.0654 -0.9979
vn -0.0000 0.2589 -0.9659
vn -0.0000 0.5000 -0.8660
vn -0.0000 0.7071 -0.7071
vn 0.9981 0.0611 -0.0000
vn -0.9981 0.0611 -0.0000
vn -0.0000 -0.0002 -1.0000
vn -0.9703 0.2421 -0.0000
vn -0.8828 0.4697 -0.0000
vn -0.7428 0.6695 -0.0000
vn -0.5587 0.8294 -0.0000
vn -0.3413 0.9400 -0.0000
vn -0.1035 0.9946 -0.0000
vn 0.1403 0.9901 -0.0000
vn 0.3758 0.9267 -0.0000
vn 0.5049 0.8631 -0.0000
vn 0.5049 0.8632 -0.0000
vn 0.4550 0.8905 -0.0000
vn 0.3097 0.9508 -0.0000
vn 0.1568 0.9876 -0.0000
vn -0.1568 0.9876 -0.0000
vn -0.3097 0.9508 -0.0000
vn -0.4550 0.8905 -0.0000
vn -0.5049 0.8632 -0.0000
vn -0.3758 0.9267 -0.0000
vn -0.1403 0.9901 -0.0000
vn 0.1035 0.9946 -0.0000
vn 0.3413 0.9400 -0.0000
vn 0.5587 0.8294 -0.0000
vn 0.7428 0.6695 -0.0000
vn 0.8828 0.4697 -0.0000
vn 0.9703 0.2421 -0.0000
vn 0.2588 -0.9659 -0.0000
vn 0.5000 -0.8660 -0.0000
vn 0.7072 -0.7070 -0.0000
vn 0.8660 -0.5000 -0.0000
vn 0.9659 -0.2589 -0.0000
vn 0.9659 0.2588 -0.0000
vn 0.8660 0.5000 -0.0000
vn 0.7071 0.7071 -0.0000
vn 0.5000 0.8660 -0.0000
vn 0.2589 0.9659 -0.0000
vn -0.2589 0.9659 -0.0000
vn -0.5000 0.8660 -0.0000
vn -0.7071 0.7071 -0.0000
vn -0.8660 0.5000 -0.0000
vn -0.9659 0.2588 -0.0000
vn -0.9659 -0.2589 -0.0000
vn -0.8660 -0.5000 -0.0000
vn -0.7072 -0.7070 -0.0000
vn -0.5000 -0.8660 -0.0000
vn -0.2588 -0.9659 -0.0000
vn 0.2589 -0.9659 -0.0000
vn 0.7071 -0.7071 -0.0000
vn 0.9659 -0.2588 -0.0000
vn 0.2588 0.9659 -0.0000
vn -0.2588 0.9659 -0.0000
vn -0.9659 -0.2588 -0.0000
vn -0.7071 -0.7071 -0.0000
vn -0.2589 -0.9659 -0.0000
vn -0.0000 0.0654 0.9979
vn -0.0000 0.2588 0.9659
vn -0.0000 0.5000 0.8660
vn -0.0000 0.7071 0.7071
vn -0.0000 0.8660 0.5000
vn -0.0000 0.9659 0.2588
vn -0.0000 0.9979 0.0654
vn -0.0000 -0.9979 -0.0654
vn -0.0000 -1.0000 0.0005
vn -0.0000 0.7518 0.6594
vn -0.0000 -0.7518 -0.6594
vn -0.0000 -0.8660 -0.5000
vn -0.0000 -0.9659 -0.2588
vn 0.9781 -0.0000 -0.2079
vn 0.9135 -0.0000 -0.4067
vn 0.8090 -0.0000 -0.5878
vn 0.6691 -0.0000 -0.7431
vn 0.1045 -0.0000 -0.9945
vn -0.1045 -0.0000 -0.9945
vn -0.3090 -0.0000 -0.9511
vn -0.6691 -0.0000 -0.7431
vn -0.9135 -0.0000 -0.4067
vn -0.9781 -0.0000 -0.2079
vn -0.9781 -0.0000 0.2079
vn -0.9135 -0.0000 0.4067
vn -0.6691 -0.0000 0.7431
vn -0.3090 -0.0000 0.9511
vn -0.1045 -0.0000 0.9945
vn 0.1045 -0.0000 0.9945
vn 0.6691 -0.0000 0.7431
vn 0.8090 -0.0000 0.5878
vn 0.9135 -0.0000 0.4067
vn 0.9781 -0.0000 0.2079
vn 0.9965 -0.0000 -0.0838
vn 0.0491 -0.0000 -0.9988
vn 0.1951 -0.0000 -0.9808
vn 0.3827 -0.0000 -0.9239
vn 0.5556 -0.0000 -0.8315
vn 0.8315 -0.0000 -0.5556
vn 0.9239 -0.0000 -0.3827
vn 0.9808 -0.0000 -0.1951
vn -0.0491 -0.0000 -0.9988
vn -0.9965 -0.0000 -0.0838
vn -0.9808 -0.0000 -0.1951
vn -0.9239 -0.0000 -0.3827
vn -0.8315 -0.0000 -0.5556
vn -0.5556 -0.0000 -0.8315
vn -0.3827 -0.0000 -0.9239
vn -0.1951 -0.0000 -0.9808
vn -0.0000 -0.7071 -0.7071
vn -0.0000 -0.5000 -0.8660
vn -0.0000 -0.2589 -0.9659
vn -0.0000 -0.0654 -0.9979
vn 0.9981 -0.0611 -0.0000
vn -0.9981 -0.0611 -0.0000
vn 0.5087 -0.8609 -0.0000
vn 0.3758 -0.9267 -0.0000
vn 0.1403 -0.9901 -0.0000
vn -0.1035 -0.9946 -0.0000
vn -0.3413 -0.9400 -0.0000
vn -0.5587 -0.8294 -0.0000
vn -0.7428 -0.6695 -0.0000
vn -0.8828 -0.4697 -0.0000
vn -0.9703 -0.2421 -0.0000
vn -0.5087 -0.8609 -0.0000
vn -0.4705 -0.8824 -0.0000
vn -0.3428 -0.9394 -0.0000
vn -0.2084 -0.9780 -0.0000
vn -0.0699 -0.9976 -0.0000
vn 0.0699 -0.9976 -0.0000
vn 0.2084 -0.9780 -0.0000
vn 0.3428 -0.9394 -0.0000
vn 0.4705 -0.8824 -0.0000
vn 0.9703 -0.2421 -0.0000
vn 0.8828 -0.4697 -0.0000
vn 0.7428 -0.6695 -0.0000
vn 0.5587 -0.8294 -0.0000
vn 0.3413 -0.9400 -0.0000
vn 0.1035 -0.9946 -0.0000
vn -0.1403 -0.9901 -0.0000
vn -0.3758 -0.9267 -0.0000
vn -0.7072 0.7070 -0.0000
vn -0.9659 0.2589 -0.0000
vn 0.9659 0.2589 -0.0000
vn 0.7072 0.7070 -0.0000
vn -0.8660 -0.0000 0.5001
vn 0.8660 -0.0000 0.5001
vn -0.0654 -0.9979 -0.0000
vn -0.0561 -0.0000 0.9984
vn 0.0654 0.9979 -0.0000
vn -0.9979 0.0654 -0.0000
vn -0.9979 -0.0654 -0.0000
vn -1.0000 -0.0000 -0.0001
vn 0.9979 -0.0654 -0.0000
vn 0.9979 0.0654 -0.0000
vn 1.0000 -0.0000 -0.0001
vn -0.0000 -0.9979 -0.0653
vn -0.0000 -0.9659 0.2589
vn -0.0000 -0.7519 0.6593
vn -0.0000 -0.7386 0.6742
vn -0.0000 -0.8235 0.5674
vn -0.0000 -0.9126 0.4089
vn -0.0000 -0.9427 0.3335
vn -0.0000 0.9979 0.0653
vn -0.0000 0.0652 0.9979
vn -0.0000 0.0653 0.9979
vn -0.0000 0.6716 -0.7409
vn -0.0000 0.6593 -0.7519
vn -0.0000 -0.6594 -0.7518
vn -0.0000 -0.6593 -0.7519
vn 0.0654 -0.9979 -0.0000
vn -0.0654 0.9979 -0.0000
vn -0.0000 -0.0653 -0.9979
vn -0.0000 -0.0555 0.9985
vn -0.0000 -0.2587 0.9659
vn -0.0000 -0.4999 0.8661
vn -0.0000 -0.7072 0.7070
vn -0.0000 -0.8661 0.4999
vn -0.0000 -0.8956 0.4449
vn -0.0000 -0.7757 0.6311
vn -0.0000 -0.6178 0.7863
vn -0.0000 -0.4294 0.9031
vn -0.0000 -0.2202 0.9755
vn -0.0000 0.2588 -0.9659
vn -0.0000 -0.2588 -0.9659
vn 0.8661 -0.0000 0.5000
vn 0.8661 -0.0000 -0.5000
vn -0.5001 -0.0000 -0.8660
vn -0.0000 0.0653 -0.9979
vn -0.9749 -0.0000 0.2225
vn -0.9010 -0.0000 0.4339
vn -0.7818 -0.0000 0.6235
vn -0.6235 -0.0000 0.7818
vn -0.4339 -0.0000 0.9010
vn -0.2225 -0.0000 0.9749
vn -0.0000 0.8661 -0.4999
vn -0.0000 0.7071 -0.7072
vn -0.0000 -0.9659 -0.2589
vn -0.0000 -0.8661 -0.4999
vn -0.0000 -0.4999 -0.8661
vn 0.5001 -0.0000 0.8660
vn -0.5001 -0.0000 0.8660
vn -0.7072 -0.0000 -0.7071
vn -0.2587 -0.0000 -0.9660
vn 0.2587 -0.0000 -0.9660
vn -0.0000 0.9659 0.2589
vn -0.0000 0.7073 0.7069
vn -0.0000 0.7073 0.7070
vn -0.0000 0.5000 0.8661
vn -0.0000 0.2585 0.9660
vn -0.0000 0.0490 -0.9988
vn -0.0000 0.1951 -0.9808
vn -0.0000 0.3827 -0.9239
vn -0.0000 0.5555 -0.8315
vn -0.0000 -0.6593 -0.7518
vn 0.3929 -0.0000 0.9196
vn 0.3679 -0.0000 0.9299
vn 0.2523 -0.0000 0.9677
vn 0.1329 -0.0000 0.9911
vn 0.0116 -0.0000 0.9999
vn -0.1099 -0.0000 0.9939
vn -0.2298 -0.0000 0.9732
vn -0.3463 -0.0000 0.9381
vn -0.4576 -0.0000 0.8891
vn -0.5622 -0.0000 0.8270
vn -0.6584 -0.0000 0.7526
vn -0.7450 -0.0000 0.6671
vn -0.8204 -0.0000 0.5717
vn -0.8838 -0.0000 0.4679
vn -0.9341 -0.0000 0.3571
vn -0.9705 -0.0000 0.2410
vn -0.9926 -0.0000 0.1214
vn -0.9926 -0.0000 -0.1214
vn -0.9705 -0.0000 -0.2410
vn -0.9341 -0.0000 -0.3571
vn -0.8838 -0.0000 -0.4679
vn -0.8204 -0.0000 -0.5717
vn -0.7450 -0.0000 -0.6671
vn -0.6584 -0.0000 -0.7526
vn -0.5622 -0.0000 -0.8270
vn -0.4576 -0.0000 -0.8891
vn -0.3463 -0.0000 -0.9381
vn -0.2298 -0.0000 -0.9732
vn -0.1099 -0.0000 -0.9939
vn 0.0116 -0.0000 -0.9999
vn 0.1329 -0.0000 -0.9911
vn 0.2523 -0.0000 -0.9677
vn 0.3679 -0.0000 -0.9299
vn 0.3929 -0.0000 -0.9196
vn -0.7508 -0.0000 -0.6605
vn -0.6603 -0.0000 -0.7510
vn 0.0001 1.0000 -0.0000
vn -0.7508 -0.0000 0.6605
vn -0.6604 -0.0000 0.7510
vn 0.5001 -0.0000 -0.8660
vn -0.5674 -0.0000 0.8235
vn -0.4451 -0.0000 0.8955
vn -0.3495 -0.0000 0.9369
vn -0.2501 -0.0000 0.9682
vn -0.1481 -0.0000 0.9890
vn -0.0444 -0.0000 0.9990
vn 0.0598 -0.0000 0.9982
vn 0.1633 -0.0000 0.9866
vn 0.2650 -0.0000 0.9642
vn 0.3639 -0.0000 0.9315
vn 0.4588 -0.0000 0.8885
vn 0.5487 -0.0000 0.8360
vn 0.6327 -0.0000 0.7744
vn 0.7098 -0.0000 0.7044
vn 0.7792 -0.0000 0.6267
vn 0.8402 -0.0000 0.5423
vn 0.8921 -0.0000 0.4519
vn 0.9342 -0.0000 0.3567
vn 0.9663 -0.0000 0.2576
vn 0.9878 -0.0000 0.1557
vn 0.9986 -0.0000 0.0521
vn 0.9986 -0.0000 -0.0521
vn 0.9878 -0.0000 -0.1557
vn 0.9663 -0.0000 -0.2576
vn 0.9342 -0.0000 -0.3567
vn 0.8921 -0.0000 -0.4519
vn 0.8402 -0.0000 -0.5423
vn 0.7792 -0.0000 -0.6267
vn 0.7098 -0.0000 -0.7044
vn 0.6327 -0.0000 -0.7744
vn 0.5487 -0.0000 -0.8360
vn 0.4588 -0.0000 -0.8885
vn 0.3639 -0.0000 -0.9315
vn 0.2650 -0.0000 -0.9642
vn 0.1633 -0.0000 -0.9866
vn 0.0598 -0.0000 -0.9982
vn -0.0444 -0.0000 -0.9990
vn -0.1481 -0.0000 -0.9890
vn -0.2501 -0.0000 -0.9682
vn -0.3495 -0.0000 -0.9369
vn -0.4451 -0.0000 -0.8955
vn -0.5674 -0.0000 -0.8235
vn -0.5044 -0.0000 0.8635
vn -0.2685 -0.0000 0.9633
vn -0.0150 -0.0000 0.9999
vn 0.2394 -0.0000 0.9709
vn -0.7319 -0.0000 -0.6814
vn -0.8805 -0.0000 -0.4740
vn -0.9718 -0.0000 -0.2357
vn -0.9998 -0.0000 0.0180
vn -0.9627 -0.0000 0.2704
vn -0.8630 -0.0000 0.5052
vn -0.8630 -0.0000 -0.5052
vn -0.9627 -0.0000 -0.2704
vn -0.9998 -0.0000 -0.0180
vn -0.9718 -0.0000 0.2357
vn -0.8805 -0.0000 0.4740
vn -0.7319 -0.0000 0.6814
vn 0.2394 -0.0000 -0.9709
vn -0.0150 -0.0000 -0.9999
vn -0.2685 -0.0000 -0.9633
vn -0.5044 -0.0000 -0.8635
vn -0.0001 -1.0000 -0.0000
vn -0.0001 1.0000 -0.0000
vn -0.0601 -0.0000 0.9982
vn -0.0602 -0.0000 0.9982
vn 0.1512 -0.0013 0.9885
vn 0.1489 -0.0000 0.9888
vn 0.0295 -0.0000 0.9996
vn 0.9520 -0.0050 0.3059
vn 0.9470 -0.0000 0.3213
vn 0.9083 -0.0000 0.4183
vn -0.2129 -0.0050 -0.9771
vn -0.1965 -0.0000 -0.9805
vn -0.0937 -0.0000 -0.9956
vn -0.8969 -0.0000 -0.4423
vn -0.8821 -0.0000 -0.4711
vn 0.2751 -0.0038 -0.9614
vn 0.2991 -0.0000 -0.9542
vn 0.3888 -0.0000 -0.9213
vn 0.6942 -0.0307 -0.7191
vn 0.6785 -0.0000 -0.7346
vn 0.7810 -0.0000 -0.6245
vn 0.6935 -0.0042 0.7205
vn 0.6759 -0.0000 0.7370
vn 0.6020 -0.0000 0.7985
vn 0.3888 -0.0000 0.9213
vn 0.2828 -0.0154 0.9590
vn -0.3390 -0.0055 0.9408
vn -0.3448 -0.0000 0.9387
vn -0.4473 -0.0000 0.8944
vn -0.6812 -0.0119 0.7320
vn -0.6677 -0.0000 0.7445
vn -0.7527 -0.0000 0.6584
vn -0.6485 -0.0069 0.7612
vn -0.7422 -0.0050 0.6701
vn -0.6521 -0.0000 0.7581
vn -0.6041 -0.0000 0.7969
vn -0.5539 -0.0000 0.8326
vn -0.5015 -0.0000 0.8651
vn -0.2901 -0.0041 0.9570
vn -0.2095 -0.0071 0.9778
vn -0.3119 -0.0000 0.9501
vn 0.2965 -0.0000 0.9550
vn 0.2751 -0.0313 0.9609
vn 0.2726 -0.0000 0.9621
vn 0.4992 -0.0000 0.8665
vn 0.4448 -0.0000 0.8956
vn 0.4447 0.0001 0.8957
vn 0.5517 -0.0000 0.8340
vn 0.7012 -0.0016 0.7129
vn 0.7800 -0.0020 0.6257
vn 0.6785 -0.0000 0.7346
vn 0.9786 -0.0000 0.2056
vn 0.9746 -0.0114 0.2234
vn 0.9838 -0.0066 0.1794
vn 0.9829 -0.0000 0.1839
vn 0.9924 -0.0000 0.1230
vn 0.9981 -0.0000 0.0616
vn 0.9981 -0.0000 -0.0616
vn 0.9924 -0.0000 -0.1230
vn 0.9851 -0.0000 -0.1722
vn 0.9839 -0.0057 -0.1786
vn 0.9736 -0.0041 -0.2280
vn 0.9510 -0.0071 -0.3092
vn 0.6880 -0.0151 -0.7256
vn 0.7794 -0.0015 -0.6266
vn 0.6956 -0.0000 -0.7184
vn 0.6020 -0.0000 -0.7985
vn 0.5517 -0.0000 -0.8340
vn 0.4992 -0.0000 -0.8665
vn 0.4448 -0.0000 -0.8956
vn 0.2662 -0.0014 -0.9639
vn 0.1503 -0.0018 -0.9886
vn 0.2965 -0.0000 -0.9550
vn -0.3119 -0.0000 -0.9501
vn -0.2944 -0.0109 -0.9556
vn -0.3381 -0.0064 -0.9411
vn -0.3339 -0.0000 -0.9426
vn -0.4473 -0.0000 -0.8944
vn -0.5539 -0.0000 -0.8326
vn -0.6041 -0.0000 -0.7969
vn -0.6427 -0.0000 -0.7661
vn -0.6479 -0.0058 -0.7617
vn -0.6848 -0.0042 -0.7287
vn -0.7445 -0.0071 -0.6676
vn -0.6677 -0.0000 -0.7445
vn -0.7527 -0.0000 -0.6584
vn -0.8175 -0.0000 -0.5760
vn -0.8514 -0.0000 -0.5245
vn 0.1489 -0.0000 -0.9888
vn 0.0294 -0.0000 -0.9996
vn 0.0295 -0.0000 -0.9996
vn -0.0322 -0.0000 -0.9995
vn 0.8500 -0.0000 -0.5268
vn 0.8500 -0.0000 -0.5269
vn 0.8808 -0.0000 -0.4735
vn 0.9083 -0.0000 -0.4183
vn 0.9323 -0.0000 -0.3616
vn 0.9470 -0.0000 -0.3213
vn 0.9786 -0.0000 -0.2056
vn 0.7810 -0.0000 0.6245
vn 0.8500 -0.0000 0.5269
vn 0.8500 -0.0000 0.5268
vn 0.8808 -0.0000 0.4735
vn -0.1965 -0.0000 0.9805
vn -0.0937 -0.0000 0.9956
vn -0.0322 -0.0000 0.9995
vn 0.0294 -0.0000 0.9996
vn -0.8175 -0.0000 0.5760
vn -0.8514 -0.0000 0.5245
vn -0.8821 -0.0000 0.4711
vn -0.8969 -0.0000 0.4423
vn -0.0601 -0.0000 -0.9982
vn -0.8467 -0.0000 0.5320
vn -0.8467 -0.0000 -0.5320
vn -0.7932 -0.0000 0.6090
vn -0.7932 -0.0000 -0.6090
vn -0.7069 -0.0000 -0.7073
vn -0.7069 -0.0000 0.7074
vn -0.7069 -0.0000 0.7073
vn -0.8952 -0.0000 0.4458
vn -0.9325 -0.0000 0.3613
vn -0.9618 -0.0000 0.2737
vn -0.9618 -0.0000 0.2736
vn -0.9957 -0.0000 0.0923
vn -0.9957 -0.0000 -0.0923
vn -0.9618 -0.0000 -0.2737
vn -0.5264 -0.0000 0.8502
vn -0.6027 -0.0000 0.7979
vn -0.6737 -0.0000 0.7390
vn -0.6738 -0.0000 0.7389
vn -0.7980 -0.0000 0.6026
vn -0.8951 -0.0000 0.4458
vn 0.6737 -0.0000 0.7390
vn 0.6027 -0.0000 0.7979
vn 0.5264 -0.0000 0.8502
vn 0.3612 -0.0000 0.9325
vn 0.1837 -0.0000 0.9830
vn 0.1838 -0.0000 0.9830
vn -0.1838 -0.0000 0.9830
vn -0.1837 -0.0000 0.9830
vn -0.3612 -0.0000 0.9325
vn 0.9618 -0.0000 0.2737
vn 0.9325 -0.0000 0.3613
vn 0.8952 -0.0000 0.4458
vn 0.8951 -0.0000 0.4458
vn 0.7980 -0.0000 0.6026
vn 0.6738 -0.0000 0.7389
vn 0.8952 -0.0000 -0.4458
vn 0.9325 -0.0000 -0.3613
vn 0.9618 -0.0000 -0.2737
vn 0.9618 -0.0000 -0.2736
vn 0.9957 -0.0000 -0.0923
vn 0.9957 -0.0000 0.0923
vn 0.9618 -0.0000 0.2736
vn -0.9618 -0.0000 -0.2736
vn -0.9325 -0.0000 -0.3613
vn -0.8952 -0.0000 -0.4458
vn -0.8951 -0.0000 -0.4458
vn -0.7980 -0.0000 -0.6026
vn -0.6737 -0.0000 -0.7390
vn -0.5264 -0.0000 -0.8502
vn -0.3612 -0.0000 -0.9325
vn -0.1837 -0.0000 -0.9830
vn -0.1838 -0.0000 -0.9830
vn 0.1838 -0.0000 -0.9830
vn 0.1837 -0.0000 -0.9830
vn 0.3612 -0.0000 -0.9325
vn 0.5264 -0.0000 -0.8502
vn 0.6737 -0.0000 -0.7390
vn 0.7980 -0.0000 -0.6026
vn 0.8951 -0.0000 -0.4458
vn -0.8968 -0.0000 0.4424
vn 0.8314 -0.0000 0.5556
vn 0.8315 -0.0000 0.5556
vn -0.8968 -0.0000 -0.4424
vn -0.8315 -0.0000 0.5556
vn 0.8969 -0.0000 -0.4423
vn -0.8314 -0.0000 0.5556
vn 0.8968 -0.0000 -0.4424
vn 0.0654 -0.0000 0.9979
vn 0.0654 -0.0000 -0.9979
vn 0.0653 -0.0000 0.9979
vn 0.0653 -0.0000 -0.9979
vn 0.8969 -0.0000 0.4423
vn 0.8968 -0.0000 0.4424
vn 1.0000 -0.0000 0.0012
vn 0.9657 -0.0000 0.2598
vn 0.8657 -0.0000 0.5005
vn 0.7067 -0.0000 0.7075
vn 0.4996 -0.0000 0.8662
vn 0.2587 -0.0000 0.9660
vn 0.4996 -0.0000 -0.8662
vn 0.7067 -0.0000 -0.7075
vn 0.8657 -0.0000 -0.5005
vn 0.9657 -0.0000 -0.2598
vn 1.0000 -0.0000 -0.0012
vn -0.8314 -0.0000 -0.5556
vn -0.5003 -0.0000 -0.8659
vn -0.2594 -0.0000 -0.9658
vn -0.0008 -0.0000 -1.0000
vn 0.2581 -0.0000 -0.9661
vn 0.4990 -0.0000 -0.8666
vn 0.5011 -0.0000 -0.8654
vn 0.7078 -0.0000 -0.7064
vn 0.8664 -0.0000 -0.4994
vn 0.9661 -0.0000 -0.2583
vn 1.0000 -0.0000 0.0004
vn 0.9659 -0.0000 0.2590
vn -0.9659 -0.0000 0.2590
vn -1.0000 -0.0000 0.0004
vn -0.9661 -0.0000 -0.2583
vn -0.8664 -0.0000 -0.4994
vn -0.7078 -0.0000 -0.7064
vn -0.5011 -0.0000 -0.8654
vn -0.4990 -0.0000 -0.8666
vn -0.2581 -0.0000 -0.9661
vn 0.0008 -0.0000 -1.0000
vn 0.2594 -0.0000 -0.9658
vn 0.5003 -0.0000 -0.8659
vn 0.8314 -0.0000 -0.5556
vn 0.4991 -0.0000 0.8666
vn 0.4990 -0.0000 0.8666
vn 0.2581 -0.0000 0.9661
vn -0.0008 -0.0000 1.0000
vn -0.2594 -0.0000 0.9658
vn -0.5003 -0.0000 0.8659
vn 0.9659 -0.0000 -0.2590
vn 1.0000 -0.0000 -0.0004
vn 0.9661 -0.0000 0.2583
vn 0.8664 -0.0000 0.4994
vn 0.7078 -0.0000 0.7064
vn 0.5011 -0.0000 0.8654
vn -0.5011 -0.0000 0.8654
vn -0.7078 -0.0000 0.7064
vn -0.8664 -0.0000 0.4994
vn -0.9661 -0.0000 0.2583
vn -1.0000 -0.0000 -0.0004
vn -0.9659 -0.0000 -0.2590
vn 0.5003 -0.0000 0.8659
vn 0.2594 -0.0000 0.9658
vn 0.0008 -0.0000 1.0000
vn -0.2581 -0.0000 0.9661
vn -0.4990 -0.0000 0.8666
vn -0.4991 -0.0000 0.8666
vn -0.2384 -0.0000 -0.9712
vn -0.4630 -0.0000 -0.8863
vn -0.6611 -0.0000 -0.7503
vn -0.7464 -0.0000 -0.6655
vn -0.8209 -0.0000 -0.5711
vn -0.8209 -0.0000 0.5711
vn -0.6611 -0.0000 0.7503
vn -0.4630 -0.0000 0.8863
vn -0.2384 -0.0000 0.9712
vn -0.6088 -0.0000 -0.7933
vn 0.6088 -0.0000 -0.7934
vn 0.6088 -0.0000 0.7934
vn -0.6088 -0.0000 0.7933
s 1
usemtl link5_02_mat
f 1//1 2//1 3//2
f 4//2 3//2 2//1
f 3//2 4//2 5//3
f 6//3 5//3 4//2
f 5//3 6//3 7//4
f 8//4 7//4 6//3
f 7//4 8//4 9//5
f 10//5 9//5 8//4
f 9//5 10//5 11//6
f 12//6 11//6 10//5
f 11//6 12//6 13//7
f 14//7 13//7 12//6
f 13//7 14//7 15//8
f 16//8 15//8 14//7
f 15//8 16//8 17//9
f 18//9 17//9 16//8
f 17//9 18//9 19//10
f 20//10 19//10 18//9
f 19//10 20//10 21//11
f 22//11 21//11 20//10
f 21//11 22//11 23//12
f 24//12 23//12 22//11
f 23//12 24//12 25//13
f 26//13 25//13 24//12
f 25//13 26//13 27//14
f 28//14 27//14 26//13
f 27//14 28//14 29//15
f 30//15 29//15 28//14
f 29//15 30//15 31//16
f 32//16 31//16 30//15
f 31//16 32//16 33//17
f 34//17 33//17 32//16
f 33//17 34//17 35//18
f 36//18 35//18 34//17
f 35//18 36//18 37//19
f 38//19 37//19 36//18
f 37//19 38//19 39//20
f 40//20 39//20 38//19
f 39//20 40//20 41//21
f 42//21 41//21 40//20
f 41//21 42//21 43//22
f 44//22 43//22 42//21
f 43//22 44//22 45//23
f 46//23 45//23 44//22
f 45//23 46//23 47//24
f 48//24 47//24 46//23
f 47//24 48//24 1//1
f 2//1 1//1 48//24
s 0
f 49//25 50//25 51//25
f 51//25 50//25 52//25
f 53//25 52//25 50//25
f 52//25 53//25 54//25
f 55//25 56//25 57//25
f 53//25 58//25 54//25
f 59//25 54//25 58//25
f 54//25 59//25 60//25
f 61//25 60//25 59//25
f 60//25 61//25 56//25
f 61//25 62//25 56//25
f 63//25 56//25 62//25
f 56//25 63//25 57//25
f 64//25 65//25 66//25
f 67//25 66//25 65//25
f 68//25 69//25 63//25
s 1
f 70//25 71//25 72//26
f 73//25 72//26 71//25
f 72//26 73//25 74//26
s 0
f 75//25 76//25 77//25
f 78//25 79//25 80//25
f 81//25 82//25 83//25
f 66//25 83//25 82//25
f 83//25 66//25 84//25
f 67//25 84//25 66//25
f 69//25 85//25 63//25
f 86//25 63//25 85//25
f 63//25 86//25 57//25
f 80//25 79//25 87//25
f 88//25 87//25 79//25
f 87//25 88//25 75//25
f 89//25 75//25 88//25
f 75//25 89//25 76//25
s 1
f 73//25 90//25 74//26
f 75//25 74//26 90//25
f 74//26 75//25 91//25
s 0
f 77//25 91//25 75//25
f 92//25 93//25 94//25
f 95//27 94//27 93//27
f 94//28 95//28 63//28
f 96//25 63//25 95//25
f 63//25 96//25 68//25
s 1
f 72//26 97//25 70//25
s 0
f 98//25 70//25 97//25
f 70//25 98//25 57//25
f 99//25 57//25 98//25
f 57//25 99//25 55//25
f 100//25 101//25 102//25
f 103//25 102//25 101//25
f 66//25 104//25 64//25
f 101//25 64//25 104//25
f 64//29 101//29 105//29
f 100//25 105//25 101//25
f 106//25 107//25 83//25
f 108//25 83//25 107//25
f 83//25 108//25 81//25
s 1
f 109//25 110//25 111//26
f 112//25 111//26 110//25
f 111//26 112//25 113//26
s 0
f 114//25 115//25 116//25
f 117//25 116//25 115//25
f 116//25 117//25 118//25
f 119//25 118//25 117//25
f 118//25 119//25 120//25
f 121//25 120//25 119//25
f 120//25 121//25 122//25
f 123//25 122//25 121//25
f 122//25 123//25 124//25
f 125//25 51//25 126//25
f 127//25 126//25 51//25
f 80//25 128//25 78//25
f 129//25 78//25 128//25
f 78//25 129//25 130//25
f 131//25 130//25 129//25
f 130//25 131//25 132//25
f 133//25 132//25 131//25
f 132//25 133//25 134//25
f 135//25 134//25 133//25
f 134//25 135//25 136//25
f 137//25 136//25 135//25
f 136//25 137//25 138//25
f 139//25 140//25 141//25
f 142//25 141//25 140//25
f 141//25 142//25 143//25
f 140//25 144//25 145//25
f 146//25 145//25 144//25
f 92//25 147//25 93//25
f 148//25 93//25 147//25
f 93//25 148//25 149//25
f 150//25 151//25 152//25
f 127//25 153//25 126//25
f 154//25 126//25 153//25
f 126//25 154//25 155//25
f 156//25 155//25 154//25
f 155//25 156//25 114//25
f 157//25 114//25 156//25
f 114//25 157//25 115//25
f 158//25 125//25 159//25
f 105//25 159//25 125//25
f 159//25 105//25 160//25
f 100//25 160//25 105//25
f 158//25 161//25 125//25
f 162//25 125//25 161//25
f 125//25 162//25 51//25
f 163//25 51//25 162//25
f 51//25 163//25 49//25
f 138//25 137//25 164//25
f 165//25 164//25 137//25
f 164//25 165//25 166//25
f 106//25 144//25 107//25
f 140//25 107//25 144//25
f 107//25 140//25 167//25
f 139//25 167//25 140//25
s 1
f 111//26 168//25 109//25
s 0
f 169//25 109//25 168//25
f 109//25 169//25 144//25
f 170//25 144//25 169//25
f 144//25 170//25 146//25
f 124//25 123//25 171//25
f 172//25 171//25 123//25
f 171//25 172//25 173//25
f 174//25 173//25 172//25
f 173//25 174//25 150//25
f 175//25 150//25 174//25
f 150//25 175//25 151//25
s 1
f 112//25 176//25 113//26
f 150//25 113//26 176//25
f 113//26 150//25 177//25
s 0
f 152//25 177//25 150//25
f 178//25 179//25 180//25
f 164//25 180//25 179//25
f 180//25 164//25 181//25
f 166//25 181//25 164//25
f 143//25 142//25 182//25
f 183//25 182//25 142//25
f 182//25 183//25 184//25
f 185//25 184//25 183//25
f 184//25 185//25 186//25
f 187//25 186//25 185//25
f 186//25 187//25 178//25
f 188//25 178//25 187//25
f 178//25 188//25 179//25
f 149//25 189//25 93//25
f 190//25 93//25 189//25
f 93//25 190//25 191//25
f 192//25 191//25 190//25
f 191//25 192//25 193//25
f 102//25 193//25 192//25
f 193//25 102//25 194//25
f 103//25 194//25 102//25
f 165//25 195//25 166//25
f 196//25 166//25 195//25
f 166//25 196//25 197//25
f 93//25 197//25 196//25
f 197//25 93//25 198//25
f 191//25 198//25 93//25
f 199//30 200//30 201//30
f 202//30 201//30 200//30
f 201//30 202//30 203//30
f 204//30 205//30 206//30
f 205//30 204//30 207//30
f 208//30 207//30 204//30
f 207//30 208//30 209//30
f 210//30 209//30 208//30
f 209//30 210//30 211//30
f 212//30 204//30 213//30
f 206//30 213//30 204//30
f 213//30 206//30 214//30
f 215//30 214//30 206//30
s 1
f 216//31 217//30 218//30
s 0
f 219//30 220//30 221//30
s 1
f 219//30 222//30 216//31
f 223//30 216//31 222//30
f 216//31 223//30 224//31
s 0
f 199//30 201//30 225//30
f 226//30 225//30 201//30
f 225//30 226//30 227//30
f 228//30 227//30 226//30
f 227//30 228//30 229//30
f 230//30 229//30 228//30
f 229//30 230//30 231//30
f 232//30 231//30 230//30
f 231//30 232//30 233//30
f 234//30 233//30 232//30
f 233//30 234//30 235//30
s 1
f 236//31 237//30 238//30
s 0
f 239//30 238//30 237//30
f 238//30 239//30 213//30
f 240//30 213//30 239//30
f 213//30 240//30 212//30
s 1
f 238//30 241//30 236//31
f 242//30 236//31 241//30
f 236//31 242//30 243//31
s 0
f 244//30 245//30 246//30
f 247//30 248//30 249//30
f 250//32 251//32 203//32
f 252//30 203//30 251//30
f 203//30 252//30 201//30
f 250//30 253//30 251//30
f 254//30 251//30 253//30
f 251//30 254//30 255//30
f 235//30 234//30 256//30
f 257//30 256//30 234//30
f 256//30 257//30 258//30
f 259//30 258//30 257//30
f 258//30 259//30 260//30
f 261//30 262//30 245//30
f 263//30 245//30 262//30
f 264//30 265//30 266//30
f 267//30 266//30 265//30
f 268//30 269//30 201//30
f 270//30 201//30 269//30
s 1
f 216//31 218//30 219//30
s 0
f 271//30 219//30 218//30
f 219//30 271//30 220//30
f 272//30 273//30 274//30
f 275//30 274//30 273//30
f 274//30 275//30 276//30
f 277//30 276//30 275//30
f 249//30 248//30 278//30
f 279//30 278//30 248//30
f 278//30 279//30 280//30
f 281//30 280//30 279//30
f 280//30 281//30 272//30
f 282//30 272//30 281//30
f 272//30 282//30 273//30
f 283//30 284//30 285//30
f 286//30 285//30 284//30
f 285//30 286//30 287//30
f 201//30 287//30 286//30
f 287//30 201//30 288//30
f 270//30 288//30 201//30
f 211//30 210//30 289//30
f 290//30 289//30 210//30
f 289//30 290//30 291//30
f 292//30 291//30 290//30
f 291//30 292//30 293//30
f 294//30 293//30 292//30
f 293//30 294//30 283//30
f 295//30 283//30 294//30
f 283//30 295//30 284//30
s 1
f 217//30 216//31 296//30
f 297//30 296//30 216//31
s 0
f 296//30 297//30 298//30
f 249//30 299//30 247//30
f 300//30 247//30 299//30
f 247//30 300//30 301//30
f 302//30 301//30 300//30
f 301//30 302//30 303//30
f 304//30 303//30 302//30
f 303//30 304//30 305//30
f 296//30 305//30 304//30
f 305//30 296//30 306//30
f 298//30 306//30 296//30
f 255//30 307//30 251//30
f 308//30 251//30 307//30
f 251//30 308//30 221//30
f 309//30 221//30 308//30
f 221//30 309//30 219//30
f 259//30 310//30 260//30
f 311//30 260//30 310//30
f 260//30 311//30 312//30
f 261//30 245//30 313//30
f 314//30 313//30 245//30
f 313//30 314//30 315//30
f 316//30 315//30 314//30
f 315//30 316//30 317//30
f 263//30 318//30 245//30
f 319//30 245//30 318//30
f 245//30 319//30 246//30
f 320//30 246//30 319//30
f 246//30 320//30 321//30
f 277//30 322//30 276//30
f 323//30 276//30 322//30
f 276//30 323//30 246//30
f 324//30 246//30 323//30
f 246//30 324//30 244//30
f 215//30 325//30 214//30
f 326//30 214//30 325//30
f 214//30 326//30 327//30
s 1
f 223//30 328//30 224//31
f 260//30 224//31 328//30
f 224//31 260//30 329//30
s 0
f 312//30 329//30 260//30
f 316//30 330//30 317//30
f 331//30 317//30 330//30
f 317//30 331//30 332//30
f 267//30 268//30 266//30
f 201//30 266//30 268//30
f 266//30 201//30 333//30
f 252//30 333//30 201//30
f 333//30 252//30 334//30
f 335//30 334//30 252//30
f 334//30 335//30 336//30
s 1
f 242//30 337//30 243//31
f 317//30 243//31 337//30
f 243//31 317//30 338//30
s 0
f 332//30 338//30 317//30
f 266//30 339//30 264//30
f 340//30 264//30 339//30
f 264//30 340//30 341//30
f 214//30 341//30 340//30
f 341//30 214//30 342//30
f 327//30 342//30 214//30
f 336//30 343//30 334//30
f 344//30 334//30 343//30
f 334//30 344//30 345//30
f 346//30 345//30 344//30
f 345//30 346//30 347//30
f 246//30 347//30 346//30
f 347//30 246//30 348//30
f 321//30 348//30 246//30
s 1
f 349//33 350//33 351//13
f 352//13 351//13 350//33
f 353//34 354//34 355//35
f 353//34 355//35 356//35
f 357//36 356//35 355//35
f 356//35 357//36 358//36
f 359//37 358//36 357//36
f 358//36 359//37 360//37
f 361//38 360//37 359//37
f 360//37 361//38 362//38
f 363//39 362//38 361//38
f 362//38 363//39 364//39
f 365//40 364//39 363//39
f 364//39 365//40 366//40
f 367//41 366//40 365//40
f 366//40 367//41 368//41
f 369//13 368//41 367//41
f 368//41 369//13 370//13
f 371//42 370//13 369//13
f 370//13 371//42 372//42
f 373//43 372//42 371//42
f 372//42 373//43 374//43
f 375//44 374//43 373//43
f 374//43 375//44 376//44
f 377//45 376//44 375//44
f 376//44 377//45 378//45
f 379//46 378//45 377//45
f 378//45 379//46 380//46
f 381//47 380//46 379//46
f 380//46 381//47 382//47
f 383//48 382//47 381//47
f 382//47 383//48 384//48
f 385//49 384//48 383//48
f 384//48 385//49 386//49
f 387//50 388//50 389//13
f 390//13 389//13 388//50
f 391//51 392//51 393//1
f 394//1 393//1 392//51
f 395//52 396//52 397//53
f 395//52 397//53 398//53
f 399//54 398//53 397//53
f 398//53 399//54 400//54
f 401//55 400//54 399//54
f 400//54 401//55 402//55
f 403//56 402//55 401//55
f 402//55 403//56 404//56
f 405//57 404//56 403//56
f 404//56 405//57 406//57
f 407//58 406//57 405//57
f 406//57 407//58 408//58
f 409//59 408//58 407//58
f 408//58 409//59 410//59
f 411//1 410//59 409//59
f 410//59 411//1 412//1
f 413//60 412//1 411//1
f 412//1 413//60 414//60
f 415//61 414//60 413//60
f 414//60 415//61 416//61
f 417//62 416//61 415//61
f 416//61 417//62 418//62
f 419//63 418//62 417//62
f 418//62 419//63 420//63
f 421//64 420//63 419//63
f 420//63 421//64 422//64
f 423//65 422//64 421//64
f 422//64 423//65 424//65
f 425//66 424//65 423//65
f 424//65 425//66 426//66
f 427//67 426//66 425//66
f 426//66 427//67 428//67
f 429//68 430//68 431//1
f 432//1 431//1 430//68
f 433//1 434//1 435//2
f 436//2 435//2 434//1
f 435//2 436//2 437//3
f 438//3 437//3 436//2
f 437//3 438//3 439//69
f 440//69 439//69 438//3
f 439//69 440//69 441//70
f 442//70 441//70 440//69
f 441//70 442//70 443//71
f 444//71 443//71 442//70
f 443//71 444//71 445//7
f 446//7 445//7 444//71
f 445//7 446//7 447//72
f 448//72 447//72 446//7
f 447//72 448//72 449//73
f 450//73 449//73 448//72
f 449//73 450//73 451//74
f 452//74 451//74 450//73
f 451//74 452//74 453//11
f 454//11 453//11 452//74
f 453//11 454//11 455//12
f 456//12 455//12 454//11
f 455//12 456//12 457//13
f 458//13 457//13 456//12
f 457//13 458//13 459//14
f 460//14 459//14 458//13
f 459//14 460//14 461//15
f 462//15 461//15 460//14
f 461//15 462//15 463//75
f 464//75 463//75 462//15
f 463//75 464//75 465//76
f 466//76 465//76 464//75
f 465//76 466//76 467//77
f 468//77 467//77 466//76
f 467//77 468//77 469//19
f 470//19 469//19 468//77
f 469//19 470//19 471//78
f 472//78 471//78 470//19
f 471//78 472//78 473//79
f 474//79 473//79 472//78
f 473//79 474//79 475//80
f 476//80 475//80 474//79
f 475//80 476//80 477//23
f 478//23 477//23 476//80
f 477//23 478//23 479//24
f 480//24 479//24 478//23
f 479//24 480//24 433//1
f 434//1 433//1 480//24
f 481//1 482//1 483//81
f 484//81 483//81 482//1
f 483//81 484//81 485//82
f 486//82 485//82 484//81
f 485//82 486//82 487//69
f 488//69 487//69 486//82
f 487//69 488//69 489//5
f 490//5 489//5 488//69
f 489//5 490//5 491//6
f 492//6 491//6 490//5
f 491//6 492//6 493//7
f 494//7 493//7 492//6
f 493//7 494//7 495//8
f 496//8 495//8 494//7
f 495//8 496//8 497//9
f 498//9 497//9 496//8
f 497//9 498//9 499//83
f 500//83 499//83 498//9
f 499//83 500//83 501//84
f 502//84 501//84 500//83
f 501//84 502//84 503//85
f 504//85 503//85 502//84
f 503//85 504//85 505//13
f 506//13 505//13 504//85
f 505//13 506//13 507//86
f 508//86 507//86 506//13
f 507//86 508//86 509//87
f 510//87 509//87 508//86
f 509//87 510//87 511//75
f 512//75 511//75 510//87
f 511//75 512//75 513//17
f 514//17 513//17 512//75
f 513//17 514//17 515//18
f 516//18 515//18 514//17
f 515//18 516//18 517//19
f 518//19 517//19 516//18
f 517//19 518//19 519//20
f 520//20 519//20 518//19
f 519//20 520//20 521//21
f 522//21 521//21 520//20
f 521//21 522//21 523//88
f 524//88 523//88 522//21
f 523//88 524//88 525//89
f 526//89 525//89 524//88
f 525//89 526//89 527//90
f 528//90 527//90 526//89
f 527//90 528//90 481//1
f 482//1 481//1 528//90
f 529//1 530//1 531//81
f 532//81 531//81 530//1
f 531//81 532//81 533//82
f 534//82 533//82 532//81
f 533//82 534//82 535//91
f 536//91 535//91 534//82
f 535//91 536//91 537//70
f 538//70 537//70 536//91
f 537//70 538//70 539//71
f 540//71 539//71 538//70
f 539//71 540//71 541//7
f 542//7 541//7 540//71
f 541//7 542//7 543//72
f 544//72 543//72 542//7
f 543//72 544//72 545//73
f 546//73 545//73 544//72
f 545//73 546//73 547//10
f 548//10 547//10 546//73
f 547//10 548//10 549//84
f 550//84 549//84 548//10
f 549//84 550//84 551//85
f 552//85 551//85 550//84
f 551//85 552//85 553//13
f 554//13 553//13 552//85
f 553//13 554//13 555//86
f 556//86 555//86 554//13
f 555//86 556//86 557//87
f 558//87 557//87 556//86
f 557//87 558//87 559//92
f 560//92 559//92 558//87
f 559//92 560//92 561//76
f 562//76 561//76 560//92
f 561//76 562//76 563//77
f 564//77 563//77 562//76
f 563//77 564//77 565//19
f 566//19 565//19 564//77
f 565//19 566//19 567//78
f 568//78 567//78 566//19
f 567//78 568//78 569//79
f 570//79 569//79 568//78
f 569//79 570//79 571//22
f 572//22 571//22 570//79
f 571//22 572//22 573//89
f 574//89 573//89 572//22
f 573//89 574//89 575//90
f 576//90 575//90 574//89
f 575//90 576//90 529//1
f 530//1 529//1 576//90
s 0
f 577//13 578//13 579//13
f 580//13 579//13 578//13
f 581//1 582//1 583//1
f 584//1 583//1 582//1
f 585//93 586//93 587//93
f 588//93 587//93 586//93
f 589//94 590//94 591//94
f 592//94 591//94 590//94
s 1
f 386//49 385//49 593//95
f 594//95 593//95 385//49
f 593//95 594//95 595//96
f 596//45 595//96 594//95
f 595//96 596//45 597//43
f 598//43 597//43 596//45
f 597//43 598//43 349//33
f 350//33 349//33 598//43
f 430//68 429//68 599//58
f 600//58 599//58 429//68
f 599//58 600//58 601//56
f 602//97 601//56 600//58
f 601//56 602//97 603//98
f 604//98 603//98 602//97
f 603//98 604//98 395//52
f 396//52 395//52 604//98
f 388//50 387//50 605//40
f 606//40 605//40 387//50
f 605//40 606//40 607//38
f 608//99 607//38 606//40
f 607//38 608//99 609//100
f 610//100 609//100 608//99
f 609//100 610//100 353//34
f 354//34 353//34 610//100
f 428//67 427//67 611//101
f 612//101 611//101 427//67
f 611//101 612//101 613//102
f 614//63 613//102 612//101
f 613//102 614//63 615//61
f 616//61 615//61 614//63
f 615//61 616//61 391//51
f 392//51 391//51 616//61
f 592//94 590//94 617//103
f 618//103 617//103 590//94
f 617//103 618//103 619//104
f 620//104 619//104 618//103
f 619//104 620//104 113//26
f 111//26 113//26 620//104
f 216//31 224//31 621//105
f 216//31 621//105 622//105
f 623//106 622//105 621//105
f 622//105 623//106 624//106
f 586//93 624//106 623//106
f 624//106 586//93 585//107
s 0
f 578//13 577//13 625//13
f 626//13 625//13 577//13
f 625//13 626//13 627//13
f 628//13 627//13 626//13
f 627//13 628//13 390//13
f 389//13 390//13 628//13
f 393//1 394//1 629//1
f 630//1 629//1 394//1
f 629//1 630//1 631//1
f 632//1 631//1 630//1
f 631//1 632//1 581//1
f 582//1 581//1 632//1
s 1
f 633//31 634//31 635//105
f 636//105 635//105 634//31
f 635//105 636//105 637//106
f 638//106 637//106 636//105
f 637//106 638//106 588//93
f 587//93 588//93 638//106
f 589//94 591//94 639//103
f 589//94 639//103 640//103
f 641//104 640//103 639//103
f 640//103 641//104 642//104
f 643//26 642//104 641//104
f 642//104 643//26 644//26
s 0
f 645//1 646//1 647//1
f 648//1 647//1 646//1
f 647//1 648//1 649//1
f 650//1 649//1 648//1
f 649//1 650//1 584//1
f 583//1 584//1 650//1
f 579//13 580//13 651//13
f 652//13 651//13 580//13
f 651//13 652//13 653//13
f 654//13 653//13 652//13
f 653//13 654//13 655//13
f 656//13 655//13 654//13
s 1
f 657//25 658//25 643//26
f 659//25 660//25 643//26
f 661//25 643//26 660//25
f 643//26 661//25 644//26
f 658//25 662//25 643//26
f 663//25 643//26 662//25
f 643//26 663//25 664//25
f 661//25 665//25 644//26
f 666//25 644//26 665//25
f 644//26 666//25 667//25
f 667//25 668//25 644//26
f 669//25 644//26 668//25
f 644//26 669//25 670//25
s 0
f 671//25 672//25 673//25
f 674//25 675//25 676//25
f 677//25 676//25 675//25
s 1
f 676//25 677//25 643//26
f 678//25 643//26 677//25
f 643//26 678//25 657//25
s 0
f 679//25 659//25 680//25
s 1
f 643//26 680//25 659//25
f 680//25 643//26 681//25
f 664//25 681//25 643//26
s 0
f 679//25 680//25 673//25
f 682//25 673//25 680//25
f 673//25 682//25 671//25
s 1
f 670//25 683//25 644//26
f 684//25 644//26 683//25
f 644//26 684//25 685//25
s 0
f 686//25 685//25 684//25
f 685//25 686//25 687//25
f 688//25 689//25 690//25
f 691//25 692//25 676//25
f 693//25 676//25 692//25
f 676//25 693//25 694//25
f 687//25 695//25 685//25
f 696//25 685//25 695//25
f 685//25 696//25 697//25
f 688//25 697//25 696//25
f 697//25 688//25 698//25
f 690//25 698//25 688//25
f 699//25 700//25 701//25
f 694//25 702//25 676//25
f 703//25 676//25 702//25
f 676//25 703//25 674//25
f 704//25 705//25 706//25
f 707//25 706//25 705//25
f 672//25 708//25 673//25
f 709//25 673//25 708//25
f 673//25 709//25 710//25
f 711//25 710//25 709//25
f 710//25 711//25 712//25
f 713//25 712//25 711//25
f 713//25 691//25 712//25
f 676//25 712//25 691//25
f 712//25 676//25 714//25
f 715//25 714//25 676//25
f 714//25 715//25 716//25
f 717//25 716//25 715//25
f 716//25 717//25 718//25
f 719//25 720//25 721//25
f 722//25 721//25 720//25
f 721//25 722//25 723//25
f 724//25 725//25 726//25
f 716//25 726//25 725//25
f 726//25 716//25 727//25
f 718//25 727//25 716//25
f 722//25 728//25 723//25
f 729//25 723//25 728//25
f 723//25 729//25 730//25
f 724//25 726//25 731//25
f 732//25 731//25 726//25
f 731//25 732//25 733//25
f 734//25 733//25 732//25
f 733//25 734//25 719//25
f 735//25 719//25 734//25
f 719//25 735//25 720//25
f 725//25 736//25 716//25
f 737//25 716//25 736//25
f 716//25 737//25 738//25
f 739//25 738//25 737//25
f 738//25 739//25 705//25
f 740//25 705//25 739//25
f 705//25 740//25 707//25
f 701//25 700//25 741//25
f 742//25 741//25 700//25
f 741//25 742//25 743//25
f 743//25 742//25 744//25
f 745//25 744//25 742//25
f 744//25 745//25 746//25
f 746//25 745//25 747//25
f 748//25 747//25 745//25
f 747//25 748//25 749//25
f 748//25 750//25 749//25
f 751//25 749//25 750//25
f 749//25 751//25 752//25
f 730//25 752//25 751//25
f 752//25 730//25 753//25
f 729//25 753//25 730//25
f 688//25 705//25 689//25
f 704//25 689//25 705//25
f 689//25 704//25 754//25
f 755//25 754//25 704//25
f 754//25 755//25 756//25
f 757//25 756//25 755//25
f 756//25 757//25 758//25
f 759//25 758//25 757//25
f 758//25 759//25 760//25
f 699//25 760//25 759//25
f 760//25 699//25 761//25
f 701//25 761//25 699//25
s 1
f 762//30 763//30 634//31
f 764//30 634//31 763//30
f 634//31 764//30 765//30
f 766//30 767//30 633//31
f 768//30 633//31 767//30
f 633//31 768//30 769//30
s 0
f 770//30 771//30 772//30
f 773//30 772//30 771//30
f 774//30 775//30 771//30
f 776//30 771//30 775//30
f 771//30 776//30 773//30
f 777//30 778//30 779//30
f 780//30 779//30 778//30
f 781//30 782//30 783//30
s 1
f 769//30 784//30 633//31
f 785//30 633//31 784//30
f 633//31 785//30 634//31
f 786//30 634//31 785//30
f 634//31 786//30 775//30
s 0
f 774//30 787//30 775//30
f 788//30 775//30 787//30
s 1
f 775//30 788//30 634//31
f 789//30 634//31 788//30
f 634//31 789//30 762//30
f 765//30 790//30 634//31
f 791//30 634//31 790//30
f 634//31 791//30 778//30
s 0
f 792//30 778//30 791//30
f 778//30 792//30 780//30
f 793//30 794//30 795//30
f 796//30 795//30 794//30
s 1
f 795//30 796//30 633//31
f 797//30 633//31 796//30
f 633//31 797//30 766//30
s 0
f 777//30 798//30 778//30
f 799//30 778//30 798//30
f 778//30 799//30 800//30
f 770//30 772//30 801//30
f 802//30 801//30 772//30
f 801//30 802//30 803//30
f 804//30 803//30 802//30
f 803//30 804//30 805//30
f 806//30 807//30 805//30
f 808//30 805//30 807//30
f 805//30 808//30 803//30
f 800//30 806//30 778//30
f 805//30 778//30 806//30
f 778//30 805//30 809//30
f 810//30 809//30 805//30
f 809//30 810//30 811//30
f 781//30 811//30 810//30
f 811//30 781//30 812//30
f 783//30 812//30 781//30
f 813//30 814//30 815//30
f 816//30 817//30 781//30
f 818//30 781//30 817//30
f 781//30 818//30 782//30
f 819//30 820//30 795//30
f 821//30 795//30 820//30
f 795//30 821//30 793//30
f 815//30 822//30 813//30
f 823//30 813//30 822//30
f 813//30 823//30 816//30
f 824//30 816//30 823//30
f 816//30 824//30 817//30
f 819//30 825//30 820//30
f 826//30 820//30 825//30
f 820//30 826//30 827//30
f 828//30 829//30 830//30
f 831//30 830//30 829//30
f 830//30 831//30 832//30
f 813//30 820//30 814//30
f 827//30 814//30 820//30
f 814//30 827//30 833//30
f 834//30 833//30 827//30
f 833//30 834//30 835//30
f 836//30 835//30 834//30
f 835//30 836//30 837//30
f 838//30 837//30 836//30
f 837//30 838//30 839//30
f 840//30 839//30 838//30
f 839//30 840//30 841//30
f 842//30 841//30 840//30
f 841//30 842//30 843//30
f 818//30 844//30 782//30
f 845//30 782//30 844//30
f 782//30 845//30 846//30
f 847//30 846//30 845//30
f 846//30 847//30 848//30
f 849//30 848//30 847//30
f 848//30 849//30 850//30
f 851//30 850//30 849//30
f 850//30 851//30 852//30
f 832//30 852//30 851//30
f 852//30 832//30 853//30
f 831//30 853//30 832//30
f 854//30 855//30 856//30
f 857//30 856//30 855//30
f 856//30 857//30 858//30
f 859//30 858//30 857//30
f 858//30 859//30 860//30
f 861//30 860//30 859//30
f 860//30 861//30 862//30
f 863//30 862//30 861//30
f 862//30 863//30 828//30
f 864//30 828//30 863//30
f 828//30 864//30 829//30
f 842//30 865//30 843//30
f 866//30 843//30 865//30
f 843//30 866//30 854//30
f 867//30 854//30 866//30
f 854//30 867//30 855//30
s 1
f 868//108 869//108 645//1
f 646//1 645//1 869//108
f 870//109 871//109 656//13
f 655//13 656//13 871//109
f 872//110 873//111 874//112
f 875//113 874//112 873//111
f 874//112 875//113 876//114
f 877//115 876//114 875//113
f 876//114 877//115 878//116
f 879//116 878//116 877//115
f 878//116 879//116 880//117
f 881//117 880//117 879//116
f 880//117 881//117 882//118
f 883//118 882//118 881//117
f 882//118 883//118 884//119
f 885//119 884//119 883//118
f 884//119 885//119 886//120
f 887//120 886//120 885//119
f 886//120 887//120 888//121
f 889//121 888//121 887//120
f 888//121 889//121 890//122
f 891//122 890//122 889//121
f 890//122 891//122 892//123
f 893//123 892//123 891//122
f 892//123 893//123 894//124
f 895//124 894//124 893//123
f 894//124 895//124 896//125
f 897//125 896//125 895//124
f 896//125 897//125 898//126
f 899//126 898//126 897//125
f 898//126 899//126 900//13
f 901//13 900//13 899//126
f 900//13 901//13 902//127
f 903//127 902//127 901//13
f 902//127 903//127 904//128
f 905//128 904//128 903//127
f 904//128 905//128 906//129
f 907//129 906//129 905//128
f 906//129 907//129 908//130
f 909//130 908//130 907//129
f 908//130 909//130 910//131
f 911//131 910//131 909//130
f 910//131 911//131 912//132
f 913//132 912//132 911//131
f 912//132 913//132 914//133
f 915//133 914//133 913//132
f 914//133 915//133 916//134
f 917//134 916//134 915//133
f 916//134 917//134 918//135
f 919//135 918//135 917//134
f 918//135 919//135 920//136
f 921//136 920//136 919//135
f 920//136 921//136 922//110
f 872//110 922//110 921//136
f 922//110 872//110 874//112
f 923//137 924//137 925//138
f 926//138 925//138 924//137
f 925//138 926//138 927//139
f 928//139 927//139 926//138
f 927//139 928//139 929//140
f 930//140 929//140 928//139
f 929//140 930//140 931//141
f 932//141 931//141 930//140
f 933//142 934//142 935//143
f 933//142 935//143 936//143
f 937//144 936//143 935//143
f 936//143 937//144 938//144
f 939//145 938//144 937//144
f 938//144 939//145 940//145
f 941//146 940//145 939//145
f 940//145 941//146 942//146
f 943//147 942//146 941//146
f 942//146 943//147 944//147
f 945//148 944//147 943//147
f 944//147 945//148 946//148
f 924//137 946//148 945//148
f 946//148 924//137 923//137
f 947//149 934//142 948//149
f 933//142 948//149 934//142
f 949//150 950//150 951//151
f 949//150 951//151 952//151
f 953//152 952//151 951//151
f 952//151 953//152 954//152
f 955//153 954//152 953//152
f 954//152 955//153 956//153
f 957//154 956//153 955//153
f 956//153 957//154 958//154
f 959//155 958//154 957//154
f 958//154 959//155 960//155
f 961//156 960//155 959//155
f 960//155 961//156 962//156
f 947//149 962//156 961//156
f 962//156 947//149 948//149
f 963//157 964//157 965//158
f 966//158 965//158 964//157
f 965//158 966//158 967//159
f 968//159 967//159 966//158
f 967//159 968//159 969//160
f 970//160 969//160 968//159
f 969//160 970//160 949//150
f 950//150 949//150 970//160
f 871//109 870//109 971//160
f 871//109 971//160 972//160
f 973//159 972//160 971//160
f 972//160 973//159 974//159
f 975//158 974//159 973//159
f 974//159 975//158 976//158
f 964//157 976//158 975//158
f 976//158 964//157 963//157
f 931//141 932//141 977//140
f 931//141 977//140 978//140
f 979//139 978//140 977//140
f 978//140 979//139 980//139
f 981//138 980//139 979//139
f 980//139 981//138 982//138
f 869//108 982//138 981//138
f 982//138 869//108 868//108
s 0
f 431//1 432//1 983//1
f 984//1 983//1 432//1
f 983//1 984//1 985//1
f 986//1 985//1 984//1
f 985//1 986//1 987//1
f 988//1 987//1 986//1
f 987//1 988//1 989//1
f 990//1 989//1 988//1
f 989//1 990//1 991//1
f 992//1 991//1 990//1
f 991//1 992//1 993//1
f 994//1 993//1 992//1
f 995//13 996//13 997//13
f 998//13 997//13 996//13
f 997//13 998//13 999//13
f 1000//13 999//13 998//13
f 999//13 1000//13 1001//13
f 1002//13 1001//13 1000//13
f 1001//13 1002//13 1003//13
f 1004//13 1003//13 1002//13
f 1003//13 1004//13 1005//13
f 1006//13 1005//13 1004//13
f 1005//13 1006//13 352//13
f 351//13 352//13 1006//13
s 1
f 72//26 74//26 1007//104
f 72//26 1007//104 1008//104
f 1009//103 1008//104 1007//104
f 1008//104 1009//103 1010//103
f 1011//161 1010//103 1009//103
f 1010//103 1011//161 1012//161
f 1013//162 1012//161 1011//161
f 1012//161 1013//162 1014//162
f 1015//163 1014//162 1013//162
f 1014//162 1015//163 1016//163
f 1017//164 1016//163 1015//163
f 1016//163 1017//164 1018//164
f 1019//165 1020//165 1021//166
f 1022//166 1021//166 1020//165
f 1021//166 1022//166 1023//167
f 1024//167 1023//167 1022//166
f 1023//167 1024//167 1025//168
f 1026//168 1025//168 1024//167
f 1025//168 1026//168 1027//106
f 1028//106 1027//106 1026//168
f 1027//106 1028//106 1029//105
f 1030//105 1029//105 1028//106
f 1029//105 1030//105 243//31
f 236//31 243//31 1030//105
f 1031//169 1032//169 995//13
f 996//13 995//13 1032//169
f 1033//170 1034//170 994//1
f 993//1 994//1 1034//170
s 0
f 1035//7 1036//7 1037//7
s 1
f 1038//7 1039//7 1017//164
f 1040//7 1017//164 1039//7
s 0
f 1037//7 1036//7 1041//7
f 1042//7 1041//7 1036//7
f 1041//7 1042//7 1043//7
f 1044//7 1043//7 1042//7
f 1043//7 1044//7 1045//7
f 1046//7 1045//7 1044//7
f 1045//7 1046//7 1047//7
f 1048//7 1047//7 1046//7
f 1047//7 1048//7 1049//7
f 1050//7 1049//7 1048//7
f 1049//7 1050//7 1038//7
f 1051//7 1038//7 1050//7
f 1038//7 1051//7 1039//7
f 1052//7 1053//7 1054//7
s 1
f 1055//7 1056//7 1018//164
f 1057//7 1018//164 1056//7
f 1018//164 1057//7 1058//7
s 0
f 1059//7 1060//7 1061//7
s 1
f 1040//7 1062//7 1017//164
f 1063//7 1017//164 1062//7
f 1017//164 1063//7 1064//7
f 1065//7 1066//7 1018//164
s 0
f 1067//7 1068//7 1069//7
f 1070//7 1069//7 1068//7
f 1069//7 1070//7 1071//7
f 1072//7 1071//7 1070//7
f 1071//7 1072//7 1073//7
f 1057//7 1074//7 1058//7
f 1075//7 1058//7 1074//7
f 1058//7 1075//7 1076//7
f 1077//7 1076//7 1075//7
f 1076//7 1077//7 1078//7
f 1079//7 1078//7 1077//7
f 1078//7 1079//7 1080//7
f 1081//7 1080//7 1079//7
f 1080//7 1081//7 1082//7
f 1083//7 1082//7 1081//7
f 1082//7 1083//7 1084//7
f 1085//7 1084//7 1083//7
f 1084//7 1085//7 1086//7
f 1087//7 1086//7 1085//7
f 1086//7 1087//7 1088//7
f 1089//7 1088//7 1087//7
f 1088//7 1089//7 1090//7
f 1091//7 1090//7 1089//7
f 1090//7 1091//7 1092//7
f 1093//7 1092//7 1091//7
f 1092//7 1093//7 1094//7
f 1067//7 1069//7 1095//7
f 1096//7 1095//7 1069//7
f 1095//7 1096//7 1097//7
f 1054//7 1098//7 1052//7
f 1059//7 1052//7 1098//7
f 1052//7 1059//7 1099//7
f 1061//7 1099//7 1059//7
f 1100//7 1101//7 1102//7
s 1
f 1066//7 1103//7 1018//164
f 1104//7 1018//164 1103//7
f 1018//164 1104//7 1055//7
s 0
f 1060//7 1097//7 1061//7
f 1096//7 1061//7 1097//7
f 1061//7 1096//7 1105//7
f 1106//7 1105//7 1096//7
f 1105//7 1106//7 1107//7
f 1094//7 1107//7 1106//7
f 1107//7 1094//7 1108//7
f 1093//7 1108//7 1094//7
f 1102//7 1101//7 1109//7
f 1110//7 1111//7 1112//7
f 1113//7 1112//7 1111//7
f 1112//7 1113//7 1114//7
f 1113//7 1115//7 1114//7
f 1116//7 1114//7 1115//7
f 1114//7 1116//7 1117//7
f 1035//7 1117//7 1116//7
f 1117//7 1035//7 1118//7
f 1037//7 1118//7 1035//7
s 1
f 1102//7 1119//7 1017//164
f 1120//7 1017//164 1119//7
f 1017//164 1120//7 1121//7
f 1121//7 1122//7 1017//164
f 1123//7 1017//164 1122//7
f 1017//164 1123//7 1018//164
f 1124//7 1018//164 1123//7
f 1018//164 1124//7 1065//7
s 0
f 1125//7 1065//7 1124//7
f 1065//7 1125//7 1052//7
f 1126//7 1052//7 1125//7
f 1052//7 1126//7 1053//7
f 1101//7 1127//7 1109//7
f 1110//7 1109//7 1127//7
f 1109//7 1110//7 1128//7
f 1112//7 1128//7 1110//7
f 1128//7 1112//7 1129//7
f 1073//7 1129//7 1112//7
f 1129//7 1073//7 1130//7
f 1072//7 1130//7 1073//7
s 1
f 1064//7 1131//7 1017//164
f 1132//7 1017//164 1131//7
f 1017//164 1132//7 1102//7
s 0
f 1133//7 1102//7 1132//7
f 1102//7 1133//7 1100//7
s 1
f 1134//19 1135//19 1020//165
f 1136//19 1020//165 1135//19
f 1020//165 1136//19 1137//19
f 1138//19 1139//19 1019//165
f 1137//19 1140//19 1020//165
f 1141//19 1020//165 1140//19
f 1020//165 1141//19 1142//19
f 1143//19 1144//19 1020//165
f 1144//19 1145//19 1020//165
f 1146//19 1020//165 1145//19
f 1020//165 1146//19 1134//19
s 0
f 1147//19 1134//19 1146//19
f 1134//19 1147//19 1148//19
f 1149//19 1150//19 1151//19
s 1
f 1019//165 1152//19 1153//19
f 1019//165 1139//19 1020//165
f 1154//19 1020//165 1139//19
f 1020//165 1154//19 1143//19
s 0
f 1150//19 1155//19 1151//19
f 1156//19 1151//19 1155//19
f 1151//19 1156//19 1157//19
f 1138//171 1157//171 1156//171
f 1157//19 1138//19 1158//19
s 1
f 1019//165 1158//19 1138//19
f 1158//19 1019//165 1159//19
f 1152//19 1019//165 1160//19
f 1161//19 1160//19 1019//165
s 0
f 1160//19 1161//19 1162//19
s 1
f 1153//19 1163//19 1019//165
f 1164//19 1019//165 1163//19
f 1019//165 1164//19 1159//19
s 0
f 1165//19 1166//19 1167//19
f 1168//19 1167//19 1166//19
f 1167//19 1168//19 1169//19
f 1170//19 1169//19 1168//19
f 1171//19 1172//19 1173//19
f 1174//19 1173//19 1172//19
f 1173//19 1174//19 1168//19
f 1175//19 1176//19 1177//19
f 1141//19 1178//19 1142//19
f 1179//19 1142//19 1178//19
f 1142//19 1179//19 1180//19
f 1181//19 1180//19 1179//19
f 1180//19 1181//19 1182//19
f 1183//19 1182//19 1181//19
f 1182//19 1183//19 1184//19
f 1185//19 1184//19 1183//19
f 1184//19 1185//19 1186//19
f 1187//19 1186//19 1185//19
f 1186//19 1187//19 1188//19
f 1189//19 1188//19 1187//19
f 1188//19 1189//19 1190//19
f 1191//19 1190//19 1189//19
f 1190//19 1191//19 1192//19
f 1193//19 1192//19 1191//19
f 1192//19 1193//19 1194//19
f 1195//19 1194//19 1193//19
f 1194//19 1195//19 1196//19
f 1197//19 1196//19 1195//19
f 1196//19 1197//19 1171//19
f 1198//19 1171//19 1197//19
f 1171//19 1198//19 1172//19
f 1165//19 1199//19 1166//19
f 1200//19 1166//19 1199//19
f 1166//19 1200//19 1201//19
f 1202//19 1201//19 1200//19
f 1201//19 1202//19 1203//19
f 1204//19 1205//19 1176//19
f 1206//19 1176//19 1205//19
f 1176//19 1206//19 1177//19
f 1177//19 1207//19 1175//19
f 1208//19 1175//19 1207//19
f 1175//19 1208//19 1209//19
f 1210//19 1209//19 1208//19
f 1168//19 1174//19 1170//19
f 1211//19 1170//19 1174//19
f 1170//19 1211//19 1212//19
f 1213//19 1212//19 1211//19
f 1212//19 1213//19 1147//19
f 1214//19 1147//19 1213//19
f 1147//19 1214//19 1148//19
f 1204//19 1201//19 1205//19
f 1203//19 1205//19 1201//19
f 1205//19 1203//19 1215//19
f 1216//19 1215//19 1203//19
f 1215//19 1216//19 1217//19
f 1218//19 1217//19 1216//19
f 1217//19 1218//19 1151//19
f 1219//19 1151//19 1218//19
f 1151//19 1219//19 1149//19
f 1162//19 1161//19 1220//19
f 1221//19 1220//19 1161//19
f 1220//19 1221//19 1222//19
f 1223//19 1222//19 1221//19
f 1222//19 1223//19 1224//19
f 1225//19 1224//19 1223//19
f 1224//19 1225//19 1226//19
f 1227//19 1226//19 1225//19
f 1226//19 1227//19 1228//19
f 1229//19 1228//19 1227//19
f 1228//19 1229//19 1230//19
f 1231//19 1230//19 1229//19
f 1230//19 1231//19 1210//19
f 1232//19 1210//19 1231//19
f 1210//19 1232//19 1209//19
s 1
f 1034//170 1033//170 1233//172
f 1034//170 1233//172 1234//172
f 1235//173 1234//172 1233//172
f 1234//172 1235//173 1236//173
f 1237//174 1236//173 1235//173
f 1236//173 1237//174 1238//174
f 1239//175 1238//174 1237//174
f 1238//174 1239//175 1240//175
f 1241//176 1240//175 1239//175
f 1240//175 1241//176 1242//176
f 1243//177 1242//176 1241//176
f 1242//176 1243//177 1244//177
f 1245//178 1244//177 1243//177
f 1244//177 1245//178 1246//178
f 1247//179 1246//178 1245//178
f 1246//178 1247//179 1248//179
f 1249//180 1248//179 1247//179
f 1248//179 1249//180 1250//181
f 1250//181 1249//180 1251//182
f 1252//182 1251//182 1249//180
f 1251//182 1252//182 1253//183
f 1254//183 1253//183 1252//182
f 1253//183 1254//183 1255//184
f 1256//184 1255//184 1254//183
f 1255//184 1256//184 1257//30
f 1258//30 1257//30 1256//184
f 1257//30 1258//30 1259//185
f 1260//185 1259//185 1258//30
f 1259//185 1260//185 1261//186
f 1262//186 1261//186 1260//185
f 1261//186 1262//186 1263//187
f 1264//187 1263//187 1262//186
f 1263//187 1264//187 1265//188
f 1266//188 1265//188 1264//187
f 1265//188 1266//188 1267//189
f 1265//188 1267//189 1268//189
f 1269//190 1268//189 1267//189
f 1268//189 1269//190 1270//190
f 1271//191 1270//190 1269//190
f 1270//190 1271//191 1272//191
f 1273//192 1272//191 1271//191
f 1272//191 1273//192 1274//192
f 1275//193 1274//192 1273//192
f 1274//192 1275//193 1276//193
f 1277//194 1276//193 1275//193
f 1276//193 1277//194 1278//194
f 1279//195 1278//194 1277//194
f 1278//194 1279//195 1280//195
f 1281//196 1280//195 1279//195
f 1280//195 1281//196 1282//196
f 1032//169 1282//196 1281//196
f 1282//196 1032//169 1031//169
f 1283//25 1284//25 1285//197
f 1286//197 1285//197 1284//25
f 1285//197 1286//197 1287//198
f 1288//198 1287//198 1286//197
f 1287//198 1288//198 1289//199
f 1290//199 1289//199 1288//198
f 1289//199 1290//199 1291//200
f 1292//200 1291//200 1290//199
f 1291//200 1292//200 1293//201
f 1294//201 1293//201 1292//200
f 1293//201 1294//201 1295//13
f 1296//13 1295//13 1294//201
f 1295//13 1296//13 1297//202
f 1298//202 1297//202 1296//13
f 1297//202 1298//202 1299//203
f 1300//203 1299//203 1298//202
f 1299//203 1300//203 1301//204
f 1302//204 1301//204 1300//203
f 1301//204 1302//204 1303//205
f 1304//205 1303//205 1302//204
f 1303//205 1304//205 1305//206
f 1306//206 1305//206 1304//205
f 1305//206 1306//206 1307//30
f 1308//30 1307//30 1306//206
f 1307//30 1308//30 1309//207
f 1310//207 1309//207 1308//30
f 1309//207 1310//207 1311//208
f 1312//208 1311//208 1310//207
f 1311//208 1312//208 1313//209
f 1314//209 1313//209 1312//208
f 1313//209 1314//209 1315//210
f 1316//210 1315//210 1314//209
f 1315//210 1316//210 1317//211
f 1318//211 1317//211 1316//210
f 1317//211 1318//211 1319//1
f 1320//1 1319//1 1318//211
f 1319//1 1320//1 1321//212
f 1322//212 1321//212 1320//1
f 1321//212 1322//212 1323//213
f 1324//213 1323//213 1322//212
f 1323//213 1324//213 1325//214
f 1326//214 1325//214 1324//213
f 1325//214 1326//214 1327//215
f 1328//215 1327//215 1326//214
f 1327//215 1328//215 1329//216
f 1330//216 1329//216 1328//215
f 1329//216 1330//216 1283//25
f 1284//25 1283//25 1330//216
f 1331//25 1332//25 1333//217
f 1334//217 1333//217 1332//25
f 1333//217 1334//217 1335//198
f 1336//198 1335//198 1334//217
f 1335//198 1336//198 1337//218
f 1338//218 1337//218 1336//198
f 1337//218 1338//218 1339//200
f 1340//200 1339//200 1338//218
f 1339//200 1340//200 1341//219
f 1342//219 1341//219 1340//200
f 1341//219 1342//219 1343//13
f 1344//13 1343//13 1342//219
f 1343//13 1344//13 1345//202
f 1346//202 1345//202 1344//13
f 1345//202 1346//202 1347//203
f 1348//203 1347//203 1346//202
f 1347//203 1348//203 1349//204
f 1350//204 1349//204 1348//203
f 1349//204 1350//204 1351//205
f 1352//205 1351//205 1350//204
f 1351//205 1352//205 1353//220
f 1354//220 1353//220 1352//205
f 1353//220 1354//220 1355//30
f 1356//30 1355//30 1354//220
f 1355//30 1356//30 1357//221
f 1358//221 1357//221 1356//30
f 1357//221 1358//221 1359//208
f 1360//208 1359//208 1358//221
f 1359//208 1360//208 1361//209
f 1362//209 1361//209 1360//208
f 1361//209 1362//209 1363//210
f 1364//210 1363//210 1362//209
f 1363//210 1364//210 1365//211
f 1366//211 1365//211 1364//210
f 1365//211 1366//211 1367//1
f 1368//1 1367//1 1366//211
f 1367//1 1368//1 1369//222
f 1370//222 1369//222 1368//1
f 1369//222 1370//222 1371//213
f 1372//213 1371//213 1370//222
f 1371//213 1372//213 1373//223
f 1374//223 1373//223 1372//213
f 1373//223 1374//223 1375//215
f 1376//215 1375//215 1374//223
f 1375//215 1376//215 1377//224
f 1378//224 1377//224 1376//215
f 1377//224 1378//224 1331//25
f 1332//25 1331//25 1378//224
f 1379//25 1380//25 1381//197
f 1382//197 1381//197 1380//25
f 1381//197 1382//197 1383//198
f 1384//198 1383//198 1382//197
f 1383//198 1384//198 1385//199
f 1386//199 1385//199 1384//198
f 1385//199 1386//199 1387//200
f 1388//200 1387//200 1386//199
f 1387//200 1388//200 1389//201
f 1390//201 1389//201 1388//200
f 1389//201 1390//201 1391//13
f 1392//13 1391//13 1390//201
f 1391//13 1392//13 1393//202
f 1394//202 1393//202 1392//13
f 1393//202 1394//202 1395//203
f 1396//203 1395//203 1394//202
f 1395//203 1396//203 1397//204
f 1398//204 1397//204 1396//203
f 1397//204 1398//204 1399//205
f 1400//205 1399//205 1398//204
f 1399//205 1400//205 1401//206
f 1402//206 1401//206 1400//205
f 1401//206 1402//206 1403//30
f 1404//30 1403//30 1402//206
f 1403//30 1404//30 1405//207
f 1406//207 1405//207 1404//30
f 1405//207 1406//207 1407//208
f 1408//208 1407//208 1406//207
f 1407//208 1408//208 1409//209
f 1410//209 1409//209 1408//208
f 1409//209 1410//209 1411//210
f 1412//210 1411//210 1410//209
f 1411//210 1412//210 1413//211
f 1414//211 1413//211 1412//210
f 1413//211 1414//211 1415//1
f 1416//1 1415//1 1414//211
f 1415//1 1416//1 1417//212
f 1418//212 1417//212 1416//1
f 1417//212 1418//212 1419//213
f 1420//213 1419//213 1418//212
f 1419//213 1420//213 1421//214
f 1422//214 1421//214 1420//213
f 1421//214 1422//214 1423//215
f 1424//215 1423//215 1422//214
f 1423//215 1424//215 1425//216
f 1426//216 1425//216 1424//215
f 1425//216 1426//216 1379//25
f 1380//25 1379//25 1426//216
f 1427//13 1428//13 1429//12
f 1430//12 1429//12 1428//13
f 1429//12 1430//12 1431//11
f 1432//11 1431//11 1430//12
f 1431//11 1432//11 1433//10
f 1434//10 1433//10 1432//11
f 1433//10 1434//10 1435//9
f 1436//9 1435//9 1434//10
f 1435//9 1436//9 1437//72
f 1438//72 1437//72 1436//9
f 1437//72 1438//72 1439//7
f 1440//7 1439//7 1438//72
f 1439//7 1440//7 1441//71
f 1442//71 1441//71 1440//7
f 1441//71 1442//71 1443//5
f 1444//5 1443//5 1442//71
f 1443//5 1444//5 1445//69
f 1446//69 1445//69 1444//5
f 1445//69 1446//69 1447//82
f 1448//82 1447//82 1446//69
f 1447//82 1448//82 1449//81
f 1450//81 1449//81 1448//82
f 1449//81 1450//81 1451//1
f 1452//1 1451//1 1450//81
f 1451//1 1452//1 1453//90
f 1454//90 1453//90 1452//1
f 1453//90 1454//90 1455//89
f 1456//89 1455//89 1454//90
f 1455//89 1456//89 1457//22
f 1458//22 1457//22 1456//89
f 1457//22 1458//22 1459//79
f 1460//79 1459//79 1458//22
f 1459//79 1460//79 1461//20
f 1462//20 1461//20 1460//79
f 1461//20 1462//20 1463//19
f 1464//19 1463//19 1462//20
f 1463//19 1464//19 1465//18
f 1466//18 1465//18 1464//19
f 1465//18 1466//18 1467//76
f 1468//76 1467//76 1466//18
f 1467//76 1468//76 1469//75
f 1470//75 1469//75 1468//76
f 1469//75 1470//75 1471//15
f 1472//15 1471//15 1470//75
f 1471//15 1472//15 1473//14
f 1474//14 1473//14 1472//15
f 1473//14 1474//14 1427//13
f 1428//13 1427//13 1474//14
f 1475//13 1476//13 1477//12
f 1478//12 1477//12 1476//13
f 1477//12 1478//12 1479//11
f 1480//11 1479//11 1478//12
f 1479//11 1480//11 1481//10
f 1482//10 1481//10 1480//11
f 1481//10 1482//10 1483//9
f 1484//9 1483//9 1482//10
f 1483//9 1484//9 1485//72
f 1486//72 1485//72 1484//9
f 1485//72 1486//72 1487//7
f 1488//7 1487//7 1486//72
f 1487//7 1488//7 1489//71
f 1490//71 1489//71 1488//7
f 1489//71 1490//71 1491//5
f 1492//5 1491//5 1490//71
f 1491//5 1492//5 1493//69
f 1494//69 1493//69 1492//5
f 1493//69 1494//69 1495//82
f 1496//82 1495//82 1494//69
f 1495//82 1496//82 1497//81
f 1498//81 1497//81 1496//82
f 1497//81 1498//81 1499//1
f 1500//1 1499//1 1498//81
f 1499//1 1500//1 1501//90
f 1502//90 1501//90 1500//1
f 1501//90 1502//90 1503//89
f 1504//89 1503//89 1502//90
f 1503//89 1504//89 1505//22
f 1506//22 1505//22 1504//89
f 1505//22 1506//22 1507//79
f 1508//79 1507//79 1506//22
f 1507//79 1508//79 1509//20
f 1510//20 1509//20 1508//79
f 1509//20 1510//20 1511//19
f 1512//19 1511//19 1510//20
f 1511//19 1512//19 1513//18
f 1514//18 1513//18 1512//19
f 1513//18 1514//18 1515//76
f 1516//76 1515//76 1514//18
f 1515//76 1516//76 1517//75
f 1518//75 1517//75 1516//76
f 1517//75 1518//75 1519//15
f 1520//15 1519//15 1518//75
f 1519//15 1520//15 1521//14
f 1522//14 1521//14 1520//15
f 1521//14 1522//14 1475//13
f 1476//13 1475//13 1522//14
s 0
f 1523//13 1524//13 1525//13
f 1526//13 1525//13 1524//13
f 1525//13 1526//13 1527//13
f 1528//13 1527//13 1526//13
f 1527//13 1528//13 1529//13
f 1530//13 1529//13 1528//13
f 1529//13 1530//13 1531//13
f 1532//13 1531//13 1530//13
f 1531//13 1532//13 1533//13
f 1534//13 1533//13 1532//13
f 1533//13 1534//13 1535//13
f 1536//13 1535//13 1534//13
s 1
f 1537//225 1538//225 1539//226
f 1537//225 1539//226 1540//226
f 1541//227 1540//226 1539//226
f 1540//226 1541//227 1542//227
f 1543//228 1542//227 1541//227
f 1542//227 1543//228 1544//228
f 1545//229 1544//228 1543//228
f 1544//228 1545//229 1546//229
f 1547//230 1546//229 1545//229
f 1546//229 1547//230 1548//230
f 1549//231 1548//230 1547//230
f 1548//230 1549//231 1550//231
s 0
f 1551//1 1552//1 1553//1
f 1554//1 1553//1 1552//1
f 1553//1 1554//1 1555//1
f 1556//1 1555//1 1554//1
f 1555//1 1556//1 1557//1
f 1558//1 1557//1 1556//1
f 1557//1 1558//1 1559//1
f 1560//1 1559//1 1558//1
f 1559//1 1560//1 1561//1
f 1562//1 1561//1 1560//1
f 1561//1 1562//1 1563//1
f 1564//1 1563//1 1562//1
s 1
f 1565//30 1566//30 1567//231
f 1568//30 1569//30 1550//231
f 1566//30 1570//30 1567//231
f 1571//30 1567//231 1570//30
f 1567//231 1571//30 1572//30
f 1573//30 1574//231 1575//30
f 1576//30 1575//30 1574//231
f 1573//30 1577//30 1574//231
f 1578//30 1574//231 1577//30
f 1574//231 1578//30 1579//30
f 1579//30 1580//30 1574//231
f 1581//30 1574//231 1580//30
f 1574//231 1581//30 1549//231
f 1582//30 1549//231 1581//30
f 1549//231 1582//30 1583//30
f 1584//30 1585//30 1567//231
f 1586//30 1567//231 1585//30
f 1567//231 1586//30 1565//30
s 0
f 1587//30 1588//30 1589//30
f 1590//30 1589//30 1588//30
s 1
f 1576//30 1574//231 1591//30
f 1567//231 1591//30 1574//231
f 1591//30 1567//231 1587//30
f 1572//30 1587//30 1567//231
s 0
f 1587//30 1572//30 1588//30
s 1
f 1569//30 1592//30 1550//231
f 1593//30 1550//231 1592//30
f 1550//231 1593//30 1567//231
f 1594//30 1567//231 1593//30
f 1567//231 1594//30 1584//30
s 0
f 1588//30 1595//30 1590//30
f 1596//30 1590//30 1595//30
f 1590//30 1596//30 1597//30
s 1
f 1583//30 1598//30 1549//231
f 1599//30 1549//231 1598//30
f 1549//231 1599//30 1600//30
f 1549//231 1601//30 1550//231
f 1602//30 1550//231 1601//30
f 1550//231 1602//30 1568//30
s 0
f 1603//30 1604//30 1605//30
f 1606//30 1605//30 1604//30
f 1605//30 1606//30 1600//30
f 1607//30 1600//30 1606//30
s 1
f 1600//30 1607//30 1549//231
f 1608//30 1549//231 1607//30
f 1549//231 1608//30 1601//30
s 0
f 1605//30 1609//30 1603//30
f 1610//30 1603//30 1609//30
f 1603//30 1610//30 1611//30
f 1611//30 1612//30 1603//30
f 1613//30 1603//30 1612//30
f 1603//30 1613//30 1597//30
f 1614//30 1597//30 1613//30
f 1597//30 1614//30 1590//30
s 1
f 1615//25 1616//25 1617//232
f 1618//25 1619//25 1620//232
s 0
f 1621//25 1622//25 1623//25
s 1
f 1616//25 1624//25 1617//232
f 1625//25 1617//232 1624//25
f 1617//232 1625//25 1626//25
f 1627//25 1628//25 1629//232
s 0
f 1623//25 1622//25 1630//25
s 1
f 1619//25 1631//25 1620//232
f 1632//25 1620//232 1631//25
f 1620//232 1632//25 1617//232
f 1633//25 1617//232 1632//25
f 1617//232 1633//25 1634//25
s 0
f 1630//25 1622//25 1634//25
f 1635//25 1634//25 1622//25
s 1
f 1634//25 1635//25 1617//232
f 1636//25 1617//232 1635//25
f 1617//232 1636//25 1615//25
f 1637//25 1638//25 1629//232
f 1626//25 1639//25 1617//232
f 1640//25 1617//232 1639//25
f 1617//232 1640//25 1629//232
f 1641//25 1629//232 1640//25
f 1629//232 1641//25 1627//25
f 1642//25 1643//25 1644//232
s 0
f 1645//25 1646//25 1647//25
f 1648//25 1647//25 1646//25
f 1647//25 1648//25 1649//25
s 1
f 1650//25 1651//25 1620//232
f 1652//25 1620//232 1651//25
f 1620//232 1652//25 1618//25
s 0
f 1647//25 1653//25 1645//25
f 1637//25 1645//25 1653//25
f 1645//233 1637//233 1654//233
s 1
f 1629//232 1654//25 1637//25
f 1654//25 1629//232 1655//25
f 1628//25 1655//25 1629//232
f 1643//25 1656//25 1644//232
f 1657//25 1644//232 1656//25
f 1644//232 1657//25 1620//232
f 1658//25 1620//232 1657//25
f 1620//232 1658//25 1650//25
f 1638//25 1659//25 1629//232
f 1660//25 1629//232 1659//25
f 1629//232 1660//25 1644//232
f 1661//25 1644//232 1660//25
f 1644//232 1661//25 1642//25
s 0
f 1649//25 1662//25 1647//25
f 1663//25 1647//25 1662//25
f 1647//25 1663//25 1664//25
f 1665//25 1664//25 1663//25
f 1664//25 1665//25 1623//25
f 1666//25 1623//25 1665//25
f 1623//25 1666//25 1621//25
f 1524//13 1523//13 1667//13
f 1668//13 1667//13 1523//13
f 1669//1 1670//1 1671//1
f 1672//1 1671//1 1670//1
f 1671//1 1672//1 1673//1
f 1674//1 1673//1 1672//1
f 1673//1 1674//1 1675//1
f 1676//1 1675//1 1674//1
f 1563//1 1564//1 1676//1
f 1675//1 1676//1 1564//1
f 1677//234 1678//234 1679//234
f 1680//234 1679//234 1678//234
f 1681//235 1682//235 1683//235
f 1684//235 1683//235 1682//235
f 1670//1 1669//1 1685//1
f 1686//1 1685//1 1669//1
f 1687//13 1688//13 1689//13
f 1690//13 1689//13 1688//13
s 1
f 1682//235 1681//235 1691//236
f 1682//235 1691//236 1692//236
f 1693//237 1692//236 1691//236
f 1692//236 1693//237 1694//237
f 1620//232 1694//237 1693//237
f 1694//237 1620//232 1617//232
f 1567//231 1574//231 1695//230
f 1696//230 1695//230 1574//231
f 1695//230 1696//230 1697//229
f 1698//229 1697//229 1696//230
f 1697//229 1698//229 1679//234
f 1677//234 1679//234 1698//229
s 0
f 1699//13 1700//13 1701//13
f 1702//13 1701//13 1700//13
f 1701//13 1702//13 1703//13
f 1704//13 1703//13 1702//13
f 1703//13 1704//13 1690//13
f 1689//13 1690//13 1704//13
f 1685//1 1686//1 1705//1
f 1706//1 1705//1 1686//1
f 1705//1 1706//1 1707//1
f 1708//1 1707//1 1706//1
f 1707//1 1708//1 1709//1
f 1710//1 1709//1 1708//1
s 1
f 1683//235 1684//235 1711//236
f 1712//236 1711//236 1684//235
f 1711//236 1712//236 1713//237
f 1714//237 1713//237 1712//236
f 1713//237 1714//237 1715//232
f 1716//232 1715//232 1714//237
f 1717//231 1718//231 1719//230
f 1717//231 1719//230 1720//230
f 1721//229 1720//230 1719//230
f 1720//230 1721//229 1722//229
f 1680//234 1722//229 1721//229
f 1722//229 1680//234 1678//234
f 1723//109 1724//109 1699//13
f 1700//13 1699//13 1724//109
f 1725//108 1726//108 1710//1
f 1709//1 1710//1 1726//108
f 1727//25 1728//25 1716//232
f 1728//25 1729//25 1716//232
f 1730//25 1716//232 1729//25
f 1716//232 1730//25 1731//25
f 1732//25 1733//25 1716//232
f 1734//25 1716//232 1733//25
f 1716//232 1734//25 1715//232
s 0
f 1735//25 1736//25 1737//25
f 1738//25 1737//25 1736//25
f 1739//25 1732//25 1740//25
s 1
f 1716//232 1740//25 1732//25
f 1740//25 1716//232 1741//25
f 1731//25 1741//25 1716//232
f 1734//25 1742//25 1715//232
f 1743//25 1715//232 1742//25
f 1715//232 1743//25 1744//25
f 1744//25 1745//25 1715//232
f 1746//25 1715//232 1745//25
f 1715//232 1746//25 1747//25
f 1747//25 1748//25 1715//232
f 1749//25 1715//232 1748//25
f 1715//232 1749//25 1736//25
s 0
f 1750//25 1736//25 1749//25
f 1736//25 1750//25 1738//25
f 1751//25 1752//25 1753//25
f 1735//25 1754//25 1736//25
f 1755//25 1736//25 1754//25
f 1736//25 1755//25 1756//25
f 1757//25 1758//25 1759//25
f 1760//25 1761//25 1762//25
f 1763//25 1762//25 1761//25
f 1762//25 1763//25 1764//25
f 1765//25 1766//25 1767//25
f 1767//25 1768//25 1765//25
f 1769//25 1765//25 1768//25
s 1
f 1765//25 1769//25 1716//232
f 1770//25 1716//232 1769//25
f 1716//232 1770//25 1727//25
s 0
f 1739//25 1740//25 1759//25
f 1771//25 1759//25 1740//25
f 1759//25 1771//25 1757//25
f 1756//25 1760//25 1736//25
f 1762//25 1736//25 1760//25
f 1736//25 1762//25 1772//25
f 1773//25 1772//25 1762//25
f 1772//25 1773//25 1774//25
f 1751//25 1774//25 1773//25
f 1774//25 1751//25 1775//25
f 1753//25 1775//25 1751//25
f 1776//25 1777//25 1778//25
f 1758//25 1779//25 1759//25
f 1780//25 1759//25 1779//25
f 1759//25 1780//25 1764//25
f 1781//25 1764//25 1780//25
f 1764//25 1781//25 1762//25
f 1782//25 1783//25 1784//25
f 1777//25 1782//25 1778//25
f 1784//25 1778//25 1782//25
f 1778//25 1784//25 1785//25
f 1786//25 1785//25 1784//25
f 1766//25 1765//25 1778//25
f 1787//25 1778//25 1765//25
f 1778//25 1787//25 1776//25
f 1784//25 1788//25 1786//25
f 1789//25 1786//25 1788//25
f 1786//25 1789//25 1751//25
f 1790//25 1751//25 1789//25
f 1751//25 1790//25 1791//25
f 1792//25 1793//25 1794//25
f 1795//25 1794//25 1793//25
f 1794//25 1795//25 1796//25
f 1797//25 1752//25 1798//25
f 1751//25 1798//25 1752//25
f 1798//25 1751//25 1799//25
f 1791//25 1799//25 1751//25
f 1800//25 1801//25 1802//25
f 1803//25 1802//25 1801//25
f 1802//25 1803//25 1804//25
f 1783//25 1782//25 1805//25
f 1806//25 1805//25 1782//25
f 1805//25 1806//25 1807//25
f 1808//25 1807//25 1806//25
f 1807//25 1808//25 1809//25
f 1810//25 1809//25 1808//25
f 1809//25 1810//25 1811//25
f 1812//25 1811//25 1810//25
f 1811//25 1812//25 1800//25
f 1813//25 1800//25 1812//25
f 1800//25 1813//25 1801//25
f 1803//25 1814//25 1804//25
f 1815//25 1804//25 1814//25
f 1804//25 1815//25 1816//25
f 1817//25 1816//25 1815//25
f 1816//25 1817//25 1818//25
f 1819//25 1818//25 1817//25
f 1818//25 1819//25 1820//25
f 1821//25 1820//25 1819//25
f 1820//25 1821//25 1822//25
f 1823//25 1822//25 1821//25
f 1822//25 1823//25 1824//25
f 1825//25 1824//25 1823//25
f 1824//25 1825//25 1792//25
f 1826//25 1792//25 1825//25
f 1792//25 1826//25 1793//25
f 1797//25 1827//25 1752//25
f 1828//25 1752//25 1827//25
f 1752//25 1828//25 1829//25
f 1830//25 1829//25 1828//25
f 1829//25 1830//25 1831//25
f 1832//25 1831//25 1830//25
f 1831//25 1832//25 1833//25
f 1834//25 1833//25 1832//25
f 1833//25 1834//25 1835//25
f 1836//25 1835//25 1834//25
f 1835//25 1836//25 1837//25
f 1796//25 1837//25 1836//25
f 1837//25 1796//25 1838//25
f 1795//25 1838//25 1796//25
s 1
f 1839//30 1840//30 1718//231
f 1841//30 1718//231 1840//30
f 1718//231 1841//30 1842//30
f 1717//231 1843//30 1844//30
s 0
f 1845//30 1846//30 1847//30
f 1848//30 1849//30 1850//30
f 1851//30 1852//30 1853//30
s 1
f 1854//30 1855//30 1717//231
f 1856//30 1717//231 1855//30
f 1717//231 1856//30 1857//30
s 0
f 1849//30 1848//30 1858//30
f 1853//30 1859//30 1851//30
f 1860//30 1851//30 1859//30
s 1
f 1851//30 1860//30 1717//231
f 1861//30 1717//231 1860//30
f 1717//231 1861//30 1854//30
f 1717//231 1844//30 1718//231
f 1862//30 1718//231 1844//30
f 1718//231 1862//30 1839//30
f 1842//30 1863//30 1718//231
f 1864//30 1718//231 1863//30
f 1718//231 1864//30 1865//30
s 0
f 1847//30 1866//30 1845//30
f 1867//30 1845//30 1866//30
f 1845//30 1867//30 1868//30
f 1869//30 1868//30 1867//30
f 1868//30 1869//30 1870//30
f 1871//30 1870//30 1869//30
f 1846//30 1845//30 1848//30
f 1872//30 1848//30 1845//30
f 1848//30 1872//30 1858//30
f 1864//30 1873//30 1865//30
f 1874//30 1865//30 1873//30
f 1865//30 1874//30 1875//30
f 1876//30 1877//30 1878//30
s 1
f 1857//30 1879//30 1717//231
f 1880//30 1717//231 1879//30
f 1717//231 1880//30 1871//30
s 0
f 1875//30 1881//30 1865//30
f 1882//30 1865//30 1881//30
f 1865//30 1882//30 1883//30
f 1884//30 1885//30 1886//30
f 1869//30 1887//30 1871//30
f 1888//30 1871//30 1887//30
s 1
f 1871//30 1888//30 1717//231
f 1889//30 1717//231 1888//30
f 1717//231 1889//30 1843//30
s 0
f 1883//30 1848//30 1865//30
f 1850//30 1865//30 1848//30
f 1865//30 1850//30 1890//30
f 1891//30 1890//30 1850//30
f 1890//30 1891//30 1892//30
f 1876//30 1892//30 1891//30
f 1892//30 1876//30 1893//30
f 1878//30 1893//30 1876//30
f 1894//30 1895//30 1896//30
f 1852//30 1851//30 1886//30
f 1897//30 1886//30 1851//30
f 1886//30 1897//30 1884//30
f 1885//30 1898//30 1886//30
f 1899//30 1886//30 1898//30
f 1886//30 1899//30 1900//30
f 1901//30 1900//30 1899//30
f 1899//30 1902//30 1901//30
f 1903//30 1901//30 1902//30
f 1901//30 1903//30 1876//30
f 1904//30 1876//30 1903//30
f 1876//30 1904//30 1905//30
f 1896//30 1895//30 1906//30
f 1907//30 1906//30 1895//30
f 1906//30 1907//30 1908//30
f 1908//30 1907//30 1909//30
f 1910//30 1909//30 1907//30
f 1909//30 1910//30 1911//30
f 1912//30 1911//30 1910//30
f 1911//30 1912//30 1913//30
f 1914//30 1913//30 1912//30
f 1913//30 1914//30 1915//30
f 1916//30 1915//30 1914//30
f 1915//30 1916//30 1898//30
f 1917//30 1898//30 1916//30
f 1898//30 1917//30 1899//30
f 1896//30 1918//30 1894//30
f 1919//30 1894//30 1918//30
f 1894//30 1919//30 1920//30
f 1921//30 1920//30 1919//30
f 1920//30 1921//30 1922//30
f 1923//30 1922//30 1921//30
f 1922//30 1923//30 1924//30
f 1925//30 1924//30 1923//30
f 1924//30 1925//30 1926//30
f 1927//30 1926//30 1925//30
f 1926//30 1927//30 1928//30
f 1929//30 1928//30 1927//30
f 1928//30 1929//30 1930//30
f 1905//30 1931//30 1876//30
f 1932//30 1876//30 1931//30
f 1876//30 1932//30 1877//30
f 1933//30 1877//30 1932//30
f 1929//30 1934//30 1930//30
f 1935//30 1930//30 1934//30
f 1930//30 1935//30 1936//30
f 1937//30 1936//30 1935//30
f 1936//30 1937//30 1938//30
f 1933//30 1939//30 1877//30
f 1940//30 1877//30 1939//30
f 1877//30 1940//30 1941//30
f 1942//30 1941//30 1940//30
f 1941//30 1942//30 1943//30
f 1944//30 1943//30 1942//30
f 1943//30 1944//30 1945//30
f 1946//30 1945//30 1944//30
f 1945//30 1946//30 1947//30
f 1948//30 1947//30 1946//30
f 1947//30 1948//30 1949//30
f 1938//30 1949//30 1948//30
f 1949//30 1938//30 1950//30
f 1937//30 1950//30 1938//30
s 1
f 1951//13 1952//13 1953//238
f 1954//238 1953//238 1952//13
f 1953//238 1954//238 1955//239
f 1956//239 1955//239 1954//238
f 1955//239 1956//239 1957//240
f 1958//240 1957//240 1956//239
f 1957//240 1958//240 1959//241
f 1960//241 1959//241 1958//240
f 1959//241 1960//241 1961//76
f 1962//76 1961//76 1960//241
f 1961//76 1962//76 1963//131
f 1964//131 1963//131 1962//76
f 1963//131 1964//131 1965//242
f 1966//242 1965//242 1964//131
f 1965//242 1966//242 1967//243
f 1968//243 1967//243 1966//242
f 1967//243 1968//243 1969//244
f 1970//244 1969//244 1968//243
f 1969//244 1970//244 1971//79
f 1972//79 1971//79 1970//244
f 1971//79 1972//79 1973//245
f 1974//245 1973//245 1972//79
f 1973//245 1974//245 1975//136
f 1976//136 1975//136 1974//245
f 1975//136 1976//136 1977//246
f 1978//246 1977//246 1976//136
f 1977//246 1978//246 1979//247
f 1980//247 1979//247 1978//246
f 1979//247 1980//247 1981//1
f 1982//1 1981//1 1980//247
f 1981//1 1982//1 1983//248
f 1984//248 1983//248 1982//1
f 1983//248 1984//248 1985//249
f 1986//249 1985//249 1984//248
f 1985//249 1986//249 1987//117
f 1988//117 1987//117 1986//249
f 1987//117 1988//117 1989//250
f 1990//250 1989//250 1988//117
f 1989//250 1990//250 1991//5
f 1992//5 1991//5 1990//250
f 1991//5 1992//5 1993//251
f 1994//251 1993//251 1992//5
f 1993//251 1994//251 1995//252
f 1996//252 1995//252 1994//251
f 1995//252 1996//252 1997//253
f 1998//253 1997//253 1996//252
f 1997//253 1998//253 1999//122
f 2000//122 1999//122 1998//253
f 1999//122 2000//122 2001//9
f 2002//9 2001//9 2000//122
f 2001//9 2002//9 2003//254
f 2004//254 2003//254 2002//9
f 2003//254 2004//254 2005//255
f 2006//255 2005//255 2004//254
f 2005//255 2006//255 2007//256
f 2008//256 2007//256 2006//255
f 2007//256 2008//256 2009//257
f 2010//257 2009//257 2008//256
f 2009//257 2010//257 1951//13
f 1952//13 1951//13 2010//257
f 1726//108 1725//108 2011//138
f 1726//108 2011//138 2012//138
f 2013//139 2012//138 2011//138
f 2012//138 2013//139 2014//139
f 2015//140 2014//139 2013//139
f 2014//139 2015//140 2016//140
f 2017//141 2016//140 2015//140
f 2016//140 2017//141 2018//141
f 2019//157 2020//157 2021//158
f 2019//157 2021//158 2022//158
f 2023//159 2022//158 2021//158
f 2022//158 2023//159 2024//159
f 2025//160 2024//159 2023//159
f 2024//159 2025//160 2026//160
f 1724//109 2026//160 2025//160
f 2026//160 1724//109 1723//109
f 2027//258 2028//258 2029//160
f 2030//160 2029//160 2028//258
f 2029//160 2030//160 2031//159
f 2032//159 2031//159 2030//160
f 2031//159 2032//159 2033//158
f 2034//158 2033//158 2032//159
f 2033//158 2034//158 2019//157
f 2020//157 2019//157 2034//158
f 2035//259 2036//259 2037//260
f 2035//259 2037//260 2038//260
f 2039//261 2038//260 2037//260
f 2038//260 2039//261 2040//261
f 2041//262 2040//261 2039//261
f 2040//261 2041//262 2042//262
f 2043//75 2042//262 2041//262
f 2042//262 2043//75 2044//75
f 2045//263 2044//75 2043//75
f 2044//75 2045//263 2046//263
f 2047//264 2046//263 2045//263
f 2046//263 2047//264 2048//264
f 2049//265 2048//264 2047//264
f 2048//264 2049//265 2050//265
f 2028//258 2050//265 2049//265
f 2050//265 2028//258 2027//258
f 2051//266 2036//259 2052//266
f 2035//259 2052//266 2036//259
f 2053//267 2054//267 2055//268
f 2053//267 2055//268 2056//268
f 2057//269 2056//268 2055//268
f 2056//268 2057//269 2058//269
f 2059//270 2058//269 2057//269
f 2058//269 2059//270 2060//270
f 2061//22 2060//270 2059//270
f 2060//270 2061//22 2062//22
f 2063//271 2062//22 2061//22
f 2062//22 2063//271 2064//271
f 2065//272 2064//271 2063//271
f 2064//271 2065//272 2066//272
f 2067//273 2066//272 2065//272
f 2066//272 2067//273 2068//273
f 2051//266 2068//273 2067//273
f 2068//273 2051//266 2052//266
f 2018//141 2017//141 2069//140
f 2070//140 2069//140 2017//141
f 2069//140 2070//140 2071//139
f 2072//139 2071//139 2070//140
f 2071//139 2072//139 2073//138
f 2074//138 2073//138 2072//139
f 2073//138 2074//138 2053//267
f 2054//267 2053//267 2074//138
f 1629//232 1644//232 2075//237
f 2076//237 2075//237 1644//232
f 2075//237 2076//237 2077//236
f 2078//236 2077//236 2076//237
f 2077//236 2078//236 2079//274
f 2080//274 2079//274 2078//236
f 2079//274 2080//274 2081//275
f 2082//275 2081//275 2080//274
f 2081//275 2082//275 2083//276
f 2084//276 2083//276 2082//275
f 2083//276 2084//276 2085//277
f 2086//277 2085//277 2084//276
f 2087//278 2088//278 1536//13
f 1535//13 1536//13 2088//278
f 2089//279 2090//279 1551//1
f 1552//1 1551//1 2090//279
f 2091//7 1538//225 2092//7
f 2093//7 2094//7 1538//225
f 2095//7 1538//225 2094//7
f 1538//225 2095//7 2092//7
s 0
f 2092//7 2096//7 2091//7
f 2097//7 2091//7 2096//7
f 2091//7 2097//7 2098//7
f 2099//7 2098//7 2097//7
f 2098//7 2099//7 2100//7
f 2101//7 2100//7 2099//7
f 2100//7 2101//7 2102//7
f 2103//7 2102//7 2101//7
f 2102//7 2103//7 2104//7
f 2105//7 2104//7 2103//7
f 2104//7 2105//7 2106//7
f 2107//7 2106//7 2105//7
f 2106//7 2107//7 2108//7
f 2109//7 2108//7 2107//7
f 2108//7 2109//7 2110//7
f 2111//7 2110//7 2109//7
f 2110//7 2111//7 2112//7
f 2113//7 2112//7 2111//7
f 2112//7 2113//7 2114//7
f 2115//7 2114//7 2113//7
f 2114//7 2115//7 2116//7
s 1
f 1537//225 2117//7 2118//7
s 0
f 2119//7 2120//7 2121//7
f 2122//7 2123//7 2124//7
s 1
f 2125//7 2126//7 1538//225
f 2127//7 1538//225 2126//7
f 1538//225 2127//7 2093//7
f 2122//7 2124//7 1537//225
f 2128//7 1537//225 2124//7
f 1537//225 2128//7 2129//7
s 0
f 2115//7 2130//7 2116//7
f 2131//7 2116//7 2130//7
f 2116//7 2131//7 2132//7
f 2133//7 2132//7 2131//7
f 2134//7 2135//7 2136//7
f 2121//7 2120//7 2137//7
s 1
f 2129//7 2138//7 1537//225
f 2139//7 1537//225 2138//7
f 1537//225 2139//7 2117//7
f 2140//7 1537//225 2141//7
f 2142//7 2141//7 1537//225
s 0
f 2119//7 2121//7 2143//7
f 2144//7 2143//7 2121//7
f 2143//7 2144//7 2145//7
f 2136//7 2135//7 2146//7
f 2147//7 2148//7 2149//7
f 2125//7 2149//7 2148//7
f 2149//7 2125//7 2150//7
s 1
f 1538//225 2150//7 2125//7
f 2150//7 1538//225 2151//7
f 1537//225 2151//7 1538//225
f 2151//7 1537//225 2152//7
f 2140//7 2152//7 1537//225
s 0
f 2118//7 2153//7 2154//7
f 2155//7 2154//7 2153//7
f 2154//7 2155//7 2156//7
s 1
f 2118//7 2154//7 1537//225
f 2157//7 1537//225 2154//7
f 1537//225 2157//7 2142//7
s 0
f 2120//7 2158//7 2137//7
f 2159//7 2137//7 2158//7
f 2137//7 2159//7 2160//7
f 2161//7 2160//7 2159//7
f 2123//7 2122//7 2162//7
f 2163//7 2162//7 2122//7
f 2162//7 2163//7 2164//7
f 2165//7 2164//7 2163//7
f 2164//7 2165//7 2166//7
f 2167//7 2166//7 2165//7
f 2166//7 2167//7 2168//7
f 2169//7 2168//7 2167//7
f 2168//7 2169//7 2170//7
f 2171//7 2170//7 2169//7
f 2170//7 2171//7 2172//7
f 2173//7 2172//7 2171//7
f 2172//7 2173//7 2161//7
f 2174//7 2161//7 2173//7
f 2161//7 2174//7 2160//7
f 2149//7 2175//7 2147//7
f 2176//7 2147//7 2175//7
f 2147//7 2176//7 2177//7
f 2135//7 2178//7 2146//7
f 2179//7 2146//7 2178//7
f 2146//7 2179//7 2180//7
f 2181//7 2180//7 2179//7
f 2181//7 2182//7 2180//7
f 2183//7 2180//7 2182//7
f 2180//7 2183//7 2145//7
f 2184//7 2145//7 2183//7
f 2145//7 2184//7 2143//7
f 2185//7 2143//7 2184//7
f 2143//7 2185//7 2186//7
f 2177//7 2187//7 2147//7
f 2188//7 2147//7 2187//7
f 2147//7 2188//7 2189//7
f 2134//7 2189//7 2188//7
f 2189//7 2134//7 2133//7
f 2136//7 2133//7 2134//7
f 2133//7 2136//7 2132//7
f 2186//7 2185//7 2156//7
f 2190//7 2156//7 2185//7
f 2156//7 2190//7 2154//7
f 2191//19 2192//19 2193//19
f 2194//19 2195//19 2196//19
f 2194//19 2196//19 2197//19
f 2198//19 2197//19 2196//19
f 2197//19 2198//19 2199//19
f 2195//19 2194//19 2200//19
f 2201//19 2200//19 2194//19
f 2200//19 2201//19 2202//19
s 1
f 2086//277 2203//19 2204//19
s 0
f 2202//19 2201//19 2205//19
f 2206//19 2205//19 2201//19
f 2205//19 2206//19 2207//19
s 1
f 2208//19 2085//277 2209//19
s 0
f 2199//19 2198//19 2210//19
f 2211//19 2210//19 2198//19
f 2210//19 2211//19 2212//19
f 2213//19 2212//19 2211//19
f 2212//19 2213//19 2214//19
f 2215//19 2214//19 2213//19
f 2214//19 2215//19 2216//19
f 2217//19 2216//19 2215//19
f 2216//19 2217//19 2218//19
f 2219//19 2218//19 2217//19
f 2218//19 2219//19 2220//19
f 2221//19 2220//19 2219//19
f 2220//19 2221//19 2222//19
f 2193//19 2192//19 2223//19
s 1
f 2086//277 2204//19 2085//277
s 0
f 2224//19 2225//19 2226//19
f 2227//19 2226//19 2225//19
f 2226//19 2227//19 2228//19
s 1
f 2204//19 2229//19 2085//277
f 2230//19 2085//277 2229//19
f 2085//277 2230//19 2231//19
s 0
f 2232//19 2233//19 2228//19
s 1
f 2234//19 2085//277 2235//19
f 2236//19 2235//19 2085//277
s 0
f 2209//19 2237//19 2208//19
f 2238//19 2208//19 2237//19
f 2208//19 2238//19 2239//19
f 2240//19 2239//19 2238//19
f 2239//19 2240//19 2241//19
f 2242//19 2241//19 2240//19
f 2241//19 2242//19 2243//19
f 2244//19 2243//19 2242//19
f 2243//19 2244//19 2245//19
f 2246//19 2245//19 2244//19
f 2245//19 2246//19 2247//19
f 2248//19 2247//19 2246//19
f 2247//19 2248//19 2249//19
f 2250//19 2249//19 2248//19
f 2249//19 2250//19 2251//19
f 2252//19 2251//19 2250//19
f 2251//19 2252//19 2253//19
f 2254//19 2253//19 2252//19
f 2253//19 2254//19 2255//19
f 2256//19 2255//19 2254//19
f 2255//19 2256//19 2224//19
f 2257//19 2224//19 2256//19
f 2224//19 2257//19 2225//19
s 1
f 2258//19 2086//277 2259//19
f 2222//19 2259//19 2086//277
s 0
f 2259//19 2222//19 2260//19
f 2221//19 2260//19 2222//19
s 1
f 2258//19 2261//19 2086//277
f 2262//19 2086//277 2261//19
f 2086//277 2262//19 2263//19
f 2231//19 2264//19 2085//277
f 2265//19 2085//277 2264//19
f 2085//277 2265//19 2236//19
s 0
f 2266//19 2236//19 2265//19
f 2236//19 2266//19 2267//19
f 2228//19 2233//19 2193//19
f 2268//19 2193//19 2233//19
f 2193//19 2268//19 2191//19
s 1
f 2234//19 2269//19 2085//277
f 2270//19 2085//277 2269//19
f 2085//277 2270//19 2209//19
f 2263//19 2271//19 2086//277
f 2272//19 2086//277 2271//19
f 2086//277 2272//19 2203//19
s 0
f 2273//19 2203//19 2272//19
f 2203//19 2273//19 2274//19
f 2275//19 2274//19 2273//19
f 2274//19 2275//19 2276//19
f 2228//19 2227//19 2232//19
f 2277//19 2232//19 2227//19
f 2232//19 2277//19 2278//19
f 2279//19 2278//19 2277//19
f 2278//19 2279//19 2266//19
f 2280//19 2266//19 2279//19
f 2266//19 2280//19 2267//19
f 2281//19 2282//19 2276//19
f 2283//19 2276//19 2282//19
f 2276//19 2283//19 2284//19
f 2284//19 2285//19 2276//19
f 2286//19 2276//19 2285//19
f 2276//19 2286//19 2274//19
f 2192//19 2287//19 2223//19
f 2288//19 2223//19 2287//19
f 2223//19 2288//19 2207//19
f 2289//19 2207//19 2288//19
f 2207//19 2289//19 2205//19
f 2281//19 2205//19 2289//19
f 2205//19 2281//19 2290//19
f 2276//19 2290//19 2281//19
s 1
f 2291//280 2292//280 2293//281
f 2291//280 2293//281 2294//281
f 2295//282 2294//281 2293//281
f 2294//281 2295//282 2296//282
f 2297//283 2296//282 2295//282
f 2296//282 2297//283 2298//283
f 2299//284 2298//283 2297//283
f 2298//283 2299//284 2300//284
f 2301//285 2300//284 2299//284
f 2300//284 2301//285 2302//285
f 2303//286 2302//285 2301//285
f 2302//285 2303//286 2304//286
f 2305//287 2304//286 2303//286
f 2304//286 2305//287 2306//287
f 2307//288 2306//287 2305//287
f 2306//287 2307//288 2308//288
f 2090//279 2308//288 2307//288
f 2308//288 2090//279 2089//279
f 2309//289 2310//289 2311//290
f 2312//290 2311//290 2310//289
f 2311//290 2312//290 2313//291
f 2314//291 2313//291 2312//290
f 2313//291 2314//291 2315//292
f 2316//292 2315//292 2314//291
f 2315//292 2316//292 2317//293
f 2318//293 2317//293 2316//292
f 2317//293 2318//293 2319//294
f 2320//294 2319//294 2318//293
f 2319//294 2320//294 2321//295
f 2322//295 2321//295 2320//294
f 2321//295 2322//295 2323//296
f 2324//296 2323//296 2322//295
f 2323//296 2324//296 2325//297
f 2326//297 2325//297 2324//296
f 2325//297 2326//297 2291//280
f 2292//280 2291//280 2326//297
f 2088//278 2087//278 2327//298
f 2088//278 2327//298 2328//298
f 2329//299 2328//298 2327//298
f 2328//298 2329//299 2330//299
f 2331//300 2330//299 2329//299
f 2330//299 2331//300 2332//300
f 2333//301 2332//300 2331//300
f 2332//300 2333//301 2334//301
f 2335//302 2334//301 2333//301
f 2334//301 2335//302 2336//302
f 2337//303 2336//302 2335//302
f 2336//302 2337//303 2338//303
f 2339//304 2338//303 2337//303
f 2338//303 2339//304 2340//304
f 2341//305 2340//304 2339//304
f 2340//304 2341//305 2342//305
f 2310//289 2342//305 2341//305
f 2342//305 2310//289 2309//289
f 2343//30 2344//30 2345//221
f 2346//221 2345//221 2344//30
f 2345//221 2346//221 2347//208
f 2348//208 2347//208 2346//221
f 2347//208 2348//208 2349//306
f 2350//306 2349//306 2348//208
f 2349//306 2350//306 2351//210
f 2352//210 2351//210 2350//306
f 2351//210 2352//210 2353//307
f 2354//307 2353//307 2352//210
f 2353//307 2354//307 2355//1
f 2356//1 2355//1 2354//307
f 2355//1 2356//1 2357//222
f 2358//222 2357//222 2356//1
f 2357//222 2358//222 2359//213
f 2360//213 2359//213 2358//222
f 2359//213 2360//213 2361//223
f 2362//223 2361//223 2360//213
f 2361//223 2362//223 2363//215
f 2364//215 2363//215 2362//223
f 2363//215 2364//215 2365//224
f 2366//224 2365//224 2364//215
f 2365//224 2366//224 2367//25
f 2368//25 2367//25 2366//224
f 2367//25 2368//25 2369//217
f 2370//217 2369//217 2368//25
f 2369//217 2370//217 2371//198
f 2372//198 2371//198 2370//217
f 2371//198 2372//198 2373//218
f 2374//218 2373//218 2372//198
f 2373//218 2374//218 2375//200
f 2376//200 2375//200 2374//218
f 2375//200 2376//200 2377//219
f 2378//219 2377//219 2376//200
f 2377//219 2378//219 2379//13
f 2380//13 2379//13 2378//219
f 2379//13 2380//13 2381//308
f 2382//308 2381//308 2380//13
f 2381//308 2382//308 2383//203
f 2384//203 2383//203 2382//308
f 2383//203 2384//203 2385//309
f 2386//309 2385//309 2384//203
f 2385//309 2386//309 2387//205
f 2388//205 2387//205 2386//309
f 2387//205 2388//205 2389//220
f 2390//220 2389//220 2388//205
f 2389//220 2390//220 2343//30
f 2344//30 2343//30 2390//220
f 2391//30 2392//30 2393//207
f 2394//207 2393//207 2392//30
f 2393//207 2394//207 2395//208
f 2396//208 2395//208 2394//207
f 2395//208 2396//208 2397//209
f 2398//209 2397//209 2396//208
f 2397//209 2398//209 2399//210
f 2400//210 2399//210 2398//209
f 2399//210 2400//210 2401//211
f 2402//211 2401//211 2400//210
f 2401//211 2402//211 2403//1
f 2404//1 2403//1 2402//211
f 2403//1 2404//1 2405//222
f 2406//222 2405//222 2404//1
f 2405//222 2406//222 2407//213
f 2408//213 2407//213 2406//222
f 2407//213 2408//213 2409//223
f 2410//223 2409//223 2408//213
f 2409//223 2410//223 2411//215
f 2412//215 2411//215 2410//223
f 2411//215 2412//215 2413//224
f 2414//224 2413//224 2412//215
f 2413//224 2414//224 2415//25
f 2416//25 2415//25 2414//224
f 2415//25 2416//25 2417//217
f 2418//217 2417//217 2416//25
f 2417//217 2418//217 2419//198
f 2420//198 2419//198 2418//217
f 2419//198 2420//198 2421//218
f 2422//218 2421//218 2420//198
f 2421//218 2422//218 2423//200
f 2424//200 2423//200 2422//218
f 2423//200 2424//200 2425//219
f 2426//219 2425//219 2424//200
f 2425//219 2426//219 2427//13
f 2428//13 2427//13 2426//219
f 2427//13 2428//13 2429//202
f 2430//202 2429//202 2428//13
f 2429//202 2430//202 2431//203
f 2432//203 2431//203 2430//202
f 2431//203 2432//203 2433//204
f 2434//204 2433//204 2432//203
f 2433//204 2434//204 2435//205
f 2436//205 2435//205 2434//204
f 2435//205 2436//205 2437//206
f 2438//206 2437//206 2436//205
f 2437//206 2438//206 2391//30
f 2392//30 2391//30 2438//206
f 2439//30 2440//30 2441//221
f 2442//221 2441//221 2440//30
f 2441//221 2442//221 2443//208
f 2444//208 2443//208 2442//221
f 2443//208 2444//208 2445//306
f 2446//306 2445//306 2444//208
f 2445//306 2446//306 2447//210
f 2448//210 2447//210 2446//306
f 2447//210 2448//210 2449//307
f 2450//307 2449//307 2448//210
f 2449//307 2450//307 2451//1
f 2452//1 2451//1 2450//307
f 2451//1 2452//1 2453//222
f 2454//222 2453//222 2452//1
f 2453//222 2454//222 2455//213
f 2456//213 2455//213 2454//222
f 2455//213 2456//213 2457//223
f 2458//223 2457//223 2456//213
f 2457//223 2458//223 2459//215
f 2460//215 2459//215 2458//223
f 2459//215 2460//215 2461//224
f 2462//224 2461//224 2460//215
f 2461//224 2462//224 2463//25
f 2464//25 2463//25 2462//224
f 2463//25 2464//25 2465//217
f 2466//217 2465//217 2464//25
f 2465//217 2466//217 2467//198
f 2468//198 2467//198 2466//217
f 2467//198 2468//198 2469//218
f 2470//218 2469//218 2468//198
f 2469//218 2470//218 2471//200
f 2472//200 2471//200 2470//218
f 2471//200 2472//200 2473//219
f 2474//219 2473//219 2472//200
f 2473//219 2474//219 2475//13
f 2476//13 2475//13 2474//219
f 2475//13 2476//13 2477//308
f 2478//308 2477//308 2476//13
f 2477//308 2478//308 2479//203
f 2480//203 2479//203 2478//308
f 2479//203 2480//203 2481//309
f 2482//309 2481//309 2480//203
f 2481//309 2482//309 2483//205
f 2484//205 2483//205 2482//309
f 2483//205 2484//205 2485//220
f 2486//220 2485//220 2484//205
f 2485//220 2486//220 2439//30
f 2440//30 2439//30 2486//220
f 2487//13 2488//13 2489//14
f 2490//14 2489//14 2488//13
f 2489//14 2490//14 2491//15
f 2492//15 2491//15 2490//14
f 2491//15 2492//15 2493//75
f 2494//75 2493//75 2492//15
f 2493//75 2494//75 2495//76
f 2496//76 2495//76 2494//75
f 2495//76 2496//76 2497//18
f 2498//18 2497//18 2496//76
f 2497//18 2498//18 2499//19
f 2500//19 2499//19 2498//18
f 2499//19 2500//19 2501//20
f 2502//20 2501//20 2500//19
f 2501//20 2502//20 2503//79
f 2504//79 2503//79 2502//20
f 2503//79 2504//79 2505//22
f 2506//22 2505//22 2504//79
f 2505//22 2506//22 2507//89
f 2508//89 2507//89 2506//22
f 2507//89 2508//89 2509//90
f 2510//90 2509//90 2508//89
f 2509//90 2510//90 2511//1
f 2512//1 2511//1 2510//90
f 2511//1 2512//1 2513//81
f 2514//81 2513//81 2512//1
f 2513//81 2514//81 2515//82
f 2516//82 2515//82 2514//81
f 2515//82 2516//82 2517//69
f 2518//69 2517//69 2516//82
f 2517//69 2518//69 2519//5
f 2520//5 2519//5 2518//69
f 2519//5 2520//5 2521//71
f 2522//71 2521//71 2520//5
f 2521//71 2522//71 2523//7
f 2524//7 2523//7 2522//71
f 2523//7 2524//7 2525//72
f 2526//72 2525//72 2524//7
f 2525//72 2526//72 2527//9
f 2528//9 2527//9 2526//72
f 2527//9 2528//9 2529//10
f 2530//10 2529//10 2528//9
f 2529//10 2530//10 2531//11
f 2532//11 2531//11 2530//10
f 2531//11 2532//11 2533//12
f 2534//12 2533//12 2532//11
f 2533//12 2534//12 2487//13
f 2488//13 2487//13 2534//12
f 2535//13 2536//13 2537//14
f 2538//14 2537//14 2536//13
f 2537//14 2538//14 2539//15
f 2540//15 2539//15 2538//14
f 2539//15 2540//15 2541//75
f 2542//75 2541//75 2540//15
f 2541//75 2542//75 2543//76
f 2544//76 2543//76 2542//75
f 2543//76 2544//76 2545//18
f 2546//18 2545//18 2544//76
f 2545//18 2546//18 2547//19
f 2548//19 2547//19 2546//18
f 2547//19 2548//19 2549//20
f 2550//20 2549//20 2548//19
f 2549//20 2550//20 2551//79
f 2552//79 2551//79 2550//20
f 2551//79 2552//79 2553//22
f 2554//22 2553//22 2552//79
f 2553//22 2554//22 2555//89
f 2556//89 2555//89 2554//22
f 2555//89 2556//89 2557//90
f 2558//90 2557//90 2556//89
f 2557//90 2558//90 2559//1
f 2560//1 2559//1 2558//90
f 2559//1 2560//1 2561//81
f 2562//81 2561//81 2560//1
f 2561//81 2562//81 2563//82
f 2564//82 2563//82 2562//81
f 2563//82 2564//82 2565//69
f 2566//69 2565//69 2564//82
f 2565//69 2566//69 2567//5
f 2568//5 2567//5 2566//69
f 2567//5 2568//5 2569//71
f 2570//71 2569//71 2568//5
f 2569//71 2570//71 2571//7
f 2572//7 2571//7 2570//71
f 2571//7 2572//7 2573//72
f 2574//72 2573//72 2572//7
f 2573//72 2574//72 2575//9
f 2576//9 2575//9 2574//72
f 2575//9 2576//9 2577//10
f 2578//10 2577//10 2576//9
f 2577//10 2578//10 2579//11
f 2580//11 2579//11 2578//10
f 2579//11 2580//11 2581//12
f 2582//12 2581//12 2580//11
f 2581//12 2582//12 2535//13
f 2536//13 2535//13 2582//12
s 0
f 1667//13 1668//13 2583//13
f 2584//13 2583//13 1668//13
f 2583//13 2584//13 2585//13
f 2586//13 2585//13 2584//13
f 2585//13 2586//13 1687//13
f 1688//13 1687//13 2586//13
s 1
f 2587//1 2588//1 2589//81
f 2590//81 2589//81 2588//1
f 2589//81 2590//81 2591//310
f 2592//82 2591//310 2590//81
f 2591//310 2592//82 2593//69
f 2594//69 2593//69 2592//82
f 2593//69 2594//69 2595//5
f 2596//5 2595//5 2594//69
f 2595//5 2596//5 2597//71
f 2598//71 2597//71 2596//5
f 2597//71 2598//71 2599//7
f 2600//7 2599//7 2598//71
f 2599//7 2600//7 2601//72
f 2602//72 2601//72 2600//7
f 2601//72 2602//72 2603//9
f 2604//9 2603//9 2602//72
f 2603//9 2604//9 2605//10
f 2606//10 2605//10 2604//9
f 2605//10 2606//10 2607//11
f 2608//311 2607//11 2606//10
f 2607//11 2608//311 2609//12
f 2610//12 2609//12 2608//311
f 2609//12 2610//12 2611//13
f 2612//13 2611//13 2610//12
f 2611//13 2612//13 2613//14
f 2614//14 2613//14 2612//13
f 2613//14 2614//14 2615//15
f 2616//15 2615//15 2614//14
f 2615//15 2616//15 2617//75
f 2618//75 2617//75 2616//15
f 2617//75 2618//75 2619//76
f 2620//76 2619//76 2618//75
f 2619//76 2620//76 2621//77
f 2622//77 2621//77 2620//76
f 2621//77 2622//77 2623//19
f 2624//19 2623//19 2622//77
f 2623//19 2624//19 2625//78
f 2626//78 2625//78 2624//19
f 2625//78 2626//78 2627//79
f 2628//79 2627//79 2626//78
f 2627//79 2628//79 2629//22
f 2630//22 2629//22 2628//79
f 2629//22 2630//22 2631//89
f 2632//89 2631//89 2630//22
f 2631//89 2632//89 2633//90
f 2634//90 2633//90 2632//89
f 2633//90 2634//90 2587//1
f 2588//1 2587//1 2634//90
f 2635//1 2636//1 2637//81
f 2638//81 2637//81 2636//1
f 2637//81 2638//81 2639//310
f 2640//82 2639//310 2638//81
f 2639//310 2640//82 2641//69
f 2642//69 2641//69 2640//82
f 2641//69 2642//69 2643//5
f 2644//5 2643//5 2642//69
f 2643//5 2644//5 2645//71
f 2646//71 2645//71 2644//5
f 2645//71 2646//71 2647//7
f 2648//7 2647//7 2646//71
f 2647//7 2648//7 2649//72
f 2650//72 2649//72 2648//7
f 2649//72 2650//72 2651//9
f 2652//9 2651//9 2650//72
f 2651//9 2652//9 2653//10
f 2654//10 2653//10 2652//9
f 2653//10 2654//10 2655//11
f 2656//311 2655//11 2654//10
f 2655//11 2656//311 2657//12
f 2658//12 2657//12 2656//311
f 2657//12 2658//12 2659//13
f 2660//13 2659//13 2658//12
f 2659//13 2660//13 2661//14
f 2662//14 2661//14 2660//13
f 2661//14 2662//14 2663//15
f 2664//15 2663//15 2662//14
f 2663//15 2664//15 2665//75
f 2666//75 2665//75 2664//15
f 2665//75 2666//75 2667//76
f 2668//76 2667//76 2666//75
f 2667//76 2668//76 2669//77
f 2670//77 2669//77 2668//76
f 2669//77 2670//77 2671//19
f 2672//19 2671//19 2670//77
f 2671//19 2672//19 2673//78
f 2674//78 2673//78 2672//19
f 2673//78 2674//78 2675//79
f 2676//79 2675//79 2674//78
f 2675//79 2676//79 2677//22
f 2678//22 2677//22 2676//79
f 2677//22 2678//22 2679//89
f 2680//89 2679//89 2678//22
f 2679//89 2680//89 2681//90
f 2682//90 2681//90 2680//89
f 2681//90 2682//90 2635//1
f 2636//1 2635//1 2682//90
s 0
f 2683//25 2684//25 2685//25
s 1
f 2686//25 2687//25 2688//312
s 0
f 2685//25 2684//25 2689//25
f 2684//25 2690//25 2689//25
f 2691//25 2689//25 2690//25
s 1
f 2689//25 2691//25 2688//312
f 2692//25 2688//312 2691//25
f 2688//312 2692//25 2686//25
s 0
f 2693//25 2694//25 2695//25
f 2696//25 2695//25 2694//25
f 2695//25 2696//25 2697//25
f 2698//25 2697//25 2696//25
f 2697//25 2698//25 2699//25
f 2700//25 2699//25 2698//25
f 2699//25 2700//25 2701//25
f 2702//25 2701//25 2700//25
f 2685//25 2703//25 2683//25
f 2704//25 2683//25 2703//25
f 2683//25 2704//25 2705//25
f 2706//25 2705//25 2704//25
f 2705//25 2706//25 2707//25
f 2708//25 2707//25 2706//25
f 2707//25 2708//25 2709//25
f 2710//25 2709//25 2708//25
f 2709//25 2710//25 2711//25
f 2712//25 2711//25 2710//25
f 2711//25 2712//25 2713//25
f 2714//25 2713//25 2712//25
f 2713//25 2714//25 2702//25
f 2715//25 2702//25 2714//25
f 2702//25 2715//25 2701//25
s 1
f 2687//25 2716//25 2688//312
f 2717//25 2688//312 2716//25
f 2688//312 2717//25 2718//312
f 2719//25 2718//312 2717//25
f 2718//312 2719//25 2720//25
f 2720//25 2721//25 2718//312
f 2722//25 2718//312 2721//25
f 2718//312 2722//25 2693//25
s 0
f 2723//25 2693//25 2722//25
f 2693//25 2723//25 2694//25
s 1
f 2724//313 2725//7 2726//313
f 2727//7 2726//313 2725//7
f 2728//142 2729//19 2730//142
f 2731//19 2730//142 2729//19
f 2732//30 2733//30 2734//314
f 2735//30 2734//314 2733//30
f 2735//30 2736//30 2734//314
f 2737//30 2734//314 2736//30
f 2734//314 2737//30 2738//314
f 2739//30 2738//314 2737//30
f 2738//314 2739//30 2740//30
f 2740//30 2741//30 2738//314
f 2742//30 2738//314 2741//30
f 2738//314 2742//30 2743//30
f 2732//30 2734//314 2744//30
f 2745//30 2744//30 2734//314
s 0
f 2744//30 2745//30 2746//30
f 2747//30 2748//30 2749//30
f 2750//30 2749//30 2748//30
f 2749//30 2750//30 2751//30
f 2752//30 2751//30 2750//30
f 2751//30 2752//30 2753//30
f 2754//30 2753//30 2752//30
f 2753//30 2754//30 2755//30
f 2743//30 2755//30 2754//30
f 2755//30 2743//30 2756//30
f 2742//30 2756//30 2743//30
f 2757//30 2758//30 2759//30
f 2760//30 2759//30 2758//30
f 2759//30 2760//30 2761//30
f 2762//30 2761//30 2760//30
f 2761//30 2762//30 2763//30
f 2764//30 2763//30 2762//30
f 2763//30 2764//30 2765//30
f 2766//30 2765//30 2764//30
f 2765//30 2766//30 2747//30
f 2767//30 2747//30 2766//30
f 2747//30 2767//30 2748//30
f 2746//30 2745//30 2768//30
f 2769//30 2768//30 2745//30
f 2768//30 2769//30 2770//30
f 2771//30 2770//30 2769//30
f 2770//30 2771//30 2757//30
f 2772//30 2757//30 2771//30
f 2757//30 2772//30 2758//30
s 1
f 2773//315 2774//315 2775//1
f 2776//1 2775//1 2774//315
s 0
f 2775//1 2776//1 2777//1
f 2778//1 2777//1 2776//1
f 2779//1 2780//1 2781//1
f 2779//1 2781//1 2782//1
f 2783//1 2784//1 2785//1
f 2786//1 2785//1 2784//1
f 2785//1 2786//1 2787//1
s 1
f 2788//316 2789//316 2790//1
f 2785//1 2790//1 2789//316
s 0
f 2790//1 2785//1 2791//1
f 2787//1 2791//1 2785//1
f 2781//1 2792//1 2793//1
f 2794//1 2795//1 2796//1
f 2797//1 2796//1 2795//1
f 2796//1 2797//1 2781//1
f 2794//1 2798//1 2799//1
f 2800//1 2799//1 2798//1
f 2794//1 2799//1 2795//1
f 2801//1 2795//1 2799//1
f 2795//1 2801//1 2802//1
s 1
f 2803//316 2804//316 2802//1
f 2805//1 2802//1 2804//316
s 0
f 2802//1 2805//1 2806//1
f 2797//1 2807//1 2781//1
f 2808//1 2781//1 2807//1
f 2781//1 2808//1 2809//1
f 2810//1 2811//1 2812//1
f 2800//1 2813//1 2799//1
f 2814//1 2799//1 2813//1
f 2799//1 2814//1 2785//1
f 2815//1 2785//1 2814//1
f 2785//1 2815//1 2783//1
f 2806//1 2816//1 2802//1
f 2817//1 2802//1 2816//1
f 2802//1 2817//1 2795//1
f 2818//1 2819//1 2820//1
f 2821//1 2820//1 2819//1
f 2820//317 2821//317 2822//317
f 2793//1 2823//1 2781//1
f 2824//1 2781//1 2823//1
f 2781//1 2824//1 2782//1
f 2820//1 2825//1 2818//1
f 2792//1 2818//1 2825//1
f 2818//1 2792//1 2810//1
f 2781//1 2810//1 2792//1
f 2810//1 2781//1 2811//1
f 2809//1 2811//1 2781//1
f 2812//1 2826//1 2810//1
f 2827//1 2810//1 2826//1
f 2810//1 2827//1 2776//1
f 2828//1 2776//1 2827//1
f 2776//1 2828//1 2778//1
f 2799//1 2829//1 2801//1
f 2830//1 2801//1 2829//1
f 2801//1 2830//1 2831//1
f 2832//1 2831//1 2830//1
f 2780//1 2833//1 2781//1
f 2834//1 2781//1 2833//1
f 2781//1 2834//1 2835//1
f 2836//1 2835//1 2834//1
f 2835//1 2836//1 2837//1
f 2838//1 2837//1 2836//1
f 2837//1 2838//1 2839//1
f 2840//1 2839//1 2838//1
f 2841//1 2842//1 2843//1
f 2844//1 2843//1 2842//1
f 2843//1 2844//1 2799//1
f 2845//1 2799//1 2844//1
f 2799//1 2845//1 2829//1
f 2841//1 2846//1 2842//1
f 2847//1 2842//1 2846//1
f 2842//1 2847//1 2848//1
f 2849//1 2848//1 2847//1
f 2850//1 2851//1 2831//1
f 2852//1 2831//1 2851//1
f 2831//1 2852//1 2853//1
f 2854//317 2853//317 2852//317
f 2855//1 2856//1 2832//1
f 2857//1 2832//1 2856//1
f 2832//1 2857//1 2831//1
f 2858//1 2831//1 2857//1
f 2831//1 2858//1 2850//1
s 1
f 2859//13 2860//318 2861//318
f 2862//319 2863//319 2864//13
f 2865//13 2864//13 2863//319
s 0
f 2864//13 2865//13 2866//13
f 2867//13 2868//13 2869//13
s 1
f 2861//318 2870//13 2859//13
s 0
f 2871//13 2859//13 2870//13
f 2859//13 2871//13 2872//13
f 2873//13 2874//13 2868//13
f 2875//13 2876//13 2877//13
f 2878//13 2879//13 2865//13
f 2880//13 2865//13 2879//13
f 2865//13 2880//13 2866//13
f 2881//13 2882//13 2883//13
s 1
f 2884//319 2885//319 2886//13
f 2887//13 2886//13 2885//319
s 0
f 2878//13 2865//13 2888//13
f 2889//13 2888//13 2865//13
f 2888//13 2889//13 2875//13
f 2890//13 2891//13 2892//13
f 2893//13 2892//13 2891//13
f 2878//13 2894//13 2879//13
f 2892//13 2879//13 2894//13
f 2879//13 2892//13 2895//13
f 2893//13 2895//13 2892//13
f 2886//13 2896//13 2897//13
f 2898//13 2899//13 2900//13
f 2901//13 2900//13 2899//13
f 2902//13 2883//13 2889//13
f 2903//13 2889//13 2883//13
f 2889//13 2903//13 2875//13
f 2904//13 2875//13 2903//13
f 2875//13 2904//13 2876//13
f 2887//13 2905//13 2886//13
f 2906//13 2886//13 2905//13
f 2886//13 2906//13 2896//13
f 2907//13 2908//13 2909//13
f 2886//13 2909//13 2908//13
f 2909//13 2886//13 2910//13
f 2897//13 2910//13 2886//13
f 2874//13 2911//13 2868//13
f 2912//13 2868//13 2911//13
f 2868//13 2912//13 2913//13
f 2914//13 2915//13 2916//13
f 2901//13 2917//13 2900//13
f 2918//13 2900//13 2917//13
f 2900//13 2918//13 2890//13
f 2919//13 2890//13 2918//13
f 2890//13 2919//13 2891//13
f 2920//13 2900//13 2921//13
f 2922//13 2921//13 2900//13
f 2921//13 2922//13 2923//13
f 2924//13 2923//13 2922//13
f 2923//13 2924//13 2925//13
f 2913//13 2926//13 2868//13
f 2927//13 2868//13 2926//13
f 2868//13 2927//13 2869//13
f 2869//13 2928//13 2867//13
f 2914//13 2867//13 2928//13
f 2867//13 2914//13 2929//13
f 2916//13 2929//13 2914//13
f 2872//13 2930//13 2859//13
f 2898//13 2859//13 2930//13
f 2859//13 2898//13 2868//13
f 2900//13 2868//13 2898//13
f 2868//13 2900//13 2873//13
f 2920//13 2873//13 2900//13
f 2907//13 2875//13 2908//13
f 2877//13 2908//13 2875//13
f 2908//13 2877//13 2931//13
f 2932//13 2931//13 2877//13
f 2931//13 2932//13 2933//13
f 2934//13 2933//13 2932//13
f 2935//13 2902//13 2936//13
f 2937//13 2936//13 2902//13
f 2936//320 2937//320 2938//320
f 2934//13 2932//13 2939//13
f 2940//13 2939//13 2932//13
f 2939//13 2940//13 2941//13
f 2935//13 2942//13 2902//13
f 2943//13 2902//13 2942//13
f 2902//13 2943//13 2883//13
f 2944//13 2883//13 2943//13
f 2883//13 2944//13 2881//13
s 1
f 2945//321 2946//26 2947//321
f 2948//26 2947//321 2946//26
f 2948//26 2946//26 2949//322
f 2948//26 2949//322 2950//104
f 2951//103 2950//104 2949//322
f 2950//104 2951//103 2952//103
f 2953//323 2952//103 2951//103
f 2952//103 2953//323 2954//323
f 2955//324 2954//323 2956//324
f 2953//323 2956//324 2954//323
f 2955//324 2956//324 2957//325
f 2958//325 2957//325 2956//324
f 2957//325 2958//325 2959//326
f 2960//326 2959//326 2958//325
f 2959//326 2960//326 2961//327
f 2962//327 2961//327 2960//326
s 0
f 2963//26 2964//26 2965//26
f 2966//26 2965//26 2964//26
f 2967//328 2968//231 2969//328
f 2970//231 2969//328 2968//231
s 1
f 2970//231 2968//231 2971//230
f 2972//230 2971//230 2968//231
f 2971//230 2972//230 2973//229
f 2974//229 2973//229 2972//230
f 2973//229 2974//229 2975//234
f 2976//234 2975//234 2974//229
s 0
f 2977//234 2975//234 2978//234
f 2976//234 2978//234 2975//234
s 1
f 2977//234 2978//234 2979//229
f 2977//234 2979//229 2980//229
f 2981//230 2980//229 2979//229
f 2980//229 2981//230 2982//230
f 2983//231 2982//230 2981//230
f 2982//230 2983//231 2984//231
f 2985//31 2984//231 2986//31
f 2983//231 2986//31 2984//231
f 2987//164 2988//7 2989//164
f 2990//7 2989//164 2988//7
s 0
f 2991//19 2992//19 2993//19
f 2994//19 2993//19 2992//19
f 2995//30 2996//30 2997//30
f 2998//30 2997//30 2996//30
s 1
f 2999//329 3000//7 3001//330
f 3002//7 3001//330 3000//7
f 3003//277 3004//277 3005//19
f 3006//19 3005//19 3004//277
f 3007//165 3008//165 3009//19
f 3010//19 3009//19 3008//165
f 3011//331 3012//332 3013//331
f 3014//332 3013//331 3012//332
s 0
f 3015//333 3016//334 3017//333
f 3018//334 3017//333 3016//334
f 3019//25 3020//25 3021//25
f 3021//25 3020//25 3022//25
f 3023//25 3022//25 3020//25
f 3022//25 3023//25 3024//25
s 1
f 3025//25 3026//25 3027//335
f 3028//25 3029//25 3030//335
f 3031//25 3030//335 3029//25
f 3030//335 3031//25 3032//25
s 0
f 3023//25 3033//25 3024//25
f 3034//25 3024//25 3033//25
s 1
f 3024//25 3034//25 3027//335
f 3035//25 3027//335 3034//25
f 3027//335 3035//25 3025//25
f 3026//25 3036//25 3027//335
f 3037//25 3027//335 3036//25
f 3027//335 3037//25 3030//335
f 3038//25 3030//335 3037//25
f 3030//335 3038//25 3028//25
s 0
f 3031//25 3039//25 3032//25
f 3040//25 3032//25 3039//25
f 3032//25 3040//25 3041//25
f 3042//25 3041//25 3040//25
f 3041//25 3042//25 3043//25
f 3044//25 3043//25 3042//25
f 3043//25 3044//25 3045//25
f 3046//25 3045//25 3044//25
f 3021//25 3047//25 3019//25
f 3048//25 3019//25 3047//25
f 3019//25 3048//25 3049//25
f 3050//25 3049//25 3048//25
f 3049//25 3050//25 3051//25
f 3052//25 3051//25 3050//25
f 3051//25 3052//25 3053//25
f 3054//25 3053//25 3052//25
f 3053//25 3054//25 3055//25
f 3056//25 3055//25 3054//25
f 3055//25 3056//25 3057//25
f 3058//25 3057//25 3056//25
f 3057//25 3058//25 3046//25
f 3059//25 3046//25 3058//25
f 3046//25 3059//25 3045//25
f 3060//30 3061//30 3062//30
s 1
f 3063//30 3064//30 3065//336
f 3066//30 3065//336 3064//30
f 3065//336 3066//30 3067//30
f 3060//30 3062//30 3068//336
s 0
f 3069//30 3070//30 3071//30
f 3072//30 3071//30 3070//30
f 3071//30 3072//30 3073//30
f 3074//30 3073//30 3072//30
f 3073//30 3074//30 3075//30
f 3076//30 3075//30 3074//30
f 3075//30 3076//30 3077//30
f 3067//30 3077//30 3076//30
f 3077//30 3067//30 3078//30
f 3066//30 3078//30 3067//30
s 1
f 3062//30 3079//30 3068//336
f 3080//30 3068//336 3079//30
f 3068//336 3080//30 3081//30
s 0
f 3082//30 3083//30 3084//30
f 3085//30 3084//30 3083//30
f 3084//30 3085//30 3086//30
f 3087//30 3086//30 3085//30
f 3086//30 3087//30 3088//30
f 3089//30 3088//30 3087//30
f 3088//30 3089//30 3090//30
f 3091//30 3090//30 3089//30
f 3090//30 3091//30 3092//30
f 3093//30 3092//30 3091//30
f 3092//30 3093//30 3069//30
f 3094//30 3069//30 3093//30
f 3069//30 3094//30 3070//30
f 3061//30 3060//30 3095//30
f 3096//30 3095//30 3060//30
f 3095//30 3096//30 3082//30
f 3097//30 3082//30 3096//30
f 3082//30 3097//30 3083//30
s 1
f 3081//30 3098//30 3068//336
f 3099//30 3068//336 3098//30
f 3068//336 3099//30 3065//336
f 3100//30 3065//336 3099//30
f 3065//336 3100//30 3063//30
f 3101//142 3102//19 3103//142
f 3104//19 3103//142 3102//19
f 3105//313 3106//7 3107//313
f 3108//7 3107//313 3106//7
f 3109//337 3110//19 3111//337
f 3112//19 3111//337 3110//19
s 0
f 3113//25 3114//25 3115//25
f 3116//25 3115//25 3114//25
f 3117//7 3118//7 3119//7
f 3120//7 3119//7 3118//7
s 1
f 3121//338 3122//164 3123//338
f 3124//164 3123//338 3122//164
f 3124//164 3122//164 3125//163
f 3126//339 3125//163 3122//164
f 3125//163 3126//339 3127//340
f 3128//340 3127//340 3126//339
f 3127//340 3128//340 3129//341
f 3130//341 3129//341 3128//340
f 3129//341 3130//341 3131//342
f 3132//342 3131//342 3130//341
f 3131//342 3132//342 3133//104
f 3134//322 3133//104 3132//342
f 3133//104 3134//322 2964//26
f 2966//26 2964//26 3134//322
f 2961//327 2962//327 3135//343
f 2961//327 3135//343 3136//343
f 3137//344 3136//343 3135//343
f 3136//343 3137//344 3138//344
f 3139//345 3138//344 3137//344
f 3138//344 3139//345 3140//345
f 3141//346 3140//345 3139//345
f 3140//345 3141//346 3142//346
f 3143//347 3142//346 3141//346
f 3142//346 3143//347 3144//347
f 3121//338 3144//347 3143//347
f 3144//347 3121//338 3123//338
f 3014//332 3012//332 3145//167
f 3014//332 3145//167 3146//167
f 3147//348 3146//167 3145//167
f 3146//167 3147//348 3148//166
f 3008//165 3148//166 3147//348
f 3148//166 3008//165 3007//165
f 3018//334 3016//334 3149//275
f 3018//334 3149//275 3150//275
f 3151//349 3150//275 3149//275
f 3150//275 3151//349 3152//276
f 3004//277 3152//276 3151//349
f 3152//276 3004//277 3003//277
f 2861//318 2860//318 3153//219
f 2861//318 3153//219 3154//219
f 3155//200 3154//219 3153//219
f 3154//219 3155//200 3156//200
f 3157//218 3156//200 3155//200
f 3156//200 3157//218 3158//218
f 3159//198 3158//218 3157//218
f 3158//218 3159//198 3160//198
f 3161//197 3160//198 3159//198
f 3160//198 3161//197 3162//197
f 3027//335 3162//197 3161//197
f 3162//197 3027//335 3030//335
f 3068//336 3065//336 3163//207
f 3164//207 3163//207 3065//336
f 3163//207 3164//207 3165//208
f 3166//208 3165//208 3164//207
f 3165//208 3166//208 3167//209
f 3168//209 3167//209 3166//208
f 3167//209 3168//209 3169//210
f 3170//210 3169//210 3168//209
f 3169//210 3170//210 3171//211
f 3172//211 3171//211 3170//210
f 3171//211 3172//211 2773//315
f 2774//315 2773//315 3172//211
s 0
f 3009//19 3010//19 3173//19
f 3174//19 3173//19 3010//19
f 3173//19 3174//19 3175//19
f 3176//19 3175//19 3174//19
f 3175//19 3176//19 3177//19
f 3178//19 3177//19 3176//19
f 3177//19 3178//19 3179//19
f 3180//19 3179//19 3178//19
f 3179//19 3180//19 3181//19
f 3182//19 3181//19 3180//19
f 3181//19 3182//19 3102//19
f 3104//19 3102//19 3182//19
f 3108//7 3106//7 3183//7
f 3184//7 3183//7 3106//7
f 3183//7 3184//7 3185//7
f 3186//7 3185//7 3184//7
f 3185//7 3186//7 3187//7
f 3188//7 3187//7 3186//7
f 3187//7 3188//7 3189//7
f 3190//7 3189//7 3188//7
f 3189//7 3190//7 3191//7
f 3192//7 3191//7 3190//7
f 3191//7 3192//7 3120//7
f 3119//7 3120//7 3192//7
s 1
f 3193//1 3194//1 3195//81
f 3196//81 3195//81 3194//1
f 3195//81 3196//81 3197//82
f 3198//82 3197//82 3196//81
f 3197//82 3198//82 3199//69
f 3200//69 3199//69 3198//82
f 3199//69 3200//69 3201//5
f 3202//5 3201//5 3200//69
f 3201//5 3202//5 3203//71
f 3204//71 3203//71 3202//5
f 3203//71 3204//71 3205//7
f 3206//7 3205//7 3204//71
f 3205//7 3206//7 3207//72
f 3208//72 3207//72 3206//7
f 3207//72 3208//72 3209//9
f 3210//9 3209//9 3208//72
f 3209//9 3210//9 3211//10
f 3212//10 3211//10 3210//9
f 3211//10 3212//10 3213//350
f 3214//350 3213//350 3212//10
f 3213//350 3214//350 3215//85
f 3216//85 3215//85 3214//350
f 3215//85 3216//85 3217//13
f 3218//13 3217//13 3216//85
f 3217//13 3218//13 3219//86
f 3220//86 3219//86 3218//13
f 3219//86 3220//86 3221//351
f 3222//351 3221//351 3220//86
f 3221//351 3222//351 3223//75
f 3224//75 3223//75 3222//351
f 3223//75 3224//75 3225//76
f 3226//76 3225//76 3224//75
f 3225//76 3226//76 3227//18
f 3228//18 3227//18 3226//76
f 3227//18 3228//18 3229//19
f 3230//19 3229//19 3228//18
f 3229//19 3230//19 3231//20
f 3232//20 3231//20 3230//19
f 3231//20 3232//20 3233//79
f 3234//79 3233//79 3232//20
f 3233//79 3234//79 3235//22
f 3236//22 3235//22 3234//79
f 3235//22 3236//22 3237//89
f 3238//89 3237//89 3236//22
f 3237//89 3238//89 3239//90
f 3240//90 3239//90 3238//89
f 3239//90 3240//90 3193//1
f 3194//1 3193//1 3240//90
s 0
f 3241//30 3242//30 3243//30
f 3244//30 3243//30 3242//30
f 3243//30 3244//30 3245//30
f 3246//30 3245//30 3244//30
f 3245//30 3246//30 3247//30
f 3248//30 3247//30 3246//30
f 3247//30 3248//30 3249//30
f 3250//30 3249//30 3248//30
f 3249//30 3250//30 3251//30
f 3252//30 3251//30 3250//30
f 3251//30 3252//30 3253//30
f 3254//30 3253//30 3252//30
f 3253//30 3254//30 3255//30
f 3256//30 3255//30 3254//30
f 3255//30 3256//30 3257//30
f 3258//30 3257//30 3256//30
f 3257//30 3258//30 3259//30
f 3260//30 3259//30 3258//30
f 3259//30 3260//30 3261//30
f 3262//30 3261//30 3260//30
f 3261//30 3262//30 3263//30
f 3264//30 3263//30 3262//30
f 3263//30 3264//30 3265//30
f 3266//30 3265//30 3264//30
f 3265//30 3266//30 3267//30
f 3268//30 3267//30 3266//30
f 3267//30 3268//30 3269//30
f 3270//30 3269//30 3268//30
f 3269//30 3270//30 3271//30
f 3272//30 3271//30 3270//30
f 3271//30 3272//30 3273//30
f 3274//30 3273//30 3272//30
f 3273//30 3274//30 3275//30
f 3276//30 3275//30 3274//30
f 3275//30 3276//30 3277//30
f 3278//30 3277//30 3276//30
f 3277//30 3278//30 3279//30
f 3280//30 3279//30 3278//30
f 3279//30 3280//30 3281//30
f 3282//30 3281//30 3280//30
f 3281//30 3282//30 3283//30
f 3284//30 3283//30 3282//30
f 3283//30 3284//30 3285//30
f 3286//30 3285//30 3284//30
f 3285//30 3286//30 3287//30
f 3288//30 3287//30 3286//30
f 3287//30 3288//30 3241//30
f 3242//30 3241//30 3288//30
s 1
f 3289//1 3290//90 3291//90
f 3292//89 3291//90 3290//90
f 3291//90 3292//89 3293//89
f 3294//22 3293//89 3292//89
f 3293//89 3294//22 3295//22
f 3296//79 3295//22 3294//22
f 3295//22 3296//79 3297//352
f 3298//78 3297//352 3296//79
f 3297//352 3298//78 3299//78
f 3300//19 3299//78 3298//78
f 3299//78 3300//19 3301//19
f 3302//77 3301//19 3300//19
f 3301//19 3302//77 3303//77
f 3304//76 3303//77 3302//77
f 3303//77 3304//76 3305//76
f 3306//75 3305//76 3304//76
f 3305//76 3306//75 3307//75
f 3308//15 3307//75 3306//75
f 3307//75 3308//15 3309//15
f 3310//14 3309//15 3308//15
f 3309//15 3310//14 3311//14
f 3312//13 3311//14 3310//14
f 3311//14 3312//13 3313//13
f 3314//12 3313//13 3312//13
f 3313//13 3314//12 3315//12
f 3316//11 3315//12 3314//12
f 3315//12 3316//11 3317//11
f 3318//10 3317//11 3316//11
f 3317//11 3318//10 3319//10
f 3320//9 3319//10 3318//10
f 3319//10 3320//9 3321//9
f 3322//8 3321//9 3320//9
f 3321//9 3322//8 3323//8
f 3324//7 3323//8 3322//8
f 3323//8 3324//7 3325//7
f 3326//6 3325//7 3324//7
f 3325//7 3326//6 3327//6
f 3328//5 3327//6 3326//6
f 3327//6 3328//5 3329//5
f 3330//69 3329//5 3328//5
f 3329//5 3330//69 3331//69
f 3332//82 3331//69 3330//69
f 3331//69 3332//82 3333//82
f 3334//81 3333//82 3332//82
f 3333//82 3334//81 3335//81
f 3336//1 3335//81 3334//81
f 3335//81 3336//1 3289//1
f 3290//90 3289//1 3336//1
s 0
f 3337//25 3338//25 3339//25
f 3340//25 3339//25 3338//25
f 3339//25 3340//25 3341//25
f 3342//25 3341//25 3340//25
f 3341//25 3342//25 3343//25
f 3344//25 3343//25 3342//25
f 3343//25 3344//25 3345//25
f 3346//25 3345//25 3344//25
f 3345//25 3346//25 3347//25
f 3348//25 3347//25 3346//25
f 3347//25 3348//25 3349//25
f 3350//25 3349//25 3348//25
f 3349//25 3350//25 3351//25
f 3352//25 3351//25 3350//25
f 3351//25 3352//25 3353//25
f 3354//25 3353//25 3352//25
f 3353//25 3354//25 3355//25
f 3356//25 3355//25 3354//25
f 3355//25 3356//25 3357//25
f 3358//25 3357//25 3356//25
f 3357//25 3358//25 3359//25
f 3360//25 3359//25 3358//25
f 3359//25 3360//25 3361//25
f 3362//25 3361//25 3360//25
f 3361//25 3362//25 3363//25
f 3364//25 3363//25 3362//25
f 3363//25 3364//25 3365//25
f 3366//25 3365//25 3364//25
f 3365//25 3366//25 3367//25
f 3368//25 3367//25 3366//25
f 3367//25 3368//25 3369//25
f 3370//25 3369//25 3368//25
f 3369//25 3370//25 3371//25
f 3372//25 3371//25 3370//25
f 3371//25 3372//25 3373//25
f 3374//25 3373//25 3372//25
f 3373//25 3374//25 3375//25
f 3376//25 3375//25 3374//25
f 3375//25 3376//25 3377//25
f 3378//25 3377//25 3376//25
f 3377//25 3378//25 3379//25
f 3380//25 3379//25 3378//25
f 3379//25 3380//25 3381//25
f 3382//25 3381//25 3380//25
f 3381//25 3382//25 3383//25
f 3384//25 3383//25 3382//25
f 3383//25 3384//25 3337//25
f 3338//25 3337//25 3384//25
s 1
f 3385//13 3386//14 3387//14
f 3388//15 3387//14 3386//14
f 3387//14 3388//15 3389//15
f 3390//75 3389//15 3388//15
f 3389//15 3390//75 3391//75
f 3392//76 3391//75 3390//75
f 3391//75 3392//76 3393//76
f 3394//77 3393//76 3392//76
f 3393//76 3394//77 3395//77
f 3396//19 3395//77 3394//77
f 3395//77 3396//19 3397//19
f 3398//78 3397//19 3396//19
f 3397//19 3398//78 3399//78
f 3400//79 3399//78 3398//78
f 3399//78 3400//79 3401//79
f 3402//22 3401//79 3400//79
f 3401//79 3402//22 3403//22
f 3404//89 3403//22 3402//22
f 3403//22 3404//89 3405//89
f 3406//90 3405//89 3404//89
f 3405//89 3406//90 3407//90
f 3408//1 3407//90 3406//90
f 3407//90 3408//1 3409//1
f 3410//81 3409//1 3408//1
f 3409//1 3410//81 3411//81
f 3412//310 3411//81 3410//81
f 3411//81 3412//310 3413//82
f 3414//69 3413//82 3412//310
f 3413//82 3414//69 3415//69
f 3416//5 3415//69 3414//69
f 3415//69 3416//5 3417//5
f 3418//6 3417//5 3416//5
f 3417//5 3418//6 3419//6
f 3420//7 3419//6 3418//6
f 3419//6 3420//7 3421//7
f 3422//8 3421//7 3420//7
f 3421//7 3422//8 3423//8
f 3424//9 3423//8 3422//8
f 3423//8 3424//9 3425//9
f 3426//10 3425//9 3424//9
f 3425//9 3426//10 3427//10
f 3428//11 3427//10 3426//10
f 3427//10 3428//11 3429//11
f 3430//12 3429//11 3428//11
f 3429//11 3430//12 3431//12
f 3432//13 3431//12 3430//12
f 3431//12 3432//13 3385//13
f 3386//14 3385//13 3432//13
f 3433//13 3434//13 3435//85
f 3436//85 3435//85 3434//13
f 3435//85 3436//85 3437//350
f 3438//350 3437//350 3436//85
f 3437//350 3438//350 3439//10
f 3440//10 3439//10 3438//350
f 3439//10 3440//10 3441//9
f 3442//9 3441//9 3440//10
f 3441//9 3442//9 3443//72
f 3444//72 3443//72 3442//9
f 3443//72 3444//72 3445//7
f 3446//7 3445//7 3444//72
f 3445//7 3446//7 3447//71
f 3448//71 3447//71 3446//7
f 3447//71 3448//71 3449//5
f 3450//5 3449//5 3448//71
f 3449//5 3450//5 3451//69
f 3452//69 3451//69 3450//5
f 3451//69 3452//69 3453//82
f 3454//82 3453//82 3452//69
f 3453//82 3454//82 3455//81
f 3456//81 3455//81 3454//82
f 3455//81 3456//81 3457//1
f 3458//1 3457//1 3456//81
f 3457//1 3458//1 3459//90
f 3460//90 3459//90 3458//1
f 3459//90 3460//90 3461//89
f 3462//89 3461//89 3460//90
f 3461//89 3462//89 3463//22
f 3464//22 3463//22 3462//89
f 3463//22 3464//22 3465//79
f 3466//79 3465//79 3464//22
f 3465//79 3466//79 3467//20
f 3468//20 3467//20 3466//79
f 3467//20 3468//20 3469//19
f 3470//19 3469//19 3468//20
f 3469//19 3470//19 3471//18
f 3472//18 3471//18 3470//19
f 3471//18 3472//18 3473//76
f 3474//76 3473//76 3472//18
f 3473//76 3474//76 3475//75
f 3476//75 3475//75 3474//76
f 3475//75 3476//75 3477//351
f 3478//351 3477//351 3476//75
f 3477//351 3478//351 3479//86
f 3480//86 3479//86 3478//351
f 3479//86 3480//86 3433//13
f 3434//13 3433//13 3480//86
s 0
f 3481//30 3482//30 3483//30
f 3483//30 3482//30 3484//30
s 1
f 3485//30 3486//314 3487//30
s 0
f 3487//30 3488//30 3485//30
f 3489//30 3485//30 3488//30
f 3485//30 3489//30 3490//30
f 3491//30 3490//30 3489//30
f 3490//30 3491//30 3492//30
f 3493//30 3492//30 3491//30
f 3492//30 3493//30 3494//30
f 3495//30 3494//30 3493//30
f 3494//30 3495//30 3496//30
f 3497//30 3496//30 3495//30
f 3483//30 3498//30 3481//30
f 3499//30 3481//30 3498//30
f 3481//30 3499//30 3500//30
f 3501//30 3500//30 3499//30
f 3500//30 3501//30 3502//30
f 3503//30 3502//30 3501//30
f 3502//30 3503//30 3504//30
f 3505//30 3504//30 3503//30
f 3504//30 3505//30 3506//30
f 3507//30 3506//30 3505//30
f 3506//30 3507//30 3508//30
f 3509//30 3508//30 3507//30
f 3508//30 3509//30 3497//30
f 3510//30 3497//30 3509//30
f 3497//30 3510//30 3496//30
f 3482//30 3511//30 3484//30
f 3512//30 3484//30 3511//30
s 1
f 3484//30 3512//30 3513//314
f 3514//30 3513//314 3512//30
f 3513//314 3514//30 3515//30
f 3516//30 3517//30 3486//314
f 3518//30 3486//314 3517//30
f 3486//314 3518//30 3487//30
f 3515//30 3519//30 3513//314
f 3520//30 3513//314 3519//30
f 3513//314 3520//30 3486//314
f 3521//30 3486//314 3520//30
f 3486//314 3521//30 3516//30
s 0
f 3522//25 3523//25 3524//25
f 3524//25 3523//25 3525//25
f 3526//25 3525//25 3523//25
f 3525//25 3526//25 3527//25
s 1
f 3528//25 3529//25 3530//312
f 3531//25 3530//312 3529//25
f 3530//312 3531//25 3532//25
s 0
f 3524//25 3533//25 3522//25
f 3534//25 3522//25 3533//25
f 3522//25 3534//25 3535//25
f 3536//25 3535//25 3534//25
f 3535//25 3536//25 3537//25
f 3538//25 3537//25 3536//25
f 3537//25 3538//25 3539//25
f 3540//25 3539//25 3538//25
f 3539//25 3540//25 3541//25
f 3542//25 3541//25 3540//25
f 3541//25 3542//25 3543//25
f 3544//25 3543//25 3542//25
f 3543//25 3544//25 3545//25
f 3526//25 3546//25 3527//25
f 3547//25 3527//25 3546//25
s 1
f 3527//25 3547//25 3548//312
f 3549//25 3548//312 3547//25
f 3548//312 3549//25 3550//25
f 3548//312 3551//25 3530//312
f 3552//25 3530//312 3551//25
f 3530//312 3552//25 3528//25
s 0
f 3544//25 3553//25 3545//25
f 3554//25 3545//25 3553//25
f 3545//25 3554//25 3555//25
f 3556//25 3555//25 3554//25
f 3555//25 3556//25 3557//25
f 3558//25 3557//25 3556//25
f 3557//25 3558//25 3559//25
f 3532//25 3559//25 3558//25
f 3559//25 3532//25 3560//25
f 3531//25 3560//25 3532//25
s 1
f 3550//25 3561//25 3548//312
f 3562//25 3548//312 3561//25
f 3548//312 3562//25 3551//25
f 3563//142 3564//19 3565//142
f 3566//19 3565//142 3564//19
f 3567//313 3568//7 3569//313
f 3570//7 3569//313 3568//7
s 0
f 3571//7 3572//7 3573//7
f 3574//7 3573//7 3572//7
f 3575//30 3576//30 3577//30
f 3578//30 3577//30 3576//30
s 1
f 3579//353 3580//19 3581//353
f 3582//19 3581//353 3580//19
f 2863//319 2862//319 3583//202
f 2863//319 3583//202 3584//202
f 3585//203 3584//202 3583//202
f 3584//202 3585//203 3586//203
f 3587//204 3586//203 3585//203
f 3586//203 3587//204 3588//204
f 3589//205 3588//204 3587//204
f 3588//204 3589//205 3590//205
f 3591//220 3590//205 3589//205
f 3590//205 3591//220 3592//220
f 3513//314 3592//220 3591//220
f 3592//220 3513//314 3486//314
f 3548//312 3530//312 3593//216
f 3594//216 3593//216 3530//312
f 3593//216 3594//216 3595//215
f 3596//215 3595//215 3594//216
f 3595//215 3596//215 3597//223
f 3598//223 3597//223 3596//215
f 3597//223 3598//223 3599//213
f 3600//213 3599//213 3598//223
f 3599//213 3600//213 3601//222
f 3602//222 3601//222 3600//213
f 3601//222 3602//222 2803//316
f 2804//316 2803//316 3602//222
s 0
f 3573//7 3574//7 3603//7
f 3604//7 3603//7 3574//7
f 3603//7 3604//7 3605//7
f 3606//7 3605//7 3604//7
f 3605//7 3606//7 3607//7
f 3608//7 3607//7 3606//7
f 3607//7 3608//7 3609//7
f 3610//7 3609//7 3608//7
f 3609//7 3610//7 3611//7
f 3612//7 3611//7 3610//7
f 3611//7 3612//7 3568//7
f 3570//7 3568//7 3612//7
f 3566//19 3564//19 3613//19
f 3614//19 3613//19 3564//19
f 3613//19 3614//19 3615//19
f 3616//19 3615//19 3614//19
f 3615//19 3616//19 3617//19
f 3618//19 3617//19 3616//19
f 3617//19 3618//19 3619//19
f 3620//19 3619//19 3618//19
f 3619//19 3620//19 3621//19
f 3622//19 3621//19 3620//19
f 3621//19 3622//19 3006//19
f 3005//19 3006//19 3622//19
s 1
f 3563//142 3565//142 3623//143
f 3563//142 3623//143 3624//143
f 3625//144 3624//143 3623//143
f 3624//143 3625//144 3626//144
f 3627//145 3626//144 3625//144
f 3626//144 3627//145 3628//145
f 3629//146 3628//145 3627//145
f 3628//145 3629//146 3630//146
f 3631//147 3630//146 3629//146
f 3630//146 3631//147 3632//147
f 3633//148 3632//147 3631//147
f 3632//147 3633//148 3634//148
f 3635//1 3634//148 3633//148
f 3634//148 3635//1 3636//1
f 3636//1 3635//1 3637//354
f 3636//1 3637//354 3638//354
f 3639//355 3638//354 3637//354
f 3638//354 3639//355 3640//355
f 3641//356 3640//355 3639//355
f 3640//355 3641//356 3642//356
f 3643//357 3642//356 3641//356
f 3642//356 3643//357 3644//357
f 3645//358 3644//357 3643//357
f 3644//357 3645//358 3646//358
f 3647//359 3646//358 3645//358
f 3646//358 3647//359 3648//359
f 3567//313 3648//359 3647//359
f 3648//359 3567//313 3569//313
f 3649//1 3650//1 3651//148
f 3649//1 3651//148 3652//148
f 3653//147 3652//148 3651//148
f 3652//148 3653//147 3654//147
f 3655//146 3654//147 3653//147
f 3654//147 3655//146 3656//146
f 3657//145 3656//146 3655//146
f 3656//146 3657//145 3658//145
f 3659//144 3658//145 3657//145
f 3658//145 3659//144 3660//144
f 3661//143 3660//144 3659//144
f 3660//144 3661//143 3662//143
f 3101//142 3662//143 3661//143
f 3662//143 3101//142 3103//142
f 3105//313 3107//313 3663//359
f 3105//313 3663//359 3664//359
f 3665//358 3664//359 3663//359
f 3664//359 3665//358 3666//358
f 3667//357 3666//358 3665//358
f 3666//358 3667//357 3668//357
f 3669//356 3668//357 3667//357
f 3668//357 3669//356 3670//356
f 3671//355 3670//356 3669//356
f 3670//356 3671//355 3672//355
f 3673//354 3672//355 3671//355
f 3672//355 3673//354 3674//354
f 3650//1 3674//354 3673//354
f 3674//354 3650//1 3649//1
f 2985//31 2986//31 3675//105
f 2985//31 3675//105 3676//105
f 3677//360 3676//105 3675//105
f 3676//105 3677//360 3678//360
f 3679//361 3678//360 3677//360
f 3678//360 3679//361 3680//361
f 3681//167 3680//361 3679//361
f 3680//361 3681//167 3682//167
f 3683//348 3682//167 3681//167
f 3682//167 3683//348 3684//166
f 3579//353 3684//166 3683//348
f 3684//166 3579//353 3581//353
f 2945//321 2947//321 3685//237
f 2945//321 3685//237 3686//362
f 3687//363 3686//362 3685//237
f 3686//362 3687//363 3688//363
f 3689//274 3688//363 3687//363
f 3688//363 3689//274 3690//274
f 3691//364 3690//274 3689//274
f 3690//274 3691//364 3692//364
f 3693//349 3692//364 3691//364
f 3692//364 3693//349 3694//276
f 3109//337 3694//276 3693//349
f 3694//276 3109//337 3111//337
f 2885//319 2884//319 3695//202
f 2885//319 3695//202 3696//202
f 3697//203 3696//202 3695//202
f 3696//202 3697//203 3698//203
f 3699//204 3698//203 3697//203
f 3698//203 3699//204 3700//204
f 3701//205 3700//204 3699//204
f 3700//204 3701//205 3702//205
f 3703//220 3702//205 3701//205
f 3702//205 3703//220 3704//220
f 2734//314 3704//220 3703//220
f 3704//220 2734//314 2738//314
f 2688//312 2718//312 3705//216
f 3706//216 3705//216 2718//312
f 3705//216 3706//216 3707//215
f 3708//215 3707//215 3706//216
f 3707//215 3708//215 3709//223
f 3710//223 3709//223 3708//215
f 3709//223 3710//223 3711//213
f 3712//213 3711//213 3710//223
f 3711//213 3712//213 3713//222
f 3714//222 3713//222 3712//213
f 3713//222 3714//222 2788//316
f 2789//316 2788//316 3714//222
s 0
f 2990//7 2988//7 3715//7
f 3716//7 3715//7 2988//7
f 3715//7 3716//7 3717//7
f 3718//7 3717//7 3716//7
f 3717//7 3718//7 3719//7
f 3720//7 3719//7 3718//7
f 3719//7 3720//7 3721//7
f 3722//7 3721//7 3720//7
f 3721//7 3722//7 3723//7
f 3724//7 3723//7 3722//7
f 3723//7 3724//7 2725//7
f 2727//7 2725//7 3724//7
f 2731//19 2729//19 3725//19
f 3726//19 3725//19 2729//19
f 3725//19 3726//19 3727//19
f 3728//19 3727//19 3726//19
f 3727//19 3728//19 3729//19
f 3730//19 3729//19 3728//19
f 3729//19 3730//19 3731//19
f 3732//19 3731//19 3730//19
f 3731//19 3732//19 3733//19
f 3734//19 3733//19 3732//19
f 3733//19 3734//19 2994//19
f 2993//19 2994//19 3734//19
s 1
f 3735//13 3736//13 3737//85
f 3738//85 3737//85 3736//13
f 3737//85 3738//85 3739//11
f 3740//11 3739//11 3738//85
f 3739//11 3740//11 3741//10
f 3742//10 3741//10 3740//11
f 3741//10 3742//10 3743//365
f 3744//365 3743//365 3742//10
f 3743//365 3744//365 3745//72
f 3746//72 3745//72 3744//365
f 3745//72 3746//72 3747//7
f 3748//7 3747//7 3746//72
f 3747//7 3748//7 3749//71
f 3750//71 3749//71 3748//7
f 3749//71 3750//71 3751//366
f 3752//366 3751//366 3750//71
f 3751//366 3752//366 3753//69
f 3754//69 3753//69 3752//366
f 3753//69 3754//69 3755//310
f 3756//310 3755//310 3754//69
f 3755//310 3756//310 3757//81
f 3758//81 3757//81 3756//310
f 3757//81 3758//81 3759//1
f 3760//1 3759//1 3758//81
f 3759//1 3760//1 3761//24
f 3762//24 3761//24 3760//1
f 3761//24 3762//24 3763//89
f 3764//89 3763//89 3762//24
f 3763//89 3764//89 3765//367
f 3766//367 3765//367 3764//89
f 3765//367 3766//367 3767//79
f 3768//79 3767//79 3766//367
f 3767//79 3768//79 3769//368
f 3770//368 3769//368 3768//79
f 3769//368 3770//368 3771//19
f 3772//19 3771//19 3770//368
f 3771//19 3772//19 3773//369
f 3774//369 3773//369 3772//19
f 3773//369 3774//369 3775//17
f 3776//17 3775//17 3774//369
f 3775//17 3776//17 3777//92
f 3778//92 3777//92 3776//17
f 3777//92 3778//92 3779//15
f 3780//15 3779//15 3778//92
f 3779//15 3780//15 3781//86
f 3782//86 3781//86 3780//15
f 3781//86 3782//86 3735//13
f 3736//13 3735//13 3782//86
s 0
f 3783//25 3784//25 3785//25
f 3786//25 3785//25 3784//25
f 3785//25 3786//25 3787//25
f 3788//25 3787//25 3786//25
f 3787//25 3788//25 3789//25
f 3790//25 3789//25 3788//25
f 3789//25 3790//25 3791//25
f 3792//25 3791//25 3790//25
f 3791//25 3792//25 3793//25
f 3794//25 3793//25 3792//25
f 3793//25 3794//25 3795//25
f 3796//25 3795//25 3794//25
f 3795//25 3796//25 3797//25
f 3798//25 3797//25 3796//25
f 3797//25 3798//25 3799//25
f 3800//25 3799//25 3798//25
f 3799//25 3800//25 3801//25
f 3802//25 3801//25 3800//25
f 3801//25 3802//25 3803//25
f 3804//25 3803//25 3802//25
f 3803//25 3804//25 3805//25
f 3806//25 3805//25 3804//25
f 3805//25 3806//25 3807//25
f 3808//25 3807//25 3806//25
f 3807//25 3808//25 3809//25
f 3810//25 3809//25 3808//25
f 3809//25 3810//25 3811//25
f 3812//25 3811//25 3810//25
f 3811//25 3812//25 3813//25
f 3814//25 3813//25 3812//25
f 3813//25 3814//25 3815//25
f 3816//25 3815//25 3814//25
f 3815//25 3816//25 3817//25
f 3818//25 3817//25 3816//25
f 3817//25 3818//25 3819//25
f 3820//25 3819//25 3818//25
f 3819//25 3820//25 3821//25
f 3822//25 3821//25 3820//25
f 3821//25 3822//25 3823//25
f 3824//25 3823//25 3822//25
f 3823//25 3824//25 3825//25
f 3826//25 3825//25 3824//25
f 3825//25 3826//25 3827//25
f 3828//25 3827//25 3826//25
f 3827//25 3828//25 3829//25
f 3830//25 3829//25 3828//25
f 3829//25 3830//25 3783//25
f 3784//25 3783//25 3830//25
s 1
f 3831//13 3832//14 3833//14
f 3834//15 3833//14 3832//14
f 3833//14 3834//15 3835//15
f 3836//75 3835//15 3834//15
f 3835//15 3836//75 3837//75
f 3838//76 3837//75 3836//75
f 3837//75 3838//76 3839//76
f 3840//18 3839//76 3838//76
f 3839//76 3840//18 3841//18
f 3842//19 3841//18 3840//18
f 3841//18 3842//19 3843//19
f 3844//20 3843//19 3842//19
f 3843//19 3844//20 3845//20
f 3846//352 3845//20 3844//20
f 3845//20 3846//352 3847//352
f 3848//22 3847//352 3846//352
f 3847//352 3848//22 3849//22
f 3850//89 3849//22 3848//22
f 3849//22 3850//89 3851//89
f 3852//90 3851//89 3850//89
f 3851//89 3852//90 3853//90
f 3854//1 3853//90 3852//90
f 3853//90 3854//1 3855//1
f 3856//81 3855//1 3854//1
f 3855//1 3856//81 3857//81
f 3858//82 3857//81 3856//81
f 3857//81 3858//82 3859//82
f 3860//69 3859//82 3858//82
f 3859//82 3860//69 3861//69
f 3862//5 3861//69 3860//69
f 3861//69 3862//5 3863//5
f 3864//6 3863//5 3862//5
f 3863//5 3864//6 3865//6
f 3866//7 3865//6 3864//6
f 3865//6 3866//7 3867//7
f 3868//8 3867//7 3866//7
f 3867//7 3868//8 3869//8
f 3870//9 3869//8 3868//8
f 3869//8 3870//9 3871//9
f 3872//10 3871//9 3870//9
f 3871//9 3872//10 3873//10
f 3874//11 3873//10 3872//10
f 3873//10 3874//11 3875//11
f 3876//12 3875//11 3874//11
f 3875//11 3876//12 3877//12
f 3878//13 3877//12 3876//12
f 3877//12 3878//13 3831//13
f 3832//14 3831//13 3878//13
f 3879//1 3880//1 3881//354
f 3879//1 3881//354 3882//354
f 3883//355 3882//354 3881//354
f 3882//354 3883//355 3884//355
f 3885//356 3884//355 3883//355
f 3884//355 3885//356 3886//356
f 3887//357 3886//356 3885//356
f 3886//356 3887//357 3888//357
f 3889//358 3888//357 3887//357
f 3888//357 3889//358 3890//358
f 3891//359 3890//358 3889//358
f 3890//358 3891//359 3892//359
f 2724//313 3892//359 3891//359
f 3892//359 2724//313 2726//313
f 2728//142 2730//142 3893//143
f 2728//142 3893//143 3894//143
f 3895//144 3894//143 3893//143
f 3894//143 3895//144 3896//144
f 3897//145 3896//144 3895//144
f 3896//144 3897//145 3898//145
f 3899//146 3898//145 3897//145
f 3898//145 3899//146 3900//146
f 3901//147 3900//146 3899//146
f 3900//146 3901//147 3902//147
f 3903//148 3902//147 3901//147
f 3902//147 3903//148 3904//148
f 3880//1 3904//148 3903//148
f 3904//148 3880//1 3879//1
f 2967//231 2969//231 3905//370
f 2967//231 3905//370 3906//370
f 3907//229 3906//370 3905//370
f 3906//370 3907//229 3908//229
f 3909//371 3908//229 3907//229
f 3908//229 3909//371 3910//372
f 3911//373 3910//372 3909//371
f 3910//372 3911//373 3912//227
f 3913//374 3912//227 3911//373
f 3912//227 3913//374 3914//374
f 2999//329 3914//374 3913//374
f 3914//374 2999//329 3001//330
f 2987//164 2989//164 3915//163
f 2987//164 3915//163 3916//163
f 3917//162 3916//163 3915//163
f 3916//163 3917//162 3918//162
f 3919//161 3918//162 3917//162
f 3918//162 3919//161 3920//161
f 3921//103 3920//161 3919//161
f 3920//161 3921//103 3922//103
f 3923//104 3922//103 3921//103
f 3922//103 3923//104 3924//104
f 2963//26 3924//104 3923//104
f 3924//104 2963//26 2965//26
f 3925//375 3926//375 3927//376
f 3928//376 3927//376 3926//375
f 3927//376 3928//376 3929//377
f 3930//377 3929//377 3928//376
f 3929//377 3930//377 3931//378
f 3932//378 3931//378 3930//377
f 3931//378 3932//378 3013//331
f 3011//331 3013//331 3932//378
f 3933//277 3926//375 3934//277
f 3925//375 3934//277 3926//375
f 3015//379 3017//379 3935//275
f 3936//275 3935//275 3017//379
f 3935//275 3936//275 3937//349
f 3938//349 3937//349 3936//275
f 3937//349 3938//349 3934//277
f 3933//277 3934//277 3938//349
f 3939//380 3940//380 3941//381
f 3942//381 3941//381 3940//380
f 3941//381 3942//381 3943//382
f 3944//382 3943//382 3942//381
f 3943//382 3944//382 3945//383
f 3946//383 3945//383 3944//382
f 3945//383 3946//383 3947//384
f 3948//384 3947//384 3946//383
f 3947//384 3948//384 3949//385
f 3950//385 3949//385 3948//384
f 3949//385 3950//385 3951//386
f 3952//386 3951//386 3950//385
f 3951//386 3952//386 3953//387
f 3954//387 3953//387 3952//386
f 3953//387 3954//387 3955//388
f 3956//388 3955//388 3954//387
f 3955//388 3956//388 3957//389
f 3958//389 3957//389 3956//388
f 3957//389 3958//389 3959//390
f 3960//390 3959//390 3958//389
f 3959//390 3960//390 3961//391
f 3962//391 3961//391 3960//390
f 3961//391 3962//391 3963//392
f 3964//392 3963//392 3962//391
f 3963//392 3964//392 3965//393
f 3966//393 3965//393 3964//392
f 3965//393 3966//393 3967//394
f 3968//394 3967//394 3966//393
f 3967//394 3968//394 3969//395
f 3970//395 3969//395 3968//394
f 3969//395 3970//395 3971//396
f 3972//396 3971//396 3970//395
f 3971//396 3972//396 3973//1
f 3974//1 3973//1 3972//396
f 3973//1 3974//1 3975//397
f 3976//397 3975//397 3974//1
f 3975//397 3976//397 3977//398
f 3978//398 3977//398 3976//397
f 3977//398 3978//398 3979//399
f 3980//399 3979//399 3978//398
f 3979//399 3980//399 3981//400
f 3982//400 3981//400 3980//399
f 3981//400 3982//400 3983//401
f 3984//401 3983//401 3982//400
f 3983//401 3984//401 3985//402
f 3986//402 3985//402 3984//401
f 3985//402 3986//402 3987//403
f 3988//403 3987//403 3986//402
f 3987//403 3988//403 3989//404
f 3990//404 3989//404 3988//403
f 3989//404 3990//404 3991//405
f 3992//405 3991//405 3990//404
f 3991//405 3992//405 3993//406
f 3994//406 3993//406 3992//405
f 3993//406 3994//406 3995//407
f 3996//407 3995//407 3994//406
f 3995//407 3996//407 3997//408
f 3998//408 3997//408 3996//407
f 3997//408 3998//408 3999//409
f 4000//409 3999//409 3998//408
f 3999//409 4000//409 4001//410
f 4002//410 4001//410 4000//409
f 4001//410 4002//410 4003//411
f 4004//411 4003//411 4002//410
f 4003//411 4004//411 4005//412
f 4006//412 4005//412 4004//411
f 4005//412 4006//412 4007//413
f 4008//413 4007//413 4006//412
f 4009//414 4010//415 4011//414
f 4012//415 4011//414 4010//415
s 0
f 4013//25 4014//25 4015//25
f 4016//25 4017//25 4018//25
f 4019//25 4018//25 4017//25
f 4015//25 4014//25 4020//25
f 4021//25 4022//25 4023//25
f 4024//25 4025//25 4026//25
f 4027//25 4028//25 4029//25
f 4026//25 4025//25 4022//25
f 4030//25 4022//25 4025//25
f 4022//25 4030//25 4023//25
f 4027//25 4029//25 4031//25
f 4032//25 4033//25 4034//25
f 4023//25 4035//25 4021//25
f 4036//25 4021//25 4035//25
f 4021//25 4036//25 4027//25
f 4037//25 4027//25 4036//25
f 4027//25 4037//25 4028//25
f 4038//25 4039//25 4040//25
f 4040//25 4039//25 4041//25
f 4042//25 4041//25 4039//25
f 4041//25 4042//25 4033//25
f 4043//25 4033//25 4042//25
f 4033//25 4043//25 4034//25
f 4019//25 4044//25 4018//25
f 4045//25 4018//25 4044//25
f 4018//25 4045//25 4046//25
f 4047//25 4048//25 4049//25
f 4050//25 4051//25 4052//25
f 4053//25 4054//25 4055//25
f 4056//25 4055//25 4054//25
f 4057//25 4058//25 4059//25
f 4060//25 4061//25 4062//25
f 4052//25 4051//25 4063//25
f 4052//25 4064//25 4050//25
f 4065//25 4050//25 4064//25
f 4050//25 4065//25 4016//25
f 4066//25 4016//25 4065//25
f 4016//25 4066//25 4017//25
f 4067//25 4068//25 4069//25
f 4070//25 4071//25 4072//25
f 4072//25 4071//25 4073//25
f 4074//25 4073//25 4071//25
f 4073//25 4074//25 4075//25
f 4076//25 4077//25 4078//25
f 4079//25 4080//25 4081//25
f 4029//25 4082//25 4031//25
f 4083//25 4031//25 4082//25
f 4031//25 4083//25 4084//25
f 4053//25 4084//25 4083//25
f 4084//25 4053//25 4085//25
f 4055//25 4085//25 4053//25
f 4058//25 4086//25 4059//25
f 4087//25 4059//25 4086//25
f 4059//25 4087//25 4088//25
f 4089//25 4088//25 4087//25
f 4045//25 4090//25 4046//25
f 4091//25 4046//25 4090//25
f 4046//25 4091//25 4092//25
f 4093//25 4092//25 4091//25
f 4092//25 4093//25 4094//25
f 4047//25 4094//25 4093//25
f 4094//25 4047//25 4095//25
f 4049//25 4095//25 4047//25
f 4026//25 4096//25 4024//25
f 4049//25 4024//25 4096//25
f 4024//25 4049//25 4097//25
f 4048//25 4097//25 4049//25
f 4097//25 4048//25 4098//25
f 4099//25 4098//25 4048//25
f 4051//25 4100//25 4063//25
f 4062//25 4063//25 4100//25
f 4063//25 4062//25 4101//25
f 4061//25 4101//25 4062//25
f 4101//25 4061//25 4102//25
f 4070//25 4102//25 4061//25
f 4103//25 4104//25 4105//25
f 4106//25 4105//25 4104//25
f 4105//25 4106//25 4107//25
f 4078//25 4077//25 4108//25
f 4020//25 4014//25 4109//25
f 4110//25 4109//25 4014//25
f 4109//25 4110//25 4111//25
f 4069//25 4068//25 4080//25
f 4112//25 4080//25 4068//25
f 4080//25 4112//25 4081//25
f 4113//25 4055//25 4114//25
f 4056//25 4114//25 4055//25
f 4114//25 4056//25 4059//25
f 4038//25 4059//25 4056//25
f 4059//25 4038//25 4057//25
f 4040//25 4057//25 4038//25
f 4072//25 4115//25 4070//25
f 4116//25 4070//25 4115//25
f 4070//25 4116//25 4102//25
f 4117//25 4102//25 4116//25
f 4102//25 4117//25 4118//25
f 4119//25 4118//25 4117//25
f 4118//25 4119//25 4120//25
f 4121//25 4120//25 4119//25
f 4120//25 4121//25 4122//25
f 4123//25 4122//25 4121//25
f 4122//25 4123//25 4124//25
f 4074//25 4125//25 4075//25
f 4126//25 4075//25 4125//25
f 4075//25 4126//25 4127//25
f 4128//25 4127//25 4126//25
f 4127//25 4128//25 4129//25
f 4130//25 4129//25 4128//25
f 4129//25 4130//25 4131//25
f 4132//25 4131//25 4130//25
f 4131//25 4132//25 4133//25
f 4134//25 4133//25 4132//25
f 4015//25 4135//25 4013//25
f 4136//25 4013//25 4135//25
f 4013//25 4136//25 4137//25
f 4138//25 4137//25 4136//25
f 4137//25 4138//25 4139//25
f 4060//25 4139//25 4138//25
f 4139//25 4060//25 4140//25
f 4062//25 4140//25 4060//25
f 4132//25 4104//25 4134//25
f 4103//25 4134//25 4104//25
f 4134//25 4103//25 4141//25
f 4142//25 4141//25 4103//25
f 4141//25 4142//25 4143//25
f 4144//25 4143//25 4142//25
f 4142//25 4145//25 4144//25
f 4146//25 4144//25 4145//25
f 4144//25 4146//25 4147//25
f 4078//25 4148//25 4076//25
f 4149//25 4076//25 4148//25
f 4076//25 4149//25 4110//25
f 4150//25 4110//25 4149//25
f 4110//25 4150//25 4111//25
f 4146//25 4151//25 4147//25
f 4152//25 4147//25 4151//25
f 4147//25 4152//25 4153//25
f 4154//25 4153//25 4152//25
f 4153//25 4154//25 4155//25
f 4156//25 4155//25 4154//25
f 4155//25 4156//25 4157//25
f 4158//25 4157//25 4156//25
f 4081//25 4159//25 4079//25
f 4160//25 4079//25 4159//25
f 4079//25 4160//25 4161//25
f 4162//25 4161//25 4160//25
f 4161//25 4162//25 4163//25
f 4107//25 4163//25 4162//25
f 4163//25 4107//25 4164//25
f 4106//25 4164//25 4107//25
f 4164//25 4106//25 4165//25
f 4108//25 4165//25 4106//25
f 4165//25 4108//25 4166//25
f 4077//25 4166//25 4108//25
f 4167//25 4168//25 4169//25
f 4170//25 4169//25 4168//25
f 4169//25 4170//25 4069//25
f 4171//25 4069//25 4170//25
f 4069//25 4171//25 4067//25
f 4172//25 4173//25 4114//25
f 4174//25 4114//25 4173//25
f 4114//25 4174//25 4113//25
f 4172//25 4175//25 4173//25
f 4176//25 4173//25 4175//25
f 4173//25 4176//25 4177//25
f 4124//25 4123//25 4178//25
f 4179//25 4178//25 4123//25
f 4178//25 4179//25 4180//25
f 4181//25 4180//25 4179//25
f 4180//25 4181//25 4182//25
f 4183//25 4182//25 4181//25
f 4182//25 4183//25 4099//25
f 4184//25 4185//25 4186//25
f 4186//25 4187//25 4184//25
f 4188//25 4184//25 4187//25
f 4184//25 4188//25 4189//25
f 4189//25 4157//25 4184//25
f 4158//25 4184//25 4157//25
f 4184//25 4158//25 4190//25
f 4191//25 4190//25 4158//25
f 4190//25 4191//25 4192//25
f 4183//25 4193//25 4099//25
f 4194//25 4099//25 4193//25
f 4099//25 4194//25 4098//25
f 4195//25 4098//25 4194//25
f 4098//25 4195//25 4196//25
f 4197//25 4196//25 4195//25
f 4196//25 4197//25 4198//25
f 4032//25 4198//25 4197//25
f 4198//25 4032//25 4199//25
f 4034//25 4199//25 4032//25
f 4200//25 4190//25 4201//25
f 4192//25 4201//25 4190//25
f 4201//25 4192//25 4202//25
f 4167//25 4202//25 4192//25
f 4202//25 4167//25 4203//25
f 4169//25 4203//25 4167//25
f 4204//25 4205//25 4206//25
f 4207//25 4206//25 4205//25
f 4200//25 4208//25 4190//25
f 4205//25 4190//25 4208//25
f 4190//25 4205//25 4209//25
f 4204//25 4209//25 4205//25
f 4210//30 4211//30 4212//30
f 4213//30 4214//30 4215//30
f 4212//30 4211//30 4216//30
f 4213//30 4215//30 4217//30
f 4215//30 4218//30 4217//30
f 4219//30 4217//30 4218//30
f 4217//30 4219//30 4220//30
f 4221//30 4222//30 4223//30
f 4224//30 4223//30 4222//30
f 4223//30 4224//30 4225//30
f 4226//30 4225//30 4224//30
f 4227//30 4228//30 4229//30
f 4230//30 4231//30 4232//30
f 4233//30 4234//30 4235//30
f 4236//30 4237//30 4238//30
f 4239//30 4240//30 4241//30
f 4221//30 4242//30 4222//30
f 4243//30 4222//30 4242//30
f 4222//30 4243//30 4228//30
f 4244//30 4228//30 4243//30
f 4228//30 4244//30 4229//30
f 4229//30 4245//30 4227//30
f 4246//30 4227//30 4245//30
f 4227//30 4246//30 4237//30
f 4247//30 4248//30 4249//30
f 4250//30 4249//30 4248//30
f 4251//30 4252//30 4253//30
f 4253//30 4252//30 4254//30
f 4255//30 4256//30 4257//30
f 4258//30 4257//30 4256//30
f 4257//30 4258//30 4259//30
f 4260//30 4259//30 4258//30
f 4259//30 4260//30 4261//30
f 4262//30 4261//30 4260//30
f 4211//30 4263//30 4216//30
f 4264//30 4216//30 4263//30
f 4216//30 4264//30 4265//30
f 4266//30 4265//30 4264//30
f 4235//30 4234//30 4267//30
f 4253//30 4268//30 4251//30
f 4269//30 4251//30 4268//30
f 4251//30 4269//30 4238//30
f 4270//30 4238//30 4269//30
f 4238//30 4270//30 4236//30
f 4252//30 4271//30 4254//30
f 4272//30 4254//30 4271//30
f 4254//30 4272//30 4213//30
f 4273//30 4213//30 4272//30
f 4213//30 4273//30 4214//30
f 4274//30 4275//30 4276//30
f 4277//30 4261//30 4278//30
f 4262//30 4278//30 4261//30
f 4278//30 4262//30 4279//30
f 4280//30 4279//30 4262//30
f 4279//30 4280//30 4281//30
f 4282//30 4279//30 4283//30
f 4281//30 4283//30 4279//30
f 4283//30 4281//30 4284//30
f 4226//30 4284//30 4281//30
f 4284//30 4226//30 4285//30
f 4224//30 4285//30 4226//30
f 4247//30 4286//30 4248//30
f 4287//30 4248//30 4286//30
f 4248//30 4287//30 4288//30
f 4289//30 4288//30 4287//30
f 4288//30 4289//30 4290//30
f 4291//30 4290//30 4289//30
f 4290//30 4291//30 4292//30
f 4293//30 4294//30 4295//30
f 4266//30 4296//30 4265//30
f 4297//30 4265//30 4296//30
f 4265//30 4297//30 4298//30
f 4299//30 4300//30 4235//30
f 4301//30 4235//30 4300//30
f 4235//30 4301//30 4233//30
f 4302//30 4303//30 4304//30
f 4238//30 4304//30 4303//30
f 4304//30 4238//30 4305//30
f 4237//30 4305//30 4238//30
f 4305//30 4237//30 4306//30
f 4246//30 4306//30 4237//30
f 4307//30 4308//30 4309//30
f 4310//30 4309//30 4308//30
f 4309//30 4310//30 4255//30
f 4311//30 4255//30 4310//30
f 4255//30 4311//30 4256//30
f 4274//30 4276//30 4278//30
f 4312//30 4278//30 4276//30
f 4278//30 4312//30 4277//30
f 4313//30 4314//30 4315//30
f 4316//30 4315//30 4314//30
f 4315//30 4316//30 4317//30
f 4210//30 4212//30 4318//30
f 4319//30 4318//30 4212//30
f 4318//30 4319//30 4320//30
f 4232//30 4293//30 4230//30
f 4295//30 4230//30 4293//30
f 4230//30 4295//30 4321//30
f 4322//30 4321//30 4295//30
f 4241//30 4240//30 4323//30
f 4324//30 4323//30 4240//30
f 4323//30 4324//30 4231//30
f 4325//30 4231//30 4324//30
f 4231//30 4325//30 4232//30
f 4326//30 4232//30 4325//30
f 4232//30 4326//30 4327//30
f 4327//30 4328//30 4232//30
f 4329//30 4232//30 4328//30
f 4232//30 4329//30 4330//30
f 4234//30 4331//30 4267//30
f 4332//30 4267//30 4331//30
f 4267//30 4332//30 4333//30
f 4322//30 4333//30 4332//30
f 4333//30 4322//30 4334//30
f 4295//30 4334//30 4322//30
f 4250//30 4303//30 4249//30
f 4302//30 4249//30 4303//30
f 4249//30 4302//30 4335//30
f 4307//30 4335//30 4302//30
f 4335//30 4307//30 4336//30
f 4309//30 4336//30 4307//30
f 4337//30 4338//30 4339//30
f 4340//30 4339//30 4338//30
f 4282//30 4341//30 4279//30
f 4338//30 4279//30 4341//30
f 4279//30 4338//30 4342//30
f 4337//30 4342//30 4338//30
f 4219//30 4343//30 4220//30
f 4344//30 4220//30 4343//30
f 4220//30 4344//30 4345//30
f 4346//30 4345//30 4344//30
f 4345//30 4346//30 4347//30
f 4317//30 4347//30 4346//30
f 4347//30 4317//30 4348//30
f 4316//30 4348//30 4317//30
f 4348//30 4316//30 4349//30
f 4320//30 4349//30 4316//30
f 4349//30 4320//30 4350//30
f 4319//30 4350//30 4320//30
f 4351//30 4352//30 4353//30
f 4292//30 4291//30 4354//30
f 4355//30 4354//30 4291//30
f 4354//30 4355//30 4356//30
f 4357//30 4356//30 4355//30
f 4356//30 4357//30 4313//30
f 4358//30 4359//30 4293//30
f 4360//30 4293//30 4359//30
f 4293//30 4360//30 4294//30
f 4358//30 4361//30 4359//30
f 4362//30 4359//30 4361//30
f 4359//416 4362//416 4363//416
f 4297//30 4364//30 4298//30
f 4365//30 4298//30 4364//30
f 4298//30 4365//30 4366//30
f 4367//30 4366//30 4365//30
f 4366//30 4367//30 4368//30
f 4369//30 4368//30 4367//30
f 4241//30 4370//30 4239//30
f 4371//30 4239//30 4370//30
f 4239//30 4371//30 4372//30
f 4373//30 4374//30 4375//30
f 4376//30 4375//30 4374//30
f 4375//30 4376//30 4377//30
f 4377//30 4378//30 4375//30
f 4379//30 4375//30 4378//30
f 4375//30 4379//30 4369//30
f 4380//30 4369//30 4379//30
f 4369//30 4380//30 4368//30
f 4353//30 4352//30 4381//30
f 4382//30 4381//30 4352//30
f 4381//30 4382//30 4383//30
f 4384//30 4383//30 4382//30
f 4383//30 4384//30 4373//30
f 4385//30 4386//30 4299//30
f 4387//30 4299//30 4386//30
f 4299//30 4387//30 4300//30
f 4357//30 4388//30 4313//30
f 4389//30 4313//30 4388//30
f 4313//30 4389//30 4314//30
f 4390//30 4314//30 4389//30
f 4314//30 4390//30 4391//30
f 4392//30 4391//30 4390//30
f 4391//30 4392//30 4393//30
f 4394//30 4393//30 4392//30
f 4393//30 4394//30 4395//30
f 4351//30 4395//30 4394//30
f 4395//30 4351//30 4396//30
f 4353//30 4396//30 4351//30
f 4384//30 4397//30 4373//30
f 4398//30 4373//30 4397//30
f 4373//30 4398//30 4374//30
f 4399//30 4374//30 4398//30
f 4374//30 4399//30 4400//30
f 4401//30 4400//30 4399//30
f 4400//30 4401//30 4402//30
f 4372//30 4402//30 4401//30
f 4402//30 4372//30 4403//30
f 4371//30 4403//30 4372//30
f 4376//30 4404//30 4377//30
f 4405//30 4377//30 4404//30
f 4377//30 4405//30 4385//30
f 4406//30 4385//30 4405//30
f 4385//30 4406//30 4386//30
s 1
f 4407//1 4408//1 4409//90
f 4410//90 4409//90 4408//1
f 4409//90 4410//90 4411//89
f 4412//89 4411//89 4410//90
f 4411//89 4412//89 4413//22
f 4414//22 4413//22 4412//89
f 4413//22 4414//22 4415//79
f 4416//79 4415//79 4414//22
f 4415//79 4416//79 4417//20
f 4418//20 4417//20 4416//79
f 4417//20 4418//20 4419//19
f 4420//19 4419//19 4418//20
f 4419//19 4420//19 4421//18
f 4422//18 4421//18 4420//19
f 4421//18 4422//18 4423//76
f 4424//76 4423//76 4422//18
f 4423//76 4424//76 4425//75
f 4426//75 4425//75 4424//76
f 4425//75 4426//75 4427//15
f 4428//15 4427//15 4426//75
f 4427//15 4428//15 4429//14
f 4430//14 4429//14 4428//15
f 4429//14 4430//14 4431//13
f 4432//13 4431//13 4430//14
f 4431//13 4432//13 4433//12
f 4434//12 4433//12 4432//13
f 4433//12 4434//12 4435//11
f 4436//11 4435//11 4434//12
f 4435//11 4436//11 4437//10
f 4438//10 4437//10 4436//11
f 4437//10 4438//10 4439//9
f 4440//9 4439//9 4438//10
f 4439//9 4440//9 4441//72
f 4442//72 4441//72 4440//9
f 4441//72 4442//72 4443//7
f 4444//7 4443//7 4442//72
f 4443//7 4444//7 4445//71
f 4446//71 4445//71 4444//7
f 4445//71 4446//71 4447//5
f 4448//5 4447//5 4446//71
f 4447//5 4448//5 4449//69
f 4450//69 4449//69 4448//5
f 4449//69 4450//69 4451//82
f 4452//82 4451//82 4450//69
f 4451//82 4452//82 4453//81
f 4454//81 4453//81 4452//82
f 4453//81 4454//81 4407//1
f 4408//1 4407//1 4454//81
f 4455//417 4456//418 4457//417
f 4458//418 4457//417 4456//418
f 4459//1 4460//1 4461//90
f 4462//90 4461//90 4460//1
f 4461//90 4462//90 4463//89
f 4464//89 4463//89 4462//90
f 4463//89 4464//89 4465//88
f 4466//88 4465//88 4464//89
f 4465//88 4466//88 4467//79
f 4468//79 4467//79 4466//88
f 4467//79 4468//79 4469//20
f 4470//20 4469//20 4468//79
f 4469//20 4470//20 4471//19
f 4472//19 4471//19 4470//20
f 4471//19 4472//19 4473//18
f 4474//18 4473//18 4472//19
f 4473//18 4474//18 4475//419
f 4476//419 4475//419 4474//18
f 4475//419 4476//419 4477//75
f 4478//75 4477//75 4476//419
f 4477//75 4478//75 4479//15
f 4480//15 4479//15 4478//75
f 4479//15 4480//15 4481//86
f 4482//86 4481//86 4480//15
f 4481//86 4482//86 4483//13
f 4484//13 4483//13 4482//86
f 4483//13 4484//13 4485//85
f 4486//85 4485//85 4484//13
f 4485//85 4486//85 4487//11
f 4488//11 4487//11 4486//85
f 4487//11 4488//11 4489//10
f 4490//10 4489//10 4488//11
f 4489//10 4490//10 4491//365
f 4492//365 4491//365 4490//10
f 4491//365 4492//365 4493//72
f 4494//72 4493//72 4492//365
f 4493//72 4494//72 4495//7
f 4496//7 4495//7 4494//72
f 4495//7 4496//7 4497//71
f 4498//71 4497//71 4496//7
f 4497//71 4498//71 4499//5
f 4500//5 4499//5 4498//71
f 4499//5 4500//5 4501//91
f 4502//91 4501//91 4500//5
f 4501//91 4502//91 4503//82
f 4504//82 4503//82 4502//91
f 4503//82 4504//82 4505//81
f 4506//81 4505//81 4504//82
f 4505//81 4506//81 4459//1
f 4460//1 4459//1 4506//81
f 4507//1 4508//1 4509//90
f 4510//90 4509//90 4508//1
f 4509//90 4510//90 4511//89
f 4512//89 4511//89 4510//90
f 4511//89 4512//89 4513//88
f 4514//88 4513//88 4512//89
f 4513//88 4514//88 4515//79
f 4516//79 4515//79 4514//88
f 4515//79 4516//79 4517//20
f 4518//20 4517//20 4516//79
f 4517//20 4518//20 4519//19
f 4520//19 4519//19 4518//20
f 4519//19 4520//19 4521//18
f 4522//18 4521//18 4520//19
f 4521//18 4522//18 4523//419
f 4524//419 4523//419 4522//18
f 4523//419 4524//419 4525//75
f 4526//75 4525//75 4524//419
f 4525//75 4526//75 4527//15
f 4528//15 4527//15 4526//75
f 4527//15 4528//15 4529//86
f 4530//86 4529//86 4528//15
f 4529//86 4530//86 4531//13
f 4532//13 4531//13 4530//86
f 4531//13 4532//13 4533//85
f 4534//85 4533//85 4532//13
f 4533//85 4534//85 4535//11
f 4536//11 4535//11 4534//85
f 4535//11 4536//11 4537//10
f 4538//10 4537//10 4536//11
f 4537//10 4538//10 4539//365
f 4540//365 4539//365 4538//10
f 4539//365 4540//365 4541//72
f 4542//72 4541//72 4540//365
f 4541//72 4542//72 4543//7
f 4544//7 4543//7 4542//72
f 4543//7 4544//7 4545//71
f 4546//71 4545//71 4544//7
f 4545//71 4546//71 4547//5
f 4548//5 4547//5 4546//71
f 4547//5 4548//5 4549//91
f 4550//91 4549//91 4548//5
f 4549//91 4550//91 4551//82
f 4552//82 4551//82 4550//91
f 4551//82 4552//82 4553//81
f 4554//81 4553//81 4552//82
f 4553//81 4554//81 4507//1
f 4508//1 4507//1 4554//81
f 4555//1 4556//1 4557//90
f 4558//90 4557//90 4556//1
f 4557//90 4558//90 4559//89
f 4560//89 4559//89 4558//90
f 4559//89 4560//89 4561//22
f 4562//22 4561//22 4560//89
f 4561//22 4562//22 4563//79
f 4564//79 4563//79 4562//22
f 4563//79 4564//79 4565//20
f 4566//20 4565//20 4564//79
f 4565//20 4566//20 4567//19
f 4568//19 4567//19 4566//20
f 4567//19 4568//19 4569//18
f 4570//18 4569//18 4568//19
f 4569//18 4570//18 4571//76
f 4572//76 4571//76 4570//18
f 4571//76 4572//76 4573//75
f 4574//75 4573//75 4572//76
f 4573//75 4574//75 4575//15
f 4576//15 4575//15 4574//75
f 4575//15 4576//15 4577//14
f 4578//14 4577//14 4576//15
f 4577//14 4578//14 4579//13
f 4580//13 4579//13 4578//14
f 4579//13 4580//13 4581//12
f 4582//12 4581//12 4580//13
f 4581//12 4582//12 4583//11
f 4584//11 4583//11 4582//12
f 4583//11 4584//11 4585//10
f 4586//10 4585//10 4584//11
f 4585//10 4586//10 4587//9
f 4588//9 4587//9 4586//10
f 4587//9 4588//9 4589//72
f 4590//72 4589//72 4588//9
f 4589//72 4590//72 4591//7
f 4592//7 4591//7 4590//72
f 4591//7 4592//7 4593//71
f 4594//71 4593//71 4592//7
f 4593//71 4594//71 4595//5
f 4596//5 4595//5 4594//71
f 4595//5 4596//5 4597//69
f 4598//69 4597//69 4596//5
f 4597//69 4598//69 4599//82
f 4600//82 4599//82 4598//69
f 4599//82 4600//82 4601//81
f 4602//81 4601//81 4600//82
f 4601//81 4602//81 4555//1
f 4556//1 4555//1 4602//81
f 4603//420 4604//420 4605//421
f 4603//420 4605//421 4606//421
f 4607//422 4606//421 4605//421
f 4606//421 4607//422 4608//422
f 4609//423 4608//422 4607//422
f 4608//422 4609//423 4610//423
f 4611//424 4610//423 4609//423
f 4610//423 4611//424 4612//424
f 4613//425 4612//424 4611//424
f 4612//424 4613//425 4614//425
f 4615//426 4614//425 4613//425
f 4614//425 4615//426 4616//426
f 4617//427 4616//426 4615//426
f 4616//426 4617//427 4618//427
f 4619//428 4618//427 4617//427
f 4618//427 4619//428 4620//428
f 4621//429 4620//428 4619//428
f 4620//428 4621//429 4622//429
f 4623//430 4622//429 4621//429
f 4622//429 4623//430 4624//430
f 4625//431 4624//430 4623//430
f 4624//430 4625//431 4626//431
f 4627//432 4626//431 4625//431
f 4626//431 4627//432 4628//432
f 4629//433 4628//432 4627//432
f 4628//432 4629//433 4630//433
f 4631//434 4630//433 4629//433
f 4630//433 4631//434 4632//434
f 4633//435 4632//434 4631//434
f 4632//434 4633//435 4634//435
f 4635//436 4634//435 4633//435
f 4634//435 4635//436 4636//436
f 4637//437 4636//436 4635//436
f 4636//436 4637//437 4638//437
f 4639//438 4638//437 4637//437
f 4638//437 4639//438 4640//438
f 4641//439 4640//438 4639//438
f 4640//438 4641//439 4642//439
f 4643//440 4642//439 4641//439
f 4642//439 4643//440 4644//440
f 4645//441 4644//440 4643//440
f 4644//440 4645//441 4646//441
f 4647//442 4646//441 4645//441
f 4646//441 4647//442 4648//442
f 4649//443 4648//442 4647//442
f 4648//442 4649//443 4650//443
f 4651//444 4650//443 4649//443
f 4650//443 4651//444 4652//444
f 4653//445 4652//444 4651//444
f 4652//444 4653//445 4654//445
f 4655//446 4654//445 4653//445
f 4654//445 4655//446 4656//446
f 4657//447 4656//446 4655//446
f 4656//446 4657//447 4658//447
f 4659//448 4658//447 4657//447
f 4658//447 4659//448 4660//448
f 4661//449 4660//448 4659//448
f 4660//448 4661//449 4662//449
f 4663//450 4662//449 4661//449
f 4662//449 4663//450 4664//450
f 4665//451 4664//450 4663//450
f 4664//450 4665//451 4666//451
f 4667//452 4666//451 4665//451
f 4666//451 4667//452 4668//452
f 4669//453 4668//452 4667//452
f 4668//452 4669//453 4670//453
f 4671//454 4670//453 4669//453
f 4670//453 4671//454 4672//454
f 4673//455 4672//454 4671//454
f 4672//454 4673//455 4674//455
f 4675//456 4674//455 4673//455
f 4674//455 4675//456 4676//456
f 4677//457 4676//456 4675//456
f 4676//456 4677//457 4678//457
f 4679//458 4678//457 4677//457
f 4678//457 4679//458 4680//458
f 4681//459 4680//458 4679//458
f 4680//458 4681//459 4682//459
f 4683//460 4682//459 4681//459
f 4682//459 4683//460 4684//460
f 4685//461 4684//460 4683//460
f 4684//460 4685//461 4686//461
f 4458//418 4456//418 4687//462
f 4458//418 4687//462 4688//462
f 4689//463 4688//462 4687//462
f 4688//462 4689//463 4690//463
f 4691//464 4690//463 4689//463
f 4690//463 4691//464 4692//464
f 4693//465 4692//464 4691//464
f 4692//464 4693//465 4694//465
f 3940//380 4694//465 4693//465
f 4694//465 3940//380 3939//380
f 4686//461 4685//461 4695//466
f 4686//461 4695//466 4696//466
f 4697//467 4696//466 4695//466
f 4696//466 4697//467 4698//467
f 4699//468 4698//467 4697//467
f 4698//467 4699//468 4700//468
f 4701//469 4700//468 4699//468
f 4700//468 4701//469 4702//469
f 4703//470 4702//469 4701//469
f 4702//469 4703//470 4704//470
f 4705//471 4704//470 4703//470
f 4704//470 4705//471 4706//471
f 4455//417 4706//471 4705//471
f 4706//471 4455//417 4457//417
f 4009//414 4011//414 4707//472
f 4009//414 4707//472 4708//472
f 4709//473 4708//472 4707//472
f 4708//472 4709//473 4710//473
f 4711//474 4710//473 4709//473
f 4710//473 4711//474 4712//474
f 4713//475 4712//474 4711//474
f 4712//474 4713//475 4714//475
f 4715//476 4714//475 4713//475
f 4714//475 4715//476 4716//476
f 4717//477 4716//476 4715//476
f 4716//476 4717//477 4718//477
f 4604//420 4718//477 4717//477
f 4718//477 4604//420 4603//420
f 4007//413 4008//413 4719//478
f 4007//413 4719//478 4720//478
f 4721//479 4720//478 4719//478
f 4720//478 4721//479 4722//479
f 4723//480 4722//479 4721//479
f 4722//479 4723//480 4724//480
f 4725//481 4724//480 4723//480
f 4724//480 4725//481 4726//481
f 4012//415 4726//481 4725//481
f 4726//481 4012//415 4010//415
s 0
f 4727//25 4728//25 4729//25
f 4730//25 4731//25 4732//25
f 4733//25 4734//25 4735//25
f 4736//25 4735//25 4734//25
f 4737//25 4738//25 4739//25
f 4740//25 4739//25 4738//25
f 4739//25 4740//25 4736//25
f 4741//25 4736//25 4740//25
f 4736//25 4741//25 4735//25
f 4742//25 4743//25 4744//25
f 4745//25 4744//25 4743//25
f 4744//25 4745//25 4739//25
f 4746//25 4739//25 4745//25
f 4739//25 4746//25 4737//25
f 4742//25 4744//25 4747//25
f 4748//25 4747//25 4744//25
f 4747//25 4748//25 4749//25
f 4750//25 4751//25 4752//25
f 4753//25 4754//25 4755//25
f 4755//25 4756//25 4753//25
f 4757//25 4753//25 4756//25
f 4753//25 4757//25 4748//25
f 4758//25 4748//25 4757//25
f 4748//25 4758//25 4749//25
f 4750//25 4752//25 4753//25
f 4759//25 4753//25 4752//25
f 4753//25 4759//25 4754//25
f 4760//25 4761//25 4762//25
f 4763//25 4762//25 4761//25
f 4762//25 4763//25 4764//25
f 4764//25 4765//25 4762//25
f 4766//25 4762//25 4765//25
f 4762//25 4766//25 4750//25
f 4767//25 4750//25 4766//25
f 4750//25 4767//25 4751//25
f 4760//25 4768//25 4769//25
f 4770//25 4769//25 4768//25
f 4770//25 4768//25 4771//25
f 4772//25 4771//25 4768//25
f 4771//25 4772//25 4773//25
f 4774//25 4775//25 4776//25
f 4777//25 4776//25 4775//25
f 4776//25 4777//25 4772//25
f 4778//25 4772//25 4777//25
f 4772//25 4778//25 4773//25
f 4779//25 4780//25 4776//25
f 4781//25 4776//25 4780//25
f 4776//25 4781//25 4774//25
f 4733//25 4782//25 4734//25
f 4783//25 4734//25 4782//25
f 4734//25 4783//25 4779//25
f 4784//25 4779//25 4783//25
f 4779//25 4784//25 4780//25
f 4785//25 4786//25 4787//25
f 4787//25 4786//25 4788//25
f 4787//25 4789//25 4785//25
f 4790//25 4785//25 4789//25
f 4785//25 4790//25 4791//25
f 4792//25 4791//25 4790//25
f 4791//25 4792//25 4793//25
f 4786//25 4794//25 4788//25
f 4795//25 4788//25 4794//25
f 4788//25 4795//25 4796//25
f 4797//25 4796//25 4795//25
f 4796//25 4797//25 4798//25
f 4799//25 4800//25 4768//25
f 4801//25 4768//25 4800//25
f 4768//25 4801//25 4802//25
f 4760//25 4762//25 4768//25
f 4803//25 4768//25 4762//25
f 4768//25 4803//25 4799//25
f 4802//25 4804//25 4768//25
f 4805//25 4768//25 4804//25
f 4768//25 4805//25 4798//25
f 4806//25 4798//25 4805//25
f 4798//25 4806//25 4796//25
f 4762//25 4807//25 4808//25
f 4808//25 4809//25 4762//25
f 4810//25 4762//25 4809//25
f 4762//25 4810//25 4803//25
f 4811//25 4812//25 4813//25
f 4814//25 4815//25 4762//25
f 4813//25 4812//25 4750//25
f 4816//25 4750//25 4812//25
f 4750//25 4816//25 4817//25
f 4817//25 4818//25 4750//25
f 4819//25 4750//25 4818//25
f 4750//25 4819//25 4820//25
f 4820//25 4821//25 4750//25
f 4822//25 4750//25 4821//25
f 4750//25 4822//25 4762//25
f 4823//25 4762//25 4822//25
f 4762//25 4823//25 4814//25
f 4824//25 4825//25 4813//25
f 4825//25 4826//25 4813//25
f 4827//25 4813//25 4826//25
f 4813//25 4827//25 4811//25
f 4815//25 4828//25 4762//25
f 4829//25 4762//25 4828//25
f 4762//25 4829//25 4807//25
f 4830//25 4807//25 4829//25
f 4830//25 4831//25 4807//25
f 4832//25 4807//25 4831//25
f 4807//25 4832//25 4833//25
f 4834//25 4833//25 4832//25
f 4833//25 4834//25 4835//25
f 4836//25 4835//25 4834//25
f 4835//25 4836//25 4837//25
f 4837//25 4824//25 4835//25
f 4813//25 4835//25 4824//25
f 4835//25 4813//25 4838//25
f 4839//25 4838//25 4813//25
f 4840//25 4841//25 4813//25
f 4842//25 4813//25 4841//25
f 4813//25 4842//25 4839//25
f 4843//25 4844//25 4813//25
f 4845//25 4813//25 4844//25
f 4813//25 4845//25 4840//25
f 4846//25 4847//25 4848//25
f 4849//25 4848//25 4847//25
f 4848//25 4849//25 4813//25
f 4850//25 4813//25 4849//25
f 4813//25 4850//25 4843//25
f 4851//25 4852//25 4731//25
f 4852//25 4853//25 4731//25
f 4854//25 4731//25 4853//25
f 4731//25 4854//25 4732//25
f 4855//25 4732//25 4854//25
f 4732//25 4855//25 4856//25
f 4857//25 4858//25 4732//25
f 4859//25 4732//25 4858//25
f 4732//25 4859//25 4730//25
f 4860//25 4861//25 4862//25
f 4862//25 4863//25 4860//25
f 4864//25 4860//25 4863//25
f 4860//25 4864//25 4732//25
f 4865//25 4732//25 4864//25
f 4732//25 4865//25 4857//25
f 4728//25 4866//25 4867//25
f 4867//25 4868//25 4728//25
f 4869//25 4728//25 4868//25
f 4728//25 4869//25 4870//25
f 4871//25 4872//25 4729//25
f 4873//25 4729//25 4872//25
f 4873//25 4874//25 4729//25
f 4875//25 4729//25 4874//25
f 4729//25 4875//25 4860//25
f 4876//25 4860//25 4875//25
f 4870//25 4877//25 4728//25
f 4878//25 4728//25 4877//25
f 4728//25 4878//25 4729//25
f 4879//25 4729//25 4878//25
f 4729//25 4879//25 4871//25
f 4876//25 4880//25 4860//25
f 4881//25 4860//25 4880//25
f 4860//25 4881//25 4882//25
f 4883//25 4884//25 4861//25
f 4885//25 4861//25 4884//25
f 4861//25 4885//25 4886//25
f 4887//25 4886//25 4885//25
f 4886//25 4887//25 4866//25
f 4888//25 4866//25 4887//25
f 4866//25 4888//25 4867//25
f 4882//25 4889//25 4860//25
f 4890//25 4860//25 4889//25
f 4860//25 4890//25 4861//25
f 4891//25 4861//25 4890//25
f 4861//25 4891//25 4883//25
f 4892//25 4893//25 4894//25
f 4895//25 4894//25 4893//25
f 4894//25 4895//25 4729//25
f 4896//25 4729//25 4895//25
f 4729//25 4896//25 4727//25
f 4897//25 4898//25 4892//25
f 4899//25 4892//25 4898//25
f 4899//25 4900//25 4892//25
f 4901//25 4892//25 4900//25
f 4892//25 4901//25 4893//25
f 4892//25 4902//25 4903//25
f 4897//25 4892//25 4904//25
f 4903//25 4904//25 4892//25
f 4904//25 4903//25 4905//25
f 4905//25 4906//25 4904//25
f 4907//25 4904//25 4906//25
f 4904//25 4907//25 4908//25
f 4909//25 4908//25 4907//25
f 4908//25 4909//25 4910//25
f 4911//482 4910//482 4909//482
f 4912//25 4913//25 4734//25
f 4914//25 4734//25 4913//25
f 4734//25 4914//25 4915//25
f 4916//25 4917//25 4736//25
f 4918//25 4736//25 4917//25
f 4736//482 4918//482 4919//482
f 4911//25 4920//25 4910//25
f 4921//25 4910//25 4920//25
f 4910//25 4921//25 4922//25
f 4923//25 4922//25 4921//25
f 4922//25 4923//25 4924//25
f 4925//25 4924//25 4923//25
f 4924//25 4925//25 4926//25
f 4927//25 4926//25 4925//25
f 4926//25 4927//25 4928//25
f 4929//25 4928//25 4927//25
f 4928//25 4929//25 4930//25
f 4931//25 4930//25 4929//25
f 4930//25 4931//25 4932//25
f 4915//25 4933//25 4734//25
f 4934//25 4734//25 4933//25
f 4734//25 4934//25 4736//25
f 4935//25 4736//25 4934//25
f 4736//25 4935//25 4916//25
f 4936//25 4937//25 4938//25
f 4939//25 4940//25 4779//25
f 4941//25 4942//25 4734//25
f 4943//25 4930//25 4734//25
f 4932//25 4734//25 4930//25
f 4734//25 4932//25 4912//25
f 4942//25 4944//25 4734//25
f 4945//25 4734//25 4944//25
f 4734//25 4945//25 4943//25
f 4938//25 4946//25 4936//25
f 4947//25 4936//25 4946//25
f 4936//25 4947//25 4948//25
f 4949//25 4948//25 4947//25
f 4948//25 4949//25 4950//25
f 4951//25 4950//25 4949//25
f 4950//25 4951//25 4952//25
f 4940//25 4953//25 4779//25
f 4954//25 4779//25 4953//25
f 4779//25 4954//25 4734//25
f 4955//25 4734//25 4954//25
f 4734//25 4955//25 4941//25
f 4943//25 4956//25 4930//25
f 4957//25 4930//25 4956//25
f 4930//25 4957//25 4958//25
f 4959//25 4958//25 4957//25
f 4958//25 4959//25 4960//25
f 4961//25 4960//25 4959//25
f 4960//25 4961//25 4937//25
f 4962//25 4937//25 4961//25
f 4937//25 4962//25 4938//25
f 4963//25 4964//25 4779//25
f 4965//25 4779//25 4964//25
f 4779//25 4965//25 4939//25
f 4966//25 4967//25 4779//25
f 4952//25 4963//25 4950//25
f 4779//25 4950//25 4963//25
f 4950//25 4779//25 4968//25
f 4967//25 4968//25 4779//25
f 4969//25 4970//25 4776//25
f 4971//25 4776//25 4970//25
f 4776//25 4971//25 4779//25
f 4972//25 4779//25 4971//25
f 4779//25 4972//25 4966//25
f 4973//25 4974//25 4772//25
f 4975//25 4772//25 4974//25
f 4772//25 4975//25 4776//25
f 4976//25 4776//25 4975//25
f 4776//25 4976//25 4969//25
f 4973//25 4772//25 4977//25
f 4978//25 4977//25 4772//25
f 4977//25 4978//25 4979//25
f 4980//25 4981//25 4982//25
f 4983//25 4982//25 4981//25
f 4982//25 4983//25 4984//25
f 4985//25 4984//25 4983//25
f 4984//25 4985//25 4986//25
f 4987//25 4986//25 4985//25
f 4986//25 4987//25 4988//25
f 4989//25 4988//25 4987//25
f 4987//25 4990//25 4989//25
f 4991//25 4989//25 4990//25
f 4989//25 4991//25 4992//25
f 4993//25 4992//25 4991//25
f 4992//25 4993//25 4994//25
f 4994//25 4993//25 4995//25
f 4996//25 4995//25 4993//25
f 4995//25 4996//25 4997//25
f 4998//25 4997//25 4996//25
f 4997//25 4998//25 4999//25
f 5000//25 4999//25 4998//25
f 4999//25 5000//25 4793//25
f 5001//25 4793//25 5000//25
f 4793//25 5001//25 4791//25
f 5002//25 5003//25 4750//25
f 4750//25 5003//25 4813//25
f 5004//25 4813//25 5003//25
f 4813//25 5004//25 5005//25
f 4856//25 5006//25 4753//25
f 5007//482 4753//482 5006//482
f 4753//25 5007//25 5008//25
f 5009//25 5010//25 4750//25
f 5011//25 4750//25 5010//25
f 4750//25 5011//25 5002//25
f 5012//25 4848//25 5013//25
f 5014//25 5013//25 4848//25
f 4731//25 4846//25 4851//25
f 4848//25 4851//25 4846//25
f 4851//25 4848//25 5015//25
f 5012//25 5015//25 4848//25
f 5008//25 5016//25 4753//25
f 5017//25 4753//25 5016//25
f 4753//25 5017//25 4750//25
f 5018//25 4750//25 5017//25
f 4750//25 5018//25 5009//25
f 5005//25 5019//25 4813//25
f 5020//25 4813//25 5019//25
f 4813//25 5020//25 4848//25
f 5021//25 4848//25 5020//25
f 4848//25 5021//25 5014//25
f 5022//25 5023//25 4978//25
f 5024//25 4978//25 5023//25
f 4978//25 5024//25 4979//25
f 5025//25 4979//25 5024//25
f 4979//25 5025//25 4980//25
f 5026//25 4980//25 5025//25
f 4980//25 5026//25 4981//25
f 4797//25 5027//25 4798//25
f 5028//25 4798//25 5027//25
f 4798//25 5028//25 5029//25
f 5029//25 5030//25 4798//25
f 5031//25 4798//25 5030//25
f 4798//25 5031//25 4978//25
f 5032//25 4978//25 5031//25
f 4978//25 5032//25 5022//25
f 4856//25 4753//25 4732//25
f 4748//25 4732//25 4753//25
f 4732//25 4748//25 4860//25
f 4744//25 4860//25 4748//25
f 4860//25 4744//25 4729//25
f 4739//25 4729//25 4744//25
f 4729//25 4739//25 4894//25
f 4736//25 4894//25 4739//25
f 4894//25 4736//25 4892//25
f 4919//25 4892//25 4736//25
f 4892//25 4919//25 4902//25
f 5033//25 5034//25 4978//25
f 5035//25 4978//25 5034//25
f 5035//25 5036//25 4978//25
f 5037//25 4978//25 5036//25
f 4978//25 5037//25 4798//25
f 5038//25 4798//25 5037//25
f 5039//25 5040//25 4768//25
f 5041//25 4768//25 5040//25
f 5042//25 4772//25 5043//25
f 5044//25 5043//25 4772//25
f 5042//25 5045//25 4772//25
f 5046//25 4772//25 5045//25
f 4772//25 5046//25 4978//25
f 5047//25 4978//25 5046//25
f 4978//25 5047//25 5033//25
f 5038//25 5048//25 4798//25
f 5049//25 4798//25 5048//25
f 4798//25 5049//25 5050//25
f 5041//25 5051//25 4768//25
f 5052//25 4768//25 5051//25
f 4768//25 5052//25 4772//25
f 5053//25 4772//25 5052//25
f 4772//25 5053//25 5044//25
f 5050//25 5054//25 4798//25
f 5055//25 4798//25 5054//25
f 4798//25 5055//25 4768//25
f 5056//25 4768//25 5055//25
f 4768//25 5056//25 5039//25
f 5057//30 5058//30 5059//30
f 5060//483 5061//483 5062//483
f 5063//30 5064//30 5065//30
f 5060//30 5062//30 5066//30
f 5067//30 5066//30 5062//30
f 5066//30 5067//30 5068//30
f 5069//30 5070//30 5071//30
f 5072//483 5073//483 5074//483
f 5060//30 5057//30 5061//30
f 5059//30 5061//30 5057//30
f 5061//30 5059//30 5075//30
f 5076//30 5075//30 5059//30
f 5075//30 5076//30 5077//30
f 5078//30 5077//30 5076//30
f 5077//30 5078//30 5079//30
f 5080//30 5079//30 5078//30
f 5081//30 5082//30 5083//30
f 5084//30 5083//30 5082//30
f 5085//30 5086//30 5087//30
f 5072//30 5074//30 5078//30
f 5088//30 5078//30 5074//30
f 5078//30 5088//30 5080//30
f 5089//30 5090//30 5091//30
f 5081//30 5092//30 5082//30
f 5093//30 5082//30 5092//30
f 5082//30 5093//30 5089//30
f 5094//30 5089//30 5093//30
f 5089//30 5094//30 5090//30
f 5087//30 5095//30 5085//30
f 5096//30 5085//30 5095//30
f 5085//30 5096//30 5097//30
f 5098//30 5097//30 5096//30
f 5085//30 5099//30 5086//30
f 5100//30 5086//30 5099//30
f 5086//30 5100//30 5101//30
f 5101//30 5102//30 5086//30
f 5103//30 5086//30 5102//30
f 5086//30 5103//30 5104//30
f 5105//30 5104//30 5103//30
f 5104//30 5105//30 5106//30
f 5107//30 5108//30 5109//30
f 5110//30 5109//30 5108//30
f 5065//30 5064//30 5109//30
f 5106//30 5111//30 5104//30
f 5112//30 5104//30 5111//30
f 5104//30 5112//30 5113//30
f 5114//30 5113//30 5112//30
f 5113//30 5114//30 5065//30
f 5115//30 5065//30 5114//30
f 5065//30 5115//30 5063//30
f 5116//30 5117//30 5118//30
f 5119//30 5120//30 5121//30
f 5121//30 5120//30 5122//30
f 5068//30 5123//30 5066//30
f 5124//30 5066//30 5123//30
f 5066//30 5124//30 5125//30
f 5126//30 5125//30 5124//30
f 5125//30 5126//30 5127//30
f 5128//30 5127//30 5126//30
f 5127//30 5128//30 5091//30
f 5129//30 5091//30 5128//30
f 5091//30 5129//30 5089//30
f 5130//30 5089//30 5129//30
f 5131//30 5132//30 5133//30
f 5134//30 5133//30 5132//30
f 5133//30 5134//30 5129//30
f 5135//30 5129//30 5134//30
f 5129//30 5135//30 5130//30
f 5109//30 5136//30 5137//30
f 5138//30 5137//30 5136//30
f 5064//30 5139//30 5109//30
f 5140//30 5109//30 5139//30
f 5109//30 5140//30 5141//30
f 5070//30 5142//30 5071//30
f 5143//30 5071//30 5142//30
f 5071//30 5143//30 5144//30
f 5145//30 5144//30 5143//30
f 5144//30 5145//30 5146//30
f 5121//30 5147//30 5119//30
f 5116//30 5119//30 5147//30
f 5119//30 5116//30 5145//30
f 5118//30 5145//30 5116//30
f 5145//30 5118//30 5146//30
f 5098//30 5148//30 5097//30
f 5149//30 5097//30 5148//30
f 5097//30 5149//30 5150//30
f 5110//30 5151//30 5109//30
f 5152//30 5109//30 5151//30
f 5109//30 5152//30 5136//30
f 5141//30 5153//30 5109//30
f 5154//30 5109//30 5153//30
f 5109//30 5154//30 5107//30
f 5155//30 5156//30 5157//30
f 5158//30 5157//30 5156//30
f 5159//30 5160//30 5161//30
f 5162//30 5161//30 5160//30
f 5131//30 5163//30 5132//30
f 5164//30 5132//30 5163//30
f 5132//30 5164//30 5161//30
f 5165//30 5161//30 5164//30
f 5150//30 5166//30 5097//30
f 5167//30 5097//30 5166//30
f 5097//30 5167//30 5168//30
f 5169//30 5170//30 5171//30
f 5117//30 5172//30 5118//30
f 5173//30 5118//30 5172//30
f 5118//30 5173//30 5174//30
f 5174//30 5175//30 5118//30
f 5176//30 5118//30 5175//30
f 5118//30 5176//30 5177//30
f 5178//30 5179//30 5180//30
f 5181//30 5180//30 5179//30
f 5180//30 5181//30 5182//30
f 5183//30 5182//30 5181//30
f 5182//30 5183//30 5120//30
f 5184//30 5120//30 5183//30
f 5120//30 5184//30 5122//30
f 5185//30 5186//30 5187//30
f 5188//30 5189//30 5190//30
f 5165//30 5191//30 5161//30
f 5192//30 5161//30 5191//30
f 5161//30 5192//30 5193//30
f 5193//30 5194//30 5161//30
f 5195//30 5161//30 5194//30
f 5161//30 5195//30 5159//30
f 5196//30 5197//30 5198//30
f 5199//30 5200//30 5201//30
f 5202//30 5201//30 5200//30
f 5201//30 5202//30 5203//30
f 5204//30 5203//30 5202//30
f 5203//30 5204//30 5205//30
f 5104//30 5206//30 5086//30
f 5207//30 5086//30 5206//30
f 5086//30 5207//30 5208//30
f 5209//30 5210//30 5211//30
f 5212//30 5211//30 5210//30
f 5211//30 5212//30 5213//30
f 5214//30 5213//30 5212//30
f 5213//30 5214//30 5215//30
f 5216//30 5215//30 5214//30
f 5215//30 5216//30 5058//30
f 5162//30 5217//30 5161//30
f 5218//30 5161//30 5217//30
f 5161//30 5218//30 5190//30
f 5219//30 5190//30 5218//30
f 5190//30 5219//30 5188//30
f 5138//30 5220//30 5137//30
f 5221//30 5137//30 5220//30
f 5137//30 5221//30 5171//30
f 5222//30 5171//30 5221//30
f 5171//30 5222//30 5169//30
f 5198//30 5197//30 5223//30
f 5224//30 5223//30 5197//30
f 5223//30 5224//30 5225//30
f 5226//30 5225//30 5224//30
f 5225//30 5226//30 5227//30
f 5228//30 5227//30 5226//30
f 5227//30 5228//30 5229//30
f 5230//30 5229//30 5228//30
f 5229//30 5230//30 5231//30
f 5232//30 5231//30 5230//30
f 5231//30 5232//30 5233//30
f 5189//30 5234//30 5190//30
f 5235//30 5190//30 5234//30
f 5190//30 5235//30 5236//30
f 5237//30 5236//30 5235//30
f 5233//30 5232//30 5238//30
f 5239//30 5238//30 5232//30
f 5238//30 5239//30 5240//30
f 5241//30 5240//30 5239//30
f 5240//30 5241//30 5187//30
f 5242//30 5187//30 5241//30
f 5187//30 5242//30 5185//30
f 5199//30 5243//30 5200//30
f 5244//30 5200//30 5243//30
f 5200//30 5244//30 5245//30
f 5187//30 5245//30 5244//30
f 5245//30 5187//30 5246//30
f 5186//30 5246//30 5187//30
f 5246//30 5186//30 5247//30
f 5248//30 5249//30 5250//30
f 5251//30 5250//30 5249//30
f 5250//30 5251//30 5252//30
f 5155//30 5253//30 5156//30
f 5254//30 5156//30 5253//30
f 5156//30 5254//30 5255//30
f 5256//30 5255//30 5254//30
f 5255//30 5256//30 5257//30
f 5258//30 5257//30 5256//30
f 5257//30 5258//30 5259//30
f 5260//30 5261//30 5262//30
f 5216//30 5263//30 5058//30
f 5264//30 5058//30 5263//30
f 5058//30 5264//30 5059//30
f 5265//30 5059//30 5264//30
f 5059//30 5265//30 5266//30
f 5267//30 5268//30 5178//30
f 5269//30 5178//30 5268//30
f 5178//30 5269//30 5270//30
f 5271//30 5272//30 5273//30
f 5259//30 5249//30 5257//30
f 5248//30 5257//30 5249//30
f 5257//30 5248//30 5274//30
f 5275//30 5274//30 5248//30
f 5274//30 5275//30 5204//30
f 5276//30 5204//30 5275//30
f 5204//30 5276//30 5205//30
f 5277//30 5278//30 5279//30
f 5280//30 5281//30 5208//30
f 5282//30 5208//30 5281//30
f 5208//30 5282//30 5086//30
f 5178//30 5180//30 5267//30
f 5283//30 5267//30 5180//30
f 5267//30 5283//30 5284//30
f 5198//30 5285//30 5196//30
f 5286//30 5196//30 5285//30
f 5196//30 5286//30 5287//30
f 5288//30 5287//30 5286//30
f 5287//30 5288//30 5289//30
f 5290//30 5289//30 5288//30
f 5289//30 5290//30 5291//30
f 5270//30 5291//30 5290//30
f 5291//30 5270//30 5292//30
f 5269//30 5292//30 5270//30
f 5082//30 5293//30 5084//30
f 5294//30 5084//30 5293//30
f 5084//30 5294//30 5295//30
f 5296//30 5295//30 5294//30
f 5295//30 5296//30 5104//30
f 5297//30 5104//30 5296//30
f 5104//30 5297//30 5206//30
f 5298//30 5299//30 5209//30
f 5300//30 5209//30 5299//30
f 5209//30 5300//30 5210//30
f 5247//30 5301//30 5246//30
f 5302//30 5246//30 5301//30
f 5246//30 5302//30 5303//30
f 5304//30 5303//30 5302//30
f 5303//30 5304//30 5284//30
f 5305//30 5284//30 5304//30
f 5284//30 5305//30 5267//30
f 5252//30 5251//30 5273//30
f 5306//30 5273//30 5251//30
f 5273//30 5306//30 5271//30
f 5307//30 5308//30 5309//30
f 5310//30 5309//30 5308//30
f 5309//30 5310//30 5104//30
f 5311//30 5104//30 5310//30
f 5104//30 5311//30 5295//30
f 5298//30 5260//30 5299//30
f 5262//30 5299//30 5260//30
f 5299//30 5262//30 5071//30
f 5312//30 5071//30 5262//30
f 5071//30 5312//30 5069//30
f 5261//30 5313//30 5262//30
f 5314//30 5262//30 5313//30
f 5262//30 5314//30 5315//30
f 5316//30 5315//30 5314//30
f 5315//30 5316//30 5156//30
f 5280//30 5208//30 5279//30
f 5317//30 5279//30 5208//30
f 5279//30 5317//30 5277//30
f 5318//30 5319//30 5320//30
f 5321//30 5320//30 5319//30
f 5320//30 5321//30 5266//30
f 5322//30 5266//30 5321//30
f 5266//30 5322//30 5059//30
f 5316//30 5323//30 5156//30
f 5324//30 5156//30 5323//30
f 5156//30 5324//30 5158//30
f 5325//30 5326//30 5327//30
f 5324//30 5328//30 5158//30
f 5329//30 5158//30 5328//30
f 5158//30 5329//30 5309//30
f 5330//30 5309//30 5329//30
f 5309//30 5330//30 5307//30
f 5325//30 5327//30 5331//30
f 5318//30 5320//30 5327//30
f 5332//30 5327//30 5320//30
f 5327//30 5332//30 5331//30
f 5333//313 5334//313 5335//484
s 1
f 5336//7 5335//485 5334//313
f 5335//485 5336//7 5337//484
f 5338//486 5339//487 5340//488
f 5341//489 5342//490 5343//491
f 5344//492 5345//493 5346//494
f 5347//495 5348//495 5349//496
f 5350//497 5351//498 5352//499
f 5353//500 5354//501 5355//502
f 5356//503 5357//504 5358//505
f 5359//506 5360//506 5361//507
f 5362//508 5363//509 5364//510
f 5365//511 5366//512 5367//513
f 5368//514 5365//511 5369//515
f 5369//515 5370//516 5368//514
f 5371//517 5368//514 5370//516
f 5368//514 5371//517 5372//518
f 5371//517 5373//518 5372//518
f 5374//519 5372//518 5373//518
f 5372//518 5374//519 5364//510
f 5375//510 5364//510 5374//519
f 5364//510 5375//510 5362//508
f 5363//509 5362//508 5376//520
f 5377//521 5376//520 5362//508
f 5376//520 5377//521 5378//522
f 5379//523 5339//487 5380//524
f 5338//486 5380//524 5339//487
f 5380//524 5338//486 5361//507
f 5381//525 5361//507 5338//486
f 5361//507 5381//525 5359//506
f 5360//506 5359//506 5382//526
f 5383//527 5382//526 5359//506
f 5382//526 5383//527 5384//528
f 5384//528 5385//526 5382//526
f 5386//529 5382//526 5385//526
f 5382//526 5386//529 5358//505
f 5387//505 5358//505 5386//529
f 5358//505 5387//505 5356//503
f 5357//504 5356//503 5388//530
f 5389//531 5388//530 5356//503
f 5388//530 5389//531 5390//532
f 5391//533 5342//490 5392//534
f 5341//489 5392//534 5342//490
f 5392//534 5341//489 5393//535
f 5341//489 5394//536 5393//535
f 5395//537 5393//535 5394//536
f 5393//535 5395//537 5396//538
f 5395//537 5397//538 5396//538
f 5398//539 5396//538 5397//538
f 5396//538 5398//539 5399//539
f 5400//540 5399//539 5398//539
f 5399//539 5400//540 5401//541
f 5402//542 5401//541 5400//540
f 5401//541 5402//542 5403//543
f 5404//544 5403//543 5402//542
f 5405//545 5353//500 5406//546
f 5406//546 5407//547 5405//545
f 5408//548 5405//545 5407//547
f 5405//545 5408//548 5409//548
f 5410//549 5409//548 5408//548
f 5409//548 5410//549 5411//550
f 5410//549 5412//550 5411//550
f 5413//551 5411//550 5412//550
f 5411//550 5413//551 5352//499
f 5414//499 5352//499 5413//551
f 5352//499 5414//499 5350//497
f 5351//498 5350//497 5415//552
f 5416//553 5415//552 5350//497
f 5415//552 5416//553 5417//554
f 5418//555 5345//493 5419//556
f 5344//492 5419//556 5345//493
f 5419//556 5344//492 5420//557
f 5344//492 5421//558 5420//557
f 5422//559 5420//557 5421//558
f 5420//557 5422//559 5423//559
f 5424//560 5423//559 5422//559
f 5423//559 5424//560 5425//560
f 5426//561 5425//560 5424//560
f 5425//560 5426//561 5427//562
f 5428//563 5427//562 5426//561
f 5427//562 5428//563 5429//564
f 5430//565 5429//564 5428//563
f 5429//564 5430//565 5431//566
f 5431//566 5430//565 5432//567
f 5433//568 5432//567 5430//565
f 5432//567 5433//568 5434//568
f 5435//569 5434//568 5433//568
f 5434//568 5435//569 5349//496
f 5436//496 5349//496 5435//569
f 5349//496 5436//496 5347//495
f 5417//554 5416//553 5437//570
f 5438//571 5437//570 5416//553
f 5437//570 5438//571 5439//572
f 5440//573 5439//572 5438//571
f 5439//572 5440//573 5346//494
f 5441//494 5346//494 5440//573
f 5346//494 5441//494 5344//492
f 5353//500 5355//502 5406//546
f 5442//574 5406//546 5355//502
f 5406//546 5442//574 5443//575
f 5443//575 5442//574 5444//576
f 5445//577 5444//576 5442//574
f 5444//576 5445//577 5446//577
f 5446//577 5445//577 5447//578
f 5448//579 5447//578 5445//577
f 5447//578 5448//579 5404//544
f 5449//580 5404//544 5448//579
f 5404//544 5449//580 5403//543
f 5390//532 5389//531 5450//581
f 5451//582 5450//581 5389//531
f 5450//581 5451//582 5452//583
f 5453//584 5452//583 5451//582
f 5452//583 5453//584 5343//491
f 5454//491 5343//491 5453//584
f 5343//491 5454//491 5341//489
f 5378//522 5377//521 5455//585
f 5456//586 5455//585 5377//521
f 5455//585 5456//586 5457//586
f 5458//587 5457//586 5456//586
f 5457//586 5458//587 5340//488
f 5459//588 5340//488 5458//587
f 5340//488 5459//588 5338//486
f 5365//511 5367//513 5369//515
f 5460//589 5369//515 5367//513
f 5369//515 5460//589 5461//589
f 5461//589 5460//589 5462//590
f 5463//591 5462//590 5460//589
f 5462//590 5463//591 5464//591
f 5465//592 5464//591 5463//591
f 5464//591 5465//592 5466//592
f 5467//142 5468//142 5469//19
f 5470//593 5469//19 5468//142
f 5469//19 5470//593 5471//593
f 5334//313 5333//313 5472//359
f 5334//313 5472//359 5473//359
f 5474//358 5473//359 5472//359
f 5473//359 5474//358 5475//358
f 5476//357 5475//358 5474//358
f 5475//358 5476//357 5477//357
f 5478//356 5477//357 5476//357
f 5477//357 5478//356 5479//356
f 5479//356 5478//356 5480//594
f 5481//355 5480//594 5478//356
f 5480//594 5481//355 5482//355
f 5483//354 5482//355 5481//355
f 5482//355 5483//354 5484//354
f 5485//1 5484//354 5483//354
f 5484//354 5485//1 5486//1
f 5487//148 5486//1 5485//1
f 5486//1 5487//148 5488//148
f 5489//147 5488//148 5487//148
f 5488//148 5489//147 5490//147
f 5490//147 5489//147 5491//595
f 5492//146 5491//595 5489//147
f 5491//595 5492//146 5493//146
f 5494//145 5493//146 5492//146
f 5493//146 5494//145 5495//145
f 5496//144 5495//145 5494//145
f 5495//145 5496//144 5497//144
f 5498//143 5497//144 5496//144
f 5497//144 5498//143 5499//143
f 5468//142 5499//143 5498//143
f 5499//143 5468//142 5467//142
f 5500//19 5501//19 5502//78
f 5503//78 5502//78 5501//19
f 5502//78 5503//78 5504//79
f 5505//79 5504//79 5503//78
f 5504//79 5505//79 5506//22
f 5507//22 5506//22 5505//79
f 5506//22 5507//22 5508//89
f 5509//89 5508//89 5507//22
f 5508//89 5509//89 5510//90
f 5511//90 5510//90 5509//89
f 5510//90 5511//90 5512//1
f 5513//1 5512//1 5511//90
f 5512//1 5513//1 5514//2
f 5515//2 5514//2 5513//1
f 5514//2 5515//2 5516//82
f 5517//82 5516//82 5515//2
f 5516//82 5517//82 5518//4
f 5519//4 5518//4 5517//82
f 5518//4 5519//4 5520//5
f 5521//5 5520//5 5519//4
f 5520//5 5521//5 5522//6
f 5523//6 5522//6 5521//5
f 5522//6 5523//6 5524//7
f 5525//7 5524//7 5523//6
f 5524//7 5525//7 5526//8
f 5527//8 5526//8 5525//7
f 5526//8 5527//8 5528//9
f 5529//9 5528//9 5527//8
f 5528//9 5529//9 5530//83
f 5531//83 5530//83 5529//9
f 5530//83 5531//83 5532//11
f 5533//11 5532//11 5531//83
f 5532//11 5533//11 5534//85
f 5535//85 5534//85 5533//11
f 5534//85 5535//85 5536//13
f 5537//13 5536//13 5535//85
f 5536//13 5537//13 5538//14
f 5539//14 5538//14 5537//13
f 5538//14 5539//14 5540//15
f 5541//15 5540//15 5539//14
f 5540//15 5541//15 5542//75
f 5543//75 5542//75 5541//15
f 5542//75 5543//75 5544//76
f 5545//76 5544//76 5543//75
f 5544//76 5545//76 5546//77
f 5547//77 5546//77 5545//76
f 5546//77 5547//77 5500//19
f 5501//19 5500//19 5547//77
f 5548//4 5549//596 5550//82
f 5551//82 5550//82 5549//596
f 5550//82 5551//82 5552//2
f 5553//2 5552//2 5551//82
f 5552//2 5553//2 5554//1
f 5555//1 5554//1 5553//2
f 5554//1 5555//1 5556//90
f 5557//90 5556//90 5555//1
f 5556//90 5557//90 5558//89
f 5557//90 5559//89 5558//89
f 5560//597 5558//89 5559//89
f 5558//89 5560//597 5561//22
f 5562//598 5561//22 5560//597
f 5561//22 5562//598 5563//79
f 5564//79 5563//79 5562//598
f 5563//79 5564//79 5565//78
f 5566//78 5565//78 5564//79
f 5565//78 5566//78 5567//19
f 5568//19 5567//19 5566//78
f 5567//19 5568//19 5569//77
f 5570//77 5569//77 5568//19
f 5569//77 5570//77 5571//76
f 5572//76 5571//76 5570//77
f 5571//76 5572//76 5573//75
f 5574//75 5573//75 5572//76
f 5573//75 5574//75 5575//15
f 5576//15 5575//15 5574//75
f 5575//15 5576//15 5577//14
f 5578//14 5577//14 5576//15
f 5577//14 5578//14 5579//13
f 5580//13 5579//13 5578//14
f 5579//13 5580//13 5581//85
f 5582//85 5581//85 5580//13
f 5581//85 5582//85 5583//11
f 5584//11 5583//11 5582//85
f 5583//11 5584//11 5585//83
f 5586//83 5585//83 5584//11
f 5585//83 5586//83 5587//9
f 5588//9 5587//9 5586//83
f 5587//9 5588//9 5589//8
f 5590//8 5589//8 5588//9
f 5589//8 5590//8 5591//7
f 5592//7 5591//7 5590//8
f 5591//7 5592//7 5593//6
f 5594//6 5593//6 5592//7
f 5593//6 5594//6 5595//5
f 5596//5 5595//5 5594//6
f 5595//5 5596//5 5548//4
f 5597//599 5548//4 5596//5
f 5548//4 5597//599 5549//596
f 5598//19 5599//19 5600//78
f 5601//78 5600//78 5599//19
f 5600//78 5601//78 5602//79
f 5603//79 5602//79 5601//78
f 5602//79 5603//79 5604//22
f 5605//22 5604//22 5603//79
f 5604//22 5605//22 5606//89
f 5607//89 5606//89 5605//22
f 5606//89 5607//89 5608//24
f 5609//24 5608//24 5607//89
f 5608//24 5609//24 5610//1
f 5611//1 5610//1 5609//24
f 5610//1 5611//1 5612//2
f 5613//2 5612//2 5611//1
f 5612//2 5613//2 5614//82
f 5615//82 5614//82 5613//2
f 5614//82 5615//82 5616//69
f 5617//69 5616//69 5615//82
f 5616//69 5617//69 5618//5
f 5619//5 5618//5 5617//69
f 5618//5 5619//5 5620//6
f 5621//6 5620//6 5619//5
f 5620//6 5621//6 5622//7
f 5623//7 5622//7 5621//6
f 5622//7 5623//7 5624//8
f 5625//8 5624//8 5623//7
f 5624//8 5625//8 5626//9
f 5627//9 5626//9 5625//8
f 5626//9 5627//9 5628//10
f 5629//10 5628//10 5627//9
f 5628//10 5629//10 5630//11
f 5631//11 5630//11 5629//10
f 5630//11 5631//11 5632//85
f 5633//85 5632//85 5631//11
f 5632//85 5633//85 5634//13
f 5635//13 5634//13 5633//85
f 5634//13 5635//13 5636//86
f 5637//86 5636//86 5635//13
f 5636//86 5637//86 5638//15
f 5639//15 5638//15 5637//86
f 5638//15 5639//15 5640//75
f 5641//75 5640//75 5639//15
f 5640//75 5641//75 5642//76
f 5643//76 5642//76 5641//75
f 5642//76 5643//76 5644//77
f 5645//77 5644//77 5643//76
f 5644//77 5645//77 5598//19
f 5599//19 5598//19 5645//77
f 5646//69 5647//596 5648//82
f 5649//82 5648//82 5647//596
f 5648//82 5649//82 5650//81
f 5651//81 5650//81 5649//82
f 5650//81 5651//81 5652//1
f 5653//1 5652//1 5651//81
f 5652//1 5653//1 5654//24
f 5655//24 5654//24 5653//1
f 5654//24 5655//24 5656//89
f 5655//24 5657//89 5656//89
f 5658//597 5656//89 5657//89
f 5656//89 5658//597 5659//80
f 5660//598 5659//80 5658//597
f 5659//80 5660//598 5661//79
f 5662//79 5661//79 5660//598
f 5661//79 5662//79 5663//78
f 5664//78 5663//78 5662//79
f 5663//78 5664//78 5665//19
f 5666//19 5665//19 5664//78
f 5665//19 5666//19 5667//77
f 5668//77 5667//77 5666//19
f 5667//77 5668//77 5669//76
f 5670//76 5669//76 5668//77
f 5669//76 5670//76 5671//92
f 5672//92 5671//92 5670//76
f 5671//92 5672//92 5673//15
f 5674//15 5673//15 5672//92
f 5673//15 5674//15 5675//86
f 5676//86 5675//86 5674//15
f 5675//86 5676//86 5677//13
f 5678//13 5677//13 5676//86
f 5677//13 5678//13 5679//12
f 5680//12 5679//12 5678//13
f 5679//12 5680//12 5681//11
f 5682//11 5681//11 5680//12
f 5681//11 5682//11 5683//10
f 5684//10 5683//10 5682//11
f 5683//10 5684//10 5685//9
f 5686//9 5685//9 5684//10
f 5685//9 5686//9 5687//8
f 5688//8 5687//8 5686//9
f 5687//8 5688//8 5689//7
f 5690//7 5689//7 5688//8
f 5689//7 5690//7 5691//6
f 5692//6 5691//6 5690//7
f 5691//6 5692//6 5693//5
f 5694//5 5693//5 5692//6
f 5693//5 5694//5 5646//69
f 5695//600 5646//69 5694//5
f 5646//69 5695//600 5647//596
f 5696//19 5697//19 5698//78
f 5699//78 5698//78 5697//19
f 5698//78 5699//78 5700//79
f 5701//79 5700//79 5699//78
f 5700//79 5701//79 5702//80
f 5703//80 5702//80 5701//79
f 5702//80 5703//80 5704//89
f 5705//89 5704//89 5703//80
f 5704//89 5705//89 5706//24
f 5707//24 5706//24 5705//89
f 5706//24 5707//24 5708//1
f 5709//1 5708//1 5707//24
f 5708//1 5709//1 5710//81
f 5711//81 5710//81 5709//1
f 5710//81 5711//81 5712//82
f 5713//82 5712//82 5711//81
f 5712//82 5713//82 5714//69
f 5715//69 5714//69 5713//82
f 5714//69 5715//69 5716//5
f 5717//5 5716//5 5715//69
f 5716//5 5717//5 5718//6
f 5719//6 5718//6 5717//5
f 5718//6 5719//6 5720//7
f 5721//7 5720//7 5719//6
f 5720//7 5721//7 5722//8
f 5723//8 5722//8 5721//7
f 5722//8 5723//8 5724//9
f 5725//9 5724//9 5723//8
f 5724//9 5725//9 5726//10
f 5727//10 5726//10 5725//9
f 5726//10 5727//10 5728//11
f 5729//11 5728//11 5727//10
f 5728//11 5729//11 5730//12
f 5731//12 5730//12 5729//11
f 5730//12 5731//12 5732//13
f 5733//13 5732//13 5731//12
f 5732//13 5733//13 5734//86
f 5735//86 5734//86 5733//13
f 5734//86 5735//86 5736//15
f 5737//15 5736//15 5735//86
f 5736//15 5737//15 5738//92
f 5739//92 5738//92 5737//15
f 5738//92 5739//92 5740//76
f 5741//76 5740//76 5739//92
f 5740//76 5741//76 5742//77
f 5743//77 5742//77 5741//76
f 5742//77 5743//77 5696//19
f 5697//19 5696//19 5743//77
f 5744//19 5745//19 5746//78
f 5747//78 5746//78 5745//19
f 5746//78 5747//78 5748//79
f 5749//79 5748//79 5747//78
f 5748//79 5749//79 5750//22
f 5751//22 5750//22 5749//79
f 5750//22 5751//22 5752//89
f 5753//89 5752//89 5751//22
f 5752//89 5753//89 5754//24
f 5755//24 5754//24 5753//89
f 5754//24 5755//24 5756//1
f 5757//1 5756//1 5755//24
f 5756//1 5757//1 5758//2
f 5759//2 5758//2 5757//1
f 5758//2 5759//2 5760//82
f 5761//82 5760//82 5759//2
f 5760//82 5761//82 5762//69
f 5763//69 5762//69 5761//82
f 5762//69 5763//69 5764//5
f 5765//5 5764//5 5763//69
f 5764//5 5765//5 5766//6
f 5767//6 5766//6 5765//5
f 5766//6 5767//6 5768//7
f 5769//7 5768//7 5767//6
f 5768//7 5769//7 5770//8
f 5771//8 5770//8 5769//7
f 5770//8 5771//8 5772//9
f 5773//9 5772//9 5771//8
f 5772//9 5773//9 5774//10
f 5775//10 5774//10 5773//9
f 5774//10 5775//10 5776//11
f 5777//11 5776//11 5775//10
f 5776//11 5777//11 5778//85
f 5779//85 5778//85 5777//11
f 5778//85 5779//85 5780//13
f 5781//13 5780//13 5779//85
f 5780//13 5781//13 5782//86
f 5783//86 5782//86 5781//13
f 5782//86 5783//86 5784//15
f 5785//15 5784//15 5783//86
f 5784//15 5785//15 5786//75
f 5787//75 5786//75 5785//15
f 5786//75 5787//75 5788//76
f 5789//76 5788//76 5787//75
f 5788//76 5789//76 5790//77
f 5791//77 5790//77 5789//76
f 5790//77 5791//77 5744//19
f 5745//19 5744//19 5791//77
f 5792//601 5793//602 5794//603
f 5795//604 5794//603 5793//602
f 5794//603 5795//604 5796//605
f 5797//605 5796//605 5795//604
f 5796//605 5797//605 5798//606
f 5799//606 5798//606 5797//605
f 5798//606 5799//606 5800//607
f 5801//608 5802//609 5803//610
f 5804//611 5803//610 5802//609
f 5803//610 5804//611 5805//612
f 5806//612 5805//612 5804//611
f 5805//612 5806//612 5792//601
f 5807//613 5792//601 5806//612
f 5792//601 5807//613 5793//602
f 5808//614 5809//615 5810//616
f 5811//616 5810//616 5809//615
f 5810//616 5811//616 5812//617
f 5813//617 5812//617 5811//616
f 5812//617 5813//617 5814//618
f 5815//619 5814//618 5813//617
f 5814//618 5815//619 5816//7
f 5817//7 5816//7 5815//619
f 5816//7 5817//7 5818//620
f 5819//621 5818//620 5817//7
f 5818//620 5819//621 5820//622
f 5821//622 5820//622 5819//621
f 5820//622 5821//622 5801//608
f 5822//608 5801//608 5821//622
f 5801//608 5822//608 5802//609
f 5823//623 5824//624 5825//625
f 5826//626 5825//625 5824//624
f 5825//625 5826//626 5827//627
f 5828//627 5827//627 5826//626
f 5827//627 5828//627 5808//614
f 5829//628 5808//614 5828//627
f 5808//614 5829//628 5809//615
f 5830//629 5831//630 5832//631
f 5833//632 5832//631 5831//630
f 5832//631 5833//632 5834//633
f 5835//633 5834//633 5833//632
f 5834//633 5835//633 5836//634
f 5837//634 5836//634 5835//633
f 5836//634 5837//634 5823//623
f 5838//635 5823//623 5837//634
f 5823//623 5838//635 5824//624
f 5799//606 5839//636 5800//607
f 5840//637 5800//607 5839//636
f 5800//607 5840//637 5841//638
f 5842//639 5841//638 5840//637
f 5841//638 5842//639 5843//640
f 5844//640 5843//640 5842//639
f 5843//640 5844//640 5845//641
f 5846//641 5845//641 5844//640
f 5845//641 5846//641 5847//642
f 5848//642 5847//642 5846//641
f 5847//642 5848//642 5849//643
f 5850//643 5849//643 5848//642
f 5849//643 5850//643 5851//644
f 5852//645 5851//644 5850//643
f 5851//644 5852//645 5853//19
f 5854//19 5853//19 5852//645
f 5853//19 5854//19 5855//646
f 5856//647 5855//646 5854//19
f 5855//646 5856//647 5857//648
f 5858//648 5857//648 5856//647
f 5857//648 5858//648 5859//649
f 5860//649 5859//649 5858//648
f 5859//649 5860//649 5861//650
f 5862//650 5861//650 5860//649
f 5861//650 5862//650 5863//651
f 5864//651 5863//651 5862//650
f 5863//651 5864//651 5830//629
f 5865//652 5830//629 5864//651
f 5830//629 5865//652 5831//630
s 0
f 5866//263 5867//263 5868//263
f 5869//263 5868//263 5867//263
s 1
f 5869//263 5867//263 5870//75
f 5871//75 5870//75 5867//263
f 5870//75 5871//75 5872//76
f 5873//76 5872//76 5871//75
f 5872//76 5873//76 5874//77
f 5875//77 5874//77 5873//76
f 5874//77 5875//77 5876//19
f 5877//19 5876//19 5875//77
f 5876//19 5877//19 5878//78
f 5879//78 5878//78 5877//19
f 5878//78 5879//78 5880//79
f 5881//79 5880//79 5879//78
f 5880//79 5881//79 5882//22
f 5883//22 5882//22 5881//79
f 5882//22 5883//22 5884//89
f 5885//89 5884//89 5883//22
f 5884//89 5885//89 5886//90
f 5887//90 5886//90 5885//89
f 5886//90 5887//90 5888//1
f 5889//1 5888//1 5887//90
f 5888//1 5889//1 5890//81
f 5891//81 5890//81 5889//1
f 5890//81 5891//81 5892//592
f 5893//592 5892//592 5891//81
s 0
f 5894//653 5892//592 5895//653
f 5893//592 5895//653 5892//592
f 5896//30 5897//30 5898//30
f 5899//30 5900//30 5901//30
f 5898//30 5902//30 5896//30
f 5903//30 5896//30 5902//30
f 5896//30 5903//30 5904//30
f 5905//30 5906//30 5907//30
f 5908//30 5907//30 5906//30
f 5907//30 5908//30 5909//30
f 5910//30 5909//30 5908//30
f 5909//30 5910//30 5901//30
f 5911//30 5901//30 5910//30
f 5901//30 5911//30 5899//30
f 5912//30 5913//30 5914//30
f 5915//30 5914//30 5913//30
f 5914//30 5915//30 5916//30
f 5917//30 5916//30 5915//30
f 5907//30 5896//30 5905//30
f 5904//30 5905//30 5896//30
f 5905//30 5904//30 5917//30
f 5918//30 5917//30 5904//30
f 5917//30 5918//30 5916//30
f 5919//30 5920//30 5901//30
f 5900//30 5921//30 5922//30
f 5923//30 5922//30 5921//30
f 5922//30 5923//30 5924//30
f 5925//30 5924//30 5923//30
f 5924//30 5925//30 5926//30
f 5927//30 5926//30 5925//30
f 5926//30 5927//30 5928//30
f 5929//30 5928//30 5927//30
f 5928//30 5929//30 5930//30
f 5931//30 5930//30 5929//30
f 5930//30 5931//30 5932//30
f 5933//30 5932//30 5931//30
f 5932//30 5933//30 5934//30
f 5935//30 5934//30 5933//30
f 5934//30 5935//30 5936//30
f 5937//30 5936//30 5935//30
f 5936//30 5937//30 5938//30
f 5939//30 5938//30 5937//30
f 5938//30 5939//30 5940//30
f 5941//30 5940//30 5939//30
f 5940//30 5941//30 5942//30
f 5943//30 5942//30 5941//30
f 5942//30 5943//30 5944//30
f 5945//30 5944//30 5943//30
f 5944//30 5945//30 5912//30
f 5946//30 5912//30 5945//30
f 5912//30 5946//30 5913//30
f 5922//30 5947//30 5900//30
f 5948//30 5900//30 5947//30
f 5900//30 5948//30 5901//30
f 5949//30 5901//30 5948//30
f 5901//30 5949//30 5919//30
f 5920//30 5950//30 5901//30
f 5951//30 5901//30 5950//30
f 5901//30 5951//30 5952//30
f 5953//654 5954//655 5955//654
f 5956//655 5955//655 5954//655
f 5957//656 5958//495 5959//656
f 5960//495 5959//656 5958//495
s 1
f 5960//495 5958//495 5961//90
f 5962//90 5961//90 5958//495
f 5961//90 5962//90 5963//1
f 5964//1 5963//1 5962//90
f 5963//1 5964//1 5965//81
f 5966//81 5965//81 5964//1
f 5965//81 5966//81 5967//82
f 5968//82 5967//82 5966//81
f 5967//82 5968//82 5969//69
f 5970//69 5969//69 5968//82
f 5969//69 5970//69 5971//5
f 5972//5 5971//5 5970//69
f 5971//5 5972//5 5973//6
f 5974//6 5973//6 5972//5
f 5973//6 5974//6 5975//7
f 5976//7 5975//7 5974//6
f 5975//7 5976//7 5977//8
f 5978//8 5977//8 5976//7
f 5977//8 5978//8 5979//9
f 5980//9 5979//9 5978//8
f 5979//9 5980//9 5981//10
f 5982//10 5981//10 5980//9
f 5981//10 5982//10 5954//655
f 5956//655 5954//655 5982//10
s 0
f 5983//30 5984//30 5985//30
f 5986//30 5987//30 5988//30
f 5989//30 5990//30 5991//30
f 5992//30 5991//30 5990//30
f 5991//30 5992//30 5993//30
f 5994//30 5993//30 5992//30
f 5993//30 5994//30 5995//30
f 5996//30 5995//30 5994//30
f 5995//30 5996//30 5997//30
f 5998//30 5997//30 5996//30
f 5997//30 5998//30 5999//30
f 6000//30 5999//30 5998//30
f 5999//30 6000//30 6001//30
f 6002//30 6001//30 6000//30
f 6001//30 6002//30 6003//30
f 6004//30 6003//30 6002//30
f 6003//30 6004//30 6005//30
f 6006//30 6005//30 6004//30
f 6005//30 6006//30 6007//30
f 6008//30 6007//30 6006//30
f 6007//30 6008//30 6009//30
f 6010//30 6009//30 6008//30
f 6009//30 6010//30 6011//30
f 6012//30 6011//30 6010//30
f 6011//30 6012//30 6013//30
f 5985//30 5984//30 6014//30
f 5986//30 5988//30 6015//30
f 6012//30 6016//30 6013//30
f 6017//30 6013//30 6016//30
f 6013//30 6017//30 6018//30
f 6019//30 6018//30 6017//30
f 6018//30 6019//30 6020//30
f 6021//30 6020//30 6019//30
f 6022//30 6023//30 6024//30
f 6024//30 6025//30 6022//30
f 6026//30 6022//30 6025//30
f 6022//30 6026//30 6027//30
f 5985//30 6022//30 5983//30
f 6027//30 5983//30 6022//30
f 5983//30 6027//30 6021//30
f 6028//30 6021//30 6027//30
f 6021//30 6028//30 6020//30
f 5984//30 6029//30 6014//30
f 6030//30 6014//30 6029//30
f 6014//30 6030//30 5988//30
f 6031//30 5988//30 6030//30
f 5988//30 6031//30 6032//30
f 6033//30 6032//30 6034//30
f 6035//30 6034//30 6032//30
f 6034//30 6035//30 5989//30
f 6036//30 5989//30 6035//30
f 5989//30 6036//30 5990//30
f 6033//30 6037//30 6032//30
f 6038//30 6032//30 6037//30
f 6032//30 6038//30 5988//30
f 6039//30 5988//30 6038//30
f 5988//30 6039//30 6015//30
f 6040//30 6041//30 6042//30
f 6043//30 6042//30 6041//30
f 6042//30 6043//30 6044//30
f 6045//30 6044//30 6043//30
f 6044//30 6045//30 6046//30
f 6047//30 6046//30 6045//30
f 6046//30 6047//30 6048//30
f 6049//30 6048//30 6047//30
f 6048//30 6049//30 6050//30
f 6051//30 6050//30 6049//30
f 6050//30 6051//30 6052//30
f 6053//30 6052//30 6051//30
f 6052//30 6053//30 6054//30
f 6055//30 6054//30 6053//30
f 6054//30 6055//30 6056//30
f 6057//30 6056//30 6055//30
f 6056//30 6057//30 6058//30
f 6059//30 6058//30 6057//30
f 6058//30 6059//30 6060//30
f 6061//30 6060//30 6059//30
f 6060//30 6061//30 6062//30
f 6063//30 6062//30 6061//30
f 6062//30 6063//30 6064//30
f 6065//30 6064//30 6063//30
f 6064//30 6065//30 6066//30
f 6067//30 6066//30 6065//30
f 6066//30 6067//30 6068//30
f 6069//30 6068//30 6067//30
f 6068//30 6069//30 6070//30
f 6071//30 6070//30 6069//30
f 6070//30 6071//30 6072//30
f 6073//30 6072//30 6071//30
f 6072//30 6073//30 6074//30
f 6075//30 6074//30 6073//30
f 6074//30 6075//30 6076//30
f 6077//30 6076//30 6075//30
f 6076//30 6077//30 6078//30
f 6079//30 6078//30 6077//30
f 6078//30 6079//30 6080//30
f 6081//30 6080//30 6079//30
f 6080//30 6081//30 6082//30
f 6083//30 6082//30 6081//30
f 6082//30 6083//30 6084//30
f 6085//30 6084//30 6083//30
f 6084//30 6085//30 6086//30
f 6087//30 6086//30 6085//30
f 6086//30 6087//30 6040//30
f 6041//30 6040//30 6087//30
s 1
f 6088//19 6089//19 6090//78
f 6091//78 6090//78 6089//19
f 6090//78 6091//78 6092//79
f 6093//79 6092//79 6091//78
f 6092//79 6093//79 6094//22
f 6095//22 6094//22 6093//79
f 6094//22 6095//22 6096//89
f 6097//89 6096//89 6095//22
f 6096//89 6097//89 6098//90
f 6099//90 6098//90 6097//89
f 6098//90 6099//90 6100//1
f 6101//1 6100//1 6099//90
f 6100//1 6101//1 6102//81
f 6103//81 6102//81 6101//1
f 6102//81 6103//81 6104//82
f 6105//82 6104//82 6103//81
f 6104//82 6105//82 6106//69
f 6107//69 6106//69 6105//82
f 6106//69 6107//69 6108//5
f 6109//5 6108//5 6107//69
f 6108//5 6109//5 6110//6
f 6111//6 6110//6 6109//5
f 6110//6 6111//6 6112//7
f 6113//7 6112//7 6111//6
f 6112//7 6113//7 6114//8
f 6115//8 6114//8 6113//7
f 6114//8 6115//8 6116//9
f 6117//9 6116//9 6115//8
f 6116//9 6117//9 6118//10
f 6119//10 6118//10 6117//9
f 6118//10 6119//10 6120//11
f 6121//11 6120//11 6119//10
f 6120//11 6121//11 6122//12
f 6123//12 6122//12 6121//11
f 6122//12 6123//12 6124//13
f 6125//13 6124//13 6123//12
f 6124//13 6125//13 6126//14
f 6127//14 6126//14 6125//13
f 6126//14 6127//14 6128//15
f 6129//15 6128//15 6127//14
f 6128//15 6129//15 6130//75
f 6131//75 6130//75 6129//15
f 6130//75 6131//75 6132//76
f 6133//76 6132//76 6131//75
f 6132//76 6133//76 6134//77
f 6135//77 6134//77 6133//76
f 6134//77 6135//77 6088//19
f 6089//19 6088//19 6135//77
f 6136//657 6137//657 6138//69
f 6139//69 6138//69 6137//657
f 6138//69 6139//69 6140//5
f 6141//5 6140//5 6139//69
f 6140//5 6141//5 6142//6
f 6143//6 6142//6 6141//5
f 6142//6 6143//6 6144//7
f 6145//7 6144//7 6143//6
f 6144//7 6145//7 6146//8
f 6147//8 6146//8 6145//7
f 6146//8 6147//8 6148//9
f 6149//9 6148//9 6147//8
f 6148//9 6149//9 6150//10
f 6151//10 6150//10 6149//9
f 6150//10 6151//10 6152//11
f 6153//11 6152//11 6151//10
f 6152//11 6153//11 6154//12
f 6155//12 6154//12 6153//11
f 6154//12 6155//12 6156//13
f 6157//13 6156//13 6155//12
f 6156//13 6157//13 6158//14
f 6159//14 6158//14 6157//13
f 6158//14 6159//14 6160//658
f 6161//658 6160//658 6159//14
s 0
f 6162//659 6137//657 6163//659
f 6136//657 6163//657 6137//657
f 6164//660 6160//658 6165//660
f 6161//658 6165//660 6160//658
f 6166//30 6167//30 6168//30
f 6169//30 6168//30 6167//30
f 6168//30 6169//30 6170//30
f 6171//30 6172//30 6173//30
f 6174//30 6175//30 6176//30
f 6177//30 6178//30 6170//30
f 6177//30 6179//30 6180//30
f 6181//30 6180//30 6179//30
f 6180//30 6181//30 6182//30
f 6183//30 6184//30 6185//30
f 6171//30 6185//30 6184//30
f 6185//30 6171//30 6186//30
f 6173//30 6186//30 6171//30
f 6174//416 6176//416 6187//416
f 6176//30 6188//30 6187//30
f 6189//30 6187//30 6188//30
f 6187//30 6189//30 6172//30
f 6169//30 6190//30 6170//30
f 6191//30 6170//30 6190//30
f 6170//30 6191//30 6177//30
f 6192//30 6177//30 6191//30
f 6177//30 6192//30 6179//30
f 6171//30 6193//30 6172//30
f 6194//30 6172//30 6193//30
f 6172//30 6194//30 6187//30
f 6195//30 6187//30 6194//30
f 6187//30 6195//30 6196//30
f 6197//30 6196//30 6195//30
f 6196//30 6197//30 6177//30
f 6198//30 6177//30 6197//30
f 6177//30 6198//30 6178//30
f 6168//30 6199//30 6166//30
f 6200//30 6166//30 6199//30
f 6166//30 6200//30 6201//30
f 6202//30 6201//30 6200//30
f 6201//30 6202//30 6203//30
f 6204//30 6203//30 6202//30
f 6203//30 6204//30 6205//30
f 6206//30 6205//30 6204//30
f 6205//30 6206//30 6207//30
f 6208//30 6207//30 6206//30
f 6207//30 6208//30 6209//30
f 6210//30 6209//30 6208//30
f 6209//30 6210//30 6211//30
f 6212//30 6211//30 6210//30
f 6211//30 6212//30 6213//30
f 6214//30 6213//30 6212//30
f 6213//30 6214//30 6215//30
f 6216//30 6215//30 6214//30
f 6215//30 6216//30 6217//30
f 6218//30 6217//30 6216//30
f 6217//30 6218//30 6219//30
f 6220//30 6219//30 6218//30
f 6219//30 6220//30 6221//30
f 6222//30 6221//30 6220//30
f 6221//30 6222//30 6183//30
f 6223//30 6183//30 6222//30
f 6183//30 6223//30 6184//30
s 1
f 6224//661 6225//661 6226//8
f 6227//8 6226//8 6225//661
f 6226//8 6227//8 6228//9
f 6229//9 6228//9 6227//8
f 6228//9 6229//9 6230//10
f 6231//10 6230//10 6229//9
f 6230//10 6231//10 6232//11
f 6233//11 6232//11 6231//10
f 6232//11 6233//11 6234//12
f 6235//12 6234//12 6233//11
f 6234//12 6235//12 6236//13
f 6237//13 6236//13 6235//12
f 6236//13 6237//13 6238//14
f 6239//14 6238//14 6237//13
f 6238//14 6239//14 6240//15
f 6241//15 6240//15 6239//14
f 6240//15 6241//15 6242//75
f 6243//75 6242//75 6241//15
f 6242//75 6243//75 6244//76
f 6245//76 6244//76 6243//75
f 6244//76 6245//76 6246//77
f 6247//77 6246//77 6245//76
f 6246//77 6247//77 6248//662
f 6249//662 6248//662 6247//77
s 0
f 6250//663 6225//661 6251//663
f 6224//661 6251//663 6225//661
f 6252//664 6248//662 6253//664
f 6249//662 6253//664 6248//662
f 6254//416 6255//416 6256//416
f 6254//30 6256//30 6257//30
f 6258//30 6259//30 6260//30
f 6261//30 6260//30 6259//30
f 6260//30 6261//30 6256//30
f 6262//30 6256//30 6261//30
f 6256//30 6262//30 6263//30
f 6264//30 6263//30 6265//30
f 6266//30 6265//30 6263//30
f 6265//30 6266//30 6267//30
f 6266//30 6268//30 6267//30
f 6269//30 6267//30 6268//30
f 6267//30 6269//30 6270//30
f 6271//30 6270//30 6269//30
f 6270//30 6271//30 6272//30
f 6273//30 6272//30 6271//30
f 6272//30 6273//30 6274//30
f 6275//30 6274//30 6273//30
f 6274//30 6275//30 6276//30
f 6277//30 6276//30 6275//30
f 6276//30 6277//30 6278//30
f 6279//30 6278//30 6277//30
f 6278//30 6279//30 6280//30
f 6281//30 6280//30 6279//30
f 6280//30 6281//30 6282//30
f 6283//30 6282//30 6281//30
f 6282//30 6283//30 6284//30
f 6285//30 6284//30 6283//30
f 6284//30 6285//30 6286//30
f 6287//30 6286//30 6285//30
f 6286//30 6287//30 6288//30
f 6289//30 6288//30 6287//30
f 6288//30 6289//30 6290//30
f 6291//30 6290//30 6289//30
f 6290//30 6291//30 6292//30
f 6293//483 6294//483 6295//483
f 6296//30 6295//30 6294//30
f 6295//30 6296//30 6297//30
f 6264//30 6298//30 6263//30
f 6299//30 6263//30 6298//30
f 6263//30 6299//30 6256//30
f 6300//30 6256//30 6299//30
f 6256//30 6300//30 6257//30
f 6291//30 6301//30 6292//30
f 6302//30 6292//30 6301//30
f 6292//30 6302//30 6303//30
f 6294//30 6303//30 6302//30
f 6303//30 6294//30 6304//30
f 6293//30 6304//30 6294//30
f 6305//30 6306//30 6307//30
f 6308//30 6307//30 6306//30
f 6307//30 6308//30 6309//30
f 6309//30 6295//30 6307//30
f 6297//30 6307//30 6295//30
f 6307//30 6297//30 6258//30
f 6310//30 6258//30 6297//30
f 6258//30 6310//30 6259//30
s 1
f 6311//665 6312//665 6313//12
f 6314//12 6313//12 6312//665
f 6313//12 6314//12 6315//13
f 6316//13 6315//13 6314//12
f 6315//13 6316//13 6317//14
f 6318//14 6317//14 6316//13
f 6317//14 6318//14 6319//15
f 6320//15 6319//15 6318//14
f 6319//15 6320//15 6321//75
f 6322//75 6321//75 6320//15
f 6321//75 6322//75 6323//76
f 6324//76 6323//76 6322//75
f 6323//76 6324//76 6325//77
f 6326//77 6325//77 6324//76
f 6325//77 6326//77 6327//19
f 6328//19 6327//19 6326//77
f 6327//19 6328//19 6329//78
f 6330//78 6329//78 6328//19
f 6329//78 6330//78 6331//79
f 6332//79 6331//79 6330//78
f 6331//79 6332//79 6333//22
f 6334//22 6333//22 6332//79
f 6333//22 6334//22 6335//270
f 6336//270 6335//270 6334//22
s 0
f 6337//666 6312//665 6338//666
f 6311//665 6338//666 6312//665
f 6339//270 6335//270 6340//270
f 6336//270 6340//270 6335//270
f 6341//30 6342//30 6343//30
f 6344//30 6343//30 6342//30
f 6343//30 6344//30 6345//30
f 6343//30 6346//30 6341//30
f 6347//30 6341//30 6346//30
f 6341//30 6347//30 6348//30
f 6349//30 6348//30 6347//30
f 6348//30 6349//30 6350//30
f 6351//30 6350//30 6349//30
f 6350//30 6351//30 6352//30
f 6353//30 6352//30 6351//30
f 6352//30 6353//30 6354//30
f 6355//30 6354//30 6353//30
f 6354//30 6355//30 6356//30
f 6357//30 6356//30 6355//30
f 6356//30 6357//30 6358//30
f 6359//30 6358//30 6357//30
f 6358//30 6359//30 6360//30
f 6361//30 6360//30 6359//30
f 6360//30 6361//30 6362//30
f 6363//30 6362//30 6361//30
f 6362//30 6363//30 6364//30
f 6365//30 6364//30 6363//30
f 6364//30 6365//30 6366//30
f 6367//30 6366//30 6365//30
f 6366//30 6367//30 6368//30
f 6369//30 6368//30 6367//30
f 6368//30 6369//30 6370//30
f 6371//30 6372//30 6345//30
f 6371//30 6373//30 6374//30
f 6375//30 6374//30 6373//30
f 6374//30 6375//30 6376//30
f 6344//30 6377//30 6345//30
f 6378//30 6345//30 6377//30
f 6345//30 6378//30 6371//30
f 6379//30 6371//30 6378//30
f 6371//30 6379//30 6373//30
f 6380//30 6381//30 6382//30
f 6383//30 6384//30 6385//30
f 6369//30 6386//30 6370//30
f 6387//30 6370//30 6386//30
f 6370//30 6387//30 6388//30
f 6380//30 6388//30 6387//30
f 6388//30 6380//30 6389//30
f 6382//30 6389//30 6380//30
f 6390//30 6391//30 6381//30
f 6383//30 6385//30 6390//30
f 6392//30 6390//30 6385//30
f 6390//30 6392//30 6391//30
f 6380//30 6393//30 6381//30
f 6394//30 6381//30 6393//30
f 6381//30 6394//30 6390//30
f 6395//30 6390//30 6394//30
f 6390//30 6395//30 6396//30
f 6397//30 6396//30 6395//30
f 6396//30 6397//30 6371//30
f 6398//30 6371//30 6397//30
f 6371//30 6398//30 6372//30
s 1
f 5403//543 5449//580 6399//667
f 5403//543 6399//667 6400//667
f 6401//668 6400//667 6399//667
f 6400//667 6401//668 6402//668
f 6403//669 6402//668 6401//668
f 6402//668 6403//669 6404//669
f 6405//670 6404//669 6403//669
f 6404//669 6405//670 6406//670
f 6407//671 6406//670 6405//670
f 6406//670 6407//671 6408//671
f 6409//672 6408//671 6407//671
f 6408//671 6409//672 6410//672
f 6250//661 6410//672 6409//672
f 6410//672 6250//661 6251//661
f 6252//662 6253//662 6411//369
f 6252//662 6411//369 6412//369
f 6413//673 6412//369 6411//369
f 6412//369 6413//673 6414//673
f 6415//674 6414//673 6413//673
f 6414//673 6415//674 6416//674
f 6417//675 6416//674 6415//674
f 6416//674 6417//675 6418//675
f 6419//676 6418//675 6417//675
f 6418//675 6419//676 6420//676
f 6421//677 6420//676 6419//676
f 6420//676 6421//677 6422//677
f 5391//533 6422//677 6421//677
f 6422//677 5391//533 5392//534
f 6339//678 6340//678 6423//80
f 6339//678 6423//80 6424//80
f 6425//679 6424//80 6423//80
f 6424//80 6425//679 6426//679
f 6427//680 6426//679 6425//679
f 6426//679 6427//680 6428//680
f 6429//681 6428//680 6427//680
f 6428//680 6429//681 6430//681
f 6431//682 6430//681 6429//681
f 6430//681 6431//682 6432//682
f 6433//683 6432//682 6431//682
f 6432//682 6433//683 6434//683
f 5354//501 6434//683 6433//683
f 6434//683 5354//501 5353//500
f 5415//552 5417//554 6435//684
f 5415//552 6435//684 6436//684
f 6437//685 6436//684 6435//684
f 6436//684 6437//685 6438//685
f 6439//686 6438//685 6437//685
f 6438//685 6439//686 6440//686
f 6441//687 6440//686 6439//686
f 6440//686 6441//687 6442//687
f 6443//688 6442//687 6441//687
f 6442//687 6443//688 6444//688
f 6445//689 6444//688 6443//688
f 6444//688 6445//689 6446//689
f 6337//666 6446//689 6445//689
f 6446//689 6337//666 6338//666
f 5894//653 5895//653 6447//690
f 5894//653 6447//690 6448//690
f 6449//691 6448//690 6447//690
f 6448//690 6449//691 6450//691
f 6451//692 6450//691 6449//691
f 6450//691 6451//692 6452//692
f 6453//693 6452//692 6451//692
f 6452//692 6453//693 6454//693
f 6455//694 6454//693 6453//693
f 6454//693 6455//694 6456//694
f 6457//695 6456//694 6455//694
f 6456//694 6457//695 6458//695
f 5418//555 6458//695 6457//695
f 6458//695 5418//555 5419//556
f 5429//564 5431//566 6459//696
f 5429//564 6459//696 6460//696
f 6461//697 6460//696 6459//696
f 6460//696 6461//697 6462//697
f 6463//698 6462//697 6461//697
f 6462//697 6463//698 6464//698
f 6465//699 6464//698 6463//698
f 6464//698 6465//699 6466//699
f 6467//700 6466//699 6465//699
f 6466//699 6467//700 6468//700
f 6469//92 6468//700 6467//700
f 6468//700 6469//92 6470//92
f 5866//701 6470//92 6469//92
f 6470//92 5866//701 5868//701
f 5388//530 5390//532 6471//702
f 5388//530 6471//702 6472//703
f 6473//704 6472//703 6471//702
f 6472//703 6473//704 6474//704
f 6475//705 6474//704 6473//704
f 6474//704 6475//705 6476//705
f 6477//706 6476//705 6475//705
f 6476//705 6477//706 6478//706
f 6479//707 6478//706 6477//706
f 6478//706 6479//707 6480//707
f 6481//4 6480//707 6479//707
f 6480//707 6481//4 6482//4
f 6162//659 6482//4 6481//4
f 6482//4 6162//659 6163//659
f 6164//660 6165//660 6483//708
f 6164//660 6483//708 6484//708
f 6485//709 6484//708 6483//708
f 6484//708 6485//709 6486//709
f 6487//710 6486//709 6485//709
f 6486//709 6487//710 6488//710
f 6489//711 6488//710 6487//710
f 6488//710 6489//711 6490//711
f 6491//712 6490//711 6489//711
f 6490//711 6491//712 6492//712
f 6493//713 6492//712 6491//712
f 6492//712 6493//713 6494//713
f 5379//523 6494//713 6493//713
f 6494//713 5379//523 5380//524
f 5376//520 5378//522 6495//714
f 5376//520 6495//714 6496//714
f 6497//715 6496//714 6495//714
f 6496//714 6497//715 6498//715
f 6499//716 6498//715 6497//715
f 6498//715 6499//716 6500//716
f 6501//717 6500//716 6499//716
f 6500//716 6501//717 6502//717
f 6503//718 6502//717 6501//717
f 6502//717 6503//718 6504//718
f 6505//719 6504//718 6503//718
f 6504//718 6505//719 6506//719
f 5957//656 6506//719 6505//719
f 6506//719 5957//656 5959//656
f 5953//654 5955//654 6507//83
f 5953//654 6507//83 6508//83
f 6509//720 6508//83 6507//83
f 6508//83 6509//720 6510//720
f 6511//721 6510//720 6509//720
f 6510//720 6511//721 6512//721
f 6513//722 6512//721 6511//721
f 6512//721 6513//722 6514//722
f 6515//723 6514//722 6513//722
f 6514//722 6515//723 6516//723
f 6517//724 6516//723 6515//723
f 6516//723 6517//724 6518//725
f 5366//512 6518//725 6517//724
f 6518//725 5366//512 5365//511
f 5471//593 5470//593 6519//726
f 6520//726 6519//726 5470//593
f 6519//726 6520//726 6521//727
f 6522//727 6521//727 6520//726
f 6521//727 6522//727 6523//728
f 6524//728 6523//728 6522//727
f 6523//728 6524//728 6525//729
f 6526//730 6525//729 6524//728
f 5348//495 5347//495 6526//730
f 6527//730 6526//730 5347//495
f 6526//730 6527//730 6525//729
f 5466//592 5465//592 6528//731
f 6529//731 6528//731 5465//592
f 6528//731 6529//731 6530//732
f 6531//732 6530//732 6529//731
f 6530//732 6531//732 6532//733
f 6533//733 6532//733 6531//732
f 6532//733 6533//733 6534//734
f 6535//734 6534//734 6533//733
f 6534//734 6535//734 5337//484
f 5335//485 5337//484 6535//734
f 6536//19 6537//19 6538//78
f 6539//78 6538//78 6537//19
f 6538//78 6539//78 6540//79
f 6541//79 6540//79 6539//78
f 6540//79 6541//79 6542//22
f 6543//22 6542//22 6541//79
f 6542//22 6543//22 6544//89
f 6545//89 6544//89 6543//22
f 6544//89 6545//89 6546//90
f 6547//90 6546//90 6545//89
f 6546//90 6547//90 6548//1
f 6549//1 6548//1 6547//90
f 6548//1 6549//1 6550//81
f 6551//81 6550//81 6549//1
f 6550//81 6551//81 6552//82
f 6553//82 6552//82 6551//81
f 6552//82 6553//82 6554//69
f 6555//69 6554//69 6553//82
f 6554//69 6555//69 6556//5
f 6557//5 6556//5 6555//69
f 6556//5 6557//5 6558//6
f 6559//6 6558//6 6557//5
f 6558//6 6559//6 6560//7
f 6561//7 6560//7 6559//6
f 6560//7 6561//7 6562//8
f 6563//8 6562//8 6561//7
f 6562//8 6563//8 6564//9
f 6565//9 6564//9 6563//8
f 6564//9 6565//9 6566//10
f 6567//10 6566//10 6565//9
f 6566//10 6567//10 6568//11
f 6569//11 6568//11 6567//10
f 6568//11 6569//11 6570//12
f 6571//12 6570//12 6569//11
f 6570//12 6571//12 6572//13
f 6573//13 6572//13 6571//12
f 6572//13 6573//13 6574//14
f 6575//14 6574//14 6573//13
f 6574//14 6575//14 6576//15
f 6577//15 6576//15 6575//14
f 6576//15 6577//15 6578//75
f 6579//75 6578//75 6577//15
f 6578//75 6579//75 6580//76
f 6581//76 6580//76 6579//75
f 6580//76 6581//76 6582//77
f 6583//77 6582//77 6581//76
f 6582//77 6583//77 6536//19
f 6537//19 6536//19 6583//77
s 0
f 6584//30 6585//30 6586//30
f 6587//30 6586//30 6585//30
f 6586//30 6587//30 6588//30
f 6589//30 6588//30 6587//30
f 6588//30 6589//30 6590//30
f 6591//30 6590//30 6589//30
f 6590//30 6591//30 6592//30
f 6593//30 6592//30 6591//30
f 6592//30 6593//30 6594//30
f 6595//30 6594//30 6593//30
f 6594//30 6595//30 6596//30
f 6597//30 6596//30 6595//30
f 6596//30 6597//30 6598//30
f 6599//30 6598//30 6597//30
f 6598//30 6599//30 6600//30
f 6601//30 6600//30 6599//30
f 6600//30 6601//30 6602//30
f 6603//30 6602//30 6601//30
f 6602//30 6603//30 6604//30
f 6605//30 6604//30 6603//30
f 6604//30 6605//30 6606//30
f 6607//30 6606//30 6605//30
f 6606//30 6607//30 6608//30
f 6609//30 6608//30 6607//30
f 6608//30 6609//30 6610//30
f 6611//30 6610//30 6609//30
f 6610//30 6611//30 6612//30
f 6613//30 6612//30 6611//30
f 6612//30 6613//30 6614//30
f 6615//30 6614//30 6613//30
f 6614//30 6615//30 6616//30
f 6617//30 6616//30 6615//30
f 6616//30 6617//30 6618//30
f 6619//30 6618//30 6617//30
f 6618//30 6619//30 6620//30
f 6621//30 6620//30 6619//30
f 6620//30 6621//30 6622//30
f 6623//30 6622//30 6621//30
f 6622//30 6623//30 6624//30
f 6625//30 6624//30 6623//30
f 6624//30 6625//30 6626//30
f 6627//30 6626//30 6625//30
f 6626//30 6627//30 6628//30
f 6629//30 6628//30 6627//30
f 6628//30 6629//30 6630//30
f 6631//30 6630//30 6629//30
f 6630//30 6631//30 6584//30
f 6585//30 6584//30 6631//30
s 1
f 6632//19 6633//19 6634//78
f 6635//78 6634//78 6633//19
f 6634//78 6635//78 6636//79
f 6637//79 6636//79 6635//78
f 6636//79 6637//79 6638//22
f 6639//22 6638//22 6637//79
f 6638//22 6639//22 6640//89
f 6641//89 6640//89 6639//22
f 6640//89 6641//89 6642//90
f 6643//90 6642//90 6641//89
f 6642//90 6643//90 6644//1
f 6645//1 6644//1 6643//90
f 6644//1 6645//1 6646//81
f 6647//81 6646//81 6645//1
f 6646//81 6647//81 6648//82
f 6649//82 6648//82 6647//81
f 6648//82 6649//82 6650//69
f 6651//69 6650//69 6649//82
f 6650//69 6651//69 6652//5
f 6653//5 6652//5 6651//69
f 6652//5 6653//5 6654//6
f 6655//6 6654//6 6653//5
f 6654//6 6655//6 6656//7
f 6657//7 6656//7 6655//6
f 6656//7 6657//7 6658//8
f 6659//8 6658//8 6657//7
f 6658//8 6659//8 6660//9
f 6661//9 6660//9 6659//8
f 6660//9 6661//9 6662//10
f 6663//10 6662//10 6661//9
f 6662//10 6663//10 6664//11
f 6665//11 6664//11 6663//10
f 6664//11 6665//11 6666//12
f 6667//12 6666//12 6665//11
f 6666//12 6667//12 6668//13
f 6669//13 6668//13 6667//12
f 6668//13 6669//13 6670//14
f 6671//14 6670//14 6669//13
f 6670//14 6671//14 6672//15
f 6673//15 6672//15 6671//14
f 6672//15 6673//15 6674//75
f 6675//75 6674//75 6673//15
f 6674//75 6675//75 6676//76
f 6677//76 6676//76 6675//75
f 6676//76 6677//76 6678//77
f 6679//77 6678//77 6677//76
f 6678//77 6679//77 6632//19
f 6633//19 6632//19 6679//77
s 0
f 6680//25 6681//25 6682//25
f 6683//25 6682//25 6681//25
f 6682//25 6683//25 6684//25
f 6685//25 6684//25 6683//25
f 6684//25 6685//25 6686//25
f 6687//25 6686//25 6685//25
f 6686//25 6687//25 6688//25
f 6689//25 6688//25 6687//25
f 6688//25 6689//25 6690//25
f 6691//25 6690//25 6689//25
f 6690//25 6691//25 6692//25
f 6693//25 6692//25 6691//25
f 6692//25 6693//25 6694//25
f 6695//25 6694//25 6693//25
f 6694//25 6695//25 6696//25
f 6697//25 6696//25 6695//25
f 6696//25 6697//25 6698//25
f 6699//25 6698//25 6697//25
f 6698//25 6699//25 6700//25
f 6701//25 6700//25 6699//25
f 6700//25 6701//25 6702//25
f 6703//25 6702//25 6701//25
f 6702//25 6703//25 6704//25
f 6705//25 6704//25 6703//25
f 6704//25 6705//25 6706//25
f 6707//25 6706//25 6705//25
f 6706//25 6707//25 6708//25
f 6709//25 6708//25 6707//25
f 6708//25 6709//25 6710//25
f 6711//25 6710//25 6709//25
f 6710//25 6711//25 6712//25
f 6713//25 6712//25 6711//25
f 6712//25 6713//25 6714//25
f 6715//25 6714//25 6713//25
f 6714//25 6715//25 6716//25
f 6717//25 6716//25 6715//25
f 6716//25 6717//25 6718//25
f 6719//25 6718//25 6717//25
f 6718//25 6719//25 6720//25
f 6721//25 6720//25 6719//25
f 6720//25 6721//25 6722//25
f 6723//25 6722//25 6721//25
f 6722//25 6723//25 6724//25
f 6725//25 6724//25 6723//25
f 6724//25 6725//25 6726//25
f 6727//25 6726//25 6725//25
f 6726//25 6727//25 6680//25
f 6681//25 6680//25 6727//25
s 1
f 6728//69 6729//82 6730//82
f 6731//81 6730//82 6729//82
f 6730//82 6731//81 6732//81
f 6733//1 6732//81 6731//81
f 6732//81 6733//1 6734//1
f 6735//90 6734//1 6733//1
f 6734//1 6735//90 6736//90
f 6737//89 6736//90 6735//90
f 6736//90 6737//89 6738//89
f 6739//22 6738//89 6737//89
f 6738//89 6739//22 6740//22
f 6741//735 6740//22 6739//22
f 6740//22 6741//735 6742//79
f 6741//735 6743//79 6742//79
f 6744//78 6742//79 6743//79
f 6742//79 6744//78 6745//78
f 6746//19 6745//78 6744//78
f 6745//78 6746//19 6747//19
f 6748//77 6747//19 6746//19
f 6747//19 6748//77 6749//77
f 6750//76 6749//77 6748//77
f 6749//77 6750//76 6751//76
f 6752//736 6751//76 6750//76
f 6751//76 6752//736 6753//75
f 6752//736 6754//75 6753//75
f 6755//15 6753//75 6754//75
f 6753//75 6755//15 6756//15
f 6757//14 6756//15 6755//15
f 6756//15 6757//14 6758//14
f 6759//13 6758//14 6757//14
f 6758//14 6759//13 6760//13
f 6761//12 6760//13 6759//13
f 6760//13 6761//12 6762//12
f 6763//11 6762//12 6761//12
f 6762//12 6763//11 6764//11
f 6765//10 6764//11 6763//11
f 6764//11 6765//10 6766//10
f 6767//737 6766//10 6765//10
f 6766//10 6767//737 6768//9
f 6767//737 6769//9 6768//9
f 6770//8 6768//9 6769//9
f 6768//9 6770//8 6771//8
f 6772//7 6771//8 6770//8
f 6771//8 6772//7 6773//7
f 6774//6 6773//7 6772//7
f 6773//7 6774//6 6775//6
f 6776//5 6775//6 6774//6
f 6775//6 6776//5 6777//5
f 6778//738 6777//5 6776//5
f 6777//5 6778//738 6728//69
f 6779//69 6728//69 6778//738
f 6728//69 6779//69 6729//82
